# Optimized FL_calf.obj
v -0.04147 -0.01450 -0.03619
v -0.04147 0.00250 -0.03619
v -0.04011 0.00250 -0.03519
v -0.04011 -0.01450 -0.03519
v -0.03928 0.00250 -0.03372
v -0.03928 -0.01450 -0.03372
v -0.03913 0.00250 -0.03205
v -0.03913 -0.01450 -0.03205
v -0.03968 0.00250 -0.03045
v -0.03968 -0.01450 -0.03045
v -0.04084 0.00250 -0.02923
v -0.04084 -0.01450 -0.02923
v -0.04267 0.00250 -0.02856
v -0.04267 -0.01450 -0.02856
v -0.04459 0.00250 -0.02883
v -0.04459 -0.01450 -0.02883
v -0.04617 0.00250 -0.02997
v -0.04617 -0.01450 -0.02997
v -0.05208 -0.01450 0.01782
v -0.05198 -0.01450 0.01775
v -0.05677 -0.01450 0.00515
v -0.05657 -0.01450 -0.00700
v -0.05002 -0.01450 0.01707
v -0.05380 -0.01450 -0.01882
v 0.03221 -0.01450 0.05313
v 0.03299 -0.01450 0.05321
v 0.01830 -0.01450 0.02685
v 0.02419 -0.01450 0.02170
v -0.00504 -0.01450 0.04992
v 0.02053 -0.01450 0.05411
v -0.04612 -0.01450 0.02279
v -0.05343 -0.01450 0.01803
v -0.05273 -0.01450 0.01809
v -0.05403 -0.01450 0.01766
v -0.05439 -0.01450 0.01706
v -0.04743 -0.01450 -0.03050
v -0.04810 -0.01450 -0.03029
v -0.04673 -0.01450 -0.03039
v -0.04859 -0.01450 -0.02979
v -0.04799 -0.01450 0.01745
v 0.01434 -0.01450 0.05531
v 0.01545 -0.01450 0.05509
v -0.00266 -0.01450 0.05311
v -0.00342 -0.01450 0.05120
v -0.00286 -0.01450 0.05648
v -0.00244 -0.01450 0.05695
v -0.00306 -0.01450 0.05575
v 0.00929 -0.01450 0.05624
v 0.00911 -0.01450 0.03120
v -0.00097 -0.01450 0.03249
v -0.01097 -0.01450 0.03059
v -0.01988 -0.01450 0.02571
v -0.04574 -0.01450 0.02076
v -0.02685 -0.01450 0.01830
v -0.04642 -0.01450 0.01880
v -0.03120 -0.01450 0.00911
v -0.04747 -0.01450 0.02436
v -0.04320 -0.01450 0.03719
v -0.04904 -0.01450 0.02500
v -0.05010 -0.01450 0.02719
v -0.00294 -0.01450 0.05515
v -0.00940 -0.01450 -0.05622
v -0.02223 -0.01450 -0.05249
v -0.03383 -0.01450 -0.04588
v 0.01874 -0.01450 -0.02655
v 0.00888 -0.01450 -0.05029
v 0.00996 -0.01450 -0.03094
v 0.00701 -0.01450 -0.04961
v 0.00026 -0.01450 -0.03250
v 0.00504 -0.01450 -0.04992
v -0.00945 -0.01450 -0.03109
v 0.00346 -0.01450 -0.05115
v -0.01830 -0.01450 -0.02685
v -0.02571 -0.01450 -0.01988
v -0.03059 -0.01450 -0.01097
v -0.03248 -0.01450 -0.00097
v 0.00287 -0.01450 -0.05497
v 0.00295 -0.01450 -0.05566
v 0.00270 -0.01450 -0.05632
v 0.02682 -0.01450 0.02073
v 0.02539 -0.01450 0.02089
v 0.02817 -0.01450 0.02126
v 0.08154 -0.01450 0.05921
v 0.02189 -0.01450 0.05387
v 0.02563 -0.01450 0.05333
v 0.02771 -0.01450 0.05313
v -0.02393 -0.01450 0.05174
v -0.01061 -0.01450 0.05401
v -0.03434 -0.01450 0.04549
v -0.01029 -0.01450 0.05197
v -0.00900 -0.01450 0.05037
v -0.00708 -0.01450 0.04962
v 0.01172 -0.01450 -0.05562
v 0.01110 -0.01450 -0.05528
v 0.01243 -0.01450 -0.05563
v 0.01070 -0.01450 -0.05471
v 0.01061 -0.01450 -0.05401
v 0.00990 -0.01450 -0.05129
v 0.04356 -0.01450 -0.03677
v 0.01050 -0.01450 -0.05258
v 0.03464 -0.01450 -0.04527
v 0.02409 -0.01450 -0.05166
v 0.02581 -0.01450 -0.01975
v 0.05487 -0.01450 -0.01543
v 0.05044 -0.01450 -0.02654
v 0.00268 -0.01450 -0.05298
v 0.00150 -0.01450 -0.05698
v 0.00218 -0.01450 -0.05680
v -0.01110 -0.01450 0.05529
v -0.01070 -0.01450 0.05471
v -0.01172 -0.01450 0.05562
v -0.01242 -0.01450 0.05563
v -0.04233 -0.01450 -0.03726
v -0.04203 -0.01450 -0.03662
v -0.04231 -0.01450 -0.03796
v -0.04196 -0.01450 -0.03857
v 0.03526 -0.01450 0.00134
v 0.07572 -0.01450 0.00402
v 0.06041 -0.01450 -0.00622
v 0.03053 -0.01450 -0.01114
v 0.03247 -0.01450 -0.00152
v 0.05634 -0.01450 -0.01145
v -0.04968 -0.01450 0.02528
v -0.05013 -0.01450 0.02582
v -0.05028 -0.01450 0.02651
v 0.06013 -0.01450 -0.00642
v 0.05828 -0.01450 -0.00825
v 0.03389 -0.01450 0.00090
v 0.03288 -0.01450 -0.00013
v 0.02114 -0.01450 0.05400
v 0.03247 -0.00950 -0.00152
v 0.03053 -0.00950 -0.01114
v 0.02581 -0.00950 -0.01975
v 0.01874 -0.00950 -0.02655
v 0.00996 -0.00950 -0.03094
v 0.00026 -0.00950 -0.03250
v -0.00945 -0.00950 -0.03109
v -0.01830 -0.00950 -0.02685
v -0.02571 -0.00950 -0.01988
v -0.03059 -0.00950 -0.01097
v -0.03248 -0.00950 -0.00097
v -0.03120 -0.00950 0.00911
v -0.02685 -0.00950 0.01830
v -0.01988 -0.00950 0.02571
v -0.01097 -0.00950 0.03059
v -0.00097 -0.00950 0.03249
v 0.00911 -0.00950 0.03120
v 0.01830 -0.00950 0.02685
v 0.02817 -0.00950 0.02126
v 0.08888 -0.00950 0.06444
v 0.08950 -0.00950 0.06336
v 0.03513 -0.00950 0.00333
v 0.08392 -0.00950 0.00657
v 0.08386 -0.00950 0.00557
v 0.01969 -0.00950 -0.01920
v 0.03288 -0.00950 -0.00013
v 0.02507 -0.00950 -0.01131
v 0.01193 -0.00950 -0.02478
v 0.00274 -0.00950 -0.02736
v -0.00678 -0.00950 -0.02665
v -0.01549 -0.00950 -0.02272
v -0.02233 -0.00950 -0.01605
v -0.02647 -0.00950 -0.00745
v -0.02742 -0.00950 0.00205
v -0.02507 -0.00950 0.01131
v 0.09004 -0.00950 0.06281
v 0.02933 -0.00950 0.01963
v 0.02682 -0.00950 0.02073
v 0.02839 -0.00950 0.01853
v 0.02807 -0.00950 0.01713
v 0.03389 -0.00950 0.00090
v 0.03371 -0.00950 0.00359
v 0.03526 -0.00950 0.00134
v 0.08405 -0.00950 0.00457
v -0.01969 -0.00950 0.01920
v -0.01193 -0.00950 0.02478
v -0.00274 -0.00950 0.02736
v 0.00678 -0.00950 0.02665
v 0.01549 -0.00950 0.02272
v 0.02233 -0.00950 0.01606
v 0.02419 -0.00950 0.02170
v 0.02539 -0.00950 0.02089
v 0.02647 -0.00950 0.00745
v 0.02742 -0.00950 -0.00205
v 0.02844 -0.00950 0.01573
v 0.03257 -0.00950 0.00447
v 0.03198 -0.00950 0.00579
v 0.08962 -0.01125 0.00941
v 0.09010 -0.01075 0.00913
v 0.09010 0.00250 0.00913
v 0.08915 -0.01168 0.00961
v 0.08915 -0.00950 0.00961
v 0.08893 -0.00950 0.00968
v 0.08893 0.00250 0.00968
v 0.08716 -0.00950 0.00977
v 0.08704 0.00250 0.00974
v 0.08716 -0.01292 0.00977
v 0.08704 -0.01296 0.00974
v 0.08650 -0.01314 0.00959
v 0.08533 0.00250 0.00894
v 0.08544 -0.01326 0.00902
v 0.08452 -0.01295 0.00805
v 0.08418 0.00250 0.00743
v 0.08417 -0.01261 0.00741
v 0.08419 -0.00993 0.00420
v 0.08405 -0.01033 0.00457
v 0.08392 -0.01206 0.00657
v 0.08386 0.00250 0.00557
v 0.08442 0.00250 0.00377
v 0.08526 0.00250 0.00278
v 0.08526 -0.00817 0.00278
v 0.09165 -0.00817 0.00706
v 0.09125 -0.00912 0.00794
v 0.11554 -0.00626 0.02074
v 0.11095 -0.01450 0.02759
v 0.09258 -0.00686 0.00611
v 0.09220 -0.00724 0.00631
v 0.09391 -0.00626 0.00627
v 0.09196 -0.00755 0.00652
v 0.08944 -0.01450 0.01320
v 0.09348 -0.00632 0.00607
v 0.09333 -0.00638 0.00604
v 0.09288 -0.00663 0.00604
v 0.09011 -0.00950 0.02172
v 0.09011 -0.01450 0.02172
v 0.13530 -0.00950 0.05163
v 0.13891 -0.00950 0.04914
v 0.13838 -0.00950 0.04793
v 0.09625 -0.00950 0.06419
v 0.09655 -0.00950 0.06512
v 0.12762 -0.00950 0.05049
v 0.13723 -0.00950 0.04375
v 0.13900 -0.00950 0.04544
v 0.14004 -0.00950 0.04464
v 0.12856 -0.00950 0.05022
v 0.12622 -0.00950 0.04822
v 0.12982 -0.00950 0.05035
v 0.13458 -0.00950 0.05232
v 0.13189 -0.00950 0.05297
v 0.13329 -0.00950 0.07065
v 0.13531 -0.00950 0.07090
v 0.13152 -0.00950 0.02948
v 0.13001 -0.00950 0.02935
v 0.13085 -0.00950 0.03990
v 0.09095 -0.00950 0.03021
v 0.09145 -0.00950 0.02918
v 0.13841 -0.00950 0.04662
v 0.13092 -0.00950 0.05099
v 0.13165 -0.00950 0.05202
v 0.13409 -0.00950 0.05335
v 0.13400 -0.00950 0.05434
v 0.13296 -0.00950 0.04127
v 0.13073 -0.00950 0.04098
v 0.13004 -0.00950 0.04219
v 0.13629 -0.00950 0.04402
v 0.12652 -0.00950 0.04673
v 0.13503 -0.00950 0.04389
v 0.13393 -0.00950 0.04325
v 0.12606 -0.00950 0.04528
v 0.19122 -0.00950 0.02054
v 0.19047 -0.00950 0.01918
v 0.18931 -0.00950 0.01922
v 0.19042 -0.00950 0.01900
v 0.13629 -0.00950 0.05119
v 0.13738 -0.00950 0.05113
v 0.13990 -0.00950 0.05000
v 0.13841 -0.00950 0.05147
v 0.18845 -0.00950 0.07604
v 0.18642 -0.00950 0.07722
v 0.18793 -0.00950 0.07741
v 0.13203 -0.00950 0.02951
v 0.09131 -0.00950 0.06208
v 0.09311 -0.00950 0.06190
v 0.09217 -0.00950 0.02849
v 0.09316 -0.00950 0.02805
v 0.09169 -0.00950 0.02413
v 0.09569 -0.00950 0.06331
v 0.12481 -0.00950 0.04960
v 0.12522 -0.00950 0.04937
v 0.12955 -0.00950 0.04261
v 0.13320 -0.00950 0.04222
v 0.12886 -0.00950 0.04296
v 0.12747 -0.00950 0.04311
v 0.12495 -0.00950 0.04424
v 0.12644 -0.00950 0.04277
v 0.09528 -0.00950 0.02833
v 0.09424 -0.00950 0.02799
v 0.09087 -0.00950 0.03120
v 0.09331 -0.00950 0.06193
v 0.09093 -0.00950 0.02356
v 0.09033 -0.00950 0.02264
v 0.13041 -0.01450 0.03441
v 0.13085 -0.01450 0.03990
v 0.13020 -0.01192 0.03179
v 0.12062 -0.01450 0.03236
v 0.12644 -0.01450 0.04277
v 0.12747 -0.01450 0.04311
v 0.12886 -0.01450 0.04296
v 0.09033 -0.01450 0.02264
v 0.13073 -0.01450 0.04098
v 0.13004 -0.01450 0.04219
v 0.12955 -0.01450 0.04261
v 0.09169 -0.01450 0.02413
v 0.09093 -0.01450 0.02356
v 0.13223 -0.01200 0.03202
v 0.13243 -0.01450 0.03453
v 0.14194 -0.01450 0.03376
v 0.14033 -0.00626 0.02567
v 0.13173 -0.00626 0.02624
v 0.12327 -0.00626 0.02456
v 0.14033 0.00250 0.02567
v 0.13173 0.00250 0.02624
v 0.12327 0.00250 0.02456
v 0.11554 0.00250 0.02074
v 0.09391 0.00250 0.00627
v 0.09334 0.00250 0.00604
v 0.09259 0.00250 0.00610
v 0.09196 0.00250 0.00652
v 0.09165 0.00250 0.00706
v -0.02223 0.00250 -0.05249
v -0.02418 0.00250 -0.05178
v -0.03383 0.00250 -0.04588
v 0.13192 0.00250 0.02325
v 0.12424 0.00250 0.02172
v -0.05343 0.00250 0.01803
v -0.05403 0.00250 0.01766
v -0.05121 0.00250 0.02034
v 0.24004 0.00250 0.09014
v 0.24041 0.00250 0.08717
v 0.23459 0.00250 0.08598
v 0.22461 0.00250 0.08170
v 0.21611 0.00250 0.07494
v 0.21524 0.00250 0.07832
v 0.21036 0.00250 0.07279
v 0.22120 0.00250 0.08402
v 0.22093 0.00250 0.08442
v 0.22008 0.00250 0.08767
v 0.22050 0.00250 0.08464
v 0.22015 0.00250 0.08466
v 0.22083 0.00250 0.08284
v 0.22108 0.00250 0.08309
v 0.22126 0.00250 0.08354
v 0.21339 0.00250 0.07183
v 0.21312 0.00250 0.07158
v 0.21278 0.00250 0.07146
v 0.21031 0.00250 0.07167
v 0.21017 0.00250 0.07208
v 0.21061 0.00250 0.07136
v 0.21021 0.00250 0.07251
v 0.21101 0.00250 0.07121
v 0.21133 0.00250 0.07121
v 0.18686 0.00250 0.08041
v 0.18624 0.00250 0.08047
v 0.16648 0.00250 0.08105
v 0.19674 0.00250 0.08177
v 0.18750 0.00250 0.08002
v 0.18787 0.00250 0.07937
v 0.19031 0.00250 0.07871
v 0.19616 0.00250 0.08157
v 0.19563 0.00250 0.08103
v 0.19543 0.00250 0.08030
v 0.19279 0.00250 0.07950
v 0.19319 0.00250 0.07912
v 0.19555 0.00250 0.07969
v 0.19349 0.00250 0.07837
v 0.19585 0.00250 0.07844
v 0.19341 0.00250 0.07757
v 0.19549 0.00250 0.07646
v 0.19296 0.00250 0.07691
v 0.19422 0.00250 0.07491
v 0.19224 0.00250 0.07653
v 0.19235 0.00250 0.07417
v 0.19143 0.00250 0.07655
v 0.19036 0.00250 0.07443
v 0.19093 0.00250 0.07678
v 0.19229 0.00250 0.07973
v 0.19148 0.00250 0.07975
v 0.19077 0.00250 0.07937
v 0.19053 0.00250 0.07716
v 0.18875 0.00250 0.07563
v 0.19023 0.00250 0.07791
v 0.18792 0.00250 0.07746
v 0.18791 0.00250 0.07875
v 0.16423 0.00250 0.07774
v 0.15179 0.00250 0.07621
v 0.14803 0.00250 0.07876
v 0.11461 0.00250 0.07161
v 0.11686 0.00250 0.07491
v 0.10217 0.00250 0.07007
v 0.09841 0.00250 0.07263
v 0.09750 0.00250 0.06949
v 0.09463 0.00250 0.07216
v 0.09691 0.00250 0.06929
v 0.09639 0.00250 0.06875
v 0.09304 0.00250 0.06746
v 0.09224 0.00250 0.06747
v 0.09618 0.00250 0.06803
v 0.09152 0.00250 0.06710
v 0.09107 0.00250 0.06643
v 0.08867 0.00250 0.06519
v 0.09098 0.00250 0.06563
v 0.08950 0.00250 0.06336
v 0.09129 0.00250 0.06489
v 0.09111 0.00250 0.06216
v 0.09169 0.00250 0.06450
v 0.09219 0.00250 0.06427
v 0.09311 0.00250 0.06190
v 0.09300 0.00250 0.06426
v 0.09498 0.00250 0.06264
v 0.09371 0.00250 0.06463
v 0.09625 0.00250 0.06419
v 0.09417 0.00250 0.06530
v 0.09661 0.00250 0.06617
v 0.09425 0.00250 0.06610
v 0.09630 0.00250 0.06742
v 0.09394 0.00250 0.06685
v 0.09355 0.00250 0.06723
v 0.08863 0.00250 0.06709
v 0.08826 0.00250 0.06775
v 0.08866 0.00250 0.06648
v 0.08761 0.00250 0.06814
v 0.08700 0.00250 0.06819
v 0.05715 0.00250 0.06753
v -0.00736 0.00250 0.05955
v -0.00381 0.00250 0.05999
v -0.00570 0.00250 0.05496
v -0.00650 0.00250 0.05524
v -0.00734 0.00250 0.05508
v -0.01219 0.00250 0.05875
v -0.00799 0.00250 0.05452
v -0.01110 0.00250 0.05529
v 0.05490 0.00250 0.06422
v 0.04957 0.00250 0.06356
v 0.04581 0.00250 0.06612
v 0.00777 0.00250 0.05840
v 0.01002 0.00250 0.06170
v -0.00005 0.00250 0.05743
v -0.00174 0.00250 0.05722
v -0.00233 0.00250 0.05702
v -0.00286 0.00250 0.05648
v -0.00306 0.00250 0.05575
v -0.00514 0.00250 0.05431
v -0.00294 0.00250 0.05515
v -0.00498 0.00250 0.05347
v -0.00266 0.00250 0.05311
v -0.00526 0.00250 0.05266
v -0.00342 0.00250 0.05120
v -0.00591 0.00250 0.05211
v -0.00504 0.00250 0.04992
v -0.00675 0.00250 0.05195
v -0.00708 0.00250 0.04962
v -0.00756 0.00250 0.05223
v -0.00900 0.00250 0.05037
v -0.00811 0.00250 0.05288
v -0.01029 0.00250 0.05197
v -0.00827 0.00250 0.05372
v -0.01061 0.00250 0.05401
v -0.01070 0.00250 0.05471
v -0.01172 0.00250 0.05562
v -0.01242 0.00250 0.05563
v -0.02547 0.00250 0.05432
v -0.02393 0.00250 0.05174
v -0.03737 0.00250 0.04695
v -0.04960 0.00250 0.02270
v -0.05028 0.00250 0.02651
v -0.05013 0.00250 0.02582
v -0.04968 0.00250 0.02528
v -0.04904 0.00250 0.02500
v -0.04880 0.00250 0.02242
v -0.04747 0.00250 0.02436
v -0.04824 0.00250 0.02177
v -0.04612 0.00250 0.02279
v -0.04808 0.00250 0.02093
v -0.04574 0.00250 0.02076
v -0.04836 0.00250 0.02013
v -0.04642 0.00250 0.01880
v -0.04901 0.00250 0.01957
v -0.04799 0.00250 0.01745
v -0.04985 0.00250 0.01941
v -0.05002 0.00250 0.01707
v -0.05065 0.00250 0.01969
v -0.03434 0.00250 0.04549
v -0.03697 0.00250 0.04339
v -0.04722 0.00250 0.03701
v -0.04320 0.00250 0.03719
v -0.05451 0.00250 0.02507
v -0.05010 0.00250 0.02719
v -0.05044 0.00250 0.02254
v -0.05109 0.00250 0.02199
v -0.05137 0.00250 0.02118
v -0.05439 0.00250 0.01706
v -0.05884 0.00250 0.01175
v -0.05677 0.00250 0.00515
v -0.05996 0.00250 -0.00220
v -0.05198 0.00250 0.01775
v -0.05208 0.00250 0.01782
v -0.05273 0.00250 0.01809
v -0.04231 0.00250 -0.03796
v -0.04439 0.00250 -0.04037
v -0.04233 0.00250 -0.03726
v -0.04322 0.00250 -0.03418
v -0.05657 0.00250 -0.00700
v -0.05380 0.00250 -0.01882
v -0.05782 0.00250 -0.01603
v -0.05038 0.00250 -0.02666
v -0.05253 0.00250 -0.02899
v -0.04859 0.00250 -0.02979
v -0.04810 0.00250 -0.03029
v -0.04743 0.00250 -0.03050
v -0.04446 0.00250 -0.03161
v -0.04474 0.00250 -0.03241
v -0.04458 0.00250 -0.03325
v -0.04403 0.00250 -0.03390
v -0.04145 0.00250 -0.03266
v -0.04173 0.00250 -0.03346
v -0.04238 0.00250 -0.03402
v -0.04203 0.00250 -0.03662
v -0.04673 0.00250 -0.03039
v -0.04381 0.00250 -0.03105
v -0.04297 0.00250 -0.03089
v -0.04217 0.00250 -0.03117
v -0.04161 0.00250 -0.03182
v -0.04196 0.00250 -0.03857
v -0.03383 0.00250 -0.04955
v -0.02143 0.00250 -0.05604
v -0.00786 0.00250 -0.05948
v 0.01070 0.00250 -0.05471
v 0.00520 0.00250 -0.05904
v 0.01061 0.00250 -0.05401
v 0.01050 0.00250 -0.05258
v -0.00940 0.00250 -0.05622
v 0.00150 0.00250 -0.05698
v 0.00477 0.00250 -0.05981
v 0.00613 0.00250 -0.05969
v 0.01110 0.00250 -0.05528
v 0.01172 0.00250 -0.05562
v 0.01243 0.00250 -0.05563
v 0.01979 0.00250 -0.05664
v 0.02409 0.00250 -0.05166
v 0.03237 0.00250 -0.05052
v 0.03464 0.00250 -0.04527
v 0.04320 0.00250 -0.04164
v 0.04356 0.00250 -0.03677
v 0.05167 0.00250 -0.03050
v 0.04988 0.00250 -0.02759
v 0.05250 0.00250 -0.02905
v 0.05666 0.00250 -0.02327
v 0.05445 0.00250 -0.02124
v 0.06040 0.00250 -0.01614
v 0.06207 0.00250 -0.01863
v 0.08512 0.00250 0.00039
v 0.08555 0.00250 0.00083
v 0.08578 0.00250 0.00155
v 0.08692 0.00250 0.00446
v 0.08742 0.00250 0.00423
v 0.08948 0.00250 0.00606
v 0.08940 0.00250 0.00526
v 0.08894 0.00250 0.00459
v 0.08823 0.00250 0.00422
v 0.08563 0.00250 0.00229
v 0.08652 0.00250 0.00485
v 0.08621 0.00250 0.00559
v 0.08630 0.00250 0.00639
v 0.08675 0.00250 0.00706
v 0.08747 0.00250 0.00743
v 0.08827 0.00250 0.00742
v 0.08878 0.00250 0.00719
v 0.08917 0.00250 0.00681
v 0.09105 0.00250 0.00822
v 0.11721 0.00250 0.01825
v 0.13975 0.00250 0.02273
v 0.17150 0.00250 0.01641
v 0.17843 0.00250 0.01808
v 0.18477 0.00250 0.01376
v 0.19031 0.00250 0.01767
v 0.19047 0.00250 0.01918
v 0.19150 0.00250 0.02085
v 0.19266 0.00250 0.01775
v 0.18914 0.00250 0.01608
v 0.18981 0.00250 0.01642
v 0.19297 0.00250 0.01700
v 0.18852 0.00250 0.01607
v 0.19336 0.00250 0.01662
v 0.19387 0.00250 0.01639
v 0.19784 0.00250 0.01482
v 0.19467 0.00250 0.01638
v 0.19539 0.00250 0.01675
v 0.19023 0.00250 0.01705
v 0.19320 0.00250 0.01922
v 0.19274 0.00250 0.01855
v 0.19593 0.00250 0.01822
v 0.19825 0.00250 0.01739
v 0.19584 0.00250 0.01741
v 0.19785 0.00250 0.01616
v 0.19769 0.00250 0.01556
v 0.19391 0.00250 0.01959
v 0.19319 0.00250 0.02183
v 0.19472 0.00250 0.01958
v 0.19515 0.00250 0.02189
v 0.19522 0.00250 0.01935
v 0.19655 0.00250 0.02129
v 0.19562 0.00250 0.01896
v 0.19748 0.00250 0.02040
v 0.19817 0.00250 0.01897
v 0.22967 0.00250 0.00874
v 0.23743 0.00250 0.00633
v 0.23684 0.00250 0.00339
v 0.19833 0.00250 0.01425
v 0.19890 0.00250 0.01401
v 0.21461 0.00250 0.00782
v 0.21741 0.00250 0.01032
v 0.21776 0.00250 0.01031
v 0.21821 0.00250 0.01050
v 0.21851 0.00250 0.01088
v 0.22254 0.00250 0.01262
v 0.21052 0.00250 0.01999
v 0.21036 0.00250 0.02031
v 0.21033 0.00250 0.02074
v 0.21860 0.00250 0.01135
v 0.21846 0.00250 0.01182
v 0.21789 0.00250 0.01631
v 0.21823 0.00250 0.01208
v 0.21293 0.00250 0.02178
v 0.21299 0.00250 0.01701
v 0.21155 0.00250 0.02199
v 0.21190 0.00250 0.02215
v 0.21235 0.00250 0.02215
v 0.21049 0.00250 0.02115
v 0.21074 0.00250 0.02140
v 0.21270 0.00250 0.02200
v 0.00218 0.00250 -0.05680
v 0.00270 0.00250 -0.05632
v 0.00295 0.00250 -0.05566
v 0.00651 0.00250 -0.05524
v 0.00734 0.00250 -0.05508
v 0.00799 0.00250 -0.05452
v 0.00827 0.00250 -0.05371
v 0.00990 0.00250 -0.05129
v 0.00811 0.00250 -0.05288
v 0.00888 0.00250 -0.05029
v 0.00756 0.00250 -0.05223
v 0.00701 0.00250 -0.04961
v 0.00675 0.00250 -0.05195
v 0.00504 0.00250 -0.04992
v 0.00591 0.00250 -0.05210
v 0.00346 0.00250 -0.05115
v 0.00526 0.00250 -0.05266
v 0.00268 0.00250 -0.05298
v 0.00498 0.00250 -0.05347
v 0.00287 0.00250 -0.05497
v 0.00514 0.00250 -0.05431
v 0.00570 0.00250 -0.05495
v 0.21278 -0.00450 0.07146
v 0.21133 -0.00450 0.07121
v 0.20833 -0.00917 0.06743
v 0.20957 -0.00919 0.06759
v 0.20939 -0.00927 0.06734
v 0.20766 -0.00942 0.06643
v 0.20824 -0.00950 0.06561
v 0.20701 -0.00950 0.06540
v 0.21121 -0.00555 0.07108
v 0.21254 -0.00593 0.07121
v 0.21099 -0.00626 0.07083
v 0.21223 -0.00667 0.07086
v 0.21049 -0.00723 0.07025
v 0.21155 -0.00768 0.07009
v 0.20984 -0.00805 0.06945
v 0.21101 -0.00823 0.06946
v 0.20937 -0.00849 0.06885
v 0.20901 -0.00877 0.06837
v 0.20886 -0.00950 0.02621
v 0.20804 -0.00950 0.02563
v 0.20653 -0.00950 0.03119
v 0.20560 -0.00950 0.03082
v 0.20487 -0.00950 0.03642
v 0.20387 -0.00950 0.03630
v 0.20396 -0.00950 0.04132
v 0.20296 -0.00950 0.04125
v 0.20364 -0.00950 0.04634
v 0.20264 -0.00950 0.04622
v 0.20409 -0.00950 0.05265
v 0.20306 -0.00950 0.05249
v 0.20579 -0.00950 0.05977
v 0.20467 -0.00950 0.05957
v 0.20258 -0.00958 0.04121
v 0.20204 -0.01012 0.04114
v 0.20171 -0.01012 0.04621
v 0.20226 -0.00979 0.04117
v 0.20193 -0.00979 0.04622
v 0.20226 -0.00958 0.04622
v 0.20164 -0.01050 0.04621
v 0.20197 -0.01050 0.04113
v 0.20270 -0.01050 0.03688
v 0.20295 -0.01015 0.03607
v 0.20289 -0.01050 0.03606
v 0.20318 -0.00979 0.03613
v 0.20353 -0.00956 0.03621
v 0.20167 -0.01050 0.04812
v 0.20207 -0.01050 0.05262
v 0.20213 -0.01015 0.05262
v 0.20236 -0.00979 0.05258
v 0.20271 -0.00956 0.05253
v 0.20670 -0.00956 0.06555
v 0.20434 -0.00956 0.05968
v 0.20638 -0.00979 0.06571
v 0.20400 -0.00979 0.05979
v 0.20617 -0.01015 0.06581
v 0.20378 -0.01015 0.05986
v 0.20611 -0.01050 0.06584
v 0.20372 -0.01050 0.05988
v 0.20819 -0.00952 0.06961
v 0.20912 -0.00844 0.07105
v 0.20867 -0.00859 0.07017
v 0.20985 -0.00708 0.07210
v 0.20731 -0.00945 0.06662
v 0.20699 -0.00966 0.06683
v 0.20762 -0.00936 0.06790
v 0.20882 -0.00873 0.06846
v 0.20815 -0.00915 0.06752
v 0.20862 -0.00872 0.06858
v 0.20796 -0.00917 0.06764
v 0.20843 -0.00877 0.06873
v 0.20947 -0.00816 0.06931
v 0.20925 -0.00814 0.06943
v 0.20904 -0.00817 0.06959
v 0.20886 -0.00826 0.06978
v 0.21068 -0.00555 0.07113
v 0.21009 -0.00652 0.07092
v 0.21041 -0.00554 0.07129
v 0.20988 -0.00657 0.07115
v 0.21020 -0.00556 0.07154
v 0.21008 -0.00744 0.07006
v 0.21059 -0.00658 0.07066
v 0.20984 -0.00740 0.07017
v 0.21034 -0.00653 0.07075
v 0.20961 -0.00741 0.07034
v 0.21095 -0.00558 0.07105
v 0.21036 -0.00450 0.07279
v 0.21021 -0.00450 0.07251
v 0.21012 -0.00628 0.07247
v 0.21016 -0.00450 0.07230
v 0.20972 -0.00680 0.07169
v 0.20743 -0.01009 0.06832
v 0.20742 -0.00971 0.06813
v 0.20750 -0.00952 0.06802
v 0.21101 -0.00450 0.07121
v 0.21080 -0.00450 0.07126
v 0.21061 -0.00450 0.07136
v 0.21060 -0.00450 0.07137
v 0.21031 -0.00450 0.07167
v 0.21017 -0.00450 0.07208
v 0.21007 -0.00562 0.07184
v 0.20976 -0.00667 0.07142
v 0.20778 -0.00924 0.06776
v 0.20826 -0.00888 0.06889
v 0.20874 -0.00841 0.06998
v 0.21052 -0.00450 0.01999
v 0.20815 -0.01450 0.06954
v 0.21246 -0.01450 0.07540
v 0.21303 -0.01394 0.07604
v 0.22083 -0.00815 0.08284
v 0.21667 -0.01083 0.07963
v 0.20656 -0.01450 0.02628
v 0.20656 -0.01050 0.02628
v 0.20717 -0.01050 0.02514
v 0.21043 -0.01450 0.02011
v 0.20964 -0.00843 0.02120
v 0.21093 -0.01395 0.01945
v 0.20889 -0.00955 0.02230
v 0.20780 -0.01037 0.02404
v 0.21030 -0.00653 0.02028
v 0.21823 -0.00815 0.01208
v 0.21430 -0.01084 0.01562
v 0.20270 -0.01450 0.03688
v 0.20467 -0.01050 0.03046
v 0.20167 -0.01450 0.04812
v 0.20353 -0.01450 0.05925
v 0.22015 -0.00626 0.08466
v 0.22051 -0.00632 0.08464
v 0.22087 -0.00653 0.08447
v 0.22093 -0.00660 0.08441
v 0.22120 -0.00700 0.08404
v 0.22126 -0.00750 0.08354
v 0.22124 -0.00761 0.08343
v 0.22110 -0.00793 0.08310
v 0.22100 -0.00803 0.08298
v 0.19674 -0.00626 0.08177
v 0.19424 -0.01273 0.07492
v 0.19462 -0.01246 0.07524
v 0.19547 -0.01141 0.07641
v 0.19586 -0.00992 0.07797
v 0.19329 -0.01314 0.07441
v 0.19307 -0.01450 0.07301
v 0.19302 -0.01320 0.07431
v 0.19555 -0.00817 0.07969
v 0.19543 -0.00755 0.08030
v 0.19584 -0.00660 0.08131
v 0.19615 -0.00638 0.08156
v 0.19562 -0.00687 0.08101
v 0.19546 -0.00730 0.08056
v 0.19629 -0.00632 0.08163
v 0.19508 -0.01450 0.02317
v 0.19514 -0.01326 0.02189
v 0.19514 -0.00950 0.02189
v 0.19302 -0.00950 0.07431
v 0.18873 -0.01135 0.07565
v 0.18845 -0.01092 0.07604
v 0.19034 -0.01274 0.07444
v 0.18961 -0.01226 0.07483
v 0.19102 -0.01303 0.07423
v 0.19102 -0.00950 0.07423
v 0.19235 -0.00950 0.07417
v 0.18791 -0.00817 0.07875
v 0.13990 -0.01450 0.05000
v 0.17972 -0.01450 0.07135
v 0.19108 -0.01450 0.07276
v 0.19307 -0.01450 0.02357
v 0.17869 -0.01450 0.02644
v 0.13900 -0.01450 0.04544
v 0.13841 -0.01450 0.04662
v 0.14004 -0.01450 0.04464
v 0.13838 -0.01450 0.04793
v 0.13891 -0.01450 0.04914
v 0.19122 -0.01116 0.02054
v 0.19655 -0.01294 0.02129
v 0.19641 -0.01300 0.02137
v 0.19515 -0.01326 0.02189
v 0.19250 -0.01241 0.02156
v 0.19314 -0.01279 0.02181
v 0.19314 -0.00950 0.02181
v 0.19149 -0.01150 0.02083
v 0.19319 -0.00950 0.02183
v 0.19031 -0.00817 0.01767
v 0.19768 -0.01200 0.02012
v 0.19824 -0.01065 0.01862
v 0.19816 -0.00900 0.01695
v 0.21860 -0.00750 0.01135
v 0.21860 -0.00735 0.01119
v 0.19785 -0.00817 0.01616
v 0.21851 -0.00703 0.01088
v 0.19769 -0.00755 0.01557
v 0.19771 -0.00724 0.01524
v 0.21793 -0.00638 0.01035
v 0.21757 -0.00627 0.01030
v 0.21821 -0.00660 0.01051
v 0.21741 -0.00626 0.01032
v 0.21834 -0.00674 0.01062
v 0.19890 -0.00626 0.01401
v 0.19783 -0.00686 0.01484
v 0.21849 -0.00789 0.01177
v 0.19844 -0.00632 0.01417
v 0.19832 -0.00638 0.01425
v 0.19800 -0.00663 0.01457
v 0.17055 -0.01450 0.02806
v 0.18852 -0.00626 0.01607
v 0.18952 -0.00660 0.01623
v 0.18914 -0.00638 0.01608
v 0.18982 -0.00687 0.01644
v 0.19012 -0.00730 0.01681
v 0.19023 -0.00755 0.01705
v 0.18899 -0.00632 0.01606
v 0.13723 -0.01450 0.04375
v 0.13629 -0.01450 0.04402
v 0.13296 -0.01450 0.04127
v 0.13503 -0.01450 0.04389
v 0.13393 -0.01450 0.04325
v 0.13320 -0.01450 0.04222
v 0.18624 -0.00626 0.08047
v 0.18672 -0.00632 0.08046
v 0.18687 -0.00638 0.08042
v 0.18727 -0.00663 0.08021
v 0.18751 -0.00686 0.08001
v 0.18776 -0.00724 0.07967
v 0.18787 -0.00755 0.07937
v 0.09750 -0.00626 0.06949
v 0.09705 -0.00632 0.06936
v 0.09661 -0.00993 0.06567
v 0.09630 -0.00817 0.06742
v 0.09655 -0.01048 0.06512
v 0.10336 -0.01450 0.06191
v 0.13289 -0.01450 0.06556
v 0.09618 -0.00755 0.06803
v 0.09621 -0.00730 0.06829
v 0.09638 -0.00687 0.06874
v 0.13491 -0.01450 0.06581
v 0.17422 -0.01450 0.07067
v 0.09659 -0.00660 0.06903
v 0.09691 -0.00638 0.06929
v 0.08888 -0.01022 0.06444
v 0.08867 -0.00944 0.06519
v 0.09111 -0.01275 0.06216
v 0.09036 -0.01226 0.06256
v 0.09020 -0.01212 0.06268
v 0.09004 -0.01198 0.06281
v 0.09331 -0.01325 0.06193
v 0.09445 -0.01302 0.06231
v 0.09500 -0.01275 0.06265
v 0.09131 -0.01285 0.06208
v 0.09569 -0.01217 0.06331
v 0.08866 -0.00817 0.06648
v 0.08863 -0.00845 0.06619
v 0.02933 -0.01450 0.01963
v 0.08571 -0.01450 0.05973
v 0.09118 -0.01450 0.06041
v 0.03371 -0.01450 0.00359
v 0.03257 -0.01450 0.00447
v 0.03513 -0.01450 0.00333
v 0.03198 -0.01450 0.00579
v 0.07904 -0.01450 0.00624
v 0.02844 -0.01450 0.01573
v 0.02807 -0.01450 0.01713
v 0.02839 -0.01450 0.01853
v 0.08732 -0.01450 0.01178
v 0.09087 -0.01450 0.03120
v 0.09321 -0.01450 0.06066
v 0.09964 -0.01450 0.06145
v 0.12522 -0.01450 0.04937
v 0.12622 -0.01450 0.04822
v 0.12652 -0.01450 0.04673
v 0.09424 -0.01450 0.02799
v 0.09316 -0.01450 0.02805
v 0.09528 -0.01450 0.02833
v 0.09217 -0.01450 0.02849
v 0.09145 -0.01450 0.02918
v 0.12481 -0.01450 0.04960
v 0.12495 -0.01450 0.04424
v 0.12606 -0.01450 0.04528
v 0.09095 -0.01450 0.03021
v 0.12762 -0.01450 0.05049
v 0.13165 -0.01450 0.05202
v 0.13092 -0.01450 0.05099
v 0.12982 -0.01450 0.05035
v 0.12856 -0.01450 0.05022
v 0.13189 -0.01450 0.05297
v 0.08700 -0.00626 0.06819
v 0.08748 -0.00632 0.06819
v 0.08762 -0.00638 0.06815
v 0.08803 -0.00663 0.06794
v 0.08827 -0.00686 0.06774
v 0.08851 -0.00724 0.06739
v 0.08863 -0.00755 0.06709
v -0.00174 -0.00942 0.05722
v 0.00311 -0.00789 0.05782
v 0.00942 -0.00666 0.05860
v 0.01560 -0.00626 0.05936
v 0.00868 -0.00676 0.05851
v 0.00761 -0.00693 0.05838
v 0.00358 -0.00777 0.05788
v -0.00244 -0.01187 0.05695
v -0.00192 -0.00954 0.05719
v -0.00220 -0.01005 0.05709
v 0.00858 -0.01426 0.05635
v -0.00121 -0.01200 0.05699
v 0.00002 -0.01217 0.05700
v 0.00542 -0.01330 0.05674
v 0.00589 -0.01343 0.05670
v 0.00688 -0.01372 0.05658
v 0.00787 -0.01402 0.05645
v 0.01545 -0.01155 0.05591
v 0.01452 -0.01374 0.05541
v 0.01060 -0.01216 0.05629
v 0.01137 -0.00993 0.05688
v 0.01216 -0.00785 0.05790
v 0.01643 -0.00951 0.05685
v 0.00713 -0.00860 0.05756
v -0.00090 -0.00939 0.05726
v 0.00655 -0.01087 0.05690
v 0.02066 -0.01415 0.05422
v 0.02862 -0.01193 0.05526
v 0.02427 -0.00972 0.05694
v 0.02185 -0.01216 0.05502
v 0.13400 -0.01450 0.05434
v 0.13738 -0.01450 0.05113
v 0.13629 -0.01450 0.05119
v 0.13841 -0.01450 0.05147
v 0.13530 -0.01450 0.05163
v 0.13458 -0.01450 0.05232
v 0.13409 -0.01450 0.05335
v 0.21074 -0.00450 0.02140
v 0.21049 -0.00450 0.02115
v 0.21033 -0.00450 0.02074
v 0.21036 -0.00450 0.02031
v 0.21155 -0.00450 0.02199
v 0.21270 -0.00450 0.02200
v 0.21235 -0.00450 0.02215
v 0.21190 -0.00450 0.02215
v 0.22844 -0.01008 0.08372
v 0.22527 -0.01135 0.08208
v 0.21839 -0.01386 0.01587
v 0.22254 -0.01143 0.01262
v 0.21293 -0.00450 0.02178
v 0.21272 -0.00654 0.02206
v 0.21207 -0.00846 0.02296
v 0.21509 -0.01650 0.01916
v 0.21718 -0.01650 0.07602
v 0.21611 -0.01650 0.07494
v 0.21924 -0.01487 0.07787
v 0.22214 -0.01297 0.08010
v 0.23347 -0.00875 0.08565
v 0.24029 -0.00809 0.08715
v 0.24041 -0.00809 0.08717
v 0.20913 -0.01050 0.06515
v 0.20970 -0.01042 0.06623
v 0.20967 -0.01650 0.06619
v 0.21041 -0.01011 0.06748
v 0.21126 -0.00948 0.06884
v 0.21173 -0.00898 0.06955
v 0.21277 -0.00735 0.07101
v 0.21287 -0.00710 0.07115
v 0.21335 -0.00530 0.07176
v 0.21339 -0.00450 0.07183
v 0.20674 -0.01050 0.05946
v 0.20577 -0.01650 0.05605
v 0.20577 -0.01050 0.05605
v 0.20466 -0.01650 0.04525
v 0.20466 -0.01050 0.04525
v 0.20464 -0.01050 0.04635
v 0.20508 -0.01050 0.05251
v 0.20642 -0.01650 0.03453
v 0.20584 -0.01050 0.03666
v 0.20495 -0.01050 0.04144
v 0.21094 -0.01650 0.02466
v 0.21143 -0.00948 0.02390
v 0.21039 -0.01035 0.02556
v 0.20974 -0.01050 0.02670
v 0.20746 -0.01050 0.03155
v 0.20642 -0.01050 0.03453
v 0.23743 -0.00809 0.00633
v 0.23407 -0.00825 0.00717
v 0.22416 -0.01070 0.01158
v 0.22738 -0.00955 0.00979
v 0.23066 -0.00874 0.00833
v 0.23684 -0.00750 0.00339
v 0.23710 -0.00879 0.00466
v 0.13975 -0.00750 0.02273
v 0.21474 -0.01673 0.01721
v 0.14155 -0.01673 0.03179
v 0.21758 -0.01456 0.01443
v 0.22184 -0.01213 0.01110
v 0.22349 -0.01141 0.01003
v 0.23365 -0.00896 0.00551
v 0.23016 -0.00945 0.00671
v 0.22680 -0.01026 0.00820
v 0.11207 -0.01673 0.02592
v 0.11721 -0.00750 0.01825
v 0.11652 -0.01673 0.02849
v 0.12424 -0.00750 0.02172
v 0.12126 -0.01673 0.03046
v 0.12623 -0.01673 0.03179
v 0.13192 -0.00750 0.02325
v 0.13132 -0.01673 0.03246
v 0.13646 -0.01673 0.03246
v 0.06179 -0.00800 -0.01822
v 0.06207 -0.00750 -0.01863
v 0.06373 -0.01205 -0.01205
v 0.06514 -0.01673 -0.00547
v 0.05658 -0.01558 -0.01997
v 0.05633 -0.01507 -0.02065
v 0.05758 -0.01200 -0.01918
v 0.05682 -0.01609 -0.01929
v 0.05847 -0.01413 -0.01627
v 0.05763 -0.01617 -0.01702
v 0.06239 -0.01657 -0.00818
v 0.06134 -0.01649 -0.00962
v 0.06124 -0.01391 -0.01231
v 0.06119 -0.01648 -0.00985
v 0.06012 -0.01639 -0.01162
v 0.05923 -0.01632 -0.01334
v 0.05911 -0.01631 -0.01358
v 0.06373 -0.01666 -0.00668
v 0.06055 -0.01169 -0.01531
v 0.05829 -0.01623 -0.01541
v 0.05968 -0.00951 -0.01839
v 0.05821 -0.01108 -0.01884
v -0.00736 -0.01164 0.05955
v 0.00485 -0.01609 0.05980
v 0.00350 -0.01279 0.05990
v 0.00175 -0.01609 0.05998
v 0.00176 -0.01245 0.05997
v -0.00507 -0.01609 0.05979
v -0.00352 -0.01179 0.05990
v -0.01219 -0.01609 0.05875
v 0.01398 -0.01609 0.05835
v 0.01157 -0.01513 0.05887
v 0.00414 -0.01293 0.05986
v 0.05167 -0.01609 -0.03050
v 0.05509 -0.01609 -0.02377
v 0.05550 -0.01364 -0.02281
v 0.05602 -0.01449 -0.02148
v 0.05250 -0.01164 -0.02905
v 0.05287 -0.01167 -0.02837
v 0.05462 -0.01260 -0.02483
v -0.01485 -0.01609 0.05813
v -0.02423 -0.01609 0.05489
v -0.02547 -0.01609 0.05432
v -0.03294 -0.01609 0.05015
v -0.03737 -0.01609 0.04695
v -0.04076 -0.01609 0.04403
v -0.04746 -0.01609 0.03671
v -0.05286 -0.01609 0.02839
v -0.05451 -0.01609 0.02507
v -0.05681 -0.01609 0.01929
v -0.05884 -0.01609 0.01175
v -0.05922 -0.01609 0.00967
v -0.06000 -0.01609 -0.00022
v -0.05914 -0.01609 -0.01011
v -0.05996 -0.01609 -0.00220
v -0.05667 -0.01609 -0.01971
v -0.05782 -0.01609 -0.01603
v -0.04718 -0.01609 -0.03707
v -0.05264 -0.01609 -0.02878
v -0.04043 -0.01609 -0.04433
v -0.04439 -0.01609 -0.04037
v -0.02143 -0.01609 -0.05604
v -0.02382 -0.01609 -0.05507
v -0.03257 -0.01609 -0.05039
v -0.03383 -0.01609 -0.04955
v -0.01038 -0.00774 -0.05909
v -0.00942 -0.00640 -0.05925
v -0.00786 -0.01609 -0.05948
v -0.01781 -0.00450 -0.05729
v -0.01758 -0.00596 -0.05737
v -0.01679 -0.00739 -0.05760
v -0.01632 -0.00788 -0.05774
v -0.01494 -0.00872 -0.05811
v -0.01442 -0.01609 -0.05824
v -0.01345 -0.00898 -0.05847
v -0.01398 -0.01609 -0.05835
v -0.00872 -0.01609 -0.05936
v -0.01186 -0.00869 -0.05882
v -0.01048 -0.00783 -0.05908
v -0.00902 -0.00484 -0.05932
v -0.00900 -0.00438 -0.05932
v -0.00935 -0.00277 -0.05927
v -0.01023 -0.00141 -0.05912
v -0.01047 -0.00118 -0.05908
v -0.01563 -0.00061 -0.05793
v -0.01669 -0.00148 -0.05763
v -0.01752 -0.00289 -0.05738
v -0.01187 -0.00031 -0.05881
v -0.01345 -0.00002 -0.05847
v -0.01411 -0.00007 -0.05832
v 0.00107 -0.01609 -0.05999
v 0.00613 -0.01609 -0.05969
v 0.01083 -0.01609 -0.05901
v 0.02923 -0.01609 -0.05240
v 0.02030 -0.01609 -0.05646
v 0.03737 -0.01609 -0.04694
v 0.03237 -0.01609 -0.05052
v 0.05048 -0.01609 -0.03243
v 0.04452 -0.01609 -0.04022
v 0.04320 -0.01609 -0.04164
v 0.00004 -0.00915 0.06046
v 0.24004 -0.00750 0.09014
v -0.00591 -0.01107 0.05973
v -0.00442 -0.01052 0.05991
v -0.00248 -0.00987 0.06015
v -0.00014 -0.00919 0.06044
v 0.01252 -0.00750 0.06201
v 0.00631 -0.00791 0.06124
v 0.24020 -0.00879 0.08886
v 0.08888 -0.01449 0.06441
v 0.01917 -0.00976 0.06055
v 0.22468 -0.01206 0.08365
v 0.22794 -0.01079 0.08533
v 0.23308 -0.00946 0.08731
v 0.24007 -0.00879 0.08884
v 0.02267 -0.01123 0.05950
v 0.02378 -0.01174 0.05913
v 0.02858 -0.01418 0.05726
v 0.08890 -0.01450 0.06440
v 0.21851 -0.01558 0.07934
v 0.22148 -0.01368 0.08162
v 0.21698 -0.01673 0.07799
v 0.21693 -0.01673 0.07798
v 0.03290 -0.01673 0.05522
v 0.08881 -0.01450 0.06439
v 0.08886 -0.01450 0.06440
v 0.21636 -0.01724 0.07719
v 0.21606 -0.01748 0.07630
v 0.21662 -0.01699 0.07616
v 0.21452 -0.01699 0.01906
v 0.21378 -0.01750 0.01913
v 0.21395 -0.01748 0.01896
v 0.21588 -0.01750 0.07613
v 0.21571 -0.01750 0.07597
v 0.21539 -0.01750 0.07563
v 0.20880 -0.01750 0.06667
v 0.20479 -0.01750 0.05629
v 0.20366 -0.01750 0.04522
v 0.20547 -0.01750 0.03424
v 0.21010 -0.01750 0.02412
v 0.21362 -0.01750 0.01931
v 0.21409 -0.01733 0.01827
v 0.14191 -0.01750 0.03360
v 0.14172 -0.01730 0.03262
v 0.02195 -0.01750 0.01657
v -0.03491 -0.01750 -0.01432
v -0.05782 -0.01750 0.00944
v -0.05858 -0.01750 -0.00022
v 0.01499 -0.01750 0.02306
v 0.03313 -0.01750 0.05339
v 0.03069 -0.01750 0.05337
v 0.02628 -0.01750 0.00810
v 0.03649 -0.01750 -0.04583
v 0.02023 -0.01750 -0.01862
v 0.01268 -0.01750 -0.02440
v 0.05379 -0.01750 -0.02321
v 0.02537 -0.01750 -0.01062
v 0.04929 -0.01750 -0.03166
v 0.04347 -0.01750 -0.03927
v 0.00361 -0.01750 -0.02726
v 0.01982 -0.01750 -0.05513
v 0.02854 -0.01750 -0.05116
v -0.03980 -0.01750 0.04300
v -0.02000 -0.01750 0.01888
v -0.03217 -0.01750 0.04897
v -0.01237 -0.01750 0.02456
v -0.00326 -0.01750 0.02731
v -0.01450 -0.01750 0.05676
v -0.02366 -0.01750 0.05360
v 0.01834 -0.01750 0.05571
v 0.01365 -0.01750 0.05697
v 0.00624 -0.01750 0.02678
v 0.00474 -0.01750 0.05839
v -0.00495 -0.01750 0.05838
v -0.02449 -0.01750 -0.02989
v -0.01408 -0.01750 -0.05687
v -0.02351 -0.01750 -0.02974
v -0.01365 -0.01750 -0.05697
v -0.02272 -0.01750 -0.02913
v -0.01867 -0.01750 -0.02393
v -0.00590 -0.01750 -0.02686
v 0.00104 -0.01750 -0.05858
v 0.01057 -0.01750 -0.05762
v -0.01470 -0.01750 -0.02324
v -0.00852 -0.01750 -0.05796
v -0.03535 -0.01750 -0.01499
v -0.05775 -0.01750 -0.00987
v -0.03549 -0.01750 -0.01579
v -0.05533 -0.01750 -0.01925
v -0.03530 -0.01750 -0.01657
v -0.05140 -0.01750 -0.02811
v -0.03113 -0.01750 -0.02350
v -0.04607 -0.01750 -0.03619
v -0.02561 -0.01750 -0.02941
v -0.03948 -0.01750 -0.04329
v -0.02542 -0.01750 -0.02956
v -0.03180 -0.01750 -0.04920
v -0.02326 -0.01750 -0.05377
v -0.03424 -0.01750 -0.01387
v -0.02813 -0.01750 -0.01139
v -0.02695 -0.01750 -0.01054
v 0.02816 -0.01750 0.05359
v 0.02567 -0.01750 0.05399
v 0.02499 -0.01750 0.05412
v 0.13120 -0.01750 0.03431
v 0.13658 -0.01750 0.03430
v 0.05687 -0.01750 -0.01479
v 0.05846 -0.01750 -0.01120
v 0.02747 -0.01750 -0.00134
v 0.05868 -0.01750 -0.01079
v 0.05989 -0.01750 -0.00869
v -0.04634 -0.01750 0.03585
v -0.05161 -0.01750 0.02772
v -0.02523 -0.01750 0.01094
v -0.05547 -0.01750 0.01884
v -0.02745 -0.01750 0.00169
v -0.02638 -0.01750 -0.00777
v -0.02632 -0.01750 -0.00922
v 0.02335 -0.01750 0.05446
v 0.02320 -0.01750 0.05450
v 0.01836 -0.01750 0.05571
v 0.12587 -0.01750 0.03360
v 0.12067 -0.01750 0.03221
v 0.11570 -0.01750 0.03015
v 0.06104 -0.01750 -0.00704
v 0.06412 -0.01750 -0.00393
v 0.11104 -0.01750 0.02746
v -0.01608 -0.01750 -0.02279
v -0.01752 -0.01750 -0.02304
v 0.05548 -0.01750 -0.01883
v 0.05621 -0.01750 -0.01658
v 0.05673 -0.01750 -0.01514
v 0.11160 -0.01730 0.02663
v 0.11614 -0.01730 0.02925
v 0.12099 -0.01730 0.03126
v 0.12606 -0.01730 0.03262
v 0.13127 -0.01730 0.03331
v 0.13651 -0.01730 0.03331
v 0.06467 -0.01730 -0.00476
v 0.05822 -0.01650 -0.01537
v 0.05680 -0.01633 -0.01927
v 0.05809 -0.01677 -0.01530
v 0.05667 -0.01674 -0.01922
v 0.05791 -0.01702 -0.01522
v 0.05768 -0.01723 -0.01512
v 0.05643 -0.01709 -0.01914
v 0.05741 -0.01739 -0.01501
v 0.05624 -0.01725 -0.01907
v 0.05712 -0.01748 -0.01489
v 0.05597 -0.01740 -0.01898
v 0.05594 -0.01741 -0.01898
v 0.05571 -0.01748 -0.01890
v 0.05896 -0.01747 -0.01094
v 0.06218 -0.01748 -0.00610
v 0.06222 -0.01748 -0.00605
v 0.06214 -0.01748 -0.00616
v 0.06214 -0.01748 -0.00615
v 0.06198 -0.01713 -0.00780
v 0.06083 -0.01704 -0.00957
v 0.06000 -0.01667 -0.01154
v 0.06024 -0.01742 -0.00917
v 0.05928 -0.01737 -0.01111
v 0.05981 -0.01695 -0.01142
v 0.05957 -0.01719 -0.01128
v 0.06135 -0.01746 -0.00729
v 0.06216 -0.01748 -0.00613
v 0.06215 -0.01748 -0.00614
v 0.06329 -0.01721 -0.00617
v 0.06265 -0.01749 -0.00550
v 0.06231 -0.01748 -0.00594
v 0.06197 -0.01748 -0.00638
v -0.01377 -0.01741 -0.05745
v -0.00859 -0.01741 -0.05845
v 0.05424 -0.01741 -0.02340
v 0.00105 -0.01741 -0.05907
v 0.01066 -0.01741 -0.05811
v 0.01999 -0.01741 -0.05559
v 0.02878 -0.01741 -0.05159
v 0.03680 -0.01741 -0.04621
v 0.04384 -0.01741 -0.03960
v 0.04970 -0.01741 -0.03193
v 0.05471 -0.01709 -0.02361
v 0.05501 -0.01657 -0.02373
v 0.05041 -0.01657 -0.03238
v 0.04446 -0.01657 -0.04016
v 0.03732 -0.01657 -0.04687
v 0.02918 -0.01657 -0.05232
v 0.02027 -0.01657 -0.05638
v 0.01081 -0.01657 -0.05893
v 0.00106 -0.01657 -0.05990
v -0.00871 -0.01657 -0.05928
v -0.01396 -0.01657 -0.05826
v 0.05013 -0.01709 -0.03220
v 0.04422 -0.01709 -0.03994
v 0.03712 -0.01709 -0.04661
v 0.02903 -0.01709 -0.05204
v 0.02016 -0.01709 -0.05607
v 0.01075 -0.01709 -0.05861
v 0.00106 -0.01709 -0.05958
v -0.00866 -0.01709 -0.05895
v -0.01388 -0.01709 -0.05794
v -0.01420 -0.01741 -0.05734
v -0.01432 -0.01709 -0.05784
v -0.01440 -0.01657 -0.05816
v -0.03252 -0.01657 -0.05032
v -0.02379 -0.01657 -0.05499
v -0.04037 -0.01657 -0.04427
v -0.04711 -0.01657 -0.03701
v -0.05257 -0.01657 -0.02874
v -0.05659 -0.01657 -0.01969
v -0.05906 -0.01657 -0.01009
v -0.05991 -0.01657 -0.00022
v -0.05913 -0.01657 0.00965
v -0.05673 -0.01657 0.01927
v -0.05278 -0.01657 0.02835
v -0.04739 -0.01657 0.03666
v -0.04070 -0.01657 0.04397
v -0.03289 -0.01657 0.05007
v -0.02419 -0.01657 0.05481
v -0.01483 -0.01657 0.05805
v -0.00506 -0.01657 0.05970
v 0.00485 -0.01657 0.05972
v 0.01396 -0.01660 0.05825
v 0.00482 -0.01709 0.05939
v 0.01389 -0.01708 0.05795
v 0.01395 -0.01665 0.05823
v 0.00478 -0.01741 0.05888
v 0.01377 -0.01740 0.05747
v 0.01386 -0.01719 0.05783
v 0.01372 -0.01747 0.05726
v -0.02345 -0.01741 -0.05422
v -0.03207 -0.01741 -0.04961
v -0.03980 -0.01741 -0.04365
v -0.04645 -0.01741 -0.03649
v -0.05183 -0.01741 -0.02834
v -0.05579 -0.01741 -0.01941
v -0.05823 -0.01741 -0.00995
v -0.05907 -0.01741 -0.00022
v -0.05830 -0.01741 0.00952
v -0.05594 -0.01741 0.01900
v -0.05204 -0.01741 0.02796
v -0.04672 -0.01741 0.03615
v -0.04013 -0.01741 0.04335
v -0.03243 -0.01741 0.04937
v -0.02385 -0.01741 0.05405
v -0.01462 -0.01741 0.05724
v -0.00499 -0.01741 0.05886
v -0.02366 -0.01709 -0.05469
v -0.03234 -0.01709 -0.05004
v -0.04015 -0.01709 -0.04403
v -0.04686 -0.01709 -0.03681
v -0.05228 -0.01709 -0.02858
v -0.05628 -0.01709 -0.01958
v -0.05873 -0.01709 -0.01004
v -0.05958 -0.01709 -0.00022
v -0.05881 -0.01709 0.00960
v -0.05642 -0.01709 0.01916
v -0.05249 -0.01709 0.02820
v -0.04713 -0.01709 0.03646
v -0.04047 -0.01709 0.04373
v -0.03272 -0.01709 0.04980
v -0.02406 -0.01709 0.05451
v -0.01475 -0.01709 0.05773
v -0.00503 -0.01709 0.05937
v 0.02577 -0.01740 0.05457
v 0.02821 -0.01745 0.05403
v 0.02826 -0.01732 0.05444
v 0.03298 -0.01720 0.05460
v 0.03152 -0.01667 0.05516
v 0.03300 -0.01728 0.05444
v 0.02829 -0.01710 0.05481
v 0.02830 -0.01683 0.05512
v 0.03070 -0.01749 0.05362
v 0.03306 -0.01744 0.05394
v 0.03313 -0.01750 0.05341
v 0.01842 -0.01747 0.05601
v 0.01868 -0.01648 0.05713
v 0.01866 -0.01675 0.05700
v 0.01862 -0.01700 0.05682
v 0.01856 -0.01722 0.05658
v 0.01419 -0.01609 0.05830
v 0.01401 -0.01609 0.05834
v 0.01455 -0.01610 0.05821
v 0.01400 -0.01609 0.05835
v 0.02379 -0.01638 0.05606
v 0.01891 -0.01622 0.05715
v 0.01708 -0.01617 0.05759
v 0.02328 -0.01746 0.05486
v 0.01850 -0.01738 0.05630
v 0.02335 -0.01735 0.05520
v 0.02341 -0.01716 0.05551
v 0.02346 -0.01692 0.05578
v 0.02349 -0.01664 0.05598
v 0.02659 -0.01648 0.05556
v 0.00387 -0.01081 0.06008
v 0.02227 -0.01378 0.05753
v 0.01799 -0.01169 0.05899
v 0.01643 -0.01495 0.05792
v 0.01220 -0.01321 0.05896
v -0.00025 -0.01011 0.06020
v 0.00809 -0.01186 0.05966
v 0.01349 -0.00988 0.06017
v 0.00910 -0.00848 0.06099
v -0.03424 -0.02300 -0.01387
v -0.02813 -0.02300 -0.01139
v 0.01482 -0.02300 -0.02078
v 0.00993 -0.02300 -0.01745
v 0.00928 -0.02300 -0.01841
v -0.00832 -0.02300 -0.01220
v -0.00989 -0.02300 -0.01113
v -0.01178 -0.02300 -0.01391
v -0.00158 -0.02300 0.01334
v -0.00266 -0.02300 0.01408
v -0.00340 -0.02300 0.01300
v 0.00412 -0.02300 -0.00856
v 0.00229 -0.02300 -0.01224
v 0.00340 -0.02300 -0.01300
v -0.00079 -0.02300 -0.01757
v -0.00105 -0.02300 -0.01715
v -0.00295 -0.02300 -0.01993
v 0.01678 -0.02300 -0.00428
v 0.01812 -0.02300 -0.00475
v 0.01987 -0.02300 -0.00287
v -0.01209 -0.02300 -0.01239
v -0.01317 -0.02300 -0.01332
v -0.03530 -0.02300 -0.01657
v -0.03113 -0.02300 -0.02350
v -0.02701 -0.02300 -0.01737
v -0.01752 -0.02300 -0.02304
v -0.01608 -0.02300 -0.02279
v -0.01021 -0.02300 -0.01498
v 0.01228 -0.02300 -0.02460
v 0.01268 -0.02300 -0.02440
v 0.01417 -0.02300 -0.02174
v 0.02023 -0.02300 -0.01862
v -0.01631 -0.02300 0.00006
v -0.01539 -0.02300 -0.00102
v -0.01533 -0.02300 -0.00023
v -0.01941 -0.02300 -0.00448
v -0.02749 -0.02300 0.00075
v -0.01867 -0.02300 -0.00514
v -0.02638 -0.02300 -0.00777
v -0.02057 -0.02300 -0.00792
v -0.02632 -0.02300 -0.00922
v -0.02695 -0.02300 -0.01054
v -0.02034 -0.02300 -0.00340
v -0.02061 -0.02300 -0.00200
v -0.02745 -0.02300 0.00169
v -0.02014 -0.02300 -0.00066
v -0.02683 -0.02300 0.00603
v -0.01906 -0.02300 0.00027
v -0.01766 -0.02300 0.00053
v -0.02653 -0.02300 0.00723
v -0.01028 -0.02300 0.00717
v -0.01482 -0.02300 0.00947
v -0.01381 -0.02300 0.00829
v -0.01352 -0.02300 0.00677
v -0.01403 -0.02300 0.00530
v -0.01521 -0.02300 0.00429
v -0.01673 -0.02300 0.00400
v -0.01820 -0.02300 0.00451
v -0.02265 -0.02300 0.01559
v -0.01629 -0.02300 0.00998
v -0.01921 -0.02300 0.00569
v -0.01950 -0.02300 0.00722
v -0.02523 -0.02300 0.01094
v -0.01899 -0.02300 0.00868
v -0.01781 -0.02300 0.00969
v -0.00539 -0.02300 0.01435
v -0.00930 -0.02300 0.01664
v -0.00837 -0.02300 0.01556
v -0.01204 -0.02300 0.01684
v -0.01064 -0.02300 0.01711
v -0.01644 -0.02300 0.02205
v -0.00929 -0.02300 0.00863
v -0.01105 -0.02300 0.01162
v -0.01239 -0.02300 0.01209
v -0.01312 -0.02300 0.01591
v -0.02000 -0.02300 0.01888
v -0.01359 -0.02300 0.01457
v -0.02160 -0.02300 0.01702
v -0.01332 -0.02300 0.01317
v -0.00810 -0.02300 0.01416
v -0.00857 -0.02300 0.01282
v -0.00965 -0.02300 0.01189
v -0.00465 -0.02300 0.01543
v -0.01531 -0.02300 0.02285
v 0.00624 -0.02300 0.02678
v -0.00326 -0.02300 0.02731
v -0.00200 -0.02300 0.02061
v 0.00006 -0.02300 0.01632
v -0.00032 -0.02300 0.01520
v 0.00734 -0.02300 0.02650
v -0.00066 -0.02300 0.02014
v 0.00027 -0.02300 0.01906
v 0.00053 -0.02300 0.01766
v 0.00583 -0.02300 0.01905
v 0.00722 -0.02300 0.01932
v 0.01499 -0.02300 0.02306
v 0.00857 -0.02300 0.01885
v 0.00950 -0.02300 0.01777
v 0.00475 -0.02300 0.01812
v 0.00428 -0.02300 0.01678
v 0.00540 -0.02300 0.01130
v 0.00547 -0.02300 0.01430
v 0.00454 -0.02300 0.01538
v 0.00976 -0.02300 0.01637
v 0.00929 -0.02300 0.01503
v 0.00697 -0.02300 0.01023
v 0.00821 -0.02300 0.01410
v 0.00681 -0.02300 0.01383
v 0.02195 -0.02300 0.01657
v 0.01701 -0.02300 0.01211
v 0.01730 -0.02300 0.01058
v 0.01453 -0.02300 0.01380
v 0.01600 -0.02300 0.01328
v 0.01423 -0.02300 0.00528
v 0.01679 -0.02300 0.00911
v 0.01561 -0.02300 0.00810
v 0.01431 -0.02300 0.00780
v 0.01301 -0.02300 0.00810
v 0.01197 -0.02300 0.00893
v 0.01139 -0.02300 0.01014
v 0.01139 -0.02300 0.01147
v 0.01196 -0.02300 0.01267
v 0.01301 -0.02300 0.01351
v 0.01667 -0.02300 0.00469
v 0.01559 -0.02300 0.00376
v 0.01534 -0.02300 0.00452
v 0.01408 -0.02300 0.00267
v 0.01807 -0.02300 0.00495
v 0.01941 -0.02300 0.00448
v 0.02628 -0.02300 0.00810
v 0.02034 -0.02300 0.00340
v 0.02061 -0.02300 0.00200
v 0.02187 -0.02300 0.00007
v -0.00737 -0.02300 -0.02649
v -0.00590 -0.02300 -0.02686
v -0.00722 -0.02300 -0.01932
v -0.01470 -0.02300 -0.02324
v -0.00857 -0.02300 -0.01885
v -0.00929 -0.02300 -0.01503
v -0.00976 -0.02300 -0.01637
v -0.00950 -0.02300 -0.01777
v -0.02542 -0.02300 -0.02956
v -0.02449 -0.02300 -0.02989
v -0.02395 -0.02300 -0.01946
v -0.02351 -0.02300 -0.02974
v -0.02503 -0.02300 -0.01873
v -0.02561 -0.02300 -0.02941
v -0.03549 -0.02300 -0.01579
v -0.03491 -0.02300 -0.01432
v -0.03535 -0.02300 -0.01499
v -0.00102 -0.02300 0.01539
v -0.00241 -0.02300 0.01512
v -0.00376 -0.02300 0.01559
v -0.01291 -0.02300 -0.00328
v -0.01561 -0.02300 -0.00723
v -0.01416 -0.02300 -0.00810
v -0.01750 -0.02300 -0.01001
v -0.01664 -0.02300 -0.00930
v -0.01556 -0.02300 -0.00837
v -0.01823 -0.02300 -0.02336
v -0.01457 -0.02300 -0.01359
v -0.01591 -0.02300 -0.01312
v -0.01684 -0.02300 -0.01204
v -0.01711 -0.02300 -0.01064
v -0.01162 -0.02300 -0.01105
v -0.01189 -0.02300 -0.00965
v 0.02476 -0.02300 -0.00620
v 0.01905 -0.02300 -0.00582
v 0.01932 -0.02300 -0.00702
v 0.02086 -0.02300 -0.01192
v 0.01905 -0.02300 -0.00821
v 0.01829 -0.02300 -0.00917
v 0.01719 -0.02300 -0.00970
v 0.01986 -0.02300 -0.01338
v 0.01596 -0.02300 -0.00970
v 0.01498 -0.02300 -0.01005
v 0.01486 -0.02300 -0.00917
v 0.01236 -0.02300 -0.00827
v 0.01410 -0.02300 -0.00821
v 0.01336 -0.02300 -0.00681
v 0.01538 -0.02300 -0.00454
v 0.01726 -0.02300 -0.00108
v 0.01430 -0.02300 -0.00547
v 0.01383 -0.02300 -0.00681
v 0.00175 -0.02300 -0.01483
v 0.00309 -0.02300 -0.01493
v 0.00275 -0.02300 -0.01395
v 0.00424 -0.02300 -0.01559
v 0.00667 -0.02300 -0.01662
v 0.00499 -0.02300 -0.01670
v 0.00051 -0.02300 -0.01532
v 0.00164 -0.02300 -0.01320
v -0.00040 -0.02300 -0.01629
v 0.00361 -0.02300 -0.02726
v 0.00207 -0.02300 -0.02336
v -0.00184 -0.02300 -0.02069
v -0.00050 -0.02300 -0.01910
v 0.00519 -0.02300 -0.01802
v 0.00468 -0.02300 -0.01948
v 0.00397 -0.02300 -0.02058
v 0.00350 -0.02300 -0.02050
v 0.00198 -0.02300 -0.02079
v 0.00051 -0.02300 -0.02027
v 0.01766 -0.02300 -0.00053
v 0.01632 -0.02300 -0.00006
v 0.01334 -0.02300 0.00158
v 0.01539 -0.02300 0.00102
v 0.01512 -0.02300 0.00242
v 0.01906 -0.02300 -0.00027
v 0.01312 -0.02300 -0.01591
v 0.01359 -0.02300 -0.01457
v 0.01341 -0.02300 -0.01336
v 0.00930 -0.02300 -0.01209
v 0.01044 -0.02300 -0.01165
v 0.01166 -0.02300 -0.01174
v 0.01272 -0.02300 -0.01235
v 0.00845 -0.02300 -0.00560
v 0.00846 -0.02300 -0.01299
v 0.00810 -0.02300 -0.01416
v 0.00732 -0.02300 -0.01567
v 0.00837 -0.02300 -0.01556
v 0.01204 -0.02300 -0.01684
v 0.01064 -0.02300 -0.01711
v 0.00930 -0.02300 -0.01664
v -0.01512 -0.02300 -0.00241
v -0.01559 -0.02300 -0.00376
v -0.01399 -0.02300 -0.00254
v -0.01669 -0.02300 -0.00649
v -0.01667 -0.02300 -0.00469
v -0.01807 -0.02300 -0.00495
v -0.00562 -0.02300 -0.00825
v -0.00071 -0.02300 -0.00947
v 0.00785 -0.02300 -0.00535
v 0.00793 -0.02300 -0.00523
v 0.00944 -0.02300 -0.00414
v 0.00879 -0.02300 -0.00360
v 0.00906 -0.02300 -0.00287
v 0.01223 -0.02300 0.00234
v 0.00947 -0.02300 -0.00071
v 0.00856 -0.02300 0.00412
v 0.01297 -0.02300 0.00342
v 0.00535 -0.02300 0.00785
v 0.00071 -0.02300 0.00947
v -0.00232 -0.02300 0.01226
v -0.00412 -0.02300 0.00856
v -0.00608 -0.02300 0.00730
v -0.00947 -0.02300 0.00071
v -0.01226 -0.02300 -0.00232
v -0.00856 -0.02300 -0.00412
v -0.00687 -0.02300 -0.00656
v -0.00535 -0.02300 -0.00785
v -0.00719 -0.02300 -0.00718
v -0.01282 -0.02300 -0.00857
v -0.00821 -0.02300 -0.01410
v -0.00681 -0.02300 -0.01383
v -0.00547 -0.02300 -0.01430
v -0.00454 -0.02300 -0.01538
v -0.00428 -0.02300 -0.01678
v -0.00475 -0.02300 -0.01812
v -0.00582 -0.02300 -0.01905
v -0.01334 -0.02300 -0.00158
v -0.00830 -0.02300 0.00582
v -0.00730 -0.02300 0.00728
v -0.00469 -0.02300 0.01667
v -0.01327 -0.02300 0.02409
v -0.00495 -0.02300 0.01807
v -0.01237 -0.02300 0.02456
v -0.00448 -0.02300 0.01941
v -0.00340 -0.02300 0.02034
v -0.01859 -0.02300 -0.00928
v -0.00785 -0.02300 0.00535
v 0.00414 -0.02300 0.00944
v 0.00571 -0.02300 0.00837
v -0.02272 -0.02300 -0.02913
v -0.01867 -0.02300 -0.02393
v -0.00777 -0.02300 0.00547
v -0.00656 -0.02300 0.00687
v 0.00469 -0.02300 -0.02514
v 0.00658 -0.02300 -0.02236
v 0.02061 -0.02300 -0.00178
v 0.02676 -0.02300 -0.00326
v 0.02550 -0.02300 -0.00512
v 0.02014 -0.02300 0.00066
v 0.00658 -0.02300 -0.02670
v 0.01065 -0.02300 -0.02535
v 0.02537 -0.02300 -0.01062
v 0.02653 -0.02300 -0.00723
v 0.02687 -0.02300 -0.00587
v 0.02728 -0.02300 -0.00349
v 0.02737 -0.02300 -0.00271
v 0.02747 -0.02300 -0.00134
v -0.00582 -0.01850 -0.01905
v -0.00722 -0.01850 -0.01932
v -0.00857 -0.01850 -0.01885
v -0.00950 -0.01850 -0.01777
v -0.00976 -0.01850 -0.01637
v -0.00929 -0.01850 -0.01503
v -0.00821 -0.01850 -0.01410
v -0.00681 -0.01850 -0.01383
v -0.00547 -0.01850 -0.01430
v -0.00454 -0.01850 -0.01538
v -0.00428 -0.01850 -0.01678
v -0.00475 -0.01850 -0.01812
v -0.01151 -0.01850 -0.01624
v -0.01074 -0.01850 -0.01404
v -0.00897 -0.01850 -0.01252
v -0.00668 -0.01850 -0.01209
v -0.00448 -0.01850 -0.01286
v -0.00296 -0.01850 -0.01462
v -0.00253 -0.01850 -0.01691
v -0.00330 -0.01850 -0.01911
v -0.00507 -0.01850 -0.02063
v -0.00735 -0.01850 -0.02106
v -0.00955 -0.01850 -0.02029
v -0.01107 -0.01850 -0.01853
v -0.00448 -0.01450 -0.01286
v -0.00668 -0.01450 -0.01209
v -0.00897 -0.01450 -0.01252
v -0.01074 -0.01450 -0.01404
v -0.01151 -0.01450 -0.01624
v -0.01107 -0.01450 -0.01853
v -0.00955 -0.01450 -0.02029
v -0.00735 -0.01450 -0.02106
v -0.00507 -0.01450 -0.02063
v -0.00330 -0.01450 -0.01911
v -0.00253 -0.01450 -0.01691
v -0.00296 -0.01450 -0.01462
v 0.01338 -0.01450 0.00255
v 0.01381 -0.01450 0.00026
v 0.01296 -0.01450 -0.00056
v 0.01533 -0.01450 -0.00151
v 0.01753 -0.01450 -0.00228
v 0.01614 -0.01450 -0.00273
v 0.00051 -0.01450 -0.02027
v -0.00014 -0.01450 -0.01978
v -0.00050 -0.01450 -0.01910
v 0.01431 -0.01450 0.00780
v 0.01561 -0.01450 0.00810
v 0.01367 -0.01450 0.00516
v 0.00779 -0.01450 -0.02637
v 0.00808 -0.01450 -0.02539
v 0.00868 -0.01450 -0.02609
v -0.00494 -0.01450 -0.02705
v -0.00487 -0.01450 -0.02672
v -0.00478 -0.01450 -0.02708
v -0.01713 -0.01450 -0.02151
v -0.01562 -0.01450 -0.01939
v -0.01245 -0.01450 -0.02155
v -0.00889 -0.01450 0.01031
v -0.00713 -0.01450 0.01183
v -0.00526 -0.01450 0.01186
v 0.00711 -0.01450 0.02657
v 0.00274 -0.01450 0.02014
v 0.00113 -0.01450 0.02124
v 0.01151 -0.01450 0.01624
v 0.01107 -0.01450 0.01853
v 0.01376 -0.01450 0.02381
v 0.00955 -0.01450 0.02029
v 0.00742 -0.01450 0.02648
v -0.00066 -0.01450 0.02014
v -0.00274 -0.01450 0.02736
v 0.00678 -0.01450 0.02665
v -0.00200 -0.01450 0.02061
v -0.00340 -0.01450 0.02034
v -0.01193 -0.01450 0.02478
v -0.00448 -0.01450 0.01941
v -0.01364 -0.01450 0.02388
v -0.00495 -0.01450 0.01807
v -0.01495 -0.01450 0.02308
v -0.00469 -0.01450 0.01667
v -0.00319 -0.01450 0.01490
v -0.00636 -0.01450 0.01403
v -0.00679 -0.01450 0.01632
v -0.00376 -0.01450 0.01559
v -0.00831 -0.01450 0.01808
v -0.01118 -0.01450 0.00988
v -0.00853 -0.01450 0.00706
v -0.01051 -0.01450 0.01885
v -0.01280 -0.01450 0.01842
v -0.01808 -0.01450 0.02072
v -0.01456 -0.01450 0.01690
v -0.01969 -0.01450 0.01920
v -0.01533 -0.01450 0.01470
v -0.02213 -0.01450 0.01633
v -0.01490 -0.01450 0.01241
v -0.01338 -0.01450 0.01065
v -0.00904 -0.01450 0.00632
v -0.01381 -0.01450 0.00829
v -0.01482 -0.01450 0.00947
v -0.01673 -0.01450 0.00400
v -0.01521 -0.01450 0.00429
v -0.01303 -0.01450 0.00046
v -0.01403 -0.01450 0.00530
v -0.01352 -0.01450 0.00677
v -0.02265 -0.01450 0.01560
v -0.01820 -0.01450 0.00451
v -0.02594 -0.01450 0.00914
v -0.01921 -0.01450 0.00569
v -0.01629 -0.01450 0.00998
v -0.01781 -0.01450 0.00969
v -0.02507 -0.01450 0.01131
v -0.01899 -0.01450 0.00868
v -0.01950 -0.01450 0.00722
v -0.01381 -0.01450 -0.00026
v -0.01533 -0.01450 0.00151
v -0.01753 -0.01450 0.00228
v -0.02680 -0.01450 0.00614
v -0.01982 -0.01450 0.00185
v -0.02691 -0.01450 0.00564
v -0.02158 -0.01450 0.00033
v -0.02742 -0.01450 0.00205
v -0.02235 -0.01450 -0.00187
v -0.02746 -0.01450 -0.00146
v -0.02192 -0.01450 -0.00416
v -0.02040 -0.01450 -0.00593
v -0.01836 -0.01450 -0.00736
v -0.01932 -0.01450 -0.00877
v -0.02647 -0.01450 -0.00745
v -0.02309 -0.01450 -0.01430
v -0.02233 -0.01450 -0.01605
v -0.01549 -0.01450 -0.02272
v -0.00705 -0.01450 -0.02524
v -0.00678 -0.01450 -0.02665
v -0.00052 -0.01450 -0.02749
v 0.00207 -0.01450 -0.02336
v 0.00274 -0.01450 -0.02736
v 0.00654 -0.01450 -0.02671
v 0.01193 -0.01450 -0.02478
v 0.01150 -0.01450 -0.02038
v 0.01509 -0.01450 -0.02299
v 0.01177 -0.01450 -0.01998
v 0.01552 -0.01450 -0.02270
v 0.01799 -0.01450 -0.02080
v 0.01280 -0.01450 -0.01842
v 0.01051 -0.01450 -0.01885
v 0.01969 -0.01450 -0.01920
v 0.01456 -0.01450 -0.01690
v 0.01533 -0.01450 -0.01470
v 0.01741 -0.01450 -0.01171
v 0.01791 -0.01450 -0.01097
v 0.02507 -0.01450 -0.01131
v 0.02407 -0.01450 -0.00193
v 0.02695 -0.01450 -0.00548
v 0.02325 -0.01450 -0.00313
v 0.02590 -0.01450 -0.00925
v 0.02118 -0.01450 -0.00616
v 0.02724 -0.01450 0.00375
v 0.02742 -0.01450 -0.00205
v 0.02721 -0.01450 -0.00397
v 0.01679 -0.01450 0.00911
v 0.01730 -0.01450 0.01058
v 0.02233 -0.01450 0.01606
v 0.01701 -0.01450 0.01211
v 0.01702 -0.01450 0.02160
v 0.01600 -0.01450 0.01328
v 0.01453 -0.01450 0.01380
v 0.01177 -0.01450 0.01399
v 0.00535 -0.01450 0.00785
v 0.00745 -0.01450 0.00765
v 0.00856 -0.01450 0.00412
v 0.01285 -0.01450 0.00396
v 0.01078 -0.01450 0.00093
v 0.00785 -0.01450 -0.00535
v 0.00793 -0.01450 -0.00523
v 0.00919 -0.01450 -0.00610
v 0.00841 -0.01450 -0.00442
v 0.00412 -0.01450 -0.00856
v 0.00519 -0.01450 -0.01196
v 0.00301 -0.01450 -0.01047
v -0.00071 -0.01450 -0.00947
v 0.00137 -0.01450 -0.01289
v -0.00404 -0.01450 -0.00921
v -0.00856 -0.01450 -0.00412
v -0.01116 -0.01450 -0.00081
v -0.00947 -0.01450 0.00071
v -0.01142 -0.01450 -0.00063
v -0.00785 -0.01450 0.00535
v -0.00777 -0.01450 0.00547
v -0.00719 -0.01450 0.00621
v -0.00680 -0.01450 0.00664
v -0.00412 -0.01450 0.00856
v -0.00339 -0.01450 0.01059
v 0.00071 -0.01450 0.00947
v -0.00132 -0.01450 0.01362
v 0.00428 -0.01450 0.00981
v 0.01139 -0.01450 0.01147
v 0.00827 -0.01450 0.00884
v 0.01196 -0.01450 0.01267
v 0.01301 -0.01450 0.01351
v 0.01139 -0.01450 0.01014
v 0.01197 -0.01450 0.00893
v 0.01301 -0.01450 0.00810
v 0.01820 -0.01450 0.00670
v 0.01591 -0.01450 0.00626
v 0.00304 -0.01450 -0.02195
v 0.00198 -0.01450 -0.02079
v 0.00519 -0.01450 -0.01802
v 0.00645 -0.01450 -0.01694
v 0.00468 -0.01450 -0.01948
v 0.00350 -0.01450 -0.02050
v -0.00110 -0.01450 -0.02119
v -0.00040 -0.01450 -0.01629
v -0.00079 -0.01450 -0.01757
v -0.00232 -0.01450 -0.01830
v 0.00499 -0.01450 -0.01670
v 0.00424 -0.01450 -0.01559
v 0.00327 -0.01450 -0.01477
v 0.00309 -0.01450 -0.01493
v 0.00109 -0.01450 -0.01329
v 0.00175 -0.01450 -0.01483
v 0.00051 -0.01450 -0.01532
v -0.01649 -0.01450 -0.00864
v -0.01415 -0.01450 -0.00474
v -0.01308 -0.01450 -0.00363
v -0.01402 -0.01450 -0.00454
v -0.01334 -0.01450 -0.00345
v -0.01350 -0.01450 -0.00330
v -0.01340 -0.01450 -0.00280
v -0.01820 -0.01450 -0.00670
v -0.01591 -0.01450 -0.00626
v -0.01675 -0.01450 -0.00846
v 0.00736 -0.01450 0.02106
v 0.00507 -0.01450 0.02063
v 0.00300 -0.01450 0.01996
v 0.00330 -0.01450 0.01911
v -0.00051 -0.01450 0.01482
v 0.00253 -0.01450 0.01691
v 0.00297 -0.01450 0.01462
v 0.00509 -0.01450 0.01100
v 0.01549 -0.01450 0.02272
v 0.01074 -0.01450 0.01404
v 0.00897 -0.01450 0.01252
v 0.00668 -0.01450 0.01209
v 0.00448 -0.01450 0.01286
v 0.01415 -0.01450 0.00474
v 0.01936 -0.01450 0.00882
v 0.02040 -0.01450 0.00593
v 0.02253 -0.01450 0.00665
v 0.02192 -0.01450 0.00416
v 0.02235 -0.01450 0.00187
v 0.02647 -0.01450 0.00745
v 0.02158 -0.01450 -0.00032
v 0.01982 -0.01450 -0.00184
v 0.00831 -0.01450 -0.01808
v 0.00672 -0.01450 -0.01654
v 0.00355 -0.01450 -0.01437
v 0.00636 -0.01450 -0.01403
v 0.01490 -0.01450 -0.01241
v 0.01338 -0.01450 -0.01065
v 0.01236 -0.01450 -0.00827
v 0.01118 -0.01450 -0.00988
v 0.00889 -0.01450 -0.01031
v 0.00713 -0.01450 -0.01183
v -0.00328 -0.01450 -0.01971
v -0.00431 -0.01450 -0.00961
v 0.01905 -0.01450 -0.00821
v 0.01932 -0.01450 -0.00702
v 0.01905 -0.01450 -0.00582
v 0.01812 -0.01450 -0.00475
v 0.01678 -0.01450 -0.00428
v 0.01538 -0.01450 -0.00454
v 0.01430 -0.01450 -0.00547
v 0.01286 -0.01450 -0.00753
v 0.01383 -0.01450 -0.00681
v 0.01410 -0.01450 -0.00821
v 0.01829 -0.01450 -0.00917
v 0.01486 -0.01450 -0.00917
v 0.01596 -0.01450 -0.00970
v 0.01719 -0.01450 -0.00970
v -0.01282 -0.01450 -0.00857
v -0.01189 -0.01450 -0.00965
v -0.00748 -0.01450 -0.00744
v -0.01162 -0.01450 -0.01105
v -0.01209 -0.01450 -0.01239
v -0.01457 -0.01450 -0.01359
v -0.01317 -0.01450 -0.01332
v -0.01186 -0.01450 -0.01386
v -0.01089 -0.01450 -0.01245
v -0.02193 -0.01450 -0.01659
v -0.02122 -0.01450 -0.01558
v -0.01591 -0.01450 -0.01312
v -0.01416 -0.01450 -0.00810
v -0.01556 -0.01450 -0.00837
v -0.01664 -0.01450 -0.00930
v -0.01745 -0.01450 -0.01005
v -0.01711 -0.01450 -0.01064
v -0.01684 -0.01450 -0.01204
v -0.00076 -0.01450 0.01499
v 0.00006 -0.01450 0.01632
v 0.00053 -0.01450 0.01766
v 0.00027 -0.01450 0.01906
v -0.00158 -0.01450 0.01380
v -0.00241 -0.01450 0.01512
v -0.00102 -0.01450 0.01539
v -0.00365 -0.01450 0.01076
v -0.00590 -0.01450 0.00745
v 0.00969 -0.01450 -0.00536
v 0.00941 -0.01450 -0.00134
v 0.00947 -0.01450 -0.00071
v -0.00535 -0.01450 -0.00785
v -0.00721 -0.01450 -0.00704
v -0.01281 -0.01450 -0.00323
v -0.01306 -0.01450 -0.00305
v -0.01338 -0.01450 -0.00254
v 0.00679 -0.01450 -0.01632
v -0.01771 -0.01450 -0.00987
v -0.02148 -0.01450 -0.01540
v -0.02213 -0.01450 -0.01633
v -0.00831 -0.01850 0.01808
v -0.01051 -0.01850 0.01885
v -0.01280 -0.01850 0.01842
v -0.01456 -0.01850 0.01690
v -0.01533 -0.01850 0.01470
v -0.01490 -0.01850 0.01241
v -0.01338 -0.01850 0.01065
v -0.01118 -0.01850 0.00988
v -0.00889 -0.01850 0.01031
v -0.00713 -0.01850 0.01183
v -0.00636 -0.01850 0.01403
v -0.00679 -0.01850 0.01632
v -0.01312 -0.01850 0.01591
v -0.01204 -0.01850 0.01684
v -0.01064 -0.01850 0.01711
v -0.00930 -0.01850 0.01664
v -0.00837 -0.01850 0.01556
v -0.00810 -0.01850 0.01416
v -0.00857 -0.01850 0.01282
v -0.00965 -0.01850 0.01189
v -0.01105 -0.01850 0.01162
v -0.01239 -0.01850 0.01209
v -0.01332 -0.01850 0.01317
v -0.01359 -0.01850 0.01457
v 0.01338 -0.01850 -0.01065
v 0.01118 -0.01850 -0.00988
v 0.00889 -0.01850 -0.01031
v 0.00713 -0.01850 -0.01183
v 0.00636 -0.01850 -0.01403
v 0.00679 -0.01850 -0.01632
v 0.00831 -0.01850 -0.01808
v 0.01051 -0.01850 -0.01885
v 0.01280 -0.01850 -0.01842
v 0.01456 -0.01850 -0.01690
v 0.01533 -0.01850 -0.01470
v 0.01490 -0.01850 -0.01241
v 0.01044 -0.01850 -0.01165
v 0.00930 -0.01850 -0.01209
v 0.00846 -0.01850 -0.01299
v 0.00810 -0.01850 -0.01416
v 0.00837 -0.01850 -0.01556
v 0.00930 -0.01850 -0.01664
v 0.01064 -0.01850 -0.01711
v 0.01204 -0.01850 -0.01684
v 0.01312 -0.01850 -0.01591
v 0.01359 -0.01850 -0.01457
v 0.01341 -0.01850 -0.01336
v 0.01272 -0.01850 -0.01235
v 0.01166 -0.01850 -0.01174
v 0.02040 -0.01850 0.00593
v 0.01820 -0.01850 0.00670
v 0.01591 -0.01850 0.00626
v 0.01415 -0.01850 0.00474
v 0.01338 -0.01850 0.00255
v 0.01381 -0.01850 0.00026
v 0.01533 -0.01850 -0.00151
v 0.01753 -0.01850 -0.00228
v 0.01982 -0.01850 -0.00184
v 0.02158 -0.01850 -0.00032
v 0.02235 -0.01850 0.00187
v 0.02192 -0.01850 0.00416
v 0.01559 -0.01850 0.00376
v 0.01667 -0.01850 0.00469
v 0.01807 -0.01850 0.00495
v 0.01941 -0.01850 0.00448
v 0.02034 -0.01850 0.00340
v 0.02061 -0.01850 0.00200
v 0.02014 -0.01850 0.00066
v 0.01906 -0.01850 -0.00027
v 0.01766 -0.01850 -0.00053
v 0.01632 -0.01850 -0.00006
v 0.01539 -0.01850 0.00102
v 0.01512 -0.01850 0.00242
v 0.00955 -0.01850 0.02029
v 0.00736 -0.01850 0.02106
v 0.00507 -0.01850 0.02063
v 0.00330 -0.01850 0.01911
v 0.00253 -0.01850 0.01691
v 0.00297 -0.01850 0.01462
v 0.00448 -0.01850 0.01286
v 0.00668 -0.01850 0.01209
v 0.00897 -0.01850 0.01252
v 0.01074 -0.01850 0.01404
v 0.01151 -0.01850 0.01624
v 0.01107 -0.01850 0.01853
v 0.00428 -0.01850 0.01678
v 0.00475 -0.01850 0.01812
v 0.00583 -0.01850 0.01905
v 0.00722 -0.01850 0.01932
v 0.00857 -0.01850 0.01885
v 0.00950 -0.01850 0.01777
v 0.00976 -0.01850 0.01637
v 0.00929 -0.01850 0.01503
v 0.00821 -0.01850 0.01410
v 0.00681 -0.01850 0.01383
v 0.00547 -0.01850 0.01430
v 0.00454 -0.01850 0.01538
v -0.01533 -0.01850 0.00151
v -0.01753 -0.01850 0.00228
v -0.01982 -0.01850 0.00185
v -0.02158 -0.01850 0.00033
v -0.02235 -0.01850 -0.00187
v -0.02192 -0.01850 -0.00416
v -0.02040 -0.01850 -0.00593
v -0.01820 -0.01850 -0.00670
v -0.01591 -0.01850 -0.00626
v -0.01415 -0.01850 -0.00474
v -0.01338 -0.01850 -0.00254
v -0.01381 -0.01850 -0.00026
v -0.02061 -0.01850 -0.00200
v -0.02014 -0.01850 -0.00066
v -0.01906 -0.01850 0.00027
v -0.01766 -0.01850 0.00053
v -0.01631 -0.01850 0.00006
v -0.01539 -0.01850 -0.00102
v -0.01512 -0.01850 -0.00241
v -0.01559 -0.01850 -0.00376
v -0.01667 -0.01850 -0.00469
v -0.01807 -0.01850 -0.00495
v -0.01941 -0.01850 -0.00448
v -0.02034 -0.01850 -0.00340
v 0.05660 -0.00835 -0.02334
v 0.05570 -0.00921 -0.02406
v 0.05437 -0.00963 -0.02609
v 0.06155 -0.00775 -0.01869
v 0.06130 -0.00750 -0.01917
v 0.05917 -0.00766 -0.02084
v 0.05291 -0.01108 -0.02833
v -0.01334 -0.00850 -0.05800
v -0.01466 -0.00826 -0.05768
v -0.01707 -0.00552 -0.05698
v -0.01699 -0.00581 -0.05701
v -0.01630 -0.00707 -0.05722
v -0.01616 -0.00724 -0.05726
v -0.01588 -0.00751 -0.05734
v -0.01720 -0.00450 -0.05694
v -0.01709 -0.00355 -0.05698
v -0.01694 -0.00306 -0.05702
v -0.01620 -0.00181 -0.05725
v -0.01527 -0.00103 -0.05751
v -0.01392 -0.00054 -0.05786
v -0.01334 -0.00050 -0.05800
v -0.00940 -0.00440 -0.05873
v -0.01194 -0.00076 -0.05830
v -0.01070 -0.00154 -0.05853
v -0.01049 -0.00175 -0.05857
v -0.00951 -0.00355 -0.05872
v -0.00971 -0.00296 -0.05869
v -0.01043 -0.00182 -0.05858
v -0.00978 -0.00619 -0.05868
v -0.00953 -0.00552 -0.05871
v -0.00941 -0.00480 -0.05873
v -0.01194 -0.00823 -0.05830
v -0.01071 -0.00747 -0.05853
v -0.01062 -0.00739 -0.05854
v -0.01277 -0.00850 -0.05555
v -0.01154 -0.00830 -0.05582
v -0.01111 -0.00812 -0.05591
v -0.00992 -0.00724 -0.05613
v -0.00969 -0.00697 -0.05617
v -0.00897 -0.00552 -0.05629
v -0.00892 -0.00529 -0.05630
v -0.00893 -0.00370 -0.05630
v -0.00969 -0.00203 -0.05617
v -0.00987 -0.00182 -0.05614
v -0.01097 -0.00095 -0.05593
v -0.01147 -0.00073 -0.05583
v -0.01268 -0.00050 -0.05557
v -0.01277 -0.00050 -0.05555
v -0.01288 -0.00850 -0.05553
v -0.01457 -0.00804 -0.05510
v -0.01560 -0.00724 -0.05482
v -0.01583 -0.00695 -0.05476
v -0.01651 -0.00552 -0.05456
v -0.01657 -0.00529 -0.05454
v -0.01657 -0.00372 -0.05454
v -0.01582 -0.00203 -0.05476
v -0.01443 -0.00088 -0.05514
v 0.04988 -0.00916 -0.02759
v 0.05476 -0.01421 -0.01582
v 0.05306 -0.01099 -0.02083
v 0.05274 -0.01062 -0.02161
v 0.05147 -0.00957 -0.02448
v 0.05052 -0.00922 -0.02640
v 0.06040 -0.00626 -0.01614
v 0.05640 -0.00626 -0.01930
v 0.05382 -0.00660 -0.02194
v 0.05163 -0.00759 -0.02477
v 0.08512 -0.00626 0.00039
v 0.08578 -0.00687 0.00157
v 0.08563 -0.00755 0.00229
v 0.08573 -0.00730 0.00204
v 0.08546 -0.00632 0.00071
v 0.08555 -0.00638 0.00084
v 0.08572 -0.00660 0.00121
v 0.05967 -0.01176 -0.01001
v 0.05873 -0.00926 -0.01365
v 0.05583 -0.01361 -0.01316
v 0.05769 -0.01316 -0.01038
v 0.05732 -0.01174 -0.01226
v 0.05540 -0.01242 -0.01481
v 0.05689 -0.01053 -0.01397
v 0.05761 -0.00759 -0.01652
v 0.05510 -0.00697 -0.01981
v 0.05367 -0.00904 -0.02019
v 0.05264 -0.00795 -0.02272
v 0.21295 -0.00450 0.07150
v 0.21312 -0.00450 0.07158
v 0.21260 -0.00686 0.07093
v 0.20975 -0.00922 0.06758
v 0.20907 -0.01015 0.06518
v 0.20887 -0.00979 0.06529
v 0.21014 -0.00951 0.06744
v 0.21113 -0.00829 0.06942
v 0.21242 -0.00675 0.07088
v 0.21124 -0.00836 0.06940
v 0.21145 -0.00854 0.06940
v 0.21002 -0.00939 0.06747
v 0.20872 -0.00966 0.06536
v 0.20989 -0.00929 0.06752
v 0.20854 -0.00956 0.06545
v 0.20840 -0.00952 0.06552
v 0.21162 -0.00876 0.06945
v 0.21032 -0.00980 0.06743
v 0.20502 -0.01015 0.05252
v 0.20668 -0.01015 0.05948
v 0.20646 -0.00979 0.05955
v 0.20612 -0.00956 0.05966
v 0.20458 -0.01015 0.04635
v 0.20479 -0.00979 0.05255
v 0.20435 -0.00979 0.04635
v 0.20443 -0.00956 0.05260
v 0.20398 -0.00956 0.04635
v 0.20434 -0.00958 0.04136
v 0.20488 -0.01012 0.04143
v 0.20576 -0.01012 0.03664
v 0.20466 -0.00979 0.04140
v 0.20555 -0.00979 0.03659
v 0.20524 -0.00958 0.03651
v 0.20740 -0.01015 0.03153
v 0.20719 -0.00979 0.03144
v 0.20685 -0.00956 0.03131
v 0.20968 -0.01015 0.02667
v 0.20948 -0.00979 0.02656
v 0.20917 -0.00956 0.02638
v 0.21060 -0.00871 0.02397
v 0.21091 -0.00886 0.02406
v 0.21147 -0.00797 0.02323
v 0.21012 -0.00973 0.02557
v 0.21030 -0.01003 0.02560
v 0.21128 -0.00921 0.02402
v 0.21000 -0.00961 0.02553
v 0.20972 -0.00944 0.02541
v 0.21027 -0.00865 0.02380
v 0.20971 -0.00919 0.02469
v 0.20940 -0.00938 0.02523
v 0.21114 -0.00785 0.02316
v 0.21204 -0.00629 0.02242
v 0.21170 -0.00623 0.02239
v 0.21081 -0.00780 0.02299
v 0.21137 -0.00620 0.02223
v 0.21188 -0.00825 0.02313
v 0.21249 -0.00643 0.02227
v 0.21104 -0.00895 0.02407
v 0.21161 -0.00804 0.02322
v 0.21219 -0.00633 0.02240
v 0.21056 -0.00619 0.02164
v 0.21002 -0.00777 0.02239
v 0.20988 -0.00804 0.02259
v 0.20941 -0.00871 0.02328
v 0.20890 -0.00919 0.02411
v 0.20854 -0.00939 0.02472
v 0.20743 -0.00979 0.02528
v 0.20774 -0.00956 0.02546
v 0.20820 -0.00949 0.02450
v 0.20722 -0.01015 0.02517
v 0.20796 -0.00970 0.02430
v 0.20782 -0.01001 0.02414
v 0.20848 -0.00940 0.02468
v 0.20996 -0.00778 0.02234
v 0.20935 -0.00871 0.02324
v 0.20910 -0.00879 0.02302
v 0.20892 -0.00897 0.02275
v 0.20972 -0.00783 0.02210
v 0.20957 -0.00798 0.02179
v 0.21027 -0.00622 0.02133
v 0.21014 -0.00630 0.02098
v 0.20884 -0.00924 0.02250
v 0.20954 -0.00819 0.02147
v 0.21015 -0.00641 0.02060
v 0.21050 -0.00619 0.02159
v 0.20472 -0.01015 0.03048
v 0.20528 -0.00956 0.03070
v 0.20494 -0.00979 0.03056
v 0.00570 -0.01450 -0.05495
v 0.00514 -0.01450 -0.05431
v 0.00498 -0.01450 -0.05347
v 0.00526 -0.01450 -0.05266
v 0.00591 -0.01450 -0.05210
v 0.00675 -0.01450 -0.05195
v 0.00756 -0.01450 -0.05223
v 0.00811 -0.01450 -0.05288
v 0.00827 -0.01450 -0.05371
v 0.00799 -0.01450 -0.05452
v 0.00734 -0.01450 -0.05508
v 0.00651 -0.01450 -0.05524
v 0.19297 -0.00803 0.01700
v 0.19336 -0.00774 0.01662
v 0.19297 -0.00804 0.01700
v 0.19265 -0.00880 0.01784
v 0.19274 -0.00951 0.01855
v 0.19284 -0.00974 0.01877
v 0.19319 -0.01024 0.01921
v 0.19346 -0.01048 0.01940
v 0.19390 -0.01075 0.01959
v 0.19410 -0.01083 0.01962
v 0.19467 -0.01090 0.01959
v 0.19522 -0.01078 0.01935
v 0.19561 -0.01048 0.01897
v 0.19562 -0.01047 0.01896
v 0.19594 -0.00971 0.01812
v 0.19584 -0.00901 0.01742
v 0.19540 -0.00827 0.01676
v 0.19574 -0.00877 0.01720
v 0.19391 -0.00761 0.01638
v 0.19449 -0.00769 0.01634
v 0.19468 -0.00776 0.01638
v 0.19513 -0.00803 0.01656
v 0.08692 -0.00864 0.00446
v 0.08659 -0.00906 0.00475
v 0.08652 -0.00918 0.00484
v 0.08620 -0.01016 0.00581
v 0.08622 -0.00996 0.00558
v 0.08638 -0.01070 0.00659
v 0.08629 -0.01058 0.00638
v 0.08723 -0.01087 0.00736
v 0.08675 -0.01089 0.00706
v 0.08829 -0.01033 0.00742
v 0.08791 -0.01059 0.00748
v 0.08748 -0.01080 0.00743
v 0.08878 -0.00987 0.00719
v 0.08931 -0.00781 0.00507
v 0.08940 -0.00793 0.00527
v 0.08910 -0.00945 0.00690
v 0.08917 -0.00934 0.00681
v 0.08948 -0.00855 0.00607
v 0.08950 -0.00835 0.00584
v 0.08895 -0.00762 0.00460
v 0.08846 -0.00764 0.00430
v 0.08822 -0.00772 0.00422
v 0.08779 -0.00792 0.00418
v 0.08740 -0.00819 0.00424
v -0.05065 -0.01450 0.01969
v -0.05121 -0.01450 0.02034
v -0.05137 -0.01450 0.02118
v -0.05109 -0.01450 0.02199
v -0.05044 -0.01450 0.02254
v -0.04960 -0.01450 0.02270
v -0.04880 -0.01450 0.02242
v -0.04824 -0.01450 0.02177
v -0.04808 -0.01450 0.02093
v -0.04836 -0.01450 0.02013
v -0.04901 -0.01450 0.01957
v -0.04985 -0.01450 0.01941
v -0.00756 -0.01450 0.05223
v -0.00811 -0.01450 0.05288
v -0.00827 -0.01450 0.05372
v -0.00799 -0.01450 0.05452
v -0.00734 -0.01450 0.05508
v -0.00650 -0.01450 0.05524
v -0.00570 -0.01450 0.05496
v -0.00514 -0.01450 0.05431
v -0.00498 -0.01450 0.05347
v -0.00526 -0.01450 0.05266
v -0.00591 -0.01450 0.05211
v -0.00675 -0.01450 0.05195
v 0.09181 -0.00773 0.06731
v 0.09151 -0.00791 0.06709
v 0.09133 -0.01011 0.06484
v 0.09169 -0.01050 0.06450
v 0.09098 -0.00929 0.06563
v 0.09127 -0.00814 0.06682
v 0.09106 -0.00852 0.06642
v 0.09097 -0.00914 0.06578
v 0.09223 -0.00762 0.06747
v 0.09235 -0.00761 0.06749
v 0.09294 -0.00769 0.06748
v 0.09355 -0.00802 0.06723
v 0.09391 -0.00840 0.06689
v 0.09425 -0.00923 0.06610
v 0.09426 -0.00937 0.06595
v 0.09417 -0.00999 0.06531
v 0.09396 -0.01037 0.06491
v 0.09372 -0.01061 0.06464
v 0.09342 -0.01078 0.06443
v 0.09300 -0.01090 0.06426
v 0.09288 -0.01091 0.06424
v 0.09229 -0.01082 0.06425
v 0.19107 -0.00772 0.07959
v 0.19076 -0.00790 0.07937
v 0.19023 -0.00929 0.07790
v 0.19027 -0.00950 0.07770
v 0.19053 -0.00950 0.07716
v 0.19031 -0.00852 0.07869
v 0.19055 -0.00810 0.07914
v 0.19148 -0.00762 0.07974
v 0.19163 -0.00761 0.07977
v 0.19221 -0.00770 0.07975
v 0.19279 -0.00802 0.07950
v 0.19053 -0.01007 0.07716
v 0.19093 -0.01050 0.07678
v 0.19021 -0.00899 0.07821
v 0.19192 -0.00950 0.07790
v 0.19349 -0.00923 0.07837
v 0.19351 -0.00937 0.07822
v 0.19341 -0.00999 0.07759
v 0.19321 -0.01037 0.07718
v 0.19297 -0.01061 0.07691
v 0.19267 -0.01078 0.07670
v 0.19224 -0.01090 0.07653
v 0.19213 -0.01091 0.07651
v 0.19154 -0.01082 0.07652
v 0.19315 -0.00840 0.07917
v -0.04403 -0.01450 -0.03390
v -0.04458 -0.01450 -0.03325
v -0.04474 -0.01450 -0.03241
v -0.04446 -0.01450 -0.03161
v -0.04381 -0.01450 -0.03105
v -0.04297 -0.01450 -0.03089
v -0.04217 -0.01450 -0.03117
v -0.04161 -0.01450 -0.03182
v -0.04145 -0.01450 -0.03266
v -0.04173 -0.01450 -0.03346
v -0.04238 -0.01450 -0.03402
v -0.04322 -0.01450 -0.03418
v 0.27846 0.03250 0.03009
v 0.27846 0.02950 0.03009
v 0.27761 0.03250 0.03039
v 0.27761 0.02950 0.03039
v 0.27672 0.03250 0.03023
v 0.27672 0.02950 0.03023
v 0.27603 0.03250 0.02963
v 0.27603 0.02950 0.02963
v 0.27573 0.03250 0.02878
v 0.27573 0.02950 0.02878
v 0.27590 0.03250 0.02789
v 0.27590 0.02950 0.02789
v 0.27649 0.03250 0.02720
v 0.27649 0.02950 0.02720
v 0.24027 0.03250 0.01633
v 0.24188 0.03250 0.01869
v 0.25071 0.03250 0.01267
v 0.22241 0.03250 0.06998
v 0.22878 0.03250 0.07933
v 0.23126 0.03250 0.07763
v 0.24041 0.03250 0.08338
v 0.24059 0.03250 0.08365
v 0.24630 0.03250 0.07976
v 0.25242 0.03250 0.07315
v 0.24290 0.03250 0.07386
v 0.24612 0.03250 0.07949
v 0.20678 0.03250 0.03343
v 0.20659 0.03250 0.03398
v 0.20916 0.03250 0.03754
v 0.20608 0.03250 0.03574
v 0.20517 0.03250 0.03989
v 0.20559 0.03250 0.03997
v 0.21245 0.03250 0.06370
v 0.21296 0.03250 0.06311
v 0.20660 0.03250 0.05902
v 0.28328 0.03250 0.06275
v 0.27550 0.03250 0.06801
v 0.27734 0.03250 0.07250
v 0.27588 0.03250 0.01882
v 0.26686 0.03250 0.01142
v 0.27315 0.03250 0.01664
v 0.26784 0.03250 0.02026
v 0.25162 0.03250 0.00594
v 0.25264 0.03250 0.00790
v 0.25447 0.03250 0.00646
v 0.23302 0.03250 0.00749
v 0.23579 0.03250 0.00975
v 0.24453 0.03250 0.00552
v 0.22254 0.03250 0.01262
v 0.23201 0.03250 0.01129
v 0.23435 0.03250 0.01047
v 0.23346 0.03250 0.01030
v 0.23260 0.03250 0.01060
v 0.25868 0.03250 0.01411
v 0.25779 0.03250 0.01394
v 0.26321 0.03250 0.02341
v 0.26030 0.03250 0.01223
v 0.26013 0.03250 0.01312
v 0.25954 0.03250 0.01381
v 0.25757 0.03250 0.01092
v 0.25612 0.03250 0.00686
v 0.25697 0.03250 0.01160
v 0.25425 0.03250 0.01026
v 0.25681 0.03250 0.01249
v 0.25710 0.03250 0.01335
v 0.25842 0.03250 0.01062
v 0.25931 0.03250 0.01078
v 0.26000 0.03250 0.01138
v 0.28246 0.03250 0.02846
v 0.27825 0.03250 0.02412
v 0.28188 0.03250 0.02944
v 0.27657 0.03250 0.03306
v 0.28605 0.03250 0.03957
v 0.28294 0.03250 0.04241
v 0.28636 0.03250 0.05123
v 0.28407 0.03250 0.05401
v 0.28616 0.03250 0.05277
v 0.28623 0.03250 0.05227
v 0.28558 0.03250 0.05576
v 0.28053 0.03250 0.05642
v 0.28392 0.03250 0.06118
v 0.27637 0.03250 0.06650
v 0.27578 0.03250 0.06599
v 0.27566 0.03250 0.06450
v 0.27617 0.03250 0.06391
v 0.27170 0.03250 0.06244
v 0.27152 0.03250 0.06217
v 0.27825 0.03250 0.06430
v 0.27851 0.03250 0.06503
v 0.27552 0.03250 0.06526
v 0.27690 0.03250 0.06365
v 0.27767 0.03250 0.06379
v 0.28338 0.03250 0.06252
v 0.27837 0.03250 0.06580
v 0.27786 0.03250 0.06639
v 0.27713 0.03250 0.06664
v 0.26951 0.03250 0.07318
v 0.27019 0.03250 0.07377
v 0.27049 0.03250 0.07462
v 0.27032 0.03250 0.07551
v 0.26873 0.03250 0.08038
v 0.26730 0.03250 0.07574
v 0.26700 0.03250 0.07488
v 0.26007 0.03250 0.07853
v 0.26717 0.03250 0.07399
v 0.26776 0.03250 0.07331
v 0.26862 0.03250 0.07301
v 0.27034 0.03250 0.07153
v 0.26973 0.03250 0.07620
v 0.26888 0.03250 0.07650
v 0.26411 0.03250 0.08310
v 0.26799 0.03250 0.07633
v 0.25296 0.03250 0.08684
v 0.24761 0.03250 0.08745
v 0.25119 0.03250 0.08712
v 0.25010 0.03250 0.08533
v 0.24442 0.03250 0.08457
v 0.24373 0.03250 0.08398
v 0.24343 0.03250 0.08313
v 0.24594 0.03250 0.08142
v 0.24663 0.03250 0.08201
v 0.24692 0.03250 0.08287
v 0.24676 0.03250 0.08376
v 0.24617 0.03250 0.08444
v 0.24531 0.03250 0.08474
v 0.24302 0.03250 0.08742
v 0.24360 0.03250 0.08224
v 0.24419 0.03250 0.08155
v 0.24505 0.03250 0.08125
v 0.24120 0.03250 0.08726
v 0.23700 0.03250 0.08658
v 0.23261 0.03250 0.08538
v 0.23640 0.03250 0.08645
v 0.23684 0.03250 0.08582
v 0.23682 0.03250 0.08654
v 0.23702 0.03250 0.08608
v 0.22980 0.03250 0.08432
v 0.22340 0.03250 0.07492
v 0.21971 0.03250 0.07826
v 0.22038 0.03250 0.07515
v 0.21176 0.03250 0.06959
v 0.22008 0.03250 0.07429
v 0.22025 0.03250 0.07340
v 0.22084 0.03250 0.07272
v 0.22170 0.03250 0.07242
v 0.22259 0.03250 0.07259
v 0.22327 0.03250 0.07318
v 0.22357 0.03250 0.07403
v 0.22281 0.03250 0.07561
v 0.22196 0.03250 0.07591
v 0.22107 0.03250 0.07574
v 0.21315 0.03250 0.06570
v 0.21256 0.03250 0.06520
v 0.21368 0.03250 0.05718
v 0.21231 0.03250 0.06446
v 0.21369 0.03250 0.06286
v 0.21445 0.03250 0.06300
v 0.21878 0.03250 0.06466
v 0.21504 0.03250 0.06351
v 0.21530 0.03250 0.06424
v 0.21515 0.03250 0.06500
v 0.21465 0.03250 0.06559
v 0.21391 0.03250 0.06585
v 0.21136 0.03250 0.05226
v 0.21119 0.03250 0.05315
v 0.21060 0.03250 0.05383
v 0.20975 0.03250 0.05413
v 0.20886 0.03250 0.05396
v 0.20817 0.03250 0.05337
v 0.20787 0.03250 0.05252
v 0.20465 0.03250 0.04742
v 0.20804 0.03250 0.05163
v 0.20469 0.03250 0.04442
v 0.20863 0.03250 0.05094
v 0.20949 0.03250 0.05064
v 0.21616 0.03250 0.05548
v 0.20720 0.03250 0.04233
v 0.21106 0.03250 0.05140
v 0.21038 0.03250 0.05081
v 0.20516 0.03250 0.03995
v 0.20473 0.03250 0.04373
v 0.21038 0.03250 0.02706
v 0.20933 0.03250 0.02746
v 0.21832 0.03250 0.01593
v 0.22035 0.03250 0.02027
v 0.21076 0.03250 0.02494
v 0.20985 0.03250 0.02649
v 0.23370 0.03250 0.07128
v 0.22595 0.03250 0.06570
v 0.22489 0.03250 0.06829
v 0.22057 0.03250 0.05781
v 0.27478 0.03250 0.04797
v 0.27831 0.03250 0.04556
v 0.27306 0.03250 0.04445
v 0.27194 0.03250 0.03621
v 0.27070 0.03250 0.03519
v 0.26532 0.03250 0.02730
v 0.25757 0.03250 0.02172
v 0.24838 0.03250 0.01914
v 0.23885 0.03250 0.01985
v 0.28295 0.03250 0.05230
v 0.28325 0.03250 0.05316
v 0.28389 0.03250 0.05374
v 0.28308 0.03250 0.05405
v 0.28249 0.03250 0.05474
v 0.28074 0.03250 0.05487
v 0.28035 0.03250 0.05615
v 0.28163 0.03250 0.05503
v 0.28006 0.03250 0.05428
v 0.27211 0.03250 0.05395
v 0.28226 0.03250 0.05171
v 0.28137 0.03250 0.05154
v 0.27975 0.03250 0.05342
v 0.27992 0.03250 0.05253
v 0.28052 0.03250 0.05184
v 0.23503 0.03250 0.01106
v 0.23533 0.03250 0.01192
v 0.23774 0.03250 0.01261
v 0.23516 0.03250 0.01281
v 0.24657 0.03250 0.00659
v 0.24597 0.03250 0.00550
v 0.24766 0.03250 0.00555
v 0.23457 0.03250 0.01349
v 0.23372 0.03250 0.01379
v 0.23258 0.03250 0.01613
v 0.23283 0.03250 0.01362
v 0.23062 0.03250 0.01327
v 0.23214 0.03250 0.01303
v 0.23184 0.03250 0.01218
v 0.22484 0.03250 0.02685
v 0.22230 0.03250 0.02313
v 0.21600 0.03250 0.02772
v 0.21584 0.03250 0.02861
v 0.21487 0.03250 0.03365
v 0.22331 0.03250 0.03045
v 0.21648 0.03250 0.03601
v 0.21917 0.03250 0.03905
v 0.21525 0.03250 0.02930
v 0.21439 0.03250 0.02960
v 0.21234 0.03250 0.02993
v 0.21350 0.03250 0.02943
v 0.21281 0.03250 0.02884
v 0.21502 0.03250 0.02628
v 0.21571 0.03250 0.02687
v 0.21251 0.03250 0.02799
v 0.21268 0.03250 0.02710
v 0.21327 0.03250 0.02641
v 0.21413 0.03250 0.02611
v 0.26113 0.03250 0.06922
v 0.25609 0.03250 0.07270
v 0.25627 0.03250 0.07296
v 0.26796 0.03250 0.06256
v 0.26636 0.03250 0.06569
v 0.26654 0.03250 0.06596
v 0.23483 0.03250 0.07520
v 0.27892 0.03250 0.02766
v 0.27922 0.03250 0.02852
v 0.27905 0.03250 0.02941
v 0.26832 0.03250 0.03089
v 0.27294 0.03250 0.02774
v 0.27823 0.03250 0.02707
v 0.27734 0.03250 0.02690
v 0.22126 0.03250 0.06296
v 0.21821 0.03250 0.04855
v 0.21077 0.03250 0.03990
v 0.24910 0.03250 0.01031
v 0.23015 0.03250 0.02378
v 0.23511 0.03250 0.01985
v 0.24734 0.03250 0.00916
v 0.24759 0.03250 0.00989
v 0.24745 0.03250 0.01065
v 0.24694 0.03250 0.01124
v 0.24621 0.03250 0.01150
v 0.24545 0.03250 0.01135
v 0.24486 0.03250 0.01085
v 0.24460 0.03250 0.01012
v 0.24675 0.03250 0.00865
v 0.24474 0.03250 0.00935
v 0.24525 0.03250 0.00876
v 0.24598 0.03250 0.00851
v 0.27042 0.02950 0.08286
v 0.27966 0.02950 0.07440
v 0.28614 0.02950 0.06369
v 0.28934 0.02950 0.05158
v 0.25688 0.02950 0.00396
v 0.26841 0.02950 0.00885
v 0.27810 0.02950 0.01680
v 0.28515 0.02950 0.02714
v 0.28900 0.02950 0.03906
v 0.24445 0.02950 0.00252
v 0.23210 0.02950 0.00463
v 0.22086 0.02950 0.01014
v 0.20318 0.02950 0.03495
v 0.20821 0.02950 0.02337
v 0.21632 0.02950 0.01369
v 0.20165 0.02950 0.04748
v 0.20374 0.02950 0.05994
v 0.20928 0.02950 0.07128
v 0.21782 0.02950 0.08059
v 0.22864 0.02950 0.08709
v 0.24087 0.02950 0.09024
v 0.25349 0.02950 0.08979
v 0.26546 0.02950 0.08578
v 0.24024 0.00250 0.09017
v 0.24024 -0.00750 0.09017
v 0.24087 -0.00750 0.09024
v 0.22086 0.01594 0.01014
v 0.21843 0.01750 0.01192
v 0.23714 0.01178 0.08967
v 0.24024 0.01164 0.09017
v 0.23394 0.01222 0.08892
v 0.22890 0.01356 0.08719
v 0.21782 0.01750 0.08059
v 0.22104 0.01750 0.08298
v 0.22732 0.01416 0.08651
v 0.22863 0.01365 0.08708
v 0.21632 0.01750 0.01369
v 0.20821 0.01750 0.02337
v 0.20318 0.01750 0.03495
v 0.20165 0.01750 0.04748
v 0.20374 0.01750 0.05994
v 0.20928 0.01750 0.07128
v 0.25349 -0.00750 0.08979
v 0.26546 -0.00750 0.08578
v 0.27042 -0.00750 0.08286
v 0.21234 0.01750 0.01643
v 0.21446 0.01750 0.01496
v 0.21335 0.01580 0.01501
v 0.21510 0.01750 0.01449
v 0.21179 0.01405 0.01469
v 0.21018 0.01265 0.01395
v 0.20807 0.01750 0.01885
v 0.20461 0.01750 0.02001
v 0.21660 0.00887 0.00882
v 0.21788 0.01029 0.00969
v 0.21908 0.01205 0.01024
v 0.22010 0.01400 0.01039
v -0.00504 0.01750 0.04976
v 0.09202 0.01750 0.06176
v 0.09311 0.01750 0.06188
v 0.09420 0.01750 0.06203
v 0.19126 0.01750 0.07403
v 0.19235 0.01750 0.07415
v 0.19344 0.01750 0.07430
v 0.20667 0.01750 0.07594
v 0.21032 0.01750 0.07688
v 0.21419 0.01750 0.07869
v 0.21688 0.01750 0.08026
v 0.19615 0.01750 0.02169
v 0.19508 0.01750 0.02192
v 0.12102 0.01750 0.03118
v 0.13127 0.01750 0.03322
v 0.14170 0.01750 0.03254
v 0.19400 0.01750 0.02212
v -0.03926 0.01750 -0.03097
v -0.03989 0.01750 -0.03011
v 0.04930 0.01750 -0.01650
v -0.04645 0.01750 0.01851
v -0.04603 0.01750 0.01949
v -0.04562 0.01750 0.02047
v -0.04419 0.01750 0.02339
v 0.11165 0.01750 0.02656
v 0.08654 0.01750 0.00976
v 0.08561 0.01750 0.00917
v 0.08471 0.01750 0.00854
v 0.05651 0.01750 -0.01032
v -0.00613 0.01750 0.04961
v -0.00719 0.01750 0.04948
v -0.01777 0.01750 0.04674
v -0.03778 0.01750 -0.03276
v -0.03736 0.01750 0.03323
v -0.02838 0.01750 0.04117
v 0.01690 0.01750 -0.04706
v 0.04375 0.01750 -0.02421
v 0.02761 0.01750 -0.04169
v 0.03673 0.01750 -0.03392
v 0.00719 0.01750 -0.04948
v 0.00614 0.01750 -0.04960
v 0.00508 0.01750 -0.04974
v -0.00677 0.01750 -0.04954
v -0.04054 0.01750 -0.02927
v -0.04448 0.01750 -0.02283
v -0.04864 0.01750 -0.01159
v -0.05000 0.01750 0.00032
v -0.04849 0.01750 0.01220
v -0.01836 0.01750 -0.04651
v -0.02890 0.01750 -0.04080
v 0.19292 0.01602 0.02147
v 0.19237 0.01560 0.02121
v 0.19225 0.01581 0.02117
v 0.19172 0.01491 0.02071
v 0.19140 0.01446 0.02037
v 0.19132 0.01466 0.02031
v 0.19221 0.00889 0.01484
v 0.19168 0.00923 0.01526
v 0.19218 0.00876 0.01488
v 0.19205 0.00928 0.01434
v 0.19197 0.00927 0.01423
v 0.19081 0.01006 0.01521
v 0.19064 0.01000 0.01514
v 0.19191 0.00924 0.01416
v 0.19179 0.00915 0.01405
v 0.19100 0.01561 0.02079
v 0.19171 0.01632 0.02138
v 0.19185 0.01623 0.02128
v 0.19424 0.01661 0.02173
v 0.19364 0.01641 0.02168
v 0.19355 0.01669 0.02170
v 0.19504 0.01712 0.02173
v 0.19503 0.01671 0.02166
v 0.19485 0.01670 0.02169
v 0.19505 0.01726 0.02178
v 0.19342 0.01698 0.02180
v 0.19001 0.01380 0.01914
v 0.19012 0.01243 0.01785
v 0.18997 0.01368 0.01903
v 0.18991 0.01247 0.01782
v 0.18978 0.01247 0.01783
v 0.19023 0.01119 0.01652
v 0.18982 0.01185 0.01719
v 0.18978 0.01246 0.01782
v 0.18998 0.01117 0.01647
v 0.19042 0.01029 0.01548
v 0.19049 0.01018 0.01536
v 0.19195 0.00926 0.01420
v 0.19206 0.00928 0.01437
v 0.19102 0.01006 0.01537
v 0.19211 0.00926 0.01444
v 0.19159 0.00957 0.01492
v 0.19214 0.00923 0.01452
v 0.19217 0.00920 0.01459
v 0.19166 0.00948 0.01506
v 0.19219 0.00915 0.01465
v 0.19220 0.00914 0.01466
v 0.19169 0.00936 0.01518
v 0.19222 0.00902 0.01477
v 0.19095 0.01007 0.01531
v 0.19032 0.01118 0.01655
v 0.19021 0.01178 0.01722
v 0.19031 0.01235 0.01792
v 0.19044 0.01367 0.01912
v 0.19038 0.01170 0.01731
v 0.19045 0.01223 0.01802
v 0.19049 0.01159 0.01743
v 0.19052 0.01210 0.01814
v 0.19067 0.01085 0.01695
v 0.19081 0.01326 0.01938
v 0.19055 0.01198 0.01825
v 0.19075 0.01340 0.01928
v 0.19062 0.01354 0.01918
v 0.19118 0.00995 0.01557
v 0.19108 0.01003 0.01543
v 0.19080 0.01049 0.01613
v 0.19069 0.01057 0.01600
v 0.19054 0.01108 0.01671
v 0.19040 0.01116 0.01660
v 0.19122 0.00983 0.01569
v 0.19087 0.01038 0.01625
v 0.19063 0.01097 0.01683
v 0.19123 0.00971 0.01579
v 0.19089 0.01026 0.01636
v 0.19120 0.00959 0.01587
v 0.19116 0.00964 0.01592
v 0.19066 0.01073 0.01705
v 0.19055 0.01142 0.01771
v 0.19054 0.01162 0.01791
v 0.19375 0.01743 0.02210
v 0.19327 0.01727 0.02203
v 0.19264 0.01697 0.02185
v 0.19207 0.01603 0.02118
v 0.19094 0.01498 0.02026
v 0.19064 0.01511 0.02035
v 0.19077 0.01531 0.02053
v 0.19116 0.01483 0.02026
v 0.19589 0.01714 0.02151
v 0.19668 0.01693 0.02110
v 0.19662 0.01685 0.02108
v 0.19691 0.01721 0.02124
v 0.19654 0.01738 0.02149
v 0.19575 0.01662 0.02144
v 0.19608 0.01651 0.02128
v 0.19628 0.01642 0.02116
v 0.19651 0.01664 0.02106
v 0.19641 0.01636 0.02108
v 0.19247 0.00893 0.01368
v 0.13975 0.00750 0.02273
v 0.19408 0.00888 0.01332
v 0.21984 0.00750 0.00678
v 0.19817 0.01605 0.01981
v 0.19643 0.00989 0.01388
v 0.19579 0.00948 0.01358
v 0.21820 0.00815 0.00777
v 0.19713 0.01049 0.01435
v 0.19748 0.01089 0.01468
v 0.19790 0.01146 0.01519
v 0.19865 0.01476 0.01840
v 0.19870 0.01434 0.01796
v 0.19850 0.01536 0.01905
v 0.19847 0.01546 0.01915
v 0.19812 0.01185 0.01554
v 0.19837 0.01238 0.01603
v 0.19863 0.01331 0.01692
v 0.19864 0.01333 0.01694
v 0.19868 0.01366 0.01727
v 0.19290 0.00865 0.01448
v 0.19255 0.00861 0.01466
v 0.19384 0.00846 0.01426
v 0.19798 0.01518 0.01921
v 0.19813 0.01449 0.01855
v 0.19801 0.01433 0.01867
v 0.19855 0.01401 0.01768
v 0.19852 0.01330 0.01695
v 0.19271 0.00903 0.01384
v 0.19284 0.00901 0.01416
v 0.19290 0.00879 0.01442
v 0.19288 0.00892 0.01431
v 0.19278 0.00905 0.01399
v 0.19265 0.00897 0.01371
v 0.19362 0.00891 0.01346
v 0.19462 0.00907 0.01341
v 0.19557 0.00941 0.01356
v 0.19789 0.01186 0.01567
v 0.19750 0.01118 0.01504
v 0.19705 0.01052 0.01441
v 0.19841 0.01327 0.01699
v 0.19816 0.01255 0.01634
v 0.19808 0.01306 0.01725
v 0.19802 0.01292 0.01739
v 0.19816 0.01378 0.01789
v 0.19807 0.01363 0.01803
v 0.19761 0.01152 0.01618
v 0.19764 0.01140 0.01628
v 0.19774 0.01166 0.01651
v 0.19821 0.01319 0.01711
v 0.19832 0.01392 0.01777
v 0.19832 0.01464 0.01845
v 0.19821 0.01535 0.01915
v 0.19795 0.01603 0.01986
v 0.19795 0.01417 0.01880
v 0.19743 0.01541 0.02003
v 0.19753 0.01562 0.01994
v 0.19770 0.01584 0.01987
v 0.19790 0.01235 0.01663
v 0.19787 0.01222 0.01677
v 0.19801 0.01279 0.01751
v 0.19804 0.01320 0.01789
v 0.19803 0.01359 0.01825
v 0.19369 0.00895 0.01394
v 0.19677 0.01047 0.01479
v 0.19615 0.00993 0.01431
v 0.19539 0.00941 0.01411
v 0.19540 0.00945 0.01403
v 0.19456 0.00911 0.01390
v 0.19800 0.01246 0.01648
v 0.19781 0.01184 0.01573
v 0.19774 0.01180 0.01581
v 0.19736 0.01115 0.01518
v 0.19681 0.01051 0.01470
v 0.19673 0.01037 0.01495
v 0.19539 0.00930 0.01426
v 0.19612 0.00973 0.01461
v 0.19541 0.00924 0.01432
v 0.19545 0.00911 0.01440
v 0.19768 0.01176 0.01589
v 0.19674 0.01043 0.01487
v 0.19539 0.00936 0.01419
v 0.19457 0.00902 0.01405
v 0.19764 0.01170 0.01597
v 0.19460 0.00889 0.01417
v 0.19372 0.00886 0.01409
v 0.19374 0.00873 0.01420
v 0.19375 0.00858 0.01425
v 0.19463 0.00875 0.01423
v 0.19501 0.00874 0.01430
v 0.19550 0.00898 0.01443
v 0.19762 0.01164 0.01604
v 0.19724 0.01083 0.01563
v 0.19723 0.01096 0.01550
v 0.19676 0.01019 0.01513
v 0.19673 0.01032 0.01502
v 0.19616 0.00960 0.01471
v 0.19633 0.00995 0.01399
v 0.19550 0.00947 0.01369
v 0.19459 0.00912 0.01355
v 0.19364 0.00897 0.01360
v 0.19366 0.00899 0.01376
v 0.19457 0.00914 0.01372
v 0.19544 0.00948 0.01385
v 0.19623 0.00996 0.01414
v 0.19692 0.01054 0.01454
v 0.19728 0.01072 0.01572
v 0.19681 0.01007 0.01520
v 0.19645 0.00970 0.01492
v 0.19218 0.00550 0.01488
v 0.19373 0.00550 0.01427
v 0.19540 0.00550 0.01440
v 0.19684 0.00550 0.01523
v 0.19778 0.00550 0.01661
v 0.19803 0.00550 0.01826
v 0.19754 0.00550 0.01986
v 0.19641 0.00550 0.02108
v 0.19080 0.00550 0.01935
v 0.19485 0.00550 0.02169
v 0.19319 0.00550 0.02157
v 0.19174 0.00550 0.02073
v 0.19055 0.00550 0.01770
v 0.19105 0.00550 0.01611
v 0.19603 0.00550 0.01680
v 0.19520 0.00550 0.01609
v 0.19414 0.00550 0.01589
v 0.19311 0.00550 0.01625
v 0.19240 0.00550 0.01707
v 0.19220 0.00550 0.01814
v 0.19256 0.00550 0.01917
v 0.19338 0.00550 0.01987
v 0.19445 0.00550 0.02008
v 0.19548 0.00550 0.01972
v 0.19619 0.00550 0.01889
v 0.19639 0.00550 0.01783
v 0.19311 0.00250 0.01625
v 0.19240 0.00250 0.01707
v 0.19220 0.00250 0.01814
v 0.19256 0.00250 0.01917
v 0.19338 0.00250 0.01987
v 0.19445 0.00250 0.02008
v 0.19548 0.00250 0.01972
v 0.19619 0.00250 0.01889
v 0.19639 0.00250 0.01783
v 0.19603 0.00250 0.01680
v 0.19520 0.00250 0.01609
v 0.19414 0.00250 0.01589
v 0.01183 0.00250 -0.05484
v 0.01126 0.00250 -0.05418
v 0.00753 0.00250 -0.05953
v 0.04970 0.00250 -0.02750
v 0.04693 0.00250 -0.03199
v 0.04408 0.00250 -0.04070
v 0.03781 0.00250 -0.04239
v 0.03313 0.00250 -0.05002
v 0.02643 0.00250 -0.05027
v 0.02028 0.00250 -0.05647
v 0.01349 0.00250 -0.05517
v 0.01262 0.00250 -0.05519
v 0.00647 0.00250 -0.05569
v 0.00626 0.00250 -0.05967
v 0.00545 0.00250 -0.05533
v 0.00120 0.00250 -0.05660
v 0.00189 0.00250 -0.05607
v 0.00474 0.00250 -0.05450
v 0.00228 0.00250 -0.05529
v 0.00754 0.00250 -0.05548
v 0.00836 0.00250 -0.05477
v 0.00872 0.00250 -0.05375
v 0.01102 0.00250 -0.05334
v 0.00852 0.00250 -0.05268
v 0.01044 0.00250 -0.05139
v 0.00781 0.00250 -0.05186
v 0.00903 0.00250 -0.04991
v 0.00678 0.00250 -0.05150
v 0.00712 0.00250 -0.04922
v 0.00572 0.00250 -0.05170
v 0.00509 0.00250 -0.04947
v 0.00489 0.00250 -0.05241
v 0.00340 0.00250 -0.05061
v 0.00453 0.00250 -0.05343
v 0.00240 0.00250 -0.05238
v 0.00231 0.00250 -0.05442
v 0.00036 0.00250 -0.05680
v -0.00812 0.00250 -0.05945
v -0.01113 0.00250 -0.05570
v -0.02215 0.00250 -0.05230
v -0.04104 0.00250 -0.03927
v -0.04533 0.00250 -0.03931
v -0.03226 0.00250 -0.04675
v -0.03468 0.00250 -0.04896
v -0.02203 0.00250 -0.05581
v -0.04149 0.00250 -0.03853
v -0.04158 0.00250 -0.03766
v -0.04129 0.00250 -0.03684
v -0.04428 0.00250 -0.03427
v -0.04499 0.00250 -0.03345
v -0.05338 0.00250 -0.02739
v -0.04519 0.00250 -0.03238
v -0.04483 0.00250 -0.03135
v -0.04674 0.00250 -0.02962
v -0.04761 0.00250 -0.02967
v -0.04842 0.00250 -0.02934
v -0.04901 0.00250 -0.02871
v -0.04325 0.00250 -0.03463
v -0.04219 0.00250 -0.03443
v -0.04069 0.00250 -0.03622
v -0.04136 0.00250 -0.03372
v -0.03946 0.00250 -0.03501
v -0.04100 0.00250 -0.03269
v -0.03873 0.00250 -0.03305
v -0.04121 0.00250 -0.03162
v -0.03898 0.00250 -0.03097
v -0.04191 0.00250 -0.03080
v -0.04017 0.00250 -0.02925
v -0.04294 0.00250 -0.03044
v -0.04202 0.00250 -0.02827
v -0.04401 0.00250 -0.03064
v -0.04411 0.00250 -0.02825
v -0.04598 0.00250 -0.02921
v -0.05303 0.00250 0.02807
v -0.05146 0.00250 0.02224
v -0.05064 0.00250 0.02295
v -0.05091 0.00250 0.01932
v -0.05162 0.00250 0.02015
v -0.05341 0.00250 0.01718
v -0.05182 0.00250 0.02121
v -0.05818 0.00250 0.01465
v -0.05411 0.00250 0.01666
v -0.05255 0.00250 0.01734
v -0.05171 0.00250 0.01713
v -0.04988 0.00250 0.01896
v -0.04967 0.00250 0.01666
v -0.04881 0.00250 0.01916
v -0.04764 0.00250 0.01718
v -0.04799 0.00250 0.01987
v -0.04609 0.00250 0.01858
v -0.04763 0.00250 0.02090
v -0.04537 0.00250 0.02044
v -0.04783 0.00250 0.02197
v -0.05023 0.00250 -0.02651
v -0.05380 0.00250 -0.01821
v -0.05837 0.00250 -0.01391
v -0.05637 0.00250 -0.00697
v -0.06000 0.00250 0.00038
v -0.05662 0.00250 0.00456
v -0.05453 0.00250 0.01590
v -0.04555 0.00250 0.02244
v -0.04659 0.00250 0.02415
v -0.04854 0.00250 0.02279
v -0.04828 0.00250 0.02521
v -0.04957 0.00250 0.02315
v -0.04902 0.00250 0.02567
v -0.04950 0.00250 0.02640
v -0.04962 0.00250 0.02726
v -0.04937 0.00250 0.02809
v -0.04483 0.00250 0.03988
v -0.04267 0.00250 0.03748
v -0.03405 0.00250 0.04940
v -0.03422 0.00250 0.04533
v -0.02436 0.00250 0.05131
v -0.02132 0.00250 0.05608
v -0.00239 0.00250 0.05552
v -0.00207 0.00250 0.05629
v -0.00146 0.00250 0.05687
v -0.00067 0.00250 0.05715
v -0.00836 0.00250 0.05478
v -0.00474 0.00250 0.05450
v -0.00544 0.00250 0.05533
v -0.00647 0.00250 0.05569
v -0.00754 0.00250 0.05548
v -0.00872 0.00250 0.05375
v -0.01102 0.00250 0.05334
v -0.00852 0.00250 0.05268
v -0.01037 0.00250 0.05128
v -0.00781 0.00250 0.05186
v -0.00881 0.00250 0.04977
v -0.00678 0.00250 0.05150
v -0.00673 0.00250 0.04919
v -0.00572 0.00250 0.05170
v -0.00461 0.00250 0.04968
v -0.00489 0.00250 0.05241
v -0.00299 0.00250 0.05111
v -0.00453 0.00250 0.05344
v -0.00230 0.00250 0.05283
v -0.00236 0.00250 0.05467
v -0.01349 0.00250 0.05517
v -0.01262 0.00250 0.05519
v -0.01183 0.00250 0.05484
v -0.01126 0.00250 0.05418
v 0.09088 0.00250 0.06705
v 0.09171 0.00250 0.06776
v 0.08681 0.00250 0.06779
v 0.08597 0.00250 0.06786
v 0.00020 0.00250 0.05726
v 0.00762 0.00250 0.05818
v 0.04982 0.00250 0.06339
v 0.05475 0.00250 0.06400
v 0.09740 0.00250 0.07250
v 0.09380 0.00250 0.06760
v 0.09451 0.00250 0.06678
v 0.09685 0.00250 0.06779
v 0.09717 0.00250 0.06857
v 0.09277 0.00250 0.06796
v 0.09778 0.00250 0.06915
v 0.09857 0.00250 0.06942
v 0.08754 0.00250 0.06738
v 0.08804 0.00250 0.06670
v 0.09052 0.00250 0.06602
v 0.08822 0.00250 0.06588
v 0.09072 0.00250 0.06495
v 0.08877 0.00250 0.06373
v 0.09143 0.00250 0.06413
v 0.09030 0.00250 0.06213
v 0.09246 0.00250 0.06377
v 0.09242 0.00250 0.06147
v 0.09353 0.00250 0.06397
v 0.09458 0.00250 0.06193
v 0.09435 0.00250 0.06468
v 0.09625 0.00250 0.06339
v 0.09471 0.00250 0.06571
v 0.09695 0.00250 0.06510
v 0.09688 0.00250 0.06695
v 0.19304 0.00250 0.07987
v 0.19375 0.00250 0.07905
v 0.19610 0.00250 0.08006
v 0.19782 0.00250 0.08170
v 0.21982 0.00250 0.08442
v 0.19202 0.00250 0.08023
v 0.19702 0.00250 0.08142
v 0.19641 0.00250 0.08084
v 0.19095 0.00250 0.08003
v 0.19013 0.00250 0.07932
v 0.18729 0.00250 0.07897
v 0.18977 0.00250 0.07830
v 0.18746 0.00250 0.07815
v 0.18997 0.00250 0.07723
v 0.18801 0.00250 0.07600
v 0.19068 0.00250 0.07640
v 0.18954 0.00250 0.07440
v 0.19170 0.00250 0.07605
v 0.19166 0.00250 0.07374
v 0.19277 0.00250 0.07625
v 0.19383 0.00250 0.07420
v 0.19360 0.00250 0.07696
v 0.19550 0.00250 0.07566
v 0.19395 0.00250 0.07798
v 0.19619 0.00250 0.07737
v 0.19613 0.00250 0.07922
v 0.10242 0.00250 0.06990
v 0.11446 0.00250 0.07139
v 0.15204 0.00250 0.07604
v 0.16408 0.00250 0.07753
v 0.18522 0.00250 0.08014
v 0.18605 0.00250 0.08006
v 0.18679 0.00250 0.07965
v 0.23516 0.00250 0.08614
v 0.24061 0.00250 0.08719
v 0.21918 0.00250 0.08258
v 0.21925 0.00250 0.08211
v 0.22441 0.00250 0.08158
v 0.21891 0.00250 0.08297
v 0.21994 0.00250 0.08343
v 0.21848 0.00250 0.08318
v 0.21813 0.00250 0.08320
v 0.21670 0.00250 0.01293
v 0.21660 0.00250 0.01246
v 0.21730 0.00250 0.01156
v 0.21630 0.00250 0.01210
v 0.21586 0.00250 0.01191
v 0.21551 0.00250 0.01192
v 0.21658 0.00250 0.01339
v 0.23302 0.00250 0.00749
v 0.21710 0.00250 0.01058
v 0.21909 0.00250 0.08166
v 0.21886 0.00250 0.08142
v 0.21539 0.00250 0.07418
v 0.21279 0.00250 0.07578
v 0.20882 0.00250 0.06454
v 0.20605 0.00250 0.06570
v 0.20523 0.00250 0.05343
v 0.20231 0.00250 0.05416
v 0.20491 0.00250 0.04177
v 0.20186 0.00250 0.04204
v 0.20790 0.00250 0.03049
v 0.20474 0.00250 0.03026
v 0.21394 0.00250 0.02050
v 0.21073 0.00250 0.01972
v 0.21637 0.00250 0.01365
v 0.19863 0.00250 0.01495
v 0.19837 0.00250 0.01575
v 0.19920 0.00250 0.01433
v 0.23763 0.00250 0.00629
v 0.23704 0.00250 0.00335
v 0.20400 0.00250 0.00993
v 0.19997 0.00250 0.01400
v 0.19847 0.00250 0.01659
v 0.19863 0.00250 0.01870
v 0.19780 0.00250 0.02064
v 0.19616 0.00250 0.02197
v 0.19409 0.00250 0.02238
v 0.19207 0.00250 0.02178
v 0.19056 0.00250 0.02031
v 0.18990 0.00250 0.01830
v 0.18967 0.00250 0.01749
v 0.18912 0.00250 0.01685
v 0.18836 0.00250 0.01649
v 0.13171 0.00250 0.02644
v 0.14037 0.00250 0.02587
v 0.18752 0.00250 0.01648
v 0.17801 0.00250 0.01837
v 0.08994 0.00250 0.00567
v 0.08958 0.00250 0.00464
v 0.09390 0.00250 0.00672
v 0.09468 0.00250 0.00703
v 0.09306 0.00250 0.00676
v 0.09231 0.00250 0.00714
v 0.08974 0.00250 0.00674
v 0.09178 0.00250 0.00780
v 0.08903 0.00250 0.00756
v 0.09041 0.00250 0.00940
v 0.08800 0.00250 0.00792
v 0.08845 0.00250 0.01019
v 0.08694 0.00250 0.00772
v 0.08635 0.00250 0.00996
v 0.08611 0.00250 0.00701
v 0.08459 0.00250 0.00879
v 0.08575 0.00250 0.00598
v 0.08359 0.00250 0.00693
v 0.12321 0.00250 0.02475
v 0.11543 0.00250 0.02091
v 0.08413 0.00250 -0.00003
v 0.08876 0.00250 0.00393
v 0.08471 0.00250 0.00057
v 0.08769 0.00250 0.00373
v 0.06029 0.00250 -0.01597
v 0.05431 0.00250 -0.02110
v 0.08356 0.00250 0.00482
v 0.08666 0.00250 0.00409
v 0.08596 0.00250 0.00492
v 0.08452 0.00250 0.00294
v 0.08493 0.00250 0.00220
v 0.08500 0.00250 0.00137
v 0.05250 0.00750 -0.02905
v 0.05666 0.00750 -0.02327
v 0.06207 0.00750 -0.01863
v -0.00736 0.00750 0.05955
v -0.02132 0.00750 0.05608
v -0.03405 0.00750 0.04940
v -0.04483 0.00750 0.03988
v -0.05303 0.00750 0.02807
v -0.05818 0.00750 0.01465
v -0.06000 0.00750 0.00038
v -0.05837 0.00750 -0.01391
v -0.05338 0.00750 -0.02739
v -0.04533 0.00750 -0.03931
v -0.03468 0.00750 -0.04896
v -0.02203 0.00750 -0.05581
v -0.00812 0.00750 -0.05945
v 0.00626 0.00750 -0.05967
v 0.02028 0.00750 -0.05647
v 0.03313 0.00750 -0.05002
v 0.04408 0.00750 -0.04070
v 0.23950 0.01130 0.09008
v 0.23410 0.00923 0.08941
v 0.23334 0.00900 0.08932
v 0.22936 0.00808 0.08882
v 0.22283 0.00750 0.08801
v 0.22900 0.00802 0.08878
v 0.22846 0.00793 0.08871
v 0.19352 0.00939 0.08248
v 0.19246 0.00898 0.08277
v 0.19091 0.00884 0.08271
v 0.09019 0.00926 0.06984
v -0.00424 0.00985 0.05756
v 0.09167 0.00884 0.07044
v -0.00570 0.00908 0.05816
v 0.19395 0.01734 0.07453
v 0.19493 0.01676 0.07523
v 0.08900 0.01543 0.06348
v 0.08983 0.01636 0.06264
v 0.09088 0.01708 0.06205
v 0.09500 0.00985 0.06984
v 0.09428 0.00939 0.07021
v 0.18943 0.00926 0.08211
v 0.09322 0.00898 0.07050
v -0.00720 0.00883 0.05823
v 0.18824 0.01543 0.07575
v 0.18908 0.01636 0.07491
v 0.19012 0.01708 0.07432
v 0.21632 0.01043 0.08426
v 0.21136 0.01357 0.08048
v 0.19590 0.01195 0.08020
v 0.19523 0.01081 0.08126
v 0.19514 0.01071 0.08135
v 0.19425 0.00985 0.08211
v 0.19518 0.01654 0.07549
v 0.19557 0.01608 0.07600
v 0.19570 0.01590 0.07620
v 0.21956 0.00882 0.08628
v 0.08963 0.00960 0.06942
v -0.00454 0.01734 0.04999
v -0.00356 0.01676 0.05069
v -0.00331 0.01654 0.05094
v -0.00291 0.01608 0.05145
v -0.00279 0.01590 0.05165
v -0.00257 0.01549 0.05209
v 0.19541 0.01106 0.08104
v 0.08929 0.00989 0.06909
v 0.08878 0.01051 0.06841
v 0.08861 0.01079 0.06810
v -0.00258 0.01195 0.05566
v -0.00308 0.01106 0.05649
v 0.18888 0.00960 0.08170
v 0.18854 0.00989 0.08136
v 0.09470 0.01734 0.06226
v 0.18802 0.01051 0.08068
v 0.18785 0.01079 0.08038
v 0.09568 0.01676 0.06296
v 0.09593 0.01654 0.06321
v 0.09633 0.01608 0.06373
v 0.09645 0.01590 0.06392
v 0.09668 0.01549 0.06436
v -0.00326 0.01081 0.05672
v -0.00334 0.01071 0.05681
v 0.19628 0.01340 0.07879
v 0.19625 0.01314 0.07905
v 0.19613 0.01261 0.07957
v 0.09666 0.01195 0.06793
v 0.09616 0.01106 0.06876
v 0.08835 0.01412 0.06471
v 0.08844 0.01438 0.06446
v 0.08876 0.01505 0.06383
v -0.00223 0.01434 0.05329
v -0.00223 0.01432 0.05331
v -0.00221 0.01340 0.05424
v -0.00224 0.01314 0.05450
v -0.00235 0.01261 0.05502
v 0.19592 0.01549 0.07663
v 0.19626 0.01434 0.07784
v 0.19626 0.01432 0.07785
v 0.18759 0.01412 0.07698
v 0.18768 0.01438 0.07674
v 0.18800 0.01505 0.07610
v 0.09598 0.01081 0.06899
v 0.09590 0.01071 0.06908
v 0.08830 0.01150 0.06735
v 0.08816 0.01217 0.06666
v 0.08813 0.01241 0.06641
v 0.08814 0.01311 0.06570
v 0.18755 0.01150 0.07962
v 0.18740 0.01217 0.07893
v 0.18738 0.01241 0.07869
v 0.18738 0.01311 0.07798
v 0.09702 0.01434 0.06557
v 0.09702 0.01432 0.06558
v 0.09703 0.01340 0.06651
v 0.09700 0.01314 0.06677
v 0.09689 0.01261 0.06729
v 0.08817 0.01335 0.06546
v 0.08821 0.01361 0.06521
v 0.18741 0.01335 0.07774
v 0.18746 0.01361 0.07748
v 0.18914 0.01632 0.07495
v 0.19057 0.01720 0.07425
v 0.19071 0.01696 0.07441
v 0.19151 0.01725 0.07424
v 0.18991 0.01578 0.07493
v 0.19114 0.01649 0.07446
v 0.19083 0.01669 0.07449
v 0.19232 0.01671 0.07442
v 0.19157 0.01694 0.07436
v 0.19233 0.01712 0.07435
v 0.18963 0.01584 0.07509
v 0.18975 0.01563 0.07504
v 0.18927 0.01623 0.07502
v 0.18949 0.01602 0.07509
v 0.18962 0.01585 0.07509
v 0.19477 0.01071 0.08078
v 0.19484 0.01080 0.08092
v 0.19552 0.01190 0.07999
v 0.19499 0.01642 0.07555
v 0.19373 0.01701 0.07472
v 0.19560 0.01534 0.07664
v 0.19592 0.01308 0.07895
v 0.19604 0.01428 0.07782
v 0.19611 0.01313 0.07902
v 0.19567 0.01195 0.08010
v 0.19413 0.00991 0.08200
v 0.19507 0.01085 0.08117
v 0.19398 0.00992 0.08178
v 0.19402 0.00993 0.08186
v 0.19406 0.00993 0.08192
v 0.19389 0.00975 0.08145
v 0.19389 0.00978 0.08149
v 0.19389 0.00981 0.08152
v 0.19390 0.00984 0.08158
v 0.19392 0.00987 0.08163
v 0.19397 0.00945 0.08124
v 0.19393 0.00955 0.08129
v 0.19480 0.01039 0.08046
v 0.19476 0.01049 0.08054
v 0.19512 0.01094 0.07999
v 0.19533 0.01159 0.07960
v 0.19530 0.01133 0.07964
v 0.19560 0.01275 0.07859
v 0.19560 0.01263 0.07848
v 0.19558 0.01390 0.07754
v 0.19554 0.01377 0.07743
v 0.19544 0.01419 0.07703
v 0.19527 0.01501 0.07651
v 0.19519 0.01485 0.07641
v 0.19440 0.01590 0.07538
v 0.19462 0.01599 0.07555
v 0.19423 0.01604 0.07523
v 0.19360 0.01673 0.07478
v 0.19305 0.01662 0.07458
v 0.19495 0.01084 0.08106
v 0.19389 0.00968 0.08137
v 0.19475 0.01061 0.08064
v 0.19541 0.01182 0.07986
v 0.19576 0.01299 0.07884
v 0.19583 0.01418 0.07776
v 0.19478 0.01622 0.07558
v 0.19540 0.01518 0.07660
v 0.19568 0.01405 0.07766
v 0.19566 0.01288 0.07871
v 0.19535 0.01171 0.07973
v 0.18995 0.00925 0.08176
v 0.18926 0.00966 0.08132
v 0.18915 0.00970 0.08147
v 0.18856 0.01022 0.08091
v 0.19163 0.00872 0.08196
v 0.19078 0.00877 0.08181
v 0.19077 0.00891 0.08192
v 0.18853 0.01477 0.07615
v 0.19165 0.00858 0.08190
v 0.19251 0.00876 0.08185
v 0.19247 0.00861 0.08184
v 0.18969 0.00921 0.08218
v 0.19333 0.00950 0.08216
v 0.19386 0.00935 0.08131
v 0.19335 0.00900 0.08158
v 0.19330 0.00912 0.08162
v 0.19326 0.00932 0.08175
v 0.19326 0.00937 0.08182
v 0.19327 0.00942 0.08190
v 0.19256 0.00908 0.08267
v 0.19158 0.00891 0.08270
v 0.19060 0.00896 0.08254
v 0.18902 0.00968 0.08159
v 0.18840 0.01020 0.08101
v 0.18800 0.01082 0.08033
v 0.18764 0.01217 0.07890
v 0.18755 0.01361 0.07749
v 0.18831 0.01493 0.07617
v 0.18869 0.01459 0.07608
v 0.18879 0.01444 0.07599
v 0.18839 0.01359 0.07671
v 0.18839 0.01391 0.07666
v 0.18824 0.01309 0.07715
v 0.18819 0.01322 0.07726
v 0.18813 0.01237 0.07780
v 0.18810 0.01251 0.07789
v 0.18812 0.01170 0.07842
v 0.18811 0.01182 0.07852
v 0.18823 0.01113 0.07916
v 0.18845 0.01036 0.07970
v 0.18831 0.01073 0.07934
v 0.18823 0.01102 0.07906
v 0.18847 0.01047 0.07979
v 0.18884 0.00986 0.08039
v 0.18881 0.00975 0.08032
v 0.18935 0.00932 0.08094
v 0.18931 0.00921 0.08089
v 0.18934 0.00918 0.08091
v 0.19000 0.00890 0.08141
v 0.19054 0.00856 0.08165
v 0.19078 0.00863 0.08175
v 0.19122 0.00845 0.08183
v 0.18794 0.01145 0.07953
v 0.18818 0.01082 0.08024
v 0.18774 0.01214 0.07887
v 0.18765 0.01286 0.07818
v 0.18767 0.01358 0.07749
v 0.18780 0.01431 0.07680
v 0.18826 0.01079 0.08018
v 0.18833 0.01076 0.08011
v 0.18810 0.01137 0.07942
v 0.18884 0.00999 0.08050
v 0.18846 0.01060 0.07991
v 0.18843 0.01066 0.07997
v 0.18819 0.01126 0.07928
v 0.18839 0.01071 0.08004
v 0.18805 0.01421 0.07681
v 0.18790 0.01349 0.07746
v 0.18786 0.01277 0.07811
v 0.18792 0.01206 0.07877
v 0.18825 0.01407 0.07675
v 0.18808 0.01336 0.07737
v 0.18801 0.01265 0.07801
v 0.18805 0.01194 0.07865
v 0.19328 0.00946 0.08199
v 0.19247 0.00912 0.08218
v 0.19162 0.00886 0.08206
v 0.19247 0.00902 0.08203
v 0.19247 0.00896 0.08196
v 0.19327 0.00925 0.08170
v 0.18987 0.00929 0.08192
v 0.19070 0.00904 0.08224
v 0.19074 0.00900 0.08207
v 0.19160 0.00895 0.08222
v 0.19247 0.00908 0.08210
v 0.19000 0.00916 0.08161
v 0.19001 0.00903 0.08149
v 0.18936 0.00945 0.08104
v 0.19341 0.00948 0.08232
v 0.19252 0.00914 0.08253
v 0.19249 0.00916 0.08236
v 0.19158 0.00898 0.08256
v 0.19159 0.00899 0.08239
v 0.19065 0.00902 0.08240
v 0.18935 0.00952 0.08110
v 0.18933 0.00957 0.08117
v 0.18930 0.00962 0.08124
v 0.18869 0.01019 0.08078
v 0.19248 0.00890 0.08191
v 0.18809 0.01083 0.08029
v 0.19397 0.00550 0.08124
v 0.19241 0.00550 0.08185
v 0.19074 0.00550 0.08172
v 0.18929 0.00550 0.08087
v 0.18836 0.00550 0.07947
v 0.18813 0.00550 0.07781
v 0.18864 0.00550 0.07621
v 0.18975 0.00550 0.07504
v 0.19124 0.00550 0.07444
v 0.19292 0.00550 0.07454
v 0.19438 0.00550 0.07536
v 0.19534 0.00550 0.07674
v 0.19560 0.00550 0.07840
v 0.19511 0.00550 0.08001
v 0.19013 0.00550 0.07932
v 0.19095 0.00550 0.08003
v 0.19202 0.00550 0.08023
v 0.19304 0.00550 0.07987
v 0.19375 0.00550 0.07905
v 0.19395 0.00550 0.07798
v 0.19360 0.00550 0.07696
v 0.19277 0.00550 0.07625
v 0.19170 0.00550 0.07605
v 0.19068 0.00550 0.07640
v 0.18997 0.00550 0.07723
v 0.18977 0.00550 0.07830
v 0.22048 0.01617 0.08274
v 0.21993 0.01507 0.08267
v 0.21903 0.01358 0.08280
v 0.21334 0.01560 0.07934
v 0.21858 0.01295 0.08294
v 0.23371 0.01078 0.08896
v 0.23021 0.01161 0.08782
v 0.22906 0.00815 0.08872
v 0.22545 0.00937 0.08712
v 0.22180 0.01104 0.08511
v 0.22351 0.01435 0.08466
v 0.22689 0.01276 0.08643
v -0.00836 0.01704 0.04976
v 0.00836 0.01704 -0.04976
v 0.00943 0.01626 -0.05036
v 0.00753 0.00884 -0.05818
v 0.00910 0.00925 -0.05754
v 0.00936 0.00938 -0.05736
v 0.00963 0.00956 -0.05714
v 0.01012 0.00997 -0.05664
v 0.01065 0.01067 -0.05582
v 0.01109 0.01194 -0.05444
v 0.01104 0.01348 -0.05288
v 0.01103 0.01355 -0.05282
v 0.01111 0.01205 -0.05433
v 0.01114 0.01256 -0.05380
v 0.01069 0.01454 -0.05187
v 0.01066 0.01460 -0.05182
v 0.01049 0.01492 -0.05152
v 0.01008 0.01554 -0.05097
v 0.01003 0.01561 -0.05091
v 0.00453 0.01731 -0.04999
v 0.00362 0.01676 -0.05062
v 0.00331 0.01647 -0.05092
v 0.00302 0.01614 -0.05128
v 0.00256 0.01539 -0.05204
v 0.00244 0.01510 -0.05234
v 0.00224 0.01437 -0.05308
v 0.00222 0.01422 -0.05323
v 0.00221 0.01302 -0.05444
v 0.00229 0.01261 -0.05484
v 0.00231 0.01252 -0.05493
v 0.00255 0.01184 -0.05561
v 0.00298 0.01105 -0.05637
v 0.00323 0.01072 -0.05669
v 0.00364 0.01027 -0.05712
v 0.00422 0.00979 -0.05756
v 0.00496 0.00935 -0.05794
v 0.00590 0.00900 -0.05820
v -0.03892 0.01615 -0.03349
v -0.03887 0.01676 -0.03262
v -0.03904 0.01570 -0.03404
v -0.03897 0.01719 -0.03182
v -0.03918 0.01745 -0.03114
v -0.04024 0.01353 -0.03596
v -0.04008 0.01375 -0.03581
v -0.03940 0.01487 -0.03490
v -0.03939 0.01488 -0.03488
v -0.04100 0.01732 -0.02893
v -0.04076 0.01742 -0.02909
v -0.04702 0.01161 -0.03021
v -0.04750 0.01067 -0.03120
v -0.04131 0.01717 -0.02875
v -0.04273 0.01626 -0.02827
v -0.04324 0.01587 -0.02823
v -0.04367 0.01550 -0.02823
v -0.04432 0.01490 -0.02833
v -0.04503 0.01418 -0.02855
v -0.04602 0.01304 -0.02912
v -0.04627 0.01271 -0.02933
v -0.04678 0.01199 -0.02988
v -0.04564 0.01350 -0.02886
v -0.04569 0.01344 -0.02889
v -0.04571 0.01342 -0.02891
v -0.04763 0.01032 -0.03164
v -0.04771 0.00996 -0.03216
v -0.04773 0.00949 -0.03297
v -0.04764 0.00921 -0.03358
v -0.04699 0.00883 -0.03513
v -0.04582 0.00903 -0.03633
v -0.04429 0.00978 -0.03702
v -0.04407 0.00992 -0.03707
v -0.04361 0.01023 -0.03713
v -0.04274 0.01090 -0.03711
v -0.04169 0.01185 -0.03686
v -0.04154 0.01200 -0.03681
v -0.04137 0.01218 -0.03673
v -0.04564 0.01676 0.02216
v -0.04590 0.01617 0.02299
v -0.04609 0.01581 0.02339
v -0.04662 0.01500 0.02414
v -0.04681 0.01474 0.02434
v -0.04766 0.01368 0.02501
v -0.05196 0.00979 0.02512
v -0.05271 0.00932 0.02463
v -0.04896 0.01229 0.02552
v -0.04964 0.01164 0.02562
v -0.04965 0.01163 0.02562
v -0.05040 0.01097 0.02560
v -0.05136 0.01021 0.02538
v -0.05140 0.01018 0.02536
v -0.05169 0.00997 0.02525
v -0.05302 0.00915 0.02436
v -0.05394 0.00883 0.02307
v -0.05437 0.00902 0.02154
v -0.05430 0.00956 0.02022
v -0.05413 0.00992 0.01962
v -0.05410 0.00999 0.01953
v -0.05366 0.01068 0.01867
v -0.05295 0.01163 0.01783
v -0.05264 0.01201 0.01757
v -0.05191 0.01284 0.01712
v -0.05154 0.01324 0.01696
v -0.05109 0.01372 0.01681
v -0.05026 0.01454 0.01668
v -0.05021 0.01460 0.01668
v -0.04992 0.01487 0.01668
v -0.04929 0.01545 0.01673
v -0.04876 0.01591 0.01686
v -0.04769 0.01675 0.01734
v -0.04741 0.01695 0.01753
v -0.04700 0.01721 0.01788
v -0.04655 0.01745 0.01837
v -0.00943 0.01626 0.05036
v -0.00877 0.00910 0.05773
v -0.00989 0.00976 0.05689
v -0.01014 0.00999 0.05661
v -0.01023 0.01009 0.05649
v -0.01067 0.01070 0.05579
v -0.01104 0.01164 0.05476
v -0.01106 0.01177 0.05462
v -0.01112 0.01212 0.05426
v -0.01112 0.01290 0.05345
v -0.01102 0.01357 0.05280
v -0.01088 0.01406 0.05232
v -0.01055 0.01481 0.05163
v -0.01032 0.01520 0.05127
v -0.01007 0.01556 0.05096
v 0.00874 0.01555 -0.05049
v 0.00756 0.01638 -0.04996
v 0.00767 0.01667 -0.04995
v 0.00928 0.01617 -0.05045
v 0.00924 0.01614 -0.05047
v 0.00795 0.01717 -0.04969
v 0.00936 0.01622 -0.05041
v 0.00700 0.01726 -0.04968
v 0.00693 0.01695 -0.04981
v 0.00616 0.01712 -0.04980
v 0.00687 0.01663 -0.04985
v 0.00617 0.01671 -0.04987
v 0.00887 0.01577 -0.05054
v 0.00780 0.01694 -0.04985
v 0.00901 0.01594 -0.05054
v 0.00904 0.01597 -0.05054
v 0.00457 0.00979 -0.05703
v 0.00456 0.00981 -0.05708
v 0.00408 0.01022 -0.05676
v 0.00449 0.00986 -0.05724
v 0.00237 0.01301 -0.05441
v 0.00267 0.01536 -0.05206
v 0.00476 0.01699 -0.05017
v 0.00350 0.01635 -0.05099
v 0.00246 0.01417 -0.05322
v 0.00279 0.01184 -0.05551
v 0.00339 0.01076 -0.05660
v 0.00441 0.00987 -0.05737
v 0.00434 0.00985 -0.05745
v 0.00435 0.00985 -0.05744
v 0.00363 0.01071 -0.05635
v 0.00352 0.01076 -0.05648
v 0.00446 0.00987 -0.05730
v 0.00459 0.00969 -0.05690
v 0.00459 0.00973 -0.05694
v 0.00413 0.01013 -0.05662
v 0.00459 0.00975 -0.05697
v 0.00302 0.01397 -0.05257
v 0.00295 0.01367 -0.05284
v 0.00291 0.01380 -0.05295
v 0.00289 0.01252 -0.05389
v 0.00288 0.01264 -0.05400
v 0.00312 0.01138 -0.05493
v 0.00314 0.01149 -0.05502
v 0.00321 0.01115 -0.05514
v 0.00371 0.01040 -0.05597
v 0.00367 0.01030 -0.05590
v 0.00456 0.00949 -0.05674
v 0.00452 0.00938 -0.05669
v 0.00332 0.01477 -0.05183
v 0.00324 0.01492 -0.05193
v 0.00407 0.01582 -0.05085
v 0.00389 0.01594 -0.05099
v 0.00426 0.01599 -0.05069
v 0.00489 0.01671 -0.05023
v 0.00540 0.01660 -0.05005
v 0.00294 0.01180 -0.05540
v 0.00256 0.01297 -0.05434
v 0.00370 0.01063 -0.05621
v 0.00459 0.00962 -0.05682
v 0.00414 0.01002 -0.05649
v 0.00372 0.01052 -0.05608
v 0.00306 0.01172 -0.05527
v 0.00272 0.01288 -0.05424
v 0.00266 0.01407 -0.05316
v 0.00291 0.01524 -0.05206
v 0.00372 0.01615 -0.05102
v 0.00310 0.01509 -0.05202
v 0.00282 0.01394 -0.05306
v 0.00283 0.01276 -0.05412
v 0.00313 0.01161 -0.05514
v 0.01050 0.01074 -0.05574
v 0.01058 0.01072 -0.05577
v 0.01010 0.01014 -0.05643
v 0.00948 0.00964 -0.05703
v 0.00935 0.00966 -0.05690
v 0.00686 0.00872 -0.05741
v 0.00771 0.00877 -0.05726
v 0.00772 0.00890 -0.05737
v 0.00981 0.01012 -0.05621
v 0.00924 0.00962 -0.05675
v 0.00920 0.00958 -0.05668
v 0.00994 0.01465 -0.05158
v 0.01041 0.01490 -0.05155
v 0.00881 0.00919 -0.05763
v 0.00593 0.00906 -0.05812
v 0.00597 0.00912 -0.05798
v 0.00515 0.00946 -0.05761
v 0.00600 0.00914 -0.05781
v 0.00522 0.00921 -0.05715
v 0.00523 0.00928 -0.05721
v 0.00523 0.00934 -0.05727
v 0.00522 0.00939 -0.05735
v 0.00520 0.00943 -0.05744
v 0.01106 0.01206 -0.05433
v 0.01066 0.01418 -0.05222
v 0.00978 0.01550 -0.05101
v 0.00978 0.01448 -0.05152
v 0.00969 0.01433 -0.05143
v 0.01012 0.01337 -0.05222
v 0.01009 0.01380 -0.05208
v 0.01024 0.01297 -0.05257
v 0.01029 0.01310 -0.05268
v 0.01036 0.01221 -0.05326
v 0.01039 0.01240 -0.05330
v 0.01037 0.01159 -0.05383
v 0.01038 0.01170 -0.05394
v 0.01026 0.01103 -0.05458
v 0.01027 0.01092 -0.05449
v 0.01016 0.01054 -0.05487
v 0.01003 0.01039 -0.05522
v 0.01005 0.01028 -0.05513
v 0.00966 0.00980 -0.05583
v 0.00969 0.00968 -0.05576
v 0.00915 0.00928 -0.05639
v 0.00918 0.00916 -0.05634
v 0.00900 0.00902 -0.05650
v 0.00850 0.00887 -0.05686
v 0.00779 0.00851 -0.05716
v 0.00771 0.00863 -0.05720
v 0.00685 0.00858 -0.05735
v 0.00653 0.00849 -0.05734
v 0.00598 0.00874 -0.05730
v 0.00600 0.00860 -0.05729
v 0.00520 0.00893 -0.05706
v 0.01083 0.01205 -0.05430
v 0.01032 0.01073 -0.05565
v 0.01055 0.01135 -0.05494
v 0.01074 0.01203 -0.05427
v 0.01082 0.01273 -0.05359
v 0.01063 0.01351 -0.05278
v 0.01024 0.01071 -0.05560
v 0.01017 0.01067 -0.05553
v 0.01040 0.01127 -0.05483
v 0.00966 0.00992 -0.05593
v 0.01005 0.01051 -0.05533
v 0.01007 0.01057 -0.05540
v 0.01030 0.01116 -0.05470
v 0.01012 0.01063 -0.05546
v 0.01057 0.01195 -0.05418
v 0.01062 0.01265 -0.05352
v 0.01057 0.01336 -0.05287
v 0.01042 0.01408 -0.05222
v 0.01016 0.01480 -0.05160
v 0.01044 0.01183 -0.05406
v 0.01047 0.01253 -0.05342
v 0.01040 0.01324 -0.05279
v 0.01022 0.01395 -0.05217
v 0.00602 0.00901 -0.05748
v 0.00603 0.00906 -0.05755
v 0.00602 0.00910 -0.05764
v 0.00602 0.00895 -0.05742
v 0.00688 0.00886 -0.05752
v 0.00689 0.00895 -0.05767
v 0.00855 0.00923 -0.05721
v 0.00852 0.00919 -0.05713
v 0.00850 0.00914 -0.05705
v 0.00917 0.00953 -0.05661
v 0.00774 0.00895 -0.05744
v 0.00849 0.00901 -0.05694
v 0.00914 0.00941 -0.05648
v 0.00915 0.00947 -0.05654
v 0.00775 0.00900 -0.05752
v 0.00601 0.00888 -0.05737
v 0.00519 0.00908 -0.05707
v 0.00690 0.00899 -0.05784
v 0.00780 0.00904 -0.05769
v 0.00785 0.00902 -0.05785
v 0.00863 0.00927 -0.05737
v 0.00790 0.00896 -0.05799
v 0.00995 0.01016 -0.05634
v 0.01041 0.01074 -0.05570
v 0.01095 0.01206 -0.05432
v 0.00602 0.00550 -0.05729
v 0.00452 0.00550 -0.05669
v 0.00770 0.00550 -0.05718
v 0.00917 0.00550 -0.05635
v 0.01012 0.00550 -0.05495
v 0.01037 0.00550 -0.05328
v 0.00985 0.00550 -0.05167
v 0.00874 0.00550 -0.05049
v 0.00724 0.00550 -0.04989
v 0.00555 0.00550 -0.05000
v 0.00408 0.00550 -0.05084
v 0.00313 0.00550 -0.05223
v 0.00289 0.00550 -0.05390
v 0.00341 0.00550 -0.05551
v 0.00836 0.00550 -0.05477
v 0.00754 0.00550 -0.05548
v 0.00647 0.00550 -0.05569
v 0.00545 0.00550 -0.05533
v 0.00474 0.00550 -0.05450
v 0.00453 0.00550 -0.05343
v 0.00489 0.00550 -0.05241
v 0.00572 0.00550 -0.05170
v 0.00678 0.00550 -0.05150
v 0.00781 0.00550 -0.05186
v 0.00852 0.00550 -0.05268
v 0.00872 0.00550 -0.05375
v -0.04490 0.00940 -0.03620
v -0.04420 0.00982 -0.03648
v -0.04426 0.00986 -0.03665
v -0.04352 0.01037 -0.03681
v -0.04048 0.01335 -0.03545
v -0.04048 0.01328 -0.03536
v -0.03972 0.01461 -0.03443
v -0.04322 0.00986 -0.03628
v -0.04317 0.00989 -0.03628
v -0.04325 0.01001 -0.03630
v -0.04429 0.00985 -0.03682
v -0.03948 0.01486 -0.03481
v -0.04039 0.01350 -0.03575
v -0.04008 0.01702 -0.03025
v -0.04001 0.01726 -0.03020
v -0.03927 0.01689 -0.03176
v -0.03936 0.01565 -0.03306
v -0.03947 0.01635 -0.03159
v -0.03941 0.01661 -0.03167
v -0.03957 0.01649 -0.03127
v -0.03972 0.01661 -0.03092
v -0.03974 0.01444 -0.03426
v -0.03946 0.01500 -0.03345
v -0.03935 0.01562 -0.03274
v -0.04081 0.01238 -0.03551
v -0.04038 0.01302 -0.03512
v -0.04045 0.01314 -0.03522
v -0.04001 0.01365 -0.03467
v -0.03971 0.01429 -0.03414
v -0.04394 0.00949 -0.03621
v -0.04458 0.00894 -0.03598
v -0.04337 0.00974 -0.03628
v -0.04480 0.00931 -0.03608
v -0.04535 0.00897 -0.03568
v -0.04476 0.00925 -0.03603
v -0.04531 0.00890 -0.03565
v -0.04471 0.00919 -0.03600
v -0.04525 0.00876 -0.03563
v -0.04463 0.00906 -0.03597
v -0.04521 0.00864 -0.03563
v -0.04479 0.00883 -0.03588
v -0.04545 0.00908 -0.03577
v -0.04541 0.00904 -0.03573
v -0.04540 0.00903 -0.03572
v -0.04575 0.00913 -0.03617
v -0.04572 0.00915 -0.03612
v -0.04571 0.00915 -0.03610
v -0.04499 0.00944 -0.03635
v -0.04561 0.00916 -0.03596
v -0.04551 0.00912 -0.03583
v -0.04043 0.01346 -0.03565
v -0.03964 0.01475 -0.03462
v -0.03910 0.01605 -0.03338
v -0.04046 0.01341 -0.03555
v -0.03927 0.01586 -0.03322
v -0.04010 0.01671 -0.03028
v -0.04416 0.00978 -0.03641
v -0.04411 0.00973 -0.03634
v -0.04407 0.00968 -0.03629
v -0.04402 0.00962 -0.03625
v -0.04334 0.01013 -0.03636
v -0.04268 0.01070 -0.03635
v -0.04272 0.01076 -0.03640
v -0.04206 0.01132 -0.03623
v -0.04259 0.01058 -0.03627
v -0.04198 0.01120 -0.03613
v -0.04251 0.01047 -0.03624
v -0.04144 0.01159 -0.03590
v -0.04150 0.01202 -0.03610
v -0.04148 0.01196 -0.03602
v -0.04141 0.01183 -0.03591
v -0.04133 0.01172 -0.03584
v -0.04349 0.01033 -0.03663
v -0.04280 0.01093 -0.03684
v -0.04144 0.01219 -0.03658
v -0.04275 0.01082 -0.03648
v -0.04152 0.01207 -0.03618
v -0.04278 0.01086 -0.03656
v -0.04152 0.01212 -0.03628
v -0.04280 0.01090 -0.03665
v -0.04151 0.01216 -0.03638
v -0.04280 0.01092 -0.03674
v -0.04148 0.01218 -0.03648
v -0.04031 0.01669 -0.03003
v -0.04052 0.01664 -0.02982
v -0.04050 0.01717 -0.02968
v -0.04018 0.01671 -0.03018
v -0.04105 0.01693 -0.02926
v -0.04105 0.01705 -0.02919
v -0.04099 0.01646 -0.02944
v -0.04104 0.01675 -0.02935
v -0.04716 0.00922 -0.03385
v -0.04736 0.00959 -0.03300
v -0.04727 0.00958 -0.03299
v -0.04495 0.01415 -0.02870
v -0.04415 0.01478 -0.02862
v -0.04269 0.01617 -0.02844
v -0.04422 0.01484 -0.02852
v -0.04622 0.01271 -0.02940
v -0.04756 0.01007 -0.03212
v -0.04744 0.01066 -0.03130
v -0.04736 0.01067 -0.03134
v -0.04636 0.00899 -0.03554
v -0.04611 0.00897 -0.03531
v -0.04585 0.00860 -0.03511
v -0.04727 0.01067 -0.03137
v -0.04748 0.01009 -0.03215
v -0.04754 0.00958 -0.03300
v -0.04747 0.00915 -0.03392
v -0.04658 0.01199 -0.03005
v -0.04717 0.01067 -0.03140
v -0.04708 0.01064 -0.03141
v -0.04683 0.01129 -0.03072
v -0.04649 0.01197 -0.03010
v -0.04739 0.01009 -0.03216
v -0.04745 0.00959 -0.03300
v -0.04733 0.00920 -0.03389
v -0.04706 0.00894 -0.03482
v -0.04624 0.00900 -0.03542
v -0.04671 0.00900 -0.03463
v -0.04663 0.00898 -0.03459
v -0.04700 0.00919 -0.03379
v -0.04720 0.01006 -0.03217
v -0.04718 0.00956 -0.03297
v -0.04708 0.00921 -0.03382
v -0.04678 0.00902 -0.03468
v -0.04693 0.00900 -0.03476
v -0.04646 0.00893 -0.03564
v -0.04600 0.01165 -0.03012
v -0.04638 0.01097 -0.03067
v -0.04649 0.01110 -0.03073
v -0.04675 0.01045 -0.03137
v -0.04666 0.01033 -0.03130
v -0.04690 0.00986 -0.03208
v -0.04683 0.00973 -0.03201
v -0.04692 0.00935 -0.03285
v -0.04565 0.01194 -0.02978
v -0.04591 0.01153 -0.03006
v -0.04597 0.01144 -0.03013
v -0.04631 0.01085 -0.03060
v -0.04661 0.01021 -0.03122
v -0.04590 0.00874 -0.03514
v -0.04599 0.00887 -0.03521
v -0.04642 0.00875 -0.03444
v -0.04651 0.00888 -0.03450
v -0.04676 0.00897 -0.03365
v -0.04685 0.00910 -0.03372
v -0.04703 0.00947 -0.03292
v -0.04703 0.00998 -0.03214
v -0.04690 0.01056 -0.03141
v -0.04665 0.01121 -0.03075
v -0.04681 0.00955 -0.03202
v -0.04684 0.00910 -0.03272
v -0.04686 0.00922 -0.03278
v -0.04684 0.00906 -0.03279
v -0.04671 0.00883 -0.03359
v -0.04672 0.00871 -0.03352
v -0.04637 0.00861 -0.03439
v -0.04617 0.00845 -0.03469
v -0.04553 0.01341 -0.02908
v -0.04545 0.01338 -0.02916
v -0.04536 0.01333 -0.02922
v -0.04630 0.01189 -0.03016
v -0.04621 0.01184 -0.03017
v -0.04265 0.01608 -0.02857
v -0.04407 0.01471 -0.02870
v -0.04527 0.01327 -0.02926
v -0.04259 0.01598 -0.02867
v -0.04247 0.01576 -0.02880
v -0.04383 0.01447 -0.02883
v -0.04192 0.01588 -0.02897
v -0.04502 0.01306 -0.02929
v -0.04518 0.01320 -0.02928
v -0.04445 0.01377 -0.02901
v -0.04461 0.01392 -0.02897
v -0.04398 0.01463 -0.02876
v -0.04491 0.01293 -0.02925
v -0.04421 0.01376 -0.02895
v -0.04375 0.01425 -0.02884
v -0.04369 0.01431 -0.02883
v -0.04234 0.01555 -0.02886
v -0.04569 0.01248 -0.02968
v -0.04613 0.01178 -0.03016
v -0.04554 0.01235 -0.02966
v -0.04639 0.01194 -0.03013
v -0.04605 0.01268 -0.02955
v -0.04659 0.00550 -0.03117
v -0.04420 0.00550 -0.02895
v -0.04254 0.00550 -0.02883
v -0.04099 0.00550 -0.02944
v -0.04565 0.00550 -0.02979
v -0.04684 0.00550 -0.03282
v -0.04634 0.00550 -0.03441
v -0.04521 0.00550 -0.03563
v -0.04338 0.00550 -0.03627
v -0.04147 0.00550 -0.03591
v -0.04000 0.00550 -0.03465
v -0.03936 0.00550 -0.03282
v -0.03972 0.00550 -0.03091
v -0.04483 0.00550 -0.03135
v -0.04401 0.00550 -0.03064
v -0.04294 0.00550 -0.03044
v -0.04191 0.00550 -0.03080
v -0.04121 0.00550 -0.03162
v -0.04100 0.00550 -0.03269
v -0.04136 0.00550 -0.03372
v -0.04219 0.00550 -0.03443
v -0.04325 0.00550 -0.03463
v -0.04428 0.00550 -0.03427
v -0.04499 0.00550 -0.03345
v -0.04519 0.00550 -0.03238
v -0.05193 0.01166 0.01800
v -0.05191 0.01164 0.01799
v -0.05127 0.01245 0.01762
v -0.04985 0.01384 0.01731
v -0.04967 0.01403 0.01731
v -0.04978 0.01414 0.01729
v -0.04719 0.01628 0.01829
v -0.04686 0.01649 0.01863
v -0.04743 0.01635 0.01806
v -0.04620 0.01716 0.01956
v -0.04617 0.01724 0.01955
v -0.04672 0.01705 0.01864
v -0.05016 0.01456 0.01685
v -0.05173 0.01280 0.01741
v -0.04924 0.01535 0.01699
v -0.04835 0.01618 0.01716
v -0.04746 0.01676 0.01778
v -0.04664 0.01730 0.01850
v -0.04793 0.01570 0.01776
v -0.04819 0.01571 0.01761
v -0.04811 0.01555 0.01767
v -0.04899 0.01496 0.01736
v -0.04889 0.01482 0.01740
v -0.05118 0.01235 0.01760
v -0.05029 0.01337 0.01735
v -0.05054 0.01330 0.01738
v -0.05204 0.01177 0.01801
v -0.05229 0.01194 0.01793
v -0.05162 0.01274 0.01751
v -0.05213 0.01184 0.01800
v -0.05253 0.01202 0.01772
v -0.05248 0.01201 0.01778
v -0.05240 0.01199 0.01786
v -0.04909 0.01510 0.01728
v -0.04827 0.01588 0.01750
v -0.04746 0.01656 0.01794
v -0.04627 0.01671 0.01959
v -0.04989 0.01427 0.01724
v -0.04918 0.01524 0.01715
v -0.04832 0.01604 0.01735
v -0.05000 0.01439 0.01714
v -0.05066 0.01341 0.01735
v -0.05184 0.01155 0.01796
v -0.05138 0.01255 0.01762
v -0.05150 0.01265 0.01758
v -0.05077 0.01352 0.01729
v -0.05088 0.01361 0.01719
v -0.05009 0.01449 0.01701
v -0.05098 0.01367 0.01706
v -0.04778 0.01360 0.02467
v -0.04776 0.01364 0.02477
v -0.04770 0.01328 0.02424
v -0.04773 0.01334 0.02429
v -0.04726 0.01399 0.02395
v -0.04598 0.01643 0.02084
v -0.04596 0.01657 0.02103
v -0.04590 0.01677 0.02110
v -0.04580 0.01696 0.02117
v -0.04676 0.01491 0.02392
v -0.04594 0.01618 0.02284
v -0.04771 0.01367 0.02490
v -0.04613 0.01596 0.02259
v -0.04618 0.01581 0.02247
v -0.04647 0.01524 0.02304
v -0.04619 0.01566 0.02236
v -0.04716 0.01379 0.02379
v -0.04683 0.01462 0.02353
v -0.04676 0.01440 0.02335
v -0.04643 0.01498 0.02285
v -0.04618 0.01551 0.02229
v -0.04599 0.01617 0.02137
v -0.04681 0.01483 0.02379
v -0.04640 0.01547 0.02330
v -0.04605 0.01608 0.02272
v -0.04776 0.01342 0.02437
v -0.04776 0.01342 0.02438
v -0.04728 0.01418 0.02419
v -0.04778 0.01349 0.02447
v -0.04779 0.01352 0.02451
v -0.04566 0.01713 0.02124
v -0.04761 0.01316 0.02416
v -0.04779 0.01355 0.02457
v -0.04951 0.01142 0.02489
v -0.05017 0.01078 0.02486
v -0.05023 0.01084 0.02491
v -0.05085 0.01017 0.02472
v -0.05151 0.00963 0.02444
v -0.05157 0.00969 0.02447
v -0.05239 0.00939 0.02417
v -0.05174 0.00984 0.02463
v -0.05169 0.00980 0.02457
v -0.05106 0.01037 0.02496
v -0.05036 0.01097 0.02515
v -0.05032 0.01094 0.02506
v -0.05242 0.01100 0.01842
v -0.05270 0.01124 0.01843
v -0.05325 0.00845 0.02235
v -0.05339 0.00851 0.02183
v -0.05340 0.00863 0.02189
v -0.04832 0.01300 0.02502
v -0.04828 0.01279 0.02462
v -0.04888 0.01210 0.02481
v -0.04892 0.01216 0.02488
v -0.04819 0.01266 0.02450
v -0.04895 0.01222 0.02496
v -0.04897 0.01227 0.02506
v -0.04966 0.01162 0.02521
v -0.04898 0.01230 0.02517
v -0.04826 0.01303 0.02524
v -0.04896 0.01233 0.02539
v -0.04967 0.01165 0.02542
v -0.05040 0.01101 0.02534
v -0.05117 0.01039 0.02531
v -0.05192 0.00985 0.02495
v -0.05333 0.00905 0.02388
v -0.05323 0.00911 0.02378
v -0.05403 0.00902 0.02210
v -0.05418 0.00896 0.02212
v -0.05234 0.01090 0.01837
v -0.04869 0.01186 0.02466
v -0.04878 0.01197 0.02471
v -0.04896 0.01156 0.02473
v -0.04941 0.01130 0.02481
v -0.04998 0.01054 0.02480
v -0.05007 0.01065 0.02481
v -0.05068 0.00993 0.02468
v -0.05074 0.01004 0.02468
v -0.05135 0.00939 0.02444
v -0.05142 0.00950 0.02442
v -0.05213 0.00886 0.02394
v -0.05207 0.00904 0.02400
v -0.05431 0.00920 0.02117
v -0.05412 0.00964 0.02030
v -0.05378 0.00903 0.02204
v -0.05387 0.00904 0.02206
v -0.05348 0.00898 0.02287
v -0.05356 0.00899 0.02290
v -0.05303 0.00911 0.02361
v -0.05310 0.00913 0.02366
v -0.05399 0.00927 0.02119
v -0.05395 0.00966 0.02035
v -0.05353 0.01072 0.01880
v -0.05345 0.01073 0.01886
v -0.05336 0.01072 0.01891
v -0.05340 0.00895 0.02283
v -0.05296 0.00909 0.02356
v -0.05289 0.00904 0.02352
v -0.05326 0.00885 0.02277
v -0.05316 0.00872 0.02272
v -0.05355 0.00890 0.02197
v -0.05369 0.00900 0.02202
v -0.05282 0.00899 0.02348
v -0.05276 0.00893 0.02345
v -0.05272 0.00886 0.02344
v -0.05311 0.00857 0.02270
v -0.05265 0.00872 0.02343
v -0.05290 0.00849 0.02305
v -0.05345 0.00877 0.02192
v -0.05349 0.00888 0.02106
v -0.05348 0.00941 0.02032
v -0.05355 0.00902 0.02110
v -0.05360 0.00953 0.02036
v -0.05366 0.00914 0.02115
v -0.05377 0.00962 0.02037
v -0.05381 0.00924 0.02118
v -0.05341 0.01003 0.01963
v -0.05358 0.01012 0.01962
v -0.05386 0.00965 0.02036
v -0.05390 0.00926 0.02119
v -0.05327 0.01069 0.01895
v -0.05338 0.00917 0.02022
v -0.05288 0.01011 0.01903
v -0.05318 0.00979 0.01956
v -0.05284 0.01037 0.01894
v -0.05295 0.01049 0.01898
v -0.05254 0.01112 0.01845
v -0.05342 0.00905 0.02041
v -0.05341 0.00928 0.02027
v -0.05327 0.00991 0.01961
v -0.05310 0.01061 0.01899
v -0.05287 0.01132 0.01836
v -0.05232 0.00936 0.02411
v -0.05163 0.00975 0.02451
v -0.05226 0.00930 0.02407
v -0.05220 0.00924 0.02404
v -0.05215 0.00918 0.02401
v -0.05028 0.01089 0.02498
v -0.05251 0.00943 0.02430
v -0.05113 0.01041 0.02513
v -0.05185 0.00987 0.02479
v -0.05221 0.00550 0.02386
v -0.04875 0.00550 0.02468
v -0.04761 0.00550 0.02416
v -0.05059 0.00550 0.02471
v -0.05325 0.00550 0.02235
v -0.05344 0.00550 0.02053
v -0.05274 0.00550 0.01883
v -0.05184 0.00550 0.01796
v -0.05028 0.00550 0.01735
v -0.04862 0.00550 0.01747
v -0.04717 0.00550 0.01831
v -0.04623 0.00550 0.01969
v -0.04599 0.00550 0.02134
v -0.04648 0.00550 0.02293
v -0.04799 0.00550 0.01987
v -0.04881 0.00550 0.01916
v -0.04988 0.00550 0.01896
v -0.05091 0.00550 0.01932
v -0.05162 0.00550 0.02015
v -0.05182 0.00550 0.02121
v -0.05146 0.00550 0.02224
v -0.05064 0.00550 0.02295
v -0.04957 0.00550 0.02315
v -0.04854 0.00550 0.02279
v -0.04783 0.00550 0.02197
v -0.04763 0.00550 0.02090
v -0.00853 0.01574 0.05036
v -0.00729 0.01649 0.04990
v -0.00767 0.01666 0.04995
v -0.00795 0.01717 0.04969
v -0.00924 0.01614 0.05047
v -0.00935 0.01622 0.05041
v -0.00693 0.01694 0.04981
v -0.00616 0.01712 0.04980
v -0.00617 0.01671 0.04987
v -0.00780 0.01694 0.04986
v -0.00901 0.01594 0.05054
v -0.00887 0.01577 0.05054
v -0.00700 0.01725 0.04969
v -0.00874 0.01555 0.05049
v -0.00371 0.01071 0.05623
v -0.00365 0.01080 0.05637
v -0.00296 0.01190 0.05544
v -0.00458 0.00984 0.05704
v -0.00457 0.00987 0.05708
v -0.00349 0.01642 0.05100
v -0.00476 0.01701 0.05017
v -0.00289 0.01534 0.05210
v -0.00257 0.01308 0.05440
v -0.00245 0.01428 0.05327
v -0.00237 0.01313 0.05447
v -0.00281 0.01195 0.05556
v -0.00436 0.00991 0.05745
v -0.00341 0.01085 0.05662
v -0.00451 0.00992 0.05724
v -0.00446 0.00993 0.05731
v -0.00442 0.00993 0.05737
v -0.00459 0.00981 0.05698
v -0.00460 0.00978 0.05694
v -0.00452 0.00945 0.05669
v -0.00456 0.00955 0.05674
v -0.00368 0.01039 0.05592
v -0.00372 0.01049 0.05599
v -0.00336 0.01094 0.05544
v -0.00316 0.01159 0.05506
v -0.00319 0.01133 0.05510
v -0.00288 0.01275 0.05404
v -0.00289 0.01263 0.05393
v -0.00290 0.01390 0.05300
v -0.00294 0.01377 0.05288
v -0.00304 0.01419 0.05249
v -0.00322 0.01501 0.05196
v -0.00330 0.01485 0.05187
v -0.00409 0.01590 0.05083
v -0.00387 0.01599 0.05101
v -0.00426 0.01604 0.05068
v -0.00489 0.01673 0.05023
v -0.00543 0.01662 0.05004
v -0.00354 0.01084 0.05651
v -0.00459 0.00968 0.05683
v -0.00374 0.01061 0.05610
v -0.00308 0.01182 0.05531
v -0.00272 0.01299 0.05429
v -0.00265 0.01418 0.05321
v -0.00371 0.01622 0.05103
v -0.00309 0.01518 0.05205
v -0.00281 0.01405 0.05311
v -0.00283 0.01288 0.05417
v -0.00314 0.01171 0.05518
v -0.00719 0.00890 0.05814
v -0.00512 0.00951 0.05741
v -0.00506 0.00955 0.05758
v -0.00465 0.00933 0.05678
v -0.00513 0.00931 0.05712
v -0.00514 0.00943 0.05725
v -0.00719 0.00891 0.05813
v -0.00563 0.00917 0.05807
v -0.00568 0.00923 0.05794
v -0.00716 0.00898 0.05790
v -0.00712 0.00890 0.05757
v -0.00713 0.00894 0.05765
v -0.00644 0.00901 0.05768
v -0.00644 0.00905 0.05785
v -0.00711 0.00881 0.05746
v -0.00644 0.00892 0.05752
v -0.00710 0.00878 0.05743
v -0.00642 0.00879 0.05741
v -0.00709 0.00869 0.05737
v -0.00607 0.00859 0.05730
v -0.00709 0.00844 0.05731
v -0.00640 0.00865 0.05735
v -0.00709 0.00858 0.05733
v -0.00575 0.00899 0.05732
v -0.00577 0.00912 0.05744
v -0.00576 0.00921 0.05760
v -0.00573 0.00925 0.05777
v -0.00510 0.00918 0.05704
v -0.00572 0.00886 0.05725
v -0.00586 0.00866 0.05726
v -0.00863 0.00913 0.05771
v -0.00855 0.00919 0.05759
v -0.00974 0.00983 0.05680
v -0.01082 0.01287 0.05345
v -0.01068 0.01175 0.05454
v -0.01051 0.01167 0.05444
v -0.00963 0.01475 0.05130
v -0.00775 0.00900 0.05752
v -0.00771 0.00863 0.05720
v -0.00889 0.00923 0.05668
v -0.00834 0.00895 0.05701
v -0.00835 0.00881 0.05694
v -0.00791 0.00854 0.05711
v -0.00840 0.00917 0.05728
v -0.00837 0.00913 0.05720
v -0.00780 0.00904 0.05769
v -0.01088 0.01178 0.05461
v -0.01069 0.01403 0.05236
v -0.01002 0.01508 0.05136
v -0.01035 0.01143 0.05420
v -0.01034 0.01242 0.05307
v -0.01038 0.01254 0.05318
v -0.01012 0.01337 0.05223
v -0.01013 0.01366 0.05220
v -0.00986 0.01401 0.05169
v -0.00953 0.01459 0.05122
v -0.00913 0.00912 0.05639
v -0.00940 0.00936 0.05611
v -0.00937 0.00947 0.05617
v -0.01005 0.01028 0.05513
v -0.01003 0.01039 0.05522
v -0.01016 0.01055 0.05486
v -0.01034 0.01132 0.05410
v -0.01046 0.01394 0.05235
v -0.01062 0.01279 0.05339
v -0.00980 0.01492 0.05136
v -0.01026 0.01380 0.05229
v -0.01047 0.01267 0.05329
v -0.01040 0.01156 0.05432
v -0.00898 0.00945 0.05695
v -0.00944 0.00977 0.05647
v -0.00948 0.00981 0.05655
v -0.01017 0.01067 0.05553
v -0.01024 0.01071 0.05560
v -0.01012 0.01063 0.05547
v -0.00940 0.00972 0.05640
v -0.00835 0.00908 0.05713
v -0.00771 0.00877 0.05726
v -0.00834 0.00902 0.05707
v -0.00938 0.00967 0.05633
v -0.00837 0.00869 0.05691
v -0.00890 0.00910 0.05659
v -0.00936 0.00960 0.05627
v -0.01004 0.01051 0.05533
v -0.01007 0.01057 0.05540
v -0.00847 0.00921 0.05744
v -0.00908 0.00948 0.05710
v -0.00960 0.00984 0.05669
v -0.01040 0.01074 0.05570
v -0.00452 0.00550 0.05669
v -0.00775 0.00550 0.05717
v -0.00608 0.00550 0.05730
v -0.00920 0.00550 0.05632
v -0.01013 0.00550 0.05492
v -0.01036 0.00550 0.05326
v -0.00984 0.00550 0.05166
v -0.00874 0.00550 0.05049
v -0.00725 0.00550 0.04989
v -0.00557 0.00550 0.04999
v -0.00411 0.00550 0.05082
v -0.00315 0.00550 0.05219
v -0.00289 0.00550 0.05385
v -0.00337 0.00550 0.05546
v -0.00836 0.00550 0.05478
v -0.00754 0.00550 0.05548
v -0.00647 0.00550 0.05569
v -0.00544 0.00550 0.05533
v -0.00474 0.00550 0.05450
v -0.00453 0.00550 0.05344
v -0.00489 0.00550 0.05241
v -0.00572 0.00550 0.05170
v -0.00678 0.00550 0.05150
v -0.00781 0.00550 0.05186
v -0.00852 0.00550 0.05268
v -0.00872 0.00550 0.05375
v 0.09115 0.00892 0.00252
v 0.11721 0.00750 0.01825
v 0.08990 0.00887 0.00163
v 0.08878 0.00919 0.00126
v 0.08829 0.00941 0.00120
v 0.08974 0.01567 0.00971
v 0.08864 0.01653 0.01000
v 0.08848 0.01663 0.01002
v 0.08827 0.01676 0.01003
v 0.08394 0.01696 0.00738
v 0.08447 0.01740 0.00825
v 0.09190 0.00935 0.00355
v 0.09209 0.00958 0.00395
v 0.09228 0.00993 0.00449
v 0.08463 0.01267 0.00268
v 0.08563 0.01142 0.00184
v 0.08629 0.01078 0.00151
v 0.08388 0.01688 0.00724
v 0.08366 0.01646 0.00659
v 0.08357 0.01611 0.00611
v 0.08701 0.01019 0.00128
v 0.08740 0.00992 0.00122
v 0.09241 0.01044 0.00519
v 0.09238 0.01140 0.00634
v 0.09231 0.01174 0.00670
v 0.09159 0.01344 0.00825
v 0.09091 0.01443 0.00899
v 0.09075 0.01463 0.00912
v 0.09047 0.01495 0.00932
v 0.08354 0.01551 0.00536
v 0.08357 0.01523 0.00505
v 0.08381 0.01428 0.00406
v 0.09231 0.01177 0.00672
v 0.09208 0.01244 0.00739
v 0.09173 0.01319 0.00805
v 0.08391 0.01401 0.00381
v 0.08423 0.01332 0.00320
v 0.08694 0.01685 0.00953
v 0.08700 0.01720 0.00974
v 0.08834 0.01644 0.00978
v 0.09066 0.01460 0.00905
v 0.08945 0.01546 0.00944
v 0.08573 0.01711 0.00900
v 0.08570 0.01725 0.00904
v 0.08817 0.01616 0.00962
v 0.08801 0.01587 0.00957
v 0.08683 0.01649 0.00944
v 0.08924 0.01524 0.00936
v 0.08907 0.01501 0.00937
v 0.08835 0.01563 0.00954
v 0.09012 0.01424 0.00886
v 0.09007 0.01418 0.00887
v 0.08996 0.01404 0.00893
v 0.09055 0.01456 0.00897
v 0.09043 0.01449 0.00891
v 0.09024 0.01435 0.00886
v 0.08576 0.01671 0.00894
v 0.08513 0.01227 0.00285
v 0.08587 0.01135 0.00234
v 0.08584 0.01141 0.00219
v 0.08458 0.01281 0.00398
v 0.08462 0.01292 0.00389
v 0.08427 0.01385 0.00466
v 0.08370 0.01606 0.00614
v 0.08495 0.01679 0.00825
v 0.08532 0.01666 0.00860
v 0.08467 0.01730 0.00830
v 0.08393 0.01426 0.00415
v 0.08443 0.01329 0.00336
v 0.08513 0.01198 0.00322
v 0.08508 0.01188 0.00330
v 0.08574 0.01097 0.00273
v 0.08424 0.01377 0.00480
v 0.08409 0.01474 0.00550
v 0.08410 0.01461 0.00561
v 0.08507 0.01233 0.00271
v 0.08578 0.01144 0.00206
v 0.08571 0.01144 0.00193
v 0.08378 0.01514 0.00515
v 0.08407 0.01419 0.00426
v 0.08453 0.01323 0.00349
v 0.08425 0.01570 0.00688
v 0.08412 0.01558 0.00641
v 0.08404 0.01489 0.00538
v 0.08425 0.01397 0.00453
v 0.08463 0.01303 0.00377
v 0.08587 0.01132 0.00238
v 0.08516 0.01219 0.00299
v 0.08587 0.01127 0.00247
v 0.08580 0.01107 0.00267
v 0.08580 0.01108 0.00266
v 0.08516 0.01209 0.00312
v 0.08585 0.01119 0.00257
v 0.08586 0.01121 0.00255
v 0.08410 0.01671 0.00724
v 0.08389 0.01592 0.00621
v 0.08428 0.01650 0.00728
v 0.08484 0.01705 0.00825
v 0.08494 0.01651 0.00819
v 0.08439 0.01629 0.00735
v 0.08403 0.01575 0.00631
v 0.08393 0.01503 0.00526
v 0.08418 0.01409 0.00439
v 0.08460 0.01314 0.00364
v 0.09103 0.00913 0.00299
v 0.09036 0.00899 0.00239
v 0.09026 0.00895 0.00254
v 0.09070 0.01365 0.00842
v 0.09129 0.01321 0.00799
v 0.09127 0.01307 0.00789
v 0.09091 0.01379 0.00843
v 0.08852 0.00891 0.00212
v 0.08790 0.00910 0.00208
v 0.08871 0.00870 0.00218
v 0.08624 0.01042 0.00244
v 0.08640 0.01062 0.00228
v 0.08633 0.01049 0.00238
v 0.08638 0.01085 0.00175
v 0.08643 0.01082 0.00194
v 0.08714 0.01018 0.00186
v 0.08712 0.01013 0.00195
v 0.08710 0.01007 0.00202
v 0.08629 0.01083 0.00158
v 0.08707 0.01023 0.00140
v 0.09224 0.01178 0.00670
v 0.09202 0.01177 0.00665
v 0.09113 0.01388 0.00852
v 0.09036 0.01349 0.00861
v 0.09055 0.01350 0.00846
v 0.09087 0.01268 0.00805
v 0.09095 0.01280 0.00797
v 0.09126 0.01211 0.00743
v 0.09133 0.01164 0.00721
v 0.09148 0.01142 0.00683
v 0.09144 0.01131 0.00691
v 0.09160 0.01075 0.00618
v 0.09139 0.00927 0.00460
v 0.09147 0.00945 0.00486
v 0.09147 0.00955 0.00479
v 0.09158 0.00997 0.00552
v 0.08933 0.00864 0.00237
v 0.08627 0.01039 0.00243
v 0.08694 0.00979 0.00219
v 0.09171 0.00944 0.00361
v 0.09163 0.00946 0.00364
v 0.09208 0.00991 0.00438
v 0.09200 0.00992 0.00440
v 0.09202 0.01048 0.00520
v 0.09191 0.00992 0.00442
v 0.09147 0.00945 0.00373
v 0.09155 0.00946 0.00368
v 0.09221 0.01048 0.00518
v 0.09214 0.01178 0.00667
v 0.09199 0.01108 0.00595
v 0.09212 0.01049 0.00518
v 0.09159 0.00980 0.00459
v 0.09120 0.00921 0.00399
v 0.09150 0.00968 0.00470
v 0.09118 0.00907 0.00407
v 0.09111 0.00887 0.00398
v 0.09193 0.01045 0.00523
v 0.09176 0.01037 0.00530
v 0.09165 0.01025 0.00540
v 0.09160 0.01013 0.00550
v 0.09157 0.01065 0.00627
v 0.09155 0.01236 0.00730
v 0.09176 0.01245 0.00731
v 0.09173 0.01166 0.00667
v 0.09193 0.01175 0.00664
v 0.09181 0.01100 0.00600
v 0.09109 0.01294 0.00791
v 0.09138 0.01224 0.00735
v 0.09158 0.01155 0.00674
v 0.09167 0.01088 0.00609
v 0.08700 0.00988 0.00216
v 0.08780 0.00948 0.00200
v 0.08707 0.01001 0.00208
v 0.08784 0.00954 0.00195
v 0.08787 0.00960 0.00189
v 0.08789 0.00965 0.00181
v 0.08944 0.00891 0.00223
v 0.08865 0.00918 0.00198
v 0.08862 0.00912 0.00203
v 0.08937 0.00878 0.00232
v 0.09011 0.00871 0.00275
v 0.09017 0.00885 0.00266
v 0.09080 0.00900 0.00323
v 0.09090 0.00909 0.00311
v 0.09139 0.00942 0.00378
v 0.08768 0.00924 0.00208
v 0.08773 0.00934 0.00206
v 0.08858 0.00905 0.00208
v 0.09009 0.00857 0.00280
v 0.09173 0.00989 0.00450
v 0.09127 0.00933 0.00389
v 0.09074 0.00887 0.00333
v 0.09072 0.00873 0.00339
v 0.09026 0.00846 0.00296
v 0.08919 0.00854 0.00232
v 0.08791 0.00970 0.00136
v 0.08712 0.01025 0.00158
v 0.08793 0.00972 0.00154
v 0.08714 0.01021 0.00177
v 0.08791 0.00968 0.00172
v 0.08868 0.00923 0.00191
v 0.08951 0.00901 0.00210
v 0.08871 0.00927 0.00183
v 0.08959 0.00905 0.00194
v 0.08876 0.00931 0.00165
v 0.08966 0.00903 0.00178
v 0.08879 0.00929 0.00148
v 0.08970 0.00897 0.00164
v 0.09047 0.00897 0.00226
v 0.09056 0.00891 0.00214
v 0.09128 0.00906 0.00280
v 0.08574 0.00550 0.00273
v 0.08688 0.00550 0.00220
v 0.08873 0.00550 0.00218
v 0.09036 0.00550 0.00304
v 0.09138 0.00550 0.00457
v 0.09155 0.00550 0.00641
v 0.09083 0.00550 0.00810
v 0.08996 0.00550 0.00893
v 0.08847 0.00550 0.00953
v 0.08679 0.00550 0.00942
v 0.08533 0.00550 0.00860
v 0.08437 0.00550 0.00722
v 0.08411 0.00550 0.00557
v 0.08459 0.00550 0.00396
v 0.08611 0.00550 0.00701
v 0.08694 0.00550 0.00772
v 0.08800 0.00550 0.00792
v 0.08903 0.00550 0.00756
v 0.08974 0.00550 0.00674
v 0.08994 0.00550 0.00567
v 0.08958 0.00550 0.00464
v 0.08876 0.00550 0.00393
v 0.08769 0.00550 0.00373
v 0.08666 0.00550 0.00409
v 0.08596 0.00550 0.00492
v 0.08575 0.00550 0.00598
v 0.12424 0.00750 0.02172
v 0.13192 0.00750 0.02325
v 0.22045 0.00751 0.00665
v 0.22186 0.00756 0.00637
v 0.22533 0.00792 0.00568
v 0.22547 0.00794 0.00566
v 0.22954 0.00881 0.00484
v 0.22958 0.00882 0.00483
v 0.23130 0.00933 0.00449
v 0.23704 0.01164 0.00335
v 0.22314 0.01474 0.00869
v 0.22899 0.01263 0.00577
v 0.24445 -0.00750 0.00252
v 0.23704 -0.00750 0.00335
v 0.23362 0.01181 0.00417
v 0.23208 0.01201 0.00464
v 0.25688 -0.00750 0.00396
v 0.26841 -0.00750 0.00885
v 0.27810 -0.00750 0.01680
v 0.28515 -0.00750 0.02714
v 0.28900 -0.00750 0.03906
v 0.28934 -0.00750 0.05158
v 0.28614 -0.00750 0.06369
v 0.27966 -0.00750 0.07440
v 0.22261 0.01099 0.00822
v 0.22081 0.00796 0.00698
v 0.22610 0.00969 0.00634
v 0.23729 -0.00879 0.00462
v 0.23763 -0.00809 0.00629
v 0.24448 -0.00879 0.00381
v 0.24894 -0.00879 0.00392
v 0.25655 -0.00879 0.00521
v 0.27714 -0.00879 0.01767
v 0.27064 -0.00879 0.01187
v 0.26774 -0.00879 0.00996
v 0.26034 -0.00879 0.00640
v 0.28773 -0.00879 0.03928
v 0.28502 -0.00879 0.02997
v 0.28399 -0.00879 0.02771
v 0.27907 -0.00879 0.01993
v 0.28495 -0.00879 0.06318
v 0.28786 -0.00879 0.05290
v 0.28806 -0.00879 0.05143
v 0.28802 -0.00879 0.04124
v 0.27866 -0.00879 0.07358
v 0.26969 -0.00879 0.08179
v 0.26873 -0.00809 0.08038
v 0.27704 -0.00809 0.07287
v 0.24453 -0.00809 0.00552
v 0.24881 -0.00809 0.00562
v 0.25612 -0.00809 0.00686
v 0.25975 -0.00809 0.00801
v 0.26686 -0.00809 0.01142
v 0.26964 -0.00809 0.01326
v 0.27588 -0.00809 0.01882
v 0.27774 -0.00809 0.02099
v 0.28246 -0.00809 0.02846
v 0.28344 -0.00809 0.03063
v 0.28605 -0.00809 0.03957
v 0.28633 -0.00809 0.04145
v 0.28636 -0.00809 0.05123
v 0.28617 -0.00809 0.05265
v 0.28338 -0.00809 0.06252
v 0.28300 -0.00809 0.06339
v 0.26873 0.02950 0.08038
v 0.27734 0.02950 0.07250
v 0.22254 0.02950 0.01262
v 0.23302 0.02950 0.00749
v 0.24453 0.02950 0.00552
v 0.24597 0.02950 0.00550
v 0.24766 0.02950 0.00555
v 0.25162 0.02950 0.00594
v 0.25447 0.02950 0.00646
v 0.25612 0.02950 0.00686
v 0.26686 0.02950 0.01142
v 0.27588 0.02950 0.01882
v 0.28246 0.02950 0.02846
v 0.28605 0.02950 0.03957
v 0.28636 0.02950 0.05123
v 0.28623 0.02950 0.05227
v 0.28338 0.02950 0.06252
v 0.28392 0.02950 0.06118
v 0.28558 0.02950 0.05576
v 0.28616 0.02950 0.05277
v 0.28328 0.02950 0.06275
v 0.20790 0.02950 0.03049
v 0.21394 0.02950 0.02050
v 0.20678 0.02950 0.03341
v 0.20655 0.02950 0.03413
v 0.20521 0.02950 0.03970
v 0.20514 0.02950 0.04009
v 0.20491 0.02950 0.04177
v 0.20469 0.02950 0.04442
v 0.20523 0.02950 0.05343
v 0.20741 0.02950 0.06133
v 0.20882 0.02950 0.06454
v 0.21539 0.02950 0.07418
v 0.22441 0.02950 0.08158
v 0.22503 0.02950 0.08194
v 0.23516 0.02950 0.08614
v 0.23617 0.02950 0.08639
v 0.23666 0.02950 0.08651
v 0.24675 0.02950 0.08749
v 0.24286 0.02950 0.08741
v 0.23719 0.02950 0.08662
v 0.25825 0.02950 0.08551
v 0.24061 -0.00809 0.08719
v 0.24675 -0.00809 0.08749
v 0.25044 -0.00809 0.08722
v 0.24700 0.02950 0.08748
v 0.25825 -0.00809 0.08551
v 0.26000 -0.00809 0.08490
v 0.24040 -0.00879 0.08888
v 0.26060 -0.00879 0.08650
v 0.26488 -0.00879 0.08463
v 0.24101 -0.00879 0.08896
v 0.25064 -0.00879 0.08891
v 0.25326 -0.00879 0.08852
v 0.28053 0.02950 0.05642
v 0.27170 0.02950 0.06244
v 0.27152 0.02950 0.06217
v 0.21584 0.02950 0.02861
v 0.21600 0.02950 0.02772
v 0.22230 0.02950 0.02313
v 0.28163 0.02950 0.05503
v 0.28249 0.02950 0.05474
v 0.28035 0.02950 0.05615
v 0.23846 0.02950 0.07305
v 0.23483 0.02950 0.07520
v 0.23370 0.02950 0.07128
v 0.26321 0.02950 0.02341
v 0.26532 0.02950 0.02730
v 0.25757 0.02950 0.02172
v 0.21878 0.02950 0.06466
v 0.22241 0.02950 0.06998
v 0.21060 0.02950 0.05383
v 0.21119 0.02950 0.05315
v 0.21368 0.02950 0.05718
v 0.24657 0.02950 0.00659
v 0.25264 0.02950 0.00790
v 0.27315 0.02950 0.01664
v 0.26784 0.02950 0.02026
v 0.27825 0.02950 0.02412
v 0.27550 0.02950 0.06801
v 0.26973 0.02950 0.07620
v 0.27032 0.02950 0.07551
v 0.27049 0.02950 0.07462
v 0.27019 0.02950 0.07377
v 0.26951 0.02950 0.07318
v 0.27034 0.02950 0.07153
v 0.26717 0.02950 0.07399
v 0.26007 0.02950 0.07853
v 0.26776 0.02950 0.07331
v 0.26862 0.02950 0.07301
v 0.26700 0.02950 0.07488
v 0.25010 0.02950 0.08533
v 0.26730 0.02950 0.07574
v 0.26799 0.02950 0.07633
v 0.26888 0.02950 0.07650
v 0.27578 0.02950 0.06599
v 0.27637 0.02950 0.06650
v 0.27767 0.02950 0.06379
v 0.27690 0.02950 0.06365
v 0.27552 0.02950 0.06526
v 0.27566 0.02950 0.06450
v 0.27713 0.02950 0.06664
v 0.27786 0.02950 0.06639
v 0.27837 0.02950 0.06580
v 0.27851 0.02950 0.06503
v 0.27825 0.02950 0.06430
v 0.27617 0.02950 0.06391
v 0.28407 0.02950 0.05401
v 0.28389 0.02950 0.05374
v 0.28295 0.02950 0.05230
v 0.25681 0.02950 0.01249
v 0.25710 0.02950 0.01335
v 0.25425 0.02950 0.01026
v 0.25779 0.02950 0.01394
v 0.26030 0.02950 0.01223
v 0.26013 0.02950 0.01312
v 0.25954 0.02950 0.01381
v 0.25868 0.02950 0.01411
v 0.26000 0.02950 0.01138
v 0.25931 0.02950 0.01078
v 0.25842 0.02950 0.01062
v 0.25757 0.02950 0.01092
v 0.25697 0.02950 0.01160
v 0.24910 0.02950 0.01031
v 0.23260 0.02950 0.01060
v 0.23201 0.02950 0.01129
v 0.20559 0.02950 0.03997
v 0.21136 0.02950 0.05226
v 0.21616 0.02950 0.05548
v 0.21106 0.02950 0.05140
v 0.21038 0.02950 0.05081
v 0.20720 0.02950 0.04233
v 0.20949 0.02950 0.05064
v 0.20975 0.02950 0.05413
v 0.20817 0.02950 0.05337
v 0.20886 0.02950 0.05396
v 0.20863 0.02950 0.05094
v 0.20804 0.02950 0.05163
v 0.20787 0.02950 0.05252
v 0.21445 0.02950 0.06300
v 0.21504 0.02950 0.06351
v 0.21530 0.02950 0.06424
v 0.21369 0.02950 0.06286
v 0.21256 0.02950 0.06520
v 0.21315 0.02950 0.06570
v 0.21391 0.02950 0.06585
v 0.21465 0.02950 0.06559
v 0.21515 0.02950 0.06500
v 0.21296 0.02950 0.06311
v 0.21245 0.02950 0.06370
v 0.21231 0.02950 0.06446
v 0.22340 0.02950 0.07492
v 0.22357 0.02950 0.07403
v 0.22878 0.02950 0.07933
v 0.22008 0.02950 0.07429
v 0.22038 0.02950 0.07515
v 0.22281 0.02950 0.07561
v 0.22327 0.02950 0.07318
v 0.22259 0.02950 0.07259
v 0.22170 0.02950 0.07242
v 0.22084 0.02950 0.07272
v 0.22025 0.02950 0.07340
v 0.22107 0.02950 0.07574
v 0.22196 0.02950 0.07591
v 0.23684 0.02950 0.08582
v 0.24041 0.02950 0.08338
v 0.23126 0.02950 0.07763
v 0.23702 0.02950 0.08608
v 0.24059 0.02950 0.08365
v 0.24630 0.02950 0.07976
v 0.24663 0.02950 0.08201
v 0.24594 0.02950 0.08142
v 0.24360 0.02950 0.08224
v 0.24419 0.02950 0.08155
v 0.24505 0.02950 0.08125
v 0.24343 0.02950 0.08313
v 0.24373 0.02950 0.08398
v 0.24442 0.02950 0.08457
v 0.24531 0.02950 0.08474
v 0.24617 0.02950 0.08444
v 0.24676 0.02950 0.08376
v 0.24692 0.02950 0.08287
v 0.24027 0.02950 0.01633
v 0.23885 0.02950 0.01985
v 0.23511 0.02950 0.01985
v 0.23015 0.02950 0.02378
v 0.22484 0.02950 0.02685
v 0.22331 0.02950 0.03045
v 0.25071 0.02950 0.01267
v 0.24838 0.02950 0.01914
v 0.24188 0.02950 0.01869
v 0.26796 0.02950 0.06256
v 0.26636 0.02950 0.06569
v 0.26113 0.02950 0.06922
v 0.25609 0.02950 0.07270
v 0.25242 0.02950 0.07315
v 0.24612 0.02950 0.07949
v 0.28294 0.02950 0.04241
v 0.27831 0.02950 0.04556
v 0.28226 0.02950 0.05171
v 0.28137 0.02950 0.05154
v 0.28052 0.02950 0.05184
v 0.27478 0.02950 0.04797
v 0.27992 0.02950 0.05253
v 0.27975 0.02950 0.05342
v 0.28006 0.02950 0.05428
v 0.28074 0.02950 0.05487
v 0.28308 0.02950 0.05405
v 0.28325 0.02950 0.05316
v 0.23579 0.02950 0.00975
v 0.23774 0.02950 0.01261
v 0.23533 0.02950 0.01192
v 0.23214 0.02950 0.01303
v 0.23283 0.02950 0.01362
v 0.23258 0.02950 0.01613
v 0.23503 0.02950 0.01106
v 0.23435 0.02950 0.01047
v 0.23346 0.02950 0.01030
v 0.23372 0.02950 0.01379
v 0.23457 0.02950 0.01349
v 0.23516 0.02950 0.01281
v 0.21525 0.02950 0.02930
v 0.21487 0.02950 0.03365
v 0.21648 0.02950 0.03601
v 0.21917 0.02950 0.03905
v 0.21821 0.02950 0.04855
v 0.21234 0.02950 0.02993
v 0.21350 0.02950 0.02943
v 0.21439 0.02950 0.02960
v 0.21571 0.02950 0.02687
v 0.21502 0.02950 0.02628
v 0.22035 0.02950 0.02027
v 0.21038 0.02950 0.02706
v 0.21251 0.02950 0.02799
v 0.21281 0.02950 0.02884
v 0.21413 0.02950 0.02611
v 0.21327 0.02950 0.02641
v 0.21268 0.02950 0.02710
v 0.22126 0.02950 0.06296
v 0.22489 0.02950 0.06829
v 0.22595 0.02950 0.06570
v 0.24290 0.02950 0.07386
v 0.21077 0.02950 0.03990
v 0.20916 0.02950 0.03754
v 0.22057 0.02950 0.05781
v 0.23062 0.02950 0.01327
v 0.23184 0.02950 0.01218
v 0.25627 0.02950 0.07296
v 0.26654 0.02950 0.06596
v 0.24598 0.02950 0.00851
v 0.24525 0.02950 0.00876
v 0.24759 0.02950 0.00989
v 0.24734 0.02950 0.00916
v 0.24675 0.02950 0.00865
v 0.24460 0.02950 0.01012
v 0.24486 0.02950 0.01085
v 0.24545 0.02950 0.01135
v 0.24474 0.02950 0.00935
v 0.24621 0.02950 0.01150
v 0.24694 0.02950 0.01124
v 0.24745 0.02950 0.01065
v 0.27211 0.02950 0.05395
v 0.27306 0.02950 0.04445
v 0.27194 0.02950 0.03621
v 0.27657 0.02950 0.03306
v 0.28188 0.02950 0.02944
v 0.27922 0.02950 0.02852
v 0.27892 0.02950 0.02766
v 0.27070 0.02950 0.03519
v 0.26832 0.02950 0.03089
v 0.27294 0.02950 0.02774
v 0.27823 0.02950 0.02707
v 0.27734 0.02950 0.02690
v 0.27905 0.02950 0.02941
v 0.08990 0.01632 0.06268
v 0.09133 0.01720 0.06198
v 0.09147 0.01696 0.06213
v 0.09226 0.01725 0.06197
v 0.09067 0.01578 0.06266
v 0.09190 0.01649 0.06219
v 0.09159 0.01669 0.06222
v 0.09308 0.01671 0.06214
v 0.09233 0.01694 0.06209
v 0.09309 0.01712 0.06208
v 0.09038 0.01584 0.06281
v 0.09050 0.01563 0.06277
v 0.09002 0.01623 0.06275
v 0.09025 0.01602 0.06281
v 0.09038 0.01585 0.06281
v 0.09553 0.01071 0.06850
v 0.09560 0.01080 0.06865
v 0.09628 0.01190 0.06772
v 0.09575 0.01642 0.06328
v 0.09448 0.01701 0.06245
v 0.09635 0.01534 0.06437
v 0.09668 0.01308 0.06667
v 0.09679 0.01428 0.06555
v 0.09687 0.01313 0.06675
v 0.09643 0.01195 0.06783
v 0.09489 0.00991 0.06973
v 0.09583 0.01085 0.06890
v 0.09474 0.00992 0.06951
v 0.09478 0.00993 0.06958
v 0.09482 0.00993 0.06965
v 0.09464 0.00975 0.06918
v 0.09465 0.00978 0.06922
v 0.09465 0.00981 0.06925
v 0.09466 0.00984 0.06931
v 0.09467 0.00987 0.06936
v 0.09473 0.00945 0.06896
v 0.09468 0.00955 0.06901
v 0.09556 0.01039 0.06819
v 0.09552 0.01049 0.06826
v 0.09588 0.01094 0.06771
v 0.09609 0.01159 0.06733
v 0.09605 0.01133 0.06737
v 0.09636 0.01275 0.06632
v 0.09635 0.01263 0.06621
v 0.09634 0.01390 0.06527
v 0.09630 0.01377 0.06516
v 0.09620 0.01419 0.06476
v 0.09602 0.01501 0.06424
v 0.09595 0.01485 0.06414
v 0.09515 0.01590 0.06310
v 0.09537 0.01599 0.06328
v 0.09498 0.01604 0.06296
v 0.09435 0.01673 0.06251
v 0.09381 0.01662 0.06231
v 0.09570 0.01084 0.06878
v 0.09465 0.00968 0.06910
v 0.09551 0.01061 0.06837
v 0.09617 0.01182 0.06759
v 0.09652 0.01299 0.06657
v 0.09659 0.01418 0.06548
v 0.09553 0.01622 0.06331
v 0.09616 0.01518 0.06432
v 0.09644 0.01405 0.06538
v 0.09641 0.01288 0.06644
v 0.09610 0.01171 0.06745
v 0.09070 0.00925 0.06949
v 0.09001 0.00966 0.06904
v 0.08991 0.00970 0.06919
v 0.08931 0.01022 0.06864
v 0.09239 0.00872 0.06968
v 0.09154 0.00877 0.06953
v 0.09153 0.00891 0.06965
v 0.08929 0.01477 0.06388
v 0.09240 0.00858 0.06963
v 0.09327 0.00876 0.06957
v 0.09323 0.00861 0.06957
v 0.09044 0.00921 0.06991
v 0.09409 0.00950 0.06989
v 0.09461 0.00935 0.06904
v 0.09411 0.00900 0.06931
v 0.09406 0.00912 0.06934
v 0.09402 0.00932 0.06948
v 0.09401 0.00937 0.06955
v 0.09402 0.00942 0.06963
v 0.09332 0.00908 0.07039
v 0.09233 0.00891 0.07043
v 0.09135 0.00896 0.07026
v 0.08978 0.00968 0.06932
v 0.08916 0.01020 0.06874
v 0.08876 0.01082 0.06806
v 0.08840 0.01217 0.06663
v 0.08831 0.01361 0.06522
v 0.08907 0.01493 0.06390
v 0.08945 0.01459 0.06381
v 0.08954 0.01444 0.06372
v 0.08915 0.01359 0.06444
v 0.08914 0.01391 0.06438
v 0.08900 0.01309 0.06488
v 0.08895 0.01322 0.06499
v 0.08888 0.01237 0.06552
v 0.08885 0.01251 0.06561
v 0.08888 0.01170 0.06614
v 0.08887 0.01182 0.06625
v 0.08899 0.01113 0.06689
v 0.08921 0.01036 0.06743
v 0.08906 0.01073 0.06707
v 0.08898 0.01102 0.06679
v 0.08923 0.01047 0.06752
v 0.08960 0.00986 0.06812
v 0.08956 0.00975 0.06804
v 0.09010 0.00932 0.06867
v 0.09006 0.00921 0.06861
v 0.09009 0.00918 0.06864
v 0.09075 0.00890 0.06914
v 0.09129 0.00856 0.06937
v 0.09153 0.00863 0.06947
v 0.09198 0.00845 0.06956
v 0.08870 0.01145 0.06726
v 0.08894 0.01082 0.06796
v 0.08850 0.01214 0.06659
v 0.08841 0.01286 0.06591
v 0.08843 0.01358 0.06522
v 0.08856 0.01431 0.06453
v 0.08901 0.01079 0.06790
v 0.08908 0.01076 0.06784
v 0.08885 0.01137 0.06714
v 0.08960 0.00999 0.06822
v 0.08921 0.01060 0.06763
v 0.08918 0.01066 0.06770
v 0.08895 0.01126 0.06701
v 0.08914 0.01071 0.06777
v 0.08881 0.01421 0.06453
v 0.08866 0.01349 0.06518
v 0.08862 0.01277 0.06584
v 0.08868 0.01206 0.06650
v 0.08901 0.01407 0.06448
v 0.08883 0.01336 0.06510
v 0.08877 0.01265 0.06573
v 0.08880 0.01194 0.06637
v 0.09404 0.00946 0.06971
v 0.09322 0.00912 0.06991
v 0.09237 0.00886 0.06979
v 0.09322 0.00902 0.06975
v 0.09323 0.00896 0.06969
v 0.09402 0.00925 0.06942
v 0.09063 0.00929 0.06965
v 0.09145 0.00904 0.06997
v 0.09150 0.00900 0.06980
v 0.09236 0.00895 0.06994
v 0.09322 0.00908 0.06983
v 0.09075 0.00916 0.06933
v 0.09077 0.00903 0.06921
v 0.09011 0.00945 0.06876
v 0.09417 0.00948 0.07005
v 0.09328 0.00914 0.07026
v 0.09324 0.00916 0.07009
v 0.09234 0.00898 0.07029
v 0.09235 0.00899 0.07012
v 0.09140 0.00902 0.07013
v 0.09011 0.00952 0.06882
v 0.09009 0.00957 0.06889
v 0.09006 0.00962 0.06897
v 0.08945 0.01019 0.06851
v 0.09324 0.00890 0.06964
v 0.08885 0.01083 0.06801
v 0.09473 0.00550 0.06896
v 0.09317 0.00550 0.06958
v 0.09149 0.00550 0.06944
v 0.09004 0.00550 0.06859
v 0.08911 0.00550 0.06720
v 0.08888 0.00550 0.06553
v 0.08940 0.00550 0.06394
v 0.09050 0.00550 0.06277
v 0.09200 0.00550 0.06217
v 0.09367 0.00550 0.06227
v 0.09514 0.00550 0.06309
v 0.09610 0.00550 0.06447
v 0.09636 0.00550 0.06613
v 0.09587 0.00550 0.06773
v 0.09088 0.00550 0.06705
v 0.09171 0.00550 0.06776
v 0.09277 0.00550 0.06796
v 0.09380 0.00550 0.06760
v 0.09451 0.00550 0.06678
v 0.09471 0.00550 0.06571
v 0.09435 0.00550 0.06468
v 0.09353 0.00550 0.06397
v 0.09246 0.00550 0.06377
v 0.09143 0.00550 0.06413
v 0.09072 0.00550 0.06495
v 0.09052 0.00550 0.06602
v 0.19782 0.00050 0.08170
v 0.19702 0.00050 0.08142
v 0.19641 0.00050 0.08084
v 0.19610 0.00050 0.08006
v 0.19613 0.00050 0.07922
v 0.21982 0.00050 0.08442
v 0.09458 0.00050 0.06193
v 0.09242 0.00050 0.06147
v 0.09102 0.00050 0.06071
v 0.09030 0.00050 0.06213
v 0.18639 0.00050 0.07852
v 0.18646 0.00050 0.07815
v 0.18801 0.00050 0.07600
v 0.18676 0.00050 0.07635
v 0.18954 0.00050 0.07440
v -0.01212 0.00050 0.05367
v -0.01202 0.00050 0.05329
v -0.01037 0.00050 0.05128
v -0.01163 0.00050 0.05155
v -0.00881 0.00050 0.04977
v -0.01022 0.00050 0.04956
v -0.00673 0.00050 0.04919
v 0.19409 0.00050 0.02238
v 0.19616 0.00050 0.02197
v 0.19762 0.00050 0.02224
v 0.18746 0.00050 0.07815
v 0.18729 0.00050 0.07897
v 0.18612 0.00050 0.07890
v 0.18679 0.00050 0.07965
v 0.18572 0.00050 0.07912
v 0.18605 0.00050 0.08006
v 0.18534 0.00050 0.07915
v 0.18522 0.00050 0.08014
v 0.09870 0.00050 0.06843
v 0.09857 0.00050 0.06942
v 0.09834 0.00050 0.06831
v 0.09778 0.00050 0.06915
v 0.09799 0.00050 0.06800
v 0.09717 0.00050 0.06857
v 0.09783 0.00050 0.06757
v 0.09685 0.00050 0.06779
v 0.09785 0.00050 0.06719
v 0.09688 0.00050 0.06695
v 0.09793 0.00050 0.06493
v 0.09695 0.00050 0.06510
v 0.09708 0.00050 0.06282
v 0.09625 0.00050 0.06339
v 0.09581 0.00050 0.06151
v 0.09351 0.00050 0.06054
v 0.19918 0.00050 0.02029
v 0.08715 0.00050 0.06625
v 0.08877 0.00050 0.06373
v 0.08754 0.00050 0.06738
v 0.08822 0.00050 0.06588
v 0.08804 0.00050 0.06670
v 0.09268 0.00050 0.00824
v 0.09176 0.00050 0.00955
v 0.08966 0.00050 0.01091
v 0.19942 0.00050 0.01627
v 0.19969 0.00050 0.01785
v 0.18811 0.00050 0.07425
v 0.19026 0.00050 0.07298
v 0.19166 0.00050 0.07374
v 0.19276 0.00050 0.07281
v 0.19383 0.00050 0.07420
v 0.19506 0.00050 0.07379
v 0.19550 0.00050 0.07566
v 0.19632 0.00050 0.07510
v 0.19619 0.00050 0.07737
v 0.19718 0.00050 0.07720
v 0.19709 0.00050 0.07947
v 0.19707 0.00050 0.07985
v 0.19724 0.00050 0.08028
v 0.19758 0.00050 0.08059
v 0.19794 0.00050 0.08071
v 0.21994 0.00050 0.08343
v 0.08722 0.00050 0.06588
v 0.08752 0.00050 0.06408
v 0.08887 0.00050 0.06198
v -0.00807 0.00050 0.04839
v -0.00563 0.00050 0.04828
v -0.00461 0.00050 0.04968
v -0.00340 0.00050 0.04926
v -0.00299 0.00050 0.05111
v -0.00217 0.00050 0.05055
v -0.00230 0.00050 0.05283
v -0.00131 0.00050 0.05265
v -0.00236 0.00050 0.05467
v -0.00139 0.00050 0.05492
v -0.00239 0.00050 0.05552
v -0.00141 0.00050 0.05530
v -0.00207 0.00050 0.05629
v -0.00125 0.00050 0.05573
v -0.00146 0.00050 0.05687
v -0.00091 0.00050 0.05604
v -0.00067 0.00050 0.05715
v -0.00055 0.00050 0.05616
v 0.08597 0.00050 0.06786
v 0.08609 0.00050 0.06687
v 0.08681 0.00050 0.06779
v 0.08647 0.00050 0.06685
v 0.08688 0.00050 0.06663
v 0.09291 0.00050 0.00794
v 0.09041 0.00050 0.00940
v 0.08845 0.00050 0.01019
v 0.08635 0.00050 0.00996
v 0.19937 0.00050 0.01590
v 0.19863 0.00050 0.01870
v 0.19780 0.00050 0.02064
v 0.19847 0.00050 0.01659
v 0.19837 0.00050 0.01575
v 0.19950 0.00050 0.01546
v 0.19863 0.00050 0.01495
v 0.19982 0.00050 0.01512
v 0.19920 0.00050 0.01433
v 0.20017 0.00050 0.01498
v 0.19997 0.00050 0.01400
v 0.21730 0.00050 0.01156
v 0.21710 0.00050 0.01058
v -0.04017 0.00050 -0.02925
v -0.04047 0.00050 -0.02782
v -0.04202 0.00050 -0.02827
v -0.04281 0.00050 -0.02714
v -0.04411 0.00050 -0.02825
v -0.04521 0.00050 -0.02757
v -0.04598 0.00050 -0.02921
v -0.04663 0.00050 -0.02845
v -0.04674 0.00050 -0.02962
v -0.04697 0.00050 -0.02865
v -0.04761 0.00050 -0.02967
v -0.04745 0.00050 -0.02868
v -0.04842 0.00050 -0.02934
v -0.04789 0.00050 -0.02849
v -0.04901 0.00050 -0.02871
v -0.04815 0.00050 -0.02820
v -0.05380 0.00050 -0.01821
v -0.05285 0.00050 -0.01789
v -0.05637 0.00050 -0.00697
v -0.05538 0.00050 -0.00685
v -0.05662 0.00050 0.00456
v -0.05562 0.00050 0.00448
v -0.05453 0.00050 0.01590
v -0.05357 0.00050 0.01562
v -0.05411 0.00050 0.01666
v -0.05339 0.00050 0.01597
v -0.05341 0.00050 0.01718
v -0.05301 0.00050 0.01626
v -0.05255 0.00050 0.01734
v -0.05254 0.00050 0.01634
v -0.05171 0.00050 0.01713
v -0.05216 0.00050 0.01624
v -0.04967 0.00050 0.01666
v -0.05050 0.00050 0.01571
v -0.04838 0.00050 0.01583
v -0.04764 0.00050 0.01718
v -0.04646 0.00050 0.01675
v -0.04609 0.00050 0.01858
v -0.04526 0.00050 0.01802
v -0.04537 0.00050 0.02044
v -0.04442 0.00050 0.02006
v -0.04555 0.00050 0.02244
v -0.04460 0.00050 0.02275
v -0.04659 0.00050 0.02415
v -0.04606 0.00050 0.02502
v -0.04828 0.00050 0.02521
v -0.04796 0.00050 0.02616
v -0.04902 0.00050 0.02567
v -0.04829 0.00050 0.02636
v -0.04950 0.00050 0.02640
v -0.04856 0.00050 0.02675
v -0.04962 0.00050 0.02726
v -0.04862 0.00050 0.02723
v -0.04937 0.00050 0.02809
v -0.04850 0.00050 0.02760
v -0.04267 0.00050 0.03748
v -0.04192 0.00050 0.03682
v -0.03422 0.00050 0.04533
v -0.03362 0.00050 0.04454
v -0.02436 0.00050 0.05131
v -0.02393 0.00050 0.05041
v -0.01349 0.00050 0.05517
v -0.01325 0.00050 0.05420
v -0.01262 0.00050 0.05519
v -0.01286 0.00050 0.05422
v -0.01183 0.00050 0.05484
v -0.01242 0.00050 0.05404
v -0.01126 0.00050 0.05418
v -0.01102 0.00050 0.05334
v 0.08718 0.00050 0.01119
v 0.08484 0.00050 0.01031
v 0.08459 0.00050 0.00879
v 0.08315 0.00050 0.00849
v 0.08359 0.00050 0.00693
v 0.08245 0.00050 0.00609
v 0.08356 0.00050 0.00482
v 0.08291 0.00050 0.00363
v 0.08452 0.00050 0.00294
v 0.08377 0.00050 0.00229
v 0.08493 0.00050 0.00220
v 0.08396 0.00050 0.00196
v 0.08500 0.00050 0.00137
v 0.08401 0.00050 0.00150
v 0.08471 0.00050 0.00057
v 0.08384 0.00050 0.00107
v 0.08413 0.00050 -0.00003
v 0.08357 0.00050 0.00080
v 0.06029 0.00050 -0.01597
v 0.05974 0.00050 -0.01514
v 0.05431 0.00050 -0.02110
v 0.05357 0.00050 -0.02043
v 0.04970 0.00050 -0.02750
v 0.04883 0.00050 -0.02701
v 0.04693 0.00050 -0.03199
v 0.04611 0.00050 -0.03143
v 0.03781 0.00050 -0.04239
v 0.03714 0.00050 -0.04164
v 0.02643 0.00050 -0.05027
v 0.02597 0.00050 -0.04939
v 0.01349 0.00050 -0.05517
v 0.01326 0.00050 -0.05420
v 0.01262 0.00050 -0.05519
v 0.01286 0.00050 -0.05422
v 0.01183 0.00050 -0.05484
v 0.01242 0.00050 -0.05403
v 0.01126 0.00050 -0.05418
v 0.01212 0.00050 -0.05367
v 0.01102 0.00050 -0.05334
v 0.01202 0.00050 -0.05329
v 0.01044 0.00050 -0.05139
v 0.01159 0.00050 -0.05145
v 0.00903 0.00050 -0.04991
v 0.00989 0.00050 -0.04929
v 0.00712 0.00050 -0.04922
v 0.00735 0.00050 -0.04824
v 0.00509 0.00050 -0.04947
v 0.00462 0.00050 -0.04858
v 0.00340 0.00050 -0.05061
v 0.00242 0.00050 -0.05021
v 0.00240 0.00050 -0.05238
v 0.00130 0.00050 -0.05272
v 0.00231 0.00050 -0.05442
v 0.00133 0.00050 -0.05461
v 0.00228 0.00050 -0.05529
v 0.00132 0.00050 -0.05500
v 0.00189 0.00050 -0.05607
v 0.00112 0.00050 -0.05543
v 0.00120 0.00050 -0.05660
v 0.00073 0.00050 -0.05572
v 0.00036 0.00050 -0.05680
v 0.00035 0.00050 -0.05580
v -0.01113 0.00050 -0.05570
v -0.01093 0.00050 -0.05472
v -0.02215 0.00050 -0.05230
v -0.02176 0.00050 -0.05138
v -0.03226 0.00050 -0.04675
v -0.03169 0.00050 -0.04593
v -0.04104 0.00050 -0.03927
v -0.04031 0.00050 -0.03858
v -0.04149 0.00050 -0.03853
v -0.04052 0.00050 -0.03825
v -0.04158 0.00050 -0.03766
v -0.04058 0.00050 -0.03777
v -0.04129 0.00050 -0.03684
v -0.04041 0.00050 -0.03732
v -0.04069 0.00050 -0.03622
v -0.04014 0.00050 -0.03705
v -0.03946 0.00050 -0.03501
v -0.03864 0.00050 -0.03558
v -0.03873 0.00050 -0.03305
v -0.03795 0.00050 -0.03416
v -0.03898 0.00050 -0.03097
v -0.03776 0.00050 -0.03173
v -0.03866 0.00050 -0.02946
v 0.19535 0.00050 0.02328
v 0.19285 0.00050 0.02319
v 0.19207 0.00050 0.02178
v 0.19067 0.00050 0.02198
v 0.19056 0.00050 0.02031
v 0.18925 0.00050 0.01993
v 0.18990 0.00050 0.01830
v 0.18891 0.00050 0.01837
v 0.18967 0.00050 0.01749
v 0.18881 0.00050 0.01800
v 0.18912 0.00050 0.01685
v 0.18852 0.00050 0.01764
v 0.18836 0.00050 0.01649
v 0.18809 0.00050 0.01746
v 0.18752 0.00050 0.01648
v 0.18771 0.00050 0.01746
v 0.14037 0.00050 0.02587
v 0.14057 0.00050 0.02685
v 0.13171 0.00050 0.02644
v 0.13165 0.00050 0.02744
v 0.12321 0.00050 0.02475
v 0.12288 0.00050 0.02569
v 0.11543 0.00050 0.02091
v 0.11487 0.00050 0.02174
v 0.09468 0.00050 0.00703
v 0.09413 0.00050 0.00786
v 0.09390 0.00050 0.00672
v 0.09378 0.00050 0.00771
v 0.09306 0.00050 0.00676
v 0.09331 0.00050 0.00773
v 0.09231 0.00050 0.00714
v 0.09178 0.00050 0.00780
v 0.21551 0.00746 0.01192
v 0.20017 0.00746 0.01498
v 0.19942 0.00858 0.01627
v 0.19938 0.00809 0.01578
v 0.19985 0.00752 0.01510
v 0.19955 0.00773 0.01537
v 0.19950 0.00780 0.01546
v 0.19064 0.01245 0.02197
v 0.18992 0.01151 0.02115
v 0.18992 0.00650 0.02115
v 0.19284 0.01408 0.02319
v 0.19143 0.01320 0.02258
v 0.19308 0.01418 0.02324
v 0.19308 0.00650 0.02324
v 0.19508 0.00650 0.02333
v 0.19508 0.01450 0.02333
v 0.19535 0.01450 0.02328
v 0.19659 0.01450 0.02287
v 0.19923 0.01237 0.02018
v 0.19813 0.01375 0.02180
v 0.19764 0.01408 0.02223
v 0.19970 0.01050 0.01817
v 0.18907 0.00957 0.01934
v 0.18891 0.00858 0.01837
v 0.18907 0.00650 0.01934
v 0.18925 0.00650 0.01993
v 0.17869 0.01450 0.02644
v 0.19307 0.01450 0.02357
v 0.14004 0.01450 0.04464
v 0.14004 0.00650 0.04464
v 0.17972 0.01450 0.07135
v 0.13990 0.01450 0.05000
v 0.19108 0.01450 0.07276
v 0.13900 0.01450 0.04544
v 0.13841 0.01450 0.04662
v 0.13838 0.01450 0.04793
v 0.13891 0.01450 0.04914
v 0.13990 0.00650 0.05000
v 0.18722 0.00650 0.07538
v 0.18722 0.01143 0.07538
v 0.13723 0.00650 0.04375
v 0.13891 0.00650 0.04914
v 0.13841 0.00650 0.05147
v 0.09708 0.00650 0.06282
v 0.09699 0.00650 0.06270
v 0.12950 0.00650 0.04739
v 0.18676 0.00650 0.07635
v 0.18653 0.00650 0.07728
v 0.13121 0.00650 0.04445
v 0.13841 0.00650 0.04662
v 0.13108 0.00650 0.04557
v 0.13838 0.00650 0.04793
v 0.13042 0.00650 0.04671
v 0.13092 0.00650 0.05099
v 0.13165 0.00650 0.05202
v 0.13548 0.00650 0.07298
v 0.13345 0.00650 0.07273
v 0.13400 0.00650 0.05434
v 0.13189 0.00650 0.05297
v 0.12984 0.00650 0.02727
v 0.13165 0.00650 0.02744
v 0.13320 0.00650 0.04222
v 0.13393 0.00650 0.04325
v 0.13503 0.00650 0.04389
v 0.13629 0.00650 0.04402
v 0.13900 0.00650 0.04544
v 0.13479 0.00650 0.05207
v 0.13410 0.00650 0.05329
v 0.13296 0.00650 0.04127
v 0.13186 0.00650 0.02745
v 0.09784 0.00650 0.06451
v 0.12762 0.00650 0.05049
v 0.12856 0.00650 0.05022
v 0.12982 0.00650 0.05035
v 0.13737 0.00650 0.05113
v 0.13597 0.00650 0.05129
v 0.13530 0.00650 0.05163
v 0.17055 0.01450 0.02806
v 0.13723 0.01450 0.04375
v 0.18771 0.00746 0.01746
v 0.18869 0.00800 0.01781
v 0.14057 0.00746 0.02685
v 0.18881 0.00821 0.01800
v 0.14194 0.01450 0.03376
v 0.18797 0.00749 0.01744
v 0.18810 0.00754 0.01746
v 0.18852 0.00781 0.01765
v 0.18831 0.00764 0.01752
v 0.12984 0.00746 0.02727
v 0.12263 0.00746 0.02560
v 0.13186 0.00746 0.02745
v 0.11487 0.00746 0.02174
v 0.13012 0.01092 0.03079
v 0.13041 0.01450 0.03441
v 0.13121 0.01450 0.04445
v 0.12031 0.01450 0.03225
v 0.11095 0.01450 0.02759
v 0.08944 0.01450 0.01320
v 0.08926 0.01280 0.01104
v 0.08968 0.01246 0.01091
v 0.09110 0.01104 0.01014
v 0.09251 0.00893 0.00855
v 0.09268 0.00858 0.00824
v 0.09300 0.00809 0.00787
v 0.09331 0.00780 0.00773
v 0.09413 0.00746 0.00786
v 0.09341 0.00773 0.00771
v 0.09382 0.00752 0.00772
v 0.09319 0.01450 0.06050
v 0.09319 0.00650 0.06050
v 0.08926 0.00650 0.01104
v 0.08727 0.00650 0.01120
v 0.08271 0.01072 0.00415
v 0.08377 0.00858 0.00229
v 0.08247 0.01259 0.00624
v 0.08291 0.01383 0.00803
v 0.08339 0.01427 0.00887
v 0.08386 0.01450 0.00946
v 0.08484 0.01450 0.01031
v 0.08601 0.01450 0.01090
v 0.08719 0.01408 0.01119
v 0.08727 0.01404 0.01120
v 0.08357 0.00746 0.00080
v 0.08376 0.00749 0.00097
v 0.08384 0.00754 0.00107
v 0.08395 0.00764 0.00127
v 0.08401 0.00781 0.00151
v 0.08401 0.00800 0.00174
v 0.08396 0.00821 0.00196
v 0.05974 0.00746 -0.01514
v 0.05582 0.01450 -0.00929
v 0.04839 0.01450 -0.01566
v 0.05357 0.00746 -0.02043
v 0.04266 0.01450 -0.02360
v 0.04883 0.00746 -0.02701
v 0.04611 0.00746 -0.03143
v 0.03170 0.00746 -0.04592
v 0.02597 0.00746 -0.04939
v 0.01915 0.00746 -0.05241
v 0.01326 0.00746 -0.05420
v 0.03714 0.00746 -0.04164
v 0.04221 0.00746 -0.03650
v 0.01674 0.01450 -0.04579
v 0.00720 0.01450 -0.04822
v 0.00897 0.01371 -0.04873
v 0.00992 0.01296 -0.04931
v 0.01055 0.01227 -0.04988
v 0.01158 0.01054 -0.05143
v 0.01202 0.00863 -0.05329
v 0.01203 0.00856 -0.05336
v 0.01216 0.00815 -0.05375
v 0.01242 0.00782 -0.05403
v 0.01255 0.00770 -0.05412
v 0.01291 0.00752 -0.05422
v 0.03688 0.01450 -0.03189
v 0.02770 0.01450 -0.04013
v 0.00133 0.00863 -0.05461
v 0.00134 0.01076 -0.05249
v 0.00217 0.01266 -0.05055
v 0.00240 0.01297 -0.05023
v 0.00354 0.01397 -0.04916
v 0.00476 0.01450 -0.04852
v 0.00035 0.00746 -0.05580
v 0.00053 0.00747 -0.05578
v 0.00074 0.00754 -0.05572
v 0.00089 0.00761 -0.05564
v 0.00112 0.00782 -0.05543
v 0.00123 0.00798 -0.05526
v 0.00132 0.00824 -0.05500
v -0.04031 0.00746 -0.03858
v -0.03169 0.00746 -0.04593
v -0.02176 0.00746 -0.05138
v -0.01093 0.00746 -0.05472
v -0.04047 0.00815 -0.03741
v -0.04019 0.00856 -0.03709
v -0.04014 0.00863 -0.03705
v -0.04051 0.00752 -0.03829
v -0.04059 0.00770 -0.03793
v -0.04058 0.00782 -0.03776
v -0.03864 0.01074 -0.03558
v -0.03816 0.01450 -0.03035
v -0.03771 0.01372 -0.03212
v -0.03793 0.01226 -0.03410
v -0.04480 0.01074 -0.02741
v -0.04663 0.00863 -0.02845
v -0.04268 0.01267 -0.02715
v -0.03866 0.01450 -0.02946
v -0.03964 0.01450 -0.02839
v -0.04075 0.01400 -0.02767
v 0.00031 0.01450 -0.04876
v -0.03522 0.01450 -0.03371
v -0.04023 0.00804 -0.03781
v 0.00084 0.00804 -0.05521
v -0.02769 0.01450 -0.04013
v -0.01901 0.01450 -0.04490
v -0.00955 0.01450 -0.04781
v -0.04440 0.01450 0.02014
v -0.04442 0.01450 0.02006
v -0.04618 0.01450 -0.01564
v -0.04207 0.01450 -0.02464
v -0.00470 0.01450 0.04855
v 0.09118 0.01450 0.06041
v 0.08732 0.01450 0.01178
v -0.00563 0.01450 0.04828
v -0.00720 0.01450 0.04822
v -0.01158 0.01450 0.04736
v -0.02091 0.01450 0.04405
v -0.02938 0.01450 0.03891
v -0.04526 0.01450 0.01802
v -0.04536 0.01450 0.01787
v -0.04681 0.01450 0.01365
v -0.03663 0.01450 0.03218
v -0.04238 0.01450 0.02411
v -0.04860 0.01450 0.00391
v -0.04839 0.01450 -0.00598
v 0.09120 0.00650 0.06066
v 0.09120 0.01426 0.06066
v -0.00356 0.01405 0.04914
v 0.09101 0.01418 0.06071
v 0.08885 0.01263 0.06200
v 0.08815 0.01172 0.06283
v -0.00129 0.01072 0.05278
v -0.00200 0.01259 0.05081
v -0.00217 0.01282 0.05055
v 0.08948 0.01324 0.06147
v 0.08609 0.00746 0.06687
v -0.00055 0.00746 0.05616
v -0.00136 0.00800 0.05551
v 0.08751 0.01039 0.06409
v 0.08733 0.00972 0.06474
v -0.00139 0.00858 0.05492
v 0.08722 0.00858 0.06588
v -0.00142 0.00821 0.05530
v -0.00079 0.00749 0.05610
v -0.00091 0.00754 0.05604
v -0.00126 0.00781 0.05572
v -0.00109 0.00764 0.05591
v 0.08710 0.00809 0.06636
v 0.08688 0.00780 0.06663
v 0.08680 0.00773 0.06669
v 0.08643 0.00752 0.06686
v -0.01055 0.01227 0.04989
v -0.00897 0.01371 0.04873
v -0.00810 0.01419 0.04840
v -0.01157 0.01054 0.05143
v -0.01202 0.00863 0.05329
v 0.09699 0.01294 0.06270
v 0.09557 0.01411 0.06134
v 0.09455 0.01450 0.06082
v 0.09351 0.01450 0.06054
v 0.09784 0.01125 0.06451
v 0.09796 0.01071 0.06506
v 0.09785 0.00858 0.06719
v 0.09870 0.00746 0.06843
v 0.09845 0.00749 0.06837
v 0.09833 0.00754 0.06831
v 0.09815 0.00764 0.06818
v 0.09799 0.00781 0.06799
v 0.09788 0.00800 0.06779
v 0.09783 0.00821 0.06757
v 0.13548 0.00746 0.07298
v 0.18534 0.00746 0.07915
v 0.13345 0.00746 0.07273
v 0.13289 0.01450 0.06556
v 0.13189 0.01450 0.05297
v 0.12982 0.01450 0.05035
v 0.13092 0.01450 0.05099
v 0.12856 0.01450 0.05022
v 0.13165 0.01450 0.05202
v 0.12762 0.01450 0.05049
v 0.10336 0.01450 0.06191
v 0.18646 0.00858 0.07815
v 0.18634 0.00809 0.07863
v 0.18568 0.00752 0.07913
v 0.18605 0.00773 0.07896
v 0.18613 0.00780 0.07890
v 0.18779 0.01228 0.07459
v 0.18810 0.01264 0.07427
v 0.19632 0.01282 0.07510
v 0.19493 0.01405 0.07369
v 0.19379 0.01450 0.07309
v 0.19024 0.01417 0.07299
v 0.19108 0.01446 0.07280
v 0.19108 0.00650 0.07280
v 0.19307 0.01450 0.07288
v 0.19307 0.00650 0.07288
v 0.19276 0.00650 0.07281
v 0.18931 0.01367 0.07338
v 0.18653 0.00946 0.07728
v 0.19709 0.00858 0.07947
v 0.19720 0.01072 0.07733
v 0.19649 0.01259 0.07536
v 0.20787 0.01450 0.07484
v 0.19707 0.00821 0.07984
v 0.21658 0.00831 0.08215
v 0.21208 0.01112 0.07877
v 0.19794 0.00746 0.08071
v 0.19770 0.00749 0.08064
v 0.19758 0.00754 0.08059
v 0.21739 0.00788 0.08269
v 0.21821 0.00746 0.08321
v 0.21817 0.00746 0.08321
v 0.19740 0.00764 0.08046
v 0.19723 0.00781 0.08027
v 0.19713 0.00800 0.08006
v 0.21813 0.00746 0.08320
v 0.21901 0.00957 0.08156
v 0.21886 0.00970 0.08142
v 0.21891 0.00783 0.08296
v 0.21906 0.00803 0.08281
v 0.21855 0.00755 0.08317
v 0.21910 0.00944 0.08167
v 0.21919 0.00833 0.08257
v 0.21925 0.00884 0.08217
v 0.21782 0.00815 0.08249
v 0.20864 0.01450 0.07495
v 0.21321 0.01450 0.07624
v 0.21507 0.01269 0.07815
v 0.21683 0.01120 0.07976
v 0.21279 0.01450 0.07578
v 0.21637 0.00970 0.01365
v 0.21282 0.01269 0.01719
v 0.20605 0.01450 0.06570
v 0.20231 0.01450 0.05416
v 0.20186 0.01450 0.04204
v 0.20474 0.01450 0.03026
v 0.21073 0.01450 0.01972
v 0.21111 0.01450 0.01923
v 0.21555 0.00746 0.01191
v 0.21558 0.00746 0.01191
v 0.21594 0.00755 0.01193
v 0.21632 0.00784 0.01211
v 0.21660 0.00833 0.01247
v 0.21666 0.00850 0.01261
v 0.21670 0.00890 0.01292
v 0.21662 0.00936 0.01330
v 0.21054 0.01057 0.01608
v 0.20982 0.01450 0.01979
v 0.20589 0.01450 0.02102
v 0.17422 0.01450 0.07067
v 0.13841 0.01450 0.05147
v 0.13410 0.01450 0.05329
v 0.13479 0.01450 0.05207
v 0.13597 0.01450 0.05129
v 0.13737 0.01450 0.05113
v 0.13400 0.01450 0.05434
v 0.13491 0.01450 0.06581
v 0.12950 0.01450 0.04739
v 0.09964 0.01450 0.06145
v 0.12991 0.01450 0.04716
v 0.13108 0.01450 0.04557
v 0.13042 0.01450 0.04671
v -0.04434 0.01400 0.02146
v -0.01291 0.00752 0.05423
v -0.01325 0.00746 0.05420
v -0.01255 0.00770 0.05412
v -0.01263 0.00804 0.05375
v -0.01202 0.00856 0.05336
v -0.01216 0.00815 0.05375
v -0.01241 0.00782 0.05403
v -0.04461 0.01317 0.02278
v -0.04823 0.00804 0.02687
v -0.04847 0.00798 0.02656
v -0.04829 0.00824 0.02635
v -0.04862 0.00754 0.02722
v -0.04863 0.00761 0.02705
v -0.04856 0.00782 0.02674
v -0.04796 0.00863 0.02616
v -0.04614 0.01074 0.02509
v -0.04486 0.01267 0.02339
v -0.02393 0.00746 0.05041
v -0.03362 0.00746 0.04454
v -0.04192 0.00746 0.03682
v -0.04850 0.00746 0.02760
v -0.04857 0.00747 0.02743
v -0.04668 0.01371 0.01660
v -0.04848 0.01227 0.01580
v -0.05033 0.01054 0.01569
v -0.05216 0.00863 0.01624
v -0.05341 0.00752 0.01593
v -0.05357 0.00746 0.01562
v -0.05314 0.00770 0.01619
v -0.05286 0.00804 0.01593
v -0.05222 0.00856 0.01626
v -0.05263 0.00815 0.01634
v -0.05300 0.00782 0.01626
v -0.04739 0.00804 -0.02833
v -0.04724 0.00798 -0.02869
v -0.04697 0.00824 -0.02864
v -0.04788 0.00754 -0.02850
v -0.04774 0.00761 -0.02859
v -0.04744 0.00782 -0.02868
v -0.05562 0.00746 0.00448
v -0.05538 0.00746 -0.00685
v -0.05285 0.00746 -0.01789
v -0.04815 0.00746 -0.02820
v -0.04804 0.00747 -0.02835
v 0.13243 0.01450 0.03453
v 0.13296 0.01450 0.04127
v 0.13213 0.01081 0.03082
v 0.13320 0.01450 0.04222
v 0.13393 0.01450 0.04325
v 0.13503 0.01450 0.04389
v 0.13629 0.01450 0.04402
v 0.24301 0.02500 0.03555
v 0.24301 0.03050 0.03555
v 0.24356 0.02500 0.03603
v 0.24356 0.03050 0.03603
v 0.24427 0.02500 0.03622
v 0.24427 0.03050 0.03622
v 0.24499 0.02500 0.03609
v 0.24499 0.03050 0.03609
v 0.24558 0.02500 0.03565
v 0.24558 0.03050 0.03565
v 0.24593 0.02500 0.03500
v 0.24593 0.03050 0.03500
v 0.24596 0.02500 0.03427
v 0.24596 0.03050 0.03427
v 0.24567 0.02500 0.03360
v 0.24567 0.03050 0.03360
v 0.24511 0.02500 0.03312
v 0.24511 0.03050 0.03312
v 0.24440 0.02500 0.03292
v 0.24440 0.03050 0.03292
v 0.24368 0.02500 0.03306
v 0.24368 0.03050 0.03306
v 0.24309 0.02500 0.03349
v 0.24309 0.03050 0.03349
v 0.24274 0.02500 0.03414
v 0.24274 0.03050 0.03414
v 0.24271 0.02500 0.03487
v 0.24271 0.03050 0.03487
v 0.24034 0.02500 0.03453
v 0.23978 0.02500 0.03520
v 0.23849 0.02500 0.03412
v 0.24032 0.02500 0.03589
v 0.23974 0.02500 0.03522
v 0.24189 0.02500 0.04898
v 0.24274 0.02500 0.04994
v 0.24261 0.02500 0.05014
v 0.24994 0.02500 0.04517
v 0.24939 0.02500 0.04402
v 0.24978 0.02500 0.04353
v 0.25425 0.02500 0.03815
v 0.25429 0.02500 0.03813
v 0.25490 0.02500 0.03781
v 0.25580 0.02500 0.04613
v 0.25637 0.02500 0.04680
v 0.25583 0.02500 0.04745
v 0.25574 0.02500 0.04439
v 0.25557 0.02500 0.04527
v 0.25447 0.02500 0.04631
v 0.25962 0.02500 0.04107
v 0.25978 0.02500 0.04271
v 0.25842 0.02500 0.04157
v 0.26030 0.02500 0.04332
v 0.23748 0.02500 0.04728
v 0.23602 0.02500 0.04903
v 0.23143 0.02500 0.04521
v 0.23481 0.02500 0.05048
v 0.23290 0.02500 0.04345
v 0.23113 0.02500 0.04268
v 0.23161 0.02500 0.04238
v 0.23129 0.02500 0.04213
v 0.23191 0.02500 0.04045
v 0.23166 0.02500 0.05193
v 0.23098 0.02500 0.04968
v 0.23066 0.02500 0.04735
v 0.23071 0.02500 0.04499
v 0.23075 0.02500 0.04465
v 0.23761 0.02500 0.05354
v 0.23742 0.02500 0.05283
v 0.23924 0.02500 0.05417
v 0.23694 0.02500 0.05227
v 0.23627 0.02500 0.05197
v 0.23603 0.02500 0.05802
v 0.23703 0.02500 0.05485
v 0.23747 0.02500 0.05426
v 0.23554 0.02500 0.05200
v 0.23489 0.02500 0.05234
v 0.23445 0.02500 0.05293
v 0.23268 0.02500 0.05405
v 0.23431 0.02500 0.05365
v 0.23450 0.02500 0.05436
v 0.23402 0.02500 0.05599
v 0.23497 0.02500 0.05492
v 0.23565 0.02500 0.05769
v 0.23565 0.02500 0.05521
v 0.23638 0.02500 0.05519
v 0.24181 0.02500 0.06100
v 0.23959 0.02500 0.06023
v 0.24042 0.02500 0.05945
v 0.23705 0.02500 0.05880
v 0.23880 0.02500 0.05755
v 0.23752 0.02500 0.05911
v 0.23903 0.02500 0.05841
v 0.23961 0.02500 0.05909
v 0.24022 0.02500 0.05499
v 0.23950 0.02500 0.05596
v 0.23897 0.02500 0.05668
v 0.24131 0.02500 0.05942
v 0.24210 0.02500 0.05900
v 0.24371 0.02500 0.05790
v 0.24853 0.02500 0.05886
v 0.24856 0.02500 0.05813
v 0.25319 0.02500 0.05946
v 0.25187 0.02500 0.05220
v 0.25506 0.02500 0.05188
v 0.25545 0.02500 0.05250
v 0.25527 0.02500 0.04812
v 0.25717 0.02500 0.04978
v 0.25644 0.02500 0.04970
v 0.25575 0.02500 0.04994
v 0.25522 0.02500 0.05045
v 0.25498 0.02500 0.05115
v 0.25683 0.02500 0.05649
v 0.25512 0.02500 0.05812
v 0.24908 0.02500 0.05554
v 0.24839 0.02500 0.05638
v 0.24827 0.02500 0.05745
v 0.25937 0.02500 0.05255
v 0.25826 0.02500 0.05153
v 0.26014 0.02500 0.05032
v 0.25818 0.02500 0.05080
v 0.25779 0.02500 0.05017
v 0.25607 0.02500 0.05289
v 0.25680 0.02500 0.05298
v 0.25825 0.02500 0.05462
v 0.25749 0.02500 0.05274
v 0.25801 0.02500 0.05222
v 0.26056 0.02500 0.04801
v 0.25808 0.02500 0.04713
v 0.25719 0.02500 0.04716
v 0.25563 0.02500 0.03779
v 0.25563 0.02500 0.03531
v 0.25630 0.02500 0.03808
v 0.25726 0.02500 0.03701
v 0.25678 0.02500 0.03864
v 0.25860 0.02500 0.03895
v 0.25697 0.02500 0.03935
v 0.24946 0.02500 0.03200
v 0.25168 0.02500 0.03277
v 0.25330 0.02500 0.03731
v 0.25376 0.02500 0.03389
v 0.24888 0.02500 0.03362
v 0.24761 0.02500 0.03514
v 0.24715 0.02500 0.03158
v 0.24479 0.02500 0.03152
v 0.24493 0.02500 0.03835
v 0.24246 0.02500 0.03184
v 0.23809 0.02500 0.03354
v 0.24021 0.02500 0.03252
v 0.23906 0.02500 0.03345
v 0.23509 0.02500 0.03821
v 0.23445 0.02500 0.03651
v 0.23672 0.02500 0.03601
v 0.23615 0.02500 0.03488
v 0.25887 0.02500 0.04672
v 0.25940 0.02500 0.04600
v 0.26061 0.02500 0.04566
v 0.25957 0.02500 0.04513
v 0.25934 0.02500 0.04427
v 0.25876 0.02500 0.04359
v 0.25794 0.02500 0.04323
v 0.25715 0.02500 0.04310
v 0.25706 0.02500 0.04326
v 0.25683 0.02500 0.04007
v 0.25709 0.02500 0.04047
v 0.25639 0.02500 0.04066
v 0.25582 0.02500 0.04199
v 0.25381 0.02500 0.03874
v 0.25302 0.02500 0.03965
v 0.25367 0.02500 0.03946
v 0.25386 0.02500 0.04017
v 0.25433 0.02500 0.04073
v 0.25500 0.02500 0.04103
v 0.25574 0.02500 0.04100
v 0.23448 0.02500 0.04002
v 0.23378 0.02500 0.04026
v 0.23326 0.02500 0.04078
v 0.23230 0.02500 0.04154
v 0.23302 0.02500 0.04147
v 0.23310 0.02500 0.04220
v 0.23605 0.02500 0.04255
v 0.24096 0.02500 0.04311
v 0.23553 0.02500 0.04306
v 0.23818 0.02500 0.04644
v 0.23629 0.02500 0.04185
v 0.23622 0.02500 0.04112
v 0.23638 0.02500 0.03928
v 0.23583 0.02500 0.04050
v 0.23521 0.02500 0.04011
v 0.23349 0.02500 0.04283
v 0.23411 0.02500 0.04322
v 0.23303 0.02500 0.03838
v 0.24819 0.02500 0.05951
v 0.25107 0.02500 0.06048
v 0.24759 0.02500 0.05994
v 0.24882 0.02500 0.06116
v 0.24687 0.02500 0.06008
v 0.24648 0.02500 0.06148
v 0.24616 0.02500 0.05989
v 0.24572 0.02500 0.05957
v 0.24561 0.02500 0.05940
v 0.24435 0.02500 0.05843
v 0.24532 0.02500 0.05873
v 0.24772 0.02500 0.05697
v 0.24701 0.02500 0.05678
v 0.24702 0.02500 0.05524
v 0.24629 0.02500 0.05692
v 0.24556 0.02500 0.05699
v 0.24569 0.02500 0.05735
v 0.24535 0.02500 0.05800
v 0.24437 0.02500 0.03902
v 0.24371 0.02500 0.04243
v 0.24745 0.02500 0.04238
v 0.24622 0.02500 0.04204
v 0.24494 0.02500 0.04206
v 0.24917 0.02500 0.04996
v 0.24946 0.02500 0.04888
v 0.25258 0.02500 0.04587
v 0.24997 0.02500 0.04771
v 0.25014 0.02500 0.04644
v 0.24382 0.02500 0.05062
v 0.24506 0.02500 0.05096
v 0.24639 0.02500 0.05329
v 0.24634 0.02500 0.05095
v 0.24756 0.02500 0.05057
v 0.24863 0.02500 0.04986
v 0.24114 0.02500 0.04656
v 0.24134 0.02500 0.04783
v 0.24265 0.02500 0.04314
v 0.24182 0.02500 0.04412
v 0.24130 0.02500 0.04529
v 0.24257 0.02500 0.05655
v 0.24199 0.02500 0.05588
v 0.24143 0.02500 0.05354
v 0.24118 0.02500 0.05552
v 0.24029 0.02500 0.05555
v 0.23892 0.02500 0.03486
v 0.23803 0.02500 0.03489
v 0.23906 0.02500 0.03875
v 0.23985 0.02500 0.03834
v 0.24038 0.02500 0.03763
v 0.24054 0.02500 0.03675
v 0.23655 0.02500 0.03689
v 0.23677 0.02500 0.03775
v 0.23735 0.02500 0.03843
v 0.23817 0.02500 0.03878
v 0.23484 0.02500 0.04330
v 0.24263 0.02500 0.05829
v 0.24280 0.02500 0.05741
v 0.24303 0.02500 0.05733
v 0.24423 0.02500 0.05588
v 0.24569 0.02500 0.05413
v 0.24289 0.02500 0.05179
v 0.24359 0.02500 0.05096
v 0.24045 0.02500 0.05272
v 0.24191 0.02500 0.05097
v 0.24772 0.02500 0.05440
v 0.25050 0.02500 0.05106
v 0.25391 0.02500 0.04698
v 0.24413 0.02500 0.06142
v 0.24492 0.02500 0.05645
v 0.24638 0.02500 0.05470
v 0.24708 0.02500 0.05387
v 0.24986 0.02500 0.05053
v 0.25327 0.02500 0.04644
v 0.25383 0.02500 0.04577
v 0.25651 0.02500 0.04256
v 0.25627 0.02500 0.04368
v 0.23725 0.02500 0.03530
v 0.25314 0.02500 0.04520
v 0.25034 0.02500 0.04286
v 0.24854 0.02500 0.04306
v 0.24880 0.02500 0.04271
v 0.24936 0.02500 0.04204
v 0.25203 0.02500 0.03883
v 0.25778 0.02500 0.04104
v 0.25937 0.03000 0.05255
v 0.25825 0.03000 0.05462
v 0.25683 0.03000 0.05649
v 0.25512 0.03000 0.05812
v 0.25319 0.03000 0.05946
v 0.25107 0.03000 0.06048
v 0.24882 0.03000 0.06116
v 0.24648 0.03000 0.06148
v 0.24413 0.03000 0.06142
v 0.24181 0.03000 0.06100
v 0.23959 0.03000 0.06023
v 0.23752 0.03000 0.05911
v 0.23565 0.03000 0.05769
v 0.23402 0.03000 0.05599
v 0.23268 0.03000 0.05405
v 0.23166 0.03000 0.05193
v 0.23098 0.03000 0.04968
v 0.23066 0.03000 0.04735
v 0.23071 0.03000 0.04499
v 0.23113 0.03000 0.04268
v 0.23191 0.03000 0.04045
v 0.23965 0.03050 0.06011
v 0.24185 0.03050 0.06088
v 0.24414 0.03050 0.06129
v 0.24648 0.03050 0.06134
v 0.24879 0.03050 0.06103
v 0.25102 0.03050 0.06036
v 0.25312 0.03050 0.05935
v 0.25504 0.03050 0.05802
v 0.25672 0.03050 0.05640
v 0.25814 0.03050 0.05455
v 0.25924 0.03050 0.05249
v 0.23191 0.03050 0.05221
v 0.23178 0.03050 0.05188
v 0.23111 0.03050 0.04965
v 0.23080 0.03050 0.04734
v 0.23085 0.03050 0.04501
v 0.23126 0.03050 0.04271
v 0.23203 0.03050 0.04051
v 0.23243 0.03050 0.05333
v 0.23249 0.03050 0.05343
v 0.23279 0.03050 0.05398
v 0.23412 0.03050 0.05590
v 0.23573 0.03050 0.05759
v 0.23759 0.03050 0.05900
v 0.26061 0.03000 0.04566
v 0.26043 0.03050 0.04800
v 0.26056 0.03000 0.04801
v 0.26001 0.03050 0.05029
v 0.26014 0.03000 0.05032
v 0.26017 0.03050 0.04335
v 0.26045 0.03050 0.04525
v 0.26048 0.03050 0.04566
v 0.25936 0.03050 0.04079
v 0.25949 0.03050 0.04112
v 0.25962 0.03000 0.04107
v 0.26030 0.03000 0.04332
v 0.25888 0.03050 0.03974
v 0.25860 0.03000 0.03895
v 0.25848 0.03050 0.03902
v 0.25726 0.03000 0.03701
v 0.25715 0.03050 0.03710
v 0.25563 0.03000 0.03531
v 0.25554 0.03050 0.03541
v 0.25376 0.03000 0.03389
v 0.25368 0.03050 0.03400
v 0.25168 0.03000 0.03277
v 0.25163 0.03050 0.03290
v 0.24946 0.03000 0.03200
v 0.24943 0.03050 0.03213
v 0.24715 0.03000 0.03158
v 0.24713 0.03050 0.03171
v 0.24479 0.03000 0.03152
v 0.24480 0.03050 0.03166
v 0.24362 0.03050 0.03177
v 0.24246 0.03000 0.03184
v 0.24249 0.03050 0.03197
v 0.24021 0.03000 0.03252
v 0.24026 0.03050 0.03264
v 0.23445 0.03000 0.03651
v 0.23624 0.03050 0.03498
v 0.23615 0.03000 0.03488
v 0.23815 0.03050 0.03365
v 0.23809 0.03000 0.03354
v 0.23882 0.03050 0.03329
v 0.23946 0.03050 0.03298
v 0.23314 0.03050 0.03845
v 0.23382 0.03050 0.03748
v 0.23455 0.03050 0.03660
v 0.23303 0.03000 0.03838
v 0.23445 0.03050 0.05293
v 0.23489 0.03050 0.05234
v 0.23491 0.03050 0.05055
v 0.25545 0.03050 0.05250
v 0.25506 0.03050 0.05188
v 0.25441 0.03050 0.05247
v 0.25238 0.03050 0.04685
v 0.25210 0.03050 0.04846
v 0.25380 0.03050 0.04580
v 0.25641 0.03050 0.04298
v 0.25693 0.03050 0.04278
v 0.25651 0.03050 0.04256
v 0.26014 0.03050 0.04559
v 0.23255 0.03050 0.05338
v 0.23672 0.03050 0.05686
v 0.24452 0.03050 0.05857
v 0.24371 0.03050 0.05790
v 0.25818 0.03050 0.05080
v 0.25680 0.03050 0.05298
v 0.25749 0.03050 0.05274
v 0.25801 0.03050 0.05222
v 0.25826 0.03050 0.05153
v 0.25445 0.03050 0.05468
v 0.24980 0.03050 0.06025
v 0.25552 0.03050 0.05340
v 0.25607 0.03050 0.05289
v 0.24735 0.03050 0.06093
v 0.24869 0.03050 0.05932
v 0.24033 0.03050 0.05994
v 0.24089 0.03050 0.05998
v 0.24144 0.03050 0.05990
v 0.24196 0.03050 0.05970
v 0.24322 0.03050 0.05684
v 0.24330 0.03050 0.05740
v 0.24326 0.03050 0.05796
v 0.24309 0.03050 0.05849
v 0.24281 0.03050 0.05897
v 0.24242 0.03050 0.05938
v 0.23979 0.03050 0.05977
v 0.23931 0.03050 0.05949
v 0.23890 0.03050 0.05911
v 0.23859 0.03050 0.05864
v 0.23838 0.03050 0.05812
v 0.23792 0.03050 0.04090
v 0.23622 0.03050 0.04112
v 0.23629 0.03050 0.04185
v 0.23605 0.03050 0.04255
v 0.23553 0.03050 0.04306
v 0.23328 0.03050 0.04647
v 0.23521 0.03050 0.04011
v 0.23583 0.03050 0.04050
v 0.23484 0.03050 0.04330
v 0.23411 0.03050 0.04322
v 0.23349 0.03050 0.04283
v 0.23310 0.03050 0.04220
v 0.23302 0.03050 0.04147
v 0.23326 0.03050 0.04078
v 0.23378 0.03050 0.04026
v 0.23448 0.03050 0.04002
v 0.23674 0.03050 0.03855
v 0.23622 0.03050 0.03773
v 0.23863 0.03050 0.03932
v 0.23807 0.03050 0.03927
v 0.23754 0.03050 0.03911
v 0.23860 0.03050 0.03432
v 0.23764 0.03050 0.03449
v 0.23682 0.03050 0.03501
v 0.23626 0.03050 0.03581
v 0.23605 0.03050 0.03677
v 0.23955 0.03050 0.03453
v 0.24035 0.03050 0.03509
v 0.24202 0.03050 0.03598
v 0.24244 0.03050 0.03548
v 0.24473 0.03050 0.03274
v 0.24584 0.03050 0.03366
v 0.24676 0.03050 0.03443
v 0.24770 0.03050 0.03522
v 0.25187 0.03050 0.03870
v 0.25683 0.03050 0.04007
v 0.25639 0.03050 0.04066
v 0.25433 0.03050 0.04073
v 0.25386 0.03050 0.04017
v 0.25574 0.03050 0.04100
v 0.25500 0.03050 0.04103
v 0.25367 0.03050 0.03946
v 0.25381 0.03050 0.03874
v 0.25697 0.03050 0.03935
v 0.25425 0.03050 0.03815
v 0.25490 0.03050 0.03781
v 0.25563 0.03050 0.03779
v 0.25630 0.03050 0.03808
v 0.25678 0.03050 0.03864
v 0.25748 0.03050 0.04270
v 0.25804 0.03050 0.04274
v 0.25857 0.03050 0.04291
v 0.25937 0.03050 0.04347
v 0.25990 0.03050 0.04429
v 0.26007 0.03050 0.04525
v 0.25985 0.03050 0.04621
v 0.25930 0.03050 0.04701
v 0.25847 0.03050 0.04753
v 0.24819 0.03050 0.05951
v 0.24759 0.03050 0.05994
v 0.24687 0.03050 0.06008
v 0.24616 0.03050 0.05989
v 0.24561 0.03050 0.05940
v 0.24532 0.03050 0.05873
v 0.24535 0.03050 0.05800
v 0.24701 0.03050 0.05678
v 0.24772 0.03050 0.05697
v 0.25050 0.03050 0.05139
v 0.24629 0.03050 0.05692
v 0.24586 0.03050 0.05696
v 0.24569 0.03050 0.05735
v 0.24827 0.03050 0.05745
v 0.25334 0.03050 0.05375
v 0.24856 0.03050 0.05813
v 0.24853 0.03050 0.05886
v 0.24447 0.03050 0.03718
v 0.24355 0.03050 0.03641
v 0.23830 0.03050 0.05757
v 0.23835 0.03050 0.05701
v 0.23851 0.03050 0.05647
v 0.23879 0.03050 0.05599
v 0.23908 0.03050 0.05403
v 0.23918 0.03050 0.05558
v 0.23964 0.03050 0.05527
v 0.24016 0.03050 0.05507
v 0.24042 0.03050 0.05243
v 0.24072 0.03050 0.05498
v 0.24127 0.03050 0.05503
v 0.24181 0.03050 0.05519
v 0.24229 0.03050 0.05548
v 0.24506 0.03050 0.05629
v 0.24270 0.03050 0.05586
v 0.24302 0.03050 0.05632
v 0.25421 0.03050 0.04531
v 0.25507 0.03050 0.04528
v 0.25511 0.03050 0.04473
v 0.25528 0.03050 0.04419
v 0.25556 0.03050 0.04371
v 0.25594 0.03050 0.04330
v 0.25656 0.03050 0.04749
v 0.25608 0.03050 0.04720
v 0.25744 0.03050 0.04884
v 0.25461 0.03050 0.04647
v 0.25567 0.03050 0.04682
v 0.25535 0.03050 0.04636
v 0.25502 0.03050 0.04598
v 0.25515 0.03050 0.04584
v 0.25896 0.03050 0.04927
v 0.25785 0.03050 0.04834
v 0.25751 0.03050 0.04770
v 0.24918 0.03050 0.05225
v 0.24770 0.03050 0.05293
v 0.24610 0.03050 0.05323
v 0.24447 0.03050 0.05315
v 0.24292 0.03050 0.05268
v 0.24219 0.03050 0.05230
v 0.24090 0.03050 0.05131
v 0.25045 0.03050 0.05124
v 0.25157 0.03050 0.05011
v 0.25144 0.03050 0.04995
v 0.24976 0.03050 0.04115
v 0.25092 0.03050 0.04230
v 0.25177 0.03050 0.04368
v 0.25227 0.03050 0.04523
v 0.24836 0.03050 0.04032
v 0.24599 0.03050 0.03976
v 0.24759 0.03050 0.04004
v 0.24541 0.03050 0.03796
v 0.24437 0.03050 0.03987
v 0.24500 0.03050 0.03846
v 0.24282 0.03050 0.04037
v 0.24406 0.03050 0.03767
v 0.24143 0.03050 0.04122
v 0.23531 0.03050 0.04816
v 0.23625 0.03050 0.04894
v 0.23899 0.03050 0.04534
v 0.23989 0.03050 0.05004
v 0.23921 0.03050 0.04856
v 0.23890 0.03050 0.04696
v 0.24088 0.03050 0.03592
v 0.24105 0.03050 0.03688
v 0.24313 0.03050 0.03690
v 0.23918 0.03050 0.03924
v 0.23899 0.03050 0.03961
v 0.23971 0.03050 0.03903
v 0.24010 0.03050 0.04054
v 0.24083 0.03050 0.03783
v 0.24055 0.03050 0.03831
v 0.24017 0.03050 0.03872
v 0.25779 0.03050 0.05017
v 0.25855 0.03050 0.04976
v 0.25717 0.03050 0.04978
v 0.25644 0.03050 0.04970
v 0.25575 0.03050 0.04994
v 0.25522 0.03050 0.05045
v 0.25498 0.03050 0.05115
v 0.24102 0.03050 0.04131
v 0.24029 0.03050 0.04238
v 0.23903 0.03050 0.04182
v 0.23995 0.03050 0.04259
v 0.23946 0.03050 0.04378
v 0.23439 0.03050 0.04739
v 0.23193 0.03050 0.04808
v 0.23304 0.03050 0.04900
v 0.23397 0.03050 0.04977
v 0.23554 0.03050 0.05200
v 0.23627 0.03050 0.05197
v 0.23694 0.03050 0.05227
v 0.23742 0.03050 0.05283
v 0.23431 0.03050 0.05365
v 0.23761 0.03050 0.05354
v 0.23747 0.03050 0.05426
v 0.23703 0.03050 0.05485
v 0.23638 0.03050 0.05519
v 0.23565 0.03050 0.05521
v 0.23497 0.03050 0.05492
v 0.23450 0.03050 0.05436
v 0.23774 0.03000 0.03865
v 0.23817 0.03000 0.03878
v 0.23861 0.03000 0.03882
v 0.23906 0.03000 0.03875
v 0.23947 0.03000 0.03859
v 0.23985 0.03000 0.03834
v 0.24015 0.03000 0.03801
v 0.24038 0.03000 0.03763
v 0.23672 0.02730 0.03601
v 0.23774 0.02730 0.03865
v 0.23735 0.02730 0.03843
v 0.23710 0.02730 0.03820
v 0.23655 0.02730 0.03689
v 0.23668 0.02730 0.03754
v 0.23677 0.02730 0.03775
v 0.24055 0.03000 0.03686
v 0.24054 0.03000 0.03675
v 0.24041 0.03000 0.03610
v 0.24032 0.03000 0.03589
v 0.23999 0.03000 0.03544
v 0.23974 0.03000 0.03522
v 0.23935 0.03000 0.03499
v 0.23892 0.03000 0.03486
v 0.23859 0.03000 0.03482
v 0.23803 0.03000 0.03489
v 0.23782 0.03000 0.03496
v 0.23672 0.03000 0.03601
v 0.23716 0.03000 0.03537
v 0.23725 0.03000 0.03530
v 0.23655 0.03000 0.03678
v 0.23668 0.03000 0.03754
v 0.23710 0.03000 0.03820
v 0.24816 0.03000 0.04078
v 0.24945 0.03000 0.04155
v 0.25039 0.03000 0.04244
v 0.25053 0.03000 0.04261
v 0.25117 0.03000 0.04360
v 0.25132 0.03000 0.04389
v 0.25168 0.03000 0.04490
v 0.25178 0.03000 0.04532
v 0.25188 0.03000 0.04629
v 0.25188 0.03000 0.04683
v 0.25177 0.03000 0.04768
v 0.25162 0.03000 0.04831
v 0.25136 0.03000 0.04902
v 0.25101 0.03000 0.04969
v 0.25059 0.03000 0.05032
v 0.25009 0.03000 0.05088
v 0.24953 0.03000 0.05139
v 0.24891 0.03000 0.05182
v 0.24825 0.03000 0.05218
v 0.24755 0.03000 0.05245
v 0.24681 0.03000 0.05264
v 0.24607 0.03000 0.05274
v 0.24531 0.03000 0.05274
v 0.24456 0.03000 0.05266
v 0.24383 0.03000 0.05248
v 0.24312 0.03000 0.05222
v 0.23992 0.03000 0.04398
v 0.23948 0.03000 0.04542
v 0.23940 0.03000 0.04693
v 0.23969 0.03000 0.04841
v 0.24032 0.03000 0.04978
v 0.24125 0.03000 0.05096
v 0.24245 0.03000 0.05187
v 0.25136 0.02730 0.04902
v 0.25136 0.02540 0.04902
v 0.25059 0.02540 0.05032
v 0.23992 0.02540 0.04398
v 0.23948 0.02540 0.04542
v 0.23940 0.02540 0.04693
v 0.23969 0.02540 0.04841
v 0.24032 0.02540 0.04978
v 0.24125 0.02540 0.05096
v 0.24245 0.02540 0.05187
v 0.24383 0.02540 0.05248
v 0.24531 0.02540 0.05274
v 0.24681 0.02540 0.05264
v 0.24825 0.02540 0.05218
v 0.24953 0.02540 0.05139
v 0.25179 0.02730 0.04758
v 0.25188 0.02730 0.04629
v 0.25187 0.02730 0.04607
v 0.25168 0.02730 0.04490
v 0.25159 0.02730 0.04459
v 0.25117 0.02730 0.04360
v 0.25096 0.02730 0.04322
v 0.25039 0.02730 0.04244
v 0.25002 0.02730 0.04205
v 0.24937 0.02730 0.04148
v 0.24883 0.02730 0.04113
v 0.24816 0.02730 0.04078
v 0.24745 0.03000 0.04052
v 0.24745 0.02540 0.04052
v 0.24883 0.02540 0.04113
v 0.25002 0.02540 0.04205
v 0.25096 0.02540 0.04322
v 0.25159 0.02540 0.04459
v 0.25187 0.02540 0.04607
v 0.25179 0.02540 0.04758
v 0.24597 0.02540 0.04026
v 0.24597 0.03000 0.04026
v 0.24446 0.02540 0.04036
v 0.24446 0.03000 0.04036
v 0.24303 0.02540 0.04082
v 0.24303 0.03000 0.04082
v 0.24174 0.02540 0.04161
v 0.24174 0.03000 0.04161
v 0.24069 0.02540 0.04269
v 0.24069 0.03000 0.04269
v 0.24963 0.02540 0.04899
v 0.25017 0.02540 0.04776
v 0.25034 0.02540 0.04644
v 0.25013 0.02540 0.04512
v 0.24956 0.02540 0.04391
v 0.24867 0.02540 0.04291
v 0.24753 0.02540 0.04220
v 0.24624 0.02540 0.04184
v 0.24491 0.02540 0.04186
v 0.24363 0.02540 0.04225
v 0.24251 0.02540 0.04299
v 0.24165 0.02540 0.04401
v 0.24374 0.02540 0.05080
v 0.24503 0.02540 0.05116
v 0.24637 0.02540 0.05114
v 0.24765 0.02540 0.05075
v 0.24876 0.02540 0.05001
v 0.24111 0.02540 0.04524
v 0.24094 0.02540 0.04656
v 0.24115 0.02540 0.04789
v 0.24172 0.02540 0.04909
v 0.24261 0.02540 0.05009
v 0.24382 0.02520 0.05062
v 0.24506 0.02520 0.05096
v 0.24634 0.02520 0.05095
v 0.24756 0.02520 0.05057
v 0.24863 0.02520 0.04986
v 0.24946 0.02520 0.04888
v 0.24997 0.02520 0.04771
v 0.25014 0.02520 0.04644
v 0.24994 0.02520 0.04517
v 0.24939 0.02520 0.04402
v 0.24854 0.02520 0.04306
v 0.24745 0.02520 0.04238
v 0.24622 0.02520 0.04204
v 0.24494 0.02520 0.04206
v 0.24371 0.02520 0.04243
v 0.24265 0.02520 0.04314
v 0.24182 0.02520 0.04412
v 0.24130 0.02520 0.04529
v 0.24114 0.02520 0.04656
v 0.24134 0.02520 0.04783
v 0.24189 0.02520 0.04898
v 0.24274 0.02520 0.04994
v 0.25837 0.03000 0.04337
v 0.25794 0.03000 0.04323
v 0.25750 0.03000 0.04320
v 0.25706 0.03000 0.04326
v 0.25664 0.03000 0.04343
v 0.25627 0.03000 0.04368
v 0.25596 0.03000 0.04401
v 0.25574 0.03000 0.04439
v 0.25876 0.03000 0.04359
v 0.25901 0.03000 0.04382
v 0.25934 0.03000 0.04427
v 0.25943 0.03000 0.04447
v 0.25676 0.03000 0.04703
v 0.25752 0.03000 0.04720
v 0.25829 0.03000 0.04706
v 0.25895 0.03000 0.04664
v 0.25940 0.03000 0.04600
v 0.25957 0.03000 0.04524
v 0.25957 0.03000 0.04513
v 0.25940 0.02730 0.04600
v 0.25676 0.02730 0.04703
v 0.25719 0.02730 0.04716
v 0.25808 0.02730 0.04713
v 0.25752 0.02730 0.04720
v 0.25887 0.02730 0.04672
v 0.25829 0.02730 0.04706
v 0.25895 0.02730 0.04664
v 0.25560 0.03000 0.04482
v 0.25557 0.03000 0.04527
v 0.25563 0.03000 0.04571
v 0.25637 0.03000 0.04680
v 0.25605 0.03000 0.04650
v 0.25580 0.03000 0.04613
v 0.24263 0.03000 0.05829
v 0.24276 0.03000 0.05786
v 0.24280 0.03000 0.05741
v 0.24273 0.03000 0.05697
v 0.24257 0.03000 0.05655
v 0.24232 0.03000 0.05618
v 0.24199 0.03000 0.05588
v 0.24161 0.03000 0.05565
v 0.24118 0.03000 0.05552
v 0.24073 0.03000 0.05548
v 0.24029 0.03000 0.05555
v 0.23987 0.03000 0.05571
v 0.23950 0.03000 0.05596
v 0.23920 0.03000 0.05629
v 0.23897 0.03000 0.05668
v 0.23884 0.03000 0.05710
v 0.23880 0.03000 0.05755
v 0.23887 0.03000 0.05799
v 0.23903 0.03000 0.05841
v 0.23928 0.03000 0.05878
v 0.23961 0.03000 0.05909
v 0.23999 0.03000 0.05931
v 0.24042 0.03000 0.05945
v 0.24087 0.03000 0.05948
v 0.24131 0.03000 0.05942
v 0.24173 0.03000 0.05925
v 0.24241 0.03000 0.05868
v 0.24210 0.03000 0.05900
v 0.22666 0.03450 0.06353
v 0.22517 0.03250 0.06487
v 0.22915 0.03250 0.06851
v 0.23035 0.03450 0.06691
v 0.23376 0.03250 0.07130
v 0.23462 0.03450 0.06950
v 0.23882 0.03250 0.07314
v 0.23932 0.03450 0.07121
v 0.24415 0.03250 0.07396
v 0.24426 0.03450 0.07196
v 0.24954 0.03250 0.07372
v 0.24925 0.03450 0.07174
v 0.25477 0.03250 0.07244
v 0.25411 0.03450 0.07055
v 0.25966 0.03250 0.07016
v 0.25864 0.03450 0.06844
v 0.26400 0.03250 0.06697
v 0.26267 0.03450 0.06548
v 0.26764 0.03250 0.06299
v 0.26604 0.03450 0.06179
v 0.27044 0.03250 0.05838
v 0.26864 0.03450 0.05752
v 0.27228 0.03250 0.05331
v 0.27034 0.03450 0.05282
v 0.27310 0.03250 0.04799
v 0.27110 0.03450 0.04788
v 0.27286 0.03250 0.04260
v 0.27088 0.03450 0.04288
v 0.27158 0.03250 0.03736
v 0.26969 0.03450 0.03803
v 0.26930 0.03250 0.03248
v 0.26757 0.03450 0.03350
v 0.26610 0.03250 0.02813
v 0.26462 0.03450 0.02947
v 0.26462 0.04160 0.02947
v 0.26757 0.04160 0.03350
v 0.26969 0.04160 0.03803
v 0.27088 0.04160 0.04288
v 0.27110 0.04160 0.04788
v 0.27034 0.04160 0.05282
v 0.26864 0.04160 0.05752
v 0.26604 0.04160 0.06179
v 0.26267 0.04160 0.06548
v 0.25864 0.04160 0.06844
v 0.25411 0.04160 0.07055
v 0.24925 0.04160 0.07174
v 0.24426 0.04160 0.07196
v 0.23932 0.04160 0.07121
v 0.23462 0.04160 0.06950
v 0.23035 0.04160 0.06691
v 0.22666 0.04160 0.06353
v 0.22370 0.04160 0.05950
v 0.22370 0.03450 0.05950
v 0.22159 0.04160 0.05497
v 0.22159 0.03450 0.05497
v 0.22040 0.04160 0.05012
v 0.22040 0.03450 0.05012
v 0.22018 0.04160 0.04512
v 0.22018 0.03450 0.04512
v 0.22093 0.04160 0.04018
v 0.22093 0.03450 0.04018
v 0.22264 0.04160 0.03548
v 0.22264 0.03450 0.03548
v 0.22523 0.04160 0.03121
v 0.22523 0.03450 0.03121
v 0.22861 0.04160 0.02752
v 0.22861 0.03450 0.02752
v 0.23264 0.04160 0.02456
v 0.23264 0.03450 0.02456
v 0.23717 0.04160 0.02245
v 0.23717 0.03450 0.02245
v 0.24202 0.04160 0.02126
v 0.24202 0.03450 0.02126
v 0.24702 0.04160 0.02104
v 0.24702 0.03450 0.02104
v 0.25196 0.04160 0.02180
v 0.25196 0.03450 0.02180
v 0.25665 0.04160 0.02350
v 0.25665 0.03450 0.02350
v 0.26093 0.04160 0.02609
v 0.26093 0.03450 0.02609
v 0.26424 0.04210 0.02980
v 0.26063 0.04210 0.02649
v 0.25644 0.04210 0.02395
v 0.25183 0.04210 0.02228
v 0.24699 0.04210 0.02154
v 0.24209 0.04210 0.02175
v 0.23733 0.04210 0.02292
v 0.23289 0.04210 0.02499
v 0.22894 0.04210 0.02789
v 0.22563 0.04210 0.03151
v 0.22309 0.04210 0.03570
v 0.22142 0.04210 0.04031
v 0.22067 0.04210 0.04515
v 0.22089 0.04210 0.05005
v 0.22206 0.04210 0.05481
v 0.22413 0.04210 0.05925
v 0.22703 0.04210 0.06320
v 0.23065 0.04210 0.06651
v 0.23484 0.04210 0.06905
v 0.23944 0.04210 0.07072
v 0.24429 0.04210 0.07146
v 0.24918 0.04210 0.07125
v 0.25394 0.04210 0.07008
v 0.25838 0.04210 0.06801
v 0.26234 0.04210 0.06511
v 0.26564 0.04210 0.06149
v 0.26818 0.04210 0.05730
v 0.26986 0.04210 0.05269
v 0.27060 0.04210 0.04785
v 0.27039 0.04210 0.04295
v 0.26922 0.04210 0.03819
v 0.26714 0.04210 0.03375
v 0.23256 0.04210 0.02844
v 0.22909 0.04210 0.03155
v 0.22634 0.04210 0.03532
v 0.22444 0.04210 0.03957
v 0.22346 0.04210 0.04413
v 0.22346 0.04210 0.04879
v 0.22442 0.04210 0.05336
v 0.22631 0.04210 0.05762
v 0.22904 0.04210 0.06139
v 0.23250 0.04210 0.06452
v 0.23653 0.04210 0.06686
v 0.24096 0.04210 0.06831
v 0.24560 0.04210 0.06880
v 0.25024 0.04210 0.06832
v 0.25467 0.04210 0.06689
v 0.25871 0.04210 0.06456
v 0.26219 0.04210 0.06145
v 0.26493 0.04210 0.05768
v 0.26683 0.04210 0.05343
v 0.26781 0.04210 0.04887
v 0.26782 0.04210 0.04421
v 0.26686 0.04210 0.03964
v 0.26497 0.04210 0.03538
v 0.26224 0.04210 0.03161
v 0.25877 0.04210 0.02848
v 0.25474 0.04210 0.02614
v 0.25031 0.04210 0.02470
v 0.24568 0.04210 0.02420
v 0.24104 0.04210 0.02468
v 0.23660 0.04210 0.02611
v 0.26201 0.04180 0.03181
v 0.25860 0.04180 0.02872
v 0.25462 0.04180 0.02642
v 0.25025 0.04180 0.02499
v 0.24567 0.04180 0.02450
v 0.24110 0.04180 0.02497
v 0.23672 0.04180 0.02639
v 0.23274 0.04180 0.02868
v 0.22931 0.04180 0.03175
v 0.22660 0.04180 0.03547
v 0.22473 0.04180 0.03967
v 0.22376 0.04180 0.04416
v 0.22375 0.04180 0.04876
v 0.22470 0.04180 0.05326
v 0.22657 0.04180 0.05747
v 0.22926 0.04180 0.06119
v 0.22926 0.04040 0.06119
v 0.22657 0.04040 0.05747
v 0.22470 0.04040 0.05326
v 0.22375 0.04040 0.04876
v 0.22376 0.04040 0.04416
v 0.22473 0.04040 0.03967
v 0.22660 0.04040 0.03547
v 0.22931 0.04040 0.03175
v 0.23274 0.04040 0.02868
v 0.23672 0.04040 0.02639
v 0.24110 0.04040 0.02497
v 0.24567 0.04040 0.02450
v 0.25025 0.04040 0.02499
v 0.25462 0.04040 0.02642
v 0.25860 0.04040 0.02872
v 0.26201 0.04040 0.03181
v 0.26471 0.04180 0.03553
v 0.26471 0.04040 0.03553
v 0.26657 0.04180 0.03974
v 0.26657 0.04040 0.03974
v 0.26752 0.04180 0.04424
v 0.26752 0.04040 0.04424
v 0.26751 0.04180 0.04884
v 0.26751 0.04040 0.04884
v 0.26655 0.04180 0.05333
v 0.26655 0.04040 0.05333
v 0.26467 0.04180 0.05753
v 0.26467 0.04040 0.05753
v 0.26196 0.04180 0.06125
v 0.26196 0.04040 0.06125
v 0.25854 0.04180 0.06432
v 0.25854 0.04040 0.06432
v 0.25455 0.04180 0.06661
v 0.25455 0.04040 0.06661
v 0.25017 0.04180 0.06803
v 0.25017 0.04040 0.06803
v 0.24560 0.04180 0.06850
v 0.24560 0.04040 0.06850
v 0.24103 0.04180 0.06801
v 0.24103 0.04040 0.06801
v 0.23666 0.04180 0.06658
v 0.23666 0.04040 0.06658
v 0.23268 0.04180 0.06428
v 0.23268 0.04040 0.06428
v 0.26224 0.04010 0.03161
v 0.26497 0.04010 0.03538
v 0.26686 0.04010 0.03964
v 0.26782 0.04010 0.04421
v 0.26781 0.04010 0.04887
v 0.26683 0.04010 0.05343
v 0.26493 0.04010 0.05768
v 0.26219 0.04010 0.06145
v 0.25871 0.04010 0.06456
v 0.25467 0.04010 0.06689
v 0.25024 0.04010 0.06832
v 0.24560 0.04010 0.06880
v 0.24096 0.04010 0.06831
v 0.23653 0.04010 0.06686
v 0.23250 0.04010 0.06452
v 0.22904 0.04010 0.06139
v 0.22631 0.04010 0.05762
v 0.22442 0.04010 0.05336
v 0.22346 0.04010 0.04879
v 0.22346 0.04010 0.04413
v 0.22444 0.04010 0.03957
v 0.22634 0.04010 0.03532
v 0.22909 0.04010 0.03155
v 0.23256 0.04010 0.02844
v 0.23660 0.04010 0.02611
v 0.24104 0.04010 0.02468
v 0.24568 0.04010 0.02420
v 0.25031 0.04010 0.02470
v 0.25474 0.04010 0.02614
v 0.25877 0.04010 0.02848
v 0.24071 0.04010 0.06948
v 0.23604 0.04010 0.06795
v 0.23179 0.04010 0.06549
v 0.22815 0.04010 0.06220
v 0.22527 0.04010 0.05822
v 0.22328 0.04010 0.05372
v 0.22226 0.04010 0.04892
v 0.22227 0.04010 0.04400
v 0.22330 0.04010 0.03920
v 0.22531 0.04010 0.03472
v 0.22820 0.04010 0.03075
v 0.23186 0.04010 0.02747
v 0.23612 0.04010 0.02502
v 0.24079 0.04010 0.02351
v 0.24568 0.04010 0.02300
v 0.25056 0.04010 0.02352
v 0.25523 0.04010 0.02505
v 0.25948 0.04010 0.02751
v 0.26313 0.04010 0.03081
v 0.26601 0.04010 0.03478
v 0.26800 0.04010 0.03928
v 0.26901 0.04010 0.04408
v 0.26901 0.04010 0.04900
v 0.26798 0.04010 0.05380
v 0.26597 0.04010 0.05828
v 0.26308 0.04010 0.06225
v 0.25942 0.04010 0.06554
v 0.25516 0.04010 0.06798
v 0.25049 0.04010 0.06950
v 0.24560 0.04010 0.07000
v 0.26313 0.02700 0.03081
v 0.26601 0.02700 0.03478
v 0.26800 0.02700 0.03928
v 0.26901 0.02700 0.04408
v 0.26901 0.02700 0.04900
v 0.26798 0.02700 0.05380
v 0.26597 0.02700 0.05828
v 0.26308 0.02700 0.06225
v 0.25942 0.02700 0.06554
v 0.25516 0.02700 0.06798
v 0.25049 0.02700 0.06950
v 0.24560 0.02700 0.07000
v 0.24071 0.02700 0.06948
v 0.23604 0.02700 0.06795
v 0.23179 0.02700 0.06549
v 0.22815 0.02700 0.06220
v 0.22527 0.02700 0.05822
v 0.22328 0.02700 0.05372
v 0.22226 0.02700 0.04892
v 0.22227 0.02700 0.04400
v 0.22330 0.02700 0.03920
v 0.22531 0.02700 0.03472
v 0.22820 0.02700 0.03075
v 0.23186 0.02700 0.02747
v 0.23612 0.02700 0.02502
v 0.24079 0.02700 0.02351
v 0.24568 0.02700 0.02300
v 0.25056 0.02700 0.02352
v 0.25523 0.02700 0.02505
v 0.25948 0.02700 0.02751
v 0.22778 0.02650 0.06253
v 0.22483 0.02650 0.05847
v 0.22280 0.02650 0.05388
v 0.22177 0.02650 0.04897
v 0.22177 0.02650 0.04395
v 0.22283 0.02650 0.03905
v 0.22487 0.02650 0.03447
v 0.22783 0.02650 0.03041
v 0.23156 0.02650 0.02706
v 0.23591 0.02650 0.02456
v 0.24069 0.02650 0.02302
v 0.24568 0.02650 0.02250
v 0.25067 0.02650 0.02303
v 0.25544 0.02650 0.02459
v 0.25978 0.02650 0.02711
v 0.26350 0.02650 0.03047
v 0.26644 0.02650 0.03454
v 0.26848 0.02650 0.03912
v 0.26951 0.02650 0.04403
v 0.26950 0.02650 0.04905
v 0.26845 0.02650 0.05396
v 0.26640 0.02650 0.05854
v 0.26345 0.02650 0.06259
v 0.25971 0.02650 0.06594
v 0.25536 0.02650 0.06844
v 0.25059 0.02650 0.06998
v 0.24560 0.02650 0.07050
v 0.24061 0.02650 0.06997
v 0.23584 0.02650 0.06841
v 0.23150 0.02650 0.06589
v 0.24909 0.02650 0.07761
v 0.25811 0.02650 0.06952
v 0.25967 0.02650 0.07126
v 0.24036 0.02650 0.07504
v 0.24392 0.02650 0.07184
v 0.26062 0.02650 0.02143
v 0.26438 0.02650 0.01804
v 0.27017 0.02650 0.02449
v 0.22840 0.02650 0.01783
v 0.23294 0.02650 0.01376
v 0.23728 0.02650 0.01861
v 0.21337 0.02650 0.03248
v 0.21300 0.02650 0.03174
v 0.21916 0.02650 0.02612
v 0.26796 0.02650 0.03493
v 0.25696 0.02650 0.02470
v 0.23915 0.02650 0.02069
v 0.23462 0.02650 0.02476
v 0.28221 0.02650 0.03029
v 0.28429 0.02650 0.03621
v 0.28200 0.02650 0.03767
v 0.28543 0.02650 0.04239
v 0.28025 0.02650 0.06656
v 0.27795 0.02650 0.06392
v 0.28296 0.02650 0.06090
v 0.22943 0.02650 0.00993
v 0.23535 0.02650 0.00785
v 0.23103 0.02650 0.01163
v 0.24215 0.02650 0.01002
v 0.24177 0.02650 0.00928
v 0.24152 0.02650 0.00671
v 0.27467 0.02650 0.02045
v 0.27086 0.02650 0.01546
v 0.26570 0.02650 0.01189
v 0.26004 0.02650 0.00918
v 0.25292 0.02650 0.00924
v 0.25398 0.02650 0.00738
v 0.25375 0.02650 0.00928
v 0.25402 0.02650 0.00739
v 0.25444 0.02650 0.00973
v 0.25218 0.02650 0.00961
v 0.25173 0.02650 0.01031
v 0.25067 0.02650 0.01035
v 0.25168 0.02650 0.01113
v 0.25206 0.02650 0.01187
v 0.25275 0.02650 0.01232
v 0.25358 0.02650 0.01237
v 0.25432 0.02650 0.01199
v 0.25477 0.02650 0.01130
v 0.25481 0.02650 0.01047
v 0.24780 0.02650 0.00656
v 0.25035 0.02650 0.00678
v 0.24881 0.02650 0.00827
v 0.24616 0.02650 0.01064
v 0.24108 0.02650 0.00883
v 0.24025 0.02650 0.00879
v 0.23951 0.02650 0.00916
v 0.23906 0.02650 0.00985
v 0.23902 0.02650 0.01068
v 0.23939 0.02650 0.01142
v 0.24008 0.02650 0.01187
v 0.24091 0.02650 0.01192
v 0.24165 0.02650 0.01154
v 0.24516 0.02650 0.01154
v 0.24210 0.02650 0.01085
v 0.22745 0.02650 0.01307
v 0.22391 0.02650 0.01292
v 0.22819 0.02650 0.01270
v 0.21726 0.02650 0.02399
v 0.22650 0.02650 0.01570
v 0.21892 0.02650 0.01673
v 0.20832 0.02650 0.03210
v 0.21103 0.02650 0.02644
v 0.21459 0.02650 0.02128
v 0.21230 0.02650 0.03129
v 0.21147 0.02650 0.03124
v 0.21074 0.02650 0.03161
v 0.21028 0.02650 0.03231
v 0.20830 0.02650 0.03216
v 0.20730 0.02650 0.04552
v 0.20653 0.02650 0.03812
v 0.20666 0.02650 0.03752
v 0.20916 0.02650 0.04760
v 0.20585 0.02650 0.05062
v 0.20570 0.02650 0.04434
v 0.21199 0.02650 0.05895
v 0.21244 0.02650 0.05825
v 0.21558 0.02650 0.06184
v 0.21910 0.02650 0.05868
v 0.22489 0.02650 0.06512
v 0.21248 0.02650 0.05743
v 0.21211 0.02650 0.05669
v 0.21141 0.02650 0.05624
v 0.21059 0.02650 0.05619
v 0.20985 0.02650 0.05657
v 0.20698 0.02650 0.05679
v 0.21125 0.02650 0.05932
v 0.20907 0.02650 0.06271
v 0.21042 0.02650 0.05928
v 0.20940 0.02650 0.05726
v 0.20935 0.02650 0.05809
v 0.20973 0.02650 0.05883
v 0.21736 0.02650 0.06743
v 0.21653 0.02650 0.06739
v 0.21636 0.02650 0.07047
v 0.21719 0.02650 0.07052
v 0.21587 0.02650 0.07322
v 0.21579 0.02650 0.06776
v 0.21205 0.02650 0.06823
v 0.21793 0.02650 0.07014
v 0.21838 0.02650 0.06945
v 0.22136 0.02650 0.06829
v 0.21843 0.02650 0.06862
v 0.21805 0.02650 0.06789
v 0.21534 0.02650 0.06846
v 0.21530 0.02650 0.06928
v 0.21567 0.02650 0.07002
v 0.22557 0.02650 0.07298
v 0.22041 0.02650 0.07754
v 0.22747 0.02650 0.07637
v 0.22677 0.02650 0.07592
v 0.22595 0.02650 0.07588
v 0.22521 0.02650 0.07625
v 0.22476 0.02650 0.07695
v 0.22735 0.02650 0.07863
v 0.22780 0.02650 0.07794
v 0.23319 0.02650 0.08147
v 0.22784 0.02650 0.07711
v 0.22661 0.02650 0.07901
v 0.23124 0.02650 0.08382
v 0.22578 0.02650 0.07896
v 0.22558 0.02650 0.08111
v 0.22509 0.02650 0.07851
v 0.22471 0.02650 0.07777
v 0.24975 0.02650 0.08629
v 0.24348 0.02650 0.08644
v 0.24346 0.02650 0.08581
v 0.24285 0.02650 0.08640
v 0.23726 0.02650 0.08561
v 0.25119 0.02650 0.08113
v 0.25037 0.02650 0.08108
v 0.25066 0.02650 0.07935
v 0.24963 0.02650 0.08146
v 0.24917 0.02650 0.08215
v 0.24710 0.02650 0.08255
v 0.24913 0.02650 0.08298
v 0.24950 0.02650 0.08372
v 0.25036 0.02650 0.08622
v 0.25516 0.02650 0.08437
v 0.25226 0.02650 0.08232
v 0.25189 0.02650 0.08158
v 0.25020 0.02650 0.08417
v 0.25103 0.02650 0.08421
v 0.25388 0.02650 0.08564
v 0.25176 0.02650 0.08384
v 0.25222 0.02650 0.08315
v 0.26185 0.02650 0.08307
v 0.25593 0.02650 0.08515
v 0.25587 0.02650 0.08517
v 0.27394 0.02650 0.06987
v 0.27324 0.02650 0.06942
v 0.27341 0.02650 0.06799
v 0.27242 0.02650 0.06938
v 0.27168 0.02650 0.06975
v 0.27123 0.02650 0.07044
v 0.26418 0.02650 0.07628
v 0.27118 0.02650 0.07127
v 0.27156 0.02650 0.07201
v 0.26737 0.02650 0.08008
v 0.27225 0.02650 0.07246
v 0.27235 0.02650 0.07627
v 0.27308 0.02650 0.07251
v 0.27668 0.02650 0.07173
v 0.27431 0.02650 0.07061
v 0.27427 0.02650 0.07144
v 0.27382 0.02650 0.07213
v 0.28475 0.02650 0.05488
v 0.28104 0.02650 0.05986
v 0.27914 0.02650 0.05863
v 0.27840 0.02650 0.05900
v 0.27345 0.02650 0.05890
v 0.28066 0.02650 0.05913
v 0.27997 0.02650 0.05867
v 0.28132 0.02650 0.05184
v 0.27795 0.02650 0.05970
v 0.27791 0.02650 0.06052
v 0.27828 0.02650 0.06126
v 0.27897 0.02650 0.06172
v 0.27980 0.02650 0.06176
v 0.28054 0.02650 0.06139
v 0.28099 0.02650 0.06069
v 0.28555 0.02650 0.04917
v 0.28497 0.02650 0.04856
v 0.28558 0.02650 0.04866
v 0.28341 0.02650 0.04682
v 0.27823 0.02650 0.04105
v 0.22274 0.02650 0.05541
v 0.21280 0.02650 0.04433
v 0.21636 0.02650 0.04114
v 0.24702 0.02650 0.01362
v 0.27458 0.02650 0.04433
v 0.26735 0.02650 0.06123
v 0.23009 0.02650 0.01393
v 0.22971 0.02650 0.01319
v 0.22902 0.02650 0.01274
v 0.22700 0.02650 0.01377
v 0.22696 0.02650 0.01459
v 0.22733 0.02650 0.01533
v 0.22803 0.02650 0.01578
v 0.22885 0.02650 0.01583
v 0.22959 0.02650 0.01545
v 0.23004 0.02650 0.01476
v 0.28178 0.02650 0.04623
v 0.28105 0.02650 0.04661
v 0.27558 0.02650 0.04343
v 0.28059 0.02650 0.04730
v 0.28055 0.02650 0.04813
v 0.28076 0.02650 0.04920
v 0.28092 0.02650 0.04887
v 0.28232 0.02650 0.05094
v 0.28162 0.02650 0.04932
v 0.28244 0.02650 0.04936
v 0.28318 0.02650 0.04899
v 0.28364 0.02650 0.04829
v 0.28368 0.02650 0.04747
v 0.28330 0.02650 0.04673
v 0.28261 0.02650 0.04628
v 0.21131 0.02650 0.03433
v 0.21449 0.02650 0.03906
v 0.21061 0.02650 0.03387
v 0.21015 0.02650 0.03421
v 0.21024 0.02650 0.03314
v 0.21333 0.02650 0.03330
v 0.22351 0.02650 0.03096
v 0.21287 0.02650 0.03400
v 0.21213 0.02650 0.03437
v 0.23275 0.02650 0.02267
v 0.22538 0.02650 0.03305
v 0.21094 0.02650 0.04225
v 0.24803 0.02650 0.01272
v 0.20673 0.02650 0.03720
v 0.25797 0.02650 0.02380
v 0.26640 0.02650 0.02787
v 0.26375 0.02650 0.03024
v 0.22910 0.02650 0.06981
v 0.27061 0.02650 0.03256
v 0.27438 0.02650 0.02918
v 0.27392 0.02650 0.02557
v 0.27474 0.02650 0.02561
v 0.27408 0.02650 0.02248
v 0.27335 0.02650 0.02286
v 0.27285 0.02650 0.02438
v 0.27322 0.02650 0.02512
v 0.27888 0.02650 0.02514
v 0.27548 0.02650 0.02524
v 0.27594 0.02650 0.02454
v 0.27289 0.02650 0.02355
v 0.27598 0.02650 0.02372
v 0.27561 0.02650 0.02298
v 0.27491 0.02650 0.02253
v 0.23672 0.02650 0.07830
v 0.24189 0.02650 0.08407
v 0.24553 0.02650 0.08081
v 0.26891 0.02650 0.06297
v 0.27188 0.02650 0.05716
v 0.27975 0.02650 0.05010
v 0.27922 0.02650 0.02477
v 0.27541 0.02650 0.01979
v 0.20604 0.02700 0.03801
v 0.20520 0.02700 0.04431
v 0.20535 0.02700 0.05067
v 0.20650 0.02700 0.05692
v 0.20861 0.02700 0.06291
v 0.21163 0.02700 0.06850
v 0.21550 0.02700 0.07355
v 0.20785 0.02700 0.03192
v 0.21060 0.02700 0.02619
v 0.21421 0.02700 0.02096
v 0.21859 0.02700 0.01636
v 0.22364 0.02700 0.01250
v 0.22923 0.02700 0.00947
v 0.23522 0.02700 0.00736
v 0.24147 0.02700 0.00622
v 0.24783 0.02700 0.00606
v 0.25412 0.02700 0.00690
v 0.26021 0.02700 0.00871
v 0.26595 0.02700 0.01146
v 0.27118 0.02700 0.01507
v 0.27578 0.02700 0.01945
v 0.24980 0.02700 0.08679
v 0.24345 0.02700 0.08694
v 0.28608 0.02700 0.04869
v 0.28592 0.02700 0.04233
v 0.28478 0.02700 0.03608
v 0.28266 0.02700 0.03009
v 0.27964 0.02700 0.02450
v 0.28524 0.02700 0.05499
v 0.28342 0.02700 0.06108
v 0.28068 0.02700 0.06681
v 0.27707 0.02700 0.07204
v 0.27269 0.02700 0.07664
v 0.26764 0.02700 0.08050
v 0.26205 0.02700 0.08353
v 0.25605 0.02700 0.08564
v 0.23715 0.02700 0.08610
v 0.23106 0.02700 0.08429
v 0.22533 0.02700 0.08154
v 0.22010 0.02700 0.07793
v 0.21550 0.02900 0.07355
v 0.22010 0.02900 0.07793
v 0.22533 0.02900 0.08154
v 0.23106 0.02900 0.08429
v 0.23715 0.02900 0.08610
v 0.24345 0.02900 0.08694
v 0.24980 0.02900 0.08679
v 0.25605 0.02900 0.08564
v 0.26205 0.02900 0.08353
v 0.26764 0.02900 0.08050
v 0.27269 0.02900 0.07664
v 0.27707 0.02900 0.07204
v 0.28068 0.02900 0.06681
v 0.28342 0.02900 0.06108
v 0.28524 0.02900 0.05499
v 0.28608 0.02900 0.04869
v 0.28592 0.02900 0.04233
v 0.28478 0.02900 0.03608
v 0.28266 0.02900 0.03009
v 0.27964 0.02900 0.02450
v 0.27578 0.02900 0.01945
v 0.23124 0.02950 0.08382
v 0.22558 0.02950 0.08111
v 0.22041 0.02950 0.07754
v 0.21587 0.02950 0.07322
v 0.24348 0.02950 0.08644
v 0.24322 0.02950 0.08643
v 0.24207 0.02950 0.08634
v 0.24141 0.02950 0.08628
v 0.23726 0.02950 0.08561
v 0.28475 0.02950 0.05488
v 0.28296 0.02950 0.06090
v 0.28025 0.02950 0.06656
v 0.27668 0.02950 0.07173
v 0.27235 0.02950 0.07627
v 0.26737 0.02950 0.08008
v 0.26185 0.02950 0.08307
v 0.25593 0.02950 0.08515
v 0.25388 0.02950 0.08564
v 0.24975 0.02950 0.08629
v 0.28543 0.02950 0.04239
v 0.28563 0.02950 0.04725
v 0.28559 0.02950 0.04841
v 0.28558 0.02950 0.04866
v 0.28429 0.02950 0.03621
v 0.28221 0.02950 0.03029
v 0.27922 0.02950 0.02477
v 0.27541 0.02950 0.01979
v 0.26400 0.02950 0.06697
v 0.26852 0.02950 0.06253
v 0.26764 0.02950 0.06299
v 0.25966 0.02950 0.07016
v 0.25928 0.02950 0.07082
v 0.25477 0.02950 0.07244
v 0.24954 0.02950 0.07372
v 0.24415 0.02950 0.07396
v 0.25026 0.02950 0.07891
v 0.23882 0.02950 0.07314
v 0.23376 0.02950 0.07130
v 0.23906 0.02950 0.07621
v 0.21842 0.02950 0.05040
v 0.21818 0.02950 0.04502
v 0.21519 0.02950 0.03984
v 0.22084 0.02950 0.03462
v 0.22363 0.02950 0.03001
v 0.22234 0.02950 0.02966
v 0.25085 0.02950 0.07957
v 0.24540 0.02950 0.08328
v 0.24599 0.02950 0.08393
v 0.25516 0.02950 0.08437
v 0.26418 0.02950 0.07628
v 0.27795 0.02950 0.06392
v 0.27086 0.02950 0.01546
v 0.26438 0.02950 0.01804
v 0.27017 0.02950 0.02449
v 0.24780 0.02950 0.00656
v 0.24152 0.02950 0.00671
v 0.24749 0.02950 0.00710
v 0.24424 0.02950 0.01001
v 0.24008 0.02950 0.01187
v 0.23939 0.02950 0.01142
v 0.23612 0.02950 0.01730
v 0.23535 0.02950 0.00785
v 0.23103 0.02950 0.01163
v 0.23294 0.02950 0.01376
v 0.22943 0.02950 0.00993
v 0.21103 0.02950 0.02644
v 0.20832 0.02950 0.03210
v 0.21726 0.02950 0.02399
v 0.21793 0.02950 0.07014
v 0.21719 0.02950 0.07052
v 0.21636 0.02950 0.07047
v 0.21567 0.02950 0.07002
v 0.21205 0.02950 0.06823
v 0.21530 0.02950 0.06928
v 0.21534 0.02950 0.06846
v 0.20907 0.02950 0.06271
v 0.21579 0.02950 0.06776
v 0.21558 0.02950 0.06184
v 0.21843 0.02950 0.06862
v 0.21838 0.02950 0.06945
v 0.22136 0.02950 0.06829
v 0.21653 0.02950 0.06739
v 0.21736 0.02950 0.06743
v 0.21805 0.02950 0.06789
v 0.21248 0.02950 0.05743
v 0.21244 0.02950 0.05825
v 0.21199 0.02950 0.05895
v 0.21125 0.02950 0.05932
v 0.20698 0.02950 0.05679
v 0.20940 0.02950 0.05726
v 0.20585 0.02950 0.05062
v 0.20985 0.02950 0.05657
v 0.21042 0.02950 0.05928
v 0.20973 0.02950 0.05883
v 0.20935 0.02950 0.05809
v 0.20564 0.02950 0.04641
v 0.20568 0.02950 0.04828
v 0.20669 0.02950 0.04747
v 0.21059 0.02950 0.05619
v 0.21141 0.02950 0.05624
v 0.21211 0.02950 0.05669
v 0.21780 0.02950 0.05984
v 0.20653 0.02950 0.03812
v 0.20570 0.02950 0.04434
v 0.20846 0.02950 0.04212
v 0.20568 0.02950 0.04460
v 0.21033 0.02950 0.04420
v 0.21024 0.02950 0.03314
v 0.21028 0.02950 0.03231
v 0.21074 0.02950 0.03161
v 0.22391 0.02950 0.01292
v 0.21892 0.02950 0.01673
v 0.21459 0.02950 0.02128
v 0.22696 0.02950 0.01459
v 0.22700 0.02950 0.01377
v 0.22745 0.02950 0.01307
v 0.24025 0.02950 0.00879
v 0.23951 0.02950 0.00916
v 0.23902 0.02950 0.01068
v 0.23906 0.02950 0.00985
v 0.24215 0.02950 0.01002
v 0.24177 0.02950 0.00928
v 0.24108 0.02950 0.00883
v 0.24210 0.02950 0.01085
v 0.24165 0.02950 0.01154
v 0.24091 0.02950 0.01192
v 0.25432 0.02950 0.01199
v 0.25358 0.02950 0.01237
v 0.26046 0.02950 0.02156
v 0.24936 0.02950 0.00918
v 0.25171 0.02950 0.00696
v 0.25173 0.02950 0.01031
v 0.25477 0.02950 0.01130
v 0.25444 0.02950 0.00973
v 0.26004 0.02950 0.00918
v 0.25375 0.02950 0.00928
v 0.25402 0.02950 0.00739
v 0.25292 0.02950 0.00924
v 0.25218 0.02950 0.00961
v 0.25275 0.02950 0.01232
v 0.25206 0.02950 0.01187
v 0.25168 0.02950 0.01113
v 0.25481 0.02950 0.01047
v 0.26570 0.02950 0.01189
v 0.27888 0.02950 0.02514
v 0.27467 0.02950 0.02045
v 0.28200 0.02950 0.03767
v 0.28261 0.02950 0.04628
v 0.28330 0.02950 0.04673
v 0.28501 0.02950 0.04891
v 0.28176 0.02950 0.05183
v 0.27980 0.02950 0.06176
v 0.27897 0.02950 0.06172
v 0.27828 0.02950 0.06126
v 0.27364 0.02950 0.05912
v 0.27791 0.02950 0.06052
v 0.27795 0.02950 0.05970
v 0.27840 0.02950 0.05900
v 0.28054 0.02950 0.06139
v 0.28099 0.02950 0.06069
v 0.27914 0.02950 0.05863
v 0.27997 0.02950 0.05867
v 0.28066 0.02950 0.05913
v 0.28104 0.02950 0.05986
v 0.27242 0.02950 0.06938
v 0.27324 0.02950 0.06942
v 0.27341 0.02950 0.06799
v 0.27394 0.02950 0.06987
v 0.27431 0.02950 0.07061
v 0.27118 0.02950 0.07127
v 0.27123 0.02950 0.07044
v 0.27168 0.02950 0.06975
v 0.27427 0.02950 0.07144
v 0.27382 0.02950 0.07213
v 0.27308 0.02950 0.07251
v 0.27225 0.02950 0.07246
v 0.27156 0.02950 0.07201
v 0.24917 0.02950 0.08215
v 0.24963 0.02950 0.08146
v 0.25037 0.02950 0.08108
v 0.25119 0.02950 0.08113
v 0.25189 0.02950 0.08158
v 0.25020 0.02950 0.08417
v 0.24950 0.02950 0.08372
v 0.24913 0.02950 0.08298
v 0.25226 0.02950 0.08232
v 0.25222 0.02950 0.08315
v 0.25176 0.02950 0.08384
v 0.25103 0.02950 0.08421
v 0.22471 0.02950 0.07777
v 0.22476 0.02950 0.07695
v 0.22557 0.02950 0.07298
v 0.22521 0.02950 0.07625
v 0.22595 0.02950 0.07588
v 0.23319 0.02950 0.08147
v 0.22780 0.02950 0.07794
v 0.22735 0.02950 0.07863
v 0.22661 0.02950 0.07901
v 0.22578 0.02950 0.07896
v 0.22509 0.02950 0.07851
v 0.22677 0.02950 0.07592
v 0.22747 0.02950 0.07637
v 0.22784 0.02950 0.07711
v 0.24611 0.02950 0.01209
v 0.23798 0.02950 0.01939
v 0.24174 0.02950 0.01928
v 0.23162 0.02950 0.02284
v 0.23650 0.02950 0.02056
v 0.21333 0.02950 0.03775
v 0.21900 0.02950 0.03969
v 0.21970 0.02950 0.05564
v 0.22198 0.02950 0.06052
v 0.22517 0.02950 0.06487
v 0.22359 0.02950 0.06629
v 0.22779 0.02950 0.07098
v 0.22915 0.02950 0.06851
v 0.23542 0.02950 0.07947
v 0.27044 0.02950 0.05838
v 0.27305 0.02950 0.05846
v 0.27228 0.02950 0.05331
v 0.28118 0.02950 0.05117
v 0.27310 0.02950 0.04799
v 0.27286 0.02950 0.04260
v 0.27483 0.02950 0.04410
v 0.27158 0.02950 0.03736
v 0.27808 0.02950 0.04119
v 0.26930 0.02950 0.03248
v 0.27046 0.02950 0.03270
v 0.26625 0.02950 0.02801
v 0.24712 0.02950 0.01904
v 0.25245 0.02950 0.01986
v 0.25752 0.02950 0.02170
v 0.26213 0.02950 0.02449
v 0.26610 0.02950 0.02813
v 0.22819 0.02950 0.01270
v 0.22902 0.02950 0.01274
v 0.22971 0.02950 0.01319
v 0.23009 0.02950 0.01393
v 0.23004 0.02950 0.01476
v 0.22733 0.02950 0.01533
v 0.22650 0.02950 0.01570
v 0.22803 0.02950 0.01578
v 0.22840 0.02950 0.01783
v 0.22885 0.02950 0.01583
v 0.22959 0.02950 0.01545
v 0.28368 0.02950 0.04747
v 0.28364 0.02950 0.04829
v 0.28442 0.02950 0.04826
v 0.28318 0.02950 0.04899
v 0.28244 0.02950 0.04936
v 0.28162 0.02950 0.04932
v 0.28092 0.02950 0.04887
v 0.28055 0.02950 0.04813
v 0.28059 0.02950 0.04730
v 0.28105 0.02950 0.04661
v 0.28178 0.02950 0.04623
v 0.21061 0.02950 0.03387
v 0.21015 0.02950 0.03421
v 0.21131 0.02950 0.03433
v 0.21213 0.02950 0.03437
v 0.21147 0.02950 0.03124
v 0.21230 0.02950 0.03129
v 0.21916 0.02950 0.02612
v 0.21300 0.02950 0.03174
v 0.21337 0.02950 0.03248
v 0.21333 0.02950 0.03330
v 0.21287 0.02950 0.03400
v 0.26911 0.02950 0.06318
v 0.25987 0.02950 0.07148
v 0.27335 0.02950 0.02286
v 0.27408 0.02950 0.02248
v 0.27285 0.02950 0.02438
v 0.27289 0.02950 0.02355
v 0.27548 0.02950 0.02524
v 0.27474 0.02950 0.02561
v 0.27438 0.02950 0.02918
v 0.27392 0.02950 0.02557
v 0.27322 0.02950 0.02512
v 0.27594 0.02950 0.02454
v 0.27491 0.02950 0.02253
v 0.27561 0.02950 0.02298
v 0.27598 0.02950 0.02372
v 0.22727 0.02950 0.02603
v 0.23158 0.02950 0.02137
v 0.25412 0.02900 0.00690
v 0.26021 0.02900 0.00871
v 0.26595 0.02900 0.01146
v 0.27118 0.02900 0.01507
v 0.20520 0.02900 0.04431
v 0.20604 0.02900 0.03801
v 0.20785 0.02900 0.03192
v 0.21060 0.02900 0.02619
v 0.21421 0.02900 0.02096
v 0.21859 0.02900 0.01636
v 0.22364 0.02900 0.01250
v 0.22923 0.02900 0.00947
v 0.23522 0.02900 0.00736
v 0.24147 0.02900 0.00622
v 0.24783 0.02900 0.00606
v 0.20535 0.02900 0.05067
v 0.20650 0.02900 0.05692
v 0.20861 0.02900 0.06291
v 0.21163 0.02900 0.06850
v 0.26213 0.03250 0.02449
v 0.25752 0.03250 0.02170
v 0.25245 0.03250 0.01986
v 0.24712 0.03250 0.01904
v 0.24174 0.03250 0.01928
v 0.23650 0.03250 0.02056
v 0.23162 0.03250 0.02284
v 0.22727 0.03250 0.02603
v 0.22363 0.03250 0.03001
v 0.22084 0.03250 0.03462
v 0.21900 0.03250 0.03969
v 0.21818 0.03250 0.04502
v 0.21842 0.03250 0.05040
v 0.21970 0.03250 0.05564
v 0.22198 0.03250 0.06052
v 0.22480 0.02650 0.02598
v 0.21280 0.02650 0.03236
v 0.21485 0.02650 0.03622
v 0.23029 0.02650 0.01733
v 0.22242 0.02650 0.02151
v 0.22121 0.02650 0.01687
v 0.22791 0.02650 0.01285
v 0.22628 0.02650 0.01334
v 0.21677 0.02650 0.02118
v 0.21308 0.02650 0.02614
v 0.22575 0.02650 0.07935
v 0.22511 0.02650 0.07802
v 0.22437 0.02650 0.07847
v 0.26760 0.02650 0.07800
v 0.26667 0.02650 0.07266
v 0.26121 0.02650 0.07556
v 0.25738 0.02650 0.06511
v 0.26143 0.02650 0.06281
v 0.26002 0.02650 0.06315
v 0.22489 0.02650 0.05381
v 0.22403 0.02650 0.05063
v 0.22292 0.02650 0.05141
v 0.23680 0.02650 0.02635
v 0.23990 0.02650 0.02526
v 0.24091 0.02650 0.02417
v 0.21837 0.02650 0.06788
v 0.22360 0.02650 0.07794
v 0.22310 0.02650 0.07663
v 0.22479 0.02650 0.07715
v 0.22416 0.02650 0.07729
v 0.22354 0.02650 0.07710
v 0.23143 0.02650 0.07466
v 0.22575 0.02650 0.06396
v 0.22486 0.02650 0.07498
v 0.22295 0.02650 0.07600
v 0.22314 0.02650 0.07538
v 0.21943 0.02650 0.06732
v 0.22361 0.02650 0.07494
v 0.22424 0.02650 0.07479
v 0.22530 0.02650 0.07545
v 0.22545 0.02650 0.07609
v 0.22526 0.02650 0.07670
v 0.21121 0.02650 0.02950
v 0.21166 0.02650 0.03005
v 0.21205 0.02650 0.02953
v 0.21407 0.02650 0.03053
v 0.21394 0.02650 0.03107
v 0.21359 0.02650 0.03150
v 0.21300 0.02650 0.03176
v 0.21235 0.02650 0.03168
v 0.21256 0.02650 0.02930
v 0.21311 0.02650 0.02930
v 0.21361 0.02650 0.02955
v 0.21396 0.02650 0.02999
v 0.21159 0.02650 0.03069
v 0.21024 0.02650 0.03162
v 0.21184 0.02650 0.03129
v 0.28070 0.02650 0.05016
v 0.28088 0.02650 0.04963
v 0.27873 0.02650 0.04954
v 0.28300 0.02650 0.05096
v 0.28261 0.02650 0.05135
v 0.28251 0.02650 0.05162
v 0.28208 0.02650 0.05154
v 0.28042 0.02650 0.05273
v 0.28153 0.02650 0.05148
v 0.28106 0.02650 0.05118
v 0.28076 0.02650 0.05071
v 0.28198 0.02650 0.04905
v 0.28260 0.02650 0.04924
v 0.28404 0.02650 0.04631
v 0.28304 0.02650 0.04971
v 0.28319 0.02650 0.05034
v 0.28357 0.02650 0.05248
v 0.23857 0.02650 0.08089
v 0.23814 0.02650 0.08416
v 0.24428 0.02650 0.08488
v 0.24705 0.02650 0.08244
v 0.24743 0.02650 0.08192
v 0.25057 0.02650 0.07452
v 0.24803 0.02650 0.08167
v 0.24774 0.02650 0.08407
v 0.24722 0.02650 0.08368
v 0.24697 0.02650 0.08308
v 0.24828 0.02650 0.08416
v 0.25045 0.02650 0.08460
v 0.24882 0.02650 0.08400
v 0.24867 0.02650 0.08175
v 0.24913 0.02650 0.08207
v 0.25334 0.02650 0.07974
v 0.24940 0.02650 0.08255
v 0.25539 0.02650 0.08364
v 0.24944 0.02650 0.08311
v 0.24923 0.02650 0.08363
v 0.26884 0.02650 0.04107
v 0.26302 0.02650 0.03011
v 0.26507 0.02650 0.03618
v 0.26331 0.02650 0.03340
v 0.26022 0.02650 0.02484
v 0.25867 0.02650 0.02877
v 0.26116 0.02650 0.03091
v 0.24313 0.02650 0.02464
v 0.24642 0.02650 0.02451
v 0.25570 0.02650 0.01632
v 0.24968 0.02650 0.02488
v 0.25286 0.02650 0.02572
v 0.25588 0.02650 0.02703
v 0.22699 0.02650 0.03483
v 0.22893 0.02650 0.03218
v 0.22759 0.02650 0.03124
v 0.23125 0.02650 0.02985
v 0.22012 0.02650 0.04614
v 0.22365 0.02650 0.04737
v 0.22377 0.02650 0.04408
v 0.21559 0.02650 0.03761
v 0.22438 0.02650 0.04085
v 0.22546 0.02650 0.03774
v 0.22621 0.02650 0.05682
v 0.22874 0.02650 0.06237
v 0.22796 0.02650 0.05960
v 0.24159 0.02650 0.06813
v 0.23841 0.02650 0.06728
v 0.23442 0.02650 0.07307
v 0.23540 0.02650 0.06597
v 0.23261 0.02650 0.06423
v 0.23011 0.02650 0.06209
v 0.24486 0.02650 0.06849
v 0.23611 0.02650 0.07626
v 0.24811 0.02650 0.06989
v 0.25448 0.02650 0.06665
v 0.25137 0.02650 0.06774
v 0.24814 0.02650 0.06836
v 0.26234 0.02650 0.06082
v 0.26750 0.02650 0.04892
v 0.26690 0.02650 0.05215
v 0.27452 0.02650 0.05177
v 0.26582 0.02650 0.05526
v 0.26429 0.02650 0.05817
v 0.27622 0.02650 0.05496
v 0.26639 0.02650 0.03919
v 0.26725 0.02650 0.04237
v 0.26762 0.02650 0.04563
v 0.27465 0.02650 0.02625
v 0.27329 0.02650 0.02466
v 0.27485 0.02650 0.02677
v 0.27911 0.02650 0.03562
v 0.27525 0.02650 0.02715
v 0.27473 0.02650 0.02560
v 0.27210 0.02650 0.01868
v 0.27049 0.02650 0.01939
v 0.26868 0.02650 0.01578
v 0.27955 0.02650 0.02849
v 0.27622 0.02650 0.02328
v 0.27687 0.02650 0.02530
v 0.27512 0.02650 0.02509
v 0.27571 0.02650 0.02484
v 0.27636 0.02650 0.02491
v 0.27712 0.02650 0.02590
v 0.27708 0.02650 0.02645
v 0.28200 0.02650 0.03416
v 0.27679 0.02650 0.02693
v 0.27633 0.02650 0.02724
v 0.27578 0.02650 0.02732
v 0.28351 0.02650 0.04016
v 0.27513 0.02650 0.03773
v 0.28081 0.02650 0.04843
v 0.28135 0.02650 0.04919
v 0.28344 0.02650 0.05328
v 0.28265 0.02650 0.05674
v 0.28238 0.02650 0.05767
v 0.27867 0.02650 0.05959
v 0.28212 0.02650 0.05848
v 0.27973 0.02650 0.06418
v 0.27127 0.02650 0.07152
v 0.27184 0.02650 0.07181
v 0.27237 0.02650 0.07406
v 0.27645 0.02650 0.06942
v 0.27223 0.02650 0.07300
v 0.27220 0.02650 0.07236
v 0.26976 0.02650 0.07285
v 0.26993 0.02650 0.07338
v 0.27032 0.02650 0.07379
v 0.26984 0.02650 0.07230
v 0.27014 0.02650 0.07184
v 0.27062 0.02650 0.07155
v 0.27194 0.02650 0.07358
v 0.27139 0.02650 0.07393
v 0.27084 0.02650 0.07398
v 0.25900 0.02650 0.07990
v 0.25922 0.02650 0.08061
v 0.25974 0.02650 0.08113
v 0.25650 0.02650 0.08333
v 0.26198 0.02650 0.07956
v 0.26195 0.02650 0.08022
v 0.26227 0.02650 0.08111
v 0.26164 0.02650 0.08081
v 0.26110 0.02650 0.08121
v 0.26045 0.02650 0.08134
v 0.25915 0.02650 0.07918
v 0.25963 0.02650 0.07862
v 0.26032 0.02650 0.07835
v 0.26055 0.02650 0.07834
v 0.26120 0.02650 0.07851
v 0.26171 0.02650 0.07894
v 0.23558 0.02650 0.08248
v 0.23220 0.02650 0.08247
v 0.23312 0.02650 0.07785
v 0.22660 0.02650 0.07985
v 0.21038 0.02650 0.06172
v 0.21328 0.02650 0.06718
v 0.21534 0.02650 0.06949
v 0.21702 0.02650 0.07210
v 0.22150 0.02650 0.07636
v 0.20952 0.02650 0.05852
v 0.21255 0.02650 0.05691
v 0.21116 0.02650 0.05619
v 0.21021 0.02650 0.05410
v 0.21075 0.02650 0.05422
v 0.20975 0.02650 0.05164
v 0.20967 0.02650 0.05423
v 0.21119 0.02650 0.05456
v 0.21144 0.02650 0.05505
v 0.21145 0.02650 0.05561
v 0.21061 0.02650 0.05654
v 0.20997 0.02650 0.05657
v 0.20882 0.02650 0.05740
v 0.20939 0.02650 0.05628
v 0.20840 0.02650 0.05587
v 0.20904 0.02650 0.05574
v 0.20774 0.02650 0.05267
v 0.20900 0.02650 0.05509
v 0.20924 0.02650 0.05458
v 0.20735 0.02650 0.04360
v 0.20729 0.02650 0.04458
v 0.20854 0.02650 0.04398
v 0.20738 0.02650 0.04978
v 0.21081 0.02650 0.05108
v 0.20928 0.02650 0.04420
v 0.20931 0.02650 0.04121
v 0.21003 0.02650 0.04137
v 0.21260 0.02650 0.03920
v 0.21058 0.02650 0.04187
v 0.21712 0.02650 0.04773
v 0.21083 0.02650 0.04256
v 0.20801 0.02650 0.04341
v 0.20784 0.02650 0.04265
v 0.20752 0.02650 0.04183
v 0.20806 0.02650 0.04191
v 0.20860 0.02650 0.04140
v 0.21072 0.02650 0.04329
v 0.21061 0.02650 0.04350
v 0.21004 0.02650 0.04403
v 0.20981 0.02650 0.03395
v 0.20831 0.02650 0.03749
v 0.21186 0.02650 0.03781
v 0.22967 0.02650 0.01375
v 0.22952 0.02650 0.01312
v 0.22971 0.02650 0.01250
v 0.23011 0.02650 0.01422
v 0.23019 0.02650 0.01206
v 0.23185 0.02650 0.01066
v 0.23172 0.02650 0.01398
v 0.23128 0.02650 0.01431
v 0.23073 0.02650 0.01441
v 0.24391 0.02650 0.00814
v 0.23777 0.02650 0.00891
v 0.23575 0.02650 0.01443
v 0.23200 0.02650 0.01293
v 0.23198 0.02650 0.01349
v 0.23082 0.02650 0.01191
v 0.23136 0.02650 0.01206
v 0.23178 0.02650 0.01242
v 0.25607 0.02650 0.01260
v 0.25542 0.02650 0.01263
v 0.25496 0.02650 0.01493
v 0.25484 0.02650 0.01234
v 0.25690 0.02650 0.01167
v 0.25661 0.02650 0.01225
v 0.25916 0.02650 0.01269
v 0.25687 0.02650 0.01102
v 0.25652 0.02650 0.01048
v 0.25788 0.02650 0.01010
v 0.25603 0.02650 0.01021
v 0.25614 0.02650 0.00957
v 0.25548 0.02650 0.01018
v 0.25583 0.02650 0.00948
v 0.25496 0.02650 0.01039
v 0.25290 0.02650 0.01106
v 0.25452 0.02650 0.01188
v 0.25443 0.02650 0.01133
v 0.25459 0.02650 0.01080
v 0.26125 0.02650 0.01159
v 0.26119 0.02650 0.01139
v 0.26730 0.02650 0.01479
v 0.26193 0.02650 0.01173
v 0.26637 0.02650 0.01563
v 0.26718 0.02650 0.01846
v 0.26645 0.02650 0.01833
v 0.26651 0.02650 0.02150
v 0.26138 0.02650 0.01148
v 0.26198 0.02650 0.01298
v 0.26580 0.02650 0.01616
v 0.26839 0.02650 0.01769
v 0.26788 0.02650 0.01822
v 0.26588 0.02650 0.01786
v 0.26575 0.02650 0.01766
v 0.26558 0.02650 0.01691
v 0.26713 0.02650 0.01546
v 0.26787 0.02650 0.01569
v 0.26840 0.02650 0.01626
v 0.26858 0.02650 0.01697
v 0.23267 0.02650 0.02181
v 0.22685 0.02650 0.02985
v 0.23390 0.02650 0.02790
v 0.23546 0.02650 0.02707
v 0.24017 0.02650 0.02278
v 0.25008 0.02650 0.00836
v 0.23812 0.02650 0.01891
v 0.23472 0.02650 0.02567
v 0.21361 0.02650 0.05635
v 0.21992 0.02650 0.05300
v 0.26931 0.02650 0.02677
v 0.25990 0.02650 0.01408
v 0.26443 0.02650 0.02261
v 0.26723 0.02650 0.02787
v 0.27305 0.02650 0.03884
v 0.26389 0.02650 0.06744
v 0.25844 0.02650 0.07034
v 0.20950 0.02450 0.03353
v 0.20981 0.02450 0.03395
v 0.20929 0.02450 0.03412
v 0.26730 0.02450 0.01479
v 0.26616 0.02450 0.01498
v 0.26558 0.02450 0.01368
v 0.28399 0.02450 0.04836
v 0.28324 0.02450 0.04714
v 0.28404 0.02450 0.04631
v 0.26227 0.02450 0.08111
v 0.26364 0.02450 0.08014
v 0.26760 0.02450 0.07800
v 0.26066 0.02450 0.08184
v 0.21060 0.02450 0.04535
v 0.20925 0.02450 0.04521
v 0.21170 0.02450 0.04442
v 0.21232 0.02450 0.05740
v 0.21255 0.02450 0.05691
v 0.21264 0.02450 0.05726
v 0.22730 0.02450 0.07550
v 0.22729 0.02450 0.07590
v 0.22712 0.02450 0.07627
v 0.27799 0.02450 0.03603
v 0.27868 0.02450 0.03496
v 0.27894 0.02450 0.03572
v 0.26332 0.02450 0.07921
v 0.26194 0.02450 0.08027
v 0.26790 0.02450 0.01994
v 0.26753 0.02450 0.02007
v 0.26713 0.02450 0.02005
v 0.26868 0.02450 0.01578
v 0.26787 0.02450 0.01569
v 0.26713 0.02450 0.01546
v 0.26674 0.02450 0.01550
v 0.26495 0.02450 0.01563
v 0.26608 0.02450 0.01584
v 0.26567 0.02450 0.01645
v 0.26415 0.02450 0.01673
v 0.26559 0.02450 0.01718
v 0.26399 0.02450 0.01710
v 0.26398 0.02450 0.01750
v 0.26820 0.02450 0.01967
v 0.26718 0.02450 0.01846
v 0.26900 0.02450 0.01856
v 0.26788 0.02450 0.01822
v 0.26931 0.02450 0.01829
v 0.26839 0.02450 0.01769
v 0.26970 0.02450 0.01816
v 0.26858 0.02450 0.01697
v 0.26840 0.02450 0.01626
v 0.26645 0.02450 0.01833
v 0.26677 0.02450 0.01986
v 0.26588 0.02450 0.01786
v 0.26441 0.02450 0.01815
v 0.26413 0.02450 0.01787
v 0.26045 0.02450 0.08134
v 0.26110 0.02450 0.08121
v 0.26164 0.02450 0.08081
v 0.25963 0.02450 0.07862
v 0.25759 0.02450 0.07946
v 0.26193 0.02450 0.07709
v 0.26303 0.02450 0.07906
v 0.26197 0.02450 0.07953
v 0.26296 0.02450 0.07900
v 0.26272 0.02450 0.07867
v 0.26165 0.02450 0.07887
v 0.26216 0.02450 0.07742
v 0.26105 0.02450 0.07844
v 0.26032 0.02450 0.07835
v 0.25915 0.02450 0.07918
v 0.25900 0.02450 0.07990
v 0.25815 0.02450 0.08070
v 0.25922 0.02450 0.08061
v 0.25824 0.02450 0.08111
v 0.25815 0.02450 0.08151
v 0.25974 0.02450 0.08113
v 0.25791 0.02450 0.08185
v 0.20831 0.02450 0.03749
v 0.21184 0.02450 0.03129
v 0.21159 0.02450 0.03069
v 0.21024 0.02450 0.03162
v 0.21166 0.02450 0.03005
v 0.21308 0.02450 0.02614
v 0.21205 0.02450 0.02953
v 0.21638 0.02450 0.02304
v 0.21365 0.02450 0.02692
v 0.21352 0.02450 0.02731
v 0.21148 0.02450 0.03274
v 0.21188 0.02450 0.03284
v 0.21235 0.02450 0.03168
v 0.21311 0.02450 0.03344
v 0.21300 0.02450 0.03176
v 0.21359 0.02450 0.03150
v 0.21311 0.02450 0.02930
v 0.21374 0.02450 0.02809
v 0.21361 0.02450 0.02955
v 0.21407 0.02450 0.02834
v 0.21396 0.02450 0.02999
v 0.21530 0.02450 0.02894
v 0.21561 0.02450 0.02919
v 0.21256 0.02450 0.02930
v 0.21355 0.02450 0.02773
v 0.21540 0.02450 0.03095
v 0.21394 0.02450 0.03107
v 0.21574 0.02450 0.03032
v 0.21407 0.02450 0.03053
v 0.21585 0.02450 0.02993
v 0.21581 0.02450 0.02953
v 0.21107 0.02450 0.03281
v 0.21073 0.02450 0.03304
v 0.21051 0.02450 0.03339
v 0.21446 0.02450 0.03294
v 0.21423 0.02450 0.03326
v 0.21389 0.02450 0.03348
v 0.21349 0.02450 0.03354
v 0.21372 0.02450 0.02516
v 0.21677 0.02450 0.02118
v 0.21957 0.02450 0.01954
v 0.22121 0.02450 0.01687
v 0.22832 0.02450 0.01400
v 0.22774 0.02450 0.01253
v 0.22856 0.02450 0.01434
v 0.22961 0.02450 0.01608
v 0.22911 0.02450 0.01558
v 0.22935 0.02450 0.01591
v 0.22796 0.02450 0.01379
v 0.22755 0.02450 0.01375
v 0.22628 0.02450 0.01334
v 0.22715 0.02450 0.01387
v 0.22318 0.02450 0.01647
v 0.23011 0.02450 0.01422
v 0.22967 0.02450 0.01375
v 0.22952 0.02450 0.01312
v 0.22971 0.02450 0.01250
v 0.23019 0.02450 0.01206
v 0.23185 0.02450 0.01066
v 0.23082 0.02450 0.01191
v 0.23377 0.02450 0.01394
v 0.23369 0.02450 0.01433
v 0.23198 0.02450 0.01349
v 0.23347 0.02450 0.01466
v 0.23172 0.02450 0.01398
v 0.23314 0.02450 0.01488
v 0.23128 0.02450 0.01431
v 0.23047 0.02450 0.01607
v 0.23073 0.02450 0.01441
v 0.23009 0.02450 0.01617
v 0.22969 0.02450 0.01612
v 0.23136 0.02450 0.01206
v 0.23336 0.02450 0.01115
v 0.23178 0.02450 0.01242
v 0.23312 0.02450 0.01149
v 0.23304 0.02450 0.01190
v 0.23200 0.02450 0.01293
v 0.23313 0.02450 0.01230
v 0.23368 0.02450 0.01355
v 0.25312 0.02450 0.01008
v 0.25283 0.02450 0.00978
v 0.25583 0.02450 0.00948
v 0.25245 0.02450 0.00962
v 0.25008 0.02450 0.00836
v 0.24774 0.02450 0.00906
v 0.24391 0.02450 0.00814
v 0.24300 0.02450 0.00909
v 0.23777 0.02450 0.00891
v 0.23830 0.02450 0.00972
v 0.23372 0.02450 0.01094
v 0.25788 0.02450 0.01010
v 0.25855 0.02450 0.01164
v 0.25823 0.02450 0.01189
v 0.25496 0.02450 0.01039
v 0.25323 0.02450 0.01088
v 0.25326 0.02450 0.01047
v 0.25322 0.02450 0.01327
v 0.25452 0.02450 0.01188
v 0.25358 0.02450 0.01344
v 0.25484 0.02450 0.01234
v 0.25638 0.02450 0.01424
v 0.25542 0.02450 0.01263
v 0.25607 0.02450 0.01260
v 0.25766 0.02450 0.01355
v 0.25661 0.02450 0.01225
v 0.25804 0.02450 0.01226
v 0.25690 0.02450 0.01167
v 0.25687 0.02450 0.01102
v 0.25652 0.02450 0.01048
v 0.25614 0.02450 0.00957
v 0.25603 0.02450 0.01021
v 0.25548 0.02450 0.01018
v 0.25459 0.02450 0.01080
v 0.25443 0.02450 0.01133
v 0.25285 0.02450 0.01219
v 0.25282 0.02450 0.01259
v 0.25295 0.02450 0.01297
v 0.25766 0.02450 0.01357
v 0.25748 0.02450 0.01393
v 0.25717 0.02450 0.01418
v 0.25678 0.02450 0.01429
v 0.26465 0.02450 0.01418
v 0.26193 0.02450 0.01173
v 0.25936 0.02450 0.01160
v 0.25896 0.02450 0.01153
v 0.26512 0.02450 0.01525
v 0.26512 0.02450 0.01484
v 0.26496 0.02450 0.01446
v 0.27435 0.02450 0.02410
v 0.27464 0.02450 0.02380
v 0.27570 0.02450 0.02338
v 0.27478 0.02450 0.02341
v 0.27475 0.02450 0.02300
v 0.27489 0.02450 0.02162
v 0.27456 0.02450 0.02263
v 0.27210 0.02450 0.01868
v 0.27047 0.02450 0.01840
v 0.27011 0.02450 0.01820
v 0.27687 0.02450 0.02530
v 0.27636 0.02450 0.02491
v 0.27571 0.02450 0.02484
v 0.27512 0.02450 0.02509
v 0.27322 0.02450 0.02486
v 0.27473 0.02450 0.02560
v 0.27465 0.02450 0.02625
v 0.27485 0.02450 0.02677
v 0.27525 0.02450 0.02715
v 0.27578 0.02450 0.02732
v 0.27633 0.02450 0.02724
v 0.28080 0.02450 0.03422
v 0.27679 0.02450 0.02693
v 0.28100 0.02450 0.03419
v 0.27587 0.02450 0.03095
v 0.27279 0.02450 0.02552
v 0.27294 0.02450 0.02515
v 0.27280 0.02450 0.02592
v 0.27297 0.02450 0.02628
v 0.28263 0.02450 0.04073
v 0.28277 0.02450 0.04059
v 0.28351 0.02450 0.04016
v 0.28286 0.02450 0.04022
v 0.28144 0.02450 0.03453
v 0.28152 0.02450 0.03434
v 0.28134 0.02450 0.03436
v 0.28119 0.02450 0.03424
v 0.28022 0.02450 0.04114
v 0.28245 0.02450 0.04080
v 0.28260 0.02450 0.04924
v 0.28198 0.02450 0.04905
v 0.28009 0.02450 0.04034
v 0.27911 0.02450 0.04052
v 0.27963 0.02450 0.04599
v 0.28304 0.02450 0.04971
v 0.28319 0.02450 0.05034
v 0.28357 0.02450 0.05248
v 0.28300 0.02450 0.05096
v 0.28135 0.02450 0.04919
v 0.28088 0.02450 0.04963
v 0.27927 0.02450 0.05148
v 0.28070 0.02450 0.05016
v 0.28076 0.02450 0.05071
v 0.28115 0.02450 0.05854
v 0.28239 0.02450 0.05396
v 0.28239 0.02450 0.05354
v 0.28016 0.02450 0.05262
v 0.28106 0.02450 0.05118
v 0.28151 0.02450 0.05277
v 0.28153 0.02450 0.05148
v 0.28191 0.02450 0.05289
v 0.28208 0.02450 0.05154
v 0.28261 0.02450 0.05135
v 0.28221 0.02450 0.05317
v 0.27947 0.02450 0.05224
v 0.27929 0.02450 0.05188
v 0.27977 0.02450 0.05250
v 0.28265 0.02450 0.05674
v 0.28212 0.02450 0.05848
v 0.27935 0.02450 0.06292
v 0.27973 0.02450 0.06418
v 0.27701 0.02450 0.06704
v 0.27645 0.02450 0.06942
v 0.27237 0.02450 0.07406
v 0.27194 0.02450 0.07358
v 0.27223 0.02450 0.07300
v 0.27220 0.02450 0.07236
v 0.27139 0.02450 0.07393
v 0.26900 0.02450 0.07584
v 0.27084 0.02450 0.07398
v 0.26926 0.02450 0.07552
v 0.27032 0.02450 0.07379
v 0.27269 0.02450 0.07088
v 0.27303 0.02450 0.07112
v 0.27184 0.02450 0.07181
v 0.27344 0.02450 0.07119
v 0.27384 0.02450 0.07109
v 0.27417 0.02450 0.07084
v 0.27174 0.02450 0.06990
v 0.27127 0.02450 0.07152
v 0.27141 0.02450 0.06968
v 0.27062 0.02450 0.07155
v 0.27102 0.02450 0.06960
v 0.26937 0.02450 0.07512
v 0.26931 0.02450 0.07471
v 0.26993 0.02450 0.07338
v 0.26909 0.02450 0.07436
v 0.26976 0.02450 0.07285
v 0.26814 0.02450 0.07338
v 0.26793 0.02450 0.07304
v 0.26786 0.02450 0.07265
v 0.26796 0.02450 0.07226
v 0.26984 0.02450 0.07230
v 0.26820 0.02450 0.07194
v 0.27014 0.02450 0.07184
v 0.27030 0.02450 0.06991
v 0.27062 0.02450 0.06968
v 0.26373 0.02450 0.07925
v 0.26412 0.02450 0.07913
v 0.25751 0.02450 0.07906
v 0.25758 0.02450 0.07867
v 0.26119 0.02450 0.07683
v 0.26159 0.02450 0.07688
v 0.26080 0.02450 0.07693
v 0.25814 0.02450 0.07812
v 0.25780 0.02450 0.07834
v 0.25755 0.02450 0.08206
v 0.25519 0.02450 0.08322
v 0.25495 0.02450 0.08283
v 0.25185 0.02450 0.08348
v 0.25106 0.02450 0.08328
v 0.25144 0.02450 0.08347
v 0.25045 0.02450 0.08460
v 0.25400 0.02450 0.08398
v 0.25650 0.02450 0.08333
v 0.24743 0.02450 0.08192
v 0.24618 0.02450 0.08058
v 0.24803 0.02450 0.08167
v 0.24657 0.02450 0.08049
v 0.24867 0.02450 0.08175
v 0.24586 0.02450 0.08082
v 0.24565 0.02450 0.08116
v 0.24560 0.02450 0.08156
v 0.24705 0.02450 0.08244
v 0.24570 0.02450 0.08292
v 0.24697 0.02450 0.08308
v 0.24564 0.02450 0.08333
v 0.24542 0.02450 0.08368
v 0.24722 0.02450 0.08368
v 0.24508 0.02450 0.08391
v 0.24828 0.02450 0.08416
v 0.24428 0.02450 0.08488
v 0.24774 0.02450 0.08407
v 0.24882 0.02450 0.08400
v 0.24923 0.02450 0.08363
v 0.24944 0.02450 0.08311
v 0.25023 0.02450 0.08051
v 0.24913 0.02450 0.08207
v 0.24988 0.02450 0.08032
v 0.24948 0.02450 0.08028
v 0.25048 0.02450 0.08082
v 0.25059 0.02450 0.08121
v 0.24940 0.02450 0.08255
v 0.25069 0.02450 0.08257
v 0.25080 0.02450 0.08296
v 0.23220 0.02450 0.08247
v 0.23532 0.02450 0.08255
v 0.23814 0.02450 0.08416
v 0.23995 0.02450 0.08357
v 0.24468 0.02450 0.08399
v 0.22615 0.02450 0.07775
v 0.22615 0.02450 0.07817
v 0.22437 0.02450 0.07847
v 0.22632 0.02450 0.07854
v 0.22660 0.02450 0.07985
v 0.22662 0.02450 0.07882
v 0.23085 0.02450 0.08096
v 0.22337 0.02450 0.07306
v 0.22375 0.02450 0.07293
v 0.22415 0.02450 0.07296
v 0.22295 0.02450 0.07600
v 0.22197 0.02450 0.07471
v 0.22314 0.02450 0.07538
v 0.22228 0.02450 0.07444
v 0.22361 0.02450 0.07494
v 0.22308 0.02450 0.07333
v 0.22424 0.02450 0.07479
v 0.22486 0.02450 0.07498
v 0.22451 0.02450 0.07314
v 0.22530 0.02450 0.07545
v 0.22687 0.02450 0.07485
v 0.22545 0.02450 0.07609
v 0.22715 0.02450 0.07513
v 0.22526 0.02450 0.07670
v 0.22632 0.02450 0.07737
v 0.22479 0.02450 0.07715
v 0.22416 0.02450 0.07729
v 0.22354 0.02450 0.07710
v 0.22360 0.02450 0.07794
v 0.22310 0.02450 0.07663
v 0.22158 0.02450 0.07484
v 0.22150 0.02450 0.07636
v 0.22116 0.02450 0.07480
v 0.21036 0.02450 0.05823
v 0.21024 0.02450 0.05863
v 0.20921 0.02450 0.05866
v 0.21030 0.02450 0.05904
v 0.21038 0.02450 0.06172
v 0.21216 0.02450 0.06340
v 0.21172 0.02450 0.06451
v 0.21328 0.02450 0.06718
v 0.21456 0.02450 0.06749
v 0.21702 0.02450 0.07210
v 0.21746 0.02450 0.07124
v 0.22080 0.02450 0.07460
v 0.20774 0.02450 0.05267
v 0.20900 0.02450 0.05509
v 0.20840 0.02450 0.05587
v 0.20904 0.02450 0.05574
v 0.20939 0.02450 0.05628
v 0.20997 0.02450 0.05657
v 0.21062 0.02450 0.05792
v 0.21100 0.02450 0.05773
v 0.21061 0.02450 0.05654
v 0.21116 0.02450 0.05619
v 0.21145 0.02450 0.05561
v 0.21144 0.02450 0.05505
v 0.21119 0.02450 0.05456
v 0.21075 0.02450 0.05422
v 0.21034 0.02450 0.05275
v 0.21021 0.02450 0.05410
v 0.20967 0.02450 0.05423
v 0.20899 0.02450 0.05274
v 0.20941 0.02450 0.05290
v 0.20978 0.02450 0.05288
v 0.21294 0.02450 0.05693
v 0.21307 0.02450 0.05651
v 0.21304 0.02450 0.05615
v 0.21233 0.02450 0.05332
v 0.21111 0.02450 0.05255
v 0.21151 0.02450 0.05254
v 0.21188 0.02450 0.05268
v 0.21217 0.02450 0.05295
v 0.20924 0.02450 0.05458
v 0.20868 0.02450 0.05241
v 0.20855 0.02450 0.05206
v 0.20738 0.02450 0.04978
v 0.20814 0.02450 0.04620
v 0.20724 0.02450 0.04621
v 0.20823 0.02450 0.04579
v 0.20847 0.02450 0.04546
v 0.21058 0.02450 0.04187
v 0.21198 0.02450 0.04112
v 0.21083 0.02450 0.04256
v 0.21200 0.02450 0.04152
v 0.21072 0.02450 0.04329
v 0.21027 0.02450 0.04388
v 0.20960 0.02450 0.04418
v 0.21181 0.02450 0.04076
v 0.21150 0.02450 0.04050
v 0.21112 0.02450 0.04038
v 0.21003 0.02450 0.04137
v 0.20976 0.02450 0.04024
v 0.20931 0.02450 0.04121
v 0.20937 0.02450 0.04011
v 0.21043 0.02450 0.03360
v 0.21008 0.02450 0.03458
v 0.20889 0.02450 0.03904
v 0.20780 0.02450 0.03995
v 0.20889 0.02450 0.03946
v 0.20906 0.02450 0.03983
v 0.20924 0.02450 0.04521
v 0.20886 0.02450 0.04413
v 0.20860 0.02450 0.04140
v 0.20883 0.02450 0.04525
v 0.20824 0.02450 0.04373
v 0.20801 0.02450 0.04341
v 0.20735 0.02450 0.04360
v 0.20784 0.02450 0.04265
v 0.20806 0.02450 0.04191
v 0.21160 0.02450 0.04480
v 0.21135 0.02450 0.04512
v 0.21100 0.02450 0.04531
v 0.28286 0.02450 0.04041
v 0.28263 0.02450 0.03620
v 0.28200 0.02450 0.03416
v 0.27955 0.02450 0.02849
v 0.27708 0.02450 0.02645
v 0.27712 0.02450 0.02590
v 0.27622 0.02450 0.02328
v 0.22665 0.02700 0.05658
v 0.22836 0.02700 0.05930
v 0.22665 0.03000 0.05658
v 0.22916 0.03000 0.06031
v 0.23239 0.02700 0.06344
v 0.23239 0.03000 0.06344
v 0.23047 0.02700 0.06173
v 0.22916 0.02700 0.06031
v 0.23291 0.02700 0.06382
v 0.23563 0.02700 0.06553
v 0.23620 0.03000 0.06582
v 0.23620 0.02700 0.06582
v 0.24043 0.03000 0.06736
v 0.23858 0.02700 0.06681
v 0.24043 0.02700 0.06736
v 0.24168 0.02700 0.06763
v 0.24488 0.03000 0.06799
v 0.24488 0.02700 0.06799
v 0.24809 0.02700 0.06786
v 0.24936 0.03000 0.06768
v 0.25368 0.02700 0.06644
v 0.25368 0.03000 0.06644
v 0.25124 0.02700 0.06726
v 0.24936 0.02700 0.06768
v 0.25427 0.02700 0.06619
v 0.25711 0.02700 0.06468
v 0.25765 0.03000 0.06433
v 0.25765 0.02700 0.06433
v 0.26110 0.03000 0.06144
v 0.25969 0.02700 0.06277
v 0.26110 0.02700 0.06144
v 0.26196 0.02700 0.06049
v 0.26387 0.03000 0.05790
v 0.26387 0.02700 0.05790
v 0.26536 0.02700 0.05506
v 0.26584 0.03000 0.05386
v 0.26693 0.02700 0.04950
v 0.26693 0.03000 0.04950
v 0.26642 0.02700 0.05202
v 0.26584 0.02700 0.05386
v 0.26701 0.02700 0.04887
v 0.26712 0.02700 0.04565
v 0.26709 0.03000 0.04501
v 0.26709 0.02700 0.04501
v 0.26631 0.03000 0.04058
v 0.26676 0.02700 0.04246
v 0.26463 0.02700 0.03642
v 0.26463 0.03000 0.03642
v 0.26592 0.02700 0.03936
v 0.26631 0.02700 0.04058
v 0.26291 0.02700 0.03370
v 0.26211 0.03000 0.03269
v 0.25888 0.02700 0.02956
v 0.25888 0.03000 0.02956
v 0.26081 0.02700 0.03127
v 0.26211 0.02700 0.03269
v 0.25837 0.02700 0.02918
v 0.25565 0.02700 0.02747
v 0.25507 0.03000 0.02718
v 0.25507 0.02700 0.02718
v 0.25085 0.03000 0.02564
v 0.25270 0.02700 0.02619
v 0.25085 0.02700 0.02564
v 0.24959 0.02700 0.02537
v 0.24640 0.03000 0.02501
v 0.24640 0.02700 0.02501
v 0.24319 0.02700 0.02514
v 0.24192 0.03000 0.02533
v 0.23759 0.02700 0.02656
v 0.23759 0.03000 0.02656
v 0.24003 0.02700 0.02574
v 0.24192 0.02700 0.02533
v 0.23700 0.02700 0.02681
v 0.23416 0.02700 0.02832
v 0.23362 0.03000 0.02867
v 0.23362 0.02700 0.02867
v 0.23018 0.03000 0.03156
v 0.23158 0.02700 0.03023
v 0.23018 0.02700 0.03156
v 0.22931 0.02700 0.03251
v 0.22741 0.03000 0.03510
v 0.22741 0.02700 0.03510
v 0.22591 0.02700 0.03794
v 0.22544 0.03000 0.03914
v 0.22435 0.02700 0.04350
v 0.22435 0.03000 0.04350
v 0.22486 0.02700 0.04098
v 0.22544 0.02700 0.03914
v 0.22427 0.02700 0.04414
v 0.22415 0.02700 0.04735
v 0.22419 0.03000 0.04799
v 0.22419 0.02700 0.04799
v 0.22497 0.03000 0.05242
v 0.22452 0.02700 0.05054
v 0.22536 0.02700 0.05364
v 0.22497 0.02700 0.05242
v 0.22396 0.02654 0.04410
v 0.22385 0.02654 0.04736
v 0.22401 0.02665 0.04735
v 0.22638 0.02654 0.05673
v 0.22507 0.02654 0.05374
v 0.26316 0.02654 0.03352
v 0.22448 0.02681 0.05055
v 0.22438 0.02665 0.05057
v 0.22422 0.02654 0.05060
v 0.25839 0.02681 0.02915
v 0.26084 0.02681 0.03124
v 0.26091 0.02665 0.03116
v 0.25566 0.02681 0.02744
v 0.25846 0.02665 0.02906
v 0.26103 0.02654 0.03105
v 0.25855 0.02654 0.02893
v 0.25579 0.02654 0.02720
v 0.25571 0.02665 0.02734
v 0.25275 0.02665 0.02605
v 0.25271 0.02681 0.02616
v 0.24960 0.02681 0.02533
v 0.25280 0.02654 0.02590
v 0.24965 0.02654 0.02506
v 0.24962 0.02665 0.02522
v 0.24640 0.02665 0.02487
v 0.24640 0.02681 0.02498
v 0.24318 0.02681 0.02510
v 0.24641 0.02654 0.02471
v 0.24315 0.02654 0.02483
v 0.24317 0.02665 0.02500
v 0.23999 0.02665 0.02560
v 0.24002 0.02681 0.02571
v 0.23699 0.02681 0.02678
v 0.23995 0.02654 0.02545
v 0.23694 0.02665 0.02668
v 0.23414 0.02681 0.02829
v 0.23688 0.02654 0.02653
v 0.23400 0.02654 0.02806
v 0.23408 0.02665 0.02819
v 0.23149 0.02665 0.03012
v 0.23156 0.02681 0.03020
v 0.22928 0.02681 0.03248
v 0.23138 0.02654 0.03000
v 0.22908 0.02654 0.03231
v 0.22920 0.02665 0.03241
v 0.22729 0.02665 0.03502
v 0.22738 0.02681 0.03508
v 0.22588 0.02681 0.03793
v 0.22715 0.02654 0.03493
v 0.22563 0.02654 0.03782
v 0.22578 0.02665 0.03788
v 0.22472 0.02665 0.04094
v 0.22482 0.02681 0.04097
v 0.22423 0.02681 0.04413
v 0.22456 0.02654 0.04090
v 0.22412 0.02665 0.04412
v 0.22412 0.02681 0.04735
v 0.26490 0.02654 0.03627
v 0.26303 0.02665 0.03361
v 0.26476 0.02665 0.03635
v 0.26294 0.02681 0.03368
v 0.26466 0.02681 0.03640
v 0.22532 0.02681 0.05365
v 0.22522 0.02665 0.05369
v 0.22652 0.02665 0.05665
v 0.22662 0.02681 0.05660
v 0.26731 0.02654 0.04890
v 0.26743 0.02654 0.04564
v 0.26727 0.02665 0.04565
v 0.26621 0.02654 0.03926
v 0.22812 0.02654 0.05949
v 0.26679 0.02681 0.04245
v 0.26690 0.02665 0.04243
v 0.26706 0.02654 0.04240
v 0.23288 0.02681 0.06385
v 0.23044 0.02681 0.06176
v 0.23036 0.02665 0.06184
v 0.23561 0.02681 0.06556
v 0.23282 0.02665 0.06394
v 0.23025 0.02654 0.06195
v 0.23272 0.02654 0.06407
v 0.23549 0.02654 0.06580
v 0.23556 0.02665 0.06566
v 0.23853 0.02665 0.06695
v 0.23856 0.02681 0.06684
v 0.24168 0.02681 0.06767
v 0.23848 0.02654 0.06710
v 0.24163 0.02654 0.06794
v 0.24166 0.02665 0.06778
v 0.24487 0.02665 0.06813
v 0.24488 0.02681 0.06803
v 0.24809 0.02681 0.06790
v 0.24487 0.02654 0.06829
v 0.24812 0.02654 0.06817
v 0.24810 0.02665 0.06801
v 0.25128 0.02665 0.06740
v 0.25125 0.02681 0.06729
v 0.25429 0.02681 0.06622
v 0.25132 0.02654 0.06755
v 0.25433 0.02665 0.06632
v 0.25713 0.02681 0.06471
v 0.25440 0.02654 0.06647
v 0.25728 0.02654 0.06494
v 0.25719 0.02665 0.06481
v 0.25979 0.02665 0.06288
v 0.25972 0.02681 0.06280
v 0.26199 0.02681 0.06052
v 0.25990 0.02654 0.06300
v 0.26220 0.02654 0.06069
v 0.26207 0.02665 0.06059
v 0.26399 0.02665 0.05798
v 0.26390 0.02681 0.05792
v 0.26540 0.02681 0.05507
v 0.26413 0.02654 0.05807
v 0.26564 0.02654 0.05518
v 0.26549 0.02665 0.05512
v 0.26656 0.02665 0.05206
v 0.26645 0.02681 0.05203
v 0.26704 0.02681 0.04887
v 0.26671 0.02654 0.05210
v 0.26715 0.02665 0.04888
v 0.26716 0.02681 0.04565
v 0.22825 0.02665 0.05939
v 0.22833 0.02681 0.05932
v 0.26595 0.02681 0.03935
v 0.26606 0.02665 0.03931
v 0.26674 0.02500 0.01550
v 0.26637 0.02500 0.01563
v 0.26608 0.02500 0.01584
v 0.26580 0.02500 0.01616
v 0.26567 0.02500 0.01645
v 0.26558 0.02500 0.01691
v 0.26559 0.02500 0.01718
v 0.26575 0.02500 0.01766
v 0.26194 0.02500 0.08027
v 0.26197 0.02500 0.07953
v 0.26165 0.02500 0.07887
v 0.26120 0.02500 0.07851
v 0.26105 0.02500 0.07844
v 0.26055 0.02500 0.07834
v 0.20824 0.02500 0.04373
v 0.20854 0.02500 0.04398
v 0.20886 0.02500 0.04413
v 0.20928 0.02500 0.04420
v 0.20960 0.02500 0.04418
v 0.21004 0.02500 0.04403
v 0.21027 0.02500 0.04388
v 0.21061 0.02500 0.04350
v 0.21051 0.02500 0.03339
v 0.20889 0.02500 0.03904
v 0.20889 0.02500 0.03946
v 0.20906 0.02500 0.03983
v 0.20937 0.02500 0.04011
v 0.20976 0.02500 0.04024
v 0.21112 0.02500 0.04038
v 0.21150 0.02500 0.04050
v 0.21181 0.02500 0.04076
v 0.21198 0.02500 0.04112
v 0.21200 0.02500 0.04152
v 0.21170 0.02500 0.04442
v 0.21160 0.02500 0.04480
v 0.21135 0.02500 0.04512
v 0.21100 0.02500 0.04531
v 0.21060 0.02500 0.04535
v 0.20924 0.02500 0.04521
v 0.20814 0.02500 0.04620
v 0.20823 0.02500 0.04579
v 0.20847 0.02500 0.04546
v 0.20883 0.02500 0.04525
v 0.20855 0.02500 0.05206
v 0.20868 0.02500 0.05241
v 0.20899 0.02500 0.05274
v 0.20941 0.02500 0.05290
v 0.20978 0.02500 0.05288
v 0.21111 0.02500 0.05255
v 0.21151 0.02500 0.05254
v 0.21188 0.02500 0.05268
v 0.21217 0.02500 0.05295
v 0.21233 0.02500 0.05332
v 0.21304 0.02500 0.05615
v 0.21264 0.02500 0.05726
v 0.21232 0.02500 0.05740
v 0.21294 0.02500 0.05693
v 0.21307 0.02500 0.05651
v 0.21100 0.02500 0.05773
v 0.21062 0.02500 0.05792
v 0.21036 0.02500 0.05823
v 0.21024 0.02500 0.05863
v 0.21030 0.02500 0.05904
v 0.22080 0.02500 0.07460
v 0.21746 0.02500 0.07124
v 0.21456 0.02500 0.06749
v 0.21216 0.02500 0.06340
v 0.22116 0.02500 0.07480
v 0.22158 0.02500 0.07484
v 0.22197 0.02500 0.07471
v 0.22228 0.02500 0.07444
v 0.22308 0.02500 0.07333
v 0.22337 0.02500 0.07306
v 0.22375 0.02500 0.07293
v 0.22415 0.02500 0.07296
v 0.22451 0.02500 0.07314
v 0.22687 0.02500 0.07485
v 0.22715 0.02500 0.07513
v 0.22730 0.02500 0.07550
v 0.22729 0.02500 0.07590
v 0.22712 0.02500 0.07627
v 0.22632 0.02500 0.07737
v 0.22615 0.02500 0.07775
v 0.22615 0.02500 0.07817
v 0.22632 0.02500 0.07854
v 0.22662 0.02500 0.07882
v 0.24468 0.02500 0.08399
v 0.23995 0.02500 0.08357
v 0.23532 0.02500 0.08255
v 0.23085 0.02500 0.08096
v 0.24508 0.02500 0.08391
v 0.24542 0.02500 0.08368
v 0.24564 0.02500 0.08333
v 0.24570 0.02500 0.08292
v 0.24560 0.02500 0.08156
v 0.24565 0.02500 0.08116
v 0.24586 0.02500 0.08082
v 0.24618 0.02500 0.08058
v 0.24657 0.02500 0.08049
v 0.24948 0.02500 0.08028
v 0.25059 0.02500 0.08121
v 0.25048 0.02500 0.08082
v 0.25023 0.02500 0.08051
v 0.24988 0.02500 0.08032
v 0.25069 0.02500 0.08257
v 0.25080 0.02500 0.08296
v 0.25106 0.02500 0.08328
v 0.25144 0.02500 0.08347
v 0.25185 0.02500 0.08348
v 0.25755 0.02500 0.08206
v 0.25791 0.02500 0.08185
v 0.25815 0.02500 0.08151
v 0.25824 0.02500 0.08111
v 0.25815 0.02500 0.08070
v 0.25759 0.02500 0.07946
v 0.25751 0.02500 0.07906
v 0.25758 0.02500 0.07867
v 0.25780 0.02500 0.07834
v 0.25814 0.02500 0.07812
v 0.26080 0.02500 0.07693
v 0.26119 0.02500 0.07683
v 0.26159 0.02500 0.07688
v 0.26193 0.02500 0.07709
v 0.26216 0.02500 0.07742
v 0.26272 0.02500 0.07867
v 0.26412 0.02500 0.07913
v 0.26373 0.02500 0.07925
v 0.26332 0.02500 0.07921
v 0.26296 0.02500 0.07900
v 0.26900 0.02500 0.07584
v 0.26926 0.02500 0.07552
v 0.26937 0.02500 0.07512
v 0.26931 0.02500 0.07471
v 0.26909 0.02500 0.07436
v 0.26814 0.02500 0.07338
v 0.26793 0.02500 0.07304
v 0.26786 0.02500 0.07265
v 0.26796 0.02500 0.07226
v 0.26820 0.02500 0.07194
v 0.27030 0.02500 0.06991
v 0.27174 0.02500 0.06990
v 0.27141 0.02500 0.06968
v 0.27102 0.02500 0.06960
v 0.27062 0.02500 0.06968
v 0.27269 0.02500 0.07088
v 0.27303 0.02500 0.07112
v 0.27344 0.02500 0.07119
v 0.27384 0.02500 0.07109
v 0.27417 0.02500 0.07084
v 0.28239 0.02500 0.05396
v 0.28115 0.02500 0.05854
v 0.27935 0.02500 0.06292
v 0.27701 0.02500 0.06704
v 0.28239 0.02500 0.05354
v 0.28221 0.02500 0.05317
v 0.28191 0.02500 0.05289
v 0.28151 0.02500 0.05277
v 0.28016 0.02500 0.05262
v 0.27977 0.02500 0.05250
v 0.27947 0.02500 0.05224
v 0.27929 0.02500 0.05188
v 0.27927 0.02500 0.05148
v 0.27963 0.02500 0.04599
v 0.27911 0.02500 0.04052
v 0.28009 0.02500 0.04034
v 0.28022 0.02500 0.04114
v 0.28245 0.02500 0.04080
v 0.28263 0.02500 0.04073
v 0.28277 0.02500 0.04059
v 0.28286 0.02500 0.04041
v 0.28286 0.02500 0.04022
v 0.28144 0.02500 0.03453
v 0.28134 0.02500 0.03436
v 0.28119 0.02500 0.03424
v 0.28100 0.02500 0.03419
v 0.28080 0.02500 0.03422
v 0.27868 0.02500 0.03496
v 0.27894 0.02500 0.03572
v 0.27799 0.02500 0.03603
v 0.27587 0.02500 0.03095
v 0.27297 0.02500 0.02628
v 0.27322 0.02500 0.02486
v 0.27294 0.02500 0.02515
v 0.27279 0.02500 0.02552
v 0.27280 0.02500 0.02592
v 0.27435 0.02500 0.02410
v 0.27464 0.02500 0.02380
v 0.27478 0.02500 0.02341
v 0.27475 0.02500 0.02300
v 0.27456 0.02500 0.02263
v 0.27047 0.02500 0.01840
v 0.27011 0.02500 0.01820
v 0.26970 0.02500 0.01816
v 0.26931 0.02500 0.01829
v 0.26900 0.02500 0.01856
v 0.26820 0.02500 0.01967
v 0.26790 0.02500 0.01994
v 0.26753 0.02500 0.02007
v 0.26713 0.02500 0.02005
v 0.26677 0.02500 0.01986
v 0.26441 0.02500 0.01815
v 0.26413 0.02500 0.01787
v 0.26398 0.02500 0.01750
v 0.26399 0.02500 0.01710
v 0.26415 0.02500 0.01673
v 0.26495 0.02500 0.01563
v 0.26465 0.02500 0.01418
v 0.26496 0.02500 0.01446
v 0.26512 0.02500 0.01484
v 0.26512 0.02500 0.01525
v 0.25936 0.02500 0.01160
v 0.25896 0.02500 0.01153
v 0.25855 0.02500 0.01164
v 0.25823 0.02500 0.01189
v 0.25804 0.02500 0.01226
v 0.25766 0.02500 0.01357
v 0.25748 0.02500 0.01393
v 0.25717 0.02500 0.01418
v 0.25678 0.02500 0.01429
v 0.25638 0.02500 0.01424
v 0.25358 0.02500 0.01344
v 0.25285 0.02500 0.01219
v 0.25282 0.02500 0.01259
v 0.25295 0.02500 0.01297
v 0.25322 0.02500 0.01327
v 0.25323 0.02500 0.01088
v 0.25326 0.02500 0.01047
v 0.25312 0.02500 0.01008
v 0.25283 0.02500 0.00978
v 0.25245 0.02500 0.00962
v 0.23372 0.02500 0.01094
v 0.23830 0.02500 0.00972
v 0.24300 0.02500 0.00909
v 0.24774 0.02500 0.00906
v 0.23336 0.02500 0.01115
v 0.23312 0.02500 0.01149
v 0.23304 0.02500 0.01190
v 0.23313 0.02500 0.01230
v 0.23368 0.02500 0.01355
v 0.23377 0.02500 0.01394
v 0.23369 0.02500 0.01433
v 0.23347 0.02500 0.01466
v 0.23314 0.02500 0.01488
v 0.23047 0.02500 0.01607
v 0.22911 0.02500 0.01558
v 0.22935 0.02500 0.01591
v 0.22969 0.02500 0.01612
v 0.23009 0.02500 0.01617
v 0.22856 0.02500 0.01434
v 0.22832 0.02500 0.01400
v 0.22796 0.02500 0.01379
v 0.22755 0.02500 0.01375
v 0.22715 0.02500 0.01387
v 0.21365 0.02500 0.02692
v 0.21638 0.02500 0.02304
v 0.21957 0.02500 0.01954
v 0.22318 0.02500 0.01647
v 0.21352 0.02500 0.02731
v 0.21355 0.02500 0.02773
v 0.21374 0.02500 0.02809
v 0.21407 0.02500 0.02834
v 0.21530 0.02500 0.02894
v 0.21561 0.02500 0.02919
v 0.21581 0.02500 0.02953
v 0.21585 0.02500 0.02993
v 0.21574 0.02500 0.03032
v 0.21446 0.02500 0.03294
v 0.21311 0.02500 0.03344
v 0.21349 0.02500 0.03354
v 0.21389 0.02500 0.03348
v 0.21423 0.02500 0.03326
v 0.21188 0.02500 0.03284
v 0.21148 0.02500 0.03274
v 0.21107 0.02500 0.03281
v 0.21073 0.02500 0.03304
v 0.25773 0.02500 0.06050
v 0.26054 0.02500 0.05746
v 0.26261 0.02500 0.05386
v 0.26382 0.02500 0.04990
v 0.22778 0.02500 0.05132
v 0.22930 0.02500 0.05518
v 0.25300 0.02500 0.02953
v 0.26412 0.02500 0.04577
v 0.26350 0.02500 0.04168
v 0.26198 0.02500 0.03782
v 0.25964 0.02500 0.03441
v 0.25659 0.02500 0.03159
v 0.23164 0.02500 0.05860
v 0.23827 0.02500 0.06347
v 0.24223 0.02500 0.06468
v 0.24637 0.02500 0.06499
v 0.25046 0.02500 0.06436
v 0.23468 0.02500 0.06141
v 0.22715 0.02500 0.04723
v 0.22745 0.02500 0.04310
v 0.25431 0.02500 0.06284
v 0.24904 0.02500 0.02832
v 0.24491 0.02500 0.02801
v 0.24081 0.02500 0.02864
v 0.23696 0.02500 0.03016
v 0.23354 0.02500 0.03250
v 0.23073 0.02500 0.03554
v 0.22867 0.02500 0.03914
v 0.22930 0.02800 0.05518
v 0.23164 0.02800 0.05860
v 0.23468 0.02800 0.06141
v 0.23827 0.02800 0.06347
v 0.24223 0.02800 0.06468
v 0.24637 0.02800 0.06499
v 0.25046 0.02800 0.06436
v 0.25431 0.02800 0.06284
v 0.25773 0.02800 0.06050
v 0.26054 0.02800 0.05746
v 0.26261 0.02800 0.05386
v 0.26382 0.02800 0.04990
v 0.26412 0.02800 0.04577
v 0.26350 0.02800 0.04168
v 0.26198 0.02800 0.03782
v 0.25964 0.02800 0.03441
v 0.25659 0.02800 0.03159
v 0.25300 0.02800 0.02953
v 0.24904 0.02800 0.02832
v 0.24491 0.02800 0.02801
v 0.24081 0.02800 0.02864
v 0.23696 0.02800 0.03016
v 0.23354 0.02800 0.03250
v 0.23073 0.02800 0.03554
v 0.22867 0.02800 0.03914
v 0.22745 0.02800 0.04310
v 0.22715 0.02800 0.04723
v 0.22778 0.02800 0.05132
v 0.24067 0.02800 0.02810
v 0.23670 0.02800 0.02967
v 0.23318 0.02800 0.03208
v 0.23028 0.02800 0.03521
v 0.22815 0.02800 0.03891
v 0.22690 0.02800 0.04299
v 0.22659 0.02800 0.04725
v 0.22724 0.02800 0.05147
v 0.22880 0.02800 0.05544
v 0.23122 0.02800 0.05896
v 0.23435 0.02800 0.06186
v 0.23805 0.02800 0.06399
v 0.24213 0.02800 0.06524
v 0.24639 0.02800 0.06555
v 0.25061 0.02800 0.06490
v 0.25458 0.02800 0.06333
v 0.25810 0.02800 0.06092
v 0.26100 0.02800 0.05779
v 0.26312 0.02800 0.05409
v 0.26437 0.02800 0.05001
v 0.26468 0.02800 0.04575
v 0.26404 0.02800 0.04153
v 0.26247 0.02800 0.03756
v 0.26006 0.02800 0.03404
v 0.25693 0.02800 0.03114
v 0.25322 0.02800 0.02902
v 0.24914 0.02800 0.02777
v 0.24489 0.02800 0.02746
v 0.22880 0.02879 0.05544
v 0.23122 0.02879 0.05896
v 0.23435 0.02879 0.06186
v 0.23805 0.02879 0.06399
v 0.24213 0.02879 0.06524
v 0.24639 0.02879 0.06555
v 0.25061 0.02879 0.06490
v 0.25458 0.02879 0.06333
v 0.25810 0.02879 0.06092
v 0.26100 0.02879 0.05779
v 0.26312 0.02879 0.05409
v 0.26437 0.02879 0.05001
v 0.26468 0.02879 0.04575
v 0.26404 0.02879 0.04153
v 0.26247 0.02879 0.03756
v 0.26006 0.02879 0.03404
v 0.25693 0.02879 0.03114
v 0.25322 0.02879 0.02902
v 0.24914 0.02879 0.02777
v 0.24489 0.02879 0.02746
v 0.24067 0.02879 0.02810
v 0.23670 0.02879 0.02967
v 0.23318 0.02879 0.03208
v 0.23028 0.02879 0.03521
v 0.22815 0.02879 0.03891
v 0.22690 0.02879 0.04299
v 0.22659 0.02879 0.04725
v 0.22724 0.02879 0.05147
v 0.26350 0.02879 0.04168
v 0.26412 0.02879 0.04577
v 0.26382 0.02879 0.04990
v 0.26261 0.02879 0.05386
v 0.26054 0.02879 0.05746
v 0.25773 0.02879 0.06050
v 0.25431 0.02879 0.06284
v 0.25046 0.02879 0.06436
v 0.24637 0.02879 0.06499
v 0.24223 0.02879 0.06468
v 0.23827 0.02879 0.06347
v 0.23468 0.02879 0.06141
v 0.23164 0.02879 0.05860
v 0.22930 0.02879 0.05518
v 0.22778 0.02879 0.05132
v 0.22715 0.02879 0.04723
v 0.22745 0.02879 0.04310
v 0.22867 0.02879 0.03914
v 0.23073 0.02879 0.03554
v 0.23354 0.02879 0.03250
v 0.23696 0.02879 0.03016
v 0.24081 0.02879 0.02864
v 0.24491 0.02879 0.02801
v 0.24904 0.02879 0.02832
v 0.25300 0.02879 0.02953
v 0.25659 0.02879 0.03159
v 0.25964 0.02879 0.03441
v 0.26198 0.02879 0.03782
v 0.26198 0.02950 0.03782
v 0.25964 0.02950 0.03441
v 0.25659 0.02950 0.03159
v 0.25300 0.02950 0.02953
v 0.24904 0.02950 0.02832
v 0.24491 0.02950 0.02801
v 0.24081 0.02950 0.02864
v 0.23696 0.02950 0.03016
v 0.23354 0.02950 0.03250
v 0.23073 0.02950 0.03554
v 0.22867 0.02950 0.03914
v 0.22745 0.02950 0.04310
v 0.22715 0.02950 0.04723
v 0.22778 0.02950 0.05132
v 0.22930 0.02950 0.05518
v 0.23164 0.02950 0.05860
v 0.23468 0.02950 0.06141
v 0.23827 0.02950 0.06347
v 0.24223 0.02950 0.06468
v 0.24637 0.02950 0.06499
v 0.25046 0.02950 0.06436
v 0.25431 0.02950 0.06284
v 0.25773 0.02950 0.06050
v 0.26054 0.02950 0.05746
v 0.26261 0.02950 0.05386
v 0.26382 0.02950 0.04990
v 0.26412 0.02950 0.04577
v 0.26350 0.02950 0.04168
v 0.22904 0.03000 0.05531
v 0.23142 0.03000 0.05878
v 0.23451 0.03000 0.06164
v 0.23816 0.03000 0.06374
v 0.24218 0.03000 0.06497
v 0.24638 0.03000 0.06527
v 0.25054 0.03000 0.06464
v 0.25445 0.03000 0.06309
v 0.25792 0.03000 0.06072
v 0.26078 0.03000 0.05763
v 0.26287 0.03000 0.05398
v 0.26410 0.03000 0.04996
v 0.26441 0.03000 0.04576
v 0.26378 0.03000 0.04160
v 0.26223 0.03000 0.03769
v 0.25985 0.03000 0.03422
v 0.25676 0.03000 0.03136
v 0.25312 0.03000 0.02926
v 0.24909 0.03000 0.02803
v 0.24490 0.03000 0.02773
v 0.24074 0.03000 0.02836
v 0.23683 0.03000 0.02991
v 0.23335 0.03000 0.03228
v 0.23050 0.03000 0.03537
v 0.22840 0.03000 0.03902
v 0.22717 0.03000 0.04304
v 0.22686 0.03000 0.04724
v 0.22750 0.03000 0.05140
v 0.21146 0.02480 0.06465
v 0.21303 0.02480 0.06734
v 0.21303 0.02620 0.06734
v 0.21680 0.02480 0.07230
v 0.21680 0.02620 0.07230
v 0.22131 0.02480 0.07660
v 0.22131 0.02620 0.07660
v 0.22645 0.02480 0.08011
v 0.22645 0.02620 0.08011
v 0.23209 0.02480 0.08275
v 0.23209 0.02620 0.08275
v 0.23808 0.02480 0.08446
v 0.23808 0.02620 0.08446
v 0.24427 0.02480 0.08518
v 0.24427 0.02620 0.08518
v 0.25049 0.02480 0.08490
v 0.25049 0.02620 0.08490
v 0.25659 0.02480 0.08362
v 0.25659 0.02620 0.08362
v 0.26240 0.02480 0.08138
v 0.26240 0.02620 0.08138
v 0.26778 0.02480 0.07824
v 0.26778 0.02620 0.07824
v 0.27258 0.02480 0.07428
v 0.27258 0.02620 0.07428
v 0.27669 0.02480 0.06960
v 0.27669 0.02620 0.06960
v 0.27999 0.02480 0.06432
v 0.27999 0.02620 0.06432
v 0.28241 0.02480 0.05858
v 0.28241 0.02620 0.05858
v 0.28387 0.02480 0.05252
v 0.28387 0.02620 0.05252
v 0.28434 0.02480 0.04631
v 0.28434 0.02620 0.04631
v 0.28381 0.02480 0.04011
v 0.28381 0.02620 0.04011
v 0.28229 0.02480 0.03407
v 0.28229 0.02620 0.03407
v 0.27982 0.02480 0.02835
v 0.27982 0.02620 0.02835
v 0.27646 0.02480 0.02310
v 0.27646 0.02620 0.02310
v 0.27231 0.02480 0.01846
v 0.27231 0.02620 0.01846
v 0.26747 0.02480 0.01454
v 0.26747 0.02620 0.01454
v 0.26206 0.02480 0.01146
v 0.26206 0.02620 0.01146
v 0.25622 0.02480 0.00928
v 0.25622 0.02620 0.00928
v 0.25011 0.02480 0.00806
v 0.25011 0.02620 0.00806
v 0.24389 0.02480 0.00784
v 0.24389 0.02620 0.00784
v 0.23771 0.02480 0.00862
v 0.23771 0.02620 0.00862
v 0.23174 0.02480 0.01038
v 0.23174 0.02620 0.01038
v 0.22613 0.02480 0.01308
v 0.22613 0.02620 0.01308
v 0.22102 0.02480 0.01664
v 0.22102 0.02620 0.01664
v 0.21655 0.02480 0.02098
v 0.21655 0.02620 0.02098
v 0.21283 0.02480 0.02598
v 0.21283 0.02620 0.02598
v 0.20996 0.02480 0.03150
v 0.20996 0.02620 0.03150
v 0.20802 0.02480 0.03742
v 0.20802 0.02620 0.03742
v 0.20705 0.02480 0.04357
v 0.20705 0.02620 0.04357
v 0.20708 0.02480 0.04980
v 0.20708 0.02620 0.04980
v 0.20811 0.02480 0.05594
v 0.20811 0.02620 0.05594
v 0.21011 0.02480 0.06184
v 0.21011 0.02620 0.06184
v 0.24428 -0.01575 0.00975
v 0.24421 -0.01377 0.00778
v 0.23755 -0.01575 0.01062
v 0.23712 -0.01377 0.00870
v 0.23110 -0.01575 0.01272
v 0.23032 -0.01377 0.01091
v 0.22514 -0.01575 0.01597
v 0.22404 -0.01377 0.01433
v 0.21988 -0.01575 0.02025
v 0.21850 -0.01377 0.01884
v 0.21550 -0.01575 0.02543
v 0.21388 -0.01377 0.02430
v 0.21214 -0.01575 0.03133
v 0.21034 -0.01377 0.03052
v 0.20992 -0.01575 0.03774
v 0.20800 -0.01377 0.03727
v 0.20892 -0.01575 0.04446
v 0.20695 -0.01377 0.04435
v 0.20917 -0.01575 0.05124
v 0.20721 -0.01377 0.05149
v 0.21066 -0.01575 0.05786
v 0.20878 -0.01377 0.05847
v 0.21334 -0.01575 0.06409
v 0.21161 -0.01377 0.06504
v 0.21713 -0.01575 0.06973
v 0.21559 -0.01377 0.07097
v 0.22188 -0.01575 0.07457
v 0.22060 -0.01377 0.07608
v 0.22744 -0.01575 0.07846
v 0.22646 -0.01377 0.08017
v 0.23362 -0.01575 0.08126
v 0.23298 -0.01377 0.08312
v 0.24022 -0.01575 0.08287
v 0.23992 -0.01377 0.08483
v 0.24699 -0.01575 0.08325
v 0.24706 -0.01377 0.08522
v 0.25106 -0.01575 0.01013
v 0.28236 -0.01575 0.04854
v 0.26940 -0.01575 0.01843
v 0.26383 -0.01575 0.01454
v 0.25372 -0.01575 0.08238
v 0.26018 -0.01575 0.08028
v 0.26613 -0.01575 0.07703
v 0.27140 -0.01575 0.07275
v 0.27578 -0.01575 0.06757
v 0.27914 -0.01575 0.06167
v 0.28211 -0.01575 0.04176
v 0.28061 -0.01575 0.03514
v 0.27415 -0.01575 0.02327
v 0.27793 -0.01575 0.02891
v 0.28136 -0.01575 0.05526
v 0.25765 -0.01575 0.01174
v 0.25415 -0.01377 0.08430
v 0.26096 -0.01377 0.08209
v 0.26724 -0.01377 0.07867
v 0.27278 -0.01377 0.07416
v 0.27740 -0.01377 0.06870
v 0.28094 -0.01377 0.06248
v 0.28327 -0.01377 0.05573
v 0.28433 -0.01377 0.04865
v 0.28406 -0.01377 0.04151
v 0.28249 -0.01377 0.03453
v 0.27967 -0.01377 0.02796
v 0.27568 -0.01377 0.02203
v 0.27067 -0.01377 0.01692
v 0.26481 -0.01377 0.01283
v 0.25830 -0.01377 0.00988
v 0.25135 -0.01377 0.00817
v 0.24706 0.02650 0.08522
v 0.25415 0.02650 0.08430
v 0.26096 0.02650 0.08209
v 0.26724 0.02650 0.07867
v 0.27278 0.02650 0.07416
v 0.27740 0.02650 0.06870
v 0.28094 0.02650 0.06248
v 0.28327 0.02650 0.05573
v 0.28433 0.02650 0.04865
v 0.28406 0.02650 0.04151
v 0.28249 0.02650 0.03453
v 0.27967 0.02650 0.02796
v 0.27568 0.02650 0.02203
v 0.27067 0.02650 0.01692
v 0.26481 0.02650 0.01283
v 0.25830 0.02650 0.00988
v 0.25135 0.02650 0.00817
v 0.24421 0.02650 0.00778
v 0.23712 0.02650 0.00870
v 0.23032 0.02650 0.01091
v 0.22404 0.02650 0.01433
v 0.21850 0.02650 0.01884
v 0.21388 0.02650 0.02430
v 0.21034 0.02650 0.03052
v 0.20800 0.02650 0.03727
v 0.20695 0.02650 0.04435
v 0.20721 0.02650 0.05149
v 0.20878 0.02650 0.05847
v 0.21161 0.02650 0.06504
v 0.21559 0.02650 0.07097
v 0.22060 0.02650 0.07608
v 0.22646 0.02650 0.08017
v 0.23298 0.02650 0.08312
v 0.23992 0.02650 0.08483
v 0.24314 0.02650 0.00608
v 0.23587 0.02650 0.00720
v 0.22893 0.02650 0.00961
v 0.22253 0.02650 0.01324
v 0.21689 0.02650 0.01797
v 0.21221 0.02650 0.02364
v 0.20862 0.02650 0.03006
v 0.20626 0.02650 0.03703
v 0.20520 0.02650 0.04431
v 0.20547 0.02650 0.05166
v 0.20706 0.02650 0.05884
v 0.20993 0.02650 0.06561
v 0.21398 0.02650 0.07176
v 0.21907 0.02650 0.07707
v 0.22504 0.02650 0.08137
v 0.23168 0.02650 0.08452
v 0.23879 0.02650 0.08642
v 0.24612 0.02650 0.08700
v 0.24713 0.02650 0.08697
v 0.25454 0.02650 0.08601
v 0.26165 0.02650 0.08370
v 0.26821 0.02650 0.08013
v 0.27401 0.02650 0.07541
v 0.27883 0.02650 0.06970
v 0.28253 0.02650 0.06321
v 0.28497 0.02650 0.05614
v 0.28608 0.02650 0.04875
v 0.28580 0.02650 0.04128
v 0.28416 0.02650 0.03399
v 0.28120 0.02650 0.02713
v 0.27704 0.02650 0.02092
v 0.27180 0.02650 0.01559
v 0.26568 0.02650 0.01131
v 0.25887 0.02650 0.00822
v 0.25161 0.02650 0.00644
v 0.24415 0.02650 0.00603
v 0.24415 -0.01450 0.00603
v 0.25161 -0.01450 0.00644
v 0.25887 -0.01450 0.00822
v 0.26568 -0.01450 0.01131
v 0.27180 -0.01450 0.01559
v 0.27704 -0.01450 0.02092
v 0.28120 -0.01450 0.02713
v 0.28416 -0.01450 0.03399
v 0.28580 -0.01450 0.04128
v 0.28608 -0.01450 0.04875
v 0.28497 -0.01450 0.05614
v 0.28253 -0.01450 0.06321
v 0.27883 -0.01450 0.06970
v 0.27401 -0.01450 0.07541
v 0.26821 -0.01450 0.08013
v 0.26165 -0.01450 0.08370
v 0.25454 -0.01450 0.08601
v 0.24713 -0.01450 0.08697
v 0.24426 -0.01750 0.00903
v 0.25117 -0.01750 0.00941
v 0.25789 -0.01750 0.01106
v 0.26419 -0.01750 0.01391
v 0.26986 -0.01750 0.01788
v 0.27471 -0.01750 0.02282
v 0.27857 -0.01750 0.02856
v 0.28130 -0.01750 0.03492
v 0.28283 -0.01750 0.04167
v 0.28308 -0.01750 0.04858
v 0.28206 -0.01750 0.05543
v 0.27980 -0.01750 0.06197
v 0.27637 -0.01750 0.06798
v 0.27190 -0.01750 0.07326
v 0.26654 -0.01750 0.07764
v 0.26046 -0.01750 0.08095
v 0.25388 -0.01750 0.08308
v 0.24702 -0.01750 0.08398
v 0.21468 -0.01750 0.02533
v 0.24609 -0.01750 0.08400
v 0.21137 -0.01750 0.03128
v 0.20918 -0.01750 0.03773
v 0.21902 -0.01750 0.02008
v 0.22424 -0.01750 0.01570
v 0.23016 -0.01750 0.01234
v 0.23660 -0.01750 0.01011
v 0.24333 -0.01750 0.00907
v 0.23930 -0.01750 0.08346
v 0.23272 -0.01750 0.08170
v 0.22656 -0.01750 0.07879
v 0.20992 -0.01750 0.05793
v 0.20844 -0.01750 0.05128
v 0.21258 -0.01750 0.06420
v 0.21632 -0.01750 0.06989
v 0.22104 -0.01750 0.07480
v 0.20819 -0.01750 0.04447
v 0.24612 -0.01450 0.08700
v 0.23879 -0.01450 0.08642
v 0.23168 -0.01450 0.08452
v 0.22504 -0.01450 0.08137
v 0.21907 -0.01450 0.07707
v 0.21398 -0.01450 0.07176
v 0.20993 -0.01450 0.06561
v 0.20706 -0.01450 0.05884
v 0.20547 -0.01450 0.05166
v 0.20520 -0.01450 0.04431
v 0.20626 -0.01450 0.03703
v 0.20862 -0.01450 0.03006
v 0.21221 -0.01450 0.02364
v 0.21689 -0.01450 0.01797
v 0.22253 -0.01450 0.01324
v 0.22893 -0.01450 0.00961
v 0.23587 -0.01450 0.00720
v 0.24314 -0.01450 0.00608
v 0.20518 -0.00437 0.04475
v 0.20516 -0.00339 0.04511
v 0.20515 -0.00277 0.04555
v 0.20515 -0.00267 0.04565
v 0.20514 -0.00206 0.04649
v 0.20515 -0.00176 0.04735
v 0.20517 -0.00170 0.04799
v 0.20522 -0.00186 0.04901
v 0.20527 -0.00226 0.04982
v 0.20533 -0.00277 0.05042
v 0.20534 -0.00296 0.05058
v 0.20539 -0.00373 0.05103
v 0.20541 -0.00419 0.05118
v 0.20542 -0.00474 0.05127
v 0.20541 -0.00563 0.05122
v 0.20537 -0.00661 0.05087
v 0.20533 -0.00723 0.05042
v 0.20532 -0.00733 0.05033
v 0.20525 -0.00794 0.04949
v 0.20519 -0.00824 0.04863
v 0.20517 -0.00830 0.04799
v 0.20514 -0.00814 0.04697
v 0.20514 -0.00774 0.04615
v 0.20515 -0.00723 0.04555
v 0.20515 -0.00704 0.04539
v 0.20517 -0.00627 0.04494
v 0.20517 -0.00581 0.04479
v 0.20518 -0.00526 0.04470
v 0.16553 -0.00830 0.04945
v 0.16549 -0.00812 0.04836
v 0.16544 -0.00723 0.04702
v 0.16541 -0.00581 0.04625
v 0.16541 -0.00419 0.04625
v 0.16544 -0.00277 0.04702
v 0.16549 -0.00188 0.04836
v 0.16553 -0.00170 0.04945
v 0.16557 -0.00188 0.05054
v 0.16562 -0.00277 0.05188
v 0.16565 -0.00419 0.05265
v 0.16565 -0.00581 0.05265
v 0.16562 -0.00723 0.05188
v 0.16557 -0.00812 0.05054
v 0.26714 0.03250 0.04677
v 0.26764 0.03300 0.04677
v 0.26689 0.03250 0.04323
v 0.26738 0.03300 0.04315
v 0.26606 0.03250 0.03977
v 0.26653 0.03300 0.03962
v 0.26467 0.03250 0.03650
v 0.26511 0.03300 0.03627
v 0.26277 0.03250 0.03351
v 0.26317 0.03300 0.03320
v 0.26039 0.03250 0.03086
v 0.26074 0.03300 0.03050
v 0.25762 0.03250 0.02865
v 0.25790 0.03300 0.02823
v 0.25452 0.03250 0.02692
v 0.25472 0.03300 0.02646
v 0.25117 0.03250 0.02573
v 0.25130 0.03300 0.02524
v 0.24768 0.03250 0.02510
v 0.24773 0.03300 0.02460
v 0.24413 0.03250 0.02505
v 0.24409 0.03300 0.02455
v 0.24062 0.03250 0.02559
v 0.24050 0.03300 0.02511
v 0.23725 0.03250 0.02671
v 0.23705 0.03300 0.02625
v 0.23410 0.03250 0.02836
v 0.23383 0.03300 0.02793
v 0.23127 0.03250 0.03050
v 0.23094 0.03300 0.03013
v 0.22884 0.03250 0.03309
v 0.22845 0.03300 0.03277
v 0.22686 0.03250 0.03603
v 0.22642 0.03300 0.03579
v 0.22539 0.03250 0.03927
v 0.22492 0.03300 0.03910
v 0.22448 0.03250 0.04270
v 0.22398 0.03300 0.04261
v 0.22414 0.03250 0.04623
v 0.22364 0.03300 0.04623
v 0.22414 0.02700 0.04623
v 0.22448 0.02700 0.04270
v 0.22539 0.02700 0.03927
v 0.22686 0.02700 0.03603
v 0.22884 0.02700 0.03309
v 0.23127 0.02700 0.03050
v 0.23410 0.02700 0.02836
v 0.23725 0.02700 0.02671
v 0.24062 0.02700 0.02559
v 0.24413 0.02700 0.02505
v 0.24768 0.02700 0.02510
v 0.25117 0.02700 0.02573
v 0.25452 0.02700 0.02692
v 0.25762 0.02700 0.02865
v 0.26039 0.02700 0.03086
v 0.26277 0.02700 0.03351
v 0.26467 0.02700 0.03650
v 0.26606 0.02700 0.03977
v 0.26689 0.02700 0.04323
v 0.26714 0.02700 0.04677
v 0.26680 0.03250 0.05030
v 0.26680 0.02700 0.05030
v 0.26588 0.03250 0.05373
v 0.26588 0.02700 0.05373
v 0.26442 0.03250 0.05697
v 0.26442 0.02700 0.05697
v 0.26244 0.03250 0.05992
v 0.26244 0.02700 0.05992
v 0.26000 0.03250 0.06250
v 0.26000 0.02700 0.06250
v 0.25717 0.03250 0.06464
v 0.25717 0.02700 0.06464
v 0.25403 0.03250 0.06630
v 0.25403 0.02700 0.06630
v 0.25066 0.03250 0.06741
v 0.25066 0.02700 0.06741
v 0.24715 0.03250 0.06795
v 0.24715 0.02700 0.06795
v 0.24360 0.03250 0.06790
v 0.24360 0.02700 0.06790
v 0.24010 0.03250 0.06728
v 0.24010 0.02700 0.06728
v 0.23676 0.03250 0.06608
v 0.23676 0.02700 0.06608
v 0.23366 0.03250 0.06435
v 0.23366 0.02700 0.06435
v 0.23088 0.03250 0.06214
v 0.23088 0.02700 0.06214
v 0.22851 0.03250 0.05949
v 0.22851 0.02700 0.05949
v 0.22660 0.03250 0.05650
v 0.22660 0.02700 0.05650
v 0.22522 0.03250 0.05323
v 0.22522 0.02700 0.05323
v 0.22439 0.03250 0.04978
v 0.22439 0.02700 0.04978
v 0.26764 0.02650 0.04677
v 0.26729 0.02650 0.05039
v 0.26636 0.02650 0.05390
v 0.26485 0.02650 0.05721
v 0.26283 0.02650 0.06023
v 0.26034 0.02650 0.06287
v 0.25744 0.02650 0.06507
v 0.25422 0.02650 0.06675
v 0.25077 0.02650 0.06789
v 0.24718 0.02650 0.06845
v 0.24355 0.02650 0.06840
v 0.23997 0.02650 0.06776
v 0.23655 0.02650 0.06654
v 0.23338 0.02650 0.06477
v 0.23054 0.02650 0.06250
v 0.22811 0.02650 0.05980
v 0.22616 0.02650 0.05673
v 0.22474 0.02650 0.05338
v 0.22389 0.02650 0.04985
v 0.22364 0.02650 0.04623
v 0.22398 0.02650 0.04261
v 0.22492 0.02650 0.03910
v 0.22642 0.02650 0.03579
v 0.22845 0.02650 0.03277
v 0.23094 0.02650 0.03013
v 0.23383 0.02650 0.02793
v 0.23705 0.02650 0.02625
v 0.24050 0.02650 0.02511
v 0.24409 0.02650 0.02455
v 0.24773 0.02650 0.02460
v 0.25130 0.02650 0.02524
v 0.25472 0.02650 0.02646
v 0.25790 0.02650 0.02823
v 0.26074 0.02650 0.03050
v 0.26317 0.02650 0.03320
v 0.26511 0.02650 0.03627
v 0.26653 0.02650 0.03962
v 0.26738 0.02650 0.04315
v 0.24176 0.02650 0.06917
v 0.23826 0.02650 0.06828
v 0.23494 0.02650 0.06686
v 0.23189 0.02650 0.06494
v 0.22917 0.02650 0.06256
v 0.22686 0.02650 0.05979
v 0.22502 0.02650 0.05669
v 0.22368 0.02650 0.05334
v 0.22288 0.02650 0.04982
v 0.22264 0.02650 0.04621
v 0.22297 0.02650 0.04262
v 0.22385 0.02650 0.03912
v 0.22528 0.02650 0.03580
v 0.22720 0.02650 0.03275
v 0.22958 0.02650 0.03004
v 0.23235 0.02650 0.02773
v 0.23545 0.02650 0.02588
v 0.23880 0.02650 0.02454
v 0.24232 0.02650 0.02374
v 0.24592 0.02650 0.02350
v 0.24952 0.02650 0.02383
v 0.25302 0.02650 0.02472
v 0.25633 0.02650 0.02614
v 0.25939 0.02650 0.02806
v 0.26210 0.02650 0.03044
v 0.26441 0.02650 0.03321
v 0.26626 0.02650 0.03631
v 0.26760 0.02650 0.03967
v 0.26840 0.02650 0.04318
v 0.26864 0.02650 0.04679
v 0.26831 0.02650 0.05038
v 0.26742 0.02650 0.05388
v 0.26600 0.02650 0.05720
v 0.26408 0.02650 0.06025
v 0.26170 0.02650 0.06296
v 0.25892 0.02650 0.06527
v 0.25582 0.02650 0.06712
v 0.25247 0.02650 0.06846
v 0.24895 0.02650 0.06926
v 0.24535 0.02650 0.06950
v 0.22214 0.02700 0.04621
v 0.22247 0.02700 0.04254
v 0.22338 0.02700 0.03896
v 0.22483 0.02700 0.03557
v 0.22680 0.02700 0.03245
v 0.22923 0.02700 0.02968
v 0.23206 0.02700 0.02732
v 0.23523 0.02700 0.02543
v 0.23865 0.02700 0.02406
v 0.24225 0.02700 0.02325
v 0.24593 0.02700 0.02300
v 0.24960 0.02700 0.02334
v 0.25318 0.02700 0.02424
v 0.25657 0.02700 0.02570
v 0.25969 0.02700 0.02766
v 0.26246 0.02700 0.03009
v 0.26482 0.02700 0.03292
v 0.26671 0.02700 0.03609
v 0.26808 0.02700 0.03952
v 0.26889 0.02700 0.04311
v 0.26914 0.02700 0.04679
v 0.26880 0.02700 0.05046
v 0.26790 0.02700 0.05404
v 0.26644 0.02700 0.05743
v 0.26448 0.02700 0.06055
v 0.26205 0.02700 0.06332
v 0.25921 0.02700 0.06568
v 0.25605 0.02700 0.06757
v 0.25262 0.02700 0.06894
v 0.24903 0.02700 0.06976
v 0.24535 0.02700 0.07000
v 0.24167 0.02700 0.06966
v 0.23810 0.02700 0.06876
v 0.23471 0.02700 0.06731
v 0.23159 0.02700 0.06534
v 0.22882 0.02700 0.06291
v 0.22646 0.02700 0.06008
v 0.22457 0.02700 0.05691
v 0.22320 0.02700 0.05348
v 0.22238 0.02700 0.04989
v 0.22214 0.03250 0.04621
v 0.22238 0.03250 0.04989
v 0.22320 0.03250 0.05348
v 0.22457 0.03250 0.05691
v 0.22646 0.03250 0.06008
v 0.22882 0.03250 0.06291
v 0.23159 0.03250 0.06534
v 0.23471 0.03250 0.06731
v 0.23810 0.03250 0.06876
v 0.24167 0.03250 0.06966
v 0.24535 0.03250 0.07000
v 0.24903 0.03250 0.06976
v 0.25262 0.03250 0.06894
v 0.25605 0.03250 0.06757
v 0.25921 0.03250 0.06568
v 0.26205 0.03250 0.06332
v 0.26448 0.03250 0.06055
v 0.26644 0.03250 0.05743
v 0.26790 0.03250 0.05404
v 0.26880 0.03250 0.05046
v 0.26914 0.03250 0.04679
v 0.22264 0.03300 0.04621
v 0.22288 0.03300 0.04982
v 0.22368 0.03300 0.05334
v 0.22502 0.03300 0.05669
v 0.22686 0.03300 0.05979
v 0.22917 0.03300 0.06256
v 0.23189 0.03300 0.06494
v 0.23494 0.03300 0.06686
v 0.23826 0.03300 0.06828
v 0.24176 0.03300 0.06917
v 0.24535 0.03300 0.06950
v 0.24895 0.03300 0.06926
v 0.25247 0.03300 0.06846
v 0.25582 0.03300 0.06712
v 0.25892 0.03300 0.06527
v 0.26170 0.03300 0.06296
v 0.26408 0.03300 0.06025
v 0.26600 0.03300 0.05720
v 0.26742 0.03300 0.05388
v 0.26831 0.03300 0.05038
v 0.26864 0.03300 0.04679
v 0.24718 0.03300 0.06845
v 0.25077 0.03300 0.06789
v 0.25422 0.03300 0.06675
v 0.25744 0.03300 0.06507
v 0.26034 0.03300 0.06287
v 0.26283 0.03300 0.06023
v 0.26485 0.03300 0.05721
v 0.26636 0.03300 0.05390
v 0.26729 0.03300 0.05039
v 0.26840 0.03300 0.04318
v 0.26760 0.03300 0.03967
v 0.26626 0.03300 0.03631
v 0.26441 0.03300 0.03321
v 0.26210 0.03300 0.03044
v 0.25939 0.03300 0.02806
v 0.25633 0.03300 0.02614
v 0.25302 0.03300 0.02472
v 0.24952 0.03300 0.02383
v 0.24592 0.03300 0.02350
v 0.24232 0.03300 0.02374
v 0.23880 0.03300 0.02454
v 0.23545 0.03300 0.02588
v 0.23235 0.03300 0.02773
v 0.22958 0.03300 0.03004
v 0.22720 0.03300 0.03275
v 0.22528 0.03300 0.03580
v 0.22385 0.03300 0.03912
v 0.22297 0.03300 0.04262
v 0.22389 0.03300 0.04985
v 0.22474 0.03300 0.05338
v 0.22616 0.03300 0.05673
v 0.22811 0.03300 0.05980
v 0.23054 0.03300 0.06250
v 0.23338 0.03300 0.06477
v 0.23655 0.03300 0.06654
v 0.23997 0.03300 0.06776
v 0.24355 0.03300 0.06840
v 0.26889 0.03250 0.04311
v 0.26808 0.03250 0.03952
v 0.26671 0.03250 0.03609
v 0.26482 0.03250 0.03292
v 0.26246 0.03250 0.03009
v 0.25969 0.03250 0.02766
v 0.25657 0.03250 0.02570
v 0.25318 0.03250 0.02424
v 0.24960 0.03250 0.02334
v 0.24593 0.03250 0.02300
v 0.24225 0.03250 0.02325
v 0.23865 0.03250 0.02406
v 0.23523 0.03250 0.02543
v 0.23206 0.03250 0.02732
v 0.22923 0.03250 0.02968
v 0.22680 0.03250 0.03245
v 0.22483 0.03250 0.03557
v 0.22338 0.03250 0.03896
v 0.22247 0.03250 0.04254
v 0.26290 0.02800 0.05226
v 0.26304 0.02796 0.05230
v 0.26345 0.02796 0.05092
v 0.26315 0.02785 0.05234
v 0.26355 0.02785 0.05095
v 0.26319 0.02770 0.05235
v 0.26359 0.02770 0.05096
v 0.26389 0.02770 0.04953
v 0.26385 0.02785 0.04953
v 0.26407 0.02770 0.04809
v 0.26403 0.02785 0.04809
v 0.26414 0.02770 0.04664
v 0.26410 0.02785 0.04664
v 0.26409 0.02770 0.04519
v 0.26405 0.02785 0.04519
v 0.26393 0.02770 0.04375
v 0.26389 0.02785 0.04375
v 0.26366 0.02770 0.04232
v 0.26362 0.02785 0.04233
v 0.26327 0.02770 0.04092
v 0.26324 0.02785 0.04093
v 0.26278 0.02770 0.03955
v 0.26275 0.02785 0.03957
v 0.26219 0.02770 0.03823
v 0.26215 0.02785 0.03825
v 0.26149 0.02770 0.03696
v 0.26145 0.02785 0.03698
v 0.26069 0.02770 0.03574
v 0.26065 0.02785 0.03576
v 0.25980 0.02770 0.03459
v 0.25977 0.02785 0.03462
v 0.25882 0.02770 0.03352
v 0.25879 0.02785 0.03355
v 0.25776 0.02770 0.03253
v 0.25773 0.02785 0.03256
v 0.25663 0.02770 0.03162
v 0.25660 0.02785 0.03165
v 0.25542 0.02770 0.03080
v 0.25540 0.02785 0.03084
v 0.25416 0.02770 0.03008
v 0.25414 0.02785 0.03012
v 0.25285 0.02770 0.02946
v 0.25283 0.02785 0.02950
v 0.25149 0.02770 0.02895
v 0.25148 0.02785 0.02899
v 0.25009 0.02770 0.02855
v 0.25008 0.02785 0.02858
v 0.24867 0.02770 0.02825
v 0.24867 0.02785 0.02829
v 0.24723 0.02770 0.02807
v 0.24723 0.02785 0.02811
v 0.24578 0.02770 0.02800
v 0.24578 0.02785 0.02804
v 0.24433 0.02770 0.02805
v 0.24433 0.02785 0.02809
v 0.24288 0.02770 0.02821
v 0.24289 0.02785 0.02825
v 0.24146 0.02770 0.02848
v 0.24147 0.02785 0.02852
v 0.24006 0.02770 0.02886
v 0.24007 0.02785 0.02890
v 0.23869 0.02770 0.02936
v 0.23870 0.02785 0.02939
v 0.23737 0.02770 0.02995
v 0.23738 0.02785 0.02999
v 0.23609 0.02770 0.03065
v 0.23611 0.02785 0.03069
v 0.23488 0.02770 0.03145
v 0.23490 0.02785 0.03148
v 0.23373 0.02770 0.03234
v 0.23376 0.02785 0.03237
v 0.23266 0.02770 0.03332
v 0.23269 0.02785 0.03335
v 0.23166 0.02770 0.03438
v 0.23169 0.02785 0.03440
v 0.23075 0.02770 0.03551
v 0.23079 0.02785 0.03554
v 0.22994 0.02770 0.03671
v 0.22997 0.02785 0.03673
v 0.22922 0.02770 0.03798
v 0.22925 0.02785 0.03799
v 0.22860 0.02770 0.03929
v 0.22864 0.02785 0.03931
v 0.22809 0.02770 0.04065
v 0.22813 0.02785 0.04066
v 0.26374 0.02796 0.04951
v 0.26392 0.02796 0.04808
v 0.26399 0.02796 0.04664
v 0.26394 0.02796 0.04520
v 0.26378 0.02796 0.04377
v 0.26351 0.02796 0.04235
v 0.26313 0.02796 0.04096
v 0.26264 0.02796 0.03961
v 0.26205 0.02796 0.03830
v 0.26136 0.02796 0.03703
v 0.26057 0.02796 0.03583
v 0.25968 0.02796 0.03469
v 0.25871 0.02796 0.03362
v 0.25766 0.02796 0.03264
v 0.25654 0.02796 0.03174
v 0.25535 0.02796 0.03093
v 0.25409 0.02796 0.03021
v 0.25279 0.02796 0.02960
v 0.25144 0.02796 0.02909
v 0.25006 0.02796 0.02869
v 0.24865 0.02796 0.02840
v 0.24722 0.02796 0.02822
v 0.24578 0.02796 0.02815
v 0.24434 0.02796 0.02820
v 0.24291 0.02796 0.02835
v 0.24149 0.02796 0.02863
v 0.24010 0.02796 0.02901
v 0.23875 0.02796 0.02949
v 0.23743 0.02796 0.03009
v 0.23617 0.02796 0.03078
v 0.23497 0.02796 0.03157
v 0.23383 0.02796 0.03246
v 0.23276 0.02796 0.03343
v 0.23178 0.02796 0.03448
v 0.23088 0.02796 0.03560
v 0.23007 0.02796 0.03679
v 0.22935 0.02796 0.03804
v 0.22874 0.02796 0.03935
v 0.22823 0.02796 0.04070
v 0.26330 0.02800 0.05088
v 0.26359 0.02800 0.04949
v 0.26377 0.02800 0.04807
v 0.26384 0.02800 0.04664
v 0.26379 0.02800 0.04521
v 0.26364 0.02800 0.04379
v 0.26337 0.02800 0.04239
v 0.26299 0.02800 0.04101
v 0.26251 0.02800 0.03966
v 0.26192 0.02800 0.03836
v 0.26123 0.02800 0.03711
v 0.26044 0.02800 0.03592
v 0.25957 0.02800 0.03479
v 0.25860 0.02800 0.03373
v 0.25756 0.02800 0.03275
v 0.25645 0.02800 0.03186
v 0.25527 0.02800 0.03106
v 0.25402 0.02800 0.03035
v 0.25273 0.02800 0.02974
v 0.25139 0.02800 0.02923
v 0.25002 0.02800 0.02884
v 0.24862 0.02800 0.02855
v 0.24720 0.02800 0.02837
v 0.24578 0.02800 0.02830
v 0.24435 0.02800 0.02835
v 0.24293 0.02800 0.02850
v 0.24152 0.02800 0.02877
v 0.24015 0.02800 0.02915
v 0.23880 0.02800 0.02963
v 0.23750 0.02800 0.03022
v 0.23625 0.02800 0.03091
v 0.23505 0.02800 0.03169
v 0.23392 0.02800 0.03257
v 0.23287 0.02800 0.03353
v 0.23189 0.02800 0.03458
v 0.23100 0.02800 0.03569
v 0.23019 0.02800 0.03687
v 0.22949 0.02800 0.03811
v 0.22888 0.02800 0.03941
v 0.22837 0.02800 0.04074
v 0.26317 0.02800 0.04927
v 0.25955 0.02800 0.03547
v 0.26117 0.02800 0.03791
v 0.26339 0.02800 0.04634
v 0.26248 0.02800 0.05211
v 0.23153 0.02800 0.03572
v 0.23350 0.02800 0.03355
v 0.24113 0.02800 0.02933
v 0.26237 0.02800 0.04059
v 0.26312 0.02800 0.04342
v 0.22810 0.02800 0.04373
v 0.22768 0.02800 0.04352
v 0.22751 0.02800 0.04493
v 0.23580 0.02800 0.03173
v 0.23836 0.02800 0.03031
v 0.25754 0.02800 0.03333
v 0.25974 0.02800 0.05728
v 0.25777 0.02800 0.05945
v 0.25841 0.02800 0.05947
v 0.25548 0.02800 0.06127
v 0.25622 0.02800 0.06131
v 0.25735 0.02800 0.06043
v 0.23606 0.02800 0.06145
v 0.23373 0.02800 0.05967
v 0.23371 0.02800 0.06025
v 0.22789 0.02800 0.04666
v 0.22797 0.02800 0.04212
v 0.22880 0.02800 0.04089
v 0.22995 0.02800 0.03819
v 0.24402 0.02800 0.02882
v 0.25262 0.02800 0.03018
v 0.25521 0.02800 0.03156
v 0.24726 0.02800 0.06418
v 0.24693 0.02800 0.06465
v 0.24835 0.02800 0.06450
v 0.23010 0.02800 0.05509
v 0.22890 0.02800 0.05241
v 0.22877 0.02800 0.05334
v 0.22816 0.02800 0.04958
v 0.22791 0.02800 0.05061
v 0.22829 0.02800 0.05199
v 0.22744 0.02800 0.04636
v 0.22748 0.02800 0.04779
v 0.22764 0.02800 0.04921
v 0.24695 0.02800 0.02880
v 0.24984 0.02800 0.02926
v 0.26132 0.02800 0.05481
v 0.26179 0.02800 0.05489
v 0.26240 0.02800 0.05359
v 0.25939 0.02800 0.05843
v 0.26028 0.02800 0.05731
v 0.26108 0.02800 0.05613
v 0.25015 0.02800 0.06367
v 0.24550 0.02800 0.06470
v 0.24433 0.02800 0.06420
v 0.24407 0.02800 0.06463
v 0.23173 0.02800 0.05753
v 0.23171 0.02800 0.05821
v 0.23267 0.02800 0.05927
v 0.22936 0.02800 0.05464
v 0.23005 0.02800 0.05589
v 0.23083 0.02800 0.05709
v 0.24975 0.02800 0.06423
v 0.25113 0.02800 0.06385
v 0.25291 0.02800 0.06269
v 0.24265 0.02800 0.06445
v 0.24143 0.02800 0.06375
v 0.24125 0.02800 0.06416
v 0.25247 0.02800 0.06337
v 0.25378 0.02800 0.06278
v 0.25503 0.02800 0.06209
v 0.23988 0.02800 0.06377
v 0.23865 0.02800 0.06282
v 0.23854 0.02800 0.06326
v 0.23483 0.02800 0.06114
v 0.23601 0.02800 0.06195
v 0.23725 0.02800 0.06265
v 0.22783 0.02796 0.04208
v 0.22772 0.02785 0.04205
v 0.22768 0.02770 0.04204
v 0.22739 0.02770 0.04347
v 0.22743 0.02785 0.04347
v 0.22721 0.02770 0.04491
v 0.22725 0.02785 0.04491
v 0.22714 0.02770 0.04636
v 0.22718 0.02785 0.04636
v 0.22718 0.02770 0.04781
v 0.22722 0.02785 0.04781
v 0.22734 0.02770 0.04925
v 0.22738 0.02785 0.04925
v 0.22762 0.02770 0.05068
v 0.22766 0.02785 0.05067
v 0.22800 0.02770 0.05208
v 0.22804 0.02785 0.05207
v 0.22849 0.02770 0.05345
v 0.22853 0.02785 0.05343
v 0.22909 0.02770 0.05477
v 0.22913 0.02785 0.05475
v 0.22979 0.02770 0.05605
v 0.22983 0.02785 0.05603
v 0.23059 0.02770 0.05726
v 0.23062 0.02785 0.05724
v 0.23148 0.02770 0.05841
v 0.23151 0.02785 0.05838
v 0.23246 0.02770 0.05948
v 0.23249 0.02785 0.05945
v 0.23352 0.02770 0.06048
v 0.23354 0.02785 0.06045
v 0.23465 0.02770 0.06138
v 0.23467 0.02785 0.06135
v 0.23585 0.02770 0.06220
v 0.23587 0.02785 0.06217
v 0.23711 0.02770 0.06292
v 0.23713 0.02785 0.06288
v 0.23843 0.02770 0.06354
v 0.23844 0.02785 0.06350
v 0.23979 0.02770 0.06405
v 0.23980 0.02785 0.06401
v 0.24118 0.02770 0.06446
v 0.24119 0.02785 0.06442
v 0.24260 0.02770 0.06475
v 0.24261 0.02785 0.06471
v 0.24405 0.02770 0.06493
v 0.24405 0.02785 0.06489
v 0.24550 0.02770 0.06500
v 0.24550 0.02785 0.06496
v 0.24695 0.02770 0.06495
v 0.24695 0.02785 0.06491
v 0.24839 0.02770 0.06479
v 0.24839 0.02785 0.06475
v 0.24982 0.02770 0.06452
v 0.24981 0.02785 0.06448
v 0.25122 0.02770 0.06414
v 0.25121 0.02785 0.06410
v 0.25259 0.02770 0.06364
v 0.25257 0.02785 0.06361
v 0.25391 0.02770 0.06305
v 0.25389 0.02785 0.06301
v 0.25518 0.02770 0.06235
v 0.25516 0.02785 0.06231
v 0.25640 0.02770 0.06155
v 0.25637 0.02785 0.06152
v 0.25754 0.02770 0.06066
v 0.25752 0.02785 0.06063
v 0.25862 0.02770 0.05968
v 0.25859 0.02785 0.05965
v 0.25961 0.02770 0.05862
v 0.25958 0.02785 0.05860
v 0.26052 0.02770 0.05749
v 0.26049 0.02785 0.05746
v 0.26134 0.02770 0.05629
v 0.26130 0.02785 0.05627
v 0.26206 0.02770 0.05503
v 0.26202 0.02785 0.05501
v 0.26268 0.02770 0.05371
v 0.26264 0.02785 0.05370
v 0.22754 0.02796 0.04349
v 0.22736 0.02796 0.04492
v 0.22729 0.02796 0.04636
v 0.22733 0.02796 0.04780
v 0.22749 0.02796 0.04923
v 0.22776 0.02796 0.05065
v 0.22814 0.02796 0.05204
v 0.22863 0.02796 0.05339
v 0.22922 0.02796 0.05471
v 0.22992 0.02796 0.05597
v 0.23071 0.02796 0.05717
v 0.23159 0.02796 0.05831
v 0.23256 0.02796 0.05938
v 0.23361 0.02796 0.06036
v 0.23474 0.02796 0.06126
v 0.23593 0.02796 0.06207
v 0.23718 0.02796 0.06279
v 0.23849 0.02796 0.06340
v 0.23983 0.02796 0.06391
v 0.24122 0.02796 0.06431
v 0.24263 0.02796 0.06460
v 0.24406 0.02796 0.06478
v 0.24550 0.02796 0.06485
v 0.24694 0.02796 0.06480
v 0.24837 0.02796 0.06465
v 0.24979 0.02796 0.06438
v 0.25117 0.02796 0.06400
v 0.25253 0.02796 0.06351
v 0.25384 0.02796 0.06291
v 0.25511 0.02796 0.06222
v 0.25631 0.02796 0.06143
v 0.25745 0.02796 0.06054
v 0.25851 0.02796 0.05957
v 0.25950 0.02796 0.05852
v 0.26040 0.02796 0.05740
v 0.26121 0.02796 0.05621
v 0.26192 0.02796 0.05496
v 0.26254 0.02796 0.05365
v 0.26319 0.02500 0.05235
v 0.26206 0.02500 0.05503
v 0.26052 0.02500 0.05749
v 0.25862 0.02500 0.05968
v 0.25640 0.02500 0.06155
v 0.25391 0.02500 0.06305
v 0.25122 0.02500 0.06414
v 0.24839 0.02500 0.06479
v 0.24550 0.02500 0.06500
v 0.24260 0.02500 0.06475
v 0.23979 0.02500 0.06405
v 0.23711 0.02500 0.06292
v 0.23465 0.02500 0.06138
v 0.23246 0.02500 0.05948
v 0.23059 0.02500 0.05726
v 0.22909 0.02500 0.05477
v 0.22800 0.02500 0.05208
v 0.22734 0.02500 0.04925
v 0.22714 0.02500 0.04636
v 0.22739 0.02500 0.04347
v 0.22809 0.02500 0.04065
v 0.22922 0.02500 0.03798
v 0.23075 0.02500 0.03551
v 0.23266 0.02500 0.03332
v 0.23488 0.02500 0.03145
v 0.23737 0.02500 0.02995
v 0.24006 0.02500 0.02886
v 0.24288 0.02500 0.02821
v 0.24578 0.02500 0.02800
v 0.24867 0.02500 0.02825
v 0.25149 0.02500 0.02895
v 0.25416 0.02500 0.03008
v 0.25663 0.02500 0.03162
v 0.25882 0.02500 0.03352
v 0.26069 0.02500 0.03574
v 0.26219 0.02500 0.03823
v 0.26327 0.02500 0.04092
v 0.26393 0.02500 0.04375
v 0.26414 0.02500 0.04664
v 0.26389 0.02500 0.04953
v 0.25842 0.02500 0.03865
v 0.25959 0.02500 0.04099
v 0.26033 0.02500 0.04349
v 0.26063 0.02500 0.04609
v 0.26048 0.02500 0.04870
v 0.25987 0.02500 0.05124
v 0.25883 0.02500 0.05364
v 0.25739 0.02500 0.05583
v 0.25559 0.02500 0.05772
v 0.25349 0.02500 0.05928
v 0.25115 0.02500 0.06045
v 0.24864 0.02500 0.06120
v 0.24605 0.02500 0.06149
v 0.24344 0.02500 0.06134
v 0.24089 0.02500 0.06073
v 0.23849 0.02500 0.05969
v 0.23631 0.02500 0.05825
v 0.23441 0.02500 0.05645
v 0.23286 0.02500 0.05435
v 0.23779 0.02500 0.03372
v 0.24013 0.02500 0.03255
v 0.24263 0.02500 0.03180
v 0.24523 0.02500 0.03151
v 0.24784 0.02500 0.03166
v 0.25038 0.02500 0.03227
v 0.25278 0.02500 0.03331
v 0.25496 0.02500 0.03475
v 0.25686 0.02500 0.03655
v 0.23169 0.02500 0.05201
v 0.23094 0.02500 0.04951
v 0.23064 0.02500 0.04691
v 0.23080 0.02500 0.04430
v 0.23141 0.02500 0.04176
v 0.23245 0.02500 0.03936
v 0.23389 0.02500 0.03718
v 0.23569 0.02500 0.03528
v 0.25987 0.02770 0.05124
v 0.26023 0.02770 0.04999
v 0.26048 0.02770 0.04870
v 0.26061 0.02770 0.04740
v 0.26063 0.02770 0.04609
v 0.26054 0.02770 0.04479
v 0.26033 0.02770 0.04349
v 0.26002 0.02770 0.04222
v 0.25959 0.02770 0.04099
v 0.25905 0.02770 0.03979
v 0.25842 0.02770 0.03865
v 0.25769 0.02770 0.03757
v 0.25686 0.02770 0.03655
v 0.25595 0.02770 0.03561
v 0.25496 0.02770 0.03475
v 0.25390 0.02770 0.03398
v 0.25278 0.02770 0.03331
v 0.25160 0.02770 0.03274
v 0.25038 0.02770 0.03227
v 0.24912 0.02770 0.03191
v 0.24784 0.02770 0.03166
v 0.24654 0.02770 0.03153
v 0.24523 0.02770 0.03151
v 0.24392 0.02770 0.03160
v 0.24263 0.02770 0.03180
v 0.24136 0.02770 0.03212
v 0.24013 0.02770 0.03255
v 0.23893 0.02770 0.03308
v 0.23779 0.02770 0.03372
v 0.23670 0.02770 0.03445
v 0.23569 0.02770 0.03528
v 0.23475 0.02770 0.03619
v 0.23389 0.02770 0.03718
v 0.23312 0.02770 0.03823
v 0.23141 0.02770 0.04176
v 0.23188 0.02770 0.04053
v 0.23245 0.02770 0.03936
v 0.23105 0.02770 0.04301
v 0.23080 0.02770 0.04430
v 0.23066 0.02770 0.04560
v 0.23064 0.02770 0.04691
v 0.23074 0.02770 0.04821
v 0.23094 0.02770 0.04951
v 0.23126 0.02770 0.05078
v 0.23169 0.02770 0.05201
v 0.23222 0.02770 0.05321
v 0.23286 0.02770 0.05435
v 0.23359 0.02770 0.05544
v 0.23441 0.02770 0.05645
v 0.23532 0.02770 0.05739
v 0.23631 0.02770 0.05825
v 0.23737 0.02770 0.05902
v 0.23849 0.02770 0.05969
v 0.23967 0.02770 0.06026
v 0.24089 0.02770 0.06073
v 0.24215 0.02770 0.06109
v 0.24344 0.02770 0.06134
v 0.24474 0.02770 0.06147
v 0.24605 0.02770 0.06149
v 0.24735 0.02770 0.06140
v 0.24864 0.02770 0.06120
v 0.24991 0.02770 0.06088
v 0.25115 0.02770 0.06045
v 0.25235 0.02770 0.05992
v 0.25349 0.02770 0.05928
v 0.25457 0.02770 0.05855
v 0.25559 0.02770 0.05772
v 0.25653 0.02770 0.05681
v 0.25739 0.02770 0.05583
v 0.25816 0.02770 0.05477
v 0.25940 0.02770 0.05247
v 0.25883 0.02770 0.05364
v 0.23137 0.02785 0.04174
v 0.23101 0.02785 0.04301
v 0.23127 0.02796 0.04171
v 0.23090 0.02796 0.04298
v 0.23112 0.02800 0.04166
v 0.23076 0.02800 0.04294
v 0.23050 0.02800 0.04426
v 0.23065 0.02796 0.04428
v 0.23037 0.02800 0.04558
v 0.23052 0.02796 0.04559
v 0.23034 0.02800 0.04692
v 0.23049 0.02796 0.04691
v 0.23044 0.02800 0.04825
v 0.23059 0.02796 0.04823
v 0.23065 0.02800 0.04957
v 0.23080 0.02796 0.04954
v 0.23097 0.02800 0.05086
v 0.23112 0.02796 0.05082
v 0.23141 0.02800 0.05212
v 0.23155 0.02796 0.05207
v 0.23195 0.02800 0.05334
v 0.23209 0.02796 0.05327
v 0.23260 0.02800 0.05451
v 0.23273 0.02796 0.05443
v 0.23335 0.02800 0.05561
v 0.23347 0.02796 0.05553
v 0.23419 0.02800 0.05665
v 0.23430 0.02796 0.05655
v 0.23512 0.02800 0.05761
v 0.23522 0.02796 0.05750
v 0.23613 0.02800 0.05848
v 0.23622 0.02796 0.05837
v 0.23721 0.02800 0.05927
v 0.23729 0.02796 0.05914
v 0.23835 0.02800 0.05995
v 0.23842 0.02796 0.05982
v 0.23955 0.02800 0.06054
v 0.23961 0.02796 0.06040
v 0.24080 0.02800 0.06102
v 0.24085 0.02796 0.06087
v 0.24208 0.02800 0.06138
v 0.24212 0.02796 0.06124
v 0.24339 0.02800 0.06163
v 0.24341 0.02796 0.06149
v 0.24472 0.02800 0.06177
v 0.24473 0.02796 0.06162
v 0.24605 0.02800 0.06179
v 0.24605 0.02796 0.06164
v 0.24739 0.02800 0.06170
v 0.24737 0.02796 0.06155
v 0.24870 0.02800 0.06149
v 0.24867 0.02796 0.06134
v 0.25000 0.02800 0.06117
v 0.24996 0.02796 0.06102
v 0.25126 0.02800 0.06073
v 0.25121 0.02796 0.06059
v 0.25248 0.02800 0.06019
v 0.25241 0.02796 0.06005
v 0.25365 0.02800 0.05954
v 0.25357 0.02796 0.05941
v 0.25475 0.02800 0.05879
v 0.25466 0.02796 0.05867
v 0.25579 0.02800 0.05795
v 0.25569 0.02796 0.05784
v 0.25675 0.02800 0.05702
v 0.25664 0.02796 0.05692
v 0.25762 0.02800 0.05601
v 0.25750 0.02796 0.05592
v 0.25841 0.02800 0.05493
v 0.25828 0.02796 0.05485
v 0.25909 0.02800 0.05379
v 0.25896 0.02796 0.05372
v 0.25968 0.02800 0.05259
v 0.25954 0.02796 0.05253
v 0.26015 0.02800 0.05134
v 0.26001 0.02796 0.05129
v 0.23076 0.02785 0.04429
v 0.23062 0.02785 0.04560
v 0.23060 0.02785 0.04691
v 0.23070 0.02785 0.04822
v 0.23090 0.02785 0.04951
v 0.23122 0.02785 0.05079
v 0.23165 0.02785 0.05203
v 0.23219 0.02785 0.05323
v 0.23282 0.02785 0.05437
v 0.23356 0.02785 0.05546
v 0.23438 0.02785 0.05648
v 0.23530 0.02785 0.05742
v 0.23629 0.02785 0.05828
v 0.23735 0.02785 0.05905
v 0.23848 0.02785 0.05973
v 0.23966 0.02785 0.06030
v 0.24088 0.02785 0.06077
v 0.24214 0.02785 0.06113
v 0.24343 0.02785 0.06138
v 0.24474 0.02785 0.06151
v 0.24605 0.02785 0.06154
v 0.24736 0.02785 0.06144
v 0.24865 0.02785 0.06124
v 0.24993 0.02785 0.06092
v 0.25117 0.02785 0.06049
v 0.25236 0.02785 0.05995
v 0.25351 0.02785 0.05932
v 0.25460 0.02785 0.05858
v 0.25561 0.02785 0.05775
v 0.25656 0.02785 0.05684
v 0.25742 0.02785 0.05585
v 0.25819 0.02785 0.05479
v 0.25886 0.02785 0.05366
v 0.25944 0.02785 0.05248
v 0.25991 0.02785 0.05126
v 0.26027 0.02785 0.05000
v 0.26037 0.02796 0.05002
v 0.26052 0.02800 0.05006
v 0.26077 0.02800 0.04875
v 0.26062 0.02796 0.04872
v 0.26091 0.02800 0.04742
v 0.26076 0.02796 0.04741
v 0.26093 0.02800 0.04608
v 0.26078 0.02796 0.04609
v 0.26084 0.02800 0.04475
v 0.26069 0.02796 0.04477
v 0.26063 0.02800 0.04343
v 0.26048 0.02796 0.04346
v 0.26030 0.02800 0.04214
v 0.26016 0.02796 0.04218
v 0.25987 0.02800 0.04088
v 0.25973 0.02796 0.04093
v 0.25932 0.02800 0.03966
v 0.25919 0.02796 0.03973
v 0.25867 0.02800 0.03849
v 0.25855 0.02796 0.03857
v 0.25793 0.02800 0.03739
v 0.25781 0.02796 0.03748
v 0.25709 0.02800 0.03635
v 0.25697 0.02796 0.03645
v 0.25616 0.02800 0.03539
v 0.25605 0.02796 0.03550
v 0.25515 0.02800 0.03452
v 0.25506 0.02796 0.03463
v 0.25407 0.02800 0.03373
v 0.25399 0.02796 0.03386
v 0.25292 0.02800 0.03305
v 0.25285 0.02796 0.03318
v 0.25172 0.02800 0.03246
v 0.25166 0.02796 0.03260
v 0.25048 0.02800 0.03199
v 0.25043 0.02796 0.03213
v 0.24919 0.02800 0.03162
v 0.24916 0.02796 0.03177
v 0.24788 0.02800 0.03137
v 0.24786 0.02796 0.03151
v 0.24656 0.02800 0.03123
v 0.24655 0.02796 0.03138
v 0.24522 0.02800 0.03121
v 0.24523 0.02796 0.03136
v 0.24389 0.02800 0.03130
v 0.24391 0.02796 0.03145
v 0.24257 0.02800 0.03151
v 0.24260 0.02796 0.03166
v 0.24128 0.02800 0.03184
v 0.24132 0.02796 0.03198
v 0.24002 0.02800 0.03227
v 0.24007 0.02796 0.03241
v 0.23880 0.02800 0.03281
v 0.23886 0.02796 0.03295
v 0.23763 0.02800 0.03346
v 0.23771 0.02796 0.03359
v 0.23652 0.02800 0.03421
v 0.23661 0.02796 0.03433
v 0.23549 0.02800 0.03505
v 0.23559 0.02796 0.03516
v 0.23453 0.02800 0.03598
v 0.23464 0.02796 0.03608
v 0.23365 0.02800 0.03699
v 0.23377 0.02796 0.03708
v 0.23287 0.02800 0.03807
v 0.23300 0.02796 0.03815
v 0.23218 0.02800 0.03921
v 0.23232 0.02796 0.03929
v 0.23160 0.02800 0.04041
v 0.23174 0.02796 0.04047
v 0.26052 0.02785 0.04871
v 0.26065 0.02785 0.04740
v 0.26067 0.02785 0.04609
v 0.26058 0.02785 0.04478
v 0.26037 0.02785 0.04349
v 0.26005 0.02785 0.04221
v 0.25963 0.02785 0.04097
v 0.25909 0.02785 0.03978
v 0.25845 0.02785 0.03863
v 0.25772 0.02785 0.03754
v 0.25689 0.02785 0.03652
v 0.25598 0.02785 0.03558
v 0.25499 0.02785 0.03472
v 0.25393 0.02785 0.03395
v 0.25280 0.02785 0.03328
v 0.25162 0.02785 0.03270
v 0.25039 0.02785 0.03223
v 0.24913 0.02785 0.03187
v 0.24785 0.02785 0.03162
v 0.24654 0.02785 0.03149
v 0.24523 0.02785 0.03147
v 0.24392 0.02785 0.03156
v 0.24262 0.02785 0.03177
v 0.24135 0.02785 0.03208
v 0.24011 0.02785 0.03251
v 0.23891 0.02785 0.03305
v 0.23777 0.02785 0.03369
v 0.23668 0.02785 0.03442
v 0.23566 0.02785 0.03525
v 0.23472 0.02785 0.03616
v 0.23386 0.02785 0.03715
v 0.23309 0.02785 0.03821
v 0.23241 0.02785 0.03934
v 0.23184 0.02785 0.04052
v 0.25797 0.02800 0.05629
v 0.25949 0.02800 0.05400
v 0.23070 0.02800 0.04152
v 0.23006 0.02800 0.04419
v 0.26122 0.02800 0.04881
v 0.26138 0.02800 0.04607
v 0.26058 0.02800 0.05148
v 0.25143 0.02800 0.06115
v 0.25388 0.02800 0.05992
v 0.24333 0.02800 0.06208
v 0.24607 0.02800 0.06224
v 0.25609 0.02800 0.05829
v 0.23330 0.02800 0.03671
v 0.23179 0.02800 0.03900
v 0.26029 0.02800 0.04071
v 0.25906 0.02800 0.03826
v 0.26107 0.02800 0.04334
v 0.24066 0.02800 0.06144
v 0.23021 0.02800 0.04966
v 0.23099 0.02800 0.05229
v 0.23739 0.02800 0.03308
v 0.23519 0.02800 0.03472
v 0.24879 0.02800 0.06193
v 0.23585 0.02800 0.05884
v 0.23814 0.02800 0.06035
v 0.23222 0.02800 0.05474
v 0.23385 0.02800 0.05695
v 0.22989 0.02800 0.04693
v 0.25543 0.02800 0.03416
v 0.25314 0.02800 0.03265
v 0.24248 0.02800 0.03107
v 0.23985 0.02800 0.03185
v 0.25062 0.02800 0.03156
v 0.24795 0.02800 0.03092
v 0.25742 0.02800 0.03605
v 0.24521 0.02800 0.03076
v 0.23070 0.02750 0.04152
v 0.23179 0.02750 0.03900
v 0.23330 0.02750 0.03671
v 0.23519 0.02750 0.03472
v 0.23739 0.02750 0.03308
v 0.23985 0.02750 0.03185
v 0.24248 0.02750 0.03107
v 0.24521 0.02750 0.03076
v 0.24795 0.02750 0.03092
v 0.25062 0.02750 0.03156
v 0.25314 0.02750 0.03265
v 0.25543 0.02750 0.03416
v 0.25742 0.02750 0.03605
v 0.25906 0.02750 0.03826
v 0.26029 0.02750 0.04071
v 0.26107 0.02750 0.04334
v 0.26138 0.02750 0.04607
v 0.26122 0.02750 0.04881
v 0.26058 0.02750 0.05148
v 0.24066 0.02750 0.06144
v 0.24143 0.02750 0.06375
v 0.24333 0.02750 0.06208
v 0.24433 0.02750 0.06420
v 0.24607 0.02750 0.06224
v 0.24726 0.02750 0.06418
v 0.24879 0.02750 0.06193
v 0.25015 0.02750 0.06367
v 0.25143 0.02750 0.06115
v 0.25291 0.02750 0.06269
v 0.25388 0.02750 0.05992
v 0.25548 0.02750 0.06127
v 0.25609 0.02750 0.05829
v 0.25777 0.02750 0.05945
v 0.25797 0.02750 0.05629
v 0.25974 0.02750 0.05728
v 0.25949 0.02750 0.05400
v 0.26132 0.02750 0.05481
v 0.26248 0.02750 0.05211
v 0.26317 0.02750 0.04927
v 0.26339 0.02750 0.04634
v 0.26312 0.02750 0.04342
v 0.26237 0.02750 0.04059
v 0.26117 0.02750 0.03791
v 0.25955 0.02750 0.03547
v 0.25754 0.02750 0.03333
v 0.25521 0.02750 0.03156
v 0.25262 0.02750 0.03018
v 0.24984 0.02750 0.02926
v 0.24695 0.02750 0.02880
v 0.24402 0.02750 0.02882
v 0.24113 0.02750 0.02933
v 0.23836 0.02750 0.03031
v 0.23580 0.02750 0.03173
v 0.23350 0.02750 0.03355
v 0.23153 0.02750 0.03572
v 0.22995 0.02750 0.03819
v 0.22880 0.02750 0.04089
v 0.23006 0.02750 0.04419
v 0.22810 0.02750 0.04373
v 0.22989 0.02750 0.04693
v 0.22789 0.02750 0.04666
v 0.23021 0.02750 0.04966
v 0.22816 0.02750 0.04958
v 0.23099 0.02750 0.05229
v 0.22890 0.02750 0.05241
v 0.23222 0.02750 0.05474
v 0.23010 0.02750 0.05509
v 0.23385 0.02750 0.05695
v 0.23173 0.02750 0.05753
v 0.23585 0.02750 0.05884
v 0.23373 0.02750 0.05967
v 0.23814 0.02750 0.06035
v 0.23606 0.02750 0.06145
v 0.23865 0.02750 0.06282
v 0.22295 0.04000 0.05026
v 0.22245 0.03950 0.05034
v 0.22334 0.03950 0.05392
v 0.22381 0.04000 0.05376
v 0.22477 0.03950 0.05731
v 0.22522 0.04000 0.05708
v 0.22672 0.03950 0.06044
v 0.22712 0.04000 0.06015
v 0.22914 0.03950 0.06323
v 0.22949 0.04000 0.06288
v 0.23196 0.03950 0.06561
v 0.23225 0.04000 0.06520
v 0.23511 0.03950 0.06751
v 0.23534 0.04000 0.06707
v 0.23853 0.03950 0.06890
v 0.23868 0.04000 0.06842
v 0.24212 0.03950 0.06974
v 0.24220 0.04000 0.06924
v 0.24580 0.03950 0.07000
v 0.24580 0.04000 0.06950
v 0.24947 0.03950 0.06969
v 0.24939 0.04000 0.06919
v 0.25305 0.03950 0.06880
v 0.25290 0.04000 0.06833
v 0.25645 0.03950 0.06736
v 0.25622 0.04000 0.06692
v 0.25958 0.03950 0.06542
v 0.25929 0.04000 0.06501
v 0.26237 0.03950 0.06300
v 0.26201 0.04000 0.06265
v 0.26474 0.03950 0.06018
v 0.26434 0.04000 0.05989
v 0.26665 0.03950 0.05702
v 0.26620 0.04000 0.05680
v 0.26804 0.03950 0.05361
v 0.26756 0.04000 0.05346
v 0.26887 0.03950 0.05002
v 0.26838 0.04000 0.04994
v 0.26914 0.03950 0.04634
v 0.26864 0.04000 0.04634
v 0.26882 0.03950 0.04266
v 0.26833 0.04000 0.04275
v 0.22899 0.04000 0.03965
v 0.22372 0.04000 0.03954
v 0.22802 0.04000 0.04283
v 0.22290 0.04000 0.04306
v 0.22764 0.04000 0.04613
v 0.22264 0.04000 0.04666
v 0.22788 0.04000 0.04944
v 0.22872 0.04000 0.05265
v 0.23014 0.04000 0.05566
v 0.24435 0.04000 0.02855
v 0.24188 0.04000 0.02381
v 0.24107 0.04000 0.02909
v 0.23838 0.04000 0.02468
v 0.23795 0.04000 0.03022
v 0.23505 0.04000 0.02608
v 0.23509 0.04000 0.03191
v 0.23199 0.04000 0.02799
v 0.23259 0.04000 0.03410
v 0.22926 0.04000 0.03035
v 0.23053 0.04000 0.03671
v 0.22694 0.04000 0.03311
v 0.22507 0.04000 0.03620
v 0.26114 0.04000 0.03735
v 0.26415 0.04000 0.03285
v 0.25919 0.04000 0.03465
v 0.26179 0.04000 0.03013
v 0.25678 0.04000 0.03237
v 0.25903 0.04000 0.02780
v 0.25399 0.04000 0.03056
v 0.25594 0.04000 0.02594
v 0.25092 0.04000 0.02929
v 0.25259 0.04000 0.02458
v 0.24767 0.04000 0.02862
v 0.24908 0.04000 0.02376
v 0.24548 0.04000 0.02350
v 0.24693 0.04000 0.06445
v 0.25020 0.04000 0.06391
v 0.25332 0.04000 0.06278
v 0.25618 0.04000 0.06109
v 0.25868 0.04000 0.05890
v 0.26074 0.04000 0.05629
v 0.26228 0.04000 0.05335
v 0.26326 0.04000 0.05018
v 0.26363 0.04000 0.04688
v 0.26340 0.04000 0.04356
v 0.26255 0.04000 0.04035
v 0.26746 0.04000 0.03924
v 0.26606 0.04000 0.03592
v 0.23209 0.04000 0.05835
v 0.23449 0.04000 0.06064
v 0.23728 0.04000 0.06244
v 0.24035 0.04000 0.06371
v 0.24360 0.04000 0.06439
v 0.26794 0.03950 0.03908
v 0.26650 0.03950 0.03569
v 0.26455 0.03950 0.03256
v 0.26214 0.03950 0.02977
v 0.25932 0.03950 0.02739
v 0.25616 0.03950 0.02549
v 0.25275 0.03950 0.02410
v 0.24915 0.03950 0.02327
v 0.24548 0.03950 0.02300
v 0.24180 0.03950 0.02332
v 0.23822 0.03950 0.02420
v 0.23482 0.03950 0.02564
v 0.23169 0.03950 0.02758
v 0.22891 0.03950 0.03000
v 0.22653 0.03950 0.03282
v 0.22463 0.03950 0.03598
v 0.22324 0.03950 0.03939
v 0.22240 0.03950 0.04298
v 0.22214 0.03950 0.04666
v 0.22245 0.03350 0.05034
v 0.22214 0.03350 0.04666
v 0.22240 0.03350 0.04298
v 0.22324 0.03350 0.03939
v 0.22463 0.03350 0.03598
v 0.22653 0.03350 0.03282
v 0.22891 0.03350 0.03000
v 0.23169 0.03350 0.02758
v 0.23482 0.03350 0.02564
v 0.23822 0.03350 0.02420
v 0.24180 0.03350 0.02332
v 0.24548 0.03350 0.02300
v 0.24915 0.03350 0.02327
v 0.25275 0.03350 0.02410
v 0.25616 0.03350 0.02549
v 0.25932 0.03350 0.02739
v 0.26214 0.03350 0.02977
v 0.26455 0.03350 0.03256
v 0.26650 0.03350 0.03569
v 0.26794 0.03350 0.03908
v 0.26882 0.03350 0.04266
v 0.26914 0.03350 0.04634
v 0.26887 0.03350 0.05002
v 0.26804 0.03350 0.05361
v 0.26665 0.03350 0.05702
v 0.26474 0.03350 0.06018
v 0.26237 0.03350 0.06300
v 0.25958 0.03350 0.06542
v 0.25645 0.03350 0.06736
v 0.25305 0.03350 0.06880
v 0.24947 0.03350 0.06969
v 0.24580 0.03350 0.07000
v 0.24212 0.03350 0.06974
v 0.23853 0.03350 0.06890
v 0.23511 0.03350 0.06751
v 0.23196 0.03350 0.06561
v 0.22914 0.03350 0.06323
v 0.22672 0.03350 0.06044
v 0.22477 0.03350 0.05731
v 0.22334 0.03350 0.05392
v 0.26833 0.03300 0.04275
v 0.26864 0.03300 0.04634
v 0.26838 0.03300 0.04994
v 0.26756 0.03300 0.05346
v 0.26620 0.03300 0.05680
v 0.26434 0.03300 0.05989
v 0.26201 0.03300 0.06265
v 0.25929 0.03300 0.06501
v 0.25622 0.03300 0.06692
v 0.25290 0.03300 0.06833
v 0.24939 0.03300 0.06919
v 0.24580 0.03300 0.06950
v 0.24220 0.03300 0.06924
v 0.23868 0.03300 0.06842
v 0.23534 0.03300 0.06707
v 0.23225 0.03300 0.06520
v 0.22949 0.03300 0.06288
v 0.22712 0.03300 0.06015
v 0.22522 0.03300 0.05708
v 0.22381 0.03300 0.05376
v 0.22295 0.03300 0.05026
v 0.25919 0.03300 0.03465
v 0.26415 0.03300 0.03285
v 0.26114 0.03300 0.03735
v 0.26606 0.03300 0.03592
v 0.26255 0.03300 0.04035
v 0.26746 0.03300 0.03924
v 0.26340 0.03300 0.04356
v 0.26363 0.03300 0.04688
v 0.26326 0.03300 0.05018
v 0.24107 0.03300 0.02909
v 0.24188 0.03300 0.02381
v 0.24435 0.03300 0.02855
v 0.24548 0.03300 0.02350
v 0.24767 0.03300 0.02862
v 0.24908 0.03300 0.02376
v 0.25092 0.03300 0.02929
v 0.25259 0.03300 0.02458
v 0.25399 0.03300 0.03056
v 0.25594 0.03300 0.02594
v 0.25678 0.03300 0.03237
v 0.25903 0.03300 0.02780
v 0.26179 0.03300 0.03013
v 0.22802 0.03300 0.04283
v 0.22372 0.03300 0.03954
v 0.22899 0.03300 0.03965
v 0.22507 0.03300 0.03620
v 0.23053 0.03300 0.03671
v 0.22694 0.03300 0.03311
v 0.23259 0.03300 0.03410
v 0.22926 0.03300 0.03035
v 0.23509 0.03300 0.03191
v 0.23199 0.03300 0.02799
v 0.23795 0.03300 0.03022
v 0.23505 0.03300 0.02608
v 0.23838 0.03300 0.02468
v 0.23209 0.03300 0.05835
v 0.23014 0.03300 0.05566
v 0.22872 0.03300 0.05265
v 0.22788 0.03300 0.04944
v 0.22764 0.03300 0.04613
v 0.22264 0.03300 0.04666
v 0.22290 0.03300 0.04306
v 0.26228 0.03300 0.05335
v 0.26074 0.03300 0.05629
v 0.25868 0.03300 0.05890
v 0.25618 0.03300 0.06109
v 0.25332 0.03300 0.06278
v 0.25020 0.03300 0.06391
v 0.24693 0.03300 0.06445
v 0.24360 0.03300 0.06439
v 0.24035 0.03300 0.06371
v 0.23728 0.03300 0.06244
v 0.23449 0.03300 0.06064
v 0.22837 0.03350 0.04936
v 0.22814 0.03350 0.04614
v 0.22851 0.03350 0.04293
v 0.22945 0.03350 0.03984
v 0.23095 0.03350 0.03698
v 0.23295 0.03350 0.03444
v 0.23538 0.03350 0.03232
v 0.23817 0.03350 0.03068
v 0.24120 0.03350 0.02957
v 0.24439 0.03350 0.02905
v 0.24762 0.03350 0.02911
v 0.25078 0.03350 0.02977
v 0.25376 0.03350 0.03100
v 0.25647 0.03350 0.03276
v 0.25881 0.03350 0.03498
v 0.26071 0.03350 0.03760
v 0.26208 0.03350 0.04052
v 0.26290 0.03350 0.04364
v 0.26290 0.03950 0.04364
v 0.26208 0.03950 0.04052
v 0.26071 0.03950 0.03760
v 0.25881 0.03950 0.03498
v 0.25647 0.03950 0.03276
v 0.25376 0.03950 0.03100
v 0.25078 0.03950 0.02977
v 0.24762 0.03950 0.02911
v 0.24439 0.03950 0.02905
v 0.24120 0.03950 0.02957
v 0.23817 0.03950 0.03068
v 0.23538 0.03950 0.03232
v 0.23295 0.03950 0.03444
v 0.23095 0.03950 0.03698
v 0.22945 0.03950 0.03984
v 0.22851 0.03950 0.04293
v 0.22814 0.03950 0.04614
v 0.22837 0.03950 0.04936
v 0.22919 0.03350 0.05248
v 0.22919 0.03950 0.05248
v 0.23057 0.03350 0.05540
v 0.23057 0.03950 0.05540
v 0.23246 0.03350 0.05802
v 0.23246 0.03950 0.05802
v 0.23480 0.03350 0.06024
v 0.23480 0.03950 0.06024
v 0.23751 0.03350 0.06200
v 0.23751 0.03950 0.06200
v 0.24050 0.03350 0.06323
v 0.24050 0.03950 0.06323
v 0.24366 0.03350 0.06389
v 0.24366 0.03950 0.06389
v 0.24689 0.03350 0.06396
v 0.24689 0.03950 0.06396
v 0.25008 0.03350 0.06343
v 0.25008 0.03950 0.06343
v 0.25311 0.03350 0.06232
v 0.25311 0.03950 0.06232
v 0.25589 0.03350 0.06068
v 0.25589 0.03950 0.06068
v 0.25832 0.03350 0.05856
v 0.25832 0.03950 0.05856
v 0.26032 0.03350 0.05602
v 0.26032 0.03950 0.05602
v 0.26182 0.03350 0.05316
v 0.26182 0.03950 0.05316
v 0.26277 0.03350 0.05007
v 0.26277 0.03950 0.05007
v 0.26313 0.03350 0.04686
v 0.26313 0.03950 0.04686
f 1 2 3
f 1 3 4
f 4 3 5
f 4 5 6
f 6 5 7
f 6 7 8
f 8 7 9
f 8 9 10
f 10 9 11
f 10 11 12
f 12 11 13
f 12 13 14
f 14 13 15
f 14 15 16
f 16 15 17
f 16 17 18
f 19 20 21
f 21 20 22
f 22 20 23
f 22 23 24
f 25 26 27
f 27 26 28
f 29 30 31
f 32 33 34
f 34 33 19
f 34 19 35
f 35 19 21
f 36 37 38
f 38 37 39
f 38 39 18
f 18 39 24
f 18 24 16
f 16 24 23
f 16 23 14
f 14 23 40
f 41 42 43
f 43 42 30
f 43 30 44
f 44 30 29
f 45 46 47
f 47 46 48
f 49 50 30
f 30 50 51
f 30 51 31
f 31 51 52
f 31 52 53
f 53 52 54
f 53 54 55
f 55 54 56
f 55 56 40
f 31 57 58
f 58 57 59
f 58 59 60
f 41 43 48
f 48 43 61
f 48 61 47
f 6 62 4
f 4 62 63
f 4 63 1
f 1 63 64
f 6 8 62
f 62 8 10
f 62 10 40
f 40 10 12
f 40 12 14
f 65 66 67
f 67 66 68
f 67 68 69
f 69 68 70
f 69 70 71
f 71 70 72
f 71 72 73
f 74 62 75
f 75 62 40
f 75 40 76
f 76 40 56
f 77 78 79
f 80 81 82
f 82 81 28
f 82 28 83
f 83 28 26
f 84 85 27
f 27 85 86
f 27 86 25
f 87 88 89
f 89 88 90
f 89 90 58
f 58 90 91
f 58 91 31
f 31 91 92
f 31 92 29
f 93 94 95
f 95 94 96
f 95 96 97
f 98 99 100
f 100 99 101
f 100 101 97
f 97 101 102
f 97 102 95
f 65 103 66
f 66 103 104
f 66 104 98
f 98 104 105
f 98 105 99
f 73 72 74
f 74 72 106
f 74 106 62
f 62 106 77
f 62 77 107
f 107 77 79
f 107 79 108
f 109 110 111
f 111 110 88
f 111 88 112
f 112 88 87
f 113 114 115
f 115 114 1
f 115 1 116
f 116 1 64
f 117 118 119
f 103 120 104
f 104 120 121
f 104 121 122
f 123 124 59
f 59 124 125
f 59 125 60
f 119 126 117
f 117 126 127
f 117 127 128
f 128 127 122
f 128 122 129
f 129 122 121
f 49 30 27
f 27 30 130
f 27 130 84
f 131 121 120
f 131 120 132
f 132 120 103
f 132 103 133
f 133 103 65
f 133 65 134
f 134 65 67
f 134 67 135
f 135 67 69
f 135 69 136
f 136 69 71
f 136 71 137
f 137 71 73
f 137 73 138
f 138 73 74
f 138 74 139
f 139 74 75
f 139 75 140
f 140 75 76
f 140 76 141
f 141 76 56
f 141 56 142
f 142 56 54
f 142 54 143
f 143 54 52
f 143 52 144
f 144 52 51
f 144 51 145
f 145 51 50
f 145 50 146
f 146 50 49
f 146 49 147
f 147 49 27
f 147 27 148
f 149 150 151
f 152 153 154
f 131 155 156
f 156 155 157
f 131 132 155
f 155 132 133
f 155 133 158
f 133 134 158
f 158 134 135
f 158 135 159
f 159 135 136
f 159 136 160
f 160 136 137
f 160 137 161
f 161 137 138
f 161 138 162
f 162 138 139
f 162 139 163
f 163 139 140
f 163 140 164
f 164 140 141
f 164 141 165
f 151 166 149
f 149 166 167
f 149 167 168
f 168 167 169
f 168 169 170
f 171 172 173
f 173 172 152
f 173 152 174
f 174 152 154
f 141 142 165
f 165 142 143
f 165 143 175
f 175 143 144
f 175 144 176
f 176 144 145
f 176 145 177
f 177 145 146
f 177 146 178
f 178 146 147
f 178 147 179
f 179 147 148
f 179 148 180
f 148 181 180
f 180 181 182
f 180 182 183
f 183 182 168
f 183 168 184
f 184 168 170
f 184 170 185
f 171 156 172
f 172 156 157
f 172 157 186
f 186 157 184
f 186 184 187
f 187 184 185
f 188 189 190
f 191 188 192
f 192 188 190
f 192 190 193
f 193 190 194
f 193 194 195
f 195 194 196
f 197 195 198
f 198 195 196
f 198 196 199
f 199 196 200
f 199 200 201
f 201 200 202
f 202 200 203
f 202 203 204
f 205 206 174
f 207 204 153
f 153 204 203
f 153 203 154
f 154 203 208
f 154 208 174
f 174 208 209
f 174 209 205
f 205 209 210
f 205 210 211
f 212 213 214
f 214 213 215
f 216 217 218
f 218 217 214
f 214 217 219
f 214 219 212
f 191 220 188
f 188 220 215
f 188 215 189
f 189 215 213
f 221 222 218
f 218 222 223
f 218 223 216
f 191 192 220
f 220 192 224
f 220 224 225
f 226 227 228
f 229 230 231
f 232 233 234
f 231 235 236
f 236 235 237
f 236 237 238
f 239 240 241
f 242 243 244
f 245 246 195
f 233 232 247
f 237 248 238
f 238 248 249
f 238 249 250
f 250 249 239
f 250 239 251
f 251 239 241
f 252 253 254
f 232 255 247
f 247 255 256
f 247 256 228
f 228 256 236
f 228 236 226
f 226 236 238
f 255 257 256
f 256 257 258
f 256 258 259
f 234 260 232
f 232 260 261
f 232 261 262
f 262 261 263
f 226 264 227
f 227 264 265
f 227 265 266
f 266 265 267
f 266 267 268
f 268 267 269
f 268 269 270
f 253 252 244
f 244 252 271
f 244 271 242
f 195 272 273
f 224 192 193
f 274 275 276
f 277 229 278
f 278 229 231
f 278 231 279
f 279 231 236
f 254 280 252
f 252 280 259
f 252 259 281
f 281 259 258
f 280 282 259
f 259 282 283
f 259 283 284
f 284 283 285
f 284 285 286
f 286 285 276
f 286 276 287
f 287 276 275
f 245 195 288
f 288 195 273
f 288 273 289
f 276 290 274
f 274 290 291
f 274 291 246
f 246 291 224
f 246 224 195
f 195 224 193
f 292 293 294
f 294 293 244
f 294 244 243
f 293 292 295
f 296 297 298
f 220 225 215
f 215 225 299
f 300 293 301
f 301 293 296
f 301 296 302
f 302 296 298
f 293 295 296
f 296 295 215
f 296 215 303
f 303 215 299
f 303 299 304
f 305 306 307
f 295 292 294
f 305 307 271
f 271 307 308
f 271 308 242
f 242 308 309
f 242 309 243
f 243 309 310
f 243 310 294
f 294 310 295
f 295 310 214
f 295 214 215
f 308 311 312
f 308 312 309
f 309 312 313
f 309 313 310
f 310 313 314
f 310 314 214
f 315 218 314
f 314 218 214
f 218 315 221
f 221 315 316
f 221 316 222
f 222 316 223
f 223 316 317
f 223 317 216
f 216 317 217
f 217 317 318
f 217 318 219
f 219 318 319
f 219 319 212
f 320 321 322
f 323 324 312
f 325 326 327
f 328 329 330
f 331 332 333
f 333 332 334
f 330 335 328
f 328 335 336
f 328 336 337
f 337 336 338
f 337 338 339
f 333 340 331
f 331 340 341
f 331 341 330
f 330 341 342
f 330 342 335
f 332 343 334
f 334 343 344
f 334 344 345
f 346 347 348
f 348 347 349
f 348 349 350
f 350 349 334
f 350 334 351
f 351 334 345
f 337 352 353
f 337 353 354
f 339 355 337
f 337 355 356
f 337 356 352
f 357 356 358
f 355 359 356
f 356 359 360
f 356 360 361
f 362 361 363
f 363 361 364
f 363 364 365
f 365 364 366
f 365 366 367
f 367 366 368
f 367 368 369
f 369 368 370
f 369 370 371
f 371 370 372
f 371 372 373
f 373 372 374
f 373 374 375
f 362 376 361
f 361 376 377
f 361 377 356
f 356 377 378
f 356 378 358
f 375 374 379
f 379 374 380
f 379 380 381
f 381 380 382
f 381 382 358
f 358 382 383
f 358 383 357
f 353 384 354
f 354 384 385
f 354 385 386
f 386 385 387
f 386 387 388
f 388 387 389
f 388 389 390
f 390 389 391
f 390 391 392
f 392 391 393
f 392 393 394
f 395 396 397
f 398 392 396
f 396 392 394
f 396 394 397
f 398 399 400
f 400 399 401
f 400 401 402
f 402 401 403
f 402 403 404
f 403 405 404
f 404 405 406
f 404 406 407
f 407 406 408
f 407 408 409
f 409 408 410
f 409 410 411
f 411 410 412
f 411 412 413
f 413 412 414
f 413 414 415
f 415 414 416
f 415 416 397
f 397 416 417
f 397 417 395
f 418 419 392
f 398 400 392
f 392 400 420
f 392 420 418
f 419 421 392
f 392 421 422
f 392 422 423
f 424 425 426
f 426 427 424
f 424 427 428
f 424 428 429
f 429 428 430
f 429 430 431
f 422 432 423
f 423 432 433
f 423 433 434
f 434 433 435
f 434 435 436
f 436 435 437
f 436 437 425
f 425 437 438
f 438 439 425
f 425 439 440
f 425 440 426
f 426 440 441
f 426 441 442
f 442 441 443
f 442 443 444
f 444 443 445
f 444 445 446
f 446 445 447
f 446 447 448
f 448 447 449
f 448 449 450
f 450 449 451
f 450 451 452
f 452 451 453
f 452 453 454
f 454 453 455
f 454 455 456
f 456 455 457
f 456 457 430
f 430 457 458
f 430 458 431
f 431 459 429
f 429 459 460
f 429 460 461
f 461 460 462
f 461 462 463
f 464 465 466
f 466 467 464
f 464 467 468
f 464 468 469
f 469 468 470
f 469 470 471
f 471 470 472
f 471 472 473
f 473 472 474
f 473 474 475
f 475 474 476
f 475 476 477
f 477 476 478
f 477 478 479
f 479 478 480
f 479 480 481
f 462 482 463
f 463 482 483
f 463 483 484
f 484 483 485
f 484 485 486
f 486 485 487
f 486 487 465
f 464 488 465
f 465 488 489
f 465 489 486
f 486 489 490
f 486 490 327
f 327 326 486
f 486 326 491
f 486 491 492
f 492 491 493
f 492 493 494
f 480 495 481
f 481 495 496
f 481 496 327
f 327 496 497
f 327 497 325
f 498 499 500
f 500 499 501
f 493 502 494
f 494 502 503
f 494 503 504
f 504 503 505
f 504 505 506
f 506 505 507
f 506 507 508
f 509 510 508
f 508 510 511
f 508 511 506
f 506 511 512
f 506 512 499
f 499 512 513
f 499 513 501
f 514 5 515
f 515 5 3
f 515 3 516
f 516 3 2
f 516 2 501
f 501 2 517
f 501 517 500
f 509 518 510
f 510 518 17
f 510 17 519
f 519 17 15
f 519 15 520
f 520 15 13
f 520 13 521
f 521 13 11
f 521 11 522
f 522 11 9
f 522 9 514
f 514 9 7
f 514 7 5
f 498 523 499
f 499 523 322
f 499 322 524
f 524 322 321
f 524 321 525
f 525 321 320
f 525 320 526
f 527 528 529
f 529 528 530
f 320 531 526
f 526 531 532
f 526 532 533
f 533 532 528
f 533 528 534
f 534 528 527
f 534 527 535
f 535 536 534
f 534 536 537
f 534 537 538
f 538 537 539
f 538 539 540
f 540 539 541
f 540 541 542
f 542 541 543
f 542 543 544
f 544 543 545
f 544 545 546
f 546 545 547
f 545 548 547
f 547 548 549
f 547 549 550
f 550 549 551
f 550 551 317
f 317 551 552
f 317 552 553
f 554 555 553
f 556 318 557
f 557 318 317
f 557 317 558
f 558 317 553
f 558 553 559
f 559 553 555
f 553 560 554
f 554 560 210
f 554 210 561
f 561 210 209
f 561 209 562
f 562 209 208
f 562 208 563
f 563 208 203
f 563 203 564
f 564 203 200
f 564 200 565
f 565 200 196
f 565 196 566
f 566 196 194
f 566 194 567
f 567 194 190
f 567 190 568
f 568 190 569
f 568 569 556
f 556 569 319
f 556 319 318
f 317 316 550
f 550 316 315
f 550 315 570
f 570 315 314
f 570 314 324
f 324 314 313
f 324 313 312
f 323 312 571
f 571 312 311
f 571 311 572
f 572 311 573
f 572 573 574
f 575 576 577
f 578 579 580
f 578 581 579
f 579 581 574
f 579 574 582
f 582 574 573
f 581 583 574
f 574 583 584
f 574 584 585
f 585 584 586
f 585 586 587
f 588 589 580
f 580 589 590
f 580 590 578
f 591 592 593
f 593 592 594
f 593 594 587
f 587 594 595
f 587 595 585
f 588 575 589
f 589 575 577
f 589 577 596
f 596 577 597
f 596 597 598
f 598 597 599
f 598 599 600
f 600 599 601
f 600 601 602
f 602 601 603
f 602 603 591
f 591 603 604
f 591 604 592
f 605 606 607
f 585 608 574
f 574 608 609
f 574 609 610
f 610 609 611
f 610 611 607
f 607 611 612
f 612 613 607
f 607 613 614
f 607 614 605
f 605 614 615
f 616 617 618
f 614 619 615
f 615 619 620
f 615 620 621
f 621 620 622
f 621 622 623
f 623 622 624
f 623 624 616
f 625 626 627
f 618 628 616
f 616 628 629
f 616 629 623
f 623 629 625
f 623 625 630
f 630 625 627
f 532 631 528
f 528 631 632
f 528 632 633
f 634 635 528
f 528 635 636
f 528 636 530
f 530 636 637
f 530 637 638
f 638 637 639
f 638 639 640
f 640 639 641
f 640 641 642
f 642 641 643
f 642 643 644
f 644 643 645
f 644 645 646
f 646 645 647
f 646 647 648
f 648 647 649
f 648 649 650
f 650 649 651
f 650 651 633
f 633 651 652
f 633 652 528
f 528 652 634
f 345 653 351
f 351 653 654
f 655 656 657
f 655 657 658
f 658 657 659
f 658 659 660
f 654 653 661
f 661 653 662
f 661 662 663
f 663 662 664
f 663 664 665
f 665 664 666
f 665 666 667
f 667 666 668
f 667 668 669
f 669 668 656
f 669 656 670
f 670 656 655
f 671 672 673
f 673 672 674
f 673 674 675
f 675 674 676
f 675 676 677
f 677 676 678
f 677 678 679
f 679 678 680
f 679 680 681
f 681 680 682
f 681 682 683
f 683 682 684
f 683 684 659
f 659 684 660
f 680 678 685
f 686 687 688
f 688 687 689
f 688 689 685
f 685 689 690
f 685 690 680
f 691 687 692
f 692 687 686
f 692 686 693
f 694 695 693
f 693 686 694
f 694 686 688
f 694 688 696
f 696 688 685
f 696 685 697
f 697 685 678
f 697 678 676
f 698 699 700
f 687 691 698
f 698 700 687
f 687 700 701
f 687 701 689
f 689 701 702
f 689 702 690
f 690 702 682
f 690 682 680
f 660 684 703
f 703 684 704
f 703 704 705
f 705 704 706
f 705 706 707
f 707 706 708
f 707 708 709
f 709 708 710
f 684 682 704
f 704 682 702
f 704 702 706
f 706 702 701
f 706 701 708
f 708 701 700
f 708 700 710
f 710 700 699
f 711 712 713
f 713 712 714
f 715 716 717
f 718 719 720
f 720 719 721
f 720 721 722
f 723 718 724
f 724 718 720
f 724 720 725
f 725 720 722
f 725 722 726
f 727 728 729
f 729 728 730
f 729 730 731
f 665 732 733
f 733 732 734
f 733 734 735
f 735 734 736
f 737 733 727
f 727 733 735
f 727 735 728
f 728 735 736
f 728 736 730
f 737 661 733
f 733 661 663
f 733 663 665
f 738 739 740
f 740 739 741
f 740 741 742
f 709 743 744
f 709 744 707
f 707 744 716
f 707 716 705
f 705 716 715
f 705 715 703
f 703 715 658
f 703 658 660
f 717 716 745
f 745 716 744
f 745 744 713
f 713 744 743
f 713 743 711
f 654 661 746
f 746 661 737
f 746 737 747
f 747 737 727
f 747 727 748
f 748 727 729
f 748 729 749
f 749 729 731
f 749 731 750
f 751 750 752
f 752 750 731
f 752 731 753
f 753 731 730
f 753 730 726
f 726 730 736
f 726 736 725
f 725 736 734
f 725 734 724
f 724 734 732
f 724 732 723
f 723 732 665
f 723 665 667
f 721 754 722
f 722 754 755
f 722 755 726
f 726 755 756
f 726 756 753
f 753 756 742
f 753 742 752
f 752 742 741
f 752 741 751
f 667 669 723
f 723 669 670
f 723 670 718
f 718 670 655
f 718 655 719
f 719 655 658
f 719 658 721
f 721 658 715
f 721 715 754
f 754 715 717
f 754 717 755
f 755 717 745
f 755 745 756
f 756 745 713
f 756 713 742
f 742 713 714
f 742 714 740
f 738 334 349
f 749 346 748
f 748 346 348
f 748 348 747
f 747 348 350
f 747 350 746
f 746 350 351
f 746 351 654
f 749 750 346
f 346 750 751
f 346 751 347
f 347 751 741
f 347 741 349
f 349 741 739
f 349 739 738
f 757 616 624
f 333 334 738
f 711 758 712
f 712 758 759
f 712 759 714
f 714 759 760
f 714 760 740
f 761 340 762
f 762 340 333
f 762 333 760
f 760 333 738
f 760 738 740
f 763 764 765
f 763 765 766
f 767 768 769
f 769 768 766
f 769 766 770
f 770 766 765
f 757 624 771
f 624 622 772
f 767 771 768
f 768 771 624
f 768 624 773
f 773 624 772
f 774 693 695
f 774 695 763
f 763 695 775
f 763 775 764
f 776 698 691
f 776 691 774
f 774 691 692
f 774 692 693
f 711 743 758
f 758 743 709
f 758 709 777
f 777 709 710
f 777 710 776
f 776 710 699
f 776 699 698
f 778 339 779
f 779 339 338
f 779 338 780
f 780 338 336
f 780 336 781
f 781 336 335
f 781 335 782
f 782 335 342
f 782 342 783
f 783 342 784
f 784 342 341
f 784 341 785
f 785 341 786
f 786 341 340
f 786 340 761
f 339 778 355
f 355 778 787
f 788 789 759
f 759 789 790
f 759 790 760
f 760 790 791
f 788 759 792
f 792 759 793
f 792 793 794
f 795 761 791
f 791 761 762
f 791 762 760
f 796 783 795
f 795 783 784
f 784 785 795
f 795 785 786
f 795 786 761
f 797 798 799
f 799 798 800
f 796 800 783
f 783 800 781
f 783 781 782
f 798 801 800
f 800 801 787
f 800 787 781
f 781 787 778
f 781 778 780
f 780 778 779
f 763 766 802
f 793 759 758
f 758 777 793
f 793 777 776
f 793 776 802
f 802 776 774
f 802 774 763
f 802 803 804
f 802 804 793
f 793 804 805
f 793 805 794
f 806 807 268
f 374 808 809
f 374 809 380
f 810 808 811
f 811 808 374
f 811 374 812
f 812 374 372
f 812 372 805
f 805 372 370
f 790 789 370
f 370 789 788
f 370 788 805
f 805 788 792
f 805 792 794
f 370 368 790
f 790 368 366
f 790 366 791
f 791 366 364
f 791 364 795
f 809 806 380
f 380 806 268
f 380 268 382
f 382 268 270
f 382 270 383
f 383 270 813
f 814 266 815
f 815 266 268
f 815 268 807
f 816 817 818
f 819 820 821
f 821 820 822
f 816 818 815
f 815 818 821
f 815 821 814
f 814 821 822
f 814 822 823
f 824 260 818
f 818 260 234
f 818 234 821
f 825 601 826
f 826 601 599
f 826 599 827
f 828 829 830
f 828 830 831
f 803 827 804
f 804 827 599
f 804 599 832
f 832 599 597
f 832 597 830
f 830 597 577
f 830 577 831
f 576 575 833
f 824 831 260
f 260 831 577
f 260 577 261
f 261 577 576
f 261 576 263
f 263 576 833
f 834 766 835
f 835 766 768
f 835 768 836
f 834 825 766
f 766 825 826
f 766 826 802
f 802 826 827
f 802 827 803
f 837 838 839
f 839 838 840
f 839 840 841
f 841 840 842
f 843 844 845
f 845 844 846
f 845 846 847
f 847 846 840
f 840 846 842
f 842 846 848
f 842 848 849
f 768 773 836
f 836 773 772
f 836 772 839
f 839 772 850
f 839 850 837
f 851 852 848
f 848 852 853
f 848 853 849
f 603 601 825
f 836 839 594
f 825 834 603
f 603 834 835
f 603 835 604
f 604 835 836
f 604 836 592
f 592 836 594
f 848 609 851
f 851 609 608
f 851 608 852
f 852 608 853
f 853 608 585
f 853 585 849
f 849 585 842
f 842 585 595
f 842 595 841
f 841 595 594
f 841 594 839
f 846 611 848
f 848 611 609
f 850 772 622
f 622 620 850
f 850 620 619
f 850 619 837
f 845 847 614
f 614 847 840
f 614 840 619
f 619 840 838
f 619 838 837
f 614 613 845
f 845 613 612
f 845 612 843
f 611 846 612
f 612 846 844
f 612 844 843
f 832 830 811
f 832 811 804
f 804 811 812
f 804 812 805
f 810 811 816
f 816 811 830
f 816 830 817
f 817 830 829
f 815 807 806
f 810 816 808
f 808 816 815
f 808 815 809
f 809 815 806
f 818 817 829
f 829 828 818
f 818 828 831
f 818 831 824
f 308 307 854
f 308 854 855
f 854 262 855
f 855 262 263
f 855 263 833
f 856 857 858
f 858 857 859
f 833 860 855
f 855 860 859
f 855 859 861
f 861 859 857
f 862 232 854
f 854 232 262
f 863 862 307
f 307 862 854
f 307 306 864
f 865 863 866
f 866 863 307
f 866 307 867
f 867 307 864
f 864 306 252
f 252 306 305
f 252 305 271
f 864 252 867
f 867 252 281
f 867 281 866
f 866 281 258
f 866 258 865
f 865 258 257
f 865 257 863
f 863 257 255
f 863 255 862
f 862 255 232
f 311 308 573
f 573 308 855
f 573 855 582
f 588 580 858
f 833 575 860
f 860 575 588
f 860 588 859
f 859 588 858
f 579 582 855
f 855 861 579
f 579 861 857
f 579 857 580
f 580 857 856
f 580 856 858
f 266 814 227
f 227 814 823
f 227 823 228
f 228 823 822
f 228 822 247
f 247 822 820
f 247 820 233
f 233 820 819
f 233 819 234
f 234 819 821
f 361 360 799
f 795 364 796
f 796 364 361
f 796 361 800
f 800 361 799
f 359 355 787
f 787 801 359
f 359 801 798
f 359 798 360
f 360 798 797
f 360 797 799
f 868 353 869
f 869 353 352
f 869 352 870
f 870 352 871
f 871 352 356
f 871 356 872
f 872 356 873
f 873 356 357
f 873 357 874
f 874 357 383
f 874 383 813
f 875 391 389
f 389 387 875
f 875 387 385
f 875 385 868
f 868 385 384
f 868 384 353
f 868 241 875
f 875 241 240
f 875 240 876
f 240 877 878
f 873 874 269
f 269 874 813
f 269 813 270
f 879 877 880
f 880 877 240
f 880 240 881
f 870 871 269
f 269 871 872
f 269 872 873
f 878 882 240
f 240 882 883
f 240 883 884
f 885 241 886
f 886 241 868
f 886 868 269
f 269 868 869
f 269 869 870
f 884 887 240
f 240 887 888
f 240 888 876
f 397 394 884
f 878 415 882
f 882 415 397
f 882 397 883
f 883 397 884
f 393 391 875
f 875 876 393
f 393 876 888
f 393 888 394
f 394 888 887
f 394 887 884
f 150 889 890
f 404 891 892
f 893 894 166
f 892 893 404
f 404 893 166
f 404 166 402
f 895 289 896
f 896 289 897
f 898 891 272
f 272 891 404
f 272 404 273
f 273 404 407
f 273 407 289
f 289 407 409
f 289 409 897
f 877 879 230
f 899 897 277
f 277 897 409
f 277 409 229
f 229 409 411
f 229 411 230
f 230 411 413
f 230 413 877
f 877 413 415
f 877 415 878
f 900 420 901
f 901 420 400
f 166 151 402
f 402 151 150
f 402 150 400
f 400 150 890
f 400 890 901
f 902 167 903
f 903 167 166
f 903 166 894
f 902 903 904
f 905 906 907
f 907 906 908
f 907 908 909
f 910 911 912
f 912 902 910
f 910 902 904
f 910 904 908
f 908 904 913
f 908 913 909
f 910 908 185
f 185 908 187
f 187 908 186
f 186 908 906
f 186 906 172
f 172 906 905
f 172 905 152
f 152 905 907
f 152 907 153
f 153 907 909
f 153 909 207
f 204 207 909
f 913 197 198
f 198 199 913
f 913 199 201
f 913 201 909
f 909 201 202
f 909 202 204
f 898 272 904
f 904 272 195
f 904 195 913
f 913 195 197
f 898 904 891
f 891 904 903
f 894 893 903
f 903 893 892
f 903 892 891
f 167 902 169
f 169 902 912
f 169 912 170
f 170 912 911
f 170 911 185
f 185 911 910
f 914 288 915
f 915 288 289
f 915 289 895
f 914 915 916
f 917 918 919
f 920 921 922
f 922 921 923
f 922 923 924
f 922 925 926
f 926 925 917
f 926 917 927
f 927 917 919
f 916 925 914
f 914 925 922
f 914 922 928
f 928 922 924
f 926 284 922
f 922 284 286
f 284 926 259
f 259 926 927
f 259 927 256
f 256 927 919
f 256 919 236
f 236 919 918
f 236 918 279
f 279 918 917
f 279 917 278
f 278 917 925
f 278 925 277
f 277 925 916
f 277 916 899
f 916 915 895
f 895 896 916
f 916 896 897
f 916 897 899
f 922 286 920
f 920 286 287
f 920 287 921
f 921 287 275
f 921 275 923
f 923 275 274
f 923 274 924
f 924 274 246
f 924 246 928
f 928 246 245
f 928 245 914
f 914 245 288
f 230 879 231
f 231 879 880
f 231 880 929
f 930 931 932
f 932 933 930
f 930 933 929
f 930 929 934
f 934 929 880
f 934 880 881
f 881 240 934
f 934 240 239
f 934 239 930
f 930 239 249
f 930 249 931
f 931 249 248
f 931 248 932
f 932 248 237
f 932 237 933
f 933 237 235
f 933 235 929
f 929 235 231
f 935 422 936
f 936 422 421
f 936 421 937
f 937 421 938
f 938 421 419
f 938 419 939
f 939 419 940
f 940 419 418
f 940 418 941
f 941 418 420
f 941 420 900
f 942 438 943
f 943 438 437
f 944 435 945
f 945 435 433
f 945 433 935
f 935 433 432
f 935 432 422
f 944 946 435
f 435 946 947
f 435 947 437
f 437 947 948
f 437 948 943
f 949 46 45
f 438 942 439
f 439 942 950
f 950 951 439
f 439 951 949
f 439 949 440
f 440 949 45
f 440 45 441
f 441 45 47
f 441 47 443
f 443 47 61
f 88 457 455
f 88 455 90
f 90 455 453
f 90 453 91
f 91 453 451
f 91 451 92
f 92 451 449
f 92 449 29
f 29 449 447
f 29 447 44
f 44 447 445
f 44 445 43
f 43 445 443
f 43 443 61
f 112 460 111
f 111 460 459
f 111 459 109
f 109 459 431
f 109 431 110
f 110 431 458
f 110 458 88
f 88 458 457
f 58 60 487
f 487 485 58
f 58 485 483
f 58 483 89
f 89 483 482
f 89 482 87
f 87 482 462
f 87 462 112
f 112 462 460
f 487 60 465
f 465 60 125
f 465 125 466
f 466 125 124
f 466 124 467
f 467 124 123
f 467 123 468
f 468 123 59
f 470 468 57
f 57 468 59
f 20 495 480
f 20 480 23
f 23 480 478
f 23 478 40
f 40 478 476
f 40 476 55
f 55 476 474
f 55 474 53
f 53 474 472
f 53 472 31
f 31 472 470
f 31 470 57
f 496 495 19
f 19 495 20
f 35 491 34
f 34 491 326
f 34 326 32
f 32 326 325
f 32 325 33
f 33 325 497
f 33 497 19
f 19 497 496
f 491 35 493
f 493 35 21
f 493 21 502
f 502 21 22
f 502 22 503
f 503 22 24
f 503 24 505
f 505 24 39
f 505 39 507
f 507 39 508
f 508 39 37
f 508 37 509
f 509 37 36
f 509 36 518
f 518 36 38
f 518 38 17
f 17 38 18
f 952 48 46
f 46 949 953
f 953 954 46
f 46 954 955
f 46 955 956
f 956 957 46
f 46 957 958
f 46 958 952
f 959 960 961
f 962 963 964
f 943 948 965
f 965 948 947
f 965 947 946
f 953 949 966
f 966 949 951
f 957 956 967
f 967 956 955
f 967 955 966
f 966 955 954
f 966 954 953
f 960 48 961
f 961 48 952
f 961 952 958
f 84 130 968
f 968 130 30
f 968 30 42
f 969 26 25
f 970 964 945
f 945 964 963
f 945 963 944
f 25 86 969
f 969 86 85
f 969 85 970
f 970 85 971
f 970 971 964
f 964 971 959
f 964 959 962
f 962 959 961
f 962 961 967
f 967 961 958
f 967 958 957
f 85 84 971
f 971 84 968
f 971 968 959
f 959 968 42
f 959 42 960
f 960 42 41
f 960 41 48
f 944 963 946
f 946 963 962
f 946 962 965
f 965 962 967
f 965 967 943
f 943 967 966
f 943 966 942
f 942 966 951
f 942 951 950
f 900 901 945
f 890 889 83
f 939 940 935
f 945 901 970
f 970 901 890
f 970 890 969
f 969 890 83
f 969 83 26
f 935 940 945
f 945 940 941
f 945 941 900
f 936 937 935
f 935 937 938
f 935 938 939
f 889 150 83
f 83 150 149
f 83 149 82
f 181 28 182
f 182 28 81
f 182 81 168
f 168 81 80
f 168 80 149
f 149 80 82
f 27 28 148
f 148 28 181
f 241 885 251
f 251 885 972
f 973 974 975
f 975 974 976
f 975 976 977
f 885 886 972
f 972 886 975
f 972 975 978
f 978 975 977
f 975 886 267
f 267 886 269
f 975 267 973
f 973 267 265
f 973 265 974
f 974 265 264
f 974 264 976
f 976 264 226
f 976 226 977
f 977 226 238
f 977 238 978
f 978 238 250
f 978 250 972
f 972 250 251
f 979 629 628
f 979 628 980
f 980 628 618
f 980 618 981
f 981 618 617
f 981 617 982
f 982 617 616
f 982 616 757
f 983 625 979
f 979 625 629
f 984 630 627
f 984 627 985
f 985 627 626
f 985 626 986
f 986 626 625
f 986 625 983
f 987 988 331
f 989 990 615
f 615 621 989
f 989 621 623
f 989 623 991
f 991 992 989
f 989 992 993
f 989 993 994
f 331 988 332
f 995 996 997
f 997 996 332
f 997 332 998
f 998 332 988
f 987 331 999
f 999 331 330
f 999 330 1000
f 1000 330 329
f 1000 329 1001
f 1002 1003 1004
f 1004 1003 1005
f 1004 1005 996
f 1005 1006 996
f 996 1006 1007
f 996 1007 1008
f 1008 1009 996
f 996 1009 1010
f 996 1010 332
f 332 1010 1011
f 332 1011 343
f 1002 1004 1012
f 1012 1004 1013
f 1012 1013 1014
f 1015 1016 1017
f 1015 1017 1013
f 1013 1017 1018
f 1013 1018 1014
f 1019 1020 1015
f 1015 1020 1021
f 1015 1021 1016
f 994 993 1022
f 1022 993 1023
f 1022 1023 1024
f 1024 1025 1022
f 1022 1025 1026
f 1022 1026 1019
f 1019 1026 1027
f 1019 1027 1020
f 1028 606 1029
f 1029 606 605
f 990 1030 615
f 615 1030 1031
f 615 1031 605
f 605 1031 1032
f 605 1032 1029
f 607 606 1033
f 1033 606 1028
f 1033 1028 1034
f 571 572 1035
f 1035 572 574
f 1035 574 1033
f 1033 574 610
f 1033 610 607
f 1036 1037 1038
f 1038 1037 1035
f 1038 1035 1039
f 1039 1035 1040
f 1034 1041 1033
f 1033 1041 1042
f 1033 1042 1035
f 1035 1042 1043
f 1035 1043 1040
f 1044 1045 1046
f 1046 1045 1047
f 1046 1047 1048
f 1048 1047 1049
f 1049 1047 1050
f 1049 1050 1051
f 1051 1050 1052
f 1052 1050 1035
f 1052 1035 1037
f 1053 1054 1055
f 1055 1054 1045
f 1055 1045 1056
f 1056 1045 1044
f 1057 1058 1059
f 1057 1059 1060
f 1060 1059 1061
f 1060 1061 1062
f 1063 1064 1065
f 1065 1064 1066
f 1066 1067 1065
f 1065 1067 1068
f 1065 1068 1069
f 1055 1056 1070
f 1070 1063 1055
f 1055 1063 1065
f 1055 1065 1071
f 1071 1065 1069
f 1071 1069 1061
f 1061 1069 1072
f 1061 1072 1062
f 1053 1055 1073
f 1073 1055 1071
f 1073 1071 1074
f 1074 1071 1061
f 1074 1061 1059
f 1075 424 429
f 1076 1077 1078
f 1078 1077 1079
f 1078 1079 1080
f 1080 1079 1081
f 1080 1081 1082
f 1083 1084 1076
f 1076 1084 1085
f 1076 1085 1077
f 1086 544 546
f 1057 1060 1087
f 1088 1089 1087
f 1087 1089 1058
f 1087 1058 1057
f 546 1090 1086
f 1086 1090 1091
f 1086 1091 1087
f 1087 1091 1092
f 1087 1092 1088
f 1081 1075 1082
f 1082 1075 429
f 1082 429 1093
f 1093 429 461
f 1093 461 1094
f 1094 461 1095
f 1095 461 1096
f 1096 461 463
f 1096 463 1097
f 1097 463 1098
f 1098 463 484
f 1098 484 1099
f 1099 484 1100
f 1100 484 486
f 1100 486 1101
f 1101 486 1102
f 1102 486 492
f 1102 492 1103
f 1103 492 1104
f 1104 492 494
f 1104 494 1105
f 504 1106 494
f 494 1106 1107
f 494 1107 1105
f 506 1108 504
f 504 1108 1109
f 504 1109 1106
f 499 1110 506
f 506 1110 1111
f 506 1111 1108
f 524 1112 499
f 499 1112 1113
f 499 1113 1110
f 1114 1115 525
f 525 1115 1116
f 525 1116 524
f 524 1116 1117
f 524 1117 1112
f 1118 1119 1120
f 525 1121 1114
f 1114 1121 1122
f 1114 1122 1123
f 1123 1124 1114
f 1114 1124 1125
f 1114 1125 1126
f 1126 1125 1127
f 1126 1127 1128
f 1128 1127 1129
f 1129 1127 1130
f 1129 1130 1120
f 1120 1130 1131
f 1120 1131 1118
f 1132 1133 526
f 1133 1134 526
f 526 1134 1135
f 526 1135 1136
f 1137 1138 525
f 525 1138 1139
f 525 1139 1121
f 1136 1140 526
f 526 1140 1141
f 526 1141 525
f 525 1141 1142
f 525 1142 1137
f 1119 1132 1120
f 1120 1132 526
f 1120 526 1143
f 1143 526 533
f 1143 533 1144
f 1144 533 534
f 1144 534 1145
f 1145 534 538
f 540 1146 538
f 538 1146 1147
f 538 1147 1145
f 542 1148 540
f 540 1148 1149
f 540 1149 1146
f 1086 1150 544
f 544 1150 1151
f 544 1151 542
f 542 1151 1152
f 542 1152 1148
f 436 425 1153
f 328 337 1154
f 1154 337 354
f 424 1075 1155
f 1155 1156 424
f 424 1156 1157
f 424 1157 425
f 425 1157 1158
f 425 1158 1153
f 354 386 1154
f 1154 386 388
f 1154 388 1159
f 388 390 1159
f 1159 390 392
f 1159 392 423
f 1153 1160 436
f 436 1160 1159
f 436 1159 434
f 434 1159 423
f 1161 1001 1154
f 1154 1001 329
f 1154 329 328
f 1154 1159 1162
f 1162 1159 1163
f 1164 1165 1162
f 1162 1165 1166
f 1162 1166 1154
f 1154 1166 1167
f 1154 1167 1161
f 1163 1168 1162
f 1162 1168 1169
f 1162 1169 1170
f 1171 1172 1162
f 1162 1172 1173
f 1162 1173 1164
f 1174 1172 1175
f 1175 1172 1171
f 1175 1171 1176
f 1176 1171 1177
f 1176 1177 1170
f 1170 1177 1178
f 1170 1178 1162
f 1179 1180 1174
f 1174 1180 1181
f 1000 1001 1161
f 1181 995 1174
f 1174 995 997
f 1174 997 1172
f 1172 997 998
f 1172 998 1173
f 1173 998 988
f 1173 988 1164
f 1164 988 987
f 1164 987 1165
f 1165 987 999
f 1165 999 1166
f 1166 999 1000
f 1166 1000 1167
f 1167 1000 1161
f 1182 994 1022
f 1183 1184 1182
f 1180 1185 1181
f 1181 1185 996
f 1181 996 995
f 1185 1186 996
f 996 1186 1187
f 996 1187 1004
f 1004 1187 1188
f 1004 1188 1013
f 1013 1188 1189
f 1013 1189 1015
f 1015 1189 1190
f 1015 1190 1019
f 1019 1190 1191
f 1019 1191 1022
f 1022 1191 1192
f 1022 1192 1182
f 1182 1192 1193
f 1182 1193 1183
f 1184 1194 1182
f 1182 1194 1036
f 1182 1036 994
f 994 1036 989
f 1036 1038 989
f 989 1038 1039
f 989 1039 990
f 1193 1195 1183
f 1183 1195 1196
f 1183 1196 1184
f 1184 1196 1194
f 1194 1196 1037
f 1194 1037 1036
f 1187 1186 1197
f 1198 1199 1200
f 1197 1186 1201
f 1201 1186 1202
f 1201 1202 1203
f 1187 1197 1188
f 1188 1197 1204
f 1188 1204 1189
f 1205 1206 1207
f 1208 1209 1210
f 1210 1209 1206
f 1210 1206 1211
f 1211 1206 1205
f 1212 1213 1207
f 1207 1213 1214
f 1207 1214 1205
f 1215 1216 1217
f 1217 1216 1218
f 1219 1220 1218
f 1218 1220 1221
f 1218 1221 1217
f 1222 1223 1224
f 1224 1223 1225
f 1224 1225 1219
f 1219 1225 1226
f 1219 1226 1220
f 1227 1228 1229
f 1229 1228 1230
f 1229 1230 1231
f 1231 1230 1232
f 1195 1193 1192
f 1233 1234 1212
f 1212 1234 1235
f 1212 1235 1213
f 1236 1230 1233
f 1233 1230 1237
f 1233 1237 1234
f 1198 1200 1238
f 1238 1200 1239
f 1238 1239 1240
f 1240 1239 1241
f 1240 1241 1242
f 1242 1241 1243
f 1242 1243 1244
f 1244 1243 1245
f 1244 1245 1246
f 1246 1245 1247
f 1246 1247 1248
f 1248 1247 1249
f 1248 1249 1227
f 1227 1249 1250
f 1227 1250 1228
f 1198 1251 1199
f 1199 1251 1252
f 1199 1252 1253
f 1203 1254 1201
f 1201 1254 1255
f 1201 1255 1256
f 1257 1258 1190
f 1190 1258 1195
f 1190 1195 1191
f 1191 1195 1192
f 1259 1260 1261
f 1261 1260 1262
f 1261 1262 1263
f 1215 1264 1216
f 1216 1264 1265
f 1216 1265 1266
f 1266 1265 1267
f 1266 1267 1268
f 1268 1267 1199
f 1268 1199 1269
f 1269 1199 1253
f 1269 1253 1270
f 1256 1271 1201
f 1201 1271 1272
f 1201 1272 1224
f 1224 1272 1273
f 1224 1273 1222
f 1257 1190 1274
f 1274 1190 1189
f 1274 1189 1275
f 1275 1189 1204
f 1275 1204 1276
f 1263 1277 1261
f 1261 1277 1278
f 1261 1278 1204
f 1204 1278 1279
f 1204 1279 1276
f 1236 1280 1230
f 1230 1280 1281
f 1230 1281 1232
f 1208 1282 1209
f 1209 1282 1283
f 1209 1283 1261
f 1261 1283 1284
f 1261 1284 1259
f 1279 1285 1286
f 1285 1044 1046
f 1285 1046 1286
f 1286 1046 1048
f 1286 1048 1287
f 1287 1048 1049
f 1287 1049 1288
f 1288 1049 1051
f 1288 1051 1289
f 1289 1051 1052
f 1289 1052 1290
f 1290 1052 1037
f 1290 1037 1196
f 1279 1286 1276
f 1276 1286 1287
f 1276 1287 1275
f 1275 1287 1288
f 1275 1288 1274
f 1274 1288 1289
f 1274 1289 1257
f 1257 1289 1290
f 1257 1290 1258
f 1258 1290 1196
f 1258 1196 1195
f 1279 1278 1285
f 1285 1278 1291
f 1285 1291 1044
f 1044 1291 1056
f 1062 1072 1292
f 1293 1060 1062
f 1062 1292 1293
f 1293 1292 1294
f 1293 1294 1295
f 1294 1296 1295
f 1295 1296 1297
f 1295 1297 1298
f 1298 1297 1299
f 1298 1299 1300
f 1300 1299 1301
f 1300 1301 1302
f 1302 1301 1303
f 1303 1301 1284
f 1303 1284 1304
f 1304 1284 1304
f 1304 1284 1283
f 1304 1283 1282
f 1263 1262 1305
f 1305 1262 1260
f 1306 1307 1277
f 1277 1308 1309
f 1064 1063 1310
f 1310 1063 1070
f 1311 1066 1064
f 1069 1068 1312
f 1311 1313 1314
f 1068 1067 1312
f 1312 1067 1066
f 1312 1066 1315
f 1315 1066 1311
f 1315 1311 1316
f 1316 1311 1314
f 1064 1310 1311
f 1311 1310 1317
f 1311 1317 1313
f 1318 1319 1320
f 1320 1321 1322
f 1277 1323 1308
f 1308 1323 1320
f 1308 1320 1309
f 1309 1320 1319
f 1309 1319 1277
f 1277 1319 1318
f 1277 1318 1306
f 1306 1318 1320
f 1306 1320 1307
f 1307 1320 1322
f 1307 1322 1277
f 1277 1322 1321
f 1277 1321 1278
f 1278 1321 1320
f 1278 1320 1291
f 1072 1069 1292
f 1292 1069 1312
f 1292 1312 1294
f 1294 1312 1315
f 1294 1315 1296
f 1296 1315 1316
f 1296 1316 1297
f 1297 1316 1314
f 1297 1314 1299
f 1056 1291 1070
f 1070 1291 1320
f 1070 1320 1310
f 1310 1320 1323
f 1310 1323 1317
f 1317 1323 1277
f 1317 1277 1313
f 1313 1277 1263
f 1313 1263 1314
f 1314 1263 1305
f 1314 1305 1299
f 1299 1305 1260
f 1299 1260 1301
f 1301 1260 1259
f 1301 1259 1284
f 1230 1324 1325
f 1326 1304 1304
f 1230 1325 1237
f 1237 1325 1327
f 1237 1327 1234
f 1234 1327 1328
f 1234 1328 1235
f 1235 1328 1329
f 1235 1329 1213
f 1213 1329 1330
f 1213 1330 1214
f 1214 1330 1331
f 1214 1331 1205
f 1205 1331 1332
f 1205 1332 1211
f 1211 1332 1333
f 1211 1333 1210
f 1210 1333 1326
f 1210 1326 1208
f 1208 1326 1304
f 1208 1304 1282
f 1300 1302 1326
f 1326 1302 1303
f 1326 1303 1304
f 1334 1298 1300
f 1293 1295 1335
f 1335 1295 1298
f 1060 1293 1087
f 1087 1293 1335
f 1087 1335 1086
f 1086 1335 1336
f 1086 1336 1150
f 1150 1336 1337
f 1150 1337 1151
f 1151 1337 1152
f 1152 1337 1338
f 1152 1338 1148
f 1148 1338 1149
f 1149 1338 1339
f 1149 1339 1146
f 1146 1339 1340
f 1146 1340 1147
f 1147 1340 1341
f 1147 1341 1145
f 1145 1341 1144
f 1144 1341 1342
f 1144 1342 1143
f 1143 1342 1120
f 1120 1342 1343
f 1120 1343 1129
f 1129 1343 1344
f 1129 1344 1128
f 1298 1334 1335
f 1335 1334 1345
f 1335 1345 1336
f 1336 1345 1346
f 1336 1346 1337
f 1337 1346 1347
f 1337 1347 1338
f 1338 1347 1348
f 1338 1348 1339
f 1339 1348 1349
f 1339 1349 1340
f 1340 1349 1350
f 1340 1350 1341
f 1341 1350 1351
f 1341 1351 1342
f 1342 1351 1352
f 1342 1352 1343
f 1343 1352 1353
f 1343 1353 1344
f 1300 1326 1334
f 1334 1326 1333
f 1334 1333 1345
f 1345 1333 1332
f 1345 1332 1346
f 1346 1332 1331
f 1346 1331 1347
f 1347 1331 1330
f 1347 1330 1348
f 1348 1330 1329
f 1348 1329 1349
f 1349 1329 1328
f 1349 1328 1350
f 1350 1328 1327
f 1350 1327 1351
f 1351 1327 1325
f 1351 1325 1352
f 1352 1325 1324
f 1352 1324 1353
f 1354 1324 1230
f 1324 1354 1353
f 1344 1353 1355
f 1128 1344 1356
f 1117 1116 1357
f 1357 1116 1115
f 1357 1115 1358
f 1358 1115 1114
f 1358 1114 1356
f 1356 1114 1126
f 1356 1126 1128
f 1117 1357 1112
f 1112 1357 1359
f 1112 1359 1113
f 1113 1359 1360
f 1113 1360 1110
f 1110 1360 1361
f 1110 1361 1111
f 1111 1361 1362
f 1111 1362 1108
f 1108 1362 1109
f 1109 1362 1363
f 1109 1363 1106
f 1106 1363 1107
f 1107 1363 1364
f 1107 1364 1105
f 1105 1364 1365
f 1105 1365 1104
f 1104 1365 1103
f 1103 1365 1366
f 1103 1366 1102
f 1102 1366 1101
f 1101 1366 1367
f 1101 1367 1100
f 1100 1367 1368
f 1100 1368 1099
f 1099 1368 1369
f 1099 1369 1098
f 1098 1369 1097
f 1097 1369 1370
f 1097 1370 1096
f 1096 1370 1095
f 1095 1370 1371
f 1095 1371 1094
f 1094 1371 1372
f 1094 1372 1093
f 1093 1372 1082
f 1082 1372 1373
f 1082 1373 1080
f 1080 1373 1078
f 1078 1373 1374
f 1078 1374 1076
f 1076 1374 1375
f 1076 1375 1083
f 1376 1377 1378
f 1379 1380 1381
f 1225 1223 1382
f 1230 1228 1354
f 1354 1228 1250
f 1354 1250 1383
f 1383 1250 1249
f 1383 1249 1384
f 1384 1249 1247
f 1384 1247 1385
f 1385 1247 1245
f 1385 1245 1386
f 1386 1245 1243
f 1386 1243 1387
f 1387 1243 1241
f 1387 1241 1388
f 1388 1241 1239
f 1388 1239 1389
f 1389 1239 1200
f 1389 1200 1390
f 1390 1200 1199
f 1390 1199 1391
f 1391 1199 1267
f 1391 1267 1392
f 1392 1267 1265
f 1392 1265 1393
f 1393 1265 1264
f 1393 1264 1394
f 1394 1264 1215
f 1394 1215 1395
f 1395 1215 1217
f 1395 1217 1396
f 1396 1217 1221
f 1396 1221 1397
f 1397 1221 1220
f 1397 1220 1398
f 1398 1220 1226
f 1398 1226 1399
f 1399 1226 1225
f 1399 1225 1379
f 1379 1225 1382
f 1379 1382 1380
f 1344 1355 1356
f 1356 1355 1400
f 1356 1400 1358
f 1358 1400 1401
f 1358 1401 1357
f 1357 1401 1402
f 1357 1402 1359
f 1359 1402 1403
f 1359 1403 1360
f 1360 1403 1404
f 1360 1404 1361
f 1361 1404 1405
f 1361 1405 1362
f 1362 1405 1406
f 1362 1406 1363
f 1363 1406 1407
f 1363 1407 1364
f 1364 1407 1408
f 1364 1408 1365
f 1365 1408 1409
f 1365 1409 1366
f 1366 1409 1410
f 1366 1410 1367
f 1367 1410 1411
f 1367 1411 1368
f 1368 1411 1412
f 1368 1412 1369
f 1369 1412 1413
f 1369 1413 1370
f 1370 1413 1414
f 1370 1414 1371
f 1371 1414 1415
f 1371 1415 1372
f 1372 1415 1416
f 1372 1416 1373
f 1373 1416 1376
f 1373 1376 1374
f 1374 1376 1378
f 1374 1378 1375
f 1353 1354 1355
f 1355 1354 1383
f 1355 1383 1400
f 1400 1383 1384
f 1400 1384 1401
f 1401 1384 1385
f 1401 1385 1402
f 1402 1385 1386
f 1402 1386 1403
f 1403 1386 1387
f 1403 1387 1404
f 1404 1387 1388
f 1404 1388 1405
f 1405 1388 1389
f 1405 1389 1406
f 1406 1389 1390
f 1406 1390 1407
f 1407 1390 1391
f 1407 1391 1408
f 1408 1391 1392
f 1408 1392 1409
f 1409 1392 1393
f 1409 1393 1410
f 1410 1393 1394
f 1410 1394 1411
f 1411 1394 1395
f 1411 1395 1412
f 1412 1395 1396
f 1412 1396 1413
f 1413 1396 1397
f 1413 1397 1414
f 1414 1397 1398
f 1414 1398 1415
f 1415 1398 1399
f 1415 1399 1416
f 1416 1399 1379
f 1416 1379 1376
f 1376 1379 1381
f 1376 1381 1377
f 1417 1418 1419
f 1222 1382 1223
f 1420 1176 1421
f 1419 1422 1423
f 1423 1422 1420
f 1423 1420 1424
f 1424 1420 1421
f 1418 1425 1419
f 1419 1425 1426
f 1419 1426 1422
f 1203 1202 1427
f 1256 1255 1417
f 1417 1255 1254
f 1417 1254 1418
f 1418 1254 1203
f 1418 1203 1425
f 1425 1203 1427
f 1425 1427 1426
f 1382 1222 1428
f 1428 1222 1273
f 1428 1273 1272
f 1429 1375 1430
f 1430 1375 1378
f 1430 1378 1431
f 1431 1378 1377
f 1431 1377 1432
f 1432 1377 1381
f 1433 1434 1429
f 1433 1429 1435
f 1434 1436 1429
f 1429 1436 1083
f 1429 1083 1375
f 1437 1438 1429
f 1429 1438 1439
f 1429 1439 1435
f 1256 1417 1271
f 1271 1417 1440
f 1271 1440 1272
f 1272 1440 1441
f 1272 1441 1428
f 1428 1441 1380
f 1428 1380 1382
f 1432 1442 1431
f 1431 1442 1443
f 1431 1443 1430
f 1430 1443 1444
f 1430 1444 1429
f 1429 1444 1445
f 1429 1445 1437
f 1437 1445 1446
f 1421 1446 1424
f 1424 1446 1445
f 1424 1445 1423
f 1423 1445 1444
f 1423 1444 1419
f 1419 1444 1443
f 1419 1443 1417
f 1417 1443 1442
f 1417 1442 1440
f 1440 1442 1432
f 1440 1432 1441
f 1441 1432 1381
f 1441 1381 1380
f 1176 1420 1175
f 1175 1420 1179
f 1175 1179 1174
f 1427 1202 1186
f 1427 1186 1426
f 1180 1179 1185
f 1185 1179 1420
f 1185 1420 1186
f 1186 1420 1422
f 1186 1422 1426
f 1155 1075 1081
f 1079 1077 1447
f 1170 1169 1448
f 1168 1163 1449
f 1449 1163 1159
f 1438 1437 1448
f 1448 1437 1446
f 1448 1446 1170
f 1170 1446 1421
f 1170 1421 1176
f 1169 1168 1448
f 1448 1168 1449
f 1448 1449 1438
f 1438 1449 1450
f 1438 1450 1439
f 1436 1434 1451
f 1451 1434 1433
f 1451 1433 1435
f 1085 1084 1451
f 1451 1084 1083
f 1451 1083 1436
f 1153 1158 1452
f 1452 1158 1157
f 1452 1157 1081
f 1081 1157 1156
f 1081 1156 1155
f 1160 1153 1447
f 1447 1153 1452
f 1447 1452 1079
f 1079 1452 1081
f 1085 1451 1453
f 1453 1451 1454
f 1453 1454 1455
f 1077 1085 1447
f 1447 1085 1453
f 1447 1453 1160
f 1160 1453 1455
f 1160 1455 1159
f 1159 1455 1454
f 1159 1454 1449
f 1449 1454 1451
f 1449 1451 1450
f 1450 1451 1435
f 1450 1435 1439
f 1251 1456 1252
f 1252 1456 1457
f 1458 1459 1460
f 1461 1462 1463
f 1464 1465 1466
f 1467 1468 1469
f 1470 1471 1472
f 1473 1474 1475
f 1476 1477 1463
f 1478 1479 1480
f 1481 1482 1483
f 1484 1485 1486
f 1486 1485 1487
f 1488 1489 1490
f 1457 1456 1480
f 1491 1492 1493
f 1493 1492 1494
f 1493 1494 1495
f 1495 1494 1496
f 1495 1496 1480
f 1480 1496 1497
f 1480 1497 1457
f 1491 1498 1492
f 1492 1498 1499
f 1492 1499 1500
f 1500 1499 1501
f 1500 1501 1502
f 1501 1503 1502
f 1502 1503 1504
f 1502 1504 1505
f 1506 1507 1508
f 1508 1509 1506
f 1506 1509 1510
f 1506 1510 1490
f 1490 1510 1511
f 1490 1511 1512
f 1512 1513 1490
f 1490 1513 1505
f 1490 1505 1488
f 1488 1505 1504
f 1514 1515 1507
f 1513 1516 1505
f 1505 1516 1517
f 1505 1517 1518
f 1518 1517 1519
f 1518 1519 1514
f 1514 1519 1520
f 1514 1520 1515
f 1521 1522 1523
f 1524 1525 1526
f 1526 1525 1522
f 1527 1528 1529
f 1524 1526 1530
f 1530 1526 1531
f 1530 1531 1532
f 1532 1531 1533
f 1532 1533 1534
f 1523 1535 1521
f 1521 1535 1536
f 1521 1536 1527
f 1527 1536 1537
f 1527 1537 1528
f 1507 1506 1514
f 1514 1506 1527
f 1514 1527 1533
f 1533 1527 1529
f 1533 1529 1534
f 1522 1521 1526
f 1526 1521 1538
f 1526 1538 1539
f 1540 1541 1542
f 1543 1544 1545
f 1542 1546 1540
f 1540 1546 1547
f 1540 1547 1545
f 1545 1547 1548
f 1545 1548 1543
f 1549 1550 1545
f 1545 1550 1551
f 1551 1550 1552
f 1551 1552 1553
f 1549 1545 1554
f 1554 1545 1544
f 1554 1544 1555
f 1556 1557 1544
f 1544 1557 1558
f 1544 1558 1555
f 1553 1559 1551
f 1551 1559 1560
f 1551 1560 1561
f 1561 1560 1562
f 1561 1562 1556
f 1556 1562 1563
f 1556 1563 1557
f 1564 1565 1566
f 1551 1567 1564
f 1564 1567 1568
f 1564 1568 1565
f 1569 1570 1571
f 1571 1572 1569
f 1569 1572 1573
f 1569 1573 1561
f 1561 1573 1574
f 1561 1574 1575
f 1575 1576 1561
f 1561 1576 1577
f 1561 1577 1551
f 1551 1577 1578
f 1551 1578 1567
f 1579 1564 1580
f 1580 1564 1581
f 1580 1581 1582
f 1579 1583 1564
f 1564 1583 1584
f 1564 1584 1585
f 1584 1586 1585
f 1585 1586 1587
f 1585 1587 1588
f 1472 1589 1590
f 1589 1591 1592
f 1592 1591 1593
f 1592 1593 1482
f 1594 1483 1595
f 1595 1483 1482
f 1595 1482 1596
f 1596 1482 1593
f 1597 1598 1599
f 1599 1598 1600
f 1601 1479 1602
f 1478 1480 1603
f 1456 1604 1480
f 1480 1604 1605
f 1480 1605 1603
f 1464 1606 1465
f 1465 1606 1607
f 1465 1607 1608
f 1609 1610 1611
f 1612 1613 1610
f 1610 1613 1614
f 1610 1614 1611
f 1463 1477 1615
f 1615 1477 1616
f 1615 1616 1599
f 1616 1617 1599
f 1599 1617 1618
f 1599 1618 1612
f 1612 1618 1619
f 1612 1619 1613
f 1476 1463 1620
f 1620 1463 1462
f 1620 1462 1621
f 1475 1474 1622
f 1474 1623 1622
f 1622 1623 1624
f 1622 1624 1625
f 1625 1624 1626
f 1626 1627 1625
f 1625 1627 1628
f 1625 1628 1629
f 1629 1628 1630
f 1629 1630 1631
f 1631 1630 1632
f 1631 1632 1633
f 1633 1632 1634
f 1633 1634 1635
f 1636 1637 1638
f 1638 1637 1635
f 1638 1635 1639
f 1639 1635 1634
f 1640 1641 1642
f 1642 1641 1643
f 1642 1643 1644
f 1644 1643 1645
f 1640 1642 1646
f 1646 1642 1647
f 1646 1647 1648
f 1649 1650 1590
f 1590 1650 1651
f 1590 1651 1472
f 1472 1651 1652
f 1472 1652 1470
f 1645 1653 1644
f 1644 1653 1654
f 1644 1654 1655
f 1655 1654 1656
f 1655 1656 1650
f 1650 1656 1657
f 1650 1657 1651
f 1651 1657 1658
f 1651 1658 1652
f 1637 1659 1660
f 1661 1662 1582
f 1582 1662 1663
f 1582 1663 1580
f 1636 1473 1637
f 1637 1473 1475
f 1637 1475 1659
f 1659 1475 1664
f 1665 1458 1666
f 1666 1458 1629
f 1666 1629 1667
f 1667 1629 1631
f 1668 1669 1633
f 1633 1669 1670
f 1633 1670 1631
f 1631 1670 1671
f 1631 1671 1667
f 1668 1672 1673
f 1673 1672 1469
f 1673 1469 1674
f 1674 1469 1675
f 1674 1675 1676
f 1665 1677 1458
f 1458 1677 1678
f 1458 1678 1459
f 1459 1678 1679
f 1680 1681 1682
f 1682 1681 1683
f 1683 1681 1684
f 1683 1684 1685
f 1686 1647 1687
f 1467 1469 1688
f 1688 1469 1672
f 1688 1672 1689
f 1689 1672 1690
f 1689 1690 1691
f 1691 1690 1692
f 1692 1690 1693
f 1692 1693 1694
f 1694 1693 1695
f 1695 1693 1696
f 1695 1696 1697
f 1698 1699 1700
f 1700 1699 1701
f 1702 1703 1704
f 1704 1703 1609
f 1704 1609 1705
f 1687 1706 1686
f 1686 1706 1705
f 1686 1705 1707
f 1707 1705 1609
f 1707 1609 1708
f 1708 1609 1611
f 1709 1710 1461
f 1461 1710 1711
f 1461 1711 1471
f 1711 1712 1471
f 1471 1712 1713
f 1471 1713 1472
f 1472 1713 1714
f 1472 1714 1589
f 1589 1714 1715
f 1589 1715 1591
f 1680 1682 1489
f 1489 1682 1716
f 1489 1716 1490
f 1490 1716 1717
f 1490 1717 1506
f 1506 1717 1718
f 1506 1718 1527
f 1527 1718 1466
f 1527 1466 1521
f 1521 1466 1465
f 1521 1465 1538
f 1538 1465 1608
f 1538 1608 1539
f 1539 1608 1719
f 1539 1719 1720
f 1720 1719 1721
f 1720 1721 1722
f 1722 1721 1723
f 1722 1723 1541
f 1541 1723 1724
f 1541 1724 1542
f 1479 1601 1480
f 1480 1601 1725
f 1480 1725 1495
f 1495 1725 1683
f 1495 1683 1493
f 1493 1683 1685
f 1493 1685 1491
f 1726 1717 1702
f 1702 1717 1716
f 1702 1716 1703
f 1703 1716 1682
f 1703 1682 1609
f 1609 1682 1683
f 1609 1683 1610
f 1610 1683 1725
f 1610 1725 1612
f 1612 1725 1601
f 1612 1601 1599
f 1599 1601 1602
f 1599 1602 1597
f 1543 1606 1544
f 1544 1606 1464
f 1544 1464 1556
f 1556 1464 1727
f 1556 1727 1561
f 1561 1727 1728
f 1561 1728 1569
f 1600 1729 1599
f 1599 1729 1730
f 1599 1730 1615
f 1615 1730 1481
f 1615 1481 1463
f 1463 1481 1483
f 1463 1483 1461
f 1461 1483 1594
f 1461 1594 1709
f 1726 1731 1717
f 1717 1731 1732
f 1717 1732 1718
f 1718 1732 1701
f 1718 1701 1466
f 1466 1701 1699
f 1466 1699 1464
f 1464 1699 1698
f 1464 1698 1727
f 1727 1698 1697
f 1727 1697 1728
f 1728 1697 1696
f 1728 1696 1569
f 1708 1621 1707
f 1707 1621 1462
f 1707 1462 1686
f 1686 1462 1461
f 1686 1461 1647
f 1647 1461 1471
f 1647 1471 1648
f 1648 1471 1470
f 1690 1661 1693
f 1693 1661 1582
f 1693 1582 1696
f 1696 1582 1581
f 1696 1581 1569
f 1569 1581 1564
f 1569 1564 1570
f 1570 1564 1566
f 1668 1633 1672
f 1672 1633 1635
f 1672 1635 1690
f 1690 1635 1637
f 1690 1637 1661
f 1661 1637 1660
f 1661 1660 1662
f 1467 1687 1468
f 1468 1687 1647
f 1468 1647 1469
f 1469 1647 1642
f 1469 1642 1675
f 1675 1642 1644
f 1649 1733 1650
f 1650 1733 1734
f 1650 1734 1655
f 1655 1734 1460
f 1655 1460 1644
f 1644 1460 1459
f 1644 1459 1675
f 1675 1459 1679
f 1675 1679 1676
f 1588 1735 1736
f 1736 1735 1737
f 1587 1738 1588
f 1588 1738 1664
f 1588 1664 1735
f 1735 1664 1475
f 1735 1475 1737
f 1737 1475 1622
f 1649 1739 1733
f 1733 1739 1740
f 1733 1740 1734
f 1734 1740 1484
f 1734 1484 1460
f 1460 1484 1486
f 1460 1486 1458
f 1458 1486 1487
f 1458 1487 1629
f 1629 1487 1741
f 1629 1741 1625
f 1625 1741 1742
f 1625 1742 1622
f 1622 1742 1743
f 1622 1743 1737
f 1737 1743 1744
f 1737 1744 1736
f 1736 1744 1745
f 1736 1745 1588
f 1588 1745 1746
f 1588 1746 1585
f 1592 1236 1589
f 1589 1236 1233
f 1589 1233 1590
f 1590 1233 1212
f 1484 1740 1207
f 1207 1740 1739
f 1207 1739 1212
f 1212 1739 1649
f 1212 1649 1590
f 1484 1207 1485
f 1485 1207 1206
f 1485 1206 1487
f 1487 1206 1209
f 1487 1209 1741
f 1261 1744 1743
f 1261 1743 1209
f 1209 1743 1742
f 1209 1742 1741
f 1201 1564 1197
f 1197 1564 1585
f 1197 1585 1204
f 1204 1585 1746
f 1204 1746 1261
f 1261 1746 1745
f 1261 1745 1744
f 1720 1722 1218
f 1218 1722 1541
f 1218 1541 1219
f 1219 1541 1540
f 1219 1540 1224
f 1224 1540 1545
f 1224 1545 1201
f 1201 1545 1551
f 1201 1551 1564
f 1533 1531 1216
f 1216 1531 1526
f 1216 1526 1218
f 1218 1526 1539
f 1218 1539 1720
f 1268 1500 1502
f 1268 1502 1266
f 1502 1505 1266
f 1266 1505 1518
f 1266 1518 1216
f 1216 1518 1514
f 1216 1514 1533
f 1500 1268 1492
f 1492 1268 1269
f 1492 1269 1494
f 1494 1269 1496
f 1496 1269 1270
f 1496 1270 1497
f 1497 1270 1253
f 1497 1253 1457
f 1457 1253 1252
f 1730 1232 1481
f 1481 1232 1281
f 1481 1281 1482
f 1482 1281 1280
f 1482 1280 1592
f 1592 1280 1236
f 1729 1231 1730
f 1730 1231 1232
f 1597 1248 1227
f 1597 1227 1598
f 1598 1227 1229
f 1598 1229 1600
f 1600 1229 1231
f 1600 1231 1729
f 1246 1248 1602
f 1602 1248 1597
f 1478 1242 1244
f 1478 1244 1479
f 1479 1244 1246
f 1479 1246 1602
f 1456 1251 1198
f 1456 1198 1604
f 1604 1198 1238
f 1604 1238 1605
f 1605 1238 1240
f 1605 1240 1603
f 1603 1240 1242
f 1603 1242 1478
f 1715 1747 1591
f 1591 1747 1748
f 1591 1748 1593
f 1593 1748 1749
f 1593 1749 1596
f 1596 1749 1750
f 1596 1750 1595
f 1595 1750 1751
f 1595 1751 1594
f 1594 1751 1752
f 1594 1752 1709
f 1709 1752 1753
f 1709 1753 1710
f 1710 1753 1754
f 1710 1754 1711
f 1711 1754 1755
f 1711 1755 1712
f 1712 1755 1756
f 1712 1756 1713
f 1713 1756 1757
f 1713 1757 1714
f 1714 1757 1758
f 1714 1758 1715
f 1715 1758 1747
f 1751 1759 1752
f 1752 1759 1760
f 1752 1760 1753
f 1753 1760 1761
f 1753 1761 1754
f 1754 1761 1762
f 1754 1762 1755
f 1755 1762 1763
f 1755 1763 1756
f 1756 1763 1764
f 1756 1764 1757
f 1757 1764 1765
f 1757 1765 1758
f 1758 1765 1766
f 1758 1766 1747
f 1747 1766 1767
f 1747 1767 1748
f 1748 1767 1768
f 1748 1768 1749
f 1749 1768 1769
f 1749 1769 1750
f 1750 1769 1770
f 1750 1770 1751
f 1751 1770 1759
f 1771 1763 1772
f 1772 1763 1762
f 1772 1762 1773
f 1773 1762 1761
f 1773 1761 1774
f 1774 1761 1760
f 1774 1760 1775
f 1775 1760 1759
f 1775 1759 1776
f 1776 1759 1770
f 1776 1770 1777
f 1777 1770 1769
f 1777 1769 1778
f 1778 1769 1768
f 1778 1768 1779
f 1779 1768 1767
f 1779 1767 1780
f 1780 1767 1766
f 1780 1766 1781
f 1781 1766 1765
f 1781 1765 1782
f 1782 1765 1764
f 1782 1764 1771
f 1771 1764 1763
f 1783 1784 1785
f 1786 1787 1788
f 1789 1790 1791
f 1792 1793 1794
f 1795 1796 1797
f 1798 1799 1800
f 1801 1802 1803
f 1804 1805 1806
f 1807 1808 1809
f 1810 1811 1812
f 1812 1811 1813
f 1812 1813 1814
f 1815 1816 1809
f 1809 1816 1817
f 1809 1817 1807
f 1815 1818 1816
f 1816 1818 1819
f 1816 1819 1820
f 1820 1819 1821
f 1820 1821 1822
f 1822 1821 1823
f 1822 1823 1824
f 1824 1823 1825
f 1806 1805 1826
f 1826 1805 1827
f 1826 1827 1828
f 1825 1829 1824
f 1824 1829 1826
f 1824 1826 1830
f 1830 1826 1828
f 1831 1804 1832
f 1830 1833 1824
f 1824 1833 1834
f 1824 1834 1835
f 1835 1834 1836
f 1835 1836 1837
f 1837 1836 1838
f 1837 1838 1839
f 1839 1838 1840
f 1839 1840 1841
f 1842 1843 1844
f 1845 1846 1847
f 1847 1846 1848
f 1847 1848 1842
f 1842 1848 1849
f 1842 1849 1843
f 1844 1850 1842
f 1842 1850 1839
f 1842 1839 1832
f 1832 1839 1841
f 1832 1841 1831
f 1845 1847 1851
f 1851 1847 1852
f 1851 1852 1853
f 1844 1854 1850
f 1850 1854 1855
f 1850 1855 1856
f 1856 1855 1857
f 1856 1857 1852
f 1852 1857 1858
f 1852 1858 1853
f 1847 1859 1860
f 1847 1860 1852
f 1852 1860 1861
f 1852 1861 1862
f 1862 1861 1863
f 1862 1863 1864
f 1864 1863 1865
f 1864 1865 1866
f 1866 1865 1867
f 1866 1867 1868
f 1868 1867 1869
f 1868 1869 1870
f 1870 1871 1868
f 1868 1871 1872
f 1868 1872 1873
f 1873 1872 1874
f 1873 1874 1875
f 1801 1803 1876
f 1876 1803 1877
f 1876 1877 1878
f 1879 1880 1881
f 1881 1880 1882
f 1797 1796 1883
f 1883 1796 1884
f 1883 1884 1885
f 1886 1887 1885
f 1888 1887 1889
f 1889 1887 1886
f 1889 1886 1890
f 1888 1889 1891
f 1891 1889 1892
f 1891 1892 1893
f 1893 1894 1891
f 1891 1894 1895
f 1891 1895 1896
f 1897 1898 1899
f 1899 1898 1900
f 1899 1900 1901
f 1902 1903 1897
f 1897 1903 1904
f 1897 1904 1898
f 1905 1906 1907
f 1907 1906 1908
f 1907 1908 1909
f 1908 1910 1909
f 1909 1910 1911
f 1909 1911 1912
f 1913 1914 1915
f 1915 1914 1916
f 1915 1916 1917
f 1918 1919 1920
f 1920 1919 1921
f 1918 1920 1922
f 1922 1920 1923
f 1922 1923 1924
f 1925 1926 1927
f 1928 1929 1930
f 1930 1929 1931
f 1930 1931 1932
f 1931 1847 1932
f 1932 1847 1842
f 1932 1842 1933
f 1933 1842 1832
f 1933 1832 1934
f 1804 1806 1832
f 1832 1806 1935
f 1832 1935 1934
f 1936 1937 1938
f 1938 1937 1939
f 1938 1939 1913
f 1913 1939 1940
f 1913 1940 1914
f 1941 1942 1943
f 1943 1942 1912
f 1943 1912 1944
f 1944 1912 1911
f 1941 1945 1942
f 1942 1945 1946
f 1942 1946 1794
f 1794 1946 1947
f 1794 1947 1792
f 1948 1949 1793
f 1882 1880 1950
f 1950 1880 1789
f 1950 1789 1951
f 1952 1953 1954
f 1954 1953 1950
f 1954 1950 1955
f 1955 1950 1951
f 1790 1789 1956
f 1956 1789 1880
f 1956 1880 1799
f 1799 1880 1879
f 1799 1879 1800
f 1957 1958 1959
f 1952 1960 1953
f 1953 1960 1961
f 1953 1961 1962
f 1962 1961 1963
f 1962 1963 1964
f 1964 1963 1965
f 1964 1965 1966
f 1967 1968 1969
f 1969 1968 1970
f 1969 1970 1971
f 1971 1970 1972
f 1971 1972 1973
f 1974 1975 1976
f 1813 1977 1814
f 1814 1977 1978
f 1814 1978 1979
f 1979 1978 1980
f 1979 1980 1981
f 1980 1982 1981
f 1981 1982 1983
f 1981 1983 1984
f 1812 1985 1810
f 1810 1985 1909
f 1810 1909 1986
f 1986 1909 1912
f 1986 1912 1987
f 1987 1912 1942
f 1987 1942 1988
f 1988 1942 1984
f 1988 1984 1989
f 1989 1984 1983
f 1793 1949 1794
f 1794 1949 1990
f 1794 1990 1783
f 1793 1905 1948
f 1948 1905 1991
f 1948 1991 1992
f 1992 1991 1993
f 1992 1993 1994
f 1994 1993 1995
f 1905 1907 1991
f 1991 1907 1996
f 1991 1996 1993
f 1993 1996 1902
f 1993 1902 1995
f 1995 1902 1897
f 1995 1897 1997
f 1997 1897 1899
f 1997 1899 1998
f 1885 1884 1886
f 1886 1884 1999
f 1886 1999 1890
f 2000 2001 2002
f 1893 2003 1894
f 1894 2003 2004
f 1894 2004 2005
f 2005 2004 2006
f 2005 2006 1920
f 1920 2006 2007
f 1920 2007 1923
f 1923 2007 2008
f 1923 2008 2002
f 1803 1776 1777
f 2009 1877 1779
f 1803 1777 1877
f 1877 1777 1778
f 1877 1778 1779
f 1776 1803 1775
f 1775 1803 1802
f 1775 1802 1774
f 1781 1782 1964
f 1964 1782 2010
f 1779 1780 2009
f 2009 1780 1781
f 2009 1781 1959
f 1959 1781 1964
f 1959 1964 1957
f 1957 1964 1966
f 2011 2012 1901
f 1901 2012 2013
f 1901 2013 2014
f 1998 1899 1787
f 1787 1899 1901
f 1787 1901 1788
f 1788 1901 2014
f 1788 2014 2015
f 2015 2016 1788
f 1788 2016 2017
f 1788 2017 2018
f 2018 2017 2019
f 2018 2019 2020
f 1900 1896 1901
f 1901 1896 1895
f 1901 1895 2011
f 2011 1895 2021
f 2020 2022 2005
f 2005 2022 1894
f 1894 2022 2023
f 1894 2023 1895
f 1895 2023 2024
f 1895 2024 2021
f 2025 1969 2026
f 2026 1969 2027
f 2026 2027 2028
f 2028 2027 2029
f 2030 2031 2032
f 2032 2031 2029
f 2032 2029 2033
f 2033 2029 2027
f 1801 2034 1802
f 1802 2034 2035
f 1802 2035 2036
f 2036 2030 1802
f 1802 2030 2032
f 1802 2032 1774
f 1774 2032 2033
f 1774 2033 1773
f 1773 2033 2027
f 1773 2027 1772
f 1772 2027 2010
f 1772 2010 1771
f 1771 2010 1782
f 2025 2037 1969
f 1969 2037 2038
f 1969 2038 1967
f 1967 2038 2039
f 1967 2039 2040
f 2040 2039 2041
f 2040 2041 2035
f 2035 2041 2042
f 2035 2042 2036
f 2043 2044 1808
f 1808 2044 2045
f 1808 2045 1809
f 1809 2045 2046
f 1809 2046 1815
f 2047 2048 2043
f 2043 2048 2049
f 2043 2049 2044
f 1785 1917 1783
f 1783 1917 1916
f 1783 1916 1794
f 1794 1916 1914
f 1794 1914 1942
f 1942 1914 1940
f 1942 1940 1984
f 1984 1940 1939
f 1984 1939 1981
f 1829 2048 1826
f 1826 2048 2047
f 1826 2047 1806
f 1806 2047 2050
f 1806 2050 1935
f 1935 2050 2051
f 1807 1814 1808
f 1808 1814 1979
f 1808 1979 2043
f 2043 1979 1981
f 2043 1981 2047
f 2047 1981 1939
f 2047 1939 2050
f 2050 1939 1937
f 2050 1937 2051
f 2051 1937 1936
f 1784 1786 1785
f 1785 1786 1788
f 1785 1788 2052
f 2052 1788 2018
f 2020 2005 2018
f 2018 2005 1920
f 2018 1920 2052
f 2052 1920 1921
f 2052 1921 1785
f 1785 1921 2053
f 1785 2053 1917
f 1917 2053 2054
f 1917 2054 1915
f 1925 1927 2055
f 2055 1927 2056
f 2055 2056 1928
f 1928 2056 2057
f 1928 2057 1929
f 1929 2057 2058
f 1929 2058 1931
f 2002 2001 1923
f 1923 2001 1926
f 1923 1926 1924
f 1924 1926 1925
f 1924 1925 1922
f 1859 1847 2059
f 2059 1847 1931
f 2059 1931 1973
f 1973 1931 2058
f 1973 2058 1971
f 1971 2058 2057
f 1971 2057 1969
f 1969 2057 2056
f 1969 2056 2027
f 2027 2056 1927
f 2027 1927 2010
f 2010 1927 1926
f 2010 1926 1964
f 1964 1926 2001
f 1964 2001 1962
f 1962 2001 2000
f 1962 2000 1953
f 2002 2060 2000
f 2000 2060 1999
f 2000 1999 1953
f 1953 1999 1884
f 1953 1884 1950
f 1950 1884 1796
f 1950 1796 1882
f 1882 1796 1795
f 1870 1974 1871
f 1871 1974 1976
f 1871 1976 1872
f 1872 1976 2061
f 1872 2061 1874
f 1874 2061 2062
f 1874 2062 1875
f 1875 2062 2063
f 1975 1968 1976
f 1976 1968 1967
f 1976 1967 2061
f 2061 1967 2040
f 2061 2040 2062
f 2062 2040 2035
f 2062 2035 2063
f 2063 2035 2034
f 1958 1791 1959
f 1959 1791 1790
f 1959 1790 2009
f 2009 1790 1956
f 2009 1956 1877
f 1877 1956 1799
f 1877 1799 1878
f 1878 1799 1798
f 1814 178 1812
f 1812 178 179
f 1812 179 1985
f 1814 1807 178
f 178 1807 1817
f 178 1817 177
f 177 1817 1816
f 177 1816 176
f 176 1816 1820
f 1820 1822 176
f 176 1822 1824
f 176 1824 175
f 175 1824 1835
f 175 1835 1837
f 1837 1839 175
f 175 1839 1850
f 175 1850 165
f 1850 1856 165
f 165 1856 1852
f 165 1852 164
f 164 1852 1862
f 164 1862 1864
f 1864 1866 164
f 164 1866 1868
f 164 1868 163
f 163 1868 1873
f 163 1873 162
f 162 1873 1875
f 162 1875 2063
f 1876 161 1801
f 1801 161 162
f 1801 162 2034
f 2034 162 2063
f 180 183 1996
f 157 155 1891
f 1797 1883 158
f 161 1876 160
f 160 1876 1878
f 1878 1798 160
f 160 1798 1800
f 160 1800 159
f 159 1800 1879
f 1879 1881 159
f 159 1881 1882
f 159 1882 158
f 158 1882 1795
f 158 1795 1797
f 1883 1885 158
f 158 1885 1887
f 158 1887 155
f 155 1887 1888
f 155 1888 1891
f 1891 1896 157
f 157 1896 1900
f 157 1900 184
f 184 1900 1898
f 1898 1904 184
f 184 1904 1903
f 184 1903 183
f 183 1903 1902
f 183 1902 1996
f 1985 179 1909
f 1909 179 180
f 1909 180 1907
f 1907 180 1996
f 1821 1723 1823
f 1823 1723 1721
f 1823 1721 1825
f 1825 1721 1719
f 1825 1719 1829
f 1829 1719 1608
f 1829 1608 2048
f 2048 1608 1607
f 2048 1607 2049
f 2049 1607 1606
f 2049 1606 2044
f 2044 1606 1543
f 2044 1543 2045
f 2045 1543 1548
f 2045 1548 2046
f 2046 1548 1547
f 2046 1547 1815
f 1815 1547 1546
f 1815 1546 1818
f 1818 1546 1542
f 1818 1542 1819
f 1819 1542 1724
f 1819 1724 1821
f 1821 1724 1723
f 2030 1616 2031
f 2031 1616 1477
f 2031 1477 2029
f 2029 1477 1476
f 2029 1476 2028
f 2028 1476 1620
f 2028 1620 2026
f 2026 1620 1621
f 2026 1621 2025
f 2025 1621 1708
f 2025 1708 2037
f 2037 1708 1611
f 2037 1611 2038
f 2038 1611 1614
f 2038 1614 2039
f 2039 1614 1613
f 2039 1613 2041
f 2041 1613 1619
f 2041 1619 2042
f 2042 1619 1618
f 2042 1618 2036
f 2036 1618 1617
f 2036 1617 2030
f 2030 1617 1616
f 2013 1623 2014
f 2014 1623 1474
f 2014 1474 2015
f 2015 1474 1473
f 2015 1473 2016
f 2016 1473 1636
f 2016 1636 2017
f 2017 1636 1638
f 2017 1638 2019
f 2019 1638 1639
f 2019 1639 2020
f 2020 1639 1634
f 2020 1634 2022
f 2022 1634 1632
f 2022 1632 2023
f 2023 1632 1630
f 2023 1630 2024
f 2024 1630 1628
f 2024 1628 2021
f 2021 1628 1627
f 2021 1627 2011
f 2011 1627 1626
f 2011 1626 2012
f 2012 1626 1624
f 2012 1624 2013
f 2013 1624 1623
f 1830 2064 1833
f 1833 2064 2065
f 1833 2065 1834
f 1834 2065 2066
f 1834 2066 1836
f 1836 2066 2067
f 1836 2067 1838
f 1838 2067 2068
f 1838 2068 1840
f 1840 2068 2069
f 1840 2069 1841
f 1841 2069 2070
f 1841 2070 1831
f 1831 2070 2071
f 1831 2071 1804
f 1804 2071 2072
f 1804 2072 1805
f 1805 2072 2073
f 1805 2073 1827
f 1827 2073 2074
f 1827 2074 1828
f 1828 2074 2075
f 1828 2075 1830
f 1830 2075 2064
f 2076 2067 2077
f 2077 2067 2066
f 2077 2066 2078
f 2078 2066 2065
f 2078 2065 2079
f 2079 2065 2064
f 2079 2064 2080
f 2080 2064 2075
f 2080 2075 2081
f 2081 2075 2074
f 2081 2074 2082
f 2082 2074 2073
f 2082 2073 2083
f 2083 2073 2072
f 2083 2072 2084
f 2084 2072 2071
f 2084 2071 2085
f 2085 2071 2070
f 2085 2070 2086
f 2086 2070 2069
f 2086 2069 2087
f 2087 2069 2068
f 2087 2068 2076
f 2076 2068 2067
f 1535 2081 1536
f 1536 2081 2082
f 1536 2082 1537
f 1537 2082 2083
f 1537 2083 1528
f 1528 2083 2084
f 1528 2084 1529
f 1529 2084 2085
f 1529 2085 1534
f 1534 2085 2086
f 1534 2086 1532
f 1532 2086 2087
f 1532 2087 1530
f 1530 2087 2076
f 1530 2076 1524
f 1524 2076 2077
f 1524 2077 1525
f 1525 2077 2078
f 1525 2078 1522
f 1522 2078 2079
f 1522 2079 1523
f 1523 2079 2080
f 1523 2080 1535
f 1535 2080 2081
f 2004 2088 2006
f 2006 2088 2089
f 2006 2089 2007
f 2007 2089 2090
f 2007 2090 2008
f 2008 2090 2091
f 2008 2091 2002
f 2002 2091 2092
f 2002 2092 2060
f 2060 2092 2093
f 2060 2093 1999
f 1999 2093 2094
f 1999 2094 1890
f 1890 2094 2095
f 1890 2095 1889
f 1889 2095 2096
f 1889 2096 1892
f 1892 2096 2097
f 1892 2097 1893
f 1893 2097 2098
f 1893 2098 2003
f 2003 2098 2099
f 2003 2099 2004
f 2004 2099 2088
f 2089 2100 2090
f 2090 2100 2101
f 2090 2101 2091
f 2091 2101 2102
f 2091 2102 2092
f 2092 2102 2103
f 2092 2103 2093
f 2093 2103 2104
f 2093 2104 2094
f 2094 2104 2105
f 2094 2105 2095
f 2095 2105 2106
f 2095 2106 2096
f 2096 2106 2107
f 2096 2107 2097
f 2097 2107 2108
f 2097 2108 2098
f 2098 2108 2109
f 2098 2109 2099
f 2099 2109 2110
f 2099 2110 2088
f 2088 2110 2111
f 2088 2111 2089
f 2089 2111 2112
f 2089 2112 2100
f 1666 2109 1665
f 1665 2109 2108
f 1665 2108 1677
f 1677 2108 2107
f 1677 2107 1678
f 1678 2107 2106
f 1678 2106 1679
f 1679 2106 2105
f 1679 2105 1676
f 1676 2105 2104
f 1676 2104 1674
f 1674 2104 2103
f 1674 2103 1673
f 1673 2103 2102
f 1673 2102 1668
f 1668 2102 2101
f 1668 2101 1669
f 1669 2101 2100
f 1669 2100 1670
f 1670 2100 2112
f 1670 2112 1671
f 1671 2112 2111
f 1671 2111 1667
f 1667 2111 2110
f 1667 2110 1666
f 1666 2110 2109
f 1992 2113 1948
f 1948 2113 2114
f 1948 2114 1949
f 1949 2114 2115
f 1949 2115 1990
f 1990 2115 2116
f 1990 2116 1783
f 1783 2116 2117
f 1783 2117 1784
f 1784 2117 2118
f 1784 2118 1786
f 1786 2118 2119
f 1786 2119 1787
f 1787 2119 2120
f 1787 2120 1998
f 1998 2120 2121
f 1998 2121 1997
f 1997 2121 2122
f 1997 2122 1995
f 1995 2122 2123
f 1995 2123 1994
f 1994 2123 2124
f 1994 2124 1992
f 1992 2124 2113
f 2125 2116 2126
f 2126 2116 2115
f 2126 2115 2127
f 2127 2115 2114
f 2127 2114 2128
f 2128 2114 2113
f 2128 2113 2129
f 2129 2113 2124
f 2129 2124 2130
f 2130 2124 2123
f 2130 2123 2131
f 2131 2123 2122
f 2131 2122 2132
f 2132 2122 2121
f 2132 2121 2133
f 2133 2121 2120
f 2133 2120 2134
f 2134 2120 2119
f 2134 2119 2135
f 2135 2119 2118
f 2135 2118 2136
f 2136 2118 2117
f 2136 2117 2125
f 2125 2117 2116
f 1660 2134 1662
f 1662 2134 2135
f 1662 2135 1663
f 1663 2135 2136
f 1663 2136 1580
f 1580 2136 2125
f 1580 2125 1579
f 1579 2125 2126
f 1579 2126 1583
f 1583 2126 2127
f 1583 2127 1584
f 1584 2127 2128
f 1584 2128 1586
f 1586 2128 2129
f 1586 2129 1587
f 1587 2129 2130
f 1587 2130 1738
f 1738 2130 2131
f 1738 2131 1664
f 1664 2131 2132
f 1664 2132 1659
f 1659 2132 2133
f 1659 2133 1660
f 1660 2133 2134
f 1813 2137 1977
f 1977 2137 2138
f 1977 2138 1978
f 1978 2138 2139
f 1978 2139 1980
f 1980 2139 2140
f 1980 2140 1982
f 1982 2140 2141
f 1982 2141 1983
f 1983 2141 2142
f 1983 2142 1989
f 1989 2142 2143
f 1989 2143 1988
f 1988 2143 2144
f 1988 2144 1987
f 1987 2144 2145
f 1987 2145 1986
f 1986 2145 2146
f 1986 2146 1810
f 1810 2146 2147
f 1810 2147 1811
f 1811 2147 2148
f 1811 2148 1813
f 1813 2148 2137
f 2149 2141 2150
f 2150 2141 2140
f 2150 2140 2151
f 2151 2140 2139
f 2151 2139 2152
f 2152 2139 2138
f 2152 2138 2153
f 2153 2138 2137
f 2153 2137 2154
f 2154 2137 2148
f 2154 2148 2155
f 2155 2148 2147
f 2155 2147 2156
f 2156 2147 2146
f 2156 2146 2157
f 2157 2146 2145
f 2157 2145 2158
f 2158 2145 2144
f 2158 2144 2159
f 2159 2144 2143
f 2159 2143 2160
f 2160 2143 2142
f 2160 2142 2149
f 2149 2142 2141
f 1562 2157 1563
f 1563 2157 2158
f 1563 2158 1557
f 1557 2158 2159
f 1557 2159 1558
f 1558 2159 2160
f 1558 2160 1555
f 1555 2160 2149
f 1555 2149 1554
f 1554 2149 2150
f 1554 2150 1549
f 1549 2150 2151
f 1549 2151 1550
f 1550 2151 2152
f 1550 2152 1552
f 1552 2152 2153
f 1552 2153 1553
f 1553 2153 2154
f 1553 2154 1559
f 1559 2154 2155
f 1559 2155 1560
f 1560 2155 2156
f 1560 2156 1562
f 1562 2156 2157
f 1860 2161 1861
f 1861 2161 2162
f 1861 2162 1863
f 1863 2162 2163
f 1863 2163 1865
f 1865 2163 2164
f 1865 2164 1867
f 1867 2164 2165
f 1867 2165 1869
f 1869 2165 2166
f 1869 2166 1870
f 1870 2166 2167
f 1870 2167 1974
f 1974 2167 2168
f 1974 2168 1975
f 1975 2168 2169
f 1975 2169 1968
f 1968 2169 2170
f 1968 2170 1970
f 1970 2170 2171
f 1970 2171 1972
f 1972 2171 1973
f 2161 1860 2172
f 2172 1860 1859
f 2172 1859 2171
f 2171 1859 2059
f 2171 2059 1973
f 2173 2165 2174
f 2174 2165 2164
f 2174 2164 2175
f 2175 2164 2163
f 2175 2163 2176
f 2176 2163 2162
f 2176 2162 2177
f 2177 2162 2161
f 2177 2161 2178
f 2178 2161 2172
f 2178 2172 2179
f 2179 2172 2171
f 2179 2171 2180
f 2180 2171 2170
f 2180 2170 2181
f 2181 2170 2169
f 2181 2169 2182
f 2182 2169 2168
f 2182 2168 2183
f 2183 2168 2167
f 2183 2167 2184
f 2184 2167 2166
f 2184 2166 2173
f 2173 2166 2165
f 1491 2183 1498
f 1498 2183 2184
f 1498 2184 1499
f 1499 2184 2173
f 1499 2173 1501
f 1501 2173 2174
f 1501 2174 1503
f 1503 2174 2175
f 1503 2175 1504
f 1504 2175 2176
f 1504 2176 1488
f 1488 2176 2177
f 1488 2177 1489
f 1489 2177 2178
f 1489 2178 1680
f 1680 2178 2179
f 1680 2179 1681
f 1681 2179 2180
f 1681 2180 1684
f 1684 2180 2181
f 1684 2181 1685
f 1685 2181 2182
f 1685 2182 1491
f 1491 2182 2183
f 1653 1952 1654
f 1654 1952 1954
f 1654 1954 1656
f 1656 1954 1955
f 1656 1955 1657
f 1657 1955 1951
f 1657 1951 1658
f 1658 1951 1789
f 1658 1789 1652
f 1652 1789 1791
f 1652 1791 1470
f 1470 1791 1958
f 1470 1958 1648
f 1648 1958 1957
f 1648 1957 1646
f 1646 1957 1966
f 1646 1966 1640
f 1640 1966 1965
f 1640 1965 1641
f 1641 1965 1963
f 1641 1963 1643
f 1643 1963 1961
f 1643 1961 1645
f 1645 1961 1960
f 1645 1960 1653
f 1653 1960 1952
f 1571 1793 1572
f 1572 1793 1792
f 1572 1792 1573
f 1573 1792 1947
f 1573 1947 1574
f 1574 1947 1946
f 1574 1946 1575
f 1575 1946 1945
f 1575 1945 1576
f 1576 1945 1941
f 1576 1941 1577
f 1577 1941 1943
f 1577 1943 1578
f 1578 1943 1944
f 1578 1944 1567
f 1567 1944 1911
f 1567 1911 1568
f 1568 1911 1910
f 1568 1910 1565
f 1565 1910 1908
f 1565 1908 1566
f 1566 1908 1906
f 1566 1906 1570
f 1570 1906 1905
f 1570 1905 1571
f 1571 1905 1793
f 1513 1851 1516
f 1516 1851 1853
f 1516 1853 1517
f 1517 1853 1858
f 1517 1858 1519
f 1519 1858 1857
f 1519 1857 1520
f 1520 1857 1855
f 1520 1855 1515
f 1515 1855 1854
f 1515 1854 1507
f 1507 1854 1844
f 1507 1844 1508
f 1508 1844 1843
f 1508 1843 1509
f 1509 1843 1849
f 1509 1849 1510
f 1510 1849 1848
f 1510 1848 1511
f 1511 1848 1846
f 1511 1846 1512
f 1512 1846 1845
f 1512 1845 1513
f 1513 1845 1851
f 1697 1913 1695
f 1695 1913 1915
f 1695 1915 1694
f 1694 1915 2054
f 1694 2054 1692
f 1692 2054 2053
f 1692 2053 1691
f 1691 2053 1921
f 1691 1921 1689
f 1689 1921 1919
f 1689 1919 1688
f 1688 1919 1918
f 1688 1918 1467
f 1467 1918 1922
f 1467 1922 1687
f 1687 1922 1925
f 1687 1925 1706
f 1706 1925 2055
f 1706 2055 1705
f 1705 2055 1928
f 1705 1928 1704
f 1704 1928 1702
f 1702 1928 1930
f 1702 1930 1726
f 1726 1930 1932
f 1726 1932 1731
f 1932 1933 1731
f 1731 1933 1934
f 1731 1934 1732
f 1732 1934 1935
f 1732 1935 1701
f 1701 1935 2051
f 1701 2051 1700
f 1700 2051 1936
f 1700 1936 1698
f 1698 1936 1938
f 1698 1938 1697
f 1697 1938 1913
f 990 1039 1040
f 990 1040 1030
f 1030 1040 1043
f 1030 1043 1031
f 1031 1043 1042
f 1031 1042 1032
f 1032 1042 1041
f 1032 1041 1029
f 1029 1041 1034
f 1029 1034 1028
f 1177 1171 1178
f 1178 1171 1162
f 2185 2186 2187
f 2188 1053 1073
f 2188 1073 2189
f 1059 2186 1074
f 1074 2186 2185
f 1074 2185 1073
f 1073 2185 2190
f 1073 2190 2189
f 1090 2191 1091
f 1091 2191 2187
f 1091 2187 1092
f 1092 2187 2186
f 1092 2186 1088
f 1088 2186 1059
f 1088 1059 1089
f 1089 1059 1058
f 2190 2185 547
f 2191 1090 546
f 547 2185 546
f 546 2185 2187
f 546 2187 2191
f 2190 547 2189
f 2189 547 550
f 2189 550 1054
f 2189 1054 2188
f 2188 1054 1053
f 550 570 1054
f 1054 570 1045
f 1045 570 1047
f 1047 570 324
f 1047 324 1050
f 1050 324 323
f 1050 323 1035
f 1035 323 571
f 2192 1127 2193
f 2193 1127 1125
f 2193 1125 1124
f 2194 2195 1122
f 1122 2195 2196
f 1122 2196 1123
f 1123 2196 2197
f 1123 2197 1124
f 1124 2197 2198
f 1124 2198 2193
f 2194 1122 2199
f 2199 1122 1121
f 2199 1121 2200
f 2200 1121 1139
f 2200 1139 2201
f 2201 1139 1138
f 2201 1138 2202
f 2202 1138 1137
f 2202 1137 2203
f 2203 1137 1142
f 2203 1142 2204
f 2204 1142 1141
f 2204 1141 2205
f 2206 1133 1132
f 2205 1141 1140
f 1130 1127 2192
f 2205 1140 2207
f 2207 1140 1136
f 2207 1136 2208
f 2208 1136 1135
f 2208 1135 2209
f 1133 2206 1134
f 2206 2210 1134
f 1134 2210 2211
f 1134 2211 1135
f 1135 2211 2212
f 1135 2212 2209
f 2213 2214 1132
f 1132 2214 2215
f 1132 2215 2206
f 2192 2216 1130
f 1130 2216 2217
f 1130 2217 1131
f 1131 2217 2218
f 1131 2218 1118
f 1118 2218 2213
f 1118 2213 1119
f 1119 2213 1132
f 2216 2192 2219
f 2219 2220 2216
f 2216 2220 2221
f 2216 2221 2217
f 2217 2221 2222
f 2217 2222 2218
f 2218 2222 2223
f 2218 2223 2213
f 2213 2223 2224
f 2213 2224 2214
f 2214 2224 2215
f 2215 2224 2225
f 2215 2225 2206
f 2206 2225 2226
f 2206 2226 2210
f 2210 2226 2211
f 2211 2226 2227
f 2211 2227 2212
f 2212 2227 2228
f 2212 2228 2209
f 2209 2228 2208
f 2208 2228 2229
f 2208 2229 2207
f 2207 2229 2230
f 2207 2230 2205
f 2205 2230 2231
f 2205 2231 2232
f 2233 2219 2192
f 2233 2192 2234
f 2192 2193 2234
f 2234 2193 2198
f 2234 2198 2235
f 2198 2197 2235
f 2235 2197 2196
f 2235 2196 2236
f 2236 2196 2195
f 2236 2195 2237
f 2237 2195 2194
f 2237 2194 2238
f 2238 2194 2199
f 2238 2199 2239
f 2199 2200 2239
f 2239 2200 2201
f 2239 2201 2240
f 2205 2232 2204
f 2204 2232 2241
f 2204 2241 2203
f 2203 2241 2240
f 2203 2240 2202
f 2202 2240 2201
f 2223 62 2224
f 2224 62 107
f 2238 2239 320
f 2223 2222 62
f 62 2222 2221
f 62 2221 2220
f 2234 63 2233
f 2233 63 62
f 2233 62 2219
f 2219 62 2220
f 2234 2235 63
f 63 2235 2236
f 63 2236 2237
f 2230 2229 531
f 2230 531 2231
f 2239 2240 320
f 320 2240 2241
f 320 2241 531
f 531 2241 2232
f 531 2232 2231
f 2229 2228 531
f 531 2228 2227
f 531 2227 532
f 532 2227 2226
f 532 2226 107
f 107 2226 2225
f 107 2225 2224
f 2237 2238 63
f 63 2238 320
f 63 320 64
f 64 320 322
f 64 322 116
f 116 322 523
f 532 107 631
f 631 107 108
f 631 108 632
f 632 108 79
f 632 79 633
f 633 79 78
f 633 78 650
f 650 78 77
f 66 640 642
f 66 642 68
f 68 642 644
f 68 644 70
f 70 644 646
f 70 646 72
f 72 646 648
f 72 648 106
f 106 648 650
f 106 650 77
f 97 529 530
f 97 530 100
f 100 530 638
f 100 638 98
f 98 638 640
f 98 640 66
f 95 537 93
f 93 537 536
f 93 536 94
f 94 536 535
f 94 535 96
f 96 535 527
f 96 527 97
f 97 527 529
f 2242 545 543
f 104 2243 105
f 105 2243 2244
f 105 2244 2245
f 2245 2246 105
f 105 2246 2247
f 105 2247 99
f 2247 2242 99
f 99 2242 543
f 99 543 101
f 101 543 541
f 101 541 102
f 102 541 539
f 102 539 95
f 95 539 537
f 2248 549 2249
f 2249 549 548
f 2249 548 2250
f 2250 548 2251
f 2251 548 545
f 2251 545 2242
f 2252 551 2248
f 2248 551 549
f 560 553 2253
f 211 210 2254
f 2254 210 560
f 2254 560 2255
f 2255 560 2253
f 552 551 2252
f 2252 2256 552
f 552 2256 2257
f 552 2257 553
f 553 2257 2258
f 553 2258 2253
f 2252 2248 2255
f 118 206 205
f 119 118 2259
f 2259 118 205
f 2259 205 2260
f 2260 205 211
f 2260 211 2248
f 2248 211 2254
f 2248 2254 2255
f 2253 2258 2257
f 2253 2257 2255
f 2255 2257 2256
f 2255 2256 2252
f 174 206 173
f 173 206 118
f 173 118 117
f 173 117 171
f 171 117 128
f 171 128 156
f 156 128 129
f 156 129 131
f 131 129 121
f 122 2261 104
f 126 119 2259
f 126 2259 127
f 127 2262 122
f 122 2262 2263
f 122 2263 2261
f 2261 2263 2264
f 2261 2264 104
f 104 2264 2243
f 127 2259 2262
f 2262 2259 2260
f 2262 2260 2263
f 2263 2260 2265
f 2263 2265 2264
f 2266 2249 2267
f 2267 2249 2250
f 2242 2247 2251
f 2244 2243 2268
f 2268 2243 2264
f 2268 2264 2265
f 2269 2246 2268
f 2268 2246 2245
f 2268 2245 2244
f 2247 2246 2251
f 2251 2246 2269
f 2251 2269 2250
f 2250 2269 2268
f 2250 2268 2267
f 2267 2268 2265
f 2267 2265 2266
f 2266 2265 2260
f 2260 2248 2266
f 2266 2248 2249
f 116 523 115
f 115 523 498
f 115 498 113
f 113 498 500
f 113 500 114
f 114 500 517
f 114 517 1
f 1 517 2
f 653 345 2270
f 2270 345 344
f 2270 344 2271
f 2271 344 343
f 2271 343 1011
f 2270 2271 2272
f 657 656 2273
f 1003 1002 2274
f 2274 2275 2276
f 2272 1009 1008
f 2277 668 666
f 666 664 2278
f 2278 664 662
f 662 653 2270
f 2277 666 2279
f 2279 666 2278
f 2279 2278 2280
f 657 2273 659
f 2276 2275 2281
f 2281 2275 2282
f 2281 2282 2283
f 2283 2282 2284
f 2283 2284 2273
f 2273 2284 2285
f 2273 2285 659
f 1009 2272 1010
f 1010 2272 2271
f 1010 2271 1011
f 2280 2286 2287
f 2287 2286 1006
f 2287 1006 1005
f 662 2270 2278
f 2278 2270 2272
f 2278 2272 2280
f 2280 2272 1008
f 2280 1008 2286
f 2286 1008 1007
f 2286 1007 1006
f 656 668 2273
f 2273 668 2277
f 2273 2277 2283
f 2283 2277 2279
f 2283 2279 2281
f 2281 2279 2280
f 2281 2280 2276
f 2276 2280 2287
f 2276 2287 2274
f 2274 2287 1005
f 2274 1005 1003
f 1014 1018 2288
f 1002 1012 2274
f 2274 1012 2289
f 2274 2289 2275
f 2275 2289 2290
f 2275 2290 2282
f 2282 2290 2291
f 2282 2291 2284
f 2284 2291 2285
f 2285 2291 683
f 2285 683 659
f 1018 1017 2288
f 2288 1017 2292
f 2288 2292 2293
f 2293 2292 2294
f 2293 2294 2295
f 2295 2294 2296
f 2295 2296 681
f 681 2296 679
f 1012 1014 2289
f 2289 1014 2288
f 2289 2288 2290
f 2290 2288 2293
f 2290 2293 2291
f 2291 2293 2295
f 2291 2295 683
f 683 2295 681
f 677 679 2296
f 675 677 2297
f 1021 1020 2298
f 2298 1020 2299
f 2298 2299 2300
f 2300 2299 2301
f 2300 2301 2297
f 2297 2301 2302
f 2297 2302 675
f 2292 1017 1016
f 677 2296 2297
f 2297 2296 2294
f 2297 2294 2300
f 2300 2294 2292
f 2300 2292 2298
f 2298 2292 1016
f 2298 1016 1021
f 1027 1026 2303
f 2299 1020 1027
f 1027 2303 2299
f 2299 2303 2304
f 2299 2304 2301
f 2301 2304 2305
f 2301 2305 2302
f 2302 2305 673
f 2302 673 675
f 1026 1025 2303
f 2303 1025 2306
f 2303 2306 2304
f 2304 2306 2307
f 2304 2307 2305
f 2305 2307 2308
f 2305 2308 673
f 673 2308 671
f 2309 2310 2311
f 2312 2313 2314
f 2307 2315 2308
f 2308 2315 2316
f 2308 2316 671
f 2313 1024 1023
f 2317 2318 2316
f 2316 2318 2319
f 2316 2319 671
f 2309 2311 2320
f 2320 2311 2321
f 2320 2321 2322
f 2315 2310 2316
f 2316 2310 2309
f 2316 2309 2317
f 2317 2309 2320
f 2317 2320 2323
f 2323 2320 2322
f 2323 2322 2324
f 2313 1023 2314
f 2314 1023 993
f 2314 993 2325
f 2325 993 992
f 2325 992 2326
f 2326 992 991
f 2326 991 984
f 2312 2314 2327
f 2327 2314 2325
f 2327 2325 2328
f 2328 2325 2326
f 2328 2326 2329
f 2329 2326 984
f 2329 984 985
f 983 2324 986
f 986 2324 2322
f 986 2322 985
f 985 2322 2321
f 985 2321 2329
f 2329 2321 2311
f 2329 2311 2328
f 2328 2311 2310
f 2328 2310 2327
f 2327 2310 2315
f 2327 2315 2312
f 2312 2315 2307
f 2312 2307 2313
f 2313 2307 2306
f 2313 2306 1024
f 1024 2306 1025
f 2324 983 979
f 979 2330 2324
f 2324 2330 2331
f 2324 2331 2323
f 2323 2331 2332
f 2323 2332 2317
f 2317 2332 2333
f 2317 2333 2318
f 2318 2333 2334
f 2318 2334 2319
f 2319 2334 2335
f 2319 2335 671
f 671 2335 672
f 2336 2337 2338
f 2339 2336 2340
f 765 2339 2341
f 2342 2335 2334
f 2332 2343 2344
f 2342 2334 2344
f 2344 2334 2333
f 2344 2333 2332
f 2336 2338 2340
f 2340 2338 2345
f 2340 2345 2346
f 2346 2345 2347
f 2346 2347 2348
f 2348 2347 2349
f 2348 2349 2350
f 2339 2340 2341
f 2341 2340 2346
f 2341 2346 2351
f 2351 2346 2348
f 2351 2348 2352
f 2352 2348 2350
f 2352 2350 2353
f 765 2341 770
f 770 2341 2351
f 770 2351 769
f 769 2351 2352
f 769 2352 767
f 767 2352 2353
f 767 2353 771
f 2332 2331 2343
f 2343 2331 2330
f 2343 2330 2354
f 2354 2330 979
f 2354 979 980
f 757 771 982
f 982 771 2353
f 982 2353 981
f 981 2353 2350
f 981 2350 980
f 980 2350 2349
f 980 2349 2354
f 2354 2349 2347
f 2354 2347 2343
f 2343 2347 2345
f 2343 2345 2344
f 2344 2345 2338
f 2344 2338 2342
f 2342 2338 2337
f 2342 2337 2335
f 2335 2337 672
f 764 775 2355
f 674 672 2356
f 2356 672 2337
f 2356 2337 2357
f 2357 2337 2336
f 2357 2336 2355
f 2355 2336 2339
f 2355 2339 764
f 764 2339 765
f 676 674 697
f 697 674 2356
f 697 2356 696
f 696 2356 2357
f 696 2357 694
f 694 2357 2355
f 694 2355 695
f 695 2355 775
f 190 189 569
f 569 189 213
f 569 213 319
f 319 213 212
f 2358 652 2359
f 2359 652 651
f 2359 651 2360
f 2360 651 649
f 2360 649 2361
f 2361 649 647
f 2361 647 2362
f 2362 647 645
f 2362 645 2363
f 2363 645 643
f 2363 643 2364
f 2364 643 641
f 2364 641 2365
f 2365 641 639
f 2365 639 2366
f 2366 639 637
f 2366 637 2367
f 2367 637 636
f 2367 636 2368
f 2368 636 635
f 2368 635 2369
f 2369 635 634
f 2369 634 2358
f 2358 634 652
f 2360 2361 2359
f 2359 2361 2362
f 2366 2367 2365
f 2365 2367 2368
f 2365 2368 2364
f 2358 2359 2369
f 2369 2359 2362
f 2369 2362 2368
f 2368 2362 2363
f 2368 2363 2364
f 2370 2371 583
f 2370 583 2372
f 583 581 2372
f 2372 581 578
f 2372 578 2373
f 2373 578 590
f 2373 590 2374
f 2374 590 2375
f 2375 590 589
f 2375 589 2376
f 2376 589 2377
f 2377 589 596
f 2377 596 2378
f 2378 596 2379
f 2379 596 598
f 2379 598 2380
f 2380 598 600
f 2380 600 2381
f 2382 2381 600
f 2382 600 2383
f 600 602 2383
f 2383 602 591
f 2383 591 2384
f 2384 591 593
f 2384 593 2385
f 587 2386 593
f 593 2386 2387
f 593 2387 2385
f 2388 2389 586
f 586 2389 2390
f 586 2390 587
f 587 2390 2391
f 587 2391 2386
f 586 584 2388
f 2388 584 583
f 2388 583 2371
f 2385 2387 2370
f 2370 2387 2386
f 2370 2386 2391
f 2375 2376 2382
f 2382 2376 2377
f 2385 2370 2384
f 2384 2370 2372
f 2384 2372 2383
f 2383 2372 2373
f 2383 2373 2382
f 2382 2373 2374
f 2382 2374 2375
f 2388 2371 2389
f 2389 2371 2370
f 2389 2370 2390
f 2390 2370 2391
f 2380 2381 2379
f 2379 2381 2382
f 2379 2382 2378
f 2378 2382 2377
f 2392 554 2393
f 2393 554 561
f 2393 561 2394
f 2394 561 562
f 563 2395 562
f 562 2395 2396
f 562 2396 2394
f 564 2397 563
f 563 2397 2398
f 563 2398 2395
f 565 2399 564
f 564 2399 2400
f 564 2400 2397
f 2401 2402 565
f 565 2402 2403
f 565 2403 2399
f 565 566 2401
f 2401 566 567
f 2401 567 2404
f 2405 2406 557
f 2407 2404 567
f 2407 567 2408
f 567 568 2408
f 2408 568 556
f 2408 556 2409
f 557 2406 556
f 556 2406 2410
f 556 2410 2409
f 2405 557 2411
f 2411 557 558
f 2411 558 2412
f 2412 558 559
f 2412 559 2413
f 2413 559 2414
f 2414 559 555
f 2414 555 2415
f 2415 555 554
f 2415 554 2392
f 2408 2393 2407
f 2407 2393 2394
f 2408 2409 2393
f 2393 2409 2410
f 2393 2410 2392
f 2392 2410 2406
f 2392 2406 2415
f 2394 2396 2407
f 2407 2396 2395
f 2407 2395 2404
f 2404 2395 2398
f 2404 2398 2401
f 2411 2412 2405
f 2405 2412 2413
f 2405 2413 2406
f 2406 2413 2414
f 2406 2414 2415
f 2400 2399 2397
f 2397 2399 2403
f 2397 2403 2398
f 2398 2403 2402
f 2398 2402 2401
f 2416 481 2417
f 2417 481 327
f 2417 327 2418
f 2418 327 490
f 2418 490 2419
f 2419 490 489
f 2419 489 2420
f 2420 489 488
f 2420 488 2421
f 2421 488 464
f 2421 464 2422
f 2422 464 469
f 2422 469 2423
f 2423 469 471
f 2423 471 2424
f 2424 471 473
f 2424 473 2425
f 2425 473 475
f 2425 475 2426
f 2426 475 477
f 2426 477 2427
f 2427 477 479
f 2427 479 2416
f 2416 479 481
f 2427 2416 2422
f 2422 2416 2417
f 2420 2421 2419
f 2419 2421 2422
f 2419 2422 2418
f 2418 2422 2417
f 2426 2427 2425
f 2425 2427 2422
f 2425 2422 2424
f 2424 2422 2423
f 2428 452 2429
f 2429 452 454
f 2429 454 2430
f 2430 454 456
f 2430 456 2431
f 2431 456 430
f 2431 430 2432
f 2432 430 428
f 2432 428 2433
f 2433 428 427
f 2433 427 2434
f 2434 427 426
f 2434 426 2435
f 2435 426 442
f 2435 442 2436
f 2436 442 444
f 2436 444 2437
f 2437 444 446
f 2437 446 2438
f 2438 446 448
f 2438 448 2439
f 2439 448 450
f 2439 450 2428
f 2428 450 452
f 2432 2433 2434
f 2434 2435 2428
f 2428 2435 2436
f 2436 2437 2428
f 2428 2437 2438
f 2428 2438 2439
f 2431 2432 2430
f 2430 2432 2434
f 2430 2434 2429
f 2429 2434 2428
f 2440 2441 398
f 2442 2443 405
f 405 403 2442
f 2442 403 401
f 2442 401 2444
f 398 2441 399
f 2441 2445 399
f 399 2445 2446
f 399 2446 401
f 401 2446 2447
f 401 2447 2444
f 2440 398 2448
f 2448 398 396
f 2448 396 2449
f 2449 396 395
f 2449 395 2450
f 2450 395 417
f 2450 417 2451
f 2452 2451 417
f 417 416 2452
f 2452 416 414
f 2452 414 2453
f 2453 414 2454
f 2454 414 412
f 2454 412 2455
f 2455 412 2456
f 2456 412 410
f 2456 410 2457
f 2457 410 2458
f 2458 410 408
f 2458 408 2459
f 2459 408 2460
f 2460 408 406
f 2460 406 2461
f 2461 406 405
f 2461 405 2443
f 2455 2444 2454
f 2454 2444 2447
f 2454 2447 2453
f 2453 2447 2446
f 2455 2456 2444
f 2444 2456 2457
f 2444 2457 2458
f 2446 2445 2453
f 2453 2445 2441
f 2453 2441 2440
f 2460 2461 2443
f 2449 2450 2451
f 2458 2459 2444
f 2444 2459 2460
f 2444 2460 2442
f 2442 2460 2443
f 2440 2448 2453
f 2453 2448 2449
f 2453 2449 2452
f 2452 2449 2451
f 2462 2463 378
f 2464 2465 2466
f 381 358 2467
f 378 2463 358
f 358 2463 2468
f 358 2468 2467
f 2462 378 2469
f 2469 378 377
f 2469 377 2470
f 2470 377 376
f 2470 376 2471
f 2471 376 362
f 2471 362 2472
f 2473 2474 2466
f 2466 2474 375
f 2466 375 379
f 2466 379 2464
f 2464 379 381
f 2464 381 2475
f 2475 381 2467
f 2476 2477 2478
f 2476 2465 2464
f 2478 2479 2476
f 2476 2479 2480
f 2476 2480 2481
f 2481 2482 2476
f 2476 2482 2483
f 2476 2483 2484
f 2476 2464 2477
f 2477 2464 2475
f 2477 2475 2467
f 2467 2468 2477
f 2477 2468 2463
f 2477 2463 2462
f 2470 2471 2472
f 2484 2485 2476
f 2476 2485 2474
f 2476 2474 2473
f 2462 2469 2477
f 2477 2469 2470
f 2477 2470 2486
f 2486 2470 2472
f 2465 2476 2466
f 2476 2473 2466
f 2486 2472 362
f 362 363 2486
f 2486 363 365
f 2486 365 2477
f 2477 365 2478
f 2478 365 367
f 2478 367 2479
f 2479 367 2480
f 2480 367 369
f 2480 369 2481
f 2481 369 2482
f 2482 369 371
f 2482 371 2483
f 2483 371 2484
f 2484 371 373
f 2484 373 2485
f 2485 373 375
f 2485 375 2474
f 2487 513 2488
f 2488 513 512
f 2488 512 2489
f 2489 512 511
f 2489 511 2490
f 2490 511 510
f 2490 510 2491
f 2491 510 519
f 2491 519 2492
f 2492 519 520
f 2492 520 2493
f 2493 520 521
f 2493 521 2494
f 2494 521 522
f 2494 522 2495
f 2495 522 514
f 2495 514 2496
f 2496 514 515
f 2496 515 2497
f 2497 515 516
f 2497 516 2498
f 2498 516 501
f 2498 501 2487
f 2487 501 513
f 2493 2498 2492
f 2492 2498 2487
f 2496 2497 2495
f 2495 2497 2498
f 2495 2498 2494
f 2494 2498 2493
f 2490 2491 2489
f 2489 2491 2492
f 2489 2492 2488
f 2488 2492 2487
f 296 285 297
f 297 285 283
f 297 283 298
f 298 283 282
f 298 282 302
f 302 282 280
f 302 280 301
f 301 280 254
f 301 254 300
f 300 254 253
f 300 253 293
f 293 253 244
f 285 296 276
f 276 296 303
f 276 303 290
f 290 303 304
f 290 304 291
f 291 304 299
f 291 299 224
f 224 299 225
f 630 984 623
f 623 984 991
f 2499 2500 2501
f 2501 2500 2502
f 2501 2502 2503
f 2503 2502 2504
f 2503 2504 2505
f 2505 2504 2506
f 2505 2506 2507
f 2507 2506 2508
f 2507 2508 2509
f 2509 2508 2510
f 2509 2510 2511
f 2511 2510 2512
f 2513 2514 2515
f 2516 2517 2518
f 2519 2520 2521
f 2522 2523 2524
f 2525 2526 2527
f 2528 2529 2530
f 2531 2532 2533
f 2534 2535 2536
f 2537 2538 2539
f 2539 2538 2540
f 2541 2542 2543
f 2544 2545 2546
f 2544 2547 2548
f 2549 2545 2550
f 2550 2545 2544
f 2550 2544 2551
f 2551 2544 2548
f 2552 2553 2554
f 2538 2555 2540
f 2540 2555 2556
f 2540 2556 2554
f 2554 2556 2557
f 2554 2557 2552
f 2558 2559 2560
f 2560 2559 2561
f 2560 2561 2562
f 2562 2561 2563
f 2558 2564 2559
f 2559 2564 2565
f 2559 2565 2538
f 2538 2565 2566
f 2538 2566 2555
f 2567 2537 2568
f 2569 2570 2571
f 2571 2570 2572
f 2571 2572 2573
f 2574 2575 2576
f 2575 2574 2577
f 2577 2574 2578
f 2577 2578 2579
f 2580 2581 2535
f 2582 2583 2584
f 2584 2583 2578
f 2584 2578 2585
f 2586 2587 2534
f 2535 2581 2584
f 2584 2581 2588
f 2584 2588 2582
f 2583 2589 2578
f 2578 2589 2590
f 2578 2590 2579
f 2579 2590 2586
f 2579 2586 2591
f 2591 2586 2534
f 2587 2592 2534
f 2534 2592 2593
f 2534 2593 2535
f 2535 2593 2594
f 2535 2594 2580
f 2595 2596 2536
f 2596 2597 2536
f 2536 2597 2598
f 2536 2598 2599
f 2600 2601 2602
f 2602 2601 2603
f 2602 2603 2604
f 2604 2605 2606
f 2606 2605 2595
f 2598 2607 2599
f 2599 2607 2608
f 2599 2608 2609
f 2609 2608 2610
f 2609 2610 2611
f 2612 2613 2614
f 2614 2613 2611
f 2615 2616 2520
f 2520 2616 2617
f 2618 2619 2521
f 2521 2619 2614
f 2521 2614 2602
f 2602 2614 2611
f 2602 2611 2600
f 2600 2611 2610
f 2619 2620 2614
f 2614 2620 2621
f 2614 2621 2612
f 2621 2622 2612
f 2612 2622 2623
f 2612 2623 2624
f 2617 2625 2520
f 2520 2625 2626
f 2520 2626 2521
f 2521 2626 2627
f 2521 2627 2618
f 2623 2615 2624
f 2624 2615 2520
f 2624 2520 2628
f 2628 2520 2629
f 2630 2631 2632
f 2632 2631 2633
f 2632 2633 2634
f 2632 2518 2630
f 2630 2518 2517
f 2630 2517 2635
f 2635 2517 2636
f 2637 2638 2639
f 2639 2638 2640
f 2639 2640 2641
f 2642 2643 2516
f 2643 2644 2516
f 2516 2644 2645
f 2516 2645 2517
f 2517 2645 2646
f 2517 2646 2636
f 2636 2647 2635
f 2635 2647 2648
f 2635 2648 2637
f 2637 2648 2649
f 2637 2649 2638
f 2650 2651 2639
f 2533 2532 2652
f 2639 2651 2533
f 2533 2651 2653
f 2533 2653 2531
f 2532 2654 2652
f 2652 2654 2655
f 2652 2655 2656
f 2656 2655 2657
f 2656 2657 2658
f 2658 2659 2656
f 2656 2659 2660
f 2656 2660 2639
f 2639 2660 2661
f 2639 2661 2650
f 2662 2663 2652
f 2652 2663 2664
f 2652 2664 2533
f 2533 2664 2665
f 2533 2665 2666
f 2666 2667 2533
f 2533 2667 2668
f 2533 2668 2669
f 2669 2668 2670
f 2669 2670 2671
f 2671 2670 2672
f 2671 2672 2673
f 2674 2675 2676
f 2676 2675 2677
f 2529 2678 2530
f 2530 2678 2679
f 2530 2679 2675
f 2675 2679 2671
f 2675 2671 2677
f 2677 2671 2673
f 2680 2681 2525
f 2547 2682 2683
f 2683 2682 2684
f 2683 2684 2680
f 2680 2684 2685
f 2680 2685 2681
f 2686 2687 2688
f 2688 2687 2689
f 2690 2691 2692
f 2692 2691 2693
f 2692 2693 2694
f 2695 2554 2696
f 2696 2554 2515
f 2696 2515 2697
f 2697 2515 2514
f 2697 2514 2698
f 2698 2514 2513
f 2699 2700 2701
f 2701 2700 2702
f 2701 2702 2703
f 2704 2705 2706
f 2706 2705 2703
f 2704 2707 2705
f 2705 2707 2690
f 2705 2690 2708
f 2708 2690 2692
f 2699 2691 2709
f 2709 2691 2710
f 2707 2711 2690
f 2690 2711 2712
f 2690 2712 2691
f 2691 2712 2713
f 2691 2713 2710
f 2714 2715 2716
f 2716 2715 2717
f 2549 2714 2545
f 2545 2714 2716
f 2545 2716 2546
f 2546 2716 2718
f 2546 2718 2719
f 2719 2718 2720
f 2721 2722 2723
f 2723 2722 2724
f 2723 2724 2725
f 2725 2724 2726
f 2725 2726 2727
f 2728 2729 2730
f 2730 2731 2728
f 2728 2731 2732
f 2728 2732 2733
f 2733 2732 2734
f 2733 2734 2735
f 2731 2736 2732
f 2732 2736 2737
f 2732 2737 2738
f 2738 2737 2739
f 2738 2739 2740
f 2683 2741 2729
f 2729 2741 2742
f 2729 2742 2730
f 2743 2744 2680
f 2680 2744 2745
f 2680 2745 2683
f 2683 2745 2746
f 2683 2746 2741
f 2747 2522 2748
f 2748 2522 2524
f 2748 2524 2749
f 2750 2747 2751
f 2751 2747 2748
f 2751 2748 2752
f 2752 2748 2749
f 2752 2749 2606
f 2595 2536 2606
f 2606 2536 2535
f 2606 2535 2752
f 2752 2535 2584
f 2752 2584 2751
f 2751 2584 2585
f 2751 2585 2750
f 2633 2629 2634
f 2634 2629 2520
f 2634 2520 2632
f 2632 2520 2519
f 2632 2519 2518
f 2518 2519 2753
f 2604 2606 2602
f 2602 2606 2749
f 2602 2749 2521
f 2521 2749 2524
f 2521 2524 2519
f 2519 2524 2523
f 2519 2523 2753
f 2753 2523 2686
f 2753 2686 2518
f 2518 2686 2688
f 2518 2688 2516
f 2570 2693 2572
f 2572 2693 2691
f 2572 2691 2573
f 2573 2691 2699
f 2573 2699 2576
f 2576 2699 2701
f 2576 2701 2574
f 2574 2701 2703
f 2574 2703 2578
f 2578 2703 2705
f 2578 2705 2585
f 2585 2705 2708
f 2585 2708 2750
f 2754 2755 2569
f 2503 2505 2570
f 2755 2756 2569
f 2569 2756 2499
f 2569 2499 2570
f 2570 2499 2501
f 2570 2501 2503
f 2694 2693 2757
f 2757 2693 2570
f 2757 2570 2758
f 2758 2570 2505
f 2758 2505 2507
f 2571 2567 2569
f 2569 2567 2568
f 2569 2568 2754
f 2754 2568 2759
f 2507 2509 2758
f 2758 2509 2511
f 2758 2511 2568
f 2568 2511 2760
f 2568 2760 2759
f 2656 2761 2652
f 2652 2761 2674
f 2652 2674 2662
f 2662 2674 2676
f 2537 2539 2568
f 2568 2539 2540
f 2568 2540 2758
f 2758 2540 2554
f 2758 2554 2757
f 2757 2554 2695
f 2757 2695 2694
f 2641 2642 2639
f 2639 2642 2516
f 2639 2516 2656
f 2656 2516 2688
f 2656 2688 2761
f 2761 2688 2689
f 2761 2689 2674
f 2674 2689 2762
f 2674 2762 2675
f 2675 2762 2763
f 2675 2763 2530
f 2530 2763 2527
f 2530 2527 2528
f 2528 2527 2526
f 2762 2735 2763
f 2763 2735 2734
f 2763 2734 2527
f 2527 2734 2732
f 2527 2732 2525
f 2525 2732 2738
f 2525 2738 2680
f 2680 2738 2740
f 2680 2740 2743
f 2541 2764 2542
f 2542 2764 2561
f 2542 2561 2543
f 2543 2561 2559
f 2765 2698 2766
f 2766 2698 2513
f 2766 2513 2723
f 2723 2513 2716
f 2723 2716 2721
f 2721 2716 2717
f 2767 2768 2764
f 2764 2768 2769
f 2764 2769 2770
f 2771 2772 2513
f 2513 2772 2773
f 2513 2773 2716
f 2716 2773 2774
f 2541 2720 2764
f 2764 2720 2718
f 2764 2718 2767
f 2767 2718 2775
f 2553 2563 2554
f 2554 2563 2561
f 2554 2561 2515
f 2515 2561 2764
f 2515 2764 2513
f 2513 2764 2770
f 2513 2770 2771
f 2774 2776 2716
f 2716 2776 2777
f 2716 2777 2718
f 2718 2777 2778
f 2718 2778 2775
f 2733 2765 2728
f 2728 2765 2766
f 2728 2766 2729
f 2729 2766 2723
f 2729 2723 2683
f 2683 2723 2725
f 2683 2725 2547
f 2547 2725 2727
f 2547 2727 2548
f 2779 2780 2599
f 2599 2780 2536
f 2536 2780 2534
f 2534 2780 2781
f 2534 2781 2591
f 2575 2577 2782
f 2782 2577 2781
f 2781 2577 2579
f 2781 2579 2591
f 2543 2559 2783
f 2783 2559 2538
f 2783 2538 2784
f 2784 2538 2537
f 2784 2537 2785
f 2785 2537 2567
f 2785 2567 2786
f 2786 2567 2571
f 2786 2571 2787
f 2787 2571 2573
f 2787 2573 2782
f 2782 2573 2576
f 2782 2576 2575
f 2719 2720 2788
f 2788 2720 2783
f 2783 2720 2541
f 2783 2541 2543
f 2719 2788 2546
f 2546 2788 2789
f 2546 2789 2544
f 2544 2789 2790
f 2544 2790 2547
f 2529 2528 2791
f 2685 2684 2792
f 2792 2684 2682
f 2792 2682 2793
f 2793 2682 2547
f 2793 2547 2790
f 2528 2526 2791
f 2791 2526 2525
f 2791 2525 2792
f 2792 2525 2681
f 2792 2681 2685
f 2671 2679 2794
f 2794 2679 2791
f 2791 2679 2678
f 2791 2678 2529
f 2671 2794 2669
f 2669 2794 2795
f 2669 2795 2533
f 2533 2795 2796
f 2533 2796 2639
f 2639 2796 2797
f 2639 2797 2637
f 2637 2797 2798
f 2637 2798 2635
f 2799 2628 2629
f 2629 2633 2799
f 2799 2633 2631
f 2799 2631 2798
f 2798 2631 2630
f 2798 2630 2635
f 2613 2612 2800
f 2800 2612 2799
f 2799 2612 2624
f 2799 2624 2628
f 2613 2800 2611
f 2611 2800 2801
f 2611 2801 2609
f 2609 2801 2779
f 2609 2779 2599
f 2802 2803 2804
f 2790 2805 2806
f 2790 2806 2793
f 2807 2808 2799
f 2807 2799 2809
f 2809 2799 2798
f 2809 2798 2810
f 2802 2804 2808
f 2811 2812 2798
f 2812 2813 2798
f 2798 2813 2814
f 2798 2814 2810
f 2806 2815 2793
f 2793 2815 2816
f 2793 2816 2792
f 2792 2816 2817
f 2792 2817 2791
f 2791 2817 2818
f 2791 2818 2794
f 2794 2818 2819
f 2794 2819 2795
f 2795 2819 2820
f 2795 2820 2796
f 2796 2820 2811
f 2796 2811 2797
f 2797 2811 2798
f 2808 2804 2799
f 2799 2804 2821
f 2799 2821 2800
f 2800 2821 2822
f 2800 2822 2801
f 2801 2822 2823
f 2801 2823 2779
f 2824 2825 2826
f 2826 2825 2827
f 2828 2829 2830
f 2830 2829 2831
f 2832 2829 2833
f 2833 2829 2828
f 2833 2828 2834
f 2830 2824 2828
f 2828 2824 2826
f 2828 2826 2834
f 2834 2826 2827
f 2834 2827 2835
f 2835 2827 2806
f 2835 2806 2805
f 2818 2836 2837
f 2837 2838 2818
f 2818 2838 2839
f 2818 2839 2819
f 2825 2824 2816
f 2839 2840 2819
f 2819 2840 2841
f 2819 2841 2820
f 2820 2841 2842
f 2820 2842 2843
f 2843 2844 2820
f 2820 2844 2845
f 2820 2845 2811
f 2811 2845 2846
f 2811 2846 2812
f 2824 2830 2816
f 2816 2830 2831
f 2816 2831 2817
f 2817 2831 2847
f 2817 2847 2848
f 2849 2836 2850
f 2850 2836 2818
f 2850 2818 2851
f 2851 2818 2817
f 2851 2817 2852
f 2852 2817 2848
f 2853 2854 2855
f 2825 2816 2827
f 2827 2816 2815
f 2827 2815 2806
f 2856 2857 2855
f 2855 2857 2858
f 2855 2858 2859
f 2849 2860 2836
f 2836 2860 2861
f 2836 2861 2862
f 2862 2863 2836
f 2836 2863 2864
f 2836 2864 2865
f 2865 2864 2855
f 2865 2855 2866
f 2866 2855 2867
f 2853 2855 2868
f 2859 2869 2855
f 2855 2869 2870
f 2855 2870 2867
f 2871 2872 2873
f 2873 2872 2874
f 2871 2875 2872
f 2872 2875 2876
f 2872 2876 2855
f 2855 2876 2877
f 2855 2877 2878
f 2854 2879 2855
f 2855 2879 2880
f 2855 2880 2881
f 2881 2882 2855
f 2855 2882 2883
f 2855 2883 2856
f 2878 2884 2855
f 2855 2884 2885
f 2855 2885 2868
f 2886 2887 2888
f 2889 2890 2891
f 2892 2893 2894
f 2895 2896 2897
f 2898 2899 2900
f 2901 2902 2903
f 2904 2905 2906
f 2907 2908 2909
f 2909 2904 2907
f 2907 2904 2906
f 2907 2906 2910
f 2910 2906 2911
f 2910 2911 2848
f 2912 2913 2914
f 2914 2913 2915
f 2914 2915 2916
f 2917 2918 2915
f 2915 2918 2919
f 2915 2919 2916
f 2920 2897 2921
f 2921 2897 2898
f 2921 2898 2922
f 2897 2896 2898
f 2898 2896 2923
f 2898 2923 2899
f 2924 2925 2926
f 2926 2925 2927
f 2926 2927 2928
f 2928 2927 2929
f 2929 2927 2930
f 2929 2930 2931
f 2931 2930 2932
f 2932 2930 2933
f 2932 2933 2934
f 2893 2892 2933
f 2933 2892 2892
f 2933 2892 2934
f 2935 2897 2917
f 2917 2897 2920
f 2917 2920 2918
f 2895 2897 2924
f 2924 2897 2935
f 2924 2935 2925
f 2925 2935 2917
f 2925 2917 2936
f 2936 2917 2915
f 2936 2915 2937
f 2937 2915 2913
f 2937 2913 2938
f 2938 2913 2912
f 2938 2912 2939
f 2940 2941 2942
f 2942 2941 2943
f 2942 2943 2944
f 2945 2946 2947
f 2947 2946 2943
f 2947 2943 2948
f 2948 2943 2941
f 2949 2950 2951
f 2951 2950 2952
f 2951 2952 2953
f 2953 2952 2954
f 2955 2949 2956
f 2956 2949 2951
f 2956 2951 2957
f 2957 2951 2953
f 2958 2955 2959
f 2959 2955 2956
f 2959 2956 2944
f 2944 2956 2957
f 2944 2957 2942
f 2942 2957 2953
f 2942 2953 2940
f 2940 2953 2954
f 2960 2958 2961
f 2961 2958 2959
f 2961 2959 2962
f 2962 2959 2944
f 2962 2944 2963
f 2963 2944 2943
f 2963 2943 2964
f 2964 2943 2946
f 2852 2848 2965
f 2965 2848 2911
f 2965 2911 2966
f 2966 2911 2903
f 2966 2903 2967
f 2967 2903 2902
f 2905 2886 2906
f 2906 2886 2888
f 2906 2888 2911
f 2911 2888 2968
f 2911 2968 2903
f 2903 2968 2969
f 2903 2969 2901
f 2901 2969 2970
f 2901 2970 2971
f 2887 2889 2888
f 2888 2889 2891
f 2888 2891 2968
f 2968 2891 2972
f 2968 2972 2969
f 2969 2972 2939
f 2969 2939 2970
f 2970 2939 2912
f 2890 2945 2891
f 2891 2945 2947
f 2891 2947 2972
f 2972 2947 2948
f 2972 2948 2939
f 2939 2948 2941
f 2939 2941 2938
f 2938 2941 2940
f 2938 2940 2937
f 2937 2940 2954
f 2937 2954 2936
f 2936 2954 2952
f 2936 2952 2925
f 2925 2952 2950
f 2925 2950 2927
f 2927 2950 2949
f 2927 2949 2930
f 2930 2949 2955
f 2930 2955 2933
f 2933 2955 2958
f 2933 2958 2893
f 2893 2958 2960
f 2893 2960 2894
f 2973 2910 2848
f 2974 2975 2973
f 2976 2974 2977
f 2977 2974 2973
f 2977 2973 2847
f 2847 2973 2848
f 2978 2908 2973
f 2973 2908 2907
f 2973 2907 2910
f 2978 2973 2979
f 2979 2973 2975
f 2979 2975 2980
f 2980 2975 2981
f 2980 2981 2982
f 2900 2983 2984
f 2984 2983 2985
f 2984 2985 2986
f 2987 2976 2831
f 2831 2976 2977
f 2831 2977 2847
f 2852 2965 2851
f 2851 2965 2966
f 2851 2966 2967
f 2984 2920 2921
f 2988 2829 2832
f 2921 2922 2984
f 2984 2922 2898
f 2984 2898 2900
f 2985 2989 2986
f 2986 2989 2988
f 2986 2988 2990
f 2990 2988 2832
f 2967 2902 2851
f 2851 2902 2901
f 2851 2901 2971
f 2988 2991 2829
f 2829 2991 2992
f 2829 2992 2993
f 2971 2970 2851
f 2851 2970 2912
f 2851 2912 2984
f 2984 2912 2914
f 2984 2914 2916
f 2994 2831 2995
f 2995 2831 2829
f 2994 2996 2831
f 2831 2996 2997
f 2831 2997 2987
f 2916 2919 2984
f 2984 2919 2918
f 2984 2918 2920
f 2993 2998 2829
f 2829 2998 2999
f 2829 2999 3000
f 3000 3001 2829
f 2829 3001 3002
f 2829 3002 2995
f 3003 3004 3005
f 3006 3007 3008
f 3009 2994 2995
f 3001 3000 3010
f 2899 2923 3011
f 2926 2928 3012
f 3003 2892 3004
f 3004 2892 2892
f 3004 2892 2894
f 2934 3013 2932
f 2932 3013 3014
f 2932 3014 2931
f 2931 3014 2929
f 3015 2895 2924
f 2895 3015 2896
f 2900 3016 2983
f 2983 3016 3017
f 2983 3017 2985
f 2985 3017 3018
f 2985 3018 2989
f 2989 3018 3019
f 2989 3019 2988
f 3000 2999 3020
f 3020 2999 2998
f 3020 2998 3021
f 3021 2998 2993
f 3021 2993 3022
f 3001 3010 3002
f 3023 3009 3010
f 3010 3009 2995
f 3010 2995 3002
f 3000 3020 3010
f 3010 3020 3024
f 3010 3024 3023
f 3025 3026 3027
f 3027 3026 3028
f 3029 3030 3031
f 3032 3025 3033
f 3033 3025 3027
f 3033 3027 3034
f 3034 3007 3035
f 3035 3007 3006
f 3035 3006 3036
f 3037 3038 3008
f 3008 3038 3039
f 3008 3039 3006
f 3006 3039 3040
f 3006 3040 3036
f 3036 3040 2974
f 3036 2974 2976
f 3032 3041 3025
f 3025 3041 3042
f 3025 3042 3026
f 3026 3042 3043
f 3026 3043 3028
f 3028 3043 3044
f 3028 3044 3045
f 3034 3027 3007
f 3007 3027 3028
f 3007 3028 3008
f 3008 3028 3045
f 3008 3045 3037
f 2928 2929 3012
f 3012 2929 3014
f 3012 3014 3046
f 3047 3048 3049
f 3049 3048 3050
f 3049 3050 3051
f 3052 3053 3054
f 3054 3053 3055
f 3054 3055 3047
f 3047 3055 3056
f 3047 3056 3048
f 3057 3058 3059
f 3059 3058 3060
f 3059 3060 3061
f 3052 3054 3062
f 3062 3054 3047
f 3062 3047 3063
f 3063 3047 3049
f 3063 3049 3064
f 3064 3049 3051
f 3064 3051 3065
f 3032 3052 3041
f 3041 3052 3062
f 3041 3062 3066
f 3066 3062 3063
f 3066 3063 3057
f 3057 3063 3064
f 3057 3064 3058
f 3058 3064 3065
f 3058 3065 3060
f 3060 3065 3067
f 3060 3067 3061
f 3046 3014 3068
f 3068 3014 3013
f 3068 3013 3069
f 3069 3013 3070
f 3069 3070 3071
f 2934 2892 3013
f 3013 2892 3003
f 3013 3003 3070
f 3070 3003 3005
f 3070 3005 3071
f 3071 3005 3072
f 3071 3072 3073
f 3029 3074 3075
f 3075 3074 3076
f 3075 3076 3077
f 3077 3076 3078
f 3077 3078 3079
f 3061 3079 3059
f 3059 3079 3078
f 3059 3078 3057
f 3057 3078 3076
f 3057 3076 3066
f 3066 3076 3074
f 3066 3074 3041
f 3041 3074 3029
f 3041 3029 3042
f 3042 3029 3031
f 3042 3031 3043
f 2993 2992 3022
f 3022 2992 2991
f 3022 2991 3080
f 3080 2991 2988
f 3080 2988 3081
f 3081 2988 3019
f 3081 3019 3082
f 3082 3019 3018
f 3082 3018 3083
f 3083 3018 3017
f 3083 3017 3011
f 3011 3017 3016
f 3011 3016 2899
f 2899 3016 2900
f 2923 2896 3011
f 3011 2896 3015
f 3011 3015 3083
f 3083 3015 3084
f 3083 3084 3082
f 3082 3084 3085
f 3082 3085 3081
f 3081 3085 3086
f 3081 3086 3080
f 3080 3086 3087
f 3080 3087 3022
f 3022 3087 3088
f 3022 3088 3021
f 3038 2982 3039
f 3039 2982 2981
f 3039 2981 3040
f 3040 2981 2975
f 3040 2975 2974
f 3030 3029 3089
f 3089 3029 3075
f 3089 3075 3090
f 3090 3075 3077
f 3090 3077 3091
f 3091 3077 3079
f 3091 3079 3073
f 3073 3079 3061
f 3073 3061 3071
f 3071 3061 3067
f 3071 3067 3069
f 3069 3067 3065
f 3069 3065 3068
f 3068 3065 3051
f 3068 3051 3046
f 2976 2987 3036
f 3036 2987 2997
f 3036 2997 3035
f 3035 2997 2996
f 3035 2996 3034
f 3034 2996 2994
f 3034 2994 3033
f 3033 2994 3009
f 3033 3009 3032
f 3032 3009 3023
f 3032 3023 3052
f 3052 3023 3024
f 3052 3024 3053
f 3053 3024 3020
f 3053 3020 3055
f 3055 3020 3021
f 3055 3021 3056
f 3056 3021 3088
f 3056 3088 3048
f 3048 3088 3087
f 3048 3087 3050
f 3050 3087 3086
f 3050 3086 3051
f 3051 3086 3085
f 3051 3085 3046
f 3046 3085 3084
f 3046 3084 3012
f 3012 3084 3015
f 3012 3015 2926
f 2926 3015 2924
f 3004 2894 3092
f 3004 3092 3005
f 3005 3092 3093
f 3005 3093 3072
f 3072 3093 3094
f 3072 3094 3073
f 3073 3094 3091
f 3091 3094 3095
f 3091 3095 3090
f 3090 3095 3089
f 3089 3095 3096
f 3089 3096 3030
f 3045 3044 3097
f 3097 3044 3043
f 3097 3043 3096
f 3096 3043 3031
f 3096 3031 3030
f 3045 3097 3037
f 3037 3097 3098
f 3037 3098 3038
f 3038 3098 3099
f 3038 3099 2982
f 2946 2945 3100
f 3101 2908 2978
f 2982 3099 2980
f 2980 3099 3101
f 2980 3101 2979
f 2979 3101 2978
f 3102 2886 3101
f 3101 2886 2905
f 2905 2904 3101
f 3101 2904 2909
f 3101 2909 2908
f 3100 2945 3103
f 2945 2890 3103
f 3103 2890 2889
f 3103 2889 3102
f 3102 2889 2887
f 3102 2887 2886
f 3104 2963 3100
f 3100 2963 2964
f 3100 2964 2946
f 3105 3092 2894
f 2894 2960 3105
f 3105 2960 2961
f 3105 2961 3104
f 3104 2961 2962
f 3104 2962 2963
f 3106 3095 3107
f 3107 3095 3094
f 3107 3094 3108
f 3108 3094 3093
f 3108 3093 3109
f 3109 3093 3092
f 3109 3092 3110
f 3110 3092 3105
f 3110 3105 3111
f 3111 3105 3104
f 3111 3104 3112
f 3104 3100 3112
f 3112 3100 3103
f 3112 3103 3113
f 3113 3103 3102
f 3113 3102 3114
f 3114 3102 3101
f 3114 3101 3115
f 3115 3101 3099
f 3115 3099 3116
f 3116 3099 3098
f 3116 3098 3117
f 3117 3098 3097
f 3117 3097 3106
f 3106 3097 3096
f 3106 3096 3095
f 3118 3109 3119
f 3119 3109 3110
f 3119 3110 3120
f 3120 3110 3111
f 3120 3111 3121
f 3121 3111 3112
f 3121 3112 3122
f 3122 3112 3113
f 3122 3113 3123
f 3123 3113 3114
f 3123 3114 3124
f 3124 3114 3115
f 3124 3115 3125
f 3125 3115 3116
f 3125 3116 3126
f 3126 3116 3117
f 3126 3117 3127
f 3127 3117 3106
f 3127 3106 3128
f 3128 3106 3107
f 3128 3107 3129
f 3129 3107 3108
f 3129 3108 3118
f 3118 3108 3109
f 3130 3131 3132
f 547 3133 546
f 546 3133 3134
f 546 3134 3135
f 3135 3134 3136
f 3135 3136 3137
f 3137 3136 3138
f 3137 3138 3139
f 3139 3138 3140
f 3139 3140 3132
f 3132 3140 3141
f 3132 3141 3130
f 3142 534 3143
f 3142 3144 3145
f 3145 3144 3146
f 3146 3144 3147
f 3146 3147 3148
f 3142 3143 3149
f 3149 3143 3132
f 3149 3132 3150
f 3150 3132 3131
f 3150 3131 3151
f 3151 3131 3152
f 3151 3152 3153
f 3153 3152 3154
f 3153 3154 3155
f 3155 3154 3156
f 3155 3156 3157
f 3157 3156 3158
f 3157 3158 3159
f 3159 3158 3160
f 3159 3160 3161
f 3161 3160 3162
f 3161 3162 3163
f 3163 3162 3164
f 3163 3164 3147
f 3147 3164 3165
f 3147 3165 3148
f 3142 3145 534
f 534 3145 3166
f 534 3166 3167
f 3167 3166 3168
f 3167 3168 3169
f 3170 3171 3172
f 3172 3171 3173
f 3172 3173 3169
f 3169 3173 3174
f 3169 3174 3167
f 3170 3175 3171
f 3171 3175 3176
f 3171 3176 3177
f 3171 3178 3179
f 3171 3179 3180
f 3180 3179 3181
f 3180 3181 3182
f 3183 3184 3182
f 3182 3184 3185
f 3182 3185 3180
f 3180 3185 3186
f 3178 3171 3187
f 3187 3171 3177
f 3187 3177 3188
f 3188 3177 3189
f 3188 3189 3190
f 3190 3189 3191
f 3190 3191 3192
f 3192 3191 3193
f 3192 3193 3194
f 3194 3193 3195
f 3194 3195 3196
f 3196 3195 3197
f 3196 3197 3198
f 3198 3197 3199
f 3198 3199 3200
f 3200 3199 3201
f 3200 3201 3182
f 3182 3201 3202
f 3182 3202 3183
f 3203 3204 3205
f 3206 3207 3208
f 3204 3203 3209
f 3209 3203 3210
f 3209 3210 3207
f 3207 3210 3211
f 3207 3211 3208
f 3208 3212 3206
f 3206 3212 3213
f 3206 3213 3214
f 3214 3213 3215
f 3214 3215 3216
f 3216 3215 3217
f 3216 3217 3218
f 3218 3217 3219
f 3218 3219 3220
f 3220 3219 3221
f 3220 3221 3222
f 3186 3223 3180
f 3180 3223 3224
f 3180 3224 3225
f 3225 3224 3226
f 3225 3226 3227
f 3227 3226 3228
f 3227 3228 3210
f 3210 3228 3229
f 3210 3229 3211
f 3221 3230 3222
f 3222 3230 3231
f 3222 3231 3232
f 3232 3231 3233
f 3232 3233 3234
f 3234 3233 3235
f 3234 3235 3205
f 3205 3235 3236
f 3205 3236 3203
f 3236 3237 3203
f 3203 3237 3238
f 3203 3238 3239
f 3239 3238 3240
f 3239 3240 3241
f 3240 3242 3241
f 3241 3242 3243
f 3241 3243 3244
f 3245 3246 425
f 425 3246 3247
f 425 3247 3248
f 424 3244 3249
f 3250 3245 3251
f 3251 3245 425
f 3251 425 3252
f 3252 425 424
f 3252 424 3253
f 3253 424 3249
f 3254 3255 3256
f 3256 3255 3257
f 3256 3257 3258
f 3258 3257 3259
f 3258 3259 3260
f 3260 3259 3261
f 3260 3261 3262
f 3262 3261 3263
f 3262 3263 3264
f 3264 3263 3265
f 3264 3265 3266
f 3266 3265 3267
f 3266 3267 3250
f 3250 3267 3268
f 3250 3268 3245
f 3243 3269 3244
f 3244 3269 3270
f 3244 3270 3249
f 3249 3270 3271
f 3249 3271 3254
f 3254 3271 3272
f 3254 3272 3255
f 3273 3274 3275
f 3275 3274 3276
f 3248 3277 425
f 425 3277 3278
f 425 3278 436
f 436 3278 3279
f 436 3279 434
f 434 3279 3280
f 434 3280 423
f 423 3280 3276
f 423 3276 3281
f 3281 3276 3274
f 3282 3283 3284
f 3284 3285 3282
f 3282 3285 3281
f 3282 3281 3286
f 3286 3281 3274
f 3285 3287 3281
f 3281 3287 3288
f 3281 3288 390
f 3275 3289 3273
f 3273 3289 3290
f 3273 3290 3291
f 3291 3290 3292
f 3291 3292 3293
f 3293 3292 3294
f 3293 3294 3295
f 3295 3294 3296
f 3295 3296 3297
f 3297 3296 3298
f 3297 3298 3299
f 3299 3298 3300
f 3299 3300 3301
f 3301 3300 3302
f 3301 3302 3303
f 3303 3302 3304
f 3303 3304 3283
f 3283 3304 3305
f 3283 3305 3284
f 3306 3307 3308
f 3309 3310 337
f 3309 3311 3312
f 3312 3311 3306
f 3312 3306 3313
f 3313 3306 3308
f 3309 337 3311
f 3311 337 354
f 3311 354 3314
f 3315 3316 3317
f 3317 3316 3318
f 3317 3318 3319
f 3319 3318 3320
f 3319 3320 3321
f 3321 3320 3322
f 3321 3322 3323
f 3323 3322 3324
f 3323 3324 3325
f 3325 3324 3326
f 3325 3326 3327
f 3327 3326 3328
f 3327 3328 3329
f 3329 3328 3330
f 3329 3330 3307
f 3307 3330 3331
f 3307 3331 3308
f 3288 3332 390
f 390 3332 3333
f 390 3333 388
f 388 3333 3334
f 388 3334 386
f 386 3334 3335
f 386 3335 354
f 354 3335 3336
f 354 3336 3314
f 3314 3336 3337
f 3314 3337 3315
f 3315 3337 3338
f 3315 3338 3316
f 3339 3340 2802
f 3341 3342 3343
f 3344 3345 3346
f 3346 3345 3347
f 3344 3341 3345
f 3345 3341 3343
f 3345 3343 3310
f 3310 3343 3339
f 3310 3339 337
f 337 3339 2802
f 3348 3349 3350
f 3349 3351 3350
f 3350 3351 3352
f 3350 3352 3353
f 3354 3348 615
f 615 3348 3350
f 615 3350 3355
f 3355 3350 3356
f 3342 3357 3343
f 3343 3357 3358
f 3343 3358 3359
f 3359 3358 3360
f 3359 3360 3361
f 3361 3360 3362
f 3361 3362 3363
f 3363 3362 3364
f 3363 3364 3365
f 3365 3364 3366
f 3365 3366 3367
f 3367 3366 3368
f 3367 3368 3369
f 3369 3368 3370
f 3369 3370 615
f 615 3370 3371
f 615 3371 3354
f 3126 3372 3373
f 3126 3127 3372
f 3372 3127 3128
f 3372 3128 3374
f 3375 3355 3376
f 3376 3355 3356
f 3376 3356 3377
f 3377 3356 3378
f 3377 3378 3374
f 3374 3128 3377
f 3377 3128 3129
f 3377 3129 574
f 3373 3379 3126
f 3126 3379 3380
f 3126 3380 3125
f 3125 3380 3381
f 3125 3381 3124
f 3124 3381 3382
f 3124 3382 3123
f 3123 3382 3383
f 3123 3383 3122
f 3122 3383 3384
f 3122 3384 3121
f 3121 3384 3385
f 3121 3385 3120
f 3120 3385 3386
f 3120 3386 3119
f 3119 3386 3387
f 3119 3387 3388
f 3129 3118 574
f 574 3118 3119
f 574 3119 3389
f 3389 3119 3388
f 3390 324 323
f 3390 323 3391
f 3389 3392 574
f 574 3392 3393
f 574 3393 572
f 572 3393 3391
f 572 3391 571
f 571 3391 323
f 3394 3395 3396
f 3396 3395 3397
f 3396 3398 3394
f 3394 3398 3399
f 3394 3399 3400
f 3400 3399 3401
f 3400 3401 3402
f 3402 3401 3403
f 3402 3403 3404
f 3404 3403 3405
f 3404 3405 3406
f 3406 3405 3407
f 3406 3407 3408
f 3408 3407 3409
f 3408 3409 3410
f 3410 3409 3411
f 3390 3412 324
f 324 3412 3413
f 324 3413 570
f 570 3413 3397
f 570 3397 550
f 3414 3415 3416
f 3416 3415 3417
f 3395 3415 3397
f 3397 3415 3414
f 3397 3414 550
f 550 3414 3418
f 550 3418 547
f 547 3418 3419
f 547 3419 3133
f 3420 3421 3411
f 3411 3421 3422
f 3411 3422 3410
f 3420 3423 3421
f 3421 3423 3424
f 3421 3424 3417
f 3417 3424 3425
f 3417 3425 3416
f 546 3426 547
f 547 3426 3427
f 547 3427 550
f 550 3427 3428
f 424 3429 3430
f 424 3430 3244
f 3244 3430 3431
f 3244 3431 3241
f 3241 3431 3432
f 3241 3432 3239
f 3239 3432 3433
f 3239 3433 3203
f 3203 3433 3434
f 3203 3434 3210
f 3210 3434 3435
f 3210 3435 3227
f 3227 3435 3436
f 3227 3436 3225
f 3225 3436 3437
f 3225 3437 3180
f 3180 3437 3438
f 3180 3438 3171
f 3171 3438 3439
f 3171 3439 3173
f 3173 3439 3440
f 3173 3440 3174
f 3174 3440 3441
f 3174 3441 3167
f 3167 3441 534
f 534 3441 3442
f 534 3442 3143
f 3143 3442 3132
f 3132 3442 3443
f 3132 3443 3139
f 3139 3443 3444
f 3139 3444 3137
f 3137 3444 3445
f 3137 3445 3135
f 3135 3445 3426
f 3135 3426 546
f 2802 2808 3446
f 3429 424 425
f 3446 3447 2802
f 2802 3447 3448
f 2802 3448 3449
f 425 436 3429
f 3429 436 434
f 3429 434 423
f 423 3281 3429
f 3429 3281 390
f 3429 390 3450
f 3450 390 388
f 3450 388 386
f 3449 3451 2802
f 2802 3451 3452
f 2802 3452 337
f 337 3452 3450
f 337 3450 354
f 354 3450 386
f 3453 3454 3450
f 3450 3454 3455
f 3450 3455 3429
f 3456 3457 3458
f 3458 3457 3459
f 2842 3460 2843
f 2843 3460 3461
f 3462 3463 2836
f 2836 3463 3464
f 2836 3464 2837
f 3465 3466 3467
f 3467 3466 3468
f 3467 3468 3455
f 3455 3468 3458
f 3455 3458 3429
f 3429 3458 3459
f 3429 3459 3469
f 3470 3471 2839
f 2839 3471 3472
f 2839 3472 2840
f 3473 3474 3475
f 3476 3477 3450
f 3450 3477 3478
f 3450 3478 3453
f 3461 3479 2843
f 2843 3479 3480
f 2843 3480 3481
f 3473 3475 3482
f 3483 3484 3456
f 3456 3484 3485
f 3456 3485 3486
f 3486 3487 3456
f 3456 3487 3488
f 3456 3488 3489
f 3482 3475 3450
f 3450 3475 3490
f 3450 3490 3476
f 3483 3491 3484
f 3484 3491 3492
f 3484 3492 3493
f 3456 3494 3495
f 3496 3497 3498
f 3498 3497 3499
f 3498 3499 3500
f 3496 3498 3467
f 3467 3498 3501
f 3467 3501 3502
f 3502 3503 3467
f 3467 3503 3504
f 3467 3504 3505
f 3495 3506 3456
f 3456 3506 3507
f 3456 3507 3457
f 3508 3509 3474
f 3474 3509 3510
f 3474 3510 3475
f 3467 3511 3512
f 3513 3514 2836
f 2836 3514 3515
f 2836 3515 3462
f 3489 3516 3456
f 3456 3516 3517
f 3456 3517 3518
f 3518 3519 3456
f 3456 3519 3520
f 3456 3520 3494
f 3481 3521 2843
f 2843 3521 3522
f 2843 3522 3474
f 3474 3522 3523
f 3474 3523 3508
f 3524 3525 2839
f 2839 3525 3526
f 2839 3526 3470
f 3512 3527 3467
f 3467 3527 3528
f 3467 3528 3465
f 3493 3529 3484
f 3484 3529 3530
f 3484 3530 2836
f 2836 3530 3531
f 2836 3531 3532
f 3500 3533 3498
f 3498 3533 3534
f 3498 3534 2839
f 2839 3534 3535
f 2839 3535 3536
f 3505 3537 3467
f 3467 3537 3538
f 3467 3538 3539
f 3539 3540 3467
f 3467 3540 3541
f 3467 3541 3511
f 3532 3542 2836
f 2836 3542 3543
f 2836 3543 3513
f 3536 3544 2839
f 2839 3544 3545
f 2839 3545 3524
f 3471 3546 3472
f 3472 3546 3547
f 3472 3547 2840
f 3548 3549 3547
f 3547 3549 2841
f 3547 2841 2840
f 3550 3551 3552
f 3552 3551 3553
f 3552 3553 3554
f 3554 3553 3555
f 3556 3557 3550
f 3546 3558 3547
f 3547 3558 3559
f 3547 3559 3548
f 3548 3559 3560
f 3556 3550 3560
f 3560 3550 3552
f 3560 3552 3548
f 3548 3552 3554
f 3548 3554 3549
f 3549 3554 3555
f 3549 3555 2841
f 3561 3562 3563
f 3461 3460 3564
f 3565 2841 3555
f 3566 3480 3564
f 3564 3480 3479
f 3564 3479 3461
f 3567 3523 3568
f 3568 3523 3522
f 3568 3522 3521
f 3569 3509 3508
f 3509 3569 3510
f 3510 3569 3570
f 3510 3570 3475
f 3478 3477 3571
f 3571 3477 3476
f 3571 3476 3572
f 3572 3476 3490
f 3572 3490 3475
f 3573 3574 3572
f 3572 3574 3575
f 3572 3575 3571
f 3576 3577 3561
f 3561 3577 3578
f 3561 3578 3562
f 3562 3578 3579
f 3562 3579 3580
f 3581 3582 3583
f 3583 3582 3584
f 3583 3584 3585
f 3585 3584 3586
f 3585 3586 3587
f 3587 3586 3588
f 3587 3588 3589
f 3589 3588 3590
f 3589 3590 3591
f 3591 3590 3592
f 3592 3590 3593
f 3592 3593 3594
f 3594 3593 3595
f 3595 3593 3596
f 3595 3596 3597
f 3597 3596 3598
f 3597 3598 3599
f 3475 3570 3572
f 3572 3570 3600
f 3572 3600 3573
f 3580 3573 3562
f 3562 3573 3600
f 3562 3600 3563
f 3563 3600 3570
f 3563 3570 3567
f 3567 3570 3569
f 3567 3569 3523
f 3523 3569 3508
f 3601 3576 3602
f 3602 3576 3561
f 3602 3561 3603
f 3603 3561 3563
f 3603 3563 3604
f 3604 3563 3567
f 3604 3567 3605
f 3605 3567 3568
f 3605 3568 3566
f 3566 3568 3521
f 3566 3521 3480
f 3480 3521 3481
f 3553 3599 3555
f 3555 3599 3598
f 3555 3598 3565
f 3565 3598 3596
f 3565 3596 3606
f 3606 3596 3593
f 3606 3593 3607
f 3607 3593 3590
f 3607 3590 3608
f 3608 3590 3588
f 3608 3588 3609
f 3609 3588 3586
f 3609 3586 3610
f 3610 3586 3584
f 3582 3601 3584
f 3584 3601 3602
f 3584 3602 3610
f 3610 3602 3603
f 3610 3603 3609
f 3609 3603 3604
f 3609 3604 3608
f 3608 3604 3605
f 3608 3605 3607
f 3607 3605 3566
f 3607 3566 3606
f 3606 3566 3564
f 3606 3564 3565
f 3565 3564 3460
f 3565 3460 2841
f 2841 3460 2842
f 3611 3612 3613
f 3613 3612 3614
f 3615 3616 3617
f 3560 3559 3618
f 3619 3620 3621
f 3536 3535 3534
f 3496 3467 3622
f 3622 3467 3455
f 3575 3574 3623
f 3624 3625 3626
f 3627 3576 3601
f 3628 3578 3577
f 3580 3579 3629
f 3629 3579 3578
f 3453 3630 3454
f 3454 3630 3631
f 3454 3631 3455
f 3455 3631 3632
f 3455 3632 3622
f 3633 3634 3497
f 3534 3533 3635
f 3635 3533 3500
f 3635 3500 3634
f 3634 3500 3499
f 3634 3499 3497
f 3636 3637 3544
f 3525 3524 3637
f 3637 3524 3545
f 3637 3545 3544
f 3558 3546 3638
f 3638 3546 3471
f 3639 3640 3557
f 3640 3639 3641
f 3641 3639 3642
f 3641 3642 3643
f 3643 3642 3644
f 3643 3644 3645
f 3645 3644 3646
f 3645 3646 3647
f 3647 3646 3648
f 3647 3648 3649
f 3650 3651 3649
f 3649 3651 3652
f 3649 3652 3647
f 3649 3653 3650
f 3650 3653 3654
f 3650 3654 3655
f 3655 3654 3656
f 3655 3656 3657
f 3657 3656 3658
f 3658 3656 3659
f 3658 3659 3660
f 3659 3661 3660
f 3660 3661 3619
f 3660 3619 3662
f 3662 3619 3621
f 3663 3636 3664
f 3663 3665 3636
f 3636 3665 3666
f 3636 3666 3637
f 3637 3666 3667
f 3637 3667 3525
f 3525 3667 3668
f 3525 3668 3526
f 3669 3670 3671
f 3672 3673 3674
f 3674 3673 3675
f 3674 3675 3676
f 3471 3470 3638
f 3638 3470 3526
f 3638 3526 3677
f 3677 3526 3668
f 3677 3668 3678
f 3678 3668 3667
f 3678 3667 3679
f 3679 3667 3666
f 3679 3666 3680
f 3680 3666 3665
f 3680 3665 3671
f 3671 3665 3663
f 3671 3663 3669
f 3669 3663 3664
f 3560 3618 3556
f 3559 3558 3618
f 3618 3558 3638
f 3618 3638 3681
f 3681 3638 3677
f 3681 3677 3682
f 3682 3677 3678
f 3682 3678 3683
f 3683 3678 3679
f 3683 3679 3684
f 3684 3679 3680
f 3684 3680 3675
f 3675 3680 3671
f 3675 3671 3676
f 3676 3671 3670
f 3573 3580 3685
f 3685 3580 3629
f 3685 3629 3686
f 3687 3688 3689
f 3689 3688 3627
f 3689 3627 3690
f 3690 3627 3601
f 3690 3601 3582
f 3691 3692 3693
f 3693 3692 3694
f 3693 3694 3687
f 3687 3694 3695
f 3687 3695 3688
f 3688 3695 3628
f 3688 3628 3627
f 3627 3628 3577
f 3627 3577 3576
f 3617 3696 3611
f 3617 3616 3696
f 3696 3616 3697
f 3696 3697 3698
f 3557 3556 3639
f 3639 3556 3618
f 3639 3618 3642
f 3642 3618 3681
f 3642 3681 3644
f 3644 3681 3682
f 3644 3682 3646
f 3646 3682 3683
f 3646 3683 3648
f 3648 3683 3684
f 3648 3684 3649
f 3649 3684 3675
f 3649 3675 3653
f 3653 3675 3673
f 3653 3673 3654
f 3654 3673 3672
f 3654 3672 3656
f 3571 3575 3699
f 3699 3575 3623
f 3699 3623 3700
f 3700 3623 3701
f 3700 3701 3702
f 3702 3701 3703
f 3702 3703 3704
f 3574 3573 3623
f 3623 3573 3685
f 3623 3685 3701
f 3701 3685 3686
f 3701 3686 3703
f 3478 3571 3453
f 3453 3571 3699
f 3453 3699 3630
f 3630 3699 3700
f 3630 3700 3631
f 3631 3700 3702
f 3631 3702 3632
f 3632 3702 3704
f 3632 3704 3622
f 3622 3704 3633
f 3622 3633 3496
f 3496 3633 3497
f 3698 3705 3696
f 3696 3705 3706
f 3696 3706 3611
f 3611 3706 3707
f 3611 3707 3612
f 3612 3707 3708
f 3612 3708 3614
f 3581 3624 3582
f 3582 3624 3626
f 3582 3626 3690
f 3690 3626 3709
f 3690 3709 3689
f 3689 3709 3615
f 3689 3615 3687
f 3687 3615 3617
f 3687 3617 3693
f 3693 3617 3611
f 3693 3611 3691
f 3691 3611 3613
f 3578 3628 3629
f 3629 3628 3695
f 3629 3695 3686
f 3686 3695 3694
f 3686 3694 3703
f 3703 3694 3692
f 3703 3692 3704
f 3704 3692 3691
f 3704 3691 3633
f 3633 3691 3613
f 3633 3613 3634
f 3634 3613 3614
f 3634 3614 3635
f 3635 3614 3710
f 3635 3710 3534
f 3625 3621 3626
f 3626 3621 3620
f 3626 3620 3709
f 3709 3620 3619
f 3709 3619 3615
f 3615 3619 3661
f 3615 3661 3616
f 3616 3661 3659
f 3616 3659 3697
f 3697 3659 3656
f 3697 3656 3698
f 3698 3656 3672
f 3698 3672 3705
f 3705 3672 3674
f 3705 3674 3706
f 3706 3674 3676
f 3706 3676 3707
f 3707 3676 3670
f 3707 3670 3708
f 3708 3670 3669
f 3708 3669 3614
f 3614 3669 3664
f 3614 3664 3710
f 3710 3664 3636
f 3710 3636 3534
f 3534 3636 3544
f 3534 3544 3536
f 3581 3711 3624
f 3624 3711 3625
f 3625 3711 3621
f 3621 3711 3712
f 3621 3712 3662
f 3662 3712 3713
f 3662 3713 3660
f 3660 3713 3658
f 3658 3713 3714
f 3658 3714 3657
f 3657 3714 3655
f 3655 3714 3715
f 3655 3715 3650
f 3645 3647 3716
f 3716 3647 3652
f 3716 3652 3715
f 3715 3652 3651
f 3715 3651 3650
f 3645 3716 3643
f 3643 3716 3717
f 3643 3717 3641
f 3641 3717 3640
f 3640 3717 3718
f 3640 3718 3557
f 3557 3718 3550
f 3550 3718 3719
f 3550 3719 3551
f 3551 3719 3553
f 3553 3719 3720
f 3553 3720 3599
f 3721 3595 3720
f 3720 3595 3597
f 3720 3597 3599
f 3722 3723 3589
f 3589 3591 3722
f 3722 3591 3592
f 3722 3592 3721
f 3721 3592 3594
f 3721 3594 3595
f 3724 3711 3581
f 3581 3583 3724
f 3724 3583 3585
f 3724 3585 3723
f 3723 3585 3587
f 3723 3587 3589
f 3725 3714 3726
f 3726 3714 3713
f 3726 3713 3727
f 3727 3713 3712
f 3727 3712 3728
f 3728 3712 3711
f 3728 3711 3729
f 3729 3711 3724
f 3729 3724 3730
f 3730 3724 3723
f 3730 3723 3731
f 3723 3722 3731
f 3731 3722 3721
f 3731 3721 3732
f 3732 3721 3720
f 3732 3720 3733
f 3733 3720 3719
f 3733 3719 3734
f 3734 3719 3718
f 3734 3718 3735
f 3735 3718 3717
f 3735 3717 3736
f 3736 3717 3716
f 3736 3716 3725
f 3725 3716 3715
f 3725 3715 3714
f 3321 3734 3319
f 3319 3734 3735
f 3319 3735 3317
f 3317 3735 3736
f 3317 3736 3315
f 3315 3736 3725
f 3315 3725 3314
f 3314 3725 3726
f 3314 3726 3311
f 3311 3726 3727
f 3311 3727 3306
f 3306 3727 3728
f 3306 3728 3307
f 3307 3728 3729
f 3307 3729 3329
f 3329 3729 3730
f 3329 3730 3327
f 3327 3730 3731
f 3327 3731 3325
f 3325 3731 3732
f 3325 3732 3323
f 3323 3732 3733
f 3323 3733 3321
f 3321 3733 3734
f 2812 2846 3737
f 3737 2846 3738
f 3738 2846 3739
f 3739 2846 3740
f 3739 3740 3741
f 3741 3740 3474
f 3741 3474 3473
f 2846 2845 3740
f 3740 2845 2844
f 3740 2844 3474
f 3474 2844 2843
f 3447 3446 3742
f 3742 3446 2808
f 3743 3449 3742
f 3742 3449 3448
f 3742 3448 3447
f 3451 3744 3452
f 3452 3744 3745
f 3452 3745 3450
f 3450 3745 3746
f 3450 3746 3482
f 3473 3482 3741
f 3741 3482 3746
f 3741 3746 3739
f 3739 3746 3738
f 2812 3737 2813
f 2813 3737 3747
f 2813 3747 3748
f 2808 2807 3742
f 3742 2807 2809
f 3742 2809 3743
f 3743 2809 2810
f 3743 2810 3748
f 3748 2810 2814
f 3748 2814 2813
f 3451 3449 3744
f 3744 3449 3743
f 3744 3743 3745
f 3745 3743 3748
f 3745 3748 3746
f 3746 3748 3747
f 3746 3747 3738
f 3738 3747 3737
f 3749 2866 2867
f 3750 2875 2871
f 3750 2871 3751
f 3443 3442 3752
f 3752 3753 3443
f 3443 3753 3754
f 3443 3754 3755
f 3755 3756 3443
f 3443 3756 3757
f 3443 3757 3758
f 3759 3760 2871
f 3758 3761 3443
f 3443 3761 3762
f 3443 3762 3759
f 3760 3763 2871
f 2871 3763 3764
f 2871 3764 3765
f 3765 3766 2871
f 2871 3766 3767
f 2871 3767 3751
f 2877 3768 2878
f 2878 3768 3769
f 3769 3770 2878
f 2878 3770 3771
f 2878 3771 3772
f 3772 3773 2878
f 2878 3773 3774
f 2878 3774 3775
f 3776 3777 3441
f 3441 3777 3778
f 3441 3778 3779
f 3779 3780 3441
f 3441 3780 3781
f 3441 3781 3782
f 3782 3783 3441
f 3441 3783 3784
f 3441 3784 3442
f 3442 3784 3785
f 3442 3785 3752
f 3786 3787 2868
f 3786 2868 3788
f 3787 3789 2868
f 2868 3789 3790
f 2868 3790 2853
f 3791 3792 2885
f 2885 3792 3793
f 2885 3793 2868
f 2868 3793 3794
f 2868 3794 3788
f 3795 2880 3796
f 3796 2880 2879
f 3797 3798 3437
f 3795 3799 2880
f 2880 3799 3800
f 2880 3800 3801
f 3801 3802 2880
f 2880 3802 3803
f 2880 3803 3804
f 3805 3806 3437
f 3437 3806 3807
f 3437 3807 3797
f 3804 3808 2880
f 2880 3808 3809
f 2880 3809 3810
f 3798 3811 3437
f 3437 3811 3812
f 3437 3812 3813
f 3813 3814 3437
f 3437 3814 3815
f 3437 3815 3438
f 3438 3815 3816
f 3438 3816 3817
f 3817 3818 3438
f 3438 3818 3819
f 3438 3819 3820
f 3820 3821 3438
f 3438 3821 3822
f 3438 3822 3439
f 3439 3822 3823
f 3439 3823 3791
f 2858 3824 2859
f 2859 3824 3825
f 2859 3825 3826
f 3826 3827 2859
f 2859 3827 3828
f 2859 3828 3829
f 3830 3831 3433
f 3433 3832 3833
f 3833 3834 3433
f 3433 3834 3835
f 3433 3835 3836
f 3836 3837 3433
f 3433 3837 3838
f 3433 3838 3830
f 3831 3839 3433
f 3433 3839 3840
f 3433 3840 3434
f 3840 3841 3434
f 3434 3841 3842
f 3434 3842 3843
f 3843 3844 3434
f 3434 3844 3845
f 3434 3845 3846
f 3846 3847 3434
f 3434 3847 3848
f 3434 3848 3849
f 3849 3850 2883
f 2883 3850 3851
f 3851 3852 2883
f 2883 3852 3853
f 2883 3853 3854
f 3854 3855 2883
f 2883 3855 3856
f 2883 3856 3857
f 3857 3858 2883
f 2883 3858 3859
f 2883 3859 2856
f 3430 3429 3469
f 3749 2867 3860
f 3469 3861 3430
f 3430 3861 3862
f 3430 3862 3863
f 3863 3864 3430
f 3430 3864 3865
f 3430 3865 3866
f 3866 3867 3430
f 3430 3867 3868
f 3430 3868 3869
f 3869 3870 2867
f 2867 3870 3871
f 2867 3871 3872
f 3872 3873 2867
f 2867 3873 3874
f 2867 3874 3860
f 3759 2871 3443
f 3443 2871 2873
f 3443 2873 3444
f 3444 2873 2874
f 3444 2874 3445
f 3445 2874 2872
f 3445 2872 3426
f 3791 2885 3439
f 3439 2885 2884
f 3439 2884 3440
f 3440 2884 2878
f 3440 2878 3441
f 3441 2878 3775
f 3441 3775 3776
f 3849 2883 3434
f 3434 2883 2882
f 3434 2882 3435
f 3435 2882 2881
f 3435 2881 3436
f 3436 2881 2880
f 3436 2880 3437
f 3437 2880 3810
f 3437 3810 3805
f 3869 2867 3430
f 3430 2867 2870
f 3430 2870 3431
f 3431 2870 2869
f 3431 2869 3432
f 3432 2869 2859
f 3432 2859 3433
f 3433 2859 3829
f 3433 3829 3832
f 3875 3876 3877
f 3878 3879 3880
f 3750 3751 3881
f 2875 3882 2876
f 2876 3882 3883
f 2876 3883 3884
f 3884 3883 3885
f 3884 3885 3886
f 3875 3877 3887
f 3887 3877 3888
f 3887 3888 3889
f 3880 3879 3888
f 3888 3879 3890
f 3888 3890 3889
f 3881 3878 3750
f 3750 3878 3880
f 3750 3880 2875
f 2875 3880 3888
f 2875 3888 3882
f 3882 3888 3877
f 3882 3877 3883
f 3883 3877 3876
f 3883 3876 3885
f 3891 3892 3893
f 3893 3892 3894
f 3775 3895 3776
f 3771 3896 3772
f 3897 2876 3884
f 3768 3898 3769
f 3769 3898 3770
f 3899 3774 3896
f 3896 3774 3773
f 3896 3773 3772
f 3895 3900 3779
f 3776 3895 3777
f 3777 3895 3779
f 3777 3779 3778
f 3780 3901 3781
f 3781 3901 3902
f 3783 3782 3903
f 3903 3782 3781
f 3903 3781 3904
f 3904 3781 3902
f 3905 3893 3906
f 3906 3893 3894
f 3906 3894 3901
f 3901 3894 3907
f 3901 3907 3902
f 3908 3909 3910
f 3910 3909 3911
f 3912 3913 3914
f 3914 3913 3915
f 3914 3915 3916
f 3916 3915 3917
f 3916 3917 3918
f 3918 3917 3919
f 3918 3919 3920
f 3920 3919 3921
f 3920 3921 3922
f 3922 3921 3923
f 3912 3914 3924
f 3924 3914 3925
f 3924 3925 3926
f 3926 3925 3927
f 3926 3927 3928
f 3928 3927 3929
f 3928 3929 3930
f 3931 3900 3932
f 3932 3900 3895
f 3932 3895 3899
f 3899 3895 3775
f 3899 3775 3774
f 3780 3779 3901
f 3901 3779 3900
f 3901 3900 3906
f 3906 3900 3931
f 3906 3931 3905
f 3905 3931 3933
f 3905 3933 3893
f 3893 3933 3910
f 3893 3910 3891
f 3891 3910 3911
f 3934 3908 3935
f 3935 3908 3910
f 3935 3910 3936
f 3936 3910 3933
f 3936 3933 3937
f 3937 3933 3931
f 3937 3931 3938
f 3938 3931 3932
f 3938 3932 3939
f 3939 3932 3899
f 3939 3899 3940
f 3940 3899 3896
f 3940 3896 3898
f 3898 3896 3771
f 3898 3771 3770
f 3886 3930 3884
f 3884 3930 3929
f 3884 3929 3897
f 3897 3929 3927
f 3897 3927 3941
f 3941 3927 3925
f 3941 3925 3942
f 3942 3925 3914
f 3942 3914 3943
f 3943 3914 3916
f 3943 3916 3944
f 3944 3916 3918
f 3944 3918 3945
f 3945 3918 3920
f 2877 2876 3768
f 3768 2876 3897
f 3768 3897 3898
f 3898 3897 3941
f 3898 3941 3940
f 3940 3941 3942
f 3940 3942 3939
f 3939 3942 3943
f 3939 3943 3938
f 3938 3943 3944
f 3938 3944 3937
f 3937 3944 3945
f 3937 3945 3936
f 3936 3945 3920
f 3936 3920 3935
f 3935 3920 3922
f 3935 3922 3934
f 3946 3947 3948
f 3948 3949 3950
f 3951 3952 3953
f 3954 3955 3956
f 3889 3890 3957
f 3765 3958 3766
f 3754 3753 3959
f 3959 3753 3752
f 3752 3960 3961
f 3783 3903 3784
f 3784 3903 3904
f 3962 3963 3961
f 3964 3934 3922
f 3965 3908 3934
f 3908 3965 3909
f 3909 3965 3966
f 3909 3966 3911
f 3911 3966 3967
f 3911 3967 3891
f 3891 3967 3892
f 3892 3967 3968
f 3892 3968 3894
f 3752 3785 3960
f 3960 3785 3784
f 3960 3784 3961
f 3961 3784 3904
f 3961 3904 3962
f 3962 3904 3902
f 3962 3902 3907
f 3969 3761 3758
f 3958 3765 3970
f 3970 3765 3764
f 3970 3764 3763
f 3879 3878 3971
f 3971 3878 3881
f 3887 3972 3875
f 3875 3972 3973
f 3973 3972 3974
f 3974 3972 3975
f 3974 3975 3976
f 3976 3975 3977
f 3976 3977 3978
f 3978 3977 3979
f 3978 3979 3980
f 3979 3981 3980
f 3980 3981 3982
f 3980 3982 3983
f 3983 3982 3984
f 3984 3982 3985
f 3984 3985 3986
f 3986 3985 3987
f 3986 3987 3988
f 3988 3987 3989
f 3988 3989 3990
f 3990 3989 3991
f 3991 3989 3992
f 3991 3992 3993
f 3992 3994 3993
f 3993 3994 3995
f 3993 3995 3996
f 3996 3995 3997
f 3996 3997 3998
f 3998 3997 3999
f 3763 3760 4000
f 4000 3760 3759
f 4000 4001 4002
f 4002 4003 4000
f 4000 4003 4004
f 4000 4004 3763
f 3763 4004 4005
f 3763 4005 3970
f 4006 4007 4008
f 4009 4010 4011
f 4011 4010 4012
f 4011 4012 4013
f 4001 4006 4002
f 4002 4006 4008
f 4002 4008 4003
f 4003 4008 4014
f 4003 4014 4004
f 4004 4014 4015
f 4004 4015 4005
f 4005 4015 4016
f 4005 4016 3970
f 3970 4016 4017
f 3970 4017 3958
f 3958 4017 4018
f 3958 4018 3766
f 3766 4018 3971
f 3766 3971 3767
f 3767 3971 3881
f 3767 3881 3751
f 4007 4013 4008
f 4008 4013 4012
f 4008 4012 4014
f 4014 4012 4019
f 4014 4019 4015
f 4015 4019 4020
f 4015 4020 4016
f 4016 4020 4021
f 4016 4021 4017
f 4017 4021 4022
f 4017 4022 4018
f 4018 4022 3957
f 4018 3957 3971
f 3971 3957 3890
f 3971 3890 3879
f 3965 4023 3966
f 3966 4023 4024
f 3966 4024 3967
f 3967 4024 4025
f 3967 4025 3968
f 3934 3964 3965
f 3965 3964 4026
f 3965 4026 4023
f 4023 4026 4027
f 4023 4027 4024
f 4024 4027 4028
f 4024 4028 4025
f 3955 4029 4030
f 3955 4030 3956
f 3956 4030 4031
f 3956 4031 4032
f 4029 4033 4030
f 4030 4033 3953
f 4030 3953 4031
f 4031 3953 3952
f 4031 3952 4034
f 4034 4035 4031
f 4031 4035 4036
f 4031 4036 4032
f 4029 4037 4033
f 4033 4037 4028
f 4033 4028 3953
f 3953 4028 4027
f 3953 4027 3951
f 3951 4027 4026
f 3951 4026 4038
f 4038 4026 3964
f 4038 3964 4039
f 4039 3964 3922
f 4039 3922 3923
f 3887 3889 3972
f 3972 3889 3957
f 3972 3957 3975
f 3975 3957 4022
f 3975 4022 3977
f 3977 4022 4021
f 3977 4021 3979
f 3979 4021 4020
f 3979 4020 3981
f 3981 4020 4019
f 3981 4019 3982
f 3982 4019 4012
f 3982 4012 3985
f 3985 4012 4010
f 3985 4010 3987
f 3987 4010 4009
f 3987 4009 3989
f 3754 3959 3755
f 3755 3959 3949
f 3755 3949 3756
f 3756 3949 3948
f 3756 3948 3757
f 3757 3948 3947
f 3757 3947 3758
f 3758 3947 3946
f 3758 3946 3969
f 4040 4041 4042
f 4042 4041 4043
f 3963 4040 3961
f 3961 4040 4042
f 3961 4042 3752
f 3752 4042 4044
f 3752 4044 3959
f 3959 4044 4042
f 3959 4042 3949
f 3949 4042 4043
f 3949 4043 3950
f 3950 4045 3948
f 3948 4045 4046
f 3948 4046 3946
f 3946 4046 4047
f 3946 4047 3969
f 3969 4047 3762
f 3969 3762 3761
f 3954 4045 3955
f 3955 4045 3950
f 3955 3950 4029
f 4029 3950 4043
f 4029 4043 4037
f 4037 4043 4041
f 4037 4041 4028
f 4028 4041 4040
f 4028 4040 4025
f 4025 4040 3963
f 4025 3963 3968
f 3968 3963 3962
f 3968 3962 3894
f 3894 3962 3907
f 3923 3999 4039
f 4039 3999 3997
f 4039 3997 4038
f 4038 3997 3995
f 4038 3995 3951
f 3951 3995 3994
f 3951 3994 3952
f 3952 3994 3992
f 3952 3992 4034
f 4034 3992 3989
f 4034 3989 4035
f 4035 3989 4009
f 4035 4009 4036
f 4036 4009 4011
f 4036 4011 4032
f 4032 4011 4013
f 4032 4013 3956
f 3956 4013 4007
f 3956 4007 3954
f 3954 4007 4006
f 3954 4006 4045
f 4045 4006 4001
f 4045 4001 4046
f 4046 4001 4000
f 4046 4000 4047
f 4047 4000 3759
f 4047 3759 3762
f 3996 3998 4048
f 4048 3998 4049
f 4049 3998 3999
f 4049 3999 3923
f 3996 4048 3993
f 3993 4048 4050
f 3993 4050 3991
f 3991 4050 4051
f 3991 4051 3990
f 3990 4051 3988
f 3988 4051 4052
f 3988 4052 3986
f 3978 3980 4053
f 4053 3980 3983
f 4053 3983 4052
f 4052 3983 3984
f 4052 3984 3986
f 3978 4053 3976
f 3976 4053 4054
f 3976 4054 3974
f 3974 4054 3973
f 3973 4054 4055
f 3973 4055 3875
f 3875 4055 3876
f 3876 4055 4056
f 3876 4056 3885
f 3885 4056 3886
f 3886 4056 4057
f 3886 4057 3930
f 4058 3926 4057
f 4057 3926 3928
f 4057 3928 3930
f 4059 4060 3915
f 3915 3913 4059
f 4059 3913 3912
f 4059 3912 4058
f 4058 3912 3924
f 4058 3924 3926
f 4061 4049 3923
f 3923 3921 4061
f 4061 3921 3919
f 4061 3919 4060
f 4060 3919 3917
f 4060 3917 3915
f 4062 4051 4063
f 4063 4051 4050
f 4063 4050 4064
f 4064 4050 4048
f 4064 4048 4065
f 4065 4048 4049
f 4065 4049 4066
f 4066 4049 4061
f 4066 4061 4067
f 4067 4061 4060
f 4067 4060 4068
f 4060 4059 4068
f 4068 4059 4058
f 4068 4058 4069
f 4069 4058 4057
f 4069 4057 4070
f 4070 4057 4056
f 4070 4056 4071
f 4071 4056 4055
f 4071 4055 4072
f 4072 4055 4054
f 4072 4054 4073
f 4073 4054 4053
f 4073 4053 4062
f 4062 4053 4052
f 4062 4052 4051
f 3144 4065 3147
f 3147 4065 4066
f 3147 4066 3163
f 3163 4066 4067
f 3163 4067 3161
f 3161 4067 4068
f 3161 4068 3159
f 3159 4068 4069
f 3159 4069 3157
f 3157 4069 4070
f 3157 4070 3155
f 3155 4070 4071
f 3155 4071 3153
f 3153 4071 4072
f 3153 4072 3151
f 3151 4072 4073
f 3151 4073 3150
f 3150 4073 4062
f 3150 4062 3149
f 3149 4062 4063
f 3149 4063 3142
f 3142 4063 4064
f 3142 4064 3144
f 3144 4064 4065
f 4074 4075 4076
f 4076 4075 4077
f 4078 4079 4080
f 4081 4082 4083
f 3818 3817 3819
f 3819 3817 4084
f 3819 4084 3820
f 3788 3794 4085
f 4085 3794 3793
f 4085 3793 4086
f 4086 3793 3792
f 4086 3792 3791
f 4087 4088 4089
f 4089 4088 2854
f 4089 2854 2853
f 4090 4091 4092
f 4092 4091 4093
f 4092 4093 4094
f 4095 4096 4090
f 4090 4096 4097
f 4090 4097 4091
f 4098 4099 4100
f 4100 4099 4101
f 4100 4101 4095
f 4095 4101 4102
f 4095 4102 4096
f 4103 4104 4105
f 4106 4107 4108
f 4108 4107 4109
f 4108 4109 4110
f 4110 4109 4111
f 4110 4111 4112
f 4112 4111 4113
f 4112 4113 4114
f 4115 4116 4106
f 4106 4116 4117
f 4106 4117 4107
f 3816 4118 3817
f 3817 4118 4119
f 3817 4119 4084
f 4084 4119 4120
f 4084 4120 4121
f 4121 4120 4122
f 4121 4122 4123
f 4086 4124 4085
f 4085 4124 4125
f 4085 4125 3788
f 3788 4125 4126
f 3788 4126 3786
f 4078 4080 4127
f 2853 3790 4089
f 4089 3790 3789
f 4089 3789 4126
f 4126 3789 3787
f 4126 3787 3786
f 4092 4128 4090
f 4090 4128 4080
f 4090 4080 4095
f 4095 4080 4079
f 4095 4079 4100
f 4124 4127 4125
f 4125 4127 4080
f 4125 4080 4126
f 4126 4080 4128
f 4126 4128 4089
f 4089 4128 4092
f 4089 4092 4087
f 4087 4092 4094
f 4087 4094 4129
f 4130 4115 4106
f 4130 4106 4131
f 4131 4106 4108
f 4131 4108 4132
f 4132 4108 4110
f 4132 4110 4133
f 4133 4110 4112
f 4105 4081 4103
f 4103 4081 4083
f 4103 4083 4134
f 4134 4083 4135
f 4134 4135 4136
f 4137 4138 4139
f 4139 4138 4140
f 4139 4140 4141
f 4142 4137 4143
f 4143 4137 4139
f 4143 4139 4144
f 4144 4139 4141
f 4144 4141 4145
f 4123 4115 4074
f 4074 4115 4130
f 4074 4130 4075
f 4075 4130 4146
f 4075 4146 4077
f 4123 4074 4121
f 4121 4074 4076
f 4121 4076 4084
f 4084 4076 4077
f 4084 4077 3820
f 3820 4077 4147
f 3820 4147 3821
f 3821 4147 4148
f 3821 4148 3822
f 4082 4140 4083
f 4083 4140 4138
f 4083 4138 4135
f 4135 4138 4137
f 4135 4137 4136
f 4136 4137 4142
f 4136 4142 4149
f 4149 4142 4150
f 4149 4150 4151
f 4151 4150 4152
f 4151 4152 4153
f 4153 4152 4154
f 4153 4154 4155
f 4155 4154 4156
f 4114 4104 4112
f 4112 4104 4103
f 4112 4103 4133
f 4133 4103 4134
f 4133 4134 4132
f 4132 4134 4136
f 4132 4136 4131
f 4131 4136 4149
f 4131 4149 4130
f 4130 4149 4151
f 4130 4151 4146
f 4146 4151 4153
f 4146 4153 4077
f 4077 4153 4155
f 4077 4155 4147
f 4147 4155 4156
f 4147 4156 4148
f 4145 4098 4144
f 4144 4098 4100
f 4144 4100 4143
f 4143 4100 4079
f 4143 4079 4142
f 4142 4079 4078
f 4142 4078 4150
f 4150 4078 4127
f 4150 4127 4152
f 4152 4127 4124
f 4152 4124 4154
f 4154 4124 4086
f 4154 4086 4156
f 4156 4086 3791
f 4156 3791 4148
f 4148 3791 3823
f 4148 3823 3822
f 4157 4158 4159
f 4087 4129 4160
f 4157 4159 4160
f 4160 4159 4088
f 4160 4088 4087
f 4159 4161 4162
f 2854 4088 2879
f 2879 4088 4159
f 2879 4159 3796
f 3796 4159 4162
f 3796 4162 3795
f 4158 4163 4159
f 4159 4163 4164
f 4159 4164 4161
f 4165 4166 4167
f 3808 3804 4168
f 4169 3800 4170
f 4170 3800 3799
f 4170 3799 3795
f 3801 4171 3802
f 3802 4171 3803
f 3810 4172 3805
f 3805 4172 3806
f 4173 4174 4175
f 4175 4174 3797
f 4175 3797 3807
f 3813 3812 4173
f 4173 3812 3811
f 4173 3811 4174
f 4174 3811 3798
f 4174 3798 3797
f 4120 4119 4176
f 4176 4119 4118
f 4177 4123 4122
f 4116 4115 4177
f 4177 4115 4123
f 4178 4111 4109
f 3807 4179 4175
f 4175 4179 4180
f 4175 4180 4173
f 4173 4180 4181
f 4173 4181 3813
f 3813 4181 4182
f 3813 4182 3814
f 3814 4182 3815
f 3807 4183 4184
f 4185 4184 4186
f 4186 4184 4183
f 4186 4183 4187
f 3807 4184 4179
f 4179 4184 4188
f 4179 4188 4180
f 4180 4188 4189
f 4180 4189 4181
f 4181 4189 4190
f 4181 4190 4182
f 4182 4190 4191
f 4182 4191 3815
f 4122 4192 4177
f 4177 4192 4193
f 4177 4193 4194
f 4194 4193 4195
f 4196 4197 4167
f 4167 4197 4198
f 4167 4198 4165
f 4165 4198 4199
f 4165 4199 4200
f 4200 4199 4176
f 4200 4176 4201
f 4201 4176 4118
f 4201 4118 3816
f 4197 4195 4198
f 4198 4195 4193
f 4198 4193 4199
f 4199 4193 4192
f 4199 4192 4176
f 4176 4192 4122
f 4176 4122 4120
f 4185 4196 4184
f 4184 4196 4167
f 4184 4167 4188
f 4188 4167 4166
f 4188 4166 4189
f 4189 4166 4165
f 4189 4165 4190
f 4190 4165 4200
f 4190 4200 4191
f 4191 4200 4201
f 4191 4201 3815
f 3815 4201 3816
f 4202 4203 4204
f 4204 4203 4205
f 4205 4203 4206
f 4205 4206 4207
f 4207 4206 4208
f 4207 4208 4209
f 4210 4211 4202
f 4202 4211 4212
f 4202 4212 4203
f 4203 4212 4213
f 4203 4213 4206
f 4206 4213 4214
f 4206 4214 4208
f 4215 4216 4217
f 4217 4216 4218
f 4217 4218 4219
f 4219 4218 4220
f 4219 4220 4209
f 4209 4220 4221
f 4209 4221 4207
f 4207 4221 4222
f 4207 4222 4205
f 4205 4222 4223
f 4205 4223 4204
f 4204 4223 4224
f 4225 4226 4227
f 4227 4226 4228
f 4227 4228 4229
f 4229 4228 4230
f 4229 4230 4231
f 4231 4230 4232
f 4231 4232 4178
f 4178 4232 4113
f 4178 4113 4111
f 4214 4225 4208
f 4208 4225 4227
f 4208 4227 4209
f 4209 4227 4229
f 4209 4229 4219
f 4219 4229 4231
f 4219 4231 4217
f 4217 4231 4178
f 4217 4178 4215
f 4215 4178 4109
f 4215 4109 4216
f 4216 4109 4107
f 4216 4107 4117
f 3809 3808 4233
f 4233 3808 4168
f 4233 4168 4234
f 3804 3803 4168
f 4168 3803 4171
f 4168 4171 4234
f 4234 4171 4235
f 4234 4235 4236
f 4236 4235 4237
f 3795 4238 4170
f 4170 4238 4239
f 4170 4239 4169
f 4169 4239 4240
f 4241 4242 4243
f 4163 4244 4164
f 4164 4244 4242
f 4164 4242 4161
f 4161 4242 4241
f 4161 4241 4162
f 4245 4246 4247
f 4247 4246 4248
f 4247 4248 4243
f 4243 4248 4249
f 4243 4249 4241
f 4250 4245 4251
f 4251 4245 4247
f 4251 4247 4252
f 4252 4247 4243
f 4252 4243 4253
f 4253 4243 4242
f 4253 4242 4254
f 4254 4242 4244
f 3801 3800 4171
f 4171 3800 4169
f 4171 4169 4235
f 4235 4169 4240
f 4235 4240 4237
f 4237 4240 4255
f 4237 4255 4256
f 4256 4255 4257
f 4250 4257 4245
f 4245 4257 4255
f 4245 4255 4246
f 4246 4255 4240
f 4246 4240 4248
f 4248 4240 4239
f 4248 4239 4249
f 4249 4239 4238
f 4249 4238 4241
f 4241 4238 3795
f 4241 3795 4162
f 4250 4210 4257
f 4257 4210 4202
f 4257 4202 4256
f 4256 4202 4204
f 4256 4204 4237
f 4237 4204 4224
f 4237 4224 4236
f 4236 4224 4258
f 4236 4258 4234
f 4234 4258 4259
f 4234 4259 4233
f 4233 4259 4172
f 4233 4172 3809
f 3809 4172 3810
f 4117 4116 4216
f 4216 4116 4177
f 4216 4177 4218
f 4218 4177 4194
f 4218 4194 4220
f 4220 4194 4195
f 4220 4195 4221
f 4221 4195 4197
f 4221 4197 4222
f 4222 4197 4196
f 4222 4196 4223
f 4223 4196 4185
f 4223 4185 4224
f 4224 4185 4186
f 4224 4186 4258
f 4258 4186 4187
f 4258 4187 4259
f 4259 4187 4183
f 4259 4183 4172
f 4172 4183 3807
f 4172 3807 3806
f 4225 4214 4260
f 4261 4251 4262
f 4262 4251 4252
f 4252 4253 4262
f 4262 4253 4254
f 4262 4254 4263
f 4263 4254 4244
f 4263 4244 4163
f 4260 4214 4264
f 4264 4214 4213
f 4264 4213 4212
f 4212 4211 4264
f 4264 4211 4210
f 4264 4210 4261
f 4261 4210 4250
f 4261 4250 4251
f 4232 4230 4265
f 4265 4230 4228
f 4265 4228 4260
f 4260 4228 4226
f 4260 4226 4225
f 4265 4266 4232
f 4232 4266 4267
f 4232 4267 4113
f 4113 4267 4114
f 4114 4267 4268
f 4114 4268 4104
f 4140 4082 4269
f 4269 4082 4081
f 4269 4081 4268
f 4268 4081 4105
f 4268 4105 4104
f 4099 4098 4270
f 4270 4098 4145
f 4270 4145 4269
f 4269 4145 4141
f 4269 4141 4140
f 4097 4096 4271
f 4271 4096 4102
f 4271 4102 4270
f 4270 4102 4101
f 4270 4101 4099
f 4097 4271 4091
f 4091 4271 4272
f 4091 4272 4093
f 4157 4160 4272
f 4157 4272 4158
f 4158 4272 4263
f 4158 4263 4163
f 4160 4129 4272
f 4272 4129 4094
f 4272 4094 4093
f 4265 4260 4273
f 4273 4260 4264
f 4273 4264 4274
f 4274 4264 4261
f 4274 4261 4275
f 4275 4261 4262
f 4275 4262 4276
f 4276 4262 4263
f 4276 4263 4277
f 4277 4263 4272
f 4277 4272 4278
f 4278 4272 4271
f 4278 4271 4279
f 4279 4271 4270
f 4279 4270 4280
f 4280 4270 4269
f 4280 4269 4281
f 4281 4269 4268
f 4281 4268 4282
f 4282 4268 4267
f 4282 4267 4283
f 4283 4267 4266
f 4283 4266 4284
f 4284 4266 4265
f 4284 4265 4273
f 3178 4282 3179
f 3179 4282 4283
f 3179 4283 3181
f 3181 4283 4284
f 3181 4284 3182
f 3182 4284 4273
f 3182 4273 3200
f 3200 4273 4274
f 3200 4274 3198
f 3198 4274 4275
f 3198 4275 3196
f 3196 4275 4276
f 3196 4276 3194
f 3194 4276 4277
f 3194 4277 3192
f 3192 4277 4278
f 3192 4278 3190
f 3190 4278 4279
f 3190 4279 3188
f 3188 4279 4280
f 3188 4280 3187
f 3187 4280 4281
f 3187 4281 3178
f 3178 4281 4282
f 4285 4286 4287
f 4288 4289 4290
f 4291 4292 4293
f 4294 4295 4296
f 3853 3852 4297
f 3849 3848 4298
f 3849 4298 3850
f 3854 4299 3855
f 3855 4299 4300
f 3855 4300 3856
f 3856 4300 3857
f 3859 3858 4301
f 4301 4302 3859
f 3859 4302 2857
f 3859 2857 2856
f 4291 4293 4303
f 4303 4293 4304
f 4303 4304 4305
f 4305 4304 4306
f 4305 4306 4307
f 4308 4309 4310
f 4285 4287 4311
f 4298 4312 4313
f 4313 4312 4314
f 3847 4315 3848
f 3848 4315 4316
f 3848 4316 4298
f 4298 4316 4317
f 4298 4317 4312
f 4289 4307 4290
f 4290 4307 4306
f 4290 4306 4318
f 4318 4306 4304
f 4318 4304 4319
f 4319 4304 4293
f 4319 4293 4320
f 4320 4293 4292
f 4320 4292 4296
f 4296 4292 4321
f 4296 4321 4294
f 4309 4288 4310
f 4310 4288 4290
f 4310 4290 4322
f 4322 4290 4318
f 4322 4318 4323
f 4323 4318 4319
f 4323 4319 4324
f 4324 4319 4320
f 4324 4320 4301
f 4301 4320 4296
f 4301 4296 4302
f 4302 4296 4295
f 4302 4295 2857
f 3858 3857 4301
f 4301 3857 4300
f 4301 4300 4324
f 4324 4300 4299
f 4324 4299 4323
f 4323 4299 4325
f 4323 4325 4322
f 4322 4325 4326
f 4322 4326 4310
f 4310 4326 4287
f 4310 4287 4308
f 4308 4287 4286
f 4308 4286 4327
f 4311 4328 4329
f 4329 4328 4330
f 4329 4330 4331
f 4331 4330 4332
f 4331 4332 4333
f 4333 4332 4297
f 4333 4297 3851
f 3851 4297 3852
f 3851 3850 4333
f 4333 3850 4298
f 4333 4298 4331
f 4331 4298 4313
f 4331 4313 4329
f 4329 4313 4314
f 4329 4314 4311
f 4311 4287 4328
f 4328 4287 4326
f 4328 4326 4330
f 4330 4326 4325
f 4330 4325 4332
f 4332 4325 4299
f 4332 4299 4297
f 4297 4299 3854
f 4297 3854 3853
f 4334 4335 3827
f 4336 4337 4338
f 4294 4321 4339
f 4339 4340 4294
f 4294 4340 4341
f 4294 4341 4295
f 4295 4341 4342
f 4343 3826 4344
f 4344 3826 3825
f 4344 3825 3824
f 3827 4335 3828
f 3828 4335 4345
f 3828 4345 3829
f 4346 4347 4348
f 4348 4347 4349
f 4350 4351 4352
f 4352 4351 4348
f 4352 4348 4353
f 4353 4348 4349
f 4353 4349 4354
f 4354 4349 4355
f 4351 4356 4348
f 4348 4356 4357
f 4348 4357 4346
f 4346 4357 4358
f 4337 4359 4338
f 4338 4359 4360
f 4338 4360 4361
f 4361 4360 4362
f 4361 4362 4363
f 4339 4355 4340
f 4340 4355 4349
f 4340 4349 4341
f 4341 4349 4347
f 4341 4347 4342
f 4342 4347 4346
f 4342 4346 4364
f 4364 4346 4358
f 4365 4336 4350
f 4350 4336 4338
f 4350 4338 4351
f 4351 4338 4361
f 4351 4361 4356
f 4356 4361 4343
f 4356 4343 4357
f 4357 4343 4344
f 4357 4344 4358
f 4358 4344 3824
f 4358 3824 4364
f 4364 3824 2858
f 4364 2858 4342
f 4342 2858 2857
f 4342 2857 4295
f 4363 4366 4361
f 4361 4366 4334
f 4361 4334 4343
f 4343 4334 3827
f 4343 3827 3826
f 4367 4368 4369
f 4370 4371 4372
f 4373 4374 4375
f 4376 4377 4378
f 4379 4285 4311
f 4380 4312 4317
f 4381 4382 4383
f 3842 3844 3843
f 4345 4335 4384
f 4385 4386 4387
f 4337 4336 4388
f 4385 4360 4359
f 4360 4385 4362
f 4362 4385 4387
f 4362 4387 4363
f 4363 4387 4389
f 4363 4389 4366
f 4366 4389 4390
f 4366 4390 4334
f 4391 4392 4390
f 4390 4392 4384
f 4390 4384 4334
f 4334 4384 4335
f 3832 3829 4393
f 4393 4394 3832
f 3832 4394 4395
f 3832 4395 3833
f 3833 4395 3834
f 3834 4395 4396
f 3834 4396 3835
f 3836 3835 4397
f 4398 3838 4397
f 4397 3838 3837
f 4397 3837 3836
f 3840 3839 4399
f 4399 3839 3831
f 4399 3831 4398
f 4398 3831 3830
f 4398 3830 3838
f 4400 4401 3840
f 3840 4401 4402
f 3840 4402 3841
f 4403 4327 4379
f 4379 4327 4286
f 4379 4286 4285
f 4336 4365 4388
f 4388 4365 4404
f 4388 4404 4405
f 4405 4404 4406
f 4405 4406 4407
f 4407 4406 4408
f 4407 4408 4409
f 4409 4408 4410
f 4409 4410 4411
f 4411 4410 4412
f 4411 4412 4413
f 4413 4412 4414
f 4413 4414 4415
f 3841 4416 3842
f 3842 4416 4417
f 3842 4417 3844
f 3844 4417 3845
f 4418 4419 4420
f 4420 4419 4421
f 4420 4421 4422
f 4422 4421 4423
f 3841 4402 4416
f 4416 4402 4401
f 4416 4401 4417
f 4417 4401 4424
f 4417 4424 4425
f 3846 3845 4426
f 4426 3845 4417
f 4426 4417 4427
f 4427 4417 4425
f 4427 4425 4428
f 4429 4430 4431
f 4429 4431 4432
f 4433 4434 4432
f 4432 4434 4435
f 4432 4435 4429
f 4431 4436 4432
f 4432 4436 4437
f 4432 4437 4433
f 4433 4437 4438
f 4433 4438 4439
f 4439 4438 4440
f 4439 4440 4441
f 4441 4381 4439
f 4439 4381 4383
f 4439 4383 4433
f 4433 4383 4442
f 4433 4442 4434
f 4443 4444 4445
f 4445 4444 4446
f 4445 4446 4447
f 4447 4446 4448
f 4447 4448 4449
f 4444 4450 4446
f 4446 4450 4451
f 4446 4451 4448
f 4448 4451 4452
f 4448 4452 4449
f 4449 4452 4453
f 4424 4453 4425
f 4425 4453 4452
f 4425 4452 4428
f 4428 4452 4451
f 4428 4451 4454
f 4454 4451 4450
f 4455 4456 4457
f 4457 4456 4458
f 4457 4458 4459
f 4459 4458 4460
f 4459 4460 4380
f 4461 4455 4462
f 4462 4455 4457
f 4462 4457 4463
f 4463 4457 4459
f 4463 4459 4464
f 4464 4459 4380
f 4464 4380 4465
f 4465 4380 4317
f 4465 4317 4316
f 4456 4403 4458
f 4458 4403 4379
f 4458 4379 4460
f 4460 4379 4311
f 4460 4311 4380
f 4380 4311 4314
f 4380 4314 4312
f 4373 4375 4466
f 4466 4375 4467
f 4466 4467 4468
f 4468 4467 4372
f 4468 4372 4469
f 4469 4372 4371
f 4469 4371 4470
f 4368 4370 4369
f 4369 4370 4372
f 4369 4372 4471
f 4471 4372 4467
f 4471 4467 4378
f 4378 4467 4375
f 4378 4375 4376
f 4376 4375 4374
f 4386 4367 4387
f 4387 4367 4369
f 4387 4369 4389
f 4389 4369 4471
f 4389 4471 4390
f 4390 4471 4378
f 4390 4378 4391
f 4391 4378 4377
f 4359 4337 4385
f 4385 4337 4388
f 4385 4388 4386
f 4386 4388 4405
f 4386 4405 4367
f 4367 4405 4407
f 4367 4407 4368
f 4368 4407 4409
f 4368 4409 4370
f 4370 4409 4411
f 4370 4411 4371
f 4371 4411 4413
f 4371 4413 4470
f 4470 4413 4415
f 3840 4399 4400
f 4400 4399 4398
f 4400 4398 4472
f 3835 4396 4397
f 4397 4396 4473
f 4397 4473 4398
f 4398 4473 4474
f 4398 4474 4472
f 4382 4461 4443
f 4443 4461 4462
f 4443 4462 4444
f 4444 4462 4463
f 4444 4463 4450
f 4450 4463 4464
f 4450 4464 4454
f 4454 4464 4465
f 4454 4465 4428
f 4428 4465 4316
f 4428 4316 4427
f 4427 4316 4315
f 4427 4315 4426
f 4426 4315 3847
f 4426 3847 3846
f 3829 4345 4393
f 4393 4345 4384
f 4393 4384 4394
f 4394 4384 4392
f 4394 4392 4395
f 4395 4392 4391
f 4395 4391 4396
f 4396 4391 4377
f 4396 4377 4473
f 4473 4377 4376
f 4473 4376 4474
f 4474 4376 4374
f 4474 4374 4472
f 4472 4374 4373
f 4472 4373 4430
f 4430 4373 4466
f 4430 4466 4431
f 4431 4466 4468
f 4431 4468 4436
f 4436 4468 4469
f 4436 4469 4437
f 4437 4469 4470
f 4437 4470 4438
f 4438 4470 4415
f 4438 4415 4440
f 4440 4415 4414
f 4440 4414 4441
f 4382 4443 4383
f 4383 4443 4445
f 4383 4445 4442
f 4442 4445 4447
f 4442 4447 4434
f 4434 4447 4449
f 4434 4449 4435
f 4435 4449 4453
f 4435 4453 4418
f 4418 4453 4424
f 4418 4424 4419
f 4419 4424 4401
f 4419 4401 4421
f 4421 4401 4400
f 4421 4400 4423
f 4423 4400 4472
f 4423 4472 4422
f 4422 4472 4430
f 4422 4430 4420
f 4420 4430 4429
f 4420 4429 4418
f 4418 4429 4435
f 4441 4414 4475
f 4476 4406 4477
f 4477 4406 4404
f 4477 4404 4365
f 4475 4414 4478
f 4414 4412 4478
f 4478 4412 4410
f 4478 4410 4476
f 4476 4410 4408
f 4476 4408 4406
f 4441 4475 4381
f 4381 4475 4479
f 4381 4479 4382
f 4382 4479 4480
f 4382 4480 4461
f 4461 4480 4455
f 4455 4480 4481
f 4455 4481 4456
f 4456 4481 4403
f 4403 4481 4482
f 4403 4482 4327
f 4327 4482 4308
f 4308 4482 4483
f 4308 4483 4309
f 4309 4483 4288
f 4288 4483 4484
f 4288 4484 4289
f 4291 4303 4485
f 4485 4303 4305
f 4485 4305 4484
f 4484 4305 4307
f 4484 4307 4289
f 4291 4485 4292
f 4292 4485 4486
f 4292 4486 4321
f 4321 4486 4339
f 4339 4486 4487
f 4339 4487 4355
f 4477 4365 4488
f 4488 4365 4350
f 4350 4352 4488
f 4488 4352 4353
f 4488 4353 4487
f 4487 4353 4354
f 4487 4354 4355
f 4489 4485 4490
f 4490 4485 4484
f 4490 4484 4491
f 4491 4484 4483
f 4491 4483 4492
f 4492 4483 4482
f 4492 4482 4493
f 4493 4482 4481
f 4493 4481 4494
f 4494 4481 4480
f 4494 4480 4495
f 4480 4479 4495
f 4495 4479 4475
f 4495 4475 4496
f 4496 4475 4478
f 4496 4478 4497
f 4497 4478 4476
f 4497 4476 4498
f 4498 4476 4477
f 4498 4477 4499
f 4499 4477 4488
f 4499 4488 4500
f 4500 4488 4487
f 4500 4487 4489
f 4489 4487 4486
f 4489 4486 4485
f 3206 4492 3207
f 3207 4492 4493
f 3207 4493 3209
f 3209 4493 4494
f 3209 4494 3204
f 3204 4494 4495
f 3204 4495 3205
f 3205 4495 4496
f 3205 4496 3234
f 3234 4496 4497
f 3234 4497 3232
f 3232 4497 4498
f 3232 4498 3222
f 3222 4498 4499
f 3222 4499 3220
f 3220 4499 4500
f 3220 4500 3218
f 3218 4500 4489
f 3218 4489 3216
f 3216 4489 4490
f 3216 4490 3214
f 3214 4490 4491
f 3214 4491 3206
f 3206 4491 4492
f 4501 4502 4503
f 3749 4504 2866
f 4505 4504 4506
f 4506 4504 3749
f 4506 3749 3860
f 4507 4508 2865
f 4509 4508 4502
f 4502 4508 4507
f 4502 4507 4503
f 4510 4511 4512
f 4513 2866 4510
f 4510 2866 4504
f 4510 4504 4511
f 4511 4504 4505
f 4514 4501 4512
f 4512 4501 4503
f 4512 4503 4510
f 4510 4503 4507
f 4510 4507 4513
f 4513 4507 2865
f 4513 2865 2866
f 4515 4516 4517
f 4518 4519 4516
f 3485 3484 4520
f 4521 2865 4508
f 4522 3487 4520
f 4520 3487 3486
f 4520 3486 3485
f 4523 3517 4524
f 4524 3517 3516
f 4524 3516 3489
f 4525 3519 3518
f 3519 4525 3520
f 3520 4525 4526
f 3520 4526 3494
f 3457 3507 4527
f 4527 3507 3506
f 4527 3506 4528
f 4528 3506 3495
f 4528 3495 3494
f 4529 4530 4528
f 4528 4530 4531
f 4528 4531 4527
f 4518 4516 4532
f 4532 4516 4515
f 4532 4515 4533
f 4534 4535 4536
f 4536 4535 4537
f 4536 4537 4538
f 4538 4537 4539
f 4538 4539 4540
f 4540 4539 4541
f 4540 4541 4542
f 4542 4541 4543
f 4542 4543 4544
f 4544 4543 4545
f 4545 4543 4546
f 4545 4546 4547
f 4547 4546 4548
f 4548 4546 4549
f 4548 4549 4550
f 4550 4549 4551
f 4550 4551 4552
f 3494 4526 4528
f 4528 4526 4553
f 4528 4553 4529
f 4519 4529 4516
f 4516 4529 4553
f 4516 4553 4517
f 4517 4553 4526
f 4517 4526 4523
f 4523 4526 4525
f 4523 4525 3517
f 3517 4525 3518
f 4554 4533 4555
f 4555 4533 4515
f 4555 4515 4556
f 4556 4515 4517
f 4556 4517 4557
f 4557 4517 4523
f 4557 4523 4558
f 4558 4523 4524
f 4558 4524 4522
f 4522 4524 3489
f 4522 3489 3487
f 3487 3489 3488
f 4509 4552 4508
f 4508 4552 4551
f 4508 4551 4521
f 4521 4551 4549
f 4521 4549 4559
f 4559 4549 4546
f 4559 4546 4560
f 4560 4546 4543
f 4560 4543 4561
f 4561 4543 4541
f 4561 4541 4562
f 4562 4541 4539
f 4562 4539 4563
f 4563 4539 4537
f 4535 4554 4537
f 4537 4554 4555
f 4537 4555 4563
f 4563 4555 4556
f 4563 4556 4562
f 4562 4556 4557
f 4562 4557 4561
f 4561 4557 4558
f 4561 4558 4560
f 4560 4558 4522
f 4560 4522 4559
f 4559 4522 4520
f 4559 4520 4521
f 4521 4520 3484
f 4521 3484 2865
f 2865 3484 2836
f 4564 3469 3459
f 4529 4565 4566
f 4535 4534 4567
f 4554 4568 4533
f 4533 4568 4569
f 4529 4519 4565
f 4565 4519 4518
f 4565 4518 4569
f 4569 4518 4532
f 4569 4532 4533
f 4527 4531 4566
f 4566 4531 4530
f 4566 4530 4529
f 4564 3459 4570
f 3459 4571 4570
f 4570 4571 4572
f 4570 4572 4573
f 4574 4575 4576
f 4576 4575 4573
f 4576 4573 4577
f 4577 4573 4572
f 4574 4576 4578
f 4578 4576 4579
f 4578 4579 4580
f 4580 4579 4581
f 4580 4581 4582
f 4583 4584 4585
f 4585 4584 4586
f 4586 4582 4585
f 4585 4582 4581
f 4585 4581 4587
f 4587 4581 4579
f 4587 4579 4588
f 4588 4579 4576
f 4588 4576 4589
f 4589 4576 4577
f 4589 4577 4590
f 4590 4577 4572
f 4554 4535 4568
f 4568 4535 4591
f 4568 4591 4592
f 4535 4567 4591
f 4591 4567 4593
f 4591 4593 4592
f 3459 3457 4571
f 4571 3457 4527
f 4571 4527 4572
f 4572 4527 4566
f 4572 4566 4590
f 4590 4566 4565
f 4590 4565 4589
f 4589 4565 4569
f 4589 4569 4588
f 4588 4569 4568
f 4588 4568 4587
f 4587 4568 4592
f 4587 4592 4585
f 4585 4592 4593
f 4585 4593 4583
f 4594 4595 4596
f 4597 4598 4599
f 4514 4512 4600
f 4601 4575 4574
f 4602 4586 4584
f 4603 4604 4605
f 4605 4604 4602
f 4605 4602 4606
f 4606 4602 4584
f 4607 4601 4608
f 4608 4601 4574
f 4608 4574 4578
f 4564 4570 4594
f 4594 4570 4573
f 4594 4573 4595
f 4595 4573 4609
f 4596 3865 3864
f 4610 3869 3868
f 4611 3873 3872
f 4505 4506 4612
f 4612 4506 3860
f 4613 4614 4615
f 4615 4614 4616
f 4615 4616 4617
f 4617 4616 4618
f 4617 4618 4600
f 4600 4618 4619
f 4600 4619 4514
f 4620 4621 4622
f 4622 4621 4623
f 4622 4623 4624
f 4624 4623 4625
f 4624 4625 4613
f 4613 4625 4626
f 4613 4626 4614
f 3860 3874 4612
f 4612 3874 3873
f 4612 3873 4627
f 4627 3873 4611
f 4627 4611 4628
f 4511 4505 4629
f 4629 4505 4612
f 4629 4612 4630
f 4630 4612 4627
f 4630 4627 4631
f 4631 4627 4628
f 4631 4628 4632
f 4607 4608 4633
f 4633 4608 4634
f 4633 4634 4635
f 4635 4634 4636
f 4635 4636 4637
f 4598 4637 4599
f 4599 4637 4636
f 4599 4636 4638
f 4638 4636 4634
f 4638 4634 4639
f 4639 4634 4608
f 4639 4608 4640
f 4640 4608 4578
f 4640 4578 4580
f 4586 4602 4641
f 4641 4602 4604
f 4641 4604 4642
f 4642 4604 4603
f 4642 4603 4643
f 4606 4644 4605
f 4605 4644 4645
f 4605 4645 4603
f 4603 4645 4646
f 4603 4646 4643
f 4643 4646 4647
f 4643 4647 4648
f 4648 4647 4632
f 4644 4620 4645
f 4645 4620 4622
f 4645 4622 4646
f 4646 4622 4624
f 4646 4624 4647
f 4647 4624 4613
f 4647 4613 4632
f 4632 4613 4615
f 4632 4615 4631
f 4631 4615 4617
f 4631 4617 4630
f 4630 4617 4600
f 4630 4600 4629
f 4629 4600 4512
f 4629 4512 4511
f 3872 3871 4611
f 4611 3871 4597
f 4611 4597 4628
f 4628 4597 4599
f 4628 4599 4632
f 4632 4599 4638
f 4632 4638 4648
f 4648 4638 4639
f 4648 4639 4643
f 4643 4639 4640
f 4643 4640 4642
f 4642 4640 4580
f 4642 4580 4641
f 4641 4580 4582
f 4641 4582 4586
f 3469 4564 3861
f 3861 4564 4594
f 3861 4594 3862
f 3862 4594 4596
f 3862 4596 3863
f 3863 4596 3864
f 4609 4649 4595
f 4595 4649 4650
f 4595 4650 4596
f 4596 4650 4651
f 4596 4651 3865
f 3865 4651 4652
f 3865 4652 3866
f 3866 4652 4610
f 3866 4610 3867
f 3867 4610 3868
f 3871 3870 4597
f 4597 3870 3869
f 4597 3869 4598
f 4598 3869 4610
f 4598 4610 4637
f 4637 4610 4652
f 4637 4652 4635
f 4635 4652 4651
f 4635 4651 4633
f 4633 4651 4650
f 4633 4650 4607
f 4607 4650 4649
f 4607 4649 4601
f 4601 4649 4609
f 4601 4609 4575
f 4575 4609 4573
f 4567 4534 4653
f 4654 4584 4655
f 4655 4584 4583
f 4655 4583 4653
f 4653 4583 4593
f 4653 4593 4567
f 4656 4644 4654
f 4654 4644 4606
f 4654 4606 4584
f 4625 4623 4657
f 4657 4623 4621
f 4657 4621 4656
f 4656 4621 4620
f 4656 4620 4644
f 4625 4657 4626
f 4626 4657 4658
f 4626 4658 4614
f 4614 4658 4616
f 4616 4658 4659
f 4616 4659 4618
f 4618 4659 4619
f 4619 4659 4660
f 4619 4660 4514
f 4514 4660 4501
f 4501 4660 4661
f 4501 4661 4502
f 4502 4661 4509
f 4509 4661 4662
f 4509 4662 4552
f 4663 4548 4662
f 4662 4548 4550
f 4662 4550 4552
f 4664 4665 4542
f 4542 4544 4664
f 4664 4544 4545
f 4664 4545 4663
f 4663 4545 4547
f 4663 4547 4548
f 4666 4653 4534
f 4534 4536 4666
f 4666 4536 4538
f 4666 4538 4665
f 4665 4538 4540
f 4665 4540 4542
f 4667 4656 4668
f 4668 4656 4654
f 4668 4654 4669
f 4669 4654 4655
f 4669 4655 4670
f 4670 4655 4653
f 4670 4653 4671
f 4671 4653 4666
f 4671 4666 4672
f 4672 4666 4665
f 4672 4665 4673
f 4665 4664 4673
f 4673 4664 4663
f 4673 4663 4674
f 4674 4663 4662
f 4674 4662 4675
f 4675 4662 4661
f 4675 4661 4676
f 4676 4661 4660
f 4676 4660 4677
f 4677 4660 4659
f 4677 4659 4678
f 4678 4659 4658
f 4678 4658 4667
f 4667 4658 4657
f 4667 4657 4656
f 3258 4676 3256
f 3256 4676 4677
f 3256 4677 3254
f 3254 4677 4678
f 3254 4678 3249
f 3249 4678 4667
f 3249 4667 3253
f 3253 4667 4668
f 3253 4668 3252
f 3252 4668 4669
f 3252 4669 3251
f 3251 4669 4670
f 3251 4670 3250
f 3250 4670 4671
f 3250 4671 3266
f 3266 4671 4672
f 3266 4672 3264
f 3264 4672 4673
f 3264 4673 3262
f 3262 4673 4674
f 3262 4674 3260
f 3260 4674 4675
f 3260 4675 3258
f 3258 4675 4676
f 3426 2872 3427
f 3427 2872 2855
f 3427 2855 3428
f 3428 2855 2864
f 4679 4680 4681
f 4681 4680 3428
f 4681 3428 4682
f 4682 3428 4683
f 2860 4684 4685
f 4685 4686 2860
f 2860 4686 4687
f 2860 4687 2861
f 4688 3428 4689
f 4689 3428 2864
f 4689 2864 2863
f 4679 4690 4680
f 4680 4690 4691
f 4680 4691 4692
f 4693 4694 3428
f 3428 4694 4695
f 4688 4696 3428
f 3428 4696 4697
f 3428 4697 4698
f 4695 4699 3428
f 3428 4699 4700
f 3428 4700 4683
f 4692 4701 4680
f 4680 4701 4702
f 4680 4702 4703
f 4704 4705 2860
f 4705 4706 2860
f 2860 4706 4707
f 2860 4707 4684
f 4698 4708 3428
f 3428 4708 4709
f 3428 4709 4710
f 4703 4711 4680
f 4680 4711 4712
f 4680 4712 2860
f 2860 4712 4713
f 2860 4713 4704
f 4710 4714 3428
f 3428 4714 4715
f 3428 4715 4693
f 4716 4717 4718
f 4707 4706 4719
f 4684 4720 4685
f 4685 4720 4718
f 2862 2861 4717
f 4717 2861 4687
f 4717 4687 4718
f 4718 4687 4686
f 4718 4686 4685
f 4716 4721 4717
f 4717 4721 4722
f 4717 4722 2862
f 4723 4724 4725
f 4726 4727 4723
f 4723 4727 4728
f 4723 4728 4724
f 4726 4729 4727
f 4727 4729 4730
f 4727 4730 4731
f 4707 4719 4684
f 4684 4719 4732
f 4684 4732 4720
f 4720 4732 4733
f 4720 4733 4734
f 4735 4721 4725
f 4725 4721 4716
f 4725 4716 4723
f 4723 4716 4718
f 4723 4718 4726
f 4726 4718 4720
f 4726 4720 4729
f 4729 4720 4734
f 4736 4737 4738
f 4739 4740 4741
f 4708 4698 4742
f 4721 4735 4743
f 4743 4735 4744
f 2863 2862 4745
f 4745 2862 4722
f 4710 4709 4746
f 4747 4715 4746
f 4746 4715 4714
f 4746 4714 4710
f 4748 4749 4750
f 4739 4741 4751
f 4751 4741 4752
f 4751 4752 4753
f 4747 4754 4715
f 4715 4754 4755
f 4715 4755 4693
f 4693 4755 4756
f 4693 4756 4694
f 4709 4757 4746
f 4746 4757 4758
f 4746 4758 4747
f 4747 4758 4759
f 4747 4759 4754
f 4760 4753 4761
f 4761 4753 4752
f 4761 4752 4762
f 4762 4752 4741
f 4762 4741 4763
f 4763 4741 4740
f 4763 4740 4764
f 4737 4736 4765
f 4765 4736 4766
f 4765 4766 4767
f 4750 4768 4748
f 4748 4768 4769
f 4748 4769 4770
f 4769 4771 4770
f 4770 4771 4772
f 4770 4772 4766
f 4766 4772 4767
f 4698 4697 4742
f 4742 4697 4696
f 4742 4696 4773
f 4773 4696 4688
f 4773 4688 4745
f 4745 4688 4689
f 4745 4689 2863
f 4709 4708 4757
f 4757 4708 4742
f 4757 4742 4774
f 4774 4742 4773
f 4774 4773 4775
f 4775 4773 4745
f 4775 4745 4776
f 4776 4745 4722
f 4776 4722 4721
f 4744 4777 4743
f 4743 4777 4760
f 4743 4760 4778
f 4778 4760 4761
f 4778 4761 4779
f 4779 4761 4762
f 4779 4762 4780
f 4780 4762 4763
f 4780 4763 4781
f 4781 4763 4764
f 4781 4764 4782
f 4721 4743 4776
f 4776 4743 4778
f 4776 4778 4775
f 4775 4778 4779
f 4775 4779 4774
f 4774 4779 4780
f 4774 4780 4757
f 4757 4780 4781
f 4757 4781 4758
f 4758 4781 4782
f 4758 4782 4759
f 4739 4749 4740
f 4740 4749 4748
f 4740 4748 4764
f 4764 4748 4770
f 4764 4770 4782
f 4782 4770 4766
f 4782 4766 4759
f 4759 4766 4736
f 4759 4736 4754
f 4754 4736 4738
f 4754 4738 4755
f 4783 4784 4785
f 4729 4734 4786
f 4787 4788 4789
f 4790 4791 4792
f 4690 4692 4691
f 4768 4750 4793
f 4767 4772 4794
f 4794 4772 4771
f 4794 4771 4795
f 4795 4771 4769
f 4795 4769 4768
f 4796 4738 4797
f 4797 4738 4737
f 4797 4737 4798
f 4798 4737 4765
f 4798 4765 4799
f 4799 4765 4767
f 4799 4767 4800
f 4695 4694 4801
f 4801 4694 4756
f 4801 4756 4796
f 4796 4756 4755
f 4796 4755 4738
f 4700 4699 4802
f 4712 4711 4803
f 4803 4711 4703
f 4804 4705 4704
f 4706 4705 4719
f 4719 4705 4805
f 4719 4805 4732
f 4731 4730 4806
f 4806 4730 4807
f 4806 4807 4808
f 4807 4809 4808
f 4808 4809 4810
f 4808 4810 4811
f 4811 4810 4812
f 4811 4812 4813
f 4813 4812 4814
f 4815 4816 4817
f 4817 4816 4818
f 4790 4792 4819
f 4768 4793 4795
f 4795 4793 4820
f 4795 4820 4821
f 4822 4823 4824
f 4824 4823 4825
f 4826 4827 4828
f 4828 4827 4829
f 4828 4829 4783
f 4702 4701 4703
f 4703 4701 4830
f 4703 4830 4803
f 4803 4830 4831
f 4803 4831 4712
f 4712 4831 4713
f 4832 4804 4826
f 4826 4804 4833
f 4826 4833 4827
f 4834 4835 4836
f 4836 4835 4837
f 4836 4837 4817
f 4817 4837 4838
f 4817 4838 4815
f 4839 4834 4840
f 4840 4834 4836
f 4840 4836 4841
f 4841 4836 4817
f 4841 4817 4842
f 4842 4817 4818
f 4842 4818 4843
f 4788 4787 4844
f 4844 4787 4845
f 4844 4845 4846
f 4846 4845 4847
f 4846 4847 4848
f 4733 4732 4789
f 4789 4732 4805
f 4789 4805 4787
f 4787 4805 4705
f 4787 4705 4845
f 4845 4705 4804
f 4845 4804 4847
f 4847 4804 4832
f 4847 4832 4848
f 4730 4729 4807
f 4807 4729 4786
f 4807 4786 4809
f 4809 4786 4849
f 4809 4849 4810
f 4810 4849 4850
f 4810 4850 4812
f 4812 4850 4851
f 4812 4851 4814
f 4814 4851 4852
f 4734 4733 4786
f 4786 4733 4789
f 4786 4789 4849
f 4849 4789 4788
f 4849 4788 4850
f 4850 4788 4844
f 4850 4844 4851
f 4851 4844 4846
f 4851 4846 4852
f 4852 4846 4848
f 4853 4854 4855
f 4855 4854 4856
f 4855 4856 4800
f 4800 4856 4857
f 4800 4857 4799
f 4799 4857 4858
f 4799 4858 4798
f 4859 4860 4861
f 4862 4863 4864
f 4864 4863 4865
f 4864 4865 4866
f 4866 4865 4867
f 4800 4767 4794
f 4800 4794 4855
f 4855 4794 4795
f 4855 4795 4853
f 4853 4795 4821
f 4868 4791 4869
f 4869 4791 4790
f 4869 4790 4870
f 4870 4790 4819
f 4870 4819 4862
f 4862 4819 4871
f 4862 4871 4863
f 4839 4872 4834
f 4834 4872 4873
f 4834 4873 4835
f 4835 4873 4874
f 4835 4874 4837
f 4837 4874 4875
f 4837 4875 4838
f 4838 4875 4876
f 4792 4877 4819
f 4819 4877 4876
f 4819 4876 4871
f 4871 4876 4875
f 4871 4875 4863
f 4863 4875 4874
f 4863 4874 4865
f 4865 4874 4873
f 4865 4873 4867
f 4867 4873 4872
f 4700 4802 4878
f 4878 4802 4879
f 4878 4879 4880
f 4880 4879 4881
f 4880 4881 4882
f 4858 4882 4798
f 4798 4882 4881
f 4798 4881 4797
f 4797 4881 4879
f 4797 4879 4796
f 4796 4879 4802
f 4796 4802 4801
f 4801 4802 4699
f 4801 4699 4695
f 4860 4859 4883
f 4883 4859 4884
f 4883 4884 4885
f 4885 4884 4886
f 4885 4886 4887
f 4887 4886 4888
f 4887 4888 4889
f 4889 4888 4890
f 4889 4890 4682
f 4784 4783 4891
f 4859 4785 4884
f 4884 4785 4784
f 4884 4784 4886
f 4886 4784 4891
f 4886 4891 4888
f 4888 4891 4892
f 4888 4892 4890
f 4890 4892 4681
f 4890 4681 4682
f 4679 4893 4690
f 4690 4893 4822
f 4690 4822 4692
f 4692 4822 4824
f 4692 4824 4701
f 4701 4824 4825
f 4701 4825 4830
f 4704 4713 4804
f 4804 4713 4831
f 4804 4831 4833
f 4833 4831 4830
f 4833 4830 4827
f 4827 4830 4825
f 4827 4825 4829
f 4829 4825 4823
f 4829 4823 4783
f 4783 4823 4822
f 4783 4822 4891
f 4891 4822 4893
f 4891 4893 4892
f 4892 4893 4679
f 4892 4679 4681
f 4683 4700 4682
f 4682 4700 4878
f 4682 4878 4889
f 4889 4878 4880
f 4889 4880 4887
f 4887 4880 4882
f 4887 4882 4885
f 4885 4882 4858
f 4885 4858 4883
f 4883 4858 4857
f 4883 4857 4860
f 4860 4857 4856
f 4860 4856 4861
f 4861 4856 4854
f 4821 4868 4853
f 4853 4868 4869
f 4853 4869 4854
f 4854 4869 4870
f 4854 4870 4861
f 4861 4870 4862
f 4861 4862 4859
f 4859 4862 4864
f 4859 4864 4785
f 4785 4864 4866
f 4785 4866 4783
f 4783 4866 4867
f 4783 4867 4828
f 4828 4867 4872
f 4828 4872 4826
f 4826 4872 4839
f 4826 4839 4832
f 4832 4839 4840
f 4832 4840 4848
f 4848 4840 4841
f 4848 4841 4852
f 4852 4841 4842
f 4852 4842 4814
f 4814 4842 4843
f 4814 4843 4813
f 4793 4750 4894
f 4791 4895 4792
f 4792 4895 4896
f 4792 4896 4877
f 4791 4868 4895
f 4895 4868 4821
f 4895 4821 4894
f 4894 4821 4820
f 4894 4820 4793
f 4877 4896 4876
f 4876 4896 4897
f 4876 4897 4838
f 4838 4897 4898
f 4838 4898 4815
f 4815 4898 4816
f 4816 4898 4899
f 4816 4899 4818
f 4808 4811 4900
f 4900 4811 4813
f 4900 4813 4899
f 4899 4813 4843
f 4899 4843 4818
f 4808 4900 4806
f 4806 4900 4901
f 4806 4901 4731
f 4731 4901 4727
f 4727 4901 4902
f 4727 4902 4728
f 4728 4902 4724
f 4724 4902 4903
f 4724 4903 4725
f 4725 4903 4735
f 4735 4903 4904
f 4735 4904 4744
f 4744 4904 4777
f 4777 4904 4905
f 4777 4905 4760
f 4760 4905 4906
f 4760 4906 4753
f 4907 4894 4750
f 4750 4749 4907
f 4907 4749 4739
f 4907 4739 4906
f 4906 4739 4751
f 4906 4751 4753
f 4908 4904 4909
f 4909 4904 4903
f 4909 4903 4910
f 4910 4903 4902
f 4910 4902 4911
f 4911 4902 4901
f 4911 4901 4912
f 4912 4901 4900
f 4912 4900 4913
f 4913 4900 4899
f 4913 4899 4914
f 4899 4898 4914
f 4914 4898 4897
f 4914 4897 4915
f 4915 4897 4896
f 4915 4896 4916
f 4916 4896 4895
f 4916 4895 4917
f 4917 4895 4894
f 4917 4894 4918
f 4918 4894 4907
f 4918 4907 4919
f 4919 4907 4906
f 4919 4906 4908
f 4908 4906 4905
f 4908 4905 4904
f 3421 4917 3422
f 3422 4917 4918
f 3422 4918 3410
f 3410 4918 4919
f 3410 4919 3408
f 3408 4919 4908
f 3408 4908 3406
f 3406 4908 4909
f 3406 4909 3404
f 3404 4909 4910
f 3404 4910 3402
f 3402 4910 4911
f 3402 4911 3400
f 3400 4911 4912
f 3400 4912 3394
f 3394 4912 4913
f 3394 4913 3395
f 3395 4913 4914
f 3395 4914 3415
f 3415 4914 4915
f 3415 4915 3417
f 3417 4915 4916
f 3417 4916 3421
f 3421 4916 4917
f 570 550 4680
f 4680 550 3428
f 570 4680 324
f 324 4680 4920
f 324 4920 323
f 323 4920 4921
f 323 4921 571
f 571 4921 2984
f 4922 4923 3376
f 4922 3376 2986
f 4923 4924 3376
f 3376 4924 4925
f 3376 4925 4926
f 4926 4927 3376
f 3376 4927 4928
f 3376 4928 4929
f 3376 3377 2986
f 2986 3377 574
f 2986 574 2984
f 2984 574 572
f 2984 572 571
f 2805 2790 4930
f 4930 2790 2789
f 4930 2789 4931
f 4932 4933 3376
f 3376 4929 2788
f 2788 4929 4934
f 2788 4934 2789
f 2789 4934 4935
f 2789 4935 4931
f 3376 2788 4932
f 4932 2788 2783
f 4932 2783 4936
f 4936 2783 2784
f 4936 2784 4937
f 4937 2784 2785
f 4937 2785 4938
f 4938 2785 2786
f 4938 2786 4939
f 4939 2786 2787
f 4939 2787 4940
f 4940 2787 2782
f 4940 2782 4941
f 4941 2782 2781
f 4941 2781 4942
f 4942 2781 2780
f 4942 2780 4943
f 4943 2780 2779
f 4943 2779 2823
f 2990 2832 2833
f 4944 4923 4945
f 4945 4923 4922
f 4945 4922 2986
f 4931 4935 4928
f 4928 4935 4934
f 4928 4934 4929
f 4928 4927 4931
f 4931 4927 4926
f 4931 4926 4946
f 4946 4926 4925
f 4946 4925 4924
f 4924 4923 4946
f 4946 4923 4944
f 4946 4944 4931
f 4931 4944 4930
f 2805 4930 2835
f 2835 4930 4944
f 2835 4944 2834
f 2834 4944 4945
f 2834 4945 2833
f 2833 4945 2986
f 2833 2986 2990
f 4947 4948 4933
f 4933 4948 3375
f 4933 3375 3376
f 4933 4932 4947
f 4947 4932 4949
f 4949 4932 4950
f 4950 4932 4936
f 4950 4936 4951
f 4937 4938 4952
f 4952 4953 4937
f 4937 4953 4954
f 4937 4954 4936
f 4936 4954 4955
f 4936 4955 4951
f 4939 4940 4956
f 4956 4957 4939
f 4939 4957 4958
f 4939 4958 4938
f 4938 4958 4959
f 4938 4959 4952
f 4960 4961 4941
f 4941 4961 4962
f 4941 4962 4940
f 4940 4962 4963
f 4940 4963 4956
f 4941 4942 4960
f 4960 4942 4943
f 4960 4943 4964
f 4964 4943 2823
f 4964 2823 4965
f 4965 4966 4964
f 4964 4966 4967
f 4964 4967 4960
f 4948 4947 4968
f 4968 4947 4949
f 4968 4949 4969
f 4969 4949 4950
f 4969 4950 4970
f 4970 4950 4951
f 4970 4951 4971
f 4971 4951 4955
f 4971 4955 4972
f 4972 4955 4954
f 4972 4954 4973
f 4973 4954 4953
f 4973 4953 4974
f 4974 4953 4952
f 4974 4952 4975
f 4975 4952 4959
f 4975 4959 4976
f 4976 4959 4958
f 4976 4958 4977
f 4977 4958 4957
f 4977 4957 4978
f 4978 4957 4956
f 4978 4956 4979
f 4979 4956 4963
f 4979 4963 4980
f 4980 4963 4962
f 4980 4962 4981
f 4981 4962 4961
f 4981 4961 4982
f 4982 4961 4960
f 4982 4960 4983
f 4983 4960 4967
f 4966 4984 4985
f 3375 4948 4968
f 4986 615 4987
f 4987 615 3355
f 4987 3355 4988
f 3355 3375 4988
f 4988 3375 4968
f 4988 4968 4989
f 4989 4968 4969
f 4989 4969 4990
f 4990 4969 4991
f 4991 4969 4970
f 4991 4970 4992
f 4992 4970 4993
f 4993 4970 4971
f 4993 4971 4994
f 4971 4972 4994
f 4994 4972 4973
f 4994 4973 4995
f 4973 4974 4995
f 4995 4974 4975
f 4995 4975 4996
f 4975 4976 4996
f 4996 4976 4977
f 4996 4977 4997
f 4977 4978 4997
f 4997 4978 4979
f 4997 4979 4998
f 4998 4979 4980
f 4998 4980 4999
f 4999 4980 4981
f 5000 5001 4982
f 4982 5001 5002
f 4982 5002 4981
f 4981 5002 5003
f 4981 5003 4999
f 5000 4982 5004
f 5004 4982 4983
f 5004 4983 4985
f 4985 4983 4967
f 4985 4967 4966
f 5005 3367 5006
f 5006 3367 3369
f 5006 3369 4986
f 4986 3369 615
f 5005 5007 3367
f 3367 5007 5008
f 3367 5008 3365
f 3365 5008 5009
f 3365 5009 5010
f 5010 5011 3365
f 3365 5011 5012
f 3365 5012 3363
f 5012 5013 3363
f 3363 5013 5014
f 3363 5014 3361
f 3361 5014 5015
f 3361 5015 3359
f 3359 5015 5016
f 3359 5016 3343
f 5016 5017 3343
f 3343 5017 5018
f 3343 5018 3339
f 5018 5019 3339
f 3339 5019 5020
f 3339 5020 5021
f 5022 3340 5023
f 5023 3340 3339
f 5023 3339 5024
f 5024 3339 5021
f 5025 4984 4966
f 5026 3340 5027
f 5027 3340 5022
f 5027 5022 5028
f 5028 5022 5029
f 5028 5029 5030
f 5030 5029 5025
f 5030 5025 5031
f 5031 5025 4966
f 2802 3340 2803
f 2803 3340 5026
f 2803 5026 5032
f 4965 2823 2822
f 2821 5033 2822
f 2822 5033 5034
f 2822 5034 4965
f 5035 5036 2821
f 2821 5036 5037
f 2821 5037 5033
f 2821 2804 5035
f 5035 2804 2803
f 5035 2803 5032
f 5035 5032 5026
f 5035 5026 5036
f 5026 5027 5036
f 5036 5027 5028
f 5036 5028 5037
f 5037 5028 5033
f 5031 4966 4965
f 5028 5030 5033
f 5033 5030 5031
f 5033 5031 5034
f 5034 5031 4965
f 5038 5039 5040
f 5041 5042 5043
f 5044 5045 5046
f 5047 5048 5049
f 5050 5051 5052
f 5016 5053 5054
f 5055 5056 5057
f 4988 4989 5058
f 5058 4989 4990
f 4992 5059 4991
f 4994 5060 5061
f 5062 4995 4996
f 4985 5063 5004
f 4984 5064 4985
f 4985 5064 5065
f 4985 5065 5066
f 5067 5068 5069
f 5070 5071 5072
f 5072 5071 5069
f 5072 5069 5073
f 5073 5069 5068
f 5070 5074 5071
f 5071 5074 5025
f 5071 5025 5075
f 5075 5025 5029
f 5074 5076 5025
f 5025 5076 5077
f 5025 5077 4984
f 4984 5077 5078
f 4984 5078 5064
f 5063 5079 5080
f 5038 5081 5082
f 5079 5063 5083
f 5083 5063 5039
f 5083 5039 5084
f 5080 5085 5063
f 5063 5085 5086
f 5063 5086 5004
f 5086 5087 5004
f 5004 5087 5088
f 5004 5088 5000
f 5000 5088 5089
f 5000 5089 5001
f 5038 5082 5039
f 5039 5082 5090
f 5039 5090 5084
f 5003 5002 5091
f 5091 5002 5001
f 5091 5001 5038
f 5038 5001 5089
f 5038 5089 5081
f 4999 5092 4998
f 4998 5092 5093
f 5094 5095 5096
f 5095 5097 5050
f 5098 4994 5099
f 5099 4994 5061
f 5099 5061 5100
f 5100 5061 5050
f 5100 5050 5101
f 5101 5050 5097
f 5098 5102 4994
f 4994 5102 5103
f 4994 5103 4993
f 5103 5104 4993
f 4993 5104 5105
f 4993 5105 5096
f 5096 5105 5106
f 5096 5106 5094
f 4991 5059 4990
f 4990 5059 5107
f 4990 5107 5058
f 4987 5108 4986
f 4986 5108 5109
f 5110 5009 5008
f 5056 5111 5112
f 5113 5114 5115
f 5115 5114 5116
f 5009 5110 5010
f 5010 5110 5115
f 5010 5115 5011
f 5011 5115 5116
f 5011 5116 5012
f 5055 5057 5117
f 5013 5118 5014
f 5014 5118 5119
f 5116 5120 5012
f 5012 5120 5121
f 5012 5121 5013
f 5013 5121 5122
f 5013 5122 5118
f 5123 5057 5124
f 5124 5057 5053
f 5124 5053 5125
f 5123 5126 5057
f 5057 5126 5014
f 5057 5014 5117
f 5117 5014 5119
f 5015 5127 5016
f 5016 5127 5128
f 5128 5129 5016
f 5016 5129 5130
f 5016 5130 5053
f 5053 5130 5131
f 5053 5131 5125
f 5126 5132 5014
f 5014 5132 5133
f 5014 5133 5015
f 5015 5133 5134
f 5015 5134 5127
f 5135 5136 5137
f 5138 5139 5016
f 5016 5139 5017
f 5135 5137 5140
f 5054 5141 5142
f 5142 5143 5054
f 5054 5143 5144
f 5054 5144 5016
f 5016 5144 5145
f 5016 5145 5138
f 5139 5146 5017
f 5017 5146 5147
f 5017 5147 5018
f 5148 5020 5019
f 5149 5148 5150
f 5150 5148 5019
f 5150 5019 5137
f 5137 5019 5018
f 5137 5018 5140
f 5140 5018 5147
f 5021 5151 5024
f 5024 5151 5152
f 5024 5152 5023
f 5153 5154 5155
f 5156 5152 5157
f 5157 5152 5153
f 5157 5153 5158
f 5158 5153 5155
f 5156 5159 5152
f 5152 5159 5160
f 5152 5160 5023
f 5023 5160 5161
f 5023 5161 5022
f 5022 5161 5162
f 5022 5162 5029
f 5029 5162 5163
f 5029 5163 5075
f 5075 5163 5164
f 5075 5164 5165
f 5166 5167 5168
f 5168 5167 5169
f 5168 5169 5170
f 5170 5169 5171
f 5095 5050 5096
f 5096 5050 5052
f 5096 5052 5172
f 5172 5052 5173
f 5172 5173 5174
f 5175 5176 5177
f 5177 5176 5178
f 5177 5178 5179
f 5179 5178 5180
f 4997 4998 5181
f 5181 4998 5093
f 5181 5093 5182
f 5182 5093 5183
f 5183 5184 5182
f 5182 5184 5185
f 5182 5185 5186
f 5186 5185 5187
f 5187 5188 5186
f 5186 5188 5189
f 5186 5189 5046
f 5046 5189 5190
f 5046 5190 5044
f 5045 5191 5092
f 5092 5191 5192
f 5092 5192 5093
f 5193 5194 5195
f 5196 5197 5198
f 5195 5199 5193
f 5193 5199 5200
f 5193 5200 4987
f 4987 5200 5201
f 4987 5201 5108
f 5197 5202 5198
f 5198 5202 5203
f 5198 5203 5194
f 5194 5203 5204
f 5194 5204 5195
f 5205 5170 5206
f 5206 5170 5171
f 5206 5171 5207
f 5207 5171 5208
f 5207 5208 5209
f 5210 5211 5206
f 5206 5211 5212
f 5206 5212 5205
f 5213 5214 5215
f 5216 5217 5210
f 5210 5217 5218
f 5210 5218 5211
f 5214 5219 5215
f 5215 5219 5220
f 5215 5220 5216
f 5216 5220 5221
f 5216 5221 5217
f 5056 5112 5057
f 5057 5112 5222
f 5057 5222 5053
f 5053 5222 5223
f 5053 5223 5054
f 5224 5049 5150
f 5150 5049 5048
f 5150 5048 5149
f 5149 5048 5047
f 5149 5047 5180
f 5180 5047 5225
f 5180 5225 5179
f 5111 5113 5112
f 5112 5113 5115
f 5112 5115 5226
f 5226 5115 5110
f 5226 5110 5227
f 5227 5110 5008
f 5227 5008 5007
f 5136 5141 5137
f 5137 5141 5054
f 5137 5054 5150
f 5150 5054 5223
f 5150 5223 5224
f 5224 5223 5222
f 5224 5222 5228
f 5228 5222 5112
f 5228 5112 5209
f 5209 5112 5226
f 5209 5226 5207
f 5207 5226 5227
f 5207 5227 5206
f 5206 5227 5007
f 5206 5007 5210
f 5210 5007 5005
f 5210 5005 5216
f 5216 5005 5006
f 5216 5006 5215
f 5215 5006 4986
f 5215 4986 5229
f 5229 4986 5109
f 5229 5109 5230
f 5165 5154 5075
f 5075 5154 5153
f 5075 5153 5071
f 5071 5153 5231
f 5071 5231 5069
f 5069 5231 5232
f 5021 5020 5151
f 5151 5020 5148
f 5151 5148 5152
f 5152 5148 5149
f 5152 5149 5153
f 5153 5149 5180
f 5153 5180 5231
f 5231 5180 5178
f 5231 5178 5232
f 5232 5178 5176
f 5042 5213 5043
f 5043 5213 5215
f 5043 5215 5198
f 5198 5215 5229
f 5198 5229 5196
f 5196 5229 5230
f 4999 5003 5092
f 5092 5003 5091
f 5092 5091 5045
f 5045 5091 5038
f 5045 5038 5046
f 5046 5038 5040
f 5233 5234 5058
f 5107 5235 5236
f 5107 5236 5058
f 5058 5236 5237
f 5058 5237 5233
f 5238 5239 5166
f 5166 5239 5240
f 4987 4988 5193
f 5193 4988 5058
f 5193 5058 5194
f 5194 5058 5234
f 5194 5234 5241
f 5241 5238 5194
f 5194 5238 5166
f 5194 5166 5198
f 5198 5166 5168
f 5198 5168 5043
f 5043 5168 5170
f 5043 5170 5041
f 5041 5170 5205
f 5240 5242 5166
f 5166 5242 5243
f 5166 5243 5107
f 5107 5243 5244
f 5107 5244 5235
f 5173 5167 5174
f 5174 5167 5166
f 5174 5166 5172
f 5172 5166 5107
f 5172 5107 5096
f 5096 5107 5059
f 5096 5059 4993
f 4993 5059 4992
f 5066 5067 4985
f 4985 5067 5069
f 4985 5069 5063
f 5063 5069 5232
f 5063 5232 5039
f 5039 5232 5176
f 5039 5176 5040
f 5040 5176 5175
f 5040 5175 5046
f 5046 5175 5245
f 5046 5245 5186
f 5186 5245 5246
f 5186 5246 5182
f 5182 5246 5247
f 5182 5247 5181
f 5181 5247 5248
f 5181 5248 4997
f 4997 5248 5249
f 4997 5249 4996
f 5249 5250 5251
f 5248 2506 2504
f 5246 5252 5247
f 5247 5252 5253
f 5247 5253 5248
f 5248 5253 5254
f 5248 5254 2506
f 2506 5254 2508
f 4996 5249 5062
f 5062 5249 5251
f 5062 5251 5255
f 5255 5256 5062
f 5062 5256 2512
f 5062 2512 5254
f 5254 2512 2510
f 5254 2510 2508
f 2504 2502 5248
f 5248 2502 2500
f 5248 2500 5249
f 5249 2500 5257
f 5249 5257 5250
f 5252 5051 5253
f 5253 5051 5050
f 5253 5050 5254
f 5254 5050 5061
f 5254 5061 5062
f 5062 5061 5060
f 5062 5060 4995
f 4995 5060 4994
f 2622 5163 2623
f 2623 5163 5162
f 2623 5162 2615
f 2615 5162 5161
f 2615 5161 2616
f 2616 5161 5160
f 2616 5160 2617
f 2617 5160 5159
f 2617 5159 2625
f 2625 5159 5156
f 2625 5156 2626
f 2626 5156 5157
f 2626 5157 2627
f 2627 5157 5158
f 2627 5158 2618
f 2618 5158 5155
f 2618 5155 2619
f 2619 5155 5154
f 2619 5154 2620
f 2620 5154 5165
f 2620 5165 2621
f 2621 5165 5164
f 2621 5164 2622
f 2622 5164 5163
f 2511 2512 2760
f 2760 2512 5256
f 2760 5256 2759
f 2759 5256 5255
f 2759 5255 2754
f 2754 5255 5251
f 2754 5251 2755
f 2755 5251 5250
f 2755 5250 2756
f 2756 5250 5257
f 2756 5257 2499
f 2499 5257 2500
f 2736 5205 2737
f 2737 5205 5212
f 2737 5212 2739
f 2739 5212 5211
f 2739 5211 2740
f 2740 5211 5218
f 2740 5218 2743
f 2743 5218 5217
f 2743 5217 2744
f 2744 5217 5221
f 2744 5221 2745
f 2745 5221 5220
f 2745 5220 2746
f 2746 5220 5219
f 2746 5219 2741
f 2741 5219 5214
f 2741 5214 2742
f 2742 5214 5213
f 2742 5213 2730
f 2730 5213 5042
f 2730 5042 2731
f 2731 5042 5041
f 2731 5041 2736
f 2736 5041 5205
f 2558 5105 2564
f 2564 5105 5104
f 2564 5104 2565
f 2565 5104 5103
f 2565 5103 2566
f 2566 5103 5102
f 2566 5102 2555
f 2555 5102 5098
f 2555 5098 2556
f 2556 5098 5099
f 2556 5099 2557
f 2557 5099 5100
f 2557 5100 2552
f 2552 5100 5101
f 2552 5101 2553
f 2553 5101 5097
f 2553 5097 2563
f 2563 5097 5095
f 2563 5095 2562
f 2562 5095 5094
f 2562 5094 2560
f 2560 5094 5106
f 2560 5106 2558
f 2558 5106 5105
f 2770 5243 2771
f 2771 5243 5242
f 2771 5242 2772
f 2772 5242 5240
f 2772 5240 2773
f 2773 5240 5239
f 2773 5239 2774
f 2774 5239 5238
f 2774 5238 2776
f 2776 5238 5241
f 2776 5241 2777
f 2777 5241 5234
f 2777 5234 2778
f 2778 5234 5233
f 2778 5233 2775
f 2775 5233 5237
f 2775 5237 2767
f 2767 5237 5236
f 2767 5236 2768
f 2768 5236 5235
f 2768 5235 2769
f 2769 5235 5244
f 2769 5244 2770
f 2770 5244 5243
f 2593 5086 2594
f 2594 5086 5085
f 2594 5085 2580
f 2580 5085 5080
f 2580 5080 2581
f 2581 5080 5079
f 2581 5079 2588
f 2588 5079 5083
f 2588 5083 2582
f 2582 5083 5084
f 2582 5084 2583
f 2583 5084 5090
f 2583 5090 2589
f 2589 5090 5082
f 2589 5082 2590
f 2590 5082 5081
f 2590 5081 2586
f 2586 5081 5089
f 2586 5089 2587
f 2587 5089 5088
f 2587 5088 2592
f 2592 5088 5087
f 2592 5087 2593
f 2593 5087 5086
f 2721 5203 2722
f 2722 5203 5202
f 2722 5202 2724
f 2724 5202 5197
f 2724 5197 2726
f 2726 5197 5196
f 2726 5196 2727
f 2727 5196 5230
f 2727 5230 2548
f 2548 5230 5109
f 2548 5109 2551
f 2551 5109 5108
f 2551 5108 2550
f 2550 5108 5201
f 2550 5201 2549
f 2549 5201 5200
f 2549 5200 2714
f 2714 5200 5199
f 2714 5199 2715
f 2715 5199 5195
f 2715 5195 2717
f 2717 5195 5204
f 2717 5204 2721
f 2721 5204 5203
f 2532 5132 2654
f 2654 5132 5126
f 2654 5126 2655
f 2655 5126 5123
f 2655 5123 2657
f 2657 5123 5124
f 2657 5124 2658
f 2658 5124 5125
f 2658 5125 2659
f 2659 5125 5131
f 2659 5131 2660
f 2660 5131 5130
f 2660 5130 2661
f 2661 5130 5129
f 2661 5129 2650
f 2650 5129 5128
f 2650 5128 2651
f 2651 5128 5127
f 2651 5127 2653
f 2653 5127 5134
f 2653 5134 2531
f 2531 5134 5133
f 2531 5133 2532
f 2532 5133 5132
f 2647 5140 2648
f 2648 5140 5147
f 2648 5147 2649
f 2649 5147 5146
f 2649 5146 2638
f 2638 5146 5139
f 2638 5139 2640
f 2640 5139 5138
f 2640 5138 2641
f 2641 5138 5145
f 2641 5145 2642
f 2642 5145 5144
f 2642 5144 2643
f 2643 5144 5143
f 2643 5143 2644
f 2644 5143 5142
f 2644 5142 2645
f 2645 5142 5141
f 2645 5141 2646
f 2646 5141 5136
f 2646 5136 2636
f 2636 5136 5135
f 2636 5135 2647
f 2647 5135 5140
f 2672 5120 2673
f 2673 5120 5116
f 2673 5116 2677
f 2677 5116 5114
f 2677 5114 2676
f 2676 5114 5113
f 2676 5113 2662
f 2662 5113 5111
f 2662 5111 2663
f 2663 5111 5056
f 2663 5056 2664
f 2664 5056 5055
f 2664 5055 2665
f 2665 5055 5117
f 2665 5117 2666
f 2666 5117 5119
f 2666 5119 2667
f 2667 5119 5118
f 2667 5118 2668
f 2668 5118 5122
f 2668 5122 2670
f 2670 5122 5121
f 2670 5121 2672
f 2672 5121 5120
f 2703 5045 2706
f 2706 5045 5044
f 2706 5044 2704
f 2704 5044 5190
f 2704 5190 2707
f 2707 5190 5189
f 2707 5189 2711
f 2711 5189 5188
f 2711 5188 2712
f 2712 5188 5187
f 2712 5187 2713
f 2713 5187 5185
f 2713 5185 2710
f 2710 5185 5184
f 2710 5184 2709
f 2709 5184 5183
f 2709 5183 2699
f 2699 5183 5093
f 2699 5093 2700
f 2700 5093 5192
f 2700 5192 2702
f 2702 5192 5191
f 2702 5191 2703
f 2703 5191 5045
f 2604 5072 2605
f 2605 5072 5073
f 2605 5073 2595
f 2595 5073 5068
f 2595 5068 2596
f 2596 5068 5067
f 2596 5067 2597
f 2597 5067 5066
f 2597 5066 2598
f 2598 5066 5065
f 2598 5065 2607
f 2607 5065 5064
f 2607 5064 2608
f 2608 5064 5078
f 2608 5078 2610
f 2610 5078 5077
f 2610 5077 2600
f 2600 5077 5076
f 2600 5076 2601
f 2601 5076 5074
f 2601 5074 2603
f 2603 5074 5070
f 2603 5070 2604
f 2604 5070 5072
f 5177 2747 5175
f 5175 2747 2750
f 5175 2750 5245
f 5245 2750 2708
f 5245 2708 5246
f 5246 2708 2692
f 5246 2692 5252
f 5252 2692 2694
f 5252 2694 5051
f 5051 2694 2695
f 5051 2695 5052
f 5052 2695 2696
f 5052 2696 5173
f 5173 2696 2697
f 5173 2697 5167
f 5167 2697 2698
f 5167 2698 5169
f 5169 2698 2765
f 5169 2765 5171
f 5171 2765 2733
f 5171 2733 5208
f 5208 2733 2735
f 5208 2735 5209
f 5209 2735 2762
f 5209 2762 5228
f 5228 2762 2689
f 5228 2689 5224
f 5224 2689 2687
f 5224 2687 5049
f 5049 2687 2686
f 5049 2686 5047
f 5047 2686 2523
f 2747 5177 2522
f 2522 5177 5179
f 2522 5179 2523
f 2523 5179 5225
f 2523 5225 5047
f 4680 2860 4920
f 4920 2860 2849
f 4920 2849 4921
f 4921 2849 2850
f 4921 2850 2984
f 2984 2850 2851
f 3463 5258 3464
f 3464 5258 5259
f 3464 5259 2837
f 5260 5261 5259
f 5259 5261 2838
f 5259 2838 2837
f 5262 5263 5264
f 5264 5263 5265
f 5264 5265 5266
f 5266 5265 5267
f 5268 5269 5262
f 5258 5270 5259
f 5259 5270 5271
f 5259 5271 5260
f 5260 5271 5272
f 5268 5262 5272
f 5272 5262 5264
f 5272 5264 5260
f 5260 5264 5266
f 5260 5266 5261
f 5261 5266 5267
f 5261 5267 2838
f 5273 5274 5275
f 3501 3498 5276
f 5277 2838 5267
f 5278 3503 5276
f 5276 3503 3502
f 5276 3502 3501
f 5279 3538 5280
f 5280 3538 3537
f 5280 3537 3505
f 5281 3540 3539
f 3540 5281 3541
f 3541 5281 5282
f 3541 5282 3511
f 3465 3528 5283
f 5283 3528 3527
f 5283 3527 5284
f 5284 3527 3512
f 5284 3512 3511
f 5285 5286 5284
f 5284 5286 5287
f 5284 5287 5283
f 5288 5289 5273
f 5273 5289 5290
f 5273 5290 5274
f 5274 5290 5291
f 5274 5291 5292
f 5293 5294 5295
f 5295 5294 5296
f 5295 5296 5297
f 5297 5296 5298
f 5297 5298 5299
f 5299 5298 5300
f 5299 5300 5301
f 5301 5300 5302
f 5301 5302 5303
f 5303 5302 5304
f 5304 5302 5305
f 5304 5305 5306
f 5306 5305 5307
f 5307 5305 5308
f 5307 5308 5309
f 5309 5308 5310
f 5309 5310 5311
f 3511 5282 5284
f 5284 5282 5312
f 5284 5312 5285
f 5292 5285 5274
f 5274 5285 5312
f 5274 5312 5275
f 5275 5312 5282
f 5275 5282 5279
f 5279 5282 5281
f 5279 5281 3538
f 3538 5281 3539
f 5313 5288 5314
f 5314 5288 5273
f 5314 5273 5315
f 5315 5273 5275
f 5315 5275 5316
f 5316 5275 5279
f 5316 5279 5317
f 5317 5279 5280
f 5317 5280 5278
f 5278 5280 3505
f 5278 3505 3503
f 3503 3505 3504
f 5265 5311 5267
f 5267 5311 5310
f 5267 5310 5277
f 5277 5310 5308
f 5277 5308 5318
f 5318 5308 5305
f 5318 5305 5319
f 5319 5305 5302
f 5319 5302 5320
f 5320 5302 5300
f 5320 5300 5321
f 5321 5300 5298
f 5321 5298 5322
f 5322 5298 5296
f 5294 5313 5296
f 5296 5313 5314
f 5296 5314 5322
f 5322 5314 5315
f 5322 5315 5321
f 5321 5315 5316
f 5321 5316 5320
f 5320 5316 5317
f 5320 5317 5319
f 5319 5317 5278
f 5319 5278 5318
f 5318 5278 5276
f 5318 5276 5277
f 5277 5276 3498
f 5277 3498 2838
f 2838 3498 2839
f 5323 5324 5325
f 5325 5324 5326
f 5327 5328 5329
f 5272 5271 5330
f 5331 5332 5333
f 3532 3531 3530
f 3483 3456 5334
f 5334 3456 3458
f 5287 5286 5335
f 5336 5337 5338
f 5339 5288 5313
f 5340 5290 5289
f 5292 5291 5341
f 5341 5291 5290
f 3466 5342 3468
f 3468 5342 5343
f 3468 5343 3458
f 3458 5343 5344
f 3458 5344 5334
f 5345 5346 3491
f 3530 3529 5347
f 5347 3529 3493
f 5347 3493 5346
f 5346 3493 3492
f 5346 3492 3491
f 5348 5349 3542
f 3514 3513 5349
f 5349 3513 3543
f 5349 3543 3542
f 5270 5258 5350
f 5350 5258 3463
f 5351 5352 5269
f 5352 5351 5353
f 5353 5351 5354
f 5353 5354 5355
f 5355 5354 5356
f 5355 5356 5357
f 5357 5356 5358
f 5357 5358 5359
f 5359 5358 5360
f 5359 5360 5361
f 5362 5363 5361
f 5361 5363 5364
f 5361 5364 5359
f 5361 5365 5362
f 5362 5365 5366
f 5362 5366 5367
f 5367 5366 5368
f 5367 5368 5369
f 5369 5368 5370
f 5370 5368 5371
f 5370 5371 5372
f 5371 5373 5372
f 5372 5373 5331
f 5372 5331 5374
f 5374 5331 5333
f 5375 5348 5376
f 5375 5377 5348
f 5348 5377 5378
f 5348 5378 5349
f 5349 5378 5379
f 5349 5379 3514
f 3514 5379 5380
f 3514 5380 3515
f 5381 5382 5383
f 5384 5385 5386
f 5386 5385 5387
f 5386 5387 5388
f 3463 3462 5350
f 5350 3462 3515
f 5350 3515 5389
f 5389 3515 5380
f 5389 5380 5390
f 5390 5380 5379
f 5390 5379 5391
f 5391 5379 5378
f 5391 5378 5392
f 5392 5378 5377
f 5392 5377 5383
f 5383 5377 5375
f 5383 5375 5381
f 5381 5375 5376
f 5272 5330 5268
f 5271 5270 5330
f 5330 5270 5350
f 5330 5350 5393
f 5393 5350 5389
f 5393 5389 5394
f 5394 5389 5390
f 5394 5390 5395
f 5395 5390 5391
f 5395 5391 5396
f 5396 5391 5392
f 5396 5392 5387
f 5387 5392 5383
f 5387 5383 5388
f 5388 5383 5382
f 5285 5292 5397
f 5397 5292 5341
f 5397 5341 5398
f 5399 5400 5401
f 5401 5400 5339
f 5401 5339 5402
f 5402 5339 5313
f 5402 5313 5294
f 5403 5404 5405
f 5405 5404 5406
f 5405 5406 5399
f 5399 5406 5407
f 5399 5407 5400
f 5400 5407 5340
f 5400 5340 5339
f 5339 5340 5289
f 5339 5289 5288
f 5329 5408 5323
f 5329 5328 5408
f 5408 5328 5409
f 5408 5409 5410
f 5269 5268 5351
f 5351 5268 5330
f 5351 5330 5354
f 5354 5330 5393
f 5354 5393 5356
f 5356 5393 5394
f 5356 5394 5358
f 5358 5394 5395
f 5358 5395 5360
f 5360 5395 5396
f 5360 5396 5361
f 5361 5396 5387
f 5361 5387 5365
f 5365 5387 5385
f 5365 5385 5366
f 5366 5385 5384
f 5366 5384 5368
f 5283 5287 5411
f 5411 5287 5335
f 5411 5335 5412
f 5412 5335 5413
f 5412 5413 5414
f 5414 5413 5415
f 5414 5415 5416
f 5286 5285 5335
f 5335 5285 5397
f 5335 5397 5413
f 5413 5397 5398
f 5413 5398 5415
f 3465 5283 3466
f 3466 5283 5411
f 3466 5411 5342
f 5342 5411 5412
f 5342 5412 5343
f 5343 5412 5414
f 5343 5414 5344
f 5344 5414 5416
f 5344 5416 5334
f 5334 5416 5345
f 5334 5345 3483
f 3483 5345 3491
f 5410 5417 5408
f 5408 5417 5418
f 5408 5418 5323
f 5323 5418 5419
f 5323 5419 5324
f 5324 5419 5420
f 5324 5420 5326
f 5293 5336 5294
f 5294 5336 5338
f 5294 5338 5402
f 5402 5338 5421
f 5402 5421 5401
f 5401 5421 5327
f 5401 5327 5399
f 5399 5327 5329
f 5399 5329 5405
f 5405 5329 5323
f 5405 5323 5403
f 5403 5323 5325
f 5290 5340 5341
f 5341 5340 5407
f 5341 5407 5398
f 5398 5407 5406
f 5398 5406 5415
f 5415 5406 5404
f 5415 5404 5416
f 5416 5404 5403
f 5416 5403 5345
f 5345 5403 5325
f 5345 5325 5346
f 5346 5325 5326
f 5346 5326 5347
f 5347 5326 5422
f 5347 5422 3530
f 5337 5333 5338
f 5338 5333 5332
f 5338 5332 5421
f 5421 5332 5331
f 5421 5331 5327
f 5327 5331 5373
f 5327 5373 5328
f 5328 5373 5371
f 5328 5371 5409
f 5409 5371 5368
f 5409 5368 5410
f 5410 5368 5384
f 5410 5384 5417
f 5417 5384 5386
f 5417 5386 5418
f 5418 5386 5388
f 5418 5388 5419
f 5419 5388 5382
f 5419 5382 5420
f 5420 5382 5381
f 5420 5381 5326
f 5326 5381 5376
f 5326 5376 5422
f 5422 5376 5348
f 5422 5348 3530
f 3530 5348 3542
f 3530 3542 3532
f 5293 5423 5336
f 5336 5423 5337
f 5337 5423 5333
f 5333 5423 5424
f 5333 5424 5374
f 5374 5424 5425
f 5374 5425 5372
f 5372 5425 5370
f 5370 5425 5426
f 5370 5426 5369
f 5369 5426 5367
f 5367 5426 5427
f 5367 5427 5362
f 5357 5359 5428
f 5428 5359 5364
f 5428 5364 5427
f 5427 5364 5363
f 5427 5363 5362
f 5357 5428 5355
f 5355 5428 5429
f 5355 5429 5353
f 5353 5429 5352
f 5352 5429 5430
f 5352 5430 5269
f 5269 5430 5262
f 5262 5430 5431
f 5262 5431 5263
f 5263 5431 5265
f 5265 5431 5432
f 5265 5432 5311
f 5433 5307 5432
f 5432 5307 5309
f 5432 5309 5311
f 5434 5435 5301
f 5301 5303 5434
f 5434 5303 5304
f 5434 5304 5433
f 5433 5304 5306
f 5433 5306 5307
f 5436 5423 5293
f 5293 5295 5436
f 5436 5295 5297
f 5436 5297 5435
f 5435 5297 5299
f 5435 5299 5301
f 5437 5426 5438
f 5438 5426 5425
f 5438 5425 5439
f 5439 5425 5424
f 5439 5424 5440
f 5440 5424 5423
f 5440 5423 5441
f 5441 5423 5436
f 5441 5436 5442
f 5442 5436 5435
f 5442 5435 5443
f 5435 5434 5443
f 5443 5434 5433
f 5443 5433 5444
f 5444 5433 5432
f 5444 5432 5445
f 5445 5432 5431
f 5445 5431 5446
f 5446 5431 5430
f 5446 5430 5447
f 5447 5430 5429
f 5447 5429 5448
f 5448 5429 5428
f 5448 5428 5437
f 5437 5428 5427
f 5437 5427 5426
f 3295 5446 3293
f 3293 5446 5447
f 3293 5447 3291
f 3291 5447 5448
f 3291 5448 3273
f 3273 5448 5437
f 3273 5437 3274
f 3274 5437 5438
f 3274 5438 3286
f 3286 5438 5439
f 3286 5439 3282
f 3282 5439 5440
f 3282 5440 3283
f 3283 5440 5441
f 3283 5441 3303
f 3303 5441 5442
f 3303 5442 3301
f 3301 5442 5443
f 3301 5443 3299
f 3299 5443 5444
f 3299 5444 3297
f 3297 5444 5445
f 3297 5445 3295
f 3295 5445 5446
f 5449 3309 3312
f 5449 3312 5450
f 5450 3312 3313
f 5450 3313 5451
f 5451 3313 3308
f 5451 3308 5452
f 5452 3308 3331
f 5452 3331 5453
f 3309 5449 3310
f 3310 5449 5454
f 5455 5456 5457
f 5457 5456 5458
f 5459 5460 5461
f 5461 5460 5462
f 5461 5462 5463
f 5464 5465 5466
f 5466 5465 5467
f 5466 5467 5468
f 5468 5467 5469
f 5468 5469 5470
f 5471 5472 5473
f 5461 5474 5459
f 5459 5474 5475
f 5459 5475 5476
f 5476 5475 5477
f 5476 5477 5478
f 5478 5477 5479
f 5478 5479 5480
f 5480 5479 5481
f 5480 5481 5482
f 5482 5481 5483
f 5482 5483 5484
f 5484 5483 5485
f 5484 5485 5486
f 5486 5485 5487
f 5486 5487 5488
f 5488 5487 5489
f 5488 5489 5490
f 5490 5489 5491
f 5490 5491 5492
f 5492 5491 5493
f 5492 5493 5494
f 5494 5493 5495
f 5494 5495 5496
f 5496 5495 5455
f 5496 5455 5497
f 5497 5455 5457
f 5473 5472 5498
f 5499 5500 5501
f 5501 5500 5502
f 5501 5502 5503
f 5504 5505 5506
f 5507 5508 5498
f 5462 5509 5463
f 5463 5509 5510
f 5463 5510 5511
f 5511 5510 5512
f 5511 5512 5513
f 5513 5512 5514
f 5513 5514 5515
f 5515 5514 5516
f 5515 5516 5517
f 5517 5516 5518
f 5517 5518 5453
f 5453 5518 5519
f 5453 5519 5452
f 5452 5519 5520
f 5452 5520 5451
f 5451 5520 5521
f 5451 5521 5450
f 5450 5521 5522
f 5450 5522 5449
f 5449 5522 5523
f 5449 5523 5454
f 5454 5523 5524
f 5499 5525 5500
f 5500 5525 5526
f 5500 5526 5458
f 5458 5526 5527
f 5458 5527 5457
f 5469 5528 5470
f 5470 5528 5529
f 5470 5529 5530
f 5530 5529 5531
f 5530 5531 5532
f 5532 5531 5533
f 5532 5533 5534
f 5534 5533 5535
f 5534 5535 5536
f 5536 5535 5537
f 5536 5537 5538
f 5538 5537 5539
f 5538 5539 5540
f 5540 5539 5541
f 5540 5541 5542
f 5542 5541 5543
f 5542 5543 5544
f 5544 5543 5545
f 5544 5545 5546
f 5546 5545 5547
f 5546 5547 5548
f 5548 5547 5549
f 5548 5549 5501
f 5501 5549 5550
f 5501 5550 5499
f 5551 5504 5552
f 5552 5504 5506
f 5552 5506 5553
f 5553 5506 5554
f 5555 5507 5556
f 5556 5507 5498
f 5556 5498 5557
f 5557 5498 5472
f 5556 5558 5555
f 5555 5558 5559
f 5555 5559 5560
f 5560 5559 5561
f 5560 5561 5562
f 5562 5561 5563
f 5562 5563 5564
f 5564 5563 5565
f 5564 5565 5566
f 5566 5565 5567
f 5568 5569 5570
f 5570 5569 5571
f 5570 5571 5572
f 5572 5571 5573
f 5572 5573 5574
f 5574 5573 5575
f 5574 5575 5576
f 5576 5575 5577
f 5576 5577 5578
f 5578 5577 5579
f 5578 5579 5580
f 5580 5579 5581
f 5580 5581 5582
f 5582 5581 5583
f 5582 5583 5584
f 5584 5583 5585
f 5584 5585 5586
f 5586 5585 5587
f 5586 5587 5588
f 5588 5587 5589
f 5588 5589 5590
f 5590 5589 5591
f 5590 5591 5592
f 5592 5591 5593
f 5592 5593 5594
f 5594 5593 5595
f 5594 5595 5596
f 5596 5595 5597
f 5596 5597 5598
f 5598 5597 5599
f 5598 5599 5600
f 5599 5601 5600
f 5600 5601 5602
f 5600 5602 5603
f 5603 5602 5604
f 5603 5604 5605
f 5605 5604 5606
f 5605 5606 5607
f 5607 5606 5608
f 5607 5608 5609
f 5609 5608 5610
f 5609 5610 5611
f 5611 5610 5612
f 5611 5612 5613
f 5613 5612 5614
f 5613 5614 5615
f 5615 5614 5616
f 5615 5616 5617
f 5617 5616 5618
f 5617 5618 5619
f 5619 5618 5620
f 5619 5620 5621
f 5621 5620 5622
f 5621 5622 5623
f 5623 5622 5624
f 5623 5624 5625
f 5625 5624 5626
f 5625 5626 5627
f 5627 5626 5628
f 5627 5628 5629
f 5629 5628 5630
f 5629 5630 5631
f 5631 5630 5632
f 5631 5632 5633
f 5633 5632 5634
f 5633 5634 5635
f 5635 5634 5464
f 5635 5464 5636
f 5636 5464 5466
f 5506 5637 5554
f 5554 5637 5638
f 5554 5638 5639
f 5639 5638 5640
f 5639 5640 5641
f 5641 5640 5642
f 5641 5642 5643
f 5643 5642 5644
f 5643 5644 5645
f 5645 5644 5646
f 5645 5646 5647
f 5647 5646 5648
f 5647 5648 5649
f 5649 5648 5650
f 5649 5650 5651
f 5651 5650 5652
f 5651 5652 5653
f 5653 5652 5654
f 5653 5654 5655
f 5655 5654 5656
f 5655 5656 5657
f 5657 5656 5658
f 5657 5658 5659
f 5659 5658 5660
f 5659 5660 5661
f 5661 5660 5662
f 5661 5662 5663
f 5663 5662 5664
f 5663 5664 5665
f 5665 5664 5666
f 5665 5666 5667
f 5667 5666 5668
f 5667 5668 5669
f 5669 5668 5670
f 5669 5670 5671
f 5671 5670 5672
f 5671 5672 5673
f 5673 5672 5674
f 5673 5674 5675
f 5675 5674 5676
f 5675 5676 5677
f 5677 5676 5678
f 5677 5678 5679
f 5679 5678 5680
f 5679 5680 5681
f 5681 5680 5682
f 5681 5682 5683
f 5683 5682 5684
f 5683 5684 5685
f 5685 5684 5686
f 5685 5686 5687
f 5687 5686 5688
f 5687 5688 5689
f 5689 5688 5690
f 5689 5690 5691
f 5691 5690 5692
f 5691 5692 5693
f 5693 5692 5694
f 5693 5694 5695
f 5695 5694 5696
f 5695 5696 5697
f 5697 5696 5698
f 5697 5698 5699
f 5699 5698 5700
f 5699 5700 5701
f 5701 5700 5702
f 5701 5702 5703
f 5703 5702 5704
f 5703 5704 5705
f 5705 5704 5706
f 5705 5706 5707
f 5707 5706 5708
f 5707 5708 5709
f 5709 5708 5710
f 5709 5710 5711
f 5711 5710 5712
f 5711 5712 5713
f 5713 5712 5714
f 5713 5714 5715
f 5715 5714 5716
f 5715 5716 5717
f 5717 5716 5718
f 5717 5718 5719
f 5719 5718 5720
f 5719 5720 5568
f 5568 5720 5721
f 5568 5721 5569
f 5473 5722 5471
f 5471 5722 5723
f 5471 5723 5724
f 5724 5723 5725
f 5724 5725 5726
f 5726 5725 5727
f 5726 5727 5728
f 5728 5727 5729
f 5728 5729 5730
f 5730 5729 5731
f 5730 5731 5732
f 5732 5731 5733
f 5732 5733 5734
f 5734 5733 5735
f 5734 5735 5736
f 5736 5735 5737
f 5736 5737 5738
f 5738 5737 5739
f 5738 5739 5740
f 5740 5739 5741
f 5740 5741 5742
f 5742 5741 5743
f 5742 5743 5744
f 5744 5743 5745
f 5744 5745 5746
f 5746 5745 5747
f 5746 5747 5748
f 5748 5747 5749
f 5748 5749 5750
f 5750 5749 5751
f 5750 5751 5752
f 5752 5751 5551
f 5752 5551 5753
f 5753 5551 5552
f 3328 5515 3330
f 3330 5515 5517
f 3330 5517 3331
f 3331 5517 5453
f 3318 5474 3320
f 3320 5474 5461
f 3320 5461 3322
f 3322 5461 5463
f 3322 5463 3324
f 3324 5463 5511
f 3324 5511 3326
f 3326 5511 5513
f 3326 5513 3328
f 3328 5513 5515
f 5474 3318 3316
f 5474 3316 5475
f 5475 3316 3338
f 5475 3338 5477
f 5477 3338 3337
f 5477 3337 5479
f 5479 3337 3336
f 5479 3336 5481
f 3332 3288 5483
f 3336 3335 5481
f 5481 3335 3334
f 5481 3334 5483
f 5483 3334 3333
f 5483 3333 3332
f 5483 3288 3287
f 5483 3287 5485
f 5485 3287 3285
f 5485 3285 5487
f 5487 3285 3284
f 5487 3284 5489
f 5489 3284 3305
f 5489 3305 5491
f 3302 5495 3304
f 3304 5495 5493
f 3304 5493 3305
f 3305 5493 5491
f 3292 5502 3294
f 3294 5502 5500
f 3294 5500 3296
f 3296 5500 5458
f 3296 5458 3298
f 3298 5458 5456
f 3298 5456 3300
f 3300 5456 5455
f 3300 5455 3302
f 3302 5455 5495
f 5502 3292 3290
f 5502 3290 5503
f 5503 3290 3289
f 5503 3289 5501
f 5501 3289 3275
f 5501 3275 5548
f 5548 3275 3276
f 5548 3276 5546
f 3277 3248 5544
f 3276 3280 5546
f 5546 3280 3279
f 5546 3279 5544
f 5544 3279 3278
f 5544 3278 3277
f 5544 3248 3247
f 5544 3247 5542
f 5542 3247 3246
f 5542 3246 5540
f 5540 3246 3245
f 5540 3245 5538
f 5538 3245 3268
f 5538 3268 5536
f 3265 5532 3267
f 3267 5532 5534
f 3267 5534 3268
f 3268 5534 5536
f 3255 5636 3257
f 3257 5636 5466
f 3257 5466 3259
f 3259 5466 5468
f 3259 5468 3261
f 3261 5468 5470
f 3261 5470 3263
f 3263 5470 5530
f 3263 5530 3265
f 3265 5530 5532
f 5636 3255 3272
f 5636 3272 5635
f 5635 3272 3271
f 5635 3271 5633
f 5633 3271 3270
f 5633 3270 5631
f 5631 3270 3269
f 5631 3269 5629
f 3238 5621 5623
f 3238 5623 3240
f 3240 5623 5625
f 3240 5625 3242
f 3242 5625 5627
f 3242 5627 3243
f 3243 5627 5629
f 3243 5629 3269
f 5621 3238 3237
f 5621 3237 5619
f 5619 3237 3236
f 5619 3236 5617
f 5617 3236 3235
f 5617 3235 5615
f 5615 3235 3233
f 5615 3233 5613
f 3219 5605 3221
f 3221 5605 5607
f 3221 5607 3230
f 3230 5607 5609
f 3230 5609 3231
f 3231 5609 5611
f 3231 5611 3233
f 3233 5611 5613
f 3213 5598 3215
f 3215 5598 5600
f 3215 5600 3217
f 3217 5600 5603
f 3217 5603 3219
f 3219 5603 5605
f 5598 3213 3212
f 5598 3212 5596
f 5596 3212 3208
f 5596 3208 5594
f 5594 3208 3211
f 5594 3211 5592
f 5592 3211 3229
f 5592 3229 5590
f 3223 3186 5582
f 3223 5582 3224
f 5582 5584 3224
f 3224 5584 5586
f 3224 5586 3226
f 3226 5586 5588
f 3226 5588 3228
f 3228 5588 5590
f 3228 5590 3229
f 5582 3186 3185
f 5582 3185 5580
f 5580 3185 3184
f 5580 3184 5578
f 5578 3184 3183
f 5578 3183 5576
f 5576 3183 3202
f 5576 3202 5574
f 3191 5715 3193
f 3193 5715 5717
f 3193 5717 3195
f 3195 5717 5719
f 3195 5719 3197
f 3197 5719 5568
f 3197 5568 3199
f 3199 5568 5570
f 3199 5570 3201
f 3201 5570 5572
f 3201 5572 3202
f 3202 5572 5574
f 3189 5713 3191
f 3191 5713 5715
f 5713 3189 3177
f 5713 3177 5711
f 5711 3177 3176
f 5711 3176 5709
f 5709 3176 3175
f 5709 3175 5707
f 5707 3175 3170
f 5707 3170 5705
f 3166 5697 5699
f 3166 5699 3168
f 3168 5699 5701
f 3168 5701 3169
f 3169 5701 5703
f 3169 5703 3172
f 3172 5703 5705
f 3172 5705 3170
f 5697 3166 3145
f 5697 3145 5695
f 5695 3145 3146
f 5695 3146 5693
f 5693 3146 3148
f 5693 3148 5691
f 5691 3148 3165
f 5691 3165 5689
f 3152 5675 3154
f 3154 5675 5677
f 3154 5677 3156
f 3156 5677 5679
f 3156 5679 3158
f 3158 5679 5681
f 3158 5681 3160
f 3160 5681 5683
f 3160 5683 3162
f 3162 5683 5685
f 3162 5685 3164
f 3164 5685 5687
f 3164 5687 3165
f 3165 5687 5689
f 5675 3152 3131
f 5675 3131 5673
f 5673 3131 3130
f 5673 3130 5671
f 5671 3130 3141
f 5671 3141 5669
f 5669 3141 3140
f 5669 3140 5667
f 3134 5661 5663
f 3134 5663 3136
f 3136 5663 5665
f 3136 5665 3138
f 3138 5665 5667
f 3138 5667 3140
f 5659 5661 3133
f 3133 5661 3134
f 3418 5655 3419
f 3419 5655 5657
f 3419 5657 3133
f 3133 5657 5659
f 3414 5653 3418
f 3418 5653 5655
f 5653 3414 3416
f 5653 3416 5651
f 5651 3416 3425
f 5651 3425 5649
f 5649 3425 3424
f 5649 3424 5647
f 5647 3424 3423
f 5647 3423 5645
f 3401 5753 3403
f 3403 5753 5552
f 3403 5552 3405
f 3405 5552 5553
f 3405 5553 3407
f 3407 5553 5554
f 3407 5554 3409
f 3409 5554 5639
f 3409 5639 3411
f 3411 5639 5641
f 3411 5641 3420
f 3420 5641 5643
f 3420 5643 3423
f 3423 5643 5645
f 5753 3401 3399
f 5753 3399 5752
f 5752 3399 3398
f 5752 3398 5750
f 5750 3398 3396
f 5750 3396 5748
f 5748 3396 3397
f 5748 3397 5746
f 5746 3397 5744
f 5744 3397 3413
f 3391 5738 3390
f 3390 5738 5740
f 3390 5740 3412
f 3412 5740 5742
f 3412 5742 3413
f 3413 5742 5744
f 3392 5736 3393
f 3393 5736 5738
f 3393 5738 3391
f 5736 3392 3389
f 5736 3389 5734
f 5734 3389 3388
f 5734 3388 5732
f 5732 3388 3387
f 5732 3387 5730
f 5730 3387 3386
f 5730 3386 5728
f 3379 5558 3380
f 3380 5558 5556
f 3380 5556 3381
f 3381 5556 5557
f 3381 5557 3382
f 3382 5557 5472
f 3382 5472 3383
f 3383 5472 5471
f 3383 5471 3384
f 3384 5471 5724
f 3384 5724 3385
f 3385 5724 5726
f 3385 5726 3386
f 3386 5726 5728
f 5558 3379 3373
f 5558 3373 5559
f 5559 3373 3372
f 5559 3372 5561
f 5561 3372 3374
f 5561 3374 5563
f 5563 3374 3378
f 5563 3378 5565
f 5565 3378 5567
f 5567 3378 3356
f 3356 3350 5567
f 5567 3350 5566
f 5566 3350 3353
f 5754 5755 3353
f 3353 5755 5564
f 3353 5564 5566
f 5756 5507 5757
f 5757 5507 5555
f 5757 5555 5560
f 5758 5759 5560
f 5560 5759 5760
f 5560 5760 5757
f 5560 5562 5758
f 5758 5562 5564
f 5758 5564 5755
f 5761 5762 5763
f 5723 5764 5765
f 5723 5765 5725
f 5766 5764 5767
f 5767 5764 5723
f 5767 5723 5768
f 5768 5723 5722
f 5769 5768 5770
f 5770 5768 5722
f 5770 5722 5771
f 5771 5722 5473
f 5772 5773 5473
f 5473 5773 5774
f 5473 5774 5771
f 5473 5498 5772
f 5772 5498 5508
f 5772 5508 5775
f 5775 5508 5507
f 5775 5507 5756
f 5776 5777 5778
f 5778 5777 5729
f 5778 5729 5779
f 5779 5729 5727
f 5779 5727 5763
f 5763 5727 5725
f 5763 5725 5761
f 5761 5725 5765
f 5780 5762 5761
f 5766 5781 5764
f 5764 5781 5780
f 5764 5780 5765
f 5765 5780 5761
f 5782 5783 5780
f 5780 5783 5763
f 5780 5763 5762
f 5782 5784 5785
f 5784 5782 5786
f 5786 5782 5780
f 5786 5780 5781
f 5787 5782 5788
f 5788 5782 5785
f 5788 5785 5789
f 5789 5785 5790
f 5791 5785 5792
f 5792 5785 5784
f 5792 5784 5793
f 5794 5778 5779
f 5795 5791 5796
f 5797 5798 5799
f 5791 5792 5796
f 5796 5792 5800
f 5796 5800 5801
f 5802 5803 5804
f 5804 5803 5805
f 5804 5805 5806
f 5806 5805 5799
f 5807 5805 5808
f 5808 5805 5795
f 5809 5810 5811
f 5811 5810 5812
f 5802 5813 5814
f 5815 5816 5802
f 5802 5816 5817
f 5802 5817 5803
f 5803 5817 5818
f 5803 5818 5819
f 5819 5818 5794
f 5819 5794 5783
f 5783 5794 5779
f 5783 5779 5763
f 5808 5820 5812
f 5812 5820 5821
f 5812 5821 5811
f 5815 5802 5822
f 5822 5802 5814
f 5822 5814 5823
f 5824 5797 5825
f 5825 5797 5799
f 5825 5799 5826
f 5826 5799 5805
f 5826 5805 5827
f 5827 5805 5807
f 5796 5828 5795
f 5795 5828 5829
f 5795 5829 5808
f 5808 5829 5830
f 5808 5830 5820
f 5776 5778 5831
f 5831 5778 5794
f 5831 5794 5832
f 5833 5834 5835
f 5835 5834 5836
f 5835 5836 5777
f 5777 5776 5835
f 5835 5776 5831
f 5835 5831 5837
f 5833 5838 5834
f 5834 5838 5839
f 5834 5839 5840
f 5840 5839 5841
f 5833 5737 5838
f 5838 5737 5735
f 5838 5735 5839
f 5839 5735 5841
f 5841 5735 5733
f 5841 5733 5840
f 5840 5733 5834
f 5834 5733 5731
f 5834 5731 5836
f 5836 5731 5729
f 5836 5729 5777
f 5737 5833 5739
f 5739 5833 5835
f 5813 5842 5843
f 5813 5743 5814
f 5814 5743 5741
f 5814 5741 5823
f 5823 5741 5739
f 5823 5739 5844
f 5844 5739 5835
f 5813 5843 5743
f 5743 5843 5845
f 5743 5845 5745
f 5842 5813 5846
f 5846 5813 5802
f 5846 5802 5847
f 5847 5802 5848
f 5846 5847 5849
f 5843 5842 5846
f 5846 5849 5843
f 5843 5849 5850
f 5843 5850 5845
f 5850 5851 5852
f 5852 5853 5850
f 5850 5853 5854
f 5850 5854 5845
f 5845 5854 5855
f 5845 5855 5856
f 5856 5857 5845
f 5845 5857 5858
f 5845 5858 5859
f 5859 5858 5860
f 5859 5860 5861
f 5862 5863 5851
f 5851 5863 5864
f 5851 5864 5852
f 5853 5852 5864
f 5865 5637 5864
f 5864 5637 5506
f 5864 5506 5853
f 5853 5506 5505
f 5853 5505 5854
f 5504 5856 5505
f 5505 5856 5855
f 5505 5855 5854
f 5866 5867 5646
f 5646 5644 5866
f 5866 5644 5642
f 5866 5642 5868
f 5868 5642 5869
f 5869 5642 5640
f 5869 5640 5870
f 5870 5640 5871
f 5871 5640 5638
f 5871 5638 5872
f 5872 5638 5873
f 5873 5638 5637
f 5873 5637 5874
f 5874 5637 5865
f 5874 5865 5875
f 5856 5504 5857
f 5857 5504 5551
f 5857 5551 5751
f 5861 5860 5751
f 5751 5860 5858
f 5751 5858 5857
f 5751 5749 5861
f 5861 5749 5747
f 5861 5747 5859
f 5859 5747 5845
f 5845 5747 5745
f 5876 5654 5877
f 5877 5654 5652
f 5877 5652 5878
f 5878 5652 5879
f 5879 5652 5650
f 5879 5650 5880
f 5880 5650 5881
f 5881 5650 5648
f 5881 5648 5882
f 5882 5648 5646
f 5882 5646 5867
f 5654 5876 5656
f 5656 5876 5883
f 5868 5869 5884
f 5884 5869 5870
f 5884 5870 5871
f 5881 5883 5876
f 5881 5882 5883
f 5883 5882 5867
f 5883 5867 5884
f 5884 5867 5866
f 5884 5866 5868
f 5876 5877 5881
f 5881 5877 5878
f 5881 5878 5880
f 5880 5878 5879
f 5883 5884 5885
f 5883 5885 5886
f 5886 5885 5887
f 5886 5887 5888
f 5888 5660 5658
f 5888 5658 5886
f 5886 5658 5656
f 5886 5656 5883
f 5889 5662 5888
f 5888 5662 5660
f 5890 5891 5666
f 5666 5891 5668
f 5668 5891 5892
f 5668 5892 5893
f 5890 5666 5894
f 5894 5666 5664
f 5894 5664 5895
f 5895 5664 5662
f 5895 5662 5889
f 5896 5897 5898
f 5898 5899 5896
f 5896 5899 5900
f 5896 5900 5901
f 5902 5903 5892
f 5892 5903 5904
f 5904 5905 5892
f 5892 5905 5906
f 5892 5906 5893
f 5893 5906 5907
f 5888 5887 5889
f 5889 5887 5908
f 5889 5908 5895
f 5895 5908 5894
f 5894 5908 5909
f 5894 5909 5890
f 5890 5909 5891
f 5891 5909 5896
f 5891 5896 5892
f 5892 5896 5901
f 5892 5901 5902
f 5904 5674 5672
f 5674 5904 5676
f 5676 5904 5903
f 5676 5903 5902
f 5907 5906 5672
f 5672 5906 5905
f 5672 5905 5904
f 5672 5670 5907
f 5907 5670 5668
f 5907 5668 5893
f 5690 5688 5910
f 5910 5688 5911
f 5911 5688 5912
f 5912 5688 5686
f 5912 5686 5913
f 5913 5686 5914
f 5914 5686 5684
f 5914 5684 5915
f 5915 5684 5682
f 5915 5682 5897
f 5901 5900 5680
f 5680 5900 5899
f 5680 5899 5682
f 5682 5899 5898
f 5682 5898 5897
f 5680 5678 5901
f 5901 5678 5676
f 5901 5676 5902
f 5916 5698 5917
f 5917 5698 5696
f 5917 5696 5918
f 5918 5696 5919
f 5919 5696 5694
f 5919 5694 5920
f 5920 5694 5921
f 5921 5694 5692
f 5921 5692 5922
f 5922 5692 5690
f 5922 5690 5910
f 5923 5706 5924
f 5924 5706 5704
f 5924 5704 5925
f 5925 5704 5702
f 5925 5702 5926
f 5926 5702 5700
f 5926 5700 5916
f 5916 5700 5698
f 5927 5712 5710
f 5712 5927 5714
f 5714 5927 5928
f 5714 5928 5929
f 5930 5931 5710
f 5710 5931 5932
f 5710 5932 5927
f 5710 5708 5930
f 5930 5708 5706
f 5930 5706 5923
f 5714 5929 5716
f 5716 5929 5933
f 5934 5721 5720
f 5934 5720 5935
f 5935 5720 5718
f 5935 5718 5936
f 5936 5718 5716
f 5936 5716 5933
f 5937 5938 5575
f 5569 5939 5571
f 5571 5939 5937
f 5571 5937 5573
f 5573 5937 5575
f 5934 5940 5721
f 5721 5940 5941
f 5721 5941 5569
f 5569 5941 5942
f 5569 5942 5939
f 5914 5915 5943
f 5934 5935 5944
f 5944 5935 5936
f 5944 5936 5933
f 5930 5923 5931
f 5931 5923 5945
f 5933 5929 5945
f 5945 5929 5928
f 5928 5927 5945
f 5945 5927 5932
f 5945 5932 5931
f 5914 5943 5913
f 5946 5921 5922
f 5918 5919 5946
f 5946 5919 5920
f 5946 5920 5921
f 5922 5910 5946
f 5946 5910 5911
f 5946 5911 5943
f 5943 5911 5912
f 5943 5912 5913
f 5933 5945 5944
f 5944 5945 5923
f 5944 5923 5947
f 5947 5923 5924
f 5947 5924 5948
f 5948 5924 5925
f 5948 5925 5949
f 5949 5925 5926
f 5949 5926 5943
f 5943 5926 5916
f 5943 5916 5946
f 5946 5916 5917
f 5946 5917 5918
f 5950 5951 5885
f 5952 5953 5885
f 5943 5915 5944
f 5884 5871 5954
f 5954 5871 5872
f 5954 5872 5955
f 5955 5872 5873
f 5955 5873 5956
f 5884 5954 5885
f 5885 5954 5957
f 5885 5957 5958
f 5953 5941 5885
f 5885 5941 5940
f 5885 5940 5887
f 5944 5915 5934
f 5958 5959 5885
f 5885 5959 5960
f 5885 5960 5961
f 5951 5962 5885
f 5885 5962 5963
f 5885 5963 5964
f 5934 5915 5940
f 5940 5915 5897
f 5940 5897 5896
f 5961 5965 5885
f 5885 5965 5966
f 5885 5966 5950
f 5964 5967 5885
f 5885 5967 5968
f 5885 5968 5952
f 5943 5944 5949
f 5949 5944 5947
f 5949 5947 5948
f 5896 5909 5940
f 5940 5909 5908
f 5940 5908 5887
f 5956 5875 5865
f 5956 5865 5955
f 5955 5865 5969
f 5955 5969 5970
f 5971 5954 5955
f 5955 5970 5972
f 5973 5974 5975
f 5975 5976 5955
f 5955 5976 5977
f 5955 5977 5971
f 5955 5972 5975
f 5975 5972 5978
f 5975 5978 5973
f 5979 5980 5981
f 5974 5982 5975
f 5975 5982 5983
f 5975 5983 5984
f 5984 5983 5985
f 5984 5985 5986
f 5986 5985 5981
f 5980 5987 5981
f 5981 5987 5988
f 5981 5988 5989
f 5989 5988 5990
f 5985 5991 5981
f 5981 5991 5992
f 5981 5992 5979
f 5979 5992 5993
f 5979 5993 5994
f 5977 5533 5971
f 5971 5533 5531
f 5971 5531 5954
f 5954 5531 5529
f 5528 5958 5529
f 5529 5958 5957
f 5529 5957 5954
f 5995 5996 5528
f 5528 5996 5997
f 5528 5997 5958
f 5528 5469 5995
f 5995 5469 5467
f 5995 5467 5998
f 5998 5467 5465
f 5998 5465 5999
f 5537 5535 5984
f 5984 5535 5975
f 5975 5535 5976
f 5976 5535 5533
f 5976 5533 5977
f 5980 5545 5987
f 5987 5545 5543
f 5987 5543 5988
f 5988 5543 5990
f 5990 5543 5541
f 5990 5541 5989
f 5989 5541 5981
f 5981 5541 5539
f 5981 5539 5986
f 5986 5539 5537
f 5986 5537 5984
f 5545 5980 5547
f 5547 5980 5979
f 5985 5525 5991
f 5991 5525 5499
f 5991 5499 5550
f 5994 5993 5550
f 5550 5993 5992
f 5550 5992 5991
f 5550 5549 5994
f 5994 5549 5547
f 5994 5547 5979
f 5797 5494 5798
f 5798 5494 5496
f 5457 5969 5497
f 5497 5969 5863
f 6000 5798 6001
f 6001 5798 5496
f 6001 5496 6002
f 6002 5496 5497
f 6002 5497 6003
f 6003 5497 5863
f 6003 5863 5862
f 5457 5527 5973
f 5970 5969 5972
f 5972 5969 5457
f 5972 5457 5978
f 5978 5457 5973
f 5526 5525 5985
f 5985 5983 5526
f 5526 5983 5982
f 5526 5982 5527
f 5527 5982 5974
f 5527 5974 5973
f 5824 6004 6005
f 5492 5494 5797
f 5797 5824 5492
f 5492 5824 6005
f 5492 6005 5490
f 5490 6005 6006
f 6007 5482 6008
f 6008 5482 5484
f 6008 5484 6009
f 6009 5484 6010
f 6010 5484 5486
f 6010 5486 6011
f 6011 5486 6012
f 6012 5486 5488
f 6012 5488 6013
f 6013 5488 5490
f 6013 5490 6006
f 5809 6014 6015
f 5482 6007 6016
f 6016 5810 5482
f 5482 5810 5809
f 5482 5809 5480
f 5480 5809 6015
f 5810 6016 5812
f 5812 6016 6017
f 5812 6017 6018
f 6019 6020 6021
f 6021 6020 6022
f 6021 6022 6023
f 6023 6022 6018
f 6023 6018 6024
f 6024 6018 6017
f 5825 6023 5824
f 5824 6023 6024
f 5824 6024 6004
f 6012 6016 6007
f 6004 6024 6005
f 6005 6024 6017
f 6005 6017 6006
f 6006 6017 6016
f 6006 6016 6013
f 6013 6016 6012
f 6007 6008 6012
f 6012 6008 6009
f 6012 6009 6011
f 6011 6009 6010
f 6023 5825 6021
f 6021 5825 5826
f 6021 5826 6019
f 6019 5826 5827
f 6019 5827 6020
f 6020 5827 5807
f 6020 5807 6022
f 6022 5807 5808
f 6022 5808 6018
f 6018 5808 5812
f 6025 5460 6026
f 6026 5460 5459
f 6026 5459 5476
f 6027 6028 5476
f 5476 6028 6029
f 5476 6029 6026
f 5476 5478 6027
f 6027 5478 5480
f 6027 5480 6015
f 6030 6031 5509
f 6032 5516 6033
f 6033 5516 5514
f 6033 5514 6034
f 6035 6036 6037
f 6038 6034 6039
f 6039 6034 5514
f 6039 5514 6040
f 6040 5514 5512
f 6040 5512 6037
f 6037 5512 5510
f 6037 5510 6035
f 5509 6031 5510
f 5510 6031 6041
f 5510 6041 6035
f 6025 6042 5801
f 5793 6030 5792
f 5792 6030 5509
f 5792 5509 5800
f 5800 5509 5462
f 5800 5462 5801
f 5801 5462 5460
f 5801 5460 6025
f 5519 5518 6043
f 6043 5518 6044
f 6044 5518 6045
f 6045 5518 5516
f 6045 5516 6032
f 6033 6034 6046
f 6033 6046 6032
f 6047 6043 6048
f 6048 6043 6049
f 6049 6043 6044
f 6049 6044 6046
f 6046 6044 6045
f 6046 6045 6032
f 6050 6051 6052
f 6053 6054 6055
f 6056 6057 6048
f 6048 6057 6058
f 6048 6058 6047
f 6055 6059 6053
f 6053 6059 6050
f 6053 6050 6048
f 6048 6050 6052
f 6048 6052 6056
f 6050 5523 6051
f 6051 5523 5522
f 6051 5522 6052
f 6052 5522 6056
f 6056 5522 5521
f 6056 5521 6057
f 6057 5521 6058
f 6058 5521 5520
f 6058 5520 6047
f 6047 5520 5519
f 6047 5519 6043
f 3345 5524 3347
f 3347 5524 5523
f 3347 5523 6059
f 6059 5523 6050
f 3345 3310 5524
f 5524 3310 5454
f 6060 6061 3358
f 6062 6063 3341
f 6054 6064 3346
f 3346 6064 6062
f 3346 6062 3344
f 3344 6062 3341
f 3347 6059 3346
f 3346 6059 6055
f 3346 6055 6054
f 6060 3358 6065
f 6063 6066 3341
f 3341 6066 6067
f 3341 6067 3342
f 3342 6067 6065
f 3342 6065 3357
f 3357 6065 3358
f 6053 6048 6068
f 6068 6063 6062
f 6053 6068 6054
f 6054 6068 6062
f 6054 6062 6064
f 6069 6070 6071
f 6068 6060 6065
f 6065 6067 6068
f 6068 6067 6066
f 6068 6066 6063
f 6046 6069 6049
f 6049 6069 6071
f 6049 6071 6048
f 6048 6071 6072
f 6048 6072 6068
f 6068 6072 6061
f 6068 6061 6060
f 6071 6070 6073
f 6074 3371 6075
f 6075 3371 3370
f 3358 6061 3360
f 3360 6061 6072
f 3360 6072 6071
f 6071 6073 3360
f 3360 6073 6076
f 3360 6076 3362
f 3362 6076 6077
f 3362 6077 3364
f 3364 6077 6078
f 3364 6078 3366
f 3366 6078 6079
f 3366 6079 3368
f 3368 6079 6080
f 3368 6080 3370
f 3370 6080 6081
f 3370 6081 6075
f 5754 3353 6082
f 6082 3353 3352
f 6082 3352 6083
f 6083 3352 6084
f 6084 3352 3351
f 6084 3351 6085
f 6085 3351 3349
f 6085 3349 6086
f 6086 3349 6087
f 6087 3349 3348
f 6087 3348 6088
f 6088 3348 3354
f 6088 3354 6089
f 6089 3354 3371
f 6089 3371 6074
f 6074 6075 6090
f 6075 6081 6090
f 6090 6081 6091
f 6090 6091 6092
f 6083 6084 6090
f 6090 6084 6085
f 6090 6085 6086
f 6089 6074 6088
f 6088 6074 6090
f 6088 6090 6087
f 6087 6090 6086
f 6092 5771 5774
f 6083 6090 6082
f 6082 6090 5754
f 5774 5773 6092
f 6092 5773 5772
f 6092 5772 6090
f 6090 5772 5775
f 6090 5775 5754
f 5754 5775 5756
f 5756 5757 5754
f 5754 5757 5760
f 5754 5760 5755
f 5755 5760 5759
f 5755 5759 5758
f 6038 5769 6078
f 6046 6076 6069
f 6069 6076 6073
f 6069 6073 6070
f 6078 5769 6079
f 6079 5769 5770
f 6079 5770 5771
f 5771 6092 6079
f 6079 6092 6091
f 6079 6091 6080
f 6080 6091 6081
f 6078 6077 6038
f 6038 6077 6076
f 6038 6076 6034
f 6034 6076 6046
f 6038 6039 5769
f 5769 6039 5768
f 6037 5767 6040
f 6040 5767 5768
f 6040 5768 6039
f 5781 5766 5767
f 5781 5767 5786
f 5786 5767 6037
f 5786 6037 6036
f 5786 6036 5784
f 5784 6036 6035
f 5784 6035 6041
f 6041 6031 5784
f 5784 6031 6030
f 5784 6030 5793
f 5801 6042 5796
f 5796 6042 6093
f 5796 6093 6094
f 6095 6096 6097
f 6097 6098 6095
f 6095 6098 6094
f 6095 6094 6099
f 6099 6094 6093
f 6099 6093 6100
f 6014 5809 6100
f 6100 5809 5811
f 6100 5811 6099
f 6042 6025 6093
f 6093 6025 6014
f 6093 6014 6100
f 6025 6026 6014
f 6014 6026 6029
f 6014 6029 6015
f 6015 6029 6028
f 6015 6028 6027
f 6099 5811 6095
f 6095 5811 5821
f 6095 5821 6096
f 5821 5820 6096
f 6096 5820 5830
f 6096 5830 6097
f 6097 5830 5829
f 6097 5829 6098
f 6098 5829 5828
f 6098 5828 6094
f 6094 5828 5796
f 6101 5799 6102
f 6102 5799 5798
f 6102 5798 6000
f 6103 6101 5849
f 5862 5851 6003
f 6003 5851 5850
f 6003 5850 6002
f 6002 5850 5849
f 6002 5849 6102
f 6102 5849 6101
f 5849 5847 5848
f 5848 6104 5849
f 5849 6104 6105
f 5849 6105 6103
f 6002 6102 6001
f 6001 6102 6000
f 5848 5802 6104
f 6104 5802 5804
f 6104 5804 6105
f 6105 5804 5806
f 6105 5806 6103
f 6103 5806 5799
f 6103 5799 6101
f 5969 5865 5863
f 5863 5865 5864
f 6106 5950 5966
f 5959 5958 5997
f 5997 5996 5959
f 5959 5996 5995
f 5959 5995 5998
f 6107 6108 6109
f 6109 6108 6110
f 5998 5999 6110
f 6110 5999 6111
f 6111 6112 6110
f 6110 6112 6113
f 6110 6113 6109
f 6106 5966 6114
f 6115 6116 6117
f 6118 6119 6115
f 6115 6119 6120
f 6115 6120 6116
f 6117 6121 6115
f 6115 6121 6122
f 6115 6122 5966
f 5966 6122 6123
f 5966 6123 6114
f 5998 6110 5959
f 5959 6110 6108
f 5959 6108 5960
f 5960 6108 6124
f 5960 6124 5961
f 5961 6124 6125
f 5961 6125 5965
f 5965 6125 6126
f 5965 6126 5966
f 5966 6126 6127
f 5966 6127 6115
f 6115 6127 6128
f 6115 6128 6118
f 6108 5630 6124
f 6124 5630 5628
f 6124 5628 6125
f 6125 5628 5626
f 6125 5626 6126
f 6126 5626 5624
f 6126 5624 6127
f 6127 5624 5622
f 6112 5464 5634
f 5464 6112 5465
f 5465 6112 6111
f 5465 6111 5999
f 6107 6109 5634
f 5634 6109 6113
f 5634 6113 6112
f 5634 5632 6107
f 6107 5632 5630
f 6107 5630 6108
f 6127 5622 6128
f 6128 5622 5620
f 6128 5620 6118
f 6118 5620 6119
f 6119 5620 5618
f 6119 5618 6120
f 6120 5618 6116
f 6116 5618 5616
f 6116 5616 6117
f 6117 5616 5614
f 6117 5614 6121
f 5608 5606 5951
f 5951 5606 5962
f 6121 5614 6122
f 6122 5614 5612
f 6122 5612 6123
f 6123 5612 5610
f 5951 5950 5608
f 5608 5950 6106
f 5608 6106 5610
f 5610 6106 6114
f 5610 6114 6123
f 5962 5606 5963
f 5963 5606 5604
f 5963 5604 6129
f 6129 5604 5602
f 6129 5602 6130
f 6130 5602 5601
f 6130 5601 6131
f 6131 5601 5599
f 6131 5599 6132
f 5942 5941 5953
f 5963 6129 5964
f 5964 6129 6130
f 5964 6130 6131
f 6133 6134 6135
f 6135 6134 6136
f 6131 6132 6136
f 6136 6132 6137
f 6137 6138 6136
f 6136 6138 6139
f 6136 6139 6135
f 6140 6141 6142
f 6143 6144 6140
f 6140 6144 6145
f 6140 6145 6141
f 6142 5938 6140
f 6140 5938 5937
f 6140 5937 5953
f 5953 5937 5939
f 5953 5939 5942
f 6131 6136 5964
f 5964 6136 6134
f 5964 6134 5967
f 5967 6134 6146
f 5967 6146 5968
f 5968 6146 6147
f 5968 6147 5952
f 5952 6147 6148
f 5952 6148 5953
f 5953 6148 6149
f 5953 6149 6140
f 6140 6149 6150
f 6140 6150 6143
f 6134 5591 6146
f 6146 5591 5589
f 6146 5589 6147
f 6147 5589 5587
f 6147 5587 6148
f 6148 5587 5585
f 6148 5585 6149
f 6149 5585 5583
f 6138 5597 5595
f 5597 6138 5599
f 5599 6138 6137
f 5599 6137 6132
f 6133 6135 5595
f 5595 6135 6139
f 5595 6139 6138
f 5595 5593 6133
f 6133 5593 5591
f 6133 5591 6134
f 6149 5583 6150
f 6150 5583 5581
f 6150 5581 6143
f 6143 5581 6144
f 6144 5581 5579
f 6144 5579 6145
f 6145 5579 6141
f 6141 5579 5577
f 6141 5577 6142
f 6142 5577 5575
f 6142 5575 5938
f 5875 5956 5874
f 5874 5956 5873
f 6151 6152 6153
f 6153 6152 5822
f 6153 5822 5844
f 5844 5822 5823
f 5837 5831 5832
f 6152 6151 5837
f 6152 5837 6154
f 6155 6154 6156
f 6156 6154 5837
f 6156 5837 6157
f 6157 5837 5832
f 5837 6151 5835
f 5835 6151 6153
f 5835 6153 5844
f 5832 5794 6157
f 6157 5794 5818
f 6157 5818 6156
f 6156 5818 5817
f 6156 5817 6155
f 6155 5817 5816
f 6155 5816 6154
f 6154 5816 5815
f 6154 5815 6152
f 6152 5815 5822
f 5785 5791 5790
f 5790 5791 5795
f 5790 5795 5789
f 5789 5795 5805
f 5789 5805 5788
f 5788 5805 5803
f 5788 5803 5787
f 5787 5803 5819
f 5787 5819 5782
f 5782 5819 5783
f 6158 6159 6160
f 6160 6159 6161
f 6160 6161 6162
f 6162 6161 6163
f 6162 6163 6164
f 6164 6163 6165
f 6164 6165 6166
f 6166 6165 6167
f 6166 6167 6168
f 6168 6167 6169
f 6168 6169 6170
f 6170 6169 6171
f 6170 6171 6172
f 6172 6171 6173
f 6172 6173 6174
f 6174 6173 6175
f 6174 6175 6176
f 6176 6175 6177
f 6176 6177 6178
f 6178 6177 6179
f 6178 6179 6180
f 6180 6179 6181
f 6180 6181 6182
f 6182 6181 6183
f 6182 6183 6184
f 6184 6183 6185
f 6184 6185 6158
f 6158 6185 6159
f 6186 6187 6188
f 6189 6190 6187
f 6191 6192 6193
f 6194 6195 6196
f 6197 6198 6199
f 6200 6201 6202
f 6203 6204 6205
f 6206 6207 6208
f 6207 6206 6209
f 6210 6211 6212
f 6212 6211 6213
f 6214 6215 6216
f 6216 6215 6217
f 6216 6217 6218
f 6219 6220 6213
f 6213 6220 6221
f 6213 6221 6212
f 6212 6221 6222
f 6212 6222 6223
f 6224 6225 6226
f 6227 6228 6213
f 6229 6230 6226
f 6226 6230 6231
f 6226 6231 6224
f 6228 6232 6213
f 6213 6232 6233
f 6213 6233 6219
f 6219 6233 6234
f 6219 6234 6235
f 6234 6236 6235
f 6235 6236 6237
f 6235 6237 6238
f 6238 6237 6239
f 6238 6239 6240
f 6240 6239 6241
f 6240 6241 6229
f 6229 6241 6242
f 6229 6242 6230
f 6243 6244 6245
f 6246 6247 6248
f 6248 6247 6249
f 6248 6249 6244
f 6244 6249 6250
f 6244 6250 6245
f 6251 6252 6246
f 6246 6252 6253
f 6246 6253 6247
f 6245 6254 6243
f 6243 6254 6255
f 6243 6255 6256
f 6257 6258 6259
f 6260 6261 6262
f 6263 6264 6265
f 6265 6266 6263
f 6263 6266 6267
f 6263 6267 6260
f 6260 6267 6268
f 6260 6268 6261
f 6262 6269 6260
f 6260 6269 6270
f 6260 6270 6271
f 6271 6270 6259
f 6271 6259 6272
f 6272 6259 6258
f 6272 6258 6273
f 6274 6275 6276
f 6276 6275 6277
f 6276 6277 6278
f 6262 6279 6269
f 6269 6279 6280
f 6269 6280 6281
f 6281 6280 6282
f 6281 6282 6274
f 6274 6282 6283
f 6274 6283 6275
f 6202 6276 6263
f 6263 6276 6278
f 6263 6278 6264
f 6284 6276 6285
f 6202 6201 6276
f 6276 6201 6286
f 6276 6286 6285
f 6287 6288 6289
f 6289 6288 6290
f 6289 6290 6291
f 6291 6290 6292
f 6291 6292 6293
f 6294 6295 6296
f 6296 6295 6297
f 6296 6297 6288
f 6298 6299 6300
f 6300 6299 6301
f 6158 6160 6302
f 6301 6176 6303
f 6303 6176 6178
f 6180 6182 6186
f 6186 6182 6184
f 6168 6170 6299
f 6299 6170 6172
f 6299 6172 6301
f 6301 6172 6174
f 6301 6174 6176
f 6160 6162 6302
f 6302 6162 6164
f 6302 6164 6299
f 6299 6164 6166
f 6299 6166 6168
f 6304 6305 6306
f 6306 6305 6303
f 6307 6308 6309
f 6309 6308 6310
f 6285 6311 6284
f 6284 6311 6312
f 6284 6312 6313
f 6313 6312 6314
f 6313 6314 6209
f 6209 6314 6315
f 6209 6315 6207
f 6207 6315 6316
f 6207 6316 6208
f 6208 6316 6317
f 6208 6317 6318
f 6318 6317 6319
f 6320 6321 6322
f 6322 6321 6323
f 6197 6324 6325
f 6325 6324 6326
f 6325 6326 6327
f 6328 6329 6323
f 6323 6329 6330
f 6323 6330 6322
f 6331 6332 6307
f 6307 6332 6333
f 6307 6333 6334
f 6334 6333 6335
f 6334 6335 6336
f 6337 6338 6339
f 6339 6338 6340
f 6337 6341 6338
f 6338 6341 6342
f 6338 6342 6343
f 6343 6342 6344
f 6343 6344 6307
f 6307 6344 6345
f 6307 6345 6331
f 6214 6346 6347
f 6346 6214 6336
f 6336 6214 6216
f 6336 6216 6334
f 6334 6216 6218
f 6334 6218 6307
f 6307 6218 6348
f 6307 6348 6308
f 6257 6259 6349
f 6349 6259 6350
f 6349 6350 6351
f 6351 6350 6352
f 6351 6352 6353
f 6353 6352 6354
f 6353 6354 6355
f 6355 6354 6356
f 6355 6356 6357
f 6357 6356 6358
f 6357 6358 6359
f 6360 6361 6362
f 6362 6361 6363
f 6362 6363 6364
f 6364 6363 6365
f 6364 6365 6358
f 6358 6365 6366
f 6358 6366 6359
f 6338 6367 6368
f 6369 6370 6367
f 6367 6370 6371
f 6367 6371 6368
f 6372 6373 6374
f 6374 6373 6375
f 6374 6375 6376
f 6377 6378 6379
f 6378 6380 6379
f 6379 6380 6381
f 6379 6381 6372
f 6372 6381 6382
f 6372 6382 6373
f 6383 6384 6340
f 6368 6385 6338
f 6338 6385 6386
f 6338 6386 6340
f 6340 6386 6387
f 6340 6387 6383
f 6388 6389 6390
f 6390 6389 6391
f 6390 6391 6251
f 6251 6391 6392
f 6251 6392 6252
f 6187 6190 6188
f 6188 6190 6393
f 6188 6393 6394
f 6395 6396 6338
f 6338 6396 6367
f 6367 6396 6397
f 6367 6397 6398
f 6309 6399 6307
f 6307 6399 6400
f 6307 6400 6343
f 6343 6400 6401
f 6343 6401 6338
f 6338 6401 6402
f 6338 6402 6395
f 6223 6215 6212
f 6212 6215 6214
f 6212 6214 6210
f 6210 6214 6347
f 6210 6347 6340
f 6340 6347 6403
f 6340 6403 6339
f 6404 6405 6406
f 6406 6405 6388
f 6406 6388 6407
f 6407 6388 6390
f 6407 6390 6408
f 6408 6390 6409
f 6408 6409 6379
f 6379 6409 6410
f 6379 6410 6377
f 6246 6229 6251
f 6251 6229 6226
f 6251 6226 6390
f 6390 6226 6411
f 6390 6411 6409
f 6409 6411 6412
f 6409 6412 6410
f 6410 6412 6193
f 6410 6193 6377
f 6377 6193 6192
f 6225 6227 6226
f 6226 6227 6213
f 6226 6213 6411
f 6411 6213 6211
f 6411 6211 6412
f 6412 6211 6210
f 6412 6210 6193
f 6193 6210 6340
f 6193 6340 6191
f 6191 6340 6384
f 6273 6360 6272
f 6272 6360 6362
f 6272 6362 6271
f 6271 6362 6413
f 6271 6413 6260
f 6260 6413 6414
f 6260 6414 6263
f 6263 6414 6415
f 6263 6415 6202
f 6202 6415 6205
f 6202 6205 6200
f 6200 6205 6204
f 6354 6416 6356
f 6356 6416 6243
f 6356 6243 6358
f 6358 6243 6256
f 6358 6256 6364
f 6364 6256 6417
f 6364 6417 6362
f 6362 6417 6418
f 6362 6418 6413
f 6413 6418 6419
f 6413 6419 6414
f 6414 6419 6420
f 6414 6420 6415
f 6415 6420 6421
f 6415 6421 6205
f 6205 6421 6422
f 6205 6422 6203
f 6203 6422 6423
f 6203 6423 6424
f 6398 6189 6367
f 6367 6189 6187
f 6367 6187 6302
f 6302 6187 6186
f 6302 6186 6158
f 6158 6186 6184
f 6178 6180 6303
f 6303 6180 6186
f 6303 6186 6306
f 6306 6186 6188
f 6306 6188 6304
f 6304 6188 6394
f 6304 6394 6310
f 6310 6394 6425
f 6310 6425 6309
f 6376 6194 6374
f 6374 6194 6196
f 6374 6196 6426
f 6426 6196 6427
f 6426 6427 6323
f 6323 6427 6325
f 6323 6325 6328
f 6328 6325 6327
f 6195 6428 6196
f 6196 6428 6429
f 6196 6429 6427
f 6427 6429 6430
f 6427 6430 6325
f 6325 6430 6431
f 6325 6431 6197
f 6197 6431 6296
f 6197 6296 6198
f 6198 6296 6288
f 6198 6288 6199
f 6199 6288 6287
f 6319 6424 6318
f 6318 6424 6423
f 6318 6423 6208
f 6208 6423 6432
f 6208 6432 6206
f 6206 6432 6292
f 6255 6404 6256
f 6256 6404 6406
f 6256 6406 6417
f 6417 6406 6407
f 6417 6407 6418
f 6418 6407 6408
f 6418 6408 6419
f 6419 6408 6379
f 6419 6379 6420
f 6420 6379 6372
f 6420 6372 6421
f 6421 6372 6374
f 6421 6374 6422
f 6422 6374 6426
f 6422 6426 6423
f 6423 6426 6323
f 6423 6323 6432
f 6432 6323 6321
f 6432 6321 6292
f 6292 6321 6320
f 6292 6320 6293
f 6428 6369 6429
f 6429 6369 6367
f 6429 6367 6430
f 6430 6367 6302
f 6430 6302 6431
f 6431 6302 6299
f 6431 6299 6296
f 6296 6299 6298
f 6296 6298 6294
f 6294 6298 6300
f 6274 6433 6434
f 6274 6434 6281
f 6281 6434 6435
f 6281 6435 6269
f 6269 6435 6436
f 6269 6436 6270
f 6270 6436 6437
f 6270 6437 6259
f 6259 6437 6438
f 6259 6438 6350
f 6350 6438 6439
f 6350 6439 6352
f 6352 6439 6440
f 6352 6440 6354
f 6354 6440 6441
f 6354 6441 6416
f 6416 6441 6442
f 6416 6442 6243
f 6243 6442 6443
f 6243 6443 6244
f 6244 6443 6444
f 6244 6444 6248
f 6248 6444 6246
f 6246 6444 6445
f 6246 6445 6229
f 6229 6445 6240
f 6240 6445 6446
f 6240 6446 6238
f 6238 6446 6447
f 6238 6447 6235
f 6235 6447 6448
f 6235 6448 6219
f 6219 6448 6449
f 6219 6449 6220
f 6220 6449 6450
f 6220 6450 6221
f 6221 6450 6451
f 6221 6451 6222
f 6222 6451 6223
f 6223 6451 6452
f 6223 6452 6215
f 6215 6452 6217
f 6217 6452 6453
f 6217 6453 6218
f 6454 6443 6442
f 6454 6442 6455
f 6455 6442 6441
f 6455 6441 6456
f 6456 6441 6440
f 6456 6440 6457
f 6457 6440 6439
f 6457 6439 6458
f 6458 6439 6438
f 6458 6438 6459
f 6459 6438 6437
f 6459 6437 6460
f 6460 6437 6436
f 6460 6436 6461
f 6461 6436 6435
f 6461 6435 6462
f 6462 6435 6434
f 6462 6434 6463
f 6463 6434 6433
f 6463 6433 6464
f 6465 6466 6448
f 6448 6466 6467
f 6448 6467 6449
f 6449 6467 6468
f 6449 6468 6450
f 6450 6468 6469
f 6450 6469 6451
f 6451 6469 6470
f 6451 6470 6452
f 6452 6470 6471
f 6452 6471 6453
f 6465 6448 6472
f 6472 6448 6447
f 6472 6447 6473
f 6473 6447 6474
f 6474 6447 6446
f 6474 6446 6475
f 6475 6446 6445
f 6475 6445 6476
f 6476 6445 6444
f 6476 6444 6477
f 6477 6444 6443
f 6477 6443 6454
f 6478 6479 6480
f 6480 6479 6481
f 6480 6481 6482
f 6482 6481 6464
f 6482 6464 6433
f 6483 6484 6478
f 6478 6484 6485
f 6478 6485 6479
f 6486 6487 6488
f 6488 6487 6483
f 6488 6483 6489
f 6489 6483 6478
f 6486 6488 6490
f 6490 6488 6491
f 6490 6491 6492
f 6492 6491 6493
f 6492 6493 6494
f 6494 6493 6495
f 6494 6495 6496
f 6496 6495 6497
f 6496 6497 6498
f 6498 6497 6499
f 6498 6499 6500
f 6500 6499 6501
f 6500 6501 6502
f 6502 6501 6503
f 6502 6503 6504
f 6504 6503 6505
f 6504 6505 6506
f 6506 6505 6507
f 6507 6505 6508
f 6507 6508 6509
f 6509 6508 6510
f 6509 6510 6511
f 6512 6513 6514
f 6514 6513 6515
f 6514 6515 6516
f 6516 6515 6517
f 6516 6517 6510
f 6510 6517 6518
f 6510 6518 6511
f 6519 6520 6512
f 6512 6520 6521
f 6512 6521 6513
f 6512 6522 6519
f 6519 6522 6453
f 6519 6453 6471
f 6218 6453 6522
f 6218 6522 6348
f 6348 6522 6512
f 6348 6512 6308
f 6308 6512 6514
f 6308 6514 6310
f 6310 6514 6516
f 6310 6516 6304
f 6304 6516 6510
f 6304 6510 6305
f 6305 6510 6508
f 6305 6508 6303
f 6303 6508 6505
f 6303 6505 6301
f 6301 6505 6503
f 6301 6503 6300
f 6300 6503 6501
f 6300 6501 6294
f 6294 6501 6499
f 6294 6499 6295
f 6295 6499 6497
f 6295 6497 6297
f 6297 6497 6495
f 6297 6495 6288
f 6288 6495 6493
f 6288 6493 6290
f 6290 6493 6491
f 6290 6491 6292
f 6292 6491 6488
f 6292 6488 6206
f 6206 6488 6489
f 6206 6489 6209
f 6209 6489 6478
f 6209 6478 6313
f 6313 6478 6480
f 6313 6480 6284
f 6284 6480 6482
f 6284 6482 6276
f 6276 6482 6433
f 6276 6433 6274
f 6523 6524 6525
f 6526 6527 6528
f 6529 6530 6531
f 6532 6533 6534
f 6484 6535 6485
f 6473 6536 6472
f 6475 6476 6537
f 6455 6538 6539
f 6464 6481 6540
f 6541 6462 6542
f 6542 6462 6463
f 6542 6463 6543
f 6543 6463 6464
f 6543 6464 6544
f 6544 6464 6540
f 6460 6545 6459
f 6459 6545 6546
f 6459 6546 6458
f 6460 6461 6545
f 6545 6461 6462
f 6545 6462 6547
f 6547 6462 6541
f 6547 6541 6548
f 6456 6457 6549
f 6549 6457 6458
f 6549 6458 6550
f 6551 6454 6552
f 6552 6454 6455
f 6552 6455 6553
f 6553 6455 6554
f 6555 6556 6539
f 6539 6556 6557
f 6557 6558 6539
f 6539 6558 6559
f 6539 6559 6455
f 6455 6559 6560
f 6455 6560 6554
f 6551 6561 6454
f 6454 6561 6562
f 6454 6562 6477
f 6477 6562 6563
f 6563 6564 6477
f 6477 6564 6565
f 6477 6565 6476
f 6536 6473 6537
f 6537 6473 6474
f 6537 6474 6475
f 6566 6567 6568
f 6569 6570 6571
f 6520 6572 6566
f 6566 6572 6573
f 6566 6573 6567
f 6570 6574 6571
f 6571 6574 6575
f 6571 6575 6469
f 6469 6575 6576
f 6469 6576 6470
f 6470 6576 6577
f 6470 6577 6471
f 6577 6578 6471
f 6471 6578 6579
f 6471 6579 6519
f 6519 6579 6580
f 6519 6580 6520
f 6520 6580 6581
f 6520 6581 6572
f 6566 6582 6520
f 6520 6582 6583
f 6520 6583 6521
f 6584 6585 6566
f 6566 6585 6586
f 6566 6586 6582
f 6587 6517 6588
f 6588 6517 6515
f 6588 6515 6589
f 6589 6515 6513
f 6589 6513 6590
f 6590 6513 6521
f 6590 6521 6591
f 6591 6521 6583
f 6587 6592 6517
f 6517 6592 6593
f 6517 6593 6594
f 6595 6185 6518
f 6518 6185 6183
f 6518 6183 6511
f 6511 6183 6181
f 6511 6181 6509
f 6509 6181 6507
f 6181 6179 6507
f 6507 6179 6596
f 6507 6596 6506
f 6506 6596 6597
f 6506 6597 6504
f 6504 6597 6598
f 6504 6598 6502
f 6502 6598 6599
f 6502 6599 6500
f 6600 6498 6500
f 6601 6602 6534
f 6603 6604 6600
f 6602 6605 6534
f 6534 6605 6606
f 6534 6606 6603
f 6604 6607 6600
f 6600 6607 6608
f 6600 6608 6498
f 6601 6490 6609
f 6609 6490 6492
f 6608 6610 6498
f 6498 6610 6611
f 6498 6611 6496
f 6496 6611 6612
f 6496 6612 6494
f 6494 6612 6613
f 6494 6613 6492
f 6492 6613 6614
f 6492 6614 6609
f 6601 6534 6490
f 6490 6534 6533
f 6490 6533 6486
f 6533 6615 6486
f 6486 6615 6616
f 6486 6616 6487
f 6487 6616 6617
f 6487 6617 6483
f 6485 6535 6479
f 6617 6618 6483
f 6483 6618 6619
f 6483 6619 6484
f 6484 6619 6620
f 6484 6620 6535
f 6535 6620 6621
f 6535 6621 6479
f 6479 6621 6622
f 6479 6622 6623
f 6550 6624 6549
f 6549 6624 6625
f 6549 6625 6626
f 6626 6627 6549
f 6549 6627 6538
f 6549 6538 6456
f 6456 6538 6455
f 6627 6628 6538
f 6538 6628 6629
f 6538 6629 6630
f 6631 6632 6633
f 6631 6633 6634
f 6634 6633 6635
f 6634 6635 6636
f 6632 6637 6638
f 6638 6637 6639
f 6638 6639 6550
f 6550 6639 6640
f 6550 6640 6624
f 6179 6177 6596
f 6596 6177 6175
f 6596 6175 6597
f 6597 6175 6173
f 6597 6173 6598
f 6598 6173 6171
f 6598 6171 6169
f 6167 6165 6641
f 6641 6165 6163
f 6641 6163 6642
f 6642 6163 6161
f 6642 6161 6595
f 6595 6161 6159
f 6595 6159 6185
f 6476 6565 6537
f 6537 6565 6643
f 6537 6643 6644
f 6644 6645 6537
f 6537 6645 6646
f 6537 6646 6647
f 6647 6646 6648
f 6648 6649 6647
f 6647 6649 6650
f 6647 6650 6651
f 6651 6650 6652
f 6651 6652 6653
f 6653 6654 6651
f 6651 6654 6655
f 6651 6655 6656
f 6656 6655 6657
f 6656 6657 6658
f 6659 6660 6661
f 6661 6662 6659
f 6659 6662 6663
f 6659 6663 6534
f 6534 6663 6664
f 6534 6664 6532
f 6665 6666 6667
f 6667 6666 6668
f 6666 6669 6668
f 6668 6669 6670
f 6668 6670 6671
f 6671 6670 6672
f 6481 6479 6673
f 6673 6479 6623
f 6673 6623 6674
f 6674 6623 6675
f 6676 6677 6656
f 6656 6677 6678
f 6678 6679 6656
f 6656 6679 6680
f 6656 6680 6651
f 6651 6680 6681
f 6651 6681 6682
f 6656 6635 6676
f 6676 6635 6633
f 6676 6633 6683
f 6683 6633 6684
f 6683 6684 6685
f 6600 6686 6687
f 6603 6600 6534
f 6534 6600 6687
f 6534 6687 6659
f 6659 6687 6688
f 6659 6688 6531
f 6531 6688 6689
f 6531 6689 6529
f 6500 6599 6600
f 6600 6599 6690
f 6600 6690 6686
f 6691 6692 6693
f 6694 6695 6696
f 6696 6695 6697
f 6696 6697 6698
f 6699 6700 6701
f 6682 6702 6700
f 6702 6703 6700
f 6700 6703 6704
f 6700 6704 6701
f 6593 6705 6594
f 6594 6705 6706
f 6594 6706 6707
f 6708 6709 6710
f 6710 6709 6711
f 6712 6713 6711
f 6711 6713 6714
f 6711 6714 6710
f 6715 6716 6717
f 6717 6716 6667
f 6717 6667 6718
f 6718 6667 6719
f 6719 6667 6668
f 6719 6668 6720
f 6720 6668 6684
f 6720 6684 6721
f 6706 6712 6707
f 6707 6712 6711
f 6707 6711 6697
f 6697 6711 6722
f 6697 6722 6698
f 6698 6722 6723
f 6708 6584 6709
f 6709 6584 6566
f 6709 6566 6711
f 6711 6566 6724
f 6711 6724 6722
f 6722 6724 6725
f 6722 6725 6723
f 6723 6725 6726
f 6568 6569 6566
f 6566 6569 6571
f 6566 6571 6724
f 6724 6571 6727
f 6724 6727 6725
f 6725 6727 6699
f 6725 6699 6726
f 6726 6699 6701
f 6169 6167 6598
f 6598 6167 6641
f 6598 6641 6599
f 6599 6641 6693
f 6599 6693 6690
f 6690 6693 6692
f 6518 6517 6595
f 6595 6517 6594
f 6595 6594 6642
f 6642 6594 6707
f 6642 6707 6641
f 6641 6707 6697
f 6641 6697 6693
f 6693 6697 6695
f 6693 6695 6691
f 6691 6695 6694
f 6469 6468 6571
f 6571 6468 6728
f 6571 6728 6727
f 6727 6728 6729
f 6727 6729 6699
f 6699 6729 6730
f 6699 6730 6700
f 6700 6730 6525
f 6524 6731 6525
f 6525 6731 6732
f 6525 6732 6733
f 6682 6700 6651
f 6651 6700 6525
f 6651 6525 6647
f 6647 6525 6733
f 6647 6733 6734
f 6735 6523 6536
f 6536 6523 6525
f 6536 6525 6472
f 6472 6525 6730
f 6472 6730 6465
f 6465 6730 6729
f 6465 6729 6466
f 6466 6729 6728
f 6466 6728 6467
f 6467 6728 6468
f 6734 6736 6647
f 6647 6736 6737
f 6647 6737 6537
f 6537 6737 6738
f 6537 6738 6739
f 6739 6740 6537
f 6537 6740 6741
f 6537 6741 6536
f 6536 6741 6742
f 6536 6742 6735
f 6685 6684 6530
f 6530 6684 6668
f 6530 6668 6531
f 6531 6668 6671
f 6531 6671 6659
f 6659 6671 6672
f 6659 6672 6660
f 6658 6555 6656
f 6656 6555 6539
f 6656 6539 6635
f 6635 6539 6538
f 6635 6538 6636
f 6636 6538 6630
f 6632 6638 6633
f 6633 6638 6528
f 6633 6528 6684
f 6684 6528 6527
f 6684 6527 6721
f 6675 6665 6674
f 6674 6665 6667
f 6674 6667 6673
f 6673 6667 6716
f 6673 6716 6481
f 6481 6716 6715
f 6481 6715 6540
f 6458 6546 6550
f 6550 6546 6545
f 6550 6545 6638
f 6638 6545 6547
f 6638 6547 6528
f 6528 6547 6548
f 6528 6548 6526
f 6280 6541 6282
f 6282 6541 6542
f 6282 6542 6283
f 6283 6542 6543
f 6283 6543 6275
f 6275 6543 6544
f 6275 6544 6277
f 6277 6544 6540
f 6277 6540 6278
f 6278 6540 6715
f 6278 6715 6264
f 6264 6715 6717
f 6264 6717 6265
f 6265 6717 6718
f 6265 6718 6266
f 6266 6718 6719
f 6266 6719 6267
f 6267 6719 6720
f 6267 6720 6268
f 6268 6720 6721
f 6268 6721 6261
f 6261 6721 6527
f 6261 6527 6262
f 6262 6527 6526
f 6262 6526 6279
f 6279 6526 6548
f 6279 6548 6280
f 6280 6548 6541
f 6743 6586 6744
f 6744 6586 6585
f 6744 6585 6745
f 6745 6585 6584
f 6745 6584 6746
f 6746 6584 6708
f 6746 6708 6747
f 6747 6708 6710
f 6747 6710 6748
f 6748 6710 6714
f 6748 6714 6749
f 6749 6714 6713
f 6749 6713 6750
f 6750 6713 6712
f 6399 6309 6751
f 6752 6743 6744
f 6752 6402 6753
f 6753 6402 6401
f 6753 6401 6754
f 6754 6401 6400
f 6751 6755 6399
f 6399 6755 6756
f 6399 6756 6400
f 6400 6756 6757
f 6400 6757 6754
f 6752 6744 6402
f 6402 6744 6745
f 6402 6745 6395
f 6745 6746 6395
f 6395 6746 6747
f 6395 6747 6396
f 6750 6397 6749
f 6749 6397 6396
f 6749 6396 6748
f 6748 6396 6747
f 6751 6309 6425
f 6750 6758 6397
f 6397 6758 6398
f 6758 6759 6398
f 6398 6759 6760
f 6398 6760 6189
f 6760 6761 6189
f 6189 6761 6762
f 6189 6762 6190
f 6762 6763 6190
f 6190 6763 6764
f 6190 6764 6393
f 6764 6765 6393
f 6393 6765 6766
f 6393 6766 6394
f 6766 6767 6394
f 6394 6767 6768
f 6394 6768 6425
f 6769 6751 6770
f 6770 6751 6425
f 6770 6425 6771
f 6771 6425 6768
f 6751 6769 6772
f 6751 6772 6755
f 6755 6772 6773
f 6755 6773 6756
f 6756 6773 6757
f 6757 6773 6774
f 6757 6774 6754
f 6754 6774 6753
f 6753 6774 6743
f 6753 6743 6752
f 6586 6743 6582
f 6582 6743 6774
f 6582 6774 6583
f 6583 6774 6773
f 6583 6773 6591
f 6591 6773 6772
f 6591 6772 6590
f 6590 6772 6769
f 6590 6769 6589
f 6769 6770 6589
f 6589 6770 6771
f 6589 6771 6588
f 6771 6768 6588
f 6588 6768 6767
f 6588 6767 6587
f 6767 6766 6587
f 6587 6766 6765
f 6587 6765 6592
f 6592 6765 6764
f 6592 6764 6593
f 6764 6763 6593
f 6593 6763 6762
f 6593 6762 6705
f 6762 6761 6705
f 6705 6761 6760
f 6705 6760 6706
f 6750 6712 6758
f 6758 6712 6706
f 6758 6706 6759
f 6759 6706 6760
f 6690 6775 6686
f 6686 6775 6776
f 6686 6776 6687
f 6776 6777 6687
f 6687 6777 6778
f 6687 6778 6688
f 6778 6779 6688
f 6688 6779 6780
f 6688 6780 6689
f 6780 6781 6689
f 6689 6781 6782
f 6689 6782 6529
f 6782 6783 6529
f 6529 6783 6784
f 6529 6784 6530
f 6784 6785 6530
f 6530 6785 6786
f 6530 6786 6685
f 6786 6787 6685
f 6685 6787 6788
f 6685 6788 6683
f 6788 6789 6683
f 6683 6789 6790
f 6683 6790 6676
f 6790 6791 6676
f 6676 6791 6792
f 6676 6792 6677
f 6792 6793 6677
f 6677 6793 6794
f 6677 6794 6678
f 6794 6795 6678
f 6678 6795 6796
f 6678 6796 6679
f 6796 6797 6679
f 6679 6797 6798
f 6679 6798 6680
f 6680 6798 6799
f 6680 6799 6800
f 6801 6726 6802
f 6802 6726 6701
f 6802 6701 6803
f 6803 6701 6704
f 6803 6704 6804
f 6804 6704 6703
f 6804 6703 6805
f 6805 6703 6702
f 6805 6702 6806
f 6806 6702 6682
f 6806 6682 6807
f 6807 6682 6681
f 6807 6681 6800
f 6800 6681 6680
f 6808 6809 6810
f 6811 6801 6812
f 6812 6801 6802
f 6812 6802 6813
f 6813 6802 6803
f 6813 6803 6814
f 6814 6803 6804
f 6814 6804 6815
f 6815 6804 6805
f 6815 6805 6816
f 6816 6805 6806
f 6816 6806 6817
f 6806 6807 6817
f 6817 6807 6800
f 6817 6800 6818
f 6800 6799 6818
f 6818 6799 6798
f 6818 6798 6819
f 6798 6797 6819
f 6819 6797 6796
f 6819 6796 6820
f 6796 6795 6820
f 6820 6795 6794
f 6820 6794 6821
f 6794 6793 6821
f 6821 6793 6792
f 6821 6792 6822
f 6792 6791 6822
f 6822 6791 6790
f 6822 6790 6810
f 6787 6808 6788
f 6788 6808 6810
f 6788 6810 6789
f 6789 6810 6790
f 6787 6786 6808
f 6808 6786 6823
f 6786 6785 6823
f 6823 6785 6784
f 6823 6784 6824
f 6824 6784 6783
f 6824 6783 6825
f 6825 6783 6782
f 6825 6782 6826
f 6826 6782 6781
f 6826 6781 6827
f 6827 6781 6780
f 6827 6780 6828
f 6828 6780 6779
f 6828 6779 6829
f 6829 6779 6778
f 6829 6778 6830
f 6830 6778 6777
f 6830 6777 6831
f 6831 6777 6776
f 6831 6776 6832
f 6832 6776 6833
f 6833 6776 6775
f 6833 6775 6834
f 6834 6775 6835
f 6836 6837 6833
f 6833 6837 6832
f 6832 6837 6838
f 6832 6838 6831
f 6831 6838 6830
f 6830 6838 6839
f 6830 6839 6829
f 6829 6839 6828
f 6828 6839 6840
f 6828 6840 6827
f 6827 6840 6826
f 6826 6840 6841
f 6826 6841 6825
f 6825 6841 6824
f 6824 6841 6842
f 6824 6842 6823
f 6823 6842 6809
f 6823 6809 6808
f 6833 6834 6836
f 6836 6834 6835
f 6836 6835 6843
f 6843 6835 6844
f 6843 6844 6845
f 6845 6844 6846
f 6845 6846 6847
f 6847 6846 6848
f 6847 6848 6849
f 6849 6848 6850
f 6849 6850 6851
f 6851 6850 6852
f 6851 6852 6811
f 6811 6852 6801
f 6853 6809 6854
f 6854 6809 6842
f 6854 6842 6855
f 6855 6842 6841
f 6855 6841 6856
f 6856 6841 6840
f 6856 6840 6857
f 6857 6840 6839
f 6857 6839 6858
f 6858 6839 6838
f 6858 6838 6859
f 6838 6837 6859
f 6859 6837 6836
f 6859 6836 6860
f 6860 6836 6843
f 6860 6843 6861
f 6861 6843 6845
f 6861 6845 6862
f 6862 6845 6847
f 6862 6847 6863
f 6863 6847 6849
f 6863 6849 6864
f 6865 6818 6866
f 6866 6818 6819
f 6866 6819 6867
f 6867 6819 6820
f 6867 6820 6868
f 6868 6820 6821
f 6868 6821 6869
f 6869 6821 6822
f 6869 6822 6853
f 6853 6822 6810
f 6853 6810 6809
f 6849 6851 6864
f 6864 6851 6811
f 6864 6811 6870
f 6870 6811 6812
f 6870 6812 6871
f 6871 6812 6813
f 6871 6813 6872
f 6872 6813 6814
f 6872 6814 6873
f 6873 6814 6815
f 6873 6815 6874
f 6874 6815 6816
f 6874 6816 6865
f 6865 6816 6817
f 6865 6817 6818
f 6875 6865 6876
f 6876 6865 6866
f 6876 6866 6877
f 6877 6866 6867
f 6877 6867 6878
f 6878 6867 6868
f 6878 6868 6879
f 6879 6868 6869
f 6879 6869 6880
f 6880 6869 6853
f 6880 6853 6881
f 6881 6853 6854
f 6881 6854 6882
f 6882 6854 6855
f 6882 6855 6883
f 6883 6855 6856
f 6883 6856 6884
f 6884 6856 6857
f 6884 6857 6885
f 6885 6857 6858
f 6885 6858 6886
f 6886 6858 6859
f 6886 6859 6887
f 6887 6859 6860
f 6887 6860 6888
f 6888 6860 6861
f 6888 6861 6889
f 6889 6861 6862
f 6889 6862 6890
f 6890 6862 6863
f 6890 6863 6891
f 6891 6863 6864
f 6891 6864 6892
f 6892 6864 6870
f 6892 6870 6893
f 6893 6870 6871
f 6893 6871 6894
f 6894 6871 6872
f 6894 6872 6895
f 6895 6872 6873
f 6895 6873 6896
f 6896 6873 6874
f 6896 6874 6875
f 6875 6874 6865
f 6369 6886 6370
f 6370 6886 6887
f 6370 6887 6371
f 6371 6887 6888
f 6371 6888 6368
f 6368 6888 6889
f 6368 6889 6385
f 6385 6889 6890
f 6385 6890 6386
f 6386 6890 6891
f 6386 6891 6387
f 6387 6891 6892
f 6387 6892 6383
f 6383 6892 6893
f 6383 6893 6384
f 6384 6893 6894
f 6384 6894 6191
f 6191 6894 6895
f 6191 6895 6192
f 6192 6895 6896
f 6192 6896 6377
f 6377 6896 6875
f 6377 6875 6378
f 6378 6875 6876
f 6378 6876 6380
f 6380 6876 6877
f 6380 6877 6381
f 6381 6877 6878
f 6381 6878 6382
f 6382 6878 6879
f 6382 6879 6373
f 6373 6879 6880
f 6373 6880 6375
f 6375 6880 6881
f 6375 6881 6376
f 6376 6881 6882
f 6376 6882 6194
f 6194 6882 6883
f 6194 6883 6195
f 6195 6883 6884
f 6195 6884 6428
f 6428 6884 6885
f 6428 6885 6369
f 6369 6885 6886
f 6775 6690 6835
f 6835 6690 6692
f 6835 6692 6844
f 6844 6692 6691
f 6844 6691 6846
f 6846 6691 6694
f 6846 6694 6848
f 6848 6694 6696
f 6848 6696 6850
f 6850 6696 6698
f 6850 6698 6852
f 6852 6698 6723
f 6852 6723 6801
f 6801 6723 6726
f 6897 6617 6898
f 6898 6617 6616
f 6898 6616 6899
f 6899 6616 6615
f 6899 6615 6900
f 6900 6615 6533
f 6900 6533 6901
f 6901 6533 6532
f 6901 6532 6902
f 6902 6532 6664
f 6902 6664 6903
f 6903 6664 6663
f 6903 6663 6904
f 6904 6663 6662
f 6618 6617 6897
f 6897 6905 6618
f 6618 6905 6906
f 6618 6906 6619
f 6906 6907 6619
f 6619 6907 6908
f 6619 6908 6620
f 6909 6665 6910
f 6910 6665 6675
f 6910 6675 6911
f 6911 6675 6623
f 6911 6623 6912
f 6912 6623 6622
f 6912 6622 6913
f 6913 6622 6621
f 6913 6621 6914
f 6914 6621 6620
f 6914 6620 6915
f 6915 6620 6908
f 6312 6916 6314
f 6314 6916 6913
f 6314 6913 6914
f 6914 6915 6314
f 6314 6915 6908
f 6314 6908 6315
f 6908 6907 6315
f 6315 6907 6906
f 6315 6906 6316
f 6906 6905 6316
f 6316 6905 6897
f 6316 6897 6317
f 6897 6898 6317
f 6317 6898 6899
f 6317 6899 6319
f 6899 6900 6319
f 6319 6900 6901
f 6319 6901 6424
f 6904 6203 6903
f 6903 6203 6424
f 6903 6424 6902
f 6902 6424 6901
f 6917 6909 6918
f 6918 6909 6910
f 6911 6919 6910
f 6910 6919 6920
f 6910 6920 6918
f 6912 6921 6911
f 6911 6921 6922
f 6911 6922 6919
f 6913 6916 6912
f 6912 6916 6923
f 6912 6923 6921
f 6916 6312 6923
f 6923 6312 6311
f 6285 6922 6311
f 6311 6922 6921
f 6311 6921 6923
f 6286 6920 6285
f 6285 6920 6919
f 6285 6919 6922
f 6201 6917 6286
f 6286 6917 6918
f 6286 6918 6920
f 6203 6904 6924
f 6203 6924 6204
f 6924 6925 6204
f 6204 6925 6926
f 6204 6926 6200
f 6909 6917 6927
f 6927 6917 6201
f 6927 6201 6928
f 6928 6201 6200
f 6928 6200 6929
f 6929 6200 6926
f 6904 6662 6924
f 6924 6662 6661
f 6924 6661 6925
f 6925 6661 6660
f 6925 6660 6926
f 6926 6660 6672
f 6926 6672 6929
f 6929 6672 6670
f 6929 6670 6928
f 6928 6670 6669
f 6928 6669 6927
f 6927 6669 6666
f 6927 6666 6909
f 6909 6666 6665
f 6930 6558 6931
f 6931 6558 6557
f 6931 6557 6932
f 6932 6557 6556
f 6932 6556 6933
f 6933 6556 6555
f 6933 6555 6934
f 6934 6555 6658
f 6934 6658 6935
f 6935 6658 6657
f 6935 6657 6936
f 6936 6657 6655
f 6936 6655 6937
f 6937 6655 6654
f 6937 6654 6938
f 6938 6654 6653
f 6938 6653 6939
f 6939 6653 6652
f 6939 6652 6940
f 6940 6652 6650
f 6940 6650 6941
f 6941 6650 6649
f 6941 6649 6942
f 6942 6649 6648
f 6942 6648 6943
f 6943 6648 6646
f 6943 6646 6944
f 6944 6646 6645
f 6404 6930 6931
f 6404 6931 6405
f 6931 6932 6405
f 6405 6932 6933
f 6405 6933 6388
f 6933 6934 6388
f 6388 6934 6935
f 6388 6935 6389
f 6935 6936 6389
f 6389 6936 6937
f 6389 6937 6391
f 6937 6938 6391
f 6391 6938 6939
f 6391 6939 6392
f 6939 6940 6392
f 6392 6940 6941
f 6392 6941 6252
f 6944 6253 6943
f 6943 6253 6252
f 6943 6252 6942
f 6942 6252 6941
f 6944 6945 6253
f 6253 6945 6247
f 6945 6946 6247
f 6247 6946 6947
f 6247 6947 6249
f 6947 6948 6249
f 6249 6948 6949
f 6249 6949 6250
f 6949 6950 6250
f 6250 6950 6951
f 6250 6951 6245
f 6951 6952 6245
f 6245 6952 6953
f 6245 6953 6254
f 6953 6954 6254
f 6254 6954 6955
f 6254 6955 6255
f 6930 6404 6956
f 6956 6404 6255
f 6956 6255 6957
f 6957 6255 6955
f 6951 6561 6952
f 6952 6561 6551
f 6952 6551 6953
f 6953 6551 6552
f 6953 6552 6954
f 6954 6552 6553
f 6954 6553 6955
f 6955 6553 6554
f 6955 6554 6957
f 6957 6554 6560
f 6957 6560 6956
f 6956 6560 6559
f 6956 6559 6930
f 6930 6559 6558
f 6944 6645 6945
f 6945 6645 6644
f 6945 6644 6946
f 6946 6644 6643
f 6946 6643 6947
f 6947 6643 6565
f 6947 6565 6948
f 6948 6565 6564
f 6948 6564 6949
f 6949 6564 6563
f 6949 6563 6950
f 6950 6563 6562
f 6950 6562 6951
f 6951 6562 6561
f 6320 6601 6293
f 6293 6601 6609
f 6293 6609 6291
f 6291 6609 6614
f 6291 6614 6289
f 6289 6614 6613
f 6289 6613 6287
f 6287 6613 6612
f 6287 6612 6199
f 6199 6612 6611
f 6199 6611 6197
f 6197 6611 6610
f 6197 6610 6324
f 6324 6610 6608
f 6324 6608 6326
f 6326 6608 6607
f 6326 6607 6327
f 6327 6607 6604
f 6327 6604 6328
f 6328 6604 6603
f 6328 6603 6329
f 6329 6603 6606
f 6329 6606 6330
f 6330 6606 6605
f 6330 6605 6322
f 6322 6605 6602
f 6322 6602 6320
f 6320 6602 6601
f 6403 6574 6339
f 6339 6574 6570
f 6339 6570 6337
f 6337 6570 6569
f 6337 6569 6341
f 6341 6569 6568
f 6341 6568 6342
f 6342 6568 6567
f 6342 6567 6344
f 6344 6567 6573
f 6344 6573 6345
f 6345 6573 6572
f 6345 6572 6331
f 6331 6572 6581
f 6331 6581 6332
f 6332 6581 6580
f 6332 6580 6333
f 6333 6580 6579
f 6333 6579 6335
f 6335 6579 6578
f 6335 6578 6336
f 6336 6578 6577
f 6336 6577 6346
f 6346 6577 6576
f 6346 6576 6347
f 6347 6576 6575
f 6347 6575 6403
f 6403 6575 6574
f 6231 6737 6224
f 6224 6737 6736
f 6224 6736 6225
f 6225 6736 6734
f 6225 6734 6227
f 6227 6734 6733
f 6227 6733 6228
f 6228 6733 6732
f 6228 6732 6232
f 6232 6732 6731
f 6232 6731 6233
f 6233 6731 6524
f 6233 6524 6234
f 6234 6524 6523
f 6234 6523 6236
f 6236 6523 6735
f 6236 6735 6237
f 6237 6735 6742
f 6237 6742 6239
f 6239 6742 6741
f 6239 6741 6241
f 6241 6741 6740
f 6241 6740 6242
f 6242 6740 6739
f 6242 6739 6230
f 6230 6739 6738
f 6230 6738 6231
f 6231 6738 6737
f 6273 6637 6360
f 6360 6637 6632
f 6360 6632 6361
f 6361 6632 6631
f 6361 6631 6363
f 6363 6631 6634
f 6363 6634 6365
f 6365 6634 6636
f 6365 6636 6366
f 6366 6636 6630
f 6366 6630 6359
f 6359 6630 6629
f 6359 6629 6357
f 6357 6629 6628
f 6357 6628 6355
f 6355 6628 6627
f 6355 6627 6353
f 6353 6627 6626
f 6353 6626 6351
f 6351 6626 6625
f 6351 6625 6349
f 6349 6625 6624
f 6349 6624 6257
f 6257 6624 6640
f 6257 6640 6258
f 6258 6640 6639
f 6258 6639 6273
f 6273 6639 6637
f 6958 6959 6960
f 6958 6960 6961
f 6961 6960 6962
f 6961 6962 6963
f 6963 6962 6964
f 6963 6964 6965
f 6965 6964 6966
f 6965 6966 6967
f 6967 6966 6968
f 6967 6968 6969
f 6969 6968 6970
f 6969 6970 6971
f 6971 6970 6972
f 6971 6972 6973
f 6973 6972 6974
f 6973 6974 6975
f 6975 6974 6976
f 6975 6976 6977
f 6977 6976 6978
f 6977 6978 6979
f 6979 6978 6980
f 6979 6980 6981
f 6981 6980 6982
f 6981 6982 6983
f 6983 6982 6984
f 6983 6984 6985
f 6985 6984 6986
f 6985 6986 6987
f 6987 6986 6988
f 6987 6988 6989
f 6989 6988 6990
f 6989 6990 6991
f 6991 6992 6993
f 6991 6993 6989
f 6989 6993 6994
f 6989 6994 6987
f 6987 6994 6995
f 6987 6995 6985
f 6985 6995 6996
f 6985 6996 6983
f 6983 6996 6997
f 6983 6997 6981
f 6981 6997 6998
f 6981 6998 6979
f 6979 6998 6999
f 6979 6999 6977
f 6977 6999 7000
f 6977 7000 6975
f 6975 7000 7001
f 6975 7001 6973
f 6973 7001 7002
f 6973 7002 6971
f 6971 7002 7003
f 6971 7003 6969
f 6969 7003 7004
f 6969 7004 6967
f 6967 7004 7005
f 6967 7005 6965
f 6965 7005 7006
f 6965 7006 6963
f 6963 7006 7007
f 6963 7007 6961
f 6961 7007 7008
f 6961 7008 6958
f 6958 7008 7009
f 6958 7009 7010
f 7010 7009 7011
f 7010 7011 7012
f 7012 7011 7013
f 7012 7013 7014
f 7014 7013 7015
f 7014 7015 7016
f 7016 7015 7017
f 7016 7017 7018
f 7018 7017 7019
f 7018 7019 7020
f 7020 7019 7021
f 7020 7021 7022
f 7022 7021 7023
f 7022 7023 7024
f 7024 7023 7025
f 7024 7025 7026
f 7026 7025 7027
f 7026 7027 7028
f 7028 7027 7029
f 7028 7029 7030
f 7030 7029 7031
f 7030 7031 7032
f 7032 7031 7033
f 7032 7033 7034
f 7034 7033 7035
f 7034 7035 7036
f 7036 7035 7037
f 7036 7037 7038
f 7038 7037 6992
f 7038 6992 6991
f 7039 6992 7037
f 7039 7037 7040
f 7040 7037 7035
f 7040 7035 7041
f 7041 7035 7033
f 7041 7033 7042
f 7042 7033 7031
f 7042 7031 7043
f 7043 7031 7029
f 7043 7029 7044
f 7044 7029 7027
f 7044 7027 7045
f 7045 7027 7025
f 7045 7025 7046
f 7046 7025 7023
f 7046 7023 7047
f 7047 7023 7021
f 7047 7021 7048
f 7048 7021 7019
f 7048 7019 7049
f 7049 7019 7017
f 7049 7017 7050
f 7050 7017 7015
f 7050 7015 7051
f 7051 7015 7013
f 7051 7013 7052
f 7052 7013 7011
f 7052 7011 7053
f 7053 7011 7009
f 7053 7009 7054
f 7054 7009 7008
f 7054 7008 7055
f 7055 7008 7007
f 7055 7007 7056
f 7056 7007 7006
f 7056 7006 7057
f 7057 7006 7005
f 7057 7005 7058
f 7058 7005 7004
f 7058 7004 7059
f 7059 7004 7003
f 7059 7003 7060
f 7060 7003 7002
f 7060 7002 7061
f 7061 7002 7001
f 7061 7001 7062
f 7062 7001 7000
f 7062 7000 7063
f 7063 7000 6999
f 7063 6999 7064
f 7064 6999 6998
f 7064 6998 7065
f 7065 6998 6997
f 7065 6997 7066
f 7066 6997 6996
f 7066 6996 7067
f 7067 6996 6995
f 7067 6995 7068
f 7068 6995 6994
f 7068 6994 7069
f 7069 6994 6993
f 7069 6993 7070
f 7070 6993 6992
f 7070 6992 7039
f 7071 7047 7072
f 7072 7047 7048
f 7072 7048 7073
f 7073 7048 7049
f 7073 7049 7074
f 7074 7049 7050
f 7074 7050 7075
f 7075 7050 7051
f 7075 7051 7076
f 7076 7051 7052
f 7076 7052 7077
f 7077 7052 7053
f 7077 7053 7078
f 7078 7053 7054
f 7078 7054 7079
f 7079 7054 7055
f 7079 7055 7080
f 7080 7055 7056
f 7080 7056 7081
f 7081 7056 7057
f 7081 7057 7082
f 7082 7057 7058
f 7082 7058 7083
f 7083 7058 7059
f 7083 7059 7084
f 7084 7059 7060
f 7084 7060 7085
f 7085 7060 7061
f 7085 7061 7086
f 7086 7061 7062
f 7086 7062 7087
f 7062 7063 7087
f 7087 7063 7064
f 7087 7064 7088
f 7088 7064 7065
f 7088 7065 7089
f 7089 7065 7066
f 7089 7066 7090
f 7090 7066 7067
f 7090 7067 7091
f 7091 7067 7068
f 7091 7068 7092
f 7092 7068 7069
f 7092 7069 7093
f 7093 7069 7070
f 7093 7070 7094
f 7094 7070 7039
f 7094 7039 7095
f 7095 7039 7040
f 7095 7040 7096
f 7096 7040 7041
f 7096 7041 7097
f 7097 7041 7042
f 7097 7042 7098
f 7098 7042 7043
f 7098 7043 7099
f 7099 7043 7044
f 7099 7044 7100
f 7100 7044 7045
f 7100 7045 7071
f 7071 7045 7046
f 7071 7046 7047
f 7101 7094 7102
f 7102 7094 7095
f 7102 7095 7103
f 7103 7095 7096
f 7103 7096 7104
f 7104 7096 7097
f 7104 7097 7105
f 7105 7097 7098
f 7105 7098 7106
f 7106 7098 7099
f 7106 7099 7107
f 7107 7099 7100
f 7107 7100 7108
f 7108 7100 7071
f 7108 7071 7109
f 7109 7071 7072
f 7109 7072 7110
f 7110 7072 7073
f 7110 7073 7111
f 7111 7073 7074
f 7111 7074 7112
f 7112 7074 7075
f 7112 7075 7113
f 7113 7075 7076
f 7113 7076 7114
f 7114 7076 7077
f 7114 7077 7115
f 7115 7077 7078
f 7115 7078 7116
f 7116 7078 7079
f 7116 7117 7115
f 7115 7117 7118
f 7115 7118 7114
f 7114 7118 7119
f 7114 7119 7113
f 7113 7119 7120
f 7113 7120 7112
f 7112 7120 7121
f 7112 7121 7111
f 7111 7121 7122
f 7111 7122 7110
f 7110 7122 7123
f 7110 7123 7109
f 7109 7123 7124
f 7109 7124 7108
f 7108 7124 7125
f 7108 7125 7107
f 7107 7125 7126
f 7107 7126 7106
f 7106 7126 7127
f 7106 7127 7105
f 7105 7127 7128
f 7105 7128 7104
f 7104 7128 7129
f 7104 7129 7103
f 7103 7129 7130
f 7103 7130 7102
f 7102 7130 7131
f 7102 7131 7101
f 7101 7131 7132
f 7101 7132 7133
f 7133 7132 7134
f 7133 7134 7135
f 7135 7134 7136
f 7135 7136 7137
f 7137 7136 7138
f 7137 7138 7139
f 7139 7138 7140
f 7139 7140 7141
f 7141 7140 7142
f 7141 7142 7143
f 7143 7142 7144
f 7143 7144 7145
f 7145 7144 7146
f 7145 7146 7147
f 7147 7146 7148
f 7147 7148 7149
f 7149 7148 7150
f 7149 7150 7151
f 7151 7150 7152
f 7151 7152 7153
f 7153 7152 7154
f 7153 7154 7155
f 7155 7154 7156
f 7155 7156 7157
f 7157 7156 7158
f 7157 7158 7159
f 7159 7158 7160
f 7159 7160 7116
f 7116 7160 7117
f 7132 7161 7134
f 7134 7161 7162
f 7134 7162 7136
f 7136 7162 7163
f 7136 7163 7138
f 7138 7163 7164
f 7138 7164 7140
f 7140 7164 7165
f 7140 7165 7142
f 7142 7165 7166
f 7142 7166 7144
f 7144 7166 7167
f 7144 7167 7146
f 7146 7167 7168
f 7146 7168 7148
f 7148 7168 7169
f 7148 7169 7150
f 7150 7169 7170
f 7150 7170 7152
f 7152 7170 7171
f 7152 7171 7154
f 7154 7171 7172
f 7154 7172 7156
f 7156 7172 7173
f 7156 7173 7158
f 7158 7173 7174
f 7158 7174 7160
f 7160 7174 7175
f 7160 7175 7117
f 7117 7175 7176
f 7117 7176 7118
f 7118 7176 7177
f 7118 7177 7119
f 7119 7177 7178
f 7119 7178 7120
f 7120 7178 7179
f 7120 7179 7121
f 7121 7179 7180
f 7121 7180 7122
f 7122 7180 7181
f 7122 7181 7123
f 7123 7181 7182
f 7123 7182 7124
f 7124 7182 7183
f 7124 7183 7125
f 7125 7183 7184
f 7125 7184 7126
f 7126 7184 7185
f 7126 7185 7127
f 7127 7185 7186
f 7127 7186 7128
f 7128 7186 7187
f 7128 7187 7129
f 7129 7187 7188
f 7129 7188 7130
f 7130 7188 7189
f 7130 7189 7131
f 7131 7189 7190
f 7131 7190 7132
f 7132 7190 7161
f 7173 7191 7174
f 7174 7191 7192
f 7174 7192 7175
f 7175 7192 7193
f 7175 7193 7176
f 7176 7193 7194
f 7176 7194 7177
f 7177 7194 7195
f 7177 7195 7178
f 7178 7195 7196
f 7178 7196 7179
f 7179 7196 7197
f 7179 7197 7180
f 7180 7197 7198
f 7180 7198 7181
f 7181 7198 7199
f 7181 7199 7182
f 7182 7199 7200
f 7182 7200 7183
f 7183 7200 7201
f 7183 7201 7184
f 7184 7201 7202
f 7184 7202 7185
f 7185 7202 7203
f 7185 7203 7186
f 7186 7203 7204
f 7186 7204 7187
f 7187 7204 7205
f 7187 7205 7188
f 7188 7205 7206
f 7188 7206 7189
f 7189 7206 7207
f 7189 7207 7190
f 7190 7207 7208
f 7190 7208 7161
f 7161 7208 7209
f 7161 7209 7162
f 7162 7209 7210
f 7162 7210 7163
f 7163 7210 7211
f 7163 7211 7164
f 7164 7211 7212
f 7164 7212 7165
f 7165 7212 7213
f 7165 7213 7166
f 7166 7213 7214
f 7166 7214 7167
f 7167 7214 7215
f 7167 7215 7168
f 7168 7215 7216
f 7168 7216 7169
f 7169 7216 7217
f 7169 7217 7170
f 7170 7217 7218
f 7170 7218 7171
f 7171 7218 7219
f 7171 7219 7172
f 7172 7219 7220
f 7172 7220 7173
f 7173 7220 7191
f 7209 7221 7210
f 7210 7221 7222
f 7210 7222 7211
f 7211 7222 7223
f 7211 7223 7212
f 7212 7223 7224
f 7212 7224 7213
f 7213 7224 7225
f 7213 7225 7214
f 7214 7225 7226
f 7214 7226 7215
f 7215 7226 7227
f 7215 7227 7216
f 7216 7227 7228
f 7216 7228 7217
f 7217 7228 7229
f 7217 7229 7218
f 7218 7229 7230
f 7218 7230 7219
f 7219 7230 7231
f 7219 7231 7220
f 7220 7231 7232
f 7220 7232 7191
f 7191 7232 7233
f 7191 7233 7192
f 7192 7233 7234
f 7192 7234 7193
f 7193 7234 7235
f 7193 7235 7194
f 7194 7235 7236
f 7194 7236 7195
f 7195 7236 7237
f 7195 7237 7196
f 7196 7237 7238
f 7196 7238 7197
f 7197 7238 7239
f 7197 7239 7198
f 7198 7239 7240
f 7198 7240 7199
f 7199 7240 7241
f 7199 7241 7200
f 7200 7241 7242
f 7200 7242 7201
f 7201 7242 7243
f 7201 7243 7202
f 7202 7243 7244
f 7202 7244 7203
f 7203 7244 7245
f 7203 7245 7204
f 7204 7245 7246
f 7204 7246 7205
f 7205 7246 7247
f 7205 7247 7206
f 7206 7247 7248
f 7206 7248 7207
f 7207 7248 7249
f 7207 7249 7208
f 7208 7249 7250
f 7208 7250 7209
f 7209 7250 7221
f 7236 7251 7237
f 7237 7251 7252
f 7237 7252 7238
f 7238 7252 7253
f 7238 7253 7239
f 7239 7253 7254
f 7239 7254 7240
f 7240 7254 7255
f 7240 7255 7241
f 7241 7255 7256
f 7241 7256 7242
f 7242 7256 7257
f 7242 7257 7243
f 7243 7257 7258
f 7243 7258 7244
f 7244 7258 7259
f 7244 7259 7245
f 7245 7259 7260
f 7245 7260 7246
f 7246 7260 7261
f 7246 7261 7247
f 7247 7261 7262
f 7247 7262 7248
f 7248 7262 7263
f 7248 7263 7249
f 7249 7263 7264
f 7249 7264 7250
f 7250 7264 7265
f 7250 7265 7221
f 7221 7265 7266
f 7221 7266 7222
f 7222 7266 7267
f 7222 7267 7223
f 7223 7267 7268
f 7223 7268 7224
f 7224 7268 7269
f 7224 7269 7225
f 7225 7269 7270
f 7225 7270 7226
f 7226 7270 7271
f 7226 7271 7227
f 7227 7271 7272
f 7227 7272 7228
f 7228 7272 7273
f 7228 7273 7229
f 7229 7273 7274
f 7229 7274 7230
f 7230 7274 7275
f 7230 7275 7231
f 7231 7275 7276
f 7231 7276 7232
f 7232 7276 7277
f 7232 7277 7233
f 7233 7277 7278
f 7233 7278 7234
f 7234 7278 7279
f 7234 7279 7235
f 7235 7279 7280
f 7235 7280 7236
f 7236 7280 7251
f 7281 7282 7283
f 7284 7285 7281
f 7286 7287 7288
f 7289 7290 7291
f 7292 7293 7294
f 7268 7267 7295
f 7264 7296 7265
f 7262 7261 7297
f 7259 7298 7260
f 7299 7300 7301
f 7301 7300 7302
f 7303 7304 7305
f 7306 7307 7308
f 7308 7307 7290
f 7309 7310 7311
f 7312 7288 7313
f 7313 7288 7287
f 7313 7287 7314
f 7314 7287 7315
f 7316 7317 7318
f 7318 7317 7319
f 7318 7319 7320
f 7320 7319 7315
f 7321 7322 7323
f 7323 7322 7324
f 7323 7324 7325
f 7326 7327 7286
f 7286 7327 7328
f 7286 7328 7287
f 7287 7328 7329
f 7287 7329 7315
f 7315 7329 7330
f 7315 7330 7320
f 7331 7332 7333
f 7333 7332 7317
f 7316 7321 7317
f 7317 7321 7323
f 7317 7323 7333
f 7333 7323 7334
f 7333 7334 7331
f 7331 7334 7311
f 7310 7335 7311
f 7311 7335 7336
f 7311 7336 7307
f 7336 7337 7307
f 7307 7337 7338
f 7307 7338 7290
f 7338 7339 7290
f 7290 7339 7340
f 7290 7340 7291
f 7291 7340 7341
f 7342 7343 7344
f 7344 7343 7345
f 7344 7345 7309
f 7346 7347 7348
f 7348 7347 7306
f 7289 7349 7350
f 7350 7349 7351
f 7350 7351 7347
f 7352 7353 7349
f 7349 7353 7354
f 7349 7354 7351
f 7355 7356 7349
f 7349 7356 7357
f 7349 7357 7352
f 7352 7357 7358
f 7352 7358 7359
f 7360 7361 7362
f 7363 7364 7360
f 7360 7364 7365
f 7360 7365 7361
f 7366 7367 7368
f 7368 7367 7369
f 7368 7369 7370
f 7367 7371 7369
f 7369 7371 7372
f 7369 7372 7363
f 7363 7372 7373
f 7363 7373 7364
f 7373 7374 7364
f 7364 7374 7375
f 7364 7375 7376
f 7366 7368 7377
f 7377 7368 7378
f 7377 7378 7379
f 7375 7380 7376
f 7376 7380 7381
f 7376 7381 7378
f 7378 7381 7382
f 7378 7382 7379
f 7383 7384 7368
f 7385 7386 7387
f 7368 7384 7378
f 7378 7384 7388
f 7378 7388 7389
f 7390 7391 7392
f 7392 7391 7393
f 7392 7393 7394
f 7388 7395 7389
f 7389 7395 7396
f 7389 7396 7387
f 7387 7396 7397
f 7387 7397 7385
f 7398 7399 7387
f 7398 7400 7401
f 7401 7402 7398
f 7398 7402 7403
f 7398 7403 7399
f 7399 7403 7404
f 7405 7406 7407
f 7407 7406 7408
f 7409 7410 7411
f 7411 7410 7412
f 7411 7412 7413
f 7413 7412 7399
f 7413 7399 7414
f 7414 7399 7404
f 7415 7416 7417
f 7417 7416 7418
f 7417 7418 7419
f 7420 7421 7422
f 7423 7424 7425
f 7424 7426 7425
f 7425 7426 7427
f 7425 7427 7428
f 7429 7430 7431
f 7427 7432 7428
f 7428 7432 7433
f 7428 7433 7434
f 7434 7433 7435
f 7434 7435 7429
f 7429 7435 7436
f 7429 7436 7430
f 7437 7438 7429
f 7429 7438 7439
f 7429 7439 7434
f 7440 7441 7442
f 7442 7441 7443
f 7444 7445 7446
f 7445 7447 7446
f 7446 7447 7448
f 7446 7448 7449
f 7449 7448 7450
f 7449 7450 7451
f 7451 7450 7452
f 7451 7452 7453
f 7454 7303 7455
f 7455 7303 7453
f 7455 7453 7456
f 7456 7453 7452
f 7457 7305 7458
f 7459 7460 7461
f 7462 7463 7464
f 7464 7463 7459
f 7460 7465 7461
f 7461 7465 7466
f 7461 7466 7304
f 7304 7466 7467
f 7304 7467 7468
f 7468 7469 7304
f 7304 7469 7470
f 7304 7470 7305
f 7305 7470 7471
f 7305 7471 7458
f 7472 7473 7474
f 7474 7473 7475
f 7474 7475 7302
f 7302 7475 7476
f 7302 7476 7301
f 7252 7477 7253
f 7253 7477 7478
f 7253 7478 7254
f 7254 7478 7479
f 7254 7479 7255
f 7264 7263 7480
f 7268 7295 7481
f 7273 7272 7482
f 7482 7272 7271
f 7280 7279 7284
f 7284 7279 7278
f 7284 7278 7285
f 7285 7278 7277
f 7285 7277 7281
f 7281 7277 7276
f 7281 7276 7282
f 7282 7276 7275
f 7282 7275 7274
f 7290 7483 7308
f 7308 7483 7484
f 7308 7484 7306
f 7306 7484 7485
f 7306 7485 7348
f 7346 7486 7347
f 7347 7486 7487
f 7347 7487 7350
f 7350 7487 7488
f 7350 7488 7289
f 7289 7488 7489
f 7489 7490 7289
f 7289 7490 7491
f 7289 7491 7290
f 7290 7491 7492
f 7290 7492 7483
f 7476 7493 7494
f 7476 7494 7495
f 7494 7496 7495
f 7495 7496 7497
f 7495 7497 7498
f 7498 7497 7499
f 7498 7499 7500
f 7500 7499 7501
f 7500 7501 7502
f 7472 7457 7473
f 7473 7457 7500
f 7473 7500 7503
f 7503 7500 7502
f 7503 7504 7473
f 7473 7504 7505
f 7473 7505 7475
f 7475 7505 7506
f 7475 7506 7476
f 7476 7506 7507
f 7476 7507 7493
f 7508 7509 7510
f 7510 7509 7511
f 7510 7511 7512
f 7513 7514 7515
f 7515 7514 7509
f 7515 7509 7516
f 7516 7509 7508
f 7513 7292 7514
f 7514 7292 7294
f 7514 7294 7517
f 7514 7518 7509
f 7509 7518 7479
f 7509 7479 7519
f 7519 7479 7478
f 7261 7260 7297
f 7297 7260 7298
f 7297 7298 7517
f 7517 7298 7259
f 7517 7259 7514
f 7514 7259 7258
f 7514 7258 7518
f 7518 7258 7257
f 7518 7257 7479
f 7479 7257 7256
f 7479 7256 7255
f 7263 7262 7480
f 7480 7262 7297
f 7480 7297 7291
f 7291 7297 7517
f 7291 7517 7289
f 7289 7517 7294
f 7289 7294 7349
f 7349 7294 7293
f 7349 7293 7355
f 7309 7311 7344
f 7344 7311 7334
f 7344 7334 7520
f 7520 7334 7323
f 7520 7323 7286
f 7286 7323 7325
f 7286 7325 7326
f 7358 7512 7359
f 7359 7512 7511
f 7359 7511 7521
f 7521 7511 7509
f 7521 7509 7362
f 7362 7509 7519
f 7362 7519 7360
f 7360 7519 7478
f 7360 7478 7363
f 7363 7478 7477
f 7363 7477 7369
f 7369 7477 7252
f 7369 7252 7370
f 7370 7252 7251
f 7370 7251 7280
f 7264 7480 7296
f 7296 7480 7522
f 7296 7522 7265
f 7523 7524 7522
f 7522 7524 7266
f 7522 7266 7265
f 7386 7390 7387
f 7387 7390 7392
f 7387 7392 7398
f 7398 7392 7525
f 7267 7266 7295
f 7295 7266 7524
f 7295 7524 7526
f 7526 7524 7523
f 7526 7523 7527
f 7528 7529 7527
f 7312 7530 7531
f 7532 7533 7288
f 7527 7529 7534
f 7534 7529 7535
f 7534 7535 7536
f 7312 7531 7288
f 7288 7531 7537
f 7288 7537 7532
f 7341 7342 7291
f 7291 7342 7344
f 7291 7344 7480
f 7480 7344 7520
f 7480 7520 7522
f 7522 7520 7286
f 7522 7286 7523
f 7523 7286 7288
f 7523 7288 7527
f 7527 7288 7533
f 7527 7533 7528
f 7536 7538 7534
f 7534 7538 7539
f 7534 7539 7312
f 7312 7539 7540
f 7312 7540 7530
f 7525 7541 7398
f 7398 7541 7407
f 7398 7407 7400
f 7400 7407 7408
f 7419 7542 7417
f 7417 7542 7425
f 7417 7425 7415
f 7415 7425 7428
f 7409 7405 7410
f 7410 7405 7407
f 7410 7407 7419
f 7419 7407 7541
f 7419 7541 7542
f 7542 7541 7543
f 7542 7543 7425
f 7425 7543 7422
f 7425 7422 7423
f 7423 7422 7421
f 7442 7283 7544
f 7544 7283 7282
f 7544 7282 7482
f 7482 7282 7274
f 7482 7274 7273
f 7459 7461 7464
f 7464 7461 7545
f 7464 7545 7546
f 7458 7462 7457
f 7457 7462 7464
f 7457 7464 7500
f 7500 7464 7546
f 7500 7546 7498
f 7498 7546 7481
f 7498 7481 7495
f 7495 7481 7295
f 7495 7295 7476
f 7476 7295 7526
f 7476 7526 7301
f 7301 7526 7527
f 7301 7527 7299
f 7299 7527 7534
f 7299 7534 7547
f 7547 7534 7312
f 7547 7312 7548
f 7548 7312 7313
f 7449 7437 7446
f 7446 7437 7429
f 7446 7429 7422
f 7422 7429 7431
f 7422 7431 7420
f 7443 7444 7442
f 7442 7444 7446
f 7442 7446 7283
f 7283 7446 7422
f 7283 7422 7281
f 7281 7422 7543
f 7281 7543 7284
f 7284 7543 7541
f 7284 7541 7280
f 7280 7541 7525
f 7280 7525 7370
f 7370 7525 7392
f 7370 7392 7368
f 7368 7392 7394
f 7368 7394 7383
f 7454 7440 7303
f 7303 7440 7442
f 7303 7442 7304
f 7304 7442 7544
f 7304 7544 7461
f 7461 7544 7482
f 7461 7482 7545
f 7545 7482 7271
f 7545 7271 7546
f 7546 7271 7270
f 7546 7270 7481
f 7481 7270 7269
f 7481 7269 7268
f 7549 7365 7550
f 7550 7365 7364
f 7550 7364 7551
f 7551 7364 7376
f 7551 7376 7552
f 7552 7376 7378
f 7552 7378 7553
f 7553 7378 7389
f 7553 7389 7554
f 7554 7389 7387
f 7554 7387 7555
f 7521 7362 7549
f 7549 7362 7361
f 7549 7361 7365
f 7521 7549 7359
f 7359 7549 7556
f 7359 7556 7352
f 7352 7556 7557
f 7352 7557 7353
f 7353 7557 7558
f 7353 7558 7354
f 7354 7558 7559
f 7354 7559 7351
f 7351 7559 7560
f 7351 7560 7347
f 7347 7560 7561
f 7347 7561 7306
f 7306 7561 7562
f 7306 7562 7307
f 7307 7562 7563
f 7307 7563 7311
f 7311 7563 7564
f 7311 7564 7331
f 7331 7564 7332
f 7332 7564 7565
f 7332 7565 7317
f 7317 7565 7319
f 7319 7565 7566
f 7319 7566 7315
f 7315 7566 7567
f 7315 7567 7314
f 7314 7567 7568
f 7314 7568 7313
f 7313 7568 7569
f 7313 7569 7548
f 7415 7570 7571
f 7572 7302 7573
f 7573 7302 7300
f 7573 7300 7574
f 7574 7300 7299
f 7574 7299 7575
f 7575 7299 7547
f 7575 7547 7576
f 7576 7547 7548
f 7576 7548 7569
f 7457 7472 7572
f 7572 7472 7474
f 7572 7474 7302
f 7572 7577 7457
f 7457 7577 7578
f 7457 7578 7305
f 7305 7578 7579
f 7305 7579 7303
f 7303 7579 7580
f 7303 7580 7453
f 7453 7580 7581
f 7453 7581 7451
f 7451 7581 7582
f 7451 7582 7449
f 7449 7582 7583
f 7449 7583 7437
f 7437 7583 7584
f 7437 7584 7438
f 7415 7428 7570
f 7570 7428 7434
f 7570 7434 7584
f 7584 7434 7439
f 7584 7439 7438
f 7419 7418 7571
f 7571 7418 7416
f 7571 7416 7415
f 7571 7585 7419
f 7419 7585 7586
f 7419 7586 7410
f 7410 7586 7587
f 7410 7587 7412
f 7412 7587 7588
f 7412 7588 7399
f 7399 7588 7555
f 7399 7555 7387
f 7589 7555 7588
f 7589 7588 7590
f 7590 7588 7587
f 7590 7587 7591
f 7591 7587 7586
f 7591 7586 7592
f 7592 7586 7585
f 7592 7585 7593
f 7593 7585 7571
f 7593 7571 7594
f 7594 7571 7570
f 7594 7570 7595
f 7595 7570 7584
f 7595 7584 7596
f 7596 7584 7583
f 7596 7583 7597
f 7597 7583 7582
f 7597 7582 7598
f 7598 7582 7581
f 7598 7581 7599
f 7599 7581 7580
f 7599 7580 7600
f 7600 7580 7579
f 7600 7579 7601
f 7601 7579 7578
f 7601 7578 7602
f 7602 7578 7577
f 7602 7577 7603
f 7603 7577 7572
f 7603 7572 7604
f 7604 7572 7573
f 7604 7573 7605
f 7605 7573 7574
f 7605 7574 7606
f 7606 7574 7575
f 7606 7575 7607
f 7607 7575 7576
f 7607 7576 7608
f 7608 7576 7569
f 7608 7569 7609
f 7593 7610 7592
f 7592 7610 7611
f 7592 7611 7591
f 7591 7611 7612
f 7591 7612 7590
f 7590 7612 7613
f 7590 7613 7589
f 7595 7614 7594
f 7594 7614 7615
f 7615 7616 7594
f 7594 7616 7617
f 7594 7617 7593
f 7593 7617 7618
f 7593 7618 7610
f 7604 7619 7603
f 7603 7619 7620
f 7603 7620 7602
f 7602 7620 7621
f 7602 7621 7601
f 7601 7621 7622
f 7601 7622 7600
f 7600 7622 7623
f 7600 7623 7599
f 7599 7623 7624
f 7599 7624 7598
f 7598 7624 7625
f 7598 7625 7597
f 7597 7625 7626
f 7597 7626 7596
f 7596 7626 7627
f 7596 7627 7595
f 7595 7627 7628
f 7595 7628 7614
f 7629 7630 7604
f 7630 7631 7604
f 7604 7631 7632
f 7604 7632 7619
f 7604 7605 7629
f 7629 7605 7606
f 7629 7606 7633
f 7633 7606 7607
f 7633 7607 7634
f 7634 7607 7608
f 7634 7608 7635
f 7635 7608 7609
f 7635 7609 7636
f 7637 7638 7639
f 7637 7640 7641
f 7641 7640 7642
f 7643 7644 7645
f 7646 7647 7648
f 7649 7650 7651
f 7652 7653 7654
f 7655 7656 7657
f 7657 7656 7615
f 7657 7615 7614
f 7626 7658 7627
f 7625 7624 7659
f 7620 7660 7621
f 7661 7662 7663
f 7664 7665 7666
f 7666 7665 7667
f 7668 7669 7670
f 7671 7672 7673
f 7672 7671 7674
f 7675 7676 7677
f 7678 7679 7613
f 7679 7680 7613
f 7613 7680 7681
f 7613 7681 7682
f 7681 7683 7682
f 7682 7683 7684
f 7682 7684 7685
f 7685 7684 7686
f 7685 7686 7687
f 7688 7689 7690
f 7690 7689 7678
f 7686 7691 7687
f 7687 7691 7692
f 7687 7692 7690
f 7690 7692 7693
f 7690 7693 7688
f 7694 7695 7687
f 7687 7695 7696
f 7687 7696 7685
f 7685 7696 7697
f 7698 7699 7700
f 7700 7699 7701
f 7697 7702 7685
f 7685 7702 7703
f 7685 7703 7698
f 7698 7703 7704
f 7698 7704 7699
f 7705 7706 7707
f 7707 7706 7700
f 7701 7708 7700
f 7700 7708 7709
f 7700 7709 7707
f 7707 7709 7710
f 7707 7710 7711
f 7712 7713 7714
f 7714 7713 7715
f 7714 7715 7716
f 7717 7718 7676
f 7676 7718 7719
f 7676 7719 7677
f 7720 7721 7677
f 7677 7721 7722
f 7677 7722 7675
f 7723 7724 7720
f 7720 7724 7725
f 7720 7725 7674
f 7726 7665 7727
f 7727 7665 7671
f 7670 7669 7673
f 7673 7669 7728
f 7673 7728 7671
f 7671 7728 7729
f 7671 7729 7727
f 7730 7667 7731
f 7731 7667 7665
f 7731 7665 7732
f 7732 7665 7726
f 7730 7733 7667
f 7667 7733 7734
f 7667 7734 7670
f 7670 7734 7735
f 7670 7735 7668
f 7736 7737 7738
f 7664 7739 7740
f 7740 7739 7741
f 7736 7738 7742
f 7743 7744 7745
f 7745 7744 7746
f 7745 7746 7747
f 7747 7746 7740
f 7747 7740 7748
f 7748 7740 7741
f 7737 7749 7738
f 7738 7749 7750
f 7738 7750 7739
f 7739 7750 7751
f 7739 7751 7741
f 7743 7752 7744
f 7744 7752 7662
f 7744 7662 7753
f 7753 7662 7661
f 7634 7635 7754
f 7754 7635 7636
f 7754 7636 7755
f 7756 7757 7629
f 7629 7757 7758
f 7629 7758 7630
f 7759 7631 7630
f 7631 7759 7632
f 7632 7759 7760
f 7632 7760 7619
f 7761 7762 7660
f 7660 7762 7763
f 7660 7763 7764
f 7764 7763 7765
f 7765 7766 7764
f 7764 7766 7767
f 7764 7767 7760
f 7761 7660 7768
f 7768 7660 7620
f 7768 7620 7769
f 7767 7770 7760
f 7760 7770 7771
f 7760 7771 7619
f 7619 7771 7772
f 7619 7772 7620
f 7620 7772 7773
f 7620 7773 7769
f 7774 7775 7776
f 7777 7778 7621
f 7621 7778 7622
f 7779 7780 7659
f 7659 7780 7781
f 7778 7782 7622
f 7622 7782 7783
f 7622 7783 7623
f 7623 7783 7784
f 7623 7784 7624
f 7624 7784 7785
f 7624 7785 7659
f 7659 7785 7786
f 7659 7786 7779
f 7657 7787 7788
f 7657 7788 7655
f 7655 7788 7789
f 7655 7789 7790
f 7790 7791 7655
f 7655 7791 7658
f 7655 7658 7659
f 7659 7658 7626
f 7659 7626 7625
f 7628 7792 7614
f 7614 7792 7793
f 7614 7793 7657
f 7657 7793 7794
f 7657 7794 7787
f 7791 7795 7658
f 7658 7795 7796
f 7658 7796 7627
f 7627 7796 7797
f 7627 7797 7628
f 7628 7797 7798
f 7628 7798 7792
f 7799 7800 7612
f 7801 7802 7803
f 7618 7804 7610
f 7610 7804 7805
f 7805 7806 7610
f 7610 7806 7807
f 7610 7807 7611
f 7611 7807 7808
f 7611 7808 7612
f 7612 7808 7809
f 7612 7809 7799
f 7803 7810 7801
f 7801 7810 7811
f 7801 7811 7804
f 7804 7811 7812
f 7804 7812 7805
f 7678 7613 7690
f 7690 7613 7612
f 7690 7612 7801
f 7801 7612 7800
f 7801 7800 7802
f 7813 7814 7815
f 7816 7817 7670
f 7654 7818 7652
f 7652 7818 7651
f 7652 7651 7819
f 7819 7651 7650
f 7715 7705 7716
f 7716 7705 7707
f 7716 7707 7820
f 7820 7707 7711
f 7820 7711 7821
f 7821 7711 7822
f 7711 7823 7822
f 7822 7823 7824
f 7822 7824 7825
f 7825 7824 7647
f 7647 7824 7826
f 7647 7826 7648
f 7648 7826 7617
f 7648 7617 7656
f 7656 7617 7616
f 7656 7616 7615
f 7639 7638 7827
f 7827 7638 7828
f 7827 7828 7829
f 7829 7828 7830
f 7829 7830 7831
f 7832 7833 7834
f 7834 7833 7835
f 7834 7835 7836
f 7836 7835 7837
f 7836 7837 7838
f 7815 7839 7813
f 7813 7839 7840
f 7813 7840 7739
f 7739 7840 7841
f 7739 7841 7738
f 7738 7841 7842
f 7738 7842 7838
f 7838 7842 7843
f 7838 7843 7836
f 7725 7844 7674
f 7674 7844 7845
f 7674 7845 7672
f 7672 7845 7846
f 7672 7846 7673
f 7673 7846 7847
f 7673 7847 7848
f 7849 7850 7851
f 7851 7850 7852
f 7851 7852 7853
f 7853 7852 7854
f 7855 7856 7857
f 7857 7856 7858
f 7857 7858 7830
f 7830 7858 7859
f 7830 7859 7860
f 7860 7861 7830
f 7830 7861 7833
f 7830 7833 7831
f 7831 7833 7832
f 7861 7862 7833
f 7833 7862 7863
f 7833 7863 7835
f 7835 7863 7864
f 7835 7864 7865
f 7866 7867 7868
f 7868 7867 7818
f 7868 7818 7869
f 7719 7870 7677
f 7677 7870 7871
f 7677 7871 7872
f 7872 7871 7873
f 7872 7873 7654
f 7873 7874 7654
f 7654 7874 7875
f 7654 7875 7818
f 7818 7875 7876
f 7818 7876 7869
f 7776 7877 7878
f 7764 7877 7660
f 7660 7877 7776
f 7660 7776 7621
f 7621 7776 7775
f 7621 7775 7777
f 7646 7648 7644
f 7644 7648 7656
f 7644 7656 7645
f 7645 7656 7655
f 7645 7655 7878
f 7878 7655 7659
f 7878 7659 7776
f 7776 7659 7781
f 7776 7781 7774
f 7758 7855 7630
f 7630 7855 7857
f 7630 7857 7759
f 7759 7857 7830
f 7759 7830 7760
f 7760 7830 7828
f 7760 7828 7764
f 7764 7828 7638
f 7764 7638 7877
f 7877 7638 7637
f 7877 7637 7878
f 7878 7637 7641
f 7878 7641 7645
f 7645 7641 7642
f 7645 7642 7643
f 7879 7880 7755
f 7881 7882 7663
f 7636 7661 7755
f 7755 7661 7663
f 7755 7663 7879
f 7879 7663 7882
f 7883 7884 7885
f 7885 7884 7886
f 7885 7886 7663
f 7663 7886 7887
f 7663 7887 7881
f 7888 7883 7754
f 7754 7883 7885
f 7754 7885 7634
f 7634 7885 7756
f 7634 7756 7633
f 7633 7756 7629
f 7880 7889 7755
f 7755 7889 7890
f 7755 7890 7754
f 7754 7890 7891
f 7754 7891 7888
f 7618 7617 7804
f 7804 7617 7826
f 7804 7826 7801
f 7801 7826 7824
f 7801 7824 7690
f 7690 7824 7823
f 7690 7823 7687
f 7687 7823 7711
f 7687 7711 7694
f 7694 7711 7710
f 7865 7757 7835
f 7835 7757 7756
f 7835 7756 7837
f 7837 7756 7885
f 7837 7885 7838
f 7838 7885 7663
f 7838 7663 7738
f 7738 7663 7662
f 7738 7662 7742
f 7742 7662 7752
f 7820 7649 7716
f 7716 7649 7651
f 7716 7651 7714
f 7714 7651 7818
f 7714 7818 7712
f 7712 7818 7867
f 7712 7867 7676
f 7676 7867 7866
f 7676 7866 7717
f 7664 7666 7739
f 7739 7666 7667
f 7739 7667 7813
f 7813 7667 7670
f 7813 7670 7814
f 7814 7670 7817
f 7814 7817 7815
f 7892 7816 7893
f 7893 7816 7670
f 7893 7670 7852
f 7852 7670 7673
f 7852 7673 7854
f 7854 7673 7848
f 7653 7892 7654
f 7654 7892 7893
f 7654 7893 7872
f 7872 7893 7852
f 7872 7852 7677
f 7677 7852 7850
f 7677 7850 7720
f 7720 7850 7849
f 7720 7849 7723
f 7894 7744 7895
f 7895 7744 7753
f 7895 7753 7896
f 7896 7753 7661
f 7896 7661 7897
f 7897 7661 7636
f 7897 7636 7609
f 7898 7712 7899
f 7899 7712 7676
f 7899 7676 7900
f 7900 7676 7675
f 7900 7675 7901
f 7901 7675 7722
f 7901 7722 7902
f 7902 7722 7721
f 7902 7721 7903
f 7903 7721 7720
f 7903 7720 7904
f 7904 7720 7674
f 7904 7674 7905
f 7905 7674 7671
f 7905 7671 7906
f 7906 7671 7665
f 7906 7665 7907
f 7907 7665 7664
f 7907 7664 7908
f 7908 7664 7740
f 7908 7740 7894
f 7894 7740 7746
f 7894 7746 7744
f 7705 7715 7898
f 7898 7715 7713
f 7898 7713 7712
f 7705 7898 7706
f 7706 7898 7909
f 7706 7909 7700
f 7700 7909 7910
f 7700 7910 7698
f 7698 7910 7911
f 7698 7911 7685
f 7685 7911 7912
f 7685 7912 7682
f 7682 7912 7589
f 7682 7589 7613
f 7609 7569 7568
f 7609 7568 7897
f 7897 7568 7567
f 7897 7567 7896
f 7896 7567 7566
f 7896 7566 7895
f 7895 7566 7565
f 7895 7565 7894
f 7894 7565 7564
f 7894 7564 7908
f 7908 7564 7563
f 7908 7563 7907
f 7907 7563 7562
f 7907 7562 7906
f 7906 7562 7561
f 7906 7561 7905
f 7905 7561 7560
f 7905 7560 7904
f 7904 7560 7559
f 7904 7559 7903
f 7903 7559 7558
f 7903 7558 7902
f 7902 7558 7557
f 7902 7557 7901
f 7901 7557 7556
f 7901 7556 7900
f 7900 7556 7549
f 7900 7549 7899
f 7899 7549 7550
f 7899 7550 7898
f 7898 7550 7551
f 7898 7551 7909
f 7909 7551 7552
f 7909 7552 7910
f 7910 7552 7553
f 7910 7553 7911
f 7911 7553 7554
f 7911 7554 7912
f 7912 7554 7555
f 7912 7555 7589
f 7448 7786 7450
f 7450 7786 7785
f 7450 7785 7452
f 7452 7785 7784
f 7452 7784 7456
f 7456 7784 7783
f 7456 7783 7455
f 7455 7783 7782
f 7455 7782 7454
f 7454 7782 7778
f 7454 7778 7440
f 7440 7778 7777
f 7440 7777 7441
f 7441 7777 7775
f 7441 7775 7443
f 7443 7775 7774
f 7443 7774 7444
f 7444 7774 7781
f 7444 7781 7445
f 7445 7781 7780
f 7445 7780 7447
f 7447 7780 7779
f 7447 7779 7448
f 7448 7779 7786
f 7340 7669 7341
f 7341 7669 7668
f 7341 7668 7342
f 7342 7668 7735
f 7342 7735 7343
f 7343 7735 7734
f 7343 7734 7345
f 7345 7734 7733
f 7345 7733 7309
f 7309 7733 7730
f 7309 7730 7310
f 7310 7730 7731
f 7310 7731 7335
f 7335 7731 7732
f 7335 7732 7336
f 7336 7732 7726
f 7336 7726 7337
f 7337 7726 7727
f 7337 7727 7338
f 7338 7727 7729
f 7338 7729 7339
f 7339 7729 7728
f 7339 7728 7340
f 7340 7728 7669
f 7510 7866 7508
f 7508 7866 7868
f 7508 7868 7516
f 7516 7868 7869
f 7516 7869 7515
f 7515 7869 7876
f 7515 7876 7513
f 7513 7876 7875
f 7513 7875 7292
f 7292 7875 7874
f 7292 7874 7293
f 7293 7874 7873
f 7293 7873 7355
f 7355 7873 7871
f 7355 7871 7356
f 7356 7871 7870
f 7356 7870 7357
f 7357 7870 7719
f 7357 7719 7358
f 7358 7719 7718
f 7358 7718 7512
f 7512 7718 7717
f 7512 7717 7510
f 7510 7717 7866
f 7397 7681 7385
f 7385 7681 7680
f 7385 7680 7386
f 7386 7680 7679
f 7386 7679 7390
f 7390 7679 7678
f 7390 7678 7391
f 7391 7678 7689
f 7391 7689 7393
f 7393 7689 7688
f 7393 7688 7394
f 7394 7688 7693
f 7394 7693 7383
f 7383 7693 7692
f 7383 7692 7384
f 7384 7692 7691
f 7384 7691 7388
f 7388 7691 7686
f 7388 7686 7395
f 7395 7686 7684
f 7395 7684 7396
f 7396 7684 7683
f 7396 7683 7397
f 7397 7683 7681
f 7499 7861 7501
f 7501 7861 7860
f 7501 7860 7502
f 7502 7860 7859
f 7502 7859 7503
f 7503 7859 7858
f 7503 7858 7504
f 7504 7858 7856
f 7504 7856 7505
f 7505 7856 7855
f 7505 7855 7506
f 7506 7855 7758
f 7506 7758 7507
f 7507 7758 7757
f 7507 7757 7493
f 7493 7757 7865
f 7493 7865 7494
f 7494 7865 7864
f 7494 7864 7496
f 7496 7864 7863
f 7496 7863 7497
f 7497 7863 7862
f 7497 7862 7499
f 7499 7862 7861
f 7427 7793 7432
f 7432 7793 7792
f 7432 7792 7433
f 7433 7792 7798
f 7433 7798 7435
f 7435 7798 7797
f 7435 7797 7436
f 7436 7797 7796
f 7436 7796 7430
f 7430 7796 7795
f 7430 7795 7431
f 7431 7795 7791
f 7431 7791 7420
f 7420 7791 7790
f 7420 7790 7421
f 7421 7790 7789
f 7421 7789 7423
f 7423 7789 7788
f 7423 7788 7424
f 7424 7788 7787
f 7424 7787 7426
f 7426 7787 7794
f 7426 7794 7427
f 7427 7794 7793
f 7413 7809 7411
f 7411 7809 7808
f 7411 7808 7409
f 7409 7808 7807
f 7409 7807 7405
f 7405 7807 7806
f 7405 7806 7406
f 7406 7806 7805
f 7406 7805 7408
f 7408 7805 7812
f 7408 7812 7400
f 7400 7812 7811
f 7400 7811 7401
f 7401 7811 7810
f 7401 7810 7402
f 7402 7810 7803
f 7402 7803 7403
f 7403 7803 7802
f 7403 7802 7404
f 7404 7802 7800
f 7404 7800 7414
f 7414 7800 7799
f 7414 7799 7413
f 7413 7799 7809
f 7382 7703 7379
f 7379 7703 7702
f 7379 7702 7377
f 7377 7702 7697
f 7377 7697 7366
f 7366 7697 7696
f 7366 7696 7367
f 7367 7696 7695
f 7367 7695 7371
f 7371 7695 7694
f 7371 7694 7372
f 7372 7694 7710
f 7372 7710 7373
f 7373 7710 7709
f 7373 7709 7374
f 7374 7709 7708
f 7374 7708 7375
f 7375 7708 7701
f 7375 7701 7380
f 7380 7701 7699
f 7380 7699 7381
f 7381 7699 7704
f 7381 7704 7382
f 7382 7704 7703
f 7488 7849 7489
f 7489 7849 7851
f 7489 7851 7490
f 7490 7851 7853
f 7490 7853 7491
f 7491 7853 7854
f 7491 7854 7492
f 7492 7854 7848
f 7492 7848 7483
f 7483 7848 7847
f 7483 7847 7484
f 7484 7847 7846
f 7484 7846 7485
f 7485 7846 7845
f 7485 7845 7348
f 7348 7845 7844
f 7348 7844 7346
f 7346 7844 7725
f 7346 7725 7486
f 7486 7725 7724
f 7486 7724 7487
f 7487 7724 7723
f 7487 7723 7488
f 7488 7723 7849
f 7325 7750 7326
f 7326 7750 7749
f 7326 7749 7327
f 7327 7749 7737
f 7327 7737 7328
f 7328 7737 7736
f 7328 7736 7329
f 7329 7736 7742
f 7329 7742 7330
f 7330 7742 7752
f 7330 7752 7320
f 7320 7752 7743
f 7320 7743 7318
f 7318 7743 7745
f 7318 7745 7316
f 7316 7745 7747
f 7316 7747 7321
f 7321 7747 7748
f 7321 7748 7322
f 7322 7748 7741
f 7322 7741 7324
f 7324 7741 7751
f 7324 7751 7325
f 7325 7751 7750
f 7533 7887 7528
f 7528 7887 7886
f 7528 7886 7529
f 7529 7886 7884
f 7529 7884 7535
f 7535 7884 7883
f 7535 7883 7536
f 7536 7883 7888
f 7536 7888 7538
f 7538 7888 7891
f 7538 7891 7539
f 7539 7891 7890
f 7539 7890 7540
f 7540 7890 7889
f 7540 7889 7530
f 7530 7889 7880
f 7530 7880 7531
f 7531 7880 7879
f 7531 7879 7537
f 7537 7879 7882
f 7537 7882 7532
f 7532 7882 7881
f 7532 7881 7533
f 7533 7881 7887
f 7467 7763 7468
f 7468 7763 7762
f 7468 7762 7469
f 7469 7762 7761
f 7469 7761 7470
f 7470 7761 7768
f 7470 7768 7471
f 7471 7768 7769
f 7471 7769 7458
f 7458 7769 7773
f 7458 7773 7462
f 7462 7773 7772
f 7462 7772 7463
f 7463 7772 7771
f 7463 7771 7459
f 7459 7771 7770
f 7459 7770 7460
f 7460 7770 7767
f 7460 7767 7465
f 7465 7767 7766
f 7465 7766 7466
f 7466 7766 7765
f 7466 7765 7467
f 7467 7765 7763
f 6990 7843 7842
f 6990 7842 7913
f 7913 7842 7841
f 7913 7841 7914
f 7914 7841 7840
f 7914 7840 7915
f 7915 7840 7839
f 7915 7839 7916
f 7916 7839 7815
f 7916 7815 7917
f 7917 7815 7817
f 7917 7817 7918
f 7918 7817 7816
f 7918 7816 7919
f 7919 7816 7892
f 7919 7892 7920
f 7920 7892 7653
f 7920 7653 7921
f 7921 7653 7652
f 7921 7652 7922
f 7922 7652 7819
f 7922 7819 7923
f 7923 7819 7650
f 7923 7650 7924
f 7924 7650 7649
f 7924 7649 7925
f 7925 7649 7820
f 7925 7820 7926
f 7926 7820 7821
f 7926 7821 7927
f 7927 7821 7822
f 7927 7822 6959
f 6959 7822 7825
f 6959 7825 6960
f 6960 7825 7647
f 6960 7647 6962
f 6962 7647 7646
f 6962 7646 6964
f 6964 7646 7644
f 6964 7644 6966
f 6966 7644 7643
f 6966 7643 6968
f 6968 7643 7642
f 6968 7642 6970
f 6970 7642 7640
f 6970 7640 6972
f 6972 7640 7637
f 6972 7637 6974
f 6974 7637 7639
f 6974 7639 6976
f 6976 7639 7827
f 6976 7827 6978
f 6978 7827 7829
f 6978 7829 6980
f 6980 7829 7831
f 6980 7831 6982
f 6982 7831 7832
f 6982 7832 6984
f 6984 7832 7834
f 6984 7834 6986
f 6986 7834 7836
f 6986 7836 6988
f 6988 7836 7843
f 6988 7843 6990
f 6991 6990 7913
f 6991 7913 7038
f 7038 7913 7914
f 7038 7914 7036
f 7036 7914 7915
f 7036 7915 7034
f 7034 7915 7916
f 7034 7916 7032
f 7032 7916 7917
f 7032 7917 7030
f 7030 7917 7918
f 7030 7918 7028
f 7028 7918 7919
f 7028 7919 7026
f 7026 7919 7920
f 7026 7920 7024
f 7024 7920 7921
f 7024 7921 7022
f 7022 7921 7922
f 7022 7922 7020
f 7020 7922 7923
f 7020 7923 7018
f 7018 7923 7924
f 7018 7924 7016
f 7016 7924 7925
f 7016 7925 7014
f 7014 7925 7926
f 7014 7926 7012
f 7012 7926 7927
f 7012 7927 7010
f 7010 7927 6959
f 7010 6959 6958
f 7116 7079 7159
f 7159 7079 7080
f 7159 7080 7157
f 7157 7080 7081
f 7157 7081 7155
f 7155 7081 7082
f 7155 7082 7153
f 7153 7082 7083
f 7153 7083 7151
f 7151 7083 7084
f 7151 7084 7149
f 7149 7084 7085
f 7149 7085 7147
f 7147 7085 7086
f 7147 7086 7145
f 7145 7086 7087
f 7145 7087 7143
f 7143 7087 7088
f 7143 7088 7141
f 7141 7088 7089
f 7141 7089 7139
f 7139 7089 7090
f 7139 7090 7137
f 7137 7090 7091
f 7137 7091 7135
f 7135 7091 7092
f 7135 7092 7133
f 7133 7092 7093
f 7133 7093 7101
f 7101 7093 7094
f 7928 7929 7930
f 7931 7932 7928
f 7933 7934 7935
f 7936 7937 7932
f 7938 7939 7940
f 7941 7942 7943
f 7944 7945 7946
f 7947 7948 7949
f 7950 7951 7952
f 7953 7954 7955
f 7939 7956 7940
f 7940 7956 7957
f 7940 7957 7954
f 7954 7957 7958
f 7954 7958 7955
f 7959 7960 7961
f 7955 7962 7953
f 7953 7962 7963
f 7953 7963 7964
f 7964 7963 7965
f 7964 7965 7960
f 7960 7965 7966
f 7960 7966 7961
f 7961 7967 7959
f 7959 7967 7968
f 7959 7968 7969
f 7970 7971 7972
f 7970 7972 7937
f 7973 7974 7928
f 7928 7974 7975
f 7928 7975 7929
f 7929 7975 7976
f 7929 7976 7977
f 7972 7978 7937
f 7937 7978 7979
f 7937 7979 7932
f 7932 7979 7980
f 7932 7980 7928
f 7928 7980 7981
f 7928 7981 7973
f 7971 7970 7982
f 7982 7970 7983
f 7982 7983 7984
f 7985 7986 7987
f 7988 7989 7990
f 7990 7989 7991
f 7990 7991 7992
f 7991 7993 7992
f 7992 7993 7994
f 7992 7994 7987
f 7987 7994 7995
f 7987 7995 7985
f 7996 7997 7998
f 7997 7999 7998
f 7998 7999 8000
f 7998 8000 8001
f 8002 8003 8004
f 8004 8005 8002
f 8002 8005 8006
f 8002 8006 8007
f 8007 8006 8008
f 8009 8010 8004
f 8004 8010 8011
f 8004 8011 8005
f 8009 8004 8012
f 8012 8004 8013
f 8012 8013 8014
f 8015 8016 8017
f 8017 8016 8018
f 8017 8018 8019
f 8019 8018 8020
f 8019 8020 8013
f 8013 8020 8021
f 8013 8021 8014
f 8022 8023 8024
f 8024 8023 8025
f 8026 8027 8023
f 8023 8027 8028
f 8023 8028 8025
f 8029 8030 8031
f 8030 8032 8031
f 8031 8032 8033
f 8031 8033 8026
f 8026 8033 8034
f 8026 8034 8027
f 8035 8036 8037
f 8037 8036 8038
f 7949 7948 8039
f 7948 8040 8039
f 8039 8040 8041
f 8039 8041 8042
f 8042 8041 8043
f 8042 8043 8044
f 7947 7949 8045
f 8045 7949 8046
f 8045 8046 8047
f 8048 8049 8050
f 8049 8051 8050
f 8050 8051 8052
f 8050 8052 8046
f 8046 8052 8053
f 8046 8053 8047
f 8048 8050 8054
f 8054 8050 8055
f 8054 8055 8056
f 8057 8058 8056
f 8056 8058 8059
f 8056 8059 8054
f 7946 7945 8060
f 8061 8062 8063
f 8062 8064 8063
f 8063 8064 8065
f 8063 8065 8066
f 8024 8067 8022
f 8022 8067 8068
f 8022 8068 8063
f 8063 8068 8069
f 8063 8069 8061
f 8070 8071 8072
f 8072 8071 8073
f 8072 8073 8074
f 8070 8075 8071
f 8071 8075 8076
f 8071 8076 8077
f 8077 8076 8078
f 8079 8080 8081
f 8075 8082 8076
f 8076 8082 8083
f 8076 8083 8080
f 8080 8083 8084
f 8080 8084 8081
f 8081 8085 8079
f 8079 8085 8086
f 8079 8086 8087
f 8088 8089 8073
f 8073 8089 8090
f 8073 8090 8074
f 8086 8088 8087
f 8087 8088 8073
f 8087 8073 8091
f 8091 8073 7998
f 8092 8093 7998
f 7998 8093 8094
f 7998 8094 7996
f 8000 7988 8001
f 8001 7988 7990
f 8001 7990 8095
f 8095 7990 7992
f 8095 7992 8096
f 8097 8096 8066
f 8097 8098 8099
f 8099 8098 8100
f 8101 8102 8100
f 8103 8104 8105
f 8100 8102 8104
f 8104 8102 8106
f 8104 8106 8105
f 8107 7942 8108
f 8108 7942 7941
f 8108 7941 8109
f 8107 8110 7942
f 7942 8110 8111
f 7942 8111 8112
f 8105 8113 8103
f 8103 8113 8114
f 8103 8114 7941
f 7941 8114 8115
f 7941 8115 8109
f 8116 8017 8117
f 8117 8017 8019
f 8117 8019 8118
f 8118 8019 8119
f 8120 8121 7941
f 7941 8121 8122
f 8121 8123 8122
f 8122 8123 8124
f 8122 8124 8119
f 8119 8124 8125
f 8119 8125 8118
f 8116 8126 8017
f 8017 8126 8127
f 8017 8127 7943
f 7943 8127 8128
f 8128 8129 7943
f 7943 8129 8130
f 7943 8130 7941
f 7941 8130 8131
f 7941 8131 8120
f 8003 8132 8133
f 8133 8132 8134
f 8133 8134 8135
f 8135 8134 7938
f 7938 8134 7959
f 7938 7959 7939
f 7939 7959 7969
f 7939 7969 7956
f 8136 8137 8138
f 8138 8137 8139
f 8138 8139 7953
f 7953 8139 8140
f 7953 8140 7954
f 8141 8142 8143
f 8144 8145 8146
f 8144 8146 8147
f 8148 8149 8142
f 8142 8149 8150
f 8142 8150 8143
f 8143 8151 8141
f 8141 8151 8152
f 8141 8152 8153
f 8153 8152 8154
f 8153 8154 8155
f 8155 8154 8156
f 8155 8156 8157
f 8157 8156 8158
f 8157 8158 8159
f 8160 8161 8162
f 8159 8147 8157
f 8157 8147 8146
f 8157 8146 8163
f 8163 8146 8164
f 8163 8164 8161
f 8161 8164 8165
f 8161 8165 8162
f 8166 8167 8168
f 8168 8167 8169
f 8168 8169 8170
f 8170 8169 8171
f 8162 8172 8160
f 8160 8172 8173
f 8160 8173 8174
f 8174 8173 8175
f 8174 8175 8176
f 8171 8177 8170
f 8170 8177 8178
f 8170 8178 8164
f 8164 8178 8179
f 8164 8179 8165
f 7984 7983 8180
f 8180 7983 8181
f 8180 8181 8182
f 8182 8181 8174
f 8182 8174 8168
f 8168 8174 8176
f 8168 8176 8166
f 8183 8184 7934
f 7934 8184 8185
f 7936 7932 7933
f 7933 7932 7931
f 7933 7931 7934
f 7934 7931 8186
f 7934 8186 8183
f 8185 8187 7934
f 7934 8187 8188
f 7934 8188 7935
f 8189 8190 7931
f 7931 8190 8191
f 7931 8191 8186
f 8192 8193 8194
f 8194 8193 8195
f 8194 8195 8196
f 8187 8197 8188
f 8188 8197 8198
f 8188 8198 8193
f 8193 8198 8199
f 8193 8199 8195
f 8200 8201 8202
f 8202 8201 8203
f 8204 8205 8206
f 8204 8206 8207
f 8208 8209 8210
f 8210 8209 8211
f 8210 8211 8212
f 8212 8211 8213
f 8212 8213 8214
f 8214 8213 8215
f 8216 8217 8215
f 8215 8217 8218
f 8215 8218 8214
f 8219 8220 8209
f 8221 8222 8223
f 8224 8225 8226
f 8220 8219 8227
f 8227 8219 8228
f 8227 8228 8222
f 8222 8228 8229
f 8222 8229 8223
f 8230 8231 8077
f 8225 8232 8226
f 8226 8232 8233
f 8226 8233 8228
f 8228 8233 8234
f 8228 8234 8229
f 8223 8235 8221
f 8221 8235 8236
f 8221 8236 8078
f 8078 8236 8237
f 8078 8237 8077
f 8077 8237 8238
f 8077 8238 8230
f 8196 8189 8194
f 8194 8189 7931
f 8194 7931 8239
f 8239 7931 7928
f 8239 7928 8240
f 8240 7928 7930
f 8240 7930 8042
f 8202 7952 8031
f 8031 7952 7951
f 8031 7951 8029
f 8241 7950 8242
f 8242 7950 7952
f 8242 7952 8243
f 8243 7952 8202
f 8243 8202 8215
f 8215 8202 8203
f 8215 8203 8216
f 8213 8244 8215
f 8215 8244 8245
f 8215 8245 8243
f 8243 8245 8246
f 8243 8246 8242
f 8242 8246 8037
f 8242 8037 8241
f 8241 8037 8038
f 8044 8035 8042
f 8042 8035 8037
f 8042 8037 8240
f 8240 8037 8246
f 8240 8246 8239
f 8239 8246 8245
f 8239 8245 8194
f 8194 8245 8244
f 8194 8244 8192
f 8145 8148 8146
f 8146 8148 8142
f 8146 8142 8164
f 8164 8142 8247
f 8164 8247 8170
f 8170 8247 8248
f 7998 8073 8092
f 8092 8073 8071
f 8092 8071 8249
f 8249 8071 8077
f 8249 8077 8226
f 8226 8077 8231
f 8226 8231 8224
f 8153 8136 8141
f 8141 8136 8138
f 8141 8138 8142
f 8142 8138 7953
f 8142 7953 8247
f 8247 7953 7964
f 8247 7964 8248
f 8248 7964 7960
f 8208 8207 8209
f 8209 8207 8206
f 8209 8206 8219
f 8219 8206 8250
f 8219 8250 8228
f 8228 8250 8251
f 8228 8251 8226
f 8226 8251 8252
f 8226 8252 8249
f 8249 8252 8253
f 8249 8253 8092
f 8092 8253 7987
f 8092 7987 8093
f 8093 7987 7986
f 8093 7986 8094
f 8096 7992 8066
f 8066 7992 7987
f 8066 7987 8063
f 8063 7987 8253
f 8063 8253 8022
f 8022 8253 8252
f 8022 8252 8023
f 8023 8252 8251
f 8023 8251 8026
f 8026 8251 8250
f 8026 8250 8031
f 8031 8250 8206
f 8031 8206 8202
f 8202 8206 8205
f 8202 8205 8200
f 8097 8066 8098
f 8098 8066 8254
f 8098 8254 8100
f 8055 8002 8056
f 8056 8002 8007
f 8056 8007 8057
f 8057 8007 8255
f 8057 8255 7944
f 7944 8255 8254
f 7944 8254 7945
f 7945 8254 8066
f 7945 8066 8060
f 8060 8066 8065
f 8003 8002 8132
f 8132 8002 8055
f 8132 8055 8134
f 8134 8055 8050
f 8134 8050 7959
f 7959 8050 8046
f 7959 8046 7960
f 7960 8046 7949
f 7960 7949 8248
f 8248 7949 8039
f 8248 8039 8170
f 8170 8039 8042
f 8170 8042 8168
f 8168 8042 7930
f 8168 7930 8182
f 8182 7930 7929
f 8182 7929 8180
f 8180 7929 7977
f 8180 7977 7984
f 8008 8015 8007
f 8007 8015 8017
f 8007 8017 8255
f 8255 8017 7943
f 8255 7943 8254
f 8254 7943 7942
f 8254 7942 8100
f 8100 7942 8112
f 8100 8112 8101
f 8256 8257 8258
f 8259 8260 8261
f 8262 8263 8264
f 8265 8266 8267
f 8266 8265 8268
f 8269 8270 8271
f 8272 8273 8274
f 8275 8276 8277
f 8278 8279 8280
f 8281 8266 8282
f 8283 8284 8285
f 8286 8287 8259
f 8259 8287 8288
f 8259 8288 8260
f 8260 8288 8289
f 8260 8289 8290
f 8289 8291 8290
f 8290 8291 8292
f 8290 8292 8293
f 8293 8292 8294
f 8293 8294 8295
f 8295 8294 8296
f 8297 8298 8299
f 8299 8298 8300
f 8299 8300 8301
f 8301 8300 8302
f 8301 8302 8303
f 8303 8302 8304
f 8303 8304 8286
f 8286 8304 8305
f 8286 8305 8287
f 8297 8283 8298
f 8298 8283 8285
f 8298 8285 8306
f 8306 8285 8307
f 8306 8307 8308
f 8308 8307 8309
f 8308 8309 8294
f 8294 8309 8310
f 8294 8310 8296
f 8268 8311 8312
f 8268 8312 8266
f 8266 8312 8313
f 8266 8313 8282
f 8314 8315 8316
f 8281 8282 8317
f 8317 8282 8318
f 8317 8318 8319
f 8319 8318 8320
f 8320 8318 8321
f 8320 8321 8322
f 8322 8321 8323
f 8322 8323 8316
f 8316 8323 8324
f 8316 8324 8314
f 8314 8325 8315
f 8315 8325 8326
f 8315 8326 8327
f 8327 8326 8328
f 8327 8328 8329
f 8329 8328 8330
f 8330 8328 8331
f 8330 8331 8332
f 8258 8257 8333
f 8334 8256 8335
f 8335 8256 8336
f 8335 8336 8337
f 8337 8336 8338
f 8337 8338 8339
f 8340 8341 8338
f 8338 8341 8342
f 8343 8334 8344
f 8344 8334 8345
f 8344 8345 8346
f 8346 8345 8347
f 8346 8347 8348
f 8349 8350 8351
f 8351 8350 8352
f 8351 8352 8353
f 8353 8352 8354
f 8353 8354 8355
f 8339 8338 8356
f 8356 8338 8342
f 8356 8342 8349
f 8349 8342 8357
f 8349 8357 8350
f 8358 8359 8360
f 8360 8359 8361
f 8360 8361 8362
f 8362 8361 8353
f 8362 8353 8363
f 8363 8353 8355
f 8343 8364 8334
f 8334 8364 8365
f 8334 8365 8256
f 8256 8365 8366
f 8256 8366 8257
f 8367 8368 8369
f 8369 8370 8367
f 8367 8370 8346
f 8367 8346 8358
f 8358 8346 8348
f 8358 8348 8359
f 8338 8371 8340
f 8340 8371 8372
f 8340 8372 8373
f 8373 8372 8374
f 8375 8376 8377
f 8377 8376 8378
f 8377 8378 8379
f 8379 8378 8380
f 8375 8381 8376
f 8376 8381 8382
f 8376 8382 8383
f 8383 8382 8384
f 8383 8384 8374
f 8374 8384 8385
f 8374 8385 8373
f 8386 8378 8387
f 8387 8378 8376
f 8387 8376 8388
f 8388 8376 8389
f 8389 8376 8390
f 8390 8376 8391
f 8390 8391 8392
f 8393 8394 8395
f 8395 8394 8396
f 8395 8396 8397
f 8397 8396 8398
f 8397 8398 8399
f 8399 8398 8400
f 8399 8400 8401
f 8401 8400 8402
f 8401 8402 8386
f 8386 8402 8403
f 8386 8403 8378
f 8392 8391 8404
f 8404 8391 8405
f 8404 8405 8406
f 8405 8407 8406
f 8406 8407 8408
f 8406 8408 8409
f 8409 8408 8410
f 8409 8410 8395
f 8395 8410 8411
f 8395 8411 8393
f 8412 8413 8414
f 8414 8413 8415
f 8414 8415 8416
f 8416 8415 8417
f 8416 8417 8418
f 8418 8417 8419
f 8418 8419 8420
f 8420 8419 8421
f 8420 8421 8391
f 8391 8421 8422
f 8391 8422 8405
f 8423 8424 8425
f 8426 8427 8414
f 8414 8427 8428
f 8414 8428 8412
f 8429 8430 8431
f 8431 8430 8432
f 8431 8432 8433
f 8433 8432 8434
f 8433 8434 8435
f 8436 8437 8438
f 8438 8437 8439
f 8438 8439 8425
f 8425 8439 8440
f 8425 8440 8423
f 8423 8440 8441
f 8423 8441 8442
f 8442 8441 8443
f 8442 8443 8414
f 8414 8443 8444
f 8414 8444 8426
f 8426 8445 8427
f 8427 8445 8446
f 8427 8446 8447
f 8447 8446 8430
f 8447 8430 8448
f 8448 8430 8429
f 8448 8429 8449
f 8450 8451 8452
f 8452 8453 8450
f 8450 8453 8433
f 8450 8433 8436
f 8436 8433 8435
f 8436 8435 8437
f 8261 8454 8455
f 8455 8454 8456
f 8455 8456 8423
f 8423 8456 8457
f 8423 8457 8424
f 8290 8458 8260
f 8260 8458 8459
f 8260 8459 8261
f 8261 8459 8460
f 8261 8460 8454
f 8461 8462 8463
f 8463 8462 8464
f 8463 8464 8465
f 8466 8467 8468
f 8468 8467 8469
f 8468 8469 8286
f 8286 8469 8470
f 8286 8470 8303
f 8471 8472 8463
f 8463 8472 8473
f 8463 8473 8461
f 8461 8473 8474
f 8461 8474 8475
f 8475 8474 8476
f 8475 8476 8477
f 8279 8478 8479
f 8479 8480 8279
f 8279 8480 8481
f 8279 8481 8482
f 8482 8481 8483
f 8482 8483 8484
f 8278 8485 8279
f 8279 8485 8475
f 8279 8475 8478
f 8478 8475 8477
f 8486 8487 8488
f 8488 8487 8475
f 8488 8475 8489
f 8489 8475 8485
f 8490 8491 8264
f 8264 8491 8492
f 8493 8494 8495
f 8495 8494 8496
f 8495 8496 8483
f 8483 8496 8497
f 8483 8497 8484
f 8263 8498 8264
f 8264 8498 8499
f 8264 8499 8490
f 8263 8500 8501
f 8502 8498 8503
f 8503 8498 8263
f 8503 8263 8504
f 8504 8263 8501
f 8500 8263 8505
f 8505 8263 8262
f 8505 8262 8506
f 8506 8262 8507
f 8506 8507 8508
f 8501 8509 8504
f 8504 8509 8510
f 8504 8510 8511
f 8511 8510 8512
f 8511 8512 8513
f 8514 8515 8507
f 8507 8515 8516
f 8517 8518 8519
f 8519 8518 8520
f 8519 8520 8521
f 8521 8520 8522
f 8508 8507 8523
f 8523 8507 8516
f 8523 8516 8522
f 8522 8516 8524
f 8522 8524 8521
f 8525 8526 8527
f 8527 8526 8511
f 8527 8511 8517
f 8517 8511 8513
f 8517 8513 8518
f 8507 8528 8514
f 8514 8528 8529
f 8514 8529 8530
f 8530 8529 8531
f 8530 8531 8532
f 8532 8531 8533
f 8534 8535 8533
f 8533 8535 8536
f 8533 8536 8537
f 8538 8539 8540
f 8540 8539 8541
f 8540 8541 8542
f 8543 8544 8545
f 8545 8544 8546
f 8545 8546 8537
f 8537 8546 8547
f 8537 8547 8533
f 8533 8547 8548
f 8533 8548 8532
f 8543 8545 8549
f 8549 8545 8550
f 8549 8550 8551
f 8551 8550 8552
f 8551 8552 8553
f 8541 8554 8542
f 8542 8554 8555
f 8542 8555 8556
f 8556 8555 8557
f 8556 8557 8558
f 8558 8557 8559
f 8558 8559 8560
f 8560 8561 8558
f 8558 8561 8562
f 8558 8562 8563
f 8563 8562 8564
f 8563 8564 8565
f 8565 8564 8566
f 8565 8566 8552
f 8552 8566 8567
f 8552 8567 8553
f 8281 8568 8266
f 8266 8568 8569
f 8266 8569 8267
f 8267 8569 8539
f 8267 8539 8534
f 8534 8539 8538
f 8534 8538 8535
f 8315 8570 8571
f 8572 8573 8574
f 8574 8573 8316
f 8574 8316 8575
f 8575 8316 8315
f 8575 8315 8576
f 8576 8315 8571
f 8331 8311 8332
f 8332 8311 8268
f 8332 8268 8577
f 8577 8268 8578
f 8577 8578 8579
f 8579 8578 8580
f 8581 8582 8583
f 8583 8582 8580
f 8583 8580 8584
f 8584 8580 8578
f 8584 8578 8585
f 8585 8578 8268
f 8586 8587 8588
f 8588 8587 8589
f 8588 8589 8590
f 8591 8587 8592
f 8592 8587 8586
f 8592 8586 8593
f 8593 8586 8594
f 8593 8594 8595
f 8595 8594 8596
f 8595 8596 8597
f 8597 8596 8598
f 8598 8596 8599
f 8598 8599 8600
f 8601 8583 8602
f 8600 8599 8602
f 8602 8599 8603
f 8602 8603 8601
f 8601 8604 8583
f 8583 8604 8605
f 8583 8605 8581
f 8581 8605 8606
f 8607 8608 8609
f 8609 8608 8590
f 8609 8590 8610
f 8610 8590 8589
f 8607 8611 8608
f 8608 8611 8612
f 8608 8612 8613
f 8613 8612 8614
f 8613 8614 8606
f 8606 8614 8615
f 8606 8615 8581
f 8616 8617 8618
f 8618 8617 8619
f 8618 8619 8602
f 8602 8619 8620
f 8602 8620 8600
f 8621 8622 8623
f 8623 8622 8624
f 8623 8624 8625
f 8625 8624 8626
f 8625 8626 8616
f 8616 8626 8627
f 8616 8627 8617
f 8628 8629 8630
f 8631 8632 8633
f 8633 8632 8634
f 8633 8634 8635
f 8635 8634 8636
f 8635 8636 8637
f 8636 8628 8637
f 8637 8628 8630
f 8637 8630 8638
f 8638 8630 8639
f 8638 8639 8640
f 8640 8639 8641
f 8640 8641 8642
f 8642 8641 8643
f 8643 8275 8642
f 8642 8275 8277
f 8642 8277 8644
f 8644 8277 8645
f 8644 8645 8646
f 8646 8645 8621
f 8646 8621 8647
f 8647 8621 8623
f 8647 8623 8648
f 8648 8623 8649
f 8648 8649 8650
f 8631 8650 8632
f 8632 8650 8649
f 8632 8649 8651
f 8651 8649 8652
f 8651 8652 8653
f 8654 8655 8656
f 8656 8655 8657
f 8656 8657 8658
f 8658 8657 8659
f 8658 8659 8660
f 8660 8659 8661
f 8661 8659 8662
f 8661 8662 8663
f 8663 8662 8664
f 8663 8664 8652
f 8652 8664 8665
f 8652 8665 8653
f 8666 8667 8668
f 8668 8667 8669
f 8668 8669 8656
f 8656 8669 8670
f 8656 8670 8671
f 8654 8656 8672
f 8672 8656 8671
f 8672 8671 8673
f 8673 8671 8674
f 8673 8674 8272
f 8272 8674 8675
f 8272 8675 8273
f 8273 8675 8676
f 8273 8676 8677
f 8678 8679 8680
f 8680 8679 8681
f 8682 8683 8684
f 8682 8684 8681
f 8681 8684 8685
f 8681 8685 8680
f 8686 8274 8687
f 8687 8274 8273
f 8687 8273 8688
f 8688 8273 8689
f 8690 8691 8692
f 8677 8678 8273
f 8273 8678 8680
f 8273 8680 8689
f 8689 8680 8690
f 8689 8690 8693
f 8693 8690 8692
f 8682 8694 8683
f 8683 8694 8667
f 8683 8667 8695
f 8695 8667 8666
f 8695 8666 8696
f 8696 8666 8697
f 8696 8697 8698
f 8698 8697 8699
f 8698 8699 8700
f 8700 8699 8701
f 8702 8703 8704
f 8704 8703 8705
f 8704 8705 8706
f 8706 8705 8271
f 8706 8271 8707
f 8707 8271 8708
f 8709 8703 8710
f 8710 8703 8702
f 8710 8702 8711
f 8711 8702 8712
f 8711 8712 8713
f 8713 8712 8714
f 8713 8714 8715
f 8366 8716 8257
f 8257 8716 8717
f 8257 8717 8333
f 8333 8717 8718
f 8333 8718 8719
f 8719 8718 8720
f 8719 8720 8721
f 8271 8270 8708
f 8708 8270 8722
f 8708 8722 8723
f 8715 8714 8721
f 8721 8714 8724
f 8721 8724 8719
f 8722 8725 8723
f 8723 8725 8701
f 8723 8701 8726
f 8726 8701 8699
f 8726 8699 8727
f 8727 8699 8728
f 8727 8728 8729
f 8729 8728 8719
f 8729 8719 8730
f 8730 8719 8724
f 8731 8732 8271
f 8271 8732 8733
f 8271 8733 8269
f 8491 8734 8492
f 8492 8734 8493
f 8492 8493 8735
f 8735 8493 8495
f 8735 8495 8736
f 8736 8495 8737
f 8483 8738 8495
f 8495 8738 8739
f 8495 8739 8737
f 8737 8739 8471
f 8737 8471 8740
f 8740 8471 8463
f 8740 8463 8466
f 8466 8463 8465
f 8466 8465 8467
f 8741 8742 8743
f 8743 8742 8744
f 8745 8746 8747
f 8747 8746 8744
f 8747 8744 8748
f 8748 8744 8742
f 8745 8749 8746
f 8746 8749 8750
f 8746 8750 8751
f 8751 8750 8752
f 8751 8752 8753
f 8753 8752 8754
f 8754 8755 8753
f 8753 8755 8756
f 8753 8756 8757
f 8756 8758 8757
f 8757 8758 8759
f 8757 8759 8760
f 8761 8762 8763
f 8763 8762 8760
f 8763 8760 8764
f 8764 8760 8759
f 8761 8765 8762
f 8762 8765 8766
f 8762 8766 8767
f 8767 8766 8768
f 8767 8768 8769
f 8769 8768 8770
f 8770 8771 8769
f 8769 8771 8772
f 8769 8772 8773
f 8772 8774 8773
f 8773 8774 8775
f 8773 8775 8776
f 8777 8778 8779
f 8779 8778 8776
f 8779 8776 8780
f 8780 8776 8775
f 8777 8781 8778
f 8778 8781 8782
f 8778 8782 8783
f 8783 8782 8784
f 8783 8784 8785
f 8785 8784 8786
f 8787 8788 8789
f 8789 8788 8785
f 8789 8785 8790
f 8790 8785 8786
f 8787 8791 8788
f 8788 8791 8792
f 8793 8794 8795
f 8795 8794 8792
f 8795 8792 8796
f 8796 8792 8791
f 8793 8797 8794
f 8794 8797 8798
f 8794 8798 8799
f 8799 8798 8800
f 8799 8800 8801
f 8801 8800 8802
f 8802 8803 8801
f 8801 8803 8804
f 8801 8804 8805
f 8804 8806 8805
f 8805 8806 8807
f 8805 8807 8808
f 8809 8810 8811
f 8811 8810 8808
f 8811 8808 8812
f 8812 8808 8807
f 8809 8813 8810
f 8810 8813 8814
f 8810 8814 8815
f 8815 8814 8816
f 8815 8816 8817
f 8817 8816 8818
f 8818 8819 8817
f 8817 8819 8820
f 8817 8820 8821
f 8820 8822 8821
f 8821 8822 8823
f 8821 8823 8824
f 8825 8826 8827
f 8827 8826 8824
f 8827 8824 8828
f 8828 8824 8823
f 8825 8829 8826
f 8826 8829 8830
f 8826 8830 8831
f 8831 8830 8832
f 8831 8832 8833
f 8833 8832 8834
f 8741 8743 8835
f 8835 8743 8833
f 8835 8833 8836
f 8836 8833 8834
f 8837 8838 8839
f 7947 8045 8840
f 7948 7947 8841
f 8024 8025 8842
f 8040 8838 8041
f 8041 8838 8837
f 8041 8837 8043
f 8843 8839 8844
f 8844 8839 8838
f 8844 8838 8845
f 8845 8838 8040
f 8845 8040 7948
f 8846 8847 8848
f 8800 8798 8849
f 8849 8798 8846
f 8849 8846 8850
f 8850 8846 8848
f 8850 8848 8851
f 8028 8027 8852
f 8852 8027 8853
f 8852 8853 8854
f 8854 8853 8855
f 8854 8855 8856
f 8856 8855 8857
f 8034 8033 8858
f 8858 8033 8859
f 8858 8859 8860
f 8860 8859 8861
f 8860 8861 8862
f 8862 8861 8863
f 8862 8863 8807
f 8807 8863 8812
f 8032 8030 8864
f 8864 8030 8865
f 8864 8865 8866
f 8866 8865 8867
f 8866 8867 8868
f 8868 8867 8869
f 8030 8029 8865
f 8865 8029 8870
f 8865 8870 8867
f 8867 8870 8871
f 8867 8871 8869
f 8869 8871 8872
f 8869 8872 8814
f 8814 8872 8816
f 7951 7950 8873
f 8873 7950 8874
f 8873 8874 8875
f 8875 8874 8876
f 8875 8876 8877
f 8877 8876 8878
f 8241 8038 8879
f 8879 8038 8880
f 8879 8880 8881
f 8881 8880 8882
f 8881 8882 8883
f 8883 8882 8884
f 8883 8884 8823
f 8823 8884 8828
f 8036 8035 8885
f 8885 8035 8886
f 8885 8886 8887
f 8887 8886 8888
f 8887 8888 8889
f 8889 8888 8890
f 8035 8044 8886
f 8886 8044 8891
f 8886 8891 8888
f 8888 8891 8892
f 8888 8892 8890
f 8890 8892 8893
f 8890 8893 8830
f 8830 8893 8832
f 8024 8842 8894
f 8894 8842 8895
f 8894 8895 8896
f 8896 8895 8897
f 8896 8897 8898
f 8898 8897 8791
f 8898 8791 8787
f 8025 8851 8842
f 8842 8851 8848
f 8842 8848 8895
f 8895 8848 8847
f 8895 8847 8897
f 8897 8847 8796
f 8897 8796 8791
f 8798 8797 8846
f 8846 8797 8793
f 8846 8793 8847
f 8847 8793 8795
f 8847 8795 8796
f 8025 8028 8851
f 8851 8028 8852
f 8851 8852 8850
f 8850 8852 8854
f 8850 8854 8849
f 8849 8854 8856
f 8849 8856 8800
f 8806 8804 8857
f 8857 8804 8803
f 8857 8803 8856
f 8856 8803 8802
f 8856 8802 8800
f 8027 8034 8853
f 8853 8034 8858
f 8853 8858 8855
f 8855 8858 8860
f 8855 8860 8857
f 8857 8860 8862
f 8857 8862 8806
f 8806 8862 8807
f 8033 8032 8859
f 8859 8032 8864
f 8859 8864 8861
f 8861 8864 8866
f 8861 8866 8863
f 8863 8866 8868
f 8863 8868 8812
f 8814 8813 8869
f 8869 8813 8809
f 8869 8809 8868
f 8868 8809 8811
f 8868 8811 8812
f 8029 7951 8870
f 8870 7951 8873
f 8870 8873 8871
f 8871 8873 8875
f 8871 8875 8872
f 8872 8875 8877
f 8872 8877 8816
f 8822 8820 8878
f 8878 8820 8819
f 8878 8819 8877
f 8877 8819 8818
f 8877 8818 8816
f 7950 8241 8874
f 8874 8241 8879
f 8874 8879 8876
f 8876 8879 8881
f 8876 8881 8878
f 8878 8881 8883
f 8878 8883 8822
f 8822 8883 8823
f 8038 8036 8880
f 8880 8036 8885
f 8880 8885 8882
f 8882 8885 8887
f 8882 8887 8884
f 8884 8887 8889
f 8884 8889 8828
f 8830 8829 8890
f 8890 8829 8825
f 8890 8825 8889
f 8889 8825 8827
f 8889 8827 8828
f 8044 8043 8891
f 8891 8043 8837
f 8891 8837 8892
f 8892 8837 8839
f 8892 8839 8893
f 8893 8839 8843
f 8893 8843 8832
f 8832 8843 8834
f 8899 8835 8836
f 7948 8841 8845
f 8845 8841 8900
f 8845 8900 8844
f 8844 8900 8899
f 8844 8899 8843
f 8843 8899 8836
f 8843 8836 8834
f 7947 8840 8841
f 8841 8840 8901
f 8841 8901 8900
f 8900 8901 8902
f 8900 8902 8899
f 8899 8902 8741
f 8899 8741 8835
f 8903 8904 8905
f 8067 8024 8894
f 8068 8067 8906
f 8045 8047 8907
f 8069 8904 8061
f 8061 8904 8903
f 8061 8903 8062
f 8908 8905 8909
f 8909 8905 8904
f 8909 8904 8910
f 8910 8904 8069
f 8910 8069 8068
f 8911 8912 8913
f 8752 8750 8914
f 8914 8750 8911
f 8914 8911 8915
f 8915 8911 8913
f 8915 8913 8916
f 8053 8052 8917
f 8917 8052 8918
f 8917 8918 8919
f 8919 8918 8920
f 8919 8920 8921
f 8921 8920 8922
f 8051 8049 8923
f 8923 8049 8924
f 8923 8924 8925
f 8925 8924 8926
f 8925 8926 8927
f 8927 8926 8928
f 8927 8928 8759
f 8759 8928 8764
f 8048 8054 8929
f 8929 8054 8930
f 8929 8930 8931
f 8931 8930 8932
f 8931 8932 8933
f 8933 8932 8934
f 8054 8059 8930
f 8930 8059 8935
f 8930 8935 8932
f 8932 8935 8936
f 8932 8936 8934
f 8934 8936 8937
f 8934 8937 8766
f 8766 8937 8768
f 8058 8057 8938
f 8938 8057 8939
f 8938 8939 8940
f 8940 8939 8941
f 8940 8941 8942
f 8942 8941 8943
f 7944 7946 8944
f 8944 7946 8945
f 8944 8945 8946
f 8946 8945 8947
f 8946 8947 8948
f 8948 8947 8949
f 8948 8949 8775
f 8775 8949 8780
f 8060 8065 8950
f 8950 8065 8951
f 8950 8951 8952
f 8952 8951 8953
f 8952 8953 8954
f 8954 8953 8955
f 8065 8064 8951
f 8951 8064 8956
f 8951 8956 8953
f 8953 8956 8957
f 8953 8957 8955
f 8955 8957 8958
f 8955 8958 8782
f 8782 8958 8784
f 8045 8907 8840
f 8840 8907 8959
f 8840 8959 8901
f 8901 8959 8960
f 8901 8960 8902
f 8902 8960 8742
f 8902 8742 8741
f 8047 8916 8907
f 8907 8916 8913
f 8907 8913 8959
f 8959 8913 8912
f 8959 8912 8960
f 8960 8912 8748
f 8960 8748 8742
f 8750 8749 8911
f 8911 8749 8745
f 8911 8745 8912
f 8912 8745 8747
f 8912 8747 8748
f 8047 8053 8916
f 8916 8053 8917
f 8916 8917 8915
f 8915 8917 8919
f 8915 8919 8914
f 8914 8919 8921
f 8914 8921 8752
f 8758 8756 8922
f 8922 8756 8755
f 8922 8755 8921
f 8921 8755 8754
f 8921 8754 8752
f 8052 8051 8918
f 8918 8051 8923
f 8918 8923 8920
f 8920 8923 8925
f 8920 8925 8922
f 8922 8925 8927
f 8922 8927 8758
f 8758 8927 8759
f 8049 8048 8924
f 8924 8048 8929
f 8924 8929 8926
f 8926 8929 8931
f 8926 8931 8928
f 8928 8931 8933
f 8928 8933 8764
f 8766 8765 8934
f 8934 8765 8761
f 8934 8761 8933
f 8933 8761 8763
f 8933 8763 8764
f 8059 8058 8935
f 8935 8058 8938
f 8935 8938 8936
f 8936 8938 8940
f 8936 8940 8937
f 8937 8940 8942
f 8937 8942 8768
f 8774 8772 8943
f 8943 8772 8771
f 8943 8771 8942
f 8942 8771 8770
f 8942 8770 8768
f 8057 7944 8939
f 8939 7944 8944
f 8939 8944 8941
f 8941 8944 8946
f 8941 8946 8943
f 8943 8946 8948
f 8943 8948 8774
f 8774 8948 8775
f 7946 8060 8945
f 8945 8060 8950
f 8945 8950 8947
f 8947 8950 8952
f 8947 8952 8949
f 8949 8952 8954
f 8949 8954 8780
f 8782 8781 8955
f 8955 8781 8777
f 8955 8777 8954
f 8954 8777 8779
f 8954 8779 8780
f 8064 8062 8956
f 8956 8062 8903
f 8956 8903 8957
f 8957 8903 8905
f 8957 8905 8958
f 8958 8905 8908
f 8958 8908 8784
f 8784 8908 8786
f 8961 8789 8790
f 8068 8906 8910
f 8910 8906 8962
f 8910 8962 8909
f 8909 8962 8961
f 8909 8961 8908
f 8908 8961 8790
f 8908 8790 8786
f 8067 8894 8906
f 8906 8894 8896
f 8906 8896 8962
f 8962 8896 8898
f 8962 8898 8961
f 8961 8898 8787
f 8961 8787 8789
f 8963 8289 8288
f 8235 8223 8964
f 8964 8223 8965
f 8965 8223 8229
f 8965 8229 8966
f 8966 8229 8967
f 8967 8229 8234
f 8967 8234 8968
f 8968 8234 8969
f 8969 8234 8233
f 8969 8233 8970
f 8964 8963 8235
f 8235 8963 8288
f 8235 8288 8236
f 8236 8288 8287
f 8236 8287 8237
f 8237 8287 8305
f 8970 8233 8232
f 8308 8294 8969
f 8969 8294 8968
f 8968 8294 8292
f 8968 8292 8967
f 8291 8289 8963
f 8963 8964 8291
f 8291 8964 8965
f 8291 8965 8292
f 8292 8965 8966
f 8292 8966 8967
f 8237 8305 8238
f 8238 8305 8304
f 8238 8304 8230
f 8230 8304 8302
f 8230 8302 8231
f 8231 8302 8300
f 8231 8300 8224
f 8224 8300 8298
f 8224 8298 8225
f 8225 8298 8306
f 8225 8306 8232
f 8232 8306 8308
f 8232 8308 8970
f 8970 8308 8969
f 8971 8282 8313
f 8313 8121 8971
f 8971 8121 8120
f 8971 8120 8972
f 8972 8120 8131
f 8972 8131 8973
f 8973 8131 8130
f 8973 8130 8974
f 8974 8130 8975
f 8975 8130 8129
f 8975 8129 8976
f 8311 8125 8312
f 8312 8125 8124
f 8312 8124 8313
f 8313 8124 8123
f 8313 8123 8121
f 8976 8129 8128
f 8321 8974 8323
f 8323 8974 8975
f 8323 8975 8324
f 8282 8971 8318
f 8318 8971 8972
f 8318 8972 8321
f 8321 8972 8973
f 8321 8973 8974
f 8125 8311 8118
f 8118 8311 8331
f 8118 8331 8117
f 8117 8331 8328
f 8117 8328 8116
f 8116 8328 8326
f 8116 8326 8126
f 8126 8326 8325
f 8126 8325 8127
f 8127 8325 8314
f 8127 8314 8128
f 8128 8314 8324
f 8128 8324 8976
f 8976 8324 8975
f 8977 8726 8727
f 8172 8162 8978
f 8978 8162 8979
f 8979 8162 8165
f 8979 8165 8980
f 8980 8165 8981
f 8981 8165 8179
f 8981 8179 8982
f 8982 8179 8983
f 8983 8179 8178
f 8983 8178 8984
f 8978 8977 8172
f 8172 8977 8727
f 8172 8727 8173
f 8173 8727 8729
f 8173 8729 8175
f 8175 8729 8730
f 8984 8178 8177
f 8706 8707 8983
f 8983 8707 8982
f 8982 8707 8708
f 8982 8708 8981
f 8723 8726 8977
f 8977 8978 8723
f 8723 8978 8979
f 8723 8979 8708
f 8708 8979 8980
f 8708 8980 8981
f 8175 8730 8176
f 8176 8730 8724
f 8176 8724 8166
f 8166 8724 8714
f 8166 8714 8167
f 8167 8714 8712
f 8167 8712 8169
f 8169 8712 8702
f 8169 8702 8171
f 8171 8702 8704
f 8171 8704 8177
f 8177 8704 8706
f 8177 8706 8984
f 8984 8706 8983
f 8985 8986 8718
f 8718 8717 8985
f 8985 8717 8716
f 8985 8716 8366
f 8718 8986 8720
f 8720 8986 8987
f 8720 8987 8721
f 8721 8987 8988
f 8721 8988 8715
f 8715 8988 8989
f 8715 8989 8713
f 8713 8989 8990
f 8991 8711 8990
f 8990 8711 8713
f 8711 8991 8992
f 8711 8992 8710
f 8710 8992 8993
f 8710 8993 8709
f 8709 8993 8994
f 8709 8994 8703
f 8703 8994 8995
f 8703 8995 8705
f 8996 8271 8995
f 8995 8271 8705
f 8271 8996 8997
f 8271 8997 8731
f 8731 8997 8998
f 8731 8998 8732
f 8732 8998 8999
f 8732 8999 8733
f 8733 8999 9000
f 8733 9000 8269
f 8269 9000 8270
f 8270 9000 9001
f 8270 9001 8722
f 9002 8698 9003
f 9003 8698 8700
f 9003 8700 9004
f 9004 8700 8701
f 9004 8701 9005
f 9005 8701 8725
f 9005 8725 9001
f 9001 8725 8722
f 9006 8696 9002
f 9002 8696 8698
f 8696 9006 8695
f 8695 9006 9007
f 8695 9007 8683
f 8683 9007 9008
f 8683 9008 8684
f 8684 9008 9009
f 8684 9009 8685
f 8685 9009 9010
f 9011 8690 9010
f 9010 8690 8680
f 9010 8680 8685
f 8690 9011 9012
f 8690 9012 8691
f 8691 9012 9013
f 8691 9013 8692
f 8692 9013 9014
f 8692 9014 8693
f 8693 9014 9015
f 8693 9015 8689
f 8689 9015 8688
f 8688 9015 9016
f 9017 9018 8272
f 8272 8274 9017
f 9017 8274 8686
f 9017 8686 9019
f 9019 8686 8687
f 9019 8687 9020
f 9020 8687 8688
f 9020 8688 9016
f 9018 9021 8272
f 8272 9021 8673
f 8673 9021 8672
f 8672 9021 9022
f 8672 9022 8654
f 8654 9022 9023
f 8654 9023 8655
f 8655 9023 9024
f 8655 9024 8657
f 8657 9024 9025
f 9026 8665 9027
f 9027 8665 8664
f 9027 8664 9028
f 9028 8664 8662
f 9028 8662 9029
f 9029 8662 8659
f 9029 8659 9025
f 9025 8659 8657
f 8665 9026 8653
f 8653 9026 9030
f 8653 9030 8651
f 8651 9030 9031
f 8651 9031 8632
f 8632 9031 9032
f 8632 9032 8634
f 8634 9032 9033
f 9033 9034 8634
f 8634 9034 8636
f 8636 9034 9035
f 8636 9035 8628
f 8628 9035 9036
f 8628 9036 8629
f 8629 9036 9037
f 8629 9037 8630
f 8630 9037 9038
f 8630 9038 8639
f 8639 9038 8641
f 8641 9038 9039
f 8643 8641 9039
f 9039 9040 8643
f 8643 9040 9041
f 8643 9041 8275
f 8275 9041 9042
f 8275 9042 8276
f 8276 9042 9043
f 8276 9043 8277
f 9043 9044 8277
f 8277 9044 8645
f 8645 9044 8621
f 8621 9044 9045
f 8621 9045 8622
f 8622 9045 9046
f 8622 9046 8624
f 8624 9046 9047
f 8624 9047 8626
f 8626 9047 9048
f 9049 8620 9050
f 9050 8620 8619
f 9050 8619 9051
f 9051 8619 8617
f 9051 8617 9052
f 9052 8617 8627
f 9052 8627 9048
f 9048 8627 8626
f 8620 9049 8600
f 8600 9049 9053
f 8600 9053 8598
f 8598 9053 9054
f 8598 9054 8597
f 8597 9054 9055
f 8597 9055 8595
f 8595 9055 9056
f 9056 9057 8595
f 8595 9057 8593
f 8593 9057 9058
f 8593 9058 8592
f 8592 9058 9059
f 8592 9059 8591
f 8591 9059 9060
f 8591 9060 8587
f 8587 9060 9061
f 8587 9061 8589
f 8589 9061 8610
f 8610 9061 9062
f 9063 8612 8611
f 9063 8611 9064
f 9064 8611 8607
f 9064 8607 9065
f 9065 8607 8609
f 9065 8609 9066
f 9066 8609 8610
f 9066 8610 9062
f 9063 9067 8612
f 8612 9067 8614
f 8614 9067 8615
f 8615 9067 9068
f 8615 9068 8581
f 8581 9068 9069
f 8581 9069 8582
f 8582 9069 9070
f 8582 9070 8580
f 8580 9070 9071
f 8580 9071 8579
f 8579 9071 9072
f 8579 9072 8577
f 8577 9072 8332
f 8332 9072 9073
f 8332 9073 8330
f 8330 9073 9074
f 8330 9074 8329
f 8329 9074 9075
f 8329 9075 8327
f 8327 9075 9076
f 9077 8315 9076
f 9076 8315 8327
f 8315 9077 9078
f 8315 9078 8570
f 8570 9078 9079
f 8570 9079 8571
f 8571 9079 9080
f 8571 9080 8576
f 8576 9080 9081
f 8576 9081 8575
f 9082 8574 9081
f 9081 8574 8575
f 8574 9082 9083
f 8574 9083 8572
f 8572 9083 9084
f 8572 9084 8573
f 8573 9084 9085
f 8573 9085 8316
f 8316 9085 9086
f 8316 9086 8322
f 9087 8320 9086
f 9086 8320 8322
f 9088 8569 9089
f 9089 8569 8568
f 9089 8568 9090
f 8568 8281 9090
f 9090 8281 8317
f 9090 8317 9091
f 9091 8317 8319
f 9091 8319 9087
f 9087 8319 8320
f 9092 8539 9088
f 9088 8539 8569
f 8539 9092 8541
f 8541 9092 9093
f 8541 9093 8554
f 8554 9093 9094
f 8554 9094 8555
f 8555 9094 9095
f 8555 9095 8557
f 8557 9095 9096
f 9096 9097 8557
f 8557 9097 8559
f 8559 9097 9098
f 8559 9098 8560
f 8560 9098 9099
f 8560 9099 8561
f 8561 9099 9100
f 8561 9100 8562
f 8562 9100 9101
f 8562 9101 8564
f 8564 9101 8566
f 8566 9101 9102
f 9103 8549 8551
f 9103 8551 9104
f 9104 8551 8553
f 9104 8553 9105
f 9105 8553 8567
f 9105 8567 9106
f 9106 8567 8566
f 9106 8566 9102
f 9103 9107 8549
f 8549 9107 8543
f 8543 9107 8544
f 8544 9107 9108
f 8544 9108 8546
f 8546 9108 9109
f 8546 9109 8547
f 8547 9109 9110
f 8547 9110 8548
f 8548 9110 9111
f 9112 8515 9113
f 9113 8515 8514
f 9113 8514 9114
f 9114 8514 8530
f 9114 8530 9115
f 9115 8530 8532
f 9115 8532 9111
f 9111 8532 8548
f 8515 9112 8516
f 8516 9112 9116
f 8516 9116 8524
f 8524 9116 9117
f 8524 9117 8521
f 8521 9117 9118
f 8521 9118 8519
f 8519 9118 9119
f 9119 9120 8519
f 8519 9120 8517
f 8517 9120 9121
f 8517 9121 8527
f 8527 9121 9122
f 8527 9122 8525
f 8525 9122 9123
f 8525 9123 8526
f 8526 9123 9124
f 8526 9124 8511
f 8511 9124 8504
f 8504 9124 9125
f 8504 9125 8503
f 8503 9125 9126
f 9126 9127 8503
f 8503 9127 8502
f 8498 8502 9128
f 9128 8502 9127
f 9128 9129 8498
f 8498 9129 8499
f 8499 9129 8490
f 8490 9129 9130
f 8490 9130 8491
f 8491 9130 9131
f 8491 9131 8734
f 8734 9131 9132
f 8734 9132 8493
f 8493 9132 9133
f 9134 8494 9133
f 9133 8494 8493
f 8494 9134 8496
f 8496 9134 9135
f 8496 9135 8497
f 8497 9135 9136
f 8497 9136 8484
f 8484 9136 9137
f 8484 9137 8482
f 8482 9137 9138
f 9139 8279 9138
f 9138 8279 8482
f 8280 8279 9140
f 9140 8279 9139
f 9140 9141 8280
f 8280 9141 8278
f 8278 9141 8485
f 8485 9141 9142
f 8485 9142 8489
f 8489 9142 9143
f 9144 8475 8487
f 9144 8487 9145
f 9145 8487 8486
f 9145 8486 9146
f 9146 8486 8488
f 9146 8488 9147
f 9147 8488 8489
f 9147 8489 9143
f 9144 9148 8475
f 8475 9148 8461
f 8461 9148 8462
f 8462 9148 9149
f 8462 9149 8464
f 8464 9149 9150
f 8464 9150 8465
f 8465 9150 9151
f 8465 9151 8467
f 8467 9151 9152
f 9153 8469 9152
f 9152 8469 8467
f 8469 9153 8470
f 8470 9153 9154
f 8470 9154 8303
f 8303 9154 9155
f 8303 9155 8301
f 8301 9155 9156
f 8301 9156 8299
f 8299 9156 9157
f 9158 8297 9157
f 9157 8297 8299
f 8297 9158 9159
f 8297 9159 8283
f 8283 9159 9160
f 8283 9160 8284
f 8284 9160 9161
f 8284 9161 8285
f 8285 9161 9162
f 8285 9162 8307
f 9163 8309 9162
f 9162 8309 8307
f 8309 9163 9164
f 8309 9164 8310
f 8310 9164 9165
f 8310 9165 8296
f 8296 9165 9166
f 8296 9166 8295
f 8295 9166 9167
f 8295 9167 8293
f 9168 8290 9167
f 9167 8290 8293
f 9169 8454 9170
f 9170 8454 8460
f 9170 8460 9171
f 9171 8460 8459
f 9171 8459 9172
f 9172 8459 8458
f 9172 8458 9168
f 9168 8458 8290
f 9173 8456 9169
f 9169 8456 8454
f 8456 9173 8457
f 8457 9173 9174
f 8457 9174 8424
f 8424 9174 9175
f 8424 9175 8425
f 8425 9175 9176
f 8425 9176 8438
f 8438 9176 9177
f 8438 9177 8436
f 8436 9177 9178
f 8436 9178 8450
f 8450 9178 9179
f 8450 9179 8451
f 8451 9179 9180
f 8451 9180 8452
f 8452 9180 9181
f 8452 9181 8453
f 8453 9181 9182
f 8453 9182 8433
f 8433 9182 8431
f 8431 9182 9183
f 9184 8447 8448
f 9184 8448 9185
f 9185 8448 8449
f 9185 8449 9186
f 9186 8449 8429
f 9186 8429 9187
f 9187 8429 8431
f 9187 8431 9183
f 9184 9188 8447
f 8447 9188 8427
f 8427 9188 8428
f 8428 9188 9189
f 8428 9189 8412
f 8412 9189 9190
f 8412 9190 8413
f 8413 9190 9191
f 8413 9191 8415
f 8415 9191 9192
f 9193 8422 9194
f 9194 8422 8421
f 9194 8421 9195
f 9195 8421 8419
f 9195 8419 9196
f 9196 8419 8417
f 9196 8417 9192
f 9192 8417 8415
f 8422 9193 8405
f 8405 9193 9197
f 8405 9197 8407
f 8407 9197 9198
f 8407 9198 8408
f 8408 9198 9199
f 8408 9199 8410
f 8410 9199 9200
f 9200 9201 8410
f 8410 9201 8411
f 8411 9201 9202
f 8411 9202 8393
f 8393 9202 9203
f 8393 9203 8394
f 8394 9203 9204
f 8394 9204 8396
f 8396 9204 9205
f 8396 9205 8398
f 8398 9205 8400
f 8400 9205 9206
f 9207 8379 8380
f 9207 8380 9208
f 9208 8380 8378
f 9208 8378 9209
f 8378 8403 9209
f 9209 8403 8402
f 9209 8402 9210
f 9210 8402 8400
f 9210 8400 9206
f 9207 9211 8379
f 8379 9211 8377
f 8377 9211 8375
f 8375 9211 9212
f 8375 9212 8381
f 8381 9212 9213
f 8381 9213 8382
f 8382 9213 9214
f 8382 9214 8384
f 8384 9214 9215
f 9216 8341 9217
f 9217 8341 8340
f 9217 8340 9218
f 9218 8340 8373
f 9218 8373 9219
f 9219 8373 8385
f 9219 8385 9215
f 9215 8385 8384
f 8341 9216 8342
f 8342 9216 9220
f 8342 9220 8357
f 8357 9220 9221
f 8357 9221 8350
f 8350 9221 9222
f 8350 9222 8352
f 8352 9222 9223
f 9223 9224 8352
f 8352 9224 8354
f 8354 9224 9225
f 8354 9225 8355
f 8355 9225 9226
f 8355 9226 8363
f 8363 9226 9227
f 8363 9227 8362
f 8362 9227 9228
f 8362 9228 8360
f 9229 8367 9228
f 9228 8367 8358
f 9228 8358 8360
f 9230 8346 8370
f 9230 8370 9231
f 9231 8370 8369
f 9231 8369 9232
f 9232 8369 8368
f 9232 8368 9233
f 9233 8368 8367
f 9233 8367 9229
f 9230 9234 8346
f 8346 9234 8344
f 8344 9234 8343
f 8343 9234 9235
f 8343 9235 8364
f 8364 9235 9236
f 8364 9236 8365
f 8365 9236 9237
f 8365 9237 8366
f 8366 9237 8985
f 9128 9127 9129
f 9129 9127 9133
f 9136 9135 9137
f 9137 9135 9134
f 9137 9134 9138
f 9138 9134 9133
f 9133 9132 9129
f 9129 9132 9131
f 9129 9131 9130
f 9126 9141 9127
f 9127 9141 9140
f 9127 9140 9133
f 9133 9140 9139
f 9133 9139 9138
f 9126 9238 9239
f 9126 9239 9141
f 9141 9239 9240
f 9141 9240 9241
f 9072 9064 9065
f 9079 9078 9019
f 9060 9059 9019
f 9037 9036 9019
f 9019 9036 9035
f 9071 9070 9069
f 9165 9164 9180
f 9069 9068 9071
f 9071 9068 9067
f 9071 9067 9072
f 9072 9067 9063
f 9072 9063 9064
f 9104 9105 9121
f 9121 9105 9122
f 9100 9099 9084
f 9084 9099 9098
f 9084 9098 9085
f 9242 9243 9232
f 9147 9244 9161
f 9144 9145 9159
f 9241 9245 9141
f 9141 9245 9246
f 9141 9246 9142
f 9142 9246 9247
f 9142 9247 9143
f 9143 9247 9248
f 9143 9248 9147
f 9147 9248 9249
f 9147 9249 9244
f 9066 9062 9019
f 9019 9062 9061
f 9019 9061 9060
f 9026 9027 9033
f 9125 9124 9105
f 9105 9124 9123
f 9105 9123 9122
f 9078 9077 9019
f 9019 9077 9076
f 9019 9076 9075
f 9019 9020 9250
f 9250 9020 9016
f 9250 9016 9015
f 9145 9146 9159
f 9159 9146 9147
f 9159 9147 9160
f 9160 9147 9161
f 9033 9027 9034
f 9034 9027 9028
f 9034 9028 9029
f 9251 9252 9080
f 9080 9252 9253
f 9080 9253 9254
f 9250 9255 9019
f 9019 9255 9251
f 9019 9251 9079
f 9079 9251 9080
f 9065 9066 9072
f 9072 9066 9019
f 9072 9019 9073
f 9073 9019 9075
f 9073 9075 9074
f 8995 8994 9231
f 9242 9232 9256
f 9256 9232 9233
f 9256 9233 9257
f 9029 9021 9034
f 9034 9021 9018
f 9034 9018 9035
f 9035 9018 9017
f 9035 9017 9019
f 9102 9101 9126
f 8999 8998 9014
f 9014 8998 8997
f 9014 8997 8996
f 9181 9180 9226
f 9209 9226 9208
f 9208 9226 9225
f 9208 9225 9207
f 9207 9225 9224
f 9207 9224 9217
f 9217 9224 9223
f 9217 9223 9216
f 9164 9163 9244
f 9244 9163 9162
f 9244 9162 9161
f 9041 9040 9059
f 9059 9040 9039
f 9059 9039 9019
f 9019 9039 9038
f 9019 9038 9037
f 9113 9114 9103
f 9103 9114 9115
f 9103 9115 9107
f 9125 9105 9126
f 9126 9105 9106
f 9126 9106 9102
f 9085 9098 9086
f 9086 9098 9097
f 9086 9097 9087
f 9087 9097 9096
f 9087 9096 9091
f 8994 8993 9231
f 9231 8993 8992
f 9231 8992 9230
f 9230 8992 8991
f 9230 8991 9234
f 9234 8991 8990
f 9234 8990 9235
f 9181 9204 9203
f 9215 9214 9213
f 9156 9155 9154
f 9046 9045 9044
f 9054 9053 9049
f 9023 9022 9024
f 9024 9022 9021
f 9024 9021 9025
f 9025 9021 9029
f 9032 9031 9033
f 9033 9031 9030
f 9033 9030 9026
f 9104 9121 9103
f 9103 9121 9120
f 9103 9120 9113
f 9113 9120 9119
f 9113 9119 9112
f 9094 9093 9095
f 9095 9093 9092
f 9089 9090 9088
f 9088 9090 9091
f 9088 9091 9092
f 9092 9091 9096
f 9092 9096 9095
f 9101 9100 9126
f 9126 9100 9084
f 9126 9084 9238
f 9238 9084 9083
f 9238 9083 9258
f 9258 9083 9082
f 9258 9082 9254
f 9254 9082 9081
f 9254 9081 9080
f 9243 9250 9232
f 9232 9250 9015
f 9232 9015 9231
f 9231 9015 9014
f 9231 9014 8995
f 8995 9014 8996
f 8990 8989 8988
f 9244 9259 9164
f 9164 9259 9260
f 9164 9260 9180
f 9180 9260 9261
f 9180 9261 9226
f 9226 9261 9262
f 9226 9262 9227
f 9227 9262 9263
f 9227 9263 9264
f 9217 9218 9207
f 9207 9218 9219
f 9207 9219 9211
f 9211 9219 9215
f 9211 9215 9212
f 9212 9215 9213
f 9222 9221 9223
f 9223 9221 9220
f 9223 9220 9216
f 9154 9153 9156
f 9156 9153 9148
f 9156 9148 9157
f 9157 9148 9144
f 9157 9144 9158
f 9158 9144 9159
f 9150 9149 9151
f 9151 9149 9148
f 9151 9148 9152
f 9152 9148 9153
f 9237 9236 8985
f 8985 9236 9235
f 8985 9235 8986
f 8986 9235 8990
f 8986 8990 8987
f 8987 8990 8988
f 9165 9180 9166
f 9166 9180 9179
f 9166 9179 9167
f 9167 9179 9178
f 9167 9178 9168
f 9168 9178 9177
f 9168 9177 9172
f 9177 9176 9175
f 9041 9059 9042
f 9042 9059 9058
f 9042 9058 9043
f 9043 9058 9057
f 9043 9057 9050
f 9050 9057 9056
f 9050 9056 9049
f 9049 9056 9055
f 9049 9055 9054
f 9109 9108 9110
f 9110 9108 9107
f 9110 9107 9111
f 9111 9107 9115
f 9118 9117 9119
f 9119 9117 9116
f 9119 9116 9112
f 9014 9013 8999
f 8999 9013 9012
f 8999 9012 9000
f 9000 9012 9011
f 9000 9011 9001
f 9001 9011 9010
f 9001 9010 9005
f 9005 9010 9004
f 9257 9233 9265
f 9265 9233 9229
f 9265 9229 9264
f 9264 9229 9228
f 9264 9228 9227
f 9186 9187 9202
f 9202 9187 9183
f 9202 9183 9203
f 9203 9183 9182
f 9203 9182 9181
f 9170 9171 9169
f 9169 9171 9172
f 9169 9172 9173
f 9173 9172 9177
f 9173 9177 9174
f 9174 9177 9175
f 9047 9046 9048
f 9048 9046 9044
f 9048 9044 9052
f 9052 9044 9043
f 9052 9043 9051
f 9051 9043 9050
f 9008 9007 9009
f 9009 9007 9006
f 9009 9006 9010
f 9010 9006 9004
f 9004 9006 9002
f 9004 9002 9003
f 9209 9210 9226
f 9226 9210 9206
f 9226 9206 9181
f 9181 9206 9205
f 9181 9205 9204
f 9194 9195 9184
f 9184 9195 9196
f 9184 9196 9188
f 9190 9189 9191
f 9191 9189 9188
f 9191 9188 9192
f 9192 9188 9196
f 9198 9197 9199
f 9199 9197 9193
f 9199 9193 9200
f 9200 9193 9194
f 9200 9194 9201
f 9201 9194 9184
f 9201 9184 9202
f 9202 9184 9185
f 9202 9185 9186
f 9243 9266 9250
f 9250 9266 9267
f 9250 9267 9255
f 9255 9267 9268
f 9255 9268 9251
f 9251 9268 9269
f 9251 9269 9252
f 9252 9269 9270
f 9252 9270 9253
f 9253 9270 9271
f 9253 9271 9254
f 9254 9271 9272
f 9254 9272 9258
f 9258 9272 9273
f 9258 9273 9238
f 9238 9273 9274
f 9238 9274 9239
f 9239 9274 9275
f 9239 9275 9240
f 9240 9275 9276
f 9240 9276 9241
f 9241 9276 9277
f 9241 9277 9245
f 9245 9277 9278
f 9245 9278 9246
f 9246 9278 9279
f 9246 9279 9247
f 9247 9279 9280
f 9247 9280 9248
f 9248 9280 9281
f 9248 9281 9249
f 9249 9281 9282
f 9249 9282 9244
f 9244 9282 9283
f 9244 9283 9259
f 9259 9283 9284
f 9259 9284 9260
f 9260 9284 9285
f 9260 9285 9261
f 9261 9285 9286
f 9261 9286 9262
f 9262 9286 9287
f 9262 9287 9263
f 9263 9287 9288
f 9263 9288 9264
f 9264 9288 9289
f 9264 9289 9265
f 9265 9289 9290
f 9265 9290 9257
f 9257 9290 9291
f 9257 9291 9256
f 9256 9291 9292
f 9256 9292 9242
f 9242 9292 9293
f 9242 9293 9243
f 9243 9293 9266
f 9286 9294 9287
f 9287 9294 9295
f 9287 9295 9288
f 9288 9295 9296
f 9288 9296 9289
f 9289 9296 9297
f 9289 9297 9290
f 9290 9297 9298
f 9290 9298 9291
f 9291 9298 9299
f 9291 9299 9292
f 9292 9299 9300
f 9292 9300 9293
f 9293 9300 9301
f 9293 9301 9266
f 9266 9301 9302
f 9266 9302 9267
f 9267 9302 9303
f 9267 9303 9268
f 9268 9303 9304
f 9268 9304 9269
f 9269 9304 9305
f 9269 9305 9270
f 9270 9305 9306
f 9270 9306 9271
f 9271 9306 9307
f 9271 9307 9272
f 9272 9307 9308
f 9272 9308 9273
f 9273 9308 9309
f 9273 9309 9274
f 9274 9309 9310
f 9274 9310 9275
f 9275 9310 9311
f 9275 9311 9276
f 9276 9311 9312
f 9276 9312 9277
f 9277 9312 9313
f 9277 9313 9278
f 9278 9313 9314
f 9278 9314 9279
f 9279 9314 9315
f 9279 9315 9280
f 9280 9315 9316
f 9280 9316 9281
f 9281 9316 9317
f 9281 9317 9282
f 9282 9317 9318
f 9282 9318 9283
f 9283 9318 9319
f 9283 9319 9284
f 9284 9319 9320
f 9284 9320 9285
f 9285 9320 9321
f 9285 9321 9286
f 9286 9321 9294
f 9302 9322 9303
f 9303 9322 9323
f 9303 9323 9304
f 9304 9323 9324
f 9304 9324 9305
f 9305 9324 9325
f 9305 9325 9306
f 9306 9325 9326
f 9306 9326 9307
f 9307 9326 9327
f 9307 9327 9308
f 9308 9327 9328
f 9308 9328 9309
f 9309 9328 9329
f 9309 9329 9310
f 9310 9329 9330
f 9310 9330 9311
f 9311 9330 9331
f 9311 9331 9312
f 9312 9331 9332
f 9312 9332 9313
f 9313 9332 9333
f 9313 9333 9314
f 9314 9333 9334
f 9314 9334 9315
f 9315 9334 9335
f 9315 9335 9316
f 9316 9335 9336
f 9316 9336 9317
f 9317 9336 9337
f 9317 9337 9318
f 9318 9337 9338
f 9318 9338 9319
f 9319 9338 9339
f 9319 9339 9320
f 9320 9339 9340
f 9320 9340 9321
f 9321 9340 9341
f 9321 9341 9294
f 9294 9341 9342
f 9294 9342 9295
f 9295 9342 9343
f 9295 9343 9296
f 9296 9343 9344
f 9296 9344 9297
f 9297 9344 9345
f 9297 9345 9298
f 9298 9345 9346
f 9298 9346 9299
f 9299 9346 9347
f 9299 9347 9300
f 9300 9347 9348
f 9300 9348 9301
f 9301 9348 9349
f 9301 9349 9302
f 9302 9349 9322
f 9350 9335 9351
f 9351 9335 9334
f 9351 9334 9352
f 9352 9334 9333
f 9352 9333 9353
f 9353 9333 9332
f 9353 9332 9354
f 9354 9332 9331
f 9354 9331 9355
f 9355 9331 9330
f 9355 9330 9356
f 9356 9330 9329
f 9356 9329 9357
f 9357 9329 9328
f 9357 9328 9358
f 9358 9328 9327
f 9358 9327 9359
f 9359 9327 9326
f 9359 9326 9360
f 9360 9326 9325
f 9360 9325 9361
f 9361 9325 9324
f 9361 9324 9362
f 9362 9324 9323
f 9362 9323 9363
f 9363 9323 9322
f 9363 9322 9364
f 9364 9322 9349
f 9364 9349 9365
f 9365 9349 9348
f 9365 9348 9366
f 9366 9348 9347
f 9366 9347 9367
f 9367 9347 9346
f 9367 9346 9368
f 9368 9346 9345
f 9368 9345 9369
f 9369 9345 9344
f 9369 9344 9370
f 9370 9344 9343
f 9370 9343 9371
f 9371 9343 9342
f 9371 9342 9372
f 9372 9342 9341
f 9372 9341 9373
f 9373 9341 9340
f 9373 9340 9374
f 9374 9340 9339
f 9374 9339 9375
f 9375 9339 9338
f 9375 9338 9376
f 9376 9338 9337
f 9376 9337 9377
f 9377 9337 9336
f 9377 9336 9350
f 9350 9336 9335
f 9377 9378 9376
f 9376 9378 9379
f 9376 9379 9375
f 9375 9379 9380
f 9375 9380 9374
f 9374 9380 9381
f 9374 9381 9373
f 9373 9381 9382
f 9373 9382 9372
f 9372 9382 9383
f 9372 9383 9371
f 9371 9383 9384
f 9371 9384 9370
f 9370 9384 9385
f 9370 9385 9369
f 9369 9385 9386
f 9369 9386 9368
f 9368 9386 9387
f 9368 9387 9367
f 9367 9387 9388
f 9367 9388 9366
f 9366 9388 9389
f 9366 9389 9365
f 9365 9389 9390
f 9365 9390 9364
f 9364 9390 9391
f 9364 9391 9363
f 9363 9391 9392
f 9363 9392 9362
f 9362 9392 9393
f 9362 9393 9361
f 9361 9393 9394
f 9361 9394 9360
f 9360 9394 9395
f 9360 9395 9359
f 9359 9395 9396
f 9359 9396 9358
f 9358 9396 9397
f 9358 9397 9357
f 9357 9397 9398
f 9357 9398 9356
f 9356 9398 9399
f 9356 9399 9355
f 9355 9399 9400
f 9355 9400 9354
f 9354 9400 9401
f 9354 9401 9353
f 9353 9401 9402
f 9353 9402 9352
f 9352 9402 9403
f 9352 9403 9351
f 9351 9403 9404
f 9351 9404 9350
f 9350 9404 9405
f 9350 9405 9377
f 9377 9405 9378
f 9392 9406 9393
f 9393 9406 9407
f 9393 9407 9394
f 9394 9407 9408
f 9394 9408 9395
f 9395 9408 9409
f 9395 9409 9396
f 9396 9409 9410
f 9396 9410 9397
f 9397 9410 9411
f 9397 9411 9398
f 9398 9411 9412
f 9398 9412 9399
f 9399 9412 9413
f 9399 9413 9400
f 9400 9413 9414
f 9400 9414 9401
f 9401 9414 9415
f 9401 9415 9402
f 9402 9415 9416
f 9402 9416 9403
f 9403 9416 9417
f 9403 9417 9404
f 9404 9417 9418
f 9404 9418 9405
f 9405 9418 9419
f 9405 9419 9378
f 9378 9419 9420
f 9378 9420 9379
f 9379 9420 9421
f 9379 9421 9380
f 9380 9421 9422
f 9380 9422 9381
f 9381 9422 9423
f 9381 9423 9382
f 9382 9423 9424
f 9382 9424 9383
f 9383 9424 9425
f 9383 9425 9384
f 9384 9425 9426
f 9384 9426 9385
f 9385 9426 9427
f 9385 9427 9386
f 9386 9427 9428
f 9386 9428 9387
f 9387 9428 9429
f 9387 9429 9388
f 9388 9429 9430
f 9388 9430 9389
f 9389 9430 9431
f 9389 9431 9390
f 9390 9431 9432
f 9390 9432 9391
f 9391 9432 9433
f 9391 9433 9392
f 9392 9433 9406
f 9413 8767 9414
f 9414 8767 8769
f 9414 8769 9415
f 9415 8769 8773
f 9415 8773 9416
f 9416 8773 8776
f 9416 8776 9417
f 9417 8776 8778
f 9417 8778 9418
f 9418 8778 8783
f 9418 8783 9419
f 9419 8783 8785
f 9419 8785 9420
f 9420 8785 8788
f 9420 8788 9421
f 9421 8788 8792
f 9421 8792 9422
f 9422 8792 8794
f 9422 8794 9423
f 9423 8794 8799
f 9423 8799 9424
f 9424 8799 8801
f 9424 8801 9425
f 9425 8801 8805
f 9425 8805 9426
f 9426 8805 8808
f 9426 8808 9427
f 8808 8810 9427
f 9427 8810 8815
f 9427 8815 9428
f 9428 8815 8817
f 9428 8817 9429
f 9429 8817 8821
f 9429 8821 9430
f 9430 8821 8824
f 9430 8824 9431
f 9431 8824 8826
f 9431 8826 9432
f 9432 8826 8831
f 9432 8831 9433
f 9433 8831 8833
f 9433 8833 9406
f 9406 8833 8743
f 9406 8743 9407
f 9407 8743 8744
f 9407 8744 9408
f 9408 8744 8746
f 9408 8746 9409
f 9409 8746 8751
f 9409 8751 9410
f 9410 8751 8753
f 9410 8753 9411
f 9411 8753 8757
f 9411 8757 9412
f 9412 8757 8760
f 9412 8760 9413
f 9413 8760 8762
f 9413 8762 8767
f 8603 8009 8601
f 8601 8009 8012
f 8601 8012 8604
f 8604 8012 8014
f 8604 8014 8605
f 8605 8014 8021
f 8605 8021 8606
f 8606 8021 8020
f 8606 8020 8613
f 8613 8020 8018
f 8613 8018 8608
f 8608 8018 8016
f 8608 8016 8590
f 8590 8016 8015
f 8590 8015 8588
f 8588 8015 8008
f 8588 8008 8586
f 8586 8008 8006
f 8586 8006 8594
f 8594 8006 8005
f 8594 8005 8596
f 8596 8005 8011
f 8596 8011 8599
f 8599 8011 8010
f 8599 8010 8603
f 8603 8010 8009
f 8538 8114 8535
f 8535 8114 8113
f 8535 8113 8536
f 8536 8113 8105
f 8536 8105 8537
f 8537 8105 8106
f 8537 8106 8545
f 8545 8106 8102
f 8545 8102 8550
f 8550 8102 8101
f 8550 8101 8552
f 8552 8101 8112
f 8552 8112 8565
f 8565 8112 8111
f 8565 8111 8563
f 8563 8111 8110
f 8563 8110 8558
f 8558 8110 8107
f 8558 8107 8556
f 8556 8107 8108
f 8556 8108 8542
f 8542 8108 8109
f 8542 8109 8540
f 8540 8109 8115
f 8540 8115 8538
f 8538 8115 8114
f 8508 7988 8506
f 8506 7988 8000
f 8506 8000 8505
f 8505 8000 7999
f 8505 7999 8500
f 8500 7999 7997
f 8500 7997 8501
f 8501 7997 7996
f 8501 7996 8509
f 8509 7996 8094
f 8509 8094 8510
f 8510 8094 7986
f 8510 7986 8512
f 8512 7986 7985
f 8512 7985 8513
f 8513 7985 7995
f 8513 7995 8518
f 8518 7995 7994
f 8518 7994 8520
f 8520 7994 7993
f 8520 7993 8522
f 8522 7993 7991
f 8522 7991 8523
f 8523 7991 7989
f 8523 7989 8508
f 8508 7989 7988
f 8739 8085 8471
f 8471 8085 8081
f 8471 8081 8472
f 8472 8081 8084
f 8472 8084 8473
f 8473 8084 8083
f 8473 8083 8474
f 8474 8083 8082
f 8474 8082 8476
f 8476 8082 8075
f 8476 8075 8477
f 8477 8075 8070
f 8477 8070 8478
f 8478 8070 8072
f 8478 8072 8479
f 8479 8072 8074
f 8479 8074 8480
f 8480 8074 8090
f 8480 8090 8481
f 8481 8090 8089
f 8481 8089 8483
f 8483 8089 8088
f 8483 8088 8738
f 8738 8088 8086
f 8738 8086 8739
f 8739 8086 8085
f 8441 8208 8443
f 8443 8208 8210
f 8443 8210 8444
f 8444 8210 8212
f 8444 8212 8426
f 8426 8212 8214
f 8426 8214 8445
f 8445 8214 8218
f 8445 8218 8446
f 8446 8218 8217
f 8446 8217 8430
f 8430 8217 8216
f 8430 8216 8432
f 8432 8216 8203
f 8432 8203 8434
f 8434 8203 8201
f 8434 8201 8435
f 8435 8201 8200
f 8435 8200 8437
f 8437 8200 8205
f 8437 8205 8439
f 8439 8205 8204
f 8439 8204 8440
f 8440 8204 8207
f 8440 8207 8441
f 8441 8207 8208
f 8392 8197 8390
f 8390 8197 8187
f 8390 8187 8389
f 8389 8187 8185
f 8389 8185 8388
f 8388 8185 8184
f 8388 8184 8387
f 8387 8184 8183
f 8387 8183 8386
f 8386 8183 8186
f 8386 8186 8401
f 8401 8186 8191
f 8401 8191 8399
f 8399 8191 8190
f 8399 8190 8397
f 8397 8190 8189
f 8397 8189 8395
f 8395 8189 8196
f 8395 8196 8409
f 8409 8196 8195
f 8409 8195 8406
f 8406 8195 8199
f 8406 8199 8404
f 8404 8199 8198
f 8404 8198 8392
f 8392 8198 8197
f 8339 7972 8337
f 8337 7972 7971
f 8337 7971 8335
f 8335 7971 7982
f 8335 7982 8334
f 8334 7982 7984
f 8334 7984 8345
f 8345 7984 7977
f 8345 7977 8347
f 8347 7977 7976
f 8347 7976 8348
f 8348 7976 7975
f 8348 7975 8359
f 8359 7975 7974
f 8359 7974 8361
f 8361 7974 7973
f 8361 7973 8353
f 8353 7973 7981
f 8353 7981 8351
f 8351 7981 7980
f 8351 7980 8349
f 8349 7980 7979
f 8349 7979 8356
f 8356 7979 7978
f 8356 7978 8339
f 8339 7978 7972
f 8667 8158 8669
f 8669 8158 8156
f 8669 8156 8670
f 8670 8156 8154
f 8670 8154 8671
f 8671 8154 8152
f 8671 8152 8674
f 8674 8152 8151
f 8674 8151 8675
f 8675 8151 8143
f 8675 8143 8676
f 8676 8143 8150
f 8676 8150 8677
f 8677 8150 8149
f 8677 8149 8678
f 8678 8149 8148
f 8678 8148 8679
f 8679 8148 8145
f 8679 8145 8681
f 8681 8145 8144
f 8681 8144 8682
f 8682 8144 8147
f 8682 8147 8694
f 8694 8147 8159
f 8694 8159 8667
f 8667 8159 8158
f 8650 7955 8648
f 8648 7955 7958
f 8648 7958 8647
f 8647 7958 7957
f 8647 7957 8646
f 8646 7957 7956
f 8646 7956 8644
f 8644 7956 7969
f 8644 7969 8642
f 8642 7969 7968
f 8642 7968 8640
f 8640 7968 7967
f 8640 7967 8638
f 8638 7967 7961
f 8638 7961 8637
f 8637 7961 7966
f 8637 7966 8635
f 8635 7966 7965
f 8635 7965 8633
f 8633 7965 7963
f 8633 7963 8631
f 8631 7963 7962
f 8631 7962 8650
f 8650 7962 7955
f 9434 9435 9436
f 9436 9435 9437
f 9436 9437 9438
f 9438 9437 9439
f 9438 9439 9440
f 9440 9439 9441
f 9440 9441 9442
f 9442 9441 9443
f 9442 9443 9444
f 9444 9443 9445
f 9444 9445 9446
f 9446 9445 9447
f 9446 9447 9448
f 9448 9447 9449
f 9448 9449 9450
f 9450 9449 9451
f 9450 9451 9452
f 9452 9451 9453
f 9452 9453 9454
f 9454 9453 9455
f 9454 9455 9456
f 9456 9455 9457
f 9456 9457 9458
f 9458 9457 9459
f 9458 9459 9460
f 9460 9459 9461
f 9460 9461 9462
f 9462 9461 9463
f 9462 9463 9464
f 9464 9463 9465
f 9464 9465 9466
f 9466 9465 9467
f 9466 9467 9468
f 9468 9467 9469
f 9468 9469 9470
f 9470 9469 9471
f 9470 9471 9472
f 9472 9471 9473
f 9472 9473 9474
f 9474 9473 9475
f 9474 9475 9476
f 9476 9475 9477
f 9476 9477 9478
f 9478 9477 9479
f 9478 9479 9480
f 9480 9479 9481
f 9480 9481 9482
f 9482 9481 9483
f 9482 9483 9484
f 9484 9483 9485
f 9484 9485 9486
f 9486 9485 9487
f 9486 9487 9488
f 9488 9487 9489
f 9488 9489 9490
f 9490 9489 9491
f 9490 9491 9492
f 9492 9491 9493
f 9492 9493 9494
f 9494 9493 9495
f 9494 9495 9496
f 9496 9495 9497
f 9496 9497 9498
f 9498 9497 9499
f 9498 9499 9500
f 9500 9499 9501
f 9500 9501 9502
f 9502 9501 9503
f 9502 9503 9504
f 9504 9503 9505
f 9504 9505 9506
f 9506 9505 9507
f 9506 9507 9508
f 9508 9507 9509
f 9508 9509 9510
f 9510 9509 9511
f 9510 9511 9512
f 9512 9511 9434
f 9512 9434 9436
f 9482 8221 9480
f 9480 8221 8078
f 9480 8078 9478
f 8220 9482 8209
f 8209 9482 9484
f 8220 8227 9482
f 9482 8227 8222
f 9482 8222 8221
f 8244 8213 9484
f 9484 8213 8211
f 9484 8211 8209
f 9500 7936 9498
f 9498 7936 7933
f 9498 7933 9496
f 9496 7933 7935
f 9496 7935 9494
f 9494 7935 8188
f 9494 8188 9492
f 9492 8188 8193
f 9492 8193 9490
f 9490 8193 8192
f 9490 8192 9488
f 9488 8192 8244
f 9488 8244 9486
f 9486 8244 9484
f 9504 7983 9502
f 9502 7983 7970
f 9502 7970 9500
f 9500 7970 7937
f 9500 7937 7936
f 8161 8160 9506
f 9506 8160 8174
f 9506 8174 9504
f 9504 8174 8181
f 9504 8181 7983
f 8161 9506 8163
f 8163 9506 9508
f 8163 9508 8157
f 8157 9508 9510
f 8157 9510 8155
f 8155 9510 8153
f 8153 9510 9512
f 8153 9512 8136
f 8136 9512 9436
f 8136 9436 8137
f 8137 9436 9438
f 8137 9438 8139
f 8139 9438 9440
f 8139 9440 8140
f 8140 9440 7954
f 7954 9440 9442
f 7954 9442 7940
f 9450 8004 9448
f 9448 8004 8003
f 9448 8003 9446
f 9446 8003 8133
f 9446 8133 9444
f 9444 8133 8135
f 9444 8135 9442
f 9442 8135 7938
f 9442 7938 7940
f 9464 8100 9462
f 9462 8100 8104
f 9462 8104 9460
f 9460 8104 8103
f 9460 8103 9458
f 9458 8103 7941
f 9458 7941 9456
f 9456 7941 8122
f 9456 8122 9454
f 9454 8122 8119
f 9454 8119 9452
f 9452 8119 8019
f 9452 8019 9450
f 9450 8019 8013
f 9450 8013 8004
f 8096 9464 9466
f 8096 8097 9464
f 9464 8097 8099
f 9464 8099 8100
f 8078 8076 9478
f 9478 8076 8080
f 9478 8080 9476
f 9476 8080 8079
f 9476 8079 9474
f 9474 8079 8087
f 9474 8087 9472
f 9472 8087 8091
f 9472 8091 9470
f 9470 8091 7998
f 9470 7998 9468
f 9468 7998 8001
f 9468 8001 9466
f 9466 8001 8095
f 9466 8095 8096
f 9509 8668 8656
f 9509 8656 9511
f 8668 9509 8666
f 8666 9509 9507
f 8666 9507 8697
f 8697 9507 8699
f 8699 9507 9505
f 8699 9505 8728
f 8728 9505 8719
f 8719 9505 9503
f 8719 9503 8333
f 8333 9503 8258
f 8258 9503 9501
f 8258 9501 8256
f 8256 9501 8336
f 8336 9501 9499
f 8336 9499 8338
f 8338 9499 8371
f 8371 9499 9497
f 8371 9497 8372
f 8372 9497 9495
f 8372 9495 8374
f 8374 9495 9493
f 8374 9493 8383
f 8383 9493 8376
f 8376 9493 9491
f 8376 9491 8391
f 8391 9491 9489
f 8391 9489 8420
f 8420 9489 9487
f 8420 9487 8418
f 8418 9487 9485
f 8418 9485 8416
f 8416 9485 8414
f 8414 9485 9483
f 8414 9483 8442
f 8442 9483 8423
f 8423 9483 9481
f 8423 9481 8455
f 8455 9481 8261
f 8261 9481 9479
f 8261 9479 8259
f 8259 9479 8286
f 8286 9479 9477
f 8286 9477 8468
f 8468 9477 8466
f 8466 9477 9475
f 8466 9475 8740
f 8740 9475 9473
f 8740 9473 8737
f 8737 9473 9471
f 8737 9471 8736
f 8736 9471 8735
f 8735 9471 9469
f 8735 9469 8492
f 8492 9469 9467
f 8492 9467 8264
f 8264 9467 8262
f 8262 9467 9465
f 8262 9465 8507
f 8507 9465 8528
f 8528 9465 9463
f 8528 9463 8529
f 8529 9463 9461
f 8529 9461 8531
f 8531 9461 9459
f 8531 9459 8533
f 8533 9459 9457
f 8533 9457 8534
f 8534 9457 9455
f 8534 9455 8267
f 8267 9455 9453
f 8267 9453 8265
f 8265 9453 8268
f 8268 9453 9451
f 8268 9451 8585
f 8585 9451 8584
f 8584 9451 9449
f 8584 9449 8583
f 8583 9449 9447
f 8583 9447 8602
f 8602 9447 9445
f 8602 9445 8618
f 8618 9445 9443
f 8618 9443 8616
f 8616 9443 9441
f 8616 9441 8625
f 8656 8658 9511
f 9511 8658 8660
f 9511 8660 9434
f 9434 8660 8661
f 9434 8661 9435
f 9435 8661 8663
f 9435 8663 9437
f 9437 8663 8652
f 9437 8652 9439
f 9439 8652 8649
f 9439 8649 9441
f 9441 8649 8623
f 9441 8623 8625
f 9513 9514 9515
f 9515 9514 9516
f 9515 9516 9517
f 9517 9516 9518
f 9517 9518 9519
f 9519 9518 9520
f 9519 9520 9521
f 9521 9520 9522
f 9521 9522 9523
f 9523 9522 9524
f 9523 9524 9525
f 9525 9524 9526
f 9525 9526 9527
f 9527 9526 9528
f 9527 9528 9529
f 9529 9528 9530
f 9529 9530 9531
f 9531 9530 9532
f 9531 9532 9533
f 9533 9532 9534
f 9533 9534 9535
f 9535 9534 9536
f 9535 9536 9537
f 9537 9536 9538
f 9537 9538 9539
f 9539 9538 9540
f 9539 9540 9541
f 9541 9540 9542
f 9541 9542 9543
f 9543 9542 9544
f 9543 9544 9545
f 9545 9544 9546
f 9545 9546 9547
f 9547 9546 9548
f 9545 9515 9517
f 9547 9549 9545
f 9545 9549 9513
f 9545 9513 9515
f 9550 9551 9552
f 9547 9553 9549
f 9549 9553 9554
f 9549 9554 9555
f 9555 9556 9549
f 9549 9556 9557
f 9549 9557 9558
f 9550 9559 9551
f 9551 9559 9560
f 9551 9560 9561
f 9561 9560 9562
f 9558 9563 9549
f 9549 9563 9550
f 9549 9550 9564
f 9564 9550 9552
f 9517 9519 9545
f 9545 9519 9521
f 9545 9521 9543
f 9543 9521 9523
f 9543 9523 9525
f 9539 9529 9531
f 9525 9527 9543
f 9543 9527 9529
f 9543 9529 9541
f 9541 9529 9539
f 9531 9533 9539
f 9539 9533 9535
f 9539 9535 9537
f 9547 9548 9553
f 9553 9548 9565
f 9553 9565 9554
f 9554 9565 9566
f 9554 9566 9555
f 9555 9566 9567
f 9555 9567 9556
f 9556 9567 9568
f 9556 9568 9557
f 9557 9568 9569
f 9557 9569 9558
f 9558 9569 9570
f 9558 9570 9563
f 9563 9570 9571
f 9563 9571 9550
f 9550 9571 9572
f 9550 9572 9559
f 9559 9572 9573
f 9559 9573 9560
f 9560 9573 9574
f 9560 9574 9562
f 9562 9574 9575
f 9562 9575 9561
f 9561 9575 9576
f 9561 9576 9551
f 9551 9576 9577
f 9551 9577 9552
f 9552 9577 9578
f 9552 9578 9564
f 9564 9578 9579
f 9564 9579 9549
f 9549 9579 9580
f 9549 9580 9513
f 9513 9580 9514
f 9548 9581 9565
f 9565 9581 9582
f 9565 9582 9566
f 9566 9582 9583
f 9566 9583 9567
f 9567 9583 9584
f 9567 9584 9568
f 9568 9584 9585
f 9568 9585 9569
f 9569 9585 9586
f 9569 9586 9570
f 9570 9586 9587
f 9570 9587 9571
f 9571 9587 9588
f 9571 9588 9572
f 9572 9588 9589
f 9572 9589 9573
f 9573 9589 9590
f 9573 9590 9574
f 9574 9590 9591
f 9574 9591 9575
f 9575 9591 9592
f 9575 9592 9576
f 9576 9592 9593
f 9576 9593 9577
f 9577 9593 9594
f 9577 9594 9578
f 9578 9594 9595
f 9578 9595 9579
f 9579 9595 9596
f 9579 9596 9580
f 9580 9596 9597
f 9580 9597 9514
f 9514 9597 9598
f 9514 9598 9516
f 9516 9598 9599
f 9516 9599 9518
f 9518 9599 9600
f 9518 9600 9520
f 9520 9600 9601
f 9520 9601 9522
f 9522 9601 9602
f 9522 9602 9524
f 9524 9602 9603
f 9524 9603 9526
f 9526 9603 9604
f 9526 9604 9528
f 9528 9604 9605
f 9528 9605 9530
f 9530 9605 9606
f 9530 9606 9532
f 9532 9606 9607
f 9532 9607 9534
f 9534 9607 9608
f 9534 9608 9536
f 9536 9608 9609
f 9536 9609 9538
f 9538 9609 9610
f 9538 9610 9540
f 9540 9610 9611
f 9540 9611 9542
f 9542 9611 9612
f 9542 9612 9544
f 9544 9612 9613
f 9544 9613 9546
f 9546 9613 9614
f 9546 9614 9548
f 9548 9614 9581
f 9598 9615 9599
f 9599 9615 9616
f 9599 9616 9600
f 9600 9616 9617
f 9600 9617 9601
f 9601 9617 9618
f 9601 9618 9602
f 9602 9618 9619
f 9602 9619 9603
f 9603 9619 9620
f 9603 9620 9604
f 9604 9620 9621
f 9604 9621 9605
f 9605 9621 9622
f 9605 9622 9606
f 9606 9622 9623
f 9606 9623 9607
f 9607 9623 9624
f 9607 9624 9608
f 9608 9624 9625
f 9608 9625 9609
f 9609 9625 9626
f 9609 9626 9610
f 9610 9626 9627
f 9610 9627 9611
f 9611 9627 9628
f 9611 9628 9612
f 9612 9628 9629
f 9612 9629 9613
f 9613 9629 9630
f 9613 9630 9614
f 9614 9630 9631
f 9614 9631 9581
f 9631 9632 9581
f 9581 9632 9633
f 9581 9633 9582
f 9582 9633 9634
f 9582 9634 9583
f 9583 9634 9635
f 9583 9635 9584
f 9584 9635 9636
f 9584 9636 9585
f 9585 9636 9637
f 9585 9637 9586
f 9586 9637 9638
f 9586 9638 9587
f 9587 9638 9639
f 9587 9639 9588
f 9588 9639 9640
f 9588 9640 9589
f 9589 9640 9641
f 9589 9641 9590
f 9590 9641 9642
f 9590 9642 9591
f 9591 9642 9643
f 9591 9643 9592
f 9592 9643 9644
f 9592 9644 9593
f 9593 9644 9645
f 9593 9645 9594
f 9594 9645 9646
f 9594 9646 9595
f 9595 9646 9647
f 9595 9647 9596
f 9596 9647 9648
f 9596 9648 9597
f 9597 9648 9649
f 9597 9649 9598
f 9598 9649 9650
f 9598 9650 9615
f 9651 9650 9649
f 9651 9649 9652
f 9652 9649 9648
f 9652 9648 9653
f 9653 9648 9647
f 9653 9647 9654
f 9654 9647 9646
f 9654 9646 9655
f 9655 9646 9645
f 9655 9645 9656
f 9656 9645 9644
f 9656 9644 9657
f 9657 9644 9643
f 9657 9643 9658
f 9658 9643 9642
f 9658 9642 9659
f 9659 9642 9641
f 9659 9641 9660
f 9660 9641 9640
f 9660 9640 9661
f 9661 9640 9639
f 9661 9639 9662
f 9662 9639 9638
f 9662 9638 9663
f 9663 9638 9637
f 9663 9637 9664
f 9664 9637 9636
f 9664 9636 9665
f 9665 9636 9635
f 9665 9635 9666
f 9666 9635 9634
f 9666 9634 9667
f 9667 9634 9633
f 9667 9633 9668
f 9669 9651 9652
f 9669 9652 9670
f 9670 9652 9653
f 9670 9653 9671
f 9671 9653 9654
f 9671 9654 9672
f 9672 9654 9655
f 9672 9655 9673
f 9673 9655 9656
f 9673 9656 9674
f 9674 9656 9657
f 9674 9657 9675
f 9675 9657 9658
f 9675 9658 9676
f 9676 9658 9659
f 9676 9659 9677
f 9677 9659 9660
f 9677 9660 9678
f 9678 9660 9661
f 9678 9661 9679
f 9679 9661 9662
f 9679 9662 9680
f 9680 9662 9663
f 9680 9663 9681
f 9681 9663 9664
f 9681 9664 9682
f 9682 9664 9665
f 9682 9665 9683
f 9683 9665 9666
f 9683 9666 9684
f 9684 9666 9667
f 9684 9667 9685
f 9685 9667 9668
f 9685 9668 9686
f 9670 9671 9685
f 9685 9671 9672
f 9685 9672 9673
f 9687 9688 9689
f 9689 9688 9690
f 9687 9691 9688
f 9688 9691 9692
f 9688 9692 9693
f 9693 9694 9688
f 9688 9694 9695
f 9688 9695 9686
f 9686 9695 9685
f 9685 9695 9669
f 9685 9669 9670
f 9673 9674 9685
f 9685 9674 9675
f 9685 9675 9676
f 9688 9696 9690
f 9690 9696 9697
f 9690 9697 9698
f 9678 9682 9683
f 9682 9678 9681
f 9681 9678 9679
f 9681 9679 9680
f 9676 9677 9685
f 9685 9677 9678
f 9685 9678 9684
f 9684 9678 9683
f 9699 9700 9701
f 9701 9700 9702
f 9698 9703 9690
f 9690 9703 9702
f 9690 9702 9704
f 9704 9702 9700
f 9686 9668 9705
f 9686 9705 9688
f 9688 9705 9706
f 9688 9706 9696
f 9696 9706 9707
f 9696 9707 9697
f 9697 9707 9708
f 9697 9708 9698
f 9698 9708 9709
f 9698 9709 9703
f 9703 9709 9710
f 9703 9710 9702
f 9702 9710 9711
f 9702 9711 9701
f 9701 9711 9712
f 9701 9712 9699
f 9699 9712 9713
f 9699 9713 9700
f 9700 9713 9714
f 9700 9714 9704
f 9704 9714 9715
f 9704 9715 9690
f 9690 9715 9716
f 9690 9716 9689
f 9689 9716 9717
f 9689 9717 9687
f 9687 9717 9718
f 9687 9718 9691
f 9691 9718 9719
f 9691 9719 9692
f 9692 9719 9720
f 9692 9720 9693
f 9693 9720 9721
f 9693 9721 9694
f 9694 9721 9722
f 9694 9722 9695
f 9695 9722 9651
f 9695 9651 9669
f 9668 9633 9632
f 9650 9651 9722
f 9723 9724 9623
f 9623 9724 9725
f 9623 9725 9726
f 9726 9727 9623
f 9623 9727 9728
f 9623 9728 9624
f 9624 9728 9729
f 9624 9729 9730
f 9730 9731 9624
f 9624 9731 9732
f 9624 9732 9733
f 9733 9734 9624
f 9624 9734 9735
f 9624 9735 9736
f 9668 9632 9705
f 9705 9632 9631
f 9705 9631 9706
f 9706 9631 9630
f 9706 9630 9707
f 9707 9630 9629
f 9707 9629 9708
f 9708 9629 9628
f 9708 9628 9709
f 9709 9628 9627
f 9709 9627 9710
f 9710 9627 9626
f 9710 9626 9711
f 9711 9626 9625
f 9711 9625 9712
f 9712 9625 9624
f 9712 9624 9713
f 9713 9624 9736
f 9713 9736 9737
f 9737 9738 9713
f 9713 9738 9739
f 9713 9739 9740
f 9740 9741 9713
f 9713 9741 9742
f 9713 9742 9714
f 9714 9742 9743
f 9714 9743 9744
f 9744 9745 9714
f 9714 9745 9746
f 9714 9746 9747
f 9747 9748 9714
f 9714 9748 9749
f 9714 9749 9750
f 9650 9722 9615
f 9615 9722 9721
f 9615 9721 9616
f 9616 9721 9720
f 9616 9720 9617
f 9617 9720 9719
f 9617 9719 9618
f 9618 9719 9718
f 9618 9718 9619
f 9619 9718 9717
f 9619 9717 9620
f 9620 9717 9716
f 9620 9716 9621
f 9621 9716 9715
f 9621 9715 9622
f 9622 9715 9714
f 9622 9714 9623
f 9623 9714 9750
f 9623 9750 9723
f 9743 9751 9744
f 9744 9751 9752
f 9744 9752 9745
f 9745 9752 9753
f 9749 9748 9754
f 9754 9748 9747
f 9754 9747 9753
f 9753 9747 9746
f 9753 9746 9745
f 9749 9754 9750
f 9750 9754 9755
f 9750 9755 9723
f 9723 9755 9724
f 9724 9755 9756
f 9724 9756 9725
f 9757 9758 9729
f 9729 9728 9757
f 9757 9728 9727
f 9757 9727 9756
f 9756 9727 9726
f 9756 9726 9725
f 9729 9758 9730
f 9730 9758 9759
f 9730 9759 9731
f 9731 9759 9760
f 9735 9734 9761
f 9761 9734 9733
f 9761 9733 9760
f 9760 9733 9732
f 9760 9732 9731
f 9735 9761 9736
f 9736 9761 9762
f 9736 9762 9737
f 9737 9762 9738
f 9738 9762 9763
f 9738 9763 9739
f 9764 9751 9743
f 9743 9742 9764
f 9764 9742 9741
f 9764 9741 9763
f 9763 9741 9740
f 9763 9740 9739
f 9754 9753 9752
f 9763 9762 9764
f 9764 9762 9761
f 9755 9754 9756
f 9756 9754 9752
f 9756 9752 9757
f 9757 9752 9751
f 9757 9751 9758
f 9758 9751 9764
f 9758 9764 9759
f 9759 9764 9761
f 9759 9761 9760
f 9765 9766 9767
f 9767 9766 9768
f 9767 9768 9769
f 9769 9768 9770
f 9769 9770 9771
f 9771 9770 9772
f 9771 9772 9773
f 9773 9772 9774
f 9773 9774 9775
f 9775 9774 9776
f 9775 9776 9777
f 9777 9776 9778
f 9777 9778 9779
f 9779 9778 9780
f 9779 9780 9781
f 9781 9780 9782
f 9781 9782 9783
f 9783 9782 9784
f 9783 9784 9785
f 9785 9784 9786
f 9785 9786 9787
f 9787 9786 9788
f 9787 9788 9789
f 9789 9788 9790
f 9789 9790 9791
f 9791 9790 9792
f 9791 9792 9793
f 9793 9792 9794
f 9793 9794 9795
f 9795 9794 9796
f 9795 9796 9797
f 9797 9796 9798
f 9797 9798 9799
f 9799 9798 9800
f 9799 9800 9801
f 9801 9800 9802
f 9801 9802 9803
f 9803 9802 9804
f 9803 9805 9801
f 9801 9805 9806
f 9801 9806 9799
f 9799 9806 9807
f 9799 9807 9797
f 9797 9807 9808
f 9797 9808 9795
f 9795 9808 9809
f 9795 9809 9793
f 9793 9809 9810
f 9793 9810 9791
f 9791 9810 9811
f 9791 9811 9789
f 9789 9811 9812
f 9789 9812 9787
f 9787 9812 9813
f 9787 9813 9785
f 9785 9813 9814
f 9785 9814 9783
f 9783 9814 9815
f 9783 9815 9781
f 9781 9815 9816
f 9781 9816 9779
f 9779 9816 9817
f 9779 9817 9777
f 9777 9817 9818
f 9777 9818 9775
f 9775 9818 9819
f 9775 9819 9773
f 9773 9819 9820
f 9773 9820 9771
f 9771 9820 9821
f 9771 9821 9769
f 9769 9821 9822
f 9769 9822 9767
f 9767 9822 9823
f 9767 9823 9765
f 9765 9823 9824
f 9765 9824 9825
f 9825 9824 9826
f 9825 9826 9827
f 9827 9826 9828
f 9827 9828 9829
f 9829 9828 9830
f 9829 9830 9831
f 9831 9830 9832
f 9831 9832 9833
f 9833 9832 9834
f 9833 9834 9835
f 9835 9834 9836
f 9835 9836 9837
f 9837 9836 9838
f 9837 9838 9839
f 9839 9838 9840
f 9839 9840 9841
f 9841 9840 9842
f 9841 9842 9843
f 9843 9842 9844
f 9843 9844 9845
f 9845 9844 9846
f 9845 9846 9847
f 9847 9846 9848
f 9847 9848 9849
f 9849 9848 9850
f 9849 9850 9851
f 9851 9850 9852
f 9851 9852 9853
f 9853 9852 9854
f 9853 9854 9855
f 9855 9854 9856
f 9855 9856 9857
f 9857 9856 9858
f 9857 9858 9859
f 9859 9858 9860
f 9859 9860 9803
f 9803 9860 9805
f 9824 9861 9826
f 9826 9861 9862
f 9826 9862 9828
f 9828 9862 9863
f 9828 9863 9830
f 9830 9863 9864
f 9830 9864 9832
f 9832 9864 9865
f 9832 9865 9834
f 9834 9865 9866
f 9834 9866 9836
f 9836 9866 9867
f 9836 9867 9838
f 9838 9867 9868
f 9838 9868 9840
f 9840 9868 9869
f 9840 9869 9842
f 9842 9869 9870
f 9842 9870 9844
f 9844 9870 9871
f 9844 9871 9846
f 9846 9871 9872
f 9846 9872 9848
f 9848 9872 9873
f 9848 9873 9850
f 9850 9873 9874
f 9850 9874 9852
f 9852 9874 9875
f 9852 9875 9854
f 9854 9875 9876
f 9854 9876 9856
f 9856 9876 9877
f 9856 9877 9858
f 9858 9877 9878
f 9858 9878 9860
f 9860 9878 9879
f 9860 9879 9805
f 9805 9879 9880
f 9805 9880 9806
f 9806 9880 9881
f 9806 9881 9807
f 9807 9881 9882
f 9807 9882 9808
f 9808 9882 9883
f 9808 9883 9809
f 9809 9883 9884
f 9809 9884 9810
f 9810 9884 9885
f 9810 9885 9811
f 9811 9885 9886
f 9811 9886 9812
f 9812 9886 9887
f 9812 9887 9813
f 9813 9887 9888
f 9813 9888 9814
f 9814 9888 9889
f 9814 9889 9815
f 9815 9889 9890
f 9815 9890 9816
f 9816 9890 9891
f 9816 9891 9817
f 9817 9891 9892
f 9817 9892 9818
f 9818 9892 9893
f 9818 9893 9819
f 9819 9893 9894
f 9819 9894 9820
f 9820 9894 9895
f 9820 9895 9821
f 9821 9895 9896
f 9821 9896 9822
f 9822 9896 9897
f 9822 9897 9823
f 9823 9897 9898
f 9823 9898 9824
f 9824 9898 9861
f 9871 9899 9872
f 9872 9899 9900
f 9872 9900 9873
f 9873 9900 9901
f 9873 9901 9874
f 9874 9901 9902
f 9874 9902 9875
f 9875 9902 9903
f 9875 9903 9876
f 9876 9903 9904
f 9876 9904 9877
f 9877 9904 9905
f 9877 9905 9878
f 9878 9905 9906
f 9878 9906 9879
f 9879 9906 9907
f 9879 9907 9880
f 9880 9907 9908
f 9880 9908 9881
f 9881 9908 9909
f 9881 9909 9882
f 9882 9909 9910
f 9882 9910 9883
f 9883 9910 9911
f 9883 9911 9884
f 9884 9911 9912
f 9884 9912 9885
f 9885 9912 9913
f 9885 9913 9886
f 9886 9913 9914
f 9886 9914 9887
f 9887 9914 9915
f 9887 9915 9888
f 9888 9915 9916
f 9888 9916 9889
f 9889 9916 9917
f 9889 9917 9890
f 9917 9918 9890
f 9890 9918 9919
f 9890 9919 9891
f 9891 9919 9920
f 9891 9920 9892
f 9892 9920 9921
f 9892 9921 9893
f 9893 9921 9922
f 9893 9922 9894
f 9894 9922 9923
f 9894 9923 9895
f 9895 9923 9924
f 9895 9924 9896
f 9896 9924 9925
f 9896 9925 9897
f 9897 9925 9926
f 9897 9926 9898
f 9898 9926 9927
f 9898 9927 9861
f 9861 9927 9928
f 9861 9928 9862
f 9862 9928 9929
f 9862 9929 9863
f 9863 9929 9930
f 9863 9930 9864
f 9864 9930 9931
f 9864 9931 9865
f 9865 9931 9932
f 9865 9932 9866
f 9866 9932 9933
f 9866 9933 9867
f 9867 9933 9934
f 9867 9934 9868
f 9868 9934 9935
f 9868 9935 9869
f 9869 9935 9936
f 9869 9936 9870
f 9870 9936 9937
f 9870 9937 9871
f 9871 9937 9938
f 9871 9938 9899
f 9908 9939 9940
f 9908 9940 9909
f 9909 9940 9941
f 9909 9941 9910
f 9910 9941 9942
f 9910 9942 9911
f 9911 9942 9943
f 9911 9943 9912
f 9912 9943 9944
f 9912 9944 9913
f 9913 9944 9945
f 9913 9945 9914
f 9914 9945 9946
f 9914 9946 9915
f 9915 9946 9947
f 9915 9947 9916
f 9916 9947 9948
f 9916 9948 9917
f 9917 9948 9949
f 9917 9949 9918
f 9918 9949 9950
f 9918 9950 9919
f 9919 9950 9951
f 9919 9951 9920
f 9920 9951 9952
f 9920 9952 9921
f 9921 9952 9953
f 9921 9953 9922
f 9922 9953 9954
f 9922 9954 9923
f 9923 9954 9955
f 9923 9955 9924
f 9924 9955 9956
f 9924 9956 9925
f 9925 9956 9957
f 9925 9957 9926
f 9926 9957 9958
f 9926 9958 9927
f 9927 9958 9959
f 9927 9959 9928
f 9928 9959 9960
f 9928 9960 9929
f 9929 9960 9961
f 9929 9961 9930
f 9930 9961 9962
f 9930 9962 9931
f 9931 9962 9963
f 9931 9963 9932
f 9932 9963 9964
f 9932 9964 9933
f 9933 9964 9965
f 9933 9965 9934
f 9934 9965 9966
f 9934 9966 9935
f 9935 9966 9967
f 9935 9967 9936
f 9936 9967 9968
f 9936 9968 9937
f 9937 9968 9969
f 9937 9969 9938
f 9938 9969 9970
f 9938 9970 9899
f 9899 9970 9971
f 9899 9971 9900
f 9900 9971 9972
f 9900 9972 9901
f 9901 9972 9973
f 9901 9973 9902
f 9902 9973 9974
f 9902 9974 9903
f 9903 9974 9975
f 9903 9975 9904
f 9904 9975 9976
f 9904 9976 9905
f 9905 9976 9977
f 9905 9977 9906
f 9906 9977 9978
f 9906 9978 9907
f 9907 9978 9939
f 9907 9939 9908
f 9979 9939 9978
f 9979 9978 9980
f 9980 9978 9977
f 9980 9977 9981
f 9981 9977 9976
f 9981 9976 9982
f 9982 9976 9975
f 9982 9975 9983
f 9983 9975 9974
f 9983 9974 9984
f 9984 9974 9973
f 9984 9973 9985
f 9985 9973 9972
f 9985 9972 9986
f 9986 9972 9971
f 9986 9971 9987
f 9987 9971 9970
f 9987 9970 9988
f 9988 9970 9969
f 9988 9969 9989
f 9989 9969 9968
f 9989 9968 9990
f 9990 9968 9967
f 9990 9967 9991
f 9991 9967 9966
f 9991 9966 9992
f 9992 9966 9965
f 9992 9965 9993
f 9993 9965 9964
f 9993 9964 9994
f 9994 9964 9963
f 9994 9963 9995
f 9995 9963 9962
f 9995 9962 9996
f 9996 9962 9961
f 9996 9961 9997
f 9997 9961 9960
f 9997 9960 9998
f 9998 9960 9959
f 9998 9959 9999
f 10000 9979 9980
f 10000 9980 10001
f 10001 9980 9981
f 10001 9981 10002
f 10002 9981 9982
f 10002 9982 10003
f 10003 9982 9983
f 10003 9983 10004
f 10004 9983 9984
f 10004 9984 10005
f 10005 9984 9985
f 10005 9985 10006
f 10006 9985 9986
f 10006 9986 10007
f 10007 9986 9987
f 10007 9987 10008
f 10008 9987 9988
f 10008 9988 10009
f 10009 9988 9989
f 10009 9989 10010
f 10010 9989 9990
f 10010 9990 10011
f 10011 9990 9991
f 10011 9991 10012
f 10012 9991 9992
f 10012 9992 10013
f 10013 9992 9993
f 10013 9993 10014
f 10014 9993 9994
f 10014 9994 10015
f 10015 9994 9995
f 10015 9995 10016
f 10016 9995 9996
f 10016 9996 10017
f 10017 9996 9997
f 10017 9997 10018
f 10018 9997 9998
f 10018 9998 10019
f 10019 9998 9999
f 10019 9999 10020
f 10021 10011 10022
f 10022 10011 10012
f 10022 10012 10023
f 10023 10012 10013
f 10023 10013 10024
f 10024 10013 10014
f 10024 10014 10025
f 10025 10014 10015
f 10025 10015 10026
f 10026 10015 10016
f 10026 10016 10027
f 10027 10016 10017
f 10027 10017 10028
f 10028 10017 10018
f 10028 10018 10029
f 10029 10018 10019
f 10029 10019 9766
f 9766 10019 10020
f 9766 10020 9768
f 9768 10020 10030
f 9768 10030 9770
f 9770 10030 10031
f 9770 10031 9772
f 9772 10031 10032
f 9772 10032 9774
f 9774 10032 10033
f 9774 10033 9776
f 9776 10033 10034
f 9776 10034 9778
f 9778 10034 10035
f 9778 10035 9780
f 9780 10035 10036
f 9780 10036 9782
f 9782 10036 10037
f 9782 10037 9784
f 9784 10037 10038
f 9784 10038 9786
f 10038 10039 9786
f 9786 10039 10040
f 9786 10040 9788
f 9788 10040 10041
f 9788 10041 9790
f 9790 10041 10042
f 9790 10042 9792
f 9792 10042 10043
f 9792 10043 9794
f 9794 10043 10044
f 9794 10044 9796
f 9796 10044 10045
f 9796 10045 9798
f 9798 10045 10046
f 9798 10046 9800
f 9800 10046 10047
f 9800 10047 9802
f 9802 10047 10048
f 9802 10048 9804
f 9804 10048 10000
f 9804 10000 10049
f 10049 10000 10001
f 10049 10001 10050
f 10050 10001 10002
f 10050 10002 10051
f 10051 10002 10003
f 10051 10003 10052
f 10052 10003 10004
f 10052 10004 10053
f 10053 10004 10005
f 10053 10005 10054
f 10054 10005 10006
f 10054 10006 10055
f 10055 10006 10007
f 10055 10007 10056
f 10056 10007 10008
f 10056 10008 10057
f 10057 10008 10009
f 10057 10009 10021
f 10021 10009 10010
f 10021 10010 10011
f 10020 9999 10058
f 10020 10058 10030
f 10030 10058 10059
f 10030 10059 10031
f 10031 10059 10060
f 10031 10060 10032
f 10032 10060 10061
f 10032 10061 10033
f 10033 10061 10062
f 10033 10062 10034
f 10034 10062 10063
f 10034 10063 10035
f 10035 10063 10064
f 10035 10064 10036
f 10036 10064 10065
f 10036 10065 10037
f 10037 10065 10066
f 10037 10066 10038
f 10038 10066 10067
f 10038 10067 10039
f 10039 10067 10068
f 10039 10068 10040
f 10040 10068 10069
f 10040 10069 10041
f 10041 10069 10070
f 10041 10070 10042
f 10042 10070 10071
f 10042 10071 10043
f 10043 10071 10072
f 10043 10072 10044
f 10044 10072 10073
f 10044 10073 10045
f 10045 10073 10074
f 10045 10074 10046
f 10046 10074 10075
f 10046 10075 10047
f 10047 10075 10076
f 10047 10076 10048
f 10048 10076 9979
f 10048 9979 10000
f 9999 9959 9958
f 9999 9958 10058
f 10058 9958 9957
f 10058 9957 10059
f 10059 9957 9956
f 10059 9956 10060
f 10060 9956 9955
f 10060 9955 10061
f 10061 9955 9954
f 10061 9954 10062
f 10062 9954 9953
f 10062 9953 10063
f 10063 9953 9952
f 10063 9952 10064
f 10064 9952 9951
f 10064 9951 10065
f 10065 9951 9950
f 10065 9950 10066
f 10066 9950 9949
f 10066 9949 10067
f 10067 9949 9948
f 10067 9948 10068
f 10068 9948 9947
f 10068 9947 10069
f 10069 9947 9946
f 10069 9946 10070
f 10070 9946 9945
f 10070 9945 10071
f 10071 9945 9944
f 10071 9944 10072
f 10072 9944 9943
f 10072 9943 10073
f 10073 9943 9942
f 10073 9942 10074
f 10074 9942 9941
f 10074 9941 10075
f 10075 9941 9940
f 10075 9940 10076
f 10076 9940 9939
f 10076 9939 9979
f 9803 9804 9859
f 9859 9804 10049
f 9859 10049 9857
f 9857 10049 10050
f 9857 10050 9855
f 9855 10050 10051
f 9855 10051 9853
f 9853 10051 10052
f 9853 10052 9851
f 9851 10052 10053
f 9851 10053 9849
f 9849 10053 10054
f 9849 10054 9847
f 9847 10054 10055
f 9847 10055 9845
f 9845 10055 10056
f 9845 10056 9843
f 9843 10056 10057
f 9843 10057 9841
f 9841 10057 10021
f 9841 10021 9839
f 9839 10021 10022
f 9839 10022 9837
f 9837 10022 10023
f 9837 10023 9835
f 9835 10023 10024
f 9835 10024 9833
f 9833 10024 10025
f 9833 10025 9831
f 9831 10025 10026
f 9831 10026 9829
f 9829 10026 10027
f 9829 10027 9827
f 9827 10027 10028
f 9827 10028 9825
f 9825 10028 10029
f 9825 10029 9765
f 9765 10029 9766
f 10077 10078 10079
f 10078 10080 10081
f 10080 10082 10083
f 10080 10083 10081
f 10081 10083 10084
f 10081 10084 10085
f 10085 10084 10086
f 10085 10086 10087
f 10087 10086 10088
f 10087 10088 10089
f 10089 10088 10090
f 10089 10090 10091
f 10091 10090 10092
f 10091 10092 10093
f 10093 10092 10094
f 10093 10094 10095
f 10095 10094 10096
f 10095 10096 10097
f 10097 10096 10098
f 10097 10098 10099
f 10099 10098 10100
f 10099 10100 10101
f 10101 10100 10102
f 10101 10102 10103
f 10103 10102 10104
f 10103 10104 10105
f 10105 10104 10106
f 10105 10106 10107
f 10107 10106 10108
f 10107 10108 10109
f 10109 10108 10110
f 10109 10110 10111
f 10111 10110 10112
f 10111 10112 10113
f 10113 10112 10114
f 10113 10114 10115
f 10115 10114 10116
f 10115 10116 10117
f 10117 10116 10118
f 10117 10118 10119
f 10119 10118 10120
f 10119 10120 10121
f 10121 10120 10122
f 10121 10122 10123
f 10123 10122 10124
f 10123 10124 10125
f 10125 10124 10126
f 10125 10126 10127
f 10127 10126 10128
f 10127 10128 10129
f 10129 10128 10130
f 10129 10130 10131
f 10131 10130 10132
f 10131 10132 10133
f 10133 10132 10134
f 10133 10134 10135
f 10135 10134 10136
f 10135 10136 10137
f 10137 10136 10138
f 10137 10138 10139
f 10139 10138 10140
f 10139 10140 10141
f 10141 10140 10142
f 10141 10142 10143
f 10143 10142 10144
f 10143 10144 10145
f 10145 10144 10146
f 10145 10146 10147
f 10147 10146 10148
f 10147 10148 10149
f 10149 10148 10150
f 10149 10150 10151
f 10151 10150 10152
f 10151 10152 10153
f 10153 10152 10154
f 10153 10154 10155
f 10155 10154 10156
f 10155 10156 10157
f 10157 10156 10158
f 10157 10158 10159
f 10159 10158 10160
f 10159 10160 10161
f 10078 10081 10079
f 10079 10081 10085
f 10079 10085 10162
f 10162 10085 10087
f 10162 10087 10163
f 10163 10087 10089
f 10163 10089 10164
f 10164 10089 10091
f 10164 10091 10165
f 10165 10091 10093
f 10165 10093 10166
f 10166 10093 10095
f 10166 10095 10167
f 10167 10095 10097
f 10167 10097 10168
f 10168 10097 10099
f 10168 10099 10169
f 10169 10099 10101
f 10169 10101 10170
f 10170 10101 10103
f 10170 10103 10171
f 10171 10103 10105
f 10171 10105 10172
f 10172 10105 10107
f 10172 10107 10173
f 10173 10107 10109
f 10173 10109 10174
f 10174 10109 10111
f 10174 10111 10175
f 10175 10111 10113
f 10175 10113 10176
f 10176 10113 10115
f 10176 10115 10177
f 10177 10115 10117
f 10177 10117 10178
f 10178 10117 10119
f 10178 10119 10179
f 10179 10119 10121
f 10179 10121 10180
f 10180 10121 10123
f 10180 10123 10181
f 10181 10123 10125
f 10181 10125 10182
f 10182 10125 10127
f 10182 10127 10183
f 10183 10127 10129
f 10183 10129 10184
f 10184 10129 10131
f 10184 10131 10185
f 10185 10131 10133
f 10185 10133 10186
f 10186 10133 10135
f 10186 10135 10187
f 10187 10135 10137
f 10187 10137 10188
f 10188 10137 10139
f 10188 10139 10189
f 10189 10139 10141
f 10189 10141 10190
f 10190 10141 10143
f 10190 10143 10191
f 10191 10143 10145
f 10191 10145 10192
f 10192 10145 10147
f 10192 10147 10193
f 10193 10147 10149
f 10193 10149 10194
f 10194 10149 10151
f 10194 10151 10195
f 10195 10151 10153
f 10195 10153 10196
f 10196 10153 10155
f 10196 10155 10197
f 10197 10155 10157
f 10197 10157 10198
f 10198 10157 10159
f 10198 10159 10199
f 10199 10159 10161
f 10199 10161 10200
f 10077 10079 10201
f 10201 10079 10162
f 10201 10162 10202
f 10202 10162 10163
f 10202 10163 10203
f 10203 10163 10164
f 10203 10164 10204
f 10204 10164 10165
f 10204 10165 10205
f 10205 10165 10166
f 10205 10166 10206
f 10206 10166 10167
f 10206 10167 10207
f 10207 10167 10168
f 10207 10168 10208
f 10208 10168 10169
f 10208 10169 10209
f 10209 10169 10170
f 10209 10170 10210
f 10210 10170 10171
f 10210 10171 10211
f 10211 10171 10172
f 10211 10172 10212
f 10212 10172 10173
f 10212 10173 10213
f 10213 10173 10174
f 10213 10174 10214
f 10214 10174 10175
f 10214 10175 10215
f 10215 10175 10176
f 10215 10176 10216
f 10216 10176 10177
f 10216 10177 10217
f 10217 10177 10178
f 10217 10178 10218
f 10218 10178 10179
f 10218 10179 10219
f 10219 10179 10180
f 10219 10180 10220
f 10220 10180 10181
f 10220 10181 10221
f 10221 10181 10182
f 10221 10182 10222
f 10222 10182 10183
f 10222 10183 10223
f 10223 10183 10184
f 10223 10184 10224
f 10224 10184 10185
f 10224 10185 10225
f 10225 10185 10186
f 10225 10186 10226
f 10226 10186 10187
f 10226 10187 10227
f 10227 10187 10188
f 10227 10188 10228
f 10228 10188 10189
f 10228 10189 10229
f 10229 10189 10190
f 10229 10190 10230
f 10230 10190 10191
f 10230 10191 10231
f 10231 10191 10192
f 10231 10192 10232
f 10232 10192 10193
f 10232 10193 10233
f 10233 10193 10194
f 10233 10194 10234
f 10234 10194 10195
f 10234 10195 10235
f 10235 10195 10196
f 10235 10196 10236
f 10236 10196 10197
f 10236 10197 10237
f 10237 10197 10198
f 10237 10198 10238
f 10238 10198 10199
f 10238 10199 10239
f 10239 10199 10200
f 10239 10200 10240
f 10241 10202 10203
f 10242 10243 10211
f 10241 10203 10244
f 10202 10241 10201
f 10201 10241 10245
f 10201 10245 10077
f 10246 10247 10234
f 10248 10227 10228
f 10249 10250 10207
f 10203 10204 10244
f 10244 10204 10205
f 10244 10205 10250
f 10250 10205 10206
f 10250 10206 10207
f 10251 10252 10253
f 10254 10232 10247
f 10247 10232 10233
f 10247 10233 10234
f 10248 10228 10255
f 10211 10212 10242
f 10242 10212 10213
f 10242 10213 10256
f 10207 10208 10249
f 10249 10208 10209
f 10249 10209 10243
f 10243 10209 10210
f 10243 10210 10211
f 10257 10258 10259
f 10260 10261 10258
f 10258 10261 10262
f 10258 10262 10259
f 10263 10264 10265
f 10251 10253 10266
f 10252 10251 10267
f 10267 10251 10268
f 10267 10268 10240
f 10269 10238 10268
f 10268 10238 10239
f 10268 10239 10240
f 10234 10235 10246
f 10246 10235 10236
f 10246 10236 10269
f 10269 10236 10237
f 10269 10237 10238
f 10228 10229 10255
f 10255 10229 10230
f 10255 10230 10254
f 10254 10230 10231
f 10254 10231 10232
f 10227 10248 10226
f 10226 10248 10270
f 10226 10270 10225
f 10271 10272 10217
f 10273 10274 10275
f 10276 10277 10278
f 10279 10280 10277
f 10277 10280 10281
f 10277 10281 10278
f 10253 10282 10266
f 10266 10282 10283
f 10266 10283 10279
f 10279 10283 10284
f 10279 10284 10280
f 10225 10270 10224
f 10224 10270 10285
f 10224 10285 10223
f 10223 10285 10222
f 10222 10285 10286
f 10222 10286 10221
f 10217 10218 10271
f 10271 10218 10219
f 10271 10219 10286
f 10286 10219 10220
f 10286 10220 10221
f 10213 10214 10256
f 10256 10214 10215
f 10256 10215 10272
f 10272 10215 10216
f 10272 10216 10217
f 10287 10288 10245
f 10245 10288 10289
f 10245 10289 10077
f 10259 10290 10257
f 10257 10290 10291
f 10257 10291 10287
f 10287 10291 10292
f 10287 10292 10288
f 10273 10275 10293
f 10274 10273 10294
f 10294 10273 10295
f 10294 10295 10296
f 10297 10298 10264
f 10264 10298 10299
f 10264 10299 10265
f 10278 10300 10276
f 10276 10300 10301
f 10276 10301 10297
f 10297 10301 10302
f 10297 10302 10298
f 10275 10303 10293
f 10293 10303 10304
f 10293 10304 10305
f 10296 10295 10306
f 10306 10295 10307
f 10306 10307 10308
f 10304 10309 10305
f 10305 10309 10310
f 10305 10310 10260
f 10260 10310 10311
f 10260 10311 10261
f 10308 10307 10312
f 10312 10307 10313
f 10312 10313 10314
f 10265 10315 10263
f 10263 10315 10316
f 10263 10316 10313
f 10313 10316 10317
f 10313 10317 10314
f 10240 10200 10318
f 10200 10161 10319
f 10161 10160 10320
f 10161 10320 10319
f 10319 10320 10321
f 10319 10321 10322
f 10322 10321 10323
f 10322 10323 10324
f 10324 10323 10325
f 10324 10325 10326
f 10326 10325 10327
f 10326 10327 10328
f 10328 10327 10329
f 10328 10329 10330
f 10330 10329 10331
f 10330 10331 10332
f 10332 10331 10333
f 10332 10333 10334
f 10334 10333 10335
f 10334 10335 10336
f 10336 10335 10337
f 10336 10337 10338
f 10338 10337 10339
f 10338 10339 10340
f 10340 10339 10341
f 10340 10341 10342
f 10342 10341 10343
f 10342 10343 10344
f 10344 10343 10345
f 10344 10345 10346
f 10346 10345 10347
f 10346 10347 10348
f 10348 10347 10349
f 10348 10349 10350
f 10350 10349 10351
f 10350 10351 10352
f 10352 10351 10353
f 10352 10353 10354
f 10354 10353 10355
f 10354 10355 10356
f 10356 10355 10357
f 10356 10357 10358
f 10358 10357 10359
f 10358 10359 10360
f 10360 10359 10361
f 10360 10361 10362
f 10362 10361 10363
f 10362 10363 10364
f 10364 10363 10365
f 10364 10365 10366
f 10366 10365 10367
f 10366 10367 10368
f 10368 10367 10369
f 10368 10369 10370
f 10370 10369 10371
f 10370 10371 10372
f 10372 10371 10373
f 10372 10373 10374
f 10374 10373 10375
f 10374 10375 10376
f 10376 10375 10377
f 10376 10377 10378
f 10378 10377 10379
f 10378 10379 10380
f 10380 10379 10381
f 10380 10381 10382
f 10382 10381 10383
f 10382 10383 10384
f 10384 10383 10385
f 10384 10385 10386
f 10386 10385 10387
f 10386 10387 10388
f 10388 10387 10389
f 10388 10389 10390
f 10390 10389 10391
f 10390 10391 10392
f 10392 10391 10393
f 10392 10393 10394
f 10394 10393 10395
f 10394 10395 10396
f 10396 10395 10082
f 10396 10082 10080
f 10200 10319 10318
f 10318 10319 10322
f 10318 10322 10397
f 10397 10322 10324
f 10397 10324 10398
f 10398 10324 10326
f 10398 10326 10399
f 10399 10326 10328
f 10399 10328 10400
f 10400 10328 10330
f 10400 10330 10401
f 10401 10330 10332
f 10401 10332 10402
f 10402 10332 10334
f 10402 10334 10403
f 10403 10334 10336
f 10403 10336 10404
f 10404 10336 10338
f 10404 10338 10405
f 10405 10338 10340
f 10405 10340 10406
f 10406 10340 10342
f 10406 10342 10407
f 10407 10342 10344
f 10407 10344 10408
f 10408 10344 10346
f 10408 10346 10409
f 10409 10346 10348
f 10409 10348 10410
f 10410 10348 10350
f 10410 10350 10411
f 10411 10350 10352
f 10411 10352 10412
f 10412 10352 10354
f 10412 10354 10413
f 10413 10354 10356
f 10413 10356 10414
f 10414 10356 10358
f 10414 10358 10415
f 10415 10358 10360
f 10415 10360 10416
f 10416 10360 10362
f 10416 10362 10417
f 10417 10362 10364
f 10417 10364 10418
f 10418 10364 10366
f 10418 10366 10419
f 10419 10366 10368
f 10419 10368 10420
f 10420 10368 10370
f 10420 10370 10421
f 10421 10370 10372
f 10421 10372 10422
f 10422 10372 10374
f 10422 10374 10423
f 10423 10374 10376
f 10423 10376 10424
f 10424 10376 10378
f 10424 10378 10425
f 10425 10378 10380
f 10425 10380 10426
f 10426 10380 10382
f 10426 10382 10427
f 10427 10382 10384
f 10427 10384 10428
f 10428 10384 10386
f 10428 10386 10429
f 10429 10386 10388
f 10429 10388 10430
f 10430 10388 10390
f 10430 10390 10431
f 10431 10390 10392
f 10431 10392 10432
f 10432 10392 10394
f 10432 10394 10433
f 10433 10394 10396
f 10433 10396 10434
f 10434 10396 10080
f 10434 10080 10078
f 10240 10318 10267
f 10267 10318 10397
f 10267 10397 10252
f 10252 10397 10398
f 10252 10398 10253
f 10253 10398 10399
f 10253 10399 10282
f 10282 10399 10400
f 10282 10400 10283
f 10283 10400 10401
f 10283 10401 10284
f 10284 10401 10402
f 10284 10402 10280
f 10280 10402 10403
f 10280 10403 10281
f 10281 10403 10404
f 10281 10404 10278
f 10278 10404 10405
f 10278 10405 10300
f 10300 10405 10406
f 10300 10406 10301
f 10301 10406 10407
f 10301 10407 10302
f 10302 10407 10408
f 10302 10408 10298
f 10298 10408 10409
f 10298 10409 10299
f 10299 10409 10410
f 10299 10410 10265
f 10265 10410 10411
f 10265 10411 10315
f 10315 10411 10412
f 10315 10412 10316
f 10316 10412 10413
f 10316 10413 10317
f 10317 10413 10414
f 10317 10414 10314
f 10314 10414 10415
f 10314 10415 10312
f 10312 10415 10416
f 10312 10416 10308
f 10308 10416 10417
f 10308 10417 10306
f 10306 10417 10418
f 10306 10418 10296
f 10296 10418 10419
f 10296 10419 10294
f 10294 10419 10420
f 10294 10420 10274
f 10274 10420 10421
f 10274 10421 10275
f 10275 10421 10422
f 10275 10422 10303
f 10303 10422 10423
f 10303 10423 10304
f 10304 10423 10424
f 10304 10424 10309
f 10309 10424 10425
f 10309 10425 10310
f 10310 10425 10426
f 10310 10426 10311
f 10311 10426 10427
f 10311 10427 10261
f 10261 10427 10428
f 10261 10428 10262
f 10262 10428 10429
f 10262 10429 10259
f 10259 10429 10430
f 10259 10430 10290
f 10290 10430 10431
f 10290 10431 10291
f 10291 10431 10432
f 10291 10432 10292
f 10292 10432 10433
f 10292 10433 10288
f 10288 10433 10434
f 10288 10434 10289
f 10289 10434 10078
f 10289 10078 10077
f 10435 10082 10395
f 10435 10395 10436
f 10395 10393 10436
f 10436 10393 10391
f 10436 10391 10437
f 10391 10389 10437
f 10437 10389 10387
f 10437 10387 10438
f 10387 10385 10438
f 10438 10385 10383
f 10438 10383 10439
f 10383 10381 10439
f 10439 10381 10379
f 10439 10379 10440
f 10379 10377 10440
f 10440 10377 10375
f 10440 10375 10441
f 10375 10373 10441
f 10441 10373 10371
f 10441 10371 10442
f 10371 10369 10442
f 10442 10369 10367
f 10442 10367 10443
f 10367 10365 10443
f 10443 10365 10363
f 10443 10363 10444
f 10363 10361 10444
f 10444 10361 10359
f 10444 10359 10445
f 10359 10357 10445
f 10445 10357 10355
f 10445 10355 10446
f 10355 10353 10446
f 10446 10353 10351
f 10446 10351 10447
f 10351 10349 10447
f 10447 10349 10347
f 10447 10347 10448
f 10347 10345 10448
f 10448 10345 10343
f 10448 10343 10449
f 10343 10341 10449
f 10449 10341 10339
f 10449 10339 10450
f 10339 10337 10450
f 10450 10337 10335
f 10450 10335 10451
f 10335 10333 10451
f 10451 10333 10331
f 10451 10331 10452
f 10331 10329 10452
f 10452 10329 10327
f 10452 10327 10453
f 10327 10325 10453
f 10453 10325 10323
f 10453 10323 10454
f 10160 10455 10320
f 10320 10455 10454
f 10320 10454 10321
f 10321 10454 10323
f 10455 10160 10158
f 10455 10158 10456
f 10158 10156 10456
f 10456 10156 10154
f 10456 10154 10457
f 10154 10152 10457
f 10457 10152 10150
f 10457 10150 10458
f 10150 10148 10458
f 10458 10148 10146
f 10458 10146 10459
f 10146 10144 10459
f 10459 10144 10142
f 10459 10142 10460
f 10142 10140 10460
f 10460 10140 10138
f 10460 10138 10461
f 10138 10136 10461
f 10461 10136 10134
f 10461 10134 10462
f 10134 10132 10462
f 10462 10132 10130
f 10462 10130 10463
f 10130 10128 10463
f 10463 10128 10126
f 10463 10126 10464
f 10126 10124 10464
f 10464 10124 10122
f 10464 10122 10465
f 10122 10120 10465
f 10465 10120 10118
f 10465 10118 10466
f 10118 10116 10466
f 10466 10116 10114
f 10466 10114 10467
f 10114 10112 10467
f 10467 10112 10110
f 10467 10110 10468
f 10110 10108 10468
f 10468 10108 10106
f 10468 10106 10469
f 10106 10104 10469
f 10469 10104 10102
f 10469 10102 10470
f 10102 10100 10470
f 10470 10100 10098
f 10470 10098 10471
f 10098 10096 10471
f 10471 10096 10094
f 10471 10094 10472
f 10094 10092 10472
f 10472 10092 10090
f 10472 10090 10473
f 10090 10088 10473
f 10473 10088 10086
f 10473 10086 10474
f 10082 10435 10083
f 10083 10435 10474
f 10083 10474 10084
f 10084 10474 10086
f 10475 10470 10476
f 10476 10470 10471
f 10476 10471 10477
f 10477 10471 10472
f 10477 10472 10478
f 10478 10472 10473
f 10478 10473 10479
f 10479 10473 10474
f 10479 10474 10480
f 10480 10474 10435
f 10480 10435 10481
f 10481 10435 10436
f 10481 10436 10482
f 10482 10436 10437
f 10482 10437 10483
f 10483 10437 10438
f 10483 10438 10484
f 10438 10439 10484
f 10484 10439 10440
f 10484 10440 10485
f 10485 10440 10441
f 10485 10441 10486
f 10486 10441 10442
f 10486 10442 10487
f 10487 10442 10443
f 10487 10443 10488
f 10488 10443 10444
f 10488 10444 10489
f 10489 10444 10445
f 10489 10445 10490
f 10490 10445 10446
f 10490 10446 10491
f 10491 10446 10447
f 10491 10447 10492
f 10492 10447 10448
f 10492 10448 10493
f 10494 10460 10495
f 10495 10460 10461
f 10495 10461 10496
f 10496 10461 10462
f 10496 10462 10497
f 10497 10462 10463
f 10497 10463 10498
f 10498 10463 10464
f 10498 10464 10499
f 10499 10464 10465
f 10499 10465 10500
f 10500 10465 10466
f 10500 10466 10501
f 10501 10466 10467
f 10501 10467 10502
f 10502 10467 10468
f 10502 10468 10475
f 10475 10468 10469
f 10475 10469 10470
f 10448 10449 10493
f 10493 10449 10450
f 10493 10450 10503
f 10503 10450 10451
f 10503 10451 10504
f 10504 10451 10452
f 10504 10452 10505
f 10505 10452 10453
f 10505 10453 10506
f 10506 10453 10454
f 10506 10454 10507
f 10507 10454 10455
f 10507 10455 10508
f 10508 10455 10456
f 10508 10456 10509
f 10509 10456 10457
f 10509 10457 10510
f 10510 10457 10458
f 10510 10458 10494
f 10494 10458 10459
f 10494 10459 10460
f 10511 10512 10480
f 10480 10512 10479
f 10512 10513 10479
f 10479 10513 10514
f 10479 10514 10478
f 10514 10515 10478
f 10478 10515 10516
f 10478 10516 10477
f 10516 10517 10477
f 10477 10517 10518
f 10477 10518 10476
f 10518 10519 10476
f 10476 10519 10520
f 10476 10520 10475
f 10520 10521 10475
f 10475 10521 10522
f 10475 10522 10502
f 10522 10523 10502
f 10502 10523 10524
f 10502 10524 10501
f 10524 10525 10501
f 10501 10525 10526
f 10501 10526 10500
f 10526 10527 10500
f 10500 10527 10528
f 10500 10528 10499
f 10528 10529 10499
f 10499 10529 10530
f 10499 10530 10498
f 10530 10531 10498
f 10498 10531 10532
f 10498 10532 10497
f 10532 10533 10497
f 10497 10533 10534
f 10497 10534 10496
f 10534 10535 10496
f 10496 10535 10536
f 10496 10536 10495
f 10536 10537 10495
f 10495 10537 10538
f 10495 10538 10494
f 10538 10539 10494
f 10494 10539 10540
f 10494 10540 10510
f 10540 10541 10510
f 10510 10541 10542
f 10510 10542 10509
f 10542 10543 10509
f 10509 10543 10544
f 10509 10544 10508
f 10545 10507 10546
f 10546 10507 10508
f 10546 10508 10547
f 10547 10508 10544
f 10507 10545 10548
f 10507 10548 10506
f 10548 10549 10506
f 10506 10549 10550
f 10506 10550 10505
f 10550 10551 10505
f 10505 10551 10552
f 10505 10552 10504
f 10552 10553 10504
f 10504 10553 10554
f 10504 10554 10503
f 10554 10555 10503
f 10503 10555 10556
f 10503 10556 10493
f 10556 10557 10493
f 10493 10557 10558
f 10493 10558 10492
f 10558 10559 10492
f 10492 10559 10560
f 10492 10560 10491
f 10560 10561 10491
f 10491 10561 10562
f 10491 10562 10490
f 10562 10563 10490
f 10490 10563 10564
f 10490 10564 10489
f 10564 10565 10489
f 10489 10565 10566
f 10489 10566 10488
f 10566 10567 10488
f 10488 10567 10568
f 10488 10568 10487
f 10568 10569 10487
f 10487 10569 10570
f 10487 10570 10486
f 10570 10571 10486
f 10486 10571 10572
f 10486 10572 10485
f 10572 10573 10485
f 10485 10573 10574
f 10485 10574 10484
f 10574 10575 10484
f 10484 10575 10576
f 10484 10576 10483
f 10576 10577 10483
f 10483 10577 10578
f 10483 10578 10482
f 10578 10579 10482
f 10482 10579 10580
f 10482 10580 10481
f 10511 10480 10581
f 10581 10480 10481
f 10581 10481 10582
f 10582 10481 10580
f 10545 10583 10584
f 10583 10585 10586
f 10585 10587 10588
f 10585 10588 10586
f 10586 10588 10589
f 10586 10589 10590
f 10590 10589 10591
f 10590 10591 10592
f 10592 10591 10593
f 10592 10593 10594
f 10594 10593 10595
f 10594 10595 10596
f 10596 10595 10597
f 10596 10597 10598
f 10598 10597 10599
f 10598 10599 10600
f 10600 10599 10601
f 10600 10601 10602
f 10602 10601 10603
f 10602 10603 10604
f 10604 10603 10605
f 10604 10605 10606
f 10606 10605 10607
f 10606 10607 10608
f 10608 10607 10609
f 10608 10609 10610
f 10610 10609 10611
f 10610 10611 10612
f 10612 10611 10613
f 10612 10613 10614
f 10614 10613 10615
f 10614 10615 10616
f 10616 10615 10617
f 10616 10617 10618
f 10618 10617 10619
f 10618 10619 10620
f 10620 10619 10621
f 10620 10621 10622
f 10622 10621 10623
f 10622 10623 10624
f 10624 10623 10625
f 10624 10625 10626
f 10626 10625 10627
f 10626 10627 10628
f 10628 10627 10629
f 10628 10629 10630
f 10630 10629 10631
f 10630 10631 10632
f 10632 10631 10633
f 10632 10633 10634
f 10634 10633 10635
f 10634 10635 10636
f 10636 10635 10637
f 10636 10637 10638
f 10638 10637 10639
f 10638 10639 10640
f 10640 10639 10641
f 10640 10641 10642
f 10642 10641 10643
f 10642 10643 10644
f 10644 10643 10645
f 10644 10645 10646
f 10646 10645 10647
f 10646 10647 10648
f 10648 10647 10649
f 10648 10649 10650
f 10650 10649 10651
f 10650 10651 10652
f 10652 10651 10653
f 10652 10653 10654
f 10654 10653 10655
f 10654 10655 10656
f 10656 10655 10657
f 10656 10657 10658
f 10583 10586 10584
f 10584 10586 10590
f 10584 10590 10659
f 10659 10590 10592
f 10659 10592 10660
f 10660 10592 10594
f 10660 10594 10661
f 10661 10594 10596
f 10661 10596 10662
f 10662 10596 10598
f 10662 10598 10663
f 10663 10598 10600
f 10663 10600 10664
f 10664 10600 10602
f 10664 10602 10665
f 10665 10602 10604
f 10665 10604 10666
f 10666 10604 10606
f 10666 10606 10667
f 10667 10606 10608
f 10667 10608 10668
f 10668 10608 10610
f 10668 10610 10669
f 10669 10610 10612
f 10669 10612 10670
f 10670 10612 10614
f 10670 10614 10671
f 10671 10614 10616
f 10671 10616 10672
f 10672 10616 10618
f 10672 10618 10673
f 10673 10618 10620
f 10673 10620 10674
f 10674 10620 10622
f 10674 10622 10675
f 10675 10622 10624
f 10675 10624 10676
f 10676 10624 10626
f 10676 10626 10677
f 10677 10626 10628
f 10677 10628 10678
f 10678 10628 10630
f 10678 10630 10679
f 10679 10630 10632
f 10679 10632 10680
f 10680 10632 10634
f 10680 10634 10681
f 10681 10634 10636
f 10681 10636 10682
f 10682 10636 10638
f 10682 10638 10683
f 10683 10638 10640
f 10683 10640 10684
f 10684 10640 10642
f 10684 10642 10685
f 10685 10642 10644
f 10685 10644 10686
f 10686 10644 10646
f 10686 10646 10687
f 10687 10646 10648
f 10687 10648 10688
f 10688 10648 10650
f 10688 10650 10689
f 10689 10650 10652
f 10689 10652 10690
f 10690 10652 10654
f 10690 10654 10691
f 10691 10654 10656
f 10691 10656 10692
f 10692 10656 10658
f 10692 10658 10693
f 10545 10584 10548
f 10548 10584 10659
f 10548 10659 10549
f 10549 10659 10660
f 10549 10660 10550
f 10550 10660 10661
f 10550 10661 10551
f 10551 10661 10662
f 10551 10662 10552
f 10552 10662 10663
f 10552 10663 10553
f 10553 10663 10664
f 10553 10664 10554
f 10554 10664 10665
f 10554 10665 10555
f 10555 10665 10666
f 10555 10666 10556
f 10556 10666 10667
f 10556 10667 10557
f 10557 10667 10668
f 10557 10668 10558
f 10558 10668 10669
f 10558 10669 10559
f 10559 10669 10670
f 10559 10670 10560
f 10560 10670 10671
f 10560 10671 10561
f 10561 10671 10672
f 10561 10672 10562
f 10562 10672 10673
f 10562 10673 10563
f 10563 10673 10674
f 10563 10674 10564
f 10564 10674 10675
f 10564 10675 10565
f 10565 10675 10676
f 10565 10676 10566
f 10566 10676 10677
f 10566 10677 10567
f 10567 10677 10678
f 10567 10678 10568
f 10568 10678 10679
f 10568 10679 10569
f 10569 10679 10680
f 10569 10680 10570
f 10570 10680 10681
f 10570 10681 10571
f 10571 10681 10682
f 10571 10682 10572
f 10572 10682 10683
f 10572 10683 10573
f 10573 10683 10684
f 10573 10684 10574
f 10574 10684 10685
f 10574 10685 10575
f 10575 10685 10686
f 10575 10686 10576
f 10576 10686 10687
f 10576 10687 10577
f 10577 10687 10688
f 10577 10688 10578
f 10578 10688 10689
f 10578 10689 10579
f 10579 10689 10690
f 10579 10690 10580
f 10580 10690 10691
f 10580 10691 10582
f 10582 10691 10692
f 10582 10692 10581
f 10581 10692 10693
f 10581 10693 10511
f 10511 10693 10694
f 10693 10658 10695
f 10658 10657 10696
f 10658 10696 10695
f 10695 10696 10697
f 10695 10697 10698
f 10698 10697 10699
f 10698 10699 10700
f 10700 10699 10701
f 10700 10701 10702
f 10702 10701 10703
f 10702 10703 10704
f 10704 10703 10705
f 10704 10705 10706
f 10706 10705 10707
f 10706 10707 10708
f 10708 10707 10709
f 10708 10709 10710
f 10710 10709 10711
f 10710 10711 10712
f 10712 10711 10713
f 10712 10713 10714
f 10714 10713 10715
f 10714 10715 10716
f 10716 10715 10717
f 10716 10717 10718
f 10718 10717 10719
f 10718 10719 10720
f 10720 10719 10721
f 10720 10721 10722
f 10722 10721 10723
f 10722 10723 10724
f 10724 10723 10725
f 10724 10725 10726
f 10726 10725 10727
f 10726 10727 10728
f 10728 10727 10729
f 10728 10729 10730
f 10730 10729 10731
f 10730 10731 10732
f 10732 10731 10733
f 10732 10733 10734
f 10734 10733 10735
f 10734 10735 10736
f 10736 10735 10737
f 10736 10737 10738
f 10738 10737 10739
f 10738 10739 10740
f 10740 10739 10741
f 10740 10741 10742
f 10742 10741 10743
f 10742 10743 10744
f 10744 10743 10745
f 10744 10745 10746
f 10746 10745 10747
f 10746 10747 10748
f 10748 10747 10749
f 10748 10749 10750
f 10750 10749 10751
f 10750 10751 10752
f 10752 10751 10753
f 10752 10753 10754
f 10754 10753 10755
f 10754 10755 10756
f 10756 10755 10757
f 10756 10757 10758
f 10758 10757 10759
f 10758 10759 10760
f 10760 10759 10761
f 10760 10761 10762
f 10762 10761 10763
f 10762 10763 10764
f 10764 10763 10587
f 10764 10587 10585
f 10693 10695 10694
f 10694 10695 10698
f 10694 10698 10765
f 10765 10698 10700
f 10765 10700 10766
f 10766 10700 10702
f 10766 10702 10767
f 10767 10702 10704
f 10767 10704 10768
f 10768 10704 10706
f 10768 10706 10769
f 10769 10706 10708
f 10769 10708 10770
f 10770 10708 10710
f 10770 10710 10771
f 10771 10710 10712
f 10771 10712 10772
f 10772 10712 10714
f 10772 10714 10773
f 10773 10714 10716
f 10773 10716 10774
f 10774 10716 10718
f 10774 10718 10775
f 10775 10718 10720
f 10775 10720 10776
f 10776 10720 10722
f 10776 10722 10777
f 10777 10722 10724
f 10777 10724 10778
f 10778 10724 10726
f 10778 10726 10779
f 10779 10726 10728
f 10779 10728 10780
f 10780 10728 10730
f 10780 10730 10781
f 10781 10730 10732
f 10781 10732 10782
f 10782 10732 10734
f 10782 10734 10783
f 10783 10734 10736
f 10783 10736 10784
f 10784 10736 10738
f 10784 10738 10785
f 10785 10738 10740
f 10785 10740 10786
f 10786 10740 10742
f 10786 10742 10787
f 10787 10742 10744
f 10787 10744 10788
f 10788 10744 10746
f 10788 10746 10789
f 10789 10746 10748
f 10789 10748 10790
f 10790 10748 10750
f 10790 10750 10791
f 10791 10750 10752
f 10791 10752 10792
f 10792 10752 10754
f 10792 10754 10793
f 10793 10754 10756
f 10793 10756 10794
f 10794 10756 10758
f 10794 10758 10795
f 10795 10758 10760
f 10795 10760 10796
f 10796 10760 10762
f 10796 10762 10797
f 10797 10762 10764
f 10797 10764 10798
f 10798 10764 10585
f 10798 10585 10583
f 10511 10694 10512
f 10512 10694 10765
f 10512 10765 10513
f 10513 10765 10766
f 10513 10766 10514
f 10514 10766 10767
f 10514 10767 10515
f 10515 10767 10768
f 10515 10768 10516
f 10516 10768 10769
f 10516 10769 10517
f 10517 10769 10770
f 10517 10770 10518
f 10518 10770 10771
f 10518 10771 10519
f 10519 10771 10772
f 10519 10772 10520
f 10520 10772 10773
f 10520 10773 10521
f 10521 10773 10774
f 10521 10774 10522
f 10522 10774 10775
f 10522 10775 10523
f 10523 10775 10776
f 10523 10776 10524
f 10524 10776 10777
f 10524 10777 10525
f 10525 10777 10778
f 10525 10778 10526
f 10526 10778 10779
f 10526 10779 10527
f 10527 10779 10780
f 10527 10780 10528
f 10528 10780 10781
f 10528 10781 10529
f 10529 10781 10782
f 10529 10782 10530
f 10530 10782 10783
f 10530 10783 10531
f 10531 10783 10784
f 10531 10784 10532
f 10532 10784 10785
f 10532 10785 10533
f 10533 10785 10786
f 10533 10786 10534
f 10534 10786 10787
f 10534 10787 10535
f 10535 10787 10788
f 10535 10788 10536
f 10536 10788 10789
f 10536 10789 10537
f 10537 10789 10790
f 10537 10790 10538
f 10538 10790 10791
f 10538 10791 10539
f 10539 10791 10792
f 10539 10792 10540
f 10540 10792 10793
f 10540 10793 10541
f 10541 10793 10794
f 10541 10794 10542
f 10542 10794 10795
f 10542 10795 10543
f 10543 10795 10796
f 10543 10796 10544
f 10544 10796 10797
f 10544 10797 10547
f 10547 10797 10798
f 10547 10798 10546
f 10546 10798 10583
f 10546 10583 10545
f 10651 10799 10800
f 10588 10801 10802
f 10699 10803 10804
f 10699 10697 10803
f 10803 10697 10696
f 10803 10696 10805
f 10639 10806 10807
f 10627 10808 10809
f 10696 10657 10805
f 10805 10657 10655
f 10805 10655 10800
f 10800 10655 10653
f 10800 10653 10651
f 10651 10649 10799
f 10799 10649 10647
f 10799 10647 10810
f 10759 10811 10812
f 10711 10813 10814
f 10815 10703 10804
f 10804 10703 10701
f 10804 10701 10699
f 10627 10625 10808
f 10808 10625 10623
f 10808 10623 10816
f 10599 10817 10818
f 10751 10819 10820
f 10711 10709 10813
f 10813 10709 10707
f 10813 10707 10815
f 10815 10707 10705
f 10815 10705 10703
f 10647 10645 10810
f 10810 10645 10643
f 10810 10643 10807
f 10807 10643 10641
f 10807 10641 10639
f 10639 10637 10806
f 10806 10637 10635
f 10806 10635 10821
f 10635 10633 10821
f 10821 10633 10631
f 10821 10631 10809
f 10809 10631 10629
f 10809 10629 10627
f 10615 10822 10823
f 10607 10824 10825
f 10599 10597 10817
f 10817 10597 10595
f 10817 10595 10826
f 10595 10593 10826
f 10826 10593 10591
f 10826 10591 10802
f 10802 10591 10589
f 10802 10589 10588
f 10623 10621 10816
f 10816 10621 10619
f 10816 10619 10823
f 10823 10619 10617
f 10823 10617 10615
f 10588 10587 10801
f 10801 10587 10763
f 10801 10763 10812
f 10812 10763 10761
f 10812 10761 10759
f 10615 10613 10822
f 10822 10613 10611
f 10822 10611 10825
f 10825 10611 10609
f 10825 10609 10607
f 10759 10757 10811
f 10811 10757 10755
f 10811 10755 10820
f 10820 10755 10753
f 10820 10753 10751
f 10827 10828 10723
f 10607 10605 10824
f 10824 10605 10603
f 10824 10603 10818
f 10818 10603 10601
f 10818 10601 10599
f 10743 10829 10830
f 10831 10832 10731
f 10723 10721 10827
f 10827 10721 10719
f 10827 10719 10833
f 10719 10717 10833
f 10833 10717 10715
f 10833 10715 10814
f 10814 10715 10713
f 10814 10713 10711
f 10731 10729 10831
f 10831 10729 10727
f 10831 10727 10828
f 10828 10727 10725
f 10828 10725 10723
f 10751 10749 10819
f 10819 10749 10747
f 10819 10747 10830
f 10830 10747 10745
f 10830 10745 10743
f 10743 10741 10829
f 10829 10741 10739
f 10829 10739 10834
f 10739 10737 10834
f 10834 10737 10735
f 10834 10735 10832
f 10832 10735 10733
f 10832 10733 10731
f 10835 10801 10812
f 10835 10812 10836
f 10836 10812 10811
f 10836 10811 10837
f 10837 10811 10820
f 10837 10820 10838
f 10838 10820 10819
f 10838 10819 10839
f 10839 10819 10830
f 10839 10830 10840
f 10840 10830 10829
f 10840 10829 10841
f 10841 10829 10834
f 10841 10834 10842
f 10842 10834 10832
f 10842 10832 10843
f 10843 10832 10831
f 10843 10831 10844
f 10844 10831 10828
f 10844 10828 10845
f 10845 10828 10827
f 10845 10827 10846
f 10846 10827 10833
f 10846 10833 10847
f 10847 10833 10814
f 10847 10814 10848
f 10848 10814 10813
f 10848 10813 10849
f 10849 10813 10815
f 10849 10815 10850
f 10850 10815 10804
f 10850 10804 10851
f 10851 10804 10803
f 10851 10803 10852
f 10852 10803 10805
f 10852 10805 10853
f 10854 10855 10856
f 10856 10855 10857
f 10856 10857 10858
f 10858 10857 10859
f 10858 10859 10860
f 10860 10859 10861
f 10860 10861 10862
f 10862 10861 10863
f 10862 10863 10864
f 10864 10863 10865
f 10864 10865 10866
f 10866 10865 10867
f 10866 10867 10868
f 10868 10867 10869
f 10868 10869 10870
f 10870 10869 10871
f 10870 10871 10853
f 10853 10871 10872
f 10853 10872 10852
f 10852 10872 10873
f 10852 10873 10851
f 10851 10873 10874
f 10851 10874 10850
f 10850 10874 10875
f 10850 10875 10849
f 10849 10875 10876
f 10849 10876 10848
f 10848 10876 10877
f 10848 10877 10847
f 10847 10877 10878
f 10847 10878 10846
f 10846 10878 10879
f 10846 10879 10845
f 10845 10879 10880
f 10845 10880 10844
f 10880 10881 10844
f 10844 10881 10882
f 10844 10882 10843
f 10843 10882 10883
f 10843 10883 10842
f 10842 10883 10884
f 10842 10884 10841
f 10841 10884 10885
f 10841 10885 10840
f 10840 10885 10886
f 10840 10886 10839
f 10839 10886 10887
f 10839 10887 10838
f 10838 10887 10888
f 10838 10888 10837
f 10837 10888 10889
f 10837 10889 10836
f 10836 10889 10890
f 10836 10890 10835
f 10835 10890 10891
f 10835 10891 10892
f 10892 10891 10893
f 10892 10893 10894
f 10894 10893 10895
f 10894 10895 10896
f 10896 10895 10897
f 10896 10897 10898
f 10898 10897 10899
f 10898 10899 10900
f 10900 10899 10901
f 10900 10901 10902
f 10902 10901 10903
f 10902 10903 10904
f 10904 10903 10905
f 10904 10905 10906
f 10906 10905 10907
f 10906 10907 10854
f 10854 10907 10908
f 10854 10908 10855
f 10872 10245 10873
f 10873 10245 10241
f 10873 10241 10874
f 10874 10241 10244
f 10874 10244 10875
f 10875 10244 10250
f 10875 10250 10876
f 10876 10250 10249
f 10876 10249 10877
f 10877 10249 10243
f 10877 10243 10878
f 10878 10243 10242
f 10878 10242 10879
f 10879 10242 10256
f 10879 10256 10880
f 10880 10256 10272
f 10880 10272 10881
f 10881 10272 10271
f 10881 10271 10882
f 10882 10271 10286
f 10882 10286 10883
f 10883 10286 10285
f 10883 10285 10884
f 10884 10285 10270
f 10884 10270 10885
f 10885 10270 10248
f 10885 10248 10886
f 10886 10248 10255
f 10886 10255 10887
f 10887 10255 10254
f 10887 10254 10888
f 10888 10254 10247
f 10888 10247 10889
f 10889 10247 10246
f 10889 10246 10890
f 10890 10246 10269
f 10890 10269 10891
f 10891 10269 10268
f 10891 10268 10893
f 10893 10268 10251
f 10893 10251 10895
f 10895 10251 10266
f 10895 10266 10897
f 10897 10266 10279
f 10897 10279 10899
f 10899 10279 10277
f 10899 10277 10901
f 10901 10277 10276
f 10901 10276 10903
f 10903 10276 10297
f 10903 10297 10905
f 10905 10297 10264
f 10905 10264 10907
f 10907 10264 10263
f 10907 10263 10908
f 10908 10263 10313
f 10908 10313 10855
f 10855 10313 10307
f 10855 10307 10857
f 10857 10307 10295
f 10857 10295 10859
f 10859 10295 10273
f 10859 10273 10861
f 10861 10273 10293
f 10861 10293 10863
f 10863 10293 10305
f 10863 10305 10865
f 10865 10305 10260
f 10865 10260 10867
f 10867 10260 10258
f 10867 10258 10869
f 10869 10258 10257
f 10869 10257 10871
f 10871 10257 10287
f 10871 10287 10872
f 10872 10287 10245
f 10853 10805 10800
f 10853 10800 10870
f 10870 10800 10799
f 10870 10799 10868
f 10868 10799 10810
f 10868 10810 10866
f 10866 10810 10807
f 10866 10807 10864
f 10864 10807 10806
f 10864 10806 10862
f 10862 10806 10821
f 10862 10821 10860
f 10860 10821 10809
f 10860 10809 10858
f 10858 10809 10808
f 10858 10808 10856
f 10856 10808 10816
f 10856 10816 10854
f 10854 10816 10823
f 10854 10823 10906
f 10906 10823 10822
f 10906 10822 10904
f 10904 10822 10825
f 10904 10825 10902
f 10902 10825 10824
f 10902 10824 10900
f 10900 10824 10818
f 10900 10818 10898
f 10898 10818 10817
f 10898 10817 10896
f 10896 10817 10826
f 10896 10826 10894
f 10894 10826 10802
f 10894 10802 10892
f 10892 10802 10801
f 10892 10801 10835
f 10909 10910 10911
f 10909 10911 10912
f 10912 10911 10913
f 10912 10913 10914
f 10914 10913 10915
f 10914 10915 10916
f 10916 10915 10917
f 10916 10917 10918
f 10918 10917 10919
f 10918 10919 10920
f 10920 10919 10921
f 10920 10921 10922
f 10922 10921 10923
f 10922 10923 10924
f 10924 10923 10925
f 10924 10925 10926
f 10926 10925 10927
f 10926 10927 10928
f 10928 10927 10929
f 10928 10929 10930
f 10930 10929 10931
f 10930 10931 10932
f 10932 10931 10933
f 10932 10933 10934
f 10934 10933 10935
f 10934 10935 10936
f 10936 10935 10937
f 10936 10937 10938
f 10938 10937 10939
f 10938 10939 10940
f 10940 10939 10941
f 10940 10941 10942
f 10942 10941 10943
f 10942 10943 10944
f 10944 10943 10945
f 10944 10945 10946
f 10946 10945 10947
f 10946 10947 10948
f 10948 10947 10949
f 10948 10949 10950
f 10951 10952 10953
f 10953 10952 10954
f 10953 10954 10955
f 10955 10954 10956
f 10955 10956 10957
f 10957 10956 10909
f 10957 10909 10958
f 10958 10909 10912
f 10958 10912 10959
f 10960 10961 10962
f 10962 10961 10963
f 10962 10963 10964
f 10964 10963 10965
f 10964 10965 10966
f 10966 10965 10967
f 10966 10967 10968
f 10968 10967 10969
f 10968 10969 10970
f 10970 10969 10971
f 10970 10971 10951
f 10951 10971 10972
f 10951 10972 10952
f 10973 10974 10975
f 10975 10974 10976
f 10975 10976 10977
f 10977 10976 10978
f 10977 10978 10979
f 10979 10978 10980
f 10979 10980 10981
f 10981 10980 10982
f 10981 10982 10983
f 10983 10982 10984
f 10983 10984 10960
f 10960 10984 10985
f 10960 10985 10961
f 10986 10930 10987
f 10987 10930 10932
f 10987 10932 10988
f 10988 10932 10934
f 10988 10934 10989
f 10989 10934 10936
f 10989 10936 10990
f 10990 10936 10938
f 10990 10938 10991
f 10991 10938 10940
f 10991 10940 10992
f 10940 10942 10992
f 10992 10942 10944
f 10992 10944 10993
f 10993 10944 10946
f 10993 10946 10994
f 10994 10946 10948
f 10994 10948 10995
f 10995 10948 10950
f 10995 10950 10996
f 10996 10950 10997
f 10996 10997 10973
f 10973 10997 10998
f 10973 10998 10974
f 10912 10914 10959
f 10959 10914 10916
f 10959 10916 10999
f 10999 10916 10918
f 10999 10918 11000
f 11000 10918 10920
f 11000 10920 11001
f 11001 10920 10922
f 11001 10922 11002
f 11002 10922 10924
f 11002 10924 11003
f 11003 10924 10926
f 11003 10926 10986
f 10986 10926 10928
f 10986 10928 10930
f 10950 10949 11004
f 10950 11004 10997
f 10997 11004 11005
f 10997 11005 10998
f 10998 11005 11006
f 10998 11006 10974
f 10974 11006 11007
f 10974 11007 10976
f 10976 11007 11008
f 10976 11008 10978
f 10978 11008 11009
f 10978 11009 10980
f 10980 11009 11010
f 10980 11010 10982
f 10982 11010 11011
f 10982 11011 10984
f 10984 11011 11012
f 10984 11012 10985
f 10985 11012 11013
f 10985 11013 10961
f 10961 11013 11014
f 10961 11014 10963
f 10963 11014 11015
f 10963 11015 10965
f 10965 11015 11016
f 10965 11016 10967
f 10967 11016 11017
f 10967 11017 10969
f 10969 11017 11018
f 10969 11018 10971
f 10971 11018 11019
f 10971 11019 10972
f 10972 11019 11020
f 10972 11020 10952
f 10952 11020 11021
f 10952 11021 10954
f 10954 11021 11022
f 10954 11022 10956
f 10956 11022 10910
f 10956 10910 10909
f 11023 10910 11022
f 11023 11022 11024
f 11024 11022 11021
f 11024 11021 11025
f 11025 11021 11020
f 11025 11020 11026
f 11026 11020 11019
f 11026 11019 11027
f 11027 11019 11018
f 11027 11018 11028
f 11028 11018 11017
f 11028 11017 11029
f 11029 11017 11016
f 11029 11016 11030
f 11030 11016 11015
f 11030 11015 11031
f 11031 11015 11014
f 11031 11014 11032
f 11032 11014 11013
f 11032 11013 11033
f 11033 11013 11012
f 11033 11012 11034
f 11034 11012 11011
f 11034 11011 11035
f 11035 11011 11010
f 11035 11010 11036
f 11036 11010 11009
f 11036 11009 11037
f 11037 11009 11008
f 11037 11008 11038
f 11038 11008 11007
f 11038 11007 11039
f 11039 11007 11006
f 11039 11006 11040
f 11040 11006 11005
f 11040 11005 11041
f 11041 11005 11004
f 11041 11004 11042
f 11042 11004 10949
f 11042 10949 11043
f 11043 10949 10947
f 11043 10947 11044
f 11044 10947 10945
f 11044 10945 11045
f 11045 10945 10943
f 11045 10943 11046
f 11046 10943 10941
f 11046 10941 11047
f 11047 10941 10939
f 11047 10939 11048
f 11048 10939 10937
f 11048 10937 11049
f 11049 10937 10935
f 11049 10935 11050
f 11050 10935 10933
f 11050 10933 11051
f 11051 10933 10931
f 11051 10931 11052
f 11052 10931 10929
f 11052 10929 11053
f 11053 10929 10927
f 11053 10927 11054
f 11054 10927 10925
f 11054 10925 11055
f 11055 10925 10923
f 11055 10923 11056
f 11056 10923 10921
f 11056 10921 11057
f 11057 10921 10919
f 11057 10919 11058
f 11058 10919 10917
f 11058 10917 11059
f 11059 10917 10915
f 11059 10915 11060
f 11060 10915 10913
f 11060 10913 11061
f 11061 10913 10911
f 11061 10911 11062
f 11062 10911 10910
f 11062 10910 11023
f 11063 11043 11044
f 11063 11044 11064
f 11064 11044 11045
f 11064 11045 11065
f 11065 11045 11046
f 11065 11046 11066
f 11066 11046 11047
f 11066 11047 11067
f 11067 11047 11048
f 11067 11048 11068
f 11068 11048 11049
f 11068 11049 11069
f 11069 11049 11050
f 11069 11050 11070
f 11070 11050 11051
f 11070 11051 11071
f 11071 11051 11052
f 11071 11052 11072
f 11072 11052 11053
f 11072 11053 11073
f 11073 11053 11054
f 11073 11054 11074
f 11074 11054 11055
f 11074 11055 11075
f 11075 11055 11056
f 11075 11056 11076
f 11076 11056 11057
f 11076 11057 11077
f 11077 11057 11058
f 11077 11058 11078
f 11078 11058 11059
f 11078 11059 11079
f 11079 11059 11060
f 11079 11060 11080
f 11080 11060 11061
f 11080 11061 11081
f 11081 11061 11062
f 11081 11062 11082
f 11082 11062 11023
f 11082 11023 11083
f 11084 11085 11086
f 11086 11085 11087
f 11086 11087 11088
f 11088 11087 11089
f 11088 11089 11090
f 11090 11089 11063
f 11090 11063 11091
f 11091 11063 11064
f 11091 11064 11092
f 11093 11094 11095
f 11095 11094 11096
f 11095 11096 11097
f 11097 11096 11098
f 11097 11098 11099
f 11099 11098 11100
f 11099 11100 11101
f 11101 11100 11102
f 11101 11102 11103
f 11103 11102 11104
f 11103 11104 11084
f 11084 11104 11105
f 11084 11105 11085
f 11106 11107 11108
f 11108 11107 11109
f 11108 11109 11110
f 11110 11109 11111
f 11110 11111 11112
f 11112 11111 11113
f 11112 11113 11114
f 11114 11113 11115
f 11114 11115 11116
f 11116 11115 11117
f 11116 11117 11093
f 11093 11117 11118
f 11093 11118 11094
f 11119 11080 11120
f 11120 11080 11081
f 11120 11081 11121
f 11121 11081 11082
f 11121 11082 11122
f 11122 11082 11083
f 11122 11083 11123
f 11123 11083 11124
f 11123 11124 11106
f 11106 11124 11125
f 11106 11125 11107
f 11064 11065 11092
f 11092 11065 11066
f 11092 11066 11126
f 11126 11066 11067
f 11126 11067 11127
f 11127 11067 11068
f 11127 11068 11128
f 11128 11068 11069
f 11128 11069 11129
f 11129 11069 11070
f 11129 11070 11130
f 11130 11070 11071
f 11130 11071 11131
f 11071 11072 11131
f 11131 11072 11073
f 11131 11073 11132
f 11132 11073 11074
f 11132 11074 11133
f 11133 11074 11075
f 11133 11075 11134
f 11134 11075 11076
f 11134 11076 11135
f 11135 11076 11077
f 11135 11077 11136
f 11136 11077 11078
f 11136 11078 11119
f 11119 11078 11079
f 11119 11079 11080
f 11083 11023 11024
f 11083 11024 11124
f 11124 11024 11025
f 11124 11025 11125
f 11125 11025 11026
f 11125 11026 11107
f 11107 11026 11027
f 11107 11027 11109
f 11109 11027 11028
f 11109 11028 11111
f 11111 11028 11029
f 11111 11029 11113
f 11113 11029 11030
f 11113 11030 11115
f 11115 11030 11031
f 11115 11031 11117
f 11117 11031 11032
f 11117 11032 11118
f 11118 11032 11033
f 11118 11033 11094
f 11094 11033 11034
f 11094 11034 11096
f 11096 11034 11035
f 11096 11035 11098
f 11098 11035 11036
f 11098 11036 11100
f 11100 11036 11037
f 11100 11037 11102
f 11102 11037 11038
f 11102 11038 11104
f 11104 11038 11039
f 11104 11039 11105
f 11105 11039 11040
f 11105 11040 11085
f 11085 11040 11041
f 11085 11041 11087
f 11087 11041 11042
f 11087 11042 11089
f 11089 11042 11043
f 11089 11043 11063
f 11137 11122 11138
f 11138 11122 11123
f 11138 11123 11139
f 11139 11123 11106
f 11139 11106 11140
f 11140 11106 11108
f 11140 11108 11141
f 11141 11108 11110
f 11141 11110 11142
f 11142 11110 11112
f 11142 11112 11143
f 11143 11112 11114
f 11143 11114 11144
f 11144 11114 11116
f 11144 11116 11145
f 11145 11116 11093
f 11145 11093 11146
f 11146 11093 11095
f 11146 11095 11147
f 11147 11095 11097
f 11147 11097 11148
f 11148 11097 11099
f 11148 11099 11149
f 11149 11099 11101
f 11149 11101 11150
f 11150 11101 11103
f 11150 11103 11151
f 11151 11103 11084
f 11151 11084 11152
f 11152 11084 11086
f 11152 11086 11153
f 11153 11086 11088
f 11153 11088 11154
f 11154 11088 11090
f 11154 11155 11153
f 11153 11155 11156
f 11153 11156 11152
f 11152 11156 11157
f 11152 11157 11151
f 11151 11157 11158
f 11151 11158 11150
f 11150 11158 11159
f 11150 11159 11149
f 11149 11159 11160
f 11149 11160 11148
f 11148 11160 11161
f 11148 11161 11147
f 11147 11161 11162
f 11147 11162 11146
f 11146 11162 11163
f 11146 11163 11145
f 11145 11163 11164
f 11145 11164 11144
f 11144 11164 11165
f 11144 11165 11143
f 11143 11165 11166
f 11143 11166 11142
f 11142 11166 11167
f 11142 11167 11141
f 11141 11167 11168
f 11141 11168 11140
f 11140 11168 11169
f 11140 11169 11139
f 11139 11169 11170
f 11139 11170 11138
f 11138 11170 11171
f 11138 11171 11137
f 11137 11171 11172
f 11137 11172 11173
f 11173 11172 11174
f 11173 11174 11175
f 11175 11174 11176
f 11175 11176 11177
f 11177 11176 11178
f 11177 11178 11179
f 11179 11178 11180
f 11179 11180 11181
f 11181 11180 11182
f 11181 11182 11183
f 11183 11182 11184
f 11183 11184 11185
f 11185 11184 11186
f 11185 11186 11187
f 11187 11186 11188
f 11187 11188 11189
f 11189 11188 11190
f 11189 11190 11191
f 11191 11190 11192
f 11191 11192 11193
f 11193 11192 11194
f 11193 11194 11195
f 11195 11194 11196
f 11195 11196 11197
f 11197 11196 11198
f 11197 11198 11199
f 11199 11198 11200
f 11199 11200 11201
f 11201 11200 11202
f 11201 11202 11203
f 11203 11202 11204
f 11203 11204 11154
f 11154 11204 11155
f 11172 10957 11174
f 11174 10957 10958
f 11174 10958 11176
f 11176 10958 10959
f 11176 10959 11178
f 11178 10959 10999
f 11178 10999 11180
f 11180 10999 11000
f 11180 11000 11182
f 11182 11000 11001
f 11182 11001 11184
f 11184 11001 11002
f 11184 11002 11186
f 11186 11002 11003
f 11186 11003 11188
f 11188 11003 10986
f 11188 10986 11190
f 11190 10986 10987
f 11190 10987 11192
f 11192 10987 10988
f 11192 10988 11194
f 11194 10988 10989
f 11194 10989 11196
f 11196 10989 10990
f 11196 10990 11198
f 11198 10990 10991
f 11198 10991 11200
f 11200 10991 10992
f 11200 10992 11202
f 11202 10992 10993
f 11202 10993 11204
f 11204 10993 10994
f 11204 10994 11155
f 11155 10994 10995
f 11155 10995 11156
f 11156 10995 10996
f 11156 10996 11157
f 11157 10996 10973
f 11157 10973 11158
f 11158 10973 10975
f 11158 10975 11159
f 11159 10975 10977
f 11159 10977 11160
f 11160 10977 10979
f 11160 10979 11161
f 11161 10979 10981
f 11161 10981 11162
f 11162 10981 10983
f 11162 10983 11163
f 11163 10983 10960
f 11163 10960 11164
f 11164 10960 10962
f 11164 10962 11165
f 11165 10962 10964
f 11165 10964 11166
f 11166 10964 10966
f 11166 10966 11167
f 11167 10966 10968
f 11167 10968 11168
f 11168 10968 10970
f 11168 10970 11169
f 11169 10970 10951
f 11169 10951 11170
f 11170 10951 10953
f 11170 10953 11171
f 11171 10953 10955
f 11171 10955 11172
f 11172 10955 10957
f 11154 11090 11203
f 11203 11090 11091
f 11203 11091 11201
f 11201 11091 11092
f 11201 11092 11199
f 11199 11092 11126
f 11199 11126 11197
f 11197 11126 11127
f 11197 11127 11195
f 11195 11127 11128
f 11195 11128 11193
f 11193 11128 11129
f 11193 11129 11191
f 11191 11129 11130
f 11191 11130 11189
f 11189 11130 11131
f 11189 11131 11187
f 11187 11131 11132
f 11187 11132 11185
f 11185 11132 11133
f 11185 11133 11183
f 11183 11133 11134
f 11183 11134 11181
f 11181 11134 11135
f 11181 11135 11179
f 11179 11135 11136
f 11179 11136 11177
f 11177 11136 11119
f 11177 11119 11175
f 11175 11119 11120
f 11175 11120 11173
f 11173 11120 11121
f 11173 11121 11137
f 11137 11121 11122
