# Optimized FL_foot.obj
v -0.04947 0.07277 0.00175
v -0.04921 0.07277 0.00537
v -0.05112 0.07309 0.00181
v -0.05085 0.07309 0.00555
v -0.04362 0.06722 0.00476
v -0.04428 0.06877 0.00483
v -0.04386 0.06722 0.00155
v -0.04452 0.06877 0.00158
v -0.04374 0.06722 -0.00350
v -0.04440 0.06877 -0.00355
v -0.04305 0.06722 -0.00850
v -0.04370 0.06877 -0.00863
v -0.04179 0.06722 -0.01339
v -0.04242 0.06877 -0.01360
v -0.03997 0.06722 -0.01811
v -0.04057 0.06877 -0.01838
v -0.03763 0.06722 -0.02258
v -0.03819 0.06877 -0.02292
v -0.03478 0.06722 -0.02676
v -0.03531 0.06877 -0.02716
v -0.03148 0.06722 -0.03058
v -0.03195 0.06877 -0.03104
v -0.02775 0.06722 -0.03399
v -0.02817 0.06877 -0.03450
v -0.02366 0.06722 -0.03696
v -0.02402 0.06877 -0.03751
v -0.01926 0.06722 -0.03943
v -0.01955 0.06877 -0.04003
v -0.01460 0.06722 -0.04138
v -0.01482 0.06877 -0.04201
v -0.00974 0.06722 -0.04279
v -0.00989 0.06877 -0.04343
v -0.00476 0.06722 -0.04362
v -0.00483 0.06877 -0.04428
v 0.00029 0.06722 -0.04388
v 0.00029 0.06877 -0.04454
v 0.00533 0.06722 -0.04356
v 0.00541 0.06877 -0.04421
v 0.01030 0.06722 -0.04266
v 0.01045 0.06877 -0.04330
v 0.01513 0.06722 -0.04119
v 0.01536 0.06877 -0.04181
v 0.01977 0.06722 -0.03918
v 0.02006 0.06877 -0.03977
v 0.02414 0.06722 -0.03665
v 0.02450 0.06877 -0.03720
v 0.02819 0.06722 -0.03363
v 0.02862 0.06877 -0.03414
v 0.03187 0.06722 -0.03017
v 0.03235 0.06877 -0.03062
v 0.03513 0.06722 -0.02630
v 0.03566 0.06877 -0.02670
v 0.03792 0.06722 -0.02209
v 0.03849 0.06877 -0.02243
v 0.04020 0.06722 -0.01759
v 0.04081 0.06877 -0.01785
v 0.04196 0.06722 -0.01285
v 0.04259 0.06877 -0.01304
v 0.04316 0.06722 -0.00794
v 0.04381 0.06877 -0.00806
v 0.04428 0.06877 -0.00483
v 0.04362 0.06722 -0.00476
v 0.05085 0.07309 -0.00555
v 0.04921 0.07277 -0.00537
v 0.05031 0.07309 -0.00926
v 0.04868 0.07277 -0.00896
v 0.04891 0.07309 -0.01498
v 0.04733 0.07277 -0.01450
v 0.04686 0.07309 -0.02050
v 0.04535 0.07277 -0.01984
v 0.04420 0.07309 -0.02575
v 0.04277 0.07277 -0.02492
v 0.04094 0.07309 -0.03066
v 0.03962 0.07277 -0.02967
v 0.03715 0.07309 -0.03516
v 0.03595 0.07277 -0.03403
v 0.03286 0.07309 -0.03920
v 0.03180 0.07277 -0.03794
v 0.02814 0.07309 -0.04272
v 0.02723 0.07277 -0.04134
v 0.02304 0.07309 -0.04567
v 0.02230 0.07277 -0.04419
v 0.01764 0.07309 -0.04801
v 0.01707 0.07277 -0.04646
v 0.01200 0.07309 -0.04972
v 0.01162 0.07277 -0.04812
v 0.00621 0.07309 -0.05077
v 0.00601 0.07277 -0.04913
v 0.00033 0.07309 -0.05115
v 0.00032 0.07277 -0.04950
v -0.00537 0.07277 -0.04921
v -0.04934 0.07277 -0.00394
v -0.05099 0.07309 -0.00408
v -0.04856 0.07277 -0.00959
v -0.05018 0.07309 -0.00991
v -0.04714 0.07277 -0.01511
v -0.04871 0.07309 -0.01561
v -0.04509 0.07277 -0.02043
v -0.04659 0.07309 -0.02111
v -0.04244 0.07277 -0.02547
v -0.04386 0.07309 -0.02632
v -0.03923 0.07277 -0.03018
v -0.04054 0.07309 -0.03119
v -0.03550 0.07277 -0.03449
v -0.03669 0.07309 -0.03564
v -0.03130 0.07277 -0.03834
v -0.03235 0.07309 -0.03962
v -0.02669 0.07277 -0.04169
v -0.02758 0.07309 -0.04308
v -0.02172 0.07277 -0.04448
v -0.02245 0.07309 -0.04596
v -0.01647 0.07277 -0.04668
v -0.01701 0.07309 -0.04824
v -0.01099 0.07277 -0.04827
v -0.01136 0.07309 -0.04987
v -0.00555 0.07309 -0.05085
v 0.04724 0.07188 -0.00516
v 0.04673 0.07188 -0.00860
v 0.04544 0.07188 -0.01392
v 0.04354 0.07188 -0.01905
v 0.04106 0.07188 -0.02392
v 0.03804 0.07188 -0.02848
v 0.03451 0.07188 -0.03267
v 0.03053 0.07188 -0.03642
v 0.02614 0.07188 -0.03968
v 0.02140 0.07188 -0.04243
v 0.01639 0.07188 -0.04460
v 0.01115 0.07188 -0.04619
v 0.00577 0.07188 -0.04717
v 0.00031 0.07188 -0.04752
v -0.00516 0.07188 -0.04724
v -0.01055 0.07188 -0.04633
v -0.01581 0.07188 -0.04481
v -0.02085 0.07188 -0.04270
v -0.02562 0.07188 -0.04002
v -0.03005 0.07188 -0.03681
v -0.03408 0.07188 -0.03311
v -0.03766 0.07188 -0.02897
v -0.04074 0.07188 -0.02445
v -0.04328 0.07188 -0.01961
v -0.04525 0.07188 -0.01450
v -0.04662 0.07188 -0.00921
v -0.04737 0.07188 -0.00379
v -0.04749 0.07188 0.00168
v -0.04724 0.07188 0.00516
v 0.04556 0.07052 -0.00497
v 0.04507 0.07052 -0.00829
v 0.04382 0.07052 -0.01342
v 0.04199 0.07052 -0.01837
v 0.03960 0.07052 -0.02307
v 0.03668 0.07052 -0.02747
v 0.03328 0.07052 -0.03150
v 0.02944 0.07052 -0.03512
v 0.02521 0.07052 -0.03827
v 0.02064 0.07052 -0.04092
v 0.01580 0.07052 -0.04302
v 0.01075 0.07052 -0.04455
v 0.00556 0.07052 -0.04549
v 0.00030 0.07052 -0.04583
v -0.00497 0.07052 -0.04556
v -0.01018 0.07052 -0.04468
v -0.01524 0.07052 -0.04322
v -0.02011 0.07052 -0.04118
v -0.02471 0.07052 -0.03860
v -0.02898 0.07052 -0.03550
v -0.03287 0.07052 -0.03193
v -0.03632 0.07052 -0.02794
v -0.03929 0.07052 -0.02358
v -0.04175 0.07052 -0.01891
v -0.04364 0.07052 -0.01399
v -0.04496 0.07052 -0.00888
v -0.04568 0.07052 -0.00365
v -0.04580 0.07052 0.00162
v -0.04556 0.07052 0.00497
v -0.00497 0.07058 -0.04550
v -0.00483 0.06880 -0.04424
v -0.00157 0.06880 -0.04447
v -0.00515 0.07195 -0.04719
v -0.00162 0.07058 -0.04574
v -0.00537 0.07282 -0.04919
v -0.00168 0.07195 -0.04744
v -0.00175 0.07282 -0.04945
v 0.00394 0.07282 -0.04932
v 0.00959 0.07282 -0.04854
v 0.01510 0.07282 -0.04712
v 0.02042 0.07282 -0.04507
v 0.02546 0.07282 -0.04242
v 0.03017 0.07282 -0.03922
v 0.03448 0.07282 -0.03549
v 0.03833 0.07282 -0.03129
v 0.04167 0.07282 -0.02668
v 0.04446 0.07282 -0.02171
v 0.04666 0.07282 -0.01646
v 0.04825 0.07282 -0.01099
v 0.04919 0.07282 -0.00537
v 0.04948 0.07282 0.00032
v 0.05112 0.07309 -0.00181
v 0.04911 0.07282 0.00601
v 0.05099 0.07309 0.00408
v 0.04810 0.07282 0.01161
v 0.05018 0.07309 0.00991
v 0.04645 0.07282 0.01706
v 0.04871 0.07309 0.01561
v 0.04418 0.07282 0.02229
v 0.04659 0.07309 0.02111
v 0.04132 0.07282 0.02722
v 0.04386 0.07309 0.02632
v 0.03792 0.07282 0.03179
v 0.04054 0.07309 0.03119
v 0.03401 0.07282 0.03593
v 0.03669 0.07309 0.03564
v 0.02966 0.07282 0.03961
v 0.03235 0.07309 0.03962
v 0.02491 0.07282 0.04275
v 0.02758 0.07309 0.04308
v 0.01983 0.07282 0.04533
v 0.02245 0.07309 0.04596
v 0.01449 0.07282 0.04731
v 0.01701 0.07309 0.04824
v 0.00896 0.07282 0.04866
v 0.01136 0.07309 0.04987
v 0.00537 0.07282 0.04919
v 0.00555 0.07309 0.05085
v 0.00974 0.06722 0.04279
v 0.00476 0.06722 0.04362
v 0.00483 0.06880 0.04424
v 0.00806 0.06880 0.04377
v 0.01303 0.06880 0.04255
v 0.01460 0.06722 0.04139
v 0.01784 0.06880 0.04077
v 0.01926 0.06722 0.03943
v 0.02241 0.06880 0.03845
v 0.02366 0.06722 0.03696
v 0.02668 0.06880 0.03562
v 0.02775 0.06722 0.03399
v 0.03059 0.06880 0.03232
v 0.03148 0.06722 0.03058
v 0.03411 0.06880 0.02859
v 0.03478 0.06722 0.02676
v 0.03716 0.06880 0.02448
v 0.03763 0.06722 0.02258
v 0.03973 0.06880 0.02005
v 0.03997 0.06722 0.01811
v 0.04177 0.06880 0.01535
v 0.04179 0.06722 0.01339
v 0.04326 0.06880 0.01044
v 0.04305 0.06722 0.00850
v 0.04417 0.06880 0.00540
v 0.04374 0.06722 0.00350
v 0.04450 0.06880 0.00029
v 0.04386 0.06722 -0.00155
v 0.04424 0.06880 -0.00483
v 0.04339 0.06880 -0.00988
v 0.04197 0.06880 -0.01480
v 0.03999 0.06880 -0.01953
v 0.03748 0.06880 -0.02399
v 0.03447 0.06880 -0.02814
v 0.03101 0.06880 -0.03192
v 0.02714 0.06880 -0.03527
v 0.02290 0.06880 -0.03816
v 0.01836 0.06880 -0.04054
v 0.01358 0.06880 -0.04238
v 0.00862 0.06880 -0.04366
v 0.00355 0.06880 -0.04436
v 0.00378 0.07195 -0.04732
v 0.00920 0.07195 -0.04657
v 0.01449 0.07195 -0.04520
v 0.01959 0.07195 -0.04324
v 0.02443 0.07195 -0.04070
v 0.02895 0.07195 -0.03762
v 0.03308 0.07195 -0.03405
v 0.03677 0.07195 -0.03002
v 0.03998 0.07195 -0.02559
v 0.04266 0.07195 -0.02083
v 0.04477 0.07195 -0.01579
v 0.04629 0.07195 -0.01054
v 0.04719 0.07195 -0.00515
v 0.04747 0.07195 0.00031
v 0.04712 0.07195 0.00576
v 0.04614 0.07195 0.01114
v 0.04456 0.07195 0.01637
v 0.04238 0.07195 0.02138
v 0.03964 0.07195 0.02611
v 0.03638 0.07195 0.03050
v 0.03263 0.07195 0.03447
v 0.02846 0.07195 0.03800
v 0.02390 0.07195 0.04102
v 0.01903 0.07195 0.04349
v 0.01390 0.07195 0.04539
v 0.00859 0.07195 0.04669
v 0.00515 0.07195 0.04719
v 0.00365 0.07058 -0.04562
v 0.00887 0.07058 -0.04490
v 0.01397 0.07058 -0.04358
v 0.01889 0.07058 -0.04169
v 0.02355 0.07058 -0.03924
v 0.02791 0.07058 -0.03628
v 0.03189 0.07058 -0.03283
v 0.03545 0.07058 -0.02894
v 0.03855 0.07058 -0.02468
v 0.04113 0.07058 -0.02008
v 0.04316 0.07058 -0.01522
v 0.04463 0.07058 -0.01016
v 0.04550 0.07058 -0.00497
v 0.04577 0.07058 0.00030
v 0.04543 0.07058 0.00556
v 0.04449 0.07058 0.01074
v 0.04296 0.07058 0.01578
v 0.04086 0.07058 0.02062
v 0.03822 0.07058 0.02518
v 0.03508 0.07058 0.02940
v 0.03146 0.07058 0.03324
v 0.02743 0.07058 0.03663
v 0.02304 0.07058 0.03954
v 0.01834 0.07058 0.04193
v 0.01340 0.07058 0.04376
v 0.00828 0.07058 0.04501
v 0.00497 0.07058 0.04550
v -0.04381 0.06877 0.00806
v -0.04316 0.06722 0.00794
v -0.04259 0.06877 0.01305
v -0.04196 0.06722 0.01285
v -0.04081 0.06877 0.01785
v -0.04020 0.06722 0.01759
v -0.03849 0.06877 0.02243
v -0.03792 0.06722 0.02209
v -0.03565 0.06877 0.02670
v -0.03513 0.06722 0.02631
v -0.03235 0.06877 0.03062
v -0.03187 0.06722 0.03017
v -0.02862 0.06877 0.03414
v -0.02819 0.06722 0.03363
v -0.02450 0.06877 0.03720
v -0.02414 0.06722 0.03665
v -0.02006 0.06877 0.03977
v -0.01977 0.06722 0.03918
v -0.01536 0.06877 0.04181
v -0.01513 0.06722 0.04119
v -0.01045 0.06877 0.04330
v -0.01030 0.06722 0.04266
v -0.00541 0.06877 0.04422
v -0.00533 0.06722 0.04356
v -0.00029 0.06877 0.04454
v -0.00028 0.06722 0.04388
v 0.00483 0.06877 0.04428
v 0.00989 0.06877 0.04343
v 0.01482 0.06877 0.04201
v 0.01955 0.06877 0.04003
v 0.02402 0.06877 0.03751
v 0.02817 0.06877 0.03451
v 0.03195 0.06877 0.03104
v 0.03531 0.06877 0.02716
v 0.03819 0.06877 0.02292
v 0.04058 0.06877 0.01838
v 0.04242 0.06877 0.01360
v 0.04370 0.06877 0.00863
v 0.04440 0.06877 0.00355
v 0.04452 0.06877 -0.00158
v -0.05030 0.07309 0.00926
v -0.04868 0.07277 0.00896
v -0.04891 0.07309 0.01498
v -0.04733 0.07277 0.01450
v -0.04686 0.07309 0.02050
v -0.04535 0.07277 0.01984
v -0.04419 0.07309 0.02575
v -0.04277 0.07277 0.02492
v -0.04094 0.07309 0.03066
v -0.03962 0.07277 0.02967
v -0.03715 0.07309 0.03516
v -0.03595 0.07277 0.03403
v -0.03286 0.07309 0.03920
v -0.03180 0.07277 0.03794
v -0.02814 0.07309 0.04272
v -0.02723 0.07277 0.04134
v -0.02304 0.07309 0.04567
v -0.02230 0.07277 0.04420
v -0.01764 0.07309 0.04801
v -0.01707 0.07277 0.04647
v -0.01200 0.07309 0.04972
v -0.01162 0.07277 0.04812
v -0.00621 0.07309 0.05077
v -0.00601 0.07277 0.04914
v -0.00033 0.07309 0.05115
v -0.00032 0.07277 0.04950
v 0.00537 0.07277 0.04921
v 0.01099 0.07277 0.04827
v 0.01647 0.07277 0.04668
v 0.02172 0.07277 0.04448
v 0.02669 0.07277 0.04169
v 0.03131 0.07277 0.03834
v 0.03551 0.07277 0.03449
v 0.03923 0.07277 0.03018
v 0.04244 0.07277 0.02547
v 0.04509 0.07277 0.02043
v 0.04714 0.07277 0.01511
v 0.04856 0.07277 0.00959
v 0.04934 0.07277 0.00395
v 0.04947 0.07277 -0.00175
v -0.04673 0.07188 0.00860
v -0.04544 0.07188 0.01392
v -0.04353 0.07188 0.01905
v -0.04106 0.07188 0.02392
v -0.03804 0.07188 0.02848
v -0.03451 0.07188 0.03267
v -0.03053 0.07188 0.03642
v -0.02614 0.07188 0.03968
v -0.02140 0.07188 0.04243
v -0.01639 0.07188 0.04460
v -0.01115 0.07188 0.04619
v -0.00577 0.07188 0.04717
v -0.00031 0.07188 0.04752
v 0.00516 0.07188 0.04724
v 0.01055 0.07188 0.04633
v 0.01581 0.07188 0.04481
v 0.02085 0.07188 0.04270
v 0.02562 0.07188 0.04002
v 0.03005 0.07188 0.03681
v 0.03408 0.07188 0.03311
v 0.03766 0.07188 0.02898
v 0.04074 0.07188 0.02445
v 0.04329 0.07188 0.01961
v 0.04525 0.07188 0.01450
v 0.04662 0.07188 0.00921
v 0.04737 0.07188 0.00379
v 0.04749 0.07188 -0.00168
v -0.04507 0.07052 0.00830
v -0.04382 0.07052 0.01342
v -0.04199 0.07052 0.01837
v -0.03960 0.07052 0.02307
v -0.03668 0.07052 0.02747
v -0.03328 0.07052 0.03151
v -0.02944 0.07052 0.03512
v -0.02521 0.07052 0.03827
v -0.02064 0.07052 0.04092
v -0.01580 0.07052 0.04302
v -0.01075 0.07052 0.04455
v -0.00556 0.07052 0.04549
v -0.00030 0.07052 0.04583
v 0.00497 0.07052 0.04556
v 0.01018 0.07052 0.04469
v 0.01524 0.07052 0.04322
v 0.02011 0.07052 0.04118
v 0.02471 0.07052 0.03860
v 0.02898 0.07052 0.03550
v 0.03287 0.07052 0.03193
v 0.03632 0.07052 0.02795
v 0.03929 0.07052 0.02358
v 0.04175 0.07052 0.01891
v 0.04364 0.07052 0.01399
v 0.04496 0.07052 0.00888
v 0.04568 0.07052 0.00365
v 0.04580 0.07052 -0.00162
v 0.00175 0.07282 0.04945
v -0.00394 0.07282 0.04932
v -0.00959 0.07282 0.04854
v -0.01510 0.07282 0.04712
v -0.02042 0.07282 0.04507
v -0.02546 0.07282 0.04243
v -0.03017 0.07282 0.03922
v -0.03448 0.07282 0.03549
v -0.03833 0.07282 0.03129
v -0.04167 0.07282 0.02668
v -0.04446 0.07282 0.02171
v -0.04666 0.07282 0.01646
v -0.04824 0.07282 0.01099
v -0.04919 0.07282 0.00537
v -0.04948 0.07282 -0.00032
v -0.04911 0.07282 -0.00601
v -0.04810 0.07282 -0.01161
v -0.04644 0.07282 -0.01706
v -0.04418 0.07282 -0.02229
v -0.04132 0.07282 -0.02722
v -0.03792 0.07282 -0.03179
v -0.03401 0.07282 -0.03593
v -0.02966 0.07282 -0.03961
v -0.02491 0.07282 -0.04275
v -0.01983 0.07282 -0.04533
v -0.01449 0.07282 -0.04731
v -0.00896 0.07282 -0.04866
v -0.00805 0.06880 -0.04377
v -0.01303 0.06880 -0.04255
v -0.01784 0.06880 -0.04077
v -0.02240 0.06880 -0.03845
v -0.02667 0.06880 -0.03562
v -0.03059 0.06880 -0.03232
v -0.03411 0.06880 -0.02859
v -0.03716 0.06880 -0.02448
v -0.03973 0.06880 -0.02004
v -0.04177 0.06880 -0.01535
v -0.04326 0.06880 -0.01044
v -0.04417 0.06880 -0.00540
v -0.04450 0.06880 -0.00029
v -0.04424 0.06880 0.00483
v -0.04339 0.06880 0.00988
v -0.04197 0.06880 0.01480
v -0.03999 0.06880 0.01953
v -0.03748 0.06880 0.02400
v -0.03447 0.06880 0.02814
v -0.03101 0.06880 0.03192
v -0.02713 0.06880 0.03527
v -0.02290 0.06880 0.03816
v -0.01836 0.06880 0.04054
v -0.01358 0.06880 0.04238
v -0.00862 0.06880 0.04366
v -0.00355 0.06880 0.04436
v 0.00158 0.06880 0.04447
v 0.00162 0.07058 0.04574
v 0.00168 0.07195 0.04744
v -0.00378 0.07195 0.04732
v -0.00920 0.07195 0.04657
v -0.01449 0.07195 0.04521
v -0.01959 0.07195 0.04324
v -0.02443 0.07195 0.04070
v -0.02894 0.07195 0.03762
v -0.03308 0.07195 0.03405
v -0.03677 0.07195 0.03002
v -0.03998 0.07195 0.02560
v -0.04265 0.07195 0.02083
v -0.04477 0.07195 0.01579
v -0.04628 0.07195 0.01054
v -0.04719 0.07195 0.00515
v -0.04747 0.07195 -0.00031
v -0.04712 0.07195 -0.00576
v -0.04614 0.07195 -0.01114
v -0.04456 0.07195 -0.01637
v -0.04238 0.07195 -0.02138
v -0.03964 0.07195 -0.02611
v -0.03638 0.07195 -0.03049
v -0.03263 0.07195 -0.03447
v -0.02845 0.07195 -0.03800
v -0.02390 0.07195 -0.04101
v -0.01903 0.07195 -0.04349
v -0.01390 0.07195 -0.04539
v -0.00859 0.07195 -0.04669
v -0.00365 0.07058 0.04562
v -0.00887 0.07058 0.04490
v -0.01397 0.07058 0.04358
v -0.01889 0.07058 0.04169
v -0.02355 0.07058 0.03924
v -0.02791 0.07058 0.03628
v -0.03189 0.07058 0.03283
v -0.03545 0.07058 0.02894
v -0.03855 0.07058 0.02468
v -0.04113 0.07058 0.02008
v -0.04316 0.07058 0.01522
v -0.04463 0.07058 0.01016
v -0.04550 0.07058 0.00497
v -0.04577 0.07058 -0.00030
v -0.04543 0.07058 -0.00555
v -0.04449 0.07058 -0.01074
v -0.04296 0.07058 -0.01578
v -0.04086 0.07058 -0.02062
v -0.03822 0.07058 -0.02517
v -0.03507 0.07058 -0.02940
v -0.03146 0.07058 -0.03324
v -0.02743 0.07058 -0.03663
v -0.02304 0.07058 -0.03954
v -0.01834 0.07058 -0.04193
v -0.01340 0.07058 -0.04376
v -0.00828 0.07058 -0.04501
v -0.04921 0.03343 0.00537
v -0.05085 0.03311 0.00555
v -0.04868 0.03343 0.00896
v -0.05030 0.03311 0.00926
v -0.04733 0.03343 0.01450
v -0.04891 0.03311 0.01498
v -0.04535 0.03343 0.01984
v -0.04686 0.03311 0.02050
v -0.04277 0.03343 0.02492
v -0.04419 0.03311 0.02575
v -0.03962 0.03343 0.02967
v -0.04094 0.03311 0.03066
v -0.03595 0.03343 0.03403
v -0.03715 0.03311 0.03516
v -0.03180 0.03343 0.03794
v -0.03286 0.03311 0.03920
v -0.02723 0.03343 0.04134
v -0.02814 0.03311 0.04272
v -0.02230 0.03343 0.04420
v -0.02304 0.03311 0.04567
v -0.01707 0.03343 0.04647
v -0.01764 0.03311 0.04801
v -0.01162 0.03343 0.04812
v -0.01200 0.03311 0.04972
v -0.00601 0.03343 0.04914
v -0.00621 0.03311 0.05077
v -0.00032 0.03343 0.04950
v -0.00033 0.03311 0.05115
v 0.00537 0.03343 0.04921
v 0.00555 0.03311 0.05085
v 0.01099 0.03343 0.04827
v 0.01136 0.03311 0.04987
v 0.01647 0.03343 0.04668
v 0.01701 0.03311 0.04824
v 0.02172 0.03343 0.04448
v 0.02245 0.03311 0.04596
v 0.02669 0.03343 0.04169
v 0.02758 0.03311 0.04308
v 0.03131 0.03343 0.03834
v 0.03235 0.03311 0.03962
v 0.03551 0.03343 0.03449
v 0.03669 0.03311 0.03564
v 0.03923 0.03343 0.03018
v 0.04054 0.03311 0.03119
v 0.04244 0.03343 0.02547
v 0.04386 0.03311 0.02632
v 0.04509 0.03343 0.02043
v 0.04659 0.03311 0.02111
v 0.04714 0.03343 0.01511
v 0.04871 0.03311 0.01561
v 0.04856 0.03343 0.00959
v 0.05018 0.03311 0.00991
v 0.04934 0.03343 0.00395
v 0.05099 0.03311 0.00408
v 0.04947 0.03343 -0.00175
v 0.05112 0.03311 -0.00181
v 0.04921 0.03343 -0.00537
v 0.05085 0.03311 -0.00555
v -0.04362 0.03898 0.00476
v -0.04428 0.03743 0.00483
v -0.04316 0.03898 0.00794
v -0.04381 0.03743 0.00806
v -0.04196 0.03898 0.01285
v -0.04259 0.03743 0.01305
v -0.04020 0.03898 0.01759
v -0.04081 0.03743 0.01785
v -0.03792 0.03898 0.02209
v -0.03849 0.03743 0.02243
v -0.03513 0.03898 0.02631
v -0.03565 0.03743 0.02670
v -0.03187 0.03898 0.03017
v -0.03235 0.03743 0.03062
v -0.02819 0.03898 0.03363
v -0.02862 0.03743 0.03414
v -0.02414 0.03898 0.03665
v -0.02450 0.03743 0.03720
v -0.01977 0.03898 0.03918
v -0.02006 0.03743 0.03977
v -0.01513 0.03898 0.04119
v -0.01536 0.03743 0.04181
v -0.01030 0.03898 0.04266
v -0.01045 0.03743 0.04330
v -0.00533 0.03898 0.04356
v -0.00541 0.03743 0.04422
v -0.00028 0.03898 0.04388
v -0.00029 0.03743 0.04454
v 0.00476 0.03898 0.04362
v 0.00483 0.03743 0.04428
v 0.00974 0.03898 0.04279
v 0.00989 0.03743 0.04343
v 0.01460 0.03898 0.04139
v 0.01482 0.03743 0.04201
v 0.01926 0.03898 0.03943
v 0.01955 0.03743 0.04003
v 0.02366 0.03898 0.03696
v 0.02402 0.03743 0.03751
v 0.02775 0.03898 0.03399
v 0.02817 0.03743 0.03451
v 0.03148 0.03898 0.03058
v 0.03195 0.03743 0.03104
v 0.03478 0.03898 0.02676
v 0.03531 0.03743 0.02716
v 0.03763 0.03898 0.02258
v 0.03819 0.03743 0.02292
v 0.03997 0.03898 0.01811
v 0.04058 0.03743 0.01838
v 0.04179 0.03898 0.01339
v 0.04242 0.03743 0.01360
v 0.04305 0.03898 0.00850
v 0.04370 0.03743 0.00863
v 0.04374 0.03898 0.00350
v 0.04440 0.03743 0.00355
v 0.04386 0.03898 -0.00155
v 0.04452 0.03743 -0.00158
v 0.04362 0.03898 -0.00476
v 0.04428 0.03743 -0.00483
v -0.04556 0.03568 0.00497
v -0.04507 0.03568 0.00830
v -0.04382 0.03568 0.01342
v -0.04199 0.03568 0.01837
v -0.03960 0.03568 0.02307
v -0.03668 0.03568 0.02747
v -0.03328 0.03568 0.03151
v -0.02944 0.03568 0.03512
v -0.02521 0.03568 0.03827
v -0.02064 0.03568 0.04092
v -0.01580 0.03568 0.04302
v -0.01075 0.03568 0.04455
v -0.00556 0.03568 0.04549
v -0.00030 0.03568 0.04583
v 0.00497 0.03568 0.04556
v 0.01018 0.03568 0.04469
v 0.01524 0.03568 0.04322
v 0.02011 0.03568 0.04118
v 0.02471 0.03568 0.03860
v 0.02898 0.03568 0.03550
v 0.03287 0.03568 0.03193
v 0.03632 0.03568 0.02795
v 0.03929 0.03568 0.02358
v 0.04175 0.03568 0.01891
v 0.04364 0.03568 0.01399
v 0.04496 0.03568 0.00888
v 0.04568 0.03568 0.00365
v 0.04580 0.03568 -0.00162
v 0.04556 0.03568 -0.00497
v -0.04724 0.03432 0.00516
v -0.04673 0.03432 0.00860
v -0.04544 0.03432 0.01392
v -0.04353 0.03432 0.01905
v -0.04106 0.03432 0.02392
v -0.03804 0.03432 0.02848
v -0.03451 0.03432 0.03267
v -0.03053 0.03432 0.03642
v -0.02614 0.03432 0.03968
v -0.02140 0.03432 0.04243
v -0.01639 0.03432 0.04460
v -0.01115 0.03432 0.04619
v -0.00577 0.03432 0.04717
v -0.00031 0.03432 0.04752
v 0.00516 0.03432 0.04724
v 0.01055 0.03432 0.04633
v 0.01581 0.03432 0.04481
v 0.02085 0.03432 0.04270
v 0.02562 0.03432 0.04002
v 0.03005 0.03432 0.03681
v 0.03408 0.03432 0.03311
v 0.03766 0.03432 0.02898
v 0.04074 0.03432 0.02445
v 0.04329 0.03432 0.01961
v 0.04525 0.03432 0.01450
v 0.04662 0.03432 0.00921
v 0.04737 0.03432 0.00379
v 0.04749 0.03432 -0.00168
v 0.04724 0.03432 -0.00516
v 0.00497 0.03562 0.04550
v 0.00483 0.03740 0.04424
v 0.00806 0.03740 0.04377
v 0.00515 0.03425 0.04719
v 0.00828 0.03562 0.04501
v 0.00537 0.03339 0.04919
v 0.00859 0.03425 0.04669
v 0.00896 0.03339 0.04866
v 0.01449 0.03339 0.04731
v 0.01983 0.03339 0.04533
v 0.02491 0.03339 0.04275
v 0.02966 0.03339 0.03961
v 0.03401 0.03339 0.03593
v 0.03792 0.03339 0.03179
v 0.04132 0.03339 0.02722
v 0.04418 0.03339 0.02229
v 0.04645 0.03339 0.01706
v 0.04810 0.03339 0.01161
v 0.04911 0.03339 0.00601
v 0.04948 0.03339 0.00032
v 0.04919 0.03339 -0.00537
v 0.04825 0.03339 -0.01099
v 0.05031 0.03311 -0.00926
v 0.04666 0.03339 -0.01646
v 0.04891 0.03311 -0.01498
v 0.04446 0.03339 -0.02171
v 0.04686 0.03311 -0.02050
v 0.04167 0.03339 -0.02668
v 0.04420 0.03311 -0.02575
v 0.03833 0.03339 -0.03129
v 0.04094 0.03311 -0.03066
v 0.03448 0.03339 -0.03549
v 0.03715 0.03311 -0.03516
v 0.03017 0.03339 -0.03922
v 0.03286 0.03311 -0.03920
v 0.02546 0.03339 -0.04242
v 0.02814 0.03311 -0.04272
v 0.02042 0.03339 -0.04507
v 0.02304 0.03311 -0.04567
v 0.01510 0.03339 -0.04712
v 0.01764 0.03311 -0.04801
v 0.00959 0.03339 -0.04854
v 0.01200 0.03311 -0.04972
v 0.00394 0.03339 -0.04932
v 0.00621 0.03311 -0.05077
v -0.00175 0.03339 -0.04945
v 0.00033 0.03311 -0.05115
v -0.00537 0.03339 -0.04919
v -0.00555 0.03311 -0.05085
v 0.00029 0.03898 -0.04388
v -0.00476 0.03898 -0.04362
v -0.00483 0.03740 -0.04424
v -0.00157 0.03740 -0.04447
v 0.00355 0.03740 -0.04436
v 0.00533 0.03898 -0.04356
v 0.00862 0.03740 -0.04366
v 0.01030 0.03898 -0.04266
v 0.01358 0.03740 -0.04238
v 0.01513 0.03898 -0.04119
v 0.01836 0.03740 -0.04054
v 0.01977 0.03898 -0.03918
v 0.02290 0.03740 -0.03816
v 0.02414 0.03898 -0.03665
v 0.02714 0.03740 -0.03527
v 0.02819 0.03898 -0.03363
v 0.03101 0.03740 -0.03192
v 0.03187 0.03898 -0.03017
v 0.03447 0.03740 -0.02814
v 0.03513 0.03898 -0.02630
v 0.03748 0.03740 -0.02399
v 0.03792 0.03898 -0.02209
v 0.03999 0.03740 -0.01953
v 0.04020 0.03898 -0.01759
v 0.04197 0.03740 -0.01480
v 0.04196 0.03898 -0.01285
v 0.04339 0.03740 -0.00988
v 0.04316 0.03898 -0.00794
v 0.04424 0.03740 -0.00483
v 0.04450 0.03740 0.00029
v 0.04417 0.03740 0.00540
v 0.04326 0.03740 0.01044
v 0.04177 0.03740 0.01535
v 0.03973 0.03740 0.02005
v 0.03716 0.03740 0.02448
v 0.03411 0.03740 0.02859
v 0.03059 0.03740 0.03232
v 0.02668 0.03740 0.03562
v 0.02241 0.03740 0.03845
v 0.01784 0.03740 0.04077
v 0.01303 0.03740 0.04255
v 0.01390 0.03425 0.04539
v 0.01903 0.03425 0.04349
v 0.02390 0.03425 0.04102
v 0.02846 0.03425 0.03800
v 0.03263 0.03425 0.03447
v 0.03638 0.03425 0.03050
v 0.03964 0.03425 0.02611
v 0.04238 0.03425 0.02138
v 0.04456 0.03425 0.01637
v 0.04614 0.03425 0.01114
v 0.04712 0.03425 0.00576
v 0.04747 0.03425 0.00031
v 0.04719 0.03425 -0.00515
v 0.04629 0.03425 -0.01054
v 0.04477 0.03425 -0.01579
v 0.04266 0.03425 -0.02083
v 0.03998 0.03425 -0.02559
v 0.03677 0.03425 -0.03002
v 0.03308 0.03425 -0.03405
v 0.02895 0.03425 -0.03762
v 0.02443 0.03425 -0.04070
v 0.01959 0.03425 -0.04324
v 0.01449 0.03425 -0.04520
v 0.00920 0.03425 -0.04657
v 0.00378 0.03425 -0.04732
v -0.00168 0.03425 -0.04744
v -0.00515 0.03425 -0.04719
v 0.01340 0.03562 0.04376
v 0.01834 0.03562 0.04193
v 0.02304 0.03562 0.03954
v 0.02743 0.03562 0.03663
v 0.03146 0.03562 0.03324
v 0.03508 0.03562 0.02940
v 0.03822 0.03562 0.02518
v 0.04086 0.03562 0.02062
v 0.04296 0.03562 0.01578
v 0.04449 0.03562 0.01074
v 0.04543 0.03562 0.00556
v 0.04577 0.03562 0.00030
v 0.04550 0.03562 -0.00497
v 0.04463 0.03562 -0.01016
v 0.04316 0.03562 -0.01522
v 0.04113 0.03562 -0.02008
v 0.03855 0.03562 -0.02468
v 0.03545 0.03562 -0.02894
v 0.03189 0.03562 -0.03283
v 0.02791 0.03562 -0.03628
v 0.02355 0.03562 -0.03924
v 0.01889 0.03562 -0.04169
v 0.01397 0.03562 -0.04358
v 0.00887 0.03562 -0.04490
v 0.00365 0.03562 -0.04562
v -0.00162 0.03562 -0.04574
v -0.00497 0.03562 -0.04550
v -0.00896 0.03339 -0.04866
v -0.01136 0.03311 -0.04987
v -0.01449 0.03339 -0.04731
v -0.01701 0.03311 -0.04824
v -0.01983 0.03339 -0.04533
v -0.02245 0.03311 -0.04596
v -0.02491 0.03339 -0.04275
v -0.02758 0.03311 -0.04308
v -0.02966 0.03339 -0.03961
v -0.03235 0.03311 -0.03962
v -0.03401 0.03339 -0.03593
v -0.03669 0.03311 -0.03564
v -0.03792 0.03339 -0.03179
v -0.04054 0.03311 -0.03119
v -0.04132 0.03339 -0.02722
v -0.04386 0.03311 -0.02632
v -0.04418 0.03339 -0.02229
v -0.04659 0.03311 -0.02111
v -0.04644 0.03339 -0.01706
v -0.04871 0.03311 -0.01561
v -0.04810 0.03339 -0.01161
v -0.05018 0.03311 -0.00991
v -0.04911 0.03339 -0.00601
v -0.05099 0.03311 -0.00408
v -0.04948 0.03339 -0.00032
v -0.05112 0.03311 0.00181
v -0.04919 0.03339 0.00537
v -0.04824 0.03339 0.01099
v -0.04666 0.03339 0.01646
v -0.04446 0.03339 0.02171
v -0.04167 0.03339 0.02668
v -0.03833 0.03339 0.03129
v -0.03448 0.03339 0.03549
v -0.03017 0.03339 0.03922
v -0.02546 0.03339 0.04243
v -0.02042 0.03339 0.04507
v -0.01510 0.03339 0.04712
v -0.00959 0.03339 0.04854
v -0.00394 0.03339 0.04932
v 0.00175 0.03339 0.04945
v 0.00158 0.03740 0.04447
v -0.00355 0.03740 0.04436
v -0.00862 0.03740 0.04366
v -0.01358 0.03740 0.04238
v -0.01836 0.03740 0.04054
v -0.02290 0.03740 0.03816
v -0.02713 0.03740 0.03527
v -0.03101 0.03740 0.03192
v -0.03447 0.03740 0.02814
v -0.03748 0.03740 0.02400
v -0.03999 0.03740 0.01953
v -0.04197 0.03740 0.01480
v -0.04339 0.03740 0.00988
v -0.04424 0.03740 0.00483
v -0.04450 0.03740 -0.00029
v -0.04386 0.03898 0.00155
v -0.04417 0.03740 -0.00540
v -0.04374 0.03898 -0.00350
v -0.04326 0.03740 -0.01044
v -0.04305 0.03898 -0.00850
v -0.04177 0.03740 -0.01535
v -0.04179 0.03898 -0.01339
v -0.03973 0.03740 -0.02004
v -0.03997 0.03898 -0.01811
v -0.03716 0.03740 -0.02448
v -0.03763 0.03898 -0.02258
v -0.03411 0.03740 -0.02859
v -0.03478 0.03898 -0.02676
v -0.03059 0.03740 -0.03232
v -0.03148 0.03898 -0.03058
v -0.02667 0.03740 -0.03562
v -0.02775 0.03898 -0.03399
v -0.02240 0.03740 -0.03845
v -0.02366 0.03898 -0.03696
v -0.01784 0.03740 -0.04077
v -0.01926 0.03898 -0.03943
v -0.01303 0.03740 -0.04255
v -0.01460 0.03898 -0.04138
v -0.00805 0.03740 -0.04377
v -0.00974 0.03898 -0.04279
v -0.00828 0.03562 -0.04501
v -0.00859 0.03425 -0.04669
v -0.01390 0.03425 -0.04539
v -0.01903 0.03425 -0.04349
v -0.02390 0.03425 -0.04101
v -0.02845 0.03425 -0.03800
v -0.03263 0.03425 -0.03447
v -0.03638 0.03425 -0.03049
v -0.03964 0.03425 -0.02611
v -0.04238 0.03425 -0.02138
v -0.04456 0.03425 -0.01637
v -0.04614 0.03425 -0.01114
v -0.04712 0.03425 -0.00576
v -0.04747 0.03425 -0.00031
v -0.04719 0.03425 0.00515
v -0.04628 0.03425 0.01054
v -0.04477 0.03425 0.01579
v -0.04265 0.03425 0.02083
v -0.03998 0.03425 0.02560
v -0.03677 0.03425 0.03002
v -0.03308 0.03425 0.03405
v -0.02894 0.03425 0.03762
v -0.02443 0.03425 0.04070
v -0.01959 0.03425 0.04324
v -0.01449 0.03425 0.04521
v -0.00920 0.03425 0.04657
v -0.00378 0.03425 0.04732
v 0.00168 0.03425 0.04744
v -0.01340 0.03562 -0.04376
v -0.01834 0.03562 -0.04193
v -0.02304 0.03562 -0.03954
v -0.02743 0.03562 -0.03663
v -0.03146 0.03562 -0.03324
v -0.03507 0.03562 -0.02940
v -0.03822 0.03562 -0.02517
v -0.04086 0.03562 -0.02062
v -0.04296 0.03562 -0.01578
v -0.04449 0.03562 -0.01074
v -0.04543 0.03562 -0.00555
v -0.04577 0.03562 -0.00030
v -0.04550 0.03562 0.00497
v -0.04463 0.03562 0.01016
v -0.04316 0.03562 0.01522
v -0.04113 0.03562 0.02008
v -0.03855 0.03562 0.02468
v -0.03545 0.03562 0.02894
v -0.03189 0.03562 0.03283
v -0.02791 0.03562 0.03628
v -0.02355 0.03562 0.03924
v -0.01889 0.03562 0.04169
v -0.01397 0.03562 0.04358
v -0.00887 0.03562 0.04490
v -0.00365 0.03562 0.04562
v 0.00162 0.03562 0.04574
v 0.04868 0.03343 -0.00896
v 0.04733 0.03343 -0.01450
v 0.04535 0.03343 -0.01984
v 0.04277 0.03343 -0.02492
v 0.03962 0.03343 -0.02967
v 0.03595 0.03343 -0.03403
v 0.03180 0.03343 -0.03794
v 0.02723 0.03343 -0.04134
v 0.02230 0.03343 -0.04419
v 0.01707 0.03343 -0.04646
v 0.01162 0.03343 -0.04812
v 0.00601 0.03343 -0.04913
v 0.00032 0.03343 -0.04950
v -0.00537 0.03343 -0.04921
v -0.01099 0.03343 -0.04827
v -0.01647 0.03343 -0.04668
v -0.02172 0.03343 -0.04448
v -0.02669 0.03343 -0.04169
v -0.03130 0.03343 -0.03834
v -0.03550 0.03343 -0.03449
v -0.03923 0.03343 -0.03018
v -0.04244 0.03343 -0.02547
v -0.04509 0.03343 -0.02043
v -0.04714 0.03343 -0.01511
v -0.04856 0.03343 -0.00959
v -0.04934 0.03343 -0.00394
v -0.04947 0.03343 0.00175
v 0.04381 0.03743 -0.00806
v 0.04259 0.03743 -0.01304
v 0.04081 0.03743 -0.01785
v 0.03849 0.03743 -0.02243
v 0.03566 0.03743 -0.02670
v 0.03235 0.03743 -0.03062
v 0.02862 0.03743 -0.03414
v 0.02450 0.03743 -0.03720
v 0.02006 0.03743 -0.03977
v 0.01536 0.03743 -0.04181
v 0.01045 0.03743 -0.04330
v 0.00541 0.03743 -0.04421
v 0.00029 0.03743 -0.04454
v -0.00483 0.03743 -0.04428
v -0.00989 0.03743 -0.04343
v -0.01482 0.03743 -0.04201
v -0.01955 0.03743 -0.04003
v -0.02402 0.03743 -0.03751
v -0.02817 0.03743 -0.03450
v -0.03195 0.03743 -0.03104
v -0.03531 0.03743 -0.02716
v -0.03819 0.03743 -0.02292
v -0.04057 0.03743 -0.01838
v -0.04242 0.03743 -0.01360
v -0.04370 0.03743 -0.00863
v -0.04440 0.03743 -0.00355
v -0.04452 0.03743 0.00158
v 0.04507 0.03568 -0.00829
v 0.04382 0.03568 -0.01342
v 0.04199 0.03568 -0.01837
v 0.03960 0.03568 -0.02307
v 0.03668 0.03568 -0.02747
v 0.03328 0.03568 -0.03150
v 0.02944 0.03568 -0.03512
v 0.02521 0.03568 -0.03827
v 0.02064 0.03568 -0.04092
v 0.01580 0.03568 -0.04302
v 0.01075 0.03568 -0.04455
v 0.00556 0.03568 -0.04549
v 0.00030 0.03568 -0.04583
v -0.00497 0.03568 -0.04556
v -0.01018 0.03568 -0.04468
v -0.01524 0.03568 -0.04322
v -0.02011 0.03568 -0.04118
v -0.02471 0.03568 -0.03860
v -0.02898 0.03568 -0.03550
v -0.03287 0.03568 -0.03193
v -0.03632 0.03568 -0.02794
v -0.03929 0.03568 -0.02358
v -0.04175 0.03568 -0.01891
v -0.04364 0.03568 -0.01399
v -0.04496 0.03568 -0.00888
v -0.04568 0.03568 -0.00365
v -0.04580 0.03568 0.00162
v 0.04673 0.03432 -0.00860
v 0.04544 0.03432 -0.01392
v 0.04354 0.03432 -0.01905
v 0.04106 0.03432 -0.02392
v 0.03804 0.03432 -0.02848
v 0.03451 0.03432 -0.03267
v 0.03053 0.03432 -0.03642
v 0.02614 0.03432 -0.03968
v 0.02140 0.03432 -0.04243
v 0.01639 0.03432 -0.04460
v 0.01115 0.03432 -0.04619
v 0.00577 0.03432 -0.04717
v 0.00031 0.03432 -0.04752
v -0.00516 0.03432 -0.04724
v -0.01055 0.03432 -0.04633
v -0.01581 0.03432 -0.04481
v -0.02085 0.03432 -0.04270
v -0.02562 0.03432 -0.04002
v -0.03005 0.03432 -0.03681
v -0.03408 0.03432 -0.03311
v -0.03766 0.03432 -0.02897
v -0.04074 0.03432 -0.02445
v -0.04328 0.03432 -0.01961
v -0.04525 0.03432 -0.01450
v -0.04662 0.03432 -0.00921
v -0.04737 0.03432 -0.00379
v -0.04749 0.03432 0.00168
v 0.04362 0.04048 -0.00476
v 0.04302 0.03898 -0.00865
v 0.04302 0.04048 -0.00865
v 0.03960 0.03898 -0.01890
v 0.03960 0.04048 -0.01890
v 0.03379 0.03898 -0.02801
v 0.03379 0.04048 -0.02801
v 0.02592 0.03898 -0.03541
v 0.02592 0.04048 -0.03541
v 0.01648 0.03898 -0.04067
v 0.01648 0.04048 -0.04067
v 0.00604 0.03898 -0.04346
v 0.00604 0.04048 -0.04346
v -0.00476 0.04048 -0.04362
v -0.01528 0.03898 -0.04114
v -0.01528 0.04048 -0.04114
v -0.02486 0.03898 -0.03616
v -0.02486 0.04048 -0.03616
v -0.03295 0.03898 -0.02899
v -0.03295 0.04048 -0.02899
v -0.03903 0.03898 -0.02006
v -0.03903 0.04048 -0.02006
v -0.04275 0.03898 -0.00991
v -0.04275 0.04048 -0.00991
v -0.04387 0.03898 0.00083
v -0.04387 0.04048 0.00083
v -0.04362 0.04048 0.00476
v -0.04302 0.03898 0.00865
v -0.04302 0.04048 0.00865
v -0.03960 0.03898 0.01890
v -0.03960 0.04048 0.01890
v -0.03379 0.03898 0.02801
v -0.03379 0.04048 0.02801
v -0.02592 0.03898 0.03541
v -0.02592 0.04048 0.03541
v -0.01648 0.03898 0.04067
v -0.01648 0.04048 0.04067
v -0.00604 0.03898 0.04347
v -0.00604 0.04048 0.04347
v 0.00476 0.04048 0.04362
v 0.01528 0.03898 0.04114
v 0.01528 0.04048 0.04114
v 0.02487 0.03898 0.03616
v 0.02487 0.04048 0.03616
v 0.03295 0.03898 0.02899
v 0.03295 0.04048 0.02899
v 0.03903 0.03898 0.02006
v 0.03903 0.04048 0.02006
v 0.04275 0.03898 0.00991
v 0.04275 0.04048 0.00991
v 0.04388 0.03898 -0.00083
v 0.04388 0.04048 -0.00083
v -0.02504 0.04048 -0.04171
v -0.02939 0.04048 -0.03877
v 0.01552 0.04048 0.04611
v 0.02040 0.04048 0.04417
v 0.04859 0.04048 -0.00242
v 0.04837 0.04048 -0.00528
v 0.04293 0.04048 0.02290
v 0.04514 0.04048 0.01814
v -0.02040 0.04048 -0.04417
v -0.01552 0.04048 -0.04611
v -0.01046 0.04048 -0.04751
v -0.00528 0.04048 -0.04837
v 0.02934 0.04048 -0.03881
v 0.02498 0.04048 -0.04175
v 0.04684 0.04048 0.01317
v 0.04798 0.04048 0.00805
v 0.04857 0.04048 0.00283
v 0.04021 0.04048 0.02740
v 0.03702 0.04048 0.03157
v 0.02504 0.04048 0.04171
v 0.02939 0.04048 0.03877
v 0.03340 0.04048 0.03538
v 0.01046 0.04048 0.04752
v 0.00528 0.04048 0.04837
v -0.04289 0.04048 0.02297
v 0.00521 0.04048 -0.04837
v -0.00003 0.04048 -0.04865
v 0.03335 0.04048 -0.03542
v 0.03697 0.04048 -0.03162
v 0.04289 0.04048 -0.02297
v 0.04017 0.04048 -0.02745
v -0.00521 0.04048 0.04837
v 0.00003 0.04048 0.04865
v -0.03335 0.04048 0.03543
v -0.03697 0.04048 0.03162
v -0.04017 0.04048 0.02746
v -0.04292 0.04048 -0.02290
v -0.04514 0.04048 -0.01814
v 0.02034 0.04048 -0.04420
v 0.01546 0.04048 -0.04613
v 0.01039 0.04048 -0.04753
v -0.02934 0.04048 0.03881
v -0.02498 0.04048 0.04175
v -0.03340 0.04048 -0.03538
v -0.03702 0.04048 -0.03157
v -0.04021 0.04048 -0.02740
v 0.04797 0.04048 -0.00812
v 0.04682 0.04048 -0.01324
v 0.04512 0.04048 -0.01821
v -0.02034 0.04048 0.04420
v -0.01545 0.04048 0.04613
v -0.01039 0.04048 0.04753
v -0.04682 0.04048 0.01324
v -0.04512 0.04048 0.01821
v -0.04859 0.04048 0.00242
v -0.04837 0.04048 0.00528
v -0.04797 0.04048 0.00812
v -0.04684 0.04048 -0.01317
v -0.04798 0.04048 -0.00805
v -0.04857 0.04048 -0.00283
v 0.05137 0.03809 -0.00561
v 0.05013 0.03842 -0.00547
v 0.05161 0.03809 -0.00257
v 0.05037 0.03842 -0.00251
v 0.05158 0.03809 0.00301
v 0.05034 0.03842 0.00293
v 0.05096 0.03809 0.00855
v 0.04973 0.03842 0.00834
v 0.04974 0.03809 0.01399
v 0.04855 0.03842 0.01365
v 0.04794 0.03809 0.01927
v 0.04679 0.03842 0.01881
v 0.04559 0.03809 0.02433
v 0.04449 0.03842 0.02374
v 0.04270 0.03809 0.02910
v 0.04167 0.03842 0.02840
v 0.03932 0.03809 0.03353
v 0.03837 0.03842 0.03272
v 0.03547 0.03809 0.03757
v 0.03462 0.03842 0.03667
v 0.03122 0.03809 0.04118
v 0.03047 0.03842 0.04019
v 0.02660 0.03809 0.04430
v 0.02596 0.03842 0.04324
v 0.02167 0.03809 0.04691
v 0.02115 0.03842 0.04578
v 0.01648 0.03809 0.04897
v 0.01609 0.03842 0.04779
v 0.01111 0.03809 0.05046
v 0.01084 0.03842 0.04925
v 0.00561 0.03809 0.05137
v 0.00547 0.03842 0.05013
v 0.00004 0.03809 0.05167
v 0.00004 0.03842 0.05043
v -0.00553 0.03809 0.05137
v -0.00540 0.03842 0.05014
v -0.01104 0.03809 0.05048
v -0.01077 0.03842 0.04926
v -0.01641 0.03809 0.04900
v -0.01602 0.03842 0.04782
v -0.02160 0.03809 0.04694
v -0.02108 0.03842 0.04581
v -0.02653 0.03809 0.04434
v -0.02589 0.03842 0.04327
v -0.03116 0.03809 0.04122
v -0.03041 0.03842 0.04023
v -0.03542 0.03809 0.03762
v -0.03457 0.03842 0.03672
v -0.03927 0.03809 0.03359
v -0.03832 0.03842 0.03278
v -0.04266 0.03809 0.02916
v -0.04163 0.03842 0.02846
v -0.04555 0.03809 0.02439
v -0.04446 0.03842 0.02380
v -0.04792 0.03809 0.01934
v -0.04676 0.03842 0.01887
v -0.04972 0.03809 0.01406
v -0.04852 0.03842 0.01372
v -0.05095 0.03809 0.00862
v -0.04972 0.03842 0.00841
v -0.05013 0.03842 0.00547
v -0.05137 0.03809 0.00561
v 0.04897 0.03935 -0.00534
v 0.04920 0.03935 -0.00245
v 0.04918 0.03935 0.00287
v 0.04858 0.03935 0.00815
v 0.04742 0.03935 0.01334
v 0.04571 0.03935 0.01837
v 0.04346 0.03935 0.02319
v 0.04071 0.03935 0.02774
v 0.03748 0.03935 0.03197
v 0.03382 0.03935 0.03582
v 0.02976 0.03935 0.03926
v 0.02536 0.03935 0.04224
v 0.02066 0.03935 0.04472
v 0.01572 0.03935 0.04669
v 0.01059 0.03935 0.04811
v 0.00535 0.03935 0.04897
v 0.00003 0.03935 0.04926
v -0.00527 0.03935 0.04898
v -0.01052 0.03935 0.04813
v -0.01565 0.03935 0.04671
v -0.02059 0.03935 0.04475
v -0.02530 0.03935 0.04227
v -0.02970 0.03935 0.03930
v -0.03377 0.03935 0.03587
v -0.03744 0.03935 0.03202
v -0.04067 0.03935 0.02780
v -0.04343 0.03935 0.02325
v -0.04568 0.03935 0.01844
v -0.04740 0.03935 0.01341
v -0.04857 0.03935 0.00822
v -0.04897 0.03935 0.00535
v -0.05161 0.03809 0.00257
v -0.05037 0.03842 0.00251
v -0.05158 0.03809 -0.00300
v -0.05034 0.03842 -0.00293
v -0.05096 0.03809 -0.00855
v -0.04973 0.03842 -0.00834
v -0.04974 0.03809 -0.01399
v -0.04854 0.03842 -0.01365
v -0.04794 0.03809 -0.01927
v -0.04679 0.03842 -0.01881
v -0.04559 0.03809 -0.02432
v -0.04449 0.03842 -0.02374
v -0.04270 0.03809 -0.02910
v -0.04167 0.03842 -0.02840
v -0.03932 0.03809 -0.03353
v -0.03837 0.03842 -0.03272
v -0.03547 0.03809 -0.03757
v -0.03462 0.03842 -0.03667
v -0.03122 0.03809 -0.04118
v -0.03046 0.03842 -0.04019
v -0.02660 0.03809 -0.04430
v -0.02596 0.03842 -0.04323
v -0.02167 0.03809 -0.04691
v -0.02114 0.03842 -0.04578
v -0.01648 0.03809 -0.04897
v -0.01609 0.03842 -0.04779
v -0.01111 0.03809 -0.05046
v -0.01084 0.03842 -0.04925
v -0.00561 0.03809 -0.05137
v -0.00547 0.03842 -0.05013
v -0.00004 0.03809 -0.05167
v -0.00004 0.03842 -0.05043
v 0.00553 0.03809 -0.05137
v 0.00540 0.03842 -0.05014
v 0.01104 0.03809 -0.05048
v 0.01077 0.03842 -0.04926
v 0.01641 0.03809 -0.04899
v 0.01602 0.03842 -0.04782
v 0.02160 0.03809 -0.04694
v 0.02108 0.03842 -0.04581
v 0.02653 0.03809 -0.04434
v 0.02589 0.03842 -0.04327
v 0.03116 0.03809 -0.04122
v 0.03041 0.03842 -0.04023
v 0.03542 0.03809 -0.03762
v 0.03457 0.03842 -0.03672
v 0.03927 0.03809 -0.03359
v 0.03832 0.03842 -0.03278
v 0.04266 0.03809 -0.02916
v 0.04163 0.03842 -0.02846
v 0.04555 0.03809 -0.02439
v 0.04446 0.03842 -0.02380
v 0.04792 0.03809 -0.01934
v 0.04676 0.03842 -0.01887
v 0.04972 0.03809 -0.01406
v 0.04853 0.03842 -0.01372
v 0.05095 0.03809 -0.00862
v 0.04972 0.03842 -0.00841
v -0.04920 0.03935 0.00245
v -0.04918 0.03935 -0.00286
v -0.04858 0.03935 -0.00815
v -0.04742 0.03935 -0.01334
v -0.04571 0.03935 -0.01837
v -0.04346 0.03935 -0.02319
v -0.04071 0.03935 -0.02774
v -0.03748 0.03935 -0.03197
v -0.03382 0.03935 -0.03582
v -0.02976 0.03935 -0.03926
v -0.02536 0.03935 -0.04224
v -0.02066 0.03935 -0.04472
v -0.01572 0.03935 -0.04669
v -0.01059 0.03935 -0.04811
v -0.00534 0.03935 -0.04897
v -0.00003 0.03935 -0.04926
v 0.00528 0.03935 -0.04898
v 0.01052 0.03935 -0.04813
v 0.01565 0.03935 -0.04671
v 0.02059 0.03935 -0.04475
v 0.02530 0.03935 -0.04227
v 0.02971 0.03935 -0.03930
v 0.03377 0.03935 -0.03587
v 0.03744 0.03935 -0.03202
v 0.04067 0.03935 -0.02780
v 0.04343 0.03935 -0.02325
v 0.04568 0.03935 -0.01844
v 0.04740 0.03935 -0.01341
v 0.04857 0.03935 -0.00822
v 0.05697 0.03810 0.00198
v 0.05666 0.03810 -0.00618
v -0.05520 0.03810 0.01422
v -0.05666 0.03810 0.00618
v 0.05622 0.03810 0.00943
v 0.05603 0.03810 0.01048
v 0.05383 0.03810 0.01875
v 0.05289 0.03810 0.02126
v 0.05041 0.03810 0.02660
v 0.04710 0.03810 0.03210
v 0.04587 0.03810 0.03384
v 0.04028 0.03810 0.04033
v 0.03913 0.03810 0.04145
v 0.03379 0.03810 0.04590
v 0.02934 0.03810 0.04887
v 0.02654 0.03810 0.05044
v 0.01869 0.03810 0.05385
v 0.01042 0.03810 0.05604
v 0.00618 0.03810 0.05666
v 0.00191 0.03810 0.05697
v -0.00663 0.03810 0.05661
v -0.01503 0.03810 0.05498
v -0.01811 0.03810 0.05405
v -0.02309 0.03810 0.05211
v -0.02927 0.03810 0.04891
v -0.03063 0.03810 0.04807
v -0.03748 0.03810 0.04294
v -0.03907 0.03810 0.04150
v -0.04349 0.03810 0.03685
v -0.04706 0.03810 0.03217
v -0.04851 0.03810 0.02992
v -0.05245 0.03810 0.02232
v -0.05286 0.03810 0.02133
v 0.05520 0.03810 -0.01422
v -0.05697 0.03810 -0.00198
v -0.05621 0.03810 -0.00943
v -0.05603 0.03810 -0.01048
v -0.05383 0.03810 -0.01875
v -0.05289 0.03810 -0.02126
v -0.05041 0.03810 -0.02660
v -0.04710 0.03810 -0.03210
v -0.04586 0.03810 -0.03384
v -0.04028 0.03810 -0.04033
v -0.03913 0.03810 -0.04145
v -0.03379 0.03810 -0.04590
v -0.02934 0.03810 -0.04887
v -0.02654 0.03810 -0.05044
v -0.01869 0.03810 -0.05385
v -0.01042 0.03810 -0.05604
v -0.00618 0.03810 -0.05666
v -0.00191 0.03810 -0.05697
v 0.00664 0.03810 -0.05661
v 0.01503 0.03810 -0.05498
v 0.01811 0.03810 -0.05405
v 0.02310 0.03810 -0.05211
v 0.02927 0.03810 -0.04891
v 0.03064 0.03810 -0.04807
v 0.03748 0.03810 -0.04294
v 0.03907 0.03810 -0.04150
v 0.04349 0.03810 -0.03685
v 0.04706 0.03810 -0.03216
v 0.04852 0.03810 -0.02992
v 0.05245 0.03810 -0.02232
v 0.05286 0.03810 -0.02133
v -0.05926 0.03766 0.00647
v -0.05773 0.03766 0.01487
v -0.06030 0.03612 0.01553
v -0.06190 0.03612 0.00676
v -0.06357 0.03407 0.00694
v -0.05074 0.03766 0.03129
v -0.05485 0.03766 0.02335
v -0.04549 0.03766 0.03854
v -0.03920 0.03766 0.04491
v -0.03204 0.03766 0.05027
v 0.00200 0.03766 0.05958
v -0.00694 0.03766 0.05921
v -0.01572 0.03766 0.05750
v -0.02415 0.03766 0.05450
v 0.01090 0.03766 0.05861
v 0.01955 0.03766 0.05632
v 0.02776 0.03766 0.05276
v 0.04797 0.03766 0.03540
v 0.04213 0.03766 0.04218
v 0.03534 0.03766 0.04801
v 0.05273 0.03766 0.02782
v 0.05630 0.03766 0.01961
v 0.05860 0.03766 0.01096
v 0.05926 0.03766 -0.00647
v 0.06190 0.03612 -0.00676
v 0.05958 0.03766 0.00207
v 0.06394 0.03407 0.00068
v 0.06357 0.03407 -0.00694
v 0.05880 0.03612 0.02048
v 0.06324 0.03407 0.00949
v 0.06121 0.03612 0.01145
v 0.06223 0.03612 0.00216
v 0.05507 0.03612 0.02906
v 0.05825 0.03407 0.02639
v 0.06133 0.03407 0.01811
v 0.05010 0.03612 0.03697
v 0.05406 0.03407 0.03416
v 0.05656 0.03407 0.02984
v 0.04268 0.03407 0.04762
v 0.04883 0.03407 0.04129
v 0.05145 0.03407 0.03797
v 0.04401 0.03612 0.04406
v 0.03692 0.03612 0.05015
v 0.03571 0.03407 0.05305
v 0.02899 0.03612 0.05511
v 0.02806 0.03407 0.05746
v 0.02042 0.03612 0.05883
v 0.01988 0.03407 0.06078
v 0.01138 0.03612 0.06122
v 0.01131 0.03407 0.06294
v 0.00209 0.03612 0.06223
v 0.00253 0.03407 0.06390
v -0.00725 0.03612 0.06184
v -0.00630 0.03407 0.06364
v -0.01642 0.03612 0.06006
v -0.01501 0.03407 0.06216
v -0.02523 0.03612 0.05693
v -0.02343 0.03407 0.05950
v -0.03347 0.03612 0.05251
v -0.03140 0.03407 0.05571
v -0.03878 0.03407 0.05085
v -0.04095 0.03612 0.04691
v -0.04205 0.03407 0.04817
v -0.05598 0.03407 0.03091
v -0.05118 0.03407 0.03833
v -0.04751 0.03612 0.04025
v -0.04879 0.03407 0.04134
v -0.04541 0.03407 0.04502
v -0.06229 0.03407 0.01446
v -0.05970 0.03407 0.02290
v -0.05729 0.03612 0.02438
v -0.05300 0.03612 0.03269
v 0.05773 0.03766 -0.01487
v 0.05485 0.03766 -0.02335
v 0.05074 0.03766 -0.03129
v 0.03204 0.03766 -0.05027
v 0.03920 0.03766 -0.04491
v 0.04549 0.03766 -0.03854
v 0.02416 0.03766 -0.05450
v 0.01572 0.03766 -0.05750
v 0.00694 0.03766 -0.05921
v -0.00200 0.03766 -0.05958
v -0.01090 0.03766 -0.05861
v -0.01955 0.03766 -0.05632
v -0.02776 0.03766 -0.05276
v -0.04797 0.03766 -0.03540
v -0.04213 0.03766 -0.04218
v -0.03534 0.03766 -0.04801
v -0.05273 0.03766 -0.02782
v -0.05630 0.03766 -0.01961
v -0.05860 0.03766 -0.01096
v -0.05958 0.03766 -0.00207
v -0.06394 0.03407 -0.00068
v -0.05880 0.03612 -0.02048
v -0.06324 0.03407 -0.00949
v -0.06120 0.03612 -0.01145
v -0.06223 0.03612 -0.00216
v -0.05507 0.03612 -0.02905
v -0.05825 0.03407 -0.02639
v -0.06133 0.03407 -0.01811
v -0.05010 0.03612 -0.03697
v -0.05406 0.03407 -0.03416
v -0.05656 0.03407 -0.02984
v -0.04268 0.03407 -0.04762
v -0.04883 0.03407 -0.04128
v -0.05145 0.03407 -0.03797
v -0.04400 0.03612 -0.04405
v -0.03692 0.03612 -0.05014
v -0.03571 0.03407 -0.05305
v -0.02899 0.03612 -0.05511
v -0.02806 0.03407 -0.05746
v -0.02042 0.03612 -0.05882
v -0.01988 0.03407 -0.06078
v -0.01138 0.03612 -0.06122
v -0.01131 0.03407 -0.06294
v -0.00209 0.03612 -0.06223
v -0.00253 0.03407 -0.06390
v 0.00725 0.03612 -0.06184
v 0.00630 0.03407 -0.06364
v 0.01642 0.03612 -0.06006
v 0.01501 0.03407 -0.06216
v 0.02523 0.03612 -0.05693
v 0.02343 0.03407 -0.05950
v 0.03347 0.03612 -0.05251
v 0.03140 0.03407 -0.05570
v 0.03878 0.03407 -0.05085
v 0.04095 0.03612 -0.04691
v 0.04205 0.03407 -0.04817
v 0.05598 0.03407 -0.03091
v 0.05119 0.03407 -0.03833
v 0.04751 0.03612 -0.04025
v 0.04879 0.03407 -0.04134
v 0.04542 0.03407 -0.04502
v 0.05300 0.03612 -0.03269
v 0.05729 0.03612 -0.02438
v 0.05970 0.03407 -0.02290
v 0.06030 0.03612 -0.01553
v 0.06229 0.03407 -0.01446
v 0.07618 0.03132 0.00000
v 0.07573 0.03132 -0.00826
v 0.06960 0.03245 -0.00759
v 0.07000 0.03245 0.00075
v 0.06923 0.03245 0.01039
v 0.07551 0.03132 0.01010
v 0.06714 0.03245 0.01983
v 0.07350 0.03132 0.02002
v 0.06377 0.03245 0.02889
v 0.07020 0.03132 0.02958
v 0.05918 0.03245 0.03740
v 0.06566 0.03132 0.03862
v 0.05346 0.03245 0.04520
v 0.05997 0.03132 0.04698
v 0.04673 0.03245 0.05213
v 0.05321 0.03132 0.05452
v 0.03910 0.03245 0.05808
v 0.04552 0.03132 0.06109
v 0.03072 0.03245 0.06291
v 0.03702 0.03132 0.06658
v 0.02787 0.03132 0.07090
v 0.02176 0.03245 0.06654
v 0.02368 0.03132 0.07241
v 0.01823 0.03132 0.07397
v 0.01238 0.03245 0.06890
v 0.01348 0.03132 0.07498
v 0.00277 0.03245 0.06995
v 0.00302 0.03132 0.07612
v 0.00827 0.03132 0.07573
v -0.02179 0.03132 0.07300
v -0.01192 0.03132 0.07524
v -0.00689 0.03245 0.06967
v -0.00750 0.03132 0.07581
v -0.00184 0.03132 0.07616
v -0.01643 0.03245 0.06805
v -0.02565 0.03245 0.06514
v -0.03127 0.03132 0.06947
v -0.03438 0.03245 0.06099
v -0.04020 0.03132 0.06471
v -0.04245 0.03245 0.05567
v -0.04842 0.03132 0.05881
v -0.04972 0.03245 0.04929
v -0.05579 0.03132 0.05188
v -0.05604 0.03245 0.04197
v -0.06217 0.03132 0.04403
v -0.06128 0.03245 0.03384
v -0.06746 0.03132 0.03540
v -0.06536 0.03245 0.02508
v -0.07155 0.03132 0.02615
v -0.06820 0.03245 0.01583
v -0.07439 0.03132 0.01644
v -0.06959 0.03245 0.00760
v -0.07573 0.03132 0.00827
v -0.07000 0.03245 -0.00075
v -0.07618 0.03132 0.00000
v -0.06923 0.03245 -0.01039
v -0.07551 0.03132 -0.01010
v -0.06714 0.03245 -0.01983
v -0.07350 0.03132 -0.02002
v -0.06377 0.03245 -0.02889
v -0.07020 0.03132 -0.02958
v -0.05918 0.03245 -0.03740
v -0.06566 0.03132 -0.03862
v -0.05346 0.03245 -0.04520
v -0.05997 0.03132 -0.04698
v -0.04672 0.03245 -0.05213
v -0.05321 0.03132 -0.05452
v -0.03910 0.03245 -0.05807
v -0.04552 0.03132 -0.06109
v -0.03072 0.03245 -0.06291
v -0.03702 0.03132 -0.06658
v -0.02787 0.03132 -0.07090
v -0.02176 0.03245 -0.06654
v -0.02368 0.03132 -0.07241
v -0.01823 0.03132 -0.07397
v -0.01238 0.03245 -0.06890
v -0.01347 0.03132 -0.07498
v -0.00277 0.03245 -0.06995
v -0.00301 0.03132 -0.07612
v -0.00826 0.03132 -0.07573
v 0.02179 0.03132 -0.07300
v 0.01192 0.03132 -0.07524
v 0.00689 0.03245 -0.06967
v 0.00750 0.03132 -0.07581
v 0.00184 0.03132 -0.07616
v 0.01643 0.03245 -0.06805
v 0.02565 0.03245 -0.06514
v 0.03127 0.03132 -0.06947
v 0.03438 0.03245 -0.06098
v 0.04020 0.03132 -0.06471
v 0.04246 0.03245 -0.05567
v 0.04842 0.03132 -0.05881
v 0.04972 0.03245 -0.04929
v 0.05579 0.03132 -0.05188
v 0.05604 0.03245 -0.04196
v 0.06217 0.03132 -0.04403
v 0.06129 0.03245 -0.03384
v 0.06746 0.03132 -0.03540
v 0.06536 0.03245 -0.02508
v 0.07155 0.03132 -0.02615
v 0.06820 0.03245 -0.01583
v 0.07439 0.03132 -0.01644
v 0.07881 0.03110 -0.00860
v 0.07928 0.03110 0.00000
v 0.07858 0.03110 0.01051
v 0.07649 0.03110 0.02083
v 0.07305 0.03110 0.03078
v 0.06833 0.03110 0.04019
v 0.06240 0.03110 0.04889
v 0.05537 0.03110 0.05673
v 0.04737 0.03110 0.06357
v 0.03852 0.03110 0.06929
v 0.02900 0.03110 0.07378
v 0.01897 0.03110 0.07697
v 0.00860 0.03110 0.07881
v -0.00192 0.03110 0.07925
v -0.01240 0.03110 0.07830
v -0.02267 0.03110 0.07596
v -0.03254 0.03110 0.07229
v -0.04183 0.03110 0.06734
v -0.05039 0.03110 0.06120
v -0.05805 0.03110 0.05399
v -0.06469 0.03110 0.04582
v -0.07020 0.03110 0.03684
v -0.07446 0.03110 0.02721
v -0.07741 0.03110 0.01710
v -0.07881 0.03110 0.00860
v -0.07927 0.03110 0.00000
v -0.07858 0.03110 -0.01051
v -0.07649 0.03110 -0.02083
v -0.07305 0.03110 -0.03078
v -0.06833 0.03110 -0.04019
v -0.06240 0.03110 -0.04889
v -0.05537 0.03110 -0.05673
v -0.04736 0.03110 -0.06357
v -0.03852 0.03110 -0.06928
v -0.02900 0.03110 -0.07378
v -0.01897 0.03110 -0.07697
v -0.00860 0.03110 -0.07881
v 0.00192 0.03110 -0.07925
v 0.01240 0.03110 -0.07830
v 0.02267 0.03110 -0.07596
v 0.03254 0.03110 -0.07229
v 0.04183 0.03110 -0.06734
v 0.05039 0.03110 -0.06120
v 0.05805 0.03110 -0.05398
v 0.06470 0.03110 -0.04581
v 0.07020 0.03110 -0.03684
v 0.07446 0.03110 -0.02721
v 0.07741 0.03110 -0.01710
v -0.07903 0.03110 0.00863
v -0.07779 0.03110 0.01639
v -0.07507 0.03110 0.02618
v -0.07111 0.03110 0.03555
v -0.06599 0.03110 0.04434
v -0.05979 0.03110 0.05240
v -0.05262 0.03110 0.05960
v -0.04458 0.03110 0.06583
v -0.03581 0.03110 0.07098
v -0.02646 0.03110 0.07497
v -0.01667 0.03110 0.07774
v -0.00661 0.03110 0.07923
v 0.00355 0.03110 0.07942
v 0.00863 0.03110 0.07903
v 0.01366 0.03110 0.07832
v 0.02355 0.03110 0.07594
v 0.03305 0.03110 0.07231
v 0.04201 0.03110 0.06750
v 0.05028 0.03110 0.06159
v 0.05773 0.03110 0.05466
v 0.06423 0.03110 0.04685
v 0.06969 0.03110 0.03827
v 0.07400 0.03110 0.02906
v 0.07711 0.03110 0.01937
v 0.07895 0.03110 0.00937
v 0.07950 0.03110 -0.00078
v 0.07903 0.03110 -0.00863
v 0.07780 0.03110 -0.01639
v 0.07507 0.03110 -0.02618
v 0.07111 0.03110 -0.03555
v 0.06599 0.03110 -0.04434
v 0.05979 0.03110 -0.05240
v 0.05262 0.03110 -0.05960
v 0.04458 0.03110 -0.06583
v 0.03581 0.03110 -0.07098
v 0.02646 0.03110 -0.07497
v 0.01667 0.03110 -0.07773
v 0.00661 0.03110 -0.07923
v -0.00355 0.03110 -0.07942
v -0.00863 0.03110 -0.07903
v -0.01366 0.03110 -0.07832
v -0.02355 0.03110 -0.07593
v -0.03305 0.03110 -0.07231
v -0.04201 0.03110 -0.06750
v -0.05028 0.03110 -0.06158
v -0.05773 0.03110 -0.05466
v -0.06423 0.03110 -0.04685
v -0.06969 0.03110 -0.03827
v -0.07400 0.03110 -0.02906
v -0.07711 0.03110 -0.01937
v -0.07895 0.03110 -0.00937
v -0.07950 0.03110 0.00078
v 0.08293 0.03116 -0.00228
v 0.08247 0.03116 -0.00900
v 0.08112 0.03116 0.01736
v 0.08261 0.03116 0.00760
v 0.07473 0.03116 0.03602
v 0.07848 0.03116 0.02688
v 0.02352 0.03116 0.07955
v 0.03281 0.03116 0.07619
v 0.04164 0.03116 0.07175
v 0.04987 0.03116 0.06629
v 0.05740 0.03116 0.05990
v 0.06411 0.03116 0.05265
v 0.06992 0.03116 0.04465
v 0.07272 0.03116 0.03993
v 0.00407 0.03116 0.08286
v 0.01390 0.03116 0.08179
v -0.03440 0.03116 0.07549
v -0.02518 0.03116 0.07905
v -0.01560 0.03116 0.08148
v -0.00580 0.03116 0.08276
v -0.05125 0.03116 0.06524
v -0.04313 0.03116 0.07087
v -0.06520 0.03116 0.05130
v -0.05864 0.03116 0.05868
v -0.05490 0.03116 0.06219
v -0.07083 0.03116 0.04318
v -0.07546 0.03116 0.03445
v -0.07903 0.03116 0.02524
v -0.08147 0.03116 0.01566
v -0.08247 0.03116 0.00900
v -0.08293 0.03116 0.00228
v -0.08261 0.03116 -0.00760
v -0.08112 0.03116 -0.01736
v -0.07848 0.03116 -0.02688
v -0.07473 0.03116 -0.03602
v -0.07272 0.03116 -0.03993
v -0.06992 0.03116 -0.04465
v -0.06411 0.03116 -0.05265
v -0.05740 0.03116 -0.05990
v -0.04987 0.03116 -0.06629
v -0.04164 0.03116 -0.07175
v -0.03281 0.03116 -0.07619
v -0.02352 0.03116 -0.07955
v -0.01389 0.03116 -0.08179
v -0.00407 0.03116 -0.08286
v 0.03440 0.03116 -0.07549
v 0.02518 0.03116 -0.07904
v 0.01560 0.03116 -0.08148
v 0.00581 0.03116 -0.08275
v 0.05125 0.03116 -0.06524
v 0.04313 0.03116 -0.07087
v 0.06520 0.03116 -0.05129
v 0.05864 0.03116 -0.05868
v 0.05490 0.03116 -0.06219
v 0.07083 0.03116 -0.04318
v 0.07547 0.03116 -0.03445
v 0.07903 0.03116 -0.02524
v 0.08147 0.03116 -0.01566
v 0.02242 0.04609 0.09597
v 0.02794 0.04609 0.09451
v 0.02775 0.04305 0.09386
v 0.09854 0.04609 0.00120
v 0.09797 0.04609 -0.01069
v 0.09730 0.04305 -0.01062
v 0.09784 0.04305 -0.00269
v 0.09747 0.04305 0.00896
v 0.09814 0.04609 0.00903
v 0.09571 0.04305 0.02049
v 0.09260 0.04305 0.03172
v 0.09323 0.04609 0.03194
v 0.09539 0.04609 0.02474
v 0.09637 0.04609 0.02063
v 0.09768 0.04609 0.01306
v 0.08817 0.04305 0.04250
v 0.08249 0.04305 0.05268
v 0.08306 0.04609 0.05305
v 0.08670 0.04609 0.04685
v 0.08877 0.04609 0.04280
v 0.09172 0.04609 0.03606
v 0.07564 0.04305 0.06212
v 0.06772 0.04305 0.07067
v 0.06819 0.04609 0.07115
v 0.07297 0.04609 0.06624
v 0.07616 0.04609 0.06254
v 0.08042 0.04609 0.05696
v 0.05884 0.04305 0.07822
v 0.04912 0.04305 0.08466
v 0.04946 0.04609 0.08524
v 0.05500 0.04609 0.08178
v 0.05924 0.04609 0.07876
v 0.06445 0.04609 0.07455
v 0.03871 0.04305 0.08990
v 0.03383 0.04609 0.09256
v 0.03898 0.04609 0.09052
v 0.04474 0.04609 0.08781
v 0.01651 0.04609 0.09716
v 0.01639 0.04305 0.09649
v 0.01069 0.04609 0.09797
v 0.00481 0.04305 0.09776
v 0.00484 0.04609 0.09843
v -0.00120 0.04609 0.09854
v -0.00685 0.04305 0.09764
v -0.00690 0.04609 0.09831
v -0.01306 0.04609 0.09768
v -0.01841 0.04305 0.09613
v -0.01853 0.04609 0.09679
v -0.02474 0.04609 0.09539
v -0.02971 0.04305 0.09326
v -0.02991 0.04609 0.09390
v -0.03606 0.04609 0.09172
v -0.04058 0.04305 0.08907
v -0.04086 0.04609 0.08968
v -0.04685 0.04609 0.08670
v -0.05088 0.04305 0.08361
v -0.05123 0.04609 0.08419
v -0.05696 0.04609 0.08042
v -0.06046 0.04305 0.07697
v -0.06088 0.04609 0.07750
v -0.06624 0.04609 0.07297
v -0.06918 0.04305 0.06924
v -0.06966 0.04609 0.06971
v -0.07455 0.04609 0.06445
v -0.07692 0.04305 0.06052
v -0.07745 0.04609 0.06094
v -0.08178 0.04609 0.05500
v -0.08357 0.04305 0.05095
v -0.08415 0.04609 0.05130
v -0.08781 0.04609 0.04474
v -0.08904 0.04305 0.04065
v -0.08965 0.04609 0.04093
v -0.09256 0.04609 0.03383
v -0.09324 0.04305 0.02978
v -0.09388 0.04609 0.02998
v -0.09612 0.04305 0.01848
v -0.09597 0.04609 0.02242
v -0.09730 0.04305 0.01062
v -0.09797 0.04609 0.01069
v -0.08551 0.03170 0.00933
v -0.08447 0.03170 0.01624
v -0.08194 0.03170 0.02617
v -0.07825 0.03170 0.03572
v -0.07345 0.03170 0.04477
v -0.06760 0.03170 0.05319
v -0.06080 0.03170 0.06085
v -0.05314 0.03170 0.06764
v 0.07749 0.03170 0.03735
v 0.07250 0.03170 0.04630
v 0.06648 0.03170 0.05459
v 0.05952 0.03170 0.06211
v 0.05171 0.03170 0.06874
v 0.04317 0.03170 0.07440
v 0.03402 0.03170 0.07901
v 0.02439 0.03170 0.08249
v 0.01441 0.03170 0.08480
v 0.00422 0.03170 0.08591
v -0.00602 0.03170 0.08581
v -0.01618 0.03170 0.08448
v -0.02611 0.03170 0.08196
v -0.03566 0.03170 0.07828
v -0.04472 0.03170 0.07348
v 0.08551 0.03170 -0.00933
v 0.08599 0.03170 -0.00236
v 0.08566 0.03170 0.00788
v 0.08411 0.03170 0.01800
v 0.08138 0.03170 0.02788
v -0.08943 0.03332 0.00976
v -0.08835 0.03332 0.01699
v -0.08570 0.03332 0.02737
v -0.08184 0.03332 0.03736
v -0.07682 0.03332 0.04683
v -0.07071 0.03332 0.05563
v -0.06359 0.03332 0.06364
v -0.05557 0.03332 0.07075
v -0.04677 0.03332 0.07685
v -0.03730 0.03332 0.08187
v -0.02730 0.03332 0.08572
v -0.01692 0.03332 0.08836
v -0.00630 0.03332 0.08975
v 0.00442 0.03332 0.08986
v 0.01507 0.03332 0.08870
v 0.02551 0.03332 0.08627
v 0.03558 0.03332 0.08263
v 0.04515 0.03332 0.07781
v 0.05408 0.03332 0.07189
v 0.06225 0.03332 0.06496
v 0.06953 0.03332 0.05709
v 0.07582 0.03332 0.04842
v 0.08104 0.03332 0.03907
v 0.08511 0.03332 0.02916
v 0.08797 0.03332 0.01883
v 0.08959 0.03332 0.00824
v 0.08993 0.03332 -0.00247
v 0.08944 0.03332 -0.00976
v -0.09284 0.03587 0.01013
v -0.09171 0.03587 0.01763
v -0.08896 0.03587 0.02841
v -0.08496 0.03587 0.03879
v -0.07974 0.03587 0.04861
v -0.07340 0.03587 0.05775
v -0.06601 0.03587 0.06606
v -0.05769 0.03587 0.07344
v -0.04855 0.03587 0.07978
v -0.03872 0.03587 0.08499
v -0.02834 0.03587 0.08899
v -0.01756 0.03587 0.09173
v -0.00654 0.03587 0.09316
v 0.00459 0.03587 0.09328
v 0.01564 0.03587 0.09207
v 0.02648 0.03587 0.08956
v 0.03694 0.03587 0.08578
v 0.04687 0.03587 0.08078
v 0.05614 0.03587 0.07463
v 0.06462 0.03587 0.06743
v 0.07218 0.03587 0.05927
v 0.07871 0.03587 0.05027
v 0.08413 0.03587 0.04055
v 0.08835 0.03587 0.03027
v 0.09132 0.03587 0.01955
v 0.09300 0.03587 0.00855
v 0.09336 0.03587 -0.00256
v 0.09284 0.03587 -0.01013
v -0.09552 0.03918 0.01043
v -0.09436 0.03918 0.01814
v -0.09153 0.03918 0.02923
v -0.08741 0.03918 0.03991
v -0.08204 0.03918 0.05001
v -0.07551 0.03918 0.05941
v -0.06792 0.03918 0.06797
v -0.05935 0.03918 0.07556
v -0.04995 0.03918 0.08208
v -0.03984 0.03918 0.08744
v -0.02916 0.03918 0.09155
v -0.01807 0.03918 0.09437
v -0.00672 0.03918 0.09585
v 0.00472 0.03918 0.09597
v 0.01609 0.03918 0.09473
v 0.02724 0.03918 0.09214
v 0.03800 0.03918 0.08825
v 0.04822 0.03918 0.08311
v 0.05776 0.03918 0.07678
v 0.06648 0.03918 0.06937
v 0.07426 0.03918 0.06098
v 0.08098 0.03918 0.05172
v 0.08655 0.03918 0.04172
v 0.09090 0.03918 0.03114
v 0.09396 0.03918 0.02011
v 0.09568 0.03918 0.00880
v 0.09605 0.03918 -0.00264
v 0.09552 0.03918 -0.01042
v -0.02242 0.04609 -0.09597
v -0.02794 0.04609 -0.09451
v -0.02775 0.04305 -0.09386
v -0.09784 0.04305 0.00269
v -0.09854 0.04609 -0.00120
v -0.09747 0.04305 -0.00896
v -0.09814 0.04609 -0.00902
v -0.09571 0.04305 -0.02049
v -0.09259 0.04305 -0.03172
v -0.09323 0.04609 -0.03194
v -0.09539 0.04609 -0.02474
v -0.09637 0.04609 -0.02063
v -0.09768 0.04609 -0.01306
v -0.08817 0.04305 -0.04250
v -0.08249 0.04305 -0.05268
v -0.08306 0.04609 -0.05304
v -0.08670 0.04609 -0.04685
v -0.08877 0.04609 -0.04279
v -0.09172 0.04609 -0.03606
v -0.07564 0.04305 -0.06211
v -0.06772 0.04305 -0.07067
v -0.06819 0.04609 -0.07115
v -0.07297 0.04609 -0.06624
v -0.07616 0.04609 -0.06254
v -0.08042 0.04609 -0.05696
v -0.05884 0.04305 -0.07822
v -0.04912 0.04305 -0.08466
v -0.04946 0.04609 -0.08524
v -0.05500 0.04609 -0.08178
v -0.05924 0.04609 -0.07876
v -0.06445 0.04609 -0.07455
v -0.03871 0.04305 -0.08990
v -0.03383 0.04609 -0.09256
v -0.03898 0.04609 -0.09051
v -0.04474 0.04609 -0.08781
v -0.01651 0.04609 -0.09716
v -0.01639 0.04305 -0.09649
v -0.01069 0.04609 -0.09797
v -0.00481 0.04305 -0.09776
v -0.00484 0.04609 -0.09843
v 0.00120 0.04609 -0.09854
v 0.00685 0.04305 -0.09764
v 0.00690 0.04609 -0.09831
v 0.01306 0.04609 -0.09768
v 0.01841 0.04305 -0.09613
v 0.01854 0.04609 -0.09679
v 0.02474 0.04609 -0.09539
v 0.02971 0.04305 -0.09326
v 0.02991 0.04609 -0.09390
v 0.03606 0.04609 -0.09172
v 0.04058 0.04305 -0.08907
v 0.04086 0.04609 -0.08968
v 0.04685 0.04609 -0.08670
v 0.05088 0.04305 -0.08361
v 0.05123 0.04609 -0.08419
v 0.05696 0.04609 -0.08042
v 0.06046 0.04305 -0.07697
v 0.06088 0.04609 -0.07750
v 0.06624 0.04609 -0.07297
v 0.06918 0.04305 -0.06924
v 0.06966 0.04609 -0.06971
v 0.07455 0.04609 -0.06445
v 0.07692 0.04305 -0.06052
v 0.07745 0.04609 -0.06094
v 0.08178 0.04609 -0.05500
v 0.08357 0.04305 -0.05095
v 0.08415 0.04609 -0.05130
v 0.08781 0.04609 -0.04474
v 0.08904 0.04305 -0.04065
v 0.08965 0.04609 -0.04093
v 0.09256 0.04609 -0.03383
v 0.09324 0.04305 -0.02978
v 0.09388 0.04609 -0.02998
v 0.09612 0.04305 -0.01848
v 0.09597 0.04609 -0.02242
v 0.08447 0.03170 -0.01624
v 0.08194 0.03170 -0.02617
v 0.07825 0.03170 -0.03572
v 0.07345 0.03170 -0.04477
v 0.06760 0.03170 -0.05319
v 0.06080 0.03170 -0.06085
v 0.05314 0.03170 -0.06764
v -0.07748 0.03170 -0.03735
v -0.07249 0.03170 -0.04630
v -0.06648 0.03170 -0.05459
v -0.05951 0.03170 -0.06210
v -0.05171 0.03170 -0.06874
v -0.04317 0.03170 -0.07440
v -0.03402 0.03170 -0.07901
v -0.02439 0.03170 -0.08249
v -0.01441 0.03170 -0.08480
v -0.00422 0.03170 -0.08591
v 0.00602 0.03170 -0.08581
v 0.01618 0.03170 -0.08448
v 0.02611 0.03170 -0.08196
v 0.03567 0.03170 -0.07828
v 0.04472 0.03170 -0.07348
v -0.08599 0.03170 0.00236
v -0.08566 0.03170 -0.00788
v -0.08411 0.03170 -0.01800
v -0.08138 0.03170 -0.02788
v 0.08835 0.03332 -0.01699
v 0.08570 0.03332 -0.02737
v 0.08184 0.03332 -0.03736
v 0.07682 0.03332 -0.04683
v 0.07071 0.03332 -0.05563
v 0.06359 0.03332 -0.06364
v 0.05558 0.03332 -0.07075
v 0.04677 0.03332 -0.07685
v 0.03730 0.03332 -0.08187
v 0.02731 0.03332 -0.08572
v 0.01692 0.03332 -0.08836
v 0.00630 0.03332 -0.08974
v -0.00442 0.03332 -0.08986
v -0.01507 0.03332 -0.08869
v -0.02551 0.03332 -0.08627
v -0.03558 0.03332 -0.08263
v -0.04515 0.03332 -0.07781
v -0.05408 0.03332 -0.07189
v -0.06225 0.03332 -0.06495
v -0.06953 0.03332 -0.05709
v -0.07582 0.03332 -0.04842
v -0.08104 0.03332 -0.03907
v -0.08511 0.03332 -0.02915
v -0.08797 0.03332 -0.01883
v -0.08959 0.03332 -0.00824
v -0.08993 0.03332 0.00247
v 0.09171 0.03587 -0.01763
v 0.08897 0.03587 -0.02841
v 0.08496 0.03587 -0.03879
v 0.07974 0.03587 -0.04861
v 0.07340 0.03587 -0.05775
v 0.06601 0.03587 -0.06606
v 0.05769 0.03587 -0.07344
v 0.04855 0.03587 -0.07978
v 0.03872 0.03587 -0.08499
v 0.02834 0.03587 -0.08899
v 0.01757 0.03587 -0.09172
v 0.00654 0.03587 -0.09316
v -0.00459 0.03587 -0.09328
v -0.01564 0.03587 -0.09207
v -0.02648 0.03587 -0.08956
v -0.03694 0.03587 -0.08578
v -0.04687 0.03587 -0.08078
v -0.05614 0.03587 -0.07463
v -0.06462 0.03587 -0.06743
v -0.07217 0.03587 -0.05927
v -0.07871 0.03587 -0.05027
v -0.08413 0.03587 -0.04055
v -0.08835 0.03587 -0.03027
v -0.09132 0.03587 -0.01955
v -0.09300 0.03587 -0.00855
v -0.09336 0.03587 0.00256
v 0.09436 0.03918 -0.01814
v 0.09153 0.03918 -0.02923
v 0.08741 0.03918 -0.03991
v 0.08204 0.03918 -0.05001
v 0.07552 0.03918 -0.05941
v 0.06792 0.03918 -0.06797
v 0.05935 0.03918 -0.07556
v 0.04995 0.03918 -0.08208
v 0.03984 0.03918 -0.08744
v 0.02916 0.03918 -0.09155
v 0.01807 0.03918 -0.09437
v 0.00672 0.03918 -0.09585
v -0.00472 0.03918 -0.09597
v -0.01609 0.03918 -0.09473
v -0.02724 0.03918 -0.09214
v -0.03800 0.03918 -0.08825
v -0.04822 0.03918 -0.08311
v -0.05776 0.03918 -0.07678
v -0.06648 0.03918 -0.06937
v -0.07426 0.03918 -0.06098
v -0.08098 0.03918 -0.05172
v -0.08655 0.03918 -0.04172
v -0.09090 0.03918 -0.03114
v -0.09396 0.03918 -0.02011
v -0.09568 0.03918 -0.00880
v -0.09605 0.03918 0.00264
v 0.09842 0.05310 -0.01074
v 0.09899 0.05310 0.00120
v 0.09813 0.05310 0.01312
v 0.09583 0.05310 0.02486
v 0.09213 0.05310 0.03623
v 0.08710 0.05310 0.04707
v 0.08079 0.05310 0.05722
v 0.07330 0.05310 0.06654
v 0.06475 0.05310 0.07489
v 0.05525 0.05310 0.08215
v 0.04494 0.05310 0.08821
v 0.03398 0.05310 0.09299
v 0.02253 0.05310 0.09640
v 0.01074 0.05310 0.09842
v -0.00120 0.05310 0.09899
v -0.01312 0.05310 0.09813
v -0.02486 0.05310 0.09583
v -0.03622 0.05310 0.09213
v -0.04707 0.05310 0.08710
v -0.05722 0.05310 0.08079
v -0.06654 0.05310 0.07330
v -0.07489 0.05310 0.06475
v -0.08215 0.05310 0.05525
v -0.08821 0.05310 0.04494
v -0.09842 0.05310 0.01074
v -0.09640 0.05310 0.02253
v -0.09298 0.05310 0.03398
v 0.09797 0.06012 -0.01069
v 0.09854 0.06012 0.00120
v 0.09814 0.06012 0.00903
v 0.09768 0.06012 0.01306
v 0.09637 0.06012 0.02063
v 0.09539 0.06012 0.02474
v 0.09323 0.06012 0.03194
v 0.09172 0.06012 0.03606
v 0.08877 0.06012 0.04280
v 0.08670 0.06012 0.04685
v 0.08306 0.06012 0.05305
v 0.08042 0.06012 0.05696
v 0.07616 0.06012 0.06254
v 0.07297 0.06012 0.06624
v 0.06819 0.06012 0.07115
v 0.06445 0.06012 0.07455
v 0.05924 0.06012 0.07876
v 0.05500 0.06012 0.08178
v 0.04946 0.06012 0.08524
v 0.04474 0.06012 0.08781
v 0.03898 0.06012 0.09052
v 0.03383 0.06012 0.09256
v 0.02794 0.06012 0.09451
v 0.00484 0.06012 0.09843
v 0.01069 0.06012 0.09797
v 0.01651 0.06012 0.09716
v 0.02242 0.06012 0.09597
v -0.00120 0.06012 0.09854
v -0.02474 0.06012 0.09539
v -0.01853 0.06012 0.09679
v -0.01306 0.06012 0.09768
v -0.00690 0.06012 0.09831
v -0.04685 0.06012 0.08670
v -0.04086 0.06012 0.08968
v -0.03606 0.06012 0.09172
v -0.02991 0.06012 0.09390
v -0.06624 0.06012 0.07297
v -0.06088 0.06012 0.07750
v -0.05696 0.06012 0.08042
v -0.05123 0.06012 0.08419
v -0.08178 0.06012 0.05500
v -0.07745 0.06012 0.06094
v -0.07455 0.06012 0.06445
v -0.06966 0.06012 0.06971
v -0.09256 0.06012 0.03383
v -0.08965 0.06012 0.04093
v -0.08781 0.06012 0.04474
v -0.08415 0.06012 0.05130
v -0.09797 0.06012 0.01069
v -0.09597 0.06012 0.02242
v -0.09388 0.06012 0.02998
v -0.09899 0.05310 -0.00120
v -0.09813 0.05310 -0.01312
v -0.09583 0.05310 -0.02486
v -0.09213 0.05310 -0.03622
v -0.08710 0.05310 -0.04707
v -0.08079 0.05310 -0.05722
v -0.07330 0.05310 -0.06654
v -0.06475 0.05310 -0.07489
v -0.05525 0.05310 -0.08215
v -0.04494 0.05310 -0.08821
v -0.03398 0.05310 -0.09298
v -0.02252 0.05310 -0.09640
v -0.01074 0.05310 -0.09842
v 0.00120 0.05310 -0.09899
v 0.01312 0.05310 -0.09813
v 0.02486 0.05310 -0.09583
v 0.03623 0.05310 -0.09213
v 0.04707 0.05310 -0.08710
v 0.05722 0.05310 -0.08079
v 0.06654 0.05310 -0.07330
v 0.07489 0.05310 -0.06475
v 0.08215 0.05310 -0.05525
v 0.08821 0.05310 -0.04494
v 0.09640 0.05310 -0.02252
v 0.09299 0.05310 -0.03398
v -0.09854 0.06012 -0.00120
v -0.09814 0.06012 -0.00902
v -0.09768 0.06012 -0.01306
v -0.09637 0.06012 -0.02063
v -0.09539 0.06012 -0.02474
v -0.09323 0.06012 -0.03194
v -0.09172 0.06012 -0.03606
v -0.08877 0.06012 -0.04279
v -0.08670 0.06012 -0.04685
v -0.08306 0.06012 -0.05304
v -0.08042 0.06012 -0.05696
v -0.07616 0.06012 -0.06254
v -0.07297 0.06012 -0.06624
v -0.06819 0.06012 -0.07115
v -0.06445 0.06012 -0.07455
v -0.05924 0.06012 -0.07876
v -0.05500 0.06012 -0.08178
v -0.04946 0.06012 -0.08524
v -0.04474 0.06012 -0.08781
v -0.03898 0.06012 -0.09051
v -0.03383 0.06012 -0.09256
v -0.02794 0.06012 -0.09451
v -0.00484 0.06012 -0.09843
v -0.01069 0.06012 -0.09797
v -0.01651 0.06012 -0.09716
v -0.02242 0.06012 -0.09597
v 0.00120 0.06012 -0.09854
v 0.02474 0.06012 -0.09539
v 0.01854 0.06012 -0.09679
v 0.01306 0.06012 -0.09768
v 0.00690 0.06012 -0.09831
v 0.04685 0.06012 -0.08670
v 0.04086 0.06012 -0.08968
v 0.03606 0.06012 -0.09172
v 0.02991 0.06012 -0.09390
v 0.06624 0.06012 -0.07297
v 0.06088 0.06012 -0.07750
v 0.05696 0.06012 -0.08042
v 0.05123 0.06012 -0.08419
v 0.08178 0.06012 -0.05500
v 0.07745 0.06012 -0.06094
v 0.07455 0.06012 -0.06445
v 0.06966 0.06012 -0.06971
v 0.09256 0.06012 -0.03383
v 0.08965 0.06012 -0.04093
v 0.08781 0.06012 -0.04474
v 0.08415 0.06012 -0.05130
v 0.09597 0.06012 -0.02242
v 0.09388 0.06012 -0.02998
v 0.09784 0.06315 -0.00269
v 0.09730 0.06315 -0.01062
v 0.08295 0.07504 -0.00081
v 0.08247 0.07504 -0.00900
v 0.08551 0.07450 -0.00933
v 0.08599 0.07450 -0.00236
v 0.08566 0.07450 0.00788
v 0.08238 0.07504 0.00978
v 0.08411 0.07450 0.01800
v 0.08046 0.07504 0.02022
v 0.08138 0.07450 0.02788
v 0.07722 0.07504 0.03032
v 0.07749 0.07450 0.03735
v 0.07272 0.07504 0.03993
v 0.07250 0.07450 0.04630
v 0.06703 0.07504 0.04888
v 0.06648 0.07450 0.05459
v 0.05952 0.07450 0.06211
v 0.06024 0.07504 0.05704
v 0.05171 0.07450 0.06874
v 0.05246 0.07504 0.06426
v 0.04317 0.07450 0.07440
v 0.04383 0.07504 0.07043
v 0.03402 0.07450 0.07901
v 0.03448 0.07504 0.07545
v 0.02439 0.07450 0.08249
v 0.02457 0.07504 0.07924
v 0.01441 0.07450 0.08480
v 0.01426 0.07504 0.08172
v 0.00422 0.07450 0.08591
v 0.00371 0.07504 0.08288
v -0.00602 0.07450 0.08581
v -0.00690 0.07504 0.08267
v -0.01618 0.07450 0.08448
v -0.01740 0.07504 0.08111
v -0.02611 0.07450 0.08196
v -0.02761 0.07504 0.07823
v -0.03566 0.07450 0.07828
v -0.03737 0.07504 0.07407
v -0.04472 0.07450 0.07348
v -0.04651 0.07504 0.06869
v -0.05314 0.07450 0.06764
v -0.05490 0.07504 0.06219
v -0.06080 0.07450 0.06085
v -0.06760 0.07450 0.05319
v -0.06239 0.07504 0.05468
v -0.07345 0.07450 0.04477
v -0.06886 0.07504 0.04626
v -0.07825 0.07450 0.03572
v -0.07420 0.07504 0.03710
v -0.08194 0.07450 0.02617
v -0.07833 0.07504 0.02732
v -0.08447 0.07450 0.01624
v -0.08118 0.07504 0.01710
v -0.08551 0.07450 0.00933
v -0.08247 0.07504 0.00900
v -0.09730 0.06315 0.01062
v -0.09612 0.06315 0.01848
v -0.09324 0.06315 0.02978
v -0.08904 0.06315 0.04065
v -0.08357 0.06315 0.05095
v -0.07692 0.06315 0.06052
v -0.06918 0.06315 0.06924
v -0.06046 0.06315 0.07697
v -0.05088 0.06315 0.08361
v -0.04058 0.06315 0.08907
v -0.02971 0.06315 0.09326
v -0.01841 0.06315 0.09613
v -0.00685 0.06315 0.09764
v 0.00481 0.06315 0.09776
v 0.02775 0.06315 0.09386
v 0.01639 0.06315 0.09649
v 0.03871 0.06315 0.08990
v 0.04912 0.06315 0.08466
v 0.05884 0.06315 0.07822
v 0.06772 0.06315 0.07067
v 0.07564 0.06315 0.06212
v 0.08249 0.06315 0.05268
v 0.08817 0.06315 0.04250
v 0.09260 0.06315 0.03172
v 0.09571 0.06315 0.02049
v 0.09747 0.06315 0.00896
v -0.09552 0.06702 0.01043
v -0.09436 0.06702 0.01814
v -0.09153 0.06702 0.02923
v -0.08741 0.06702 0.03991
v -0.08204 0.06702 0.05001
v -0.07551 0.06702 0.05941
v -0.06792 0.06702 0.06797
v -0.05935 0.06702 0.07556
v -0.04995 0.06702 0.08208
v -0.03984 0.06702 0.08744
v -0.02916 0.06702 0.09155
v -0.01807 0.06702 0.09437
v -0.00672 0.06702 0.09585
v 0.00472 0.06702 0.09597
v 0.01609 0.06702 0.09473
v 0.02724 0.06702 0.09214
v 0.03800 0.06702 0.08825
v 0.04822 0.06702 0.08311
v 0.05776 0.06702 0.07678
v 0.06648 0.06702 0.06937
v 0.07426 0.06702 0.06098
v 0.08098 0.06702 0.05172
v 0.08655 0.06702 0.04172
v 0.09090 0.06702 0.03114
v 0.09396 0.06702 0.02011
v 0.09568 0.06702 0.00880
v 0.09605 0.06702 -0.00264
v 0.09552 0.06702 -0.01042
v -0.09284 0.07033 0.01013
v -0.09171 0.07033 0.01763
v -0.08896 0.07033 0.02841
v -0.08496 0.07033 0.03879
v -0.07974 0.07033 0.04861
v -0.07340 0.07033 0.05775
v -0.06601 0.07033 0.06606
v -0.05769 0.07033 0.07344
v -0.04855 0.07033 0.07978
v -0.03872 0.07033 0.08499
v -0.02834 0.07033 0.08899
v -0.01756 0.07033 0.09173
v -0.00654 0.07033 0.09316
v 0.00459 0.07033 0.09328
v 0.01564 0.07033 0.09207
v 0.02648 0.07033 0.08956
v 0.03694 0.07033 0.08578
v 0.04687 0.07033 0.08078
v 0.05614 0.07033 0.07463
v 0.06462 0.07033 0.06743
v 0.07218 0.07033 0.05927
v 0.07871 0.07033 0.05027
v 0.08413 0.07033 0.04055
v 0.08835 0.07033 0.03027
v 0.09132 0.07033 0.01955
v 0.09300 0.07033 0.00855
v 0.09336 0.07033 -0.00256
v 0.09284 0.07033 -0.01013
v -0.08943 0.07288 0.00976
v -0.08835 0.07288 0.01699
v -0.08570 0.07288 0.02737
v -0.08184 0.07288 0.03736
v -0.07682 0.07288 0.04683
v -0.07071 0.07288 0.05563
v -0.06359 0.07288 0.06364
v -0.05557 0.07288 0.07075
v -0.04677 0.07288 0.07685
v -0.03730 0.07288 0.08187
v -0.02730 0.07288 0.08572
v -0.01692 0.07288 0.08836
v -0.00630 0.07288 0.08975
v 0.00442 0.07288 0.08986
v 0.01507 0.07288 0.08870
v 0.02551 0.07288 0.08627
v 0.03558 0.07288 0.08263
v 0.04515 0.07288 0.07781
v 0.05408 0.07288 0.07189
v 0.06225 0.07288 0.06496
v 0.06953 0.07288 0.05709
v 0.07582 0.07288 0.04842
v 0.08104 0.07288 0.03907
v 0.08511 0.07288 0.02916
v 0.08797 0.07288 0.01883
v 0.08959 0.07288 0.00824
v 0.08993 0.07288 -0.00247
v 0.08944 0.07288 -0.00976
v -0.00481 0.06315 -0.09776
v -0.08599 0.07450 0.00236
v -0.08295 0.07504 0.00081
v -0.08566 0.07450 -0.00788
v -0.08238 0.07504 -0.00978
v -0.08411 0.07450 -0.01800
v -0.08046 0.07504 -0.02022
v -0.08138 0.07450 -0.02788
v -0.07722 0.07504 -0.03032
v -0.07748 0.07450 -0.03735
v -0.07272 0.07504 -0.03993
v -0.07249 0.07450 -0.04630
v -0.06702 0.07504 -0.04888
v -0.06648 0.07450 -0.05459
v -0.05951 0.07450 -0.06210
v -0.06024 0.07504 -0.05704
v -0.05171 0.07450 -0.06874
v -0.05246 0.07504 -0.06426
v -0.04317 0.07450 -0.07440
v -0.04383 0.07504 -0.07043
v -0.03402 0.07450 -0.07901
v -0.03448 0.07504 -0.07545
v -0.02439 0.07450 -0.08249
v -0.02457 0.07504 -0.07924
v -0.01441 0.07450 -0.08480
v -0.01426 0.07504 -0.08172
v -0.00422 0.07450 -0.08591
v -0.00371 0.07504 -0.08287
v 0.00602 0.07450 -0.08581
v 0.00690 0.07504 -0.08267
v 0.01618 0.07450 -0.08448
v 0.01740 0.07504 -0.08111
v 0.02611 0.07450 -0.08196
v 0.02761 0.07504 -0.07823
v 0.03567 0.07450 -0.07828
v 0.03737 0.07504 -0.07407
v 0.04472 0.07450 -0.07348
v 0.04652 0.07504 -0.06869
v 0.05314 0.07450 -0.06764
v 0.05490 0.07504 -0.06219
v 0.06080 0.07450 -0.06085
v 0.06760 0.07450 -0.05319
v 0.06239 0.07504 -0.05467
v 0.07345 0.07450 -0.04477
v 0.06886 0.07504 -0.04626
v 0.07825 0.07450 -0.03572
v 0.07420 0.07504 -0.03710
v 0.08194 0.07450 -0.02617
v 0.07833 0.07504 -0.02732
v 0.08447 0.07450 -0.01624
v 0.08118 0.07504 -0.01710
v 0.09612 0.06315 -0.01848
v 0.09324 0.06315 -0.02978
v 0.08904 0.06315 -0.04065
v 0.08357 0.06315 -0.05095
v 0.07692 0.06315 -0.06052
v 0.06918 0.06315 -0.06924
v 0.06046 0.06315 -0.07697
v 0.05088 0.06315 -0.08361
v 0.04058 0.06315 -0.08907
v 0.02971 0.06315 -0.09326
v 0.01841 0.06315 -0.09613
v 0.00685 0.06315 -0.09764
v -0.01639 0.06315 -0.09649
v -0.02775 0.06315 -0.09386
v -0.03871 0.06315 -0.08990
v -0.04912 0.06315 -0.08466
v -0.05884 0.06315 -0.07822
v -0.06772 0.06315 -0.07067
v -0.07564 0.06315 -0.06211
v -0.08249 0.06315 -0.05268
v -0.08817 0.06315 -0.04250
v -0.09259 0.06315 -0.03172
v -0.09571 0.06315 -0.02049
v -0.09747 0.06315 -0.00896
v -0.09784 0.06315 0.00269
v 0.09436 0.06702 -0.01814
v 0.09153 0.06702 -0.02923
v 0.08741 0.06702 -0.03991
v 0.08204 0.06702 -0.05001
v 0.07552 0.06702 -0.05941
v 0.06792 0.06702 -0.06797
v 0.05935 0.06702 -0.07556
v 0.04995 0.06702 -0.08208
v 0.03984 0.06702 -0.08744
v 0.02916 0.06702 -0.09155
v 0.01807 0.06702 -0.09437
v 0.00672 0.06702 -0.09585
v -0.00472 0.06702 -0.09597
v -0.01609 0.06702 -0.09473
v -0.02724 0.06702 -0.09214
v -0.03800 0.06702 -0.08825
v -0.04822 0.06702 -0.08311
v -0.05776 0.06702 -0.07678
v -0.06648 0.06702 -0.06937
v -0.07426 0.06702 -0.06098
v -0.08098 0.06702 -0.05172
v -0.08655 0.06702 -0.04172
v -0.09090 0.06702 -0.03114
v -0.09396 0.06702 -0.02011
v -0.09568 0.06702 -0.00880
v -0.09605 0.06702 0.00264
v 0.09171 0.07033 -0.01763
v 0.08897 0.07033 -0.02841
v 0.08496 0.07033 -0.03879
v 0.07974 0.07033 -0.04861
v 0.07340 0.07033 -0.05775
v 0.06601 0.07033 -0.06606
v 0.05769 0.07033 -0.07344
v 0.04855 0.07033 -0.07978
v 0.03872 0.07033 -0.08499
v 0.02834 0.07033 -0.08899
v 0.01757 0.07033 -0.09172
v 0.00654 0.07033 -0.09316
v -0.00459 0.07033 -0.09328
v -0.01564 0.07033 -0.09207
v -0.02648 0.07033 -0.08956
v -0.03694 0.07033 -0.08578
v -0.04687 0.07033 -0.08078
v -0.05614 0.07033 -0.07463
v -0.06462 0.07033 -0.06743
v -0.07217 0.07033 -0.05927
v -0.07871 0.07033 -0.05027
v -0.08413 0.07033 -0.04055
v -0.08835 0.07033 -0.03027
v -0.09132 0.07033 -0.01955
v -0.09300 0.07033 -0.00855
v -0.09336 0.07033 0.00256
v 0.08835 0.07288 -0.01699
v 0.08570 0.07288 -0.02737
v 0.08184 0.07288 -0.03736
v 0.07682 0.07288 -0.04683
v 0.07071 0.07288 -0.05563
v 0.06359 0.07288 -0.06364
v 0.05558 0.07288 -0.07075
v 0.04677 0.07288 -0.07685
v 0.03730 0.07288 -0.08187
v 0.02731 0.07288 -0.08572
v 0.01692 0.07288 -0.08836
v 0.00630 0.07288 -0.08974
v -0.00442 0.07288 -0.08986
v -0.01507 0.07288 -0.08869
v -0.02551 0.07288 -0.08627
v -0.03558 0.07288 -0.08263
v -0.04515 0.07288 -0.07781
v -0.05408 0.07288 -0.07189
v -0.06225 0.07288 -0.06495
v -0.06953 0.07288 -0.05709
v -0.07582 0.07288 -0.04842
v -0.08104 0.07288 -0.03907
v -0.08511 0.07288 -0.02915
v -0.08797 0.07288 -0.01883
v -0.08959 0.07288 -0.00824
v -0.08993 0.07288 0.00247
v 0.07903 0.07511 -0.00863
v 0.07950 0.07511 -0.00078
v 0.07895 0.07511 0.00937
v 0.07711 0.07511 0.01937
v 0.07400 0.07511 0.02906
v 0.06969 0.07511 0.03827
v 0.06423 0.07511 0.04685
v 0.05773 0.07511 0.05466
v 0.05028 0.07511 0.06159
v 0.04201 0.07511 0.06750
v 0.03305 0.07511 0.07231
v 0.02355 0.07511 0.07594
v 0.01366 0.07511 0.07832
v 0.00863 0.07511 0.07903
v -0.07903 0.07511 0.00863
v -0.07779 0.07511 0.01639
v -0.07507 0.07511 0.02618
v -0.07111 0.07511 0.03555
v -0.06599 0.07511 0.04434
v -0.05979 0.07511 0.05240
v -0.05262 0.07511 0.05960
v -0.04458 0.07511 0.06583
v -0.03581 0.07511 0.07098
v -0.02646 0.07511 0.07497
v -0.01667 0.07511 0.07774
v -0.00661 0.07511 0.07923
v 0.00355 0.07511 0.07942
v -0.01366 0.07511 -0.07832
v -0.02355 0.07511 -0.07593
v -0.03305 0.07511 -0.07231
v -0.04201 0.07511 -0.06750
v -0.05028 0.07511 -0.06158
v -0.05773 0.07511 -0.05466
v -0.06423 0.07511 -0.04685
v -0.06969 0.07511 -0.03827
v -0.07400 0.07511 -0.02906
v -0.07711 0.07511 -0.01937
v -0.07895 0.07511 -0.00937
v -0.07950 0.07511 0.00078
v 0.07780 0.07511 -0.01639
v 0.07507 0.07511 -0.02618
v 0.07111 0.07511 -0.03555
v 0.06599 0.07511 -0.04434
v 0.05979 0.07511 -0.05240
v 0.05262 0.07511 -0.05960
v 0.04458 0.07511 -0.06583
v 0.03581 0.07511 -0.07098
v 0.02646 0.07511 -0.07497
v 0.01667 0.07511 -0.07773
v 0.00661 0.07511 -0.07923
v -0.00355 0.07511 -0.07942
v -0.00863 0.07511 -0.07903
v -0.07881 0.07510 0.00860
v -0.07741 0.07510 0.01710
v -0.07446 0.07510 0.02721
v -0.07020 0.07510 0.03684
v -0.06469 0.07510 0.04582
v -0.05805 0.07510 0.05399
v -0.05039 0.07510 0.06120
v -0.04183 0.07510 0.06734
v -0.03254 0.07510 0.07229
v -0.02267 0.07510 0.07596
v -0.01240 0.07510 0.07830
v -0.00192 0.07510 0.07925
v 0.00860 0.07510 0.07881
v 0.01897 0.07510 0.07697
v 0.02900 0.07510 0.07378
v 0.03852 0.07510 0.06929
v 0.04737 0.07510 0.06357
v 0.05537 0.07510 0.05673
v 0.06240 0.07510 0.04889
v 0.06833 0.07510 0.04019
v 0.07305 0.07510 0.03078
v 0.07649 0.07510 0.02083
v 0.07858 0.07510 0.01051
v 0.07928 0.07510 0.00000
v 0.07881 0.07510 -0.00860
v 0.07741 0.07510 -0.01710
v 0.07446 0.07510 -0.02721
v 0.07020 0.07510 -0.03684
v 0.06470 0.07510 -0.04581
v 0.05805 0.07510 -0.05398
v 0.05039 0.07510 -0.06120
v 0.04183 0.07510 -0.06734
v 0.03254 0.07510 -0.07229
v 0.02267 0.07510 -0.07596
v 0.01240 0.07510 -0.07830
v 0.00192 0.07510 -0.07925
v -0.00860 0.07510 -0.07881
v -0.01897 0.07510 -0.07697
v -0.02900 0.07510 -0.07378
v -0.03852 0.07510 -0.06928
v -0.04736 0.07510 -0.06357
v -0.05537 0.07510 -0.05673
v -0.06240 0.07510 -0.04889
v -0.06833 0.07510 -0.04019
v -0.07305 0.07510 -0.03078
v -0.07649 0.07510 -0.02083
v -0.07858 0.07510 -0.01051
v -0.07927 0.07510 0.00000
v 0.07618 0.07488 0.00081
v 0.07573 0.07488 -0.00826
v 0.01348 0.07488 0.07498
v 0.01823 0.07488 0.07397
v 0.02368 0.07488 0.07241
v 0.03343 0.07488 0.06845
v 0.04254 0.07488 0.06319
v 0.05084 0.07488 0.05673
v 0.05818 0.07488 0.04918
v 0.06440 0.07488 0.04070
v 0.06939 0.07488 0.03144
v 0.07306 0.07488 0.02157
v 0.07534 0.07488 0.01130
v 0.00827 0.07488 0.07573
v 0.00302 0.07488 0.07612
v -0.00184 0.07488 0.07616
v -0.00750 0.07488 0.07581
v -0.01788 0.07488 0.07405
v -0.02791 0.07488 0.07088
v -0.03741 0.07488 0.06636
v -0.04620 0.07488 0.06057
v -0.05410 0.07488 0.05363
v -0.06098 0.07488 0.04566
v -0.06669 0.07488 0.03683
v -0.07113 0.07488 0.02729
v -0.07421 0.07488 0.01723
v -0.07573 0.07488 0.00827
v -0.01347 0.07488 -0.07498
v -0.01823 0.07488 -0.07397
v -0.02368 0.07488 -0.07241
v -0.03343 0.07488 -0.06845
v -0.04254 0.07488 -0.06319
v -0.05084 0.07488 -0.05673
v -0.05818 0.07488 -0.04918
v -0.06440 0.07488 -0.04070
v -0.06939 0.07488 -0.03144
v -0.07306 0.07488 -0.02157
v -0.07534 0.07488 -0.01130
v -0.07618 0.07488 -0.00081
v -0.00826 0.07488 -0.07573
v -0.00301 0.07488 -0.07612
v 0.00184 0.07488 -0.07616
v 0.00750 0.07488 -0.07581
v 0.01788 0.07488 -0.07405
v 0.02791 0.07488 -0.07088
v 0.03741 0.07488 -0.06636
v 0.04620 0.07488 -0.06057
v 0.05410 0.07488 -0.05363
v 0.06098 0.07488 -0.04566
v 0.06669 0.07488 -0.03683
v 0.07113 0.07488 -0.02729
v 0.07421 0.07488 -0.01722
v 0.06357 0.07213 -0.00694
v 0.06960 0.07375 -0.00759
v 0.06394 0.07213 0.00068
v 0.07000 0.07375 0.00075
v 0.06324 0.07213 0.00949
v 0.06923 0.07375 0.01039
v 0.06133 0.07213 0.01811
v 0.06714 0.07375 0.01983
v 0.05825 0.07213 0.02639
v 0.06377 0.07375 0.02889
v 0.05346 0.07375 0.04520
v 0.05145 0.07213 0.03797
v 0.05918 0.07375 0.03740
v 0.05406 0.07213 0.03416
v 0.05656 0.07213 0.02984
v -0.04245 0.07375 0.05567
v -0.03878 0.07213 0.05085
v -0.03438 0.07375 0.06099
v -0.03140 0.07213 0.05571
v -0.02565 0.07375 0.06514
v -0.02343 0.07213 0.05950
v -0.01643 0.07375 0.06805
v -0.01501 0.07213 0.06216
v -0.00689 0.07375 0.06967
v -0.00630 0.07213 0.06364
v 0.00277 0.07375 0.06995
v 0.00253 0.07213 0.06390
v 0.01238 0.07375 0.06890
v 0.01131 0.07213 0.06294
v 0.02176 0.07375 0.06654
v 0.01988 0.07213 0.06078
v 0.03072 0.07375 0.06291
v 0.02806 0.07213 0.05746
v 0.03910 0.07375 0.05808
v 0.03571 0.07213 0.05305
v 0.04673 0.07375 0.05213
v 0.04268 0.07213 0.04762
v 0.04883 0.07213 0.04129
v -0.05604 0.07375 0.04197
v -0.04879 0.07213 0.04134
v -0.04972 0.07375 0.04929
v -0.04541 0.07213 0.04502
v -0.04205 0.07213 0.04817
v -0.06959 0.07375 0.00760
v -0.06357 0.07213 0.00694
v -0.06820 0.07375 0.01583
v -0.06229 0.07213 0.01446
v -0.06536 0.07375 0.02508
v -0.05970 0.07213 0.02290
v -0.06128 0.07375 0.03384
v -0.05598 0.07213 0.03091
v -0.05118 0.07213 0.03833
v -0.06394 0.07213 -0.00068
v -0.07000 0.07375 -0.00075
v -0.06324 0.07213 -0.00949
v -0.06923 0.07375 -0.01039
v -0.06133 0.07213 -0.01811
v -0.06714 0.07375 -0.01983
v -0.05825 0.07213 -0.02639
v -0.06377 0.07375 -0.02889
v -0.05346 0.07375 -0.04520
v -0.05145 0.07213 -0.03797
v -0.05918 0.07375 -0.03740
v -0.05406 0.07213 -0.03416
v -0.05656 0.07213 -0.02984
v 0.04246 0.07375 -0.05567
v 0.03878 0.07213 -0.05085
v 0.03438 0.07375 -0.06098
v 0.03140 0.07213 -0.05570
v 0.02565 0.07375 -0.06514
v 0.02343 0.07213 -0.05950
v 0.01643 0.07375 -0.06805
v 0.01501 0.07213 -0.06216
v 0.00689 0.07375 -0.06967
v 0.00630 0.07213 -0.06364
v -0.00277 0.07375 -0.06995
v -0.00253 0.07213 -0.06390
v -0.01238 0.07375 -0.06890
v -0.01131 0.07213 -0.06294
v -0.02176 0.07375 -0.06654
v -0.01988 0.07213 -0.06078
v -0.03072 0.07375 -0.06291
v -0.02806 0.07213 -0.05746
v -0.03910 0.07375 -0.05807
v -0.03571 0.07213 -0.05305
v -0.04672 0.07375 -0.05213
v -0.04268 0.07213 -0.04762
v -0.04883 0.07213 -0.04128
v 0.05604 0.07375 -0.04196
v 0.04879 0.07213 -0.04134
v 0.04972 0.07375 -0.04929
v 0.04542 0.07213 -0.04502
v 0.04205 0.07213 -0.04817
v 0.06820 0.07375 -0.01583
v 0.06229 0.07213 -0.01446
v 0.06536 0.07375 -0.02508
v 0.05970 0.07213 -0.02290
v 0.06129 0.07375 -0.03384
v 0.05598 0.07213 -0.03091
v 0.05119 0.07213 -0.03833
v -0.06190 0.07008 0.00676
v -0.05300 0.07008 0.03269
v -0.05729 0.07008 0.02438
v -0.06030 0.07008 0.01553
v -0.04751 0.07008 0.04025
v -0.04095 0.07008 0.04691
v -0.03347 0.07008 0.05251
v -0.02523 0.07008 0.05693
v -0.01642 0.07008 0.06006
v -0.00725 0.07008 0.06184
v 0.00209 0.07008 0.06223
v 0.01138 0.07008 0.06122
v 0.02042 0.07008 0.05883
v 0.02899 0.07008 0.05511
v 0.03692 0.07008 0.05015
v 0.04401 0.07008 0.04406
v 0.05010 0.07008 0.03697
v 0.05507 0.07008 0.02906
v 0.05880 0.07008 0.02048
v 0.06121 0.07008 0.01145
v 0.06223 0.07008 0.00216
v 0.06190 0.07008 -0.00676
v 0.05926 0.06854 -0.00647
v 0.05666 0.06810 -0.00618
v 0.05958 0.06854 0.00207
v 0.05697 0.06810 0.00198
v 0.05860 0.06854 0.01096
v 0.05603 0.06810 0.01048
v 0.05630 0.06854 0.01961
v 0.05383 0.06810 0.01875
v 0.05273 0.06854 0.02782
v 0.05041 0.06810 0.02660
v 0.04797 0.06854 0.03540
v 0.04587 0.06810 0.03384
v 0.04213 0.06854 0.04218
v 0.04028 0.06810 0.04033
v 0.03534 0.06854 0.04801
v 0.03379 0.06810 0.04590
v 0.02776 0.06854 0.05276
v 0.02654 0.06810 0.05044
v 0.01955 0.06854 0.05632
v 0.01869 0.06810 0.05385
v 0.01090 0.06854 0.05861
v 0.01042 0.06810 0.05604
v 0.00200 0.06854 0.05958
v 0.00191 0.06810 0.05697
v -0.00694 0.06854 0.05921
v -0.00663 0.06810 0.05661
v -0.01572 0.06854 0.05751
v -0.01503 0.06810 0.05498
v -0.02415 0.06854 0.05450
v -0.02309 0.06810 0.05211
v -0.03204 0.06854 0.05027
v -0.03063 0.06810 0.04807
v -0.03920 0.06854 0.04491
v -0.03748 0.06810 0.04294
v -0.04549 0.06854 0.03854
v -0.04349 0.06810 0.03685
v -0.05074 0.06854 0.03129
v -0.04852 0.06810 0.02992
v -0.05485 0.06854 0.02335
v -0.05245 0.06810 0.02232
v -0.05773 0.06854 0.01487
v -0.05520 0.06810 0.01422
v -0.05926 0.06854 0.00647
v -0.05666 0.06810 0.00618
v 0.05300 0.07008 -0.03269
v 0.05729 0.07008 -0.02438
v 0.06030 0.07008 -0.01553
v 0.04751 0.07008 -0.04025
v 0.04095 0.07008 -0.04691
v 0.03347 0.07008 -0.05251
v 0.02523 0.07008 -0.05693
v 0.01642 0.07008 -0.06006
v 0.00725 0.07008 -0.06184
v -0.00209 0.07008 -0.06223
v -0.01138 0.07008 -0.06122
v -0.02042 0.07008 -0.05882
v -0.02899 0.07008 -0.05511
v -0.03692 0.07008 -0.05014
v -0.04400 0.07008 -0.04405
v -0.05010 0.07008 -0.03697
v -0.05507 0.07008 -0.02905
v -0.05880 0.07008 -0.02048
v -0.06120 0.07008 -0.01145
v -0.06223 0.07008 -0.00216
v -0.05958 0.06854 -0.00207
v -0.05697 0.06810 -0.00198
v -0.05860 0.06854 -0.01096
v -0.05603 0.06810 -0.01048
v -0.05630 0.06854 -0.01961
v -0.05383 0.06810 -0.01875
v -0.05273 0.06854 -0.02782
v -0.05041 0.06810 -0.02660
v -0.04797 0.06854 -0.03540
v -0.04586 0.06810 -0.03384
v -0.04213 0.06854 -0.04218
v -0.04028 0.06810 -0.04033
v -0.03534 0.06854 -0.04801
v -0.03379 0.06810 -0.04590
v -0.02776 0.06854 -0.05276
v -0.02654 0.06810 -0.05044
v -0.01955 0.06854 -0.05632
v -0.01869 0.06810 -0.05385
v -0.01090 0.06854 -0.05861
v -0.01042 0.06810 -0.05604
v -0.00200 0.06854 -0.05958
v -0.00191 0.06810 -0.05697
v 0.00694 0.06854 -0.05921
v 0.00664 0.06810 -0.05661
v 0.01572 0.06854 -0.05750
v 0.01503 0.06810 -0.05498
v 0.02416 0.06854 -0.05450
v 0.02310 0.06810 -0.05211
v 0.03204 0.06854 -0.05027
v 0.03064 0.06810 -0.04807
v 0.03920 0.06854 -0.04491
v 0.03748 0.06810 -0.04294
v 0.04549 0.06854 -0.03854
v 0.04349 0.06810 -0.03685
v 0.05074 0.06854 -0.03129
v 0.04852 0.06810 -0.02992
v 0.05485 0.06854 -0.02335
v 0.05245 0.06810 -0.02232
v 0.05773 0.06854 -0.01487
v 0.05520 0.06810 -0.01422
v -0.03683 0.06810 0.03603
v -0.04224 0.06810 0.02951
v -0.04650 0.06810 0.02219
v -0.04951 0.06810 0.01428
v -0.05118 0.06810 0.00597
v -0.05122 0.06810 0.00559
v 0.04374 0.06810 0.02724
v 0.03868 0.06810 0.03404
v 0.03259 0.06810 0.03991
v 0.02561 0.06810 0.04471
v 0.01794 0.06810 0.04830
v 0.00978 0.06810 0.05059
v 0.00136 0.06810 0.05151
v -0.00709 0.06810 0.05104
v -0.01536 0.06810 0.04918
v -0.02321 0.06810 0.04600
v -0.03043 0.06810 0.04158
v 0.05126 0.06810 -0.00521
v 0.05142 0.06810 0.00326
v 0.05020 0.06810 0.01164
v 0.04761 0.06810 0.01971
v 0.03683 0.06810 -0.03603
v 0.04224 0.06810 -0.02951
v 0.04650 0.06810 -0.02219
v 0.04951 0.06810 -0.01428
v 0.05118 0.06810 -0.00597
v 0.05122 0.06810 -0.00559
v -0.04374 0.06810 -0.02724
v -0.04761 0.06810 -0.01971
v -0.05019 0.06810 -0.01164
v -0.05142 0.06810 -0.00326
v -0.05126 0.06810 0.00521
v -0.03868 0.06810 -0.03404
v -0.03259 0.06810 -0.03991
v -0.02561 0.06810 -0.04471
v -0.01794 0.06810 -0.04830
v -0.00978 0.06810 -0.05059
v -0.00136 0.06810 -0.05151
v 0.00710 0.06810 -0.05104
v 0.01536 0.06810 -0.04918
v 0.02321 0.06810 -0.04600
v 0.03043 0.06810 -0.04158
v -0.04362 0.06572 0.00476
v -0.04302 0.06572 0.00865
v -0.04302 0.06722 0.00865
v -0.03960 0.06572 0.01890
v -0.03960 0.06722 0.01890
v -0.03379 0.06572 0.02801
v -0.03379 0.06722 0.02801
v -0.02592 0.06572 0.03541
v -0.02592 0.06722 0.03541
v -0.01648 0.06572 0.04067
v -0.01648 0.06722 0.04067
v -0.00604 0.06572 0.04347
v -0.00604 0.06722 0.04347
v 0.00476 0.06572 0.04362
v 0.01528 0.06572 0.04114
v 0.01528 0.06722 0.04114
v 0.02487 0.06572 0.03616
v 0.02487 0.06722 0.03616
v 0.03295 0.06572 0.02899
v 0.03295 0.06722 0.02899
v 0.03903 0.06572 0.02006
v 0.03903 0.06722 0.02006
v 0.04275 0.06572 0.00991
v 0.04275 0.06722 0.00991
v 0.04388 0.06572 -0.00083
v 0.04388 0.06722 -0.00083
v 0.04362 0.06572 -0.00476
v -0.04837 0.06572 0.00528
v -0.04894 0.06682 0.00534
v -0.04840 0.06572 0.00492
v -0.04898 0.06682 0.00498
v -0.04856 0.06572 -0.00308
v -0.04913 0.06682 -0.00312
v -0.04739 0.06572 -0.01099
v -0.04796 0.06682 -0.01112
v -0.04495 0.06572 -0.01861
v -0.04549 0.06682 -0.01883
v -0.04130 0.06572 -0.02572
v -0.04179 0.06682 -0.02603
v -0.03653 0.06572 -0.03214
v -0.03696 0.06682 -0.03252
v -0.03077 0.06572 -0.03769
v -0.03114 0.06682 -0.03814
v -0.02418 0.06572 -0.04222
v -0.02447 0.06682 -0.04272
v -0.01694 0.06572 -0.04561
v -0.01714 0.06682 -0.04615
v -0.00924 0.06572 -0.04777
v -0.00935 0.06682 -0.04834
v -0.00129 0.06572 -0.04864
v -0.00130 0.06682 -0.04922
v 0.00670 0.06572 -0.04819
v 0.00678 0.06682 -0.04876
v 0.01450 0.06572 -0.04644
v 0.01468 0.06682 -0.04700
v 0.02192 0.06572 -0.04344
v 0.02218 0.06682 -0.04396
v 0.02874 0.06572 -0.03926
v 0.02908 0.06682 -0.03973
v 0.03478 0.06572 -0.03402
v 0.03519 0.06682 -0.03443
v 0.03988 0.06572 -0.02787
v 0.04036 0.06682 -0.02820
v 0.04391 0.06572 -0.02096
v 0.04443 0.06682 -0.02121
v 0.04675 0.06572 -0.01348
v 0.04731 0.06682 -0.01364
v 0.04833 0.06572 -0.00564
v 0.04890 0.06682 -0.00571
v 0.04837 0.06572 -0.00528
v 0.04894 0.06682 -0.00534
v -0.05004 0.06774 0.00546
v -0.05008 0.06774 0.00509
v -0.05024 0.06774 -0.00319
v -0.04904 0.06774 -0.01137
v -0.04651 0.06774 -0.01925
v -0.04273 0.06774 -0.02661
v -0.03779 0.06774 -0.03325
v -0.03184 0.06774 -0.03899
v -0.02502 0.06774 -0.04368
v -0.01752 0.06774 -0.04719
v -0.00956 0.06774 -0.04942
v -0.00133 0.06774 -0.05032
v 0.00693 0.06774 -0.04986
v 0.01501 0.06774 -0.04805
v 0.02268 0.06774 -0.04494
v 0.02973 0.06774 -0.04062
v 0.03598 0.06774 -0.03520
v 0.04127 0.06774 -0.02883
v 0.04543 0.06774 -0.02168
v 0.04837 0.06774 -0.01395
v 0.05000 0.06774 -0.00584
v 0.05004 0.06774 -0.00546
v 0.04840 0.06572 -0.00492
v 0.04898 0.06682 -0.00497
v 0.04856 0.06572 0.00308
v 0.04914 0.06682 0.00312
v 0.04740 0.06572 0.01099
v 0.04796 0.06682 0.01112
v 0.04495 0.06572 0.01861
v 0.04549 0.06682 0.01883
v 0.04130 0.06572 0.02572
v 0.04179 0.06682 0.02603
v 0.03653 0.06572 0.03214
v 0.03696 0.06682 0.03252
v 0.03077 0.06572 0.03769
v 0.03114 0.06682 0.03814
v 0.02418 0.06572 0.04222
v 0.02447 0.06682 0.04272
v 0.01694 0.06572 0.04561
v 0.01714 0.06682 0.04616
v 0.00924 0.06572 0.04777
v 0.00935 0.06682 0.04834
v 0.00129 0.06572 0.04864
v 0.00130 0.06682 0.04922
v -0.00670 0.06572 0.04819
v -0.00678 0.06682 0.04877
v -0.01450 0.06572 0.04644
v -0.01468 0.06682 0.04700
v -0.02191 0.06572 0.04344
v -0.02218 0.06682 0.04396
v -0.02873 0.06572 0.03926
v -0.02908 0.06682 0.03973
v -0.03478 0.06572 0.03402
v -0.03519 0.06682 0.03443
v -0.03988 0.06572 0.02787
v -0.04036 0.06682 0.02820
v -0.04391 0.06572 0.02096
v -0.04443 0.06682 0.02121
v -0.04675 0.06572 0.01348
v -0.04731 0.06682 0.01364
v -0.04832 0.06572 0.00564
v -0.04890 0.06682 0.00571
v 0.05008 0.06774 -0.00509
v 0.05024 0.06774 0.00319
v 0.04904 0.06774 0.01137
v 0.04651 0.06774 0.01925
v 0.04273 0.06774 0.02661
v 0.03779 0.06774 0.03325
v 0.03184 0.06774 0.03900
v 0.02502 0.06774 0.04368
v 0.01752 0.06774 0.04719
v 0.00956 0.06774 0.04942
v 0.00133 0.06774 0.05032
v -0.00693 0.06774 0.04986
v -0.01501 0.06774 0.04805
v -0.02267 0.06774 0.04494
v -0.02973 0.06774 0.04062
v -0.03598 0.06774 0.03520
v -0.04126 0.06774 0.02883
v -0.04543 0.06774 0.02168
v -0.04837 0.06774 0.01395
v -0.05000 0.06774 0.00584
v 0.01648 0.06572 -0.04067
v 0.02592 0.06572 -0.03541
v 0.03379 0.06572 -0.02801
v -0.03903 0.06572 -0.02006
v -0.03295 0.06572 -0.02899
v -0.02486 0.06572 -0.03616
v -0.04387 0.06572 0.00083
v -0.04275 0.06572 -0.00991
v -0.01528 0.06572 -0.04114
v -0.00476 0.06572 -0.04362
v 0.00604 0.06572 -0.04346
v 0.03960 0.06572 -0.01890
v 0.04302 0.06572 -0.00865
v 0.04302 0.06722 -0.00865
v 0.03960 0.06722 -0.01890
v 0.03379 0.06722 -0.02801
v 0.02592 0.06722 -0.03541
v 0.01648 0.06722 -0.04067
v 0.00604 0.06722 -0.04346
v -0.01528 0.06722 -0.04114
v -0.02486 0.06722 -0.03616
v -0.03295 0.06722 -0.02899
v -0.03903 0.06722 -0.02006
v -0.04275 0.06722 -0.00991
v -0.04387 0.06722 0.00083
v -0.01291 0.05898 -0.03956
v -0.01449 0.05898 -0.03901
v -0.03595 0.05898 -0.02096
v -0.03701 0.05898 -0.01902
v -0.04137 0.05898 0.00452
v -0.04161 0.05898 0.00074
v -0.04106 0.05898 -0.00680
v -0.04054 0.05898 -0.00940
v -0.03915 0.05898 -0.01411
v -0.03157 0.05898 -0.02712
v -0.02614 0.05898 -0.03238
v -0.02358 0.05898 -0.03429
v -0.01985 0.05898 -0.03658
v -0.00554 0.05898 -0.04125
v -0.00451 0.05898 -0.04137
v 0.00407 0.05898 -0.04142
v -0.00349 0.05898 -0.04147
v 0.01854 0.05898 -0.03726
v 0.01563 0.05898 -0.03857
v 0.01150 0.05898 -0.04000
v 0.00573 0.05898 -0.04122
v 0.02497 0.05898 -0.03329
v 0.03058 0.05898 -0.02822
v 0.03204 0.05898 -0.02656
v 0.03518 0.05898 -0.02223
v 0.03756 0.05898 -0.01793
v 0.04137 0.05898 -0.00451
v 0.04079 0.05898 -0.00825
v 0.03862 0.05898 -0.01550
v 0.01291 0.05898 0.03956
v 0.01449 0.05898 0.03901
v 0.03595 0.05898 0.02096
v 0.03702 0.05898 0.01902
v 0.04161 0.05898 -0.00074
v 0.04106 0.05898 0.00680
v 0.04054 0.05898 0.00940
v 0.03915 0.05898 0.01411
v 0.03157 0.05898 0.02712
v 0.02614 0.05898 0.03238
v 0.02358 0.05898 0.03429
v 0.01985 0.05898 0.03658
v 0.00554 0.05898 0.04125
v 0.00452 0.05898 0.04137
v -0.00407 0.05898 0.04142
v 0.00349 0.05898 0.04147
v -0.01854 0.05898 0.03726
v -0.01563 0.05898 0.03857
v -0.01149 0.05898 0.04000
v -0.00573 0.05898 0.04122
v -0.02497 0.05898 0.03329
v -0.03058 0.05898 0.02822
v -0.03204 0.05898 0.02656
v -0.03518 0.05898 0.02223
v -0.03756 0.05898 0.01793
v -0.04079 0.05898 0.00825
v -0.03862 0.05898 0.01550
v -0.00441 0.05684 -0.04043
v -0.00541 0.05684 -0.04031
v 0.00368 0.05310 0.03370
v 0.00393 0.05344 0.03600
v 0.00304 0.05344 0.03609
v 0.00284 0.05310 0.03378
v -0.00354 0.05344 0.03604
v -0.00332 0.05310 0.03374
v -0.01000 0.05344 0.03481
v -0.00936 0.05310 0.03258
v -0.01613 0.05344 0.03242
v -0.01510 0.05310 0.03035
v -0.02173 0.05344 0.02897
v -0.02034 0.05310 0.02712
v -0.02661 0.05344 0.02456
v -0.02491 0.05310 0.02299
v -0.03062 0.05344 0.01934
v -0.02866 0.05310 0.01811
v -0.03361 0.05344 0.01348
v -0.03146 0.05310 0.01262
v -0.03549 0.05344 0.00718
v -0.03323 0.05310 0.00672
v -0.03621 0.05344 0.00064
v -0.03390 0.05310 0.00060
v -0.03573 0.05344 -0.00592
v -0.03345 0.05310 -0.00554
v -0.03407 0.05344 -0.01228
v -0.03189 0.05310 -0.01150
v -0.03128 0.05344 -0.01824
v -0.02929 0.05310 -0.01708
v -0.02747 0.05344 -0.02360
v -0.02572 0.05310 -0.02209
v -0.02275 0.05344 -0.02818
v -0.02130 0.05310 -0.02638
v -0.01727 0.05344 -0.03183
v -0.01617 0.05310 -0.02980
v -0.01123 0.05344 -0.03443
v -0.01052 0.05310 -0.03223
v -0.00482 0.05344 -0.03589
v -0.00451 0.05310 -0.03360
v -0.00393 0.05344 -0.03600
v -0.00368 0.05310 -0.03370
v -0.01262 0.05684 -0.03867
v -0.03514 0.05684 -0.02049
v -0.03085 0.05684 -0.02651
v -0.02555 0.05684 -0.03165
v -0.01940 0.05684 -0.03575
v -0.03826 0.05684 -0.01379
v -0.04013 0.05684 -0.00664
v -0.04067 0.05684 0.00072
v -0.03987 0.05684 0.00807
v -0.03775 0.05684 0.01515
v -0.01812 0.05684 0.03642
v -0.02441 0.05684 0.03254
v -0.02989 0.05684 0.02759
v -0.03439 0.05684 0.02172
v -0.01123 0.05684 0.03909
v -0.00398 0.05684 0.04048
v 0.00341 0.05684 0.04053
v 0.00441 0.05684 0.04044
v 0.00420 0.05474 0.03852
v 0.00325 0.05474 0.03862
v -0.00379 0.05474 0.03857
v -0.01070 0.05474 0.03725
v -0.01726 0.05474 0.03469
v -0.02325 0.05474 0.03100
v -0.02848 0.05474 0.02628
v -0.03276 0.05474 0.02070
v -0.03597 0.05474 0.01443
v -0.03798 0.05474 0.00769
v -0.03875 0.05474 0.00069
v -0.03823 0.05474 -0.00633
v -0.03646 0.05474 -0.01314
v -0.03348 0.05474 -0.01952
v -0.02939 0.05474 -0.02525
v -0.02434 0.05474 -0.03015
v -0.01849 0.05474 -0.03406
v -0.01202 0.05474 -0.03684
v -0.00516 0.05474 -0.03841
v -0.00420 0.05474 -0.03852
v -0.00407 0.04722 0.04142
v -0.00573 0.04722 0.04122
v -0.03058 0.04722 0.02822
v -0.03204 0.04722 0.02656
v -0.04137 0.04722 0.00452
v -0.04079 0.04722 0.00825
v -0.03862 0.04722 0.01550
v -0.03756 0.04722 0.01793
v -0.03518 0.04722 0.02223
v -0.02497 0.04722 0.03329
v -0.01854 0.04722 0.03726
v -0.01563 0.04722 0.03857
v -0.01149 0.04722 0.04000
v 0.00349 0.04722 0.04147
v 0.00452 0.04722 0.04137
v 0.01291 0.04722 0.03956
v 0.00554 0.04722 0.04125
v 0.02614 0.04722 0.03238
v 0.02358 0.04722 0.03429
v 0.01985 0.04722 0.03658
v 0.01449 0.04722 0.03901
v 0.03157 0.04722 0.02712
v 0.03595 0.04722 0.02096
v 0.03702 0.04722 0.01902
v 0.03915 0.04722 0.01411
v 0.04054 0.04722 0.00940
v 0.04137 0.04722 -0.00451
v 0.04161 0.04722 -0.00074
v 0.04106 0.04722 0.00680
v 0.00407 0.04722 -0.04142
v 0.00573 0.04722 -0.04122
v 0.03058 0.04722 -0.02822
v 0.03204 0.04722 -0.02656
v 0.04079 0.04722 -0.00825
v 0.03862 0.04722 -0.01550
v 0.03756 0.04722 -0.01793
v 0.03518 0.04722 -0.02223
v 0.02497 0.04722 -0.03329
v 0.01854 0.04722 -0.03726
v 0.01563 0.04722 -0.03857
v 0.01150 0.04722 -0.04000
v -0.00349 0.04722 -0.04147
v -0.00451 0.04722 -0.04137
v -0.01291 0.04722 -0.03956
v -0.00554 0.04722 -0.04125
v -0.02614 0.04722 -0.03238
v -0.02358 0.04722 -0.03429
v -0.01985 0.04722 -0.03658
v -0.01449 0.04722 -0.03901
v -0.03157 0.04722 -0.02712
v -0.03595 0.04722 -0.02096
v -0.03701 0.04722 -0.01902
v -0.03915 0.04722 -0.01411
v -0.04054 0.04722 -0.00940
v -0.04161 0.04722 0.00074
v -0.04106 0.04722 -0.00680
v 0.00441 0.04936 0.04044
v 0.00341 0.04936 0.04053
v -0.00393 0.05276 -0.03600
v -0.00482 0.05276 -0.03589
v -0.01123 0.05276 -0.03443
v -0.01727 0.05276 -0.03183
v -0.02275 0.05276 -0.02818
v -0.02747 0.05276 -0.02360
v -0.03128 0.05276 -0.01824
v -0.03407 0.05276 -0.01228
v -0.03573 0.05276 -0.00592
v -0.03621 0.05276 0.00064
v -0.03549 0.05276 0.00718
v -0.03361 0.05276 0.01348
v -0.03062 0.05276 0.01934
v -0.02661 0.05276 0.02456
v -0.02173 0.05276 0.02897
v -0.01613 0.05276 0.03242
v -0.01000 0.05276 0.03481
v -0.00354 0.05276 0.03604
v 0.00304 0.05276 0.03609
v 0.00393 0.05276 0.03600
v -0.00398 0.04936 0.04048
v -0.02989 0.04936 0.02759
v -0.02441 0.04936 0.03254
v -0.01812 0.04936 0.03642
v -0.01123 0.04936 0.03909
v -0.03439 0.04936 0.02172
v -0.03775 0.04936 0.01515
v -0.03987 0.04936 0.00807
v -0.04067 0.04936 0.00072
v -0.04013 0.04936 -0.00664
v -0.02555 0.04936 -0.03165
v -0.03085 0.04936 -0.02651
v -0.03514 0.04936 -0.02049
v -0.03826 0.04936 -0.01379
v -0.01940 0.04936 -0.03575
v -0.01262 0.04936 -0.03867
v -0.00541 0.04936 -0.04031
v -0.00441 0.04936 -0.04043
v -0.00420 0.05146 -0.03852
v -0.00516 0.05146 -0.03841
v -0.01202 0.05146 -0.03684
v -0.01849 0.05146 -0.03406
v -0.02434 0.05146 -0.03015
v -0.02939 0.05146 -0.02525
v -0.03348 0.05146 -0.01952
v -0.03646 0.05146 -0.01314
v -0.03823 0.05146 -0.00633
v -0.03875 0.05146 0.00069
v -0.03798 0.05146 0.00769
v -0.03597 0.05146 0.01443
v -0.03276 0.05146 0.02070
v -0.02848 0.05146 0.02628
v -0.02325 0.05146 0.03100
v -0.01726 0.05146 0.03469
v -0.01070 0.05146 0.03725
v -0.00379 0.05146 0.03857
v 0.00325 0.05146 0.03862
v 0.00420 0.05146 0.03852
v 0.00541 0.05684 0.04031
v 0.03345 0.05310 0.00554
v 0.03388 0.05310 0.00136
v 0.03621 0.05344 -0.00064
v 0.03573 0.05344 0.00592
v 0.03407 0.05344 0.01228
v 0.03189 0.05310 0.01150
v 0.03128 0.05344 0.01824
v 0.02929 0.05310 0.01708
v 0.02747 0.05344 0.02360
v 0.02572 0.05310 0.02209
v 0.02275 0.05344 0.02818
v 0.02130 0.05310 0.02638
v 0.01727 0.05344 0.03183
v 0.01617 0.05310 0.02980
v 0.01123 0.05344 0.03443
v 0.01052 0.05310 0.03223
v 0.00482 0.05344 0.03589
v 0.00451 0.05310 0.03360
v 0.01262 0.05684 0.03867
v 0.03514 0.05684 0.02049
v 0.03085 0.05684 0.02651
v 0.02555 0.05684 0.03165
v 0.01940 0.05684 0.03575
v 0.03827 0.05684 0.01379
v 0.04013 0.05684 0.00665
v 0.04067 0.05684 -0.00072
v 0.03987 0.05684 -0.00807
v 0.03775 0.05684 -0.01514
v 0.01812 0.05684 -0.03642
v 0.02441 0.05684 -0.03254
v 0.02989 0.05684 -0.02758
v 0.03439 0.05684 -0.02172
v 0.01124 0.05684 -0.03909
v 0.00398 0.05684 -0.04048
v -0.00341 0.05684 -0.04053
v -0.00325 0.05474 -0.03862
v 0.03361 0.05344 -0.01348
v 0.02866 0.05310 -0.01811
v 0.03062 0.05344 -0.01934
v 0.02492 0.05310 -0.02299
v 0.02661 0.05344 -0.02456
v 0.02034 0.05310 -0.02712
v 0.02173 0.05344 -0.02897
v 0.01510 0.05310 -0.03035
v 0.01613 0.05344 -0.03242
v 0.00937 0.05310 -0.03258
v 0.01000 0.05344 -0.03481
v 0.00332 0.05310 -0.03374
v 0.00354 0.05344 -0.03604
v -0.00284 0.05310 -0.03378
v -0.00303 0.05344 -0.03609
v 0.03390 0.05310 -0.00060
v 0.03323 0.05310 -0.00672
v 0.03550 0.05344 -0.00718
v 0.03279 0.05310 -0.00864
v 0.03147 0.05310 -0.01262
v 0.00379 0.05474 -0.03857
v 0.01070 0.05474 -0.03724
v 0.01726 0.05474 -0.03469
v 0.02326 0.05474 -0.03100
v 0.02848 0.05474 -0.02628
v 0.03276 0.05474 -0.02070
v 0.03597 0.05474 -0.01443
v 0.03798 0.05474 -0.00769
v 0.03875 0.05474 -0.00069
v 0.03823 0.05474 0.00633
v 0.03646 0.05474 0.01314
v 0.03348 0.05474 0.01952
v 0.02939 0.05474 0.02525
v 0.02434 0.05474 0.03015
v 0.01849 0.05474 0.03406
v 0.01202 0.05474 0.03684
v 0.00516 0.05474 0.03841
v 0.02888 0.05310 -0.00483
v 0.03001 0.05310 -0.00702
v 0.03204 0.05310 -0.00842
v 0.03310 0.05310 0.00131
v 0.02878 0.05310 -0.00314
v 0.02924 0.05310 -0.00151
v 0.03082 0.05310 0.00039
v 0.03432 0.05296 -0.00871
v 0.03601 0.05250 -0.00823
v 0.03361 0.05276 -0.01348
v 0.03844 0.05138 -0.00568
v 0.03798 0.05146 -0.00769
v 0.03747 0.05188 -0.00716
v 0.04067 0.04936 -0.00072
v 0.03882 0.05122 -0.00424
v 0.03875 0.05139 -0.00270
v 0.03678 0.05220 -0.00776
v 0.03597 0.05146 -0.01443
v 0.03062 0.05276 -0.01934
v 0.02661 0.05276 -0.02456
v 0.02173 0.05276 -0.02897
v 0.01613 0.05276 -0.03242
v 0.01000 0.05276 -0.03481
v 0.00354 0.05276 -0.03604
v -0.00303 0.05276 -0.03609
v 0.00398 0.04936 -0.04048
v -0.00341 0.04936 -0.04053
v 0.01124 0.04936 -0.03909
v 0.01812 0.04936 -0.03642
v 0.02441 0.04936 -0.03254
v 0.02989 0.04936 -0.02758
v 0.03987 0.04936 -0.00807
v 0.03775 0.04936 -0.01514
v 0.03439 0.04936 -0.02172
v 0.04013 0.04936 0.00665
v 0.02555 0.04936 0.03165
v 0.03085 0.04936 0.02651
v 0.03514 0.04936 0.02049
v 0.03827 0.04936 0.01379
v 0.01940 0.04936 0.03575
v 0.01262 0.04936 0.03867
v 0.00541 0.04936 0.04031
v 0.00516 0.05146 0.03841
v 0.00482 0.05276 0.03589
v 0.03573 0.05276 0.00592
v 0.03691 0.05251 0.00029
v 0.03536 0.05296 0.00112
v 0.01123 0.05276 0.03443
v 0.01727 0.05276 0.03183
v 0.02275 0.05276 0.02818
v 0.02747 0.05276 0.02360
v 0.03128 0.05276 0.01824
v 0.03407 0.05276 0.01228
v 0.03875 0.05146 -0.00069
v 0.03811 0.05189 -0.00106
v 0.03823 0.05146 0.00633
v 0.03759 0.05220 -0.00035
v 0.03276 0.05146 -0.02070
v 0.02848 0.05146 -0.02628
v 0.02326 0.05146 -0.03100
v 0.01726 0.05146 -0.03469
v 0.01070 0.05146 -0.03724
v 0.00379 0.05146 -0.03857
v -0.00325 0.05146 -0.03862
v 0.01202 0.05146 0.03684
v 0.01849 0.05146 0.03406
v 0.02434 0.05146 0.03015
v 0.02939 0.05146 0.02525
v 0.03348 0.05146 0.01952
v 0.03646 0.05146 0.01314
v 0.03882 0.04818 -0.00424
v 0.03880 0.04819 -0.00443
v 0.03679 0.04983 -0.00776
v 0.03741 0.04939 -0.00722
v 0.03806 0.04884 -0.00640
v 0.03837 0.04855 -0.00583
v 0.03594 0.05031 -0.00826
v 0.03429 0.05091 -0.00871
v 0.03279 0.05110 -0.00864
v 0.03204 0.05110 -0.00842
v 0.03001 0.05110 -0.00702
v 0.02888 0.05110 -0.00483
v 0.02878 0.05110 -0.00314
v 0.03880 0.04840 -0.00298
v 0.03872 0.04857 -0.00253
v 0.03826 0.04920 -0.00133
v 0.03759 0.04983 -0.00036
v 0.03714 0.05015 0.00010
v 0.03633 0.05059 0.00068
v 0.03569 0.05082 0.00099
v 0.02924 0.05110 -0.00151
v 0.03082 0.05110 0.00039
v 0.03310 0.05110 0.00131
v 0.03388 0.05110 0.00136
v 0.03411 0.05110 0.00135
v -0.00431 0.04669 -0.03945
v -0.00418 0.04888 -0.03834
v -0.00568 0.04669 -0.03928
v -0.00552 0.04888 -0.03817
v -0.01307 0.04669 -0.03747
v -0.01270 0.04888 -0.03641
v -0.01382 0.04669 -0.03721
v -0.01942 0.04888 -0.03332
v -0.01998 0.04669 -0.03429
v -0.03048 0.04888 -0.02362
v -0.02980 0.04669 -0.02622
v -0.02542 0.04888 -0.02900
v -0.02616 0.04669 -0.02985
v -0.02249 0.04669 -0.03270
v -0.03711 0.04888 -0.01048
v -0.03819 0.04669 -0.01079
v -0.03443 0.04888 -0.01737
v -0.03543 0.04669 -0.01788
v -0.03137 0.04669 -0.02431
v -0.03398 0.04888 0.01824
v -0.03582 0.04669 0.01710
v -0.03683 0.04888 0.01142
v -0.03791 0.04669 0.01176
v -0.03834 0.04888 0.00418
v -0.03945 0.04669 0.00431
v -0.03843 0.04888 -0.00321
v -0.03955 0.04669 -0.00330
v -0.03866 0.04669 -0.00897
v -0.02467 0.04888 0.02964
v -0.02539 0.04669 0.03050
v -0.02987 0.04888 0.02439
v -0.03074 0.04669 0.02510
v -0.03497 0.04669 0.01877
v -0.01177 0.04888 0.03673
v -0.01490 0.04669 0.03678
v -0.01856 0.04888 0.03380
v -0.01910 0.04669 0.03479
v -0.02344 0.04669 0.03203
v -0.00455 0.04888 0.03830
v -0.00546 0.04669 0.03931
v -0.01211 0.04669 0.03779
v 0.00418 0.04888 0.03834
v 0.00431 0.04669 0.03945
v 0.00284 0.04888 0.03846
v 0.00293 0.04669 0.03958
v -0.00468 0.04669 0.03941
v 0.00368 0.05110 0.03370
v 0.00394 0.05060 0.03609
v 0.00250 0.05110 0.03381
v 0.00268 0.05060 0.03621
v -0.00400 0.05110 0.03367
v -0.00428 0.05060 0.03605
v -0.01035 0.05110 0.03229
v -0.01108 0.05060 0.03458
v -0.01632 0.05110 0.02972
v -0.01748 0.05060 0.03183
v -0.02169 0.05110 0.02606
v -0.02323 0.05060 0.02791
v -0.02626 0.05110 0.02144
v -0.02812 0.05060 0.02296
v -0.02987 0.05110 0.01604
v -0.03199 0.05060 0.01717
v -0.03238 0.05110 0.01004
v -0.03468 0.05060 0.01075
v -0.03370 0.05110 0.00368
v -0.03609 0.05060 0.00394
v -0.03379 0.05110 -0.00282
v -0.03618 0.05060 -0.00302
v -0.03263 0.05110 -0.00921
v -0.03494 0.05060 -0.00987
v -0.03027 0.05110 -0.01527
v -0.03242 0.05060 -0.01635
v -0.02680 0.05110 -0.02077
v -0.02870 0.05060 -0.02224
v -0.02234 0.05110 -0.02550
v -0.02393 0.05060 -0.02731
v -0.01707 0.05110 -0.02929
v -0.01828 0.05060 -0.03137
v -0.01116 0.05110 -0.03201
v -0.01196 0.05060 -0.03428
v -0.00485 0.05110 -0.03355
v -0.00520 0.05060 -0.03593
v -0.00368 0.05110 -0.03370
v -0.00394 0.05060 -0.03609
v 0.03443 0.04888 0.01737
v 0.03711 0.04888 0.01048
v 0.03819 0.04669 0.01079
v 0.03843 0.04888 0.00321
v 0.03468 0.05060 -0.01075
v 0.03238 0.05110 -0.01004
v 0.03684 0.04888 -0.01142
v 0.03791 0.04669 -0.01175
v 0.03945 0.04669 -0.00431
v 0.03618 0.05060 0.00302
v 0.03379 0.05110 0.00282
v 0.03263 0.05110 0.00921
v 0.03494 0.05060 0.00987
v 0.03027 0.05110 0.01527
v 0.03242 0.05060 0.01635
v 0.02680 0.05110 0.02077
v 0.02870 0.05060 0.02224
v 0.02234 0.05110 0.02550
v 0.02393 0.05060 0.02731
v 0.01707 0.05110 0.02929
v 0.01828 0.05060 0.03137
v 0.01117 0.05110 0.03201
v 0.01196 0.05060 0.03428
v 0.00485 0.05110 0.03355
v 0.00520 0.05060 0.03593
v 0.00568 0.04669 0.03928
v 0.00552 0.04888 0.03817
v 0.01307 0.04669 0.03747
v 0.01270 0.04888 0.03641
v 0.01382 0.04669 0.03721
v 0.01942 0.04888 0.03332
v 0.01998 0.04669 0.03429
v 0.03048 0.04888 0.02362
v 0.02980 0.04669 0.02622
v 0.02542 0.04888 0.02901
v 0.02616 0.04669 0.02985
v 0.02249 0.04669 0.03270
v 0.03543 0.04669 0.01788
v 0.03530 0.04669 0.01814
v 0.03137 0.04669 0.02431
v 0.03955 0.04669 0.00330
v 0.03866 0.04669 0.00897
v 0.03582 0.04669 -0.01709
v 0.03398 0.04888 -0.01824
v 0.03497 0.04669 -0.01877
v 0.03074 0.04669 -0.02510
v 0.02987 0.04888 -0.02439
v 0.03056 0.04669 -0.02533
v 0.02467 0.04888 -0.02964
v 0.02539 0.04669 -0.03050
v 0.01177 0.04888 -0.03672
v 0.01490 0.04669 -0.03678
v 0.01856 0.04888 -0.03380
v 0.01910 0.04669 -0.03479
v 0.02344 0.04669 -0.03203
v 0.00455 0.04888 -0.03830
v 0.00547 0.04669 -0.03931
v 0.01211 0.04669 -0.03779
v -0.00284 0.04888 -0.03846
v -0.00293 0.04669 -0.03958
v 0.00468 0.04669 -0.03941
v -0.00250 0.05110 -0.03381
v -0.00268 0.05060 -0.03621
v 0.00400 0.05110 -0.03367
v 0.00428 0.05060 -0.03605
v 0.01035 0.05110 -0.03228
v 0.01108 0.05060 -0.03457
v 0.01632 0.05110 -0.02972
v 0.01748 0.05060 -0.03183
v 0.02169 0.05110 -0.02606
v 0.02323 0.05060 -0.02791
v 0.02626 0.05110 -0.02144
v 0.02813 0.05060 -0.02296
v 0.02987 0.05110 -0.01604
v 0.03199 0.05060 -0.01717
v -0.01542 0.05110 0.01929
v 0.02063 0.05110 -0.01954
v -0.01580 0.05110 0.01218
v -0.01661 0.05110 0.01120
v -0.01736 0.05110 0.00158
v 0.01721 0.05110 -0.01575
v 0.01663 0.05110 -0.01462
v 0.01226 0.05110 -0.01390
v 0.02169 0.05110 -0.01345
v 0.02174 0.05110 -0.01432
v 0.00783 0.05110 0.01139
v -0.00519 0.05110 0.01281
v -0.00145 0.05110 0.01040
v 0.01023 0.05110 0.00237
v 0.01493 0.05110 0.01062
v 0.00788 0.05110 0.00694
v 0.00366 0.05110 0.00984
v -0.00787 0.05110 -0.01170
v 0.00516 0.05110 -0.01312
v 0.00145 0.05110 -0.01040
v -0.00365 0.05110 -0.00984
v -0.00788 0.05110 -0.00694
v -0.01497 0.05110 -0.01093
v -0.01023 0.05110 -0.00237
v -0.01365 0.05110 0.00118
v -0.01044 0.05110 0.00114
v -0.01229 0.05110 0.01359
v -0.00948 0.05110 0.00452
v -0.00620 0.05110 0.00847
v 0.01358 0.05110 -0.00180
v 0.01044 0.05110 -0.00114
v 0.00948 0.05110 -0.00452
v 0.00620 0.05110 -0.00847
v -0.02432 0.05110 -0.00929
v -0.02408 0.05110 -0.00845
v -0.02327 0.05110 -0.00747
v -0.02209 0.05110 -0.00700
v -0.02083 0.05110 -0.00714
v -0.01978 0.05110 -0.00786
v -0.01920 0.05110 -0.00899
v -0.01868 0.05110 -0.01052
v -0.01915 0.05110 -0.00985
v -0.01939 0.05110 -0.01069
v -0.01919 0.05110 -0.01519
v -0.02020 0.05110 -0.01167
v -0.02138 0.05110 -0.01215
v -0.02264 0.05110 -0.01201
v -0.02369 0.05110 -0.01129
v -0.02427 0.05110 -0.01016
v 0.01880 0.05110 -0.01146
v 0.02246 0.05110 -0.00277
v 0.02006 0.05110 -0.01160
v 0.02111 0.05110 -0.01232
v 0.01657 0.05110 -0.01375
v 0.01681 0.05110 -0.01292
v 0.01762 0.05110 -0.01194
v 0.01825 0.05110 -0.01647
v 0.01175 0.05110 -0.01857
v 0.02151 0.05110 -0.01516
v 0.02069 0.05110 -0.01613
v 0.01952 0.05110 -0.01661
v -0.01171 0.05110 0.01888
v -0.01620 0.05110 0.01502
v -0.02050 0.05110 0.01442
v -0.01969 0.05110 0.01540
v -0.01851 0.05110 0.01587
v -0.01724 0.05110 0.01574
v -0.01779 0.05110 0.01072
v -0.01905 0.05110 0.01086
v -0.02010 0.05110 0.01158
v -0.02068 0.05110 0.01271
v -0.02073 0.05110 0.01358
v 0.01864 0.05110 0.00735
v 0.02381 0.05110 0.00965
v 0.02294 0.05110 0.00795
v 0.02318 0.05110 0.00879
v 0.01806 0.05110 0.00848
v 0.01801 0.05110 0.00935
v 0.01825 0.05110 0.01019
v 0.02213 0.05110 0.00697
v 0.02095 0.05110 0.00649
v 0.01969 0.05110 0.00663
v 0.01906 0.05110 0.01117
v 0.02023 0.05110 0.01165
v 0.01551 0.05110 0.01591
v 0.02150 0.05110 0.01151
v 0.02439 0.05110 0.01494
v 0.02254 0.05110 0.01079
v 0.02312 0.05110 0.00966
v -0.00497 0.05110 -0.02295
v -0.00503 0.05110 -0.02208
v -0.00838 0.05110 -0.01637
v -0.00479 0.05110 -0.02125
v -0.00398 0.05110 -0.02027
v -0.00280 0.05110 -0.01979
v 0.00465 0.05110 -0.01780
v -0.00154 0.05110 -0.01993
v -0.00009 0.05110 -0.02349
v -0.00091 0.05110 -0.02446
v -0.00208 0.05110 -0.02494
v -0.00335 0.05110 -0.02480
v -0.00439 0.05110 -0.02408
v -0.00049 0.05110 -0.02065
v 0.00009 0.05110 -0.02178
v 0.00014 0.05110 -0.02265
v -0.01548 0.05110 -0.01560
v -0.00461 0.05110 0.01811
v 0.00411 0.05110 0.02151
v 0.00294 0.05110 0.02104
v 0.00841 0.05110 0.01669
v 0.00104 0.05110 0.02571
v 0.00222 0.05110 0.02619
v 0.00348 0.05110 0.02605
v 0.00453 0.05110 0.02533
v 0.00511 0.05110 0.02420
v 0.00167 0.05110 0.02117
v 0.00063 0.05110 0.02189
v 0.00004 0.05110 0.02302
v -0.00001 0.05110 0.02389
v 0.00023 0.05110 0.02473
v 0.00516 0.05110 0.02333
v 0.00492 0.05110 0.02249
v -0.01556 0.05110 0.01302
v -0.01562 0.05110 0.01389
v 0.04171 0.03845 -0.00455
v -0.04171 0.03845 0.00455
v -0.04126 0.03845 0.00760
v -0.03945 0.03845 0.01429
v -0.03786 0.03845 0.01807
v -0.03655 0.03845 0.02060
v -0.03266 0.03845 0.02634
v -0.02787 0.03845 0.03136
v -0.02478 0.03845 0.03386
v -0.02232 0.03845 0.03552
v -0.01616 0.03845 0.03872
v -0.00956 0.03845 0.04085
v -0.00578 0.03845 0.04156
v -0.00270 0.03845 0.04187
v 0.04194 0.03845 -0.00111
v 0.04156 0.03845 0.00578
v 0.04087 0.03845 0.00948
v 0.04005 0.03845 0.01251
v 0.03746 0.03845 0.01890
v 0.03732 0.03845 0.01918
v 0.03386 0.03845 0.02478
v 0.03150 0.03845 0.02771
v 0.02934 0.03845 0.02999
v 0.02403 0.03845 0.03439
v 0.01807 0.03845 0.03786
v 0.01461 0.03845 0.03933
v 0.01163 0.03845 0.04031
v 0.00486 0.03845 0.04167
v 0.00455 0.03845 0.04171
v 0.00424 0.03845 0.04174
v 0.04119 0.03845 -0.00796
v 0.03933 0.03845 -0.01460
v 0.03786 0.03845 -0.01807
v 0.03641 0.03845 -0.02085
v 0.03250 0.03845 -0.02653
v 0.03230 0.03845 -0.02677
v 0.02771 0.03845 -0.03150
v 0.02478 0.03845 -0.03386
v 0.02218 0.03845 -0.03561
v 0.01605 0.03845 -0.03876
v 0.00948 0.03845 -0.04087
v 0.00578 0.03845 -0.04155
v 0.00266 0.03845 -0.04187
v -0.00424 0.03845 -0.04174
v -0.00455 0.03845 -0.04171
v -0.01090 0.03845 -0.04051
v -0.01460 0.03845 -0.03933
v -0.01743 0.03845 -0.03816
v -0.02348 0.03845 -0.03477
v -0.02889 0.03845 -0.03042
v -0.03150 0.03845 -0.02771
v -0.03351 0.03845 -0.02525
v -0.03721 0.03845 -0.01938
v -0.03990 0.03845 -0.01298
v -0.04087 0.03845 -0.00948
v -0.04149 0.03845 -0.00623
v -0.04195 0.03845 0.00069
v -0.01556 0.05510 0.01302
v -0.01562 0.05510 0.01389
v -0.01620 0.05510 0.01502
v -0.01724 0.05510 0.01574
v -0.01851 0.05510 0.01587
v -0.01969 0.05510 0.01540
v -0.02050 0.05510 0.01442
v -0.02073 0.05510 0.01358
v -0.02068 0.05510 0.01271
v -0.02010 0.05510 0.01158
v -0.01905 0.05510 0.01086
v -0.01779 0.05510 0.01072
v -0.01661 0.05510 0.01120
v -0.01580 0.05510 0.01218
v 0.00516 0.05510 0.02333
v 0.00511 0.05510 0.02420
v 0.00453 0.05510 0.02533
v 0.00348 0.05510 0.02605
v 0.00222 0.05510 0.02619
v 0.00104 0.05510 0.02571
v 0.00023 0.05510 0.02473
v -0.00001 0.05510 0.02389
v 0.00004 0.05510 0.02302
v 0.00063 0.05510 0.02189
v 0.00167 0.05510 0.02117
v 0.00294 0.05510 0.02104
v 0.00411 0.05510 0.02151
v 0.00492 0.05510 0.02249
v 0.02174 0.05510 -0.01432
v 0.02169 0.05510 -0.01345
v 0.02111 0.05510 -0.01232
v 0.02006 0.05510 -0.01160
v 0.01880 0.05510 -0.01146
v 0.01762 0.05510 -0.01194
v 0.01681 0.05510 -0.01292
v 0.01657 0.05510 -0.01375
v 0.01663 0.05510 -0.01462
v 0.01721 0.05510 -0.01575
v 0.01825 0.05510 -0.01647
v 0.01952 0.05510 -0.01661
v 0.02069 0.05510 -0.01613
v 0.02151 0.05510 -0.01516
v 0.02318 0.05510 0.00879
v 0.02312 0.05510 0.00966
v 0.02254 0.05510 0.01079
v 0.02150 0.05510 0.01151
v 0.02023 0.05510 0.01165
v 0.01906 0.05510 0.01117
v 0.01825 0.05510 0.01019
v 0.01801 0.05510 0.00935
v 0.01806 0.05510 0.00848
v 0.01864 0.05510 0.00735
v 0.01969 0.05510 0.00663
v 0.02095 0.05510 0.00649
v 0.02213 0.05510 0.00697
v 0.02294 0.05510 0.00795
v 0.01044 0.05510 -0.00114
v 0.01023 0.05510 0.00237
v 0.00788 0.05510 0.00694
v 0.00366 0.05510 0.00984
v -0.00145 0.05510 0.01040
v -0.00620 0.05510 0.00847
v -0.00948 0.05510 0.00452
v -0.01044 0.05510 0.00114
v -0.01023 0.05510 -0.00237
v -0.00788 0.05510 -0.00694
v -0.00365 0.05510 -0.00984
v 0.00145 0.05510 -0.01040
v 0.00620 0.05510 -0.00847
v 0.00948 0.05510 -0.00452
v -0.01915 0.05510 -0.00985
v -0.01920 0.05510 -0.00899
v -0.01978 0.05510 -0.00786
v -0.02083 0.05510 -0.00714
v -0.02209 0.05510 -0.00700
v -0.02327 0.05510 -0.00747
v -0.02408 0.05510 -0.00845
v -0.02432 0.05510 -0.00929
v -0.02427 0.05510 -0.01016
v -0.02369 0.05510 -0.01129
v -0.02264 0.05510 -0.01201
v -0.02138 0.05510 -0.01215
v -0.02020 0.05510 -0.01167
v -0.01939 0.05510 -0.01069
v 0.00014 0.05510 -0.02265
v 0.00009 0.05510 -0.02178
v -0.00049 0.05510 -0.02065
v -0.00154 0.05510 -0.01993
v -0.00280 0.05510 -0.01979
v -0.00398 0.05510 -0.02027
v -0.00479 0.05510 -0.02125
v -0.00503 0.05510 -0.02208
v -0.00497 0.05510 -0.02295
v -0.00439 0.05510 -0.02408
v -0.00335 0.05510 -0.02480
v -0.00208 0.05510 -0.02494
v -0.00091 0.05510 -0.02446
v -0.00009 0.05510 -0.02349
v -0.03973 0.03110 0.03292
v -0.03796 0.03151 0.03062
v -0.03239 0.03151 0.03645
v -0.02239 0.03110 -0.04649
v -0.02026 0.03151 -0.04436
v -0.02729 0.03151 -0.04041
v -0.01136 0.03110 -0.05033
v -0.00560 0.03110 -0.05129
v -0.00552 0.03112 -0.05062
v -0.01267 0.03151 -0.04709
v -0.01698 0.03110 -0.04872
v -0.03661 0.03110 -0.03636
v -0.03226 0.03110 -0.04026
v -0.02750 0.03110 -0.04366
v -0.03358 0.03151 -0.03536
v -0.03895 0.03151 -0.02934
v -0.04049 0.03110 -0.03198
v -0.04385 0.03110 -0.02720
v -0.04325 0.03151 -0.02252
v -0.04664 0.03110 -0.02206
v -0.04637 0.03151 -0.01509
v -0.04884 0.03110 -0.01664
v -0.05041 0.03110 -0.01101
v -0.04823 0.03151 -0.00724
v -0.05133 0.03110 -0.00524
v -0.04876 0.03151 0.00081
v -0.05159 0.03110 0.00060
v -0.05119 0.03110 0.00643
v -0.04796 0.03151 0.00883
v -0.05014 0.03110 0.01218
v -0.04585 0.03151 0.01661
v -0.04844 0.03110 0.01778
v -0.04248 0.03151 0.02394
v -0.04612 0.03110 0.02314
v -0.04320 0.03110 0.02821
v -0.02648 0.03110 0.04429
v -0.03132 0.03110 0.04101
v -0.03576 0.03110 0.03720
v -0.02595 0.03151 0.04129
v -0.01879 0.03151 0.04500
v -0.02130 0.03110 0.04700
v -0.01585 0.03110 0.04910
v -0.01111 0.03151 0.04748
v -0.01019 0.03110 0.05058
v -0.00314 0.03151 0.04867
v -0.00440 0.03110 0.05141
v 0.00493 0.03151 0.04852
v 0.00144 0.03110 0.05158
v 0.00560 0.03110 0.05129
v 0.00529 0.03151 0.04848
v 0.00494 0.03312 0.04530
v 0.00468 0.03576 0.04289
v 0.00460 0.03312 0.04533
v -0.00277 0.03576 0.04305
v 0.00436 0.03576 0.04292
v -0.00983 0.03576 0.04201
v -0.01662 0.03576 0.03981
v -0.02295 0.03576 0.03653
v -0.02866 0.03576 0.03225
v -0.03358 0.03576 0.02708
v -0.03758 0.03576 0.02118
v -0.04056 0.03576 0.01470
v -0.04243 0.03576 0.00781
v -0.04313 0.03576 0.00071
v -0.04266 0.03576 -0.00641
v -0.04102 0.03576 -0.01335
v -0.03826 0.03576 -0.01993
v -0.03446 0.03576 -0.02596
v -0.02971 0.03576 -0.03128
v -0.02415 0.03576 -0.03575
v -0.01792 0.03576 -0.03924
v -0.01121 0.03576 -0.04166
v -0.00466 0.03608 -0.04269
v -0.00525 0.03163 -0.04811
v -0.00502 0.03261 -0.04604
v -0.00293 0.03312 0.04547
v -0.01038 0.03312 0.04437
v -0.01755 0.03312 0.04205
v -0.02424 0.03312 0.03858
v -0.03027 0.03312 0.03406
v -0.03547 0.03312 0.02861
v -0.03970 0.03312 0.02237
v -0.04284 0.03312 0.01552
v -0.04481 0.03312 0.00825
v -0.04556 0.03312 0.00075
v -0.04506 0.03312 -0.00677
v -0.04333 0.03312 -0.01410
v -0.04041 0.03312 -0.02105
v -0.03639 0.03312 -0.02742
v -0.03138 0.03312 -0.03304
v -0.02550 0.03312 -0.03776
v -0.01893 0.03312 -0.04145
v -0.01184 0.03312 -0.04400
v -0.00481 0.03423 -0.04406
v 0.01019 0.03110 -0.05058
v 0.01102 0.03151 -0.04751
v 0.00309 0.03151 -0.04867
v 0.03974 0.03110 -0.03291
v 0.03778 0.03151 -0.03084
v 0.03221 0.03151 -0.03661
v 0.03661 0.03110 0.03636
v 0.03410 0.03151 0.03486
v 0.03935 0.03151 0.02880
v -0.00436 0.03576 -0.04292
v 0.00273 0.03576 -0.04305
v 0.00975 0.03576 -0.04203
v 0.01650 0.03576 -0.03986
v 0.02281 0.03576 -0.03662
v 0.03744 0.03576 -0.02144
v 0.03342 0.03576 -0.02728
v 0.02850 0.03576 -0.03239
v 0.04044 0.03576 -0.01502
v 0.04236 0.03576 -0.00819
v 0.04313 0.03576 -0.00114
v 0.04273 0.03576 0.00594
v 0.03852 0.03576 0.01943
v 0.04118 0.03576 0.01286
v 0.03481 0.03576 0.02548
v 0.03017 0.03576 0.03084
v 0.02471 0.03576 0.03536
v 0.01858 0.03576 0.03893
v 0.01195 0.03576 0.04145
v 0.00500 0.03576 0.04285
v 0.01136 0.03110 0.05033
v 0.00565 0.03151 0.04844
v 0.01351 0.03151 0.04686
v 0.01698 0.03110 0.04872
v 0.02101 0.03151 0.04401
v 0.02239 0.03110 0.04649
v 0.02793 0.03151 0.03997
v 0.02750 0.03110 0.04366
v 0.03226 0.03110 0.04027
v 0.04664 0.03110 0.02206
v 0.04385 0.03110 0.02720
v 0.04049 0.03110 0.03198
v 0.04354 0.03151 0.02197
v 0.04655 0.03151 0.01454
v 0.04884 0.03110 0.01665
v 0.05041 0.03110 0.01102
v 0.04830 0.03151 0.00672
v 0.05133 0.03110 0.00524
v 0.04875 0.03151 -0.00129
v 0.05159 0.03110 -0.00060
v 0.05120 0.03110 -0.00643
v 0.04788 0.03151 -0.00926
v 0.05014 0.03110 -0.01218
v 0.04572 0.03151 -0.01698
v 0.04844 0.03110 -0.01777
v 0.04232 0.03151 -0.02424
v 0.04612 0.03110 -0.02314
v 0.04320 0.03110 -0.02821
v 0.02648 0.03110 -0.04428
v 0.03132 0.03110 -0.04100
v 0.03576 0.03110 -0.03720
v 0.02578 0.03151 -0.04139
v 0.01865 0.03151 -0.04506
v 0.02130 0.03110 -0.04699
v 0.01585 0.03110 -0.04910
v -0.00493 0.03151 -0.04852
v -0.00144 0.03110 -0.05158
v 0.00441 0.03110 -0.05141
v -0.00460 0.03312 -0.04533
v 0.00288 0.03312 -0.04547
v 0.01030 0.03312 -0.04439
v 0.01743 0.03312 -0.04210
v 0.02409 0.03312 -0.03868
v 0.03010 0.03312 -0.03421
v 0.03530 0.03312 -0.02882
v 0.03954 0.03312 -0.02264
v 0.04272 0.03312 -0.01586
v 0.04474 0.03312 -0.00865
v 0.04555 0.03312 -0.00120
v 0.04513 0.03312 0.00627
v 0.04350 0.03312 0.01358
v 0.04068 0.03312 0.02053
v 0.03677 0.03312 0.02691
v 0.03186 0.03312 0.03257
v 0.02610 0.03312 0.03735
v 0.01963 0.03312 0.04112
v 0.01263 0.03312 0.04378
v 0.00528 0.03312 0.04526
v 0.00400 0.05510 -0.03367
v 0.00465 0.05510 -0.01780
v 0.01175 0.05510 -0.01857
v -0.02680 0.05510 -0.02077
v -0.03027 0.05510 -0.01527
v -0.01919 0.05510 -0.01519
v 0.01493 0.05510 0.01062
v -0.01736 0.05510 0.00158
v -0.01365 0.05510 0.00118
v -0.01229 0.05510 0.01359
v -0.02987 0.05510 0.01604
v -0.03238 0.05510 0.01004
v -0.03370 0.05510 0.00368
v -0.01171 0.05510 0.01888
v -0.01542 0.05510 0.01929
v -0.02626 0.05510 0.02144
v 0.02987 0.05510 -0.01604
v 0.03238 0.05510 -0.01004
v 0.02626 0.05510 -0.02144
v 0.02063 0.05510 -0.01954
v 0.02246 0.05510 -0.00277
v 0.01358 0.05510 -0.00180
v 0.01226 0.05510 -0.01390
v 0.02381 0.05510 0.00965
v 0.02439 0.05510 0.01494
v 0.01551 0.05510 0.01591
v -0.00787 0.05510 -0.01170
v 0.00516 0.05510 -0.01312
v 0.00783 0.05510 0.01139
v -0.01497 0.05510 -0.01093
v -0.00519 0.05510 0.01281
v -0.01868 0.05510 -0.01052
v -0.03379 0.05510 -0.00282
v -0.03263 0.05510 -0.00921
v 0.01117 0.05510 0.03201
v 0.00485 0.05510 0.03355
v 0.00368 0.05510 0.03370
v 0.00250 0.05510 0.03381
v 0.00841 0.05510 0.01669
v -0.00461 0.05510 0.01811
v -0.00400 0.05510 0.03367
v -0.01035 0.05510 0.03229
v -0.01632 0.05510 0.02972
v -0.02169 0.05510 0.02606
v -0.00838 0.05510 -0.01637
v -0.00250 0.05510 -0.03381
v -0.00368 0.05510 -0.03370
v -0.00485 0.05510 -0.03355
v -0.01116 0.05510 -0.03201
v -0.02234 0.05510 -0.02550
v -0.01548 0.05510 -0.01560
v -0.01707 0.05510 -0.02929
v 0.02169 0.05510 -0.02606
v 0.01632 0.05510 -0.02972
v 0.01035 0.05510 -0.03228
v 0.03370 0.05510 -0.00368
v 0.03379 0.05510 0.00282
v 0.03263 0.05510 0.00921
v 0.03027 0.05510 0.01527
v 0.01707 0.05510 0.02929
v 0.02234 0.05510 0.02550
v 0.02680 0.05510 0.02077
v -0.00276 0.03110 0.05693
v 0.00618 0.03110 0.05666
v 0.01497 0.03110 0.05500
v -0.05198 0.03110 0.02339
v -0.04768 0.03110 0.03124
v -0.04221 0.03110 0.03831
v 0.00276 0.03110 -0.05693
v -0.00618 0.03110 -0.05666
v -0.01497 0.03110 -0.05500
v -0.03831 0.03110 -0.04221
v -0.04444 0.03110 -0.03569
v -0.04948 0.03110 -0.02830
v -0.05693 0.03110 -0.00276
v -0.05666 0.03110 0.00618
v -0.05500 0.03110 0.01497
v -0.02021 0.03110 0.05330
v -0.01163 0.03110 0.05580
v -0.02339 0.03110 -0.05198
v -0.03123 0.03110 -0.04768
v -0.03569 0.03110 0.04444
v -0.02830 0.03110 0.04948
v 0.03831 0.03110 0.04221
v 0.04444 0.03110 0.03569
v 0.04948 0.03110 0.02830
v 0.02022 0.03110 -0.05329
v 0.01163 0.03110 -0.05580
v -0.05329 0.03110 -0.02021
v -0.05580 0.03110 -0.01163
v 0.02339 0.03110 0.05198
v 0.03124 0.03110 0.04768
v 0.04221 0.03110 -0.03831
v 0.03569 0.03110 -0.04444
v 0.02830 0.03110 -0.04948
v 0.05330 0.03110 0.02022
v 0.05580 0.03110 0.01163
v 0.05693 0.03110 0.00276
v 0.05198 0.03110 -0.02339
v 0.04768 0.03110 -0.03123
v 0.05666 0.03110 -0.00618
v 0.05500 0.03110 -0.01497
v -0.03582 0.05951 0.01710
v -0.03497 0.05951 0.01877
v -0.03398 0.05732 0.01824
v -0.02987 0.05732 0.02439
v 0.00431 0.05951 0.03945
v 0.00418 0.05732 0.03834
v 0.00293 0.05951 0.03958
v 0.00284 0.05732 0.03846
v -0.00468 0.05951 0.03941
v -0.00455 0.05732 0.03830
v -0.00546 0.05951 0.03931
v -0.01177 0.05732 0.03673
v -0.01211 0.05951 0.03779
v -0.02467 0.05732 0.02964
v -0.02344 0.05951 0.03203
v -0.01856 0.05732 0.03380
v -0.01910 0.05951 0.03479
v -0.01490 0.05951 0.03678
v -0.03074 0.05951 0.02510
v -0.03055 0.05951 0.02533
v -0.02539 0.05951 0.03050
v -0.03791 0.05951 0.01176
v -0.03683 0.05732 0.01142
v -0.03945 0.05951 0.00431
v -0.03834 0.05732 0.00418
v -0.03955 0.05951 -0.00330
v -0.03843 0.05732 -0.00321
v -0.03866 0.05951 -0.00897
v -0.03711 0.05732 -0.01048
v -0.03819 0.05951 -0.01079
v -0.03543 0.05951 -0.01788
v -0.03443 0.05732 -0.01737
v -0.03530 0.05951 -0.01814
v -0.03048 0.05732 -0.02362
v -0.03137 0.05951 -0.02431
v -0.01942 0.05732 -0.03332
v -0.02249 0.05951 -0.03270
v -0.02542 0.05732 -0.02900
v -0.02616 0.05951 -0.02985
v -0.02980 0.05951 -0.02622
v -0.01270 0.05732 -0.03641
v -0.01382 0.05951 -0.03721
v -0.01998 0.05951 -0.03429
v -0.00418 0.05732 -0.03834
v -0.00431 0.05951 -0.03945
v -0.00552 0.05732 -0.03817
v -0.00568 0.05951 -0.03928
v -0.01307 0.05951 -0.03747
v -0.00394 0.05560 -0.03609
v -0.00520 0.05560 -0.03593
v -0.01196 0.05560 -0.03428
v -0.01828 0.05560 -0.03137
v -0.02393 0.05560 -0.02731
v -0.02870 0.05560 -0.02224
v -0.03242 0.05560 -0.01635
v -0.03494 0.05560 -0.00987
v -0.03618 0.05560 -0.00302
v -0.03609 0.05560 0.00394
v -0.03468 0.05560 0.01075
v -0.03199 0.05560 0.01717
v -0.02812 0.05560 0.02296
v -0.02323 0.05560 0.02791
v -0.01748 0.05560 0.03183
v -0.01108 0.05560 0.03458
v -0.00428 0.05560 0.03605
v 0.00268 0.05560 0.03621
v 0.00394 0.05560 0.03609
v 0.03048 0.05732 0.02362
v 0.03137 0.05951 0.02431
v 0.03443 0.05732 0.01737
v 0.03543 0.05951 0.01788
v 0.03711 0.05732 0.01048
v 0.01942 0.05732 0.03332
v 0.02249 0.05951 0.03270
v 0.02542 0.05732 0.02901
v 0.02616 0.05951 0.02985
v 0.02980 0.05951 0.02622
v 0.01270 0.05732 0.03641
v 0.01382 0.05951 0.03721
v 0.01998 0.05951 0.03429
v 0.00552 0.05732 0.03817
v 0.00568 0.05951 0.03928
v 0.01307 0.05951 0.03747
v 0.00520 0.05560 0.03593
v 0.01196 0.05560 0.03428
v 0.01828 0.05560 0.03137
v 0.02393 0.05560 0.02731
v 0.02870 0.05560 0.02224
v 0.03242 0.05560 0.01635
v 0.03494 0.05560 0.00987
v 0.03618 0.05560 0.00302
v 0.03609 0.05560 -0.00394
v 0.03468 0.05560 -0.01075
v 0.03199 0.05560 -0.01717
v 0.02813 0.05560 -0.02296
v 0.02323 0.05560 -0.02791
v 0.01748 0.05560 -0.03183
v 0.01108 0.05560 -0.03457
v 0.00428 0.05560 -0.03605
v -0.00268 0.05560 -0.03621
v -0.00293 0.05951 -0.03958
v -0.00284 0.05732 -0.03846
v 0.00468 0.05951 -0.03941
v 0.00455 0.05732 -0.03830
v 0.00547 0.05951 -0.03931
v 0.01177 0.05732 -0.03672
v 0.01211 0.05951 -0.03779
v 0.02467 0.05732 -0.02964
v 0.02344 0.05951 -0.03203
v 0.01856 0.05732 -0.03380
v 0.01910 0.05951 -0.03479
v 0.01490 0.05951 -0.03678
v 0.03398 0.05732 -0.01824
v 0.03497 0.05951 -0.01877
v 0.02987 0.05732 -0.02439
v 0.03074 0.05951 -0.02510
v 0.02539 0.05951 -0.03050
v 0.03819 0.05951 0.01079
v 0.03866 0.05951 0.00897
v 0.03843 0.05732 0.00321
v 0.03955 0.05951 0.00330
v 0.03834 0.05732 -0.00418
v 0.03945 0.05951 -0.00431
v 0.03684 0.05732 -0.01142
v 0.03791 0.05951 -0.01175
v 0.03582 0.05951 -0.01709
v 0.00280 0.03045 -0.05787
v -0.00629 0.03045 -0.05760
v -0.00629 0.03010 -0.05766
v 0.04847 0.03045 -0.03175
v 0.04290 0.03045 -0.03894
v 0.04295 0.03010 -0.03898
v 0.02378 0.03045 0.05284
v 0.03175 0.03045 0.04847
v 0.03178 0.03010 0.04852
v 0.00629 0.03010 0.05766
v 0.00629 0.03045 0.05760
v 0.01524 0.03010 0.05596
v 0.01522 0.03045 0.05590
v 0.02171 0.03010 0.05379
v 0.02380 0.03010 0.05289
v 0.04517 0.03045 0.03628
v 0.04223 0.03010 0.03976
v 0.03894 0.03045 0.04290
v 0.03898 0.03010 0.04295
v 0.03273 0.03010 0.04788
v 0.05029 0.03045 0.02877
v 0.04977 0.03010 0.02978
v 0.04522 0.03010 0.03632
v 0.05672 0.03045 0.01182
v 0.05500 0.03010 0.01842
v 0.05417 0.03045 0.02055
v 0.05423 0.03010 0.02057
v 0.05035 0.03010 0.02880
v 0.05787 0.03045 0.00280
v 0.05767 0.03010 0.00621
v 0.05678 0.03010 0.01183
v 0.05284 0.03045 -0.02378
v 0.05497 0.03010 -0.01850
v 0.05590 0.03045 -0.01522
v 0.05596 0.03010 -0.01523
v 0.05760 0.03045 -0.00629
v 0.05766 0.03010 -0.00629
v 0.05793 0.03010 0.00280
v 0.04852 0.03010 -0.03178
v 0.04973 0.03010 -0.02985
v 0.05289 0.03010 -0.02380
v 0.02877 0.03045 -0.05029
v 0.03266 0.03010 -0.04793
v 0.03628 0.03045 -0.04517
v 0.03632 0.03010 -0.04522
v 0.04217 0.03010 -0.03982
v 0.02055 0.03045 -0.05417
v 0.02163 0.03010 -0.05382
v 0.02880 0.03010 -0.05034
v 0.00280 0.03010 -0.05793
v 0.00959 0.03010 -0.05720
v 0.01182 0.03045 -0.05672
v 0.01183 0.03010 -0.05678
v 0.02057 0.03010 -0.05423
v -0.00622 0.03104 -0.05701
v 0.00277 0.03104 -0.05728
v 0.01170 0.03104 -0.05614
v 0.02034 0.03104 -0.05362
v 0.02848 0.03104 -0.04978
v 0.03591 0.03104 -0.04471
v 0.04246 0.03104 -0.03854
v 0.04797 0.03104 -0.03142
v 0.05230 0.03104 -0.02353
v 0.05533 0.03104 -0.01506
v 0.05701 0.03104 -0.00622
v 0.05728 0.03104 0.00277
v 0.05614 0.03104 0.01170
v 0.05362 0.03104 0.02034
v 0.04978 0.03104 0.02848
v 0.04471 0.03104 0.03591
v 0.03854 0.03104 0.04246
v 0.03142 0.03104 0.04797
v 0.02353 0.03104 0.05230
v 0.01506 0.03104 0.05533
v 0.00622 0.03104 0.05701
v -0.00626 0.03081 -0.05737
v 0.00279 0.03081 -0.05764
v 0.01177 0.03081 -0.05649
v 0.02047 0.03081 -0.05396
v 0.02865 0.03081 -0.05009
v 0.03614 0.03081 -0.04499
v 0.04273 0.03081 -0.03878
v 0.04827 0.03081 -0.03162
v 0.05262 0.03081 -0.02368
v 0.05568 0.03081 -0.01516
v 0.05737 0.03081 -0.00626
v 0.05764 0.03081 0.00279
v 0.05649 0.03081 0.01177
v 0.05396 0.03081 0.02047
v 0.05009 0.03081 0.02865
v 0.04499 0.03081 0.03614
v 0.03878 0.03081 0.04273
v 0.03162 0.03081 0.04827
v 0.02368 0.03081 0.05262
v 0.01516 0.03081 0.05568
v 0.00626 0.03081 0.05737
v -0.00280 0.03045 0.05787
v -0.04846 0.03045 0.03175
v -0.04290 0.03045 0.03894
v -0.04295 0.03010 0.03898
v -0.02378 0.03045 -0.05283
v -0.03175 0.03045 -0.04846
v -0.03178 0.03010 -0.04852
v -0.01523 0.03010 -0.05596
v -0.01522 0.03045 -0.05590
v -0.02171 0.03010 -0.05378
v -0.02380 0.03010 -0.05289
v -0.04517 0.03045 -0.03628
v -0.04223 0.03010 -0.03976
v -0.03894 0.03045 -0.04290
v -0.03898 0.03010 -0.04295
v -0.03273 0.03010 -0.04788
v -0.05029 0.03045 -0.02877
v -0.04977 0.03010 -0.02978
v -0.04522 0.03010 -0.03632
v -0.05672 0.03045 -0.01182
v -0.05500 0.03010 -0.01842
v -0.05417 0.03045 -0.02055
v -0.05423 0.03010 -0.02057
v -0.05034 0.03010 -0.02880
v -0.05787 0.03045 -0.00280
v -0.05767 0.03010 -0.00621
v -0.05678 0.03010 -0.01183
v -0.05283 0.03045 0.02378
v -0.05497 0.03010 0.01850
v -0.05590 0.03045 0.01522
v -0.05596 0.03010 0.01524
v -0.05760 0.03045 0.00629
v -0.05766 0.03010 0.00629
v -0.05793 0.03010 -0.00280
v -0.04852 0.03010 0.03178
v -0.04973 0.03010 0.02985
v -0.05289 0.03010 0.02380
v -0.02877 0.03045 0.05029
v -0.03266 0.03010 0.04793
v -0.03628 0.03045 0.04517
v -0.03632 0.03010 0.04522
v -0.04217 0.03010 0.03982
v -0.02055 0.03045 0.05417
v -0.02163 0.03010 0.05382
v -0.02880 0.03010 0.05035
v -0.00280 0.03010 0.05793
v -0.00959 0.03010 0.05720
v -0.01182 0.03045 0.05672
v -0.01183 0.03010 0.05678
v -0.02057 0.03010 0.05423
v -0.00277 0.03104 0.05728
v -0.01170 0.03104 0.05614
v -0.02034 0.03104 0.05362
v -0.02847 0.03104 0.04978
v -0.03591 0.03104 0.04471
v -0.04246 0.03104 0.03854
v -0.04797 0.03104 0.03142
v -0.05229 0.03104 0.02353
v -0.05533 0.03104 0.01506
v -0.05701 0.03104 0.00622
v -0.05728 0.03104 -0.00277
v -0.05614 0.03104 -0.01170
v -0.05362 0.03104 -0.02034
v -0.04978 0.03104 -0.02847
v -0.04471 0.03104 -0.03591
v -0.03854 0.03104 -0.04246
v -0.03142 0.03104 -0.04797
v -0.02353 0.03104 -0.05229
v -0.01506 0.03104 -0.05533
v -0.00279 0.03081 0.05764
v -0.01177 0.03081 0.05649
v -0.02046 0.03081 0.05396
v -0.02865 0.03081 0.05009
v -0.03614 0.03081 0.04499
v -0.04273 0.03081 0.03878
v -0.04827 0.03081 0.03162
v -0.05262 0.03081 0.02368
v -0.05568 0.03081 0.01516
v -0.05737 0.03081 0.00626
v -0.05764 0.03081 -0.00279
v -0.05649 0.03081 -0.01177
v -0.05396 0.03081 -0.02046
v -0.05009 0.03081 -0.02865
v -0.04499 0.03081 -0.03614
v -0.03878 0.03081 -0.04273
v -0.03162 0.03081 -0.04827
v -0.02368 0.03081 -0.05262
v -0.01516 0.03081 -0.05568
v 0.04171 0.06775 -0.00455
v -0.04171 0.06775 0.00455
v -0.04194 0.06775 0.00111
v -0.04155 0.06775 -0.00578
v -0.04087 0.06775 -0.00948
v -0.04005 0.06775 -0.01251
v -0.03746 0.06775 -0.01890
v -0.03731 0.06775 -0.01918
v -0.03386 0.06775 -0.02478
v -0.03150 0.06775 -0.02771
v -0.02934 0.06775 -0.02999
v -0.02403 0.06775 -0.03439
v -0.01807 0.06775 -0.03786
v -0.01460 0.06775 -0.03933
v -0.01162 0.06775 -0.04031
v -0.00486 0.06775 -0.04167
v -0.00455 0.06775 -0.04171
v 0.00191 0.06775 -0.04191
v 0.00578 0.06775 -0.04155
v 0.00879 0.06775 -0.04102
v 0.01543 0.06775 -0.03901
v 0.02165 0.06775 -0.03594
v 0.02478 0.06775 -0.03386
v 0.02727 0.06775 -0.03188
v 0.03216 0.06775 -0.02695
v 0.03616 0.06775 -0.02128
v 0.03786 0.06775 -0.01807
v 0.03917 0.06775 -0.01503
v 0.04111 0.06775 -0.00837
v 0.04193 0.06775 -0.00148
v 0.04160 0.06775 0.00545
v 0.04087 0.06775 0.00948
v 0.04013 0.06775 0.01223
v 0.03757 0.06775 0.01867
v 0.03398 0.06775 0.02461
v 0.03150 0.06775 0.02771
v 0.02946 0.06775 0.02987
v 0.02413 0.06775 0.03432
v 0.01815 0.06775 0.03783
v 0.01461 0.06775 0.03933
v 0.01167 0.06775 0.04030
v -0.04119 0.06775 0.00796
v -0.03933 0.06775 0.01461
v -0.03786 0.06775 0.01807
v -0.03641 0.06775 0.02085
v -0.03250 0.06775 0.02653
v -0.03230 0.06775 0.02678
v -0.02771 0.06775 0.03150
v -0.02478 0.06775 0.03386
v -0.02218 0.06775 0.03561
v -0.01605 0.06775 0.03877
v -0.00948 0.06775 0.04087
v -0.00578 0.06775 0.04156
v -0.00265 0.06775 0.04187
v 0.00424 0.06775 0.04174
v 0.00455 0.06775 0.04171
v 0.00487 0.06775 0.04167
v 0.01447 0.02910 0.05617
v 0.00629 0.02910 0.05766
v -0.00629 0.02910 -0.05766
v 0.02171 0.02910 0.05379
v 0.02271 0.02910 0.05337
v 0.03045 0.02910 0.04937
v 0.03273 0.02910 0.04788
v 0.03749 0.02910 0.04425
v 0.04223 0.02910 0.03976
v 0.04369 0.02910 0.03814
v 0.04891 0.02910 0.03117
v 0.04977 0.02910 0.02978
v 0.05303 0.02910 0.02350
v 0.05500 0.02910 0.01842
v 0.05595 0.02910 0.01530
v 0.05761 0.02910 0.00675
v 0.05767 0.02910 0.00621
v 0.05797 0.02910 -0.00195
v 0.05766 0.02910 -0.00629
v 0.05702 0.02910 -0.01060
v 0.05497 0.02910 -0.01850
v 0.05479 0.02910 -0.01902
v 0.05133 0.02910 -0.02701
v 0.04973 0.02910 -0.02985
v 0.04671 0.02910 -0.03438
v 0.04217 0.02910 -0.03982
v 0.04104 0.02910 -0.04099
v 0.03266 0.02910 -0.04793
v 0.03444 0.02910 -0.04667
v 0.02706 0.02910 -0.05130
v 0.02163 0.02910 -0.05382
v 0.01908 0.02910 -0.05477
v 0.01067 0.02910 -0.05701
v 0.00959 0.02910 -0.05720
v 0.00201 0.02910 -0.05796
v -0.01447 0.02910 -0.05617
v -0.02171 0.02910 -0.05378
v -0.02271 0.02910 -0.05337
v -0.03045 0.02910 -0.04937
v -0.03273 0.02910 -0.04788
v -0.03749 0.02910 -0.04425
v -0.04223 0.02910 -0.03976
v -0.04369 0.02910 -0.03814
v -0.04891 0.02910 -0.03117
v -0.04977 0.02910 -0.02978
v -0.05303 0.02910 -0.02350
v -0.05500 0.02910 -0.01842
v -0.05595 0.02910 -0.01530
v -0.05761 0.02910 -0.00675
v -0.05767 0.02910 -0.00621
v -0.05797 0.02910 0.00195
v -0.05766 0.02910 0.00629
v -0.05702 0.02910 0.01060
v -0.05497 0.02910 0.01850
v -0.05479 0.02910 0.01902
v -0.05133 0.02910 0.02701
v -0.04973 0.02910 0.02985
v -0.04671 0.02910 0.03439
v -0.04217 0.02910 0.03982
v -0.04103 0.02910 0.04099
v -0.03266 0.02910 0.04793
v -0.03444 0.02910 0.04667
v -0.02706 0.02910 0.05130
v -0.02163 0.02910 0.05382
v -0.01908 0.02910 0.05477
v -0.01067 0.02910 0.05701
v -0.00959 0.02910 0.05720
v -0.00201 0.02910 0.05797
v -0.00509 0.07393 -0.04663
v -0.00532 0.07477 -0.04876
v -0.00565 0.07469 -0.04844
v -0.02086 0.07510 -0.04719
v -0.02100 0.07469 -0.04401
v -0.01351 0.07469 -0.04686
v -0.04590 0.07510 -0.02357
v -0.04354 0.07469 -0.02197
v -0.03935 0.07469 -0.02880
v -0.02791 0.07510 0.04340
v -0.02578 0.07469 0.04140
v -0.03221 0.07469 0.03661
v 0.00560 0.07510 0.05129
v 0.00529 0.07469 0.04848
v 0.00493 0.07469 0.04852
v -0.00024 0.07510 0.05160
v -0.00309 0.07469 0.04867
v -0.00607 0.07510 0.05124
v -0.01102 0.07469 0.04751
v -0.01183 0.07510 0.05022
v -0.01865 0.07469 0.04506
v -0.01744 0.07510 0.04856
v -0.02282 0.07510 0.04628
v -0.04078 0.07510 0.03161
v -0.03695 0.07510 0.03601
v -0.03264 0.07510 0.03996
v -0.03778 0.07469 0.03084
v -0.04232 0.07469 0.02424
v -0.04410 0.07510 0.02679
v -0.04684 0.07510 0.02163
v -0.04572 0.07469 0.01698
v -0.04899 0.07510 0.01619
v -0.04788 0.07469 0.00926
v -0.05051 0.07510 0.01054
v -0.05138 0.07510 0.00476
v -0.04875 0.07469 0.00129
v -0.05159 0.07510 -0.00108
v -0.04830 0.07469 -0.00671
v -0.05113 0.07510 -0.00691
v -0.04655 0.07469 -0.01454
v -0.05002 0.07510 -0.01265
v -0.04827 0.07510 -0.01822
v -0.03541 0.07510 -0.03753
v -0.03943 0.07510 -0.03328
v -0.04294 0.07510 -0.02861
v -0.03410 0.07469 -0.03486
v -0.02793 0.07469 -0.03997
v -0.03094 0.07510 -0.04129
v -0.02607 0.07510 -0.04453
v -0.00560 0.07510 -0.05129
v -0.00972 0.07510 -0.05067
v -0.01539 0.07510 -0.04925
v -0.00528 0.07308 -0.04526
v -0.00486 0.07244 -0.04454
v -0.00500 0.07044 -0.04285
v -0.00470 0.07070 -0.04305
v -0.00457 0.06840 -0.04191
v -0.01195 0.07044 -0.04145
v -0.01858 0.07044 -0.03893
v -0.02471 0.07044 -0.03536
v -0.03017 0.07044 -0.03084
v -0.04118 0.07044 -0.01286
v -0.03852 0.07044 -0.01943
v -0.03481 0.07044 -0.02548
v -0.04273 0.07044 -0.00594
v -0.04313 0.07044 0.00114
v -0.04236 0.07044 0.00819
v -0.04044 0.07044 0.01502
v -0.03342 0.07044 0.02728
v -0.03744 0.07044 0.02144
v -0.02850 0.07044 0.03239
v -0.02281 0.07044 0.03662
v -0.01650 0.07044 0.03986
v -0.00975 0.07044 0.04203
v -0.00273 0.07044 0.04306
v 0.00436 0.07044 0.04292
v 0.00468 0.07044 0.04289
v -0.01262 0.07308 -0.04378
v -0.01963 0.07308 -0.04112
v -0.02610 0.07308 -0.03735
v -0.03186 0.07308 -0.03257
v -0.03677 0.07308 -0.02691
v -0.04068 0.07308 -0.02052
v -0.04349 0.07308 -0.01358
v -0.04513 0.07308 -0.00627
v -0.04555 0.07308 0.00120
v -0.04474 0.07308 0.00865
v -0.04272 0.07308 0.01586
v -0.03954 0.07308 0.02265
v -0.03530 0.07308 0.02882
v -0.03010 0.07308 0.03421
v -0.02409 0.07308 0.03868
v -0.01743 0.07308 0.04210
v -0.01029 0.07308 0.04439
v -0.00288 0.07308 0.04548
v 0.00461 0.07308 0.04533
v 0.00494 0.07308 0.04530
v 0.04590 0.07510 0.02357
v 0.04367 0.07469 0.02171
v 0.03950 0.07469 0.02861
v 0.01183 0.07510 -0.05022
v 0.01022 0.07469 -0.04768
v 0.01794 0.07469 -0.04535
v 0.01200 0.07044 0.04144
v 0.00500 0.07044 0.04285
v 0.01866 0.07044 0.03890
v 0.02482 0.07044 0.03529
v 0.03029 0.07044 0.03072
v 0.03494 0.07044 0.02531
v 0.03863 0.07044 0.01920
v 0.04127 0.07044 0.01257
v 0.04278 0.07044 0.00560
v 0.04311 0.07044 -0.00152
v 0.04227 0.07044 -0.00861
v 0.04028 0.07044 -0.01546
v 0.03718 0.07044 -0.02188
v 0.03306 0.07044 -0.02771
v 0.02805 0.07044 -0.03278
v 0.02226 0.07044 -0.03695
v 0.01587 0.07044 -0.04012
v 0.00904 0.07044 -0.04218
v 0.00196 0.07044 -0.04310
v 0.00207 0.07308 -0.04552
v 0.00222 0.07469 -0.04872
v 0.00024 0.07510 -0.05160
v 0.00607 0.07510 -0.05124
v 0.02791 0.07510 -0.04340
v 0.02282 0.07510 -0.04628
v 0.01744 0.07510 -0.04856
v 0.02516 0.07469 -0.04177
v 0.03170 0.07469 -0.03706
v 0.03264 0.07510 -0.03996
v 0.03695 0.07510 -0.03601
v 0.03738 0.07469 -0.03132
v 0.04079 0.07510 -0.03160
v 0.04203 0.07469 -0.02474
v 0.04410 0.07510 -0.02679
v 0.04685 0.07510 -0.02163
v 0.04553 0.07469 -0.01747
v 0.04899 0.07510 -0.01619
v 0.04779 0.07469 -0.00973
v 0.05051 0.07510 -0.01054
v 0.05138 0.07510 -0.00476
v 0.04874 0.07469 -0.00172
v 0.05159 0.07510 0.00108
v 0.04835 0.07469 0.00633
v 0.05113 0.07510 0.00691
v 0.04665 0.07469 0.01421
v 0.05002 0.07510 0.01265
v 0.04827 0.07510 0.01823
v 0.03541 0.07510 0.03753
v 0.03943 0.07510 0.03328
v 0.04294 0.07510 0.02861
v 0.03424 0.07469 0.03472
v 0.02805 0.07469 0.03989
v 0.03094 0.07510 0.04129
v 0.02607 0.07510 0.04453
v 0.02109 0.07469 0.04397
v 0.02086 0.07510 0.04719
v 0.01356 0.07469 0.04684
v 0.01539 0.07510 0.04925
v 0.00566 0.07469 0.04844
v 0.00972 0.07510 0.05067
v 0.00528 0.07308 0.04526
v 0.01267 0.07308 0.04377
v 0.01971 0.07308 0.04108
v 0.02621 0.07308 0.03727
v 0.03200 0.07308 0.03245
v 0.03690 0.07308 0.02673
v 0.04080 0.07308 0.02028
v 0.04359 0.07308 0.01328
v 0.04518 0.07308 0.00592
v 0.04554 0.07308 -0.00161
v 0.04465 0.07308 -0.00909
v 0.04254 0.07308 -0.01633
v 0.03927 0.07308 -0.02311
v 0.03492 0.07308 -0.02927
v 0.02962 0.07308 -0.03462
v 0.02351 0.07308 -0.03903
v 0.01676 0.07308 -0.04237
v 0.00955 0.07308 -0.04455
v -0.00630 0.02877 -0.05771
v 0.00202 0.02877 -0.05802
v 0.01910 0.02877 -0.05482
v 0.01068 0.02877 -0.05707
v 0.02709 0.02877 -0.05135
v 0.04108 0.02877 -0.04103
v 0.03447 0.02877 -0.04671
v 0.04675 0.02877 -0.03442
v 0.05485 0.02877 -0.01904
v 0.05138 0.02877 -0.02703
v 0.05708 0.02877 -0.01061
v 0.05802 0.02877 -0.00195
v 0.05766 0.02877 0.00676
v 0.05600 0.02877 0.01531
v 0.05308 0.02877 0.02352
v 0.04896 0.02877 0.03120
v 0.04374 0.02877 0.03818
v 0.03753 0.02877 0.04430
v 0.03048 0.02877 0.04941
v 0.02274 0.02877 0.05342
v 0.01448 0.02877 0.05622
v 0.00630 0.02877 0.05771
v 0.00633 0.02836 0.05798
v 0.00638 0.02813 0.05841
v 0.01455 0.02836 0.05648
v 0.00643 0.02813 0.05890
v 0.01466 0.02813 0.05690
v 0.00647 0.02836 0.05932
v 0.01478 0.02813 0.05737
v 0.00650 0.02877 0.05959
v 0.01489 0.02836 0.05779
v 0.01497 0.02910 0.05810
v 0.00651 0.02910 0.05965
v 0.01495 0.02877 0.05805
v 0.01914 0.02910 0.05687
v 0.02347 0.02877 0.05516
v 0.02350 0.02910 0.05521
v 0.03088 0.02910 0.05144
v 0.03147 0.02877 0.05102
v 0.03150 0.02910 0.05107
v 0.03875 0.02877 0.04574
v 0.03879 0.02910 0.04578
v 0.04119 0.02910 0.04363
v 0.04516 0.02877 0.03942
v 0.04520 0.02910 0.03946
v 0.04958 0.02910 0.03379
v 0.05055 0.02877 0.03222
v 0.05060 0.02910 0.03225
v 0.05480 0.02877 0.02429
v 0.05485 0.02910 0.02431
v 0.05567 0.02910 0.02238
v 0.05782 0.02877 0.01581
v 0.05788 0.02910 0.01583
v 0.05917 0.02910 0.00993
v 0.05954 0.02877 0.00698
v 0.05959 0.02910 0.00698
v 0.05991 0.02877 -0.00201
v 0.05997 0.02910 -0.00201
v 0.05893 0.02877 -0.01096
v 0.05965 0.02910 -0.00651
v 0.05993 0.02910 -0.00299
v 0.05663 0.02877 -0.01966
v 0.05899 0.02910 -0.01097
v 0.05916 0.02910 -0.01001
v 0.05305 0.02877 -0.02791
v 0.05564 0.02910 -0.02246
v 0.05668 0.02910 -0.01967
v 0.04241 0.02877 -0.04236
v 0.04832 0.02910 -0.03557
v 0.04827 0.02877 -0.03554
v 0.04953 0.02910 -0.03386
v 0.05310 0.02910 -0.02794
v 0.03559 0.02877 -0.04823
v 0.04113 0.02910 -0.04369
v 0.04245 0.02910 -0.04240
v 0.01906 0.02910 -0.05689
v 0.01974 0.02910 -0.05666
v 0.01972 0.02877 -0.05661
v 0.02800 0.02910 -0.05307
v 0.02797 0.02877 -0.05302
v 0.03081 0.02910 -0.05149
v 0.03562 0.02910 -0.04828
v 0.01104 0.02910 -0.05898
v 0.01102 0.02877 -0.05892
v 0.00642 0.02910 -0.05965
v 0.00208 0.02877 -0.05991
v 0.00208 0.02910 -0.05996
v -0.00650 0.02877 -0.05959
v -0.00651 0.02910 -0.05965
v 0.02337 0.02836 0.05491
v 0.03133 0.02836 0.05079
v 0.03858 0.02836 0.04553
v 0.04496 0.02836 0.03924
v 0.05032 0.02836 0.03207
v 0.05456 0.02836 0.02418
v 0.05756 0.02836 0.01574
v 0.05927 0.02836 0.00695
v 0.05964 0.02836 -0.00200
v 0.05867 0.02836 -0.01091
v 0.05638 0.02836 -0.01957
v 0.05281 0.02836 -0.02779
v 0.04806 0.02836 -0.03538
v 0.04222 0.02836 -0.04217
v 0.03543 0.02836 -0.04802
v 0.02785 0.02836 -0.05278
v 0.01963 0.02836 -0.05635
v 0.01098 0.02836 -0.05866
v 0.00207 0.02836 -0.05964
v -0.00647 0.02836 -0.05932
v 0.02320 0.02813 0.05451
v 0.03110 0.02813 0.05043
v 0.03830 0.02813 0.04520
v 0.04463 0.02813 0.03896
v 0.04996 0.02813 0.03184
v 0.05416 0.02813 0.02400
v 0.05715 0.02813 0.01563
v 0.05884 0.02813 0.00690
v 0.05921 0.02813 -0.00199
v 0.05825 0.02813 -0.01083
v 0.05597 0.02813 -0.01943
v 0.05243 0.02813 -0.02758
v 0.04771 0.02813 -0.03512
v 0.04192 0.02813 -0.04187
v 0.03518 0.02813 -0.04767
v 0.02764 0.02813 -0.05240
v 0.01949 0.02813 -0.05595
v 0.01090 0.02813 -0.05823
v 0.00206 0.02813 -0.05921
v -0.00643 0.02813 -0.05889
v 0.02301 0.02813 0.05406
v 0.03084 0.02813 0.05001
v 0.03798 0.02813 0.04483
v 0.04426 0.02813 0.03864
v 0.04955 0.02813 0.03158
v 0.05372 0.02813 0.02381
v 0.05668 0.02813 0.01550
v 0.05836 0.02813 0.00684
v 0.05872 0.02813 -0.00197
v 0.05777 0.02813 -0.01074
v 0.05551 0.02813 -0.01927
v 0.05200 0.02813 -0.02736
v 0.04732 0.02813 -0.03483
v 0.04157 0.02813 -0.04152
v 0.03489 0.02813 -0.04728
v 0.02742 0.02813 -0.05197
v 0.01933 0.02813 -0.05548
v 0.01081 0.02813 -0.05775
v 0.00204 0.02813 -0.05872
v -0.00637 0.02813 -0.05841
v 0.02284 0.02836 0.05367
v 0.03062 0.02836 0.04964
v 0.03770 0.02836 0.04450
v 0.04394 0.02836 0.03836
v 0.04919 0.02836 0.03135
v 0.05332 0.02836 0.02363
v 0.05626 0.02836 0.01538
v 0.05793 0.02836 0.00679
v 0.05829 0.02836 -0.00196
v 0.05734 0.02836 -0.01066
v 0.05510 0.02836 -0.01912
v 0.05162 0.02836 -0.02716
v 0.04697 0.02836 -0.03458
v 0.04127 0.02836 -0.04122
v 0.03463 0.02836 -0.04693
v 0.02722 0.02836 -0.05159
v 0.01919 0.02836 -0.05508
v 0.01073 0.02836 -0.05733
v 0.00202 0.02836 -0.05829
v -0.00633 0.02836 -0.05798
v -0.00201 0.02877 0.05802
v -0.05993 0.02910 0.00299
v -0.05991 0.02877 0.00201
v -0.05965 0.02910 0.00651
v -0.05893 0.02877 0.01096
v -0.05663 0.02877 0.01966
v -0.05899 0.02910 0.01097
v -0.05916 0.02910 0.01001
v -0.05305 0.02877 0.02791
v -0.05564 0.02910 0.02246
v -0.05668 0.02910 0.01967
v -0.04241 0.02877 0.04236
v -0.04832 0.02910 0.03557
v -0.04827 0.02877 0.03554
v -0.04953 0.02910 0.03386
v -0.05310 0.02910 0.02794
v -0.03559 0.02877 0.04823
v -0.04113 0.02910 0.04369
v -0.04245 0.02910 0.04240
v -0.01906 0.02910 0.05689
v -0.01974 0.02910 0.05666
v -0.01972 0.02877 0.05661
v -0.02800 0.02910 0.05307
v -0.02797 0.02877 0.05302
v -0.03081 0.02910 0.05149
v -0.03562 0.02910 0.04828
v -0.01103 0.02910 0.05898
v -0.01102 0.02877 0.05892
v -0.00642 0.02910 0.05966
v -0.00208 0.02877 0.05991
v -0.00208 0.02910 0.05996
v -0.01910 0.02877 0.05483
v -0.01068 0.02877 0.05707
v -0.02709 0.02877 0.05135
v -0.04107 0.02877 0.04103
v -0.03447 0.02877 0.04672
v -0.04675 0.02877 0.03442
v -0.05485 0.02877 0.01904
v -0.05138 0.02877 0.02703
v -0.05708 0.02877 0.01061
v -0.05802 0.02877 0.00195
v -0.05766 0.02877 -0.00676
v -0.05600 0.02877 -0.01531
v -0.05308 0.02877 -0.02352
v -0.04896 0.02877 -0.03120
v -0.04374 0.02877 -0.03818
v -0.03753 0.02877 -0.04430
v -0.03047 0.02877 -0.04941
v -0.02273 0.02877 -0.05342
v -0.01448 0.02877 -0.05622
v -0.01455 0.02836 -0.05648
v -0.01466 0.02813 -0.05690
v -0.01478 0.02813 -0.05737
v -0.01489 0.02836 -0.05779
v -0.01495 0.02877 -0.05805
v -0.02347 0.02877 -0.05516
v -0.01914 0.02910 -0.05686
v -0.01497 0.02910 -0.05810
v -0.03875 0.02877 -0.04574
v -0.03150 0.02910 -0.05107
v -0.03147 0.02877 -0.05102
v -0.03088 0.02910 -0.05144
v -0.02350 0.02910 -0.05521
v -0.04516 0.02877 -0.03942
v -0.04119 0.02910 -0.04363
v -0.03878 0.02910 -0.04578
v -0.05480 0.02877 -0.02429
v -0.05060 0.02910 -0.03225
v -0.05055 0.02877 -0.03222
v -0.04958 0.02910 -0.03379
v -0.04520 0.02910 -0.03946
v -0.05782 0.02877 -0.01581
v -0.05567 0.02910 -0.02238
v -0.05485 0.02910 -0.02431
v -0.05997 0.02910 0.00202
v -0.05959 0.02910 -0.00698
v -0.05954 0.02877 -0.00698
v -0.05917 0.02910 -0.00992
v -0.05787 0.02910 -0.01583
v -0.02337 0.02836 -0.05491
v -0.03132 0.02836 -0.05079
v -0.03857 0.02836 -0.04553
v -0.04495 0.02836 -0.03924
v -0.05032 0.02836 -0.03207
v -0.05456 0.02836 -0.02418
v -0.05756 0.02836 -0.01574
v -0.05927 0.02836 -0.00695
v -0.05964 0.02836 0.00200
v -0.05867 0.02836 0.01091
v -0.05637 0.02836 0.01957
v -0.05281 0.02836 0.02779
v -0.04806 0.02836 0.03538
v -0.04222 0.02836 0.04217
v -0.03543 0.02836 0.04802
v -0.02784 0.02836 0.05278
v -0.01963 0.02836 0.05635
v -0.01097 0.02836 0.05866
v -0.00207 0.02836 0.05964
v -0.02320 0.02813 -0.05451
v -0.03110 0.02813 -0.05043
v -0.03830 0.02813 -0.04520
v -0.04463 0.02813 -0.03896
v -0.04996 0.02813 -0.03184
v -0.05416 0.02813 -0.02400
v -0.05715 0.02813 -0.01563
v -0.05884 0.02813 -0.00690
v -0.05921 0.02813 0.00199
v -0.05825 0.02813 0.01083
v -0.05597 0.02813 0.01943
v -0.05243 0.02813 0.02759
v -0.04771 0.02813 0.03512
v -0.04192 0.02813 0.04187
v -0.03518 0.02813 0.04767
v -0.02764 0.02813 0.05240
v -0.01949 0.02813 0.05595
v -0.01090 0.02813 0.05823
v -0.00206 0.02813 0.05921
v -0.02301 0.02813 -0.05406
v -0.03084 0.02813 -0.05001
v -0.03798 0.02813 -0.04483
v -0.04426 0.02813 -0.03864
v -0.04955 0.02813 -0.03158
v -0.05372 0.02813 -0.02381
v -0.05667 0.02813 -0.01550
v -0.05836 0.02813 -0.00684
v -0.05872 0.02813 0.00197
v -0.05777 0.02813 0.01074
v -0.05551 0.02813 0.01927
v -0.05200 0.02813 0.02736
v -0.04732 0.02813 0.03483
v -0.04157 0.02813 0.04152
v -0.03489 0.02813 0.04728
v -0.02742 0.02813 0.05197
v -0.01933 0.02813 0.05549
v -0.01081 0.02813 0.05775
v -0.00204 0.02813 0.05872
v -0.02284 0.02836 -0.05367
v -0.03062 0.02836 -0.04964
v -0.03770 0.02836 -0.04450
v -0.04394 0.02836 -0.03836
v -0.04918 0.02836 -0.03135
v -0.05332 0.02836 -0.02363
v -0.05626 0.02836 -0.01538
v -0.05793 0.02836 -0.00679
v -0.05829 0.02836 0.00196
v -0.05734 0.02836 0.01066
v -0.05510 0.02836 0.01913
v -0.05162 0.02836 0.02716
v -0.04697 0.02836 0.03458
v -0.04127 0.02836 0.04122
v -0.03463 0.02836 0.04693
v -0.02722 0.02836 0.05159
v -0.01919 0.02836 0.05508
v -0.01073 0.02836 0.05733
v -0.00202 0.02836 0.05829
v 0.01497 0.07510 0.05500
v 0.00618 0.07510 0.05666
v -0.00276 0.07510 0.05693
v 0.05580 0.07510 0.01163
v 0.05330 0.07510 0.02022
v 0.04948 0.07510 0.02830
v -0.01497 0.07510 -0.05500
v -0.00618 0.07510 -0.05666
v 0.00276 0.07510 -0.05693
v 0.02830 0.07510 -0.04948
v 0.03569 0.07510 -0.04444
v 0.04221 0.07510 -0.03831
v 0.05500 0.07510 -0.01497
v 0.05666 0.07510 -0.00618
v 0.05693 0.07510 0.00276
v 0.03124 0.07510 0.04768
v 0.02339 0.07510 0.05198
v 0.01163 0.07510 -0.05580
v 0.02022 0.07510 -0.05329
v 0.04444 0.07510 0.03569
v 0.03831 0.07510 0.04221
v -0.02830 0.07510 0.04948
v -0.03569 0.07510 0.04444
v -0.04221 0.07510 0.03831
v -0.03123 0.07510 -0.04768
v -0.02339 0.07510 -0.05198
v 0.04768 0.07510 -0.03123
v 0.05198 0.07510 -0.02339
v -0.01163 0.07510 0.05580
v -0.02021 0.07510 0.05330
v -0.04948 0.07510 -0.02830
v -0.04444 0.07510 -0.03569
v -0.03831 0.07510 -0.04221
v -0.04768 0.07510 0.03124
v -0.05198 0.07510 0.02339
v -0.05500 0.07510 0.01497
v -0.05580 0.07510 -0.01163
v -0.05329 0.07510 -0.02021
v -0.05666 0.07510 0.00618
v -0.05693 0.07510 -0.00276
v -0.05965 0.03010 0.00651
v -0.05916 0.03010 0.01001
v 0.05965 0.03010 -0.00651
v 0.05993 0.03010 -0.00299
v -0.05899 0.03010 0.01097
v -0.05668 0.03010 0.01967
v -0.05564 0.03010 0.02246
v -0.05310 0.03010 0.02794
v -0.04953 0.03010 0.03386
v -0.04832 0.03010 0.03557
v -0.04245 0.03010 0.04240
v -0.04113 0.03010 0.04369
v -0.03562 0.03010 0.04828
v -0.03081 0.03010 0.05149
v -0.02800 0.03010 0.05307
v -0.01974 0.03010 0.05666
v -0.01906 0.03010 0.05689
v -0.01103 0.03010 0.05898
v -0.00642 0.03010 0.05966
v -0.00208 0.03010 0.05996
v 0.00651 0.03010 0.05965
v 0.01497 0.03010 0.05810
v 0.01914 0.03010 0.05687
v 0.02350 0.03010 0.05521
v 0.03088 0.03010 0.05144
v 0.03150 0.03010 0.05107
v 0.03879 0.03010 0.04578
v 0.04119 0.03010 0.04363
v 0.04520 0.03010 0.03946
v 0.04958 0.03010 0.03379
v 0.05060 0.03010 0.03225
v 0.05485 0.03010 0.02431
v 0.05567 0.03010 0.02238
v 0.05788 0.03010 0.01583
v 0.05917 0.03010 0.00993
v 0.05959 0.03010 0.00698
v 0.05997 0.03010 -0.00201
v 0.05916 0.03010 -0.01001
v -0.05993 0.03010 0.00299
v 0.05899 0.03010 -0.01097
v 0.05668 0.03010 -0.01967
v 0.05564 0.03010 -0.02246
v 0.05310 0.03010 -0.02794
v 0.04953 0.03010 -0.03386
v 0.04832 0.03010 -0.03557
v 0.04245 0.03010 -0.04240
v 0.04113 0.03010 -0.04369
v 0.03562 0.03010 -0.04828
v 0.03081 0.03010 -0.05149
v 0.02800 0.03010 -0.05307
v 0.01974 0.03010 -0.05666
v 0.01906 0.03010 -0.05689
v 0.01104 0.03010 -0.05898
v 0.00642 0.03010 -0.05965
v 0.00208 0.03010 -0.05996
v -0.00651 0.03010 -0.05965
v -0.01497 0.03010 -0.05810
v -0.01914 0.03010 -0.05686
v -0.02350 0.03010 -0.05521
v -0.03088 0.03010 -0.05144
v -0.03150 0.03010 -0.05107
v -0.03878 0.03010 -0.04578
v -0.04119 0.03010 -0.04363
v -0.04520 0.03010 -0.03946
v -0.04958 0.03010 -0.03379
v -0.05060 0.03010 -0.03225
v -0.05485 0.03010 -0.02431
v -0.05567 0.03010 -0.02238
v -0.05787 0.03010 -0.01583
v -0.05917 0.03010 -0.00992
v -0.05959 0.03010 -0.00698
v -0.05997 0.03010 0.00202
v 0.02055 0.07575 -0.05417
v 0.02877 0.07575 -0.05029
v 0.02880 0.07610 -0.05034
v 0.01522 0.07575 0.05590
v 0.00629 0.07575 0.05760
v 0.00629 0.07610 0.05766
v 0.05672 0.07575 0.01182
v 0.05417 0.07575 0.02055
v 0.05423 0.07610 0.02057
v 0.05678 0.07610 0.01183
v 0.05720 0.07610 0.00959
v 0.05787 0.07575 0.00280
v 0.05793 0.07610 0.00280
v 0.05760 0.07575 -0.00629
v 0.04517 0.07575 0.03628
v 0.04793 0.07610 0.03266
v 0.05029 0.07575 0.02877
v 0.05035 0.07610 0.02880
v 0.05382 0.07610 0.02163
v 0.03894 0.07575 0.04290
v 0.03982 0.07610 0.04217
v 0.04522 0.07610 0.03632
v 0.02378 0.07575 0.05284
v 0.02985 0.07610 0.04973
v 0.03175 0.07575 0.04847
v 0.03178 0.07610 0.04852
v 0.03898 0.07610 0.04295
v 0.01524 0.07610 0.05596
v 0.01850 0.07610 0.05497
v 0.02380 0.07610 0.05289
v 0.00622 0.07516 0.05701
v 0.01506 0.07516 0.05533
v 0.02353 0.07516 0.05230
v 0.03142 0.07516 0.04797
v 0.03854 0.07516 0.04246
v 0.04471 0.07516 0.03591
v 0.04978 0.07516 0.02848
v 0.05362 0.07516 0.02034
v 0.05614 0.07516 0.01170
v 0.05728 0.07516 0.00277
v 0.05701 0.07516 -0.00622
v 0.05533 0.07516 -0.01506
v 0.05230 0.07516 -0.02353
v 0.04797 0.07516 -0.03142
v 0.04246 0.07516 -0.03854
v 0.03591 0.07516 -0.04471
v 0.02848 0.07516 -0.04978
v 0.02034 0.07516 -0.05362
v 0.01170 0.07516 -0.05614
v 0.00277 0.07516 -0.05728
v -0.00622 0.07516 -0.05701
v -0.00629 0.07610 -0.05766
v -0.00629 0.07575 -0.05760
v 0.00280 0.07610 -0.05793
v 0.00280 0.07575 -0.05787
v 0.00621 0.07610 -0.05767
v 0.01182 0.07575 -0.05672
v 0.02057 0.07610 -0.05423
v 0.01842 0.07610 -0.05500
v 0.01183 0.07610 -0.05678
v 0.04290 0.07575 -0.03894
v 0.03976 0.07610 -0.04223
v 0.03628 0.07575 -0.04517
v 0.03632 0.07610 -0.04522
v 0.02978 0.07610 -0.04977
v 0.04847 0.07575 -0.03175
v 0.04788 0.07610 -0.03273
v 0.04295 0.07610 -0.03898
v 0.05590 0.07575 -0.01522
v 0.05379 0.07610 -0.02171
v 0.05284 0.07575 -0.02378
v 0.05289 0.07610 -0.02380
v 0.04852 0.07610 -0.03178
v 0.05766 0.07610 -0.00629
v 0.05719 0.07610 -0.00968
v 0.05596 0.07610 -0.01523
v 0.00626 0.07539 0.05737
v 0.01516 0.07539 0.05568
v 0.02368 0.07539 0.05262
v 0.03162 0.07539 0.04827
v 0.03878 0.07539 0.04273
v 0.04499 0.07539 0.03614
v 0.05009 0.07539 0.02865
v 0.05396 0.07539 0.02047
v 0.05649 0.07539 0.01177
v 0.05764 0.07539 0.00279
v 0.05737 0.07539 -0.00626
v 0.05568 0.07539 -0.01516
v 0.05262 0.07539 -0.02368
v 0.04827 0.07539 -0.03162
v 0.04273 0.07539 -0.03878
v 0.03614 0.07539 -0.04499
v 0.02865 0.07539 -0.05009
v 0.02047 0.07539 -0.05396
v 0.01177 0.07539 -0.05649
v 0.00279 0.07539 -0.05764
v -0.00626 0.07539 -0.05737
v -0.01522 0.07575 -0.05590
v -0.05672 0.07575 -0.01182
v -0.05417 0.07575 -0.02055
v -0.05423 0.07610 -0.02057
v -0.02055 0.07575 0.05417
v -0.02877 0.07575 0.05029
v -0.02880 0.07610 0.05035
v -0.00280 0.07610 0.05793
v -0.00280 0.07575 0.05787
v -0.00621 0.07610 0.05767
v -0.01182 0.07575 0.05672
v -0.02057 0.07610 0.05423
v -0.01842 0.07610 0.05500
v -0.01183 0.07610 0.05678
v -0.04290 0.07575 0.03894
v -0.03976 0.07610 0.04223
v -0.03628 0.07575 0.04517
v -0.03632 0.07610 0.04522
v -0.02978 0.07610 0.04977
v -0.04846 0.07575 0.03175
v -0.04788 0.07610 0.03273
v -0.04295 0.07610 0.03898
v -0.05590 0.07575 0.01522
v -0.05378 0.07610 0.02171
v -0.05283 0.07575 0.02378
v -0.05289 0.07610 0.02380
v -0.04852 0.07610 0.03178
v -0.05678 0.07610 -0.01183
v -0.05720 0.07610 -0.00959
v -0.05787 0.07575 -0.00280
v -0.05793 0.07610 -0.00280
v -0.05760 0.07575 0.00629
v -0.05766 0.07610 0.00629
v -0.05596 0.07610 0.01524
v -0.04517 0.07575 -0.03628
v -0.04793 0.07610 -0.03266
v -0.05029 0.07575 -0.02877
v -0.05034 0.07610 -0.02880
v -0.05382 0.07610 -0.02163
v -0.03894 0.07575 -0.04290
v -0.03982 0.07610 -0.04217
v -0.04522 0.07610 -0.03632
v -0.02378 0.07575 -0.05283
v -0.02985 0.07610 -0.04973
v -0.03175 0.07575 -0.04846
v -0.03178 0.07610 -0.04852
v -0.03898 0.07610 -0.04295
v -0.01523 0.07610 -0.05596
v -0.01850 0.07610 -0.05497
v -0.02380 0.07610 -0.05289
v -0.01506 0.07516 -0.05533
v -0.02353 0.07516 -0.05229
v -0.03142 0.07516 -0.04797
v -0.03854 0.07516 -0.04246
v -0.04471 0.07516 -0.03591
v -0.04978 0.07516 -0.02847
v -0.05362 0.07516 -0.02034
v -0.05614 0.07516 -0.01170
v -0.05728 0.07516 -0.00277
v -0.05701 0.07516 0.00622
v -0.05533 0.07516 0.01506
v -0.05229 0.07516 0.02353
v -0.04797 0.07516 0.03142
v -0.04246 0.07516 0.03854
v -0.03591 0.07516 0.04471
v -0.02847 0.07516 0.04978
v -0.02034 0.07516 0.05362
v -0.01170 0.07516 0.05614
v -0.00277 0.07516 0.05728
v -0.01516 0.07539 -0.05568
v -0.02368 0.07539 -0.05262
v -0.03162 0.07539 -0.04827
v -0.03878 0.07539 -0.04273
v -0.04499 0.07539 -0.03614
v -0.05009 0.07539 -0.02865
v -0.05396 0.07539 -0.02046
v -0.05649 0.07539 -0.01177
v -0.05764 0.07539 -0.00279
v -0.05737 0.07539 0.00626
v -0.05568 0.07539 0.01516
v -0.05262 0.07539 0.02368
v -0.04827 0.07539 0.03162
v -0.04273 0.07539 0.03878
v -0.03614 0.07539 0.04499
v -0.02865 0.07539 0.05009
v -0.02046 0.07539 0.05396
v -0.01177 0.07539 0.05649
v -0.00279 0.07539 0.05764
v -0.00650 0.03066 -0.05959
v 0.00208 0.03066 -0.05991
v 0.01103 0.03066 -0.05893
v 0.01972 0.03066 -0.05661
v 0.02797 0.03066 -0.05302
v 0.03559 0.03066 -0.04824
v 0.04241 0.03066 -0.04237
v 0.04828 0.03066 -0.03554
v 0.05305 0.03066 -0.02791
v 0.05663 0.03066 -0.01966
v 0.05894 0.03066 -0.01096
v 0.05954 0.03066 0.00698
v 0.05992 0.03066 -0.00201
v 0.05959 0.03066 -0.00650
v 0.05783 0.03066 0.01581
v 0.05055 0.03066 0.03222
v 0.05481 0.03066 0.02429
v 0.04516 0.03066 0.03942
v 0.03147 0.03066 0.05103
v 0.03875 0.03066 0.04574
v 0.02348 0.03066 0.05516
v 0.01496 0.03066 0.05805
v 0.00650 0.03066 0.05959
v -0.01096 0.03066 -0.05894
v -0.01495 0.03066 -0.05805
v -0.02348 0.03066 -0.05516
v -0.03147 0.03066 -0.05102
v -0.05055 0.03066 -0.03222
v -0.04516 0.03066 -0.03942
v -0.03875 0.03066 -0.04574
v -0.05954 0.03066 -0.00698
v -0.05782 0.03066 -0.01581
v -0.05481 0.03066 -0.02429
v -0.05894 0.03066 0.01096
v -0.05959 0.03066 0.00650
v -0.05991 0.03066 0.00201
v -0.04828 0.03066 0.03554
v -0.05305 0.03066 0.02791
v -0.05663 0.03066 0.01966
v -0.02797 0.03066 0.05302
v -0.03559 0.03066 0.04824
v -0.04241 0.03066 0.04237
v -0.01972 0.03066 0.05661
v -0.01102 0.03066 0.05893
v -0.00208 0.03066 0.05991
v 0.00201 0.03066 0.05992
v -0.05766 0.07710 0.00629
v -0.05797 0.07710 0.00195
v -0.05761 0.07710 -0.00675
v -0.05720 0.07710 -0.00959
v -0.05595 0.07710 -0.01530
v -0.05382 0.07710 -0.02163
v -0.05303 0.07710 -0.02350
v -0.04891 0.07710 -0.03117
v -0.04793 0.07710 -0.03266
v -0.04369 0.07710 -0.03814
v -0.03982 0.07710 -0.04217
v 0.05766 0.07710 -0.00629
v 0.05702 0.07710 -0.01060
v 0.05479 0.07710 -0.01902
v 0.05379 0.07710 -0.02171
v 0.05133 0.07710 -0.02701
v 0.04788 0.07710 -0.03273
v 0.04671 0.07710 -0.03438
v 0.04104 0.07710 -0.04099
v 0.03976 0.07710 -0.04223
v 0.03444 0.07710 -0.04667
v 0.02978 0.07710 -0.04977
v 0.02706 0.07710 -0.05130
v 0.01908 0.07710 -0.05477
v 0.01842 0.07710 -0.05500
v 0.01067 0.07710 -0.05701
v 0.00621 0.07710 -0.05767
v 0.00201 0.07710 -0.05796
v -0.00629 0.07710 -0.05766
v -0.01447 0.07710 -0.05617
v -0.01850 0.07710 -0.05497
v -0.02271 0.07710 -0.05337
v -0.02985 0.07710 -0.04973
v -0.03045 0.07710 -0.04937
v -0.03749 0.07710 -0.04425
v 0.05797 0.07710 -0.00195
v 0.05761 0.07710 0.00675
v 0.05720 0.07710 0.00959
v 0.05595 0.07710 0.01530
v 0.05382 0.07710 0.02163
v 0.05303 0.07710 0.02350
v 0.04891 0.07710 0.03117
v 0.04793 0.07710 0.03266
v 0.04369 0.07710 0.03814
v 0.03982 0.07710 0.04217
v 0.03749 0.07710 0.04425
v 0.03045 0.07710 0.04937
v 0.02985 0.07710 0.04973
v 0.02271 0.07710 0.05337
v 0.01850 0.07710 0.05497
v 0.01447 0.07710 0.05617
v 0.00629 0.07710 0.05766
v -0.00201 0.07710 0.05797
v -0.00621 0.07710 0.05767
v -0.01067 0.07710 0.05701
v -0.01842 0.07710 0.05500
v -0.01908 0.07710 0.05477
v -0.02706 0.07710 0.05130
v -0.02978 0.07710 0.04977
v -0.03444 0.07710 0.04667
v -0.03976 0.07710 0.04223
v -0.04103 0.07710 0.04099
v -0.04671 0.07710 0.03439
v -0.04788 0.07710 0.03273
v -0.05133 0.07710 0.02701
v -0.05378 0.07710 0.02171
v -0.05479 0.07710 0.01902
v -0.05702 0.07710 0.01060
v 0.00202 0.03034 0.06003
v -0.00699 0.03034 0.05966
v -0.01584 0.03034 0.05794
v -0.02434 0.03034 0.05491
v -0.03228 0.03034 0.05065
v -0.03950 0.03034 0.04525
v -0.04583 0.03034 0.03883
v -0.05112 0.03034 0.03153
v -0.05527 0.03034 0.02352
v -0.05816 0.03034 0.01498
v -0.05971 0.03034 0.00652
v -0.05996 0.03005 0.00654
v -0.06025 0.02989 0.00658
v -0.05841 0.03005 0.01505
v -0.05870 0.02989 0.01512
v -0.05550 0.03005 0.02362
v -0.05577 0.02989 0.02374
v -0.05134 0.03005 0.03166
v -0.05159 0.02989 0.03182
v -0.04602 0.03005 0.03899
v -0.04625 0.02989 0.03918
v -0.04305 0.02989 0.04267
v -0.03967 0.03005 0.04544
v -0.03986 0.02989 0.04566
v -0.03242 0.03005 0.05087
v -0.03258 0.02989 0.05111
v -0.02444 0.03005 0.05515
v -0.02456 0.02989 0.05541
v -0.01591 0.03005 0.05818
v -0.01599 0.02989 0.05847
v -0.00702 0.03005 0.05991
v -0.00705 0.02989 0.06020
v 0.00203 0.03005 0.06028
v 0.00204 0.02989 0.06058
v 0.01103 0.03005 0.05930
v 0.01108 0.02989 0.05959
v 0.01978 0.03005 0.05698
v 0.01988 0.02989 0.05726
v 0.02809 0.03005 0.05338
v 0.02822 0.02989 0.05364
v 0.03576 0.03005 0.04858
v 0.03593 0.02989 0.04881
v 0.04263 0.03005 0.04268
v 0.04284 0.02989 0.04288
v 0.04854 0.03005 0.03581
v 0.04877 0.02989 0.03599
v 0.05124 0.02989 0.03238
v 0.05335 0.03005 0.02815
v 0.05361 0.02989 0.02828
v 0.05696 0.03005 0.01984
v 0.05724 0.02989 0.01994
v 0.05929 0.03005 0.01109
v 0.05958 0.02989 0.01115
v 0.06028 0.03005 0.00209
v 0.06058 0.02989 0.00210
v 0.05996 0.03005 -0.00654
v 0.06026 0.02989 -0.00658
v 0.05971 0.03034 -0.00652
v 0.06003 0.03034 0.00209
v 0.05904 0.03034 0.01105
v 0.05672 0.03034 0.01976
v 0.05312 0.03034 0.02803
v 0.04833 0.03034 0.03566
v 0.04245 0.03034 0.04250
v 0.03561 0.03034 0.04837
v 0.02797 0.03034 0.05316
v 0.01970 0.03034 0.05674
v 0.01098 0.03034 0.05905
v 0.05817 0.03034 -0.01498
v 0.05841 0.03005 -0.01505
v 0.05870 0.02989 -0.01512
v 0.05550 0.03005 -0.02362
v 0.05577 0.02989 -0.02374
v 0.05134 0.03005 -0.03166
v 0.05159 0.02989 -0.03182
v 0.04602 0.03005 -0.03899
v 0.04625 0.02989 -0.03918
v 0.04305 0.02989 -0.04267
v 0.03967 0.03005 -0.04544
v 0.03986 0.02989 -0.04566
v 0.03242 0.03005 -0.05087
v 0.03258 0.02989 -0.05111
v 0.02444 0.03005 -0.05514
v 0.02456 0.02989 -0.05541
v 0.01591 0.03005 -0.05818
v 0.01599 0.02989 -0.05847
v 0.00702 0.03005 -0.05991
v 0.00706 0.02989 -0.06020
v -0.00202 0.03005 -0.06028
v -0.00203 0.02989 -0.06058
v -0.01103 0.03005 -0.05930
v -0.01108 0.02989 -0.05959
v -0.01978 0.03005 -0.05698
v -0.01987 0.02989 -0.05726
v -0.02808 0.03005 -0.05338
v -0.02822 0.02989 -0.05364
v -0.03576 0.03005 -0.04857
v -0.03593 0.02989 -0.04881
v -0.04263 0.03005 -0.04267
v -0.04283 0.02989 -0.04288
v -0.04853 0.03005 -0.03581
v -0.04877 0.02989 -0.03599
v -0.05124 0.02989 -0.03238
v -0.05335 0.03005 -0.02814
v -0.05361 0.02989 -0.02828
v -0.05696 0.03005 -0.01984
v -0.05724 0.02989 -0.01994
v -0.05929 0.03005 -0.01109
v -0.05958 0.02989 -0.01115
v -0.06028 0.03005 -0.00209
v -0.06058 0.02989 -0.00210
v -0.06003 0.03034 -0.00208
v -0.05904 0.03034 -0.01105
v -0.05672 0.03034 -0.01976
v -0.05312 0.03034 -0.02803
v -0.04833 0.03034 -0.03566
v -0.04245 0.03034 -0.04250
v -0.03561 0.03034 -0.04837
v -0.02797 0.03034 -0.05316
v -0.01969 0.03034 -0.05674
v -0.01098 0.03034 -0.05905
v 0.05527 0.03034 -0.02352
v 0.05112 0.03034 -0.03153
v 0.04583 0.03034 -0.03883
v 0.03950 0.03034 -0.04525
v 0.03228 0.03034 -0.05065
v 0.02434 0.03034 -0.05491
v 0.01584 0.03034 -0.05794
v 0.00699 0.03034 -0.05966
v -0.00202 0.03034 -0.06003
v 0.05997 0.07710 -0.00201
v 0.05991 0.07743 -0.00201
v 0.05954 0.07743 0.00698
v 0.00647 0.07784 0.05932
v 0.00650 0.07743 0.05959
v 0.01495 0.07743 0.05805
v 0.00643 0.07807 0.05890
v 0.01489 0.07784 0.05779
v 0.00638 0.07807 0.05841
v 0.01478 0.07807 0.05737
v 0.00633 0.07784 0.05798
v 0.01466 0.07807 0.05690
v 0.00630 0.07743 0.05771
v 0.01455 0.07784 0.05648
v 0.01448 0.07743 0.05622
v 0.02274 0.07743 0.05342
v 0.03753 0.07743 0.04430
v 0.03048 0.07743 0.04941
v 0.04374 0.07743 0.03818
v 0.05308 0.07743 0.02352
v 0.04896 0.07743 0.03120
v 0.05600 0.07743 0.01531
v 0.05802 0.07743 -0.00195
v 0.05766 0.07743 0.00676
v 0.05485 0.07743 -0.01904
v 0.05708 0.07743 -0.01061
v 0.05138 0.07743 -0.02703
v 0.04108 0.07743 -0.04103
v 0.04675 0.07743 -0.03442
v 0.03447 0.07743 -0.04671
v 0.01910 0.07743 -0.05482
v 0.02709 0.07743 -0.05135
v 0.01068 0.07743 -0.05707
v 0.00202 0.07743 -0.05802
v -0.00630 0.07743 -0.05771
v -0.00650 0.07743 -0.05959
v 0.00208 0.07743 -0.05991
v -0.00651 0.07710 -0.05965
v 0.00208 0.07710 -0.05996
v 0.00642 0.07710 -0.05965
v 0.01102 0.07743 -0.05892
v 0.01104 0.07710 -0.05898
v 0.01906 0.07710 -0.05689
v 0.01972 0.07743 -0.05661
v 0.01974 0.07710 -0.05666
v 0.02797 0.07743 -0.05302
v 0.02800 0.07710 -0.05307
v 0.03081 0.07710 -0.05149
v 0.03559 0.07743 -0.04823
v 0.03562 0.07710 -0.04828
v 0.04113 0.07710 -0.04369
v 0.04241 0.07743 -0.04236
v 0.04245 0.07710 -0.04240
v 0.04827 0.07743 -0.03554
v 0.04832 0.07710 -0.03557
v 0.04953 0.07710 -0.03386
v 0.05305 0.07743 -0.02791
v 0.05310 0.07710 -0.02794
v 0.05564 0.07710 -0.02246
v 0.05663 0.07743 -0.01966
v 0.05668 0.07710 -0.01967
v 0.05893 0.07743 -0.01096
v 0.05899 0.07710 -0.01097
v 0.05993 0.07710 -0.00299
v 0.05965 0.07710 -0.00651
v 0.05916 0.07710 -0.01001
v 0.05782 0.07743 0.01581
v 0.05917 0.07710 0.00993
v 0.05959 0.07710 0.00698
v 0.05055 0.07743 0.03222
v 0.05485 0.07710 0.02431
v 0.05480 0.07743 0.02429
v 0.05567 0.07710 0.02238
v 0.05788 0.07710 0.01583
v 0.04516 0.07743 0.03942
v 0.04958 0.07710 0.03379
v 0.05060 0.07710 0.03225
v 0.03088 0.07710 0.05144
v 0.03150 0.07710 0.05107
v 0.03147 0.07743 0.05102
v 0.03879 0.07710 0.04578
v 0.03875 0.07743 0.04574
v 0.04119 0.07710 0.04363
v 0.04520 0.07710 0.03946
v 0.02350 0.07710 0.05521
v 0.02347 0.07743 0.05516
v 0.01914 0.07710 0.05687
v 0.01497 0.07710 0.05810
v 0.00651 0.07710 0.05965
v 0.02284 0.07784 0.05367
v 0.03062 0.07784 0.04964
v 0.03770 0.07784 0.04450
v 0.04394 0.07784 0.03836
v 0.04919 0.07784 0.03135
v 0.05332 0.07784 0.02363
v 0.05626 0.07784 0.01538
v 0.05793 0.07784 0.00679
v 0.05829 0.07784 -0.00196
v 0.05734 0.07784 -0.01066
v 0.05510 0.07784 -0.01912
v 0.05162 0.07784 -0.02716
v 0.04697 0.07784 -0.03458
v 0.04127 0.07784 -0.04122
v 0.03463 0.07784 -0.04693
v 0.02722 0.07784 -0.05159
v 0.01919 0.07784 -0.05508
v 0.01073 0.07784 -0.05733
v 0.00202 0.07784 -0.05829
v -0.00633 0.07784 -0.05798
v 0.02301 0.07807 0.05406
v 0.03084 0.07807 0.05001
v 0.03798 0.07807 0.04483
v 0.04426 0.07807 0.03864
v 0.04955 0.07807 0.03158
v 0.05372 0.07807 0.02381
v 0.05668 0.07807 0.01550
v 0.05836 0.07807 0.00684
v 0.05872 0.07807 -0.00197
v 0.05777 0.07807 -0.01074
v 0.05551 0.07807 -0.01927
v 0.05200 0.07807 -0.02736
v 0.04732 0.07807 -0.03483
v 0.04157 0.07807 -0.04152
v 0.03489 0.07807 -0.04728
v 0.02742 0.07807 -0.05197
v 0.01933 0.07807 -0.05548
v 0.01081 0.07807 -0.05775
v 0.00204 0.07807 -0.05872
v -0.00637 0.07807 -0.05841
v 0.02320 0.07807 0.05451
v 0.03110 0.07807 0.05043
v 0.03830 0.07807 0.04520
v 0.04463 0.07807 0.03896
v 0.04996 0.07807 0.03184
v 0.05416 0.07807 0.02400
v 0.05715 0.07807 0.01563
v 0.05884 0.07807 0.00690
v 0.05921 0.07807 -0.00199
v 0.05825 0.07807 -0.01083
v 0.05597 0.07807 -0.01943
v 0.05243 0.07807 -0.02758
v 0.04771 0.07807 -0.03512
v 0.04192 0.07807 -0.04187
v 0.03518 0.07807 -0.04767
v 0.02764 0.07807 -0.05240
v 0.01949 0.07807 -0.05595
v 0.01090 0.07807 -0.05823
v 0.00206 0.07807 -0.05921
v -0.00643 0.07807 -0.05889
v 0.02337 0.07784 0.05491
v 0.03133 0.07784 0.05079
v 0.03858 0.07784 0.04553
v 0.04496 0.07784 0.03924
v 0.05032 0.07784 0.03207
v 0.05456 0.07784 0.02418
v 0.05756 0.07784 0.01574
v 0.05927 0.07784 0.00695
v 0.05964 0.07784 -0.00200
v 0.05867 0.07784 -0.01091
v 0.05638 0.07784 -0.01957
v 0.05281 0.07784 -0.02779
v 0.04806 0.07784 -0.03538
v 0.04222 0.07784 -0.04217
v 0.03543 0.07784 -0.04802
v 0.02785 0.07784 -0.05278
v 0.01963 0.07784 -0.05635
v 0.01098 0.07784 -0.05866
v 0.00207 0.07784 -0.05964
v -0.00647 0.07784 -0.05932
v -0.05997 0.07710 0.00202
v -0.05991 0.07743 0.00201
v -0.05954 0.07743 -0.00698
v -0.00208 0.07743 0.05991
v -0.00208 0.07710 0.05996
v -0.00642 0.07710 0.05966
v -0.01102 0.07743 0.05892
v -0.01103 0.07710 0.05898
v -0.01906 0.07710 0.05689
v -0.01972 0.07743 0.05661
v -0.01974 0.07710 0.05666
v -0.02797 0.07743 0.05302
v -0.02800 0.07710 0.05307
v -0.03081 0.07710 0.05149
v -0.03559 0.07743 0.04823
v -0.03562 0.07710 0.04828
v -0.04113 0.07710 0.04369
v -0.04241 0.07743 0.04236
v -0.04245 0.07710 0.04240
v -0.04827 0.07743 0.03554
v -0.04832 0.07710 0.03557
v -0.04953 0.07710 0.03386
v -0.05305 0.07743 0.02791
v -0.05310 0.07710 0.02794
v -0.05564 0.07710 0.02246
v -0.05663 0.07743 0.01966
v -0.05668 0.07710 0.01967
v -0.05893 0.07743 0.01096
v -0.05899 0.07710 0.01097
v -0.05993 0.07710 0.00299
v -0.05965 0.07710 0.00651
v -0.05916 0.07710 0.01001
v -0.05782 0.07743 -0.01581
v -0.05917 0.07710 -0.00992
v -0.05959 0.07710 -0.00698
v -0.05055 0.07743 -0.03222
v -0.05485 0.07710 -0.02431
v -0.05480 0.07743 -0.02429
v -0.05567 0.07710 -0.02238
v -0.05787 0.07710 -0.01583
v -0.04516 0.07743 -0.03942
v -0.04958 0.07710 -0.03379
v -0.05060 0.07710 -0.03225
v -0.03088 0.07710 -0.05144
v -0.03150 0.07710 -0.05107
v -0.03147 0.07743 -0.05102
v -0.03878 0.07710 -0.04578
v -0.03875 0.07743 -0.04574
v -0.04119 0.07710 -0.04363
v -0.04520 0.07710 -0.03946
v -0.02350 0.07710 -0.05521
v -0.02347 0.07743 -0.05516
v -0.01914 0.07710 -0.05686
v -0.01495 0.07743 -0.05805
v -0.01497 0.07710 -0.05810
v -0.01489 0.07784 -0.05779
v -0.01478 0.07807 -0.05737
v -0.01466 0.07807 -0.05690
v -0.01455 0.07784 -0.05648
v -0.01448 0.07743 -0.05622
v -0.02273 0.07743 -0.05342
v -0.03753 0.07743 -0.04430
v -0.03047 0.07743 -0.04941
v -0.04374 0.07743 -0.03818
v -0.05308 0.07743 -0.02352
v -0.04896 0.07743 -0.03120
v -0.05600 0.07743 -0.01531
v -0.05802 0.07743 0.00195
v -0.05766 0.07743 -0.00676
v -0.05485 0.07743 0.01904
v -0.05708 0.07743 0.01061
v -0.05138 0.07743 0.02703
v -0.04107 0.07743 0.04103
v -0.04675 0.07743 0.03442
v -0.03447 0.07743 0.04672
v -0.01910 0.07743 0.05483
v -0.02709 0.07743 0.05135
v -0.01068 0.07743 0.05707
v -0.00201 0.07743 0.05802
v -0.02284 0.07784 -0.05367
v -0.03062 0.07784 -0.04964
v -0.03770 0.07784 -0.04450
v -0.04394 0.07784 -0.03836
v -0.04918 0.07784 -0.03135
v -0.05332 0.07784 -0.02363
v -0.05626 0.07784 -0.01538
v -0.05793 0.07784 -0.00679
v -0.05829 0.07784 0.00196
v -0.05734 0.07784 0.01066
v -0.05510 0.07784 0.01913
v -0.05162 0.07784 0.02716
v -0.04697 0.07784 0.03458
v -0.04127 0.07784 0.04122
v -0.03463 0.07784 0.04693
v -0.02722 0.07784 0.05159
v -0.01919 0.07784 0.05508
v -0.01073 0.07784 0.05733
v -0.00202 0.07784 0.05829
v -0.02301 0.07807 -0.05406
v -0.03084 0.07807 -0.05001
v -0.03798 0.07807 -0.04483
v -0.04426 0.07807 -0.03864
v -0.04955 0.07807 -0.03158
v -0.05372 0.07807 -0.02381
v -0.05667 0.07807 -0.01550
v -0.05836 0.07807 -0.00684
v -0.05872 0.07807 0.00197
v -0.05777 0.07807 0.01074
v -0.05551 0.07807 0.01927
v -0.05200 0.07807 0.02736
v -0.04732 0.07807 0.03483
v -0.04157 0.07807 0.04152
v -0.03489 0.07807 0.04728
v -0.02742 0.07807 0.05197
v -0.01933 0.07807 0.05549
v -0.01081 0.07807 0.05775
v -0.00204 0.07807 0.05872
v -0.02320 0.07807 -0.05451
v -0.03110 0.07807 -0.05043
v -0.03830 0.07807 -0.04520
v -0.04463 0.07807 -0.03896
v -0.04996 0.07807 -0.03184
v -0.05416 0.07807 -0.02400
v -0.05715 0.07807 -0.01563
v -0.05884 0.07807 -0.00690
v -0.05921 0.07807 0.00199
v -0.05825 0.07807 0.01083
v -0.05597 0.07807 0.01943
v -0.05243 0.07807 0.02759
v -0.04771 0.07807 0.03512
v -0.04192 0.07807 0.04187
v -0.03518 0.07807 0.04767
v -0.02764 0.07807 0.05240
v -0.01949 0.07807 0.05595
v -0.01090 0.07807 0.05823
v -0.00206 0.07807 0.05921
v -0.02337 0.07784 -0.05491
v -0.03132 0.07784 -0.05079
v -0.03857 0.07784 -0.04553
v -0.04495 0.07784 -0.03924
v -0.05032 0.07784 -0.03207
v -0.05456 0.07784 -0.02418
v -0.05756 0.07784 -0.01574
v -0.05927 0.07784 -0.00695
v -0.05964 0.07784 0.00200
v -0.05867 0.07784 0.01091
v -0.05637 0.07784 0.01957
v -0.05281 0.07784 0.02779
v -0.04806 0.07784 0.03538
v -0.04222 0.07784 0.04217
v -0.03543 0.07784 0.04802
v -0.02784 0.07784 0.05278
v -0.01963 0.07784 0.05635
v -0.01097 0.07784 0.05866
v -0.00207 0.07784 0.05964
v -0.06620 0.02779 0.01537
v -0.06756 0.02779 0.00737
v -0.07503 0.02637 0.00819
v -0.07352 0.02637 0.01707
v -0.06345 0.02779 0.02434
v -0.07047 0.02637 0.02703
v -0.05949 0.02779 0.03286
v -0.06607 0.02637 0.03649
v -0.05440 0.02779 0.04074
v -0.06041 0.02637 0.04524
v -0.04827 0.02779 0.04785
v -0.05360 0.02637 0.05314
v -0.04121 0.02779 0.05404
v -0.04577 0.02637 0.06002
v -0.03338 0.02779 0.05920
v -0.03706 0.02637 0.06575
v -0.02490 0.02779 0.06324
v -0.02765 0.02637 0.07023
v -0.01595 0.02779 0.06607
v -0.01771 0.02637 0.07337
v -0.00669 0.02779 0.06763
v -0.00743 0.02637 0.07511
v -0.00183 0.02637 0.07545
v 0.00269 0.02779 0.06791
v 0.00299 0.02637 0.07542
v 0.00819 0.02637 0.07503
v 0.01202 0.02779 0.06689
v 0.01335 0.02637 0.07429
v 0.01806 0.02637 0.07328
v 0.02112 0.02779 0.06460
v 0.02346 0.02637 0.07174
v 0.02982 0.02779 0.06107
v 0.03312 0.02637 0.06782
v 0.03795 0.02779 0.05638
v 0.04215 0.02637 0.06261
v 0.04536 0.02779 0.05061
v 0.05038 0.02637 0.05621
v 0.05190 0.02779 0.04388
v 0.05764 0.02637 0.04873
v 0.05745 0.02779 0.03631
v 0.06380 0.02637 0.04032
v 0.06191 0.02779 0.02805
v 0.06875 0.02637 0.03115
v 0.06518 0.02779 0.01925
v 0.07239 0.02637 0.02138
v 0.06721 0.02779 0.01008
v 0.07464 0.02637 0.01120
v 0.06796 0.02779 0.00073
v 0.07547 0.02637 0.00081
v 0.06756 0.02779 -0.00737
v 0.07503 0.02637 -0.00819
v 0.06620 0.02779 -0.01537
v 0.07352 0.02637 -0.01707
v 0.06346 0.02779 -0.02434
v 0.07047 0.02637 -0.02703
v 0.05950 0.02779 -0.03285
v 0.06607 0.02637 -0.03649
v 0.05440 0.02779 -0.04074
v 0.06041 0.02637 -0.04524
v 0.04827 0.02779 -0.04785
v 0.05360 0.02637 -0.05313
v 0.04122 0.02779 -0.05404
v 0.04577 0.02637 -0.06001
v 0.03338 0.02779 -0.05920
v 0.03707 0.02637 -0.06575
v 0.02490 0.02779 -0.06324
v 0.02765 0.02637 -0.07023
v 0.01595 0.02779 -0.06607
v 0.01771 0.02637 -0.07337
v 0.00669 0.02779 -0.06763
v 0.00743 0.02637 -0.07511
v 0.00183 0.02637 -0.07545
v -0.00269 0.02779 -0.06791
v -0.00299 0.02637 -0.07542
v -0.00819 0.02637 -0.07503
v -0.01202 0.02779 -0.06689
v -0.01335 0.02637 -0.07429
v -0.01806 0.02637 -0.07328
v -0.02112 0.02779 -0.06460
v -0.02346 0.02637 -0.07174
v -0.02982 0.02779 -0.06107
v -0.03312 0.02637 -0.06782
v -0.03795 0.02779 -0.05638
v -0.04215 0.02637 -0.06261
v -0.04536 0.02779 -0.05061
v -0.05037 0.02637 -0.05621
v -0.05190 0.02779 -0.04388
v -0.05764 0.02637 -0.04873
v -0.05745 0.02779 -0.03631
v -0.06380 0.02637 -0.04032
v -0.06191 0.02779 -0.02804
v -0.06875 0.02637 -0.03115
v -0.06518 0.02779 -0.01925
v -0.07239 0.02637 -0.02137
v -0.06721 0.02779 -0.01008
v -0.07464 0.02637 -0.01120
v -0.06796 0.02779 -0.00072
v -0.07547 0.02637 -0.00081
v -0.05965 0.07610 0.00651
v -0.05993 0.07610 0.00299
v 0.05965 0.07610 -0.00651
v 0.05916 0.07610 -0.01001
v -0.05997 0.07610 0.00202
v -0.05959 0.07610 -0.00698
v -0.05917 0.07610 -0.00992
v -0.05787 0.07610 -0.01583
v -0.05567 0.07610 -0.02238
v -0.05485 0.07610 -0.02431
v -0.05060 0.07610 -0.03225
v -0.04958 0.07610 -0.03379
v -0.04520 0.07610 -0.03946
v -0.04119 0.07610 -0.04363
v -0.03878 0.07610 -0.04578
v -0.03150 0.07610 -0.05107
v -0.03088 0.07610 -0.05144
v -0.02350 0.07610 -0.05521
v -0.01914 0.07610 -0.05686
v -0.01497 0.07610 -0.05810
v -0.00651 0.07610 -0.05965
v 0.00208 0.07610 -0.05996
v 0.00642 0.07610 -0.05965
v 0.01104 0.07610 -0.05898
v 0.01906 0.07610 -0.05689
v 0.01974 0.07610 -0.05666
v 0.02800 0.07610 -0.05307
v 0.03081 0.07610 -0.05149
v 0.03562 0.07610 -0.04828
v 0.04113 0.07610 -0.04369
v 0.04245 0.07610 -0.04240
v 0.04832 0.07610 -0.03557
v 0.04953 0.07610 -0.03386
v 0.05310 0.07610 -0.02794
v 0.05564 0.07610 -0.02246
v 0.05668 0.07610 -0.01967
v 0.05899 0.07610 -0.01097
v 0.05993 0.07610 -0.00299
v -0.05916 0.07610 0.01001
v 0.05997 0.07610 -0.00201
v 0.05959 0.07610 0.00698
v 0.05917 0.07610 0.00993
v 0.05788 0.07610 0.01583
v 0.05567 0.07610 0.02238
v 0.05485 0.07610 0.02431
v 0.05060 0.07610 0.03225
v 0.04958 0.07610 0.03379
v 0.04520 0.07610 0.03946
v 0.04119 0.07610 0.04363
v 0.03879 0.07610 0.04578
v 0.03150 0.07610 0.05107
v 0.03088 0.07610 0.05144
v 0.02350 0.07610 0.05521
v 0.01914 0.07610 0.05687
v 0.01497 0.07610 0.05810
v 0.00651 0.07610 0.05965
v -0.00208 0.07610 0.05996
v -0.00642 0.07610 0.05966
v -0.01103 0.07610 0.05898
v -0.01906 0.07610 0.05689
v -0.01974 0.07610 0.05666
v -0.02800 0.07610 0.05307
v -0.03081 0.07610 0.05149
v -0.03562 0.07610 0.04828
v -0.04113 0.07610 0.04369
v -0.04245 0.07610 0.04240
v -0.04832 0.07610 0.03557
v -0.04953 0.07610 0.03386
v -0.05310 0.07610 0.02794
v -0.05564 0.07610 0.02246
v -0.05668 0.07610 0.01967
v -0.05899 0.07610 0.01097
v -0.07741 0.02610 0.01710
v -0.07881 0.02610 0.00860
v -0.07446 0.02610 0.02721
v -0.07020 0.02610 0.03684
v -0.06469 0.02610 0.04582
v -0.05805 0.02610 0.05399
v -0.05039 0.02610 0.06120
v -0.04183 0.02610 0.06734
v -0.03254 0.02610 0.07229
v -0.02267 0.02610 0.07596
v -0.01240 0.02610 0.07830
v -0.00192 0.02610 0.07925
v 0.00354 0.02610 0.07920
v 0.00860 0.02610 0.07881
v 0.01362 0.02610 0.07810
v 0.01897 0.02610 0.07697
v 0.02900 0.02610 0.07378
v 0.03852 0.02610 0.06929
v 0.04737 0.02610 0.06357
v 0.05537 0.02610 0.05673
v 0.06240 0.02610 0.04889
v 0.06833 0.02610 0.04019
v 0.07305 0.02610 0.03078
v 0.07649 0.02610 0.02083
v 0.07858 0.02610 0.01051
v 0.07928 0.02610 0.00000
v 0.07881 0.02610 -0.00860
v 0.07741 0.02610 -0.01710
v 0.07446 0.02610 -0.02721
v 0.07020 0.02610 -0.03684
v 0.06470 0.02610 -0.04581
v 0.05805 0.02610 -0.05398
v 0.05039 0.02610 -0.06120
v 0.04183 0.02610 -0.06734
v 0.03254 0.02610 -0.07229
v 0.02267 0.02610 -0.07596
v 0.01240 0.02610 -0.07830
v 0.00192 0.02610 -0.07925
v -0.00354 0.02610 -0.07919
v -0.00860 0.02610 -0.07881
v -0.01362 0.02610 -0.07809
v -0.01897 0.02610 -0.07697
v -0.02900 0.02610 -0.07378
v -0.03852 0.02610 -0.06928
v -0.04736 0.02610 -0.06357
v -0.05537 0.02610 -0.05673
v -0.06240 0.02610 -0.04889
v -0.06833 0.02610 -0.04019
v -0.07305 0.02610 -0.03078
v -0.07649 0.02610 -0.02083
v -0.07858 0.02610 -0.01051
v -0.07927 0.02610 0.00000
v -0.00650 0.07555 -0.05959
v -0.01495 0.07555 -0.05805
v 0.00650 0.07555 0.05959
v 0.00201 0.07555 0.05992
v -0.00208 0.07555 0.05991
v -0.01102 0.07555 0.05893
v -0.01972 0.07555 0.05661
v -0.04241 0.07555 0.04237
v -0.03559 0.07555 0.04824
v -0.02797 0.07555 0.05302
v -0.05663 0.07555 0.01966
v -0.05305 0.07555 0.02791
v -0.04828 0.07555 0.03554
v -0.05991 0.07555 0.00201
v -0.05959 0.07555 0.00650
v -0.05894 0.07555 0.01096
v -0.05481 0.07555 -0.02429
v -0.05782 0.07555 -0.01581
v -0.05954 0.07555 -0.00698
v -0.03875 0.07555 -0.04574
v -0.04516 0.07555 -0.03942
v -0.05055 0.07555 -0.03222
v -0.03147 0.07555 -0.05102
v -0.02348 0.07555 -0.05516
v 0.01496 0.07555 0.05805
v 0.02348 0.07555 0.05516
v 0.03875 0.07555 0.04574
v 0.03147 0.07555 0.05103
v 0.04516 0.07555 0.03942
v 0.05481 0.07555 0.02429
v 0.05055 0.07555 0.03222
v 0.05783 0.07555 0.01581
v 0.05992 0.07555 -0.00201
v 0.05954 0.07555 0.00698
v 0.05959 0.07555 -0.00650
v 0.05894 0.07555 -0.01096
v 0.05663 0.07555 -0.01966
v 0.05305 0.07555 -0.02791
v 0.04828 0.07555 -0.03554
v 0.04241 0.07555 -0.04237
v 0.03559 0.07555 -0.04824
v 0.02797 0.07555 -0.05302
v 0.01972 0.07555 -0.05661
v -0.00201 0.07555 -0.05991
v 0.00208 0.07555 -0.05991
v 0.01103 0.07555 -0.05893
v 0.06026 0.07631 -0.00658
v 0.05996 0.07615 -0.00654
v 0.06028 0.07615 0.00209
v 0.06058 0.07631 0.00210
v 0.05929 0.07615 0.01109
v 0.05958 0.07631 0.01115
v 0.05696 0.07615 0.01984
v 0.05724 0.07631 0.01994
v 0.05335 0.07615 0.02815
v 0.05361 0.07631 0.02828
v 0.05124 0.07631 0.03238
v 0.04854 0.07615 0.03581
v 0.04877 0.07631 0.03599
v 0.04263 0.07615 0.04268
v 0.04284 0.07631 0.04288
v 0.03576 0.07615 0.04858
v 0.03593 0.07631 0.04881
v 0.02809 0.07615 0.05338
v 0.02822 0.07631 0.05364
v 0.01978 0.07615 0.05698
v 0.01988 0.07631 0.05726
v 0.01103 0.07615 0.05930
v 0.01108 0.07631 0.05959
v 0.00203 0.07615 0.06028
v 0.00204 0.07631 0.06058
v -0.00702 0.07615 0.05991
v -0.00705 0.07631 0.06020
v -0.01591 0.07615 0.05818
v -0.01599 0.07631 0.05847
v -0.02444 0.07615 0.05515
v -0.02456 0.07631 0.05541
v -0.03242 0.07615 0.05087
v -0.03258 0.07631 0.05111
v -0.03967 0.07615 0.04544
v -0.03986 0.07631 0.04566
v -0.04305 0.07631 0.04267
v -0.04602 0.07615 0.03899
v -0.04625 0.07631 0.03918
v -0.05134 0.07615 0.03166
v -0.05159 0.07631 0.03182
v -0.05550 0.07615 0.02362
v -0.05577 0.07631 0.02374
v -0.05841 0.07615 0.01505
v -0.05870 0.07631 0.01512
v -0.06025 0.07631 0.00658
v -0.05996 0.07615 0.00654
v -0.05971 0.07586 0.00652
v -0.05816 0.07586 0.01498
v -0.05527 0.07586 0.02352
v -0.05112 0.07586 0.03153
v -0.04583 0.07586 0.03883
v -0.03950 0.07586 0.04525
v -0.03228 0.07586 0.05065
v -0.02434 0.07586 0.05491
v -0.01584 0.07586 0.05794
v -0.00699 0.07586 0.05966
v 0.00202 0.07586 0.06003
v 0.01098 0.07586 0.05905
v 0.01970 0.07586 0.05674
v 0.02797 0.07586 0.05316
v 0.03561 0.07586 0.04837
v 0.04245 0.07586 0.04250
v 0.04833 0.07586 0.03566
v 0.05312 0.07586 0.02803
v 0.05672 0.07586 0.01976
v 0.05904 0.07586 0.01105
v 0.06003 0.07586 0.00209
v 0.05971 0.07586 -0.00652
v -0.08159 0.02618 0.01719
v -0.08288 0.02618 0.00905
v -0.07873 0.02618 0.02746
v -0.07458 0.02618 0.03728
v -0.06921 0.02618 0.04650
v -0.06271 0.02618 0.05495
v -0.05518 0.02618 0.06251
v -0.04675 0.02618 0.06904
v -0.03756 0.02618 0.07444
v -0.02775 0.02618 0.07863
v -0.01748 0.02618 0.08152
v -0.00694 0.02618 0.08309
v 0.00373 0.02618 0.08329
v 0.00905 0.02618 0.08289
v 0.01433 0.02618 0.08214
v 0.02470 0.02618 0.07964
v 0.03466 0.02618 0.07583
v 0.04405 0.02618 0.07079
v 0.05273 0.02618 0.06459
v 0.06054 0.02618 0.05733
v 0.06736 0.02618 0.04913
v 0.07308 0.02618 0.04013
v 0.07761 0.02618 0.03047
v 0.08086 0.02618 0.02032
v 0.08280 0.02618 0.00983
v 0.08337 0.02618 -0.00082
v 0.08289 0.02618 -0.00905
v 0.08159 0.02618 -0.01719
v 0.07873 0.02618 -0.02746
v 0.07458 0.02618 -0.03728
v 0.06921 0.02618 -0.04650
v 0.06271 0.02618 -0.05495
v 0.05518 0.02618 -0.06251
v 0.04675 0.02618 -0.06904
v 0.03756 0.02618 -0.07444
v 0.02775 0.02618 -0.07862
v 0.01748 0.02618 -0.08152
v 0.00694 0.02618 -0.08309
v -0.00373 0.02618 -0.08329
v -0.00905 0.02618 -0.08288
v -0.01433 0.02618 -0.08214
v -0.02469 0.02618 -0.07964
v -0.03466 0.02618 -0.07583
v -0.04405 0.02618 -0.07079
v -0.05273 0.02618 -0.06459
v -0.06054 0.02618 -0.05733
v -0.06736 0.02618 -0.04913
v -0.07308 0.02618 -0.04013
v -0.07761 0.02618 -0.03047
v -0.08086 0.02618 -0.02032
v -0.08280 0.02618 -0.00983
v -0.08337 0.02618 0.00082
v 0.05817 0.07586 -0.01498
v 0.05527 0.07586 -0.02352
v 0.05112 0.07586 -0.03153
v 0.04583 0.07586 -0.03883
v 0.03950 0.07586 -0.04525
v 0.03228 0.07586 -0.05065
v 0.02434 0.07586 -0.05491
v 0.01584 0.07586 -0.05794
v 0.00699 0.07586 -0.05966
v -0.00202 0.07586 -0.06003
v -0.01098 0.07586 -0.05905
v -0.01969 0.07586 -0.05674
v -0.02797 0.07586 -0.05316
v -0.03561 0.07586 -0.04837
v -0.04245 0.07586 -0.04250
v -0.04833 0.07586 -0.03566
v -0.05312 0.07586 -0.02803
v -0.05672 0.07586 -0.01976
v -0.05904 0.07586 -0.01105
v -0.06003 0.07586 -0.00208
v -0.06058 0.07631 -0.00210
v -0.06028 0.07615 -0.00209
v -0.05929 0.07615 -0.01109
v -0.05958 0.07631 -0.01115
v -0.05696 0.07615 -0.01984
v -0.05724 0.07631 -0.01994
v -0.05335 0.07615 -0.02814
v -0.05361 0.07631 -0.02828
v -0.05124 0.07631 -0.03238
v -0.04853 0.07615 -0.03581
v -0.04877 0.07631 -0.03599
v -0.04263 0.07615 -0.04267
v -0.04283 0.07631 -0.04288
v -0.03576 0.07615 -0.04857
v -0.03593 0.07631 -0.04881
v -0.02808 0.07615 -0.05338
v -0.02822 0.07631 -0.05364
v -0.01978 0.07615 -0.05698
v -0.01987 0.07631 -0.05726
v -0.01103 0.07615 -0.05930
v -0.01108 0.07631 -0.05959
v -0.00202 0.07615 -0.06028
v -0.00203 0.07631 -0.06058
v 0.00702 0.07615 -0.05991
v 0.00706 0.07631 -0.06020
v 0.01591 0.07615 -0.05818
v 0.01599 0.07631 -0.05847
v 0.02444 0.07615 -0.05514
v 0.02456 0.07631 -0.05541
v 0.03242 0.07615 -0.05087
v 0.03258 0.07631 -0.05111
v 0.03967 0.07615 -0.04544
v 0.03986 0.07631 -0.04566
v 0.04305 0.07631 -0.04267
v 0.04602 0.07615 -0.03899
v 0.04625 0.07631 -0.03918
v 0.05134 0.07615 -0.03166
v 0.05159 0.07631 -0.03182
v 0.05550 0.07615 -0.02362
v 0.05577 0.07631 -0.02374
v 0.05841 0.07615 -0.01505
v 0.05870 0.07631 -0.01512
v 0.07503 0.07983 -0.00819
v 0.06756 0.07841 -0.00737
v 0.06796 0.07841 0.00073
v -0.06756 0.07841 0.00737
v -0.07503 0.07983 0.00819
v -0.07352 0.07983 0.01707
v -0.06620 0.07841 0.01537
v -0.06345 0.07841 0.02434
v -0.05949 0.07841 0.03286
v -0.05440 0.07841 0.04074
v -0.04827 0.07841 0.04785
v -0.04121 0.07841 0.05404
v -0.03338 0.07841 0.05920
v -0.02490 0.07841 0.06324
v -0.01595 0.07841 0.06607
v -0.00669 0.07841 0.06763
v 0.00269 0.07841 0.06791
v 0.01202 0.07841 0.06689
v 0.02112 0.07841 0.06460
v 0.02982 0.07841 0.06107
v 0.03795 0.07841 0.05638
v 0.04536 0.07841 0.05061
v 0.05190 0.07841 0.04388
v 0.05745 0.07841 0.03631
v 0.06191 0.07841 0.02805
v 0.06518 0.07841 0.01925
v 0.06721 0.07841 0.01008
v 0.07547 0.07983 0.00081
v 0.07464 0.07983 0.01120
v 0.07239 0.07983 0.02138
v 0.06875 0.07983 0.03115
v 0.06380 0.07983 0.04032
v 0.05764 0.07983 0.04873
v 0.05038 0.07983 0.05621
v 0.04215 0.07983 0.06261
v 0.03312 0.07983 0.06782
v 0.02346 0.07983 0.07174
v 0.01806 0.07983 0.07328
v 0.01335 0.07983 0.07429
v 0.00819 0.07983 0.07503
v -0.07047 0.07983 0.02703
v -0.06607 0.07983 0.03649
v -0.06041 0.07983 0.04524
v -0.05360 0.07983 0.05314
v -0.04577 0.07983 0.06002
v -0.03706 0.07983 0.06575
v -0.02765 0.07983 0.07023
v -0.01771 0.07983 0.07337
v -0.00743 0.07983 0.07511
v -0.00183 0.07983 0.07545
v 0.00299 0.07983 0.07542
v -0.09498 0.03110 0.01037
v -0.09150 0.02876 0.00999
v -0.09023 0.02876 0.01815
v -0.08580 0.02693 0.01726
v -0.08701 0.02693 0.00950
v -0.09367 0.03110 0.01884
v -0.08731 0.02876 0.02912
v -0.09063 0.03110 0.03023
v -0.08306 0.02876 0.03965
v -0.08622 0.03110 0.04115
v -0.07755 0.02876 0.04957
v -0.08050 0.03110 0.05146
v -0.07086 0.02876 0.05874
v -0.07356 0.03110 0.06097
v -0.06309 0.02876 0.06702
v -0.06549 0.03110 0.06957
v -0.05436 0.02876 0.07427
v -0.05643 0.03110 0.07710
v -0.04480 0.02876 0.08040
v -0.04651 0.03110 0.08346
v -0.03456 0.02876 0.08531
v -0.03588 0.03110 0.08855
v -0.02380 0.02876 0.08891
v -0.02470 0.03110 0.09229
v -0.01267 0.02876 0.09117
v -0.01315 0.03110 0.09463
v -0.00669 0.03110 0.09531
v -0.00135 0.02876 0.09203
v -0.00141 0.03110 0.09553
v 0.00469 0.03110 0.09543
v 0.00999 0.02876 0.09150
v 0.01037 0.03110 0.09498
v 0.03326 0.03110 0.08957
v 0.02709 0.03110 0.09162
v 0.02117 0.02876 0.08957
v 0.02198 0.03110 0.09298
v 0.01600 0.03110 0.09419
v 0.03204 0.02876 0.08629
v 0.04242 0.02876 0.08168
v 0.04403 0.03110 0.08479
v 0.05215 0.02876 0.07584
v 0.05414 0.03110 0.07873
v 0.06109 0.02876 0.06884
v 0.06342 0.03110 0.07146
v 0.06910 0.02876 0.06080
v 0.07173 0.03110 0.06311
v 0.07606 0.02876 0.05183
v 0.07895 0.03110 0.05380
v 0.08186 0.02876 0.04207
v 0.08498 0.03110 0.04367
v 0.08642 0.02876 0.03167
v 0.08971 0.03110 0.03288
v 0.08966 0.02876 0.02079
v 0.09307 0.03110 0.02159
v 0.09154 0.02876 0.00960
v 0.09502 0.03110 0.00996
v 0.09203 0.02876 -0.00174
v 0.09553 0.03110 -0.00181
v 0.09498 0.03110 -0.01037
v 0.09150 0.02876 -0.00999
v 0.08701 0.02693 -0.00950
v -0.08303 0.02693 0.02769
v -0.07899 0.02693 0.03770
v -0.07375 0.02693 0.04714
v -0.06738 0.02693 0.05586
v -0.05999 0.02693 0.06373
v -0.05169 0.02693 0.07063
v -0.04260 0.02693 0.07645
v -0.03287 0.02693 0.08112
v -0.02263 0.02693 0.08455
v -0.01205 0.02693 0.08669
v -0.00129 0.02693 0.08751
v 0.00950 0.02693 0.08701
v 0.02013 0.02693 0.08518
v 0.03047 0.02693 0.08205
v 0.04034 0.02693 0.07767
v 0.04959 0.02693 0.07212
v 0.05809 0.02693 0.06546
v 0.06571 0.02693 0.05781
v 0.07233 0.02693 0.04929
v 0.07784 0.02693 0.04001
v 0.08218 0.02693 0.03012
v 0.08526 0.02693 0.01977
v 0.08705 0.02693 0.00913
v 0.08751 0.02693 -0.00166
v 0.10267 0.03561 -0.00193
v 0.10294 0.03607 -0.00180
v 0.10111 0.03607 -0.00179
v 0.09999 0.03351 -0.00253
v 0.09999 0.03275 -0.00275
v 0.10117 0.03372 -0.00247
v 0.10001 0.03351 0.00173
v 0.10001 0.03274 0.00151
v 0.10184 0.03444 0.00200
v 0.10109 0.03607 0.00247
v 0.10267 0.03561 0.00233
v 0.10293 0.03607 0.00246
v 0.10083 0.03561 0.01946
v 0.10107 0.03607 0.01964
v 0.09927 0.03607 0.01927
v 0.09833 0.03351 0.01832
v 0.09838 0.03275 0.01810
v 0.09948 0.03372 0.01862
v 0.09746 0.03351 0.02249
v 0.09751 0.03274 0.02227
v 0.09919 0.03442 0.02312
v 0.09837 0.03607 0.02343
v 0.09994 0.03561 0.02363
v 0.10017 0.03607 0.02381
v 0.09458 0.03561 0.04000
v 0.09478 0.03607 0.04023
v 0.09309 0.03607 0.03949
v 0.09237 0.03351 0.03836
v 0.09246 0.03275 0.03816
v 0.09343 0.03372 0.03890
v 0.09066 0.03351 0.04226
v 0.09075 0.03274 0.04206
v 0.09223 0.03444 0.04325
v 0.09135 0.03607 0.04337
v 0.09284 0.03561 0.04389
v 0.09303 0.03607 0.04412
v 0.08420 0.03561 0.05879
v 0.08434 0.03607 0.05905
v 0.08285 0.03607 0.05798
v 0.08238 0.03351 0.05673
v 0.08251 0.03275 0.05655
v 0.08330 0.03372 0.05747
v 0.07989 0.03351 0.06019
v 0.08002 0.03274 0.06001
v 0.08122 0.03444 0.06148
v 0.08033 0.03607 0.06142
v 0.08169 0.03561 0.06223
v 0.08182 0.03607 0.06249
v 0.07014 0.03561 0.07501
v 0.07022 0.03607 0.07530
v 0.06899 0.03607 0.07394
v 0.06879 0.03351 0.07262
v 0.06895 0.03275 0.07247
v 0.06953 0.03372 0.07354
v 0.06563 0.03351 0.07548
v 0.06579 0.03274 0.07533
v 0.06666 0.03444 0.07702
v 0.06581 0.03607 0.07678
v 0.06696 0.03561 0.07785
v 0.06704 0.03607 0.07814
v 0.05301 0.03561 0.08795
v 0.05303 0.03607 0.08825
v 0.05211 0.03607 0.08667
v 0.05218 0.03351 0.08533
v 0.05237 0.03275 0.08522
v 0.05273 0.03372 0.08639
v 0.04850 0.03351 0.08748
v 0.04869 0.03274 0.08737
v 0.04919 0.03444 0.08920
v 0.04841 0.03607 0.08878
v 0.04931 0.03561 0.09008
v 0.04933 0.03607 0.09037
v 0.03356 0.03561 0.09705
v 0.03352 0.03607 0.09735
v 0.03295 0.03607 0.09561
v 0.03330 0.03351 0.09432
v 0.03351 0.03275 0.09425
v 0.03361 0.03372 0.09546
v 0.02926 0.03351 0.09565
v 0.02946 0.03274 0.09558
v 0.02957 0.03444 0.09747
v 0.02889 0.03607 0.09691
v 0.02951 0.03561 0.09836
v 0.02947 0.03607 0.09865
v 0.01265 0.03561 0.10191
v 0.01255 0.03607 0.10219
v 0.01235 0.03607 0.10037
v 0.01297 0.03351 0.09918
v 0.01318 0.03275 0.09916
v 0.01303 0.03372 0.10036
v 0.00873 0.03351 0.09964
v 0.00895 0.03274 0.09962
v 0.00866 0.03444 0.10149
v 0.00811 0.03607 0.10080
v 0.00841 0.03561 0.10235
v 0.00831 0.03607 0.10262
v -0.00881 0.03561 0.10231
v -0.00897 0.03607 0.10257
v -0.00879 0.03607 0.10074
v -0.00794 0.03351 0.09971
v -0.00772 0.03275 0.09973
v -0.00812 0.03372 0.10088
v -0.01218 0.03351 0.09928
v -0.01196 0.03274 0.09930
v -0.01263 0.03444 0.10108
v -0.01302 0.03607 0.10028
v -0.01305 0.03561 0.10186
v -0.01321 0.03607 0.10211
v -0.02989 0.03561 0.09825
v -0.03010 0.03607 0.09846
v -0.02954 0.03607 0.09671
v -0.02850 0.03351 0.09588
v -0.02829 0.03275 0.09594
v -0.02892 0.03372 0.09699
v -0.03255 0.03351 0.09458
v -0.03234 0.03274 0.09464
v -0.03337 0.03444 0.09624
v -0.03359 0.03607 0.09538
v -0.03394 0.03561 0.09692
v -0.03415 0.03607 0.09713
v -0.04966 0.03561 0.08988
v -0.04991 0.03607 0.09005
v -0.04900 0.03607 0.08846
v -0.04781 0.03351 0.08786
v -0.04762 0.03275 0.08797
v -0.04845 0.03372 0.08885
v -0.05151 0.03351 0.08574
v -0.05131 0.03274 0.08585
v -0.05265 0.03444 0.08720
v -0.05268 0.03607 0.08631
v -0.05335 0.03561 0.08775
v -0.05360 0.03607 0.08791
v -0.06727 0.03561 0.07759
v -0.06755 0.03607 0.07771
v -0.06632 0.03607 0.07634
v -0.06503 0.03351 0.07600
v -0.06487 0.03275 0.07614
v -0.06587 0.03372 0.07684
v -0.06821 0.03351 0.07316
v -0.06804 0.03274 0.07331
v -0.06962 0.03442 0.07434
v -0.06948 0.03607 0.07347
v -0.07043 0.03561 0.07473
v -0.07070 0.03607 0.07484
v -0.08193 0.03561 0.06191
v -0.08223 0.03607 0.06196
v -0.08074 0.03607 0.06088
v -0.07941 0.03351 0.06082
v -0.07928 0.03275 0.06099
v -0.08040 0.03372 0.06147
v -0.08193 0.03351 0.05738
v -0.08180 0.03274 0.05756
v -0.08356 0.03444 0.05825
v -0.08324 0.03607 0.05742
v -0.08443 0.03561 0.05846
v -0.08472 0.03607 0.05851
v -0.09301 0.03561 0.04352
v -0.09331 0.03607 0.04351
v -0.09164 0.03607 0.04276
v -0.09032 0.03351 0.04298
v -0.09023 0.03275 0.04318
v -0.09142 0.03372 0.04341
v -0.09207 0.03351 0.03909
v -0.09198 0.03274 0.03929
v -0.09385 0.03444 0.03960
v -0.09336 0.03607 0.03886
v -0.09474 0.03561 0.03963
v -0.09503 0.03607 0.03962
v -0.10003 0.03561 0.02324
v -0.10032 0.03607 0.02316
v -0.09852 0.03607 0.02277
v -0.09728 0.03351 0.02326
v -0.09723 0.03275 0.02348
v -0.09845 0.03372 0.02345
v -0.09818 0.03351 0.01910
v -0.09814 0.03274 0.01931
v -0.10003 0.03444 0.01922
v -0.09940 0.03607 0.01860
v -0.10091 0.03561 0.01906
v -0.10119 0.03607 0.01899
v -0.10083 0.03561 -0.01946
v -0.10107 0.03607 -0.01964
v -0.09927 0.03607 -0.01927
v -0.09833 0.03351 -0.01832
v -0.09838 0.03275 -0.01810
v -0.09948 0.03372 -0.01862
v -0.09746 0.03351 -0.02249
v -0.09751 0.03274 -0.02227
v -0.09920 0.03444 -0.02313
v -0.09837 0.03607 -0.02343
v -0.09994 0.03561 -0.02362
v -0.10017 0.03607 -0.02381
v -0.09458 0.03561 -0.04000
v -0.09478 0.03607 -0.04023
v -0.09309 0.03607 -0.03949
v -0.09237 0.03351 -0.03836
v -0.09246 0.03275 -0.03816
v -0.09343 0.03372 -0.03890
v -0.09066 0.03351 -0.04226
v -0.09074 0.03274 -0.04206
v -0.09222 0.03444 -0.04325
v -0.09135 0.03607 -0.04337
v -0.09284 0.03561 -0.04389
v -0.09303 0.03607 -0.04411
v -0.08420 0.03561 -0.05879
v -0.08434 0.03607 -0.05905
v -0.08285 0.03607 -0.05798
v -0.08238 0.03351 -0.05673
v -0.08251 0.03275 -0.05655
v -0.08330 0.03372 -0.05747
v -0.07989 0.03351 -0.06019
v -0.08002 0.03274 -0.06001
v -0.08122 0.03444 -0.06147
v -0.08033 0.03607 -0.06142
v -0.08169 0.03561 -0.06223
v -0.08182 0.03607 -0.06249
v -0.07014 0.03561 -0.07501
v -0.07022 0.03607 -0.07530
v -0.06899 0.03607 -0.07394
v -0.06878 0.03351 -0.07262
v -0.06895 0.03275 -0.07247
v -0.06953 0.03372 -0.07354
v -0.06563 0.03351 -0.07548
v -0.06579 0.03274 -0.07533
v -0.06666 0.03444 -0.07702
v -0.06581 0.03607 -0.07678
v -0.06696 0.03561 -0.07785
v -0.06704 0.03607 -0.07814
v -0.05301 0.03561 -0.08795
v -0.05303 0.03607 -0.08825
v -0.05210 0.03607 -0.08666
v -0.05218 0.03351 -0.08533
v -0.05237 0.03275 -0.08522
v -0.05272 0.03372 -0.08638
v -0.04850 0.03351 -0.08748
v -0.04869 0.03274 -0.08736
v -0.04919 0.03444 -0.08919
v -0.04841 0.03607 -0.08878
v -0.04931 0.03561 -0.09008
v -0.04933 0.03607 -0.09037
v -0.03356 0.03561 -0.09705
v -0.03352 0.03607 -0.09735
v -0.03295 0.03607 -0.09560
v -0.03330 0.03351 -0.09432
v -0.03351 0.03275 -0.09425
v -0.03361 0.03372 -0.09546
v -0.02925 0.03351 -0.09565
v -0.02946 0.03274 -0.09558
v -0.02957 0.03442 -0.09746
v -0.02889 0.03607 -0.09691
v -0.02951 0.03561 -0.09836
v -0.02946 0.03607 -0.09865
v -0.01265 0.03561 -0.10191
v -0.01255 0.03607 -0.10219
v -0.01235 0.03607 -0.10036
v -0.01296 0.03351 -0.09918
v -0.01318 0.03275 -0.09915
v -0.01303 0.03372 -0.10036
v -0.00873 0.03351 -0.09964
v -0.00895 0.03274 -0.09962
v -0.00866 0.03444 -0.10149
v -0.00811 0.03607 -0.10080
v -0.00841 0.03561 -0.10235
v -0.00831 0.03607 -0.10262
v 0.00881 0.03561 -0.10231
v 0.00897 0.03607 -0.10257
v 0.00879 0.03607 -0.10074
v 0.00794 0.03351 -0.09971
v 0.00772 0.03275 -0.09973
v 0.00812 0.03372 -0.10088
v 0.01218 0.03351 -0.09928
v 0.01196 0.03274 -0.09930
v 0.01263 0.03444 -0.10107
v 0.01302 0.03607 -0.10028
v 0.01305 0.03561 -0.10186
v 0.01321 0.03607 -0.10211
v 0.02989 0.03561 -0.09824
v 0.03010 0.03607 -0.09846
v 0.02954 0.03607 -0.09671
v 0.02850 0.03351 -0.09588
v 0.02829 0.03275 -0.09594
v 0.02892 0.03372 -0.09698
v 0.03255 0.03351 -0.09458
v 0.03234 0.03274 -0.09464
v 0.03337 0.03444 -0.09624
v 0.03359 0.03607 -0.09538
v 0.03394 0.03561 -0.09692
v 0.03415 0.03607 -0.09713
v 0.04967 0.03561 -0.08988
v 0.04991 0.03607 -0.09005
v 0.04900 0.03607 -0.08846
v 0.04781 0.03351 -0.08786
v 0.04762 0.03275 -0.08797
v 0.04845 0.03372 -0.08885
v 0.05151 0.03351 -0.08574
v 0.05131 0.03274 -0.08585
v 0.05265 0.03444 -0.08720
v 0.05269 0.03607 -0.08631
v 0.05335 0.03561 -0.08774
v 0.05360 0.03607 -0.08791
v 0.06727 0.03561 -0.07759
v 0.06755 0.03607 -0.07771
v 0.06632 0.03607 -0.07633
v 0.06503 0.03351 -0.07600
v 0.06487 0.03275 -0.07614
v 0.06587 0.03372 -0.07684
v 0.06821 0.03351 -0.07316
v 0.06804 0.03274 -0.07331
v 0.06963 0.03444 -0.07435
v 0.06948 0.03607 -0.07347
v 0.07043 0.03561 -0.07473
v 0.07070 0.03607 -0.07484
v 0.08193 0.03561 -0.06191
v 0.08223 0.03607 -0.06196
v 0.08074 0.03607 -0.06088
v 0.07941 0.03351 -0.06082
v 0.07928 0.03275 -0.06099
v 0.08040 0.03372 -0.06147
v 0.08193 0.03351 -0.05738
v 0.08180 0.03274 -0.05756
v 0.08356 0.03444 -0.05825
v 0.08324 0.03607 -0.05742
v 0.08443 0.03561 -0.05846
v 0.08472 0.03607 -0.05851
v 0.09301 0.03561 -0.04352
v 0.09331 0.03607 -0.04351
v 0.09164 0.03607 -0.04276
v 0.09032 0.03351 -0.04298
v 0.09023 0.03275 -0.04318
v 0.09142 0.03372 -0.04341
v 0.09207 0.03351 -0.03909
v 0.09198 0.03274 -0.03929
v 0.09385 0.03444 -0.03960
v 0.09336 0.03607 -0.03886
v 0.09474 0.03561 -0.03963
v 0.09503 0.03607 -0.03962
v 0.10003 0.03561 -0.02323
v 0.10032 0.03607 -0.02316
v 0.09853 0.03607 -0.02277
v 0.09728 0.03351 -0.02326
v 0.09723 0.03275 -0.02347
v 0.09845 0.03372 -0.02345
v 0.09818 0.03351 -0.01910
v 0.09814 0.03274 -0.01931
v 0.10003 0.03444 -0.01922
v 0.09940 0.03607 -0.01860
v 0.10091 0.03561 -0.01906
v 0.10119 0.03607 -0.01899
v 0.09024 0.02876 -0.01815
v 0.09367 0.03110 -0.01884
v 0.08731 0.02876 -0.02912
v 0.09064 0.03110 -0.03022
v 0.08307 0.02876 -0.03964
v 0.08623 0.03110 -0.04115
v 0.07755 0.02876 -0.04957
v 0.08050 0.03110 -0.05145
v 0.07086 0.02876 -0.05874
v 0.07356 0.03110 -0.06097
v 0.06309 0.02876 -0.06702
v 0.06549 0.03110 -0.06957
v 0.05436 0.02876 -0.07427
v 0.05643 0.03110 -0.07710
v 0.04480 0.02876 -0.08040
v 0.04651 0.03110 -0.08346
v 0.03456 0.02876 -0.08530
v 0.03588 0.03110 -0.08855
v 0.02380 0.02876 -0.08891
v 0.02471 0.03110 -0.09229
v 0.01267 0.02876 -0.09116
v 0.01316 0.03110 -0.09463
v 0.00669 0.03110 -0.09531
v 0.00135 0.02876 -0.09203
v 0.00141 0.03110 -0.09553
v -0.00469 0.03110 -0.09543
v -0.00999 0.02876 -0.09150
v -0.01037 0.03110 -0.09498
v -0.03326 0.03110 -0.08957
v -0.02709 0.03110 -0.09162
v -0.02117 0.02876 -0.08957
v -0.02198 0.03110 -0.09298
v -0.01600 0.03110 -0.09419
v -0.03204 0.02876 -0.08628
v -0.04242 0.02876 -0.08168
v -0.04403 0.03110 -0.08479
v -0.05215 0.02876 -0.07584
v -0.05413 0.03110 -0.07872
v -0.06109 0.02876 -0.06884
v -0.06341 0.03110 -0.07146
v -0.06910 0.02876 -0.06080
v -0.07173 0.03110 -0.06311
v -0.07606 0.02876 -0.05183
v -0.07895 0.03110 -0.05380
v -0.08186 0.02876 -0.04207
v -0.08498 0.03110 -0.04367
v -0.08642 0.02876 -0.03167
v -0.08971 0.03110 -0.03288
v -0.08966 0.02876 -0.02079
v -0.09307 0.03110 -0.02158
v -0.09154 0.02876 -0.00960
v -0.09502 0.03110 -0.00996
v -0.09202 0.02876 0.00174
v -0.09552 0.03110 0.00181
v -0.08751 0.02693 0.00166
v -0.08704 0.02693 -0.00913
v -0.08526 0.02693 -0.01977
v -0.08218 0.02693 -0.03012
v -0.07784 0.02693 -0.04001
v -0.07233 0.02693 -0.04928
v -0.06571 0.02693 -0.05781
v -0.05809 0.02693 -0.06546
v -0.04959 0.02693 -0.07212
v -0.04034 0.02693 -0.07767
v -0.03047 0.02693 -0.08205
v -0.02013 0.02693 -0.08517
v -0.00950 0.02693 -0.08701
v 0.00129 0.02693 -0.08751
v 0.01205 0.02693 -0.08669
v 0.02263 0.02693 -0.08455
v 0.03287 0.02693 -0.08112
v 0.04260 0.02693 -0.07645
v 0.05169 0.02693 -0.07063
v 0.05999 0.02693 -0.06373
v 0.06738 0.02693 -0.05586
v 0.07375 0.02693 -0.04714
v 0.07899 0.02693 -0.03770
v 0.08303 0.02693 -0.02769
v 0.08580 0.02693 -0.01726
v -0.10001 0.03274 -0.00151
v -0.10001 0.03351 -0.00173
v -0.10184 0.03444 -0.00200
v -0.10109 0.03607 -0.00247
v -0.10266 0.03561 -0.00233
v -0.10293 0.03607 -0.00246
v -0.09999 0.03351 0.00253
v -0.09999 0.03275 0.00275
v -0.10267 0.03561 0.00193
v -0.10294 0.03607 0.00180
v -0.10111 0.03607 0.00179
v -0.10117 0.03372 0.00247
v -0.01202 0.07841 -0.06689
v -0.02112 0.07841 -0.06460
v 0.06620 0.07841 -0.01537
v 0.06346 0.07841 -0.02434
v 0.05950 0.07841 -0.03285
v 0.05440 0.07841 -0.04074
v 0.04827 0.07841 -0.04785
v 0.04122 0.07841 -0.05404
v 0.03338 0.07841 -0.05920
v 0.02490 0.07841 -0.06324
v 0.01595 0.07841 -0.06607
v 0.00669 0.07841 -0.06763
v -0.00269 0.07841 -0.06791
v -0.02982 0.07841 -0.06107
v -0.03795 0.07841 -0.05638
v -0.04536 0.07841 -0.05061
v -0.05190 0.07841 -0.04388
v -0.05745 0.07841 -0.03631
v -0.06191 0.07841 -0.02804
v -0.06518 0.07841 -0.01925
v -0.06721 0.07841 -0.01008
v -0.06796 0.07841 -0.00072
v -0.03312 0.07983 -0.06782
v -0.04215 0.07983 -0.06261
v -0.05037 0.07983 -0.05621
v -0.05764 0.07983 -0.04873
v -0.06380 0.07983 -0.04032
v -0.06875 0.07983 -0.03115
v -0.07239 0.07983 -0.02137
v -0.07464 0.07983 -0.01120
v -0.07547 0.07983 -0.00081
v -0.00819 0.07983 -0.07503
v -0.01335 0.07983 -0.07429
v -0.01806 0.07983 -0.07328
v -0.02346 0.07983 -0.07174
v -0.00299 0.07983 -0.07542
v 0.00183 0.07983 -0.07545
v 0.00743 0.07983 -0.07511
v 0.01771 0.07983 -0.07337
v 0.02765 0.07983 -0.07023
v 0.03707 0.07983 -0.06575
v 0.04577 0.07983 -0.06001
v 0.05360 0.07983 -0.05313
v 0.06041 0.07983 -0.04524
v 0.06607 0.07983 -0.03649
v 0.07047 0.07983 -0.02703
v 0.07352 0.07983 -0.01707
v -0.07881 0.08010 0.00860
v -0.07741 0.08010 0.01710
v -0.07446 0.08010 0.02721
v -0.07020 0.08010 0.03684
v -0.06469 0.08010 0.04582
v -0.05805 0.08010 0.05399
v -0.05039 0.08010 0.06120
v -0.04183 0.08010 0.06734
v -0.03254 0.08010 0.07229
v -0.02267 0.08010 0.07596
v -0.01240 0.08010 0.07830
v -0.00192 0.08010 0.07925
v 0.00354 0.08010 0.07920
v 0.00860 0.08010 0.07881
v 0.01362 0.08010 0.07810
v 0.01897 0.08010 0.07697
v 0.02900 0.08010 0.07378
v 0.03852 0.08010 0.06929
v 0.04737 0.08010 0.06357
v 0.05537 0.08010 0.05673
v 0.06240 0.08010 0.04889
v 0.06833 0.08010 0.04019
v 0.07305 0.08010 0.03078
v 0.07649 0.08010 0.02083
v 0.07858 0.08010 0.01051
v 0.07928 0.08010 0.00000
v 0.07881 0.08010 -0.00860
v -0.10070 0.04093 0.01997
v -0.09862 0.03637 0.02286
v -0.10086 0.04176 0.02019
v -0.09985 0.04124 0.02421
v -0.10170 0.04545 0.01928
v -0.10088 0.04545 0.02319
v -0.10205 0.04768 0.01870
v -0.10155 0.04995 0.02201
v -0.10233 0.04995 0.01808
v -0.10222 0.04124 0.02473
v -0.10101 0.03756 0.02364
v -0.09356 0.03687 0.03915
v -0.09631 0.03988 0.04110
v -0.09446 0.04176 0.04072
v -0.09670 0.04176 0.04172
v -0.09172 0.03637 0.04287
v -0.09263 0.04124 0.04444
v -0.09385 0.04545 0.04366
v -0.09547 0.04545 0.04000
v -0.09594 0.04770 0.03950
v -0.09476 0.04995 0.04264
v -0.09633 0.04995 0.03896
v -0.09484 0.04124 0.04544
v -0.09389 0.03756 0.04413
v -0.08338 0.03687 0.05774
v -0.08566 0.03988 0.06023
v -0.08393 0.04176 0.05946
v -0.08591 0.04176 0.06092
v -0.08137 0.04124 0.06273
v -0.08272 0.04545 0.06222
v -0.08506 0.04545 0.05898
v -0.08080 0.03637 0.06100
v -0.08563 0.04768 0.05859
v -0.08382 0.04995 0.06141
v -0.08612 0.04995 0.05814
v -0.08333 0.04124 0.06417
v -0.08266 0.03756 0.06269
v -0.06955 0.03687 0.07382
v -0.07127 0.03988 0.07672
v -0.06973 0.04176 0.07561
v -0.07137 0.04176 0.07745
v -0.06655 0.04124 0.07828
v -0.06798 0.04545 0.07806
v -0.07094 0.04545 0.07537
v -0.06635 0.03637 0.07647
v -0.07215 0.04995 0.07478
v -0.06922 0.04995 0.07750
v -0.06816 0.04124 0.08009
v -0.06782 0.03756 0.07850
v -0.05269 0.03687 0.08667
v -0.05376 0.03988 0.08986
v -0.05249 0.04176 0.08846
v -0.05371 0.04176 0.09059
v -0.04900 0.03637 0.08859
v -0.04882 0.04124 0.09040
v -0.05026 0.04545 0.09049
v -0.05372 0.04545 0.08848
v -0.05439 0.04768 0.08835
v -0.05160 0.04995 0.09020
v -0.05503 0.04995 0.08814
v -0.05002 0.04124 0.09251
v -0.05002 0.03756 0.09089
v -0.03352 0.03687 0.09573
v -0.03390 0.03988 0.09908
v -0.03295 0.04176 0.09744
v -0.03370 0.04176 0.09978
v -0.02951 0.03637 0.09684
v -0.02895 0.04124 0.09858
v -0.03035 0.04545 0.09896
v -0.03415 0.04545 0.09771
v -0.03550 0.04995 0.09766
v -0.03172 0.04995 0.09895
v -0.02970 0.04124 0.10089
v -0.03003 0.03756 0.09930
v -0.01288 0.03687 0.10060
v -0.01256 0.03988 0.10396
v -0.01197 0.04176 0.10216
v -0.01222 0.04176 0.10460
v -0.00783 0.04124 0.10244
v -0.00911 0.04545 0.10311
v -0.01309 0.04545 0.10268
v -0.00873 0.03637 0.10086
v -0.01442 0.04995 0.10291
v -0.01045 0.04995 0.10339
v -0.00807 0.04124 0.10486
v -0.00873 0.03756 0.10338
v 0.00832 0.03687 0.10108
v 0.00933 0.03988 0.10430
v 0.00953 0.04176 0.10242
v 0.00980 0.04176 0.10486
v 0.01243 0.03637 0.10047
v 0.01364 0.04124 0.10183
v 0.01252 0.04545 0.10275
v 0.00854 0.04545 0.10316
v 0.01127 0.04995 0.10330
v 0.00729 0.04995 0.10366
v 0.01391 0.04124 0.10425
v 0.01296 0.03756 0.10293
v 0.02915 0.03687 0.09714
v 0.03081 0.03988 0.10008
v 0.03062 0.04176 0.09820
v 0.03139 0.04176 0.10053
v 0.03452 0.04124 0.09677
v 0.03361 0.04545 0.09790
v 0.02980 0.04545 0.09913
v 0.03305 0.03637 0.09569
v 0.02926 0.04768 0.09954
v 0.03250 0.04995 0.09870
v 0.02868 0.04995 0.09988
v 0.03528 0.04124 0.09908
v 0.03407 0.03756 0.09799
v 0.04871 0.03687 0.08896
v 0.05094 0.03988 0.09149
v 0.05037 0.04176 0.08969
v 0.05160 0.04176 0.09181
v 0.05222 0.03637 0.08673
v 0.05388 0.04124 0.08748
v 0.05323 0.04545 0.08877
v 0.04976 0.04545 0.09076
v 0.04932 0.04768 0.09128
v 0.05231 0.04995 0.08978
v 0.04882 0.04995 0.09173
v 0.05510 0.04124 0.08958
v 0.05370 0.03756 0.08876
v 0.06614 0.03687 0.07689
v 0.06885 0.03988 0.07890
v 0.06791 0.04176 0.07725
v 0.06956 0.04176 0.07907
v 0.06911 0.03637 0.07398
v 0.07089 0.04124 0.07436
v 0.07053 0.04545 0.07577
v 0.06754 0.04545 0.07843
v 0.06682 0.04995 0.07958
v 0.06984 0.04995 0.07694
v 0.07252 0.04124 0.07616
v 0.07098 0.03756 0.07566
v 0.08068 0.03687 0.06146
v 0.08375 0.03988 0.06286
v 0.08249 0.04176 0.06145
v 0.08448 0.04176 0.06288
v 0.08480 0.04124 0.05800
v 0.08474 0.04545 0.05945
v 0.08238 0.04545 0.06268
v 0.08298 0.03637 0.05799
v 0.08431 0.04995 0.06074
v 0.08191 0.04995 0.06394
v 0.08677 0.04124 0.05942
v 0.08516 0.03756 0.05925
v 0.09170 0.03687 0.04334
v 0.09499 0.03988 0.04407
v 0.09346 0.04176 0.04295
v 0.09571 0.04176 0.04394
v 0.09323 0.03637 0.03947
v 0.09501 0.04124 0.03910
v 0.09525 0.04545 0.04053
v 0.09361 0.04545 0.04418
v 0.09341 0.04995 0.04552
v 0.09510 0.04995 0.04189
v 0.09723 0.04124 0.04008
v 0.09562 0.03756 0.04025
v 0.09871 0.03687 0.02333
v 0.10208 0.03988 0.02336
v 0.10035 0.04176 0.02258
v 0.10275 0.04176 0.02308
v 0.09940 0.03637 0.01923
v 0.10106 0.04124 0.01849
v 0.10159 0.04545 0.01984
v 0.10075 0.04545 0.02375
v 0.10173 0.04995 0.02120
v 0.10084 0.04995 0.02510
v 0.10344 0.04124 0.01899
v 0.10190 0.03756 0.01948
v 0.10140 0.03687 0.00230
v 0.10471 0.03988 0.00163
v 0.10285 0.04176 0.00123
v 0.10531 0.04176 0.00122
v 0.10122 0.03637 -0.00186
v 0.10270 0.04124 -0.00292
v 0.10350 0.04545 -0.00171
v 0.10349 0.04545 0.00229
v 0.10371 0.04768 0.00293
v 0.10391 0.04995 -0.00041
v 0.10385 0.04995 0.00359
v 0.10138 0.06272 0.01895
v 0.10057 0.06272 0.02287
v 0.10067 0.06227 0.02276
v 0.10239 0.05670 0.01739
v 0.10170 0.05625 0.02119
v 0.10244 0.05625 0.01726
v 0.09523 0.06272 0.03961
v 0.09362 0.06272 0.04328
v 0.09374 0.06227 0.04319
v 0.09654 0.05670 0.03829
v 0.09507 0.05625 0.04187
v 0.09661 0.05625 0.03818
v 0.08429 0.05625 0.06073
v 0.08656 0.05625 0.05744
v 0.08647 0.05670 0.05753
v 0.08271 0.06227 0.06174
v 0.08491 0.06272 0.05855
v 0.08258 0.06272 0.06180
v 0.07088 0.06272 0.07492
v 0.06792 0.06272 0.07761
v 0.06807 0.06227 0.07758
v 0.07262 0.05670 0.07425
v 0.06982 0.05625 0.07692
v 0.07273 0.05625 0.07418
v 0.05376 0.06272 0.08802
v 0.05030 0.06272 0.09004
v 0.05045 0.06227 0.09004
v 0.05559 0.05670 0.08772
v 0.05230 0.05625 0.08976
v 0.05572 0.05625 0.08768
v 0.03428 0.06272 0.09727
v 0.03048 0.06272 0.09853
v 0.03063 0.06227 0.09856
v 0.03614 0.05670 0.09737
v 0.03250 0.05625 0.09867
v 0.03627 0.05625 0.09735
v 0.01127 0.05625 0.10327
v 0.01524 0.05625 0.10276
v 0.01511 0.05670 0.10275
v 0.01331 0.06272 0.10228
v 0.01119 0.06272 0.10253
v 0.01124 0.05949 0.10299
v 0.00947 0.06227 0.10278
v 0.00933 0.06272 0.10271
v -0.00825 0.06272 0.10281
v -0.01223 0.06272 0.10241
v -0.01211 0.06227 0.10250
v -0.00659 0.05670 0.10365
v -0.01045 0.05625 0.10336
v -0.00646 0.05625 0.10368
v -0.02944 0.06272 0.09885
v -0.03325 0.06272 0.09763
v -0.03315 0.06227 0.09774
v -0.02799 0.05670 0.10001
v -0.03171 0.05625 0.09893
v -0.02787 0.05625 0.10007
v -0.04935 0.06272 0.09056
v -0.05282 0.06272 0.08858
v -0.05275 0.06227 0.08871
v -0.04817 0.05670 0.09201
v -0.05158 0.05625 0.09017
v -0.04807 0.05625 0.09209
v -0.06710 0.06272 0.07833
v -0.07009 0.06272 0.07566
v -0.07004 0.06227 0.07581
v -0.06625 0.05670 0.07998
v -0.06920 0.05625 0.07748
v -0.06617 0.05625 0.08008
v -0.08192 0.06272 0.06266
v -0.08429 0.06272 0.05944
v -0.08427 0.06227 0.05959
v -0.08143 0.05670 0.06446
v -0.08380 0.05625 0.06140
v -0.08137 0.05625 0.06458
v -0.09316 0.06272 0.04426
v -0.09480 0.06272 0.04062
v -0.09482 0.06227 0.04077
v -0.09305 0.05670 0.04612
v -0.09473 0.05625 0.04263
v -0.09302 0.05625 0.04625
v -0.10326 0.04176 0.02071
v -0.10275 0.03988 0.02018
v -0.10513 0.04124 0.00293
v -0.10270 0.04124 0.00292
v -0.10262 0.04091 0.00285
v -0.10372 0.03756 0.00213
v 0.10513 0.04124 -0.00293
v 0.10372 0.03756 -0.00213
v -0.10208 0.03561 0.01114
v -0.06068 0.03176 0.07725
v -0.06943 0.03176 0.06948
v -0.09782 0.03561 0.03124
v -0.09615 0.03347 0.03071
v -0.09357 0.03176 0.02988
v -0.08936 0.03176 0.04080
v -0.08387 0.03176 0.05113
v -0.08618 0.03347 0.05254
v -0.08768 0.03561 0.05345
v -0.07933 0.03347 0.06241
v -0.07670 0.03561 0.06829
v -0.07135 0.03347 0.07140
v -0.07128 0.03561 0.07392
v -0.06235 0.03347 0.07937
v -0.06344 0.03561 0.08075
v -0.05339 0.03561 0.08772
v -0.05247 0.03347 0.08622
v -0.05107 0.03176 0.08391
v -0.04073 0.03176 0.08939
v -0.04258 0.03561 0.09345
v -0.04185 0.03347 0.09185
v -0.02981 0.03176 0.09360
v -0.01847 0.03176 0.09648
v -0.01898 0.03347 0.09913
v -0.01931 0.03561 0.10086
v -0.00706 0.03347 0.10069
v -0.00719 0.03561 0.10244
v 0.00029 0.03561 0.10269
v 0.00496 0.03347 0.10081
v 0.00504 0.03561 0.10257
v 0.00482 0.03176 0.09811
v 0.01645 0.03176 0.09684
v 0.01691 0.03347 0.09951
v 0.01720 0.03561 0.10124
v 0.02911 0.03561 0.09848
v 0.02862 0.03347 0.09679
v 0.02785 0.03176 0.09420
v 0.03885 0.03176 0.09022
v 0.04062 0.03561 0.09432
v 0.03992 0.03347 0.09271
v 0.04930 0.03176 0.08496
v 0.05905 0.03176 0.07850
v 0.06068 0.03347 0.08066
v 0.06173 0.03561 0.08206
v 0.06984 0.03347 0.07287
v 0.07105 0.03561 0.07414
v 0.07651 0.03561 0.06850
v 0.07801 0.03347 0.06406
v 0.07936 0.03561 0.06517
v 0.07591 0.03176 0.06234
v 0.08279 0.03176 0.05287
v 0.08507 0.03347 0.05433
v 0.08655 0.03561 0.05527
v 0.09250 0.03561 0.04459
v 0.09092 0.03347 0.04383
v 0.08848 0.03176 0.04266
v 0.09293 0.03176 0.03183
v 0.09749 0.03561 0.03228
v 0.09966 0.03561 0.02477
v 0.09549 0.03347 0.03271
v 0.09605 0.03176 0.02056
v 0.09782 0.03176 0.00900
v 0.10051 0.03347 0.00924
v 0.10226 0.03561 0.00940
v 0.10090 0.03347 -0.00277
v 0.09819 0.03176 -0.00270
v 0.09962 0.03250 -0.00274
v 0.10034 0.03347 -0.01095
v 0.10209 0.03561 -0.01114
v 0.10265 0.03561 -0.00282
v 0.09765 0.03176 -0.01066
v 0.06796 0.03176 0.07092
v -0.00687 0.03176 0.09799
v -0.07720 0.03176 0.06074
v -0.09646 0.03176 0.01855
v -0.09765 0.03176 0.01066
v -0.10034 0.03347 0.01095
v -0.09912 0.03347 0.01906
v 0.09966 0.03687 -0.01884
v 0.10276 0.03988 -0.02018
v 0.10086 0.04176 -0.02019
v 0.10326 0.04176 -0.02071
v 0.09862 0.03637 -0.02286
v 0.09985 0.04124 -0.02421
v 0.10088 0.04545 -0.02319
v 0.10170 0.04545 -0.01928
v 0.10155 0.04995 -0.02201
v 0.10233 0.04995 -0.01808
v 0.10222 0.04124 -0.02473
v 0.10101 0.03756 -0.02364
v 0.09357 0.03687 -0.03915
v 0.09632 0.03988 -0.04110
v 0.09446 0.04176 -0.04071
v 0.09670 0.04176 -0.04172
v 0.09172 0.03637 -0.04287
v 0.09263 0.04124 -0.04444
v 0.09385 0.04545 -0.04366
v 0.09547 0.04545 -0.04000
v 0.09633 0.04995 -0.03896
v 0.09476 0.04995 -0.04264
v 0.09485 0.04124 -0.04544
v 0.09389 0.03756 -0.04413
v 0.08338 0.03687 -0.05774
v 0.08566 0.03988 -0.06023
v 0.08393 0.04176 -0.05946
v 0.08591 0.04176 -0.06092
v 0.08137 0.04124 -0.06273
v 0.08272 0.04545 -0.06222
v 0.08507 0.04545 -0.05898
v 0.08080 0.03637 -0.06100
v 0.08382 0.04995 -0.06141
v 0.08612 0.04995 -0.05814
v 0.08333 0.04124 -0.06416
v 0.08266 0.03756 -0.06269
v 0.07137 0.04176 -0.07745
v 0.07130 0.04020 -0.07686
v 0.06973 0.04176 -0.07561
v 0.07127 0.03988 -0.07672
v 0.06955 0.03687 -0.07382
v 0.06655 0.04124 -0.07827
v 0.06798 0.04545 -0.07806
v 0.07094 0.04545 -0.07537
v 0.06635 0.03637 -0.07647
v 0.06922 0.04995 -0.07750
v 0.07215 0.04995 -0.07478
v 0.06816 0.04124 -0.08009
v 0.06782 0.03756 -0.07850
v 0.05269 0.03687 -0.08667
v 0.05376 0.03988 -0.08986
v 0.05249 0.04176 -0.08846
v 0.05371 0.04176 -0.09059
v 0.04900 0.03637 -0.08859
v 0.04882 0.04124 -0.09040
v 0.05026 0.04545 -0.09049
v 0.05372 0.04545 -0.08848
v 0.05503 0.04995 -0.08814
v 0.05160 0.04995 -0.09020
v 0.05002 0.04124 -0.09251
v 0.05002 0.03756 -0.09089
v 0.03352 0.03687 -0.09573
v 0.03390 0.03988 -0.09908
v 0.03295 0.04176 -0.09744
v 0.03370 0.04176 -0.09978
v 0.02951 0.03637 -0.09684
v 0.02896 0.04124 -0.09857
v 0.03035 0.04545 -0.09896
v 0.03415 0.04545 -0.09771
v 0.03172 0.04995 -0.09895
v 0.03550 0.04995 -0.09766
v 0.02970 0.04124 -0.10089
v 0.03003 0.03756 -0.09930
v 0.01288 0.03687 -0.10060
v 0.01256 0.03988 -0.10396
v 0.01197 0.04176 -0.10216
v 0.01222 0.04176 -0.10460
v 0.00783 0.04124 -0.10244
v 0.00912 0.04545 -0.10311
v 0.01309 0.04545 -0.10268
v 0.00873 0.03637 -0.10086
v 0.01376 0.04768 -0.10284
v 0.01045 0.04995 -0.10338
v 0.01442 0.04995 -0.10291
v -0.00832 0.03687 -0.10108
v -0.00933 0.03988 -0.10430
v -0.00953 0.04176 -0.10242
v -0.00980 0.04176 -0.10486
v 0.00873 0.03756 -0.10337
v 0.00826 0.04023 -0.10452
v 0.00807 0.04124 -0.10486
v -0.00729 0.04995 -0.10365
v -0.00854 0.04545 -0.10316
v -0.01127 0.04995 -0.10330
v -0.01123 0.04545 -0.10290
v -0.01252 0.04545 -0.10275
v -0.01364 0.04124 -0.10183
v -0.01243 0.03637 -0.10047
v -0.01391 0.04124 -0.10424
v -0.01296 0.03756 -0.10293
v -0.02915 0.03687 -0.09714
v -0.03081 0.03988 -0.10008
v -0.03062 0.04176 -0.09820
v -0.03139 0.04176 -0.10053
v -0.03452 0.04124 -0.09677
v -0.03361 0.04545 -0.09790
v -0.02980 0.04545 -0.09913
v -0.03305 0.03637 -0.09569
v -0.02868 0.04995 -0.09987
v -0.03250 0.04995 -0.09870
v -0.03528 0.04124 -0.09907
v -0.03407 0.03756 -0.09799
v -0.04871 0.03687 -0.08896
v -0.05094 0.03988 -0.09149
v -0.05036 0.04176 -0.08968
v -0.05160 0.04176 -0.09181
v -0.05222 0.03637 -0.08673
v -0.05388 0.04124 -0.08748
v -0.05323 0.04545 -0.08877
v -0.04976 0.04545 -0.09076
v -0.04882 0.04995 -0.09173
v -0.05231 0.04995 -0.08978
v -0.05510 0.04124 -0.08958
v -0.05370 0.03756 -0.08876
v -0.06614 0.03687 -0.07689
v -0.06885 0.03988 -0.07890
v -0.06791 0.04176 -0.07725
v -0.06956 0.04176 -0.07907
v -0.07089 0.04124 -0.07436
v -0.07052 0.04545 -0.07577
v -0.06754 0.04545 -0.07843
v -0.06911 0.03637 -0.07398
v -0.06682 0.04995 -0.07958
v -0.06984 0.04995 -0.07694
v -0.07252 0.04124 -0.07616
v -0.07098 0.03756 -0.07566
v -0.08068 0.03687 -0.06146
v -0.08375 0.03988 -0.06286
v -0.08249 0.04176 -0.06145
v -0.08448 0.04176 -0.06288
v -0.08480 0.04124 -0.05800
v -0.08474 0.04545 -0.05945
v -0.08238 0.04545 -0.06268
v -0.08298 0.03637 -0.05799
v -0.08218 0.04768 -0.06333
v -0.08431 0.04995 -0.06074
v -0.08191 0.04995 -0.06394
v -0.08677 0.04124 -0.05942
v -0.08516 0.03756 -0.05924
v -0.09170 0.03687 -0.04334
v -0.09499 0.03988 -0.04407
v -0.09346 0.04176 -0.04295
v -0.09571 0.04176 -0.04394
v -0.09323 0.03637 -0.03947
v -0.09501 0.04124 -0.03910
v -0.09524 0.04545 -0.04053
v -0.09361 0.04545 -0.04418
v -0.09341 0.04995 -0.04551
v -0.09510 0.04995 -0.04189
v -0.09723 0.04124 -0.04008
v -0.09562 0.03756 -0.04025
v -0.09870 0.03687 -0.02333
v -0.10208 0.03988 -0.02336
v -0.10035 0.04176 -0.02258
v -0.10275 0.04176 -0.02308
v -0.09940 0.03637 -0.01923
v -0.10106 0.04124 -0.01849
v -0.10159 0.04545 -0.01984
v -0.10075 0.04545 -0.02375
v -0.10083 0.04995 -0.02510
v -0.10173 0.04995 -0.02120
v -0.10344 0.04124 -0.01899
v -0.10190 0.03756 -0.01948
v 0.09915 0.03349 -0.01906
v 0.09648 0.03177 -0.01855
v 0.09359 0.03177 -0.02989
v 0.09782 0.03561 -0.03124
v 0.09618 0.03349 -0.03071
v 0.08937 0.03177 -0.04080
v 0.08389 0.03177 -0.05114
v 0.08621 0.03349 -0.05255
v 0.08768 0.03561 -0.05345
v 0.07935 0.03349 -0.06243
v 0.08071 0.03561 -0.06350
v 0.07612 0.03561 -0.06893
v 0.07136 0.03349 -0.07142
v 0.07259 0.03561 -0.07264
v 0.06944 0.03177 -0.06949
v 0.06069 0.03177 -0.07726
v 0.06237 0.03349 -0.07939
v 0.06344 0.03561 -0.08075
v 0.05339 0.03561 -0.08772
v 0.05249 0.03349 -0.08625
v 0.05107 0.03177 -0.08392
v 0.04073 0.03177 -0.08940
v 0.04258 0.03561 -0.09345
v 0.04186 0.03349 -0.09187
v 0.02982 0.03177 -0.09361
v 0.01848 0.03177 -0.09649
v 0.01899 0.03349 -0.09916
v 0.01931 0.03561 -0.10086
v 0.00707 0.03349 -0.10071
v 0.00719 0.03561 -0.10244
v -0.00496 0.03349 -0.10084
v -0.00504 0.03561 -0.10257
v -0.01646 0.03177 -0.09686
v -0.01691 0.03349 -0.09954
v -0.00482 0.03177 -0.09812
v -0.02079 0.03561 -0.10056
v -0.02837 0.03561 -0.09869
v -0.03886 0.03177 -0.09023
v -0.02785 0.03177 -0.09421
v -0.02862 0.03349 -0.09682
v -0.04061 0.03561 -0.09432
v -0.03993 0.03349 -0.09273
v -0.04931 0.03177 -0.08497
v -0.05906 0.03177 -0.07851
v -0.06069 0.03349 -0.08068
v -0.06173 0.03561 -0.08206
v -0.06985 0.03349 -0.07289
v -0.07105 0.03561 -0.07414
v -0.07651 0.03561 -0.06850
v -0.07802 0.03349 -0.06407
v -0.07936 0.03561 -0.06517
v -0.07593 0.03177 -0.06235
v -0.08280 0.03177 -0.05288
v -0.08509 0.03349 -0.05434
v -0.08655 0.03561 -0.05527
v -0.09250 0.03561 -0.04459
v -0.09095 0.03349 -0.04384
v -0.08850 0.03177 -0.04266
v -0.09294 0.03177 -0.03184
v -0.09715 0.03561 -0.03328
v -0.09551 0.03349 -0.03272
v -0.09607 0.03177 -0.02056
v -0.09783 0.03177 -0.00900
v -0.10054 0.03349 -0.00925
v -0.10226 0.03561 -0.00940
v -0.10092 0.03349 0.00277
v -0.09821 0.03177 0.00270
v -0.09964 0.03251 0.00274
v -0.10265 0.03561 0.00282
v -0.06797 0.03177 -0.07093
v 0.00688 0.03177 -0.09800
v 0.07721 0.03177 -0.06075
v -0.10140 0.03687 -0.00230
v -0.10470 0.03988 -0.00163
v -0.10285 0.04176 -0.00122
v -0.10531 0.04176 -0.00121
v -0.10348 0.04545 -0.00229
v -0.10350 0.04545 0.00171
v -0.10371 0.04770 -0.00293
v -0.10391 0.04995 0.00041
v -0.10385 0.04995 -0.00359
v 0.07741 0.08010 -0.01710
v 0.07446 0.08010 -0.02721
v 0.07020 0.08010 -0.03684
v 0.06470 0.08010 -0.04581
v 0.05805 0.08010 -0.05398
v 0.05039 0.08010 -0.06120
v 0.04183 0.08010 -0.06734
v 0.03254 0.08010 -0.07229
v 0.02267 0.08010 -0.07596
v 0.01240 0.08010 -0.07830
v 0.00192 0.08010 -0.07925
v -0.00354 0.08010 -0.07919
v -0.00860 0.08010 -0.07881
v -0.01362 0.08010 -0.07809
v -0.01897 0.08010 -0.07697
v -0.02900 0.08010 -0.07378
v -0.03852 0.08010 -0.06928
v -0.04736 0.08010 -0.06357
v -0.05537 0.08010 -0.05673
v -0.06240 0.08010 -0.04889
v -0.06833 0.08010 -0.04019
v -0.07305 0.08010 -0.03078
v -0.07649 0.08010 -0.02083
v -0.07858 0.08010 -0.01051
v -0.07927 0.08010 0.00000
v -0.08288 0.08002 0.00905
v -0.08159 0.08002 0.01719
v -0.07873 0.08002 0.02746
v -0.07458 0.08002 0.03728
v -0.06921 0.08002 0.04650
v -0.06271 0.08002 0.05495
v -0.05518 0.08002 0.06251
v -0.04675 0.08002 0.06904
v -0.03756 0.08002 0.07444
v -0.02775 0.08002 0.07863
v -0.01748 0.08002 0.08152
v -0.00694 0.08002 0.08309
v 0.00373 0.08002 0.08329
v 0.00905 0.08002 0.08289
v 0.01433 0.08002 0.08214
v 0.02470 0.08002 0.07964
v 0.03466 0.08002 0.07583
v 0.04405 0.08002 0.07079
v 0.05273 0.08002 0.06459
v 0.06054 0.08002 0.05733
v 0.06736 0.08002 0.04913
v 0.07308 0.08002 0.04013
v 0.07761 0.08002 0.03047
v 0.08086 0.08002 0.02032
v 0.08280 0.08002 0.00983
v 0.08337 0.08002 -0.00082
v 0.08289 0.08002 -0.00905
v -0.09998 0.07013 0.02461
v -0.09818 0.07013 0.02422
v -0.09856 0.06920 0.02409
v -0.10189 0.06632 0.02417
v -0.10011 0.06444 0.02337
v -0.10257 0.06444 0.02390
v -0.09691 0.06496 0.04085
v -0.09464 0.06496 0.03984
v -0.09456 0.06525 0.03986
v -0.09277 0.07013 0.04023
v -0.09445 0.07013 0.04098
v -0.09529 0.06864 0.04101
v -0.09032 0.07276 0.04297
v -0.09207 0.07276 0.03908
v -0.09306 0.06444 0.04367
v -0.09283 0.06522 0.04375
v -0.09100 0.07013 0.04410
v -0.09536 0.06444 0.04471
v -0.09464 0.06632 0.04483
v -0.09267 0.07013 0.04486
v -0.08630 0.06496 0.06011
v -0.08429 0.06496 0.05864
v -0.08420 0.06525 0.05865
v -0.08238 0.07013 0.05864
v -0.08387 0.07013 0.05973
v -0.08469 0.06864 0.05992
v -0.07942 0.07276 0.06081
v -0.08194 0.07276 0.05737
v -0.08195 0.06444 0.06207
v -0.08170 0.06522 0.06210
v -0.07984 0.07013 0.06206
v -0.08398 0.06444 0.06355
v -0.08325 0.06632 0.06353
v -0.08132 0.07013 0.06314
v -0.07191 0.06496 0.07674
v -0.07026 0.06496 0.07489
v -0.07017 0.06525 0.07488
v -0.06839 0.07013 0.07448
v -0.06962 0.07013 0.07586
v -0.07038 0.06864 0.07622
v -0.06504 0.07276 0.07599
v -0.06822 0.07276 0.07315
v -0.06725 0.06444 0.07775
v -0.06701 0.06522 0.07773
v -0.06519 0.07013 0.07730
v -0.06893 0.06444 0.07963
v -0.06822 0.06632 0.07945
v -0.06642 0.07013 0.07867
v -0.05439 0.06496 0.09001
v -0.05315 0.06496 0.08786
v -0.05307 0.06525 0.08783
v -0.05141 0.07013 0.08708
v -0.05232 0.07013 0.08867
v -0.05299 0.06864 0.08919
v -0.04782 0.07276 0.08785
v -0.05152 0.07276 0.08574
v -0.04962 0.06444 0.09003
v -0.04938 0.06522 0.08996
v -0.04770 0.07013 0.08916
v -0.05087 0.06444 0.09222
v -0.05021 0.06632 0.09189
v -0.04861 0.07013 0.09076
v -0.03448 0.06496 0.09935
v -0.03373 0.06496 0.09699
v -0.03365 0.06525 0.09695
v -0.03218 0.07013 0.09586
v -0.03275 0.07013 0.09761
v -0.03329 0.06864 0.09826
v -0.02851 0.07276 0.09587
v -0.03257 0.07276 0.09457
v -0.02982 0.06444 0.09838
v -0.02960 0.06522 0.09826
v -0.02812 0.07013 0.09713
v -0.03058 0.06444 0.10078
v -0.03001 0.06632 0.10033
v -0.02868 0.07013 0.09889
v -0.01307 0.06496 0.10435
v -0.01282 0.06496 0.10188
v -0.01275 0.06525 0.10182
v -0.01155 0.07013 0.10046
v -0.01173 0.07013 0.10229
v -0.01213 0.06864 0.10303
v -0.00795 0.07276 0.09971
v -0.01219 0.07276 0.09928
v -0.00871 0.06444 0.10243
v -0.00852 0.06522 0.10227
v -0.00731 0.07013 0.10086
v -0.00896 0.06444 0.10493
v -0.00849 0.06632 0.10437
v -0.00749 0.07013 0.10269
v 0.00891 0.06496 0.10479
v 0.00864 0.06496 0.10232
v 0.00869 0.06525 0.10225
v 0.00959 0.07013 0.10066
v 0.00979 0.07013 0.10249
v 0.00955 0.06864 0.10330
v 0.00872 0.07276 0.09964
v 0.01295 0.07276 0.09918
v 0.01382 0.07013 0.10017
v 0.01278 0.06444 0.10200
v 0.01293 0.06522 0.10181
v 0.01305 0.06444 0.10450
v 0.01339 0.06632 0.10386
v 0.01402 0.07013 0.10200
v 0.03050 0.06496 0.10065
v 0.02972 0.06496 0.09829
v 0.02976 0.06525 0.09821
v 0.03031 0.07013 0.09647
v 0.03089 0.07013 0.09822
v 0.03082 0.06864 0.09906
v 0.03329 0.07276 0.09432
v 0.02924 0.07276 0.09565
v 0.03371 0.06444 0.09712
v 0.03381 0.06522 0.09690
v 0.03435 0.07013 0.09511
v 0.03449 0.06444 0.09951
v 0.03469 0.06632 0.09880
v 0.03492 0.07013 0.09686
v 0.05076 0.06496 0.09211
v 0.04951 0.06496 0.08996
v 0.04953 0.06525 0.08987
v 0.04971 0.07013 0.08806
v 0.05063 0.07013 0.08965
v 0.05074 0.06864 0.09049
v 0.05217 0.07276 0.08534
v 0.04849 0.07276 0.08748
v 0.05316 0.06444 0.08799
v 0.05322 0.06522 0.08775
v 0.05337 0.07013 0.08589
v 0.05443 0.06444 0.09016
v 0.05448 0.06632 0.08943
v 0.05430 0.07013 0.08748
v 0.06880 0.06496 0.07954
v 0.06713 0.06496 0.07770
v 0.06713 0.06525 0.07761
v 0.06693 0.07013 0.07580
v 0.06816 0.07013 0.07717
v 0.06845 0.06864 0.07796
v 0.06877 0.07276 0.07263
v 0.06562 0.07276 0.07549
v 0.07029 0.06444 0.07501
v 0.07030 0.06522 0.07477
v 0.07006 0.07013 0.07291
v 0.07198 0.06444 0.07688
v 0.07188 0.06632 0.07615
v 0.07130 0.07013 0.07428
v 0.08384 0.06496 0.06350
v 0.08182 0.06496 0.06205
v 0.08180 0.06525 0.06196
v 0.08123 0.07013 0.06023
v 0.08272 0.07013 0.06131
v 0.08316 0.06864 0.06202
v 0.08237 0.07276 0.05674
v 0.07988 0.07276 0.06020
v 0.08435 0.06444 0.05876
v 0.08431 0.06522 0.05852
v 0.08369 0.07013 0.05676
v 0.08639 0.06444 0.06023
v 0.08614 0.06632 0.05954
v 0.08518 0.07013 0.05783
v 0.09521 0.06496 0.04468
v 0.09293 0.06496 0.04368
v 0.09290 0.06525 0.04360
v 0.09197 0.07013 0.04203
v 0.09366 0.07013 0.04277
v 0.09424 0.06864 0.04338
v 0.09237 0.07276 0.03838
v 0.09065 0.07276 0.04227
v 0.09473 0.06444 0.03994
v 0.09463 0.06522 0.03971
v 0.09366 0.07013 0.03812
v 0.09703 0.06444 0.04095
v 0.09664 0.06632 0.04033
v 0.09535 0.07013 0.03886
v 0.10241 0.06496 0.02391
v 0.09998 0.06496 0.02340
v 0.09993 0.06525 0.02333
v 0.09870 0.07013 0.02199
v 0.10050 0.07013 0.02236
v 0.10120 0.06864 0.02284
v 0.09833 0.07276 0.01833
v 0.09746 0.07276 0.02250
v 0.10096 0.06444 0.01937
v 0.10082 0.06522 0.01917
v 0.09954 0.07013 0.01781
v 0.10342 0.06444 0.01988
v 0.10291 0.06632 0.01936
v 0.10134 0.07013 0.01818
v 0.10515 0.06496 0.00210
v 0.10266 0.06496 0.00210
v 0.10260 0.06525 0.00204
v 0.10112 0.07013 0.00099
v 0.10296 0.07013 0.00098
v 0.10373 0.06864 0.00130
v 0.09999 0.07276 -0.00251
v 0.10001 0.07276 0.00175
v 0.10313 0.06272 0.00146
v 0.10311 0.06272 -0.00254
v 0.10278 0.06444 -0.00204
v 0.10260 0.06522 -0.00221
v 0.10107 0.07013 -0.00328
v 0.10388 0.05625 -0.00041
v 0.10379 0.05625 -0.00441
v 0.10377 0.05670 -0.00428
v 0.10320 0.06227 0.00133
v 0.10032 0.06272 -0.02392
v 0.10118 0.06272 -0.02002
v 0.10123 0.06227 -0.02016
v 0.10061 0.05670 -0.02576
v 0.10153 0.05625 -0.02200
v 0.10060 0.05625 -0.02590
v 0.09316 0.06272 -0.04426
v 0.09480 0.06272 -0.04061
v 0.09482 0.06227 -0.04077
v 0.09305 0.05670 -0.04612
v 0.09473 0.05625 -0.04263
v 0.09302 0.05625 -0.04625
v 0.02944 0.06272 -0.09885
v 0.03325 0.06272 -0.09763
v 0.03315 0.06227 -0.09774
v 0.02799 0.05670 -0.10001
v 0.03171 0.05625 -0.09893
v 0.02788 0.05625 -0.10007
v 0.00825 0.06272 -0.10281
v 0.01223 0.06272 -0.10241
v 0.01211 0.06227 -0.10250
v 0.00659 0.05670 -0.10365
v 0.01045 0.05625 -0.10336
v 0.00646 0.05625 -0.10368
v -0.01127 0.05625 -0.10327
v -0.01124 0.05949 -0.10299
v -0.00947 0.06227 -0.10278
v -0.01119 0.06272 -0.10253
v -0.00933 0.06272 -0.10271
v -0.01331 0.06272 -0.10227
v -0.01511 0.05670 -0.10275
v -0.01524 0.05625 -0.10276
v -0.03428 0.06272 -0.09727
v -0.03048 0.06272 -0.09853
v -0.03063 0.06227 -0.09856
v -0.03614 0.05670 -0.09736
v -0.03250 0.05625 -0.09867
v -0.03627 0.05625 -0.09735
v -0.05376 0.06272 -0.08802
v -0.05030 0.06272 -0.09004
v -0.05045 0.06227 -0.09004
v -0.05559 0.05670 -0.08772
v -0.05230 0.05625 -0.08976
v -0.05572 0.05625 -0.08768
v -0.07088 0.06272 -0.07492
v -0.06792 0.06272 -0.07761
v -0.06807 0.06227 -0.07758
v -0.07262 0.05670 -0.07425
v -0.06982 0.05625 -0.07692
v -0.07273 0.05625 -0.07418
v -0.08491 0.06272 -0.05855
v -0.08257 0.06272 -0.06179
v -0.08271 0.06227 -0.06173
v -0.08647 0.05670 -0.05753
v -0.08429 0.05625 -0.06073
v -0.08656 0.05625 -0.05743
v -0.09523 0.06272 -0.03961
v -0.09362 0.06272 -0.04328
v -0.09374 0.06227 -0.04319
v -0.09654 0.05670 -0.03829
v -0.09507 0.05625 -0.04187
v -0.09661 0.05625 -0.03818
v -0.10138 0.06272 -0.01895
v -0.10057 0.06272 -0.02287
v -0.10067 0.06227 -0.02275
v -0.10239 0.05670 -0.01739
v -0.10170 0.05625 -0.02119
v -0.10244 0.05625 -0.01726
v -0.10311 0.06272 0.00254
v -0.10313 0.06272 -0.00146
v -0.10320 0.06227 -0.00133
v -0.10377 0.05670 0.00428
v -0.10388 0.05625 0.00041
v -0.10379 0.05625 0.00441
v -0.10411 0.04513 0.01990
v -0.10478 0.04995 0.01862
v -0.10401 0.04995 0.02254
v -0.10338 0.04567 0.02367
v -0.10328 0.04513 0.02381
v -0.10225 0.04133 0.02471
v -0.09987 0.04513 0.03549
v -0.10106 0.04513 0.03194
v -0.09962 0.04023 0.03268
v -0.09769 0.04513 0.04111
v -0.09840 0.04513 0.03940
v -0.09862 0.04995 0.03999
v -0.09705 0.04995 0.04367
v -0.09607 0.04513 0.04476
v -0.09504 0.04174 0.04537
v -0.08900 0.04513 0.05756
v -0.09222 0.04513 0.05224
v -0.09065 0.04023 0.05267
v -0.08701 0.04513 0.06052
v -0.08806 0.04513 0.05898
v -0.09508 0.04513 0.04684
v -0.08815 0.04995 0.05962
v -0.08585 0.04995 0.06290
v -0.08467 0.04513 0.06376
v -0.08346 0.04158 0.06414
v -0.07253 0.04513 0.07729
v -0.07332 0.04513 0.07654
v -0.07771 0.04020 0.07036
v -0.08171 0.04513 0.06751
v -0.07383 0.04995 0.07665
v -0.07362 0.04995 0.07685
v -0.07089 0.04995 0.07937
v -0.06956 0.04513 0.07997
v -0.06831 0.04160 0.08010
v -0.05647 0.04513 0.08969
v -0.06303 0.04513 0.08521
v -0.06139 0.04023 0.08499
v -0.05488 0.04513 0.09068
v -0.06394 0.04513 0.08453
v -0.05628 0.04995 0.09032
v -0.05391 0.04995 0.09175
v -0.05284 0.04995 0.09237
v -0.05141 0.04513 0.09268
v -0.05015 0.04157 0.09255
v -0.04272 0.04513 0.09700
v -0.04395 0.04513 0.09645
v -0.04237 0.04023 0.09590
v -0.03660 0.04513 0.09947
v -0.03482 0.04513 0.10011
v -0.03627 0.04995 0.10005
v -0.03248 0.04995 0.10134
v -0.03119 0.04568 0.10137
v -0.03102 0.04513 0.10135
v -0.02983 0.04161 0.10096
v -0.01920 0.04513 0.10424
v -0.02296 0.04513 0.10347
v -0.02151 0.04023 0.10261
v -0.01325 0.04513 0.10516
v -0.01513 0.04513 0.10491
v -0.01467 0.04995 0.10540
v -0.01070 0.04995 0.10588
v -0.00927 0.04513 0.10558
v -0.00815 0.04149 0.10492
v 0.00029 0.04023 0.10484
v 0.00535 0.04513 0.10585
v -0.00096 0.04513 0.10599
v 0.00890 0.04513 0.10562
v 0.00701 0.04513 0.10576
v -0.00697 0.04513 0.10576
v 0.00756 0.04995 0.10615
v 0.01155 0.04995 0.10579
v 0.01288 0.04513 0.10520
v 0.02209 0.04023 0.10249
v 0.03067 0.04513 0.10146
v 0.02891 0.04513 0.10197
v 0.02122 0.04513 0.10384
v 0.01761 0.04513 0.10452
v 0.02947 0.04995 0.10226
v 0.02973 0.04895 0.10212
v 0.02974 0.04995 0.10218
v 0.03329 0.04995 0.10108
v 0.03447 0.04513 0.10023
v 0.03517 0.04180 0.09928
v 0.04946 0.04513 0.09374
v 0.04232 0.04513 0.09717
v 0.04291 0.04023 0.09566
v 0.05109 0.04513 0.09286
v 0.04124 0.04513 0.09764
v 0.05008 0.04995 0.09390
v 0.05250 0.04995 0.09257
v 0.05358 0.04995 0.09195
v 0.05456 0.04513 0.09087
v 0.05508 0.04153 0.08969
v 0.06264 0.04513 0.08550
v 0.06159 0.04513 0.08626
v 0.06186 0.04023 0.08465
v 0.06786 0.04513 0.08141
v 0.06928 0.04513 0.08021
v 0.06851 0.04995 0.08143
v 0.07152 0.04995 0.07880
v 0.07219 0.04568 0.07770
v 0.07226 0.04513 0.07754
v 0.07252 0.04159 0.07631
v 0.07811 0.04023 0.06994
v 0.08067 0.04513 0.06875
v 0.07817 0.04513 0.07158
v 0.08445 0.04513 0.06405
v 0.08330 0.04513 0.06553
v 0.08395 0.04995 0.06541
v 0.08635 0.04995 0.06221
v 0.08680 0.04513 0.06082
v 0.08680 0.04154 0.05954
v 0.09435 0.04513 0.04829
v 0.09133 0.04513 0.05378
v 0.09094 0.04023 0.05217
v 0.09592 0.04513 0.04510
v 0.09510 0.04513 0.04679
v 0.08811 0.04513 0.05892
v 0.09571 0.04995 0.04653
v 0.09739 0.04995 0.04290
v 0.09755 0.04513 0.04145
v 0.09728 0.04157 0.04020
v 0.10275 0.04513 0.02600
v 0.10051 0.04513 0.03363
v 0.09979 0.04020 0.03212
v 0.10320 0.04513 0.02417
v 0.09932 0.04513 0.03701
v 0.10331 0.04895 0.02532
v 0.10329 0.04995 0.02561
v 0.10336 0.04995 0.02533
v 0.10418 0.04995 0.02171
v 0.10404 0.04513 0.02026
v 0.10346 0.04132 0.01901
v 0.10591 0.04513 0.00408
v 0.10531 0.04513 0.01202
v 0.10430 0.04023 0.01067
v 0.10597 0.04513 0.00219
v 0.10518 0.04513 0.01311
v 0.10636 0.04995 0.00358
v 0.10642 0.04995 0.00081
v 0.10642 0.04995 -0.00042
v 0.10597 0.04513 -0.00181
v 0.10524 0.04162 -0.00282
v 0.10633 0.05625 -0.00442
v 0.10642 0.05625 -0.00042
v 0.10520 0.06477 0.00204
v 0.10599 0.06107 0.00097
v 0.10493 0.05625 0.01778
v 0.10426 0.06107 0.01906
v 0.10418 0.05625 0.02171
v 0.10255 0.06457 0.02383
v 0.10347 0.06107 0.02298
v 0.09894 0.05625 0.03921
v 0.09802 0.06107 0.04032
v 0.09739 0.05625 0.04290
v 0.09533 0.06462 0.04463
v 0.09643 0.06107 0.04399
v 0.08862 0.05625 0.05892
v 0.08749 0.06107 0.05982
v 0.08846 0.05625 0.05916
v 0.08635 0.05625 0.06221
v 0.08397 0.06462 0.06348
v 0.08517 0.06107 0.06308
v 0.07444 0.05625 0.07606
v 0.07314 0.06107 0.07671
v 0.07244 0.05625 0.07796
v 0.07152 0.05625 0.07880
v 0.06894 0.06463 0.07955
v 0.07020 0.06107 0.07941
v 0.05700 0.05625 0.08987
v 0.05560 0.06107 0.09024
v 0.05358 0.05625 0.09195
v 0.05090 0.06461 0.09215
v 0.05215 0.06107 0.09227
v 0.03707 0.05625 0.09976
v 0.03562 0.06107 0.09982
v 0.03329 0.05625 0.10108
v 0.03061 0.06465 0.10071
v 0.03183 0.06107 0.10110
v 0.01551 0.05625 0.10528
v 0.01409 0.06107 0.10505
v 0.01155 0.05625 0.10579
v 0.01011 0.06107 0.10551
v -0.00671 0.05625 0.10621
v -0.00700 0.05725 0.10613
v -0.00806 0.06107 0.10568
v -0.00700 0.05625 0.10619
v -0.01070 0.05625 0.10588
v -0.01296 0.06452 0.10449
v -0.01204 0.06107 0.10530
v -0.02865 0.05625 0.10249
v -0.02986 0.06107 0.10170
v -0.03130 0.05625 0.10171
v -0.03248 0.05625 0.10134
v -0.03443 0.06464 0.09947
v -0.03367 0.06107 0.10050
v -0.04933 0.05625 0.09430
v -0.05035 0.06107 0.09327
v -0.05284 0.05625 0.09237
v -0.05435 0.06462 0.09015
v -0.05383 0.06107 0.09130
v -0.06786 0.05625 0.08198
v -0.06864 0.06107 0.08076
v -0.07089 0.05625 0.07937
v -0.07191 0.06464 0.07687
v -0.07164 0.06107 0.07811
v -0.08342 0.05625 0.06608
v -0.08393 0.06107 0.06473
v -0.08585 0.05625 0.06290
v -0.08632 0.06463 0.06024
v -0.08631 0.06107 0.06151
v -0.09534 0.05625 0.04729
v -0.09541 0.05725 0.04701
v -0.09555 0.06107 0.04586
v -0.09546 0.05625 0.04703
v -0.09705 0.05625 0.04367
v -0.09694 0.06474 0.04094
v -0.09722 0.06107 0.04222
v -0.10060 0.05625 0.02590
v -0.10308 0.05625 0.02643
v -0.10036 0.06237 0.02404
v -0.10300 0.06107 0.02499
v -0.10032 0.06272 0.02393
v -0.10374 0.05625 0.02375
v -0.10153 0.05625 0.02200
v -0.10401 0.05625 0.02254
v -0.10118 0.06272 0.02002
v -0.10122 0.06227 0.02016
v -0.09728 0.07276 0.02325
v -0.09819 0.07276 0.01908
v -0.09911 0.07013 0.02006
v -0.09921 0.06988 0.02003
v -0.10086 0.06496 0.01929
v 0.08192 0.06272 -0.06266
v 0.08429 0.06272 -0.05944
v 0.08427 0.06227 -0.05959
v 0.08143 0.05670 -0.06446
v 0.08380 0.05625 -0.06140
v 0.08137 0.05625 -0.06458
v -0.10424 0.04023 0.01125
v -0.10597 0.04513 0.00182
v -0.10536 0.04513 0.01150
v -0.10412 0.04513 0.01984
v -0.10633 0.05625 0.00442
v -0.10642 0.05625 0.00042
v -0.10492 0.05625 -0.01778
v -0.10418 0.05625 -0.02171
v -0.09893 0.05625 -0.03921
v -0.09739 0.05625 -0.04290
v -0.08862 0.05625 -0.05892
v -0.08846 0.05625 -0.05916
v -0.08634 0.05625 -0.06221
v -0.07443 0.05625 -0.07606
v -0.07244 0.05625 -0.07796
v -0.07152 0.05625 -0.07880
v -0.05700 0.05625 -0.08987
v -0.05358 0.05625 -0.09195
v -0.03706 0.05625 -0.09976
v -0.03329 0.05625 -0.10108
v -0.01551 0.05625 -0.10528
v -0.01155 0.05625 -0.10579
v 0.00672 0.05625 -0.10621
v 0.00700 0.05625 -0.10619
v 0.01070 0.05625 -0.10588
v 0.02865 0.05625 -0.10249
v 0.03130 0.05625 -0.10171
v 0.03248 0.05625 -0.10134
v 0.04807 0.05625 -0.09209
v 0.05158 0.05625 -0.09017
v 0.04933 0.05625 -0.09429
v 0.05284 0.05625 -0.09237
v 0.08342 0.05625 -0.06608
v 0.08585 0.05625 -0.06290
v 0.09534 0.05625 -0.04729
v 0.09546 0.05625 -0.04703
v 0.09705 0.05625 -0.04367
v 0.10309 0.05625 -0.02643
v 0.10374 0.05625 -0.02375
v 0.10401 0.05625 -0.02254
v 0.10424 0.04023 -0.01125
v 0.10536 0.04513 -0.01150
v 0.10412 0.04513 -0.01984
v 0.10411 0.04513 -0.01989
v 0.10478 0.04995 -0.01862
v 0.10401 0.04995 -0.02254
v 0.10338 0.04567 -0.02367
v 0.10328 0.04513 -0.02381
v 0.10225 0.04133 -0.02471
v 0.09987 0.04513 -0.03549
v 0.10106 0.04513 -0.03194
v 0.09962 0.04023 -0.03268
v 0.09769 0.04513 -0.04110
v 0.09840 0.04513 -0.03939
v 0.09862 0.04995 -0.03999
v 0.09705 0.04995 -0.04367
v 0.09607 0.04513 -0.04476
v 0.09506 0.04180 -0.04536
v 0.08900 0.04513 -0.05756
v 0.09222 0.04513 -0.05224
v 0.09065 0.04023 -0.05267
v 0.08701 0.04513 -0.06052
v 0.08806 0.04513 -0.05898
v 0.09508 0.04513 -0.04684
v 0.08815 0.04995 -0.05962
v 0.08585 0.04995 -0.06290
v 0.08467 0.04513 -0.06376
v 0.08346 0.04158 -0.06415
v 0.07771 0.04020 -0.07036
v 0.07253 0.04513 -0.07729
v 0.07332 0.04513 -0.07654
v 0.08171 0.04513 -0.06751
v 0.07383 0.04995 -0.07665
v 0.07362 0.04995 -0.07685
v 0.07089 0.04995 -0.07937
v 0.06956 0.04513 -0.07997
v 0.06831 0.04160 -0.08010
v 0.05647 0.04513 -0.08969
v 0.06303 0.04513 -0.08521
v 0.06139 0.04023 -0.08499
v 0.05488 0.04513 -0.09068
v 0.06394 0.04513 -0.08453
v 0.05628 0.04995 -0.09032
v 0.05391 0.04995 -0.09175
v 0.05284 0.04995 -0.09237
v 0.05142 0.04513 -0.09268
v 0.05015 0.04156 -0.09255
v 0.03482 0.04513 -0.10010
v 0.04272 0.04513 -0.09700
v 0.04238 0.04023 -0.09590
v 0.03627 0.04995 -0.10005
v 0.03248 0.04995 -0.10134
v 0.03119 0.04568 -0.10137
v 0.03102 0.04513 -0.10135
v 0.02983 0.04161 -0.10096
v 0.01920 0.04513 -0.10424
v 0.02296 0.04513 -0.10347
v 0.02151 0.04023 -0.10261
v 0.01325 0.04513 -0.10516
v 0.01513 0.04513 -0.10490
v 0.01467 0.04995 -0.10540
v 0.01070 0.04995 -0.10588
v 0.00927 0.04513 -0.10558
v 0.00815 0.04148 -0.10492
v -0.00535 0.04513 -0.10585
v 0.00130 0.04513 -0.10598
v -0.00029 0.04023 -0.10484
v 0.00697 0.04513 -0.10576
v -0.00890 0.04513 -0.10561
v -0.00684 0.04513 -0.10577
v -0.00756 0.04995 -0.10615
v -0.01155 0.04995 -0.10579
v -0.01288 0.04513 -0.10520
v -0.02208 0.04020 -0.10248
v -0.03067 0.04513 -0.10146
v -0.02890 0.04513 -0.10197
v -0.02121 0.04513 -0.10384
v -0.01761 0.04513 -0.10452
v -0.02973 0.04895 -0.10212
v -0.02947 0.04995 -0.10226
v -0.02974 0.04995 -0.10218
v -0.03329 0.04995 -0.10108
v -0.03447 0.04513 -0.10023
v -0.04123 0.04513 -0.09764
v -0.04946 0.04513 -0.09374
v -0.04232 0.04513 -0.09717
v -0.04291 0.04023 -0.09566
v -0.05109 0.04513 -0.09286
v -0.05008 0.04995 -0.09390
v -0.05250 0.04995 -0.09257
v -0.05358 0.04995 -0.09195
v -0.05456 0.04513 -0.09087
v -0.05507 0.04154 -0.08969
v -0.06786 0.04513 -0.08141
v -0.06264 0.04513 -0.08550
v -0.06186 0.04023 -0.08465
v -0.06928 0.04513 -0.08021
v -0.06159 0.04513 -0.08626
v -0.06851 0.04995 -0.08143
v -0.07152 0.04995 -0.07880
v -0.07219 0.04568 -0.07770
v -0.07226 0.04513 -0.07754
v -0.07252 0.04159 -0.07631
v -0.07811 0.04023 -0.06993
v -0.08067 0.04513 -0.06875
v -0.07816 0.04513 -0.07158
v -0.08444 0.04513 -0.06405
v -0.08330 0.04513 -0.06553
v -0.08395 0.04995 -0.06541
v -0.08634 0.04995 -0.06221
v -0.08680 0.04513 -0.06082
v -0.08679 0.04154 -0.05954
v -0.09435 0.04513 -0.04829
v -0.09133 0.04513 -0.05378
v -0.09094 0.04023 -0.05217
v -0.09592 0.04513 -0.04510
v -0.09510 0.04513 -0.04679
v -0.08810 0.04513 -0.05892
v -0.09571 0.04995 -0.04653
v -0.09739 0.04995 -0.04290
v -0.09755 0.04513 -0.04144
v -0.09728 0.04157 -0.04020
v -0.10275 0.04513 -0.02600
v -0.10051 0.04513 -0.03363
v -0.09980 0.04023 -0.03212
v -0.10320 0.04513 -0.02417
v -0.09932 0.04513 -0.03701
v -0.10330 0.04895 -0.02532
v -0.10329 0.04995 -0.02561
v -0.10336 0.04995 -0.02533
v -0.10418 0.04995 -0.02171
v -0.10403 0.04513 -0.02026
v -0.10346 0.04132 -0.01901
v -0.10591 0.04513 -0.00408
v -0.10531 0.04513 -0.01202
v -0.10430 0.04023 -0.01067
v -0.10597 0.04513 -0.00218
v -0.10518 0.04513 -0.01311
v -0.10636 0.04995 -0.00358
v -0.10642 0.04995 -0.00081
v -0.10642 0.04995 0.00042
v 0.04935 0.06272 -0.09056
v 0.05283 0.06272 -0.08858
v 0.05275 0.06227 -0.08871
v 0.04817 0.05670 -0.09201
v 0.08159 0.08002 -0.01719
v 0.07873 0.08002 -0.02746
v 0.07458 0.08002 -0.03728
v 0.06921 0.08002 -0.04650
v 0.06271 0.08002 -0.05495
v 0.05518 0.08002 -0.06251
v 0.04675 0.08002 -0.06904
v 0.03756 0.08002 -0.07444
v 0.02775 0.08002 -0.07862
v 0.01748 0.08002 -0.08152
v 0.00694 0.08002 -0.08309
v -0.00373 0.08002 -0.08329
v -0.00905 0.08002 -0.08288
v -0.01433 0.08002 -0.08214
v -0.02469 0.08002 -0.07964
v -0.03466 0.08002 -0.07583
v -0.04405 0.08002 -0.07079
v -0.05273 0.08002 -0.06459
v -0.06054 0.08002 -0.05733
v -0.06736 0.08002 -0.04913
v -0.07308 0.08002 -0.04013
v -0.07761 0.08002 -0.03047
v -0.08086 0.08002 -0.02032
v -0.08280 0.08002 -0.00983
v -0.08337 0.08002 0.00082
v -0.08701 0.07927 0.00950
v -0.08580 0.07927 0.01726
v -0.08303 0.07927 0.02769
v -0.07899 0.07927 0.03770
v -0.07375 0.07927 0.04714
v -0.06738 0.07927 0.05586
v -0.05999 0.07927 0.06373
v -0.05169 0.07927 0.07063
v -0.04260 0.07927 0.07645
v -0.03287 0.07927 0.08112
v -0.02263 0.07927 0.08455
v -0.01205 0.07927 0.08669
v -0.00129 0.07927 0.08751
v 0.00950 0.07927 0.08701
v 0.02013 0.07927 0.08518
v 0.03047 0.07927 0.08205
v 0.04034 0.07927 0.07767
v 0.04959 0.07927 0.07212
v 0.05809 0.07927 0.06546
v 0.06571 0.07927 0.05781
v 0.07233 0.07927 0.04929
v 0.07784 0.07927 0.04001
v 0.08218 0.07927 0.03012
v 0.08526 0.07927 0.01977
v 0.08705 0.07927 0.00913
v 0.08751 0.07927 -0.00166
v 0.08701 0.07927 -0.00950
v 0.09150 0.07744 -0.00999
v 0.09498 0.07510 -0.01037
v 0.09203 0.07744 -0.00174
v 0.09553 0.07510 -0.00181
v 0.09154 0.07744 0.00960
v 0.09502 0.07510 0.00996
v 0.08966 0.07744 0.02079
v 0.09307 0.07510 0.02159
v 0.08642 0.07744 0.03167
v 0.08971 0.07510 0.03288
v 0.08186 0.07744 0.04207
v 0.08498 0.07510 0.04367
v 0.07606 0.07744 0.05183
v 0.07895 0.07510 0.05380
v 0.06910 0.07744 0.06080
v 0.07173 0.07510 0.06311
v 0.06109 0.07744 0.06884
v 0.06342 0.07510 0.07146
v 0.05215 0.07744 0.07584
v 0.05414 0.07510 0.07873
v 0.04242 0.07744 0.08168
v 0.04403 0.07510 0.08479
v 0.03204 0.07744 0.08629
v 0.03326 0.07510 0.08957
v 0.02709 0.07510 0.09162
v 0.02117 0.07744 0.08957
v 0.02198 0.07510 0.09298
v 0.01600 0.07510 0.09419
v 0.00999 0.07744 0.09150
v 0.01037 0.07510 0.09498
v -0.01315 0.07510 0.09463
v -0.00669 0.07510 0.09531
v -0.00135 0.07744 0.09203
v -0.00141 0.07510 0.09553
v 0.00469 0.07510 0.09543
v -0.01267 0.07744 0.09117
v -0.02380 0.07744 0.08891
v -0.02470 0.07510 0.09229
v -0.03456 0.07744 0.08531
v -0.03588 0.07510 0.08855
v -0.04480 0.07744 0.08040
v -0.04651 0.07510 0.08346
v -0.05436 0.07744 0.07427
v -0.05643 0.07510 0.07710
v -0.06309 0.07744 0.06702
v -0.06549 0.07510 0.06957
v -0.07086 0.07744 0.05874
v -0.07356 0.07510 0.06097
v -0.07755 0.07744 0.04957
v -0.08050 0.07510 0.05146
v -0.08306 0.07744 0.03965
v -0.08622 0.07510 0.04115
v -0.08731 0.07744 0.02912
v -0.09063 0.07510 0.03023
v -0.09023 0.07744 0.01815
v -0.09367 0.07510 0.01884
v -0.09150 0.07744 0.00999
v -0.09498 0.07510 0.01037
v -0.10067 0.07059 0.02026
v -0.10091 0.07013 0.02045
v -0.09823 0.07345 0.01889
v -0.09932 0.07248 0.01941
v -0.09733 0.07346 0.02305
v -0.09901 0.07177 0.02392
v -0.09974 0.07059 0.02442
v -0.10254 0.06107 0.02683
v -0.10023 0.06107 0.03445
v -0.09954 0.06597 0.03291
v -0.09426 0.07059 0.04075
v -0.09750 0.07059 0.03224
v -0.09215 0.07345 0.03890
v -0.09312 0.07248 0.03964
v -0.09041 0.07346 0.04278
v -0.09188 0.07177 0.04398
v -0.09249 0.07059 0.04463
v -0.09472 0.06107 0.04755
v -0.09089 0.06107 0.05452
v -0.09052 0.06597 0.05289
v -0.08373 0.07059 0.05946
v -0.08867 0.07059 0.05181
v -0.08205 0.07345 0.05721
v -0.08284 0.07248 0.05814
v -0.07954 0.07346 0.06064
v -0.08073 0.07177 0.06212
v -0.08119 0.07059 0.06288
v -0.08277 0.06107 0.06620
v -0.07758 0.06107 0.07222
v -0.07755 0.06597 0.07056
v -0.06954 0.07059 0.07557
v -0.07596 0.07059 0.06911
v -0.06837 0.07345 0.07302
v -0.06894 0.07248 0.07409
v -0.06519 0.07346 0.07586
v -0.06605 0.07177 0.07755
v -0.06634 0.07059 0.07839
v -0.06720 0.06107 0.08196
v -0.06088 0.06107 0.08676
v -0.06118 0.06597 0.08514
v -0.05230 0.07059 0.08837
v -0.05993 0.07059 0.08339
v -0.05169 0.07345 0.08564
v -0.05203 0.07248 0.08680
v -0.04799 0.07346 0.08775
v -0.04848 0.07177 0.08959
v -0.04859 0.07059 0.09047
v -0.04870 0.06107 0.09414
v -0.04153 0.06107 0.09751
v -0.04215 0.06597 0.09600
v -0.03279 0.07059 0.09732
v -0.04128 0.07059 0.09403
v -0.03276 0.07345 0.09451
v -0.03285 0.07248 0.09573
v -0.02870 0.07346 0.09581
v -0.02879 0.07177 0.09771
v -0.02872 0.07059 0.09859
v -0.02808 0.06107 0.10220
v -0.02037 0.06107 0.10401
v -0.02127 0.06597 0.10266
v -0.01184 0.07059 0.10201
v -0.02083 0.07059 0.10056
v -0.01239 0.07345 0.09926
v -0.01223 0.07248 0.10046
v -0.00815 0.07346 0.09969
v -0.00785 0.07177 0.10156
v -0.00760 0.07059 0.10241
v 0.00963 0.07059 0.10224
v 0.00053 0.07059 0.10269
v 0.00054 0.06597 0.10484
v 0.00169 0.06107 0.10598
v -0.00623 0.06107 0.10581
v 0.00852 0.07345 0.09966
v 0.00893 0.07248 0.10081
v 0.01275 0.07346 0.09920
v 0.01344 0.07177 0.10097
v 0.01386 0.07059 0.10175
v 0.01597 0.06107 0.10478
v 0.02380 0.06107 0.10328
v 0.02233 0.06597 0.10244
v 0.03068 0.07059 0.09800
v 0.02187 0.07059 0.10034
v 0.02905 0.07345 0.09572
v 0.02969 0.07248 0.09675
v 0.03310 0.07346 0.09438
v 0.03414 0.07177 0.09597
v 0.03471 0.07059 0.09665
v 0.03740 0.06107 0.09917
v 0.04474 0.06107 0.09609
v 0.04314 0.06597 0.09556
v 0.05038 0.07059 0.08948
v 0.04225 0.07059 0.09360
v 0.04832 0.07345 0.08758
v 0.04916 0.07248 0.08847
v 0.05200 0.07346 0.08544
v 0.05334 0.07177 0.08678
v 0.05405 0.07059 0.08732
v 0.05719 0.06107 0.08923
v 0.06372 0.06107 0.08470
v 0.06206 0.06597 0.08450
v 0.06788 0.07059 0.07705
v 0.06079 0.07059 0.08277
v 0.06547 0.07345 0.07562
v 0.06648 0.07248 0.07631
v 0.06863 0.07346 0.07276
v 0.07022 0.07177 0.07379
v 0.07102 0.07059 0.07417
v 0.07449 0.06107 0.07540
v 0.07993 0.06107 0.06961
v 0.07828 0.06597 0.06975
v 0.08242 0.07059 0.06126
v 0.07667 0.07059 0.06832
v 0.07976 0.07345 0.06036
v 0.08089 0.07248 0.06082
v 0.08225 0.07346 0.05690
v 0.08403 0.07177 0.05758
v 0.08489 0.07059 0.05778
v 0.08853 0.06107 0.05827
v 0.09265 0.06107 0.05148
v 0.09107 0.06597 0.05195
v 0.09336 0.07059 0.04278
v 0.08920 0.07059 0.05088
v 0.09057 0.07345 0.04246
v 0.09177 0.07248 0.04268
v 0.09229 0.07346 0.03856
v 0.09416 0.07177 0.03885
v 0.09505 0.07059 0.03887
v 0.09871 0.06107 0.03860
v 0.10132 0.06107 0.03111
v 0.09988 0.06597 0.03188
v 0.10021 0.07059 0.02244
v 0.09783 0.07059 0.03123
v 0.09742 0.07345 0.02270
v 0.09863 0.07248 0.02266
v 0.09829 0.07346 0.01853
v 0.10018 0.07177 0.01842
v 0.10106 0.07059 0.01826
v 0.10458 0.06107 0.01724
v 0.10557 0.06107 0.00938
v 0.10432 0.06597 0.01042
v 0.10269 0.07059 0.00111
v 0.10218 0.07059 0.01021
v 0.10001 0.07345 0.00195
v 0.10119 0.07248 0.00166
v 0.09999 0.07346 -0.00231
v 0.10182 0.07177 -0.00281
v 0.10264 0.07059 -0.00315
v 0.10291 0.07013 -0.00328
v 0.10530 0.06444 -0.00205
v 0.10469 0.06632 -0.00246
v 0.10595 0.06107 -0.00303
v 0.10086 0.06496 -0.01929
v 0.10329 0.06496 -0.01981
v 0.10336 0.06461 -0.01993
v 0.10387 0.06107 -0.02109
v 0.10078 0.06525 -0.01933
v 0.09911 0.07013 -0.02006
v 0.10091 0.07013 -0.02045
v 0.10174 0.06864 -0.02030
v 0.09728 0.07276 -0.02325
v 0.09819 0.07276 -0.01908
v 0.10011 0.06444 -0.02337
v 0.09990 0.06522 -0.02350
v 0.09818 0.07013 -0.02422
v 0.10257 0.06444 -0.02390
v 0.10189 0.06632 -0.02417
v 0.09998 0.07013 -0.02461
v 0.10300 0.06107 -0.02499
v 0.09464 0.06496 -0.03984
v 0.09691 0.06496 -0.04085
v 0.09695 0.06471 -0.04095
v 0.09722 0.06107 -0.04222
v 0.09456 0.06525 -0.03986
v 0.09277 0.07013 -0.04023
v 0.09445 0.07013 -0.04098
v 0.09529 0.06864 -0.04101
v 0.09032 0.07276 -0.04296
v 0.09207 0.07276 -0.03908
v 0.09306 0.06444 -0.04367
v 0.09283 0.06522 -0.04375
v 0.09100 0.07013 -0.04410
v 0.09536 0.06444 -0.04470
v 0.09464 0.06632 -0.04483
v 0.09268 0.07013 -0.04486
v 0.09541 0.05725 -0.04701
v 0.09555 0.06107 -0.04586
v 0.08429 0.06496 -0.05864
v 0.08630 0.06496 -0.06011
v 0.08632 0.06463 -0.06024
v 0.08631 0.06107 -0.06151
v 0.08420 0.06525 -0.05865
v 0.08238 0.07013 -0.05864
v 0.08387 0.07013 -0.05972
v 0.08469 0.06864 -0.05992
v 0.07942 0.07276 -0.06081
v 0.08194 0.07276 -0.05737
v 0.08195 0.06444 -0.06207
v 0.08171 0.06522 -0.06210
v 0.07984 0.07013 -0.06206
v 0.04782 0.07276 -0.08785
v 0.05152 0.07276 -0.08573
v 0.04770 0.07013 -0.08916
v 0.05141 0.07013 -0.08708
v 0.04938 0.06522 -0.08996
v 0.05150 0.06988 -0.08713
v 0.04962 0.06444 -0.09003
v 0.05316 0.06496 -0.08786
v 0.05087 0.06444 -0.09222
v 0.05021 0.06632 -0.09189
v 0.04861 0.07013 -0.09076
v 0.05035 0.06107 -0.09327
v 0.03373 0.06496 -0.09699
v 0.03448 0.06496 -0.09935
v 0.03443 0.06464 -0.09947
v 0.03367 0.06107 -0.10050
v 0.03365 0.06525 -0.09694
v 0.03218 0.07013 -0.09586
v 0.03275 0.07013 -0.09761
v 0.03329 0.06864 -0.09826
v 0.02851 0.07276 -0.09587
v 0.03257 0.07276 -0.09457
v 0.02982 0.06444 -0.09838
v 0.02960 0.06522 -0.09826
v 0.02812 0.07013 -0.09713
v 0.03058 0.06444 -0.10078
v 0.03001 0.06632 -0.10033
v 0.02868 0.07013 -0.09888
v 0.02986 0.06107 -0.10170
v 0.01282 0.06496 -0.10188
v 0.01307 0.06496 -0.10435
v 0.01297 0.06455 -0.10448
v 0.01204 0.06107 -0.10530
v 0.01276 0.06525 -0.10182
v 0.01155 0.07013 -0.10046
v 0.01173 0.07013 -0.10229
v 0.01214 0.06864 -0.10303
v 0.00795 0.07276 -0.09971
v 0.01219 0.07276 -0.09928
v 0.00871 0.06444 -0.10243
v 0.00852 0.06522 -0.10227
v 0.00731 0.07013 -0.10086
v -0.00891 0.06496 -0.10479
v -0.00864 0.06496 -0.10232
v -0.00869 0.06525 -0.10225
v -0.00959 0.07013 -0.10066
v -0.00979 0.07013 -0.10249
v -0.00955 0.06864 -0.10330
v 0.00896 0.06444 -0.10493
v 0.00849 0.06632 -0.10437
v 0.00749 0.07013 -0.10269
v 0.00700 0.05725 -0.10613
v 0.00806 0.06107 -0.10568
v -0.01011 0.06107 -0.10551
v -0.00871 0.07276 -0.09964
v -0.01295 0.07276 -0.09918
v -0.01382 0.07013 -0.10017
v -0.01278 0.06444 -0.10200
v -0.01293 0.06522 -0.10181
v -0.01305 0.06444 -0.10450
v -0.01339 0.06632 -0.10386
v -0.01402 0.07013 -0.10200
v -0.01409 0.06107 -0.10505
v -0.02972 0.06496 -0.09829
v -0.03050 0.06496 -0.10065
v -0.03061 0.06465 -0.10071
v -0.03183 0.06107 -0.10110
v -0.02976 0.06525 -0.09821
v -0.03031 0.07013 -0.09647
v -0.03088 0.07013 -0.09822
v -0.03082 0.06864 -0.09906
v -0.03329 0.07276 -0.09432
v -0.02924 0.07276 -0.09565
v -0.03371 0.06444 -0.09712
v -0.03381 0.06522 -0.09689
v -0.03435 0.07013 -0.09511
v -0.03449 0.06444 -0.09951
v -0.03469 0.06632 -0.09880
v -0.03492 0.07013 -0.09686
v -0.03562 0.06107 -0.09982
v -0.04951 0.06496 -0.08996
v -0.05076 0.06496 -0.09211
v -0.05090 0.06461 -0.09215
v -0.05215 0.06107 -0.09227
v -0.04953 0.06525 -0.08987
v -0.04970 0.07013 -0.08806
v -0.05063 0.07013 -0.08965
v -0.05074 0.06864 -0.09049
v -0.05217 0.07276 -0.08534
v -0.04849 0.07276 -0.08748
v -0.05316 0.06444 -0.08799
v -0.05322 0.06522 -0.08775
v -0.05337 0.07013 -0.08589
v -0.05443 0.06444 -0.09016
v -0.05448 0.06632 -0.08943
v -0.05430 0.07013 -0.08748
v -0.05560 0.06107 -0.09024
v -0.06713 0.06496 -0.07770
v -0.06880 0.06496 -0.07954
v -0.06893 0.06463 -0.07955
v -0.07020 0.06107 -0.07941
v -0.06713 0.06525 -0.07761
v -0.06693 0.07013 -0.07580
v -0.06816 0.07013 -0.07716
v -0.06845 0.06864 -0.07796
v -0.06877 0.07276 -0.07263
v -0.06562 0.07276 -0.07549
v -0.07029 0.06444 -0.07501
v -0.07030 0.06522 -0.07477
v -0.07006 0.07013 -0.07291
v -0.07198 0.06444 -0.07687
v -0.07188 0.06632 -0.07615
v -0.07130 0.07013 -0.07428
v -0.07314 0.06107 -0.07671
v -0.08182 0.06496 -0.06205
v -0.08383 0.06496 -0.06350
v -0.08397 0.06462 -0.06348
v -0.08517 0.06107 -0.06308
v -0.08180 0.06525 -0.06196
v -0.08123 0.07013 -0.06023
v -0.08272 0.07013 -0.06131
v -0.08316 0.06864 -0.06202
v -0.08237 0.07276 -0.05674
v -0.07988 0.07276 -0.06020
v -0.08435 0.06444 -0.05876
v -0.08431 0.06522 -0.05852
v -0.08369 0.07013 -0.05675
v -0.08639 0.06444 -0.06023
v -0.08614 0.06632 -0.05954
v -0.08518 0.07013 -0.05783
v -0.08749 0.06107 -0.05982
v -0.09293 0.06496 -0.04368
v -0.09520 0.06496 -0.04468
v -0.09533 0.06462 -0.04463
v -0.09643 0.06107 -0.04399
v -0.09290 0.06525 -0.04360
v -0.09197 0.07013 -0.04203
v -0.09366 0.07013 -0.04277
v -0.09424 0.06864 -0.04338
v -0.09237 0.07276 -0.03837
v -0.09065 0.07276 -0.04227
v -0.09473 0.06444 -0.03994
v -0.09463 0.06522 -0.03971
v -0.09366 0.07013 -0.03812
v -0.09703 0.06444 -0.04095
v -0.09664 0.06632 -0.04033
v -0.09535 0.07013 -0.03886
v -0.09802 0.06107 -0.04032
v -0.09998 0.06496 -0.02340
v -0.10241 0.06496 -0.02391
v -0.10255 0.06457 -0.02382
v -0.10347 0.06107 -0.02298
v -0.09993 0.06525 -0.02333
v -0.09870 0.07013 -0.02199
v -0.10050 0.07013 -0.02236
v -0.10120 0.06864 -0.02284
v -0.09833 0.07276 -0.01833
v -0.09746 0.07276 -0.02250
v -0.10096 0.06444 -0.01937
v -0.10082 0.06522 -0.01917
v -0.09954 0.07013 -0.01781
v -0.10342 0.06444 -0.01988
v -0.10291 0.06632 -0.01936
v -0.10134 0.07013 -0.01818
v -0.10426 0.06107 -0.01906
v -0.10266 0.06496 -0.00210
v -0.10515 0.06496 -0.00209
v -0.10521 0.06473 -0.00203
v -0.10598 0.06107 -0.00097
v -0.10260 0.06525 -0.00204
v -0.10111 0.07013 -0.00098
v -0.10295 0.07013 -0.00098
v -0.10373 0.06864 -0.00130
v -0.09999 0.07276 0.00251
v -0.10001 0.07276 -0.00175
v -0.10278 0.06444 0.00205
v -0.10260 0.06522 0.00221
v -0.10107 0.07013 0.00328
v -0.10529 0.06444 0.00206
v -0.10595 0.06107 0.00303
v -0.04293 0.05289 0.09746
v 0.06294 0.05289 0.08591
v 0.10538 0.06107 -0.01139
v 0.10608 0.06034 0.00081
v 0.10650 0.05289 0.00081
v 0.08818 0.06034 0.05897
v -0.00698 0.06034 0.10585
v -0.04276 0.06034 0.09708
v -0.07338 0.06034 0.07660
v -0.09516 0.06034 0.04688
v -0.09996 0.06034 0.03552
v -0.10035 0.05289 0.03566
v -0.10381 0.05289 0.02377
v -0.09553 0.05289 0.04707
v -0.08942 0.05289 0.05784
v -0.08907 0.06034 0.05761
v -0.08178 0.06034 0.06756
v -0.07367 0.05289 0.07690
v -0.06425 0.05289 0.08494
v -0.06399 0.06034 0.08460
v -0.05374 0.06034 0.09146
v -0.05395 0.05289 0.09182
v -0.03132 0.05289 0.10179
v -0.01929 0.05289 0.10474
v -0.01922 0.06034 0.10432
v -0.00700 0.05289 0.10627
v 0.00538 0.05289 0.10636
v 0.00536 0.06034 0.10594
v 0.01762 0.06034 0.10461
v 0.02965 0.06034 0.10185
v 0.02976 0.05289 0.10226
v 0.04143 0.05289 0.09811
v 0.04127 0.06034 0.09772
v 0.05234 0.06034 0.09227
v 0.05254 0.05289 0.09264
v 0.06269 0.06034 0.08557
v 0.07249 0.05289 0.07802
v 0.08106 0.05289 0.06908
v 0.08074 0.06034 0.06881
v 0.09443 0.06034 0.04833
v 0.09480 0.05289 0.04852
v 0.08853 0.05289 0.05920
v 0.09940 0.06034 0.03704
v 0.10303 0.06034 0.02525
v 0.10344 0.05289 0.02535
v 0.10527 0.06034 0.01312
v 0.10568 0.05289 0.01317
v 0.10536 0.06107 -0.01150
v 0.10545 0.06034 -0.01151
v 0.10587 0.05310 -0.01155
v 0.10587 0.05289 -0.01155
v 0.09980 0.05289 0.03719
v 0.01769 0.05289 0.10502
v -0.08210 0.05289 0.06783
v -0.10587 0.05289 0.01156
v -0.10387 0.06107 0.02109
v -0.10536 0.06107 0.01150
v -0.10545 0.06034 0.01151
v -0.10328 0.06496 0.01981
v -0.10336 0.06461 0.01993
v -0.10174 0.06864 0.02030
v -0.10469 0.06632 0.00246
v -0.10291 0.07013 0.00328
v 0.08398 0.06444 -0.06355
v 0.08325 0.06632 -0.06353
v 0.08132 0.07013 -0.06314
v 0.08393 0.06107 -0.06473
v 0.00698 0.06034 -0.10585
v 0.09516 0.06034 -0.04688
v 0.10413 0.06107 -0.01978
v -0.06294 0.05289 -0.08591
v -0.10568 0.05289 -0.01317
v -0.10344 0.05289 -0.02535
v -0.09979 0.05289 -0.03719
v -0.09480 0.05289 -0.04852
v -0.08853 0.05289 -0.05920
v -0.08106 0.05289 -0.06908
v -0.07249 0.05289 -0.07802
v -0.05254 0.05289 -0.09264
v -0.04143 0.05289 -0.09811
v -0.02976 0.05289 -0.10226
v -0.01769 0.05289 -0.10502
v -0.00538 0.05289 -0.10636
v 0.00701 0.05289 -0.10627
v 0.01930 0.05289 -0.10474
v 0.03132 0.05289 -0.10179
v 0.05395 0.05289 -0.09182
v 0.04293 0.05289 -0.09746
v 0.06425 0.05289 -0.08494
v 0.07368 0.05289 -0.07690
v 0.08211 0.05289 -0.06783
v 0.08942 0.05289 -0.05784
v 0.10035 0.05289 -0.03566
v 0.09553 0.05289 -0.04707
v 0.10381 0.05289 -0.02377
v 0.09996 0.06034 -0.03552
v 0.10071 0.06107 -0.03305
v 0.09795 0.06107 -0.04049
v 0.08907 0.06034 -0.05761
v 0.09163 0.06107 -0.05326
v 0.08739 0.06107 -0.05997
v 0.07164 0.06107 -0.07811
v 0.07332 0.06107 -0.07654
v 0.07338 0.06034 -0.07660
v 0.07840 0.06107 -0.07133
v 0.08178 0.06034 -0.06756
v 0.08171 0.06107 -0.06751
v 0.07089 0.05625 -0.07937
v 0.06786 0.05625 -0.08198
v 0.06864 0.06107 -0.08076
v 0.06400 0.06034 -0.08460
v 0.06205 0.06107 -0.08593
v 0.05374 0.06034 -0.09146
v 0.05383 0.06107 -0.09130
v 0.05544 0.06107 -0.09033
v 0.04283 0.06107 -0.09695
v 0.04276 0.06034 -0.09708
v 0.03545 0.06107 -0.09989
v 0.01391 0.06107 -0.10507
v 0.02173 0.06107 -0.10374
v 0.01922 0.06034 -0.10432
v -0.00536 0.06034 -0.10594
v -0.00031 0.06107 -0.10599
v -0.00824 0.06107 -0.10567
v -0.03004 0.06107 -0.10164
v -0.02965 0.06034 -0.10185
v -0.02234 0.06107 -0.10361
v -0.01762 0.06034 -0.10461
v -0.04127 0.06034 -0.09772
v -0.04339 0.06107 -0.09670
v -0.05234 0.06034 -0.09227
v -0.05051 0.06107 -0.09318
v -0.06255 0.06107 -0.08556
v -0.06269 0.06034 -0.08557
v -0.06878 0.06107 -0.08064
v -0.08074 0.06034 -0.06881
v -0.07897 0.06107 -0.07069
v -0.08404 0.06107 -0.06458
v -0.09443 0.06034 -0.04833
v -0.08818 0.06034 -0.05897
v -0.09563 0.06107 -0.04570
v -0.09194 0.06107 -0.05272
v -0.10304 0.06107 -0.02481
v -0.10303 0.06034 -0.02525
v -0.10090 0.06107 -0.03246
v -0.09940 0.06034 -0.03704
v -0.10526 0.06034 -0.01312
v -0.10544 0.06107 -0.01077
v -0.10650 0.05289 -0.00081
v -0.10608 0.06034 -0.00081
v -0.10595 0.06107 -0.00285
v -0.10538 0.06107 0.01139
v 0.05439 0.06496 -0.09001
v 0.05435 0.06462 -0.09015
v 0.05232 0.07013 -0.08867
v 0.05299 0.06864 -0.08919
v 0.08580 0.07927 -0.01726
v 0.08303 0.07927 -0.02769
v 0.07899 0.07927 -0.03770
v 0.07375 0.07927 -0.04714
v 0.06738 0.07927 -0.05586
v 0.05999 0.07927 -0.06373
v 0.05169 0.07927 -0.07063
v 0.04260 0.07927 -0.07645
v 0.03287 0.07927 -0.08112
v 0.02263 0.07927 -0.08455
v 0.01205 0.07927 -0.08669
v 0.00129 0.07927 -0.08751
v -0.00950 0.07927 -0.08701
v -0.02013 0.07927 -0.08517
v -0.03047 0.07927 -0.08205
v -0.04034 0.07927 -0.07767
v -0.04959 0.07927 -0.07212
v -0.05809 0.07927 -0.06546
v -0.06571 0.07927 -0.05781
v -0.07233 0.07927 -0.04928
v -0.07784 0.07927 -0.04001
v -0.08218 0.07927 -0.03012
v -0.08526 0.07927 -0.01977
v -0.08704 0.07927 -0.00913
v -0.08751 0.07927 0.00166
v -0.09202 0.07744 0.00174
v -0.09552 0.07510 0.00181
v -0.09154 0.07744 -0.00960
v -0.09502 0.07510 -0.00996
v -0.08966 0.07744 -0.02079
v -0.09307 0.07510 -0.02158
v -0.08642 0.07744 -0.03167
v -0.08971 0.07510 -0.03288
v -0.08186 0.07744 -0.04207
v -0.08498 0.07510 -0.04367
v -0.07606 0.07744 -0.05183
v -0.07895 0.07510 -0.05380
v -0.06910 0.07744 -0.06080
v -0.07173 0.07510 -0.06311
v -0.06109 0.07744 -0.06884
v -0.06341 0.07510 -0.07146
v -0.05215 0.07744 -0.07584
v -0.05413 0.07510 -0.07872
v -0.04242 0.07744 -0.08168
v -0.04403 0.07510 -0.08479
v -0.03204 0.07744 -0.08628
v -0.03326 0.07510 -0.08957
v -0.02709 0.07510 -0.09162
v -0.02117 0.07744 -0.08957
v -0.02198 0.07510 -0.09298
v -0.01600 0.07510 -0.09419
v -0.00999 0.07744 -0.09150
v -0.01037 0.07510 -0.09498
v 0.01316 0.07510 -0.09463
v 0.00669 0.07510 -0.09531
v 0.00135 0.07744 -0.09203
v 0.00141 0.07510 -0.09553
v -0.00469 0.07510 -0.09543
v 0.01267 0.07744 -0.09116
v 0.02380 0.07744 -0.08891
v 0.02471 0.07510 -0.09229
v 0.03456 0.07744 -0.08530
v 0.03588 0.07510 -0.08855
v 0.04480 0.07744 -0.08040
v 0.04651 0.07510 -0.08346
v 0.05436 0.07744 -0.07427
v 0.05643 0.07510 -0.07710
v 0.06309 0.07744 -0.06702
v 0.06549 0.07510 -0.06957
v 0.07086 0.07744 -0.05874
v 0.07356 0.07510 -0.06097
v 0.07755 0.07744 -0.04957
v 0.08050 0.07510 -0.05145
v 0.08307 0.07744 -0.03964
v 0.08623 0.07510 -0.04115
v 0.08731 0.07744 -0.02912
v 0.09064 0.07510 -0.03022
v 0.09024 0.07744 -0.01815
v 0.09367 0.07510 -0.01884
v 0.07591 0.07444 0.06234
v 0.08279 0.07444 0.05287
v -0.10034 0.07273 0.01095
v -0.10208 0.07059 0.01114
v -0.10084 0.07059 0.01939
v 0.10209 0.07059 -0.01114
v 0.10034 0.07273 -0.01095
v 0.09782 0.07444 0.00900
v 0.09819 0.07444 -0.00270
v 0.10090 0.07273 -0.00277
v 0.10051 0.07273 0.00924
v 0.09605 0.07444 0.02056
v 0.09293 0.07444 0.03183
v 0.09549 0.07273 0.03271
v 0.08507 0.07273 0.05433
v 0.09092 0.07273 0.04383
v 0.07801 0.07273 0.06406
v 0.05905 0.07444 0.07850
v 0.06796 0.07444 0.07092
v 0.06984 0.07273 0.07287
v 0.06068 0.07273 0.08066
v 0.04930 0.07444 0.08496
v 0.03885 0.07444 0.09022
v 0.03992 0.07273 0.09271
v 0.01691 0.07273 0.09951
v 0.02862 0.07273 0.09679
v 0.01645 0.07444 0.09684
v 0.00482 0.07444 0.09811
v 0.00496 0.07273 0.10081
v -0.01847 0.07444 0.09648
v -0.00687 0.07444 0.09799
v -0.00706 0.07273 0.10069
v -0.01898 0.07273 0.09913
v -0.02981 0.07444 0.09360
v -0.04073 0.07444 0.08939
v -0.04185 0.07273 0.09185
v -0.06235 0.07273 0.07937
v -0.05247 0.07273 0.08622
v -0.06068 0.07444 0.07725
v -0.06943 0.07444 0.06948
v -0.07135 0.07273 0.07140
v -0.08387 0.07444 0.05113
v -0.07720 0.07444 0.06074
v -0.07933 0.07273 0.06241
v -0.08618 0.07273 0.05254
v -0.08936 0.07444 0.04080
v -0.09357 0.07444 0.02988
v -0.09615 0.07273 0.03071
v -0.09912 0.07273 0.01906
v -0.09646 0.07444 0.01855
v -0.09786 0.07370 0.01882
v -0.09765 0.07444 0.01066
v -0.05107 0.07444 0.08391
v 0.02785 0.07444 0.09420
v 0.08848 0.07444 0.04266
v 0.09765 0.07444 -0.01066
v 0.10421 0.06597 -0.01150
v 0.10207 0.07059 -0.01126
v 0.10067 0.07059 -0.02026
v 0.09823 0.07345 -0.01889
v 0.09933 0.07248 -0.01941
v 0.09733 0.07346 -0.02305
v 0.09901 0.07177 -0.02392
v 0.09975 0.07059 -0.02442
v 0.09426 0.07059 -0.04075
v 0.09750 0.07059 -0.03224
v 0.09954 0.06597 -0.03291
v 0.09216 0.07345 -0.03890
v 0.09312 0.07248 -0.03964
v 0.09041 0.07346 -0.04278
v 0.09188 0.07177 -0.04398
v 0.09249 0.07059 -0.04463
v 0.08373 0.07059 -0.05946
v 0.08867 0.07059 -0.05181
v 0.09052 0.06597 -0.05289
v 0.08205 0.07345 -0.05721
v 0.08284 0.07248 -0.05813
v 0.07954 0.07346 -0.06064
v 0.08073 0.07177 -0.06212
v 0.08119 0.07059 -0.06288
v 0.05231 0.07059 -0.08837
v 0.05169 0.07345 -0.08564
v 0.05203 0.07248 -0.08680
v 0.04799 0.07346 -0.08775
v 0.04848 0.07177 -0.08958
v 0.04859 0.07059 -0.09047
v 0.03279 0.07059 -0.09732
v 0.04128 0.07059 -0.09403
v 0.04215 0.06597 -0.09600
v 0.03276 0.07345 -0.09451
v 0.03285 0.07248 -0.09572
v 0.02870 0.07346 -0.09581
v 0.02879 0.07177 -0.09771
v 0.02872 0.07059 -0.09859
v 0.01184 0.07059 -0.10201
v 0.02083 0.07059 -0.10056
v 0.02127 0.06597 -0.10266
v 0.01239 0.07345 -0.09926
v 0.01223 0.07248 -0.10046
v 0.00815 0.07346 -0.09968
v 0.00785 0.07177 -0.10156
v 0.00760 0.07059 -0.10241
v -0.00054 0.06597 -0.10484
v -0.00053 0.07059 -0.10269
v -0.00963 0.07059 -0.10224
v -0.00852 0.07345 -0.09966
v -0.00893 0.07248 -0.10081
v -0.01275 0.07346 -0.09920
v -0.01344 0.07177 -0.10097
v -0.01386 0.07059 -0.10175
v -0.03067 0.07059 -0.09800
v -0.02187 0.07059 -0.10033
v -0.02233 0.06597 -0.10244
v -0.02905 0.07345 -0.09572
v -0.02969 0.07248 -0.09675
v -0.03310 0.07346 -0.09438
v -0.03413 0.07177 -0.09597
v -0.03471 0.07059 -0.09665
v -0.05038 0.07059 -0.08948
v -0.04225 0.07059 -0.09360
v -0.04314 0.06597 -0.09555
v -0.04832 0.07345 -0.08758
v -0.04916 0.07248 -0.08846
v -0.05200 0.07346 -0.08544
v -0.05334 0.07177 -0.08678
v -0.05405 0.07059 -0.08732
v -0.06788 0.07059 -0.07705
v -0.06079 0.07059 -0.08276
v -0.06206 0.06597 -0.08450
v -0.06547 0.07345 -0.07562
v -0.06648 0.07248 -0.07631
v -0.06863 0.07346 -0.07276
v -0.07022 0.07177 -0.07379
v -0.07102 0.07059 -0.07417
v -0.08242 0.07059 -0.06126
v -0.07667 0.07059 -0.06832
v -0.07827 0.06597 -0.06975
v -0.07976 0.07345 -0.06036
v -0.08089 0.07248 -0.06082
v -0.08225 0.07346 -0.05690
v -0.08403 0.07177 -0.05758
v -0.08489 0.07059 -0.05778
v -0.09336 0.07059 -0.04278
v -0.08920 0.07059 -0.05088
v -0.09107 0.06597 -0.05195
v -0.09057 0.07345 -0.04246
v -0.09177 0.07248 -0.04268
v -0.09229 0.07346 -0.03856
v -0.09416 0.07177 -0.03885
v -0.09505 0.07059 -0.03887
v -0.10021 0.07059 -0.02244
v -0.09783 0.07059 -0.03123
v -0.09988 0.06597 -0.03188
v -0.09742 0.07345 -0.02270
v -0.09863 0.07248 -0.02266
v -0.09829 0.07346 -0.01853
v -0.10018 0.07177 -0.01842
v -0.10105 0.07059 -0.01826
v -0.10268 0.07059 -0.00111
v -0.10218 0.07059 -0.01020
v -0.10432 0.06597 -0.01042
v -0.10001 0.07345 -0.00195
v -0.10119 0.07248 -0.00166
v -0.09999 0.07346 0.00231
v -0.10182 0.07177 0.00281
v -0.10264 0.07059 0.00315
v -0.10421 0.06597 0.01150
v 0.06954 0.07059 -0.07557
v 0.07596 0.07059 -0.06911
v 0.06962 0.07013 -0.07586
v 0.07755 0.06597 -0.07056
v 0.07133 0.06650 -0.07658
v 0.07191 0.06496 -0.07674
v 0.06617 0.05625 -0.08008
v 0.06920 0.05625 -0.07748
v 0.06706 0.06237 -0.07844
v 0.06710 0.06272 -0.07833
v 0.06893 0.06444 -0.07962
v 0.06725 0.06444 -0.07775
v 0.07026 0.06496 -0.07489
v 0.07009 0.06272 -0.07566
v 0.06924 0.05647 -0.07742
v 0.05993 0.07059 -0.08339
v 0.06118 0.06597 -0.08514
v 0.06634 0.07059 -0.07839
v 0.06642 0.07013 -0.07867
v 0.06739 0.06822 -0.07914
v -0.07591 0.07444 -0.06234
v -0.08278 0.07444 -0.05287
v -0.10051 0.07273 -0.00924
v -0.09782 0.07444 -0.00899
v -0.09605 0.07444 -0.02056
v -0.09293 0.07444 -0.03183
v -0.09549 0.07273 -0.03271
v -0.08507 0.07273 -0.05433
v -0.09092 0.07273 -0.04383
v -0.07801 0.07273 -0.06406
v -0.05905 0.07444 -0.07850
v -0.06796 0.07444 -0.07092
v -0.06984 0.07273 -0.07287
v -0.06068 0.07273 -0.08066
v -0.04930 0.07444 -0.08496
v -0.03885 0.07444 -0.09022
v -0.03992 0.07273 -0.09270
v -0.01691 0.07273 -0.09951
v -0.02862 0.07273 -0.09679
v -0.01645 0.07444 -0.09684
v -0.00482 0.07444 -0.09811
v -0.00496 0.07273 -0.10081
v 0.01847 0.07444 -0.09648
v 0.00687 0.07444 -0.09799
v 0.00706 0.07273 -0.10069
v 0.01898 0.07273 -0.09913
v 0.02981 0.07444 -0.09359
v 0.04073 0.07444 -0.08939
v 0.04185 0.07273 -0.09185
v 0.06575 0.07250 -0.07690
v 0.06235 0.07273 -0.07937
v 0.05247 0.07273 -0.08622
v 0.06924 0.07175 -0.07473
v 0.07933 0.07273 -0.06241
v 0.07135 0.07273 -0.07140
v 0.06837 0.07345 -0.07302
v 0.07720 0.07444 -0.06074
v 0.08387 0.07444 -0.05113
v 0.08618 0.07273 -0.05254
v 0.08936 0.07444 -0.04079
v 0.09357 0.07444 -0.02988
v 0.09615 0.07273 -0.03071
v 0.09912 0.07273 -0.01906
v 0.09646 0.07444 -0.01855
v 0.09786 0.07370 -0.01882
v 0.05107 0.07444 -0.08391
v 0.06068 0.07444 -0.07725
v 0.06943 0.07444 -0.06948
v -0.02785 0.07444 -0.09420
v -0.08848 0.07444 -0.04265
v -0.09819 0.07444 0.00270
v -0.10090 0.07273 0.00277
v 0.06519 0.07346 -0.07586
v 0.06839 0.07013 -0.07448
v 0.07017 0.06525 -0.07488
v 0.06519 0.07013 -0.07730
v 0.06557 0.06920 -0.07742
v 0.06504 0.07276 -0.07599
v 0.06822 0.07276 -0.07315
v -0.00844 0.03710 0.00879
v -0.00844 0.03310 0.00879
v -0.00945 0.03710 0.00918
v -0.00945 0.03310 0.00918
v -0.01053 0.03710 0.00901
v -0.01053 0.03310 0.00901
v -0.01137 0.03710 0.00833
v -0.01137 0.03310 0.00833
v -0.01177 0.03710 0.00732
v -0.01177 0.03310 0.00732
v -0.01160 0.03710 0.00625
v -0.01160 0.03310 0.00625
v -0.01092 0.03710 0.00540
v -0.01092 0.03310 0.00540
v -0.00991 0.03710 0.00500
v -0.00991 0.03310 0.00500
v -0.00883 0.03710 0.00517
v -0.00883 0.03310 0.00517
v -0.00799 0.03710 0.00585
v -0.00799 0.03310 0.00585
v -0.00759 0.03710 0.00686
v -0.00759 0.03310 0.00686
v -0.00776 0.03710 0.00794
v -0.00776 0.03310 0.00794
v -0.00738 0.03710 0.00432
v -0.00897 0.03710 0.00356
v -0.01073 0.03710 0.00365
v -0.01181 0.03710 0.00419
v -0.01265 0.03710 0.00505
v -0.01326 0.03710 0.00670
v -0.01302 0.03710 0.00845
v -0.01198 0.03710 0.00987
v -0.01039 0.03710 0.01062
v -0.00863 0.03710 0.01054
v -0.00755 0.03710 0.01000
v -0.00671 0.03710 0.00913
v -0.00610 0.03710 0.00748
v -0.00634 0.03710 0.00574
v -0.01264 0.04820 0.00504
v -0.01265 0.04822 0.00505
v -0.00755 0.04713 0.01000
v -0.00829 0.04791 0.01041
v -0.00984 0.04913 0.01069
v -0.00906 0.04858 0.01064
v -0.01195 0.05011 0.00989
v -0.01132 0.04990 0.01030
v -0.01060 0.04957 0.01057
v -0.01038 0.04946 0.01062
v -0.01302 0.05012 0.00844
v -0.01290 0.05016 0.00871
v -0.01249 0.05020 0.00935
v -0.01198 0.05012 0.00987
v -0.01323 0.04935 0.00652
v -0.01326 0.04946 0.00670
v -0.01327 0.04976 0.00732
v -0.01314 0.05003 0.00808
v -0.01303 0.04886 0.00579
v -0.01181 0.04713 0.00419
v -0.01207 0.04744 0.00440
v -0.01027 0.04547 0.00354
v -0.01108 0.04631 0.00378
v -0.00812 0.04359 0.00385
v -0.00876 0.04408 0.00361
v -0.00898 0.04426 0.00356
v -0.00948 0.04471 0.00350
v -0.00639 0.04312 0.00564
v -0.00666 0.04301 0.00514
v -0.00705 0.04304 0.00463
v -0.00739 0.04316 0.00432
v -0.00756 0.04324 0.00419
v -0.00610 0.04426 0.00749
v -0.00608 0.04385 0.00697
v -0.00617 0.04342 0.00630
v -0.00634 0.04316 0.00574
v -0.00613 0.04444 0.00770
v -0.00635 0.04517 0.00845
v -0.00730 0.04681 0.00979
v -0.00673 0.04596 0.00915
v -0.00671 0.04593 0.00913
v -0.00450 0.04110 0.00469
v -0.01510 0.05110 -0.00665
v -0.01422 0.05020 -0.00641
v -0.01372 0.05110 -0.00917
v -0.01381 0.05011 -0.00706
v -0.01337 0.04995 -0.00753
v -0.01432 0.04934 -0.00348
v -0.01452 0.04971 -0.00417
v -0.01603 0.05110 -0.00393
v -0.01458 0.05000 -0.00494
v -0.01456 0.05007 -0.00522
v -0.01448 0.05016 -0.00569
v -0.00649 0.04110 -0.00043
v -0.00952 0.04425 -0.00155
v -0.01035 0.04503 -0.00129
v -0.01116 0.04583 -0.00124
v -0.01169 0.04636 -0.00131
v -0.01646 0.05110 -0.00108
v -0.01195 0.04663 -0.00137
v -0.01269 0.04740 -0.00167
v -0.01328 0.04804 -0.00206
v -0.01336 0.04813 -0.00213
v -0.01389 0.04876 -0.00272
v -0.01429 0.04929 -0.00342
v -0.00792 0.04305 -0.00295
v -0.00825 0.04322 -0.00249
v -0.00631 0.04110 -0.00155
v -0.00877 0.04359 -0.00200
v -0.00885 0.04366 -0.00193
v -0.00763 0.04301 -0.00353
v -0.00595 0.04110 -0.00262
v -0.00745 0.04313 -0.00416
v -0.00540 0.04110 -0.00361
v -0.00740 0.04324 -0.00446
v -0.01311 0.04982 -0.00774
v -0.01243 0.04946 -0.00813
v -0.01191 0.05110 -0.01141
v -0.01169 0.04898 -0.00837
v -0.01085 0.04834 -0.00843
v -0.01027 0.04785 -0.00837
v -0.01004 0.04763 -0.00831
v -0.00924 0.04681 -0.00799
v -0.00868 0.04615 -0.00761
v -0.00854 0.04595 -0.00748
v -0.00801 0.04515 -0.00687
v -0.00469 0.04110 -0.00450
v -0.00766 0.04446 -0.00622
v -0.00765 0.04444 -0.00619
v -0.00745 0.04389 -0.00554
v -0.00738 0.04343 -0.00485
v -0.00209 0.04552 0.01072
v -0.00177 0.04481 0.01005
v -0.00155 0.04110 0.00631
v -0.00227 0.04627 0.01145
v -0.00203 0.04804 0.01328
v -0.00209 0.04789 0.01312
v -0.00393 0.05110 0.01603
v -0.00228 0.04709 0.01228
v -0.00228 0.04636 0.01154
v -0.00132 0.04415 0.00946
v -0.00083 0.04366 0.00903
v -0.00043 0.04110 0.00649
v 0.00179 0.05110 0.01640
v 0.00204 0.05019 0.01545
v 0.00129 0.05018 0.01553
v -0.00108 0.05110 0.01646
v 0.00058 0.05007 0.01546
v -0.00004 0.04987 0.01527
v -0.00067 0.04956 0.01494
v -0.00100 0.04933 0.01470
v -0.00124 0.04913 0.01448
v -0.00176 0.04854 0.01383
v 0.00276 0.05007 0.01522
v 0.00461 0.05110 0.01584
v 0.00343 0.04982 0.01483
v 0.00379 0.04467 0.00933
v 0.00425 0.04535 0.00987
v 0.00287 0.04110 0.00583
v 0.00360 0.04444 0.00916
v 0.00729 0.05110 0.01480
v 0.00462 0.04609 0.01052
v 0.00464 0.04615 0.01058
v 0.00484 0.04686 0.01127
v 0.00490 0.04766 0.01211
v 0.00488 0.04785 0.01231
v 0.00478 0.04833 0.01288
v 0.00446 0.04897 0.01366
v 0.00401 0.04945 0.01430
v 0.00186 0.04318 0.00837
v 0.00202 0.04324 0.00840
v 0.00182 0.04110 0.00624
v 0.00255 0.04353 0.00855
v 0.00321 0.04404 0.00887
v -0.00063 0.04351 0.00889
v 0.00000 0.04317 0.00857
v 0.00071 0.04110 0.00646
v 0.00062 0.04302 0.00839
v 0.00127 0.04303 0.00833
v -0.01584 0.05110 0.00461
v -0.00624 0.04110 0.00182
v -0.01480 0.05110 0.00729
v -0.01331 0.05110 0.00975
v -0.01141 0.05110 0.01192
v -0.00361 0.04110 0.00540
v -0.00917 0.05110 0.01372
v -0.00583 0.04110 0.00287
v -0.00524 0.04110 0.00384
v 0.00384 0.04110 0.00524
v 0.00975 0.05110 0.01331
v -0.00262 0.04110 0.00595
v -0.00665 0.05110 0.01510
v -0.00646 0.04110 0.00071
v -0.01640 0.05110 0.00179
v -0.00384 0.04110 -0.00524
v -0.00975 0.05110 -0.01331
v 0.00634 0.04316 -0.00574
v 0.00617 0.04342 -0.00630
v 0.00450 0.04110 -0.00469
v 0.00931 0.04405 0.00165
v 0.00997 0.04466 0.00138
v 0.00649 0.04110 0.00043
v 0.01078 0.04545 0.00124
v 0.01160 0.04627 0.00129
v 0.01169 0.04636 0.00131
v 0.01646 0.05110 0.00109
v 0.01237 0.04707 0.00152
v 0.01312 0.04786 0.00194
v 0.00792 0.04305 0.00295
v 0.00825 0.04322 0.00249
v 0.00631 0.04110 0.00155
v 0.00877 0.04359 0.00200
v 0.00885 0.04366 0.00193
v 0.00763 0.04301 0.00353
v 0.00595 0.04110 0.00262
v 0.00745 0.04313 0.00416
v 0.00540 0.04110 0.00361
v 0.00740 0.04324 0.00446
v 0.01192 0.05110 0.01141
v 0.01085 0.04834 0.00844
v 0.01027 0.04785 0.00837
v 0.01004 0.04763 0.00831
v 0.00924 0.04681 0.00799
v 0.00869 0.04615 0.00761
v 0.00854 0.04595 0.00748
v 0.00801 0.04515 0.00687
v 0.00469 0.04110 0.00450
v 0.00766 0.04446 0.00622
v 0.00765 0.04444 0.00619
v 0.00745 0.04389 0.00554
v 0.00738 0.04343 0.00485
v 0.01510 0.05110 0.00665
v 0.01412 0.05019 0.00661
v 0.01372 0.05110 0.00917
v 0.01368 0.05007 0.00722
v 0.01311 0.04982 0.00774
v 0.01244 0.04946 0.00813
v 0.01169 0.04898 0.00837
v 0.01446 0.04958 0.00391
v 0.01457 0.04988 0.00460
v 0.01603 0.05110 0.00393
v 0.01432 0.04933 0.00348
v 0.01328 0.04803 0.00206
v 0.01375 0.04858 0.00253
v 0.01420 0.04916 0.00323
v 0.01456 0.05007 0.00523
v 0.01456 0.05008 0.00526
v 0.01442 0.05018 0.00591
v 0.00613 0.04444 -0.00770
v 0.00635 0.04517 -0.00845
v 0.00361 0.04110 -0.00540
v 0.00610 0.04426 -0.00749
v 0.00608 0.04385 -0.00697
v 0.00671 0.04593 -0.00913
v 0.00673 0.04596 -0.00915
v 0.00917 0.05110 -0.01372
v 0.00730 0.04681 -0.00979
v 0.00755 0.04713 -0.01000
v 0.00756 0.04324 -0.00419
v 0.00739 0.04316 -0.00432
v 0.00583 0.04110 -0.00287
v 0.00706 0.04304 -0.00463
v 0.00524 0.04110 -0.00384
v 0.00666 0.04301 -0.00514
v 0.00639 0.04312 -0.00564
v 0.01265 0.04822 -0.00505
v 0.01264 0.04820 -0.00504
v 0.01584 0.05110 -0.00461
v 0.01207 0.04744 -0.00440
v 0.01181 0.04713 -0.00419
v 0.01109 0.04631 -0.00378
v 0.01027 0.04547 -0.00354
v 0.00624 0.04110 -0.00182
v 0.00948 0.04471 -0.00350
v 0.00898 0.04426 -0.00356
v 0.00877 0.04408 -0.00361
v 0.00812 0.04359 -0.00385
v 0.01314 0.05003 -0.00808
v 0.01327 0.04976 -0.00732
v 0.01480 0.05110 -0.00729
v 0.01331 0.05110 -0.00975
v 0.01290 0.05016 -0.00871
v 0.01302 0.05012 -0.00844
v 0.01326 0.04946 -0.00670
v 0.01323 0.04935 -0.00652
v 0.01304 0.04886 -0.00579
v 0.01060 0.04957 -0.01057
v 0.01132 0.04990 -0.01029
v 0.01141 0.05110 -0.01191
v 0.01038 0.04946 -0.01062
v 0.00829 0.04791 -0.01041
v 0.00907 0.04858 -0.01064
v 0.00984 0.04913 -0.01069
v 0.01195 0.05011 -0.00988
v 0.01198 0.05012 -0.00986
v 0.01249 0.05020 -0.00935
v -0.00343 0.04982 -0.01483
v -0.00318 0.04993 -0.01500
v -0.00461 0.05110 -0.01584
v -0.00249 0.05013 -0.01533
v -0.00179 0.05110 -0.01640
v -0.00235 0.05015 -0.01537
v -0.00379 0.04467 -0.00933
v -0.00425 0.04535 -0.00987
v -0.00287 0.04110 -0.00583
v -0.00360 0.04444 -0.00916
v -0.00729 0.05110 -0.01480
v -0.00461 0.04608 -0.01051
v -0.00464 0.04615 -0.01057
v -0.00484 0.04686 -0.01126
v -0.00490 0.04765 -0.01210
v -0.00488 0.04785 -0.01231
v -0.00478 0.04833 -0.01287
v -0.00446 0.04897 -0.01366
v -0.00401 0.04945 -0.01430
v -0.00186 0.04318 -0.00837
v -0.00202 0.04324 -0.00840
v -0.00182 0.04110 -0.00624
v -0.00255 0.04352 -0.00855
v -0.00321 0.04404 -0.00887
v 0.00043 0.04110 -0.00649
v -0.00019 0.04311 -0.00850
v -0.00070 0.04110 -0.00646
v -0.00074 0.04301 -0.00837
v -0.00129 0.04303 -0.00833
v 0.00393 0.05110 -0.01603
v 0.00202 0.04807 -0.01331
v 0.00203 0.04804 -0.01328
v 0.00215 0.04572 -0.01091
v 0.00185 0.04496 -0.01019
v 0.00155 0.04110 -0.00631
v 0.00224 0.04735 -0.01255
v 0.00229 0.04650 -0.01167
v 0.00228 0.04636 -0.01154
v 0.00141 0.04426 -0.00956
v 0.00083 0.04366 -0.00902
v 0.00044 0.04339 -0.00878
v -0.00024 0.04997 -0.01537
v 0.00046 0.04967 -0.01507
v 0.00109 0.05110 -0.01646
v -0.00175 0.05020 -0.01550
v -0.00099 0.05015 -0.01552
v -0.00059 0.05007 -0.01546
v 0.00100 0.04933 -0.01470
v 0.00110 0.04925 -0.01461
v 0.00164 0.04870 -0.01401
v 0.00262 0.04110 -0.00595
v 0.00665 0.05110 -0.01510
v 0.00646 0.04110 -0.00070
v 0.01640 0.05110 -0.00179
v 0.00384 0.03410 0.00524
v 0.00469 0.03410 0.00450
v 0.00540 0.03410 0.00361
v 0.00595 0.03410 0.00262
v 0.00631 0.03410 0.00155
v 0.00649 0.03410 0.00043
v 0.00646 0.03410 -0.00070
v 0.00624 0.03410 -0.00182
v 0.00583 0.03410 -0.00287
v 0.00524 0.03410 -0.00384
v 0.00450 0.03410 -0.00469
v 0.00361 0.03410 -0.00540
v 0.00262 0.03410 -0.00595
v 0.00155 0.03410 -0.00631
v 0.00043 0.03410 -0.00649
v -0.00070 0.03410 -0.00646
v -0.00182 0.03410 -0.00624
v -0.00287 0.03410 -0.00583
v -0.00384 0.03410 -0.00524
v -0.00469 0.03410 -0.00450
v -0.00540 0.03410 -0.00361
v -0.00595 0.03410 -0.00262
v -0.00631 0.03410 -0.00155
v -0.00649 0.03410 -0.00043
v -0.00646 0.03410 0.00071
v -0.00624 0.03410 0.00182
v -0.00583 0.03410 0.00287
v -0.00524 0.03410 0.00384
v -0.00450 0.03410 0.00469
v -0.00361 0.03410 0.00540
v -0.00262 0.03410 0.00595
v -0.00155 0.03410 0.00631
v -0.00043 0.03410 0.00649
v 0.00071 0.03410 0.00646
v 0.00182 0.03410 0.00624
v 0.00287 0.03410 0.00583
v 0.00443 0.03310 0.00605
v 0.00332 0.03310 0.00673
v 0.00210 0.03310 0.00720
v 0.00081 0.03310 0.00746
v -0.00049 0.03310 0.00748
v -0.00178 0.03310 0.00728
v -0.00302 0.03310 0.00686
v -0.00417 0.03310 0.00623
v -0.00519 0.03310 0.00542
v -0.00605 0.03310 0.00443
v -0.00673 0.03310 0.00332
v -0.00720 0.03310 0.00210
v -0.00746 0.03310 0.00081
v -0.00748 0.03310 -0.00049
v -0.00728 0.03310 -0.00178
v -0.00686 0.03310 -0.00302
v -0.00623 0.03310 -0.00417
v -0.00542 0.03310 -0.00519
v -0.00443 0.03310 -0.00605
v -0.00331 0.03310 -0.00673
v -0.00210 0.03310 -0.00720
v -0.00081 0.03310 -0.00746
v 0.00049 0.03310 -0.00748
v 0.00179 0.03310 -0.00728
v 0.00302 0.03310 -0.00686
v 0.00417 0.03310 -0.00623
v 0.00519 0.03310 -0.00542
v 0.00605 0.03310 -0.00443
v 0.00673 0.03310 -0.00331
v 0.00720 0.03310 -0.00210
v 0.00746 0.03310 -0.00081
v 0.00748 0.03310 0.00049
v 0.00728 0.03310 0.00179
v 0.00686 0.03310 0.00302
v 0.00623 0.03310 0.00417
v 0.00542 0.03310 0.00519
v 0.01215 0.03310 0.00069
v 0.01311 0.03310 0.00031
v 0.01147 0.03310 0.00170
v 0.00719 0.03310 0.00483
v -0.00403 0.03310 0.00915
v -0.00505 0.03310 0.00899
v -0.00557 0.03310 0.00787
v 0.00204 0.03310 0.01688
v 0.00242 0.03310 0.01650
v 0.00261 0.03310 0.01680
v 0.01110 0.03310 0.01015
v 0.01537 0.03310 0.00702
v 0.01500 0.03310 0.00800
v 0.01641 0.03310 0.00446
v 0.01699 0.03310 0.00070
v 0.01550 0.03310 -0.00126
v 0.01672 0.03310 -0.00310
v 0.01249 0.03310 -0.00537
v 0.01561 0.03310 -0.00674
v 0.00602 0.03310 -0.01420
v 0.00800 0.03310 -0.01500
v 0.01113 0.03310 -0.01285
v 0.00446 0.03310 -0.01640
v 0.00198 0.03310 -0.01124
v 0.00070 0.03310 -0.01699
v -0.00118 0.03310 -0.01556
v -0.00310 0.03310 -0.01671
v -0.00545 0.03310 -0.01243
v -0.00674 0.03310 -0.01560
v -0.01412 0.03310 -0.00607
v -0.01521 0.03310 -0.00528
v -0.01500 0.03310 -0.00800
v -0.01587 0.03310 -0.00609
v -0.01021 0.03310 0.00153
v -0.01671 0.03310 0.00310
v -0.01204 0.03310 -0.00096
v -0.01699 0.03310 -0.00069
v -0.01640 0.03310 -0.00446
v -0.01560 0.03310 0.00674
v -0.01371 0.03310 0.01005
v -0.01113 0.03310 0.01285
v -0.00446 0.03310 0.01641
v -0.00800 0.03310 0.01500
v -0.00564 0.03310 0.01281
v -0.00602 0.03310 0.00937
v -0.00667 0.03310 0.01018
v -0.00682 0.03310 0.01120
v -0.00645 0.03310 0.01216
v -0.00256 0.03310 0.01198
v -0.00069 0.03310 0.01699
v 0.00102 0.03310 0.01697
v 0.00046 0.03310 0.01385
v -0.00039 0.03310 0.01317
v -0.00079 0.03310 0.01216
v -0.00148 0.03310 0.01118
v -0.00062 0.03310 0.01108
v 0.01285 0.03310 0.01113
v 0.01005 0.03310 0.01371
v 0.00634 0.03310 0.01364
v 0.00674 0.03310 0.01561
v 0.00310 0.03310 0.01672
v -0.00462 0.03310 0.01297
v -0.00365 0.03310 0.01260
v -0.00301 0.03310 0.01179
v -0.00285 0.03310 0.01077
v -0.00322 0.03310 0.00980
v -0.00449 0.03310 0.00707
v -0.00687 0.03310 -0.00769
v -0.00591 0.03310 -0.00807
v -0.00229 0.03310 -0.00811
v -0.00526 0.03310 -0.00887
v -0.01021 0.03310 -0.00894
v -0.00870 0.03310 -0.00850
v -0.00705 0.03310 -0.00463
v -0.00790 0.03310 -0.00785
v -0.00510 0.03310 -0.00990
v -0.00548 0.03310 -0.01086
v -0.00629 0.03310 -0.01151
v -0.00731 0.03310 -0.01167
v -0.01005 0.03310 -0.01371
v -0.00827 0.03310 -0.01129
v -0.01285 0.03310 -0.01113
v -0.00892 0.03310 -0.01049
v -0.00908 0.03310 -0.00946
v -0.00974 0.03310 -0.00314
v -0.00906 0.03310 -0.00399
v -0.01096 0.03310 -0.00176
v -0.01183 0.03310 -0.00291
v -0.01075 0.03310 -0.00275
v -0.00889 0.03310 -0.00506
v -0.00929 0.03310 -0.00608
v -0.01013 0.03310 -0.00676
v -0.01121 0.03310 -0.00692
v -0.01222 0.03310 -0.00653
v -0.01290 0.03310 -0.00568
v -0.01307 0.03310 -0.00461
v -0.01268 0.03310 -0.00360
v 0.00776 0.03310 -0.00794
v 0.00382 0.03310 -0.00875
v 0.00844 0.03310 -0.00879
v 0.00785 0.03310 -0.01170
v 0.00945 0.03310 -0.00918
v 0.01053 0.03310 -0.00901
v 0.00991 0.03310 -0.00500
v 0.01092 0.03310 -0.00540
v 0.01160 0.03310 -0.00625
v 0.01177 0.03310 -0.00732
v 0.01371 0.03310 -0.01005
v 0.01137 0.03310 -0.00833
v 0.00759 0.03310 -0.00686
v 0.00799 0.03310 -0.00585
v 0.00845 0.03310 -0.00241
v 0.00883 0.03310 -0.00517
v 0.00322 0.03310 0.01278
v 0.00254 0.03310 0.01362
v 0.00153 0.03310 0.01402
v 0.00006 0.03310 0.01023
v 0.00244 0.03310 0.00832
v 0.00107 0.03310 0.00984
v 0.00339 0.03310 0.01170
v 0.00300 0.03310 0.01069
v 0.00215 0.03310 0.01001
v -0.00913 0.03310 0.00074
v 0.01376 0.03310 -0.00050
v 0.01075 0.03310 -0.00291
v 0.01010 0.03310 -0.00211
v 0.01392 0.03310 -0.00152
v 0.01354 0.03310 -0.00248
v 0.01274 0.03310 -0.00313
v 0.01171 0.03310 -0.00329
v 0.00994 0.03310 -0.00108
v 0.01032 0.03310 -0.00012
v 0.01112 0.03310 0.00053
v -0.00006 0.03310 -0.01023
v 0.00062 0.03310 -0.01108
v -0.00215 0.03310 -0.01001
v -0.00107 0.03310 -0.00984
v -0.00300 0.03310 -0.01069
v -0.00045 0.03310 -0.01385
v 0.00039 0.03310 -0.01317
v 0.00079 0.03310 -0.01216
v -0.00339 0.03310 -0.01170
v -0.00153 0.03310 -0.01402
v -0.00254 0.03310 -0.01362
v -0.00322 0.03310 -0.01278
v 0.01075 0.03310 0.00275
v 0.00974 0.03310 0.00314
v 0.00906 0.03310 0.00399
v 0.01121 0.03310 0.00693
v 0.01222 0.03310 0.00653
v 0.01290 0.03310 0.00568
v 0.01307 0.03310 0.00461
v 0.01268 0.03310 0.00360
v 0.01183 0.03310 0.00292
v 0.00889 0.03310 0.00507
v 0.00929 0.03310 0.00608
v 0.01014 0.03310 0.00676
v -0.01034 0.03360 -0.01412
v -0.00694 0.03360 -0.01606
v -0.00319 0.03360 -0.01721
v 0.00072 0.03360 -0.01748
v 0.00459 0.03360 -0.01689
v 0.00823 0.03360 -0.01544
v 0.01146 0.03360 -0.01322
v 0.01412 0.03360 -0.01034
v 0.01606 0.03360 -0.00694
v 0.01721 0.03360 -0.00319
v 0.01749 0.03360 0.00072
v 0.01689 0.03360 0.00459
v 0.01544 0.03360 0.00823
v 0.01323 0.03360 0.01146
v 0.01034 0.03360 0.01412
v 0.00319 0.03360 0.01721
v 0.00694 0.03360 0.01606
v -0.00071 0.03360 0.01749
v -0.00459 0.03360 0.01689
v -0.00823 0.03360 0.01544
v -0.01146 0.03360 0.01323
v -0.01412 0.03360 0.01034
v -0.01606 0.03360 0.00694
v -0.01721 0.03360 0.00319
v -0.01748 0.03360 -0.00071
v -0.01689 0.03360 -0.00459
v -0.01544 0.03360 -0.00823
v -0.01322 0.03360 -0.01146
v -0.01034 0.04010 -0.01412
v -0.01322 0.04010 -0.01146
v -0.01544 0.04010 -0.00823
v -0.01689 0.04010 -0.00459
v -0.01748 0.04010 -0.00071
v -0.01721 0.04010 0.00319
v -0.01606 0.04010 0.00694
v -0.01412 0.04010 0.01034
v -0.01146 0.04010 0.01323
v -0.00823 0.04010 0.01544
v -0.00459 0.04010 0.01689
v -0.00071 0.04010 0.01749
v 0.00319 0.04010 0.01721
v 0.00694 0.04010 0.01606
v 0.01034 0.04010 0.01412
v -0.01642 0.04010 0.00957
v -0.01805 0.04010 0.00594
v -0.01889 0.04010 0.00206
v -0.01890 0.04010 -0.00191
v -0.01809 0.04010 -0.00580
v -0.01649 0.04010 -0.00943
v -0.01417 0.04010 -0.01266
v -0.01123 0.04010 -0.01533
v -0.00694 0.04010 -0.01606
v -0.00780 0.04010 -0.01733
v -0.00319 0.04010 -0.01721
v -0.00402 0.04010 -0.01857
v 0.00072 0.04010 -0.01748
v -0.00008 0.04010 -0.01900
v 0.00459 0.04010 -0.01689
v 0.00388 0.04010 -0.01860
v 0.00823 0.04010 -0.01544
v 0.00766 0.04010 -0.01739
v 0.01146 0.04010 -0.01322
v 0.01111 0.04010 -0.01542
v 0.01412 0.04010 -0.01034
v 0.01407 0.04010 -0.01277
v 0.01642 0.04010 -0.00957
v 0.01606 0.04010 -0.00694
v 0.01805 0.04010 -0.00594
v 0.01721 0.04010 -0.00319
v 0.01889 0.04010 -0.00206
v 0.01749 0.04010 0.00072
v 0.01890 0.04010 0.00191
v 0.01689 0.04010 0.00459
v 0.01809 0.04010 0.00580
v 0.01544 0.04010 0.00823
v 0.01649 0.04010 0.00943
v 0.01323 0.04010 0.01146
v 0.01417 0.04010 0.01266
v 0.01123 0.04010 0.01533
v 0.00780 0.04010 0.01733
v 0.00402 0.04010 0.01857
v 0.00008 0.04010 0.01900
v -0.00388 0.04010 0.01860
v -0.00766 0.04010 0.01739
v -0.01111 0.04010 0.01542
v -0.01407 0.04010 0.01277
v -0.01152 0.04060 -0.01573
v -0.00800 0.04060 -0.01778
v -0.00413 0.04060 -0.01906
v -0.00008 0.04060 -0.01950
v 0.00398 0.04060 -0.01909
v 0.00786 0.04060 -0.01785
v 0.01140 0.04060 -0.01582
v 0.01444 0.04060 -0.01311
v 0.01685 0.04060 -0.00982
v 0.01852 0.04060 -0.00610
v 0.01939 0.04060 -0.00212
v 0.01940 0.04060 0.00196
v 0.01857 0.04060 0.00595
v 0.01693 0.04060 0.00968
v 0.01454 0.04060 0.01299
v 0.01153 0.04060 0.01573
v 0.00800 0.04060 0.01778
v 0.00413 0.04060 0.01906
v 0.00008 0.04060 0.01950
v -0.00398 0.04060 0.01909
v -0.00786 0.04060 0.01785
v -0.01140 0.04060 0.01582
v -0.01444 0.04060 0.01311
v -0.01685 0.04060 0.00982
v -0.01852 0.04060 0.00610
v -0.01938 0.04060 0.00212
v -0.01940 0.04060 -0.00196
v -0.01857 0.04060 -0.00595
v -0.01693 0.04060 -0.00968
v -0.01454 0.04060 -0.01299
v 0.01153 0.04310 0.01573
v 0.00800 0.04310 0.01778
v 0.00413 0.04310 0.01906
v 0.00008 0.04310 0.01950
v -0.00398 0.04310 0.01909
v -0.00786 0.04310 0.01785
v -0.01140 0.04310 0.01582
v -0.01444 0.04310 0.01311
v -0.01685 0.04310 0.00982
v -0.01852 0.04310 0.00610
v -0.01938 0.04310 0.00212
v -0.01940 0.04310 -0.00196
v -0.01857 0.04310 -0.00595
v -0.01693 0.04310 -0.00968
v -0.01454 0.04310 -0.01299
v -0.01152 0.04310 -0.01573
v -0.00800 0.04310 -0.01778
v -0.00413 0.04310 -0.01906
v -0.00008 0.04310 -0.01950
v 0.00398 0.04310 -0.01909
v 0.00786 0.04310 -0.01785
v 0.01140 0.04310 -0.01582
v 0.01444 0.04310 -0.01311
v 0.01685 0.04310 -0.00982
v 0.01852 0.04310 -0.00610
v 0.01939 0.04310 -0.00212
v 0.01940 0.04310 0.00196
v 0.01857 0.04310 0.00595
v 0.01693 0.04310 0.00968
v 0.01454 0.04310 0.01299
v -0.03145 0.04310 0.00169
v -0.03130 0.04310 -0.00351
v -0.02917 0.04310 -0.00606
v 0.03030 0.04310 0.00862
v 0.02967 0.04310 0.00569
v 0.03130 0.04310 0.00351
v 0.02874 0.04310 0.00441
v 0.03145 0.04310 -0.00169
v 0.02633 0.04310 0.00814
v 0.02847 0.04310 0.01349
v 0.01283 0.04310 0.01803
v 0.02586 0.04310 0.01799
v 0.02236 0.04310 -0.00430
v 0.03075 0.04310 -0.00684
v 0.01893 0.04310 -0.01612
v 0.01792 0.04310 -0.01573
v 0.01084 0.04310 -0.02002
v 0.01724 0.04310 -0.01488
v 0.02108 0.04310 -0.01319
v 0.02125 0.04310 -0.01426
v 0.02686 0.04310 -0.01645
v 0.02379 0.04310 -0.02065
v 0.01707 0.04310 -0.01381
v 0.01746 0.04310 -0.01279
v 0.01831 0.04310 -0.01211
v 0.01939 0.04310 -0.01195
v 0.02040 0.04310 -0.01234
v 0.02920 0.04310 -0.01181
v 0.02085 0.04310 -0.01528
v 0.02000 0.04310 -0.01596
v 0.02006 0.04310 -0.02428
v 0.01579 0.04310 -0.02726
v 0.01109 0.04310 -0.02948
v 0.00609 0.04310 -0.03091
v 0.00352 0.04310 -0.03001
v 0.00092 0.04310 -0.03149
v 0.00017 0.04310 -0.02756
v -0.00428 0.04310 -0.03121
v -0.00936 0.04310 -0.03008
v -0.01333 0.04310 -0.01766
v -0.01418 0.04310 -0.02813
v -0.02298 0.04310 -0.01127
v -0.02366 0.04310 -0.01042
v -0.02586 0.04310 -0.01799
v -0.02847 0.04310 -0.01349
v -0.02196 0.04310 -0.01166
v -0.02254 0.04310 -0.02200
v -0.01862 0.04310 -0.02541
v -0.01792 0.04310 0.01539
v -0.01691 0.04310 0.01499
v -0.01033 0.04310 0.01965
v -0.01623 0.04310 0.01414
v -0.01606 0.04310 0.01307
v -0.02185 0.04310 0.00393
v -0.01646 0.04310 0.01206
v -0.01730 0.04310 0.01138
v -0.01579 0.04310 0.02726
v -0.02006 0.04310 0.02429
v -0.01900 0.04310 0.01522
v -0.01984 0.04310 0.01454
v -0.02379 0.04310 0.02065
v -0.02024 0.04310 0.01353
v -0.01838 0.04310 0.01121
v -0.01939 0.04310 0.01160
v -0.03075 0.04310 0.00684
v -0.02007 0.04310 0.01245
v -0.02920 0.04310 0.01181
v -0.02686 0.04310 0.01646
v -0.01109 0.04310 0.02948
v -0.00395 0.04310 0.02836
v -0.00609 0.04310 0.03091
v -0.00302 0.04310 0.02964
v -0.00092 0.04310 0.03149
v 0.00428 0.04310 0.03121
v -0.00042 0.04310 0.02774
v 0.00281 0.04310 0.02570
v 0.02255 0.04310 0.02200
v 0.01862 0.04310 0.02541
v 0.01418 0.04310 0.02813
v 0.00936 0.04310 0.03008
v 0.00382 0.04310 0.02530
v 0.00450 0.04310 0.02446
v -0.00075 0.04310 -0.02361
v -0.00159 0.04310 -0.02429
v -0.00267 0.04310 -0.02445
v -0.00368 0.04310 -0.02406
v -0.00436 0.04310 -0.02321
v -0.00453 0.04310 -0.02214
v -0.00035 0.04310 -0.02259
v -0.00052 0.04310 -0.02152
v -0.00120 0.04310 -0.02067
v -0.00221 0.04310 -0.02028
v -0.00329 0.04310 -0.02045
v -0.00413 0.04310 -0.02113
v 0.02036 0.04310 0.00698
v 0.02144 0.04310 0.00715
v 0.01935 0.04310 0.00738
v 0.01867 0.04310 0.00822
v 0.01850 0.04310 0.00930
v 0.01890 0.04310 0.01031
v 0.01189 0.04310 0.01676
v 0.00427 0.04310 0.02237
v 0.00342 0.04310 0.02169
v -0.03030 0.04310 -0.00862
v -0.02658 0.04310 -0.00796
v -0.02382 0.04310 -0.00935
v -0.02343 0.04310 -0.00833
v -0.02258 0.04310 -0.00765
v -0.02151 0.04310 -0.00749
v -0.02049 0.04310 -0.00788
v -0.01981 0.04310 -0.00873
v -0.01965 0.04310 -0.00980
v -0.02004 0.04310 -0.01081
v -0.02089 0.04310 -0.01149
v 0.00235 0.04310 0.02152
v 0.00134 0.04310 0.02192
v 0.00066 0.04310 0.02276
v 0.00049 0.04310 0.02384
v -0.00136 0.04310 0.02646
v 0.00088 0.04310 0.02485
v 0.00173 0.04310 0.02553
v 0.00466 0.04310 0.02338
v 0.01974 0.04310 0.01099
v 0.02082 0.04310 0.01116
v 0.02183 0.04310 0.01076
v 0.02251 0.04310 0.00992
v 0.02539 0.04310 0.00686
v 0.02268 0.04310 0.00884
v 0.02229 0.04310 0.00783
v -0.01921 0.04410 -0.02622
v -0.01463 0.04410 -0.02902
v -0.00965 0.04410 -0.03103
v -0.00441 0.04410 -0.03220
v 0.00095 0.04410 -0.03249
v 0.00628 0.04410 -0.03189
v 0.01144 0.04410 -0.03042
v 0.01629 0.04410 -0.02812
v 0.02070 0.04410 -0.02506
v 0.02454 0.04410 -0.02131
v 0.02771 0.04410 -0.01698
v 0.03013 0.04410 -0.01218
v 0.03172 0.04410 -0.00706
v 0.03245 0.04410 -0.00174
v 0.03230 0.04410 0.00362
v 0.03126 0.04410 0.00889
v 0.02937 0.04410 0.01392
v 0.02668 0.04410 0.01856
v 0.02326 0.04410 0.02270
v 0.01921 0.04410 0.02622
v 0.01463 0.04410 0.02902
v 0.00965 0.04410 0.03103
v 0.00441 0.04410 0.03220
v -0.00094 0.04410 0.03249
v -0.00628 0.04410 0.03189
v -0.01144 0.04410 0.03042
v -0.01629 0.04410 0.02812
v -0.02070 0.04410 0.02506
v -0.02454 0.04410 0.02131
v -0.02771 0.04410 0.01698
v -0.03013 0.04410 0.01218
v -0.03172 0.04410 0.00706
v -0.03245 0.04410 0.00174
v -0.03230 0.04410 -0.00362
v -0.03126 0.04410 -0.00889
v -0.02937 0.04410 -0.01391
v -0.02668 0.04410 -0.01856
v -0.02326 0.04410 -0.02270
v 0.01921 0.05010 0.02622
v 0.01463 0.05010 0.02902
v 0.00965 0.05010 0.03103
v 0.00441 0.05010 0.03220
v -0.00094 0.05010 0.03249
v -0.00628 0.05010 0.03189
v -0.01144 0.05010 0.03042
v -0.01629 0.05010 0.02812
v -0.02070 0.05010 0.02506
v -0.02454 0.05010 0.02131
v -0.02771 0.05010 0.01698
v -0.03013 0.05010 0.01218
v -0.03172 0.05010 0.00706
v -0.03245 0.05010 0.00174
v -0.03230 0.05010 -0.00362
v -0.03126 0.05010 -0.00889
v -0.02937 0.05010 -0.01391
v -0.02668 0.05010 -0.01856
v -0.02326 0.05010 -0.02270
v -0.01921 0.05010 -0.02622
v -0.01463 0.05010 -0.02902
v -0.00965 0.05010 -0.03103
v -0.00441 0.05010 -0.03220
v 0.00095 0.05010 -0.03249
v 0.00628 0.05010 -0.03189
v 0.01144 0.05010 -0.03042
v 0.01629 0.05010 -0.02812
v 0.02070 0.05010 -0.02506
v 0.02454 0.05010 -0.02131
v 0.02771 0.05010 -0.01698
v 0.03013 0.05010 -0.01218
v 0.03172 0.05010 -0.00706
v 0.03245 0.05010 -0.00174
v 0.03230 0.05010 0.00362
v 0.03126 0.05010 0.00889
v 0.02937 0.05010 0.01392
v 0.02668 0.05010 0.01856
v 0.02326 0.05010 0.02270
v 0.01862 0.05110 0.02541
v 0.02255 0.05110 0.02200
v 0.02586 0.05110 0.01799
v 0.02847 0.05110 0.01349
v 0.03030 0.05110 0.00862
v 0.03130 0.05110 0.00351
v 0.03145 0.05110 -0.00169
v 0.03075 0.05110 -0.00684
v 0.02920 0.05110 -0.01181
v 0.02686 0.05110 -0.01645
v 0.02379 0.05110 -0.02065
v 0.02006 0.05110 -0.02428
v 0.01579 0.05110 -0.02726
v 0.01109 0.05110 -0.02948
v 0.00609 0.05110 -0.03091
v 0.00092 0.05110 -0.03149
v -0.00428 0.05110 -0.03121
v -0.00936 0.05110 -0.03008
v -0.01418 0.05110 -0.02813
v -0.01862 0.05110 -0.02541
v -0.02586 0.05110 -0.01799
v -0.02254 0.05110 -0.02200
v -0.03030 0.05110 -0.00862
v -0.02859 0.05110 -0.01322
v -0.02847 0.05110 -0.01349
v -0.03130 0.05110 -0.00351
v -0.03145 0.05110 0.00169
v -0.03075 0.05110 0.00684
v -0.02920 0.05110 0.01181
v -0.02686 0.05110 0.01646
v -0.02379 0.05110 0.02065
v -0.02006 0.05110 0.02429
v -0.01579 0.05110 0.02726
v -0.01109 0.05110 0.02948
v -0.00609 0.05110 0.03091
v -0.00092 0.05110 0.03149
v 0.00428 0.05110 0.03121
v 0.00936 0.05110 0.03008
v 0.01418 0.05110 0.02813
v 0.00466 0.05110 0.02338
v 0.00450 0.05110 0.02446
v 0.01283 0.05110 0.01803
v -0.00221 0.05110 -0.02028
v -0.00329 0.05110 -0.02045
v -0.01085 0.05110 -0.01428
v -0.00413 0.05110 -0.02113
v -0.00453 0.05110 -0.02214
v -0.00436 0.05110 -0.02321
v -0.00368 0.05110 -0.02406
v -0.00267 0.05110 -0.02445
v -0.00159 0.05110 -0.02429
v -0.00075 0.05110 -0.02361
v 0.00145 0.05110 -0.02328
v 0.00479 0.05110 -0.02573
v 0.01792 0.05110 -0.01573
v 0.01893 0.05110 -0.01612
v 0.00537 0.05110 -0.02494
v 0.00989 0.05110 -0.01877
v 0.01724 0.05110 -0.01488
v 0.02000 0.05110 -0.01596
v 0.01939 0.05110 -0.01195
v 0.01831 0.05110 -0.01211
v 0.02088 0.05110 -0.00377
v 0.01746 0.05110 -0.01279
v 0.01707 0.05110 -0.01381
v 0.02085 0.05110 -0.01528
v 0.02125 0.05110 -0.01426
v 0.02108 0.05110 -0.01319
v 0.02040 0.05110 -0.01234
v 0.02846 0.05110 0.00658
v 0.02540 0.05110 0.00239
v 0.02512 0.05110 0.00903
v -0.00181 0.05110 0.02875
v -0.00487 0.05110 0.02457
v -0.00939 0.05110 0.01841
v -0.02038 0.05110 0.00340
v -0.01939 0.05110 0.01160
v -0.01838 0.05110 0.01121
v -0.01606 0.05110 0.01307
v -0.01646 0.05110 0.01206
v -0.01730 0.05110 0.01138
v -0.01900 0.05110 0.01522
v -0.01792 0.05110 0.01539
v -0.01691 0.05110 0.01499
v -0.01623 0.05110 0.01414
v -0.02007 0.05110 0.01245
v -0.02024 0.05110 0.01353
v -0.01984 0.05110 0.01454
v -0.02548 0.05110 -0.00356
v -0.02289 0.05110 -0.00546
v -0.02366 0.05110 -0.01042
v -0.02298 0.05110 -0.01127
v -0.01965 0.05110 -0.00980
v -0.01981 0.05110 -0.00873
v -0.02049 0.05110 -0.00788
v -0.02151 0.05110 -0.00749
v -0.02196 0.05110 -0.01166
v -0.02089 0.05110 -0.01149
v -0.02004 0.05110 -0.01081
v -0.02258 0.05110 -0.00765
v -0.02343 0.05110 -0.00833
v -0.02382 0.05110 -0.00935
v -0.00035 0.05110 -0.02259
v -0.00052 0.05110 -0.02152
v 0.00203 0.05110 -0.02249
v 0.00049 0.05110 0.02384
v -0.00228 0.05110 0.02267
v 0.00088 0.05110 0.02485
v 0.00079 0.05110 0.02685
v 0.00173 0.05110 0.02553
v 0.00281 0.05110 0.02570
v 0.00066 0.05110 0.02276
v 0.00134 0.05110 0.02192
v 0.00976 0.05110 0.01385
v 0.00235 0.05110 0.02152
v 0.00342 0.05110 0.02169
v 0.00427 0.05110 0.02237
v 0.01754 0.05110 -0.00132
v 0.02205 0.05110 0.00485
v 0.00654 0.05110 -0.01632
v -0.00120 0.05110 -0.02067
v -0.01026 0.05110 -0.01348
v -0.02230 0.05110 -0.00466
v -0.01779 0.05110 0.00150
v -0.00679 0.05110 0.01651
v -0.02490 0.05110 -0.00276
v 0.00382 0.05110 0.02530
v 0.01850 0.05110 0.00930
v 0.01867 0.05110 0.00822
v 0.01935 0.05110 0.00738
v 0.02036 0.05110 0.00698
v 0.02144 0.05110 0.00715
v 0.02229 0.05110 0.00783
v 0.02268 0.05110 0.00884
v 0.02251 0.05110 0.00992
v 0.02183 0.05110 0.01076
v 0.02082 0.05110 0.01116
v 0.01974 0.05110 0.01099
v 0.01890 0.05110 0.01031
v 0.00006 0.03710 0.01023
v 0.00107 0.03710 0.00984
v 0.00215 0.03710 0.01001
v 0.00300 0.03710 0.01069
v 0.00339 0.03710 0.01170
v 0.00322 0.03710 0.01278
v 0.00254 0.03710 0.01362
v 0.00360 0.03710 0.00916
v 0.00201 0.03710 0.00840
v 0.00025 0.03710 0.00849
v -0.00083 0.03710 0.00903
v -0.00062 0.03710 0.01108
v -0.00166 0.03710 0.00989
v -0.00079 0.03710 0.01216
v -0.00228 0.03710 0.01154
v -0.00039 0.03710 0.01317
v -0.00203 0.03710 0.01328
v -0.00099 0.03710 0.01470
v 0.00046 0.03710 0.01385
v 0.00059 0.03710 0.01546
v 0.00153 0.03710 0.01402
v 0.00235 0.03710 0.01537
v 0.00343 0.03710 0.01483
v 0.00427 0.03710 0.01397
v 0.00488 0.03710 0.01232
v 0.00464 0.03710 0.01058
v 0.00974 0.03710 0.00314
v 0.01075 0.03710 0.00275
v 0.01183 0.03710 0.00292
v 0.01268 0.03710 0.00360
v 0.01307 0.03710 0.00461
v 0.01290 0.03710 0.00568
v 0.01222 0.03710 0.00653
v 0.00929 0.03710 0.00608
v 0.00869 0.03710 0.00761
v 0.01014 0.03710 0.00676
v 0.01027 0.03710 0.00837
v 0.01121 0.03710 0.00693
v 0.01203 0.03710 0.00828
v 0.01311 0.03710 0.00774
v 0.01395 0.03710 0.00688
v 0.01456 0.03710 0.00523
v 0.01432 0.03710 0.00348
v 0.01328 0.03710 0.00206
v 0.01169 0.03710 0.00131
v 0.00993 0.03710 0.00139
v 0.00885 0.03710 0.00193
v 0.00906 0.03710 0.00399
v 0.00802 0.03710 0.00280
v 0.00889 0.03710 0.00507
v 0.00740 0.03710 0.00445
v 0.00765 0.03710 0.00619
v 0.00844 0.03710 -0.00879
v 0.00945 0.03710 -0.00918
v 0.01053 0.03710 -0.00901
v 0.01137 0.03710 -0.00833
v 0.01177 0.03710 -0.00732
v 0.01160 0.03710 -0.00625
v 0.01092 0.03710 -0.00540
v 0.01198 0.03710 -0.00986
v 0.01039 0.03710 -0.01062
v 0.00863 0.03710 -0.01054
v 0.00755 0.03710 -0.01000
v 0.00776 0.03710 -0.00794
v 0.00671 0.03710 -0.00913
v 0.00759 0.03710 -0.00686
v 0.00610 0.03710 -0.00748
v 0.00799 0.03710 -0.00585
v 0.00634 0.03710 -0.00574
v 0.00738 0.03710 -0.00432
v 0.00883 0.03710 -0.00517
v 0.00897 0.03710 -0.00356
v 0.00991 0.03710 -0.00500
v 0.01073 0.03710 -0.00365
v 0.01181 0.03710 -0.00419
v 0.01265 0.03710 -0.00505
v 0.01326 0.03710 -0.00670
v 0.01302 0.03710 -0.00845
v -0.00254 0.03710 -0.01362
v -0.00153 0.03710 -0.01402
v -0.00045 0.03710 -0.01385
v 0.00039 0.03710 -0.01317
v 0.00079 0.03710 -0.01216
v 0.00062 0.03710 -0.01108
v -0.00006 0.03710 -0.01023
v 0.00099 0.03710 -0.01470
v -0.00059 0.03710 -0.01546
v -0.00235 0.03710 -0.01537
v -0.00343 0.03710 -0.01483
v -0.00322 0.03710 -0.01278
v -0.00427 0.03710 -0.01397
v -0.00339 0.03710 -0.01170
v -0.00488 0.03710 -0.01232
v -0.00300 0.03710 -0.01069
v -0.00464 0.03710 -0.01058
v -0.00360 0.03710 -0.00916
v -0.00215 0.03710 -0.01001
v -0.00201 0.03710 -0.00840
v -0.00107 0.03710 -0.00984
v -0.00025 0.03710 -0.00848
v 0.00083 0.03710 -0.00902
v 0.00167 0.03710 -0.00989
v 0.00228 0.03710 -0.01154
v 0.00203 0.03710 -0.01328
v -0.01222 0.03710 -0.00653
v -0.01121 0.03710 -0.00692
v -0.01013 0.03710 -0.00676
v -0.00929 0.03710 -0.00608
v -0.00889 0.03710 -0.00506
v -0.00906 0.03710 -0.00399
v -0.00974 0.03710 -0.00314
v -0.00869 0.03710 -0.00761
v -0.01027 0.03710 -0.00837
v -0.01203 0.03710 -0.00828
v -0.01311 0.03710 -0.00774
v -0.01290 0.03710 -0.00568
v -0.01395 0.03710 -0.00687
v -0.01307 0.03710 -0.00461
v -0.01456 0.03710 -0.00523
v -0.01268 0.03710 -0.00360
v -0.01432 0.03710 -0.00348
v -0.01328 0.03710 -0.00206
v -0.01183 0.03710 -0.00291
v -0.01169 0.03710 -0.00131
v -0.01075 0.03710 -0.00275
v -0.00993 0.03710 -0.00139
v -0.00885 0.03710 -0.00193
v -0.00801 0.03710 -0.00280
v -0.00740 0.03710 -0.00445
v -0.00765 0.03710 -0.00619
v -0.00591 0.04110 -0.00807
v -0.00687 0.04110 -0.00769
v -0.00790 0.04110 -0.00785
v -0.00870 0.04110 -0.00850
v -0.00908 0.04110 -0.00946
v -0.00892 0.04110 -0.01049
v -0.00827 0.04110 -0.01129
v -0.00731 0.04110 -0.01167
v -0.00629 0.04110 -0.01151
v -0.00548 0.04110 -0.01086
v -0.00510 0.04110 -0.00990
v -0.00526 0.04110 -0.00887
v 0.01311 0.04110 0.00031
v 0.01215 0.04110 0.00069
v 0.01112 0.04110 0.00053
v 0.01032 0.04110 -0.00012
v 0.00994 0.04110 -0.00108
v 0.01010 0.04110 -0.00211
v 0.01075 0.04110 -0.00291
v 0.01171 0.04110 -0.00329
v 0.01274 0.04110 -0.00313
v 0.01354 0.04110 -0.00248
v 0.01392 0.04110 -0.00152
v 0.01376 0.04110 -0.00050
v -0.00365 0.04110 0.01260
v -0.00462 0.04110 0.01297
v -0.00564 0.04110 0.01281
v -0.00645 0.04110 0.01216
v -0.00682 0.04110 0.01120
v -0.00667 0.04110 0.01018
v -0.00602 0.04110 0.00937
v -0.00505 0.04110 0.00899
v -0.00403 0.04110 0.00915
v -0.00322 0.04110 0.00980
v -0.00285 0.04110 0.01077
v -0.00301 0.04110 0.01179
f 1 2 3
f 3 2 4
f 5 6 7
f 7 6 8
f 7 8 9
f 9 8 10
f 9 10 11
f 11 10 12
f 11 12 13
f 13 12 14
f 13 14 15
f 15 14 16
f 15 16 17
f 17 16 18
f 17 18 19
f 19 18 20
f 19 20 21
f 21 20 22
f 21 22 23
f 23 22 24
f 23 24 25
f 25 24 26
f 25 26 27
f 27 26 28
f 27 28 29
f 29 28 30
f 29 30 31
f 31 30 32
f 31 32 33
f 33 32 34
f 33 34 35
f 35 34 36
f 35 36 37
f 37 36 38
f 37 38 39
f 39 38 40
f 39 40 41
f 41 40 42
f 41 42 43
f 43 42 44
f 43 44 45
f 45 44 46
f 45 46 47
f 47 46 48
f 47 48 49
f 49 48 50
f 49 50 51
f 51 50 52
f 51 52 53
f 53 52 54
f 53 54 55
f 55 54 56
f 55 56 57
f 57 56 58
f 57 58 59
f 58 60 59
f 59 60 61
f 59 61 62
f 63 64 65
f 65 64 66
f 65 66 67
f 67 66 68
f 67 68 69
f 69 68 70
f 69 70 71
f 71 70 72
f 71 72 73
f 73 72 74
f 73 74 75
f 75 74 76
f 75 76 77
f 77 76 78
f 77 78 79
f 79 78 80
f 79 80 81
f 81 80 82
f 81 82 83
f 83 82 84
f 83 84 85
f 85 84 86
f 85 86 87
f 87 86 88
f 87 88 89
f 89 88 90
f 89 90 91
f 1 3 92
f 92 3 93
f 92 93 94
f 94 93 95
f 94 95 96
f 96 95 97
f 96 97 98
f 98 97 99
f 98 99 100
f 100 99 101
f 100 101 102
f 102 101 103
f 102 103 104
f 104 103 105
f 104 105 106
f 106 105 107
f 106 107 108
f 108 107 109
f 108 109 110
f 110 109 111
f 110 111 112
f 112 111 113
f 112 113 114
f 114 113 115
f 114 115 91
f 91 115 116
f 91 116 89
f 64 117 66
f 66 117 118
f 66 118 68
f 68 118 119
f 68 119 70
f 70 119 120
f 70 120 72
f 72 120 121
f 72 121 74
f 74 121 122
f 74 122 76
f 76 122 123
f 76 123 78
f 78 123 124
f 78 124 80
f 80 124 125
f 80 125 82
f 82 125 126
f 82 126 84
f 84 126 127
f 84 127 86
f 86 127 128
f 86 128 88
f 88 128 129
f 88 129 90
f 90 129 130
f 90 130 91
f 91 130 131
f 91 131 114
f 114 131 132
f 114 132 112
f 112 132 133
f 112 133 110
f 110 133 134
f 110 134 108
f 108 134 135
f 108 135 106
f 106 135 136
f 106 136 104
f 104 136 137
f 104 137 102
f 102 137 138
f 102 138 100
f 100 138 139
f 100 139 98
f 98 139 140
f 98 140 96
f 96 140 141
f 96 141 94
f 94 141 142
f 94 142 92
f 92 142 143
f 92 143 1
f 1 143 144
f 1 144 2
f 2 144 145
f 117 146 118
f 118 146 147
f 118 147 119
f 119 147 148
f 119 148 120
f 120 148 149
f 120 149 121
f 121 149 150
f 121 150 122
f 122 150 151
f 122 151 123
f 123 151 152
f 123 152 124
f 124 152 153
f 124 153 125
f 125 153 154
f 125 154 126
f 126 154 155
f 126 155 127
f 127 155 156
f 127 156 128
f 128 156 157
f 128 157 129
f 129 157 158
f 129 158 130
f 130 158 159
f 130 159 131
f 131 159 160
f 131 160 132
f 132 160 161
f 132 161 133
f 133 161 162
f 133 162 134
f 134 162 163
f 134 163 135
f 135 163 164
f 135 164 136
f 136 164 165
f 136 165 137
f 137 165 166
f 137 166 138
f 138 166 167
f 138 167 139
f 139 167 168
f 139 168 140
f 140 168 169
f 140 169 141
f 141 169 170
f 141 170 142
f 142 170 171
f 142 171 143
f 143 171 172
f 143 172 144
f 144 172 173
f 144 173 145
f 145 173 174
f 146 61 147
f 147 61 60
f 147 60 148
f 148 60 58
f 148 58 149
f 149 58 56
f 149 56 150
f 150 56 54
f 150 54 151
f 151 54 52
f 151 52 152
f 152 52 50
f 152 50 153
f 153 50 48
f 153 48 154
f 154 48 46
f 154 46 155
f 155 46 44
f 155 44 156
f 156 44 42
f 156 42 157
f 157 42 40
f 157 40 158
f 158 40 38
f 158 38 159
f 159 38 36
f 159 36 160
f 160 36 34
f 160 34 161
f 161 34 32
f 161 32 162
f 162 32 30
f 162 30 163
f 163 30 28
f 163 28 164
f 164 28 26
f 164 26 165
f 165 26 24
f 165 24 166
f 166 24 22
f 166 22 167
f 167 22 20
f 167 20 168
f 168 20 18
f 168 18 169
f 169 18 16
f 169 16 170
f 170 16 14
f 170 14 171
f 171 14 12
f 171 12 172
f 172 12 10
f 172 10 173
f 173 10 8
f 173 8 174
f 174 8 6
f 175 176 177
f 178 175 179
f 180 178 181
f 89 116 180
f 180 182 89
f 89 182 183
f 89 183 87
f 87 183 184
f 87 184 85
f 85 184 185
f 85 185 83
f 83 185 186
f 83 186 81
f 81 186 187
f 81 187 79
f 79 187 188
f 79 188 77
f 77 188 189
f 77 189 75
f 75 189 190
f 75 190 73
f 73 190 191
f 73 191 71
f 71 191 192
f 71 192 69
f 69 192 193
f 69 193 67
f 67 193 194
f 67 194 65
f 65 194 195
f 65 195 63
f 63 195 196
f 63 196 197
f 197 196 198
f 197 198 199
f 199 198 200
f 199 200 201
f 201 200 202
f 201 202 203
f 203 202 204
f 203 204 205
f 205 204 206
f 205 206 207
f 207 206 208
f 207 208 209
f 209 208 210
f 209 210 211
f 211 210 212
f 211 212 213
f 213 212 214
f 213 214 215
f 215 214 216
f 215 216 217
f 217 216 218
f 217 218 219
f 219 218 220
f 219 220 221
f 221 220 222
f 221 222 223
f 224 225 226
f 226 227 224
f 224 227 228
f 224 228 229
f 229 228 230
f 229 230 231
f 231 230 232
f 231 232 233
f 233 232 234
f 233 234 235
f 235 234 236
f 235 236 237
f 237 236 238
f 237 238 239
f 239 238 240
f 239 240 241
f 241 240 242
f 241 242 243
f 243 242 244
f 243 244 245
f 245 244 246
f 245 246 247
f 247 246 248
f 247 248 249
f 249 248 250
f 249 250 251
f 251 250 252
f 251 252 62
f 62 252 253
f 62 253 59
f 59 253 254
f 59 254 57
f 57 254 255
f 57 255 55
f 55 255 256
f 55 256 53
f 53 256 257
f 53 257 51
f 51 257 258
f 51 258 49
f 49 258 259
f 49 259 47
f 47 259 260
f 47 260 45
f 45 260 261
f 45 261 43
f 43 261 262
f 43 262 41
f 41 262 263
f 41 263 39
f 39 263 264
f 39 264 37
f 37 264 177
f 37 177 35
f 35 177 176
f 35 176 33
f 180 181 182
f 182 181 265
f 182 265 183
f 183 265 266
f 183 266 184
f 184 266 267
f 184 267 185
f 185 267 268
f 185 268 186
f 186 268 269
f 186 269 187
f 187 269 270
f 187 270 188
f 188 270 271
f 188 271 189
f 189 271 272
f 189 272 190
f 190 272 273
f 190 273 191
f 191 273 274
f 191 274 192
f 192 274 275
f 192 275 193
f 193 275 276
f 193 276 194
f 194 276 277
f 194 277 195
f 195 277 278
f 195 278 196
f 196 278 279
f 196 279 198
f 198 279 280
f 198 280 200
f 200 280 281
f 200 281 202
f 202 281 282
f 202 282 204
f 204 282 283
f 204 283 206
f 206 283 284
f 206 284 208
f 208 284 285
f 208 285 210
f 210 285 286
f 210 286 212
f 212 286 287
f 212 287 214
f 214 287 288
f 214 288 216
f 216 288 289
f 216 289 218
f 218 289 290
f 218 290 220
f 220 290 291
f 220 291 222
f 178 179 181
f 181 179 292
f 181 292 265
f 265 292 293
f 265 293 266
f 266 293 294
f 266 294 267
f 267 294 295
f 267 295 268
f 268 295 296
f 268 296 269
f 269 296 297
f 269 297 270
f 270 297 298
f 270 298 271
f 271 298 299
f 271 299 272
f 272 299 300
f 272 300 273
f 273 300 301
f 273 301 274
f 274 301 302
f 274 302 275
f 275 302 303
f 275 303 276
f 276 303 304
f 276 304 277
f 277 304 305
f 277 305 278
f 278 305 306
f 278 306 279
f 279 306 307
f 279 307 280
f 280 307 308
f 280 308 281
f 281 308 309
f 281 309 282
f 282 309 310
f 282 310 283
f 283 310 311
f 283 311 284
f 284 311 312
f 284 312 285
f 285 312 313
f 285 313 286
f 286 313 314
f 286 314 287
f 287 314 315
f 287 315 288
f 288 315 316
f 288 316 289
f 289 316 317
f 289 317 290
f 290 317 318
f 290 318 291
f 175 177 179
f 179 177 264
f 179 264 292
f 292 264 263
f 292 263 293
f 293 263 262
f 293 262 294
f 294 262 261
f 294 261 295
f 295 261 260
f 295 260 296
f 296 260 259
f 296 259 297
f 297 259 258
f 297 258 298
f 298 258 257
f 298 257 299
f 299 257 256
f 299 256 300
f 300 256 255
f 300 255 301
f 301 255 254
f 301 254 302
f 302 254 253
f 302 253 303
f 303 253 252
f 303 252 304
f 304 252 250
f 304 250 305
f 305 250 248
f 305 248 306
f 306 248 246
f 306 246 307
f 307 246 244
f 307 244 308
f 308 244 242
f 308 242 309
f 309 242 240
f 309 240 310
f 310 240 238
f 310 238 311
f 311 238 236
f 311 236 312
f 312 236 234
f 312 234 313
f 313 234 232
f 313 232 314
f 314 232 230
f 314 230 315
f 315 230 228
f 315 228 316
f 316 228 227
f 316 227 317
f 317 227 226
f 317 226 318
f 6 5 319
f 319 5 320
f 319 320 321
f 321 320 322
f 321 322 323
f 323 322 324
f 323 324 325
f 325 324 326
f 325 326 327
f 327 326 328
f 327 328 329
f 329 328 330
f 329 330 331
f 331 330 332
f 331 332 333
f 333 332 334
f 333 334 335
f 335 334 336
f 335 336 337
f 337 336 338
f 337 338 339
f 339 338 340
f 339 340 341
f 341 340 342
f 341 342 343
f 343 342 344
f 343 344 345
f 345 344 225
f 345 225 346
f 346 225 224
f 346 224 347
f 347 224 229
f 347 229 348
f 348 229 231
f 348 231 349
f 349 231 233
f 349 233 350
f 350 233 235
f 350 235 351
f 351 235 237
f 351 237 352
f 352 237 239
f 352 239 353
f 353 239 241
f 353 241 354
f 354 241 243
f 354 243 355
f 355 243 245
f 355 245 356
f 356 245 247
f 356 247 357
f 357 247 249
f 357 249 358
f 358 249 251
f 358 251 61
f 61 251 62
f 4 2 359
f 359 2 360
f 359 360 361
f 361 360 362
f 361 362 363
f 363 362 364
f 363 364 365
f 365 364 366
f 365 366 367
f 367 366 368
f 367 368 369
f 369 368 370
f 369 370 371
f 371 370 372
f 371 372 373
f 373 372 374
f 373 374 375
f 375 374 376
f 375 376 377
f 377 376 378
f 377 378 379
f 379 378 380
f 379 380 381
f 381 380 382
f 381 382 383
f 383 382 384
f 383 384 223
f 223 384 385
f 223 385 221
f 221 385 386
f 221 386 219
f 219 386 387
f 219 387 217
f 217 387 388
f 217 388 215
f 215 388 389
f 215 389 213
f 213 389 390
f 213 390 211
f 211 390 391
f 211 391 209
f 209 391 392
f 209 392 207
f 207 392 393
f 207 393 205
f 205 393 394
f 205 394 203
f 203 394 395
f 203 395 201
f 201 395 396
f 201 396 199
f 199 396 397
f 199 397 197
f 197 397 398
f 197 398 63
f 63 398 64
f 2 145 360
f 360 145 399
f 360 399 362
f 362 399 400
f 362 400 364
f 364 400 401
f 364 401 366
f 366 401 402
f 366 402 368
f 368 402 403
f 368 403 370
f 370 403 404
f 370 404 372
f 372 404 405
f 372 405 374
f 374 405 406
f 374 406 376
f 376 406 407
f 376 407 378
f 378 407 408
f 378 408 380
f 380 408 409
f 380 409 382
f 382 409 410
f 382 410 384
f 384 410 411
f 384 411 385
f 385 411 412
f 385 412 386
f 386 412 413
f 386 413 387
f 387 413 414
f 387 414 388
f 388 414 415
f 388 415 389
f 389 415 416
f 389 416 390
f 390 416 417
f 390 417 391
f 391 417 418
f 391 418 392
f 392 418 419
f 392 419 393
f 393 419 420
f 393 420 394
f 394 420 421
f 394 421 395
f 395 421 422
f 395 422 396
f 396 422 423
f 396 423 397
f 397 423 424
f 397 424 398
f 398 424 425
f 398 425 64
f 64 425 117
f 145 174 399
f 399 174 426
f 399 426 400
f 400 426 427
f 400 427 401
f 401 427 428
f 401 428 402
f 402 428 429
f 402 429 403
f 403 429 430
f 403 430 404
f 404 430 431
f 404 431 405
f 405 431 432
f 405 432 406
f 406 432 433
f 406 433 407
f 407 433 434
f 407 434 408
f 408 434 435
f 408 435 409
f 409 435 436
f 409 436 410
f 410 436 437
f 410 437 411
f 411 437 438
f 411 438 412
f 412 438 439
f 412 439 413
f 413 439 440
f 413 440 414
f 414 440 441
f 414 441 415
f 415 441 442
f 415 442 416
f 416 442 443
f 416 443 417
f 417 443 444
f 417 444 418
f 418 444 445
f 418 445 419
f 419 445 446
f 419 446 420
f 420 446 447
f 420 447 421
f 421 447 448
f 421 448 422
f 422 448 449
f 422 449 423
f 423 449 450
f 423 450 424
f 424 450 451
f 424 451 425
f 425 451 452
f 425 452 117
f 117 452 146
f 174 6 426
f 426 6 319
f 426 319 427
f 427 319 321
f 427 321 428
f 428 321 323
f 428 323 429
f 429 323 325
f 429 325 430
f 430 325 327
f 430 327 431
f 431 327 329
f 431 329 432
f 432 329 331
f 432 331 433
f 433 331 333
f 433 333 434
f 434 333 335
f 434 335 435
f 435 335 337
f 435 337 436
f 436 337 339
f 436 339 437
f 437 339 341
f 437 341 438
f 438 341 343
f 438 343 439
f 439 343 345
f 439 345 440
f 440 345 346
f 440 346 441
f 441 346 347
f 441 347 442
f 442 347 348
f 442 348 443
f 443 348 349
f 443 349 444
f 444 349 350
f 444 350 445
f 445 350 351
f 445 351 446
f 446 351 352
f 446 352 447
f 447 352 353
f 447 353 448
f 448 353 354
f 448 354 449
f 449 354 355
f 449 355 450
f 450 355 356
f 450 356 451
f 451 356 357
f 451 357 452
f 452 357 358
f 452 358 146
f 146 358 61
f 223 222 453
f 223 453 383
f 383 453 454
f 383 454 381
f 381 454 455
f 381 455 379
f 379 455 456
f 379 456 377
f 377 456 457
f 377 457 375
f 375 457 458
f 375 458 373
f 373 458 459
f 373 459 371
f 371 459 460
f 371 460 369
f 369 460 461
f 369 461 367
f 367 461 462
f 367 462 365
f 365 462 463
f 365 463 363
f 363 463 464
f 363 464 361
f 361 464 465
f 361 465 359
f 359 465 466
f 359 466 4
f 4 466 467
f 4 467 3
f 3 467 468
f 3 468 93
f 93 468 469
f 93 469 95
f 95 469 470
f 95 470 97
f 97 470 471
f 97 471 99
f 99 471 472
f 99 472 101
f 101 472 473
f 101 473 103
f 103 473 474
f 103 474 105
f 105 474 475
f 105 475 107
f 107 475 476
f 107 476 109
f 109 476 477
f 109 477 111
f 111 477 478
f 111 478 113
f 113 478 479
f 113 479 115
f 115 479 180
f 115 180 116
f 31 33 176
f 176 480 31
f 31 480 481
f 31 481 29
f 29 481 482
f 29 482 27
f 27 482 483
f 27 483 25
f 25 483 484
f 25 484 23
f 23 484 485
f 23 485 21
f 21 485 486
f 21 486 19
f 19 486 487
f 19 487 17
f 17 487 488
f 17 488 15
f 15 488 489
f 15 489 13
f 13 489 490
f 13 490 11
f 11 490 491
f 11 491 9
f 9 491 492
f 9 492 7
f 7 492 493
f 7 493 5
f 5 493 494
f 5 494 320
f 320 494 495
f 320 495 322
f 322 495 496
f 322 496 324
f 324 496 497
f 324 497 326
f 326 497 498
f 326 498 328
f 328 498 499
f 328 499 330
f 330 499 500
f 330 500 332
f 332 500 501
f 332 501 334
f 334 501 502
f 334 502 336
f 336 502 503
f 336 503 338
f 338 503 504
f 338 504 340
f 340 504 505
f 340 505 342
f 342 505 506
f 342 506 344
f 225 344 226
f 226 344 506
f 226 506 318
f 291 318 507
f 222 291 508
f 222 508 453
f 453 508 509
f 453 509 454
f 454 509 510
f 454 510 455
f 455 510 511
f 455 511 456
f 456 511 512
f 456 512 457
f 457 512 513
f 457 513 458
f 458 513 514
f 458 514 459
f 459 514 515
f 459 515 460
f 460 515 516
f 460 516 461
f 461 516 517
f 461 517 462
f 462 517 518
f 462 518 463
f 463 518 519
f 463 519 464
f 464 519 520
f 464 520 465
f 465 520 521
f 465 521 466
f 466 521 522
f 466 522 467
f 467 522 523
f 467 523 468
f 468 523 524
f 468 524 469
f 469 524 525
f 469 525 470
f 470 525 526
f 470 526 471
f 471 526 527
f 471 527 472
f 472 527 528
f 472 528 473
f 473 528 529
f 473 529 474
f 474 529 530
f 474 530 475
f 475 530 531
f 475 531 476
f 476 531 532
f 476 532 477
f 477 532 533
f 477 533 478
f 478 533 534
f 478 534 479
f 479 534 178
f 479 178 180
f 291 507 508
f 508 507 535
f 508 535 509
f 509 535 536
f 509 536 510
f 510 536 537
f 510 537 511
f 511 537 538
f 511 538 512
f 512 538 539
f 512 539 513
f 513 539 540
f 513 540 514
f 514 540 541
f 514 541 515
f 515 541 542
f 515 542 516
f 516 542 543
f 516 543 517
f 517 543 544
f 517 544 518
f 518 544 545
f 518 545 519
f 519 545 546
f 519 546 520
f 520 546 547
f 520 547 521
f 521 547 548
f 521 548 522
f 522 548 549
f 522 549 523
f 523 549 550
f 523 550 524
f 524 550 551
f 524 551 525
f 525 551 552
f 525 552 526
f 526 552 553
f 526 553 527
f 527 553 554
f 527 554 528
f 528 554 555
f 528 555 529
f 529 555 556
f 529 556 530
f 530 556 557
f 530 557 531
f 531 557 558
f 531 558 532
f 532 558 559
f 532 559 533
f 533 559 560
f 533 560 534
f 534 560 175
f 534 175 178
f 318 506 507
f 507 506 505
f 507 505 535
f 535 505 504
f 535 504 536
f 536 504 503
f 536 503 537
f 537 503 502
f 537 502 538
f 538 502 501
f 538 501 539
f 539 501 500
f 539 500 540
f 540 500 499
f 540 499 541
f 541 499 498
f 541 498 542
f 542 498 497
f 542 497 543
f 543 497 496
f 543 496 544
f 544 496 495
f 544 495 545
f 545 495 494
f 545 494 546
f 546 494 493
f 546 493 547
f 547 493 492
f 547 492 548
f 548 492 491
f 548 491 549
f 549 491 490
f 549 490 550
f 550 490 489
f 550 489 551
f 551 489 488
f 551 488 552
f 552 488 487
f 552 487 553
f 553 487 486
f 553 486 554
f 554 486 485
f 554 485 555
f 555 485 484
f 555 484 556
f 556 484 483
f 556 483 557
f 557 483 482
f 557 482 558
f 558 482 481
f 558 481 559
f 559 481 480
f 559 480 560
f 560 480 176
f 560 176 175
f 561 562 563
f 563 562 564
f 563 564 565
f 565 564 566
f 565 566 567
f 567 566 568
f 567 568 569
f 569 568 570
f 569 570 571
f 571 570 572
f 571 572 573
f 573 572 574
f 573 574 575
f 575 574 576
f 575 576 577
f 577 576 578
f 577 578 579
f 579 578 580
f 579 580 581
f 581 580 582
f 581 582 583
f 583 582 584
f 583 584 585
f 585 584 586
f 585 586 587
f 587 586 588
f 587 588 589
f 589 588 590
f 589 590 591
f 591 590 592
f 591 592 593
f 593 592 594
f 593 594 595
f 595 594 596
f 595 596 597
f 597 596 598
f 597 598 599
f 599 598 600
f 599 600 601
f 601 600 602
f 601 602 603
f 603 602 604
f 603 604 605
f 605 604 606
f 605 606 607
f 607 606 608
f 607 608 609
f 609 608 610
f 609 610 611
f 611 610 612
f 611 612 613
f 613 612 614
f 613 614 615
f 615 614 616
f 615 616 617
f 617 616 618
f 619 620 621
f 621 620 622
f 621 622 623
f 623 622 624
f 623 624 625
f 625 624 626
f 625 626 627
f 627 626 628
f 627 628 629
f 629 628 630
f 629 630 631
f 631 630 632
f 631 632 633
f 633 632 634
f 633 634 635
f 635 634 636
f 635 636 637
f 637 636 638
f 637 638 639
f 639 638 640
f 639 640 641
f 641 640 642
f 641 642 643
f 643 642 644
f 643 644 645
f 645 644 646
f 645 646 647
f 647 646 648
f 647 648 649
f 649 648 650
f 649 650 651
f 651 650 652
f 651 652 653
f 653 652 654
f 653 654 655
f 655 654 656
f 655 656 657
f 657 656 658
f 657 658 659
f 659 658 660
f 659 660 661
f 661 660 662
f 661 662 663
f 663 662 664
f 663 664 665
f 665 664 666
f 665 666 667
f 667 666 668
f 667 668 669
f 669 668 670
f 669 670 671
f 671 670 672
f 671 672 673
f 673 672 674
f 673 674 675
f 675 674 676
f 620 677 622
f 622 677 678
f 622 678 624
f 624 678 679
f 624 679 626
f 626 679 680
f 626 680 628
f 628 680 681
f 628 681 630
f 630 681 682
f 630 682 632
f 632 682 683
f 632 683 634
f 634 683 684
f 634 684 636
f 636 684 685
f 636 685 638
f 638 685 686
f 638 686 640
f 640 686 687
f 640 687 642
f 642 687 688
f 642 688 644
f 644 688 689
f 644 689 646
f 646 689 690
f 646 690 648
f 648 690 691
f 648 691 650
f 650 691 692
f 650 692 652
f 652 692 693
f 652 693 654
f 654 693 694
f 654 694 656
f 656 694 695
f 656 695 658
f 658 695 696
f 658 696 660
f 660 696 697
f 660 697 662
f 662 697 698
f 662 698 664
f 664 698 699
f 664 699 666
f 666 699 700
f 666 700 668
f 668 700 701
f 668 701 670
f 670 701 702
f 670 702 672
f 672 702 703
f 672 703 674
f 674 703 704
f 674 704 676
f 676 704 705
f 677 706 678
f 678 706 707
f 678 707 679
f 679 707 708
f 679 708 680
f 680 708 709
f 680 709 681
f 681 709 710
f 681 710 682
f 682 710 711
f 682 711 683
f 683 711 712
f 683 712 684
f 684 712 713
f 684 713 685
f 685 713 714
f 685 714 686
f 686 714 715
f 686 715 687
f 687 715 716
f 687 716 688
f 688 716 717
f 688 717 689
f 689 717 718
f 689 718 690
f 690 718 719
f 690 719 691
f 691 719 720
f 691 720 692
f 692 720 721
f 692 721 693
f 693 721 722
f 693 722 694
f 694 722 723
f 694 723 695
f 695 723 724
f 695 724 696
f 696 724 725
f 696 725 697
f 697 725 726
f 697 726 698
f 698 726 727
f 698 727 699
f 699 727 728
f 699 728 700
f 700 728 729
f 700 729 701
f 701 729 730
f 701 730 702
f 702 730 731
f 702 731 703
f 703 731 732
f 703 732 704
f 704 732 733
f 704 733 705
f 705 733 734
f 706 561 707
f 707 561 563
f 707 563 708
f 708 563 565
f 708 565 709
f 709 565 567
f 709 567 710
f 710 567 569
f 710 569 711
f 711 569 571
f 711 571 712
f 712 571 573
f 712 573 713
f 713 573 575
f 713 575 714
f 714 575 577
f 714 577 715
f 715 577 579
f 715 579 716
f 716 579 581
f 716 581 717
f 717 581 583
f 717 583 718
f 718 583 585
f 718 585 719
f 719 585 587
f 719 587 720
f 720 587 589
f 720 589 721
f 721 589 591
f 721 591 722
f 722 591 593
f 722 593 723
f 723 593 595
f 723 595 724
f 724 595 597
f 724 597 725
f 725 597 599
f 725 599 726
f 726 599 601
f 726 601 727
f 727 601 603
f 727 603 728
f 728 603 605
f 728 605 729
f 729 605 607
f 729 607 730
f 730 607 609
f 730 609 731
f 731 609 611
f 731 611 732
f 732 611 613
f 732 613 733
f 733 613 615
f 733 615 734
f 734 615 617
f 735 736 737
f 738 735 739
f 740 738 741
f 592 590 740
f 740 742 592
f 592 742 743
f 592 743 594
f 594 743 744
f 594 744 596
f 596 744 745
f 596 745 598
f 598 745 746
f 598 746 600
f 600 746 747
f 600 747 602
f 602 747 748
f 602 748 604
f 604 748 749
f 604 749 606
f 606 749 750
f 606 750 608
f 608 750 751
f 608 751 610
f 610 751 752
f 610 752 612
f 612 752 753
f 612 753 614
f 614 753 754
f 614 754 616
f 616 754 755
f 616 755 618
f 618 755 756
f 618 756 757
f 757 756 758
f 757 758 759
f 759 758 760
f 759 760 761
f 761 760 762
f 761 762 763
f 763 762 764
f 763 764 765
f 765 764 766
f 765 766 767
f 767 766 768
f 767 768 769
f 769 768 770
f 769 770 771
f 771 770 772
f 771 772 773
f 773 772 774
f 773 774 775
f 775 774 776
f 775 776 777
f 777 776 778
f 777 778 779
f 779 778 780
f 779 780 781
f 781 780 782
f 781 782 783
f 784 785 786
f 786 787 784
f 784 787 788
f 784 788 789
f 789 788 790
f 789 790 791
f 791 790 792
f 791 792 793
f 793 792 794
f 793 794 795
f 795 794 796
f 795 796 797
f 797 796 798
f 797 798 799
f 799 798 800
f 799 800 801
f 801 800 802
f 801 802 803
f 803 802 804
f 803 804 805
f 805 804 806
f 805 806 807
f 807 806 808
f 807 808 809
f 809 808 810
f 809 810 811
f 811 810 812
f 811 812 675
f 675 812 813
f 675 813 673
f 673 813 814
f 673 814 671
f 671 814 815
f 671 815 669
f 669 815 816
f 669 816 667
f 667 816 817
f 667 817 665
f 665 817 818
f 665 818 663
f 663 818 819
f 663 819 661
f 661 819 820
f 661 820 659
f 659 820 821
f 659 821 657
f 657 821 822
f 657 822 655
f 655 822 823
f 655 823 653
f 653 823 824
f 653 824 651
f 651 824 737
f 651 737 649
f 649 737 736
f 649 736 647
f 740 741 742
f 742 741 825
f 742 825 743
f 743 825 826
f 743 826 744
f 744 826 827
f 744 827 745
f 745 827 828
f 745 828 746
f 746 828 829
f 746 829 747
f 747 829 830
f 747 830 748
f 748 830 831
f 748 831 749
f 749 831 832
f 749 832 750
f 750 832 833
f 750 833 751
f 751 833 834
f 751 834 752
f 752 834 835
f 752 835 753
f 753 835 836
f 753 836 754
f 754 836 837
f 754 837 755
f 755 837 838
f 755 838 756
f 756 838 839
f 756 839 758
f 758 839 840
f 758 840 760
f 760 840 841
f 760 841 762
f 762 841 842
f 762 842 764
f 764 842 843
f 764 843 766
f 766 843 844
f 766 844 768
f 768 844 845
f 768 845 770
f 770 845 846
f 770 846 772
f 772 846 847
f 772 847 774
f 774 847 848
f 774 848 776
f 776 848 849
f 776 849 778
f 778 849 850
f 778 850 780
f 780 850 851
f 780 851 782
f 738 739 741
f 741 739 852
f 741 852 825
f 825 852 853
f 825 853 826
f 826 853 854
f 826 854 827
f 827 854 855
f 827 855 828
f 828 855 856
f 828 856 829
f 829 856 857
f 829 857 830
f 830 857 858
f 830 858 831
f 831 858 859
f 831 859 832
f 832 859 860
f 832 860 833
f 833 860 861
f 833 861 834
f 834 861 862
f 834 862 835
f 835 862 863
f 835 863 836
f 836 863 864
f 836 864 837
f 837 864 865
f 837 865 838
f 838 865 866
f 838 866 839
f 839 866 867
f 839 867 840
f 840 867 868
f 840 868 841
f 841 868 869
f 841 869 842
f 842 869 870
f 842 870 843
f 843 870 871
f 843 871 844
f 844 871 872
f 844 872 845
f 845 872 873
f 845 873 846
f 846 873 874
f 846 874 847
f 847 874 875
f 847 875 848
f 848 875 876
f 848 876 849
f 849 876 877
f 849 877 850
f 850 877 878
f 850 878 851
f 735 737 739
f 739 737 824
f 739 824 852
f 852 824 823
f 852 823 853
f 853 823 822
f 853 822 854
f 854 822 821
f 854 821 855
f 855 821 820
f 855 820 856
f 856 820 819
f 856 819 857
f 857 819 818
f 857 818 858
f 858 818 817
f 858 817 859
f 859 817 816
f 859 816 860
f 860 816 815
f 860 815 861
f 861 815 814
f 861 814 862
f 862 814 813
f 862 813 863
f 863 813 812
f 863 812 864
f 864 812 810
f 864 810 865
f 865 810 808
f 865 808 866
f 866 808 806
f 866 806 867
f 867 806 804
f 867 804 868
f 868 804 802
f 868 802 869
f 869 802 800
f 869 800 870
f 870 800 798
f 870 798 871
f 871 798 796
f 871 796 872
f 872 796 794
f 872 794 873
f 873 794 792
f 873 792 874
f 874 792 790
f 874 790 875
f 875 790 788
f 875 788 876
f 876 788 787
f 876 787 877
f 877 787 786
f 877 786 878
f 783 782 879
f 783 879 880
f 880 879 881
f 880 881 882
f 882 881 883
f 882 883 884
f 884 883 885
f 884 885 886
f 886 885 887
f 886 887 888
f 888 887 889
f 888 889 890
f 890 889 891
f 890 891 892
f 892 891 893
f 892 893 894
f 894 893 895
f 894 895 896
f 896 895 897
f 896 897 898
f 898 897 899
f 898 899 900
f 900 899 901
f 900 901 902
f 902 901 903
f 902 903 904
f 904 903 905
f 904 905 562
f 562 905 906
f 562 906 564
f 564 906 907
f 564 907 566
f 566 907 908
f 566 908 568
f 568 908 909
f 568 909 570
f 570 909 910
f 570 910 572
f 572 910 911
f 572 911 574
f 574 911 912
f 574 912 576
f 576 912 913
f 576 913 578
f 578 913 914
f 578 914 580
f 580 914 915
f 580 915 582
f 582 915 916
f 582 916 584
f 584 916 917
f 584 917 586
f 586 917 918
f 586 918 588
f 588 918 740
f 588 740 590
f 645 647 736
f 736 919 645
f 645 919 920
f 645 920 643
f 643 920 921
f 643 921 641
f 641 921 922
f 641 922 639
f 639 922 923
f 639 923 637
f 637 923 924
f 637 924 635
f 635 924 925
f 635 925 633
f 633 925 926
f 633 926 631
f 631 926 927
f 631 927 629
f 629 927 928
f 629 928 627
f 627 928 929
f 627 929 625
f 625 929 930
f 625 930 623
f 623 930 931
f 623 931 621
f 621 931 932
f 621 932 619
f 619 932 933
f 619 933 934
f 934 933 935
f 934 935 936
f 936 935 937
f 936 937 938
f 938 937 939
f 938 939 940
f 940 939 941
f 940 941 942
f 942 941 943
f 942 943 944
f 944 943 945
f 944 945 946
f 946 945 947
f 946 947 948
f 948 947 949
f 948 949 950
f 950 949 951
f 950 951 952
f 952 951 953
f 952 953 954
f 954 953 955
f 954 955 956
f 956 955 957
f 956 957 958
f 785 958 786
f 786 958 957
f 786 957 878
f 851 878 959
f 782 851 960
f 782 960 879
f 879 960 961
f 879 961 881
f 881 961 962
f 881 962 883
f 883 962 963
f 883 963 885
f 885 963 964
f 885 964 887
f 887 964 965
f 887 965 889
f 889 965 966
f 889 966 891
f 891 966 967
f 891 967 893
f 893 967 968
f 893 968 895
f 895 968 969
f 895 969 897
f 897 969 970
f 897 970 899
f 899 970 971
f 899 971 901
f 901 971 972
f 901 972 903
f 903 972 973
f 903 973 905
f 905 973 974
f 905 974 906
f 906 974 975
f 906 975 907
f 907 975 976
f 907 976 908
f 908 976 977
f 908 977 909
f 909 977 978
f 909 978 910
f 910 978 979
f 910 979 911
f 911 979 980
f 911 980 912
f 912 980 981
f 912 981 913
f 913 981 982
f 913 982 914
f 914 982 983
f 914 983 915
f 915 983 984
f 915 984 916
f 916 984 985
f 916 985 917
f 917 985 986
f 917 986 918
f 918 986 738
f 918 738 740
f 851 959 960
f 960 959 987
f 960 987 961
f 961 987 988
f 961 988 962
f 962 988 989
f 962 989 963
f 963 989 990
f 963 990 964
f 964 990 991
f 964 991 965
f 965 991 992
f 965 992 966
f 966 992 993
f 966 993 967
f 967 993 994
f 967 994 968
f 968 994 995
f 968 995 969
f 969 995 996
f 969 996 970
f 970 996 997
f 970 997 971
f 971 997 998
f 971 998 972
f 972 998 999
f 972 999 973
f 973 999 1000
f 973 1000 974
f 974 1000 1001
f 974 1001 975
f 975 1001 1002
f 975 1002 976
f 976 1002 1003
f 976 1003 977
f 977 1003 1004
f 977 1004 978
f 978 1004 1005
f 978 1005 979
f 979 1005 1006
f 979 1006 980
f 980 1006 1007
f 980 1007 981
f 981 1007 1008
f 981 1008 982
f 982 1008 1009
f 982 1009 983
f 983 1009 1010
f 983 1010 984
f 984 1010 1011
f 984 1011 985
f 985 1011 1012
f 985 1012 986
f 986 1012 735
f 986 735 738
f 878 957 959
f 959 957 955
f 959 955 987
f 987 955 953
f 987 953 988
f 988 953 951
f 988 951 989
f 989 951 949
f 989 949 990
f 990 949 947
f 990 947 991
f 991 947 945
f 991 945 992
f 992 945 943
f 992 943 993
f 993 943 941
f 993 941 994
f 994 941 939
f 994 939 995
f 995 939 937
f 995 937 996
f 996 937 935
f 996 935 997
f 997 935 933
f 997 933 998
f 998 933 932
f 998 932 999
f 999 932 931
f 999 931 1000
f 1000 931 930
f 1000 930 1001
f 1001 930 929
f 1001 929 1002
f 1002 929 928
f 1002 928 1003
f 1003 928 927
f 1003 927 1004
f 1004 927 926
f 1004 926 1005
f 1005 926 925
f 1005 925 1006
f 1006 925 924
f 1006 924 1007
f 1007 924 923
f 1007 923 1008
f 1008 923 922
f 1008 922 1009
f 1009 922 921
f 1009 921 1010
f 1010 921 920
f 1010 920 1011
f 1011 920 919
f 1011 919 1012
f 1012 919 736
f 1012 736 735
f 617 618 1013
f 1013 618 757
f 1013 757 1014
f 1014 757 759
f 1014 759 1015
f 1015 759 761
f 1015 761 1016
f 1016 761 763
f 1016 763 1017
f 1017 763 765
f 1017 765 1018
f 1018 765 767
f 1018 767 1019
f 1019 767 769
f 1019 769 1020
f 1020 769 771
f 1020 771 1021
f 1021 771 773
f 1021 773 1022
f 1022 773 775
f 1022 775 1023
f 1023 775 777
f 1023 777 1024
f 1024 777 779
f 1024 779 1025
f 1025 779 781
f 1025 781 1026
f 1026 781 783
f 1026 783 1027
f 1027 783 880
f 1027 880 1028
f 1028 880 882
f 1028 882 1029
f 1029 882 884
f 1029 884 1030
f 1030 884 886
f 1030 886 1031
f 1031 886 888
f 1031 888 1032
f 1032 888 890
f 1032 890 1033
f 1033 890 892
f 1033 892 1034
f 1034 892 894
f 1034 894 1035
f 1035 894 896
f 1035 896 1036
f 1036 896 898
f 1036 898 1037
f 1037 898 900
f 1037 900 1038
f 1038 900 902
f 1038 902 1039
f 1039 902 904
f 1039 904 561
f 561 904 562
f 675 676 811
f 811 676 1040
f 811 1040 809
f 809 1040 1041
f 809 1041 807
f 807 1041 1042
f 807 1042 805
f 805 1042 1043
f 805 1043 803
f 803 1043 1044
f 803 1044 801
f 801 1044 1045
f 801 1045 799
f 799 1045 1046
f 799 1046 797
f 797 1046 1047
f 797 1047 795
f 795 1047 1048
f 795 1048 793
f 793 1048 1049
f 793 1049 791
f 791 1049 1050
f 791 1050 789
f 789 1050 1051
f 789 1051 784
f 784 1051 1052
f 784 1052 785
f 785 1052 1053
f 785 1053 958
f 958 1053 1054
f 958 1054 956
f 956 1054 1055
f 956 1055 954
f 954 1055 1056
f 954 1056 952
f 952 1056 1057
f 952 1057 950
f 950 1057 1058
f 950 1058 948
f 948 1058 1059
f 948 1059 946
f 946 1059 1060
f 946 1060 944
f 944 1060 1061
f 944 1061 942
f 942 1061 1062
f 942 1062 940
f 940 1062 1063
f 940 1063 938
f 938 1063 1064
f 938 1064 936
f 936 1064 1065
f 936 1065 934
f 934 1065 1066
f 934 1066 619
f 619 1066 620
f 676 705 1040
f 1040 705 1067
f 1040 1067 1041
f 1041 1067 1068
f 1041 1068 1042
f 1042 1068 1069
f 1042 1069 1043
f 1043 1069 1070
f 1043 1070 1044
f 1044 1070 1071
f 1044 1071 1045
f 1045 1071 1072
f 1045 1072 1046
f 1046 1072 1073
f 1046 1073 1047
f 1047 1073 1074
f 1047 1074 1048
f 1048 1074 1075
f 1048 1075 1049
f 1049 1075 1076
f 1049 1076 1050
f 1050 1076 1077
f 1050 1077 1051
f 1051 1077 1078
f 1051 1078 1052
f 1052 1078 1079
f 1052 1079 1053
f 1053 1079 1080
f 1053 1080 1054
f 1054 1080 1081
f 1054 1081 1055
f 1055 1081 1082
f 1055 1082 1056
f 1056 1082 1083
f 1056 1083 1057
f 1057 1083 1084
f 1057 1084 1058
f 1058 1084 1085
f 1058 1085 1059
f 1059 1085 1086
f 1059 1086 1060
f 1060 1086 1087
f 1060 1087 1061
f 1061 1087 1088
f 1061 1088 1062
f 1062 1088 1089
f 1062 1089 1063
f 1063 1089 1090
f 1063 1090 1064
f 1064 1090 1091
f 1064 1091 1065
f 1065 1091 1092
f 1065 1092 1066
f 1066 1092 1093
f 1066 1093 620
f 620 1093 677
f 705 734 1067
f 1067 734 1094
f 1067 1094 1068
f 1068 1094 1095
f 1068 1095 1069
f 1069 1095 1096
f 1069 1096 1070
f 1070 1096 1097
f 1070 1097 1071
f 1071 1097 1098
f 1071 1098 1072
f 1072 1098 1099
f 1072 1099 1073
f 1073 1099 1100
f 1073 1100 1074
f 1074 1100 1101
f 1074 1101 1075
f 1075 1101 1102
f 1075 1102 1076
f 1076 1102 1103
f 1076 1103 1077
f 1077 1103 1104
f 1077 1104 1078
f 1078 1104 1105
f 1078 1105 1079
f 1079 1105 1106
f 1079 1106 1080
f 1080 1106 1107
f 1080 1107 1081
f 1081 1107 1108
f 1081 1108 1082
f 1082 1108 1109
f 1082 1109 1083
f 1083 1109 1110
f 1083 1110 1084
f 1084 1110 1111
f 1084 1111 1085
f 1085 1111 1112
f 1085 1112 1086
f 1086 1112 1113
f 1086 1113 1087
f 1087 1113 1114
f 1087 1114 1088
f 1088 1114 1115
f 1088 1115 1089
f 1089 1115 1116
f 1089 1116 1090
f 1090 1116 1117
f 1090 1117 1091
f 1091 1117 1118
f 1091 1118 1092
f 1092 1118 1119
f 1092 1119 1093
f 1093 1119 1120
f 1093 1120 677
f 677 1120 706
f 734 617 1094
f 1094 617 1013
f 1094 1013 1095
f 1095 1013 1014
f 1095 1014 1096
f 1096 1014 1015
f 1096 1015 1097
f 1097 1015 1016
f 1097 1016 1098
f 1098 1016 1017
f 1098 1017 1099
f 1099 1017 1018
f 1099 1018 1100
f 1100 1018 1019
f 1100 1019 1101
f 1101 1019 1020
f 1101 1020 1102
f 1102 1020 1021
f 1102 1021 1103
f 1103 1021 1022
f 1103 1022 1104
f 1104 1022 1023
f 1104 1023 1105
f 1105 1023 1024
f 1105 1024 1106
f 1106 1024 1025
f 1106 1025 1107
f 1107 1025 1026
f 1107 1026 1108
f 1108 1026 1027
f 1108 1027 1109
f 1109 1027 1028
f 1109 1028 1110
f 1110 1028 1029
f 1110 1029 1111
f 1111 1029 1030
f 1111 1030 1112
f 1112 1030 1031
f 1112 1031 1113
f 1113 1031 1032
f 1113 1032 1114
f 1114 1032 1033
f 1114 1033 1115
f 1115 1033 1034
f 1115 1034 1116
f 1116 1034 1035
f 1116 1035 1117
f 1117 1035 1036
f 1117 1036 1118
f 1118 1036 1037
f 1118 1037 1119
f 1119 1037 1038
f 1119 1038 1120
f 1120 1038 1039
f 1120 1039 706
f 706 1039 561
f 675 1121 1122
f 1122 1121 1123
f 1122 1123 1124
f 1124 1123 1125
f 1124 1125 1126
f 1126 1125 1127
f 1126 1127 1128
f 1128 1127 1129
f 1128 1129 1130
f 1130 1129 1131
f 1130 1131 1132
f 1132 1131 1133
f 1132 1133 785
f 785 1133 1134
f 785 1134 1135
f 1135 1134 1136
f 1135 1136 1137
f 1137 1136 1138
f 1137 1138 1139
f 1139 1138 1140
f 1139 1140 1141
f 1141 1140 1142
f 1141 1142 1143
f 1143 1142 1144
f 1143 1144 1145
f 1145 1144 1146
f 1145 1146 619
f 619 1146 1147
f 619 1147 1148
f 1148 1147 1149
f 1148 1149 1150
f 1150 1149 1151
f 1150 1151 1152
f 1152 1151 1153
f 1152 1153 1154
f 1154 1153 1155
f 1154 1155 1156
f 1156 1155 1157
f 1156 1157 1158
f 1158 1157 1159
f 1158 1159 647
f 647 1159 1160
f 647 1160 1161
f 1161 1160 1162
f 1161 1162 1163
f 1163 1162 1164
f 1163 1164 1165
f 1165 1164 1166
f 1165 1166 1167
f 1167 1166 1168
f 1167 1168 1169
f 1169 1168 1170
f 1169 1170 1171
f 1171 1170 1172
f 1171 1172 675
f 675 1172 1121
f 1173 1174 1138
f 1162 1175 1176
f 1138 1174 1140
f 1172 1177 1121
f 1121 1177 1178
f 1121 1178 1123
f 1168 1179 1180
f 1162 1176 1164
f 1168 1180 1170
f 1173 1138 1181
f 1181 1138 1136
f 1181 1136 1182
f 1182 1136 1183
f 1183 1136 1134
f 1183 1134 1184
f 1129 1185 1186
f 1180 1187 1170
f 1170 1187 1188
f 1170 1188 1172
f 1172 1188 1189
f 1172 1189 1177
f 1179 1168 1190
f 1190 1168 1166
f 1190 1166 1191
f 1176 1192 1164
f 1164 1192 1193
f 1164 1193 1166
f 1166 1193 1194
f 1166 1194 1191
f 1175 1162 1195
f 1195 1162 1160
f 1195 1160 1196
f 1153 1151 1197
f 1133 1198 1134
f 1134 1198 1199
f 1134 1199 1184
f 1129 1186 1131
f 1185 1129 1200
f 1200 1129 1127
f 1200 1127 1201
f 1125 1202 1127
f 1127 1202 1203
f 1127 1203 1201
f 1159 1204 1160
f 1160 1204 1205
f 1160 1205 1196
f 1206 1155 1207
f 1207 1155 1153
f 1207 1153 1208
f 1208 1153 1197
f 1142 1209 1210
f 1186 1211 1131
f 1131 1211 1212
f 1131 1212 1133
f 1133 1212 1213
f 1133 1213 1198
f 1206 1214 1155
f 1155 1214 1215
f 1155 1215 1157
f 1142 1210 1144
f 1174 1216 1140
f 1140 1216 1217
f 1140 1217 1142
f 1142 1217 1218
f 1142 1218 1209
f 1178 1219 1123
f 1123 1219 1220
f 1123 1220 1125
f 1125 1220 1221
f 1125 1221 1202
f 1215 1222 1157
f 1157 1222 1223
f 1157 1223 1159
f 1159 1223 1224
f 1159 1224 1204
f 1149 1225 1151
f 1151 1225 1226
f 1151 1226 1197
f 1146 1227 1147
f 1147 1227 1228
f 1147 1228 1149
f 1149 1228 1229
f 1149 1229 1225
f 1210 1230 1144
f 1144 1230 1231
f 1144 1231 1146
f 1146 1231 1232
f 1146 1232 1227
f 1233 1234 1235
f 1235 1234 1236
f 1235 1236 1237
f 1237 1236 1238
f 1237 1238 1239
f 1239 1238 1240
f 1239 1240 1241
f 1241 1240 1242
f 1241 1242 1243
f 1243 1242 1244
f 1243 1244 1245
f 1245 1244 1246
f 1245 1246 1247
f 1247 1246 1248
f 1247 1248 1249
f 1249 1248 1250
f 1249 1250 1251
f 1251 1250 1252
f 1251 1252 1253
f 1253 1252 1254
f 1253 1254 1255
f 1255 1254 1256
f 1255 1256 1257
f 1257 1256 1258
f 1257 1258 1259
f 1259 1258 1260
f 1259 1260 1261
f 1261 1260 1262
f 1261 1262 1263
f 1263 1262 1264
f 1263 1264 1265
f 1265 1264 1266
f 1265 1266 1267
f 1267 1266 1268
f 1267 1268 1269
f 1269 1268 1270
f 1269 1270 1271
f 1271 1270 1272
f 1271 1272 1273
f 1273 1272 1274
f 1273 1274 1275
f 1275 1274 1276
f 1275 1276 1277
f 1277 1276 1278
f 1277 1278 1279
f 1279 1278 1280
f 1279 1280 1281
f 1281 1280 1282
f 1281 1282 1283
f 1283 1282 1284
f 1283 1284 1285
f 1285 1284 1286
f 1285 1286 1287
f 1287 1286 1288
f 1287 1288 1289
f 1289 1288 1290
f 1289 1290 1291
f 1290 1292 1291
f 1291 1292 1293
f 1291 1293 1294
f 1295 1178 1296
f 1296 1178 1177
f 1296 1177 1297
f 1297 1177 1189
f 1297 1189 1298
f 1298 1189 1188
f 1298 1188 1299
f 1299 1188 1187
f 1299 1187 1300
f 1300 1187 1180
f 1300 1180 1301
f 1301 1180 1179
f 1301 1179 1302
f 1302 1179 1190
f 1302 1190 1303
f 1303 1190 1191
f 1303 1191 1304
f 1304 1191 1194
f 1304 1194 1305
f 1305 1194 1193
f 1305 1193 1306
f 1306 1193 1192
f 1306 1192 1307
f 1307 1192 1176
f 1307 1176 1308
f 1308 1176 1175
f 1308 1175 1309
f 1309 1175 1195
f 1309 1195 1310
f 1310 1195 1196
f 1310 1196 1311
f 1311 1196 1205
f 1311 1205 1312
f 1312 1205 1204
f 1312 1204 1313
f 1313 1204 1224
f 1313 1224 1314
f 1314 1224 1223
f 1314 1223 1315
f 1315 1223 1222
f 1315 1222 1316
f 1316 1222 1215
f 1316 1215 1317
f 1317 1215 1214
f 1317 1214 1318
f 1318 1214 1206
f 1318 1206 1319
f 1319 1206 1207
f 1319 1207 1320
f 1320 1207 1208
f 1320 1208 1321
f 1321 1208 1197
f 1321 1197 1322
f 1322 1197 1226
f 1322 1226 1323
f 1323 1226 1225
f 1323 1225 1324
f 1324 1225 1229
f 1324 1229 1325
f 1325 1229 1228
f 1234 1295 1236
f 1236 1295 1296
f 1236 1296 1238
f 1238 1296 1297
f 1238 1297 1240
f 1240 1297 1298
f 1240 1298 1242
f 1242 1298 1299
f 1242 1299 1244
f 1244 1299 1300
f 1244 1300 1246
f 1246 1300 1301
f 1246 1301 1248
f 1248 1301 1302
f 1248 1302 1250
f 1250 1302 1303
f 1250 1303 1252
f 1252 1303 1304
f 1252 1304 1254
f 1254 1304 1305
f 1254 1305 1256
f 1256 1305 1306
f 1256 1306 1258
f 1258 1306 1307
f 1258 1307 1260
f 1260 1307 1308
f 1260 1308 1262
f 1262 1308 1309
f 1262 1309 1264
f 1264 1309 1310
f 1264 1310 1266
f 1266 1310 1311
f 1266 1311 1268
f 1268 1311 1312
f 1268 1312 1270
f 1270 1312 1313
f 1270 1313 1272
f 1272 1313 1314
f 1272 1314 1274
f 1274 1314 1315
f 1274 1315 1276
f 1276 1315 1316
f 1276 1316 1278
f 1278 1316 1317
f 1278 1317 1280
f 1280 1317 1318
f 1280 1318 1282
f 1282 1318 1319
f 1282 1319 1284
f 1284 1319 1320
f 1284 1320 1286
f 1286 1320 1321
f 1286 1321 1288
f 1288 1321 1322
f 1288 1322 1290
f 1290 1322 1323
f 1290 1323 1292
f 1292 1323 1324
f 1292 1324 1293
f 1293 1324 1325
f 1294 1293 1326
f 1326 1293 1327
f 1326 1327 1328
f 1328 1327 1329
f 1328 1329 1330
f 1330 1329 1331
f 1330 1331 1332
f 1332 1331 1333
f 1332 1333 1334
f 1334 1333 1335
f 1334 1335 1336
f 1336 1335 1337
f 1336 1337 1338
f 1338 1337 1339
f 1338 1339 1340
f 1340 1339 1341
f 1340 1341 1342
f 1342 1341 1343
f 1342 1343 1344
f 1344 1343 1345
f 1344 1345 1346
f 1346 1345 1347
f 1346 1347 1348
f 1348 1347 1349
f 1348 1349 1350
f 1350 1349 1351
f 1350 1351 1352
f 1352 1351 1353
f 1352 1353 1354
f 1354 1353 1355
f 1354 1355 1356
f 1356 1355 1357
f 1356 1357 1358
f 1358 1357 1359
f 1358 1359 1360
f 1360 1359 1361
f 1360 1361 1362
f 1362 1361 1363
f 1362 1363 1364
f 1364 1363 1365
f 1364 1365 1366
f 1366 1365 1367
f 1366 1367 1368
f 1368 1367 1369
f 1368 1369 1370
f 1370 1369 1371
f 1370 1371 1372
f 1372 1371 1373
f 1372 1373 1374
f 1374 1373 1375
f 1374 1375 1376
f 1376 1375 1377
f 1376 1377 1378
f 1378 1377 1379
f 1378 1379 1380
f 1380 1379 1381
f 1380 1381 1382
f 1381 1383 1382
f 1382 1383 1234
f 1382 1234 1233
f 1325 1228 1384
f 1384 1228 1227
f 1384 1227 1385
f 1385 1227 1232
f 1385 1232 1386
f 1386 1232 1231
f 1386 1231 1387
f 1387 1231 1230
f 1387 1230 1388
f 1388 1230 1210
f 1388 1210 1389
f 1389 1210 1209
f 1389 1209 1390
f 1390 1209 1218
f 1390 1218 1391
f 1391 1218 1217
f 1391 1217 1392
f 1392 1217 1216
f 1392 1216 1393
f 1393 1216 1174
f 1393 1174 1394
f 1394 1174 1173
f 1394 1173 1395
f 1395 1173 1181
f 1395 1181 1396
f 1396 1181 1182
f 1396 1182 1397
f 1397 1182 1183
f 1397 1183 1398
f 1398 1183 1184
f 1398 1184 1399
f 1399 1184 1199
f 1399 1199 1400
f 1400 1199 1198
f 1400 1198 1401
f 1401 1198 1213
f 1401 1213 1402
f 1402 1213 1212
f 1402 1212 1403
f 1403 1212 1211
f 1403 1211 1404
f 1404 1211 1186
f 1404 1186 1405
f 1405 1186 1185
f 1405 1185 1406
f 1406 1185 1200
f 1406 1200 1407
f 1407 1200 1201
f 1407 1201 1408
f 1408 1201 1203
f 1408 1203 1409
f 1409 1203 1202
f 1409 1202 1410
f 1410 1202 1221
f 1410 1221 1411
f 1411 1221 1220
f 1411 1220 1412
f 1412 1220 1219
f 1412 1219 1295
f 1295 1219 1178
f 1293 1325 1327
f 1327 1325 1384
f 1327 1384 1329
f 1329 1384 1385
f 1329 1385 1331
f 1331 1385 1386
f 1331 1386 1333
f 1333 1386 1387
f 1333 1387 1335
f 1335 1387 1388
f 1335 1388 1337
f 1337 1388 1389
f 1337 1389 1339
f 1339 1389 1390
f 1339 1390 1341
f 1341 1390 1391
f 1341 1391 1343
f 1343 1391 1392
f 1343 1392 1345
f 1345 1392 1393
f 1345 1393 1347
f 1347 1393 1394
f 1347 1394 1349
f 1349 1394 1395
f 1349 1395 1351
f 1351 1395 1396
f 1351 1396 1353
f 1353 1396 1397
f 1353 1397 1355
f 1355 1397 1398
f 1355 1398 1357
f 1357 1398 1399
f 1357 1399 1359
f 1359 1399 1400
f 1359 1400 1361
f 1361 1400 1401
f 1361 1401 1363
f 1363 1401 1402
f 1363 1402 1365
f 1365 1402 1403
f 1365 1403 1367
f 1367 1403 1404
f 1367 1404 1369
f 1369 1404 1405
f 1369 1405 1371
f 1371 1405 1406
f 1371 1406 1373
f 1373 1406 1407
f 1373 1407 1375
f 1375 1407 1408
f 1375 1408 1377
f 1377 1408 1409
f 1377 1409 1379
f 1379 1409 1410
f 1379 1410 1381
f 1381 1410 1411
f 1381 1411 1383
f 1383 1411 1412
f 1383 1412 1234
f 1234 1412 1295
f 1413 1414 1233
f 1415 1291 1416
f 1416 1291 1294
f 1233 1235 1413
f 1413 1235 1237
f 1413 1237 1417
f 1417 1237 1239
f 1417 1239 1418
f 1418 1239 1419
f 1419 1239 1241
f 1419 1241 1420
f 1420 1241 1243
f 1420 1243 1421
f 1421 1243 1245
f 1421 1245 1422
f 1422 1245 1247
f 1422 1247 1423
f 1423 1247 1249
f 1423 1249 1424
f 1424 1249 1251
f 1424 1251 1425
f 1425 1251 1426
f 1426 1251 1253
f 1426 1253 1427
f 1427 1253 1255
f 1427 1255 1428
f 1428 1255 1257
f 1428 1257 1429
f 1429 1257 1259
f 1429 1259 1430
f 1430 1259 1261
f 1430 1261 1431
f 1431 1261 1263
f 1431 1263 1432
f 1432 1263 1265
f 1432 1265 1433
f 1433 1265 1267
f 1433 1267 1434
f 1434 1267 1269
f 1434 1269 1435
f 1435 1269 1271
f 1435 1271 1436
f 1436 1271 1273
f 1436 1273 1437
f 1437 1273 1275
f 1437 1275 1438
f 1438 1275 1439
f 1439 1275 1277
f 1439 1277 1440
f 1440 1277 1279
f 1440 1279 1441
f 1441 1279 1281
f 1441 1281 1442
f 1442 1281 1283
f 1442 1283 1443
f 1443 1283 1285
f 1443 1285 1444
f 1444 1285 1287
f 1444 1287 1445
f 1445 1287 1415
f 1415 1287 1289
f 1415 1289 1291
f 1446 1382 1414
f 1414 1382 1233
f 1447 1416 1294
f 1294 1326 1447
f 1447 1326 1328
f 1447 1328 1448
f 1448 1328 1330
f 1448 1330 1449
f 1449 1330 1450
f 1450 1330 1332
f 1450 1332 1451
f 1451 1332 1334
f 1451 1334 1452
f 1452 1334 1336
f 1452 1336 1453
f 1453 1336 1338
f 1453 1338 1454
f 1454 1338 1340
f 1454 1340 1455
f 1455 1340 1342
f 1455 1342 1456
f 1456 1342 1457
f 1457 1342 1344
f 1457 1344 1458
f 1458 1344 1346
f 1458 1346 1459
f 1459 1346 1348
f 1459 1348 1460
f 1460 1348 1350
f 1460 1350 1461
f 1461 1350 1352
f 1461 1352 1462
f 1462 1352 1354
f 1462 1354 1463
f 1463 1354 1356
f 1463 1356 1464
f 1464 1356 1358
f 1464 1358 1465
f 1465 1358 1360
f 1465 1360 1466
f 1466 1360 1362
f 1466 1362 1467
f 1467 1362 1364
f 1467 1364 1468
f 1468 1364 1366
f 1468 1366 1469
f 1469 1366 1470
f 1470 1366 1368
f 1470 1368 1471
f 1471 1368 1370
f 1471 1370 1472
f 1472 1370 1372
f 1472 1372 1473
f 1473 1372 1374
f 1473 1374 1474
f 1474 1374 1376
f 1474 1376 1475
f 1475 1376 1378
f 1475 1378 1476
f 1476 1378 1446
f 1446 1378 1380
f 1446 1380 1382
f 1416 1477 1478
f 1479 1480 1481
f 1442 1443 1482
f 1482 1443 1444
f 1482 1444 1483
f 1483 1444 1445
f 1483 1445 1478
f 1478 1445 1415
f 1478 1415 1416
f 1442 1482 1441
f 1441 1482 1484
f 1441 1484 1440
f 1440 1484 1485
f 1440 1485 1439
f 1439 1485 1486
f 1439 1486 1438
f 1487 1433 1488
f 1488 1433 1434
f 1488 1434 1489
f 1489 1434 1435
f 1489 1435 1490
f 1490 1435 1436
f 1490 1436 1486
f 1486 1436 1437
f 1486 1437 1438
f 1430 1431 1487
f 1487 1431 1432
f 1487 1432 1433
f 1487 1491 1430
f 1430 1491 1492
f 1430 1492 1429
f 1429 1492 1493
f 1429 1493 1428
f 1422 1423 1494
f 1494 1423 1424
f 1494 1424 1495
f 1495 1424 1425
f 1495 1425 1496
f 1496 1425 1426
f 1496 1426 1493
f 1493 1426 1427
f 1493 1427 1428
f 1422 1494 1421
f 1421 1494 1497
f 1421 1497 1420
f 1420 1497 1498
f 1420 1498 1419
f 1419 1498 1499
f 1419 1499 1418
f 1500 1414 1413
f 1501 1500 1502
f 1502 1500 1413
f 1502 1413 1499
f 1499 1413 1417
f 1499 1417 1418
f 1503 1504 1501
f 1505 1506 1507
f 1507 1506 1503
f 1507 1503 1508
f 1508 1503 1501
f 1509 1510 1505
f 1505 1510 1511
f 1505 1511 1506
f 1512 1513 1509
f 1509 1513 1514
f 1509 1514 1510
f 1515 1516 1512
f 1512 1516 1517
f 1512 1517 1513
f 1512 1518 1515
f 1515 1518 1519
f 1515 1519 1520
f 1520 1519 1521
f 1520 1521 1522
f 1522 1521 1523
f 1522 1523 1524
f 1524 1523 1525
f 1524 1525 1526
f 1526 1525 1527
f 1526 1527 1528
f 1528 1527 1529
f 1528 1529 1530
f 1530 1529 1531
f 1530 1531 1532
f 1532 1531 1533
f 1532 1533 1534
f 1534 1533 1535
f 1534 1535 1536
f 1536 1535 1537
f 1537 1535 1538
f 1537 1538 1539
f 1540 1541 1542
f 1542 1541 1543
f 1542 1543 1538
f 1538 1543 1544
f 1538 1544 1539
f 1481 1545 1479
f 1479 1545 1546
f 1479 1546 1547
f 1547 1546 1540
f 1547 1540 1548
f 1548 1540 1542
f 1501 1502 1508
f 1508 1502 1499
f 1508 1499 1507
f 1507 1499 1498
f 1507 1498 1505
f 1505 1498 1497
f 1505 1497 1509
f 1509 1497 1494
f 1509 1494 1512
f 1512 1494 1495
f 1512 1495 1518
f 1518 1495 1496
f 1518 1496 1519
f 1519 1496 1493
f 1519 1493 1521
f 1521 1493 1492
f 1521 1492 1523
f 1523 1492 1491
f 1523 1491 1525
f 1525 1491 1487
f 1525 1487 1527
f 1527 1487 1488
f 1527 1488 1529
f 1529 1488 1489
f 1529 1489 1531
f 1531 1489 1490
f 1531 1490 1533
f 1533 1490 1486
f 1533 1486 1535
f 1535 1486 1485
f 1535 1485 1538
f 1538 1485 1484
f 1538 1484 1542
f 1542 1484 1482
f 1542 1482 1548
f 1548 1482 1483
f 1548 1483 1547
f 1547 1483 1478
f 1547 1478 1479
f 1479 1478 1477
f 1479 1477 1480
f 1500 1549 1414
f 1414 1549 1446
f 1446 1549 1476
f 1476 1549 1550
f 1476 1550 1475
f 1475 1550 1551
f 1475 1551 1474
f 1468 1469 1552
f 1552 1469 1470
f 1552 1470 1553
f 1553 1470 1471
f 1553 1471 1554
f 1554 1471 1472
f 1554 1472 1551
f 1551 1472 1473
f 1551 1473 1474
f 1468 1552 1467
f 1467 1552 1555
f 1467 1555 1466
f 1466 1555 1556
f 1466 1556 1465
f 1465 1556 1557
f 1465 1557 1464
f 1464 1557 1558
f 1464 1558 1463
f 1463 1558 1462
f 1462 1558 1559
f 1462 1559 1461
f 1461 1559 1560
f 1461 1560 1460
f 1460 1560 1561
f 1460 1561 1459
f 1453 1454 1562
f 1562 1454 1455
f 1562 1455 1563
f 1563 1455 1456
f 1563 1456 1564
f 1564 1456 1457
f 1564 1457 1561
f 1561 1457 1458
f 1561 1458 1459
f 1453 1562 1452
f 1452 1562 1565
f 1452 1565 1451
f 1451 1565 1566
f 1451 1566 1450
f 1450 1566 1567
f 1450 1567 1449
f 1477 1416 1447
f 1480 1477 1568
f 1568 1477 1447
f 1568 1447 1567
f 1567 1447 1448
f 1567 1448 1449
f 1569 1481 1480
f 1570 1571 1572
f 1572 1571 1569
f 1572 1569 1573
f 1573 1569 1480
f 1574 1575 1570
f 1570 1575 1576
f 1570 1576 1571
f 1577 1578 1574
f 1574 1578 1579
f 1574 1579 1575
f 1580 1581 1577
f 1577 1581 1582
f 1577 1582 1578
f 1577 1583 1580
f 1580 1583 1584
f 1580 1584 1585
f 1585 1584 1586
f 1585 1586 1587
f 1587 1586 1588
f 1587 1588 1589
f 1589 1588 1590
f 1589 1590 1591
f 1591 1590 1592
f 1591 1592 1593
f 1593 1592 1594
f 1593 1594 1595
f 1595 1594 1596
f 1595 1596 1597
f 1597 1596 1598
f 1597 1598 1599
f 1599 1598 1600
f 1599 1600 1601
f 1601 1600 1602
f 1602 1600 1603
f 1602 1603 1604
f 1605 1606 1607
f 1607 1606 1608
f 1607 1608 1603
f 1603 1608 1609
f 1603 1609 1604
f 1607 1610 1605
f 1605 1610 1611
f 1605 1611 1612
f 1612 1611 1613
f 1612 1613 1614
f 1614 1613 1501
f 1614 1501 1504
f 1480 1568 1573
f 1573 1568 1567
f 1573 1567 1572
f 1572 1567 1566
f 1572 1566 1570
f 1570 1566 1565
f 1570 1565 1574
f 1574 1565 1562
f 1574 1562 1577
f 1577 1562 1563
f 1577 1563 1583
f 1583 1563 1564
f 1583 1564 1584
f 1584 1564 1561
f 1584 1561 1586
f 1586 1561 1560
f 1586 1560 1588
f 1588 1560 1559
f 1588 1559 1590
f 1590 1559 1558
f 1590 1558 1592
f 1592 1558 1557
f 1592 1557 1594
f 1594 1557 1556
f 1594 1556 1596
f 1596 1556 1555
f 1596 1555 1598
f 1598 1555 1552
f 1598 1552 1600
f 1600 1552 1553
f 1600 1553 1603
f 1603 1553 1554
f 1603 1554 1607
f 1607 1554 1551
f 1607 1551 1610
f 1610 1551 1550
f 1610 1550 1611
f 1611 1550 1549
f 1611 1549 1613
f 1613 1549 1500
f 1613 1500 1501
f 1615 1616 1617
f 1617 1618 1615
f 1615 1618 1619
f 1615 1619 1620
f 1620 1619 1621
f 1620 1621 1622
f 1622 1621 1623
f 1622 1623 1624
f 1624 1623 1625
f 1624 1625 1626
f 1626 1625 1627
f 1626 1627 1628
f 1628 1627 1629
f 1628 1629 1630
f 1630 1629 1631
f 1630 1631 1632
f 1632 1631 1633
f 1632 1633 1634
f 1634 1633 1635
f 1635 1633 1636
f 1635 1636 1637
f 1637 1636 1638
f 1638 1636 1639
f 1638 1639 1640
f 1641 1642 1639
f 1639 1642 1643
f 1639 1643 1640
f 1644 1645 1646
f 1646 1645 1647
f 1646 1647 1641
f 1641 1647 1648
f 1641 1648 1642
f 1646 1649 1644
f 1644 1649 1650
f 1644 1650 1651
f 1651 1650 1652
f 1651 1652 1653
f 1653 1652 1654
f 1653 1654 1655
f 1655 1654 1656
f 1655 1656 1657
f 1657 1656 1658
f 1657 1658 1659
f 1659 1658 1660
f 1659 1660 1661
f 1661 1660 1662
f 1661 1662 1663
f 1663 1662 1664
f 1663 1664 1665
f 1665 1664 1666
f 1665 1666 1667
f 1658 1541 1660
f 1660 1541 1540
f 1660 1540 1662
f 1662 1540 1546
f 1662 1546 1664
f 1664 1546 1545
f 1664 1545 1666
f 1666 1545 1481
f 1654 1539 1656
f 1656 1539 1544
f 1656 1544 1658
f 1658 1544 1543
f 1658 1543 1541
f 1627 1516 1629
f 1629 1516 1515
f 1629 1515 1631
f 1631 1515 1520
f 1631 1520 1633
f 1633 1520 1522
f 1633 1522 1636
f 1636 1522 1524
f 1636 1524 1639
f 1639 1524 1526
f 1639 1526 1641
f 1641 1526 1528
f 1641 1528 1646
f 1646 1528 1530
f 1646 1530 1649
f 1649 1530 1532
f 1649 1532 1650
f 1650 1532 1534
f 1650 1534 1652
f 1652 1534 1536
f 1652 1536 1654
f 1654 1536 1537
f 1654 1537 1539
f 1623 1514 1625
f 1625 1514 1513
f 1625 1513 1627
f 1627 1513 1517
f 1627 1517 1516
f 1617 1504 1618
f 1618 1504 1503
f 1618 1503 1619
f 1619 1503 1506
f 1619 1506 1621
f 1621 1506 1511
f 1621 1511 1623
f 1623 1511 1510
f 1623 1510 1514
f 1667 1666 1668
f 1667 1668 1669
f 1669 1668 1670
f 1669 1670 1671
f 1671 1670 1672
f 1671 1672 1673
f 1673 1672 1674
f 1673 1674 1675
f 1675 1674 1676
f 1675 1676 1677
f 1677 1676 1678
f 1677 1678 1679
f 1679 1678 1680
f 1679 1680 1681
f 1681 1680 1682
f 1681 1682 1683
f 1683 1682 1684
f 1683 1684 1685
f 1685 1684 1686
f 1686 1684 1687
f 1686 1687 1688
f 1688 1687 1689
f 1689 1687 1690
f 1689 1690 1691
f 1692 1693 1690
f 1690 1693 1694
f 1690 1694 1691
f 1695 1696 1697
f 1697 1696 1698
f 1697 1698 1692
f 1692 1698 1699
f 1692 1699 1693
f 1697 1700 1695
f 1695 1700 1701
f 1695 1701 1702
f 1702 1701 1703
f 1702 1703 1704
f 1704 1703 1705
f 1704 1705 1706
f 1706 1705 1707
f 1706 1707 1708
f 1708 1707 1709
f 1708 1709 1710
f 1710 1709 1711
f 1710 1711 1712
f 1712 1711 1713
f 1712 1713 1714
f 1714 1713 1715
f 1714 1715 1716
f 1716 1715 1617
f 1716 1617 1616
f 1709 1606 1711
f 1711 1606 1605
f 1711 1605 1713
f 1713 1605 1612
f 1713 1612 1715
f 1715 1612 1614
f 1715 1614 1617
f 1617 1614 1504
f 1705 1604 1707
f 1707 1604 1609
f 1707 1609 1709
f 1709 1609 1608
f 1709 1608 1606
f 1678 1581 1680
f 1680 1581 1580
f 1680 1580 1682
f 1682 1580 1585
f 1682 1585 1684
f 1684 1585 1587
f 1684 1587 1687
f 1687 1587 1589
f 1687 1589 1690
f 1690 1589 1591
f 1690 1591 1692
f 1692 1591 1593
f 1692 1593 1697
f 1697 1593 1595
f 1697 1595 1700
f 1700 1595 1597
f 1700 1597 1701
f 1701 1597 1599
f 1701 1599 1703
f 1703 1599 1601
f 1703 1601 1705
f 1705 1601 1602
f 1705 1602 1604
f 1674 1579 1676
f 1676 1579 1578
f 1676 1578 1678
f 1678 1578 1582
f 1678 1582 1581
f 1666 1481 1668
f 1668 1481 1569
f 1668 1569 1670
f 1670 1569 1571
f 1670 1571 1672
f 1672 1571 1576
f 1672 1576 1674
f 1674 1576 1575
f 1674 1575 1579
f 1717 1616 1718
f 1718 1616 1615
f 1718 1615 1719
f 1719 1615 1620
f 1719 1620 1720
f 1720 1620 1622
f 1720 1622 1721
f 1721 1622 1624
f 1721 1624 1722
f 1722 1624 1626
f 1722 1626 1723
f 1723 1626 1628
f 1723 1628 1724
f 1724 1628 1630
f 1724 1630 1725
f 1725 1630 1632
f 1725 1632 1726
f 1726 1632 1634
f 1726 1634 1727
f 1634 1635 1727
f 1727 1635 1637
f 1727 1637 1728
f 1637 1638 1728
f 1728 1638 1640
f 1728 1640 1729
f 1729 1640 1643
f 1729 1643 1730
f 1643 1642 1730
f 1730 1642 1648
f 1730 1648 1731
f 1648 1647 1731
f 1731 1647 1645
f 1731 1645 1732
f 1732 1645 1644
f 1732 1644 1733
f 1733 1644 1651
f 1733 1651 1734
f 1734 1651 1653
f 1734 1653 1735
f 1735 1653 1655
f 1735 1655 1736
f 1736 1655 1657
f 1736 1657 1737
f 1737 1657 1659
f 1737 1659 1738
f 1738 1659 1661
f 1738 1661 1739
f 1739 1661 1663
f 1739 1663 1740
f 1740 1663 1665
f 1740 1665 1741
f 1741 1665 1667
f 1741 1667 1742
f 1742 1667 1669
f 1742 1669 1743
f 1743 1669 1671
f 1743 1671 1744
f 1744 1671 1673
f 1744 1673 1745
f 1745 1673 1675
f 1745 1675 1746
f 1746 1675 1677
f 1746 1677 1747
f 1747 1677 1679
f 1747 1679 1748
f 1748 1679 1681
f 1748 1681 1749
f 1749 1681 1683
f 1749 1683 1750
f 1750 1683 1685
f 1750 1685 1751
f 1685 1686 1751
f 1751 1686 1688
f 1751 1688 1752
f 1688 1689 1752
f 1752 1689 1691
f 1752 1691 1753
f 1753 1691 1694
f 1753 1694 1754
f 1694 1693 1754
f 1754 1693 1699
f 1754 1699 1755
f 1699 1698 1755
f 1755 1698 1696
f 1755 1696 1756
f 1756 1696 1695
f 1756 1695 1757
f 1757 1695 1702
f 1757 1702 1758
f 1758 1702 1704
f 1758 1704 1759
f 1759 1704 1706
f 1759 1706 1760
f 1760 1706 1708
f 1760 1708 1761
f 1761 1708 1710
f 1761 1710 1762
f 1762 1710 1712
f 1762 1712 1763
f 1763 1712 1714
f 1763 1714 1764
f 1764 1714 1716
f 1764 1716 1717
f 1717 1716 1616
f 1740 1741 1765
f 1765 1766 1740
f 1740 1766 1767
f 1740 1767 1739
f 1739 1767 1768
f 1739 1768 1738
f 1738 1768 1769
f 1738 1769 1737
f 1737 1769 1770
f 1737 1770 1736
f 1736 1770 1771
f 1736 1771 1735
f 1735 1771 1772
f 1735 1772 1734
f 1734 1772 1773
f 1734 1773 1733
f 1733 1773 1774
f 1733 1774 1732
f 1732 1774 1775
f 1732 1775 1731
f 1731 1775 1776
f 1731 1776 1730
f 1730 1776 1777
f 1730 1777 1729
f 1777 1778 1729
f 1729 1778 1779
f 1729 1779 1728
f 1728 1779 1780
f 1728 1780 1727
f 1727 1780 1781
f 1727 1781 1726
f 1726 1781 1782
f 1726 1782 1725
f 1725 1782 1783
f 1725 1783 1724
f 1724 1783 1784
f 1724 1784 1723
f 1723 1784 1785
f 1723 1785 1722
f 1722 1785 1786
f 1722 1786 1721
f 1721 1786 1787
f 1721 1787 1720
f 1720 1787 1788
f 1720 1788 1719
f 1719 1788 1789
f 1719 1789 1718
f 1789 1790 1718
f 1718 1790 1791
f 1718 1791 1717
f 1717 1791 1792
f 1717 1792 1764
f 1764 1792 1793
f 1764 1793 1763
f 1763 1793 1794
f 1763 1794 1762
f 1762 1794 1795
f 1762 1795 1761
f 1761 1795 1796
f 1761 1796 1760
f 1760 1796 1797
f 1760 1797 1759
f 1759 1797 1798
f 1759 1798 1758
f 1758 1798 1799
f 1758 1799 1757
f 1757 1799 1800
f 1757 1800 1756
f 1756 1800 1801
f 1756 1801 1755
f 1755 1801 1802
f 1755 1802 1754
f 1754 1802 1803
f 1754 1803 1753
f 1803 1804 1753
f 1753 1804 1805
f 1753 1805 1752
f 1752 1805 1806
f 1752 1806 1751
f 1751 1806 1807
f 1751 1807 1750
f 1750 1807 1808
f 1750 1808 1749
f 1749 1808 1809
f 1749 1809 1748
f 1748 1809 1810
f 1748 1810 1747
f 1747 1810 1811
f 1747 1811 1746
f 1746 1811 1812
f 1746 1812 1745
f 1745 1812 1813
f 1745 1813 1744
f 1744 1813 1814
f 1744 1814 1743
f 1743 1814 1815
f 1743 1815 1742
f 1815 1816 1742
f 1742 1816 1765
f 1742 1765 1741
f 1817 1818 1791
f 1787 1819 1788
f 1788 1819 1820
f 1788 1820 1789
f 1789 1820 1817
f 1789 1817 1790
f 1790 1817 1791
f 1786 1821 1787
f 1787 1821 1822
f 1787 1822 1819
f 1779 1823 1780
f 1780 1823 1824
f 1780 1824 1781
f 1781 1824 1825
f 1781 1825 1782
f 1782 1825 1826
f 1782 1826 1783
f 1783 1826 1827
f 1783 1827 1784
f 1784 1827 1828
f 1784 1828 1785
f 1785 1828 1829
f 1785 1829 1786
f 1786 1829 1830
f 1786 1830 1821
f 1778 1831 1779
f 1779 1831 1832
f 1779 1832 1823
f 1772 1833 1773
f 1773 1833 1834
f 1773 1834 1774
f 1774 1834 1835
f 1774 1835 1775
f 1775 1835 1836
f 1775 1836 1776
f 1776 1836 1831
f 1776 1831 1777
f 1777 1831 1778
f 1771 1837 1772
f 1772 1837 1838
f 1772 1838 1833
f 1839 1840 1771
f 1771 1840 1841
f 1771 1841 1837
f 1771 1770 1839
f 1839 1770 1769
f 1839 1769 1842
f 1842 1769 1768
f 1842 1768 1843
f 1843 1768 1767
f 1843 1767 1844
f 1844 1767 1766
f 1844 1766 1845
f 1845 1766 1765
f 1845 1765 1846
f 1846 1765 1816
f 1846 1816 1847
f 1847 1816 1815
f 1847 1815 1848
f 1848 1815 1814
f 1848 1814 1849
f 1849 1814 1813
f 1849 1813 1850
f 1850 1813 1851
f 1851 1813 1812
f 1851 1812 1852
f 1852 1812 1853
f 1853 1812 1811
f 1853 1811 1854
f 1854 1811 1810
f 1854 1810 1855
f 1855 1810 1809
f 1855 1809 1856
f 1856 1809 1808
f 1856 1808 1857
f 1857 1808 1807
f 1857 1807 1858
f 1858 1807 1806
f 1858 1806 1859
f 1859 1806 1805
f 1859 1805 1860
f 1860 1805 1804
f 1860 1804 1861
f 1798 1862 1799
f 1799 1862 1863
f 1799 1863 1800
f 1800 1863 1864
f 1800 1864 1801
f 1801 1864 1865
f 1801 1865 1802
f 1802 1865 1861
f 1802 1861 1803
f 1803 1861 1804
f 1797 1866 1798
f 1798 1866 1867
f 1798 1867 1862
f 1868 1869 1797
f 1797 1869 1870
f 1797 1870 1866
f 1797 1796 1868
f 1868 1796 1795
f 1868 1795 1871
f 1871 1795 1794
f 1871 1794 1872
f 1872 1794 1793
f 1872 1793 1873
f 1873 1793 1792
f 1873 1792 1874
f 1874 1792 1791
f 1874 1791 1818
f 1875 1876 1877
f 1878 1879 1880
f 1880 1881 1878
f 1878 1881 1882
f 1878 1882 1883
f 1884 1885 1886
f 1886 1887 1884
f 1884 1887 1888
f 1884 1888 1882
f 1882 1888 1889
f 1882 1889 1883
f 1890 1891 1892
f 1892 1893 1890
f 1890 1893 1894
f 1890 1894 1885
f 1885 1894 1895
f 1885 1895 1886
f 1896 1897 1898
f 1898 1899 1896
f 1896 1899 1900
f 1896 1900 1891
f 1891 1900 1901
f 1891 1901 1892
f 1902 1903 1904
f 1904 1905 1902
f 1902 1905 1906
f 1902 1906 1897
f 1897 1906 1907
f 1897 1907 1898
f 1877 1876 1908
f 1876 1909 1908
f 1908 1909 1910
f 1908 1910 1903
f 1903 1910 1911
f 1903 1911 1904
f 1875 1877 1912
f 1912 1877 1913
f 1912 1913 1914
f 1914 1913 1915
f 1914 1915 1916
f 1916 1915 1917
f 1917 1915 1918
f 1917 1918 1919
f 1919 1918 1920
f 1920 1918 1921
f 1920 1921 1922
f 1922 1921 1923
f 1923 1921 1924
f 1923 1924 1925
f 1925 1924 1926
f 1926 1924 1927
f 1926 1927 1928
f 1928 1927 1929
f 1929 1927 1930
f 1929 1930 1931
f 1931 1930 1932
f 1932 1930 1933
f 1932 1933 1934
f 1934 1933 1935
f 1935 1933 1936
f 1935 1936 1937
f 1937 1936 1938
f 1938 1936 1939
f 1938 1939 1940
f 1940 1939 1941
f 1941 1939 1942
f 1941 1942 1943
f 1943 1942 1944
f 1944 1942 1945
f 1944 1945 1946
f 1946 1945 1947
f 1947 1945 1948
f 1947 1948 1949
f 1949 1948 1950
f 1949 1950 1951
f 1951 1950 1952
f 1951 1952 1953
f 1846 1954 1845
f 1845 1954 1955
f 1845 1955 1844
f 1844 1955 1956
f 1844 1956 1843
f 1843 1956 1957
f 1843 1957 1842
f 1842 1957 1958
f 1842 1958 1839
f 1839 1958 1959
f 1839 1959 1840
f 1840 1959 1960
f 1840 1960 1841
f 1841 1960 1961
f 1962 1830 1963
f 1963 1830 1829
f 1963 1829 1964
f 1964 1829 1828
f 1964 1828 1965
f 1965 1828 1827
f 1965 1827 1966
f 1966 1827 1826
f 1966 1826 1967
f 1967 1826 1825
f 1967 1825 1968
f 1968 1825 1824
f 1968 1824 1969
f 1969 1824 1823
f 1969 1823 1970
f 1970 1823 1832
f 1970 1832 1971
f 1971 1832 1831
f 1971 1831 1972
f 1972 1831 1836
f 1972 1836 1973
f 1973 1836 1835
f 1973 1835 1974
f 1974 1835 1834
f 1974 1834 1975
f 1975 1834 1833
f 1975 1833 1976
f 1976 1833 1838
f 1976 1838 1961
f 1961 1838 1837
f 1961 1837 1841
f 1977 1818 1978
f 1978 1818 1817
f 1978 1817 1979
f 1979 1817 1820
f 1979 1820 1980
f 1980 1820 1819
f 1980 1819 1981
f 1981 1819 1822
f 1981 1822 1962
f 1962 1822 1821
f 1962 1821 1830
f 1954 1982 1955
f 1955 1982 1983
f 1955 1983 1956
f 1956 1983 1984
f 1956 1984 1957
f 1957 1984 1985
f 1957 1985 1958
f 1958 1985 1986
f 1958 1986 1959
f 1959 1986 1987
f 1959 1987 1960
f 1960 1987 1988
f 1960 1988 1961
f 1961 1988 1989
f 1961 1989 1976
f 1976 1989 1990
f 1976 1990 1975
f 1975 1990 1991
f 1975 1991 1974
f 1974 1991 1992
f 1974 1992 1973
f 1973 1992 1993
f 1973 1993 1972
f 1972 1993 1994
f 1972 1994 1971
f 1971 1994 1995
f 1971 1995 1970
f 1970 1995 1996
f 1970 1996 1969
f 1969 1996 1997
f 1969 1997 1968
f 1968 1997 1998
f 1968 1998 1967
f 1967 1998 1999
f 1967 1999 1966
f 1966 1999 2000
f 1966 2000 1965
f 1965 2000 2001
f 1965 2001 1964
f 1964 2001 2002
f 1964 2002 1963
f 1963 2002 2003
f 1963 2003 1962
f 1962 2003 2004
f 1962 2004 1981
f 1981 2004 2005
f 1981 2005 1980
f 1980 2005 2006
f 1980 2006 1979
f 1979 2006 2007
f 1979 2007 1978
f 1978 2007 2008
f 1978 2008 1977
f 1977 2008 2009
f 1982 2010 1983
f 1983 2010 2011
f 1983 2011 1984
f 1984 2011 2012
f 1984 2012 1985
f 1985 2012 2013
f 1985 2013 1986
f 1986 2013 2014
f 1986 2014 1987
f 1987 2014 2015
f 1987 2015 1988
f 1988 2015 2016
f 1988 2016 1989
f 1989 2016 2017
f 1989 2017 1990
f 1990 2017 2018
f 1990 2018 1991
f 1991 2018 2019
f 1991 2019 1992
f 1992 2019 2020
f 1992 2020 1993
f 1993 2020 2021
f 1993 2021 1994
f 1994 2021 2022
f 1994 2022 1995
f 1995 2022 2023
f 1995 2023 1996
f 1996 2023 2024
f 1996 2024 1997
f 1997 2024 2025
f 1997 2025 1998
f 1998 2025 2026
f 1998 2026 1999
f 1999 2026 2027
f 1999 2027 2000
f 2000 2027 2028
f 2000 2028 2001
f 2001 2028 2029
f 2001 2029 2002
f 2002 2029 2030
f 2002 2030 2003
f 2003 2030 2031
f 2003 2031 2004
f 2004 2031 2032
f 2004 2032 2005
f 2005 2032 2033
f 2005 2033 2006
f 2006 2033 2034
f 2006 2034 2007
f 2007 2034 2035
f 2007 2035 2008
f 2008 2035 2036
f 2008 2036 2009
f 2009 2036 2037
f 2010 2038 2011
f 2011 2038 2039
f 2011 2039 2012
f 2012 2039 2040
f 2012 2040 2013
f 2013 2040 2041
f 2013 2041 2014
f 2014 2041 2042
f 2014 2042 2015
f 2015 2042 2043
f 2015 2043 2016
f 2016 2043 2044
f 2016 2044 2017
f 2017 2044 2045
f 2017 2045 2018
f 2018 2045 2046
f 2018 2046 2019
f 2019 2046 2047
f 2019 2047 2020
f 2020 2047 2048
f 2020 2048 2021
f 2021 2048 2049
f 2021 2049 2022
f 2022 2049 2050
f 2022 2050 2023
f 2023 2050 2051
f 2023 2051 2024
f 2024 2051 2052
f 2024 2052 2025
f 2025 2052 2053
f 2025 2053 2026
f 2026 2053 2054
f 2026 2054 2027
f 2027 2054 2055
f 2027 2055 2028
f 2028 2055 2056
f 2028 2056 2029
f 2029 2056 2057
f 2029 2057 2030
f 2030 2057 2058
f 2030 2058 2031
f 2031 2058 2059
f 2031 2059 2032
f 2032 2059 2060
f 2032 2060 2033
f 2033 2060 2061
f 2033 2061 2034
f 2034 2061 2062
f 2034 2062 2035
f 2035 2062 2063
f 2035 2063 2036
f 2036 2063 2064
f 2036 2064 2037
f 2037 2064 2065
f 2038 1952 2039
f 2039 1952 1950
f 2039 1950 2040
f 2040 1950 1948
f 2040 1948 2041
f 2041 1948 1945
f 2041 1945 2042
f 2042 1945 1942
f 2042 1942 2043
f 2043 1942 1939
f 2043 1939 2044
f 2044 1939 1936
f 2044 1936 2045
f 2045 1936 1933
f 2045 1933 2046
f 2046 1933 1930
f 2046 1930 2047
f 2047 1930 1927
f 2047 1927 2048
f 2048 1927 1924
f 2048 1924 2049
f 2049 1924 1921
f 2049 1921 2050
f 2050 1921 1918
f 2050 1918 2051
f 2051 1918 1915
f 2051 1915 2052
f 2052 1915 1913
f 2052 1913 2053
f 2053 1913 1877
f 2053 1877 2054
f 2054 1877 1908
f 2054 1908 2055
f 2055 1908 1903
f 2055 1903 2056
f 2056 1903 1902
f 2056 1902 2057
f 2057 1902 1897
f 2057 1897 2058
f 2058 1897 1896
f 2058 1896 2059
f 2059 1896 1891
f 2059 1891 2060
f 2060 1891 1890
f 2060 1890 2061
f 2061 1890 1885
f 2061 1885 2062
f 2062 1885 1884
f 2062 1884 2063
f 2063 1884 1882
f 2063 1882 2064
f 2064 1882 1881
f 2064 1881 2065
f 2065 1881 1880
f 2066 2067 2068
f 1953 1952 2069
f 1953 2069 2070
f 2070 2069 2071
f 2070 2071 2072
f 2073 2074 2075
f 2075 2076 2073
f 2073 2076 2077
f 2073 2077 2071
f 2071 2077 2078
f 2071 2078 2072
f 2079 2080 2081
f 2081 2082 2079
f 2079 2082 2083
f 2079 2083 2074
f 2074 2083 2084
f 2074 2084 2075
f 2085 2086 2087
f 2087 2088 2085
f 2085 2088 2089
f 2085 2089 2080
f 2080 2089 2090
f 2080 2090 2081
f 2091 2092 2093
f 2093 2094 2091
f 2091 2094 2095
f 2091 2095 2086
f 2086 2095 2096
f 2086 2096 2087
f 2068 2067 2097
f 2067 2098 2097
f 2097 2098 2099
f 2097 2099 2092
f 2092 2099 2100
f 2092 2100 2093
f 2066 2068 2101
f 2101 2068 2102
f 2101 2102 2103
f 2103 2102 2104
f 2103 2104 2105
f 2105 2104 2106
f 2106 2104 2107
f 2106 2107 2108
f 2108 2107 2109
f 2109 2107 2110
f 2109 2110 2111
f 2111 2110 2112
f 2112 2110 2113
f 2112 2113 2114
f 2114 2113 2115
f 2115 2113 2116
f 2115 2116 2117
f 2117 2116 2118
f 2118 2116 2119
f 2118 2119 2120
f 2120 2119 2121
f 2121 2119 2122
f 2121 2122 2123
f 2123 2122 2124
f 2124 2122 2125
f 2124 2125 2126
f 2126 2125 2127
f 2127 2125 2128
f 2127 2128 2129
f 2129 2128 2130
f 2130 2128 2131
f 2130 2131 2132
f 2132 2131 2133
f 2133 2131 2134
f 2133 2134 2135
f 2135 2134 2136
f 2136 2134 2137
f 2136 2137 2138
f 2138 2137 2139
f 2138 2139 2140
f 2140 2139 1880
f 2140 1880 1879
f 1818 1977 1874
f 1874 1977 2141
f 1874 2141 1873
f 1873 2141 2142
f 1873 2142 1872
f 1872 2142 2143
f 1872 2143 1871
f 1871 2143 2144
f 1871 2144 1868
f 1868 2144 2145
f 1868 2145 1869
f 1869 2145 2146
f 1869 2146 1870
f 1870 2146 2147
f 2148 1852 2149
f 2149 1852 1853
f 2149 1853 2150
f 2150 1853 1854
f 2150 1854 2151
f 2151 1854 1855
f 2151 1855 2152
f 2152 1855 1856
f 2152 1856 2153
f 2153 1856 1857
f 2153 1857 2154
f 2154 1857 1858
f 2154 1858 2155
f 2155 1858 1859
f 2155 1859 2156
f 2156 1859 1860
f 2156 1860 2157
f 2157 1860 1861
f 2157 1861 2158
f 2158 1861 1865
f 2158 1865 2159
f 2159 1865 1864
f 2159 1864 2160
f 2160 1864 1863
f 2160 1863 2161
f 2161 1863 1862
f 2161 1862 2162
f 2162 1862 1867
f 2162 1867 2147
f 2147 1867 1866
f 2147 1866 1870
f 1954 1846 2163
f 2163 1846 1847
f 2163 1847 2164
f 2164 1847 1848
f 2164 1848 2165
f 2165 1848 1849
f 2165 1849 2166
f 2166 1849 1850
f 2166 1850 2148
f 2148 1850 1851
f 2148 1851 1852
f 1977 2009 2141
f 2141 2009 2167
f 2141 2167 2142
f 2142 2167 2168
f 2142 2168 2143
f 2143 2168 2169
f 2143 2169 2144
f 2144 2169 2170
f 2144 2170 2145
f 2145 2170 2171
f 2145 2171 2146
f 2146 2171 2172
f 2146 2172 2147
f 2147 2172 2173
f 2147 2173 2162
f 2162 2173 2174
f 2162 2174 2161
f 2161 2174 2175
f 2161 2175 2160
f 2160 2175 2176
f 2160 2176 2159
f 2159 2176 2177
f 2159 2177 2158
f 2158 2177 2178
f 2158 2178 2157
f 2157 2178 2179
f 2157 2179 2156
f 2156 2179 2180
f 2156 2180 2155
f 2155 2180 2181
f 2155 2181 2154
f 2154 2181 2182
f 2154 2182 2153
f 2153 2182 2183
f 2153 2183 2152
f 2152 2183 2184
f 2152 2184 2151
f 2151 2184 2185
f 2151 2185 2150
f 2150 2185 2186
f 2150 2186 2149
f 2149 2186 2187
f 2149 2187 2148
f 2148 2187 2188
f 2148 2188 2166
f 2166 2188 2189
f 2166 2189 2165
f 2165 2189 2190
f 2165 2190 2164
f 2164 2190 2191
f 2164 2191 2163
f 2163 2191 2192
f 2163 2192 1954
f 1954 2192 1982
f 2009 2037 2167
f 2167 2037 2193
f 2167 2193 2168
f 2168 2193 2194
f 2168 2194 2169
f 2169 2194 2195
f 2169 2195 2170
f 2170 2195 2196
f 2170 2196 2171
f 2171 2196 2197
f 2171 2197 2172
f 2172 2197 2198
f 2172 2198 2173
f 2173 2198 2199
f 2173 2199 2174
f 2174 2199 2200
f 2174 2200 2175
f 2175 2200 2201
f 2175 2201 2176
f 2176 2201 2202
f 2176 2202 2177
f 2177 2202 2203
f 2177 2203 2178
f 2178 2203 2204
f 2178 2204 2179
f 2179 2204 2205
f 2179 2205 2180
f 2180 2205 2206
f 2180 2206 2181
f 2181 2206 2207
f 2181 2207 2182
f 2182 2207 2208
f 2182 2208 2183
f 2183 2208 2209
f 2183 2209 2184
f 2184 2209 2210
f 2184 2210 2185
f 2185 2210 2211
f 2185 2211 2186
f 2186 2211 2212
f 2186 2212 2187
f 2187 2212 2213
f 2187 2213 2188
f 2188 2213 2214
f 2188 2214 2189
f 2189 2214 2215
f 2189 2215 2190
f 2190 2215 2216
f 2190 2216 2191
f 2191 2216 2217
f 2191 2217 2192
f 2192 2217 2218
f 2192 2218 1982
f 1982 2218 2010
f 2037 2065 2193
f 2193 2065 2219
f 2193 2219 2194
f 2194 2219 2220
f 2194 2220 2195
f 2195 2220 2221
f 2195 2221 2196
f 2196 2221 2222
f 2196 2222 2197
f 2197 2222 2223
f 2197 2223 2198
f 2198 2223 2224
f 2198 2224 2199
f 2199 2224 2225
f 2199 2225 2200
f 2200 2225 2226
f 2200 2226 2201
f 2201 2226 2227
f 2201 2227 2202
f 2202 2227 2228
f 2202 2228 2203
f 2203 2228 2229
f 2203 2229 2204
f 2204 2229 2230
f 2204 2230 2205
f 2205 2230 2231
f 2205 2231 2206
f 2206 2231 2232
f 2206 2232 2207
f 2207 2232 2233
f 2207 2233 2208
f 2208 2233 2234
f 2208 2234 2209
f 2209 2234 2235
f 2209 2235 2210
f 2210 2235 2236
f 2210 2236 2211
f 2211 2236 2237
f 2211 2237 2212
f 2212 2237 2238
f 2212 2238 2213
f 2213 2238 2239
f 2213 2239 2214
f 2214 2239 2240
f 2214 2240 2215
f 2215 2240 2241
f 2215 2241 2216
f 2216 2241 2242
f 2216 2242 2217
f 2217 2242 2243
f 2217 2243 2218
f 2218 2243 2244
f 2218 2244 2010
f 2010 2244 2038
f 2065 1880 2219
f 2219 1880 2139
f 2219 2139 2220
f 2220 2139 2137
f 2220 2137 2221
f 2221 2137 2134
f 2221 2134 2222
f 2222 2134 2131
f 2222 2131 2223
f 2223 2131 2128
f 2223 2128 2224
f 2224 2128 2125
f 2224 2125 2225
f 2225 2125 2122
f 2225 2122 2226
f 2226 2122 2119
f 2226 2119 2227
f 2227 2119 2116
f 2227 2116 2228
f 2228 2116 2113
f 2228 2113 2229
f 2229 2113 2110
f 2229 2110 2230
f 2230 2110 2107
f 2230 2107 2231
f 2231 2107 2104
f 2231 2104 2232
f 2232 2104 2102
f 2232 2102 2233
f 2233 2102 2068
f 2233 2068 2234
f 2234 2068 2097
f 2234 2097 2235
f 2235 2097 2092
f 2235 2092 2236
f 2236 2092 2091
f 2236 2091 2237
f 2237 2091 2086
f 2237 2086 2238
f 2238 2086 2085
f 2238 2085 2239
f 2239 2085 2080
f 2239 2080 2240
f 2240 2080 2079
f 2240 2079 2241
f 2241 2079 2074
f 2241 2074 2242
f 2242 2074 2073
f 2242 2073 2243
f 2243 2073 2071
f 2243 2071 2244
f 2244 2071 2069
f 2244 2069 2038
f 2038 2069 1952
f 2245 1879 2246
f 2246 1879 1878
f 2246 1878 2247
f 1878 1883 2247
f 2247 1883 1889
f 2247 1889 2248
f 1889 1888 2248
f 2248 1888 1887
f 2248 1887 2249
f 1887 1886 2249
f 2249 1886 1895
f 2249 1895 2250
f 1895 1894 2250
f 2250 1894 1893
f 2250 1893 2251
f 1893 1892 2251
f 2251 1892 1901
f 2251 1901 2252
f 1901 1900 2252
f 2252 1900 1899
f 2252 1899 2253
f 1899 1898 2253
f 2253 1898 1907
f 2253 1907 2254
f 1907 1906 2254
f 2254 1906 1905
f 2254 1905 2255
f 1905 1904 2255
f 2255 1904 1911
f 2255 1911 2256
f 2256 1911 1910
f 2256 1910 1909
f 1909 1876 2257
f 2257 1876 1875
f 2257 1875 2258
f 1875 1912 2258
f 2258 1912 1914
f 2258 1914 1916
f 1916 1917 2259
f 2259 1917 1919
f 2259 1919 2260
f 2260 1919 1920
f 2260 1920 1922
f 2261 1923 1925
f 2261 1925 2262
f 2262 1925 1926
f 2262 1926 1928
f 2263 1929 1931
f 2263 1931 2264
f 2264 1931 1932
f 2264 1932 1934
f 2265 1935 1937
f 2265 1937 2266
f 2266 1937 1938
f 2266 1938 1940
f 2267 1941 1943
f 2267 1943 2268
f 2268 1943 1944
f 2268 1944 1946
f 1953 2269 1951
f 1951 2269 2270
f 1951 2270 1949
f 1949 2270 2271
f 1949 2271 1947
f 2272 2245 2273
f 2273 2245 2246
f 2273 2246 2274
f 2274 2246 2247
f 2274 2247 2275
f 2275 2247 2276
f 2276 2247 2248
f 2276 2248 2277
f 2277 2248 2278
f 2278 2248 2249
f 2278 2249 2279
f 2279 2249 2280
f 2280 2249 2250
f 2280 2250 2281
f 2281 2250 2282
f 2282 2250 2251
f 2282 2251 2283
f 2283 2251 2284
f 2284 2251 2252
f 2284 2252 2285
f 2285 2252 2286
f 2286 2252 2253
f 2286 2253 2287
f 2287 2253 2288
f 2288 2253 2254
f 2288 2254 2289
f 2289 2254 2290
f 2290 2254 2255
f 2290 2255 2291
f 2291 2255 2292
f 2292 2255 2256
f 2292 2256 2293
f 1909 2257 2256
f 2256 2257 2294
f 2256 2294 2293
f 2295 2296 2258
f 2258 2296 2297
f 2258 2297 2257
f 2257 2297 2298
f 2257 2298 2294
f 1916 2259 2258
f 2258 2259 2299
f 2258 2299 2295
f 2300 2260 2261
f 2261 2260 1922
f 2261 1922 1923
f 2300 2301 2260
f 2260 2301 2302
f 2260 2302 2259
f 2259 2302 2303
f 2259 2303 2299
f 2304 2262 2263
f 2263 2262 1928
f 2263 1928 1929
f 2304 2305 2262
f 2262 2305 2306
f 2262 2306 2261
f 2261 2306 2307
f 2261 2307 2300
f 2308 2264 2265
f 2265 2264 1934
f 2265 1934 1935
f 2308 2309 2264
f 2264 2309 2310
f 2264 2310 2263
f 2263 2310 2311
f 2263 2311 2304
f 2312 2266 2267
f 2267 2266 1940
f 2267 1940 1941
f 2312 2313 2266
f 2266 2313 2314
f 2266 2314 2265
f 2265 2314 2315
f 2265 2315 2308
f 2316 2268 2271
f 2271 2268 1946
f 2271 1946 1947
f 2316 2317 2268
f 2268 2317 2318
f 2268 2318 2267
f 2267 2318 2319
f 2267 2319 2312
f 2269 2320 2270
f 2270 2320 2321
f 2270 2321 2271
f 2271 2321 2322
f 2271 2322 2316
f 2269 1953 2323
f 2323 1953 2070
f 2323 2070 2324
f 2070 2072 2324
f 2324 2072 2078
f 2324 2078 2325
f 2078 2077 2325
f 2325 2077 2076
f 2325 2076 2326
f 2076 2075 2326
f 2326 2075 2084
f 2326 2084 2327
f 2084 2083 2327
f 2327 2083 2082
f 2327 2082 2328
f 2082 2081 2328
f 2328 2081 2090
f 2328 2090 2329
f 2090 2089 2329
f 2329 2089 2088
f 2329 2088 2330
f 2088 2087 2330
f 2330 2087 2096
f 2330 2096 2331
f 2096 2095 2331
f 2331 2095 2094
f 2331 2094 2332
f 2094 2093 2332
f 2332 2093 2100
f 2332 2100 2333
f 2333 2100 2099
f 2333 2099 2098
f 2098 2067 2334
f 2334 2067 2066
f 2334 2066 2335
f 2066 2101 2335
f 2335 2101 2103
f 2335 2103 2105
f 2105 2106 2336
f 2336 2106 2108
f 2336 2108 2337
f 2337 2108 2109
f 2337 2109 2111
f 2338 2112 2114
f 2338 2114 2339
f 2339 2114 2115
f 2339 2115 2117
f 2340 2118 2120
f 2340 2120 2341
f 2341 2120 2121
f 2341 2121 2123
f 2342 2124 2126
f 2342 2126 2343
f 2343 2126 2127
f 2343 2127 2129
f 2344 2130 2132
f 2344 2132 2345
f 2345 2132 2133
f 2345 2133 2135
f 1879 2245 2140
f 2140 2245 2346
f 2140 2346 2138
f 2138 2346 2347
f 2138 2347 2136
f 2320 2269 2348
f 2348 2269 2323
f 2348 2323 2349
f 2349 2323 2324
f 2349 2324 2350
f 2350 2324 2351
f 2351 2324 2325
f 2351 2325 2352
f 2352 2325 2353
f 2353 2325 2326
f 2353 2326 2354
f 2354 2326 2355
f 2355 2326 2327
f 2355 2327 2356
f 2356 2327 2357
f 2357 2327 2328
f 2357 2328 2358
f 2358 2328 2359
f 2359 2328 2329
f 2359 2329 2360
f 2360 2329 2361
f 2361 2329 2330
f 2361 2330 2362
f 2362 2330 2363
f 2363 2330 2331
f 2363 2331 2364
f 2364 2331 2365
f 2365 2331 2332
f 2365 2332 2366
f 2366 2332 2367
f 2367 2332 2333
f 2367 2333 2368
f 2098 2334 2333
f 2333 2334 2369
f 2333 2369 2368
f 2370 2371 2335
f 2335 2371 2372
f 2335 2372 2334
f 2334 2372 2373
f 2334 2373 2369
f 2105 2336 2335
f 2335 2336 2374
f 2335 2374 2370
f 2375 2337 2338
f 2338 2337 2111
f 2338 2111 2112
f 2375 2376 2337
f 2337 2376 2377
f 2337 2377 2336
f 2336 2377 2378
f 2336 2378 2374
f 2379 2339 2340
f 2340 2339 2117
f 2340 2117 2118
f 2379 2380 2339
f 2339 2380 2381
f 2339 2381 2338
f 2338 2381 2382
f 2338 2382 2375
f 2383 2341 2342
f 2342 2341 2123
f 2342 2123 2124
f 2383 2384 2341
f 2341 2384 2385
f 2341 2385 2340
f 2340 2385 2386
f 2340 2386 2379
f 2387 2343 2344
f 2344 2343 2129
f 2344 2129 2130
f 2387 2388 2343
f 2343 2388 2389
f 2343 2389 2342
f 2342 2389 2390
f 2342 2390 2383
f 2391 2345 2347
f 2347 2345 2135
f 2347 2135 2136
f 2391 2392 2345
f 2345 2392 2393
f 2345 2393 2344
f 2344 2393 2394
f 2344 2394 2387
f 2245 2272 2346
f 2346 2272 2395
f 2346 2395 2347
f 2347 2395 2396
f 2347 2396 2391
f 2397 2398 2272
f 2399 2400 2401
f 2401 2402 2399
f 2399 2402 2403
f 2399 2403 2404
f 2404 2403 2405
f 2404 2405 2406
f 2406 2405 2407
f 2406 2407 2408
f 2408 2407 2409
f 2408 2409 2410
f 2410 2409 2411
f 2410 2411 2412
f 2411 2413 2412
f 2412 2413 2414
f 2412 2414 2415
f 2415 2414 2416
f 2415 2416 2417
f 2417 2416 2418
f 2417 2418 2419
f 2419 2418 2420
f 2419 2420 2421
f 2421 2420 2422
f 2421 2422 2423
f 2423 2422 2424
f 2423 2424 2425
f 2425 2424 2426
f 2425 2426 2427
f 2427 2426 2428
f 2427 2428 2429
f 2429 2428 2430
f 2429 2430 2431
f 2431 2430 2432
f 2431 2432 2433
f 2433 2432 2434
f 2433 2434 2435
f 2435 2434 2436
f 2435 2436 2437
f 2437 2436 2438
f 2437 2438 2439
f 2438 2440 2439
f 2439 2440 2441
f 2439 2441 2442
f 2442 2441 2443
f 2442 2443 2444
f 2444 2443 2445
f 2444 2445 2446
f 2446 2445 2447
f 2446 2447 2448
f 2448 2447 2449
f 2448 2449 2450
f 2450 2449 2451
f 2450 2451 2452
f 2321 2320 2453
f 2453 2454 2321
f 2321 2454 2455
f 2321 2455 2322
f 2456 2317 2455
f 2455 2317 2316
f 2455 2316 2322
f 2457 2458 2313
f 2313 2312 2457
f 2457 2312 2319
f 2457 2319 2456
f 2456 2319 2318
f 2456 2318 2317
f 2459 2460 2309
f 2309 2308 2459
f 2459 2308 2315
f 2459 2315 2458
f 2458 2315 2314
f 2458 2314 2313
f 2461 2462 2305
f 2305 2304 2461
f 2461 2304 2311
f 2461 2311 2460
f 2460 2311 2310
f 2460 2310 2309
f 2463 2464 2301
f 2301 2300 2463
f 2463 2300 2307
f 2463 2307 2462
f 2462 2307 2306
f 2462 2306 2305
f 2465 2466 2295
f 2295 2299 2465
f 2465 2299 2303
f 2465 2303 2464
f 2464 2303 2302
f 2464 2302 2301
f 2467 2298 2468
f 2468 2298 2297
f 2468 2297 2466
f 2466 2297 2296
f 2466 2296 2295
f 2469 2293 2467
f 2467 2293 2294
f 2467 2294 2298
f 2470 2291 2469
f 2469 2291 2292
f 2469 2292 2293
f 2471 2289 2470
f 2470 2289 2290
f 2470 2290 2291
f 2472 2287 2471
f 2471 2287 2288
f 2471 2288 2289
f 2473 2285 2472
f 2472 2285 2286
f 2472 2286 2287
f 2474 2283 2473
f 2473 2283 2284
f 2473 2284 2285
f 2475 2281 2474
f 2474 2281 2282
f 2474 2282 2283
f 2476 2279 2475
f 2475 2279 2280
f 2475 2280 2281
f 2477 2277 2476
f 2476 2277 2278
f 2476 2278 2279
f 2272 2273 2397
f 2397 2273 2274
f 2397 2274 2478
f 2478 2274 2275
f 2478 2275 2477
f 2477 2275 2276
f 2477 2276 2277
f 2453 2479 2454
f 2454 2479 2480
f 2454 2480 2455
f 2455 2480 2481
f 2455 2481 2456
f 2456 2481 2482
f 2456 2482 2457
f 2457 2482 2483
f 2457 2483 2458
f 2458 2483 2484
f 2458 2484 2459
f 2459 2484 2485
f 2459 2485 2460
f 2460 2485 2486
f 2460 2486 2461
f 2461 2486 2487
f 2461 2487 2462
f 2462 2487 2488
f 2462 2488 2463
f 2463 2488 2489
f 2463 2489 2464
f 2464 2489 2490
f 2464 2490 2465
f 2465 2490 2491
f 2465 2491 2466
f 2466 2491 2492
f 2466 2492 2468
f 2468 2492 2493
f 2468 2493 2467
f 2467 2493 2494
f 2467 2494 2469
f 2469 2494 2495
f 2469 2495 2470
f 2470 2495 2496
f 2470 2496 2471
f 2471 2496 2497
f 2471 2497 2472
f 2472 2497 2498
f 2472 2498 2473
f 2473 2498 2499
f 2473 2499 2474
f 2474 2499 2500
f 2474 2500 2475
f 2475 2500 2501
f 2475 2501 2476
f 2476 2501 2502
f 2476 2502 2477
f 2477 2502 2503
f 2477 2503 2478
f 2478 2503 2504
f 2478 2504 2397
f 2397 2504 2505
f 2397 2505 2398
f 2398 2505 2506
f 2479 2507 2480
f 2480 2507 2508
f 2480 2508 2481
f 2481 2508 2509
f 2481 2509 2482
f 2482 2509 2510
f 2482 2510 2483
f 2483 2510 2511
f 2483 2511 2484
f 2484 2511 2512
f 2484 2512 2485
f 2485 2512 2513
f 2485 2513 2486
f 2486 2513 2514
f 2486 2514 2487
f 2487 2514 2515
f 2487 2515 2488
f 2488 2515 2516
f 2488 2516 2489
f 2489 2516 2517
f 2489 2517 2490
f 2490 2517 2518
f 2490 2518 2491
f 2491 2518 2519
f 2491 2519 2492
f 2492 2519 2520
f 2492 2520 2493
f 2493 2520 2521
f 2493 2521 2494
f 2494 2521 2522
f 2494 2522 2495
f 2495 2522 2523
f 2495 2523 2496
f 2496 2523 2524
f 2496 2524 2497
f 2497 2524 2525
f 2497 2525 2498
f 2498 2525 2526
f 2498 2526 2499
f 2499 2526 2527
f 2499 2527 2500
f 2500 2527 2528
f 2500 2528 2501
f 2501 2528 2529
f 2501 2529 2502
f 2502 2529 2530
f 2502 2530 2503
f 2503 2530 2531
f 2503 2531 2504
f 2504 2531 2532
f 2504 2532 2505
f 2505 2532 2533
f 2505 2533 2506
f 2506 2533 2534
f 2507 2535 2508
f 2508 2535 2536
f 2508 2536 2509
f 2509 2536 2537
f 2509 2537 2510
f 2510 2537 2538
f 2510 2538 2511
f 2511 2538 2539
f 2511 2539 2512
f 2512 2539 2540
f 2512 2540 2513
f 2513 2540 2541
f 2513 2541 2514
f 2514 2541 2542
f 2514 2542 2515
f 2515 2542 2543
f 2515 2543 2516
f 2516 2543 2544
f 2516 2544 2517
f 2517 2544 2545
f 2517 2545 2518
f 2518 2545 2546
f 2518 2546 2519
f 2519 2546 2547
f 2519 2547 2520
f 2520 2547 2548
f 2520 2548 2521
f 2521 2548 2549
f 2521 2549 2522
f 2522 2549 2550
f 2522 2550 2523
f 2523 2550 2551
f 2523 2551 2524
f 2524 2551 2552
f 2524 2552 2525
f 2525 2552 2553
f 2525 2553 2526
f 2526 2553 2554
f 2526 2554 2527
f 2527 2554 2555
f 2527 2555 2528
f 2528 2555 2556
f 2528 2556 2529
f 2529 2556 2557
f 2529 2557 2530
f 2530 2557 2558
f 2530 2558 2531
f 2531 2558 2559
f 2531 2559 2532
f 2532 2559 2560
f 2532 2560 2533
f 2533 2560 2561
f 2533 2561 2534
f 2534 2561 2562
f 2535 2451 2536
f 2536 2451 2449
f 2536 2449 2537
f 2537 2449 2447
f 2537 2447 2538
f 2538 2447 2445
f 2538 2445 2539
f 2539 2445 2443
f 2539 2443 2540
f 2540 2443 2441
f 2540 2441 2541
f 2541 2441 2440
f 2541 2440 2542
f 2542 2440 2438
f 2542 2438 2543
f 2543 2438 2436
f 2543 2436 2544
f 2544 2436 2434
f 2544 2434 2545
f 2545 2434 2432
f 2545 2432 2546
f 2546 2432 2430
f 2546 2430 2547
f 2547 2430 2428
f 2547 2428 2548
f 2548 2428 2426
f 2548 2426 2549
f 2549 2426 2424
f 2549 2424 2550
f 2550 2424 2422
f 2550 2422 2551
f 2551 2422 2420
f 2551 2420 2552
f 2552 2420 2418
f 2552 2418 2553
f 2553 2418 2416
f 2553 2416 2554
f 2554 2416 2414
f 2554 2414 2555
f 2555 2414 2413
f 2555 2413 2556
f 2556 2413 2411
f 2556 2411 2557
f 2557 2411 2409
f 2557 2409 2558
f 2558 2409 2407
f 2558 2407 2559
f 2559 2407 2405
f 2559 2405 2560
f 2560 2405 2403
f 2560 2403 2561
f 2561 2403 2402
f 2561 2402 2562
f 2562 2402 2401
f 2371 2370 2563
f 2452 2451 2564
f 2452 2564 2565
f 2565 2564 2566
f 2565 2566 2567
f 2567 2566 2568
f 2567 2568 2569
f 2569 2568 2570
f 2569 2570 2571
f 2571 2570 2572
f 2571 2572 2573
f 2573 2572 2574
f 2573 2574 2575
f 2574 2576 2575
f 2575 2576 2577
f 2575 2577 2578
f 2578 2577 2579
f 2578 2579 2580
f 2580 2579 2581
f 2580 2581 2582
f 2582 2581 2583
f 2582 2583 2584
f 2584 2583 2585
f 2584 2585 2586
f 2586 2585 2587
f 2586 2587 2588
f 2588 2587 2589
f 2588 2589 2590
f 2590 2589 2591
f 2590 2591 2592
f 2592 2591 2593
f 2592 2593 2594
f 2594 2593 2595
f 2594 2595 2596
f 2596 2595 2597
f 2596 2597 2598
f 2598 2597 2599
f 2598 2599 2600
f 2600 2599 2601
f 2600 2601 2602
f 2601 2603 2602
f 2602 2603 2604
f 2602 2604 2605
f 2605 2604 2606
f 2605 2606 2607
f 2607 2606 2608
f 2607 2608 2609
f 2609 2608 2610
f 2609 2610 2611
f 2611 2610 2612
f 2611 2612 2613
f 2613 2612 2401
f 2613 2401 2400
f 2395 2272 2398
f 2398 2614 2395
f 2395 2614 2615
f 2395 2615 2396
f 2616 2392 2615
f 2615 2392 2391
f 2615 2391 2396
f 2617 2618 2388
f 2388 2387 2617
f 2617 2387 2394
f 2617 2394 2616
f 2616 2394 2393
f 2616 2393 2392
f 2619 2620 2384
f 2384 2383 2619
f 2619 2383 2390
f 2619 2390 2618
f 2618 2390 2389
f 2618 2389 2388
f 2621 2622 2380
f 2380 2379 2621
f 2621 2379 2386
f 2621 2386 2620
f 2620 2386 2385
f 2620 2385 2384
f 2623 2624 2376
f 2376 2375 2623
f 2623 2375 2382
f 2623 2382 2622
f 2622 2382 2381
f 2622 2381 2380
f 2563 2370 2625
f 2370 2374 2625
f 2625 2374 2378
f 2625 2378 2624
f 2624 2378 2377
f 2624 2377 2376
f 2371 2563 2372
f 2372 2563 2626
f 2372 2626 2373
f 2373 2626 2627
f 2373 2627 2369
f 2369 2627 2368
f 2368 2627 2628
f 2368 2628 2367
f 2367 2628 2366
f 2366 2628 2629
f 2366 2629 2365
f 2365 2629 2364
f 2364 2629 2630
f 2364 2630 2363
f 2363 2630 2362
f 2362 2630 2631
f 2362 2631 2361
f 2361 2631 2360
f 2360 2631 2632
f 2360 2632 2359
f 2359 2632 2358
f 2358 2632 2633
f 2358 2633 2357
f 2357 2633 2356
f 2356 2633 2634
f 2356 2634 2355
f 2355 2634 2354
f 2354 2634 2635
f 2354 2635 2353
f 2353 2635 2352
f 2352 2635 2636
f 2352 2636 2351
f 2351 2636 2350
f 2350 2636 2637
f 2350 2637 2349
f 2349 2637 2638
f 2349 2638 2348
f 2348 2638 2453
f 2348 2453 2320
f 2398 2506 2614
f 2614 2506 2639
f 2614 2639 2615
f 2615 2639 2640
f 2615 2640 2616
f 2616 2640 2641
f 2616 2641 2617
f 2617 2641 2642
f 2617 2642 2618
f 2618 2642 2643
f 2618 2643 2619
f 2619 2643 2644
f 2619 2644 2620
f 2620 2644 2645
f 2620 2645 2621
f 2621 2645 2646
f 2621 2646 2622
f 2622 2646 2647
f 2622 2647 2623
f 2623 2647 2648
f 2623 2648 2624
f 2624 2648 2649
f 2624 2649 2625
f 2625 2649 2650
f 2625 2650 2563
f 2563 2650 2651
f 2563 2651 2626
f 2626 2651 2652
f 2626 2652 2627
f 2627 2652 2653
f 2627 2653 2628
f 2628 2653 2654
f 2628 2654 2629
f 2629 2654 2655
f 2629 2655 2630
f 2630 2655 2656
f 2630 2656 2631
f 2631 2656 2657
f 2631 2657 2632
f 2632 2657 2658
f 2632 2658 2633
f 2633 2658 2659
f 2633 2659 2634
f 2634 2659 2660
f 2634 2660 2635
f 2635 2660 2661
f 2635 2661 2636
f 2636 2661 2662
f 2636 2662 2637
f 2637 2662 2663
f 2637 2663 2638
f 2638 2663 2664
f 2638 2664 2453
f 2453 2664 2479
f 2506 2534 2639
f 2639 2534 2665
f 2639 2665 2640
f 2640 2665 2666
f 2640 2666 2641
f 2641 2666 2667
f 2641 2667 2642
f 2642 2667 2668
f 2642 2668 2643
f 2643 2668 2669
f 2643 2669 2644
f 2644 2669 2670
f 2644 2670 2645
f 2645 2670 2671
f 2645 2671 2646
f 2646 2671 2672
f 2646 2672 2647
f 2647 2672 2673
f 2647 2673 2648
f 2648 2673 2674
f 2648 2674 2649
f 2649 2674 2675
f 2649 2675 2650
f 2650 2675 2676
f 2650 2676 2651
f 2651 2676 2677
f 2651 2677 2652
f 2652 2677 2678
f 2652 2678 2653
f 2653 2678 2679
f 2653 2679 2654
f 2654 2679 2680
f 2654 2680 2655
f 2655 2680 2681
f 2655 2681 2656
f 2656 2681 2682
f 2656 2682 2657
f 2657 2682 2683
f 2657 2683 2658
f 2658 2683 2684
f 2658 2684 2659
f 2659 2684 2685
f 2659 2685 2660
f 2660 2685 2686
f 2660 2686 2661
f 2661 2686 2687
f 2661 2687 2662
f 2662 2687 2688
f 2662 2688 2663
f 2663 2688 2689
f 2663 2689 2664
f 2664 2689 2690
f 2664 2690 2479
f 2479 2690 2507
f 2534 2562 2665
f 2665 2562 2691
f 2665 2691 2666
f 2666 2691 2692
f 2666 2692 2667
f 2667 2692 2693
f 2667 2693 2668
f 2668 2693 2694
f 2668 2694 2669
f 2669 2694 2695
f 2669 2695 2670
f 2670 2695 2696
f 2670 2696 2671
f 2671 2696 2697
f 2671 2697 2672
f 2672 2697 2698
f 2672 2698 2673
f 2673 2698 2699
f 2673 2699 2674
f 2674 2699 2700
f 2674 2700 2675
f 2675 2700 2701
f 2675 2701 2676
f 2676 2701 2702
f 2676 2702 2677
f 2677 2702 2703
f 2677 2703 2678
f 2678 2703 2704
f 2678 2704 2679
f 2679 2704 2705
f 2679 2705 2680
f 2680 2705 2706
f 2680 2706 2681
f 2681 2706 2707
f 2681 2707 2682
f 2682 2707 2708
f 2682 2708 2683
f 2683 2708 2709
f 2683 2709 2684
f 2684 2709 2710
f 2684 2710 2685
f 2685 2710 2711
f 2685 2711 2686
f 2686 2711 2712
f 2686 2712 2687
f 2687 2712 2713
f 2687 2713 2688
f 2688 2713 2714
f 2688 2714 2689
f 2689 2714 2715
f 2689 2715 2690
f 2690 2715 2716
f 2690 2716 2507
f 2507 2716 2535
f 2562 2401 2691
f 2691 2401 2612
f 2691 2612 2692
f 2692 2612 2610
f 2692 2610 2693
f 2693 2610 2608
f 2693 2608 2694
f 2694 2608 2606
f 2694 2606 2695
f 2695 2606 2604
f 2695 2604 2696
f 2696 2604 2603
f 2696 2603 2697
f 2697 2603 2601
f 2697 2601 2698
f 2698 2601 2599
f 2698 2599 2699
f 2699 2599 2597
f 2699 2597 2700
f 2700 2597 2595
f 2700 2595 2701
f 2701 2595 2593
f 2701 2593 2702
f 2702 2593 2591
f 2702 2591 2703
f 2703 2591 2589
f 2703 2589 2704
f 2704 2589 2587
f 2704 2587 2705
f 2705 2587 2585
f 2705 2585 2706
f 2706 2585 2583
f 2706 2583 2707
f 2707 2583 2581
f 2707 2581 2708
f 2708 2581 2579
f 2708 2579 2709
f 2709 2579 2577
f 2709 2577 2710
f 2710 2577 2576
f 2710 2576 2711
f 2711 2576 2574
f 2711 2574 2712
f 2712 2574 2572
f 2712 2572 2713
f 2713 2572 2570
f 2713 2570 2714
f 2714 2570 2568
f 2714 2568 2715
f 2715 2568 2566
f 2715 2566 2716
f 2716 2566 2564
f 2716 2564 2535
f 2535 2564 2451
f 2717 2400 2718
f 2718 2400 2399
f 2718 2399 2719
f 2719 2399 2404
f 2719 2404 2720
f 2720 2404 2406
f 2720 2406 2721
f 2721 2406 2408
f 2721 2408 2722
f 2722 2408 2410
f 2722 2410 2723
f 2723 2410 2412
f 2723 2412 2724
f 2724 2412 2415
f 2724 2415 2725
f 2725 2415 2417
f 2725 2417 2726
f 2726 2417 2419
f 2726 2419 2727
f 2727 2419 2421
f 2727 2421 2728
f 2728 2421 2423
f 2728 2423 2729
f 2729 2423 2425
f 2729 2425 2730
f 2730 2425 2427
f 2452 2731 2450
f 2450 2731 2732
f 2450 2732 2448
f 2448 2732 2733
f 2448 2733 2446
f 2446 2733 2734
f 2446 2734 2444
f 2444 2734 2735
f 2444 2735 2442
f 2442 2735 2736
f 2442 2736 2439
f 2439 2736 2737
f 2439 2737 2437
f 2437 2737 2738
f 2437 2738 2435
f 2435 2738 2739
f 2435 2739 2433
f 2433 2739 2740
f 2433 2740 2431
f 2431 2740 2741
f 2431 2741 2429
f 2429 2741 2742
f 2429 2742 2427
f 2427 2742 2743
f 2427 2743 2730
f 2588 2744 2586
f 2586 2744 2745
f 2586 2745 2584
f 2584 2745 2746
f 2584 2746 2582
f 2582 2746 2747
f 2582 2747 2580
f 2580 2747 2748
f 2580 2748 2578
f 2578 2748 2749
f 2578 2749 2575
f 2575 2749 2750
f 2575 2750 2573
f 2573 2750 2751
f 2573 2751 2571
f 2571 2751 2752
f 2571 2752 2569
f 2569 2752 2753
f 2569 2753 2567
f 2567 2753 2754
f 2567 2754 2565
f 2565 2754 2755
f 2565 2755 2452
f 2452 2755 2731
f 2400 2717 2613
f 2613 2717 2756
f 2613 2756 2611
f 2611 2756 2757
f 2611 2757 2609
f 2609 2757 2758
f 2609 2758 2607
f 2607 2758 2759
f 2607 2759 2605
f 2605 2759 2760
f 2605 2760 2602
f 2602 2760 2761
f 2602 2761 2600
f 2600 2761 2762
f 2600 2762 2598
f 2598 2762 2763
f 2598 2763 2596
f 2596 2763 2764
f 2596 2764 2594
f 2594 2764 2765
f 2594 2765 2592
f 2592 2765 2766
f 2592 2766 2590
f 2590 2766 2767
f 2590 2767 2588
f 2588 2767 2768
f 2588 2768 2744
f 2731 2769 2732
f 2732 2769 2770
f 2732 2770 2733
f 2733 2770 2771
f 2733 2771 2734
f 2734 2771 2772
f 2734 2772 2735
f 2735 2772 2773
f 2735 2773 2736
f 2736 2773 2774
f 2736 2774 2737
f 2737 2774 2775
f 2737 2775 2738
f 2738 2775 2776
f 2738 2776 2739
f 2739 2776 2777
f 2739 2777 2740
f 2740 2777 2778
f 2740 2778 2741
f 2741 2778 2779
f 2741 2779 2742
f 2742 2779 2780
f 2742 2780 2743
f 2743 2780 2781
f 2743 2781 2730
f 2730 2781 2729
f 2729 2781 2782
f 2729 2782 2728
f 2728 2782 2783
f 2728 2783 2727
f 2727 2783 2784
f 2727 2784 2726
f 2726 2784 2785
f 2726 2785 2725
f 2725 2785 2786
f 2725 2786 2724
f 2724 2786 2787
f 2724 2787 2723
f 2723 2787 2788
f 2723 2788 2722
f 2722 2788 2789
f 2722 2789 2721
f 2721 2789 2790
f 2721 2790 2720
f 2720 2790 2791
f 2720 2791 2719
f 2719 2791 2792
f 2719 2792 2718
f 2718 2792 2793
f 2718 2793 2717
f 2793 2794 2717
f 2717 2794 2756
f 2756 2794 2757
f 2757 2794 2795
f 2757 2795 2758
f 2758 2795 2796
f 2758 2796 2759
f 2759 2796 2797
f 2759 2797 2760
f 2760 2797 2798
f 2760 2798 2761
f 2761 2798 2799
f 2761 2799 2762
f 2762 2799 2800
f 2762 2800 2763
f 2763 2800 2801
f 2763 2801 2764
f 2764 2801 2802
f 2764 2802 2765
f 2765 2802 2803
f 2765 2803 2766
f 2766 2803 2804
f 2766 2804 2767
f 2767 2804 2805
f 2767 2805 2768
f 2768 2805 2744
f 2744 2805 2806
f 2744 2806 2745
f 2745 2806 2807
f 2745 2807 2746
f 2746 2807 2808
f 2746 2808 2747
f 2747 2808 2809
f 2747 2809 2748
f 2748 2809 2810
f 2748 2810 2749
f 2749 2810 2811
f 2749 2811 2750
f 2750 2811 2812
f 2750 2812 2751
f 2751 2812 2813
f 2751 2813 2752
f 2752 2813 2814
f 2752 2814 2753
f 2753 2814 2815
f 2753 2815 2754
f 2754 2815 2816
f 2754 2816 2755
f 2755 2816 2769
f 2755 2769 2731
f 2817 2818 2793
f 2819 2820 2782
f 2782 2820 2821
f 2782 2821 2783
f 2783 2821 2822
f 2783 2822 2784
f 2784 2822 2823
f 2784 2823 2785
f 2785 2823 2824
f 2785 2824 2786
f 2786 2824 2825
f 2786 2825 2787
f 2787 2825 2826
f 2787 2826 2788
f 2788 2826 2827
f 2788 2827 2789
f 2789 2827 2828
f 2789 2828 2790
f 2790 2828 2829
f 2790 2829 2791
f 2791 2829 2817
f 2791 2817 2792
f 2792 2817 2793
f 2819 2782 2830
f 2830 2782 2781
f 2830 2781 2831
f 2831 2781 2780
f 2831 2780 2832
f 2832 2780 2779
f 2832 2779 2833
f 2833 2779 2778
f 2833 2778 2834
f 2834 2778 2777
f 2834 2777 2835
f 2835 2777 2776
f 2835 2776 2836
f 2836 2776 2775
f 2836 2775 2837
f 2837 2775 2774
f 2837 2774 2838
f 2838 2774 2773
f 2838 2773 2839
f 2839 2773 2772
f 2839 2772 2840
f 2840 2772 2771
f 2840 2771 2841
f 2841 2771 2770
f 2841 2770 2842
f 2842 2770 2769
f 2842 2769 2843
f 2844 2845 2806
f 2806 2845 2846
f 2806 2846 2807
f 2807 2846 2847
f 2807 2847 2808
f 2808 2847 2848
f 2808 2848 2809
f 2809 2848 2849
f 2809 2849 2810
f 2810 2849 2850
f 2810 2850 2811
f 2811 2850 2851
f 2811 2851 2812
f 2812 2851 2852
f 2812 2852 2813
f 2813 2852 2853
f 2813 2853 2814
f 2814 2853 2854
f 2814 2854 2815
f 2815 2854 2855
f 2815 2855 2816
f 2816 2855 2843
f 2816 2843 2769
f 2844 2806 2856
f 2856 2806 2805
f 2856 2805 2857
f 2857 2805 2804
f 2857 2804 2858
f 2858 2804 2803
f 2858 2803 2859
f 2859 2803 2802
f 2859 2802 2860
f 2860 2802 2801
f 2860 2801 2861
f 2861 2801 2800
f 2861 2800 2862
f 2862 2800 2799
f 2862 2799 2863
f 2863 2799 2798
f 2863 2798 2864
f 2864 2798 2797
f 2864 2797 2865
f 2865 2797 2796
f 2865 2796 2866
f 2866 2796 2795
f 2866 2795 2867
f 2867 2795 2794
f 2867 2794 2868
f 2868 2794 2793
f 2868 2793 2818
f 2869 2870 2871
f 2871 2870 2872
f 2871 2872 2873
f 2873 2872 2874
f 2873 2874 2875
f 2875 2874 2876
f 2875 2876 2877
f 2877 2876 2878
f 2879 2880 2881
f 2881 2880 2882
f 2881 2882 2878
f 2878 2882 2883
f 2878 2883 2877
f 2884 2885 2886
f 2886 2885 2887
f 2886 2887 2888
f 2888 2887 2889
f 2888 2889 2890
f 2890 2889 2891
f 2890 2891 2892
f 2892 2891 2893
f 2892 2893 2894
f 2894 2893 2895
f 2894 2895 2896
f 2896 2895 2897
f 2896 2897 2898
f 2898 2897 2899
f 2898 2899 2900
f 2900 2899 2901
f 2900 2901 2902
f 2902 2901 2903
f 2902 2903 2904
f 2904 2903 2905
f 2904 2905 2879
f 2879 2905 2906
f 2879 2906 2880
f 2907 2908 2909
f 2909 2908 2910
f 2909 2910 2884
f 2884 2910 2911
f 2884 2911 2885
f 2912 2913 2914
f 2914 2913 2915
f 2914 2915 2916
f 2916 2915 2917
f 2916 2917 2918
f 2918 2917 2919
f 2918 2919 2907
f 2907 2919 2920
f 2907 2920 2908
f 2843 2912 2842
f 2842 2912 2914
f 2842 2914 2841
f 2841 2914 2916
f 2841 2916 2840
f 2840 2916 2918
f 2840 2918 2839
f 2839 2918 2907
f 2839 2907 2838
f 2838 2907 2909
f 2838 2909 2837
f 2837 2909 2884
f 2837 2884 2836
f 2836 2884 2886
f 2836 2886 2835
f 2835 2886 2888
f 2835 2888 2834
f 2834 2888 2890
f 2834 2890 2833
f 2833 2890 2892
f 2833 2892 2832
f 2832 2892 2894
f 2832 2894 2831
f 2831 2894 2830
f 2830 2894 2896
f 2830 2896 2819
f 2870 2818 2872
f 2872 2818 2817
f 2872 2817 2874
f 2874 2817 2829
f 2874 2829 2876
f 2876 2829 2828
f 2876 2828 2878
f 2878 2828 2827
f 2878 2827 2881
f 2881 2827 2826
f 2881 2826 2879
f 2879 2826 2825
f 2879 2825 2904
f 2904 2825 2824
f 2904 2824 2902
f 2902 2824 2823
f 2902 2823 2900
f 2900 2823 2822
f 2900 2822 2898
f 2898 2822 2821
f 2898 2821 2896
f 2896 2821 2820
f 2896 2820 2819
f 2913 2912 2921
f 2921 2912 2922
f 2921 2922 2923
f 2923 2922 2924
f 2923 2924 2925
f 2925 2924 2926
f 2925 2926 2927
f 2927 2926 2928
f 2929 2930 2931
f 2931 2930 2932
f 2931 2932 2928
f 2928 2932 2933
f 2928 2933 2927
f 2934 2935 2936
f 2936 2935 2937
f 2936 2937 2938
f 2938 2937 2939
f 2938 2939 2940
f 2940 2939 2941
f 2940 2941 2942
f 2942 2941 2943
f 2942 2943 2944
f 2944 2943 2945
f 2944 2945 2946
f 2946 2945 2947
f 2946 2947 2948
f 2948 2947 2949
f 2948 2949 2950
f 2950 2949 2951
f 2950 2951 2952
f 2952 2951 2953
f 2952 2953 2954
f 2954 2953 2955
f 2954 2955 2929
f 2929 2955 2956
f 2929 2956 2930
f 2957 2958 2959
f 2959 2958 2960
f 2959 2960 2934
f 2934 2960 2961
f 2934 2961 2935
f 2870 2869 2962
f 2962 2869 2963
f 2962 2963 2964
f 2964 2963 2965
f 2964 2965 2966
f 2966 2965 2967
f 2966 2967 2957
f 2957 2967 2968
f 2957 2968 2958
f 2818 2870 2868
f 2868 2870 2962
f 2868 2962 2867
f 2867 2962 2964
f 2867 2964 2866
f 2866 2964 2966
f 2866 2966 2865
f 2865 2966 2957
f 2865 2957 2864
f 2864 2957 2959
f 2864 2959 2863
f 2863 2959 2934
f 2863 2934 2862
f 2862 2934 2936
f 2862 2936 2861
f 2861 2936 2938
f 2861 2938 2860
f 2860 2938 2940
f 2860 2940 2859
f 2859 2940 2942
f 2859 2942 2858
f 2858 2942 2944
f 2858 2944 2857
f 2857 2944 2856
f 2856 2944 2946
f 2856 2946 2844
f 2912 2843 2922
f 2922 2843 2855
f 2922 2855 2924
f 2924 2855 2854
f 2924 2854 2926
f 2926 2854 2853
f 2926 2853 2928
f 2928 2853 2852
f 2928 2852 2931
f 2931 2852 2851
f 2931 2851 2929
f 2929 2851 2850
f 2929 2850 2954
f 2954 2850 2849
f 2954 2849 2952
f 2952 2849 2848
f 2952 2848 2950
f 2950 2848 2847
f 2950 2847 2948
f 2948 2847 2846
f 2948 2846 2946
f 2946 2846 2845
f 2946 2845 2844
f 2915 2913 2969
f 2970 2917 2971
f 2971 2917 2915
f 2971 2915 2972
f 2972 2915 2969
f 2973 2920 2970
f 2970 2920 2919
f 2970 2919 2917
f 2974 2910 2973
f 2973 2910 2908
f 2973 2908 2920
f 2887 2885 2974
f 2974 2885 2911
f 2974 2911 2910
f 2974 2975 2887
f 2887 2975 2976
f 2887 2976 2889
f 2889 2976 2977
f 2889 2977 2891
f 2891 2977 2978
f 2891 2978 2893
f 2893 2978 2979
f 2893 2979 2895
f 2895 2979 2980
f 2895 2980 2897
f 2897 2980 2981
f 2897 2981 2899
f 2899 2981 2982
f 2899 2982 2901
f 2901 2982 2983
f 2901 2983 2903
f 2903 2983 2984
f 2903 2984 2905
f 2905 2984 2906
f 2906 2984 2985
f 2906 2985 2880
f 2875 2877 2986
f 2986 2877 2883
f 2986 2883 2985
f 2985 2883 2882
f 2985 2882 2880
f 2986 2987 2875
f 2875 2987 2988
f 2875 2988 2873
f 2873 2988 2989
f 2873 2989 2871
f 2869 2871 2990
f 2990 2871 2989
f 2990 2989 2991
f 2992 2991 2993
f 2992 2993 2994
f 2994 2993 2995
f 2994 2995 2996
f 2996 2995 2997
f 2996 2997 2998
f 2998 2997 2999
f 2998 2999 3000
f 3000 2999 3001
f 3000 3001 3002
f 3002 3001 3003
f 3002 3003 3004
f 3004 3003 3005
f 3004 3005 3006
f 3006 3005 3007
f 3006 3007 3008
f 3008 3007 3009
f 3008 3009 3010
f 3010 3009 3011
f 3010 3011 3012
f 3012 3011 3013
f 3012 3013 3014
f 3014 3013 3015
f 3014 3015 3016
f 3016 3015 3017
f 3016 3017 3018
f 3018 3017 3019
f 3018 3019 3020
f 3020 3019 3021
f 3020 3021 3022
f 3022 3021 3023
f 3022 3023 3024
f 3024 3023 3025
f 3024 3025 3026
f 3026 3025 3027
f 3026 3027 3028
f 3028 3027 3029
f 3028 3029 3030
f 3030 3029 3031
f 3030 3031 3032
f 3032 3031 3033
f 3032 3033 3034
f 2991 2989 2993
f 2993 2989 2988
f 2993 2988 2995
f 2995 2988 2987
f 2995 2987 2997
f 2997 2987 2986
f 2997 2986 2999
f 2999 2986 2985
f 2999 2985 3001
f 3001 2985 2984
f 3001 2984 3003
f 3003 2984 2983
f 3003 2983 3005
f 3005 2983 2982
f 3005 2982 3007
f 3007 2982 2981
f 3007 2981 3009
f 3009 2981 2980
f 3009 2980 3011
f 3011 2980 2979
f 3011 2979 3013
f 3013 2979 2978
f 3013 2978 3015
f 3015 2978 2977
f 3015 2977 3017
f 3017 2977 2976
f 3017 2976 3019
f 3019 2976 2975
f 3019 2975 3021
f 3021 2975 2974
f 3021 2974 3023
f 3023 2974 2973
f 3023 2973 3025
f 3025 2973 2970
f 3025 2970 3027
f 3027 2970 2971
f 3027 2971 3029
f 3029 2971 2972
f 3029 2972 3031
f 3031 2972 2969
f 3031 2969 3033
f 3035 2965 3036
f 3036 2965 2963
f 3036 2963 3037
f 3037 2963 2869
f 3037 2869 2990
f 3038 2968 3035
f 3035 2968 2967
f 3035 2967 2965
f 3039 2960 3038
f 3038 2960 2958
f 3038 2958 2968
f 2937 2935 3039
f 3039 2935 2961
f 3039 2961 2960
f 3039 3040 2937
f 2937 3040 3041
f 2937 3041 2939
f 2939 3041 3042
f 2939 3042 2941
f 2941 3042 3043
f 2941 3043 2943
f 2943 3043 3044
f 2943 3044 2945
f 2945 3044 3045
f 2945 3045 2947
f 2947 3045 3046
f 2947 3046 2949
f 2949 3046 3047
f 2949 3047 2951
f 2951 3047 3048
f 2951 3048 2953
f 2953 3048 3049
f 2953 3049 2955
f 2955 3049 2956
f 2956 3049 3050
f 2956 3050 2930
f 2925 2927 3051
f 3051 2927 2933
f 3051 2933 3050
f 3050 2933 2932
f 3050 2932 2930
f 3051 3052 2925
f 2925 3052 3053
f 2925 3053 2923
f 2923 3053 3054
f 2923 3054 2921
f 2913 2921 2969
f 2969 2921 3054
f 2969 3054 3033
f 3034 3033 3055
f 3034 3055 3056
f 3056 3055 3057
f 3056 3057 3058
f 3058 3057 3059
f 3058 3059 3060
f 3060 3059 3061
f 3060 3061 3062
f 3062 3061 3063
f 3062 3063 3064
f 3064 3063 3065
f 3064 3065 3066
f 3066 3065 3067
f 3066 3067 3068
f 3068 3067 3069
f 3068 3069 3070
f 3070 3069 3071
f 3070 3071 3072
f 3072 3071 3073
f 3072 3073 3074
f 3074 3073 3075
f 3074 3075 3076
f 3076 3075 3077
f 3076 3077 3078
f 3078 3077 3079
f 3078 3079 3080
f 3080 3079 3081
f 3080 3081 3082
f 3082 3081 3083
f 3082 3083 3084
f 3084 3083 3085
f 3084 3085 3086
f 3086 3085 3087
f 3086 3087 3088
f 3088 3087 3089
f 3088 3089 3090
f 3090 3089 3091
f 3090 3091 3092
f 3092 3091 3093
f 3092 3093 3094
f 3094 3093 2991
f 3094 2991 2992
f 3033 3054 3055
f 3055 3054 3053
f 3055 3053 3057
f 3057 3053 3052
f 3057 3052 3059
f 3059 3052 3051
f 3059 3051 3061
f 3061 3051 3050
f 3061 3050 3063
f 3063 3050 3049
f 3063 3049 3065
f 3065 3049 3048
f 3065 3048 3067
f 3067 3048 3047
f 3067 3047 3069
f 3069 3047 3046
f 3069 3046 3071
f 3071 3046 3045
f 3071 3045 3073
f 3073 3045 3044
f 3073 3044 3075
f 3075 3044 3043
f 3075 3043 3077
f 3077 3043 3042
f 3077 3042 3079
f 3079 3042 3041
f 3079 3041 3081
f 3081 3041 3040
f 3081 3040 3083
f 3083 3040 3039
f 3083 3039 3085
f 3085 3039 3038
f 3085 3038 3087
f 3087 3038 3035
f 3087 3035 3089
f 3089 3035 3036
f 3089 3036 3091
f 3091 3036 3037
f 3091 3037 3093
f 3093 3037 2990
f 3093 2990 2991
f 3095 3026 3096
f 3096 3026 3028
f 3096 3028 3097
f 3097 3028 3030
f 3097 3030 3098
f 3098 3030 3032
f 3098 3032 3099
f 3099 3032 3034
f 3099 3034 3100
f 3101 3002 3102
f 3102 3002 3004
f 3102 3004 3103
f 3103 3004 3006
f 3103 3006 3104
f 3104 3006 3008
f 3104 3008 3105
f 3105 3008 3010
f 3105 3010 3106
f 3106 3010 3012
f 3106 3012 3107
f 3107 3012 3014
f 3107 3014 3108
f 3108 3014 3016
f 3108 3016 3109
f 3109 3016 3018
f 3109 3018 3110
f 3110 3018 3020
f 3110 3020 3111
f 3111 3020 3022
f 3111 3022 3095
f 3095 3022 3024
f 3095 3024 3026
f 3112 2992 3113
f 3113 2992 2994
f 3113 2994 3114
f 3114 2994 2996
f 3114 2996 3115
f 3115 2996 2998
f 3115 2998 3101
f 3101 2998 3000
f 3101 3000 3002
f 3116 3088 3117
f 3117 3088 3090
f 3117 3090 3118
f 3118 3090 3092
f 3118 3092 3119
f 3119 3092 3094
f 3119 3094 3120
f 3120 3094 2992
f 3120 2992 3121
f 3121 2992 3112
f 3122 3123 3060
f 3060 3123 3058
f 3058 3123 3124
f 3058 3124 3056
f 3056 3124 3125
f 3056 3125 3034
f 3034 3125 3126
f 3034 3126 3100
f 3060 3062 3122
f 3122 3062 3064
f 3122 3064 3127
f 3127 3064 3066
f 3127 3066 3128
f 3128 3066 3068
f 3128 3068 3129
f 3129 3068 3070
f 3129 3070 3130
f 3130 3070 3072
f 3130 3072 3131
f 3131 3072 3074
f 3131 3074 3132
f 3132 3074 3076
f 3132 3076 3133
f 3133 3076 3078
f 3133 3078 3134
f 3134 3078 3080
f 3134 3080 3135
f 3135 3080 3082
f 3135 3082 3136
f 3136 3082 3084
f 3136 3084 3116
f 3116 3084 3086
f 3116 3086 3088
f 3137 5 3138
f 3138 5 3139
f 3138 3139 3140
f 3140 3139 3141
f 3140 3141 3142
f 3142 3141 3143
f 3142 3143 3144
f 3144 3143 3145
f 3144 3145 3146
f 3146 3145 3147
f 3146 3147 3148
f 3148 3147 3149
f 3148 3149 3150
f 3150 3149 225
f 3150 225 3151
f 3151 225 3152
f 3151 3152 3153
f 3153 3152 3154
f 3153 3154 3155
f 3155 3154 3156
f 3155 3156 3157
f 3157 3156 3158
f 3157 3158 3159
f 3159 3158 3160
f 3159 3160 3161
f 3161 3160 3162
f 3161 3162 3163
f 3163 3162 62
f 3164 3165 3166
f 3166 3165 3167
f 3166 3167 3168
f 3168 3167 3169
f 3168 3169 3170
f 3170 3169 3171
f 3170 3171 3172
f 3172 3171 3173
f 3172 3173 3174
f 3174 3173 3175
f 3174 3175 3176
f 3176 3175 3177
f 3176 3177 3178
f 3178 3177 3179
f 3178 3179 3180
f 3180 3179 3181
f 3180 3181 3182
f 3182 3181 3183
f 3182 3183 3184
f 3184 3183 3185
f 3184 3185 3186
f 3186 3185 3187
f 3186 3187 3188
f 3188 3187 3189
f 3188 3189 3190
f 3190 3189 3191
f 3190 3191 3192
f 3192 3191 3193
f 3192 3193 3194
f 3194 3193 3195
f 3194 3195 3196
f 3196 3195 3197
f 3196 3197 3198
f 3198 3197 3199
f 3198 3199 3200
f 3200 3199 3201
f 3200 3201 3202
f 3202 3201 3203
f 3202 3203 3204
f 3204 3203 3205
f 3204 3205 3206
f 3206 3205 3207
f 3208 3100 3209
f 3209 3100 3126
f 3209 3126 3210
f 3210 3126 3125
f 3210 3125 3211
f 3211 3125 3124
f 3211 3124 3212
f 3212 3124 3123
f 3212 3123 3213
f 3213 3123 3122
f 3213 3122 3214
f 3214 3122 3127
f 3214 3127 3215
f 3215 3127 3128
f 3215 3128 3216
f 3216 3128 3129
f 3216 3129 3217
f 3217 3129 3130
f 3217 3130 3218
f 3218 3130 3131
f 3218 3131 3219
f 3219 3131 3132
f 3219 3132 3220
f 3220 3132 3133
f 3220 3133 3221
f 3221 3133 3134
f 3221 3134 3222
f 3222 3134 3135
f 3222 3135 3223
f 3223 3135 3136
f 3223 3136 3224
f 3224 3136 3116
f 3224 3116 3225
f 3225 3116 3117
f 3225 3117 3226
f 3226 3117 3118
f 3226 3118 3227
f 3227 3118 3119
f 3227 3119 3228
f 3228 3119 3120
f 3228 3120 3229
f 3229 3120 3121
f 3165 3208 3167
f 3167 3208 3209
f 3167 3209 3169
f 3169 3209 3210
f 3169 3210 3171
f 3171 3210 3211
f 3171 3211 3173
f 3173 3211 3212
f 3173 3212 3175
f 3175 3212 3213
f 3175 3213 3177
f 3177 3213 3214
f 3177 3214 3179
f 3179 3214 3215
f 3179 3215 3181
f 3181 3215 3216
f 3181 3216 3183
f 3183 3216 3217
f 3183 3217 3185
f 3185 3217 3218
f 3185 3218 3187
f 3187 3218 3219
f 3187 3219 3189
f 3189 3219 3220
f 3189 3220 3191
f 3191 3220 3221
f 3191 3221 3193
f 3193 3221 3222
f 3193 3222 3195
f 3195 3222 3223
f 3195 3223 3197
f 3197 3223 3224
f 3197 3224 3199
f 3199 3224 3225
f 3199 3225 3201
f 3201 3225 3226
f 3201 3226 3203
f 3203 3226 3227
f 3203 3227 3205
f 3205 3227 3228
f 3205 3228 3207
f 3207 3228 3229
f 3206 3207 3230
f 3230 3207 3231
f 3230 3231 3232
f 3232 3231 3233
f 3232 3233 3234
f 3234 3233 3235
f 3234 3235 3236
f 3236 3235 3237
f 3236 3237 3238
f 3238 3237 3239
f 3238 3239 3240
f 3240 3239 3241
f 3240 3241 3242
f 3242 3241 3243
f 3242 3243 3244
f 3244 3243 3245
f 3244 3245 3246
f 3246 3245 3247
f 3246 3247 3248
f 3248 3247 3249
f 3248 3249 3250
f 3250 3249 3251
f 3250 3251 3252
f 3252 3251 3253
f 3252 3253 3254
f 3254 3253 3255
f 3254 3255 3256
f 3256 3255 3257
f 3256 3257 3258
f 3258 3257 3259
f 3258 3259 3260
f 3260 3259 3261
f 3260 3261 3262
f 3262 3261 3263
f 3262 3263 3264
f 3264 3263 3265
f 3264 3265 3266
f 3266 3265 3267
f 3266 3267 3268
f 3268 3267 3269
f 3268 3269 3164
f 3164 3269 3165
f 3229 3121 3270
f 3270 3121 3112
f 3270 3112 3271
f 3271 3112 3113
f 3271 3113 3272
f 3272 3113 3114
f 3272 3114 3273
f 3273 3114 3115
f 3273 3115 3274
f 3274 3115 3101
f 3274 3101 3275
f 3275 3101 3102
f 3275 3102 3276
f 3276 3102 3103
f 3276 3103 3277
f 3277 3103 3104
f 3277 3104 3278
f 3278 3104 3105
f 3278 3105 3279
f 3279 3105 3106
f 3279 3106 3280
f 3280 3106 3107
f 3280 3107 3281
f 3281 3107 3108
f 3281 3108 3282
f 3282 3108 3109
f 3282 3109 3283
f 3283 3109 3110
f 3283 3110 3284
f 3284 3110 3111
f 3284 3111 3285
f 3285 3111 3095
f 3285 3095 3286
f 3286 3095 3096
f 3286 3096 3287
f 3287 3096 3097
f 3287 3097 3288
f 3288 3097 3098
f 3288 3098 3289
f 3289 3098 3099
f 3289 3099 3208
f 3208 3099 3100
f 3207 3229 3231
f 3231 3229 3270
f 3231 3270 3233
f 3233 3270 3271
f 3233 3271 3235
f 3235 3271 3272
f 3235 3272 3237
f 3237 3272 3273
f 3237 3273 3239
f 3239 3273 3274
f 3239 3274 3241
f 3241 3274 3275
f 3241 3275 3243
f 3243 3275 3276
f 3243 3276 3245
f 3245 3276 3277
f 3245 3277 3247
f 3247 3277 3278
f 3247 3278 3249
f 3249 3278 3279
f 3249 3279 3251
f 3251 3279 3280
f 3251 3280 3253
f 3253 3280 3281
f 3253 3281 3255
f 3255 3281 3282
f 3255 3282 3257
f 3257 3282 3283
f 3257 3283 3259
f 3259 3283 3284
f 3259 3284 3261
f 3261 3284 3285
f 3261 3285 3263
f 3263 3285 3286
f 3263 3286 3265
f 3265 3286 3287
f 3265 3287 3267
f 3267 3287 3288
f 3267 3288 3269
f 3269 3288 3289
f 3269 3289 3165
f 3165 3289 3208
f 3150 3151 3246
f 3268 3137 3266
f 3266 3137 3138
f 3266 3138 3264
f 3264 3138 3140
f 3264 3140 3262
f 3262 3140 3142
f 3246 3151 3244
f 3244 3151 3153
f 3244 3153 3242
f 3146 3256 3144
f 3144 3256 3258
f 3144 3258 3142
f 3142 3258 3260
f 3142 3260 3262
f 3242 3153 3240
f 3240 3153 3155
f 3240 3155 3238
f 3238 3155 3157
f 3238 3157 3236
f 3246 3248 3150
f 3150 3248 3250
f 3150 3250 3148
f 3148 3250 3252
f 3148 3252 3146
f 3146 3252 3254
f 3146 3254 3256
f 3290 3192 3291
f 3291 3192 3194
f 3291 3194 3292
f 3293 3174 3294
f 3294 3174 3176
f 3294 3176 3295
f 3268 3164 3137
f 3137 3164 3166
f 3137 3166 3296
f 3296 3166 3168
f 3296 3168 3297
f 3297 3168 3170
f 3297 3170 3293
f 3293 3170 3172
f 3293 3172 3174
f 3176 3178 3295
f 3295 3178 3180
f 3295 3180 3298
f 3298 3180 3182
f 3298 3182 3299
f 3182 3184 3299
f 3299 3184 3186
f 3299 3186 3300
f 3300 3186 3188
f 3300 3188 3290
f 3290 3188 3190
f 3290 3190 3192
f 3236 3157 3234
f 3234 3157 3159
f 3234 3159 3232
f 3232 3159 3161
f 3232 3161 3230
f 3230 3161 3163
f 3230 3163 3206
f 3194 3196 3292
f 3292 3196 3198
f 3292 3198 3301
f 3301 3198 3200
f 3301 3200 3302
f 3302 3200 3202
f 3302 3202 3163
f 3163 3202 3204
f 3163 3204 3206
f 3163 62 3302
f 3302 62 3303
f 3302 3303 3301
f 3301 3303 3304
f 3301 3304 3292
f 3292 3304 3305
f 3292 3305 3291
f 3291 3305 3306
f 3291 3306 3290
f 3290 3306 3307
f 3290 3307 3300
f 3300 3307 3308
f 3300 3308 3299
f 3299 3308 33
f 3299 33 3298
f 3298 33 3309
f 3298 3309 3295
f 3295 3309 3310
f 3295 3310 3294
f 3294 3310 3311
f 3294 3311 3293
f 3293 3311 3312
f 3293 3312 3297
f 3297 3312 3313
f 3297 3313 3296
f 3296 3313 3314
f 3296 3314 3137
f 3137 3314 5
f 3315 3316 3309
f 3317 3318 3312
f 3319 5 3320
f 3320 5 3314
f 3320 3314 3321
f 3321 3314 3313
f 3321 3313 3322
f 3312 3318 3313
f 3313 3318 3323
f 3313 3323 3322
f 3317 3312 3324
f 3324 3312 3311
f 3324 3311 3325
f 3325 3311 3310
f 3325 3310 3326
f 3309 3316 3310
f 3310 3316 3327
f 3310 3327 3326
f 3315 3309 3328
f 3328 3309 33
f 3328 33 3329
f 3308 3330 33
f 33 3330 3331
f 33 3331 3329
f 3332 3333 3307
f 3307 3333 3334
f 3307 3334 3308
f 3308 3334 3335
f 3308 3335 3330
f 3332 3307 3336
f 3336 3307 3306
f 3336 3306 3337
f 3337 3306 3305
f 3337 3305 3338
f 3338 3305 3339
f 3339 3305 3304
f 3339 3304 3340
f 62 3341 3303
f 3303 3341 3342
f 3303 3342 3304
f 3304 3342 3343
f 3304 3343 3340
f 3344 3345 3152
f 3346 3347 3158
f 3341 62 3348
f 3348 62 3162
f 3348 3162 3349
f 3349 3162 3160
f 3349 3160 3350
f 3158 3347 3160
f 3160 3347 3351
f 3160 3351 3350
f 3346 3158 3352
f 3352 3158 3156
f 3352 3156 3353
f 3353 3156 3154
f 3353 3154 3354
f 3152 3345 3154
f 3154 3345 3355
f 3154 3355 3354
f 3344 3152 3356
f 3356 3152 225
f 3356 225 3357
f 3149 3358 225
f 225 3358 3359
f 225 3359 3357
f 3360 3361 3147
f 3147 3361 3362
f 3147 3362 3149
f 3149 3362 3363
f 3149 3363 3358
f 3360 3147 3364
f 3364 3147 3145
f 3364 3145 3365
f 3365 3145 3143
f 3365 3143 3366
f 3366 3143 3367
f 3367 3143 3141
f 3367 3141 3368
f 5 3319 3139
f 3139 3319 3369
f 3139 3369 3141
f 3141 3369 3370
f 3141 3370 3368
f 3329 3371 3372
f 3373 3374 3375
f 3373 3375 3376
f 3376 3375 3377
f 3376 3377 3378
f 3378 3377 3379
f 3378 3379 3380
f 3380 3379 3381
f 3380 3381 3382
f 3382 3381 3383
f 3382 3383 3384
f 3384 3383 3385
f 3384 3385 3386
f 3386 3385 3387
f 3386 3387 3388
f 3388 3387 3389
f 3388 3389 3390
f 3390 3389 3391
f 3390 3391 3392
f 3392 3391 3393
f 3392 3393 3394
f 3394 3393 3395
f 3394 3395 3396
f 3396 3395 3397
f 3396 3397 3398
f 3398 3397 3399
f 3398 3399 3400
f 3400 3399 3401
f 3400 3401 3402
f 3402 3401 3403
f 3402 3403 3404
f 3404 3403 3405
f 3404 3405 3406
f 3406 3405 3407
f 3406 3407 3408
f 3408 3407 3409
f 3408 3409 3410
f 3410 3409 3411
f 3410 3411 3412
f 3329 3372 3328
f 3328 3372 3413
f 3328 3413 3315
f 3318 3317 3414
f 3414 3317 3324
f 3414 3324 3415
f 3415 3324 3325
f 3415 3325 3416
f 3416 3325 3326
f 3416 3326 3417
f 3417 3326 3327
f 3417 3327 3413
f 3413 3327 3316
f 3413 3316 3315
f 3318 3414 3323
f 3323 3414 3418
f 3323 3418 3322
f 3322 3418 3419
f 3322 3419 3321
f 3321 3419 3420
f 3321 3420 3320
f 3320 3420 3319
f 3319 3420 3421
f 3319 3421 3369
f 3369 3421 3422
f 3369 3422 3370
f 3361 3360 3423
f 3423 3360 3364
f 3423 3364 3424
f 3424 3364 3365
f 3424 3365 3425
f 3425 3365 3366
f 3425 3366 3426
f 3426 3366 3367
f 3426 3367 3422
f 3422 3367 3368
f 3422 3368 3370
f 3361 3423 3362
f 3362 3423 3427
f 3362 3427 3363
f 3363 3427 3428
f 3363 3428 3358
f 3358 3428 3429
f 3358 3429 3359
f 3357 3359 3430
f 3430 3359 3429
f 3430 3429 3431
f 3374 3431 3432
f 3374 3432 3375
f 3375 3432 3433
f 3375 3433 3377
f 3377 3433 3434
f 3377 3434 3379
f 3379 3434 3435
f 3379 3435 3381
f 3381 3435 3436
f 3381 3436 3383
f 3383 3436 3437
f 3383 3437 3385
f 3385 3437 3438
f 3385 3438 3387
f 3387 3438 3439
f 3387 3439 3389
f 3389 3439 3440
f 3389 3440 3391
f 3391 3440 3441
f 3391 3441 3393
f 3393 3441 3442
f 3393 3442 3395
f 3395 3442 3443
f 3395 3443 3397
f 3397 3443 3444
f 3397 3444 3399
f 3399 3444 3445
f 3399 3445 3401
f 3401 3445 3446
f 3401 3446 3403
f 3403 3446 3447
f 3403 3447 3405
f 3405 3447 3448
f 3405 3448 3407
f 3407 3448 3449
f 3407 3449 3409
f 3409 3449 3450
f 3409 3450 3411
f 3431 3429 3432
f 3432 3429 3428
f 3432 3428 3433
f 3433 3428 3427
f 3433 3427 3434
f 3434 3427 3423
f 3434 3423 3435
f 3435 3423 3424
f 3435 3424 3436
f 3436 3424 3425
f 3436 3425 3437
f 3437 3425 3426
f 3437 3426 3438
f 3438 3426 3422
f 3438 3422 3439
f 3439 3422 3421
f 3439 3421 3440
f 3440 3421 3420
f 3440 3420 3441
f 3441 3420 3419
f 3441 3419 3442
f 3442 3419 3418
f 3442 3418 3443
f 3443 3418 3414
f 3443 3414 3444
f 3444 3414 3415
f 3444 3415 3445
f 3445 3415 3416
f 3445 3416 3446
f 3446 3416 3417
f 3446 3417 3447
f 3447 3417 3413
f 3447 3413 3448
f 3448 3413 3372
f 3448 3372 3449
f 3449 3372 3371
f 3449 3371 3450
f 3451 3452 1158
f 3453 3454 1152
f 3455 619 3456
f 3456 619 1148
f 3456 1148 3457
f 3457 1148 1150
f 3457 1150 3458
f 1152 3454 1150
f 1150 3454 3459
f 1150 3459 3458
f 3453 1152 3460
f 3460 1152 1154
f 3460 1154 3461
f 3461 1154 1156
f 3461 1156 3462
f 1158 3452 1156
f 1156 3452 3463
f 1156 3463 3462
f 3451 1158 3464
f 3464 1158 647
f 3464 647 3465
f 1161 3466 647
f 647 3466 3467
f 647 3467 3465
f 3468 3469 1163
f 1163 3469 3470
f 1163 3470 1161
f 1161 3470 3471
f 1161 3471 3466
f 3468 1163 3472
f 3472 1163 1165
f 3472 1165 3473
f 3473 1165 1167
f 3473 1167 3474
f 3474 1167 3475
f 3475 1167 1169
f 3475 1169 3476
f 675 3477 1171
f 1171 3477 3478
f 1171 3478 1169
f 1169 3478 3479
f 1169 3479 3476
f 3480 3481 1132
f 3482 3483 1126
f 3477 675 3484
f 3484 675 1122
f 3484 1122 3485
f 3485 1122 1124
f 3485 1124 3486
f 1126 3483 1124
f 1124 3483 3487
f 1124 3487 3486
f 3482 1126 3488
f 3488 1126 1128
f 3488 1128 3489
f 3489 1128 1130
f 3489 1130 3490
f 1132 3481 1130
f 1130 3481 3491
f 1130 3491 3490
f 3480 1132 3492
f 3492 1132 785
f 3492 785 3493
f 1135 3494 785
f 785 3494 3495
f 785 3495 3493
f 3496 3497 1137
f 1137 3497 3498
f 1137 3498 1135
f 1135 3498 3499
f 1135 3499 3494
f 3496 1137 3500
f 3500 1137 1139
f 3500 1139 3501
f 3501 1139 1141
f 3501 1141 3502
f 3502 1141 3503
f 3503 1141 1143
f 3503 1143 3504
f 619 3455 1145
f 1145 3455 3505
f 1145 3505 1143
f 1143 3505 3506
f 1143 3506 3504
f 3465 3507 3508
f 3412 3509 3510
f 3412 3510 3410
f 3410 3510 3511
f 3410 3511 3408
f 3408 3511 3512
f 3408 3512 3406
f 3406 3512 3513
f 3406 3513 3404
f 3404 3513 3514
f 3404 3514 3402
f 3402 3514 3515
f 3402 3515 3400
f 3400 3515 3516
f 3400 3516 3398
f 3398 3516 3517
f 3398 3517 3396
f 3396 3517 3518
f 3396 3518 3394
f 3394 3518 3519
f 3394 3519 3392
f 3392 3519 3520
f 3392 3520 3390
f 3390 3520 3521
f 3390 3521 3388
f 3388 3521 3522
f 3388 3522 3386
f 3386 3522 3523
f 3386 3523 3384
f 3384 3523 3524
f 3384 3524 3382
f 3382 3524 3525
f 3382 3525 3380
f 3380 3525 3526
f 3380 3526 3378
f 3378 3526 3527
f 3378 3527 3376
f 3376 3527 3528
f 3376 3528 3373
f 3465 3508 3464
f 3464 3508 3529
f 3464 3529 3451
f 3454 3453 3530
f 3530 3453 3460
f 3530 3460 3531
f 3531 3460 3461
f 3531 3461 3532
f 3532 3461 3462
f 3532 3462 3533
f 3533 3462 3463
f 3533 3463 3529
f 3529 3463 3452
f 3529 3452 3451
f 3454 3530 3459
f 3459 3530 3534
f 3459 3534 3458
f 3458 3534 3535
f 3458 3535 3457
f 3457 3535 3536
f 3457 3536 3456
f 3456 3536 3455
f 3455 3536 3537
f 3455 3537 3505
f 3505 3537 3538
f 3505 3538 3506
f 3497 3496 3539
f 3539 3496 3500
f 3539 3500 3540
f 3540 3500 3501
f 3540 3501 3541
f 3541 3501 3502
f 3541 3502 3542
f 3542 3502 3503
f 3542 3503 3538
f 3538 3503 3504
f 3538 3504 3506
f 3497 3539 3498
f 3498 3539 3543
f 3498 3543 3499
f 3499 3543 3544
f 3499 3544 3494
f 3494 3544 3545
f 3494 3545 3495
f 3493 3495 3546
f 3546 3495 3545
f 3546 3545 3547
f 3509 3547 3548
f 3509 3548 3510
f 3510 3548 3549
f 3510 3549 3511
f 3511 3549 3550
f 3511 3550 3512
f 3512 3550 3551
f 3512 3551 3513
f 3513 3551 3552
f 3513 3552 3514
f 3514 3552 3553
f 3514 3553 3515
f 3515 3553 3554
f 3515 3554 3516
f 3516 3554 3555
f 3516 3555 3517
f 3517 3555 3556
f 3517 3556 3518
f 3518 3556 3557
f 3518 3557 3519
f 3519 3557 3558
f 3519 3558 3520
f 3520 3558 3559
f 3520 3559 3521
f 3521 3559 3560
f 3521 3560 3522
f 3522 3560 3561
f 3522 3561 3523
f 3523 3561 3562
f 3523 3562 3524
f 3524 3562 3563
f 3524 3563 3525
f 3525 3563 3564
f 3525 3564 3526
f 3526 3564 3565
f 3526 3565 3527
f 3527 3565 3566
f 3527 3566 3528
f 3547 3545 3548
f 3548 3545 3544
f 3548 3544 3549
f 3549 3544 3543
f 3549 3543 3550
f 3550 3543 3539
f 3550 3539 3551
f 3551 3539 3540
f 3551 3540 3552
f 3552 3540 3541
f 3552 3541 3553
f 3553 3541 3542
f 3553 3542 3554
f 3554 3542 3538
f 3554 3538 3555
f 3555 3538 3537
f 3555 3537 3556
f 3556 3537 3536
f 3556 3536 3557
f 3557 3536 3535
f 3557 3535 3558
f 3558 3535 3534
f 3558 3534 3559
f 3559 3534 3530
f 3559 3530 3560
f 3560 3530 3531
f 3560 3531 3561
f 3561 3531 3532
f 3561 3532 3562
f 3562 3532 3533
f 3562 3533 3563
f 3563 3533 3529
f 3563 3529 3564
f 3564 3529 3508
f 3564 3508 3565
f 3565 3508 3507
f 3565 3507 3566
f 3357 3430 3567
f 3568 3569 3570
f 3570 3571 3568
f 3568 3571 3572
f 3568 3572 3573
f 3573 3572 3574
f 3573 3574 3575
f 3575 3574 3576
f 3575 3576 3577
f 3577 3576 3578
f 3577 3578 3579
f 3579 3578 3580
f 3579 3580 3581
f 3581 3580 3582
f 3581 3582 3583
f 3583 3582 3584
f 3583 3584 3585
f 3585 3584 3374
f 3585 3374 3373
f 3357 3567 3356
f 3356 3567 3586
f 3356 3586 3344
f 3347 3346 3587
f 3587 3346 3352
f 3587 3352 3588
f 3588 3352 3353
f 3588 3353 3589
f 3589 3353 3354
f 3589 3354 3590
f 3590 3354 3355
f 3590 3355 3586
f 3586 3355 3345
f 3586 3345 3344
f 3347 3587 3351
f 3351 3587 3591
f 3351 3591 3350
f 3350 3591 3592
f 3350 3592 3349
f 3349 3592 3593
f 3349 3593 3348
f 3348 3593 3341
f 3341 3593 3594
f 3341 3594 3342
f 3342 3594 3595
f 3342 3595 3343
f 3333 3332 3596
f 3596 3332 3336
f 3596 3336 3597
f 3597 3336 3337
f 3597 3337 3598
f 3598 3337 3338
f 3598 3338 3599
f 3599 3338 3339
f 3599 3339 3595
f 3595 3339 3340
f 3595 3340 3343
f 3333 3596 3334
f 3334 3596 3600
f 3334 3600 3335
f 3335 3600 3601
f 3335 3601 3330
f 3330 3601 3602
f 3330 3602 3331
f 3329 3331 3371
f 3371 3331 3602
f 3371 3602 3450
f 3411 3450 3603
f 3604 3605 3606
f 3606 3605 3607
f 3606 3607 3608
f 3608 3607 3609
f 3608 3609 3610
f 3610 3609 3611
f 3610 3611 3612
f 3612 3611 3613
f 3612 3613 3614
f 3614 3613 3615
f 3614 3615 3616
f 3616 3615 3617
f 3616 3617 3618
f 3618 3617 3412
f 3618 3412 3411
f 3569 3619 3570
f 3570 3619 3620
f 3570 3620 3621
f 3621 3620 3622
f 3621 3622 3604
f 3604 3622 3623
f 3604 3623 3605
f 3411 3603 3618
f 3618 3603 3624
f 3618 3624 3616
f 3616 3624 3625
f 3616 3625 3614
f 3614 3625 3626
f 3614 3626 3612
f 3612 3626 3627
f 3612 3627 3610
f 3610 3627 3628
f 3610 3628 3608
f 3608 3628 3629
f 3608 3629 3606
f 3606 3629 3630
f 3606 3630 3604
f 3604 3630 3631
f 3604 3631 3621
f 3621 3631 3632
f 3621 3632 3570
f 3570 3632 3633
f 3570 3633 3571
f 3571 3633 3634
f 3571 3634 3572
f 3572 3634 3635
f 3572 3635 3574
f 3574 3635 3636
f 3574 3636 3576
f 3576 3636 3637
f 3576 3637 3578
f 3578 3637 3638
f 3578 3638 3580
f 3580 3638 3639
f 3580 3639 3582
f 3582 3639 3640
f 3582 3640 3584
f 3584 3640 3431
f 3584 3431 3374
f 3450 3602 3603
f 3603 3602 3601
f 3603 3601 3624
f 3624 3601 3600
f 3624 3600 3625
f 3625 3600 3596
f 3625 3596 3626
f 3626 3596 3597
f 3626 3597 3627
f 3627 3597 3598
f 3627 3598 3628
f 3628 3598 3599
f 3628 3599 3629
f 3629 3599 3595
f 3629 3595 3630
f 3630 3595 3594
f 3630 3594 3631
f 3631 3594 3593
f 3631 3593 3632
f 3632 3593 3592
f 3632 3592 3633
f 3633 3592 3591
f 3633 3591 3634
f 3634 3591 3587
f 3634 3587 3635
f 3635 3587 3588
f 3635 3588 3636
f 3636 3588 3589
f 3636 3589 3637
f 3637 3589 3590
f 3637 3590 3638
f 3638 3590 3586
f 3638 3586 3639
f 3639 3586 3567
f 3639 3567 3640
f 3640 3567 3430
f 3640 3430 3431
f 3641 3642 3620
f 3620 3642 3643
f 3620 3643 3622
f 3619 3569 3644
f 3641 3620 3645
f 3645 3620 3619
f 3645 3619 3646
f 3646 3619 3644
f 3646 3644 3647
f 3648 3649 3650
f 3651 3652 3653
f 3654 3655 3656
f 3653 3652 3657
f 3657 3652 3658
f 3657 3658 3649
f 3648 3650 3622
f 3622 3650 3623
f 3623 3650 3659
f 3623 3659 3605
f 3605 3659 3660
f 3605 3660 3607
f 3607 3660 3661
f 3607 3661 3609
f 3609 3661 3662
f 3609 3662 3611
f 3611 3662 3663
f 3611 3663 3613
f 3613 3663 3664
f 3613 3664 3615
f 3615 3664 3665
f 3615 3665 3617
f 3617 3665 3509
f 3617 3509 3412
f 3481 3480 3666
f 3666 3480 3492
f 3666 3492 3667
f 3667 3492 3493
f 3667 3493 3546
f 3481 3666 3491
f 3491 3666 3668
f 3491 3668 3490
f 3490 3668 3669
f 3490 3669 3489
f 3489 3669 3670
f 3489 3670 3488
f 3488 3670 3671
f 3488 3671 3482
f 3672 3485 3673
f 3673 3485 3486
f 3673 3486 3674
f 3674 3486 3487
f 3674 3487 3671
f 3671 3487 3483
f 3671 3483 3482
f 3478 3477 3672
f 3672 3477 3484
f 3672 3484 3485
f 3672 3654 3478
f 3478 3654 3675
f 3478 3675 3479
f 3469 3468 3676
f 3676 3468 3472
f 3676 3472 3677
f 3677 3472 3473
f 3677 3473 3678
f 3678 3473 3474
f 3678 3474 3679
f 3679 3474 3475
f 3679 3475 3675
f 3675 3475 3476
f 3675 3476 3479
f 3469 3676 3470
f 3470 3676 3680
f 3470 3680 3471
f 3471 3680 3681
f 3471 3681 3466
f 3466 3681 3682
f 3466 3682 3467
f 3465 3467 3507
f 3507 3467 3682
f 3507 3682 3566
f 3528 3566 3683
f 3373 3528 3684
f 3685 3686 3687
f 3373 3684 3585
f 3585 3684 3688
f 3585 3688 3583
f 3583 3688 3689
f 3583 3689 3581
f 3581 3689 3690
f 3581 3690 3579
f 3579 3690 3691
f 3579 3691 3577
f 3577 3691 3692
f 3577 3692 3575
f 3575 3692 3693
f 3575 3693 3573
f 3573 3693 3685
f 3573 3685 3568
f 3568 3685 3687
f 3568 3687 3569
f 3694 3695 3696
f 3696 3695 3697
f 3649 3658 3650
f 3650 3658 3698
f 3650 3698 3659
f 3659 3698 3699
f 3659 3699 3660
f 3660 3699 3700
f 3660 3700 3661
f 3661 3700 3701
f 3661 3701 3662
f 3662 3701 3702
f 3662 3702 3663
f 3663 3702 3703
f 3663 3703 3664
f 3664 3703 3704
f 3664 3704 3665
f 3665 3704 3547
f 3665 3547 3509
f 3528 3683 3684
f 3684 3683 3705
f 3684 3705 3688
f 3688 3705 3706
f 3688 3706 3689
f 3689 3706 3707
f 3689 3707 3690
f 3690 3707 3708
f 3690 3708 3691
f 3691 3708 3709
f 3691 3709 3692
f 3692 3709 3710
f 3692 3710 3693
f 3693 3710 3696
f 3693 3696 3685
f 3685 3696 3697
f 3685 3697 3686
f 3655 3654 3651
f 3651 3654 3672
f 3651 3672 3652
f 3652 3672 3673
f 3652 3673 3658
f 3658 3673 3674
f 3658 3674 3698
f 3698 3674 3671
f 3698 3671 3699
f 3699 3671 3670
f 3699 3670 3700
f 3700 3670 3669
f 3700 3669 3701
f 3701 3669 3668
f 3701 3668 3702
f 3702 3668 3666
f 3702 3666 3703
f 3703 3666 3667
f 3703 3667 3704
f 3704 3667 3546
f 3704 3546 3547
f 3566 3682 3683
f 3683 3682 3681
f 3683 3681 3705
f 3705 3681 3680
f 3705 3680 3706
f 3706 3680 3676
f 3706 3676 3707
f 3707 3676 3677
f 3707 3677 3708
f 3708 3677 3678
f 3708 3678 3709
f 3709 3678 3679
f 3709 3679 3710
f 3710 3679 3675
f 3710 3675 3696
f 3696 3675 3654
f 3696 3654 3694
f 3694 3654 3656
f 3694 3656 3695
f 3711 3655 3712
f 3712 3655 3651
f 3713 3714 3651
f 3714 3715 3651
f 3651 3715 3716
f 3651 3716 3712
f 3651 3653 3713
f 3713 3653 3657
f 3713 3657 3717
f 3717 3657 3649
f 3717 3649 3718
f 3718 3649 3648
f 3718 3648 3719
f 3719 3648 3622
f 3719 3622 3720
f 3720 3622 3643
f 3720 3643 3721
f 3721 3643 3642
f 3721 3642 3722
f 3722 3642 3641
f 3722 3641 3723
f 3723 3641 3645
f 3655 3711 3724
f 3655 3724 3656
f 3724 3725 3656
f 3656 3725 3726
f 3656 3726 3695
f 3695 3726 3727
f 3695 3727 3697
f 3697 3727 3728
f 3697 3728 3686
f 3686 3728 3729
f 3686 3729 3687
f 3687 3729 3730
f 3687 3730 3569
f 3723 3645 3731
f 3731 3645 3646
f 3731 3646 3732
f 3732 3646 3647
f 3732 3647 3733
f 3733 3647 3644
f 3733 3644 3734
f 3734 3644 3569
f 3734 3569 3735
f 3735 3569 3730
f 3736 3737 3738
f 3738 3737 3739
f 3738 3739 3740
f 3740 3739 3741
f 3740 3741 3742
f 3742 3741 3743
f 3742 3743 3744
f 3745 3746 3747
f 3747 3746 3748
f 3747 3748 3743
f 3743 3748 3749
f 3743 3749 3744
f 3750 3751 3752
f 3752 3751 3753
f 3752 3753 3745
f 3745 3753 3754
f 3745 3754 3746
f 3755 3756 3757
f 3757 3756 3758
f 3757 3758 3759
f 3759 3758 3760
f 3759 3760 3761
f 3761 3760 3762
f 3761 3762 3750
f 3750 3762 3763
f 3750 3763 3751
f 3764 3765 3766
f 3766 3765 3767
f 3766 3767 3755
f 3755 3767 3768
f 3755 3768 3756
f 3769 3770 3771
f 3771 3770 3772
f 3771 3772 3764
f 3764 3772 3773
f 3764 3773 3765
f 3774 3775 3769
f 3769 3775 3776
f 3769 3776 3770
f 3777 3778 3779
f 3779 3778 3780
f 3779 3780 3774
f 3774 3780 3781
f 3774 3781 3775
f 3782 3783 3784
f 3784 3783 3785
f 3784 3785 3786
f 3786 3785 3787
f 3786 3787 3788
f 3788 3787 3789
f 3788 3789 3790
f 3790 3789 3791
f 3790 3791 3792
f 3792 3791 3793
f 3792 3793 3794
f 3794 3793 3795
f 3794 3795 3796
f 3796 3795 3797
f 3796 3797 3798
f 3798 3797 3799
f 3798 3799 3800
f 3800 3799 3801
f 3800 3801 3802
f 3802 3801 3803
f 3802 3803 3804
f 3804 3803 3805
f 3804 3805 3806
f 3806 3805 3807
f 3806 3807 3808
f 3808 3807 3809
f 3808 3809 3810
f 3810 3809 3811
f 3810 3811 3812
f 3812 3811 3813
f 3812 3813 3814
f 3814 3813 3815
f 3814 3815 3816
f 3816 3815 3817
f 3816 3817 3818
f 3818 3817 3819
f 3783 3777 3785
f 3785 3777 3779
f 3785 3779 3787
f 3787 3779 3774
f 3787 3774 3789
f 3789 3774 3769
f 3789 3769 3791
f 3791 3769 3771
f 3791 3771 3793
f 3793 3771 3764
f 3793 3764 3795
f 3795 3764 3766
f 3795 3766 3797
f 3797 3766 3755
f 3797 3755 3799
f 3799 3755 3757
f 3799 3757 3801
f 3801 3757 3759
f 3801 3759 3803
f 3803 3759 3761
f 3803 3761 3805
f 3805 3761 3750
f 3805 3750 3807
f 3807 3750 3752
f 3807 3752 3809
f 3809 3752 3745
f 3809 3745 3811
f 3811 3745 3747
f 3811 3747 3813
f 3813 3747 3743
f 3813 3743 3815
f 3815 3743 3741
f 3815 3741 3817
f 3817 3741 3739
f 3817 3739 3819
f 3819 3739 3737
f 3820 3821 3822
f 3726 3725 3823
f 3713 3717 3824
f 3718 3719 3825
f 3716 3715 3826
f 3826 3715 3714
f 3827 3828 3712
f 3725 3724 3828
f 3828 3724 3711
f 3828 3711 3712
f 3729 3728 3823
f 3823 3728 3727
f 3823 3727 3726
f 3735 3730 3829
f 3734 3735 3830
f 3830 3735 3829
f 3830 3829 3831
f 3831 3829 3832
f 3831 3832 3833
f 3833 3832 3834
f 3833 3834 3835
f 3835 3834 3836
f 3835 3836 3837
f 3837 3836 3838
f 3837 3838 3839
f 3839 3838 3840
f 3839 3840 3841
f 3841 3840 3842
f 3841 3842 3843
f 3843 3842 3844
f 3843 3844 3782
f 3782 3844 3783
f 3778 3777 3845
f 3845 3777 3846
f 3845 3846 3847
f 3847 3846 3848
f 3847 3848 3849
f 3849 3848 3850
f 3849 3850 3851
f 3852 3853 3854
f 3854 3853 3855
f 3854 3855 3850
f 3850 3855 3856
f 3850 3856 3851
f 3822 3857 3820
f 3820 3857 3858
f 3820 3858 3852
f 3852 3858 3859
f 3852 3859 3853
f 3725 3828 3823
f 3823 3828 3860
f 3823 3860 3821
f 3821 3860 3861
f 3821 3861 3822
f 3712 3716 3827
f 3827 3716 3826
f 3827 3826 3862
f 3862 3826 3863
f 3862 3863 3864
f 3864 3863 3865
f 3865 3863 3866
f 3865 3866 3867
f 3867 3866 3868
f 3867 3868 3869
f 3870 3871 3872
f 3872 3871 3873
f 3872 3873 3868
f 3868 3873 3874
f 3868 3874 3869
f 3875 3876 3870
f 3870 3876 3877
f 3870 3877 3871
f 3737 3736 3878
f 3878 3736 3879
f 3878 3879 3875
f 3875 3879 3880
f 3875 3880 3876
f 3818 3819 3881
f 3881 3819 3882
f 3881 3882 3883
f 3883 3882 3884
f 3883 3884 3885
f 3885 3884 3886
f 3885 3886 3887
f 3887 3886 3888
f 3887 3888 3889
f 3889 3888 3890
f 3889 3890 3891
f 3891 3890 3892
f 3891 3892 3893
f 3893 3892 3894
f 3893 3894 3825
f 3825 3894 3824
f 3825 3824 3718
f 3718 3824 3717
f 3730 3729 3829
f 3829 3729 3823
f 3829 3823 3832
f 3832 3823 3821
f 3832 3821 3834
f 3834 3821 3820
f 3834 3820 3836
f 3836 3820 3852
f 3836 3852 3838
f 3838 3852 3854
f 3838 3854 3840
f 3840 3854 3850
f 3840 3850 3842
f 3842 3850 3848
f 3842 3848 3844
f 3844 3848 3846
f 3844 3846 3783
f 3783 3846 3777
f 3819 3737 3882
f 3882 3737 3878
f 3882 3878 3884
f 3884 3878 3875
f 3884 3875 3886
f 3886 3875 3870
f 3886 3870 3888
f 3888 3870 3872
f 3888 3872 3890
f 3890 3872 3868
f 3890 3868 3892
f 3892 3868 3866
f 3892 3866 3894
f 3894 3866 3863
f 3894 3863 3824
f 3824 3863 3826
f 3824 3826 3713
f 3713 3826 3714
f 3792 3794 3895
f 3891 3896 3889
f 3897 3898 3899
f 3900 3901 3902
f 3903 3904 3721
f 3905 3906 3907
f 3908 3909 3910
f 3910 3909 3905
f 3910 3905 3911
f 3911 3905 3907
f 3912 3913 3914
f 3914 3915 3912
f 3912 3915 3916
f 3912 3916 3917
f 3917 3916 3918
f 3917 3918 3919
f 3919 3918 3920
f 3919 3920 3921
f 3921 3920 3922
f 3921 3922 3906
f 3906 3922 3923
f 3906 3923 3907
f 3924 3925 3902
f 3902 3925 3926
f 3902 3926 3913
f 3913 3926 3927
f 3913 3927 3914
f 3804 3928 3802
f 3802 3928 3929
f 3802 3929 3800
f 3800 3929 3930
f 3800 3930 3899
f 3899 3930 3931
f 3899 3931 3932
f 3932 3933 3899
f 3899 3933 3934
f 3899 3934 3935
f 3934 3936 3935
f 3935 3936 3937
f 3935 3937 3938
f 3938 3937 3939
f 3938 3939 3940
f 3940 3941 3806
f 3806 3941 3942
f 3806 3942 3804
f 3804 3942 3943
f 3804 3943 3928
f 3719 3720 3825
f 3825 3720 3893
f 3721 3904 3720
f 3924 3944 3945
f 3945 3944 3946
f 3945 3946 3947
f 3901 3948 3902
f 3902 3948 3949
f 3902 3949 3924
f 3924 3949 3950
f 3924 3950 3944
f 3951 3900 3952
f 3720 3904 3893
f 3893 3904 3953
f 3893 3953 3954
f 3951 3952 3955
f 3955 3952 3896
f 3955 3896 3954
f 3954 3896 3891
f 3954 3891 3893
f 3956 3895 3957
f 3794 3796 3958
f 3958 3959 3794
f 3794 3959 3960
f 3794 3960 3895
f 3895 3960 3961
f 3895 3961 3957
f 3898 3962 3899
f 3899 3962 3963
f 3899 3963 3800
f 3800 3963 3964
f 3800 3964 3798
f 3798 3964 3965
f 3798 3965 3796
f 3796 3965 3966
f 3796 3966 3958
f 3967 3909 3924
f 3924 3909 3908
f 3924 3908 3925
f 3945 3968 3969
f 3969 3968 3970
f 3967 3971 3909
f 3909 3971 3972
f 3909 3972 3973
f 3969 3974 3945
f 3945 3974 3975
f 3945 3975 3924
f 3924 3975 3976
f 3924 3976 3967
f 3977 3978 3979
f 3977 3979 3973
f 3978 3980 3981
f 3981 3980 3982
f 3981 3982 3968
f 3968 3982 3983
f 3968 3983 3970
f 3903 3721 3947
f 3947 3721 3722
f 3947 3722 3945
f 3945 3722 3723
f 3945 3723 3968
f 3968 3723 3731
f 3968 3731 3732
f 3734 3830 3733
f 3733 3830 3831
f 3733 3831 3732
f 3984 3985 3986
f 3986 3985 3987
f 3987 3988 3986
f 3986 3988 3989
f 3986 3989 3990
f 3990 3989 3991
f 3992 3993 3883
f 3883 3993 3881
f 3881 3993 3994
f 3881 3994 3818
f 3818 3994 3995
f 3818 3995 3816
f 3816 3995 3814
f 3814 3995 3996
f 3814 3996 3984
f 3991 3997 3990
f 3990 3997 3998
f 3990 3998 3999
f 3889 3896 3887
f 3887 3896 3952
f 3887 3952 3885
f 3885 3952 3990
f 3885 3990 3883
f 3883 3990 3999
f 3883 3999 3992
f 3984 3986 3814
f 3814 3986 4000
f 3814 4000 3812
f 3940 3806 3938
f 3938 3806 3808
f 3938 3808 3810
f 3792 3895 3790
f 3790 3895 3956
f 3790 3956 3788
f 3788 3956 4001
f 3788 4001 3786
f 4002 4003 4004
f 3786 4005 3784
f 3784 4005 4006
f 3784 4006 3782
f 3782 4006 4007
f 3782 4007 3843
f 3843 4007 3841
f 3841 4007 4008
f 3841 4008 4009
f 4004 4003 4001
f 4001 4003 4010
f 4001 4010 4011
f 4011 4012 4001
f 4001 4012 4013
f 4001 4013 3786
f 3786 4013 4014
f 3786 4014 4005
f 4009 4015 4004
f 4004 4015 4016
f 4004 4016 4002
f 4009 4004 3841
f 3841 4004 3979
f 3841 3979 3839
f 3978 3981 3979
f 3979 3981 3837
f 3979 3837 3839
f 3732 3831 3968
f 3968 3831 3833
f 3968 3833 3981
f 3981 3833 3835
f 3981 3835 3837
f 3900 3902 3952
f 3952 3902 3913
f 3952 3913 3990
f 3990 3913 3912
f 3990 3912 3986
f 3986 3912 3917
f 3986 3917 4000
f 3810 3812 3938
f 3938 3812 4000
f 3938 4000 3935
f 3935 4000 3917
f 3935 3917 3899
f 3899 3917 3919
f 3899 3919 3897
f 3897 3919 3921
f 3897 3921 4017
f 4017 3921 4018
f 3973 3979 3909
f 3909 3979 4004
f 3909 4004 3905
f 3905 4004 4001
f 3905 4001 3906
f 3906 4001 3956
f 3906 3956 3921
f 3921 3956 3957
f 3921 3957 4018
f 3860 3828 4019
f 4020 3760 4021
f 4021 3760 3758
f 4021 3758 4022
f 4022 3758 3756
f 4022 3756 4023
f 4023 3756 4024
f 4024 3756 3768
f 4024 3768 4025
f 4025 3768 3767
f 4025 3767 4026
f 4026 3767 3765
f 4026 3765 4027
f 4027 3765 3773
f 4027 3773 4028
f 4028 3773 3772
f 4028 3772 4029
f 4029 3772 3770
f 4029 3770 4030
f 4030 3770 3776
f 4030 3776 4031
f 3776 3775 4031
f 4031 3775 3781
f 4031 3781 4032
f 4032 3781 3780
f 4019 4033 3860
f 3860 4033 4034
f 3860 4034 3861
f 3861 4034 4035
f 3861 4035 3822
f 3822 4035 4036
f 3822 4036 3857
f 3857 4036 4037
f 3857 4037 3858
f 3858 4037 4038
f 3858 4038 3859
f 3859 4038 4039
f 3859 4039 3853
f 3853 4039 4040
f 3853 4040 3855
f 3855 4040 4041
f 3855 4041 3856
f 3856 4041 4042
f 3856 4042 3851
f 3851 4042 4043
f 3851 4043 3849
f 3849 4043 4044
f 3849 4044 3847
f 3847 4044 4045
f 3847 4045 3845
f 3845 4045 4046
f 3845 4046 3778
f 3778 4046 4047
f 3778 4047 3780
f 3780 4047 4048
f 3780 4048 4032
f 3762 3760 4020
f 4019 3828 4049
f 4049 3828 3827
f 4049 3827 4050
f 4050 3827 3862
f 4050 3862 4051
f 4051 3862 4052
f 4052 3862 3864
f 4052 3864 4053
f 4053 3864 3865
f 4053 3865 4054
f 4054 3865 3867
f 4054 3867 4055
f 4055 3867 3869
f 4055 3869 4056
f 4056 3869 3874
f 4056 3874 4057
f 4057 3874 3873
f 4057 3873 4058
f 4058 3873 3871
f 4058 3871 4059
f 4059 3871 3877
f 4059 3877 4060
f 3877 3876 4060
f 4060 3876 3880
f 4060 3880 4061
f 4061 3880 3879
f 4061 3879 4062
f 4062 3879 4063
f 3879 3736 4063
f 4063 3736 3738
f 4063 3738 4064
f 4064 3738 3740
f 4064 3740 4065
f 4065 3740 3742
f 4065 3742 4066
f 4066 3742 3744
f 4066 3744 4067
f 4067 3744 3749
f 4067 3749 4068
f 4068 3749 3748
f 4068 3748 4069
f 4069 3748 3746
f 4069 3746 4070
f 4070 3746 3754
f 4070 3754 4071
f 4071 3754 3753
f 4071 3753 4072
f 4072 3753 3751
f 4072 3751 4073
f 4073 3751 3763
f 4073 3763 4074
f 4074 3763 3762
f 4074 3762 4075
f 4075 3762 4020
f 4076 4017 4077
f 4077 4017 4018
f 4077 4018 4078
f 4078 4018 3957
f 4078 3957 4079
f 4079 3957 3961
f 4079 3961 4080
f 4080 3961 3960
f 4080 3960 4081
f 4081 3960 3959
f 4081 3959 4082
f 4082 3959 3958
f 4082 3958 4083
f 4083 3958 3966
f 4083 3966 4084
f 4084 3966 3965
f 4084 3965 4085
f 4085 3965 3964
f 4085 3964 4086
f 4086 3964 3963
f 4086 3963 4087
f 4087 3963 3962
f 4087 3962 4088
f 4088 3962 3898
f 4088 3898 4089
f 4089 3898 3897
f 4089 3897 4076
f 4076 3897 4017
f 4090 4015 4091
f 4091 4015 4009
f 4091 4009 4092
f 4092 4009 4008
f 4092 4008 4093
f 4093 4008 4007
f 4093 4007 4094
f 4094 4007 4006
f 4094 4006 4095
f 4095 4006 4005
f 4095 4005 4096
f 4096 4005 4014
f 4096 4014 4097
f 4097 4014 4013
f 4097 4013 4098
f 4098 4013 4012
f 4098 4012 4099
f 4099 4012 4011
f 4099 4011 4100
f 4100 4011 4010
f 4100 4010 4101
f 4101 4010 4003
f 4101 4003 4102
f 4102 4003 4002
f 4102 4002 4103
f 4103 4002 4016
f 4103 4016 4090
f 4090 4016 4015
f 4104 3904 4105
f 4105 3904 3903
f 4105 3903 4106
f 4106 3903 3947
f 4106 3947 4107
f 4107 3947 3946
f 4107 3946 4108
f 4108 3946 3944
f 4108 3944 4109
f 4109 3944 3950
f 4109 3950 4110
f 4110 3950 3949
f 4110 3949 4111
f 4111 3949 3948
f 4111 3948 4112
f 4112 3948 3901
f 4112 3901 4113
f 4113 3901 3900
f 4113 3900 4114
f 4114 3900 3951
f 4114 3951 4115
f 4115 3951 3955
f 4115 3955 4116
f 4116 3955 3954
f 4116 3954 4117
f 4117 3954 3953
f 4117 3953 4104
f 4104 3953 3904
f 4118 3970 4119
f 4119 3970 3983
f 4119 3983 4120
f 4120 3983 3982
f 4120 3982 4121
f 4121 3982 3980
f 4121 3980 4122
f 4122 3980 3978
f 4122 3978 4123
f 4123 3978 3977
f 4123 3977 4124
f 4124 3977 3973
f 4124 3973 4125
f 4125 3973 3972
f 4125 3972 4126
f 4126 3972 3971
f 4126 3971 4127
f 4127 3971 3967
f 4127 3967 4128
f 4128 3967 3976
f 4128 3976 4129
f 4129 3976 3975
f 4129 3975 4130
f 4130 3975 3974
f 4130 3974 4131
f 4131 3974 3969
f 4131 3969 4118
f 4118 3969 3970
f 4132 3925 4133
f 4133 3925 3908
f 4133 3908 4134
f 4134 3908 3910
f 4134 3910 4135
f 4135 3910 3911
f 4135 3911 4136
f 4136 3911 3907
f 4136 3907 4137
f 4137 3907 3923
f 4137 3923 4138
f 4138 3923 3922
f 4138 3922 4139
f 4139 3922 3920
f 4139 3920 4140
f 4140 3920 3918
f 4140 3918 4141
f 4141 3918 3916
f 4141 3916 4142
f 4142 3916 3915
f 4142 3915 4143
f 4143 3915 3914
f 4143 3914 4144
f 4144 3914 3927
f 4144 3927 4145
f 4145 3927 3926
f 4145 3926 4132
f 4132 3926 3925
f 4146 3936 4147
f 4147 3936 3934
f 4147 3934 4148
f 4148 3934 3933
f 4148 3933 4149
f 4149 3933 3932
f 4149 3932 4150
f 4150 3932 3931
f 4150 3931 4151
f 4151 3931 3930
f 4151 3930 4152
f 4152 3930 3929
f 4152 3929 4153
f 4153 3929 3928
f 4153 3928 4154
f 4154 3928 3943
f 4154 3943 4155
f 4155 3943 3942
f 4155 3942 4156
f 4156 3942 3941
f 4156 3941 4157
f 4157 3941 3940
f 4157 3940 4158
f 4158 3940 3939
f 4158 3939 4159
f 4159 3939 3937
f 4159 3937 4146
f 4146 3937 3936
f 4160 3999 4161
f 4161 3999 3998
f 4161 3998 4162
f 4162 3998 3997
f 4162 3997 4163
f 4163 3997 3991
f 4163 3991 4164
f 4164 3991 3989
f 4164 3989 4165
f 4165 3989 3988
f 4165 3988 4166
f 4166 3988 3987
f 4166 3987 4167
f 4167 3987 3985
f 4167 3985 4168
f 4168 3985 3984
f 4168 3984 4169
f 4169 3984 3996
f 4169 3996 4170
f 4170 3996 3995
f 4170 3995 4171
f 4171 3995 3994
f 4171 3994 4172
f 4172 3994 3993
f 4172 3993 4173
f 4173 3993 3992
f 4173 3992 4160
f 4160 3992 3999
f 4174 4175 4176
f 4177 4178 4179
f 4180 4181 4182
f 4178 4177 4183
f 4183 4177 4184
f 4183 4184 4180
f 4185 4186 4179
f 4179 4186 4187
f 4179 4187 4177
f 4179 4188 4185
f 4185 4188 4189
f 4185 4189 4190
f 4190 4189 4191
f 4191 4189 4192
f 4191 4192 4193
f 4193 4192 4194
f 4193 4194 4195
f 4195 4194 4196
f 4196 4194 4197
f 4196 4197 4198
f 4198 4197 4199
f 4198 4199 4200
f 4200 4199 4201
f 4201 4199 4202
f 4201 4202 4203
f 4203 4202 4204
f 4203 4204 4205
f 4205 4204 4206
f 4205 4206 4207
f 4175 4174 4206
f 4206 4174 4208
f 4206 4208 4207
f 4209 4210 4176
f 4176 4210 4211
f 4176 4211 4174
f 4176 4212 4209
f 4209 4212 4213
f 4209 4213 4214
f 4214 4213 4215
f 4215 4213 4216
f 4215 4216 4217
f 4217 4216 4218
f 4217 4218 4219
f 4219 4218 4220
f 4219 4220 4221
f 4222 4221 4223
f 4223 4221 4220
f 4223 4220 4224
f 4225 4224 4226
f 4227 4048 4228
f 4228 4048 4047
f 4228 4047 4225
f 4030 4031 4227
f 4227 4031 4032
f 4227 4032 4048
f 4227 4229 4030
f 4030 4229 4230
f 4030 4230 4029
f 4029 4230 4231
f 4026 4027 4231
f 4231 4027 4028
f 4231 4028 4029
f 4231 4232 4026
f 4026 4232 4233
f 4026 4233 4025
f 4025 4233 4234
f 4022 4023 4234
f 4234 4023 4024
f 4234 4024 4025
f 4234 4235 4022
f 4022 4235 4236
f 4022 4236 4021
f 4021 4236 4020
f 4020 4236 4075
f 4075 4236 4237
f 4075 4237 4238
f 4072 4073 4238
f 4238 4073 4074
f 4238 4074 4075
f 4238 4239 4072
f 4072 4239 4240
f 4072 4240 4071
f 4071 4240 4241
f 4068 4069 4241
f 4241 4069 4070
f 4241 4070 4071
f 4241 4242 4068
f 4068 4242 4243
f 4068 4243 4067
f 4067 4243 4244
f 4064 4065 4244
f 4244 4065 4066
f 4244 4066 4067
f 4244 4245 4064
f 4064 4245 4246
f 4064 4246 4063
f 4180 4182 4183
f 4183 4182 4247
f 4183 4247 4248
f 4225 4226 4228
f 4228 4226 4249
f 4228 4249 4227
f 4227 4249 4250
f 4227 4250 4229
f 4229 4250 4251
f 4229 4251 4230
f 4230 4251 4252
f 4230 4252 4231
f 4231 4252 4253
f 4231 4253 4232
f 4232 4253 4254
f 4232 4254 4233
f 4233 4254 4255
f 4233 4255 4234
f 4234 4255 4256
f 4234 4256 4235
f 4235 4256 4257
f 4235 4257 4236
f 4236 4257 4258
f 4236 4258 4237
f 4237 4258 4259
f 4237 4259 4238
f 4238 4259 4260
f 4238 4260 4239
f 4239 4260 4261
f 4239 4261 4240
f 4240 4261 4262
f 4240 4262 4241
f 4241 4262 4263
f 4241 4263 4242
f 4242 4263 4264
f 4242 4264 4243
f 4243 4264 4265
f 4243 4265 4244
f 4244 4265 4266
f 4244 4266 4245
f 4245 4266 4267
f 4245 4267 4246
f 4224 4220 4226
f 4226 4220 4218
f 4226 4218 4249
f 4249 4218 4216
f 4249 4216 4250
f 4250 4216 4213
f 4250 4213 4251
f 4251 4213 4212
f 4251 4212 4252
f 4252 4212 4176
f 4252 4176 4253
f 4253 4176 4175
f 4253 4175 4254
f 4254 4175 4206
f 4254 4206 4255
f 4255 4206 4204
f 4255 4204 4256
f 4256 4204 4202
f 4256 4202 4257
f 4257 4202 4199
f 4257 4199 4258
f 4258 4199 4197
f 4258 4197 4259
f 4259 4197 4194
f 4259 4194 4260
f 4260 4194 4192
f 4260 4192 4261
f 4261 4192 4189
f 4261 4189 4262
f 4262 4189 4188
f 4262 4188 4263
f 4263 4188 4179
f 4263 4179 4264
f 4264 4179 4178
f 4264 4178 4265
f 4265 4178 4183
f 4265 4183 4266
f 4266 4183 4248
f 4266 4248 4267
f 4268 4269 4270
f 4271 4272 4273
f 4274 4275 4276
f 4062 4277 4278
f 4059 4060 4278
f 4278 4060 4061
f 4278 4061 4062
f 4278 4279 4059
f 4059 4279 4280
f 4059 4280 4058
f 4058 4280 4281
f 4058 4281 4057
f 4282 4053 4283
f 4283 4053 4054
f 4283 4054 4284
f 4284 4054 4055
f 4284 4055 4281
f 4281 4055 4056
f 4281 4056 4057
f 4050 4051 4282
f 4282 4051 4052
f 4282 4052 4053
f 4282 4285 4050
f 4050 4285 4286
f 4050 4286 4049
f 4049 4286 4019
f 4019 4286 4033
f 4033 4286 4287
f 4033 4287 4288
f 4038 4037 4289
f 4289 4037 4036
f 4289 4036 4290
f 4290 4036 4035
f 4290 4035 4288
f 4288 4035 4034
f 4288 4034 4033
f 4038 4289 4039
f 4039 4289 4291
f 4039 4291 4040
f 4040 4291 4292
f 4040 4292 4041
f 4041 4292 4293
f 4041 4293 4042
f 4042 4293 4294
f 4042 4294 4043
f 4043 4294 4044
f 4044 4294 4295
f 4044 4295 4045
f 4045 4295 4296
f 4045 4296 4046
f 4046 4296 4225
f 4046 4225 4047
f 4297 4222 4223
f 4223 4298 4297
f 4297 4298 4299
f 4297 4299 4300
f 4300 4299 4301
f 4300 4301 4302
f 4302 4301 4303
f 4302 4303 4304
f 4275 4274 4303
f 4303 4274 4305
f 4303 4305 4304
f 4306 4307 4276
f 4276 4307 4308
f 4276 4308 4274
f 4276 4309 4306
f 4306 4309 4310
f 4306 4310 4311
f 4311 4310 4312
f 4312 4310 4313
f 4312 4313 4314
f 4314 4313 4315
f 4314 4315 4316
f 4316 4315 4317
f 4317 4315 4318
f 4317 4318 4319
f 4319 4318 4320
f 4319 4320 4321
f 4321 4320 4322
f 4321 4322 4323
f 4272 4271 4322
f 4322 4271 4324
f 4322 4324 4323
f 4325 4326 4273
f 4273 4326 4327
f 4273 4327 4271
f 4273 4328 4325
f 4325 4328 4329
f 4325 4329 4330
f 4269 4268 4329
f 4329 4268 4331
f 4329 4331 4330
f 4332 4333 4270
f 4270 4333 4334
f 4270 4334 4268
f 4247 4182 4332
f 4332 4182 4181
f 4332 4181 4333
f 4267 4248 4335
f 4335 4248 4247
f 4062 4063 4277
f 4277 4063 4246
f 4277 4246 4267
f 4267 4335 4277
f 4277 4335 4336
f 4277 4336 4278
f 4278 4336 4337
f 4278 4337 4279
f 4279 4337 4338
f 4279 4338 4280
f 4280 4338 4339
f 4280 4339 4281
f 4281 4339 4340
f 4281 4340 4284
f 4284 4340 4341
f 4284 4341 4283
f 4283 4341 4342
f 4283 4342 4282
f 4282 4342 4343
f 4282 4343 4285
f 4285 4343 4344
f 4285 4344 4286
f 4286 4344 4345
f 4286 4345 4287
f 4287 4345 4346
f 4287 4346 4288
f 4288 4346 4347
f 4288 4347 4290
f 4290 4347 4348
f 4290 4348 4289
f 4289 4348 4349
f 4289 4349 4291
f 4291 4349 4350
f 4291 4350 4292
f 4292 4350 4351
f 4292 4351 4293
f 4293 4351 4352
f 4293 4352 4294
f 4294 4352 4353
f 4294 4353 4295
f 4295 4353 4354
f 4295 4354 4296
f 4296 4354 4224
f 4296 4224 4225
f 4247 4332 4335
f 4335 4332 4270
f 4335 4270 4336
f 4336 4270 4269
f 4336 4269 4337
f 4337 4269 4329
f 4337 4329 4338
f 4338 4329 4328
f 4338 4328 4339
f 4339 4328 4273
f 4339 4273 4340
f 4340 4273 4272
f 4340 4272 4341
f 4341 4272 4322
f 4341 4322 4342
f 4342 4322 4320
f 4342 4320 4343
f 4343 4320 4318
f 4343 4318 4344
f 4344 4318 4315
f 4344 4315 4345
f 4345 4315 4313
f 4345 4313 4346
f 4346 4313 4310
f 4346 4310 4347
f 4347 4310 4309
f 4347 4309 4348
f 4348 4309 4276
f 4348 4276 4349
f 4349 4276 4275
f 4349 4275 4350
f 4350 4275 4303
f 4350 4303 4351
f 4351 4303 4301
f 4351 4301 4352
f 4352 4301 4299
f 4352 4299 4353
f 4353 4299 4298
f 4353 4298 4354
f 4354 4298 4223
f 4354 4223 4224
f 4355 4356 4357
f 4358 4359 4360
f 4123 4124 4361
f 4087 4088 4362
f 4362 4088 4363
f 4077 4364 4076
f 4076 4364 4089
f 4365 4083 4366
f 4366 4083 4084
f 4366 4084 4367
f 4367 4084 4085
f 4367 4085 4362
f 4362 4085 4086
f 4362 4086 4087
f 4368 4078 4369
f 4369 4078 4079
f 4079 4080 4370
f 4370 4080 4081
f 4370 4081 4365
f 4365 4081 4082
f 4365 4082 4083
f 4371 4117 4104
f 4371 4104 4372
f 4117 4371 4116
f 4116 4371 4373
f 4116 4373 4374
f 4112 4113 4357
f 4357 4113 4114
f 4357 4114 4374
f 4374 4114 4115
f 4374 4115 4116
f 4375 4106 4107
f 4375 4107 4376
f 4107 4108 4376
f 4376 4108 4109
f 4376 4109 4377
f 4377 4109 4110
f 4377 4110 4111
f 4124 4125 4361
f 4361 4125 4126
f 4361 4126 4376
f 4129 4375 4128
f 4128 4375 4376
f 4128 4376 4127
f 4127 4376 4126
f 4129 4130 4375
f 4375 4130 4131
f 4375 4131 4378
f 4131 4118 4378
f 4378 4118 4119
f 4378 4119 4379
f 4122 4380 4121
f 4121 4380 4379
f 4121 4379 4120
f 4120 4379 4119
f 4381 4141 4142
f 4381 4142 4382
f 4142 4143 4382
f 4382 4143 4144
f 4382 4144 4377
f 4377 4144 4145
f 4377 4145 4376
f 4376 4145 4132
f 4376 4132 4361
f 4361 4132 4133
f 4361 4133 4383
f 4141 4381 4140
f 4140 4381 4384
f 4140 4384 4139
f 4364 4385 4137
f 4137 4138 4364
f 4364 4138 4363
f 4364 4363 4089
f 4089 4363 4088
f 4133 4134 4383
f 4383 4134 4135
f 4383 4135 4385
f 4385 4135 4136
f 4385 4136 4137
f 4147 4148 4362
f 4158 4159 4386
f 4386 4159 4146
f 4148 4149 4362
f 4362 4149 4150
f 4362 4150 4367
f 4367 4150 4151
f 4367 4151 4387
f 4387 4151 4152
f 4387 4152 4388
f 4152 4153 4388
f 4388 4153 4154
f 4388 4154 4359
f 4157 4360 4156
f 4156 4360 4359
f 4156 4359 4155
f 4155 4359 4154
f 4090 4091 4389
f 4389 4091 4092
f 4389 4092 4390
f 4390 4092 4093
f 4390 4093 4391
f 4391 4093 4094
f 4391 4094 4392
f 4101 4102 4393
f 4393 4102 4103
f 4393 4103 4090
f 4101 4393 4100
f 4100 4393 4394
f 4100 4394 4099
f 4392 4094 4395
f 4395 4094 4095
f 4395 4095 4096
f 4096 4097 4394
f 4394 4097 4098
f 4394 4098 4099
f 4096 4394 4395
f 4395 4394 4368
f 4395 4368 4396
f 4396 4368 4369
f 4396 4369 4397
f 4079 4370 4369
f 4369 4370 4398
f 4369 4398 4397
f 4164 4399 4163
f 4163 4399 4356
f 4163 4356 4162
f 4162 4356 4161
f 4171 4172 4355
f 4355 4172 4173
f 4355 4173 4356
f 4356 4173 4160
f 4356 4160 4161
f 4355 4400 4171
f 4171 4400 4401
f 4171 4401 4170
f 4170 4401 4402
f 4170 4402 4169
f 4169 4402 4403
f 4169 4403 4168
f 4164 4165 4399
f 4399 4165 4166
f 4399 4166 4167
f 4358 4360 4404
f 4404 4360 4405
f 4404 4405 4406
f 4406 4405 4399
f 4406 4399 4403
f 4403 4399 4167
f 4403 4167 4168
f 4373 4407 4374
f 4374 4407 4408
f 4374 4408 4357
f 4357 4408 4409
f 4357 4409 4355
f 4104 4105 4372
f 4372 4105 4106
f 4372 4106 4410
f 4410 4106 4375
f 4410 4375 4411
f 4411 4375 4378
f 4411 4378 4412
f 4412 4378 4379
f 4412 4379 4413
f 4090 4389 4393
f 4393 4389 4414
f 4393 4414 4380
f 4380 4414 4415
f 4380 4415 4379
f 4379 4415 4416
f 4379 4416 4413
f 4146 4147 4386
f 4386 4147 4362
f 4386 4362 4384
f 4384 4362 4363
f 4384 4363 4139
f 4139 4363 4138
f 4157 4158 4360
f 4360 4158 4386
f 4360 4386 4405
f 4405 4386 4384
f 4405 4384 4399
f 4399 4384 4381
f 4399 4381 4356
f 4356 4381 4382
f 4356 4382 4357
f 4357 4382 4377
f 4357 4377 4112
f 4112 4377 4111
f 4077 4078 4364
f 4364 4078 4368
f 4364 4368 4385
f 4385 4368 4394
f 4385 4394 4383
f 4383 4394 4393
f 4383 4393 4361
f 4361 4393 4380
f 4361 4380 4123
f 4123 4380 4122
f 4417 4221 4418
f 4418 4221 4222
f 4418 4222 4419
f 4420 4207 4421
f 4421 4207 4208
f 4421 4208 4422
f 4423 4333 4424
f 4424 4333 4181
f 4424 4181 4425
f 4426 4185 4427
f 4427 4185 4190
f 4427 4190 4428
f 4429 4200 4430
f 4430 4200 4201
f 4430 4201 4431
f 4431 4201 4203
f 4431 4203 4420
f 4420 4203 4205
f 4420 4205 4207
f 4432 4215 4433
f 4433 4215 4217
f 4433 4217 4417
f 4417 4217 4219
f 4417 4219 4221
f 4181 4180 4425
f 4425 4180 4184
f 4425 4184 4434
f 4434 4184 4177
f 4434 4177 4435
f 4435 4177 4187
f 4435 4187 4426
f 4426 4187 4186
f 4426 4186 4185
f 4208 4174 4422
f 4422 4174 4211
f 4422 4211 4436
f 4436 4211 4210
f 4436 4210 4437
f 4437 4210 4209
f 4437 4209 4432
f 4432 4209 4214
f 4432 4214 4215
f 4438 4274 4439
f 4439 4274 4308
f 4439 4308 4440
f 4441 4331 4442
f 4442 4331 4268
f 4442 4268 4423
f 4423 4268 4334
f 4423 4334 4333
f 4190 4191 4428
f 4428 4191 4193
f 4428 4193 4443
f 4443 4193 4195
f 4443 4195 4444
f 4444 4195 4196
f 4444 4196 4429
f 4429 4196 4198
f 4429 4198 4200
f 4222 4297 4419
f 4419 4297 4300
f 4419 4300 4445
f 4445 4300 4302
f 4445 4302 4446
f 4446 4302 4304
f 4446 4304 4438
f 4438 4304 4305
f 4438 4305 4274
f 4447 4327 4448
f 4448 4327 4326
f 4448 4326 4449
f 4449 4326 4325
f 4449 4325 4441
f 4441 4325 4330
f 4441 4330 4331
f 4308 4307 4440
f 4440 4307 4306
f 4440 4306 4450
f 4450 4306 4311
f 4450 4311 4451
f 4451 4311 4312
f 4451 4312 4452
f 4453 4323 4454
f 4454 4323 4324
f 4454 4324 4447
f 4447 4324 4271
f 4447 4271 4327
f 4312 4314 4452
f 4452 4314 4316
f 4452 4316 4455
f 4455 4316 4317
f 4455 4317 4456
f 4456 4317 4319
f 4456 4319 4453
f 4453 4319 4321
f 4453 4321 4323
f 4457 4458 4459
f 4459 4458 4460
f 4461 4462 4463
f 4463 4462 4464
f 4463 4464 4465
f 4465 4464 4466
f 4465 4466 4467
f 4467 4466 4468
f 4467 4468 4469
f 4470 4471 4472
f 4472 4471 4473
f 4472 4473 4468
f 4468 4473 4474
f 4468 4474 4469
f 4458 4475 4460
f 4460 4475 4476
f 4460 4476 4470
f 4470 4476 4477
f 4470 4477 4471
f 4457 4459 4478
f 4478 4459 4479
f 4478 4479 4480
f 4480 4479 4481
f 4480 4481 4482
f 4482 4481 4483
f 4482 4483 4484
f 4484 4483 4485
f 4484 4485 4486
f 4486 4485 4487
f 4487 4485 4488
f 4487 4488 4489
f 4489 4488 4490
f 4489 4490 4491
f 4492 4493 4494
f 4494 4493 4495
f 4494 4495 4490
f 4490 4495 4496
f 4490 4496 4491
f 4497 4498 4492
f 4492 4498 4499
f 4492 4499 4493
f 4500 4501 4502
f 4502 4501 4503
f 4502 4503 4497
f 4497 4503 4504
f 4497 4504 4498
f 4401 4505 4402
f 4402 4505 4506
f 4402 4506 4403
f 4403 4506 4507
f 4403 4507 4406
f 4406 4507 4508
f 4406 4508 4404
f 4404 4508 4509
f 4404 4509 4358
f 4358 4509 4510
f 4358 4510 4359
f 4359 4510 4511
f 4359 4511 4388
f 4388 4511 4512
f 4388 4512 4387
f 4387 4512 4513
f 4387 4513 4367
f 4367 4513 4514
f 4367 4514 4366
f 4366 4514 4515
f 4366 4515 4365
f 4365 4515 4516
f 4365 4516 4370
f 4370 4516 4517
f 4370 4517 4398
f 4398 4517 4518
f 4398 4518 4397
f 4397 4518 4519
f 4397 4519 4396
f 4396 4519 4520
f 4396 4520 4395
f 4395 4520 4521
f 4395 4521 4392
f 4392 4521 4522
f 4392 4522 4391
f 4391 4522 4523
f 4505 4500 4506
f 4506 4500 4502
f 4506 4502 4507
f 4507 4502 4497
f 4507 4497 4508
f 4508 4497 4492
f 4508 4492 4509
f 4509 4492 4494
f 4509 4494 4510
f 4510 4494 4490
f 4510 4490 4511
f 4511 4490 4488
f 4511 4488 4512
f 4512 4488 4485
f 4512 4485 4513
f 4513 4485 4483
f 4513 4483 4514
f 4514 4483 4481
f 4514 4481 4515
f 4515 4481 4479
f 4515 4479 4516
f 4516 4479 4459
f 4516 4459 4517
f 4517 4459 4460
f 4517 4460 4518
f 4518 4460 4470
f 4518 4470 4519
f 4519 4470 4472
f 4519 4472 4520
f 4520 4472 4468
f 4520 4468 4521
f 4521 4468 4466
f 4521 4466 4522
f 4522 4466 4464
f 4522 4464 4523
f 4523 4464 4462
f 4524 4525 4526
f 4526 4525 4527
f 4526 4527 4528
f 4529 4530 4531
f 4531 4530 4532
f 4531 4532 4524
f 4524 4532 4533
f 4524 4533 4525
f 4534 4535 4529
f 4529 4535 4536
f 4529 4536 4530
f 4462 4461 4537
f 4537 4461 4538
f 4537 4538 4534
f 4534 4538 4539
f 4534 4539 4535
f 4391 4523 4390
f 4390 4523 4540
f 4390 4540 4389
f 4389 4540 4541
f 4389 4541 4414
f 4414 4541 4542
f 4414 4542 4415
f 4415 4542 4543
f 4415 4543 4416
f 4416 4543 4544
f 4416 4544 4413
f 4413 4544 4545
f 4413 4545 4412
f 4412 4545 4546
f 4412 4546 4411
f 4411 4546 4547
f 4411 4547 4410
f 4410 4547 4548
f 4410 4548 4372
f 4372 4548 4549
f 4372 4549 4371
f 4371 4549 4550
f 4371 4550 4373
f 4373 4550 4551
f 4373 4551 4407
f 4407 4551 4552
f 4407 4552 4408
f 4408 4552 4553
f 4408 4553 4409
f 4409 4553 4554
f 4409 4554 4355
f 4355 4554 4555
f 4355 4555 4400
f 4400 4555 4556
f 4400 4556 4401
f 4401 4556 4505
f 4501 4500 4557
f 4557 4500 4558
f 4557 4558 4559
f 4559 4558 4560
f 4559 4560 4561
f 4561 4560 4562
f 4561 4562 4563
f 4564 4565 4566
f 4566 4565 4567
f 4566 4567 4562
f 4562 4567 4568
f 4562 4568 4563
f 4569 4570 4571
f 4571 4570 4572
f 4571 4572 4564
f 4564 4572 4573
f 4564 4573 4565
f 4527 4574 4528
f 4528 4574 4575
f 4528 4575 4576
f 4576 4575 4577
f 4576 4577 4578
f 4578 4577 4579
f 4578 4579 4580
f 4580 4579 4581
f 4580 4581 4569
f 4569 4581 4582
f 4569 4582 4570
f 4523 4462 4540
f 4540 4462 4537
f 4540 4537 4541
f 4541 4537 4534
f 4541 4534 4542
f 4542 4534 4529
f 4542 4529 4543
f 4543 4529 4531
f 4543 4531 4544
f 4544 4531 4524
f 4544 4524 4545
f 4545 4524 4526
f 4545 4526 4546
f 4546 4526 4528
f 4546 4528 4547
f 4547 4528 4576
f 4547 4576 4548
f 4548 4576 4578
f 4548 4578 4549
f 4549 4578 4580
f 4549 4580 4550
f 4550 4580 4569
f 4550 4569 4551
f 4551 4569 4571
f 4551 4571 4552
f 4552 4571 4564
f 4552 4564 4553
f 4553 4564 4566
f 4553 4566 4554
f 4554 4566 4562
f 4554 4562 4555
f 4555 4562 4560
f 4555 4560 4556
f 4556 4560 4558
f 4556 4558 4505
f 4505 4558 4500
f 4583 4584 4585
f 4586 4587 4588
f 4589 4590 4591
f 4592 4593 4594
f 4594 4593 4595
f 4594 4595 4596
f 4596 4595 4589
f 4596 4589 4597
f 4597 4589 4591
f 4598 4599 4600
f 4600 4599 4601
f 4600 4601 4590
f 4590 4601 4602
f 4590 4602 4591
f 4603 4604 4598
f 4598 4604 4605
f 4598 4605 4599
f 4606 4607 4608
f 4608 4607 4609
f 4608 4609 4603
f 4603 4609 4610
f 4603 4610 4604
f 4611 4612 4606
f 4606 4612 4613
f 4606 4613 4607
f 4614 4615 4616
f 4616 4615 4617
f 4616 4617 4618
f 4618 4617 4619
f 4618 4619 4611
f 4611 4619 4620
f 4611 4620 4612
f 4588 4621 4586
f 4586 4621 4622
f 4586 4622 4614
f 4614 4622 4623
f 4614 4623 4615
f 4624 4625 4626
f 4626 4625 4627
f 4626 4627 4587
f 4587 4627 4628
f 4587 4628 4588
f 4629 4630 4624
f 4624 4630 4631
f 4624 4631 4625
f 4585 4632 4583
f 4583 4632 4633
f 4583 4633 4634
f 4634 4633 4635
f 4634 4635 4629
f 4629 4635 4636
f 4629 4636 4630
f 4424 4637 4423
f 4423 4637 4638
f 4423 4638 4442
f 4442 4638 4639
f 4442 4639 4441
f 4441 4639 4640
f 4441 4640 4449
f 4449 4640 4641
f 4449 4641 4448
f 4448 4641 4642
f 4448 4642 4447
f 4447 4642 4643
f 4447 4643 4454
f 4454 4643 4644
f 4454 4644 4453
f 4453 4644 4645
f 4453 4645 4456
f 4456 4645 4646
f 4456 4646 4455
f 4455 4646 4647
f 4455 4647 4452
f 4452 4647 4648
f 4452 4648 4451
f 4451 4648 4649
f 4451 4649 4450
f 4450 4649 4650
f 4450 4650 4440
f 4440 4650 4651
f 4440 4651 4439
f 4439 4651 4652
f 4439 4652 4438
f 4438 4652 4653
f 4438 4653 4446
f 4446 4653 4654
f 4446 4654 4445
f 4445 4654 4655
f 4445 4655 4419
f 4419 4655 4656
f 4419 4656 4418
f 4418 4656 4657
f 4637 4658 4638
f 4638 4658 4659
f 4638 4659 4639
f 4639 4659 4660
f 4639 4660 4640
f 4640 4660 4661
f 4640 4661 4641
f 4641 4661 4662
f 4641 4662 4642
f 4642 4662 4663
f 4642 4663 4643
f 4643 4663 4664
f 4643 4664 4644
f 4644 4664 4665
f 4644 4665 4645
f 4645 4665 4666
f 4645 4666 4646
f 4646 4666 4667
f 4646 4667 4647
f 4647 4667 4668
f 4647 4668 4648
f 4648 4668 4669
f 4648 4669 4649
f 4649 4669 4670
f 4649 4670 4650
f 4650 4670 4671
f 4650 4671 4651
f 4651 4671 4672
f 4651 4672 4652
f 4652 4672 4673
f 4652 4673 4653
f 4653 4673 4674
f 4653 4674 4654
f 4654 4674 4675
f 4654 4675 4655
f 4655 4675 4676
f 4655 4676 4656
f 4656 4676 4677
f 4656 4677 4657
f 4657 4677 4678
f 4658 4584 4659
f 4659 4584 4583
f 4659 4583 4660
f 4660 4583 4634
f 4660 4634 4661
f 4661 4634 4629
f 4661 4629 4662
f 4662 4629 4624
f 4662 4624 4663
f 4663 4624 4626
f 4663 4626 4664
f 4664 4626 4587
f 4664 4587 4665
f 4665 4587 4586
f 4665 4586 4666
f 4666 4586 4614
f 4666 4614 4667
f 4667 4614 4616
f 4667 4616 4668
f 4668 4616 4618
f 4668 4618 4669
f 4669 4618 4611
f 4669 4611 4670
f 4670 4611 4606
f 4670 4606 4671
f 4671 4606 4608
f 4671 4608 4672
f 4672 4608 4603
f 4672 4603 4673
f 4673 4603 4598
f 4673 4598 4674
f 4674 4598 4600
f 4674 4600 4675
f 4675 4600 4590
f 4675 4590 4676
f 4676 4590 4589
f 4676 4589 4677
f 4677 4589 4595
f 4677 4595 4678
f 4678 4595 4593
f 4679 4593 4592
f 4680 4681 4682
f 4683 4684 4685
f 4585 4584 4686
f 4686 4584 4687
f 4686 4687 4688
f 4688 4687 4683
f 4688 4683 4689
f 4689 4683 4685
f 4690 4691 4692
f 4692 4691 4693
f 4692 4693 4684
f 4684 4693 4694
f 4684 4694 4685
f 4695 4696 4690
f 4690 4696 4697
f 4690 4697 4691
f 4698 4699 4700
f 4700 4699 4701
f 4700 4701 4695
f 4695 4701 4702
f 4695 4702 4696
f 4703 4704 4698
f 4698 4704 4705
f 4698 4705 4699
f 4706 4707 4708
f 4708 4707 4709
f 4708 4709 4710
f 4710 4709 4711
f 4710 4711 4703
f 4703 4711 4712
f 4703 4712 4704
f 4682 4713 4680
f 4680 4713 4714
f 4680 4714 4706
f 4706 4714 4715
f 4706 4715 4707
f 4716 4717 4718
f 4718 4717 4719
f 4718 4719 4681
f 4681 4719 4720
f 4681 4720 4682
f 4721 4722 4716
f 4716 4722 4723
f 4716 4723 4717
f 4592 4724 4679
f 4679 4724 4725
f 4679 4725 4726
f 4726 4725 4727
f 4726 4727 4721
f 4721 4727 4728
f 4721 4728 4722
f 4418 4657 4417
f 4417 4657 4729
f 4417 4729 4433
f 4433 4729 4730
f 4433 4730 4432
f 4432 4730 4731
f 4432 4731 4437
f 4437 4731 4732
f 4437 4732 4436
f 4436 4732 4733
f 4436 4733 4422
f 4422 4733 4734
f 4422 4734 4421
f 4421 4734 4735
f 4421 4735 4420
f 4420 4735 4736
f 4420 4736 4431
f 4431 4736 4737
f 4431 4737 4430
f 4430 4737 4738
f 4430 4738 4429
f 4429 4738 4739
f 4429 4739 4444
f 4444 4739 4740
f 4444 4740 4443
f 4443 4740 4741
f 4443 4741 4428
f 4428 4741 4742
f 4428 4742 4427
f 4427 4742 4743
f 4427 4743 4426
f 4426 4743 4744
f 4426 4744 4435
f 4435 4744 4745
f 4435 4745 4434
f 4434 4745 4746
f 4434 4746 4425
f 4425 4746 4747
f 4425 4747 4424
f 4424 4747 4637
f 4657 4678 4729
f 4729 4678 4748
f 4729 4748 4730
f 4730 4748 4749
f 4730 4749 4731
f 4731 4749 4750
f 4731 4750 4732
f 4732 4750 4751
f 4732 4751 4733
f 4733 4751 4752
f 4733 4752 4734
f 4734 4752 4753
f 4734 4753 4735
f 4735 4753 4754
f 4735 4754 4736
f 4736 4754 4755
f 4736 4755 4737
f 4737 4755 4756
f 4737 4756 4738
f 4738 4756 4757
f 4738 4757 4739
f 4739 4757 4758
f 4739 4758 4740
f 4740 4758 4759
f 4740 4759 4741
f 4741 4759 4760
f 4741 4760 4742
f 4742 4760 4761
f 4742 4761 4743
f 4743 4761 4762
f 4743 4762 4744
f 4744 4762 4763
f 4744 4763 4745
f 4745 4763 4764
f 4745 4764 4746
f 4746 4764 4765
f 4746 4765 4747
f 4747 4765 4766
f 4747 4766 4637
f 4637 4766 4658
f 4678 4593 4748
f 4748 4593 4679
f 4748 4679 4749
f 4749 4679 4726
f 4749 4726 4750
f 4750 4726 4721
f 4750 4721 4751
f 4751 4721 4716
f 4751 4716 4752
f 4752 4716 4718
f 4752 4718 4753
f 4753 4718 4681
f 4753 4681 4754
f 4754 4681 4680
f 4754 4680 4755
f 4755 4680 4706
f 4755 4706 4756
f 4756 4706 4708
f 4756 4708 4757
f 4757 4708 4710
f 4757 4710 4758
f 4758 4710 4703
f 4758 4703 4759
f 4759 4703 4698
f 4759 4698 4760
f 4760 4698 4700
f 4760 4700 4761
f 4761 4700 4695
f 4761 4695 4762
f 4762 4695 4690
f 4762 4690 4763
f 4763 4690 4692
f 4763 4692 4764
f 4764 4692 4684
f 4764 4684 4765
f 4765 4684 4683
f 4765 4683 4766
f 4766 4683 4687
f 4766 4687 4658
f 4658 4687 4584
f 4581 4579 4767
f 4768 4480 4769
f 4769 4480 4482
f 4769 4482 4770
f 4770 4482 4484
f 4770 4484 4771
f 4771 4484 4772
f 4772 4484 4486
f 4772 4486 4773
f 4773 4486 4487
f 4773 4487 4774
f 4774 4487 4489
f 4774 4489 4775
f 4775 4489 4491
f 4775 4491 4776
f 4776 4491 4496
f 4776 4496 4777
f 4777 4496 4495
f 4777 4495 4778
f 4778 4495 4493
f 4778 4493 4779
f 4779 4493 4499
f 4779 4499 4780
f 4499 4498 4780
f 4780 4498 4504
f 4780 4504 4781
f 4781 4504 4503
f 4781 4503 4782
f 4782 4503 4783
f 4503 4501 4783
f 4783 4501 4557
f 4783 4557 4784
f 4784 4557 4559
f 4784 4559 4785
f 4785 4559 4561
f 4785 4561 4786
f 4786 4561 4563
f 4786 4563 4787
f 4787 4563 4568
f 4787 4568 4788
f 4788 4568 4567
f 4788 4567 4789
f 4789 4567 4565
f 4789 4565 4790
f 4790 4565 4573
f 4790 4573 4791
f 4791 4573 4572
f 4791 4572 4792
f 4792 4572 4570
f 4792 4570 4793
f 4793 4570 4582
f 4793 4582 4794
f 4794 4582 4581
f 4794 4581 4795
f 4795 4581 4767
f 4478 4480 4768
f 4767 4579 4796
f 4796 4579 4577
f 4796 4577 4797
f 4797 4577 4575
f 4797 4575 4798
f 4798 4575 4799
f 4799 4575 4574
f 4799 4574 4800
f 4800 4574 4527
f 4800 4527 4801
f 4801 4527 4525
f 4801 4525 4802
f 4802 4525 4533
f 4802 4533 4803
f 4803 4533 4532
f 4803 4532 4804
f 4804 4532 4530
f 4804 4530 4805
f 4805 4530 4536
f 4805 4536 4806
f 4536 4535 4806
f 4806 4535 4539
f 4806 4539 4807
f 4807 4539 4538
f 4768 4808 4478
f 4478 4808 4809
f 4478 4809 4457
f 4457 4809 4810
f 4457 4810 4458
f 4458 4810 4811
f 4458 4811 4475
f 4475 4811 4812
f 4475 4812 4476
f 4476 4812 4813
f 4476 4813 4477
f 4477 4813 4814
f 4477 4814 4471
f 4471 4814 4815
f 4471 4815 4473
f 4473 4815 4816
f 4473 4816 4474
f 4474 4816 4817
f 4474 4817 4469
f 4469 4817 4818
f 4469 4818 4467
f 4467 4818 4819
f 4467 4819 4465
f 4465 4819 4820
f 4465 4820 4463
f 4463 4820 4821
f 4463 4821 4461
f 4461 4821 4822
f 4461 4822 4538
f 4538 4822 4823
f 4538 4823 4807
f 4824 4825 4592
f 4632 4585 4826
f 4592 4594 4824
f 4824 4594 4596
f 4824 4596 4827
f 4827 4596 4828
f 4828 4596 4597
f 4828 4597 4829
f 4829 4597 4591
f 4829 4591 4830
f 4830 4591 4602
f 4830 4602 4831
f 4831 4602 4601
f 4831 4601 4832
f 4832 4601 4599
f 4832 4599 4833
f 4833 4599 4605
f 4833 4605 4834
f 4834 4605 4604
f 4834 4604 4835
f 4835 4604 4610
f 4835 4610 4836
f 4836 4610 4609
f 4836 4609 4837
f 4837 4609 4607
f 4837 4607 4838
f 4838 4607 4613
f 4838 4613 4839
f 4839 4613 4612
f 4839 4612 4840
f 4840 4612 4620
f 4840 4620 4841
f 4841 4620 4619
f 4841 4619 4842
f 4842 4619 4843
f 4843 4619 4617
f 4843 4617 4844
f 4844 4617 4615
f 4844 4615 4845
f 4845 4615 4623
f 4845 4623 4846
f 4846 4623 4622
f 4846 4622 4847
f 4847 4622 4621
f 4847 4621 4848
f 4848 4621 4588
f 4848 4588 4849
f 4849 4588 4628
f 4849 4628 4850
f 4625 4851 4852
f 4850 4628 4852
f 4852 4628 4627
f 4852 4627 4625
f 4851 4625 4853
f 4853 4625 4631
f 4853 4631 4854
f 4854 4631 4630
f 4854 4630 4855
f 4855 4630 4636
f 4855 4636 4856
f 4636 4635 4856
f 4856 4635 4633
f 4856 4633 4857
f 4857 4633 4632
f 4857 4632 4858
f 4858 4632 4826
f 4724 4592 4825
f 4859 4826 4585
f 4585 4686 4859
f 4859 4686 4688
f 4859 4688 4860
f 4860 4688 4861
f 4861 4688 4689
f 4861 4689 4862
f 4862 4689 4685
f 4862 4685 4863
f 4863 4685 4694
f 4863 4694 4864
f 4864 4694 4693
f 4864 4693 4865
f 4865 4693 4691
f 4865 4691 4866
f 4866 4691 4697
f 4866 4697 4867
f 4867 4697 4696
f 4867 4696 4868
f 4868 4696 4702
f 4868 4702 4869
f 4869 4702 4701
f 4869 4701 4870
f 4870 4701 4699
f 4870 4699 4871
f 4871 4699 4705
f 4871 4705 4872
f 4872 4705 4704
f 4872 4704 4873
f 4873 4704 4712
f 4873 4712 4874
f 4874 4712 4711
f 4874 4711 4875
f 4875 4711 4876
f 4876 4711 4709
f 4876 4709 4877
f 4877 4709 4707
f 4877 4707 4878
f 4878 4707 4715
f 4878 4715 4879
f 4879 4715 4714
f 4879 4714 4880
f 4880 4714 4713
f 4880 4713 4881
f 4881 4713 4682
f 4881 4682 4882
f 4882 4682 4720
f 4882 4720 4883
f 4717 4884 4885
f 4883 4720 4885
f 4885 4720 4719
f 4885 4719 4717
f 4884 4717 4886
f 4886 4717 4723
f 4886 4723 4887
f 4887 4723 4722
f 4887 4722 4888
f 4888 4722 4728
f 4888 4728 4889
f 4728 4727 4889
f 4889 4727 4725
f 4889 4725 4890
f 4890 4725 4724
f 4890 4724 4891
f 4891 4724 4825
f 4892 4893 4894
f 4895 4896 4897
f 4898 4899 4900
f 4901 4902 4903
f 4904 4905 4906
f 4904 4906 4907
f 4907 4906 4908
f 4907 4908 4909
f 4909 4908 4910
f 4909 4910 4911
f 4911 4910 4912
f 4911 4912 4913
f 4902 4901 4912
f 4912 4901 4914
f 4912 4914 4913
f 4915 4916 4903
f 4903 4916 4917
f 4903 4917 4901
f 4903 4918 4915
f 4915 4918 4919
f 4915 4919 4920
f 4920 4919 4921
f 4921 4919 4922
f 4921 4922 4923
f 4923 4922 4924
f 4923 4924 4925
f 4925 4924 4926
f 4926 4924 4927
f 4926 4927 4928
f 4928 4927 4929
f 4928 4929 4930
f 4930 4929 4931
f 4930 4931 4932
f 4899 4898 4931
f 4931 4898 4933
f 4931 4933 4932
f 4934 4935 4900
f 4900 4935 4936
f 4900 4936 4898
f 4900 4937 4934
f 4934 4937 4938
f 4934 4938 4939
f 4896 4895 4938
f 4938 4895 4940
f 4938 4940 4939
f 4893 4941 4894
f 4894 4941 4942
f 4894 4942 4897
f 4897 4942 4943
f 4897 4943 4895
f 4944 4945 4892
f 4946 4947 4945
f 4782 4783 4948
f 4949 4782 4946
f 4946 4782 4948
f 4946 4948 4947
f 4779 4780 4949
f 4949 4780 4781
f 4949 4781 4782
f 4949 4950 4779
f 4779 4950 4951
f 4779 4951 4778
f 4778 4951 4952
f 4778 4952 4777
f 4953 4773 4954
f 4954 4773 4774
f 4954 4774 4955
f 4955 4774 4775
f 4955 4775 4952
f 4952 4775 4776
f 4952 4776 4777
f 4770 4771 4953
f 4953 4771 4772
f 4953 4772 4773
f 4953 4956 4770
f 4770 4956 4957
f 4770 4957 4769
f 4769 4957 4768
f 4768 4957 4808
f 4808 4957 4958
f 4808 4958 4959
f 4813 4812 4960
f 4960 4812 4811
f 4960 4811 4961
f 4961 4811 4810
f 4961 4810 4959
f 4959 4810 4809
f 4959 4809 4808
f 4813 4960 4814
f 4814 4960 4962
f 4814 4962 4815
f 4815 4962 4963
f 4815 4963 4816
f 4816 4963 4964
f 4816 4964 4817
f 4817 4964 4965
f 4817 4965 4818
f 4818 4965 4819
f 4819 4965 4966
f 4819 4966 4820
f 4820 4966 4967
f 4820 4967 4821
f 4821 4967 4968
f 4821 4968 4822
f 4945 4944 4946
f 4946 4944 4969
f 4946 4969 4949
f 4949 4969 4970
f 4949 4970 4950
f 4950 4970 4971
f 4950 4971 4951
f 4951 4971 4972
f 4951 4972 4952
f 4952 4972 4973
f 4952 4973 4955
f 4955 4973 4974
f 4955 4974 4954
f 4954 4974 4975
f 4954 4975 4953
f 4953 4975 4976
f 4953 4976 4956
f 4956 4976 4977
f 4956 4977 4957
f 4957 4977 4978
f 4957 4978 4958
f 4958 4978 4979
f 4958 4979 4959
f 4959 4979 4980
f 4959 4980 4961
f 4961 4980 4981
f 4961 4981 4960
f 4960 4981 4982
f 4960 4982 4962
f 4962 4982 4983
f 4962 4983 4963
f 4963 4983 4984
f 4963 4984 4964
f 4964 4984 4985
f 4964 4985 4965
f 4965 4985 4986
f 4965 4986 4966
f 4966 4986 4987
f 4966 4987 4967
f 4967 4987 4988
f 4967 4988 4968
f 4892 4894 4944
f 4944 4894 4897
f 4944 4897 4969
f 4969 4897 4896
f 4969 4896 4970
f 4970 4896 4938
f 4970 4938 4971
f 4971 4938 4937
f 4971 4937 4972
f 4972 4937 4900
f 4972 4900 4973
f 4973 4900 4899
f 4973 4899 4974
f 4974 4899 4931
f 4974 4931 4975
f 4975 4931 4929
f 4975 4929 4976
f 4976 4929 4927
f 4976 4927 4977
f 4977 4927 4924
f 4977 4924 4978
f 4978 4924 4922
f 4978 4922 4979
f 4979 4922 4919
f 4979 4919 4980
f 4980 4919 4918
f 4980 4918 4981
f 4981 4918 4903
f 4981 4903 4982
f 4982 4903 4902
f 4982 4902 4983
f 4983 4902 4912
f 4983 4912 4984
f 4984 4912 4910
f 4984 4910 4985
f 4985 4910 4908
f 4985 4908 4986
f 4986 4908 4906
f 4986 4906 4987
f 4987 4906 4905
f 4987 4905 4988
f 4989 4990 4991
f 4992 4993 4994
f 4995 4823 4996
f 4996 4823 4822
f 4996 4822 4968
f 4805 4806 4995
f 4995 4806 4807
f 4995 4807 4823
f 4995 4997 4805
f 4805 4997 4998
f 4805 4998 4804
f 4804 4998 4999
f 4801 4802 4999
f 4999 4802 4803
f 4999 4803 4804
f 4999 5000 4801
f 4801 5000 5001
f 4801 5001 4800
f 4800 5001 5002
f 4797 4798 5002
f 5002 4798 4799
f 5002 4799 4800
f 5002 5003 4797
f 4797 5003 5004
f 4797 5004 4796
f 4796 5004 4767
f 4767 5004 4795
f 4795 5004 5005
f 4795 5005 5006
f 4792 4793 5006
f 5006 4793 4794
f 5006 4794 4795
f 5006 5007 4792
f 4792 5007 5008
f 4792 5008 4791
f 4791 5008 5009
f 4788 4789 5009
f 5009 4789 4790
f 5009 4790 4791
f 5009 5010 4788
f 4788 5010 5011
f 4788 5011 4787
f 4787 5011 5012
f 4787 5012 4786
f 5013 4784 5012
f 5012 4784 4785
f 5012 4785 4786
f 5014 4945 4947
f 4892 5015 4893
f 4893 5015 5016
f 4893 5016 4941
f 4993 4992 5015
f 5015 4992 5017
f 5015 5017 5016
f 5018 5019 4994
f 4994 5019 5020
f 4994 5020 4992
f 4994 5021 5018
f 5018 5021 5022
f 5018 5022 5023
f 5023 5022 5024
f 5024 5022 5025
f 5024 5025 5026
f 5026 5025 5027
f 5026 5027 5028
f 5028 5027 5029
f 5029 5027 5030
f 5029 5030 5031
f 5031 5030 5032
f 5031 5032 5033
f 5033 5032 5034
f 5034 5032 5035
f 5034 5035 5036
f 5036 5035 5037
f 5036 5037 5038
f 5038 5037 5039
f 5038 5039 5040
f 4990 4989 5039
f 5039 4989 5041
f 5039 5041 5040
f 5042 5043 4991
f 4991 5043 5044
f 4991 5044 4989
f 4991 5045 5042
f 5042 5045 5046
f 5042 5046 5047
f 5047 5046 5048
f 5048 5046 5049
f 5048 5049 5050
f 5050 5049 5051
f 5050 5051 5052
f 5052 5051 5053
f 5052 5053 5054
f 4904 5054 4905
f 4905 5054 5053
f 4905 5053 4988
f 4968 4988 5055
f 4968 5055 4996
f 4996 5055 5056
f 4996 5056 4995
f 4995 5056 5057
f 4995 5057 4997
f 4997 5057 5058
f 4997 5058 4998
f 4998 5058 5059
f 4998 5059 4999
f 4999 5059 5060
f 4999 5060 5000
f 5000 5060 5061
f 5000 5061 5001
f 5001 5061 5062
f 5001 5062 5002
f 5002 5062 5063
f 5002 5063 5003
f 5003 5063 5064
f 5003 5064 5004
f 5004 5064 5065
f 5004 5065 5005
f 5005 5065 5066
f 5005 5066 5006
f 5006 5066 5067
f 5006 5067 5007
f 5007 5067 5068
f 5007 5068 5008
f 5008 5068 5069
f 5008 5069 5009
f 5009 5069 5070
f 5009 5070 5010
f 5010 5070 5071
f 5010 5071 5011
f 5011 5071 5072
f 5011 5072 5012
f 5012 5072 5014
f 5012 5014 5013
f 5013 5014 4947
f 5013 4947 4784
f 4784 4947 4948
f 4784 4948 4783
f 4988 5053 5055
f 5055 5053 5051
f 5055 5051 5056
f 5056 5051 5049
f 5056 5049 5057
f 5057 5049 5046
f 5057 5046 5058
f 5058 5046 5045
f 5058 5045 5059
f 5059 5045 4991
f 5059 4991 5060
f 5060 4991 4990
f 5060 4990 5061
f 5061 4990 5039
f 5061 5039 5062
f 5062 5039 5037
f 5062 5037 5063
f 5063 5037 5035
f 5063 5035 5064
f 5064 5035 5032
f 5064 5032 5065
f 5065 5032 5030
f 5065 5030 5066
f 5066 5030 5027
f 5066 5027 5067
f 5067 5027 5025
f 5067 5025 5068
f 5068 5025 5022
f 5068 5022 5069
f 5069 5022 5021
f 5069 5021 5070
f 5070 5021 4994
f 5070 4994 5071
f 5071 4994 4993
f 5071 4993 5072
f 5072 4993 5015
f 5072 5015 5014
f 5014 5015 4892
f 5014 4892 4945
f 4826 5073 5074
f 5075 4856 5076
f 5076 4856 4857
f 5076 4857 5074
f 5074 4857 4858
f 5074 4858 4826
f 5077 4854 5075
f 5075 4854 4855
f 5075 4855 4856
f 5078 4852 5079
f 5079 4852 4851
f 5079 4851 5077
f 5077 4851 4853
f 5077 4853 4854
f 5080 4849 5078
f 5078 4849 4850
f 5078 4850 4852
f 4844 4845 5081
f 5081 4845 4846
f 5081 4846 5082
f 5082 4846 4847
f 5082 4847 5080
f 5080 4847 4848
f 5080 4848 4849
f 4844 5081 4843
f 4843 5081 5083
f 4843 5083 4842
f 4842 5083 5084
f 4842 5084 4841
f 4841 5084 4840
f 4840 5084 5085
f 4840 5085 4839
f 4839 5085 5086
f 4839 5086 4838
f 4838 5086 4837
f 4837 5086 5087
f 4837 5087 4836
f 4836 5087 4835
f 4835 5087 5088
f 4835 5088 4834
f 4834 5088 5089
f 4834 5089 4833
f 4833 5089 4832
f 4832 5089 5090
f 4832 5090 4831
f 4831 5090 4830
f 4830 5090 5091
f 4830 5091 4829
f 4829 5091 5092
f 4829 5092 4828
f 4828 5092 4827
f 4827 5092 5093
f 4827 5093 4824
f 4825 4824 5094
f 5094 4824 5093
f 5094 5093 5095
f 5096 5095 5097
f 5098 5096 5099
f 5100 5098 5101
f 5102 5100 5103
f 5104 5105 5106
f 5106 5105 5102
f 5104 5106 5107
f 5107 5106 5108
f 5107 5108 5109
f 5109 5108 5110
f 5110 5108 5111
f 5110 5111 5112
f 5112 5111 5113
f 5112 5113 5114
f 5114 5113 5115
f 5115 5113 5116
f 5115 5116 5117
f 5117 5116 5118
f 5118 5116 5119
f 5118 5119 5120
f 5120 5119 5121
f 5120 5121 5122
f 5122 5121 5123
f 5123 5121 5124
f 5123 5124 5125
f 5125 5124 5126
f 5126 5124 5127
f 5126 5127 5128
f 5128 5127 5129
f 5128 5129 5130
f 5131 5132 5129
f 5129 5132 5133
f 5129 5133 5130
f 5134 5135 5131
f 5131 5135 5136
f 5131 5136 5132
f 5137 5138 5134
f 5134 5138 5139
f 5134 5139 5135
f 5140 5141 5142
f 5142 5141 5143
f 5142 5143 5137
f 5137 5143 5144
f 5137 5144 5138
f 5145 5146 5140
f 5140 5146 5147
f 5140 5147 5141
f 5148 5149 5150
f 5150 5149 5151
f 5150 5151 5152
f 5152 5151 5153
f 5152 5153 5145
f 5145 5153 5154
f 5145 5154 5146
f 5148 5150 5155
f 5155 5150 5156
f 5155 5156 5157
f 5157 5156 5158
f 5157 5158 5159
f 5159 5158 5160
f 5159 5160 5161
f 5102 5103 5106
f 5106 5103 5162
f 5106 5162 5108
f 5108 5162 5163
f 5108 5163 5111
f 5111 5163 5164
f 5111 5164 5113
f 5113 5164 5165
f 5113 5165 5116
f 5116 5165 5166
f 5116 5166 5119
f 5119 5166 5167
f 5119 5167 5121
f 5121 5167 5168
f 5121 5168 5124
f 5124 5168 5169
f 5124 5169 5127
f 5127 5169 5170
f 5127 5170 5129
f 5129 5170 5171
f 5129 5171 5131
f 5131 5171 5172
f 5131 5172 5134
f 5134 5172 5173
f 5134 5173 5137
f 5137 5173 5174
f 5137 5174 5142
f 5142 5174 5175
f 5142 5175 5140
f 5140 5175 5176
f 5140 5176 5145
f 5145 5176 5177
f 5145 5177 5152
f 5152 5177 5178
f 5152 5178 5150
f 5150 5178 5179
f 5150 5179 5156
f 5156 5179 5180
f 5156 5180 5158
f 5158 5180 5181
f 5158 5181 5160
f 5100 5101 5103
f 5103 5101 5182
f 5103 5182 5162
f 5162 5182 5183
f 5162 5183 5163
f 5163 5183 5184
f 5163 5184 5164
f 5164 5184 5185
f 5164 5185 5165
f 5165 5185 5186
f 5165 5186 5166
f 5166 5186 5187
f 5166 5187 5167
f 5167 5187 5188
f 5167 5188 5168
f 5168 5188 5189
f 5168 5189 5169
f 5169 5189 5190
f 5169 5190 5170
f 5170 5190 5191
f 5170 5191 5171
f 5171 5191 5192
f 5171 5192 5172
f 5172 5192 5193
f 5172 5193 5173
f 5173 5193 5194
f 5173 5194 5174
f 5174 5194 5195
f 5174 5195 5175
f 5175 5195 5196
f 5175 5196 5176
f 5176 5196 5197
f 5176 5197 5177
f 5177 5197 5198
f 5177 5198 5178
f 5178 5198 5199
f 5178 5199 5179
f 5179 5199 5200
f 5179 5200 5180
f 5180 5200 5201
f 5180 5201 5181
f 5098 5099 5101
f 5101 5099 5202
f 5101 5202 5182
f 5182 5202 5203
f 5182 5203 5183
f 5183 5203 5204
f 5183 5204 5184
f 5184 5204 5205
f 5184 5205 5185
f 5185 5205 5206
f 5185 5206 5186
f 5186 5206 5207
f 5186 5207 5187
f 5187 5207 5208
f 5187 5208 5188
f 5188 5208 5209
f 5188 5209 5189
f 5189 5209 5210
f 5189 5210 5190
f 5190 5210 5211
f 5190 5211 5191
f 5191 5211 5212
f 5191 5212 5192
f 5192 5212 5213
f 5192 5213 5193
f 5193 5213 5214
f 5193 5214 5194
f 5194 5214 5215
f 5194 5215 5195
f 5195 5215 5216
f 5195 5216 5196
f 5196 5216 5217
f 5196 5217 5197
f 5197 5217 5218
f 5197 5218 5198
f 5198 5218 5219
f 5198 5219 5199
f 5199 5219 5220
f 5199 5220 5200
f 5200 5220 5221
f 5200 5221 5201
f 5096 5097 5099
f 5099 5097 5222
f 5099 5222 5202
f 5202 5222 5223
f 5202 5223 5203
f 5203 5223 5224
f 5203 5224 5204
f 5204 5224 5225
f 5204 5225 5205
f 5205 5225 5226
f 5205 5226 5206
f 5206 5226 5227
f 5206 5227 5207
f 5207 5227 5228
f 5207 5228 5208
f 5208 5228 5229
f 5208 5229 5209
f 5209 5229 5230
f 5209 5230 5210
f 5210 5230 5231
f 5210 5231 5211
f 5211 5231 5232
f 5211 5232 5212
f 5212 5232 5233
f 5212 5233 5213
f 5213 5233 5234
f 5213 5234 5214
f 5214 5234 5235
f 5214 5235 5215
f 5215 5235 5236
f 5215 5236 5216
f 5216 5236 5237
f 5216 5237 5217
f 5217 5237 5238
f 5217 5238 5218
f 5218 5238 5239
f 5218 5239 5219
f 5219 5239 5240
f 5219 5240 5220
f 5220 5240 5241
f 5220 5241 5221
f 5095 5093 5097
f 5097 5093 5092
f 5097 5092 5222
f 5222 5092 5091
f 5222 5091 5223
f 5223 5091 5090
f 5223 5090 5224
f 5224 5090 5089
f 5224 5089 5225
f 5225 5089 5088
f 5225 5088 5226
f 5226 5088 5087
f 5226 5087 5227
f 5227 5087 5086
f 5227 5086 5228
f 5228 5086 5085
f 5228 5085 5229
f 5229 5085 5084
f 5229 5084 5230
f 5230 5084 5083
f 5230 5083 5231
f 5231 5083 5081
f 5231 5081 5232
f 5232 5081 5082
f 5232 5082 5233
f 5233 5082 5080
f 5233 5080 5234
f 5234 5080 5078
f 5234 5078 5235
f 5235 5078 5079
f 5235 5079 5236
f 5236 5079 5077
f 5236 5077 5237
f 5237 5077 5075
f 5237 5075 5238
f 5238 5075 5076
f 5238 5076 5239
f 5239 5076 5074
f 5239 5074 5240
f 5240 5074 5073
f 5240 5073 5241
f 4825 5094 5242
f 5243 5244 5245
f 5245 5244 5246
f 5247 5248 5246
f 5246 5248 5249
f 5246 5249 5245
f 5250 5251 5247
f 5247 5251 5252
f 5247 5252 5248
f 5253 5254 5255
f 5255 5254 5256
f 5255 5256 5250
f 5250 5256 5257
f 5250 5257 5251
f 5258 5259 5253
f 5253 5259 5260
f 5253 5260 5254
f 5261 5262 5263
f 5263 5262 5264
f 5263 5264 5265
f 5265 5264 5266
f 5265 5266 5258
f 5258 5266 5267
f 5258 5267 5259
f 5261 5263 5268
f 5268 5263 5269
f 5268 5269 5270
f 5270 5269 5271
f 5270 5271 5272
f 5272 5271 5102
f 5272 5102 5105
f 5273 4889 5274
f 5274 4889 4890
f 5274 4890 5242
f 5242 4890 4891
f 5242 4891 4825
f 5275 4887 5273
f 5273 4887 4888
f 5273 4888 4889
f 5276 4885 5277
f 5277 4885 4884
f 5277 4884 5275
f 5275 4884 4886
f 5275 4886 4887
f 5278 4882 5276
f 5276 4882 4883
f 5276 4883 4885
f 4877 4878 5279
f 5279 4878 4879
f 5279 4879 5280
f 5280 4879 4880
f 5280 4880 5278
f 5278 4880 4881
f 5278 4881 4882
f 4877 5279 4876
f 4876 5279 5281
f 4876 5281 4875
f 4875 5281 5282
f 4875 5282 4874
f 4874 5282 4873
f 4873 5282 5283
f 4873 5283 4872
f 4872 5283 5284
f 4872 5284 4871
f 4871 5284 4870
f 4870 5284 5285
f 4870 5285 4869
f 4869 5285 4868
f 4868 5285 5286
f 4868 5286 4867
f 4867 5286 5287
f 4867 5287 4866
f 4866 5287 4865
f 4865 5287 5288
f 4865 5288 4864
f 4864 5288 4863
f 4863 5288 5289
f 4863 5289 4862
f 4862 5289 5290
f 4862 5290 4861
f 4861 5290 4860
f 4860 5290 5291
f 4860 5291 4859
f 4826 4859 5073
f 5073 4859 5291
f 5073 5291 5241
f 5221 5241 5292
f 5201 5221 5293
f 5181 5201 5294
f 5160 5181 5295
f 5161 5160 5296
f 5297 5298 5296
f 5296 5298 5299
f 5296 5299 5161
f 5300 5301 5302
f 5302 5301 5303
f 5302 5303 5297
f 5297 5303 5304
f 5297 5304 5298
f 5305 5306 5300
f 5300 5306 5307
f 5300 5307 5301
f 5308 5309 5310
f 5310 5309 5311
f 5310 5311 5305
f 5305 5311 5312
f 5305 5312 5306
f 5313 5314 5308
f 5308 5314 5315
f 5308 5315 5309
f 5243 5316 5244
f 5244 5316 5317
f 5244 5317 5318
f 5318 5317 5319
f 5318 5319 5313
f 5313 5319 5320
f 5313 5320 5314
f 5160 5295 5296
f 5296 5295 5321
f 5296 5321 5297
f 5297 5321 5322
f 5297 5322 5302
f 5302 5322 5323
f 5302 5323 5300
f 5300 5323 5324
f 5300 5324 5305
f 5305 5324 5325
f 5305 5325 5310
f 5310 5325 5326
f 5310 5326 5308
f 5308 5326 5327
f 5308 5327 5313
f 5313 5327 5328
f 5313 5328 5318
f 5318 5328 5329
f 5318 5329 5244
f 5244 5329 5330
f 5244 5330 5246
f 5246 5330 5331
f 5246 5331 5247
f 5247 5331 5332
f 5247 5332 5250
f 5250 5332 5333
f 5250 5333 5255
f 5255 5333 5334
f 5255 5334 5253
f 5253 5334 5335
f 5253 5335 5258
f 5258 5335 5336
f 5258 5336 5265
f 5265 5336 5337
f 5265 5337 5263
f 5263 5337 5338
f 5263 5338 5269
f 5269 5338 5339
f 5269 5339 5271
f 5271 5339 5100
f 5271 5100 5102
f 5181 5294 5295
f 5295 5294 5340
f 5295 5340 5321
f 5321 5340 5341
f 5321 5341 5322
f 5322 5341 5342
f 5322 5342 5323
f 5323 5342 5343
f 5323 5343 5324
f 5324 5343 5344
f 5324 5344 5325
f 5325 5344 5345
f 5325 5345 5326
f 5326 5345 5346
f 5326 5346 5327
f 5327 5346 5347
f 5327 5347 5328
f 5328 5347 5348
f 5328 5348 5329
f 5329 5348 5349
f 5329 5349 5330
f 5330 5349 5350
f 5330 5350 5331
f 5331 5350 5351
f 5331 5351 5332
f 5332 5351 5352
f 5332 5352 5333
f 5333 5352 5353
f 5333 5353 5334
f 5334 5353 5354
f 5334 5354 5335
f 5335 5354 5355
f 5335 5355 5336
f 5336 5355 5356
f 5336 5356 5337
f 5337 5356 5357
f 5337 5357 5338
f 5338 5357 5358
f 5338 5358 5339
f 5339 5358 5098
f 5339 5098 5100
f 5201 5293 5294
f 5294 5293 5359
f 5294 5359 5340
f 5340 5359 5360
f 5340 5360 5341
f 5341 5360 5361
f 5341 5361 5342
f 5342 5361 5362
f 5342 5362 5343
f 5343 5362 5363
f 5343 5363 5344
f 5344 5363 5364
f 5344 5364 5345
f 5345 5364 5365
f 5345 5365 5346
f 5346 5365 5366
f 5346 5366 5347
f 5347 5366 5367
f 5347 5367 5348
f 5348 5367 5368
f 5348 5368 5349
f 5349 5368 5369
f 5349 5369 5350
f 5350 5369 5370
f 5350 5370 5351
f 5351 5370 5371
f 5351 5371 5352
f 5352 5371 5372
f 5352 5372 5353
f 5353 5372 5373
f 5353 5373 5354
f 5354 5373 5374
f 5354 5374 5355
f 5355 5374 5375
f 5355 5375 5356
f 5356 5375 5376
f 5356 5376 5357
f 5357 5376 5377
f 5357 5377 5358
f 5358 5377 5096
f 5358 5096 5098
f 5221 5292 5293
f 5293 5292 5378
f 5293 5378 5359
f 5359 5378 5379
f 5359 5379 5360
f 5360 5379 5380
f 5360 5380 5361
f 5361 5380 5381
f 5361 5381 5362
f 5362 5381 5382
f 5362 5382 5363
f 5363 5382 5383
f 5363 5383 5364
f 5364 5383 5384
f 5364 5384 5365
f 5365 5384 5385
f 5365 5385 5366
f 5366 5385 5386
f 5366 5386 5367
f 5367 5386 5387
f 5367 5387 5368
f 5368 5387 5388
f 5368 5388 5369
f 5369 5388 5389
f 5369 5389 5370
f 5370 5389 5390
f 5370 5390 5371
f 5371 5390 5391
f 5371 5391 5372
f 5372 5391 5392
f 5372 5392 5373
f 5373 5392 5393
f 5373 5393 5374
f 5374 5393 5394
f 5374 5394 5375
f 5375 5394 5395
f 5375 5395 5376
f 5376 5395 5396
f 5376 5396 5377
f 5377 5396 5095
f 5377 5095 5096
f 5241 5291 5292
f 5292 5291 5290
f 5292 5290 5378
f 5378 5290 5289
f 5378 5289 5379
f 5379 5289 5288
f 5379 5288 5380
f 5380 5288 5287
f 5380 5287 5381
f 5381 5287 5286
f 5381 5286 5382
f 5382 5286 5285
f 5382 5285 5383
f 5383 5285 5284
f 5383 5284 5384
f 5384 5284 5283
f 5384 5283 5385
f 5385 5283 5282
f 5385 5282 5386
f 5386 5282 5281
f 5386 5281 5387
f 5387 5281 5279
f 5387 5279 5388
f 5388 5279 5280
f 5388 5280 5389
f 5389 5280 5278
f 5389 5278 5390
f 5390 5278 5276
f 5390 5276 5391
f 5391 5276 5277
f 5391 5277 5392
f 5392 5277 5275
f 5392 5275 5393
f 5393 5275 5273
f 5393 5273 5394
f 5394 5273 5274
f 5394 5274 5395
f 5395 5274 5242
f 5395 5242 5396
f 5396 5242 5094
f 5396 5094 5095
f 5397 5054 5398
f 5398 5054 4904
f 5398 4904 5399
f 5400 5040 5401
f 5401 5040 5041
f 5401 5041 5402
f 5403 4942 5404
f 5404 4942 4941
f 5404 4941 5405
f 5406 5018 5407
f 5407 5018 5023
f 5407 5023 5408
f 5409 5033 5410
f 5410 5033 5034
f 5410 5034 5411
f 5411 5034 5036
f 5411 5036 5400
f 5400 5036 5038
f 5400 5038 5040
f 5412 5048 5413
f 5413 5048 5050
f 5413 5050 5397
f 5397 5050 5052
f 5397 5052 5054
f 4941 5016 5405
f 5405 5016 5017
f 5405 5017 5414
f 5414 5017 4992
f 5414 4992 5415
f 5415 4992 5020
f 5415 5020 5406
f 5406 5020 5019
f 5406 5019 5018
f 5041 4989 5402
f 5402 4989 5044
f 5402 5044 5416
f 5416 5044 5043
f 5416 5043 5417
f 5417 5043 5042
f 5417 5042 5412
f 5412 5042 5047
f 5412 5047 5048
f 5418 4901 5419
f 5419 4901 4917
f 5419 4917 5420
f 5421 4940 5422
f 5422 4940 4895
f 5422 4895 5403
f 5403 4895 4943
f 5403 4943 4942
f 5023 5024 5408
f 5408 5024 5026
f 5408 5026 5423
f 5423 5026 5028
f 5423 5028 5424
f 5424 5028 5029
f 5424 5029 5409
f 5409 5029 5031
f 5409 5031 5033
f 4904 4907 5399
f 5399 4907 4909
f 5399 4909 5425
f 5425 4909 4911
f 5425 4911 5426
f 5426 4911 4913
f 5426 4913 5418
f 5418 4913 4914
f 5418 4914 4901
f 5427 4936 5428
f 5428 4936 4935
f 5428 4935 5429
f 5429 4935 4934
f 5429 4934 5421
f 5421 4934 4939
f 5421 4939 4940
f 4917 4916 5420
f 5420 4916 4915
f 5420 4915 5430
f 5430 4915 4920
f 5430 4920 5431
f 5431 4920 4921
f 5431 4921 5432
f 5433 4932 5434
f 5434 4932 4933
f 5434 4933 5427
f 5427 4933 4898
f 5427 4898 4936
f 4921 4923 5432
f 5432 4923 4925
f 5432 4925 5435
f 5435 4925 4926
f 5435 4926 5436
f 5436 4926 4928
f 5436 4928 5433
f 5433 4928 4930
f 5433 4930 4932
f 5245 5249 5437
f 5437 5249 5438
f 5132 5439 5440
f 5438 5249 5441
f 5441 5249 5248
f 5441 5248 5442
f 5442 5248 5252
f 5442 5252 5443
f 5443 5252 5251
f 5443 5251 5444
f 5444 5251 5257
f 5444 5257 5445
f 5445 5257 5256
f 5445 5256 5446
f 5446 5256 5254
f 5446 5254 5447
f 5447 5254 5260
f 5447 5260 5448
f 5448 5260 5259
f 5448 5259 5449
f 5449 5259 5267
f 5449 5267 5450
f 5450 5267 5266
f 5450 5266 5451
f 5451 5266 5264
f 5451 5264 5452
f 5452 5264 5262
f 5452 5262 5453
f 5453 5262 5261
f 5453 5261 5454
f 5454 5261 5268
f 5454 5268 5455
f 5455 5268 5270
f 5455 5270 5456
f 5456 5270 5272
f 5456 5272 5457
f 5457 5272 5105
f 5457 5105 5458
f 5458 5105 5104
f 5458 5104 5459
f 5459 5104 5107
f 5459 5107 5460
f 5460 5107 5109
f 5460 5109 5461
f 5461 5109 5110
f 5461 5110 5462
f 5462 5110 5112
f 5462 5112 5463
f 5463 5112 5114
f 5463 5114 5464
f 5464 5114 5115
f 5464 5115 5465
f 5465 5115 5117
f 5465 5117 5466
f 5466 5117 5118
f 5466 5118 5467
f 5467 5118 5120
f 5467 5120 5468
f 5468 5120 5122
f 5468 5122 5469
f 5469 5122 5123
f 5469 5123 5470
f 5470 5123 5125
f 5470 5125 5471
f 5471 5125 5126
f 5471 5126 5472
f 5472 5126 5128
f 5472 5128 5473
f 5473 5128 5130
f 5473 5130 5440
f 5440 5130 5133
f 5440 5133 5132
f 5132 5136 5439
f 5439 5136 5474
f 5245 5437 5475
f 5474 5136 5476
f 5476 5136 5135
f 5476 5135 5477
f 5477 5135 5139
f 5477 5139 5478
f 5478 5139 5138
f 5478 5138 5479
f 5479 5138 5144
f 5479 5144 5480
f 5480 5144 5143
f 5480 5143 5481
f 5481 5143 5141
f 5481 5141 5482
f 5482 5141 5147
f 5482 5147 5483
f 5483 5147 5146
f 5483 5146 5484
f 5484 5146 5154
f 5484 5154 5485
f 5485 5154 5153
f 5485 5153 5486
f 5486 5153 5151
f 5486 5151 5487
f 5487 5151 5149
f 5487 5149 5488
f 5488 5149 5148
f 5488 5148 5489
f 5489 5148 5155
f 5489 5155 5490
f 5490 5155 5157
f 5490 5157 5491
f 5491 5157 5159
f 5491 5159 5492
f 5492 5159 5161
f 5492 5161 5493
f 5493 5161 5299
f 5493 5299 5494
f 5494 5299 5298
f 5494 5298 5495
f 5495 5298 5304
f 5495 5304 5496
f 5496 5304 5303
f 5496 5303 5497
f 5497 5303 5301
f 5497 5301 5498
f 5498 5301 5307
f 5498 5307 5499
f 5499 5307 5306
f 5499 5306 5500
f 5500 5306 5312
f 5500 5312 5501
f 5501 5312 5311
f 5501 5311 5502
f 5502 5311 5309
f 5502 5309 5503
f 5503 5309 5315
f 5503 5315 5504
f 5504 5315 5314
f 5504 5314 5505
f 5505 5314 5320
f 5505 5320 5506
f 5506 5320 5319
f 5506 5319 5507
f 5507 5319 5317
f 5507 5317 5508
f 5508 5317 5316
f 5508 5316 5475
f 5475 5316 5243
f 5475 5243 5245
f 5509 5510 5511
f 5512 5513 5514
f 5515 5516 5517
f 5517 5518 5515
f 5515 5518 5519
f 5515 5519 5520
f 5520 5519 5521
f 5520 5521 5522
f 5523 5524 5525
f 5525 5524 5526
f 5525 5526 5516
f 5516 5526 5527
f 5516 5527 5517
f 5528 5529 5523
f 5523 5529 5530
f 5523 5530 5524
f 5531 5532 5533
f 5533 5532 5534
f 5533 5534 5528
f 5528 5534 5535
f 5528 5535 5529
f 5514 5536 5512
f 5512 5536 5537
f 5512 5537 5531
f 5531 5537 5538
f 5531 5538 5532
f 5398 5539 5397
f 5397 5539 5540
f 5397 5540 5413
f 5413 5540 5541
f 5413 5541 5412
f 5412 5541 5542
f 5412 5542 5417
f 5417 5542 5543
f 5417 5543 5416
f 5416 5543 5544
f 5416 5544 5402
f 5402 5544 5545
f 5402 5545 5401
f 5401 5545 5546
f 5401 5546 5400
f 5400 5546 5547
f 5400 5547 5411
f 5411 5547 5548
f 5411 5548 5410
f 5410 5548 5549
f 5410 5549 5409
f 5409 5549 5550
f 5409 5550 5424
f 5424 5550 5551
f 5424 5551 5423
f 5423 5551 5552
f 5423 5552 5408
f 5408 5552 5553
f 5408 5553 5407
f 5407 5553 5554
f 5407 5554 5406
f 5406 5554 5555
f 5406 5555 5415
f 5415 5555 5556
f 5415 5556 5414
f 5414 5556 5557
f 5414 5557 5405
f 5405 5557 5558
f 5405 5558 5404
f 5404 5558 5559
f 5560 5561 5562
f 5562 5561 5563
f 5562 5563 5564
f 5564 5563 5565
f 5511 5566 5509
f 5509 5566 5567
f 5509 5567 5565
f 5565 5567 5568
f 5565 5568 5564
f 5569 5570 5571
f 5571 5570 5572
f 5571 5572 5510
f 5510 5572 5573
f 5510 5573 5511
f 5574 5575 5569
f 5569 5575 5576
f 5569 5576 5570
f 5577 5578 5579
f 5579 5578 5580
f 5579 5580 5574
f 5574 5580 5581
f 5574 5581 5575
f 5521 5582 5522
f 5522 5582 5583
f 5522 5583 5577
f 5577 5583 5584
f 5577 5584 5578
f 5539 5585 5540
f 5540 5585 5586
f 5540 5586 5541
f 5541 5586 5587
f 5541 5587 5542
f 5542 5587 5588
f 5542 5588 5543
f 5543 5588 5589
f 5543 5589 5544
f 5544 5589 5590
f 5544 5590 5545
f 5545 5590 5591
f 5545 5591 5546
f 5546 5591 5592
f 5546 5592 5547
f 5547 5592 5593
f 5547 5593 5548
f 5548 5593 5594
f 5548 5594 5549
f 5549 5594 5595
f 5549 5595 5550
f 5550 5595 5596
f 5550 5596 5551
f 5551 5596 5597
f 5551 5597 5552
f 5552 5597 5598
f 5552 5598 5553
f 5553 5598 5599
f 5553 5599 5554
f 5554 5599 5600
f 5554 5600 5555
f 5555 5600 5601
f 5555 5601 5556
f 5556 5601 5602
f 5556 5602 5557
f 5557 5602 5603
f 5557 5603 5558
f 5558 5603 5604
f 5558 5604 5559
f 5559 5604 5605
f 5585 5513 5586
f 5586 5513 5512
f 5586 5512 5587
f 5587 5512 5531
f 5587 5531 5588
f 5588 5531 5533
f 5588 5533 5589
f 5589 5533 5528
f 5589 5528 5590
f 5590 5528 5523
f 5590 5523 5591
f 5591 5523 5525
f 5591 5525 5592
f 5592 5525 5516
f 5592 5516 5593
f 5593 5516 5515
f 5593 5515 5594
f 5594 5515 5520
f 5594 5520 5595
f 5595 5520 5522
f 5595 5522 5596
f 5596 5522 5577
f 5596 5577 5597
f 5597 5577 5579
f 5597 5579 5598
f 5598 5579 5574
f 5598 5574 5599
f 5599 5574 5569
f 5599 5569 5600
f 5600 5569 5571
f 5600 5571 5601
f 5601 5571 5510
f 5601 5510 5602
f 5602 5510 5509
f 5602 5509 5603
f 5603 5509 5565
f 5603 5565 5604
f 5604 5565 5563
f 5604 5563 5605
f 5605 5563 5561
f 5606 5561 5560
f 5607 5608 5609
f 5610 5611 5612
f 5514 5513 5613
f 5613 5513 5614
f 5613 5614 5615
f 5615 5614 5616
f 5612 5617 5610
f 5610 5617 5618
f 5610 5618 5616
f 5616 5618 5619
f 5616 5619 5615
f 5620 5621 5622
f 5622 5621 5623
f 5622 5623 5611
f 5611 5623 5624
f 5611 5624 5612
f 5625 5626 5620
f 5620 5626 5627
f 5620 5627 5621
f 5628 5629 5630
f 5630 5629 5631
f 5630 5631 5625
f 5625 5631 5632
f 5625 5632 5626
f 5609 5633 5607
f 5607 5633 5634
f 5607 5634 5635
f 5635 5634 5636
f 5635 5636 5637
f 5637 5636 5638
f 5637 5638 5628
f 5628 5638 5639
f 5628 5639 5629
f 5640 5641 5642
f 5642 5641 5643
f 5642 5643 5608
f 5608 5643 5644
f 5608 5644 5609
f 5645 5646 5640
f 5640 5646 5647
f 5640 5647 5641
f 5648 5649 5650
f 5650 5649 5651
f 5650 5651 5645
f 5645 5651 5652
f 5645 5652 5646
f 5560 5653 5606
f 5606 5653 5654
f 5606 5654 5648
f 5648 5654 5655
f 5648 5655 5649
f 5404 5559 5403
f 5403 5559 5656
f 5403 5656 5422
f 5422 5656 5657
f 5422 5657 5421
f 5421 5657 5658
f 5421 5658 5429
f 5429 5658 5659
f 5429 5659 5428
f 5428 5659 5660
f 5428 5660 5427
f 5427 5660 5661
f 5427 5661 5434
f 5434 5661 5662
f 5434 5662 5433
f 5433 5662 5663
f 5433 5663 5436
f 5436 5663 5664
f 5436 5664 5435
f 5435 5664 5665
f 5435 5665 5432
f 5432 5665 5666
f 5432 5666 5431
f 5431 5666 5667
f 5431 5667 5430
f 5430 5667 5668
f 5430 5668 5420
f 5420 5668 5669
f 5420 5669 5419
f 5419 5669 5670
f 5419 5670 5418
f 5418 5670 5671
f 5418 5671 5426
f 5426 5671 5672
f 5426 5672 5425
f 5425 5672 5673
f 5425 5673 5399
f 5399 5673 5674
f 5399 5674 5398
f 5398 5674 5539
f 5559 5605 5656
f 5656 5605 5675
f 5656 5675 5657
f 5657 5675 5676
f 5657 5676 5658
f 5658 5676 5677
f 5658 5677 5659
f 5659 5677 5678
f 5659 5678 5660
f 5660 5678 5679
f 5660 5679 5661
f 5661 5679 5680
f 5661 5680 5662
f 5662 5680 5681
f 5662 5681 5663
f 5663 5681 5682
f 5663 5682 5664
f 5664 5682 5683
f 5664 5683 5665
f 5665 5683 5684
f 5665 5684 5666
f 5666 5684 5685
f 5666 5685 5667
f 5667 5685 5686
f 5667 5686 5668
f 5668 5686 5687
f 5668 5687 5669
f 5669 5687 5688
f 5669 5688 5670
f 5670 5688 5689
f 5670 5689 5671
f 5671 5689 5690
f 5671 5690 5672
f 5672 5690 5691
f 5672 5691 5673
f 5673 5691 5692
f 5673 5692 5674
f 5674 5692 5693
f 5674 5693 5539
f 5539 5693 5585
f 5605 5561 5675
f 5675 5561 5606
f 5675 5606 5676
f 5676 5606 5648
f 5676 5648 5677
f 5677 5648 5650
f 5677 5650 5678
f 5678 5650 5645
f 5678 5645 5679
f 5679 5645 5640
f 5679 5640 5680
f 5680 5640 5642
f 5680 5642 5681
f 5681 5642 5608
f 5681 5608 5682
f 5682 5608 5607
f 5682 5607 5683
f 5683 5607 5635
f 5683 5635 5684
f 5684 5635 5637
f 5684 5637 5685
f 5685 5637 5628
f 5685 5628 5686
f 5686 5628 5630
f 5686 5630 5687
f 5687 5630 5625
f 5687 5625 5688
f 5688 5625 5620
f 5688 5620 5689
f 5689 5620 5622
f 5689 5622 5690
f 5690 5622 5611
f 5690 5611 5691
f 5691 5611 5610
f 5691 5610 5692
f 5692 5610 5616
f 5692 5616 5693
f 5693 5616 5614
f 5693 5614 5585
f 5585 5614 5513
f 5694 5695 5492
f 5492 5695 5491
f 5491 5695 5490
f 5490 5695 5696
f 5490 5696 5489
f 5489 5696 5488
f 5488 5696 5697
f 5488 5697 5487
f 5487 5697 5698
f 5487 5698 5486
f 5486 5698 5485
f 5485 5698 5699
f 5485 5699 5484
f 5484 5699 5483
f 5483 5699 5700
f 5483 5700 5482
f 5482 5700 5701
f 5482 5701 5481
f 5481 5701 5480
f 5480 5701 5702
f 5480 5702 5479
f 5479 5702 5478
f 5478 5702 5703
f 5478 5703 5477
f 5477 5703 5704
f 5477 5704 5476
f 5705 5473 5706
f 5706 5473 5440
f 5706 5440 5707
f 5707 5440 5439
f 5707 5439 5704
f 5704 5439 5474
f 5704 5474 5476
f 5708 5471 5705
f 5705 5471 5472
f 5705 5472 5473
f 5709 5468 5710
f 5710 5468 5469
f 5710 5469 5708
f 5708 5469 5470
f 5708 5470 5471
f 5711 5466 5709
f 5709 5466 5467
f 5709 5467 5468
f 5461 5462 5712
f 5712 5462 5463
f 5712 5463 5713
f 5713 5463 5464
f 5713 5464 5711
f 5711 5464 5465
f 5711 5465 5466
f 5461 5712 5460
f 5460 5712 5714
f 5460 5714 5459
f 5459 5714 5715
f 5459 5715 5458
f 5458 5715 5716
f 5458 5716 5457
f 5694 5492 5717
f 5717 5492 5493
f 5717 5493 5718
f 5718 5493 5494
f 5718 5494 5719
f 5719 5494 5495
f 5719 5495 5720
f 5720 5495 5496
f 5501 5721 5722
f 5496 5497 5720
f 5720 5497 5498
f 5720 5498 5723
f 5723 5498 5499
f 5723 5499 5722
f 5722 5499 5500
f 5722 5500 5501
f 5506 5724 5725
f 5501 5502 5721
f 5721 5502 5503
f 5721 5503 5726
f 5726 5503 5504
f 5726 5504 5725
f 5725 5504 5505
f 5725 5505 5506
f 5438 5727 5437
f 5437 5727 5728
f 5437 5728 5475
f 5475 5728 5729
f 5475 5729 5508
f 5508 5729 5724
f 5508 5724 5507
f 5507 5724 5506
f 5445 5730 5731
f 5438 5441 5727
f 5727 5441 5442
f 5727 5442 5732
f 5732 5442 5443
f 5732 5443 5731
f 5731 5443 5444
f 5731 5444 5445
f 5450 5733 5734
f 5445 5446 5730
f 5730 5446 5447
f 5730 5447 5735
f 5735 5447 5448
f 5735 5448 5734
f 5734 5448 5449
f 5734 5449 5450
f 5450 5451 5733
f 5733 5451 5452
f 5733 5452 5736
f 5736 5452 5453
f 5736 5453 5737
f 5453 5454 5737
f 5737 5454 5455
f 5737 5455 5738
f 5738 5455 5456
f 5738 5456 5739
f 5739 5456 5457
f 5739 5457 5716
f 5740 5638 5741
f 5741 5638 5636
f 5741 5636 5742
f 5742 5636 5634
f 5742 5634 5743
f 5743 5634 5633
f 5743 5633 5744
f 5744 5633 5609
f 5744 5609 5745
f 5745 5609 5644
f 5745 5644 5746
f 5746 5644 5747
f 5747 5644 5643
f 5747 5643 5748
f 5748 5643 5641
f 5748 5641 5749
f 5749 5641 5647
f 5749 5647 5750
f 5750 5647 5646
f 5750 5646 5652
f 5582 5751 5583
f 5583 5751 5752
f 5583 5752 5584
f 5584 5752 5753
f 5584 5753 5578
f 5578 5753 5754
f 5578 5754 5580
f 5580 5754 5755
f 5580 5755 5581
f 5581 5755 5756
f 5581 5756 5575
f 5575 5756 5757
f 5575 5757 5576
f 5576 5757 5758
f 5576 5758 5570
f 5570 5758 5759
f 5570 5759 5572
f 5572 5759 5760
f 5572 5760 5573
f 5573 5760 5761
f 5573 5761 5511
f 5511 5761 5762
f 5511 5762 5566
f 5566 5762 5763
f 5566 5763 5567
f 5567 5763 5764
f 5567 5764 5568
f 5568 5764 5765
f 5568 5765 5564
f 5564 5765 5766
f 5564 5766 5562
f 5562 5766 5767
f 5562 5767 5560
f 5560 5767 5768
f 5560 5768 5653
f 5653 5768 5769
f 5653 5769 5654
f 5654 5769 5770
f 5654 5770 5655
f 5655 5770 5771
f 5655 5771 5649
f 5649 5771 5772
f 5649 5772 5651
f 5651 5772 5773
f 5651 5773 5652
f 5652 5773 5774
f 5652 5774 5750
f 5751 5582 5775
f 5775 5582 5521
f 5775 5521 5776
f 5776 5521 5519
f 5776 5519 5777
f 5777 5519 5518
f 5777 5518 5778
f 5778 5518 5517
f 5778 5517 5779
f 5779 5517 5527
f 5779 5527 5780
f 5780 5527 5781
f 5781 5527 5526
f 5781 5526 5782
f 5782 5526 5524
f 5782 5524 5783
f 5783 5524 5530
f 5783 5530 5784
f 5530 5529 5784
f 5784 5529 5535
f 5784 5535 5785
f 5785 5535 5786
f 5786 5535 5534
f 5786 5534 5787
f 5787 5534 5532
f 5787 5532 5788
f 5788 5532 5538
f 5788 5538 5789
f 5789 5538 5537
f 5789 5537 5790
f 5790 5537 5536
f 5790 5536 5791
f 5791 5536 5514
f 5791 5514 5792
f 5792 5514 5613
f 5792 5613 5793
f 5793 5613 5615
f 5793 5615 5794
f 5794 5615 5619
f 5794 5619 5795
f 5795 5619 5618
f 5795 5618 5796
f 5796 5618 5617
f 5796 5617 5797
f 5797 5617 5612
f 5797 5612 5798
f 5798 5612 5624
f 5798 5624 5799
f 5799 5624 5623
f 5799 5623 5800
f 5800 5623 5621
f 5800 5621 5801
f 5801 5621 5627
f 5801 5627 5802
f 5802 5627 5626
f 5802 5626 5803
f 5803 5626 5632
f 5803 5632 5804
f 5804 5632 5631
f 5804 5631 5805
f 5805 5631 5629
f 5805 5629 5806
f 5806 5629 5639
f 5806 5639 5807
f 5807 5639 5638
f 5807 5638 5740
f 5738 5808 5809
f 5738 5809 5737
f 5737 5809 5810
f 5737 5810 5736
f 5736 5810 5811
f 5736 5811 5733
f 5733 5811 5812
f 5733 5812 5734
f 5734 5812 5813
f 5734 5813 5735
f 5735 5813 5814
f 5735 5814 5730
f 5730 5814 5815
f 5730 5815 5731
f 5731 5815 5816
f 5731 5816 5732
f 5732 5816 5817
f 5732 5817 5727
f 5728 5727 5818
f 5818 5727 5817
f 5818 5817 5819
f 5820 5819 5821
f 5820 5821 5822
f 5822 5821 5823
f 5822 5823 5824
f 5824 5823 5825
f 5824 5825 5826
f 5826 5825 5827
f 5826 5827 5828
f 5828 5827 5829
f 5829 5827 5830
f 5829 5830 5831
f 5831 5830 5832
f 5831 5832 5833
f 5833 5832 5834
f 5833 5834 5835
f 5835 5834 5836
f 5835 5836 5837
f 5837 5836 5838
f 5837 5838 5839
f 5839 5838 5840
f 5839 5840 5841
f 5841 5840 5842
f 5841 5842 5843
f 5843 5842 5844
f 5843 5844 5845
f 5845 5844 5846
f 5845 5846 5847
f 5847 5846 5848
f 5847 5848 5849
f 5849 5848 5850
f 5849 5850 5851
f 5851 5850 5852
f 5851 5852 5853
f 5853 5852 5854
f 5854 5852 5855
f 5854 5855 5856
f 5856 5855 5857
f 5856 5857 5858
f 5858 5857 5859
f 5858 5859 5860
f 5860 5859 5861
f 5860 5861 5862
f 5862 5861 5863
f 5862 5863 5864
f 5707 5865 5706
f 5706 5865 5866
f 5706 5866 5705
f 5705 5866 5867
f 5705 5867 5708
f 5708 5867 5868
f 5708 5868 5710
f 5710 5868 5869
f 5710 5869 5709
f 5709 5869 5870
f 5709 5870 5711
f 5711 5870 5871
f 5711 5871 5713
f 5713 5871 5872
f 5713 5872 5712
f 5712 5872 5873
f 5712 5873 5714
f 5714 5873 5874
f 5714 5874 5715
f 5715 5874 5875
f 5715 5875 5716
f 5716 5875 5808
f 5716 5808 5739
f 5739 5808 5738
f 5819 5817 5821
f 5821 5817 5816
f 5821 5816 5823
f 5823 5816 5815
f 5823 5815 5825
f 5825 5815 5814
f 5825 5814 5827
f 5827 5814 5813
f 5827 5813 5830
f 5830 5813 5812
f 5830 5812 5832
f 5832 5812 5811
f 5832 5811 5834
f 5834 5811 5810
f 5834 5810 5836
f 5836 5810 5809
f 5836 5809 5838
f 5838 5809 5808
f 5838 5808 5840
f 5840 5808 5875
f 5840 5875 5842
f 5842 5875 5874
f 5842 5874 5844
f 5844 5874 5873
f 5844 5873 5846
f 5846 5873 5872
f 5846 5872 5848
f 5848 5872 5871
f 5848 5871 5850
f 5850 5871 5870
f 5850 5870 5852
f 5852 5870 5869
f 5852 5869 5855
f 5855 5869 5868
f 5855 5868 5857
f 5857 5868 5867
f 5857 5867 5859
f 5859 5867 5866
f 5859 5866 5861
f 5861 5866 5865
f 5861 5865 5863
f 5865 5707 5704
f 5863 5865 5876
f 5864 5863 5877
f 5864 5877 5878
f 5878 5877 5879
f 5878 5879 5880
f 5880 5879 5881
f 5880 5881 5882
f 5882 5881 5883
f 5882 5883 5884
f 5884 5883 5885
f 5885 5883 5886
f 5885 5886 5887
f 5887 5886 5888
f 5887 5888 5889
f 5889 5888 5890
f 5889 5890 5891
f 5891 5890 5892
f 5891 5892 5893
f 5893 5892 5894
f 5893 5894 5895
f 5895 5894 5896
f 5895 5896 5897
f 5897 5896 5898
f 5897 5898 5899
f 5899 5898 5900
f 5899 5900 5901
f 5901 5900 5902
f 5901 5902 5903
f 5903 5902 5904
f 5903 5904 5905
f 5905 5904 5906
f 5905 5906 5907
f 5907 5906 5908
f 5907 5908 5909
f 5909 5908 5910
f 5910 5908 5911
f 5910 5911 5912
f 5912 5911 5913
f 5912 5913 5914
f 5914 5913 5915
f 5914 5915 5916
f 5916 5915 5917
f 5916 5917 5918
f 5918 5917 5819
f 5918 5819 5820
f 5728 5818 5729
f 5729 5818 5919
f 5729 5919 5724
f 5724 5919 5920
f 5724 5920 5725
f 5725 5920 5921
f 5725 5921 5726
f 5726 5921 5922
f 5726 5922 5721
f 5721 5922 5923
f 5721 5923 5722
f 5722 5923 5924
f 5722 5924 5723
f 5723 5924 5925
f 5723 5925 5720
f 5720 5925 5926
f 5720 5926 5719
f 5719 5926 5927
f 5719 5927 5718
f 5718 5927 5928
f 5865 5704 5876
f 5876 5704 5703
f 5876 5703 5929
f 5929 5703 5702
f 5929 5702 5930
f 5930 5702 5701
f 5930 5701 5931
f 5931 5701 5700
f 5931 5700 5932
f 5932 5700 5699
f 5932 5699 5933
f 5933 5699 5698
f 5933 5698 5934
f 5934 5698 5697
f 5934 5697 5935
f 5935 5697 5696
f 5935 5696 5936
f 5936 5696 5695
f 5936 5695 5937
f 5937 5695 5694
f 5937 5694 5928
f 5928 5694 5717
f 5928 5717 5718
f 5863 5876 5877
f 5877 5876 5929
f 5877 5929 5879
f 5879 5929 5930
f 5879 5930 5881
f 5881 5930 5931
f 5881 5931 5883
f 5883 5931 5932
f 5883 5932 5886
f 5886 5932 5933
f 5886 5933 5888
f 5888 5933 5934
f 5888 5934 5890
f 5890 5934 5935
f 5890 5935 5892
f 5892 5935 5936
f 5892 5936 5894
f 5894 5936 5937
f 5894 5937 5896
f 5896 5937 5928
f 5896 5928 5898
f 5898 5928 5927
f 5898 5927 5900
f 5900 5927 5926
f 5900 5926 5902
f 5902 5926 5925
f 5902 5925 5904
f 5904 5925 5924
f 5904 5924 5906
f 5906 5924 5923
f 5906 5923 5908
f 5908 5923 5922
f 5908 5922 5911
f 5911 5922 5921
f 5911 5921 5913
f 5913 5921 5920
f 5913 5920 5915
f 5915 5920 5919
f 5915 5919 5917
f 5917 5919 5818
f 5917 5818 5819
f 5938 5939 5940
f 5941 5942 5943
f 5944 5941 5945
f 5946 5944 5947
f 5948 5946 5949
f 5950 5948 5951
f 5791 5950 5952
f 5953 5789 5952
f 5952 5789 5790
f 5952 5790 5791
f 5954 5786 5955
f 5955 5786 5787
f 5955 5787 5953
f 5953 5787 5788
f 5953 5788 5789
f 5956 5784 5954
f 5954 5784 5785
f 5954 5785 5786
f 5957 5781 5958
f 5958 5781 5782
f 5958 5782 5956
f 5956 5782 5783
f 5956 5783 5784
f 5959 5779 5957
f 5957 5779 5780
f 5957 5780 5781
f 5960 5776 5961
f 5961 5776 5777
f 5961 5777 5959
f 5959 5777 5778
f 5959 5778 5779
f 5962 5752 5963
f 5963 5752 5751
f 5963 5751 5960
f 5960 5751 5775
f 5960 5775 5776
f 5964 5754 5962
f 5962 5754 5753
f 5962 5753 5752
f 5965 5757 5966
f 5966 5757 5756
f 5966 5756 5964
f 5964 5756 5755
f 5964 5755 5754
f 5967 5759 5965
f 5965 5759 5758
f 5965 5758 5757
f 5764 5763 5968
f 5968 5763 5762
f 5968 5762 5969
f 5969 5762 5761
f 5969 5761 5967
f 5967 5761 5760
f 5967 5760 5759
f 5764 5968 5765
f 5765 5968 5970
f 5765 5970 5766
f 5766 5970 5971
f 5766 5971 5767
f 5767 5971 5972
f 5767 5972 5768
f 5973 5974 5975
f 5975 5974 5976
f 5976 5974 5977
f 5977 5974 5978
f 5977 5978 5979
f 5979 5978 5980
f 5980 5978 5981
f 5980 5981 5982
f 5982 5981 5983
f 5982 5983 5984
f 5984 5983 5985
f 5985 5983 5986
f 5985 5986 5987
f 5987 5986 5988
f 5988 5986 5989
f 5988 5989 5990
f 5990 5989 5991
f 5990 5991 5992
f 5992 5991 5993
f 5993 5991 5994
f 5993 5994 5995
f 5995 5994 5996
f 5996 5994 5997
f 5996 5997 5998
f 5998 5997 5999
f 5998 5999 6000
f 5938 6001 5939
f 5939 6001 6002
f 5939 6002 5999
f 5999 6002 6003
f 5999 6003 6000
f 6004 6005 5940
f 5940 6005 6006
f 5940 6006 5938
f 6007 6008 6009
f 6009 6008 6010
f 6009 6010 6004
f 6004 6010 6011
f 6004 6011 6005
f 6012 6013 6007
f 6007 6013 6014
f 6007 6014 6008
f 6015 6016 6017
f 6017 6016 6018
f 6017 6018 6019
f 6019 6018 6020
f 6019 6020 6012
f 6012 6020 6021
f 6012 6021 6013
f 6015 6017 6022
f 6022 6017 6023
f 6022 6023 6024
f 6024 6023 5943
f 6024 5943 6025
f 6025 5943 5942
f 6025 5942 6026
f 5950 5951 5952
f 5952 5951 6027
f 5952 6027 5953
f 5953 6027 6028
f 5953 6028 5955
f 5955 6028 6029
f 5955 6029 5954
f 5954 6029 6030
f 5954 6030 5956
f 5956 6030 6031
f 5956 6031 5958
f 5958 6031 6032
f 5958 6032 5957
f 5957 6032 6033
f 5957 6033 5959
f 5959 6033 6034
f 5959 6034 5961
f 5961 6034 6035
f 5961 6035 5960
f 5960 6035 6036
f 5960 6036 5963
f 5963 6036 6037
f 5963 6037 5962
f 5962 6037 6038
f 5962 6038 5964
f 5964 6038 6039
f 5964 6039 5966
f 5966 6039 6040
f 5966 6040 5965
f 5965 6040 6041
f 5965 6041 5967
f 5967 6041 6042
f 5967 6042 5969
f 5969 6042 6043
f 5969 6043 5968
f 5968 6043 6044
f 5968 6044 5970
f 5970 6044 6045
f 5970 6045 5971
f 5971 6045 6046
f 5971 6046 5972
f 5948 5949 5951
f 5951 5949 6047
f 5951 6047 6027
f 6027 6047 6048
f 6027 6048 6028
f 6028 6048 6049
f 6028 6049 6029
f 6029 6049 6050
f 6029 6050 6030
f 6030 6050 6051
f 6030 6051 6031
f 6031 6051 6052
f 6031 6052 6032
f 6032 6052 6053
f 6032 6053 6033
f 6033 6053 6054
f 6033 6054 6034
f 6034 6054 6055
f 6034 6055 6035
f 6035 6055 6056
f 6035 6056 6036
f 6036 6056 6057
f 6036 6057 6037
f 6037 6057 6058
f 6037 6058 6038
f 6038 6058 6059
f 6038 6059 6039
f 6039 6059 6060
f 6039 6060 6040
f 6040 6060 6061
f 6040 6061 6041
f 6041 6061 6062
f 6041 6062 6042
f 6042 6062 6063
f 6042 6063 6043
f 6043 6063 6064
f 6043 6064 6044
f 6044 6064 6065
f 6044 6065 6045
f 6045 6065 6066
f 6045 6066 6046
f 5946 5947 5949
f 5949 5947 6067
f 5949 6067 6047
f 6047 6067 6068
f 6047 6068 6048
f 6048 6068 6069
f 6048 6069 6049
f 6049 6069 6070
f 6049 6070 6050
f 6050 6070 6071
f 6050 6071 6051
f 6051 6071 6072
f 6051 6072 6052
f 6052 6072 6073
f 6052 6073 6053
f 6053 6073 6074
f 6053 6074 6054
f 6054 6074 6075
f 6054 6075 6055
f 6055 6075 6076
f 6055 6076 6056
f 6056 6076 6077
f 6056 6077 6057
f 6057 6077 6078
f 6057 6078 6058
f 6058 6078 6079
f 6058 6079 6059
f 6059 6079 6080
f 6059 6080 6060
f 6060 6080 6081
f 6060 6081 6061
f 6061 6081 6082
f 6061 6082 6062
f 6062 6082 6083
f 6062 6083 6063
f 6063 6083 6084
f 6063 6084 6064
f 6064 6084 6085
f 6064 6085 6065
f 6065 6085 6086
f 6065 6086 6066
f 5944 5945 5947
f 5947 5945 6087
f 5947 6087 6067
f 6067 6087 6088
f 6067 6088 6068
f 6068 6088 6089
f 6068 6089 6069
f 6069 6089 6090
f 6069 6090 6070
f 6070 6090 6091
f 6070 6091 6071
f 6071 6091 6092
f 6071 6092 6072
f 6072 6092 6093
f 6072 6093 6073
f 6073 6093 6094
f 6073 6094 6074
f 6074 6094 6095
f 6074 6095 6075
f 6075 6095 6096
f 6075 6096 6076
f 6076 6096 6097
f 6076 6097 6077
f 6077 6097 6098
f 6077 6098 6078
f 6078 6098 6099
f 6078 6099 6079
f 6079 6099 6100
f 6079 6100 6080
f 6080 6100 6101
f 6080 6101 6081
f 6081 6101 6102
f 6081 6102 6082
f 6082 6102 6103
f 6082 6103 6083
f 6083 6103 6104
f 6083 6104 6084
f 6084 6104 6105
f 6084 6105 6085
f 6085 6105 6106
f 6085 6106 6086
f 5941 5943 5945
f 5945 5943 6023
f 5945 6023 6087
f 6087 6023 6017
f 6087 6017 6088
f 6088 6017 6019
f 6088 6019 6089
f 6089 6019 6012
f 6089 6012 6090
f 6090 6012 6007
f 6090 6007 6091
f 6091 6007 6009
f 6091 6009 6092
f 6092 6009 6004
f 6092 6004 6093
f 6093 6004 5940
f 6093 5940 6094
f 6094 5940 5939
f 6094 5939 6095
f 6095 5939 5999
f 6095 5999 6096
f 6096 5999 5997
f 6096 5997 6097
f 6097 5997 5994
f 6097 5994 6098
f 6098 5994 5991
f 6098 5991 6099
f 6099 5991 5989
f 6099 5989 6100
f 6100 5989 5986
f 6100 5986 6101
f 6101 5986 5983
f 6101 5983 6102
f 6102 5983 5981
f 6102 5981 6103
f 6103 5981 5978
f 6103 5978 6104
f 6104 5978 5974
f 6104 5974 6105
f 6105 5974 5973
f 6105 5973 6106
f 6107 6108 6109
f 5942 6110 6026
f 6026 6110 6111
f 6111 6110 6112
f 6112 6110 6113
f 6112 6113 6114
f 6114 6113 6115
f 6115 6113 6116
f 6115 6116 6117
f 6117 6116 6118
f 6117 6118 6119
f 6119 6118 6120
f 6120 6118 6121
f 6120 6121 6122
f 6122 6121 6123
f 6123 6121 6124
f 6123 6124 6125
f 6125 6124 6126
f 6125 6126 6127
f 6127 6126 6128
f 6128 6126 6129
f 6128 6129 6130
f 6130 6129 6131
f 6131 6129 6132
f 6131 6132 6133
f 6133 6132 6134
f 6133 6134 6135
f 6107 6136 6108
f 6108 6136 6137
f 6108 6137 6134
f 6134 6137 6138
f 6134 6138 6135
f 6139 6140 6109
f 6109 6140 6141
f 6109 6141 6107
f 6142 6143 6144
f 6144 6143 6145
f 6144 6145 6139
f 6139 6145 6146
f 6139 6146 6140
f 6147 6148 6142
f 6142 6148 6149
f 6142 6149 6143
f 6150 6151 6152
f 6152 6151 6153
f 6152 6153 6154
f 6154 6153 6155
f 6154 6155 6147
f 6147 6155 6156
f 6147 6156 6148
f 6150 6152 6157
f 6157 6152 6158
f 6157 6158 6159
f 6159 6158 6160
f 6159 6160 6161
f 5975 6161 5973
f 5973 6161 6160
f 5973 6160 6106
f 6086 6106 6162
f 6066 6086 6163
f 6046 6066 6164
f 5972 6046 6165
f 5768 5972 6166
f 6167 5770 6166
f 6166 5770 5769
f 6166 5769 5768
f 6168 5773 6169
f 6169 5773 5772
f 6169 5772 6167
f 6167 5772 5771
f 6167 5771 5770
f 6170 5750 6168
f 6168 5750 5774
f 6168 5774 5773
f 6171 5747 6172
f 6172 5747 5748
f 6172 5748 6170
f 6170 5748 5749
f 6170 5749 5750
f 6173 5745 6171
f 6171 5745 5746
f 6171 5746 5747
f 6174 5742 6175
f 6175 5742 5743
f 6175 5743 6173
f 6173 5743 5744
f 6173 5744 5745
f 6176 5807 6177
f 6177 5807 5740
f 6177 5740 6174
f 6174 5740 5741
f 6174 5741 5742
f 6178 5805 6176
f 6176 5805 5806
f 6176 5806 5807
f 6179 5802 6180
f 6180 5802 5803
f 6180 5803 6178
f 6178 5803 5804
f 6178 5804 5805
f 6181 5800 6179
f 6179 5800 5801
f 6179 5801 5802
f 5795 5796 6182
f 6182 5796 5797
f 6182 5797 6183
f 6183 5797 5798
f 6183 5798 6181
f 6181 5798 5799
f 6181 5799 5800
f 5795 6182 5794
f 5794 6182 6184
f 5794 6184 5793
f 5793 6184 6185
f 5793 6185 5792
f 5792 6185 5950
f 5792 5950 5791
f 5972 6165 6166
f 6166 6165 6186
f 6166 6186 6167
f 6167 6186 6187
f 6167 6187 6169
f 6169 6187 6188
f 6169 6188 6168
f 6168 6188 6189
f 6168 6189 6170
f 6170 6189 6190
f 6170 6190 6172
f 6172 6190 6191
f 6172 6191 6171
f 6171 6191 6192
f 6171 6192 6173
f 6173 6192 6193
f 6173 6193 6175
f 6175 6193 6194
f 6175 6194 6174
f 6174 6194 6195
f 6174 6195 6177
f 6177 6195 6196
f 6177 6196 6176
f 6176 6196 6197
f 6176 6197 6178
f 6178 6197 6198
f 6178 6198 6180
f 6180 6198 6199
f 6180 6199 6179
f 6179 6199 6200
f 6179 6200 6181
f 6181 6200 6201
f 6181 6201 6183
f 6183 6201 6202
f 6183 6202 6182
f 6182 6202 6203
f 6182 6203 6184
f 6184 6203 6204
f 6184 6204 6185
f 6185 6204 5948
f 6185 5948 5950
f 6046 6164 6165
f 6165 6164 6205
f 6165 6205 6186
f 6186 6205 6206
f 6186 6206 6187
f 6187 6206 6207
f 6187 6207 6188
f 6188 6207 6208
f 6188 6208 6189
f 6189 6208 6209
f 6189 6209 6190
f 6190 6209 6210
f 6190 6210 6191
f 6191 6210 6211
f 6191 6211 6192
f 6192 6211 6212
f 6192 6212 6193
f 6193 6212 6213
f 6193 6213 6194
f 6194 6213 6214
f 6194 6214 6195
f 6195 6214 6215
f 6195 6215 6196
f 6196 6215 6216
f 6196 6216 6197
f 6197 6216 6217
f 6197 6217 6198
f 6198 6217 6218
f 6198 6218 6199
f 6199 6218 6219
f 6199 6219 6200
f 6200 6219 6220
f 6200 6220 6201
f 6201 6220 6221
f 6201 6221 6202
f 6202 6221 6222
f 6202 6222 6203
f 6203 6222 6223
f 6203 6223 6204
f 6204 6223 5946
f 6204 5946 5948
f 6066 6163 6164
f 6164 6163 6224
f 6164 6224 6205
f 6205 6224 6225
f 6205 6225 6206
f 6206 6225 6226
f 6206 6226 6207
f 6207 6226 6227
f 6207 6227 6208
f 6208 6227 6228
f 6208 6228 6209
f 6209 6228 6229
f 6209 6229 6210
f 6210 6229 6230
f 6210 6230 6211
f 6211 6230 6231
f 6211 6231 6212
f 6212 6231 6232
f 6212 6232 6213
f 6213 6232 6233
f 6213 6233 6214
f 6214 6233 6234
f 6214 6234 6215
f 6215 6234 6235
f 6215 6235 6216
f 6216 6235 6236
f 6216 6236 6217
f 6217 6236 6237
f 6217 6237 6218
f 6218 6237 6238
f 6218 6238 6219
f 6219 6238 6239
f 6219 6239 6220
f 6220 6239 6240
f 6220 6240 6221
f 6221 6240 6241
f 6221 6241 6222
f 6222 6241 6242
f 6222 6242 6223
f 6223 6242 5944
f 6223 5944 5946
f 6086 6162 6163
f 6163 6162 6243
f 6163 6243 6224
f 6224 6243 6244
f 6224 6244 6225
f 6225 6244 6245
f 6225 6245 6226
f 6226 6245 6246
f 6226 6246 6227
f 6227 6246 6247
f 6227 6247 6228
f 6228 6247 6248
f 6228 6248 6229
f 6229 6248 6249
f 6229 6249 6230
f 6230 6249 6250
f 6230 6250 6231
f 6231 6250 6251
f 6231 6251 6232
f 6232 6251 6252
f 6232 6252 6233
f 6233 6252 6253
f 6233 6253 6234
f 6234 6253 6254
f 6234 6254 6235
f 6235 6254 6255
f 6235 6255 6236
f 6236 6255 6256
f 6236 6256 6237
f 6237 6256 6257
f 6237 6257 6238
f 6238 6257 6258
f 6238 6258 6239
f 6239 6258 6259
f 6239 6259 6240
f 6240 6259 6260
f 6240 6260 6241
f 6241 6260 6261
f 6241 6261 6242
f 6242 6261 5941
f 6242 5941 5944
f 6106 6160 6162
f 6162 6160 6158
f 6162 6158 6243
f 6243 6158 6152
f 6243 6152 6244
f 6244 6152 6154
f 6244 6154 6245
f 6245 6154 6147
f 6245 6147 6246
f 6246 6147 6142
f 6246 6142 6247
f 6247 6142 6144
f 6247 6144 6248
f 6248 6144 6139
f 6248 6139 6249
f 6249 6139 6109
f 6249 6109 6250
f 6250 6109 6108
f 6250 6108 6251
f 6251 6108 6134
f 6251 6134 6252
f 6252 6134 6132
f 6252 6132 6253
f 6253 6132 6129
f 6253 6129 6254
f 6254 6129 6126
f 6254 6126 6255
f 6255 6126 6124
f 6255 6124 6256
f 6256 6124 6121
f 6256 6121 6257
f 6257 6121 6118
f 6257 6118 6258
f 6258 6118 6116
f 6258 6116 6259
f 6259 6116 6113
f 6259 6113 6260
f 6260 6113 6110
f 6260 6110 6261
f 6261 6110 5942
f 6261 5942 5941
f 6262 6263 5820
f 6263 6262 6264
f 6264 6262 6265
f 6265 6262 6266
f 6265 6266 6267
f 6267 6266 6268
f 6267 6268 6269
f 6269 6268 6270
f 6269 6270 6271
f 6271 6270 6272
f 6271 6272 6273
f 6273 6272 6274
f 6273 6274 6275
f 6275 6274 6276
f 6275 6276 6277
f 6277 6276 6278
f 6277 6278 6279
f 6279 6278 6280
f 6279 6280 6281
f 6281 6280 6282
f 6281 6282 6283
f 6283 6282 6284
f 6284 6282 6285
f 6284 6285 6286
f 6286 6285 6287
f 6287 6285 6288
f 6287 6288 6289
f 6289 6288 6290
f 6290 6288 6291
f 6290 6291 6292
f 6292 6291 6293
f 6292 6293 6294
f 6294 6293 6295
f 6294 6295 6296
f 6296 6295 6297
f 6296 6297 6298
f 6298 6297 6299
f 6298 6299 6300
f 6300 6299 6301
f 6300 6301 6302
f 6302 6301 6303
f 6302 6303 6304
f 6304 6303 6305
f 6304 6305 6306
f 6306 6305 6307
f 6306 6307 6308
f 6308 6307 6309
f 6308 6309 6310
f 5862 5864 6311
f 5820 5822 6262
f 6262 5822 5824
f 6262 5824 6266
f 6266 5824 5826
f 6266 5826 6268
f 6268 5826 5828
f 6268 5828 6270
f 6270 5828 5829
f 6270 5829 6272
f 6272 5829 5831
f 6272 5831 6274
f 6274 5831 5833
f 6274 5833 6276
f 6276 5833 5835
f 6276 5835 6278
f 6278 5835 5837
f 6278 5837 6280
f 6280 5837 5839
f 6280 5839 6282
f 6282 5839 5841
f 6282 5841 6285
f 6285 5841 5843
f 6285 5843 6288
f 6288 5843 5845
f 6288 5845 6291
f 6291 5845 5847
f 6291 5847 6293
f 6293 5847 5849
f 6293 5849 6295
f 6295 5849 5851
f 6295 5851 6297
f 6297 5851 5853
f 6297 5853 6299
f 6299 5853 5854
f 6299 5854 6301
f 6301 5854 5856
f 6301 5856 6303
f 6303 5856 5858
f 6303 5858 6305
f 6305 5858 5860
f 6305 5860 6307
f 6307 5860 5862
f 6307 5862 6309
f 6309 5862 6311
f 6309 6311 6310
f 6310 6311 6312
f 6312 6311 6313
f 6312 6313 6314
f 6314 6313 6315
f 6314 6315 6316
f 6316 6315 6317
f 6316 6317 6318
f 6318 6317 6319
f 6318 6319 6320
f 6320 6319 6321
f 6320 6321 6322
f 6322 6321 6323
f 6322 6323 6324
f 6324 6323 6325
f 6324 6325 6326
f 6326 6325 6327
f 6326 6327 6328
f 6328 6327 6329
f 6328 6329 6330
f 6330 6329 6331
f 6330 6331 6332
f 6332 6331 6333
f 6333 6331 6334
f 6333 6334 6335
f 6335 6334 6336
f 6336 6334 6337
f 6336 6337 6338
f 6338 6337 6339
f 6339 6337 6340
f 6339 6340 6341
f 6341 6340 6342
f 6341 6342 6343
f 6343 6342 6344
f 6343 6344 6345
f 6345 6344 6346
f 6345 6346 6347
f 6347 6346 6348
f 6347 6348 6349
f 6349 6348 6350
f 6349 6350 6351
f 6351 6350 6352
f 6351 6352 6353
f 6353 6352 6354
f 6353 6354 6355
f 6355 6354 6356
f 6355 6356 6357
f 6357 6356 6358
f 6357 6358 6359
f 5918 5820 6263
f 6264 6359 6263
f 6263 6359 6358
f 6263 6358 5918
f 5918 6358 6356
f 5918 6356 5916
f 5916 6356 6354
f 5916 6354 5914
f 5914 6354 6352
f 5914 6352 5912
f 5912 6352 6350
f 5912 6350 5910
f 5910 6350 6348
f 5910 6348 5909
f 5909 6348 6346
f 5909 6346 5907
f 5907 6346 6344
f 5907 6344 5905
f 5905 6344 6342
f 5905 6342 5903
f 5903 6342 6340
f 5903 6340 5901
f 5901 6340 6337
f 5901 6337 5899
f 5899 6337 6334
f 5899 6334 5897
f 5897 6334 6331
f 5897 6331 5895
f 5895 6331 6329
f 5895 6329 5893
f 5893 6329 6327
f 5893 6327 5891
f 5891 6327 6325
f 5891 6325 5889
f 5889 6325 6323
f 5889 6323 5887
f 5887 6323 6321
f 5887 6321 5885
f 5885 6321 6319
f 5885 6319 5884
f 5884 6319 6317
f 5884 6317 5882
f 5882 6317 6315
f 5882 6315 5880
f 5880 6315 6313
f 5880 6313 5878
f 5878 6313 6311
f 5878 6311 5864
f 6137 6136 6360
f 6360 6136 6361
f 6002 6362 6363
f 6361 6136 6364
f 6364 6136 6107
f 6364 6107 6365
f 6365 6107 6141
f 6365 6141 6366
f 6366 6141 6140
f 6366 6140 6367
f 6367 6140 6146
f 6367 6146 6368
f 6368 6146 6145
f 6368 6145 6369
f 6369 6145 6143
f 6369 6143 6370
f 6370 6143 6149
f 6370 6149 6371
f 6371 6149 6148
f 6371 6148 6372
f 6372 6148 6156
f 6372 6156 6373
f 6373 6156 6155
f 6373 6155 6374
f 6374 6155 6153
f 6374 6153 6375
f 6375 6153 6151
f 6375 6151 6376
f 6376 6151 6150
f 6376 6150 6377
f 6377 6150 6157
f 6377 6157 6378
f 6378 6157 6159
f 6378 6159 6379
f 6379 6159 6161
f 6379 6161 6380
f 6380 6161 5975
f 6380 5975 6381
f 6381 5975 5976
f 6381 5976 6382
f 6382 5976 5977
f 6382 5977 6383
f 6383 5977 5979
f 6383 5979 6384
f 6384 5979 5980
f 6384 5980 6385
f 6385 5980 5982
f 6385 5982 6386
f 6386 5982 5984
f 6386 5984 6387
f 6387 5984 5985
f 6387 5985 6388
f 6388 5985 5987
f 6388 5987 6389
f 6389 5987 5988
f 6389 5988 6390
f 6390 5988 5990
f 6390 5990 6391
f 6391 5990 5992
f 6391 5992 6392
f 6392 5992 5993
f 6392 5993 6393
f 6393 5993 5995
f 6393 5995 6394
f 6394 5995 5996
f 6394 5996 6395
f 6395 5996 5998
f 6395 5998 6396
f 6396 5998 6000
f 6396 6000 6363
f 6363 6000 6003
f 6363 6003 6002
f 6002 6001 6362
f 6362 6001 6397
f 6137 6360 6398
f 6397 6001 6399
f 6399 6001 5938
f 6399 5938 6400
f 6400 5938 6006
f 6400 6006 6401
f 6401 6006 6005
f 6401 6005 6402
f 6402 6005 6011
f 6402 6011 6403
f 6403 6011 6010
f 6403 6010 6404
f 6404 6010 6008
f 6404 6008 6405
f 6405 6008 6014
f 6405 6014 6406
f 6406 6014 6013
f 6406 6013 6407
f 6407 6013 6021
f 6407 6021 6408
f 6408 6021 6020
f 6408 6020 6409
f 6409 6020 6018
f 6409 6018 6410
f 6410 6018 6016
f 6410 6016 6411
f 6411 6016 6015
f 6411 6015 6412
f 6412 6015 6022
f 6412 6022 6413
f 6413 6022 6024
f 6413 6024 6414
f 6414 6024 6025
f 6414 6025 6415
f 6415 6025 6026
f 6415 6026 6416
f 6416 6026 6111
f 6416 6111 6417
f 6417 6111 6112
f 6417 6112 6418
f 6418 6112 6114
f 6418 6114 6419
f 6419 6114 6115
f 6419 6115 6420
f 6420 6115 6117
f 6420 6117 6421
f 6421 6117 6119
f 6421 6119 6422
f 6422 6119 6120
f 6422 6120 6423
f 6423 6120 6122
f 6423 6122 6424
f 6424 6122 6123
f 6424 6123 6425
f 6425 6123 6125
f 6425 6125 6426
f 6426 6125 6127
f 6426 6127 6427
f 6427 6127 6128
f 6427 6128 6428
f 6428 6128 6130
f 6428 6130 6429
f 6429 6130 6131
f 6429 6131 6430
f 6430 6131 6133
f 6430 6133 6431
f 6431 6133 6135
f 6431 6135 6398
f 6398 6135 6138
f 6398 6138 6137
f 6432 6433 6264
f 6264 6265 6432
f 6432 6265 6267
f 6432 6267 6434
f 6434 6267 6269
f 6434 6269 6435
f 6435 6269 6271
f 6435 6271 6436
f 6436 6271 6273
f 6436 6273 6437
f 6437 6273 6275
f 6437 6275 6438
f 6438 6275 6277
f 6438 6277 6439
f 6439 6277 6279
f 6439 6279 6440
f 6440 6279 6281
f 6440 6281 6441
f 6441 6281 6283
f 6441 6283 6442
f 6442 6283 6284
f 6442 6284 6443
f 6443 6284 6444
f 6444 6284 6286
f 6444 6286 6445
f 6445 6286 6287
f 6445 6287 6446
f 6446 6287 6289
f 6446 6289 6447
f 6289 6290 6447
f 6447 6290 6292
f 6447 6292 6448
f 6448 6292 6294
f 6448 6294 6449
f 6449 6294 6296
f 6449 6296 6450
f 6450 6296 6298
f 6450 6298 6451
f 6451 6298 6300
f 6451 6300 6452
f 6452 6300 6302
f 6452 6302 6453
f 6453 6302 6304
f 6453 6304 6454
f 6454 6304 6306
f 6454 6306 6455
f 6455 6306 6308
f 6455 6308 6456
f 6456 6308 6310
f 6456 6310 6457
f 6457 6310 6312
f 6457 6312 6458
f 6458 6312 6314
f 6458 6314 6459
f 6459 6314 6316
f 6459 6316 6460
f 6460 6316 6318
f 6460 6318 6461
f 6461 6318 6320
f 6461 6320 6462
f 6462 6320 6322
f 6462 6322 6463
f 6463 6322 6324
f 6463 6324 6464
f 6464 6324 6326
f 6464 6326 6465
f 6465 6326 6328
f 6465 6328 6466
f 6466 6328 6330
f 6466 6330 6467
f 6467 6330 6332
f 6467 6332 6468
f 6468 6332 6333
f 6468 6333 6469
f 6469 6333 6470
f 6470 6333 6335
f 6470 6335 6471
f 6471 6335 6336
f 6471 6336 6472
f 6472 6336 6338
f 6472 6338 6473
f 6338 6339 6473
f 6473 6339 6341
f 6473 6341 6474
f 6474 6341 6343
f 6474 6343 6475
f 6475 6343 6345
f 6475 6345 6476
f 6476 6345 6347
f 6476 6347 6477
f 6477 6347 6349
f 6477 6349 6478
f 6478 6349 6351
f 6478 6351 6479
f 6479 6351 6353
f 6479 6353 6480
f 6480 6353 6355
f 6480 6355 6481
f 6481 6355 6357
f 6481 6357 6482
f 6482 6357 6359
f 6482 6359 6483
f 6483 6359 6264
f 6483 6264 6433
f 6380 6484 6485
f 6486 6415 6487
f 6487 6415 6416
f 6487 6416 6488
f 6488 6416 6417
f 6488 6417 6489
f 6489 6417 6418
f 6489 6418 6490
f 6490 6418 6419
f 6424 6491 6492
f 6419 6420 6490
f 6490 6420 6421
f 6490 6421 6493
f 6493 6421 6422
f 6493 6422 6492
f 6492 6422 6423
f 6492 6423 6424
f 6429 6494 6495
f 6424 6425 6491
f 6491 6425 6426
f 6491 6426 6496
f 6496 6426 6427
f 6496 6427 6495
f 6495 6427 6428
f 6495 6428 6429
f 6361 6497 6360
f 6360 6497 6498
f 6360 6498 6398
f 6398 6498 6499
f 6398 6499 6431
f 6431 6499 6494
f 6431 6494 6430
f 6430 6494 6429
f 6368 6500 6501
f 6361 6364 6497
f 6497 6364 6365
f 6497 6365 6502
f 6502 6365 6366
f 6502 6366 6501
f 6501 6366 6367
f 6501 6367 6368
f 6373 6503 6504
f 6368 6369 6500
f 6500 6369 6370
f 6500 6370 6505
f 6505 6370 6371
f 6505 6371 6504
f 6504 6371 6372
f 6504 6372 6373
f 6373 6374 6503
f 6503 6374 6375
f 6503 6375 6506
f 6506 6375 6376
f 6506 6376 6507
f 6376 6377 6507
f 6507 6377 6378
f 6507 6378 6485
f 6485 6378 6379
f 6485 6379 6380
f 6415 6486 6508
f 6509 6413 6508
f 6508 6413 6414
f 6508 6414 6415
f 6510 6410 6511
f 6511 6410 6411
f 6511 6411 6509
f 6509 6411 6412
f 6509 6412 6413
f 6512 6408 6510
f 6510 6408 6409
f 6510 6409 6410
f 6513 6405 6514
f 6514 6405 6406
f 6514 6406 6512
f 6512 6406 6407
f 6512 6407 6408
f 6515 6403 6513
f 6513 6403 6404
f 6513 6404 6405
f 6397 6399 6516
f 6516 6399 6400
f 6516 6400 6517
f 6517 6400 6401
f 6517 6401 6515
f 6515 6401 6402
f 6515 6402 6403
f 6397 6516 6362
f 6362 6516 6518
f 6362 6518 6363
f 6363 6518 6519
f 6363 6519 6396
f 6396 6519 6520
f 6396 6520 6395
f 6395 6520 6394
f 6394 6520 6521
f 6394 6521 6393
f 6393 6521 6392
f 6392 6521 6522
f 6392 6522 6391
f 6391 6522 6523
f 6391 6523 6390
f 6390 6523 6389
f 6389 6523 6524
f 6389 6524 6388
f 6388 6524 6387
f 6387 6524 6525
f 6387 6525 6386
f 6386 6525 6526
f 6386 6526 6385
f 6484 6380 6527
f 6527 6380 6381
f 6527 6381 6528
f 6528 6381 6382
f 6528 6382 6529
f 6529 6382 6383
f 6529 6383 6526
f 6526 6383 6384
f 6526 6384 6385
f 6530 6531 6532
f 6530 6532 6533
f 6533 6532 6534
f 6533 6534 6535
f 6535 6534 6536
f 6535 6536 6537
f 6537 6536 6538
f 6537 6538 6539
f 6539 6538 6540
f 6540 6538 6541
f 6540 6541 6542
f 6542 6541 6543
f 6542 6543 6544
f 6544 6543 6545
f 6544 6545 6546
f 6546 6545 6547
f 6546 6547 6548
f 6548 6547 6549
f 6548 6549 6550
f 6550 6549 6551
f 6550 6551 6552
f 6552 6551 6553
f 6552 6553 6554
f 6554 6553 6555
f 6554 6555 6556
f 6556 6555 6557
f 6556 6557 6558
f 6558 6557 6559
f 6558 6559 6560
f 6560 6559 6561
f 6560 6561 6562
f 6562 6561 6563
f 6562 6563 6564
f 6564 6563 6565
f 6565 6563 6566
f 6565 6566 6567
f 6567 6566 6568
f 6567 6568 6569
f 6569 6568 6570
f 6569 6570 6571
f 6571 6570 6572
f 6571 6572 6573
f 6574 6573 6575
f 6575 6573 6572
f 6575 6572 6576
f 6498 6576 6499
f 6499 6576 6577
f 6499 6577 6494
f 6494 6577 6578
f 6494 6578 6495
f 6495 6578 6579
f 6495 6579 6496
f 6496 6579 6580
f 6496 6580 6491
f 6491 6580 6581
f 6491 6581 6492
f 6492 6581 6582
f 6492 6582 6493
f 6493 6582 6583
f 6493 6583 6490
f 6490 6583 6584
f 6490 6584 6489
f 6489 6584 6585
f 6489 6585 6488
f 6488 6585 6586
f 6488 6586 6487
f 6487 6586 6486
f 6486 6586 6587
f 6486 6587 6508
f 6508 6587 6588
f 6508 6588 6509
f 6509 6588 6589
f 6509 6589 6511
f 6511 6589 6590
f 6511 6590 6510
f 6510 6590 6591
f 6510 6591 6512
f 6512 6591 6592
f 6512 6592 6514
f 6514 6592 6593
f 6514 6593 6513
f 6513 6593 6594
f 6513 6594 6515
f 6515 6594 6595
f 6515 6595 6517
f 6517 6595 6596
f 6517 6596 6516
f 6516 6596 6597
f 6516 6597 6518
f 6576 6572 6577
f 6577 6572 6570
f 6577 6570 6578
f 6578 6570 6568
f 6578 6568 6579
f 6579 6568 6566
f 6579 6566 6580
f 6580 6566 6563
f 6580 6563 6581
f 6581 6563 6561
f 6581 6561 6582
f 6582 6561 6559
f 6582 6559 6583
f 6583 6559 6557
f 6583 6557 6584
f 6584 6557 6555
f 6584 6555 6585
f 6585 6555 6553
f 6585 6553 6586
f 6586 6553 6551
f 6586 6551 6587
f 6587 6551 6549
f 6587 6549 6588
f 6588 6549 6547
f 6588 6547 6589
f 6589 6547 6545
f 6589 6545 6590
f 6590 6545 6543
f 6590 6543 6591
f 6591 6543 6541
f 6591 6541 6592
f 6592 6541 6538
f 6592 6538 6593
f 6593 6538 6536
f 6593 6536 6594
f 6594 6536 6534
f 6594 6534 6595
f 6595 6534 6532
f 6595 6532 6596
f 6596 6532 6531
f 6596 6531 6597
f 6598 6599 6433
f 6433 6432 6598
f 6598 6432 6434
f 6598 6434 6600
f 6600 6434 6435
f 6600 6435 6601
f 6601 6435 6436
f 6601 6436 6602
f 6602 6436 6437
f 6602 6437 6603
f 6603 6437 6438
f 6603 6438 6604
f 6604 6438 6439
f 6604 6439 6605
f 6605 6439 6440
f 6605 6440 6606
f 6606 6440 6441
f 6606 6441 6607
f 6607 6441 6442
f 6607 6442 6608
f 6608 6442 6443
f 6608 6443 6609
f 6609 6443 6444
f 6609 6444 6610
f 6610 6444 6611
f 6611 6444 6445
f 6611 6445 6612
f 6445 6446 6612
f 6612 6446 6447
f 6612 6447 6613
f 6613 6447 6448
f 6613 6448 6614
f 6614 6448 6449
f 6614 6449 6615
f 6615 6449 6450
f 6615 6450 6616
f 6616 6450 6451
f 6616 6451 6617
f 6617 6451 6452
f 6617 6452 6618
f 6618 6452 6453
f 6618 6453 6619
f 6619 6453 6454
f 6619 6454 6620
f 6620 6454 6455
f 6620 6455 6621
f 6621 6455 6456
f 6621 6456 6622
f 6622 6456 6457
f 6622 6457 6623
f 6623 6457 6458
f 6623 6458 6624
f 6624 6458 6459
f 6624 6459 6625
f 6625 6459 6460
f 6625 6460 6626
f 6626 6460 6461
f 6626 6461 6627
f 6627 6461 6462
f 6627 6462 6628
f 6628 6462 6463
f 6628 6463 6629
f 6629 6463 6464
f 6629 6464 6630
f 6630 6464 6465
f 6630 6465 6631
f 6631 6465 6466
f 6631 6466 6632
f 6632 6466 6467
f 6632 6467 6633
f 6633 6467 6468
f 6633 6468 6634
f 6634 6468 6469
f 6634 6469 6635
f 6635 6469 6470
f 6635 6470 6636
f 6636 6470 6637
f 6637 6470 6471
f 6637 6471 6638
f 6471 6472 6638
f 6638 6472 6473
f 6638 6473 6639
f 6639 6473 6474
f 6639 6474 6640
f 6640 6474 6475
f 6640 6475 6641
f 6641 6475 6476
f 6641 6476 6642
f 6642 6476 6477
f 6642 6477 6643
f 6643 6477 6478
f 6643 6478 6644
f 6644 6478 6479
f 6644 6479 6645
f 6645 6479 6480
f 6645 6480 6646
f 6646 6480 6481
f 6646 6481 6647
f 6647 6481 6482
f 6647 6482 6648
f 6648 6482 6483
f 6648 6483 6649
f 6649 6483 6433
f 6649 6433 6599
f 6518 6597 6519
f 6519 6597 6650
f 6519 6650 6520
f 6520 6650 6651
f 6520 6651 6521
f 6521 6651 6652
f 6521 6652 6522
f 6522 6652 6653
f 6522 6653 6523
f 6523 6653 6654
f 6523 6654 6524
f 6524 6654 6655
f 6524 6655 6525
f 6525 6655 6656
f 6525 6656 6526
f 6526 6656 6657
f 6526 6657 6529
f 6529 6657 6658
f 6529 6658 6528
f 6528 6658 6659
f 6528 6659 6527
f 6527 6659 6484
f 6484 6659 6660
f 6484 6660 6485
f 6485 6660 6661
f 6485 6661 6507
f 6507 6661 6662
f 6507 6662 6506
f 6506 6662 6663
f 6506 6663 6503
f 6503 6663 6664
f 6503 6664 6504
f 6504 6664 6665
f 6504 6665 6505
f 6505 6665 6666
f 6505 6666 6500
f 6500 6666 6667
f 6500 6667 6501
f 6501 6667 6668
f 6501 6668 6502
f 6502 6668 6669
f 6502 6669 6497
f 6497 6669 6576
f 6497 6576 6498
f 6670 6574 6575
f 6575 6671 6670
f 6670 6671 6672
f 6670 6672 6673
f 6673 6672 6674
f 6673 6674 6675
f 6675 6674 6676
f 6675 6676 6677
f 6677 6676 6678
f 6678 6676 6679
f 6678 6679 6680
f 6680 6679 6681
f 6680 6681 6682
f 6682 6681 6683
f 6682 6683 6684
f 6684 6683 6685
f 6684 6685 6686
f 6686 6685 6687
f 6686 6687 6688
f 6688 6687 6689
f 6688 6689 6690
f 6690 6689 6691
f 6690 6691 6692
f 6692 6691 6693
f 6692 6693 6694
f 6694 6693 6695
f 6694 6695 6696
f 6696 6695 6697
f 6696 6697 6698
f 6698 6697 6699
f 6698 6699 6700
f 6700 6699 6701
f 6700 6701 6702
f 6702 6701 6703
f 6703 6701 6704
f 6703 6704 6705
f 6705 6704 6706
f 6705 6706 6707
f 6707 6706 6708
f 6707 6708 6709
f 6709 6708 6710
f 6709 6710 6711
f 6530 6711 6531
f 6531 6711 6710
f 6531 6710 6597
f 6597 6710 6650
f 6650 6710 6708
f 6650 6708 6651
f 6651 6708 6706
f 6651 6706 6652
f 6652 6706 6704
f 6652 6704 6653
f 6653 6704 6701
f 6653 6701 6654
f 6654 6701 6699
f 6654 6699 6655
f 6655 6699 6697
f 6655 6697 6656
f 6656 6697 6695
f 6656 6695 6657
f 6657 6695 6693
f 6657 6693 6658
f 6658 6693 6691
f 6658 6691 6659
f 6659 6691 6689
f 6659 6689 6660
f 6660 6689 6687
f 6660 6687 6661
f 6661 6687 6685
f 6661 6685 6662
f 6662 6685 6683
f 6662 6683 6663
f 6663 6683 6681
f 6663 6681 6664
f 6664 6681 6679
f 6664 6679 6665
f 6665 6679 6676
f 6665 6676 6666
f 6666 6676 6674
f 6666 6674 6667
f 6667 6674 6672
f 6667 6672 6668
f 6668 6672 6671
f 6668 6671 6669
f 6669 6671 6575
f 6669 6575 6576
f 6712 6713 6714
f 6715 6716 6717
f 6573 6574 6715
f 6715 6718 6573
f 6573 6718 6719
f 6573 6719 6571
f 6571 6719 6720
f 6571 6720 6569
f 6569 6720 6721
f 6569 6721 6567
f 6567 6721 6722
f 6567 6722 6565
f 6565 6722 6723
f 6565 6723 6564
f 6564 6723 6724
f 6564 6724 6562
f 6562 6724 6725
f 6562 6725 6560
f 6560 6725 6726
f 6560 6726 6558
f 6558 6726 6727
f 6558 6727 6556
f 6556 6727 6728
f 6556 6728 6554
f 6554 6729 6552
f 6552 6729 6730
f 6552 6730 6550
f 6550 6730 6731
f 6550 6731 6548
f 6548 6731 6732
f 6548 6732 6546
f 6546 6732 6733
f 6546 6733 6544
f 6544 6733 6734
f 6544 6734 6542
f 6542 6734 6735
f 6542 6735 6540
f 6540 6735 6736
f 6540 6736 6539
f 6539 6736 6737
f 6539 6737 6537
f 6537 6737 6738
f 6537 6738 6535
f 6535 6738 6714
f 6535 6714 6533
f 6533 6714 6713
f 6533 6713 6530
f 6712 6714 6739
f 6739 6714 6738
f 6739 6738 6740
f 6740 6738 6737
f 6740 6737 6741
f 6741 6737 6736
f 6741 6736 6742
f 6742 6736 6735
f 6742 6735 6743
f 6743 6735 6734
f 6743 6734 6744
f 6744 6734 6733
f 6744 6733 6745
f 6745 6733 6732
f 6745 6732 6746
f 6746 6732 6731
f 6746 6731 6747
f 6747 6731 6730
f 6747 6730 6748
f 6748 6730 6749
f 6749 6730 6729
f 6749 6729 6750
f 6554 6728 6729
f 6729 6728 6751
f 6729 6751 6750
f 6715 6717 6718
f 6718 6717 6752
f 6718 6752 6719
f 6719 6752 6753
f 6719 6753 6720
f 6720 6753 6754
f 6720 6754 6721
f 6721 6754 6755
f 6721 6755 6722
f 6722 6755 6756
f 6722 6756 6723
f 6723 6756 6757
f 6723 6757 6724
f 6724 6757 6758
f 6724 6758 6725
f 6725 6758 6759
f 6725 6759 6726
f 6726 6759 6760
f 6726 6760 6727
f 6727 6760 6761
f 6727 6761 6728
f 6728 6761 6762
f 6728 6762 6751
f 6763 6764 6765
f 6766 6767 6599
f 6763 6765 6768
f 6768 6765 6769
f 6768 6769 6770
f 6770 6769 6771
f 6770 6771 6772
f 6772 6771 6773
f 6772 6773 6774
f 6774 6773 6775
f 6774 6775 6776
f 6776 6775 6777
f 6776 6777 6778
f 6778 6777 6779
f 6778 6779 6780
f 6780 6779 6781
f 6780 6781 6782
f 6782 6781 6783
f 6782 6783 6784
f 6784 6783 6785
f 6784 6785 6786
f 6786 6785 6787
f 6786 6787 6788
f 6788 6787 6789
f 6789 6787 6790
f 6789 6790 6791
f 6791 6790 6792
f 6792 6790 6793
f 6792 6793 6794
f 6795 6796 6797
f 6797 6796 6798
f 6797 6798 6793
f 6793 6798 6799
f 6793 6799 6794
f 6797 6800 6795
f 6795 6800 6801
f 6795 6801 6802
f 6802 6801 6803
f 6802 6803 6804
f 6804 6803 6805
f 6804 6805 6806
f 6806 6805 6807
f 6806 6807 6808
f 6808 6807 6809
f 6808 6809 6810
f 6810 6809 6811
f 6810 6811 6812
f 6812 6811 6813
f 6812 6813 6814
f 6814 6813 6815
f 6814 6815 6816
f 6816 6815 6817
f 6816 6817 6818
f 6818 6817 6819
f 6818 6819 6820
f 6821 6820 6822
f 6822 6820 6819
f 6822 6819 6823
f 6623 6624 6823
f 6599 6598 6766
f 6766 6598 6600
f 6766 6600 6824
f 6824 6600 6601
f 6824 6601 6825
f 6825 6601 6602
f 6825 6602 6826
f 6826 6602 6603
f 6826 6603 6827
f 6827 6603 6604
f 6827 6604 6828
f 6828 6604 6605
f 6828 6605 6829
f 6829 6605 6606
f 6829 6606 6830
f 6830 6606 6607
f 6830 6607 6831
f 6831 6607 6608
f 6831 6608 6832
f 6832 6608 6609
f 6832 6609 6833
f 6833 6609 6610
f 6833 6610 6834
f 6834 6610 6611
f 6834 6611 6835
f 6835 6611 6612
f 6835 6612 6836
f 6836 6612 6613
f 6836 6613 6837
f 6837 6613 6614
f 6837 6614 6838
f 6838 6614 6615
f 6838 6615 6839
f 6839 6615 6616
f 6839 6616 6840
f 6840 6616 6617
f 6840 6617 6841
f 6841 6617 6618
f 6841 6618 6842
f 6842 6618 6619
f 6842 6619 6843
f 6843 6619 6620
f 6843 6620 6844
f 6844 6620 6621
f 6844 6621 6845
f 6845 6621 6622
f 6845 6622 6846
f 6846 6622 6623
f 6846 6623 6847
f 6847 6623 6823
f 6823 6819 6847
f 6847 6819 6817
f 6847 6817 6846
f 6846 6817 6815
f 6846 6815 6845
f 6845 6815 6813
f 6845 6813 6844
f 6844 6813 6811
f 6844 6811 6843
f 6843 6811 6809
f 6843 6809 6842
f 6842 6809 6807
f 6842 6807 6841
f 6841 6807 6805
f 6841 6805 6840
f 6840 6805 6803
f 6840 6803 6839
f 6839 6803 6801
f 6839 6801 6838
f 6838 6801 6800
f 6838 6800 6837
f 6837 6800 6797
f 6837 6797 6836
f 6836 6797 6793
f 6836 6793 6835
f 6835 6793 6790
f 6835 6790 6834
f 6834 6790 6787
f 6834 6787 6833
f 6833 6787 6785
f 6833 6785 6832
f 6832 6785 6783
f 6832 6783 6831
f 6831 6783 6781
f 6831 6781 6830
f 6830 6781 6779
f 6830 6779 6829
f 6829 6779 6777
f 6829 6777 6828
f 6828 6777 6775
f 6828 6775 6827
f 6827 6775 6773
f 6827 6773 6826
f 6826 6773 6771
f 6826 6771 6825
f 6825 6771 6769
f 6825 6769 6824
f 6824 6769 6765
f 6824 6765 6766
f 6766 6765 6764
f 6766 6764 6767
f 6848 6849 6850
f 6851 6852 6850
f 6850 6852 6853
f 6850 6853 6848
f 6854 6855 6851
f 6851 6855 6852
f 6855 6854 6856
f 6856 6854 6857
f 6856 6857 6858
f 6858 6857 6859
f 6860 6861 6862
f 6863 6864 6862
f 6862 6864 6865
f 6862 6865 6860
f 6866 6867 6863
f 6863 6867 6864
f 6867 6866 6868
f 6868 6866 6869
f 6868 6869 6870
f 6870 6869 6871
f 6872 6873 6874
f 6875 6876 6874
f 6874 6876 6877
f 6874 6877 6872
f 6878 6879 6875
f 6875 6879 6876
f 6879 6878 6880
f 6880 6878 6881
f 6880 6881 6882
f 6882 6881 6883
f 6884 6885 6886
f 6887 6888 6886
f 6886 6888 6889
f 6886 6889 6884
f 6890 6891 6887
f 6887 6891 6888
f 6891 6890 6892
f 6892 6890 6893
f 6892 6893 6894
f 6894 6893 6895
f 6896 6897 6898
f 6899 6900 6898
f 6898 6900 6901
f 6898 6901 6896
f 6902 6903 6899
f 6899 6903 6900
f 6903 6902 6904
f 6904 6902 6905
f 6904 6905 6906
f 6906 6905 6907
f 6908 6909 6910
f 6911 6912 6910
f 6910 6912 6913
f 6910 6913 6908
f 6914 6915 6911
f 6911 6915 6912
f 6915 6914 6916
f 6916 6914 6917
f 6916 6917 6918
f 6918 6917 6919
f 6920 6921 6922
f 6923 6924 6922
f 6922 6924 6925
f 6922 6925 6920
f 6926 6927 6923
f 6923 6927 6924
f 6927 6926 6928
f 6928 6926 6929
f 6928 6929 6930
f 6930 6929 6931
f 6932 6933 6934
f 6935 6936 6934
f 6934 6936 6937
f 6934 6937 6932
f 6938 6939 6935
f 6935 6939 6936
f 6939 6938 6940
f 6940 6938 6941
f 6940 6941 6942
f 6942 6941 6943
f 6944 6945 6946
f 6947 6948 6946
f 6946 6948 6949
f 6946 6949 6944
f 6950 6951 6947
f 6947 6951 6948
f 6951 6950 6952
f 6952 6950 6953
f 6952 6953 6954
f 6954 6953 6955
f 6956 6957 6958
f 6959 6960 6958
f 6958 6960 6961
f 6958 6961 6956
f 6962 6963 6959
f 6959 6963 6960
f 6963 6962 6964
f 6964 6962 6965
f 6964 6965 6966
f 6966 6965 6967
f 6968 6969 6970
f 6971 6972 6970
f 6970 6972 6973
f 6970 6973 6968
f 6974 6975 6971
f 6971 6975 6972
f 6975 6974 6976
f 6976 6974 6977
f 6976 6977 6978
f 6978 6977 6979
f 6980 6981 6982
f 6983 6984 6982
f 6982 6984 6985
f 6982 6985 6980
f 6986 6987 6983
f 6983 6987 6984
f 6987 6986 6988
f 6988 6986 6989
f 6988 6989 6990
f 6990 6989 6991
f 6992 6993 6994
f 6995 6996 6994
f 6994 6996 6997
f 6994 6997 6992
f 6998 6999 6995
f 6995 6999 6996
f 6999 6998 7000
f 7000 6998 7001
f 7000 7001 7002
f 7002 7001 7003
f 7004 7005 7006
f 7007 7008 7006
f 7006 7008 7009
f 7006 7009 7004
f 7010 7011 7007
f 7007 7011 7008
f 7011 7010 7012
f 7012 7010 7013
f 7012 7013 7014
f 7014 7013 7015
f 7016 7017 7018
f 7019 7020 7018
f 7018 7020 7021
f 7018 7021 7016
f 7022 7023 7019
f 7019 7023 7020
f 7023 7022 7024
f 7024 7022 7025
f 7024 7025 7026
f 7026 7025 7027
f 7028 7029 7030
f 7031 7032 7030
f 7030 7032 7033
f 7030 7033 7028
f 7034 7035 7031
f 7031 7035 7032
f 7035 7034 7036
f 7036 7034 7037
f 7036 7037 7038
f 7038 7037 7039
f 7040 7041 7042
f 7043 7044 7042
f 7042 7044 7045
f 7042 7045 7040
f 7046 7047 7043
f 7043 7047 7044
f 7047 7046 7048
f 7048 7046 7049
f 7048 7049 7050
f 7050 7049 7051
f 7052 7053 7054
f 7055 7056 7054
f 7054 7056 7057
f 7054 7057 7052
f 7058 7059 7055
f 7055 7059 7056
f 7059 7058 7060
f 7060 7058 7061
f 7060 7061 7062
f 7062 7061 7063
f 7064 7065 7066
f 7067 7068 7066
f 7066 7068 7069
f 7066 7069 7064
f 7070 7071 7067
f 7067 7071 7068
f 7071 7070 7072
f 7072 7070 7073
f 7072 7073 7074
f 7074 7073 7075
f 7076 7077 7078
f 7079 7080 7078
f 7078 7080 7081
f 7078 7081 7076
f 7082 7083 7079
f 7079 7083 7080
f 7083 7082 7084
f 7084 7082 7085
f 7084 7085 7086
f 7086 7085 7087
f 7088 7089 7090
f 7091 7092 7090
f 7090 7092 7093
f 7090 7093 7088
f 7094 7095 7091
f 7091 7095 7092
f 7095 7094 7096
f 7096 7094 7097
f 7096 7097 7098
f 7098 7097 7099
f 7100 7101 7102
f 7103 7104 7102
f 7102 7104 7105
f 7102 7105 7100
f 7106 7107 7103
f 7103 7107 7104
f 7107 7106 7108
f 7108 7106 7109
f 7108 7109 7110
f 7110 7109 7111
f 7112 7113 7114
f 7115 7116 7114
f 7114 7116 7117
f 7114 7117 7112
f 7118 7119 7115
f 7115 7119 7116
f 7119 7118 7120
f 7120 7118 7121
f 7120 7121 7122
f 7122 7121 7123
f 7124 7125 7126
f 7127 7128 7126
f 7126 7128 7129
f 7126 7129 7124
f 7130 7131 7127
f 7127 7131 7128
f 7131 7130 7132
f 7132 7130 7133
f 7132 7133 7134
f 7134 7133 7135
f 7136 7137 7138
f 7139 7140 7138
f 7138 7140 7141
f 7138 7141 7136
f 7142 7143 7139
f 7139 7143 7140
f 7143 7142 7144
f 7144 7142 7145
f 7144 7145 7146
f 7146 7145 7147
f 7148 7149 7150
f 7151 7152 7150
f 7150 7152 7153
f 7150 7153 7148
f 7154 7155 7151
f 7151 7155 7152
f 7155 7154 7156
f 7156 7154 7157
f 7156 7157 7158
f 7158 7157 7159
f 7160 7161 7162
f 7163 7164 7162
f 7162 7164 7165
f 7162 7165 7160
f 7166 7167 7163
f 7163 7167 7164
f 7167 7166 7168
f 7168 7166 7169
f 7168 7169 7170
f 7170 7169 7171
f 7172 7173 7174
f 7175 7176 7174
f 7174 7176 7177
f 7174 7177 7172
f 7178 7179 7175
f 7175 7179 7176
f 7179 7178 7180
f 7180 7178 7181
f 7180 7181 7182
f 7182 7181 7183
f 7184 7185 7186
f 7187 7188 7186
f 7186 7188 7189
f 7186 7189 7184
f 7190 7191 7187
f 7187 7191 7188
f 7191 7190 7192
f 7192 7190 7193
f 7192 7193 7194
f 7194 7193 7195
f 6821 6822 7196
f 6821 7196 7197
f 7197 7196 7198
f 7197 7198 7199
f 7199 7198 7200
f 7199 7200 7201
f 7201 7200 7202
f 7201 7202 7203
f 7203 7202 7204
f 7203 7204 7205
f 7205 7204 7206
f 7205 7206 7207
f 7207 7206 7208
f 7207 7208 7209
f 7209 7208 7210
f 7209 7210 7211
f 7211 7210 7212
f 7211 7212 7213
f 7213 7212 7214
f 7213 7214 7215
f 7215 7214 7216
f 7215 7216 7217
f 7217 7216 7218
f 7218 7216 7219
f 7218 7219 7220
f 7220 7219 7221
f 7221 7219 7222
f 7221 7222 7223
f 7224 7225 7226
f 7226 7225 7227
f 7226 7227 7222
f 7222 7227 7228
f 7222 7228 7223
f 7226 7229 7224
f 7224 7229 7230
f 7224 7230 7231
f 7231 7230 7232
f 7231 7232 7233
f 7233 7232 7234
f 7233 7234 7235
f 7235 7234 7236
f 7235 7236 7237
f 7237 7236 7238
f 7237 7238 7239
f 7239 7238 7240
f 7239 7240 7241
f 7241 7240 7242
f 7241 7242 7243
f 7243 7242 7244
f 7243 7244 7245
f 7245 7244 7246
f 7245 7246 7247
f 7247 7246 7248
f 7247 7248 7249
f 6763 7249 6764
f 6764 7249 7248
f 6764 7248 6767
f 6649 6599 6767
f 6767 7250 6649
f 6649 7250 7251
f 6649 7251 6648
f 6648 7251 7252
f 6648 7252 6647
f 6647 7252 7253
f 6647 7253 6646
f 6646 7253 7254
f 6646 7254 6645
f 6645 7254 7255
f 6645 7255 6644
f 6644 7255 7256
f 6644 7256 6643
f 6643 7256 7257
f 6643 7257 6642
f 6642 7257 7258
f 6642 7258 6641
f 6641 7258 7259
f 6641 7259 6640
f 6640 7259 7260
f 6640 7260 6639
f 6639 7260 7261
f 6639 7261 6638
f 6638 7261 7262
f 6638 7262 6637
f 6637 7262 7263
f 6637 7263 6636
f 6636 7263 7264
f 6636 7264 6635
f 6635 7264 7265
f 6635 7265 6634
f 6634 7265 7266
f 6634 7266 6633
f 6633 7266 7267
f 6633 7267 6632
f 6632 7267 7268
f 6632 7268 6631
f 6631 7268 7269
f 6631 7269 6630
f 6630 7269 7270
f 6630 7270 6629
f 6629 7270 7271
f 6629 7271 6628
f 6628 7271 7272
f 6628 7272 6627
f 6627 7272 7273
f 6627 7273 6626
f 6626 7273 7274
f 6626 7274 6625
f 6625 7274 6823
f 6625 6823 6624
f 6767 7248 7250
f 7250 7248 7246
f 7250 7246 7251
f 7251 7246 7244
f 7251 7244 7252
f 7252 7244 7242
f 7252 7242 7253
f 7253 7242 7240
f 7253 7240 7254
f 7254 7240 7238
f 7254 7238 7255
f 7255 7238 7236
f 7255 7236 7256
f 7256 7236 7234
f 7256 7234 7257
f 7257 7234 7232
f 7257 7232 7258
f 7258 7232 7230
f 7258 7230 7259
f 7259 7230 7229
f 7259 7229 7260
f 7260 7229 7226
f 7260 7226 7261
f 7261 7226 7222
f 7261 7222 7262
f 7262 7222 7219
f 7262 7219 7263
f 7263 7219 7216
f 7263 7216 7264
f 7264 7216 7214
f 7264 7214 7265
f 7265 7214 7212
f 7265 7212 7266
f 7266 7212 7210
f 7266 7210 7267
f 7267 7210 7208
f 7267 7208 7268
f 7268 7208 7206
f 7268 7206 7269
f 7269 7206 7204
f 7269 7204 7270
f 7270 7204 7202
f 7270 7202 7271
f 7271 7202 7200
f 7271 7200 7272
f 7272 7200 7198
f 7272 7198 7273
f 7273 7198 7196
f 7273 7196 7274
f 7274 7196 6822
f 7274 6822 6823
f 7275 7276 7277
f 7277 7276 7278
f 7277 7278 7279
f 7279 7278 7280
f 7276 7275 7281
f 7281 7275 7282
f 7283 7284 7285
f 7281 7282 7285
f 7285 7282 7286
f 7285 7286 7283
f 6690 7287 7288
f 6530 6713 7289
f 6530 7289 6711
f 6711 7289 7290
f 6711 7290 6709
f 6709 7290 7291
f 6709 7291 6707
f 6707 7291 7292
f 6707 7292 6705
f 6705 7292 7293
f 6705 7293 6703
f 6703 7293 7294
f 6703 7294 6702
f 6702 7294 7295
f 6702 7295 6700
f 6700 7295 7296
f 6700 7296 6698
f 6698 7296 7297
f 6698 7297 6696
f 6696 7297 7298
f 6696 7298 6694
f 6694 7298 7299
f 6694 7299 6692
f 6690 7288 6688
f 6688 7288 7300
f 6688 7300 6686
f 6686 7300 7301
f 6686 7301 6684
f 6684 7301 7302
f 6684 7302 6682
f 6682 7302 7303
f 6682 7303 6680
f 6680 7303 7304
f 6680 7304 6678
f 6678 7304 7305
f 6678 7305 6677
f 6677 7305 7306
f 6677 7306 6675
f 6675 7306 7307
f 6675 7307 6673
f 6673 7307 7308
f 6673 7308 6670
f 6670 7308 6715
f 6670 6715 6574
f 7288 7309 7300
f 7300 7309 7310
f 7300 7310 7301
f 7301 7310 7311
f 7301 7311 7302
f 7302 7311 7312
f 7302 7312 7303
f 7303 7312 7313
f 7303 7313 7304
f 7304 7313 7314
f 7304 7314 7305
f 7305 7314 7315
f 7305 7315 7306
f 7306 7315 7316
f 7306 7316 7307
f 7307 7316 7317
f 7307 7317 7308
f 7308 7317 6716
f 7308 6716 6715
f 7318 7319 7287
f 7287 7319 7320
f 7287 7320 7288
f 7288 7320 7321
f 7288 7321 7309
f 7322 7318 7299
f 7299 7318 7287
f 7299 7287 6692
f 6692 7287 6690
f 7322 7299 7323
f 7323 7299 7298
f 7323 7298 7324
f 7324 7298 7297
f 7324 7297 7325
f 7325 7297 7296
f 7325 7296 7326
f 7326 7296 7295
f 7326 7295 7327
f 7327 7295 7294
f 7327 7294 7328
f 7328 7294 7293
f 7328 7293 7329
f 7329 7293 7292
f 7329 7292 7330
f 7330 7292 7291
f 7330 7291 7331
f 7331 7291 7290
f 7331 7290 7332
f 7332 7290 7289
f 7332 7289 7333
f 7333 7289 6713
f 7333 6713 6712
f 6717 6716 7334
f 7334 7335 6717
f 6717 7335 7336
f 6717 7336 6752
f 6752 7336 7337
f 6752 7337 6753
f 6753 7337 7338
f 6753 7338 6754
f 6754 7338 7339
f 6754 7339 6755
f 6755 7339 7340
f 6755 7340 6756
f 6756 7340 7341
f 6756 7341 6757
f 6757 7341 7342
f 6757 7342 6758
f 6758 7342 7343
f 6758 7343 6759
f 6759 7343 7344
f 6759 7344 6760
f 6760 7344 7345
f 6760 7345 6761
f 6761 7345 6762
f 6762 7345 7346
f 6762 7346 6751
f 6751 7346 7347
f 6751 7347 6750
f 6750 7347 7348
f 6750 7348 6749
f 7348 7349 6749
f 6749 7349 7350
f 6749 7350 6748
f 6748 7350 7351
f 6748 7351 6747
f 6747 7351 7352
f 6747 7352 6746
f 6746 7352 7353
f 6746 7353 6745
f 6745 7353 7354
f 6745 7354 6744
f 6744 7354 7355
f 6744 7355 6743
f 6743 7355 7356
f 6743 7356 6742
f 6742 7356 7357
f 6742 7357 6741
f 6741 7357 7358
f 6741 7358 6740
f 6740 7358 7359
f 6740 7359 6739
f 6739 7359 7360
f 6739 7360 6712
f 7022 7019 7025
f 7025 7019 7018
f 7025 7018 7361
f 7361 7018 7362
f 7361 7362 7363
f 7363 7362 7364
f 7363 7364 7365
f 7365 7364 7366
f 7365 7366 7367
f 7367 7366 7368
f 7367 7368 7369
f 7370 7364 7371
f 7371 7364 7362
f 7371 7362 7017
f 7017 7362 7018
f 7015 7013 7372
f 7015 7372 7373
f 7373 7372 7374
f 7373 7374 7375
f 7010 7007 7013
f 7013 7007 7006
f 7013 7006 7372
f 7372 7006 7376
f 7372 7376 7374
f 7376 7377 7374
f 7374 7377 7378
f 7374 7378 7379
f 7379 7378 7380
f 7380 7378 7381
f 7380 7381 7382
f 7383 7377 7384
f 7384 7377 7376
f 7384 7376 7005
f 7005 7376 7006
f 7003 7001 7385
f 7003 7385 7386
f 7386 7385 7387
f 7386 7387 7388
f 6998 6995 7001
f 7001 6995 6994
f 7001 6994 7385
f 7389 7390 7391
f 6994 7392 7385
f 7385 7392 7389
f 7385 7389 7387
f 7387 7389 7391
f 7391 7390 7393
f 7393 7390 7394
f 7393 7394 7395
f 7396 7389 7397
f 7397 7389 7392
f 7397 7392 6993
f 6993 7392 6994
f 6991 6989 7398
f 6991 7398 7399
f 7399 7398 7400
f 7399 7400 7401
f 6986 6983 6989
f 6989 6983 6982
f 6989 6982 7398
f 7402 7403 7404
f 6982 7405 7398
f 7398 7405 7402
f 7398 7402 7400
f 7400 7402 7404
f 7406 7404 7407
f 7407 7404 7403
f 7408 7402 7409
f 7409 7402 7405
f 7409 7405 6981
f 6981 7405 6982
f 6979 6977 7410
f 6979 7410 7411
f 7411 7410 7412
f 7411 7412 7413
f 6974 6971 6977
f 6977 6971 6970
f 6977 6970 7410
f 7410 6970 7414
f 7410 7414 7412
f 7414 7415 7412
f 7412 7415 7416
f 7412 7416 7417
f 7417 7416 7418
f 7418 7416 7419
f 7418 7419 7420
f 7421 7415 7422
f 7422 7415 7414
f 7422 7414 6969
f 6969 7414 6970
f 6967 6965 7423
f 6967 7423 7424
f 7424 7423 7425
f 7424 7425 7426
f 6962 6959 6965
f 6965 6959 6958
f 6965 6958 7423
f 7423 6958 7427
f 7423 7427 7425
f 7427 7428 7425
f 7425 7428 7429
f 7425 7429 7430
f 7431 7430 7432
f 7432 7430 7429
f 7433 7428 7434
f 7434 7428 7427
f 7434 7427 6957
f 6957 7427 6958
f 6955 6953 7435
f 6955 7435 7436
f 7436 7435 7437
f 7436 7437 7438
f 6950 6947 6953
f 6953 6947 6946
f 6953 6946 7435
f 7439 7440 7441
f 6946 7442 7435
f 7435 7442 7439
f 7435 7439 7437
f 7437 7439 7441
f 7443 7440 7444
f 7440 7443 7441
f 7445 7439 7446
f 7446 7439 7442
f 7446 7442 6945
f 6945 7442 6946
f 6943 6941 7447
f 6943 7447 7448
f 7448 7447 7449
f 7448 7449 7450
f 6938 6935 6941
f 6941 6935 6934
f 6941 6934 7447
f 7447 6934 7451
f 7447 7451 7449
f 7451 7452 7449
f 7449 7452 7453
f 7449 7453 7454
f 7453 7455 7454
f 7454 7455 7456
f 7457 7452 7458
f 7458 7452 7451
f 7458 7451 6933
f 6933 7451 6934
f 6931 6929 7459
f 6931 7459 7460
f 7460 7459 7461
f 7460 7461 7462
f 6926 6923 6929
f 6929 6923 6922
f 6929 6922 7459
f 7463 7464 7465
f 6922 7466 7459
f 7459 7466 7463
f 7459 7463 7461
f 7461 7463 7465
f 7465 7464 7467
f 7467 7464 7468
f 7467 7468 7469
f 7470 7463 7471
f 7471 7463 7466
f 7471 7466 6921
f 6921 7466 6922
f 6919 6917 7472
f 6919 7472 7473
f 7473 7472 7474
f 7473 7474 7475
f 6914 6911 6917
f 6917 6911 6910
f 6917 6910 7472
f 7472 6910 7476
f 7472 7476 7474
f 7476 7477 7474
f 7474 7477 7478
f 7474 7478 7479
f 7479 7478 7480
f 7480 7478 7481
f 7480 7481 7482
f 7483 7477 7484
f 7484 7477 7476
f 7484 7476 6909
f 6909 7476 6910
f 6907 6905 7485
f 6907 7485 7486
f 7486 7485 7487
f 7486 7487 7488
f 6902 6899 6905
f 6905 6899 6898
f 6905 6898 7485
f 7485 6898 7489
f 7485 7489 7487
f 7489 7490 7487
f 7487 7490 7491
f 7487 7491 7492
f 7493 7491 7494
f 7491 7493 7492
f 7495 7490 7496
f 7496 7490 7489
f 7496 7489 6897
f 6897 7489 6898
f 6895 6893 7497
f 6895 7497 7498
f 7498 7497 7499
f 7498 7499 7500
f 6890 6887 6893
f 6893 6887 6886
f 6893 6886 7497
f 7501 7502 7503
f 6886 7504 7497
f 7497 7504 7501
f 7497 7501 7499
f 7499 7501 7503
f 7502 7505 7503
f 7503 7505 7506
f 7507 7501 7508
f 7508 7501 7504
f 7508 7504 6885
f 6885 7504 6886
f 6883 6881 7509
f 6883 7509 7510
f 7510 7509 7511
f 7510 7511 7512
f 6878 6875 6881
f 6881 6875 6874
f 6881 6874 7509
f 7509 6874 7513
f 7509 7513 7511
f 7513 7514 7511
f 7511 7514 7515
f 7511 7515 7516
f 7517 7516 7518
f 7518 7516 7515
f 7519 7514 7520
f 7520 7514 7513
f 7520 7513 6873
f 6873 7513 6874
f 6871 6869 7521
f 6871 7521 7522
f 7522 7521 7523
f 7522 7523 7524
f 6866 6863 6869
f 6869 6863 6862
f 6869 6862 7521
f 7521 6862 7525
f 7521 7525 7523
f 7525 7526 7523
f 7523 7526 7527
f 7523 7527 7528
f 7527 7529 7528
f 7528 7529 7530
f 7531 7526 7532
f 7532 7526 7525
f 7532 7525 6861
f 6861 7525 6862
f 6859 6857 7533
f 6859 7533 7534
f 7534 7533 7535
f 7534 7535 7536
f 6854 6851 6857
f 6857 6851 6850
f 6857 6850 7533
f 7533 6850 7537
f 7533 7537 7535
f 7537 7538 7535
f 7535 7538 7539
f 7535 7539 7540
f 7540 7539 7541
f 7541 7539 7542
f 7541 7542 7543
f 7544 7545 7546
f 7544 7546 7547
f 7547 7546 7548
f 7547 7548 7549
f 7550 7551 7552
f 7550 7552 7553
f 7553 7552 7554
f 7553 7554 7555
f 7556 7557 7558
f 7556 7558 7559
f 7559 7558 7560
f 7559 7560 7561
f 7562 7563 7564
f 7562 7564 7565
f 7565 7564 7566
f 7565 7566 7567
f 7568 7569 7570
f 7568 7570 7571
f 7571 7570 7572
f 7571 7572 7573
f 7574 7575 7576
f 7574 7576 7577
f 7577 7576 7578
f 7577 7578 7579
f 7580 7581 7582
f 7583 7584 7582
f 7582 7584 7585
f 7582 7585 7580
f 7580 7585 7586
f 7586 7585 7584
f 7586 7584 7587
f 7588 7589 7590
f 7588 7590 7591
f 7591 7590 7592
f 7591 7592 7593
f 7594 7595 7596
f 7594 7596 7597
f 7597 7596 7598
f 7597 7598 7599
f 7600 7601 7602
f 7600 7602 7603
f 7603 7602 7604
f 7603 7604 7605
f 7606 7607 7608
f 7606 7608 7609
f 7609 7608 7610
f 7609 7610 7611
f 7612 7613 7614
f 7612 7614 7615
f 7615 7614 7616
f 7615 7616 7617
f 7618 7619 7620
f 7618 7620 7621
f 7621 7620 7622
f 7621 7622 7623
f 7363 7624 7361
f 7361 7624 7625
f 7361 7625 7025
f 7025 7625 7027
f 7626 7627 7628
f 7285 7284 7628
f 7628 7284 7629
f 7628 7629 7626
f 7630 7538 7631
f 7631 7538 7537
f 7631 7537 6849
f 6849 7537 6850
f 7024 7026 7632
f 6780 7633 7634
f 7635 7016 7021
f 7636 7011 7012
f 7636 7637 7011
f 7011 7637 7638
f 7011 7638 7008
f 7008 7638 7639
f 7008 7639 7009
f 7639 7640 7009
f 7009 7640 7641
f 7009 7641 7004
f 7642 6997 6996
f 7643 6992 6997
f 6997 7642 7643
f 7643 7642 7644
f 7643 7644 7645
f 7645 7644 6988
f 7645 6988 6990
f 6987 7634 6984
f 6984 7634 7633
f 6984 7633 6985
f 7633 7646 6985
f 6985 7646 7647
f 6985 7647 6980
f 6978 7648 6976
f 6976 7648 7649
f 6976 7649 6975
f 6975 7649 7650
f 6975 7650 6972
f 6972 7650 7651
f 6972 7651 6973
f 7652 6968 6973
f 6966 7652 6964
f 6964 7652 7653
f 6964 7653 6963
f 7652 6973 7653
f 7653 6973 7651
f 7653 7651 6963
f 6963 7651 7654
f 6963 7654 6960
f 6960 7654 7655
f 6960 7655 6961
f 7655 7656 6961
f 6961 7656 7657
f 6961 7657 6956
f 7658 6949 6948
f 6944 6949 7659
f 7659 6949 7658
f 7659 7658 7660
f 7660 7658 7661
f 7660 7661 7662
f 7662 7661 6940
f 7662 6940 6942
f 6936 6939 7663
f 7664 7665 6937
f 6937 7665 7666
f 6937 7666 6932
f 6930 7667 6928
f 6928 7667 7668
f 6928 7668 6927
f 6927 7668 7669
f 6927 7669 6924
f 6924 7669 7670
f 6924 7670 6925
f 7671 6920 6925
f 6918 7671 6916
f 6916 7671 7672
f 6916 7672 6915
f 7671 6925 7672
f 7672 6925 7670
f 7672 7670 6915
f 6915 7670 7673
f 6915 7673 6912
f 6912 7673 7674
f 6912 7674 6913
f 7674 7675 6913
f 6913 7675 7676
f 6913 7676 6908
f 7677 6901 6900
f 6896 6901 7678
f 7678 6901 7677
f 7678 7677 7679
f 7679 7677 7680
f 7679 7680 7681
f 7681 7680 6892
f 7681 6892 6894
f 6891 7682 6888
f 6888 7682 7683
f 6888 7683 6889
f 7683 7684 6889
f 6889 7684 7685
f 6889 7685 6884
f 6882 7686 6880
f 6880 7686 7687
f 6880 7687 6879
f 6879 7687 7688
f 6879 7688 6876
f 6876 7688 7689
f 6876 7689 6877
f 7690 6872 6877
f 6868 6870 7691
f 7690 7692 7691
f 7691 7692 6867
f 7691 6867 6868
f 7690 6877 7692
f 7692 6877 7689
f 7692 7689 6867
f 6867 7689 7693
f 6867 7693 6864
f 6864 7693 7694
f 6864 7694 6865
f 7694 7695 6865
f 6865 7695 7696
f 6865 7696 6860
f 7697 6853 6852
f 7694 7698 7699
f 6858 7696 6856
f 6856 7696 7695
f 6856 7695 6855
f 6855 7695 7694
f 6855 7694 6852
f 6852 7694 7699
f 6852 7699 7697
f 7700 7701 7702
f 6820 6821 7703
f 6848 6853 7702
f 7702 6853 7697
f 7702 7697 7700
f 7700 7697 7699
f 7700 7699 7703
f 7703 7699 7698
f 7703 7698 6820
f 6820 7698 7694
f 6820 7694 6818
f 6818 7694 7693
f 6818 7693 6816
f 6816 7693 7689
f 6816 7689 6814
f 6814 7689 7688
f 6814 7688 6812
f 7669 6795 7670
f 7670 6795 6802
f 7670 6802 7673
f 7673 6802 6804
f 7673 6804 7674
f 7674 6804 6806
f 7674 6806 7704
f 7704 6806 6808
f 7704 6808 7682
f 7682 6808 6810
f 7682 6810 7683
f 6799 6798 7669
f 7669 6798 6796
f 7669 6796 6795
f 6792 6794 7663
f 7663 6794 7664
f 7663 7664 6936
f 6936 7664 6937
f 6792 7663 6791
f 6791 7663 7705
f 6791 7705 6789
f 6789 7705 7655
f 6789 7655 6788
f 6788 7655 7654
f 6788 7654 6786
f 6786 7654 7651
f 6786 7651 6784
f 6784 7651 7650
f 6784 7650 6782
f 6780 7634 6778
f 6778 7634 7706
f 6778 7706 6776
f 6776 7706 7639
f 6776 7639 6774
f 6774 7639 7638
f 6774 7638 6772
f 6772 7638 7637
f 6772 7637 6770
f 6770 7637 7707
f 6770 7707 6768
f 6763 6768 7708
f 7708 6768 7707
f 7708 7707 7709
f 7709 7707 7710
f 7632 7709 7024
f 7024 7709 7710
f 7024 7710 7023
f 7023 7710 7707
f 7023 7707 7020
f 7020 7707 7637
f 7020 7637 7021
f 7021 7637 7636
f 7021 7636 7635
f 7635 7636 7012
f 7635 7012 7014
f 7002 7641 7000
f 7000 7641 7640
f 7000 7640 6999
f 6999 7640 7639
f 6999 7639 6996
f 6996 7639 7706
f 6996 7706 7642
f 7642 7706 7634
f 7642 7634 7644
f 7644 7634 6987
f 7644 6987 6988
f 6780 6782 7633
f 7633 6782 7650
f 7633 7650 7646
f 7646 7650 7649
f 7646 7649 7647
f 7647 7649 7648
f 6954 7657 6952
f 6952 7657 7656
f 6952 7656 6951
f 6951 7656 7655
f 6951 7655 6948
f 6948 7655 7705
f 6948 7705 7658
f 7658 7705 7663
f 7658 7663 7661
f 7661 7663 6939
f 7661 6939 6940
f 6794 6799 7664
f 7664 6799 7669
f 7664 7669 7665
f 7665 7669 7668
f 7665 7668 7666
f 7666 7668 7667
f 6906 7676 6904
f 6904 7676 7675
f 6904 7675 6903
f 6903 7675 7674
f 6903 7674 6900
f 6900 7674 7704
f 6900 7704 7677
f 7677 7704 7682
f 7677 7682 7680
f 7680 7682 6891
f 7680 6891 6892
f 6810 6812 7683
f 7683 6812 7688
f 7683 7688 7684
f 7684 7688 7687
f 7684 7687 7685
f 7685 7687 7686
f 7195 7193 7711
f 7195 7711 7712
f 7712 7711 7713
f 7712 7713 7714
f 7190 7187 7193
f 7193 7187 7186
f 7193 7186 7711
f 7711 7186 7715
f 7711 7715 7713
f 7715 7716 7713
f 7713 7716 7717
f 7713 7717 7718
f 7717 7719 7718
f 7718 7719 7720
f 7721 7716 7722
f 7722 7716 7715
f 7722 7715 7185
f 7185 7715 7186
f 7183 7181 7723
f 7183 7723 7724
f 7724 7723 7725
f 7724 7725 7726
f 7178 7175 7181
f 7181 7175 7174
f 7181 7174 7723
f 7723 7174 7727
f 7723 7727 7725
f 7727 7728 7725
f 7725 7728 7729
f 7725 7729 7730
f 7731 7729 7732
f 7729 7731 7730
f 7733 7728 7734
f 7734 7728 7727
f 7734 7727 7173
f 7173 7727 7174
f 7171 7169 7735
f 7171 7735 7736
f 7736 7735 7737
f 7736 7737 7738
f 7166 7163 7169
f 7169 7163 7162
f 7169 7162 7735
f 7739 7740 7741
f 7162 7742 7735
f 7735 7742 7739
f 7735 7739 7737
f 7737 7739 7741
f 7740 7743 7741
f 7741 7743 7744
f 7745 7739 7746
f 7746 7739 7742
f 7746 7742 7161
f 7161 7742 7162
f 7747 7748 7749
f 7749 7748 7750
f 7749 7750 7751
f 7751 7750 7159
f 7751 7159 7157
f 7154 7151 7157
f 7157 7151 7150
f 7157 7150 7751
f 7752 7753 7754
f 7150 7755 7751
f 7751 7755 7752
f 7751 7752 7749
f 7749 7752 7754
f 7753 7756 7754
f 7754 7756 7757
f 7758 7752 7759
f 7759 7752 7755
f 7759 7755 7149
f 7149 7755 7150
f 7147 7145 7760
f 7147 7760 7761
f 7761 7760 7762
f 7761 7762 7763
f 7142 7139 7145
f 7145 7139 7138
f 7145 7138 7760
f 7760 7138 7764
f 7760 7764 7762
f 7764 7765 7762
f 7762 7765 7766
f 7762 7766 7767
f 7768 7766 7769
f 7766 7768 7767
f 7770 7765 7771
f 7771 7765 7764
f 7771 7764 7137
f 7137 7764 7138
f 7135 7133 7772
f 7135 7772 7773
f 7773 7772 7774
f 7773 7774 7775
f 7130 7127 7133
f 7133 7127 7126
f 7133 7126 7772
f 7772 7126 7776
f 7772 7776 7774
f 7776 7777 7774
f 7774 7777 7778
f 7774 7778 7779
f 7778 7780 7779
f 7779 7780 7781
f 7782 7777 7783
f 7783 7777 7776
f 7783 7776 7125
f 7125 7776 7126
f 7123 7121 7784
f 7123 7784 7785
f 7785 7784 7786
f 7785 7786 7787
f 7118 7115 7121
f 7121 7115 7114
f 7121 7114 7784
f 7788 7789 7790
f 7114 7791 7784
f 7784 7791 7788
f 7784 7788 7786
f 7786 7788 7790
f 7790 7789 7792
f 7792 7789 7793
f 7792 7793 7794
f 7111 7109 7795
f 7111 7795 7796
f 7796 7795 7797
f 7796 7797 7798
f 7114 7113 7791
f 7791 7113 7799
f 7791 7799 7788
f 7788 7799 7800
f 7788 7800 7801
f 7802 7803 7804
f 7804 7803 7805
f 7805 7803 7797
f 7806 7805 7807
f 7807 7805 7797
f 7807 7797 7808
f 7808 7797 7795
f 7808 7795 7102
f 7102 7795 7109
f 7102 7109 7103
f 7103 7109 7106
f 7804 7805 7806
f 7809 7807 7810
f 7810 7807 7808
f 7810 7808 7101
f 7101 7808 7102
f 7099 7097 7811
f 7099 7811 7812
f 7812 7811 7813
f 7812 7813 7814
f 7094 7091 7097
f 7097 7091 7090
f 7097 7090 7811
f 7815 7816 7817
f 7090 7818 7811
f 7811 7818 7815
f 7811 7815 7813
f 7813 7815 7817
f 7819 7817 7820
f 7820 7817 7816
f 7821 7815 7822
f 7822 7815 7818
f 7822 7818 7089
f 7089 7818 7090
f 7087 7085 7823
f 7087 7823 7824
f 7824 7823 7825
f 7824 7825 7826
f 7082 7079 7085
f 7085 7079 7078
f 7085 7078 7823
f 7823 7078 7827
f 7823 7827 7825
f 7827 7828 7825
f 7825 7828 7829
f 7825 7829 7830
f 7831 7830 7832
f 7832 7830 7829
f 7833 7828 7834
f 7834 7828 7827
f 7834 7827 7077
f 7077 7827 7078
f 7075 7073 7835
f 7075 7835 7836
f 7836 7835 7837
f 7836 7837 7838
f 7070 7067 7073
f 7073 7067 7066
f 7073 7066 7835
f 7839 7840 7841
f 7066 7842 7835
f 7835 7842 7839
f 7835 7839 7837
f 7837 7839 7841
f 7843 7841 7844
f 7844 7841 7840
f 7845 7839 7846
f 7846 7839 7842
f 7846 7842 7065
f 7065 7842 7066
f 7063 7061 7847
f 7063 7847 7848
f 7848 7847 7849
f 7848 7849 7850
f 7058 7055 7061
f 7061 7055 7054
f 7061 7054 7847
f 7851 7852 7853
f 7054 7854 7847
f 7847 7854 7851
f 7847 7851 7849
f 7849 7851 7853
f 7853 7852 7855
f 7855 7852 7856
f 7855 7856 7857
f 7858 7851 7859
f 7859 7851 7854
f 7859 7854 7053
f 7053 7854 7054
f 7051 7049 7860
f 7051 7860 7861
f 7861 7860 7862
f 7861 7862 7863
f 7046 7043 7049
f 7049 7043 7042
f 7049 7042 7860
f 7860 7042 7864
f 7860 7864 7862
f 7864 7865 7862
f 7862 7865 7866
f 7862 7866 7867
f 7868 7866 7869
f 7866 7868 7867
f 7870 7865 7871
f 7871 7865 7864
f 7871 7864 7041
f 7041 7864 7042
f 7039 7037 7872
f 7039 7872 7873
f 7873 7872 7874
f 7873 7874 7875
f 7034 7031 7037
f 7037 7031 7030
f 7037 7030 7872
f 7872 7030 7876
f 7872 7876 7874
f 7876 7877 7874
f 7874 7877 7878
f 7874 7878 7879
f 7880 7879 7881
f 7881 7879 7878
f 7882 7877 7883
f 7883 7877 7876
f 7883 7876 7029
f 7029 7876 7030
f 7192 7884 7191
f 7191 7884 7885
f 7191 7885 7188
f 7188 7885 7886
f 7188 7886 7189
f 7887 7184 7189
f 7182 7887 7180
f 7180 7887 7888
f 7180 7888 7179
f 7887 7189 7888
f 7888 7189 7886
f 7888 7886 7179
f 7179 7886 7889
f 7179 7889 7176
f 7176 7889 7890
f 7176 7890 7177
f 7890 7891 7177
f 7177 7891 7892
f 7177 7892 7172
f 7893 7165 7164
f 7160 7165 7894
f 7894 7165 7893
f 7894 7893 7895
f 7895 7893 7896
f 7895 7896 7897
f 7897 7896 7156
f 7897 7156 7158
f 7155 7898 7152
f 7152 7898 7899
f 7152 7899 7153
f 7899 7900 7153
f 7153 7900 7901
f 7153 7901 7148
f 7146 7902 7144
f 7144 7902 7903
f 7144 7903 7143
f 7143 7903 7904
f 7143 7904 7140
f 7140 7904 7905
f 7140 7905 7141
f 7906 7136 7141
f 7134 7906 7132
f 7132 7906 7907
f 7132 7907 7131
f 7906 7141 7907
f 7907 7141 7905
f 7907 7905 7131
f 7131 7905 7908
f 7131 7908 7128
f 7128 7908 7909
f 7128 7909 7129
f 7909 7910 7129
f 7129 7910 7911
f 7129 7911 7124
f 7912 7117 7116
f 7913 7112 7117
f 7117 7912 7913
f 7913 7912 7914
f 7913 7914 7915
f 7915 7914 7108
f 7915 7108 7110
f 7916 7917 7105
f 7104 7107 7918
f 7100 7105 7919
f 7919 7105 7917
f 7919 7917 7920
f 7093 7092 7921
f 7921 7092 7922
f 7922 7092 7095
f 7922 7095 7923
f 7923 7095 7096
f 7923 7096 7098
f 7924 7088 7093
f 7086 7924 7084
f 7084 7924 7925
f 7084 7925 7083
f 7924 7093 7925
f 7925 7093 7921
f 7925 7921 7083
f 7083 7921 7926
f 7083 7926 7080
f 7080 7926 7927
f 7080 7927 7081
f 7927 7928 7081
f 7081 7928 7929
f 7081 7929 7076
f 7930 7069 7068
f 7064 7069 7931
f 7931 7069 7930
f 7931 7930 7932
f 7932 7930 7933
f 7932 7933 7934
f 7934 7933 7060
f 7934 7060 7062
f 7059 7935 7056
f 7056 7935 7936
f 7056 7936 7057
f 7936 7937 7057
f 7057 7937 7938
f 7057 7938 7052
f 7050 7939 7048
f 7048 7939 7940
f 7048 7940 7047
f 7047 7940 7941
f 7047 7941 7044
f 7044 7941 7942
f 7044 7942 7045
f 7943 7040 7045
f 7038 7943 7036
f 7036 7943 7944
f 7036 7944 7035
f 7943 7045 7944
f 7944 7045 7942
f 7944 7942 7035
f 7035 7942 7945
f 7035 7945 7032
f 7032 7945 7946
f 7032 7946 7033
f 7946 7947 7033
f 7033 7947 7948
f 7033 7948 7028
f 7949 7286 7282
f 7946 7950 7951
f 7279 7948 7277
f 7277 7948 7947
f 7277 7947 7275
f 7275 7947 7946
f 7275 7946 7282
f 7282 7946 7951
f 7282 7951 7949
f 7709 7632 7952
f 7249 6763 7708
f 7283 7286 7952
f 7952 7286 7949
f 7952 7949 7709
f 7709 7949 7951
f 7709 7951 7708
f 7708 7951 7950
f 7708 7950 7249
f 7249 7950 7946
f 7249 7946 7247
f 7247 7946 7945
f 7247 7945 7245
f 7245 7945 7942
f 7245 7942 7243
f 7243 7942 7941
f 7243 7941 7241
f 7922 7224 7921
f 7921 7224 7231
f 7921 7231 7926
f 7926 7231 7233
f 7926 7233 7927
f 7927 7233 7235
f 7927 7235 7953
f 7953 7235 7237
f 7953 7237 7935
f 7935 7237 7239
f 7935 7239 7936
f 7228 7227 7922
f 7922 7227 7225
f 7922 7225 7224
f 7221 7223 7918
f 7918 7223 7916
f 7918 7916 7104
f 7104 7916 7105
f 7221 7918 7220
f 7220 7918 7954
f 7220 7954 7218
f 7218 7954 7909
f 7218 7909 7217
f 7217 7909 7908
f 7217 7908 7215
f 7215 7908 7905
f 7215 7905 7213
f 7213 7905 7904
f 7213 7904 7211
f 7885 7199 7886
f 7886 7199 7201
f 7886 7201 7889
f 7889 7201 7203
f 7889 7203 7890
f 7890 7203 7205
f 7890 7205 7955
f 7955 7205 7207
f 7955 7207 7898
f 7898 7207 7209
f 7898 7209 7899
f 7703 6821 7197
f 7194 7701 7192
f 7192 7701 7700
f 7192 7700 7884
f 7884 7700 7703
f 7884 7703 7885
f 7885 7703 7197
f 7885 7197 7199
f 7170 7892 7168
f 7168 7892 7891
f 7168 7891 7167
f 7167 7891 7890
f 7167 7890 7164
f 7164 7890 7955
f 7164 7955 7893
f 7893 7955 7898
f 7893 7898 7896
f 7896 7898 7155
f 7896 7155 7156
f 7209 7211 7899
f 7899 7211 7904
f 7899 7904 7900
f 7900 7904 7903
f 7900 7903 7901
f 7901 7903 7902
f 7122 7911 7120
f 7120 7911 7910
f 7120 7910 7119
f 7119 7910 7909
f 7119 7909 7116
f 7116 7909 7954
f 7116 7954 7912
f 7912 7954 7918
f 7912 7918 7914
f 7914 7918 7107
f 7914 7107 7108
f 7223 7228 7916
f 7916 7228 7922
f 7916 7922 7917
f 7917 7922 7923
f 7917 7923 7920
f 7920 7923 7098
f 7074 7929 7072
f 7072 7929 7928
f 7072 7928 7071
f 7071 7928 7927
f 7071 7927 7068
f 7068 7927 7953
f 7068 7953 7930
f 7930 7953 7935
f 7930 7935 7933
f 7933 7935 7059
f 7933 7059 7060
f 7239 7241 7936
f 7936 7241 7941
f 7936 7941 7937
f 7937 7941 7940
f 7937 7940 7938
f 7938 7940 7939
f 7280 7278 7956
f 7280 7956 7957
f 7957 7956 7958
f 7957 7958 7959
f 7276 7281 7278
f 7278 7281 7285
f 7278 7285 7956
f 7956 7285 7628
f 7956 7628 7958
f 7958 7628 7627
f 7958 7627 7960
f 7960 7627 7961
f 7960 7961 7962
f 7962 7961 7963
f 7962 7963 7964
f 6712 7360 7965
f 6712 7965 7333
f 7333 7965 7966
f 7333 7966 7332
f 7332 7966 7967
f 7332 7967 7331
f 7331 7967 7968
f 7331 7968 7330
f 7330 7968 7969
f 7330 7969 7329
f 7329 7969 7970
f 7329 7970 7328
f 7328 7970 7971
f 7328 7971 7327
f 7327 7971 7972
f 7327 7972 7326
f 7326 7972 7973
f 7326 7973 7325
f 7325 7973 7974
f 7325 7974 7324
f 7324 7974 7975
f 7324 7975 7323
f 7323 7975 7322
f 7322 7975 7976
f 7322 7976 7318
f 7318 7976 7977
f 7318 7977 7319
f 7319 7977 7978
f 7319 7978 7320
f 7978 7979 7320
f 7320 7979 7980
f 7320 7980 7321
f 7321 7980 7981
f 7321 7981 7309
f 7309 7981 7982
f 7309 7982 7310
f 7310 7982 7983
f 7310 7983 7311
f 7311 7983 7984
f 7311 7984 7312
f 7312 7984 7985
f 7312 7985 7313
f 7313 7985 7986
f 7313 7986 7314
f 7314 7986 7987
f 7314 7987 7315
f 7315 7987 7988
f 7315 7988 7316
f 7316 7988 7989
f 7316 7989 7317
f 7317 7989 7334
f 7317 7334 6716
f 7335 7334 7990
f 7990 7991 7335
f 7335 7991 7992
f 7335 7992 7336
f 7336 7992 7993
f 7336 7993 7337
f 7337 7993 7994
f 7337 7994 7338
f 7338 7994 7995
f 7338 7995 7339
f 7339 7995 7996
f 7339 7996 7340
f 7340 7996 7997
f 7340 7997 7341
f 7341 7997 7998
f 7341 7998 7342
f 7342 7998 7999
f 7342 7999 7343
f 7343 7999 8000
f 7343 8000 7344
f 7344 8000 8001
f 7344 8001 7345
f 7345 8001 8002
f 7345 8002 7346
f 7346 8002 7347
f 7347 8002 8003
f 7347 8003 7348
f 8003 8004 7348
f 7348 8004 8005
f 7348 8005 7349
f 7349 8005 8006
f 7349 8006 7350
f 7350 8006 8007
f 7350 8007 7351
f 7351 8007 8008
f 7351 8008 7352
f 7352 8008 8009
f 7352 8009 7353
f 7353 8009 8010
f 7353 8010 7354
f 7354 8010 8011
f 7354 8011 7355
f 7355 8011 8012
f 7355 8012 7356
f 7356 8012 8013
f 7356 8013 7357
f 7357 8013 8014
f 7357 8014 7358
f 7358 8014 8015
f 7358 8015 7359
f 7359 8015 8016
f 7359 8016 7360
f 8017 8018 8019
f 8017 8019 8020
f 8020 8019 8021
f 8020 8021 8022
f 8023 8024 8025
f 8026 8027 8025
f 8025 8027 8028
f 8025 8028 8023
f 8029 8030 8026
f 7619 7618 8024
f 8024 7618 8031
f 8024 8031 8025
f 8025 8031 8032
f 8025 8032 8026
f 8026 8032 8033
f 8026 8033 8029
f 8031 8034 8032
f 8032 8034 8035
f 8032 8035 8033
f 8033 8035 8036
f 8037 8038 8039
f 8040 8041 8039
f 8039 8041 8042
f 8039 8042 8037
f 8043 8044 8040
f 7613 7612 8038
f 8038 7612 8045
f 8038 8045 8039
f 8039 8045 8046
f 8039 8046 8040
f 8040 8046 8047
f 8040 8047 8043
f 8045 8048 8046
f 8046 8048 8049
f 8046 8049 8047
f 8047 8049 8050
f 8051 8052 8053
f 8054 8055 8053
f 8053 8055 8056
f 8053 8056 8051
f 8057 8058 8054
f 7607 7606 8052
f 8052 7606 8059
f 8052 8059 8053
f 8053 8059 8060
f 8053 8060 8054
f 8054 8060 8061
f 8054 8061 8057
f 8059 8062 8060
f 8060 8062 8063
f 8060 8063 8061
f 8061 8063 8064
f 8065 8066 8067
f 8068 8069 8067
f 8067 8069 8070
f 8067 8070 8065
f 8071 8072 8068
f 7601 7600 8066
f 8066 7600 8073
f 8066 8073 8067
f 8067 8073 8074
f 8067 8074 8068
f 8068 8074 8075
f 8068 8075 8071
f 8073 8076 8074
f 8074 8076 8077
f 8074 8077 8075
f 8075 8077 8078
f 8079 8080 8081
f 8082 8083 8081
f 8081 8083 8084
f 8081 8084 8079
f 8085 8086 8082
f 7595 7594 8080
f 8080 7594 8087
f 8080 8087 8081
f 8081 8087 8088
f 8081 8088 8082
f 8082 8088 8089
f 8082 8089 8085
f 8087 8090 8088
f 8088 8090 8091
f 8088 8091 8089
f 8089 8091 8092
f 8093 8094 8095
f 8096 8097 8095
f 8095 8097 8098
f 8095 8098 8093
f 8099 8100 8096
f 7589 7588 8094
f 8094 7588 8101
f 8094 8101 8095
f 8095 8101 8102
f 8095 8102 8096
f 8096 8102 8103
f 8096 8103 8099
f 8101 8104 8102
f 8102 8104 8105
f 8102 8105 8103
f 8103 8105 8106
f 8107 8108 8109
f 8110 8111 8109
f 8109 8111 8112
f 8109 8112 8107
f 8113 8110 8114
f 8114 8110 8115
f 7584 7583 8116
f 7584 8116 7587
f 8115 8110 8117
f 8117 8110 8109
f 8117 8109 8116
f 8116 8109 8108
f 8116 8108 7587
f 8116 8118 8117
f 8117 8118 8119
f 8117 8119 8115
f 8115 8119 8120
f 8121 8122 8123
f 8124 8125 8123
f 8123 8125 8126
f 8123 8126 8121
f 8127 8128 8124
f 7575 7574 8122
f 8122 7574 8129
f 8122 8129 8123
f 8123 8129 8130
f 8123 8130 8124
f 8124 8130 8131
f 8124 8131 8127
f 8129 8132 8130
f 8130 8132 8133
f 8130 8133 8131
f 8131 8133 8134
f 8135 8136 8137
f 8138 8139 8137
f 8137 8139 8140
f 8137 8140 8135
f 8141 8142 8138
f 7569 7568 8136
f 8136 7568 8143
f 8136 8143 8137
f 8137 8143 8144
f 8137 8144 8138
f 8138 8144 8145
f 8138 8145 8141
f 8143 8146 8144
f 8144 8146 8147
f 8144 8147 8145
f 8145 8147 8148
f 8149 8150 8151
f 8152 8153 8151
f 8151 8153 8154
f 8151 8154 8149
f 8155 8156 8152
f 7563 7562 8150
f 8150 7562 8157
f 8150 8157 8151
f 8151 8157 8158
f 8151 8158 8152
f 8152 8158 8159
f 8152 8159 8155
f 8157 8160 8158
f 8158 8160 8161
f 8158 8161 8159
f 8159 8161 8162
f 8163 8164 8165
f 8166 8167 8165
f 8165 8167 8168
f 8165 8168 8163
f 8169 8170 8166
f 7561 7560 8164
f 8164 7560 8171
f 8164 8171 8165
f 8165 8171 8172
f 8165 8172 8166
f 8166 8172 8173
f 8166 8173 8169
f 8171 8174 8172
f 8172 8174 8175
f 8172 8175 8173
f 8173 8175 8176
f 8177 8178 8179
f 8180 8181 8179
f 8179 8181 8182
f 8179 8182 8177
f 8183 8184 8180
f 7551 7550 8178
f 8178 7550 8185
f 8178 8185 8179
f 8179 8185 8186
f 8179 8186 8180
f 8180 8186 8187
f 8180 8187 8183
f 8185 8188 8186
f 8186 8188 8189
f 8186 8189 8187
f 8187 8189 8190
f 8191 8192 8193
f 8194 8195 8193
f 8193 8195 8196
f 8193 8196 8191
f 8197 8198 8194
f 7545 7544 8192
f 8192 7544 8199
f 8192 8199 8193
f 8193 8199 8200
f 8193 8200 8194
f 8194 8200 8201
f 8194 8201 8197
f 8199 8202 8200
f 8200 8202 8203
f 8200 8203 8201
f 8201 8203 8204
f 8205 8206 8207
f 8208 8209 8207
f 8207 8209 8210
f 8207 8210 8205
f 8211 8212 8208
f 8213 8214 8206
f 8206 8214 8215
f 8206 8215 8207
f 8207 8215 8216
f 8207 8216 8208
f 8208 8216 8217
f 8208 8217 8211
f 8218 8219 8220
f 8218 8220 8221
f 8221 8220 8214
f 8221 8214 8213
f 8222 8223 8224
f 8222 8224 8225
f 8225 8224 8226
f 8225 8226 8227
f 8228 8229 8230
f 8228 8230 8231
f 8231 8230 8232
f 8231 8232 8233
f 8234 8235 8236
f 8234 8236 8237
f 8237 8236 8238
f 8237 8238 8239
f 8240 8241 8242
f 8240 8242 8243
f 8243 8242 8244
f 8243 8244 8245
f 8246 8247 8248
f 8248 8247 8249
f 8248 8249 8250
f 8251 8249 8247
f 8251 8247 8252
f 8252 8247 8246
f 8252 8246 8253
f 8254 8255 8256
f 8254 8256 8257
f 8257 8256 8258
f 8257 8258 8259
f 8260 8261 8262
f 8260 8262 8263
f 8263 8262 8264
f 8263 8264 8265
f 8266 8267 8268
f 8266 8268 8269
f 8269 8268 8270
f 8269 8270 8271
f 8272 8273 8274
f 8272 8274 8275
f 8275 8274 8276
f 8275 8276 8277
f 8278 8279 8280
f 8278 8280 8281
f 8281 8280 8282
f 8281 8282 8283
f 8284 8285 8286
f 8284 8286 8287
f 8287 8286 8288
f 8287 8288 8289
f 8290 8291 8292
f 8290 8292 8293
f 8293 8292 8294
f 8293 8294 8295
f 8296 7624 7363
f 7369 8297 7367
f 7367 8297 8296
f 7367 8296 7365
f 7365 8296 7363
f 7369 7368 8297
f 8297 7368 8298
f 8298 7368 8299
f 8299 7368 7366
f 8299 7366 8300
f 8300 7366 8301
f 8301 7366 7364
f 8301 7364 7370
f 8302 8303 8304
f 7375 8305 7373
f 7373 8305 8306
f 8306 8302 7373
f 7373 8302 8304
f 7373 8304 7015
f 7015 8304 7635
f 7015 7635 7014
f 7017 7016 7371
f 7371 7016 7635
f 7371 7635 7370
f 7370 7635 8304
f 7370 8304 8301
f 8301 8304 8303
f 8301 8303 8300
f 8305 7375 7374
f 7382 8307 7380
f 7380 8307 8305
f 7380 8305 7379
f 7379 8305 7374
f 7382 7381 8307
f 8307 7381 8308
f 8308 7381 8309
f 8309 7381 7378
f 8309 7378 8310
f 8310 7378 7377
f 8310 7377 7383
f 8311 8312 8313
f 7388 8314 7386
f 7386 8314 8315
f 8315 8311 7386
f 7386 8311 8313
f 7386 8313 7003
f 7003 8313 7641
f 7003 7641 7002
f 8316 8309 8310
f 7005 7004 7384
f 7384 7004 7641
f 7384 7641 7383
f 7383 7641 8313
f 7383 8313 8310
f 8310 8313 8312
f 8310 8312 8316
f 8314 7388 7387
f 7395 8317 7393
f 7393 8317 8314
f 7393 8314 7391
f 7391 8314 7387
f 7395 7394 8317
f 8317 7394 8318
f 8318 7394 8319
f 8319 7394 7390
f 8319 7390 8320
f 8320 7390 7389
f 8320 7389 7396
f 7401 8321 8322
f 6990 6991 7645
f 7645 6991 7643
f 7643 6991 8323
f 8323 6991 7399
f 8323 7399 7401
f 7401 8322 8323
f 8323 8322 8324
f 8323 8324 8319
f 6993 6992 7397
f 7397 6992 7643
f 7397 7643 7396
f 7396 7643 8323
f 7396 8323 8320
f 8320 8323 8319
f 7406 8325 7404
f 7404 8325 8321
f 7404 8321 7400
f 7400 8321 7401
f 8325 7406 8326
f 8326 7406 7407
f 8326 7407 8327
f 8327 7407 8328
f 8328 7407 7403
f 8328 7403 8329
f 8329 7403 7402
f 8329 7402 7408
f 8330 8331 8332
f 7411 7413 8333
f 7648 6978 6979
f 8333 8330 7411
f 7411 8330 8332
f 7411 8332 6979
f 6979 8332 7647
f 6979 7647 7648
f 8334 8328 8329
f 6981 6980 7409
f 7409 6980 7647
f 7409 7647 7408
f 7408 7647 8332
f 7408 8332 8329
f 8329 8332 8331
f 8329 8331 8334
f 8333 7413 7412
f 7420 8335 7418
f 7418 8335 8333
f 7418 8333 7417
f 7417 8333 7412
f 8335 7420 8336
f 8336 7420 7419
f 8336 7419 8337
f 8337 7419 8338
f 8338 7419 7416
f 8338 7416 8339
f 8339 7416 7415
f 8339 7415 7421
f 8340 8341 8342
f 8340 8342 8343
f 7424 7426 8344
f 8344 8343 7424
f 7424 8343 8342
f 7424 8342 6967
f 6967 8342 7652
f 6967 7652 6966
f 6969 6968 7422
f 7422 6968 7652
f 7422 7652 7421
f 7421 7652 8342
f 7421 8342 8339
f 8339 8342 8341
f 8339 8341 8338
f 7431 8345 7430
f 7430 8345 8344
f 7430 8344 7425
f 7425 8344 7426
f 7431 7432 8345
f 8345 7432 8346
f 8346 7432 8347
f 8347 7432 7429
f 8347 7429 8348
f 8348 7429 8349
f 8349 7429 7428
f 8349 7428 7433
f 8350 8351 8352
f 7438 8353 7436
f 7436 8353 8354
f 8354 8350 7436
f 7436 8350 8352
f 7436 8352 6955
f 6955 8352 7657
f 6955 7657 6954
f 6957 6956 7434
f 7434 6956 7657
f 7434 7657 7433
f 7433 7657 8352
f 7433 8352 8349
f 8349 8352 8351
f 8349 8351 8348
f 7443 8355 7441
f 7441 8355 8353
f 7441 8353 7437
f 7437 8353 7438
f 7443 7444 8355
f 8355 7444 8356
f 8356 7444 8357
f 8357 7444 7440
f 8357 7440 8358
f 8358 7440 7439
f 8358 7439 7445
f 7659 7660 8359
f 8360 8361 8359
f 7450 8362 7448
f 7448 8362 8363
f 7662 6942 6943
f 8363 8360 7448
f 7448 8360 8359
f 7448 8359 6943
f 6943 8359 7660
f 6943 7660 7662
f 8364 8357 8358
f 6945 6944 7446
f 7446 6944 7659
f 7446 7659 7445
f 7445 7659 8359
f 7445 8359 8358
f 8358 8359 8361
f 8358 8361 8364
f 7456 8365 7454
f 7454 8365 8362
f 7454 8362 7449
f 7449 8362 7450
f 7456 7455 8365
f 8365 7455 8366
f 7452 7457 7453
f 7453 7457 8367
f 7453 8367 7455
f 7455 8367 8366
f 7667 6930 6931
f 7460 8368 6931
f 6931 8368 7666
f 6931 7666 7667
f 6933 6932 7458
f 7458 6932 7666
f 7458 7666 7457
f 7457 7666 8368
f 7462 8369 7460
f 7460 8369 8370
f 7460 8370 8368
f 8368 8370 8371
f 8368 8371 7457
f 7457 8371 8372
f 7457 8372 8367
f 7469 8373 7467
f 7467 8373 8374
f 7467 8374 7465
f 7465 8374 8369
f 7465 8369 7461
f 7461 8369 7462
f 8373 7469 8375
f 8375 7469 7468
f 8375 7468 8376
f 8376 7468 8377
f 8377 7468 7464
f 8377 7464 8378
f 8378 7464 7463
f 8378 7463 7470
f 8379 8380 8381
f 7473 7475 8382
f 8382 8379 7473
f 7473 8379 8381
f 7473 8381 6919
f 6919 8381 7671
f 6919 7671 6918
f 8383 8377 8378
f 6921 6920 7471
f 7471 6920 7671
f 7471 7671 7470
f 7470 7671 8381
f 7470 8381 8378
f 8378 8381 8380
f 8378 8380 8383
f 8382 7475 7474
f 7482 8384 7480
f 7480 8384 8382
f 7480 8382 7479
f 7479 8382 7474
f 8384 7482 8385
f 8385 7482 7481
f 8385 7481 8386
f 8386 7481 8387
f 8387 7481 7478
f 8387 7478 8388
f 8388 7478 7477
f 8388 7477 7483
f 8389 8390 8391
f 8389 8391 8392
f 7486 7488 8393
f 8393 8392 7486
f 7486 8392 8391
f 7486 8391 6907
f 6907 8391 7676
f 6907 7676 6906
f 6909 6908 7484
f 7484 6908 7676
f 7484 7676 7483
f 7483 7676 8391
f 7483 8391 8388
f 8388 8391 8390
f 8388 8390 8387
f 7493 8394 7492
f 7492 8394 8393
f 7492 8393 7487
f 7487 8393 7488
f 7493 7494 8394
f 8394 7494 8395
f 8395 7494 8396
f 8396 7494 7491
f 8396 7491 8397
f 8397 7491 8398
f 8398 7491 7490
f 8398 7490 7495
f 7678 7679 8399
f 8400 8401 8399
f 7500 8402 7498
f 7498 8402 8403
f 7681 6894 6895
f 8403 8400 7498
f 7498 8400 8399
f 7498 8399 6895
f 6895 8399 7679
f 6895 7679 7681
f 6897 6896 7496
f 7496 6896 7678
f 7496 7678 7495
f 7495 7678 8399
f 7495 8399 8398
f 8398 8399 8401
f 8398 8401 8397
f 7506 8404 7503
f 7503 8404 8402
f 7503 8402 7499
f 7499 8402 7500
f 7506 7505 8404
f 8404 7505 8405
f 8405 7505 8406
f 8406 7505 7502
f 8406 7502 8407
f 8407 7502 7501
f 8407 7501 7507
f 8408 8409 8410
f 7512 8411 7510
f 7510 8411 8412
f 7686 6882 6883
f 8412 8408 7510
f 7510 8408 8410
f 7510 8410 6883
f 6883 8410 7685
f 6883 7685 7686
f 8413 8406 8407
f 6885 6884 7508
f 7508 6884 7685
f 7508 7685 7507
f 7507 7685 8410
f 7507 8410 8407
f 8407 8410 8409
f 8407 8409 8413
f 7517 8414 7516
f 7516 8414 8411
f 7516 8411 7511
f 7511 8411 7512
f 7517 7518 8414
f 8414 7518 8415
f 8415 7518 8416
f 8416 7518 7515
f 8416 7515 8417
f 8417 7515 7514
f 8417 7514 7519
f 8418 8419 8420
f 7522 7524 8421
f 7691 6870 6871
f 8421 8418 7522
f 7522 8418 8420
f 7522 8420 6871
f 6871 8420 7690
f 6871 7690 7691
f 8422 8416 8417
f 6873 6872 7520
f 7520 6872 7690
f 7520 7690 7519
f 7519 7690 8420
f 7519 8420 8417
f 8417 8420 8419
f 8417 8419 8422
f 7524 7523 8421
f 8421 7523 7528
f 8421 7528 8423
f 8423 7528 7530
f 8423 7530 8424
f 8424 7530 8425
f 8425 7530 7529
f 8425 7529 8426
f 8426 7529 8427
f 8427 7529 7527
f 8427 7527 8428
f 8428 7527 7526
f 8428 7526 7531
f 8429 8430 8431
f 7534 7536 8432
f 8432 8429 7534
f 7534 8429 8431
f 7534 8431 6859
f 6859 8431 7696
f 6859 7696 6858
f 8433 8427 8428
f 6861 6860 7532
f 7532 6860 7696
f 7532 7696 7531
f 7531 7696 8431
f 7531 8431 8428
f 8428 8431 8430
f 8428 8430 8433
f 8432 7536 7535
f 7543 8434 7541
f 7541 8434 8432
f 7541 8432 7540
f 7540 8432 7535
f 8434 7543 8435
f 8435 7543 7542
f 8435 7542 8436
f 8436 7542 8437
f 8437 7542 7539
f 8437 7539 8438
f 8438 7539 7538
f 8438 7538 7630
f 8219 8218 8439
f 8439 8218 8440
f 8206 8205 8213
f 8213 8205 8441
f 8213 8441 8221
f 8221 8441 8442
f 8221 8442 8218
f 8218 8442 8440
f 7547 7549 8443
f 8202 8199 7544
f 7547 8443 7544
f 7544 8443 8444
f 7544 8444 8202
f 7549 7548 8443
f 8443 7548 8445
f 8192 8191 7545
f 7545 8191 8446
f 7545 8446 7546
f 7546 8446 8447
f 7546 8447 7548
f 7548 8447 8445
f 7553 7555 8448
f 8188 8185 7550
f 7553 8448 7550
f 7550 8448 8449
f 7550 8449 8188
f 7555 7554 8448
f 8448 7554 8450
f 8178 8177 7551
f 7551 8177 8451
f 7551 8451 7552
f 7552 8451 8452
f 7552 8452 7554
f 7554 8452 8450
f 7558 7557 8453
f 8174 8171 7560
f 7558 8453 7560
f 7560 8453 8454
f 7560 8454 8174
f 8453 7557 8455
f 8455 7557 7556
f 8455 7556 8456
f 8164 8163 7561
f 7561 8163 8457
f 7561 8457 7559
f 7559 8457 8458
f 7559 8458 7556
f 7556 8458 8456
f 7565 7567 8459
f 8160 8157 7562
f 7565 8459 7562
f 7562 8459 8460
f 7562 8460 8160
f 8459 7567 8461
f 8461 7567 7566
f 8461 7566 8462
f 8150 8149 7563
f 7563 8149 8463
f 7563 8463 7564
f 7564 8463 8464
f 7564 8464 7566
f 7566 8464 8462
f 7571 7573 8465
f 8146 8143 7568
f 7571 8465 7568
f 7568 8465 8466
f 7568 8466 8146
f 7573 7572 8465
f 8465 7572 8467
f 8136 8135 7569
f 7569 8135 8468
f 7569 8468 7570
f 7570 8468 8469
f 7570 8469 7572
f 7572 8469 8467
f 7577 7579 8470
f 8132 8129 7574
f 7577 8470 7574
f 7574 8470 8471
f 7574 8471 8132
f 7579 7578 8470
f 8470 7578 8472
f 8122 8121 7575
f 7575 8121 8473
f 7575 8473 7576
f 7576 8473 8474
f 7576 8474 7578
f 7578 8474 8472
f 7582 7581 8475
f 8118 8116 7583
f 7582 8475 7583
f 7583 8475 8476
f 7583 8476 8118
f 7581 7580 8475
f 8475 7580 8477
f 8477 7580 8478
f 8478 7580 7586
f 8478 7586 8107
f 8107 7586 7587
f 8107 7587 8108
f 8104 8101 7588
f 7593 8479 7591
f 7591 8479 8480
f 7591 8480 7588
f 7588 8480 8481
f 7588 8481 8104
f 8479 7593 8482
f 8482 7593 7592
f 8482 7592 8483
f 8094 8093 7589
f 7589 8093 8484
f 7589 8484 7590
f 7590 8484 8485
f 7590 8485 7592
f 7592 8485 8483
f 7597 7599 8486
f 8090 8087 7594
f 7597 8486 7594
f 7594 8486 8487
f 7594 8487 8090
f 8486 7599 8488
f 8488 7599 7598
f 8488 7598 8489
f 8080 8079 7595
f 7595 8079 8490
f 7595 8490 7596
f 7596 8490 8491
f 7596 8491 7598
f 7598 8491 8489
f 7603 7605 8492
f 8076 8073 7600
f 7603 8492 7600
f 7600 8492 8493
f 7600 8493 8076
f 7605 7604 8492
f 8492 7604 8494
f 8066 8065 7601
f 7601 8065 8495
f 7601 8495 7602
f 7602 8495 8496
f 7602 8496 7604
f 7604 8496 8494
f 7609 7611 8497
f 8062 8059 7606
f 7609 8497 7606
f 7606 8497 8498
f 7606 8498 8062
f 7611 7610 8497
f 8497 7610 8499
f 8052 8051 7607
f 7607 8051 8500
f 7607 8500 7608
f 7608 8500 8501
f 7608 8501 7610
f 7610 8501 8499
f 7615 7617 8502
f 8048 8045 7612
f 7615 8502 7612
f 7612 8502 8503
f 7612 8503 8048
f 7617 7616 8502
f 8502 7616 8504
f 8038 8037 7613
f 7613 8037 8505
f 7613 8505 7614
f 7614 8505 8506
f 7614 8506 7616
f 7616 8506 8504
f 8034 8031 7618
f 7623 8507 7621
f 7621 8507 8508
f 7621 8508 7618
f 7618 8508 8509
f 7618 8509 8034
f 8507 7623 8510
f 8510 7623 7622
f 8510 7622 8511
f 8024 8023 7619
f 7619 8023 8512
f 7619 8512 7620
f 7620 8512 8513
f 7620 8513 7622
f 7622 8513 8511
f 8514 8515 8516
f 8516 8515 8517
f 8516 8517 8518
f 8518 8517 8022
f 8518 8022 8021
f 8515 8514 8519
f 8519 8514 8520
f 8519 8520 8521
f 8518 8522 8523
f 8518 8523 8516
f 8516 8523 8520
f 8516 8520 8514
f 8524 8525 8018
f 8018 8525 8526
f 8018 8526 8019
f 8019 8526 8527
f 8019 8527 8021
f 8021 8527 8528
f 8021 8528 8518
f 8518 8528 8522
f 8529 8530 8531
f 8529 8531 8532
f 8532 8531 8533
f 8532 8533 8534
f 7027 7625 8535
f 7284 7283 7629
f 7629 7283 7952
f 7026 7027 7632
f 7632 7027 8535
f 7632 8535 7952
f 7952 8535 7626
f 7952 7626 7629
f 8536 7626 8537
f 8537 7626 8535
f 8537 8535 8538
f 8538 8535 7625
f 8538 7625 8296
f 8296 7625 7624
f 8295 8294 8539
f 8539 8294 8540
f 8289 8288 8541
f 8541 8288 8542
f 8283 8282 8543
f 8543 8282 8544
f 8545 8277 8546
f 8546 8277 8276
f 8546 8276 8547
f 8548 8271 8549
f 8549 8271 8270
f 8549 8270 8550
f 8265 8264 8551
f 8551 8264 8552
f 8259 8258 8553
f 8553 8258 8554
f 8253 8246 8555
f 8555 8246 8556
f 8557 8245 8558
f 8558 8245 8244
f 8558 8244 8559
f 8560 8239 8561
f 8561 8239 8238
f 8561 8238 8562
f 8563 8564 8565
f 8565 8564 8566
f 8534 8533 8567
f 8567 8533 8568
f 8569 8233 8570
f 8570 8233 8232
f 8570 8232 8571
f 8572 8227 8573
f 8573 8227 8226
f 8573 8226 8574
f 8438 7630 8575
f 7195 7712 8575
f 6849 6848 7631
f 7631 6848 7702
f 7194 7195 7701
f 7701 7195 8575
f 7701 8575 7702
f 7702 8575 7630
f 7702 7630 7631
f 8437 8438 8576
f 8576 8438 8575
f 8576 8575 8577
f 8577 8575 7712
f 8577 7712 8578
f 8578 7712 7714
f 7720 8579 7718
f 7718 8579 8578
f 7718 8578 7713
f 7713 8578 7714
f 7720 7719 8579
f 8579 7719 8580
f 8580 7719 8581
f 8581 7719 7717
f 8581 7717 8582
f 8582 7717 8583
f 8583 7717 7716
f 8583 7716 7721
f 8584 8585 8586
f 7726 8587 7724
f 7724 8587 8588
f 8588 8584 7724
f 7724 8584 8586
f 7724 8586 7183
f 7183 8586 7887
f 7183 7887 7182
f 7185 7184 7722
f 7722 7184 7887
f 7722 7887 7721
f 7721 7887 8586
f 7721 8586 8583
f 8583 8586 8585
f 8583 8585 8582
f 7731 8589 7730
f 7730 8589 8587
f 7730 8587 7725
f 7725 8587 7726
f 7731 7732 8589
f 8589 7732 8590
f 8590 7732 8591
f 8591 7732 7729
f 8591 7729 8592
f 8592 7729 7728
f 8592 7728 7733
f 8593 8594 8595
f 7738 8596 7736
f 7736 8596 8597
f 8597 8593 7736
f 7736 8593 8595
f 7736 8595 7171
f 7171 8595 7892
f 7171 7892 7170
f 8598 8591 8592
f 7173 7172 7734
f 7734 7172 7892
f 7734 7892 7733
f 7733 7892 8595
f 7733 8595 8592
f 8592 8595 8594
f 8592 8594 8598
f 7744 8599 7741
f 7741 8599 8596
f 7741 8596 7737
f 7737 8596 7738
f 7744 7743 8599
f 8599 7743 8600
f 8600 7743 8601
f 8601 7743 7740
f 8601 7740 8602
f 8602 7740 7739
f 8602 7739 7745
f 7894 7895 8603
f 7158 7159 7897
f 7897 7159 7895
f 7895 7159 8603
f 8603 7159 7750
f 8603 7750 7748
f 7747 8604 7748
f 7748 8604 8605
f 7748 8605 8603
f 8603 8605 8606
f 8603 8606 8601
f 7161 7160 7746
f 7746 7160 7894
f 7746 7894 7745
f 7745 7894 8603
f 7745 8603 8602
f 8602 8603 8601
f 7757 8607 7754
f 7754 8607 8604
f 7754 8604 7749
f 7749 8604 7747
f 8607 7757 8608
f 8608 7757 7756
f 8608 7756 8609
f 8609 7756 8610
f 8610 7756 7753
f 8610 7753 8611
f 8611 7753 7752
f 8611 7752 7758
f 8612 8613 8614
f 7761 7763 8615
f 7902 7146 7147
f 8615 8612 7761
f 7761 8612 8614
f 7761 8614 7147
f 7147 8614 7901
f 7147 7901 7902
f 8616 8610 8611
f 7149 7148 7759
f 7759 7148 7901
f 7759 7901 7758
f 7758 7901 8614
f 7758 8614 8611
f 8611 8614 8613
f 8611 8613 8616
f 7768 8617 7767
f 7767 8617 8615
f 7767 8615 7762
f 7762 8615 7763
f 8617 7768 8618
f 8618 7768 7769
f 8618 7769 8619
f 8619 7769 8620
f 8620 7769 7766
f 8620 7766 8621
f 8621 7766 7765
f 8621 7765 7770
f 8622 8623 7775
f 7775 8623 8624
f 7775 8624 7773
f 7773 8624 7135
f 7135 8624 7906
f 7135 7906 7134
f 7137 7136 7771
f 7771 7136 7906
f 7771 7906 7770
f 7770 7906 8624
f 7770 8624 8621
f 8621 8624 8623
f 8621 8623 8620
f 7781 8625 7779
f 7779 8625 8622
f 7779 8622 7774
f 7774 8622 7775
f 7781 7780 8625
f 8625 7780 8626
f 8626 7780 8627
f 8627 7780 7778
f 8627 7778 8628
f 8628 7778 8629
f 8629 7778 7777
f 8629 7777 7782
f 8630 8631 8632
f 7787 8633 7785
f 7785 8633 8634
f 8634 8630 7785
f 7785 8630 8632
f 7785 8632 7123
f 7123 8632 7911
f 7123 7911 7122
f 7125 7124 7783
f 7783 7124 7911
f 7783 7911 7782
f 7782 7911 8632
f 7782 8632 8629
f 8629 8632 8631
f 8629 8631 8628
f 8633 7787 7786
f 7794 8635 7792
f 7792 8635 8633
f 7792 8633 7790
f 7790 8633 7786
f 7794 7793 8635
f 8635 7793 8636
f 8636 7793 8637
f 8637 7793 7789
f 8637 7789 8638
f 8638 7789 7788
f 8638 7788 7801
f 8639 8640 8641
f 7913 7915 8641
f 7113 7112 7799
f 7799 7112 7913
f 7799 7913 7800
f 7800 7913 8641
f 7800 8641 7801
f 8642 8637 8638
f 7801 8641 8638
f 8638 8641 8640
f 8638 8640 8642
f 7798 8643 7796
f 7796 8643 8644
f 8644 8639 7796
f 7796 8639 8641
f 7796 8641 7111
f 7111 8641 7915
f 7111 7915 7110
f 7802 8645 7803
f 7803 8645 8643
f 7803 8643 7797
f 7797 8643 7798
f 7802 7804 8645
f 8645 7804 8646
f 7807 7809 7806
f 7806 7809 8647
f 7806 8647 7804
f 7804 8647 8646
f 7920 7098 7099
f 7812 8648 7099
f 7099 8648 7919
f 7099 7919 7920
f 7101 7100 7810
f 7810 7100 7919
f 7810 7919 7809
f 7809 7919 8648
f 7814 8649 7812
f 7812 8649 8650
f 7812 8650 8648
f 8648 8650 8651
f 8648 8651 7809
f 7809 8651 8652
f 7809 8652 8647
f 7814 7813 8649
f 8649 7813 7817
f 8649 7817 8653
f 8653 7817 7819
f 8653 7819 8654
f 8654 7819 8655
f 8655 7819 7820
f 8655 7820 8656
f 7815 7821 7816
f 7816 7821 8657
f 7816 8657 7820
f 7820 8657 8656
f 8658 8657 7821
f 8659 8660 8661
f 7824 7826 8662
f 8662 8659 7824
f 7824 8659 8661
f 7824 8661 7087
f 7087 8661 7924
f 7087 7924 7086
f 8660 8658 8661
f 8661 8658 7821
f 8661 7821 7924
f 7924 7821 7822
f 7924 7822 7088
f 7088 7822 7089
f 7831 8663 7830
f 7830 8663 8662
f 7830 8662 7825
f 7825 8662 7826
f 8663 7831 8664
f 8664 7831 7832
f 8664 7832 8665
f 8665 7832 8666
f 8666 7832 7829
f 8666 7829 8667
f 8667 7829 7828
f 8667 7828 7833
f 8668 8669 8670
f 7836 7838 8671
f 8671 8668 7836
f 7836 8668 8670
f 7836 8670 7075
f 7075 8670 7929
f 7075 7929 7074
f 8672 8666 8667
f 7077 7076 7834
f 7834 7076 7929
f 7834 7929 7833
f 7833 7929 8670
f 7833 8670 8667
f 8667 8670 8669
f 8667 8669 8672
f 7843 8673 7841
f 7841 8673 8671
f 7841 8671 7837
f 7837 8671 7838
f 7843 7844 8673
f 8673 7844 8674
f 8674 7844 8675
f 8675 7844 7840
f 8675 7840 8676
f 8676 7840 8677
f 8677 7840 7839
f 8677 7839 7845
f 7931 7932 8678
f 8679 8680 8678
f 7850 8681 7848
f 7848 8681 8682
f 7934 7062 7063
f 8682 8679 7848
f 7848 8679 8678
f 7848 8678 7063
f 7063 8678 7932
f 7063 7932 7934
f 7065 7064 7846
f 7846 7064 7931
f 7846 7931 7845
f 7845 7931 8678
f 7845 8678 8677
f 8677 8678 8680
f 8677 8680 8676
f 8681 7850 7849
f 7857 8683 7855
f 7855 8683 8681
f 7855 8681 7853
f 7853 8681 7849
f 7857 7856 8683
f 8683 7856 8684
f 8684 7856 8685
f 8685 7856 7852
f 8685 7852 8686
f 8686 7852 7851
f 8686 7851 7858
f 8687 8688 8689
f 7863 8690 7861
f 7861 8690 8691
f 7939 7050 7051
f 8691 8687 7861
f 7861 8687 8689
f 7861 8689 7051
f 7051 8689 7938
f 7051 7938 7939
f 8692 8685 8686
f 7053 7052 7859
f 7859 7052 7938
f 7859 7938 7858
f 7858 7938 8689
f 7858 8689 8686
f 8686 8689 8688
f 8686 8688 8692
f 7868 8693 7867
f 7867 8693 8690
f 7867 8690 7862
f 7862 8690 7863
f 7868 7869 8693
f 8693 7869 8694
f 8694 7869 8695
f 8695 7869 7866
f 8695 7866 8696
f 8696 7866 7865
f 8696 7865 7870
f 8697 8698 8699
f 7873 7875 8700
f 8700 8697 7873
f 7873 8697 8699
f 7873 8699 7039
f 7039 8699 7943
f 7039 7943 7038
f 8701 8695 8696
f 7041 7040 7871
f 7871 7040 7943
f 7871 7943 7870
f 7870 7943 8699
f 7870 8699 8696
f 8696 8699 8698
f 8696 8698 8701
f 7875 7874 8700
f 8700 7874 7879
f 8700 7879 8702
f 8702 7879 7880
f 8702 7880 8703
f 8703 7880 8704
f 8704 7880 7881
f 8704 7881 8705
f 8705 7881 8706
f 8706 7881 7878
f 8706 7878 8707
f 8707 7878 7877
f 8707 7877 7882
f 8708 8709 8710
f 7957 7959 8711
f 8711 8708 7957
f 7957 8708 8710
f 7957 8710 7280
f 7280 8710 7948
f 7280 7948 7279
f 8712 8706 8707
f 7029 7028 7883
f 7883 7028 7948
f 7883 7948 7882
f 7882 7948 8710
f 7882 8710 8707
f 8707 8710 8709
f 8707 8709 8712
f 8711 7959 7958
f 7964 8713 7962
f 7962 8713 8711
f 7962 8711 7960
f 7960 8711 7958
f 8713 7964 8714
f 8714 7964 7963
f 8714 7963 8715
f 7627 7626 7961
f 7961 7626 8536
f 7961 8536 7963
f 7963 8536 8715
f 8716 8717 8718
f 8716 8718 8719
f 8719 8718 8564
f 8719 8564 8563
f 7360 8016 8720
f 7360 8720 7965
f 7965 8720 8721
f 7965 8721 7966
f 7966 8721 8722
f 7966 8722 7967
f 7967 8722 8723
f 7967 8723 7968
f 7968 8723 8724
f 7968 8724 7969
f 7969 8724 8725
f 7969 8725 7970
f 7970 8725 8726
f 7970 8726 7971
f 7971 8726 8727
f 7971 8727 7972
f 7972 8727 8728
f 7972 8728 7973
f 7973 8728 8729
f 7973 8729 7974
f 7974 8729 8730
f 7974 8730 7975
f 7975 8730 8731
f 7975 8731 7976
f 7976 8731 7977
f 7977 8731 8732
f 7977 8732 7978
f 8732 8733 7978
f 7978 8733 8734
f 7978 8734 7979
f 7979 8734 8735
f 7979 8735 7980
f 7980 8735 8736
f 7980 8736 7981
f 7981 8736 8737
f 7981 8737 7982
f 7982 8737 8738
f 7982 8738 7983
f 7983 8738 8739
f 7983 8739 7984
f 7984 8739 8740
f 7984 8740 7985
f 7985 8740 8741
f 7985 8741 7986
f 7986 8741 8742
f 7986 8742 7987
f 7987 8742 8743
f 7987 8743 7988
f 7988 8743 8744
f 7988 8744 7989
f 7989 8744 7990
f 7989 7990 7334
f 7991 7990 8745
f 8745 8746 7991
f 7991 8746 8747
f 7991 8747 7992
f 7992 8747 8748
f 7992 8748 7993
f 7993 8748 8749
f 7993 8749 7994
f 7994 8749 8750
f 7994 8750 7995
f 7995 8750 8751
f 7995 8751 7996
f 7996 8751 8752
f 7996 8752 7997
f 7997 8752 8753
f 7997 8753 7998
f 7998 8753 8754
f 7998 8754 7999
f 7999 8754 8755
f 7999 8755 8000
f 8000 8755 8756
f 8000 8756 8001
f 8001 8756 8757
f 8001 8757 8002
f 8002 8757 8758
f 8002 8758 8003
f 8003 8758 8759
f 8003 8759 8004
f 8004 8759 8760
f 8004 8760 8005
f 8005 8760 8761
f 8005 8761 8006
f 8006 8761 8762
f 8006 8762 8007
f 8007 8762 8763
f 8007 8763 8008
f 8008 8763 8764
f 8008 8764 8009
f 8009 8764 8765
f 8009 8765 8010
f 8010 8765 8766
f 8010 8766 8011
f 8011 8766 8767
f 8011 8767 8012
f 8012 8767 8768
f 8012 8768 8013
f 8013 8768 8769
f 8013 8769 8014
f 8014 8769 8770
f 8014 8770 8015
f 8016 8015 8771
f 8771 8015 8770
f 8771 8770 8772
f 8773 8772 8774
f 8773 8774 8775
f 8775 8774 8776
f 8775 8776 8777
f 8777 8776 8778
f 8777 8778 8779
f 8779 8778 8780
f 8779 8780 8781
f 8781 8780 8782
f 8781 8782 8783
f 8783 8782 8784
f 8783 8784 8785
f 8785 8784 8786
f 8785 8786 8787
f 8787 8786 8788
f 8787 8788 8789
f 8789 8788 8790
f 8789 8790 8791
f 8791 8790 8792
f 8791 8792 8793
f 8793 8792 8794
f 8793 8794 8795
f 8795 8794 8796
f 8796 8794 8797
f 8796 8797 8798
f 8798 8797 8799
f 8799 8797 8800
f 8799 8800 8801
f 8802 8803 8804
f 8804 8803 8805
f 8804 8805 8800
f 8800 8805 8806
f 8800 8806 8801
f 8804 8807 8802
f 8802 8807 8808
f 8802 8808 8809
f 8809 8808 8810
f 8809 8810 8811
f 8811 8810 8812
f 8811 8812 8813
f 8813 8812 8814
f 8813 8814 8815
f 8815 8814 8816
f 8815 8816 8817
f 8817 8816 8818
f 8817 8818 8819
f 8819 8818 8820
f 8819 8820 8821
f 8821 8820 8822
f 8821 8822 8823
f 8823 8822 8824
f 8823 8824 8825
f 8825 8824 8826
f 8825 8826 8827
f 8827 8826 8828
f 8827 8828 8829
f 8772 8770 8774
f 8774 8770 8769
f 8774 8769 8776
f 8776 8769 8768
f 8776 8768 8778
f 8778 8768 8767
f 8778 8767 8780
f 8780 8767 8766
f 8780 8766 8782
f 8782 8766 8765
f 8782 8765 8784
f 8784 8765 8764
f 8784 8764 8786
f 8786 8764 8763
f 8786 8763 8788
f 8788 8763 8762
f 8788 8762 8790
f 8790 8762 8761
f 8790 8761 8792
f 8792 8761 8760
f 8792 8760 8794
f 8794 8760 8759
f 8794 8759 8797
f 8797 8759 8758
f 8797 8758 8800
f 8800 8758 8757
f 8800 8757 8804
f 8804 8757 8756
f 8804 8756 8807
f 8807 8756 8755
f 8807 8755 8808
f 8808 8755 8754
f 8808 8754 8810
f 8810 8754 8753
f 8810 8753 8812
f 8812 8753 8752
f 8812 8752 8814
f 8814 8752 8751
f 8814 8751 8816
f 8816 8751 8750
f 8816 8750 8818
f 8818 8750 8749
f 8818 8749 8820
f 8820 8749 8748
f 8820 8748 8822
f 8822 8748 8747
f 8822 8747 8824
f 8824 8747 8746
f 8824 8746 8826
f 8826 8746 8745
f 8826 8745 8828
f 8830 8831 8526
f 8525 8832 8526
f 8526 8832 8833
f 8526 8833 8830
f 8524 8834 8525
f 8525 8834 8832
f 8834 8524 8835
f 8835 8524 8018
f 8835 8018 8836
f 8836 8018 8017
f 8837 8838 8839
f 8027 8840 8028
f 8028 8840 8841
f 8028 8841 8023
f 8023 8841 8839
f 8023 8839 8512
f 8512 8839 8838
f 8512 8838 8513
f 8020 8022 8517
f 8517 8837 8020
f 8020 8837 8839
f 8020 8839 8017
f 8017 8839 8841
f 8017 8841 8836
f 8840 8027 8026
f 8030 8842 8026
f 8026 8842 8843
f 8026 8843 8840
f 8029 8844 8030
f 8030 8844 8842
f 8844 8029 8845
f 8845 8029 8033
f 8845 8033 8846
f 8846 8033 8036
f 8847 8848 8849
f 8041 8850 8042
f 8042 8850 8851
f 8042 8851 8037
f 8037 8851 8849
f 8037 8849 8505
f 8505 8849 8848
f 8505 8848 8506
f 8035 8034 8509
f 8509 8847 8035
f 8035 8847 8849
f 8035 8849 8036
f 8036 8849 8851
f 8036 8851 8846
f 8850 8041 8040
f 8044 8852 8040
f 8040 8852 8853
f 8040 8853 8850
f 8043 8854 8044
f 8044 8854 8852
f 8854 8043 8855
f 8855 8043 8047
f 8855 8047 8856
f 8856 8047 8050
f 8857 8858 8859
f 8055 8860 8056
f 8056 8860 8861
f 8056 8861 8051
f 8051 8861 8859
f 8051 8859 8500
f 8500 8859 8858
f 8500 8858 8501
f 8049 8048 8503
f 8503 8857 8049
f 8049 8857 8859
f 8049 8859 8050
f 8050 8859 8861
f 8050 8861 8856
f 8860 8055 8054
f 8058 8862 8054
f 8054 8862 8863
f 8054 8863 8860
f 8057 8864 8058
f 8058 8864 8862
f 8864 8057 8865
f 8865 8057 8061
f 8865 8061 8866
f 8866 8061 8064
f 8867 8868 8869
f 8069 8870 8070
f 8070 8870 8871
f 8070 8871 8065
f 8065 8871 8869
f 8065 8869 8495
f 8495 8869 8868
f 8495 8868 8496
f 8063 8062 8498
f 8498 8867 8063
f 8063 8867 8869
f 8063 8869 8064
f 8064 8869 8871
f 8064 8871 8866
f 8870 8069 8068
f 8072 8872 8068
f 8068 8872 8873
f 8068 8873 8870
f 8071 8874 8072
f 8072 8874 8872
f 8874 8071 8875
f 8875 8071 8075
f 8875 8075 8876
f 8876 8075 8078
f 8877 8878 8879
f 8083 8880 8084
f 8084 8880 8881
f 8084 8881 8079
f 8079 8881 8879
f 8079 8879 8490
f 8490 8879 8878
f 8490 8878 8491
f 8077 8076 8493
f 8493 8877 8077
f 8077 8877 8879
f 8077 8879 8078
f 8078 8879 8881
f 8078 8881 8876
f 8880 8083 8082
f 8086 8882 8082
f 8082 8882 8883
f 8082 8883 8880
f 8085 8884 8086
f 8086 8884 8882
f 8884 8085 8885
f 8885 8085 8089
f 8885 8089 8886
f 8886 8089 8092
f 8887 8888 8889
f 8097 8890 8098
f 8098 8890 8891
f 8098 8891 8093
f 8093 8891 8889
f 8093 8889 8484
f 8484 8889 8888
f 8484 8888 8485
f 8091 8090 8487
f 8487 8887 8091
f 8091 8887 8889
f 8091 8889 8092
f 8092 8889 8891
f 8092 8891 8886
f 8890 8097 8096
f 8100 8892 8096
f 8096 8892 8893
f 8096 8893 8890
f 8099 8894 8100
f 8100 8894 8892
f 8894 8099 8895
f 8895 8099 8103
f 8895 8103 8896
f 8896 8103 8106
f 8111 8897 8112
f 8112 8897 8898
f 8112 8898 8107
f 8107 8898 8899
f 8478 8107 8900
f 8900 8107 8899
f 8900 8899 8901
f 8105 8104 8481
f 8481 8901 8105
f 8105 8901 8899
f 8105 8899 8106
f 8106 8899 8898
f 8106 8898 8896
f 8897 8111 8110
f 8113 8902 8110
f 8110 8902 8903
f 8110 8903 8897
f 8114 8904 8113
f 8113 8904 8902
f 8904 8114 8905
f 8905 8114 8115
f 8905 8115 8906
f 8906 8115 8120
f 8907 8908 8909
f 8125 8910 8126
f 8126 8910 8911
f 8126 8911 8121
f 8121 8911 8909
f 8121 8909 8473
f 8473 8909 8908
f 8473 8908 8474
f 8119 8118 8476
f 8476 8907 8119
f 8119 8907 8909
f 8119 8909 8120
f 8120 8909 8911
f 8120 8911 8906
f 8910 8125 8124
f 8128 8912 8124
f 8124 8912 8913
f 8124 8913 8910
f 8127 8914 8128
f 8128 8914 8912
f 8914 8127 8915
f 8915 8127 8131
f 8915 8131 8916
f 8916 8131 8134
f 8917 8918 8919
f 8139 8920 8140
f 8140 8920 8921
f 8140 8921 8135
f 8135 8921 8919
f 8135 8919 8468
f 8468 8919 8918
f 8468 8918 8469
f 8133 8132 8471
f 8471 8917 8133
f 8133 8917 8919
f 8133 8919 8134
f 8134 8919 8921
f 8134 8921 8916
f 8920 8139 8138
f 8142 8922 8138
f 8138 8922 8923
f 8138 8923 8920
f 8141 8924 8142
f 8142 8924 8922
f 8924 8141 8925
f 8925 8141 8145
f 8925 8145 8926
f 8926 8145 8148
f 8927 8928 8929
f 8153 8930 8154
f 8154 8930 8931
f 8154 8931 8149
f 8149 8931 8929
f 8149 8929 8463
f 8463 8929 8928
f 8463 8928 8464
f 8147 8146 8466
f 8466 8927 8147
f 8147 8927 8929
f 8147 8929 8148
f 8148 8929 8931
f 8148 8931 8926
f 8930 8153 8152
f 8156 8932 8152
f 8152 8932 8933
f 8152 8933 8930
f 8155 8934 8156
f 8156 8934 8932
f 8934 8155 8935
f 8935 8155 8159
f 8935 8159 8936
f 8936 8159 8162
f 8937 8938 8939
f 8167 8940 8168
f 8168 8940 8941
f 8168 8941 8163
f 8163 8941 8939
f 8163 8939 8457
f 8457 8939 8938
f 8457 8938 8458
f 8161 8160 8460
f 8460 8937 8161
f 8161 8937 8939
f 8161 8939 8162
f 8162 8939 8941
f 8162 8941 8936
f 8940 8167 8166
f 8170 8942 8166
f 8166 8942 8943
f 8166 8943 8940
f 8169 8944 8170
f 8170 8944 8942
f 8944 8169 8945
f 8945 8169 8173
f 8945 8173 8946
f 8946 8173 8176
f 8947 8948 8949
f 8181 8950 8182
f 8182 8950 8951
f 8182 8951 8177
f 8177 8951 8949
f 8177 8949 8451
f 8451 8949 8948
f 8451 8948 8452
f 8175 8174 8454
f 8454 8947 8175
f 8175 8947 8949
f 8175 8949 8176
f 8176 8949 8951
f 8176 8951 8946
f 8950 8181 8180
f 8184 8952 8180
f 8180 8952 8953
f 8180 8953 8950
f 8183 8954 8184
f 8184 8954 8952
f 8954 8183 8955
f 8955 8183 8187
f 8955 8187 8956
f 8956 8187 8190
f 8957 8958 8959
f 8195 8960 8196
f 8196 8960 8961
f 8196 8961 8191
f 8191 8961 8959
f 8191 8959 8446
f 8446 8959 8958
f 8446 8958 8447
f 8189 8188 8449
f 8449 8957 8189
f 8189 8957 8959
f 8189 8959 8190
f 8190 8959 8961
f 8190 8961 8956
f 8960 8195 8194
f 8198 8962 8194
f 8194 8962 8963
f 8194 8963 8960
f 8197 8964 8198
f 8198 8964 8962
f 8964 8197 8965
f 8965 8197 8201
f 8965 8201 8966
f 8966 8201 8204
f 8967 8968 8969
f 8209 8970 8210
f 8210 8970 8971
f 8210 8971 8205
f 8205 8971 8969
f 8205 8969 8441
f 8441 8969 8968
f 8441 8968 8442
f 8203 8202 8444
f 8444 8967 8203
f 8203 8967 8969
f 8203 8969 8204
f 8204 8969 8971
f 8204 8971 8966
f 8970 8209 8208
f 8212 8972 8208
f 8208 8972 8973
f 8208 8973 8970
f 8211 8974 8212
f 8212 8974 8972
f 8974 8211 8975
f 8975 8211 8217
f 8975 8217 8976
f 8976 8217 8977
f 8215 8978 8216
f 8216 8978 8979
f 8216 8979 8217
f 8217 8979 8977
f 8220 8219 8439
f 8978 8215 8214
f 8220 8439 8214
f 8214 8439 8980
f 8214 8980 8978
f 8981 8982 8223
f 8223 8982 8983
f 8223 8983 8224
f 8224 8983 8984
f 8224 8984 8226
f 8226 8984 8574
f 8982 8981 8985
f 8986 8987 8985
f 8985 8987 8988
f 8985 8988 8982
f 8989 8990 8986
f 8223 8222 8981
f 8981 8222 8991
f 8981 8991 8985
f 8985 8991 8992
f 8985 8992 8986
f 8986 8992 8993
f 8986 8993 8989
f 8991 8994 8992
f 8992 8994 8995
f 8992 8995 8993
f 8993 8995 8996
f 8225 8227 8572
f 8994 8991 8222
f 8225 8572 8222
f 8222 8572 8997
f 8222 8997 8994
f 8998 8999 8229
f 8229 8999 9000
f 8229 9000 8230
f 8230 9000 9001
f 8230 9001 8232
f 8232 9001 8571
f 8999 8998 9002
f 9003 9004 9002
f 9002 9004 9005
f 9002 9005 8999
f 9006 9007 9003
f 8229 8228 8998
f 8998 8228 9008
f 8998 9008 9002
f 9002 9008 9009
f 9002 9009 9003
f 9003 9009 9010
f 9003 9010 9006
f 9008 9011 9009
f 9009 9011 9012
f 9009 9012 9010
f 9010 9012 9013
f 9011 9008 8228
f 8233 8569 8231
f 8231 8569 9014
f 8231 9014 8228
f 8228 9014 9015
f 8228 9015 9011
f 9016 9017 8530
f 8530 9017 9018
f 8530 9018 8531
f 8531 9018 9019
f 8531 9019 8533
f 8533 9019 8568
f 9017 9016 9020
f 9021 9022 9020
f 9020 9022 9023
f 9020 9023 9017
f 9024 9025 9021
f 8530 8529 9016
f 9016 8529 9026
f 9016 9026 9020
f 9020 9026 9027
f 9020 9027 9021
f 9021 9027 9028
f 9021 9028 9024
f 9029 9030 9031
f 9031 9030 9032
f 9031 9032 9033
f 9033 9032 9034
f 9033 9034 9035
f 9035 9034 9036
f 9035 9036 8716
f 8716 9036 8717
f 9035 9037 9033
f 9033 9037 9038
f 9033 9038 9031
f 9031 9038 9039
f 8719 8563 8565
f 9037 9035 8716
f 8719 8565 8716
f 8716 8565 9040
f 8716 9040 9037
f 9041 9042 8235
f 8235 9042 9043
f 8235 9043 8236
f 8236 9043 9044
f 8236 9044 8238
f 8238 9044 8562
f 9042 9041 9045
f 9046 9047 9045
f 9045 9047 9048
f 9045 9048 9042
f 9049 9050 9046
f 8235 8234 9041
f 9041 8234 9051
f 9041 9051 9045
f 9045 9051 9052
f 9045 9052 9046
f 9046 9052 9053
f 9046 9053 9049
f 9051 9054 9052
f 9052 9054 9055
f 9052 9055 9053
f 9053 9055 9056
f 8237 8239 8560
f 9054 9051 8234
f 8237 8560 8234
f 8234 8560 9057
f 8234 9057 9054
f 9058 9059 8241
f 8241 9059 9060
f 8241 9060 8242
f 8242 9060 9061
f 8242 9061 8244
f 8244 9061 8559
f 9059 9058 9062
f 9063 9064 9062
f 9062 9064 9065
f 9062 9065 9059
f 9066 9067 9063
f 8241 8240 9058
f 9058 8240 9068
f 9058 9068 9062
f 9062 9068 9069
f 9062 9069 9063
f 9063 9069 9070
f 9063 9070 9066
f 9071 9072 9073
f 9074 9075 9073
f 9073 9075 9076
f 9073 9076 9071
f 9068 9077 9069
f 9069 9077 9078
f 9069 9078 9070
f 9070 9078 9079
f 9077 9068 8240
f 8245 8557 8243
f 8243 8557 9080
f 8243 9080 8240
f 8240 9080 9081
f 8240 9081 9077
f 8556 8246 9082
f 9082 8246 8248
f 9082 8248 9071
f 9071 8248 8250
f 9071 8250 9072
f 9083 9074 9084
f 9084 9074 9085
f 8249 8251 9086
f 8249 9086 8250
f 9085 9074 9087
f 9087 9074 9073
f 9087 9073 9086
f 9086 9073 9072
f 9086 9072 8250
f 9086 9088 9087
f 9087 9088 9089
f 9087 9089 9085
f 9085 9089 9090
f 8252 8253 8555
f 9088 9086 8251
f 8252 8555 8251
f 8251 8555 9091
f 8251 9091 9088
f 9092 9093 8255
f 8255 9093 9094
f 8255 9094 8256
f 8256 9094 9095
f 8256 9095 8258
f 8258 9095 8554
f 9093 9092 9096
f 9097 9098 9096
f 9096 9098 9099
f 9096 9099 9093
f 9100 9101 9097
f 8255 8254 9092
f 9092 8254 9102
f 9092 9102 9096
f 9096 9102 9103
f 9096 9103 9097
f 9097 9103 9104
f 9097 9104 9100
f 9102 9105 9103
f 9103 9105 9106
f 9103 9106 9104
f 9104 9106 9107
f 8257 8259 8553
f 9105 9102 8254
f 8257 8553 8254
f 8254 8553 9108
f 8254 9108 9105
f 9109 9110 8261
f 8261 9110 9111
f 8261 9111 8262
f 8262 9111 9112
f 8262 9112 8264
f 8264 9112 8552
f 9110 9109 9113
f 9114 9115 9113
f 9113 9115 9116
f 9113 9116 9110
f 9117 9118 9114
f 8261 8260 9109
f 9109 8260 9119
f 9109 9119 9113
f 9113 9119 9120
f 9113 9120 9114
f 9114 9120 9121
f 9114 9121 9117
f 9119 9122 9120
f 9120 9122 9123
f 9120 9123 9121
f 9121 9123 9124
f 8263 8265 8551
f 9122 9119 8260
f 8263 8551 8260
f 8260 8551 9125
f 8260 9125 9122
f 9126 9127 8267
f 8267 9127 9128
f 8267 9128 8268
f 8268 9128 9129
f 8268 9129 8270
f 8270 9129 8550
f 9127 9126 9130
f 9131 9132 9130
f 9130 9132 9133
f 9130 9133 9127
f 9134 9135 9131
f 8267 8266 9126
f 9126 8266 9136
f 9126 9136 9130
f 9130 9136 9137
f 9130 9137 9131
f 9131 9137 9138
f 9131 9138 9134
f 9136 9139 9137
f 9137 9139 9140
f 9137 9140 9138
f 9138 9140 9141
f 8269 8271 8548
f 9139 9136 8266
f 8269 8548 8266
f 8266 8548 9142
f 8266 9142 9139
f 9143 9144 8273
f 8273 9144 9145
f 8273 9145 8274
f 8274 9145 9146
f 8274 9146 8276
f 8276 9146 8547
f 9144 9143 9147
f 9148 9149 9147
f 9147 9149 9150
f 9147 9150 9144
f 9151 9152 9148
f 8273 8272 9143
f 9143 8272 9153
f 9143 9153 9147
f 9147 9153 9154
f 9147 9154 9148
f 9148 9154 9155
f 9148 9155 9151
f 9153 9156 9154
f 9154 9156 9157
f 9154 9157 9155
f 9155 9157 9158
f 8275 8277 8545
f 9156 9153 8272
f 8275 8545 8272
f 8272 8545 9159
f 8272 9159 9156
f 9160 9161 8279
f 8279 9161 9162
f 8279 9162 8280
f 8280 9162 9163
f 8280 9163 8282
f 8282 9163 8544
f 9161 9160 9164
f 9165 9166 9164
f 9164 9166 9167
f 9164 9167 9161
f 9168 9169 9165
f 8279 8278 9160
f 9160 8278 9170
f 9160 9170 9164
f 9164 9170 9171
f 9164 9171 9165
f 9165 9171 9172
f 9165 9172 9168
f 9170 9173 9171
f 9171 9173 9174
f 9171 9174 9172
f 9172 9174 9175
f 8281 8283 8543
f 9173 9170 8278
f 8281 8543 8278
f 8278 8543 9176
f 8278 9176 9173
f 9177 9178 8285
f 8285 9178 9179
f 8285 9179 8286
f 8286 9179 9180
f 8286 9180 8288
f 8288 9180 8542
f 9178 9177 9181
f 9182 9183 9181
f 9181 9183 9184
f 9181 9184 9178
f 9185 9186 9182
f 8285 8284 9177
f 9177 8284 9187
f 9177 9187 9181
f 9181 9187 9188
f 9181 9188 9182
f 9182 9188 9189
f 9182 9189 9185
f 9187 9190 9188
f 9188 9190 9191
f 9188 9191 9189
f 9189 9191 9192
f 8287 8289 8541
f 9190 9187 8284
f 8287 8541 8284
f 8284 8541 9193
f 8284 9193 9190
f 9194 9195 8291
f 8291 9195 9196
f 8291 9196 8292
f 8292 9196 9197
f 8292 9197 8294
f 8294 9197 8540
f 9195 9194 9198
f 9199 9200 9198
f 9198 9200 9201
f 9198 9201 9195
f 9202 9203 9199
f 8291 8290 9194
f 9194 8290 9204
f 9194 9204 9198
f 9198 9204 9205
f 9198 9205 9199
f 9199 9205 9206
f 9199 9206 9202
f 8293 8295 8539
f 9207 9204 8290
f 8293 8539 8290
f 8290 8539 9208
f 8290 9208 9207
f 8341 8340 9209
f 8374 8370 8369
f 8390 8389 9210
f 8423 8418 8421
f 9211 8980 8439
f 8440 9212 9213
f 9212 8440 8442
f 8948 8947 9214
f 9214 8947 8454
f 9214 8454 8453
f 8481 9215 8901
f 9215 8481 8480
f 8878 9216 8491
f 8877 8493 8492
f 8858 9217 8501
f 8509 9218 8847
f 9218 8509 8508
f 8511 8513 9219
f 9219 8513 8838
f 9219 8838 8515
f 8515 8838 8837
f 8515 8837 8517
f 8510 8511 9220
f 9220 8511 9219
f 9220 9219 9221
f 9221 9219 8515
f 9221 8515 8519
f 8510 9222 8507
f 8507 9222 9223
f 8507 9223 8508
f 8508 9223 9224
f 8508 9224 9218
f 8847 9218 8848
f 8848 9218 9224
f 8848 9224 8506
f 9225 8503 8502
f 9217 8858 9225
f 9225 8858 8857
f 9225 8857 8503
f 8499 9226 8497
f 8497 9226 9227
f 8497 9227 8498
f 8498 9227 9228
f 8498 9228 8867
f 8867 9228 8868
f 8496 9229 8494
f 8494 9229 9230
f 8494 9230 8492
f 8878 8877 9216
f 9216 8877 8492
f 9216 8492 9209
f 9209 8492 9230
f 8486 8488 9231
f 9231 8488 8489
f 9232 9233 8487
f 8485 8888 9233
f 9233 8888 8887
f 9233 8887 8487
f 8485 9233 8483
f 8483 9233 9232
f 8483 9232 8482
f 8482 9234 8479
f 8479 9234 9235
f 8479 9235 8480
f 8480 9235 9236
f 8480 9236 9215
f 8901 9215 8900
f 8900 9215 9236
f 8900 9236 8478
f 8907 8476 9237
f 9237 8476 8475
f 8907 9237 8908
f 8908 9237 9238
f 8908 9238 8474
f 8472 9239 8470
f 8470 9239 9240
f 8470 9240 8471
f 8471 9240 9241
f 8471 9241 8917
f 8917 9241 8918
f 8469 9242 8467
f 8467 9242 9243
f 8467 9243 8465
f 8465 9243 9210
f 8465 9210 9244
f 8466 8465 8927
f 8927 8465 9244
f 8927 9244 8928
f 8928 9244 8464
f 8459 8461 9245
f 9245 8461 8462
f 9246 9247 8460
f 8458 8938 9247
f 9247 8938 8937
f 9247 8937 8460
f 8458 9247 8456
f 8456 9247 9246
f 8456 9246 8455
f 8452 8948 9248
f 9248 8948 9214
f 9248 9214 9249
f 9249 9214 8453
f 9249 8453 9250
f 9250 8453 8455
f 8957 8449 9251
f 9251 8449 8448
f 8957 9251 8958
f 8958 9251 9252
f 8958 9252 8447
f 8443 8445 9253
f 8967 8444 8443
f 8968 8967 9254
f 9254 8967 8443
f 9254 8443 9255
f 9255 8443 9253
f 9256 9211 9257
f 9257 9211 8439
f 9257 8439 9258
f 9258 8439 9259
f 8434 8435 9213
f 9213 8435 8436
f 8437 8576 8436
f 8436 8576 9259
f 8436 9259 9213
f 9213 9259 8439
f 9213 8439 8440
f 8429 8432 8434
f 9255 8433 8430
f 8427 8433 8426
f 8426 8433 9255
f 8426 9255 8425
f 8425 9255 9253
f 8425 9253 8424
f 8424 9253 9260
f 8424 9260 8423
f 8412 8411 8414
f 9249 8414 9260
f 9260 8414 8415
f 8418 8423 8419
f 8419 8423 9260
f 8419 9260 8422
f 8422 9260 8415
f 8422 8415 8416
f 8403 8402 8404
f 8455 9246 9250
f 9250 9246 8404
f 9250 8404 8405
f 8412 8414 8408
f 8408 8414 9249
f 8408 9249 8409
f 8409 9249 9250
f 8409 9250 8413
f 8413 9250 8405
f 8413 8405 8406
f 8395 8396 9245
f 9245 8396 9246
f 9245 9246 8459
f 8459 9246 8460
f 8403 8404 8400
f 8400 8404 9246
f 8400 9246 8401
f 8401 9246 8396
f 8401 8396 8397
f 9210 8389 8394
f 8394 8389 8392
f 8394 8392 8393
f 8464 9244 8462
f 8462 9244 9210
f 8462 9210 9245
f 9245 9210 8394
f 9245 8394 8395
f 8384 8385 9243
f 9243 8385 8386
f 9243 8386 9210
f 9210 8386 8387
f 9210 8387 8390
f 8379 8382 8384
f 9240 8383 8380
f 8377 8383 8376
f 8376 8383 9240
f 8376 9240 8375
f 8375 9240 9239
f 8375 9239 8373
f 8373 9239 9261
f 8373 9261 8374
f 8363 8362 8365
f 9235 8365 9261
f 9261 8365 8366
f 8370 8374 8371
f 8371 8374 9261
f 8371 9261 8372
f 8372 9261 8366
f 8372 8366 8367
f 8354 8353 8355
f 8482 9232 9234
f 9234 9232 8355
f 9234 8355 8356
f 8363 8365 8360
f 8360 8365 9235
f 8360 9235 8361
f 8361 9235 9234
f 8361 9234 8364
f 8364 9234 8356
f 8364 8356 8357
f 8346 8347 9231
f 9231 8347 9232
f 9231 9232 8486
f 8486 9232 8487
f 8354 8355 8350
f 8350 8355 9232
f 8350 9232 8351
f 8351 9232 8347
f 8351 8347 8348
f 9209 8340 8345
f 8345 8340 8343
f 8345 8343 8344
f 8491 9216 8489
f 8489 9216 9209
f 8489 9209 9231
f 9231 9209 8345
f 9231 8345 8346
f 8335 8336 9230
f 9230 8336 8337
f 9230 8337 9209
f 9209 8337 8338
f 9209 8338 8341
f 8330 8333 8335
f 9227 8334 8331
f 8328 8334 8327
f 8327 8334 9227
f 8327 9227 8326
f 8326 9227 9226
f 8326 9226 8325
f 8325 9226 9262
f 8315 8314 8317
f 9223 8317 9262
f 9262 8317 8318
f 8321 8325 8322
f 8322 8325 9262
f 8322 9262 8324
f 8324 9262 8318
f 8324 8318 8319
f 9220 8302 8307
f 8307 8302 8306
f 8307 8306 8305
f 8510 9220 9222
f 9222 9220 8307
f 9222 8307 8308
f 8315 8317 8311
f 8311 8317 9223
f 8311 9223 8312
f 8312 9223 9222
f 8312 9222 8316
f 8316 9222 8308
f 8316 8308 8309
f 8299 8300 8303
f 8538 8296 8297
f 8519 8521 9221
f 9221 8521 9263
f 9221 9263 8297
f 8297 9263 8537
f 8297 8537 8538
f 8297 8298 9221
f 9221 8298 8299
f 9221 8299 9220
f 9220 8299 8303
f 9220 8303 8302
f 9264 9265 8521
f 8521 9265 9266
f 8521 9266 9263
f 8442 8968 9212
f 9212 8968 9254
f 9212 9254 9213
f 9213 9254 9255
f 9213 9255 8434
f 8434 9255 8430
f 8434 8430 8429
f 8452 9248 8450
f 8450 9248 9249
f 8450 9249 8448
f 8448 9249 9260
f 8448 9260 9251
f 9251 9260 9253
f 9251 9253 9252
f 9252 9253 8445
f 9252 8445 8447
f 8469 8918 9242
f 9242 8918 9241
f 9242 9241 9243
f 9243 9241 9240
f 9243 9240 8384
f 8384 9240 8380
f 8384 8380 8379
f 8478 9236 8477
f 8477 9236 9235
f 8477 9235 8475
f 8475 9235 9261
f 8475 9261 9237
f 9237 9261 9239
f 9237 9239 9238
f 9238 9239 8472
f 9238 8472 8474
f 8496 8868 9229
f 9229 8868 9228
f 9229 9228 9230
f 9230 9228 9227
f 9230 9227 8335
f 8335 9227 8331
f 8335 8331 8330
f 8506 9224 8504
f 8504 9224 9223
f 8504 9223 8502
f 8502 9223 9262
f 8502 9262 9225
f 9225 9262 9226
f 9225 9226 9217
f 9217 9226 8499
f 9217 8499 8501
f 8528 9267 8522
f 8522 9267 9268
f 8522 9268 8523
f 8523 9268 9264
f 8523 9264 8520
f 8520 9264 8521
f 8527 8526 8831
f 8527 8831 8528
f 8528 8831 9269
f 8528 9269 9267
f 9204 9207 9205
f 9205 9207 9270
f 9205 9270 9206
f 9206 9270 9271
f 9026 9272 9027
f 9027 9272 9273
f 9027 9273 9028
f 9028 9273 9274
f 8532 8534 8567
f 9272 9026 8529
f 8532 8567 8529
f 8529 8567 9275
f 8529 9275 9272
f 9080 9276 9081
f 9014 9277 9015
f 9278 9256 9257
f 8619 8620 8623
f 8653 8650 8649
f 8672 8669 9279
f 8702 8697 8700
f 8708 8711 8713
f 9280 8712 8709
f 8706 8712 8705
f 8705 8712 9280
f 8705 9280 8704
f 8704 9280 9281
f 8704 9281 8703
f 8703 9281 9282
f 8703 9282 8702
f 8691 8690 8693
f 9283 8693 9282
f 9282 8693 8694
f 8697 8702 8698
f 8698 8702 9282
f 8698 9282 8701
f 8701 9282 8694
f 8701 8694 8695
f 8682 8681 8683
f 8682 8683 8679
f 8684 9284 8683
f 8683 9284 9285
f 8683 9285 8679
f 8691 8693 8687
f 8687 8693 9283
f 8687 9283 8688
f 8688 9283 9284
f 8688 9284 8692
f 8692 9284 8684
f 8692 8684 8685
f 8675 8676 8680
f 8668 8671 8673
f 8673 8674 9286
f 9286 8674 8675
f 9286 8675 9285
f 9285 8675 8680
f 9285 8680 8679
f 8663 8664 9287
f 9287 8664 8665
f 9287 8665 9279
f 9279 8665 8666
f 9279 8666 8672
f 8659 8662 8663
f 9288 8658 8660
f 8657 8658 8656
f 8656 8658 9288
f 8656 9288 8655
f 8655 9288 9289
f 8655 9289 8654
f 8654 9289 9290
f 8654 9290 8653
f 8644 8643 8645
f 9291 8645 9290
f 9290 8645 8646
f 8650 8653 8651
f 8651 8653 9290
f 8651 9290 8652
f 8652 9290 8646
f 8652 8646 8647
f 8634 8633 8635
f 8634 8635 8630
f 8636 9292 8635
f 8635 9292 9293
f 8635 9293 8630
f 8644 8645 8639
f 8639 8645 9291
f 8639 9291 8640
f 8640 9291 9292
f 8640 9292 8642
f 8642 9292 8636
f 8642 8636 8637
f 8627 8628 8631
f 8625 8626 9294
f 9294 8626 8627
f 9294 8627 9293
f 9293 8627 8631
f 9293 8631 8630
f 8617 8618 9295
f 9295 8618 8619
f 9295 8619 9296
f 9296 8619 8623
f 9296 8623 8622
f 8612 8615 8617
f 9297 8616 8613
f 8610 8616 8609
f 8609 8616 9297
f 8609 9297 8608
f 8608 9297 9298
f 8608 9298 8607
f 8607 9298 9299
f 8597 8596 8599
f 9300 8599 9299
f 9299 8599 8600
f 8604 8607 8605
f 8605 8607 9299
f 8605 9299 8606
f 8606 9299 8600
f 8606 8600 8601
f 8588 8587 8589
f 8588 8589 8584
f 8585 8584 9301
f 9301 8584 8589
f 9301 8589 9302
f 9302 8589 8590
f 8597 8599 8593
f 8593 8599 9300
f 8593 9300 8594
f 8594 9300 9302
f 8594 9302 8598
f 8598 9302 8590
f 8598 8590 8591
f 9259 8576 8579
f 8579 8576 8577
f 8579 8577 8578
f 9259 8579 9303
f 9303 8579 8580
f 9303 8580 8581
f 8572 8573 9303
f 9303 8573 8574
f 8984 9278 8574
f 8574 9278 9257
f 8574 9257 9303
f 9303 9257 9258
f 9303 9258 9259
f 8582 8585 8581
f 8581 8585 9301
f 8581 9301 9303
f 9303 9301 9304
f 9303 9304 8572
f 8997 8572 9305
f 9305 8572 9304
f 9305 9304 9306
f 9306 9304 9001
f 9001 9304 8571
f 8571 9304 9301
f 8571 9301 8570
f 8570 9301 9302
f 8570 9302 8569
f 8569 9302 9300
f 8569 9300 9014
f 9014 9300 9307
f 9014 9307 9277
f 9015 9277 9308
f 9308 9277 9307
f 9308 9307 9309
f 8568 9019 9309
f 9310 9311 9312
f 9312 9311 9313
f 9312 9313 9314
f 9314 9313 9315
f 9314 9315 8567
f 8567 9315 9275
f 9316 9298 9317
f 9317 9298 9297
f 9317 9297 9318
f 9318 9297 9319
f 9318 9319 9320
f 9321 9322 9323
f 9040 8565 9324
f 9324 8565 9325
f 9324 9325 9326
f 9326 9325 9044
f 8622 8625 9296
f 9296 8625 9294
f 9296 9294 8562
f 9322 9321 8566
f 8566 9321 9295
f 8566 9295 8565
f 8565 9295 9296
f 8565 9296 9325
f 9325 9296 8562
f 9325 8562 9044
f 9327 9328 9329
f 9329 9328 9057
f 9329 9057 9293
f 9293 9057 8560
f 9293 8560 9294
f 9294 8560 8561
f 9294 8561 8562
f 8559 9061 9327
f 9327 9329 8559
f 8559 9329 9293
f 8559 9293 8558
f 8558 9293 9292
f 8558 9292 8557
f 8557 9292 9291
f 8557 9291 9080
f 9080 9291 9330
f 9080 9330 9276
f 9081 9276 9331
f 9331 9276 9330
f 9331 9330 9332
f 8556 9082 9332
f 9095 9333 9334
f 9334 9333 9335
f 9334 9335 9336
f 9336 9335 9091
f 9336 9091 8555
f 8554 9289 8553
f 8553 9289 9288
f 8553 9288 9108
f 9108 9288 9337
f 9108 9337 9338
f 9339 9112 9340
f 9125 8551 9341
f 9341 8551 9342
f 9341 9342 9343
f 9343 9342 9129
f 8549 8550 9286
f 9286 8550 9279
f 9286 9279 8673
f 8673 9279 8669
f 8673 8669 8668
f 9112 9339 8552
f 8552 9339 9287
f 8552 9287 8551
f 8551 9287 9279
f 8551 9279 9342
f 9342 9279 8550
f 9342 8550 9129
f 8549 9286 8548
f 8548 9286 9285
f 8548 9285 9142
f 9142 9285 9344
f 9142 9344 9345
f 8547 9146 9346
f 9347 9348 9283
f 9283 9348 8545
f 9283 8545 9284
f 9284 8545 8546
f 9284 8546 9285
f 9285 8546 8547
f 9285 8547 9344
f 9344 8547 9346
f 9344 9346 9345
f 9163 9349 9347
f 9347 9349 9350
f 9347 9350 9348
f 9348 9350 9159
f 9348 9159 8545
f 9180 9351 9352
f 9352 9351 9353
f 9352 9353 9354
f 9354 9353 9176
f 9354 9176 8543
f 8542 9281 8541
f 8541 9281 9280
f 8541 9280 9193
f 9193 9280 9355
f 9193 9355 9356
f 9357 8540 9358
f 9358 8540 9197
f 9358 9197 9359
f 9263 9266 8539
f 9208 8539 9360
f 9360 8539 9266
f 9360 9266 9265
f 8713 8714 9357
f 9357 8714 8715
f 8536 8537 8715
f 8715 8537 9263
f 8715 9263 9357
f 9357 9263 8539
f 9357 8539 8540
f 9359 9356 9358
f 9358 9356 9355
f 9358 9355 9357
f 9357 9355 9280
f 9357 9280 8713
f 8713 9280 8709
f 8713 8709 8708
f 9163 9347 8544
f 8544 9347 9283
f 8544 9283 8543
f 8543 9283 9282
f 8543 9282 9354
f 9354 9282 9281
f 9354 9281 9352
f 9352 9281 8542
f 9352 8542 9180
f 9340 9338 9339
f 9339 9338 9337
f 9339 9337 9287
f 9287 9337 9288
f 9287 9288 8663
f 8663 9288 8660
f 8663 8660 8659
f 9332 9330 8556
f 8556 9330 9291
f 8556 9291 8555
f 8555 9291 9290
f 8555 9290 9336
f 9336 9290 9289
f 9336 9289 9334
f 9334 9289 8554
f 9334 8554 9095
f 9323 9320 9321
f 9321 9320 9319
f 9321 9319 9295
f 9295 9319 9297
f 9295 9297 8617
f 8617 9297 8613
f 8617 8613 8612
f 9309 9307 8568
f 8568 9307 9300
f 8568 9300 8567
f 8567 9300 9299
f 8567 9299 9314
f 9314 9299 9298
f 9314 9298 9312
f 9312 9298 9316
f 9312 9316 9310
f 9036 9361 8717
f 8717 9361 9362
f 8717 9362 8718
f 8718 9362 9322
f 8718 9322 8564
f 8564 9322 8566
f 9034 9032 9363
f 9034 9363 9036
f 9036 9363 9364
f 9036 9364 9361
f 8016 8771 9365
f 8016 9365 8720
f 8720 9365 9366
f 8720 9366 8721
f 8721 9366 9367
f 8721 9367 8722
f 8722 9367 9368
f 8722 9368 8723
f 8723 9368 9369
f 8723 9369 8724
f 8724 9369 9370
f 8724 9370 8725
f 8725 9370 9371
f 8725 9371 8726
f 8726 9371 9372
f 8726 9372 8727
f 8727 9372 9373
f 8727 9373 8728
f 8728 9373 9374
f 8728 9374 8729
f 8729 9374 9375
f 8729 9375 8730
f 8730 9375 9376
f 8730 9376 8731
f 8731 9376 9377
f 8731 9377 8732
f 8732 9377 9378
f 8732 9378 8733
f 8733 9378 9379
f 8733 9379 8734
f 8734 9379 9380
f 8734 9380 8735
f 8735 9380 9381
f 8735 9381 8736
f 8736 9381 9382
f 8736 9382 8737
f 8737 9382 9383
f 8737 9383 8738
f 8738 9383 9384
f 8738 9384 8739
f 8739 9384 9385
f 8739 9385 8740
f 8740 9385 9386
f 8740 9386 8741
f 8741 9386 9387
f 8741 9387 8742
f 8742 9387 9388
f 8742 9388 8743
f 8743 9388 9389
f 8743 9389 8744
f 7990 8744 8745
f 8745 8744 9389
f 8745 9389 8828
f 8829 8828 9390
f 8829 9390 9391
f 9391 9390 9392
f 9391 9392 9393
f 9393 9392 9394
f 9393 9394 9395
f 9395 9394 9396
f 9395 9396 9397
f 9397 9396 9398
f 9397 9398 9399
f 9399 9398 9400
f 9399 9400 9401
f 9401 9400 9402
f 9401 9402 9403
f 9403 9402 9404
f 9403 9404 9405
f 9405 9404 9406
f 9405 9406 9407
f 9407 9406 9408
f 9407 9408 9409
f 9409 9408 9410
f 9409 9410 9411
f 9411 9410 9412
f 9412 9410 9413
f 9412 9413 9414
f 9414 9413 9415
f 9415 9413 9416
f 9415 9416 9417
f 9418 9419 9420
f 9420 9419 9421
f 9420 9421 9416
f 9416 9421 9422
f 9416 9422 9417
f 9420 9423 9418
f 9418 9423 9424
f 9418 9424 9425
f 9425 9424 9426
f 9425 9426 9427
f 9427 9426 9428
f 9427 9428 9429
f 9429 9428 9430
f 9429 9430 9431
f 9431 9430 9432
f 9431 9432 9433
f 9433 9432 9434
f 9433 9434 9435
f 9435 9434 9436
f 9435 9436 9437
f 9437 9436 9438
f 9437 9438 9439
f 9439 9438 9440
f 9439 9440 9441
f 9441 9440 9442
f 9441 9442 9443
f 9443 9442 8772
f 9443 8772 8773
f 8828 9389 9390
f 9390 9389 9388
f 9390 9388 9392
f 9392 9388 9387
f 9392 9387 9394
f 9394 9387 9386
f 9394 9386 9396
f 9396 9386 9385
f 9396 9385 9398
f 9398 9385 9384
f 9398 9384 9400
f 9400 9384 9383
f 9400 9383 9402
f 9402 9383 9382
f 9402 9382 9404
f 9404 9382 9381
f 9404 9381 9406
f 9406 9381 9380
f 9406 9380 9408
f 9408 9380 9379
f 9408 9379 9410
f 9410 9379 9378
f 9410 9378 9413
f 9413 9378 9377
f 9413 9377 9416
f 9416 9377 9376
f 9416 9376 9420
f 9420 9376 9375
f 9420 9375 9423
f 9423 9375 9374
f 9423 9374 9424
f 9424 9374 9373
f 9424 9373 9426
f 9426 9373 9372
f 9426 9372 9428
f 9428 9372 9371
f 9428 9371 9430
f 9430 9371 9370
f 9430 9370 9432
f 9432 9370 9369
f 9432 9369 9434
f 9434 9369 9368
f 9434 9368 9436
f 9436 9368 9367
f 9436 9367 9438
f 9438 9367 9366
f 9438 9366 9440
f 9440 9366 9365
f 9440 9365 9442
f 9442 9365 8771
f 9442 8771 8772
f 8787 9444 9445
f 9446 9447 9448
f 8976 9449 8975
f 8975 9449 9450
f 8973 8972 9451
f 9451 8972 9452
f 9452 8972 8974
f 9452 8974 9453
f 8971 8970 8973
f 8966 8971 8965
f 8965 8971 9454
f 8965 9454 8964
f 8971 8973 9454
f 9454 8973 9451
f 9454 9451 8964
f 8964 9451 9455
f 8964 9455 8962
f 8962 9455 9456
f 8962 9456 8963
f 9456 9457 8963
f 8963 9457 8961
f 8963 8961 8960
f 8951 8950 8953
f 8945 8946 9458
f 9458 8946 8951
f 9458 8951 9459
f 9459 8951 8953
f 9459 8953 8952
f 8944 9445 8942
f 8942 9445 9444
f 8942 9444 8943
f 9444 9460 8943
f 8943 9460 8941
f 8943 8941 8940
f 8933 8932 9461
f 9461 8932 9462
f 9462 8932 8934
f 9462 8934 9463
f 9463 8934 8935
f 9463 8935 8936
f 8931 8930 8933
f 8926 8931 8925
f 8925 8931 9464
f 8925 9464 8924
f 8931 8933 9464
f 9464 8933 9461
f 9464 9461 8924
f 8924 9461 9465
f 8924 9465 8922
f 8922 9465 9466
f 8922 9466 8923
f 9466 9467 8923
f 8923 9467 8921
f 8923 8921 8920
f 8911 8910 8913
f 8905 8906 9468
f 9468 8906 8911
f 9468 8911 9469
f 9469 8911 8913
f 9469 8913 8912
f 8904 9470 8902
f 8902 9470 9471
f 8902 9471 8903
f 9471 9472 8903
f 8903 9472 8898
f 8903 8898 8897
f 8893 8892 9473
f 9473 8892 9474
f 9474 8892 8894
f 9474 8894 9475
f 9475 8894 8895
f 9475 8895 8896
f 8891 8890 8893
f 8886 8891 8885
f 8885 8891 9476
f 8885 9476 8884
f 8891 8893 9476
f 9476 8893 9473
f 9476 9473 8884
f 8884 9473 9477
f 8884 9477 8882
f 8882 9477 9478
f 8882 9478 8883
f 9478 9479 8883
f 8883 9479 8881
f 8883 8881 8880
f 8871 8870 8873
f 8865 8866 9480
f 9480 8866 8871
f 9480 8871 9481
f 9481 8871 8873
f 9481 8873 8872
f 8864 9482 8862
f 8862 9482 9483
f 8862 9483 8863
f 9483 9484 8863
f 8863 9484 8861
f 8863 8861 8860
f 8853 8852 9485
f 9485 8852 9486
f 9486 8852 8854
f 9486 8854 9487
f 9487 8854 8855
f 9487 8855 8856
f 8851 8850 8853
f 8846 8851 8845
f 8845 8851 9488
f 8845 9488 8844
f 8851 8853 9488
f 9488 8853 9485
f 9488 9485 8844
f 8844 9485 9489
f 8844 9489 8842
f 8842 9489 9490
f 8842 9490 8843
f 9490 9491 8843
f 8843 9491 8841
f 8843 8841 8840
f 9492 8833 8832
f 9490 9493 9494
f 8836 8841 8835
f 8835 8841 9491
f 8835 9491 8834
f 8834 9491 9490
f 8834 9490 8832
f 8832 9490 9494
f 8832 9494 9492
f 8827 8829 9495
f 8830 8833 9448
f 9448 8833 9492
f 9448 9492 9446
f 9446 9492 9494
f 9446 9494 9495
f 9495 9494 9493
f 9495 9493 8827
f 8827 9493 9490
f 8827 9490 8825
f 8825 9490 9489
f 8825 9489 8823
f 8823 9489 9485
f 8823 9485 8821
f 8821 9485 9486
f 8821 9486 8819
f 9474 8802 9473
f 9473 8802 8809
f 9473 8809 9477
f 9477 8809 8811
f 9477 8811 9478
f 9478 8811 8813
f 9478 8813 9496
f 9496 8813 8815
f 9496 8815 9482
f 9482 8815 8817
f 9482 8817 9483
f 8806 8805 9474
f 9474 8805 8803
f 9474 8803 8802
f 8801 9471 8799
f 8799 9471 9470
f 8799 9470 8798
f 8798 9470 9497
f 8798 9497 8796
f 8796 9497 9466
f 8796 9466 8795
f 8795 9466 9465
f 8795 9465 8793
f 8793 9465 9461
f 8793 9461 8791
f 8791 9461 9462
f 8791 9462 8789
f 8787 9445 8785
f 8785 9445 9498
f 8785 9498 8783
f 8783 9498 9456
f 8783 9456 8781
f 8781 9456 9455
f 8781 9455 8779
f 8779 9455 9451
f 8779 9451 8777
f 8777 9451 9452
f 8777 9452 8775
f 8974 8975 9453
f 9453 8975 9450
f 9453 9450 9452
f 9452 9450 9499
f 9452 9499 8775
f 8775 9499 8773
f 8856 8861 9487
f 9487 8861 9484
f 9487 9484 9486
f 9486 9484 9483
f 9486 9483 8819
f 8819 9483 8817
f 8876 8881 8875
f 8875 8881 9479
f 8875 9479 8874
f 8874 9479 9478
f 8874 9478 8872
f 8872 9478 9496
f 8872 9496 9481
f 9481 9496 9482
f 9481 9482 9480
f 9480 9482 8864
f 9480 8864 8865
f 8896 8898 9475
f 9475 8898 9472
f 9475 9472 9474
f 9474 9472 9471
f 9474 9471 8806
f 8806 9471 8801
f 8916 8921 8915
f 8915 8921 9467
f 8915 9467 8914
f 8914 9467 9466
f 8914 9466 8912
f 8912 9466 9497
f 8912 9497 9469
f 9469 9497 9470
f 9469 9470 9468
f 9468 9470 8904
f 9468 8904 8905
f 8936 8941 9463
f 9463 8941 9460
f 9463 9460 9462
f 9462 9460 9444
f 9462 9444 8789
f 8789 9444 8787
f 8956 8961 8955
f 8955 8961 9457
f 8955 9457 8954
f 8954 9457 9456
f 8954 9456 8952
f 8952 9456 9498
f 8952 9498 9459
f 9459 9498 9445
f 9459 9445 9458
f 9458 9445 8944
f 9458 8944 8945
f 9211 9256 9500
f 9278 8984 8983
f 8980 9211 8978
f 8978 9211 9500
f 8978 9500 8979
f 9449 8976 8977
f 8979 9500 8977
f 8977 9500 9501
f 8977 9501 9449
f 8987 9502 8988
f 8988 9502 9501
f 8988 9501 8982
f 8982 9501 9500
f 8982 9500 8983
f 8983 9500 9256
f 8983 9256 9278
f 9502 8987 8986
f 8990 9503 8986
f 8986 9503 9504
f 8986 9504 9502
f 8989 9505 8990
f 8990 9505 9503
f 9505 8989 9506
f 9506 8989 8993
f 9506 8993 9507
f 9507 8993 8996
f 8994 8997 9305
f 9004 9508 9005
f 9005 9508 9509
f 9005 9509 8999
f 8999 9509 9510
f 8999 9510 9000
f 8995 8994 9510
f 9510 8994 9305
f 9510 9305 9000
f 9000 9305 9306
f 9000 9306 9001
f 8995 9510 8996
f 8996 9510 9509
f 8996 9509 9507
f 9508 9004 9003
f 9007 9511 9003
f 9003 9511 9512
f 9003 9512 9508
f 9006 9513 9007
f 9007 9513 9511
f 9513 9006 9514
f 9514 9006 9010
f 9514 9010 9515
f 9515 9010 9013
f 9011 9015 9308
f 9022 9516 9023
f 9023 9516 9517
f 9023 9517 9017
f 9017 9517 9518
f 9017 9518 9018
f 9012 9011 9518
f 9518 9011 9308
f 9518 9308 9018
f 9018 9308 9309
f 9018 9309 9019
f 9012 9518 9013
f 9013 9518 9517
f 9013 9517 9515
f 9516 9022 9021
f 9025 9519 9021
f 9021 9519 9520
f 9021 9520 9516
f 9024 9521 9025
f 9025 9521 9519
f 9521 9024 9522
f 9522 9024 9028
f 9522 9028 9523
f 9523 9028 9274
f 9524 9363 9032
f 9030 9525 9032
f 9032 9525 9526
f 9032 9526 9524
f 9029 9527 9030
f 9030 9527 9525
f 9527 9029 9528
f 9528 9029 9031
f 9528 9031 9529
f 9529 9031 9039
f 9037 9040 9324
f 9047 9530 9048
f 9048 9530 9531
f 9048 9531 9042
f 9042 9531 9532
f 9042 9532 9043
f 9038 9037 9532
f 9532 9037 9324
f 9532 9324 9043
f 9043 9324 9326
f 9043 9326 9044
f 9038 9532 9039
f 9039 9532 9531
f 9039 9531 9529
f 9530 9047 9046
f 9050 9533 9046
f 9046 9533 9534
f 9046 9534 9530
f 9049 9535 9050
f 9050 9535 9533
f 9535 9049 9536
f 9536 9049 9053
f 9536 9053 9537
f 9537 9053 9056
f 9054 9057 9328
f 9064 9538 9065
f 9065 9538 9539
f 9065 9539 9059
f 9059 9539 9540
f 9059 9540 9060
f 9055 9054 9540
f 9540 9054 9328
f 9540 9328 9060
f 9060 9328 9327
f 9060 9327 9061
f 9055 9540 9056
f 9056 9540 9539
f 9056 9539 9537
f 9538 9064 9063
f 9067 9541 9063
f 9063 9541 9542
f 9063 9542 9538
f 9066 9543 9067
f 9067 9543 9541
f 9543 9066 9544
f 9544 9066 9070
f 9544 9070 9545
f 9545 9070 9079
f 9332 9082 9071
f 9081 9331 9077
f 9077 9331 9546
f 9077 9546 9078
f 9078 9546 9079
f 9079 9546 9547
f 9079 9547 9545
f 9331 9332 9546
f 9546 9332 9071
f 9546 9071 9547
f 9547 9071 9076
f 9547 9076 9548
f 9548 9076 9075
f 9548 9075 9074
f 9083 9549 9074
f 9074 9549 9550
f 9074 9550 9548
f 9084 9551 9083
f 9083 9551 9549
f 9551 9084 9552
f 9552 9084 9085
f 9552 9085 9553
f 9553 9085 9090
f 9088 9091 9335
f 9098 9554 9099
f 9099 9554 9555
f 9099 9555 9093
f 9093 9555 9556
f 9093 9556 9094
f 9089 9088 9556
f 9556 9088 9335
f 9556 9335 9094
f 9094 9335 9333
f 9094 9333 9095
f 9089 9556 9090
f 9090 9556 9555
f 9090 9555 9553
f 9554 9098 9097
f 9101 9557 9097
f 9097 9557 9558
f 9097 9558 9554
f 9100 9559 9101
f 9101 9559 9557
f 9559 9100 9560
f 9560 9100 9104
f 9560 9104 9561
f 9561 9104 9107
f 9105 9108 9338
f 9115 9562 9116
f 9116 9562 9563
f 9116 9563 9110
f 9110 9563 9564
f 9110 9564 9111
f 9106 9105 9564
f 9564 9105 9338
f 9564 9338 9111
f 9111 9338 9340
f 9111 9340 9112
f 9106 9564 9107
f 9107 9564 9563
f 9107 9563 9561
f 9562 9115 9114
f 9118 9565 9114
f 9114 9565 9566
f 9114 9566 9562
f 9117 9567 9118
f 9118 9567 9565
f 9567 9117 9568
f 9568 9117 9121
f 9568 9121 9569
f 9569 9121 9124
f 9122 9125 9341
f 9132 9570 9133
f 9133 9570 9571
f 9133 9571 9127
f 9127 9571 9572
f 9127 9572 9128
f 9123 9122 9572
f 9572 9122 9341
f 9572 9341 9128
f 9128 9341 9343
f 9128 9343 9129
f 9123 9572 9124
f 9124 9572 9571
f 9124 9571 9569
f 9570 9132 9131
f 9135 9573 9131
f 9131 9573 9574
f 9131 9574 9570
f 9134 9575 9135
f 9135 9575 9573
f 9575 9134 9576
f 9576 9134 9138
f 9576 9138 9577
f 9577 9138 9141
f 9139 9142 9345
f 9149 9578 9150
f 9150 9578 9579
f 9150 9579 9144
f 9144 9579 9580
f 9144 9580 9145
f 9140 9139 9580
f 9580 9139 9345
f 9580 9345 9145
f 9145 9345 9346
f 9145 9346 9146
f 9140 9580 9141
f 9141 9580 9579
f 9141 9579 9577
f 9578 9149 9148
f 9152 9581 9148
f 9148 9581 9582
f 9148 9582 9578
f 9151 9583 9152
f 9152 9583 9581
f 9583 9151 9584
f 9584 9151 9155
f 9584 9155 9585
f 9585 9155 9158
f 9156 9159 9350
f 9166 9586 9167
f 9167 9586 9587
f 9167 9587 9161
f 9161 9587 9588
f 9161 9588 9162
f 9157 9156 9588
f 9588 9156 9350
f 9588 9350 9162
f 9162 9350 9349
f 9162 9349 9163
f 9157 9588 9158
f 9158 9588 9587
f 9158 9587 9585
f 9586 9166 9165
f 9169 9589 9165
f 9165 9589 9590
f 9165 9590 9586
f 9168 9591 9169
f 9169 9591 9589
f 9591 9168 9592
f 9592 9168 9172
f 9592 9172 9593
f 9593 9172 9175
f 9173 9176 9353
f 9183 9594 9184
f 9184 9594 9595
f 9184 9595 9178
f 9178 9595 9596
f 9178 9596 9179
f 9174 9173 9596
f 9596 9173 9353
f 9596 9353 9179
f 9179 9353 9351
f 9179 9351 9180
f 9174 9596 9175
f 9175 9596 9595
f 9175 9595 9593
f 9594 9183 9182
f 9186 9597 9182
f 9182 9597 9598
f 9182 9598 9594
f 9185 9599 9186
f 9186 9599 9597
f 9599 9185 9600
f 9600 9185 9189
f 9600 9189 9601
f 9601 9189 9192
f 9190 9193 9356
f 9200 9602 9201
f 9201 9602 9603
f 9201 9603 9195
f 9195 9603 9604
f 9195 9604 9196
f 9191 9190 9604
f 9604 9190 9356
f 9604 9356 9196
f 9196 9356 9359
f 9196 9359 9197
f 9191 9604 9192
f 9192 9604 9603
f 9192 9603 9601
f 9602 9200 9199
f 9203 9605 9199
f 9199 9605 9606
f 9199 9606 9602
f 9202 9607 9203
f 9203 9607 9605
f 9607 9202 9608
f 9608 9202 9206
f 9608 9206 9609
f 9609 9206 9271
f 9448 9447 9610
f 9447 9609 9271
f 8831 8830 9269
f 9269 8830 9448
f 9269 9448 9267
f 9267 9448 9610
f 9267 9610 9268
f 9447 9271 9610
f 9610 9271 9270
f 9610 9270 9207
f 9264 9268 9265
f 9265 9268 9610
f 9265 9610 9360
f 9360 9610 9207
f 9360 9207 9208
f 9611 9612 9613
f 9613 9612 9614
f 9613 9614 9615
f 9615 9614 9616
f 9310 9616 9311
f 9311 9616 9614
f 9311 9614 9313
f 9313 9614 9315
f 9273 9272 9275
f 9275 9315 9273
f 9273 9315 9614
f 9273 9614 9274
f 9274 9614 9612
f 9274 9612 9523
f 9617 9618 9317
f 9317 9618 9316
f 9617 9317 9619
f 9619 9317 9318
f 9619 9318 9620
f 9620 9318 9621
f 9620 9621 9622
f 9623 9616 9624
f 9624 9616 9310
f 9624 9310 9625
f 9625 9310 9316
f 9625 9316 9618
f 9363 9524 9364
f 9364 9524 9626
f 9364 9626 9361
f 9361 9626 9627
f 9361 9627 9362
f 9322 9362 9323
f 9323 9362 9320
f 9362 9627 9320
f 9320 9627 9621
f 9320 9621 9318
f 9626 9628 9629
f 9626 9629 9627
f 9627 9629 9630
f 9627 9630 9621
f 9608 9609 9447
f 9403 9631 9632
f 9603 9602 9606
f 9633 9599 9600
f 9633 9634 9599
f 9599 9634 9635
f 9599 9635 9597
f 9597 9635 9636
f 9597 9636 9598
f 9636 9637 9598
f 9598 9637 9595
f 9598 9595 9594
f 9587 9586 9590
f 9584 9585 9638
f 9638 9585 9587
f 9638 9587 9639
f 9639 9587 9590
f 9639 9590 9589
f 9583 9632 9581
f 9581 9632 9631
f 9581 9631 9582
f 9631 9640 9582
f 9582 9640 9579
f 9582 9579 9578
f 9574 9573 9641
f 9641 9573 9642
f 9642 9573 9575
f 9642 9575 9643
f 9643 9575 9576
f 9643 9576 9577
f 9571 9570 9574
f 9569 9571 9568
f 9568 9571 9644
f 9568 9644 9567
f 9571 9574 9644
f 9644 9574 9641
f 9644 9641 9567
f 9567 9641 9645
f 9567 9645 9565
f 9565 9645 9646
f 9565 9646 9566
f 9646 9647 9566
f 9566 9647 9563
f 9566 9563 9562
f 9555 9554 9558
f 9552 9553 9648
f 9648 9553 9555
f 9648 9555 9649
f 9649 9555 9558
f 9649 9558 9557
f 9551 9650 9549
f 9549 9650 9651
f 9549 9651 9550
f 9651 9652 9550
f 9550 9652 9547
f 9550 9547 9548
f 9542 9541 9653
f 9653 9541 9654
f 9654 9541 9543
f 9654 9543 9655
f 9655 9543 9544
f 9655 9544 9545
f 9539 9538 9542
f 9537 9539 9536
f 9536 9539 9656
f 9536 9656 9535
f 9539 9542 9656
f 9656 9542 9653
f 9656 9653 9535
f 9535 9653 9657
f 9535 9657 9533
f 9533 9657 9658
f 9533 9658 9534
f 9658 9659 9534
f 9534 9659 9531
f 9534 9531 9530
f 9626 9524 9526
f 9660 9628 9661
f 9661 9628 9626
f 9661 9626 9662
f 9662 9626 9526
f 9662 9526 9525
f 9612 9611 9663
f 9522 9523 9664
f 9664 9523 9612
f 9664 9612 9665
f 9665 9612 9663
f 9665 9663 9666
f 9521 9667 9519
f 9519 9667 9668
f 9519 9668 9520
f 9517 9516 9520
f 9515 9517 9514
f 9514 9517 9669
f 9514 9669 9513
f 9517 9520 9669
f 9669 9520 9668
f 9669 9668 9513
f 9513 9668 9670
f 9513 9670 9511
f 9511 9670 9671
f 9511 9671 9512
f 9671 9672 9512
f 9512 9672 9509
f 9512 9509 9508
f 9673 9504 9503
f 9671 9674 9675
f 9507 9509 9506
f 9506 9509 9672
f 9506 9672 9505
f 9505 9672 9671
f 9505 9671 9503
f 9503 9671 9675
f 9503 9675 9673
f 9450 9449 9501
f 9443 8773 9499
f 9654 9418 9653
f 9653 9418 9425
f 9653 9425 9657
f 9657 9425 9427
f 9657 9427 9658
f 9658 9427 9429
f 9658 9429 9676
f 9676 9429 9431
f 9676 9431 9677
f 9677 9431 9433
f 9677 9433 9678
f 9678 9433 9435
f 9678 9435 9667
f 9667 9435 9437
f 9667 9437 9668
f 9668 9437 9439
f 9668 9439 9670
f 9670 9439 9441
f 9670 9441 9671
f 9671 9441 9443
f 9671 9443 9674
f 9674 9443 9499
f 9674 9499 9675
f 9675 9499 9450
f 9675 9450 9673
f 9673 9450 9501
f 9673 9501 9504
f 9504 9501 9502
f 9422 9421 9654
f 9654 9421 9419
f 9654 9419 9418
f 9417 9651 9415
f 9415 9651 9650
f 9415 9650 9414
f 9414 9650 9679
f 9414 9679 9412
f 9412 9679 9646
f 9412 9646 9411
f 9411 9646 9645
f 9411 9645 9409
f 9409 9645 9641
f 9409 9641 9407
f 9407 9641 9642
f 9407 9642 9405
f 9403 9632 9401
f 9401 9632 9680
f 9401 9680 9399
f 9399 9680 9636
f 9399 9636 9397
f 9397 9636 9635
f 9397 9635 9395
f 9395 9635 9634
f 9395 9634 9393
f 9393 9634 9681
f 9393 9681 9391
f 9682 9446 9681
f 9681 9446 9495
f 9681 9495 9391
f 9391 9495 8829
f 9447 9446 9608
f 9608 9446 9682
f 9608 9682 9607
f 9607 9682 9681
f 9607 9681 9605
f 9605 9681 9634
f 9605 9634 9606
f 9606 9634 9633
f 9606 9633 9603
f 9603 9633 9600
f 9603 9600 9601
f 9683 9677 9666
f 9666 9677 9678
f 9666 9678 9665
f 9665 9678 9667
f 9665 9667 9664
f 9664 9667 9521
f 9664 9521 9522
f 9529 9531 9528
f 9528 9531 9659
f 9528 9659 9527
f 9527 9659 9658
f 9527 9658 9525
f 9525 9658 9676
f 9525 9676 9662
f 9662 9676 9677
f 9662 9677 9661
f 9661 9677 9683
f 9661 9683 9660
f 9545 9547 9655
f 9655 9547 9652
f 9655 9652 9654
f 9654 9652 9651
f 9654 9651 9422
f 9422 9651 9417
f 9561 9563 9560
f 9560 9563 9647
f 9560 9647 9559
f 9559 9647 9646
f 9559 9646 9557
f 9557 9646 9679
f 9557 9679 9649
f 9649 9679 9650
f 9649 9650 9648
f 9648 9650 9551
f 9648 9551 9552
f 9577 9579 9643
f 9643 9579 9640
f 9643 9640 9642
f 9642 9640 9631
f 9642 9631 9405
f 9405 9631 9403
f 9593 9595 9592
f 9592 9595 9637
f 9592 9637 9591
f 9591 9637 9636
f 9591 9636 9589
f 9589 9636 9680
f 9589 9680 9639
f 9639 9680 9632
f 9639 9632 9638
f 9638 9632 9583
f 9638 9583 9584
f 9684 9613 9685
f 9685 9613 9615
f 9685 9615 9623
f 9623 9615 9616
f 9620 9624 9625
f 9620 9625 9619
f 9619 9625 9618
f 9619 9618 9617
f 9629 9686 9687
f 9622 9621 9687
f 9687 9621 9630
f 9687 9630 9629
f 9683 9688 9660
f 9660 9688 9686
f 9660 9686 9628
f 9628 9686 9629
f 9688 9683 9689
f 9689 9683 9666
f 9611 9613 9684
f 9689 9666 9684
f 9684 9666 9663
f 9684 9663 9611
f 9688 9689 9686
f 9686 9689 9684
f 9686 9684 9687
f 9624 9620 9623
f 9623 9620 9622
f 9687 9684 9622
f 9622 9684 9685
f 9622 9685 9623
f 9690 9691 9692
f 9692 9691 9693
f 9692 9693 9694
f 9694 9693 9695
f 9694 9695 9696
f 9696 9695 9697
f 9696 9697 9698
f 9698 9697 9699
f 9698 9699 9700
f 9700 9699 9701
f 9700 9701 9702
f 9702 9701 9703
f 9702 9703 9704
f 9704 9703 9705
f 9704 9705 9706
f 9706 9705 9707
f 9706 9707 9708
f 9708 9707 9709
f 9708 9709 9710
f 9710 9709 9711
f 9710 9711 9712
f 9712 9711 9713
f 9712 9713 9690
f 9690 9713 9691
f 9708 9714 9706
f 9706 9714 9715
f 9706 9715 9704
f 9704 9715 9716
f 9704 9716 9702
f 9702 9716 9717
f 9702 9717 9700
f 9700 9717 9718
f 9700 9718 9698
f 9698 9718 9719
f 9698 9719 9696
f 9719 9720 9696
f 9696 9720 9721
f 9696 9721 9694
f 9694 9721 9722
f 9694 9722 9692
f 9692 9722 9723
f 9692 9723 9690
f 9690 9723 9724
f 9690 9724 9712
f 9712 9724 9725
f 9712 9725 9710
f 9710 9725 9726
f 9710 9726 9708
f 9708 9726 9727
f 9708 9727 9714
f 9728 9729 9718
f 9730 9724 9731
f 9731 9724 9723
f 9722 9732 9723
f 9723 9732 9733
f 9723 9733 9731
f 9734 9735 9721
f 9721 9735 9736
f 9721 9736 9722
f 9722 9736 9737
f 9722 9737 9732
f 9720 9738 9721
f 9721 9738 9739
f 9739 9740 9721
f 9721 9740 9741
f 9721 9741 9734
f 9742 9743 9719
f 9719 9743 9744
f 9719 9744 9720
f 9720 9744 9745
f 9720 9745 9738
f 9718 9729 9719
f 9719 9729 9746
f 9719 9746 9742
f 9717 9747 9718
f 9718 9747 9748
f 9718 9748 9728
f 9716 9749 9717
f 9717 9749 9750
f 9717 9750 9747
f 9751 9752 9715
f 9715 9752 9753
f 9715 9753 9716
f 9716 9753 9754
f 9716 9754 9749
f 9755 9756 9727
f 9727 9756 9714
f 9756 9757 9714
f 9714 9757 9758
f 9714 9758 9715
f 9715 9758 9759
f 9715 9759 9751
f 9760 9761 9726
f 9726 9761 9762
f 9726 9762 9727
f 9727 9762 9763
f 9727 9763 9755
f 9760 9726 9764
f 9764 9726 9725
f 9764 9725 9765
f 9730 9766 9724
f 9724 9766 9767
f 9724 9767 9725
f 9725 9767 9768
f 9725 9768 9765
f 9763 9762 9769
f 9770 9771 9772
f 9772 9771 9773
f 9772 9773 9774
f 9775 9776 9777
f 9776 9778 9777
f 9777 9778 9779
f 9777 9779 9770
f 9770 9779 9780
f 9770 9780 9771
f 9781 9782 9783
f 9784 9785 9786
f 9785 9787 9786
f 9786 9787 9788
f 9786 9788 9789
f 9789 9790 9786
f 9786 9790 9791
f 9786 9791 9777
f 9777 9791 9792
f 9777 9792 9775
f 9793 9794 9795
f 9795 9794 9796
f 9795 9796 9781
f 9781 9796 9797
f 9781 9797 9782
f 9793 9795 9798
f 9798 9795 9799
f 9798 9799 9800
f 9800 9799 9801
f 9800 9801 9802
f 9774 9803 9772
f 9772 9803 9804
f 9772 9804 9805
f 9804 9806 9805
f 9805 9806 9807
f 9805 9807 9808
f 9808 9809 9805
f 9805 9809 9810
f 9805 9810 9811
f 9812 9813 9814
f 9814 9813 9815
f 9815 9816 9814
f 9814 9816 9817
f 9814 9817 9801
f 9801 9817 9818
f 9801 9818 9802
f 9819 9820 9821
f 9819 9821 9822
f 9823 9824 9825
f 9825 9824 9826
f 9825 9826 9827
f 9820 9828 9821
f 9821 9828 9829
f 9821 9829 9830
f 9831 9832 9833
f 9831 9833 9834
f 9833 9835 9834
f 9834 9835 9836
f 9834 9836 9837
f 9837 9838 9834
f 9834 9838 9839
f 9834 9839 9825
f 9825 9839 9840
f 9825 9840 9823
f 9832 9831 9841
f 9841 9831 9842
f 9841 9842 9843
f 9844 9845 9846
f 9844 9846 9847
f 9848 9849 9850
f 9850 9851 9848
f 9848 9851 9852
f 9848 9852 9853
f 9853 9854 9848
f 9848 9854 9855
f 9848 9855 9842
f 9842 9855 9856
f 9842 9856 9843
f 9857 9858 9859
f 9859 9858 9860
f 9859 9860 9846
f 9846 9860 9861
f 9846 9861 9847
f 9829 9862 9830
f 9830 9862 9863
f 9830 9863 9864
f 9864 9863 9865
f 9864 9865 9859
f 9859 9865 9866
f 9859 9866 9857
f 9729 9728 9867
f 9867 9728 9748
f 9867 9748 9747
f 9750 9749 9868
f 9868 9749 9754
f 9745 9744 9869
f 9870 9739 9869
f 9869 9739 9738
f 9869 9738 9745
f 9744 9743 9869
f 9869 9743 9742
f 9869 9742 9867
f 9867 9742 9746
f 9867 9746 9729
f 9736 9735 9871
f 9736 9871 9737
f 9735 9734 9871
f 9871 9734 9741
f 9871 9741 9870
f 9870 9741 9740
f 9870 9740 9739
f 9764 9765 9872
f 9764 9872 9760
f 9769 9762 9872
f 9872 9762 9761
f 9872 9761 9760
f 9768 9767 9873
f 9873 9767 9766
f 9873 9766 9730
f 9730 9731 9873
f 9873 9731 9733
f 9873 9733 9871
f 9871 9733 9732
f 9871 9732 9737
f 9754 9753 9868
f 9868 9753 9752
f 9868 9752 9874
f 9874 9752 9751
f 9874 9751 9759
f 9759 9758 9874
f 9874 9758 9757
f 9874 9757 9875
f 9875 9757 9756
f 9875 9756 9769
f 9769 9756 9755
f 9769 9755 9763
f 9845 9849 9846
f 9846 9849 9848
f 9846 9848 9876
f 9876 9848 9877
f 9765 9768 9872
f 9872 9768 9873
f 9872 9873 9878
f 9878 9873 9879
f 9878 9879 9821
f 9821 9879 9825
f 9821 9825 9822
f 9822 9825 9827
f 9783 9784 9781
f 9781 9784 9786
f 9781 9786 9880
f 9880 9786 9881
f 9880 9881 9868
f 9868 9881 9867
f 9868 9867 9750
f 9750 9867 9747
f 9882 9883 9814
f 9814 9883 9805
f 9814 9805 9812
f 9812 9805 9811
f 9884 9885 9886
f 9887 9888 9889
f 9889 9888 9890
f 9891 9892 9893
f 9893 9892 9894
f 9893 9894 9895
f 9896 9897 9898
f 9898 9897 9899
f 9898 9899 9889
f 9889 9899 9900
f 9889 9900 9887
f 9896 9898 9901
f 9901 9898 9902
f 9901 9902 9903
f 9903 9902 9904
f 9903 9904 9905
f 9906 9907 9908
f 9908 9909 9906
f 9906 9909 9910
f 9906 9910 9911
f 9912 9913 9914
f 9914 9913 9915
f 9915 9916 9914
f 9914 9916 9917
f 9914 9917 9904
f 9904 9917 9918
f 9904 9918 9905
f 9919 9920 9921
f 9921 9920 9922
f 9922 9923 9921
f 9921 9923 9924
f 9921 9924 9906
f 9906 9924 9925
f 9906 9925 9907
f 9926 9927 9928
f 9926 9928 9929
f 9895 9930 9893
f 9893 9930 9931
f 9893 9931 9928
f 9928 9931 9932
f 9928 9932 9929
f 9927 9933 9928
f 9928 9933 9934
f 9928 9934 9919
f 9919 9934 9935
f 9919 9935 9920
f 9936 9937 9938
f 9936 9938 9939
f 9886 9885 9938
f 9938 9885 9940
f 9938 9940 9939
f 9941 9942 9943
f 9943 9942 9944
f 9943 9944 9945
f 9946 9947 9948
f 9948 9947 9949
f 9948 9949 9950
f 9950 9949 9951
f 9950 9951 9886
f 9886 9951 9952
f 9886 9952 9884
f 9953 9954 9955
f 9955 9954 9956
f 9955 9956 9957
f 9958 9959 9960
f 9960 9959 9961
f 9961 9962 9960
f 9960 9962 9963
f 9960 9963 9948
f 9948 9963 9964
f 9948 9964 9946
f 9965 9966 9967
f 9968 9969 9967
f 9967 9969 9970
f 9967 9970 9965
f 9966 9971 9967
f 9967 9971 9972
f 9967 9972 9955
f 9955 9972 9973
f 9955 9973 9953
f 9974 9975 9976
f 9974 9976 9977
f 9945 9978 9943
f 9943 9978 9979
f 9943 9979 9976
f 9976 9979 9980
f 9976 9980 9977
f 9975 9981 9976
f 9976 9981 9982
f 9976 9982 9968
f 9968 9982 9983
f 9968 9983 9969
f 9984 9985 9986
f 9986 9985 9987
f 9986 9987 9988
f 9988 9987 9989
f 9990 9991 9992
f 9990 9992 9993
f 9994 9995 9996
f 9996 9997 9994
f 9994 9997 9998
f 9994 9998 9999
f 9999 10000 9994
f 9994 10000 10001
f 9994 10001 9986
f 9986 10001 10002
f 9986 10002 9984
f 10003 10004 10005
f 10005 10004 10006
f 10005 10006 9992
f 9992 10006 10007
f 9992 10007 9993
f 10008 10009 10010
f 10010 10009 10011
f 10010 10011 10005
f 10005 10011 10012
f 10005 10012 10003
f 10013 10014 10015
f 10016 10017 10018
f 10015 10019 10013
f 10013 10019 10020
f 10013 10020 10021
f 10017 10022 10018
f 10018 10022 10023
f 10018 10023 10008
f 10008 10023 10024
f 10008 10024 10009
f 10025 10026 10027
f 9989 10028 9988
f 9988 10028 10029
f 9988 10029 10027
f 10027 10029 10030
f 10027 10030 10025
f 10026 10031 10027
f 10027 10031 10032
f 10027 10032 10013
f 10013 10032 10033
f 10013 10033 10014
f 9991 9995 9992
f 9992 9995 9994
f 9992 9994 9882
f 9882 9994 9883
f 9937 9941 9938
f 9938 9941 9943
f 9938 9943 10034
f 10034 9943 10035
f 10034 10035 10018
f 10018 10035 10013
f 10018 10013 10016
f 10016 10013 10021
f 9890 9891 9889
f 9889 9891 9893
f 9889 9893 10036
f 10036 9893 10037
f 10036 10037 9960
f 9960 10037 9955
f 9960 9955 9958
f 9958 9955 9957
f 9876 9877 9914
f 9914 9877 9906
f 9914 9906 9912
f 9912 9906 9911
f 10038 9876 10039
f 10039 9876 9914
f 10039 9914 10040
f 10040 9914 9904
f 10040 9904 10041
f 10041 9904 9902
f 10041 9902 10042
f 10042 9902 9898
f 10042 9898 10043
f 10043 9898 9889
f 10043 9889 10044
f 10044 9889 10036
f 10044 10036 10045
f 10045 10036 9960
f 10045 9960 10046
f 10046 9960 9948
f 10046 9948 10047
f 10047 9948 9950
f 10047 9950 10048
f 10048 9950 9886
f 10048 9886 10049
f 10049 9886 9938
f 10049 9938 10050
f 10050 9938 10034
f 10050 10034 10051
f 10051 10034 10018
f 10051 10018 10052
f 10052 10018 10008
f 10052 10008 10053
f 10053 10008 10010
f 10053 10010 10054
f 10054 10010 10005
f 10054 10005 10055
f 10055 10005 9992
f 10055 9992 10056
f 10056 9992 9882
f 10056 9882 10057
f 10057 9882 9814
f 10057 9814 10058
f 10058 9814 9801
f 10058 9801 10059
f 10059 9801 9799
f 10059 9799 10060
f 10060 9799 9795
f 10060 9795 10061
f 10061 9795 9781
f 10061 9781 10062
f 10062 9781 9880
f 10062 9880 10063
f 10063 9880 9868
f 10063 9868 10064
f 10064 9868 9874
f 10064 9874 10065
f 10065 9874 9875
f 10065 9875 10066
f 10066 9875 9769
f 10066 9769 10067
f 10067 9769 9872
f 10067 9872 10068
f 10068 9872 9878
f 10068 9878 10069
f 10069 9878 9821
f 10069 9821 10070
f 10070 9821 9830
f 10070 9830 10071
f 10071 9830 9864
f 10071 9864 10072
f 10072 9864 9859
f 10072 9859 10073
f 10073 9859 9846
f 10073 9846 10038
f 10038 9846 9876
f 10038 10074 10073
f 10073 10074 10075
f 10073 10075 10072
f 10072 10075 10076
f 10072 10076 10071
f 10071 10076 10077
f 10071 10077 10070
f 10070 10077 10078
f 10070 10078 10069
f 10069 10078 10079
f 10069 10079 10068
f 10068 10079 10080
f 10068 10080 10067
f 10067 10080 10081
f 10067 10081 10066
f 10066 10081 10082
f 10066 10082 10065
f 10065 10082 10083
f 10065 10083 10064
f 10064 10083 10084
f 10064 10084 10063
f 10063 10084 10085
f 10063 10085 10062
f 10062 10085 10086
f 10062 10086 10061
f 10061 10086 10087
f 10061 10087 10060
f 10060 10087 10088
f 10060 10088 10059
f 10059 10088 10089
f 10059 10089 10058
f 10058 10089 10090
f 10058 10090 10057
f 10057 10090 10091
f 10057 10091 10056
f 10056 10091 10092
f 10056 10092 10055
f 10055 10092 10093
f 10055 10093 10054
f 10054 10093 10094
f 10054 10094 10053
f 10053 10094 10095
f 10053 10095 10052
f 10052 10095 10096
f 10052 10096 10051
f 10051 10096 10097
f 10051 10097 10050
f 10050 10097 10098
f 10050 10098 10049
f 10049 10098 10099
f 10049 10099 10048
f 10048 10099 10100
f 10048 10100 10047
f 10047 10100 10101
f 10047 10101 10046
f 10046 10101 10102
f 10046 10102 10045
f 10045 10102 10103
f 10045 10103 10044
f 10044 10103 10104
f 10044 10104 10043
f 10043 10104 10105
f 10043 10105 10042
f 10042 10105 10106
f 10042 10106 10041
f 10041 10106 10107
f 10041 10107 10040
f 10040 10107 10108
f 10040 10108 10039
f 10039 10108 10109
f 10039 10109 10038
f 10038 10109 10074
f 10110 10111 10112
f 10109 10108 10113
f 10114 10115 10116
f 10117 10118 10119
f 10120 10121 10122
f 10122 10121 10123
f 10123 10121 10112
f 10123 10112 10124
f 10124 10125 10126
f 10126 10125 10127
f 10126 10127 10128
f 10129 10130 10131
f 10130 10129 10132
f 10132 10129 10133
f 10132 10133 10134
f 10134 10133 10135
f 10134 10135 10136
f 10136 10135 10137
f 10136 10137 10138
f 10139 10140 10141
f 10141 10140 10142
f 9691 9713 10116
f 9707 10143 9709
f 9709 10143 10116
f 9709 10116 9711
f 9711 10116 9713
f 9707 9705 10143
f 10143 9705 10144
f 10143 10144 10145
f 10145 10144 10146
f 10145 10146 10140
f 10140 10146 10147
f 10140 10147 10142
f 9705 9703 10144
f 10144 9703 9701
f 10144 9701 10148
f 10148 9701 9699
f 10148 9699 10149
f 10149 9699 9697
f 10149 9697 10150
f 10150 9697 9695
f 10150 9695 9693
f 10151 10152 10153
f 10115 10154 10116
f 10116 10154 10150
f 10116 10150 9691
f 9691 10150 9693
f 10154 10155 10150
f 10150 10155 10156
f 10150 10156 10152
f 10152 10156 10157
f 10152 10157 10153
f 10151 10158 10159
f 10159 10158 10160
f 10118 10117 10161
f 10161 10117 10160
f 10161 10160 10162
f 10162 10160 10158
f 10162 10158 10163
f 10163 10158 10164
f 10163 10164 10165
f 10166 10167 10168
f 10168 10167 10169
f 10168 10169 10118
f 10118 10169 10170
f 10118 10170 10119
f 10153 10171 10151
f 10151 10171 10172
f 10151 10172 10158
f 10158 10172 10173
f 10158 10173 10164
f 10173 10174 10164
f 10164 10174 10175
f 10164 10175 10176
f 10177 10178 10179
f 10179 10178 10180
f 10181 10182 10183
f 10183 10182 10184
f 10185 10186 10137
f 10137 10186 10187
f 10137 10187 10138
f 10138 10187 10188
f 10138 10188 10189
f 10189 10188 10190
f 10189 10190 10191
f 10191 10190 10192
f 10191 10192 10181
f 10181 10192 10193
f 10181 10193 10182
f 10194 10195 10183
f 10196 10197 10198
f 10195 10199 10183
f 10183 10199 10200
f 10183 10200 10181
f 10181 10200 10201
f 10181 10201 10202
f 10141 10191 10139
f 10139 10191 10181
f 10139 10181 10203
f 10203 10181 10202
f 10203 10204 10139
f 10139 10204 10205
f 10139 10205 10140
f 10140 10205 10206
f 10140 10206 10145
f 10207 10208 10209
f 10209 10208 10210
f 10209 10210 10211
f 10211 10210 10212
f 10213 10214 10127
f 10127 10214 10215
f 10127 10215 10128
f 10128 10215 10216
f 10128 10216 10217
f 10217 10216 10218
f 10217 10218 10131
f 10207 10219 10208
f 10208 10219 10220
f 10208 10220 10221
f 10221 10220 10222
f 10223 10168 10224
f 10224 10168 10118
f 10224 10118 10225
f 10225 10118 10161
f 10165 10164 10226
f 10226 10164 10227
f 10226 10227 10228
f 10223 10229 10168
f 10168 10229 10230
f 10168 10230 10227
f 10227 10230 10231
f 10227 10231 10228
f 10095 10094 10179
f 10179 10094 10093
f 10183 10092 10091
f 10184 10177 10183
f 10183 10177 10179
f 10183 10179 10092
f 10092 10179 10093
f 10100 10099 10208
f 10208 10099 10098
f 10208 10098 10097
f 10100 10208 10101
f 10101 10208 10221
f 10101 10221 10102
f 10108 10107 10112
f 10112 10107 10106
f 10106 10105 10112
f 10112 10105 10104
f 10112 10104 10221
f 10221 10104 10103
f 10221 10103 10102
f 10109 10113 10074
f 10176 10081 10164
f 10164 10081 10080
f 10164 10080 10079
f 10079 10078 10164
f 10164 10078 10077
f 10164 10077 10227
f 10227 10077 10076
f 10227 10076 10075
f 10086 10085 10232
f 10085 10084 10232
f 10232 10084 10083
f 10232 10083 10176
f 10176 10083 10082
f 10176 10082 10081
f 10091 10090 10183
f 10183 10090 10196
f 10183 10196 10194
f 10194 10196 10198
f 10090 10089 10196
f 10196 10089 10088
f 10196 10088 10232
f 10232 10088 10087
f 10232 10087 10086
f 10218 10212 10131
f 10131 10212 10210
f 10131 10210 10129
f 10129 10210 10208
f 10129 10208 10133
f 10133 10208 10097
f 10133 10097 10096
f 10124 10112 10125
f 10125 10112 10111
f 10125 10111 10233
f 10234 10235 10221
f 10233 10236 10125
f 10125 10236 10237
f 10125 10237 10127
f 10127 10237 10238
f 10127 10238 10239
f 10222 10213 10221
f 10221 10213 10127
f 10221 10127 10234
f 10234 10127 10239
f 10235 10240 10221
f 10221 10240 10241
f 10221 10241 10112
f 10112 10241 10242
f 10112 10242 10110
f 10133 10243 10244
f 10245 10246 10179
f 10245 10179 10247
f 10096 10095 10133
f 10133 10095 10179
f 10133 10179 10243
f 10243 10179 10246
f 10248 10135 10249
f 10249 10135 10133
f 10249 10133 10250
f 10250 10133 10244
f 10180 10185 10179
f 10179 10185 10137
f 10179 10137 10247
f 10247 10137 10251
f 10248 10252 10135
f 10135 10252 10253
f 10135 10253 10137
f 10137 10253 10254
f 10137 10254 10251
f 10112 10255 10256
f 10108 10112 10113
f 10113 10112 10256
f 10113 10256 10257
f 10120 10258 10121
f 10121 10258 10259
f 10121 10259 10260
f 10260 10261 10121
f 10121 10261 10262
f 10121 10262 10112
f 10112 10262 10263
f 10112 10263 10255
f 10257 10264 10113
f 10113 10264 10265
f 10113 10265 10120
f 10120 10265 10266
f 10120 10266 10258
f 10122 10166 10120
f 10120 10166 10168
f 10120 10168 10113
f 10113 10168 10227
f 10113 10227 10074
f 10074 10227 10075
f 10175 10114 10176
f 10176 10114 10116
f 10176 10116 10232
f 10232 10116 10143
f 10232 10143 10196
f 10196 10143 10145
f 10196 10145 10197
f 10197 10145 10206
f 10189 10267 10268
f 10189 10268 10138
f 10138 10268 10269
f 10138 10269 10136
f 10136 10269 10270
f 10136 10270 10134
f 10134 10270 10271
f 10134 10271 10132
f 10132 10271 10272
f 10132 10272 10130
f 10130 10272 10273
f 10130 10273 10131
f 10131 10273 10274
f 10131 10274 10217
f 10217 10274 10275
f 10217 10275 10128
f 10128 10275 10276
f 10128 10276 10126
f 10126 10276 10277
f 10126 10277 10124
f 10124 10277 10278
f 10124 10278 10123
f 10123 10278 10279
f 10123 10279 10122
f 10122 10279 10280
f 10122 10280 10166
f 10166 10280 10281
f 10166 10281 10167
f 10282 10169 10283
f 10283 10169 10167
f 10283 10167 10281
f 10117 10119 10282
f 10282 10119 10170
f 10282 10170 10169
f 10117 10282 10160
f 10160 10282 10284
f 10160 10284 10159
f 10159 10284 10285
f 10159 10285 10151
f 10151 10285 10286
f 10151 10286 10152
f 10152 10286 10287
f 10152 10287 10150
f 10150 10287 10288
f 10150 10288 10149
f 10149 10288 10289
f 10149 10289 10148
f 10148 10289 10290
f 10148 10290 10144
f 10144 10290 10291
f 10144 10291 10146
f 10146 10291 10292
f 10146 10292 10147
f 10147 10292 10142
f 10142 10292 10293
f 10142 10293 10141
f 10141 10293 10294
f 10141 10294 10191
f 10191 10294 10267
f 10191 10267 10189
f 10295 10267 10294
f 10295 10294 10296
f 10296 10294 10293
f 10296 10293 10297
f 10297 10293 10292
f 10297 10292 10298
f 10298 10292 10291
f 10298 10291 10299
f 10299 10291 10290
f 10299 10290 10300
f 10300 10290 10289
f 10300 10289 10301
f 10301 10289 10288
f 10301 10288 10302
f 10302 10288 10287
f 10302 10287 10303
f 10303 10287 10286
f 10303 10286 10304
f 10304 10286 10285
f 10304 10285 10305
f 10305 10285 10284
f 10305 10284 10306
f 10306 10284 10282
f 10306 10282 10307
f 10307 10282 10283
f 10307 10283 10308
f 10308 10283 10281
f 10308 10281 10309
f 10302 10310 10301
f 10301 10310 10311
f 10301 10311 10300
f 10300 10311 10312
f 10300 10312 10299
f 10299 10312 10313
f 10299 10313 10298
f 10298 10313 10314
f 10298 10314 10297
f 10297 10314 10315
f 10297 10315 10296
f 10296 10315 10316
f 10296 10316 10295
f 10295 10316 10317
f 10295 10317 10318
f 10318 10317 10319
f 10318 10319 10320
f 10320 10319 10321
f 10320 10321 10322
f 10322 10321 10323
f 10322 10323 10324
f 10324 10323 10325
f 10324 10325 10326
f 10326 10325 10327
f 10326 10327 10328
f 10328 10327 10329
f 10328 10329 10330
f 10329 10331 10330
f 10330 10331 10332
f 10330 10332 10333
f 10333 10332 10334
f 10333 10334 10335
f 10335 10334 10336
f 10335 10336 10337
f 10337 10336 10338
f 10337 10338 10339
f 10339 10338 10340
f 10339 10340 10341
f 10341 10340 10342
f 10341 10342 10343
f 10343 10342 10344
f 10343 10344 10309
f 10309 10344 10345
f 10309 10345 10308
f 10308 10345 10346
f 10308 10346 10307
f 10307 10346 10347
f 10307 10347 10306
f 10306 10347 10348
f 10306 10348 10305
f 10305 10348 10349
f 10305 10349 10304
f 10304 10349 10350
f 10304 10350 10303
f 10303 10350 10351
f 10303 10351 10302
f 10302 10351 10352
f 10302 10352 10310
f 10317 10353 10354
f 10317 10354 10319
f 10319 10354 10355
f 10319 10355 10321
f 10321 10355 10356
f 10321 10356 10323
f 10323 10356 10357
f 10323 10357 10325
f 10325 10357 10358
f 10325 10358 10327
f 10327 10358 10359
f 10327 10359 10329
f 10329 10359 10360
f 10329 10360 10331
f 10331 10360 10361
f 10331 10361 10332
f 10332 10361 10362
f 10332 10362 10334
f 10334 10362 10363
f 10334 10363 10336
f 10336 10363 10364
f 10336 10364 10338
f 10338 10364 10365
f 10338 10365 10340
f 10340 10365 10366
f 10340 10366 10342
f 10342 10366 10367
f 10342 10367 10344
f 10344 10367 10368
f 10344 10368 10345
f 10345 10368 10369
f 10345 10369 10346
f 10346 10369 10370
f 10346 10370 10347
f 10347 10370 10371
f 10347 10371 10348
f 10348 10371 10372
f 10348 10372 10349
f 10349 10372 10373
f 10349 10373 10350
f 10350 10373 10374
f 10350 10374 10351
f 10351 10374 10375
f 10351 10375 10352
f 10352 10375 10376
f 10352 10376 10310
f 10310 10376 10377
f 10310 10377 10311
f 10311 10377 10378
f 10311 10378 10312
f 10312 10378 10379
f 10312 10379 10313
f 10313 10379 10380
f 10313 10380 10314
f 10314 10380 10381
f 10314 10381 10315
f 10315 10381 10382
f 10315 10382 10316
f 10316 10382 10353
f 10316 10353 10317
f 10368 10383 10384
f 10368 10384 10369
f 10369 10384 10385
f 10369 10385 10370
f 10370 10385 10386
f 10370 10386 10371
f 10371 10386 10387
f 10371 10387 10372
f 10372 10387 10388
f 10372 10388 10373
f 10373 10388 10389
f 10373 10389 10374
f 10374 10389 10390
f 10374 10390 10375
f 10375 10390 10391
f 10375 10391 10376
f 10376 10391 10392
f 10376 10392 10377
f 10377 10392 10393
f 10377 10393 10378
f 10378 10393 10394
f 10378 10394 10379
f 10379 10394 10395
f 10379 10395 10380
f 10380 10395 10396
f 10380 10396 10381
f 10381 10396 10397
f 10381 10397 10382
f 10382 10397 10398
f 10382 10398 10353
f 10353 10398 10399
f 10353 10399 10354
f 10354 10399 10400
f 10354 10400 10355
f 10355 10400 10401
f 10355 10401 10356
f 10356 10401 10402
f 10356 10402 10357
f 10357 10402 10403
f 10357 10403 10358
f 10358 10403 10404
f 10358 10404 10359
f 10359 10404 10405
f 10359 10405 10360
f 10360 10405 10406
f 10360 10406 10361
f 10361 10406 10407
f 10361 10407 10362
f 10362 10407 10408
f 10362 10408 10363
f 10363 10408 10409
f 10363 10409 10364
f 10364 10409 10410
f 10364 10410 10365
f 10365 10410 10411
f 10365 10411 10366
f 10366 10411 10412
f 10366 10412 10367
f 10367 10412 10383
f 10367 10383 10368
f 10413 10414 10415
f 10416 10417 10418
f 10418 10417 10419
f 10418 10419 10420
f 10421 10422 10423
f 10423 10422 10424
f 10425 10426 10420
f 10427 10428 10429
f 10429 10428 10430
f 10431 10432 10433
f 10433 10432 10434
f 10430 10435 10429
f 10429 10435 10436
f 10429 10436 10425
f 10425 10436 10437
f 10437 10438 10425
f 10425 10438 10439
f 10425 10439 10426
f 10426 10439 10431
f 10426 10431 10440
f 10440 10431 10433
f 10432 10441 10434
f 10434 10441 10442
f 10434 10442 10443
f 10443 10442 10427
f 10443 10427 10444
f 10444 10427 10429
f 10444 10429 10445
f 10445 10429 10446
f 10446 10447 10448
f 10448 10447 10449
f 10448 10449 10450
f 10450 10449 10451
f 10451 10449 10452
f 10451 10452 10453
f 10454 10455 10456
f 10456 10455 10457
f 10454 10456 10458
f 10458 10456 10459
f 10458 10459 10452
f 10452 10459 10460
f 10452 10460 10453
f 10461 10462 10463
f 10463 10462 10464
f 10463 10464 10465
f 10466 10467 10468
f 10469 10470 10471
f 10471 10470 10472
f 10472 10470 10473
f 10472 10473 10474
f 10468 10475 10466
f 10466 10475 10476
f 10466 10476 10477
f 10477 10476 10478
f 10477 10478 10479
f 10479 10478 10474
f 10479 10474 10480
f 10480 10474 10473
f 10471 10461 10469
f 10469 10461 10463
f 10469 10463 10481
f 10481 10463 10482
f 10481 10482 10483
f 10483 10482 10484
f 10483 10484 10485
f 10486 10487 10488
f 10424 10489 10423
f 10423 10489 10490
f 10423 10490 10491
f 10486 10488 10492
f 10492 10488 10493
f 10492 10493 10494
f 10495 10496 10449
f 10496 10497 10449
f 10449 10497 10498
f 10449 10498 10452
f 10452 10498 10499
f 10452 10499 10500
f 10501 10403 10502
f 10502 10403 10402
f 10502 10402 10503
f 10503 10402 10401
f 10503 10401 10504
f 10504 10401 10400
f 10504 10400 10505
f 10500 10506 10452
f 10452 10506 10398
f 10452 10398 10397
f 10505 10400 10506
f 10506 10400 10399
f 10506 10399 10398
f 10446 10429 10447
f 10447 10429 10403
f 10447 10403 10449
f 10449 10403 10501
f 10449 10501 10495
f 10420 10419 10425
f 10425 10419 10408
f 10425 10408 10407
f 10407 10406 10425
f 10425 10406 10405
f 10425 10405 10429
f 10429 10405 10404
f 10429 10404 10403
f 10410 10409 10507
f 10507 10409 10408
f 10507 10408 10508
f 10507 10509 10410
f 10410 10509 10510
f 10410 10510 10411
f 10411 10510 10511
f 10411 10511 10412
f 10412 10511 10512
f 10412 10512 10383
f 10384 10383 10513
f 10514 10515 10385
f 10385 10515 10386
f 10393 10392 10466
f 10466 10392 10391
f 10465 10467 10463
f 10463 10467 10466
f 10463 10466 10390
f 10390 10466 10391
f 10414 10516 10415
f 10415 10516 10457
f 10415 10457 10517
f 10517 10457 10455
f 10517 10455 10518
f 10518 10519 10517
f 10517 10519 10393
f 10517 10393 10415
f 10415 10393 10466
f 10415 10466 10413
f 10413 10466 10477
f 10519 10520 10393
f 10393 10520 10521
f 10393 10521 10394
f 10394 10521 10395
f 10521 10522 10395
f 10395 10522 10523
f 10395 10523 10396
f 10396 10523 10524
f 10396 10524 10397
f 10397 10524 10525
f 10397 10525 10452
f 10452 10525 10526
f 10452 10526 10458
f 10515 10527 10386
f 10386 10527 10528
f 10386 10528 10387
f 10387 10528 10529
f 10387 10529 10388
f 10388 10529 10530
f 10388 10530 10531
f 10531 10530 10532
f 10531 10532 10487
f 10487 10532 10533
f 10487 10533 10488
f 10385 10384 10514
f 10514 10384 10513
f 10514 10513 10534
f 10534 10513 10423
f 10534 10423 10494
f 10494 10423 10491
f 10494 10491 10492
f 10383 10512 10513
f 10513 10512 10535
f 10513 10535 10423
f 10535 10536 10423
f 10423 10536 10537
f 10423 10537 10421
f 10421 10537 10538
f 10421 10538 10539
f 10539 10538 10540
f 10539 10540 10541
f 10416 10422 10417
f 10417 10422 10421
f 10417 10421 10419
f 10419 10421 10539
f 10419 10539 10408
f 10408 10539 10541
f 10408 10541 10508
f 10486 10485 10487
f 10487 10485 10484
f 10487 10484 10531
f 10531 10484 10482
f 10531 10482 10388
f 10388 10482 10463
f 10388 10463 10389
f 10389 10463 10390
f 10460 10542 10543
f 10460 10543 10453
f 10453 10543 10544
f 10453 10544 10451
f 10451 10544 10545
f 10451 10545 10450
f 10450 10545 10546
f 10450 10546 10448
f 10448 10546 10547
f 10448 10547 10446
f 10446 10547 10548
f 10446 10548 10445
f 10445 10548 10549
f 10445 10549 10444
f 10444 10549 10550
f 10444 10550 10443
f 10443 10550 10551
f 10443 10551 10434
f 10434 10551 10552
f 10434 10552 10433
f 10433 10552 10553
f 10433 10553 10440
f 10440 10553 10554
f 10440 10554 10426
f 10426 10554 10555
f 10426 10555 10420
f 10420 10555 10556
f 10420 10556 10418
f 10418 10556 10557
f 10418 10557 10416
f 10416 10557 10558
f 10416 10558 10422
f 10422 10558 10559
f 10422 10559 10424
f 10424 10559 10560
f 10424 10560 10489
f 10489 10560 10561
f 10489 10561 10490
f 10490 10561 10562
f 10490 10562 10491
f 10491 10562 10563
f 10491 10563 10492
f 10492 10563 10564
f 10492 10564 10486
f 10486 10564 10565
f 10486 10565 10485
f 10485 10565 10566
f 10485 10566 10483
f 10483 10566 10567
f 10483 10567 10481
f 10481 10567 10568
f 10481 10568 10469
f 10469 10568 10569
f 10469 10569 10470
f 10470 10569 10570
f 10470 10570 10473
f 10473 10570 10571
f 10473 10571 10480
f 10480 10571 10572
f 10480 10572 10479
f 10479 10572 10573
f 10479 10573 10477
f 10477 10573 10574
f 10477 10574 10413
f 10413 10574 10575
f 10413 10575 10414
f 10414 10575 10576
f 10414 10576 10516
f 10516 10576 10577
f 10516 10577 10457
f 10457 10577 10578
f 10457 10578 10456
f 10456 10578 10579
f 10456 10579 10459
f 10459 10579 10542
f 10459 10542 10460
f 10561 10580 10581
f 10561 10581 10562
f 10562 10581 10582
f 10562 10582 10563
f 10563 10582 10583
f 10563 10583 10564
f 10564 10583 10584
f 10564 10584 10565
f 10565 10584 10585
f 10565 10585 10566
f 10566 10585 10586
f 10566 10586 10567
f 10567 10586 10587
f 10567 10587 10568
f 10568 10587 10588
f 10568 10588 10569
f 10569 10588 10589
f 10569 10589 10570
f 10570 10589 10590
f 10570 10590 10571
f 10571 10590 10591
f 10571 10591 10572
f 10572 10591 10592
f 10572 10592 10573
f 10573 10592 10593
f 10573 10593 10574
f 10574 10593 10594
f 10574 10594 10575
f 10575 10594 10595
f 10575 10595 10576
f 10576 10595 10596
f 10576 10596 10577
f 10577 10596 10597
f 10577 10597 10578
f 10578 10597 10598
f 10578 10598 10579
f 10579 10598 10599
f 10579 10599 10542
f 10542 10599 10600
f 10542 10600 10543
f 10543 10600 10601
f 10543 10601 10544
f 10544 10601 10602
f 10544 10602 10545
f 10545 10602 10603
f 10545 10603 10546
f 10546 10603 10604
f 10546 10604 10547
f 10547 10604 10605
f 10547 10605 10548
f 10548 10605 10606
f 10548 10606 10549
f 10549 10606 10607
f 10549 10607 10550
f 10550 10607 10608
f 10550 10608 10551
f 10551 10608 10609
f 10551 10609 10552
f 10552 10609 10610
f 10552 10610 10553
f 10553 10610 10611
f 10553 10611 10554
f 10554 10611 10612
f 10554 10612 10555
f 10555 10612 10613
f 10555 10613 10556
f 10556 10613 10614
f 10556 10614 10557
f 10557 10614 10615
f 10557 10615 10558
f 10558 10615 10616
f 10558 10616 10559
f 10559 10616 10617
f 10559 10617 10560
f 10560 10617 10580
f 10560 10580 10561
f 10618 10580 10617
f 10618 10617 10619
f 10619 10617 10616
f 10619 10616 10620
f 10620 10616 10615
f 10620 10615 10621
f 10621 10615 10614
f 10621 10614 10622
f 10622 10614 10613
f 10622 10613 10623
f 10623 10613 10612
f 10623 10612 10624
f 10624 10612 10611
f 10624 10611 10625
f 10625 10611 10610
f 10625 10610 10626
f 10626 10610 10609
f 10626 10609 10627
f 10627 10609 10608
f 10627 10608 10628
f 10628 10608 10607
f 10628 10607 10629
f 10629 10607 10606
f 10629 10606 10630
f 10630 10606 10605
f 10630 10605 10631
f 10631 10605 10604
f 10631 10604 10632
f 10632 10604 10603
f 10632 10603 10633
f 10633 10603 10602
f 10633 10602 10634
f 10634 10602 10601
f 10634 10601 10635
f 10635 10601 10600
f 10635 10600 10636
f 10636 10600 10599
f 10636 10599 10637
f 10596 10638 10597
f 10597 10638 10639
f 10597 10639 10598
f 10598 10639 10637
f 10598 10637 10599
f 10640 10641 10596
f 10596 10641 10642
f 10596 10642 10638
f 10596 10595 10640
f 10640 10595 10594
f 10640 10594 10643
f 10643 10594 10593
f 10643 10593 10644
f 10644 10593 10592
f 10644 10592 10645
f 10645 10592 10591
f 10645 10591 10646
f 10646 10591 10590
f 10646 10590 10647
f 10647 10590 10589
f 10647 10589 10648
f 10648 10589 10588
f 10648 10588 10649
f 10649 10588 10587
f 10649 10587 10650
f 10650 10587 10586
f 10650 10586 10651
f 10651 10586 10585
f 10651 10585 10652
f 10652 10585 10584
f 10652 10584 10653
f 10653 10584 10583
f 10653 10583 10654
f 10654 10583 10582
f 10654 10582 10655
f 10655 10582 10581
f 10655 10581 10656
f 10656 10581 10580
f 10656 10580 10618
f 10657 10658 10659
f 10660 10661 10662
f 10662 10661 10663
f 10662 10663 10637
f 10637 10663 10664
f 10637 10664 10636
f 10636 10664 10665
f 10636 10665 10635
f 10635 10665 10666
f 10635 10666 10634
f 10634 10666 10667
f 10668 10669 10670
f 10631 10632 10671
f 10671 10632 10633
f 10671 10633 10634
f 10630 10672 10673
f 10671 10674 10631
f 10631 10674 10675
f 10631 10675 10630
f 10630 10675 10676
f 10630 10676 10672
f 10627 10628 10677
f 10678 10679 10680
f 10680 10679 10681
f 10680 10681 10675
f 10675 10681 10682
f 10675 10682 10676
f 10677 10628 10673
f 10673 10628 10629
f 10673 10629 10630
f 10677 10683 10627
f 10627 10683 10684
f 10627 10684 10626
f 10626 10684 10685
f 10626 10685 10625
f 10625 10685 10686
f 10622 10623 10687
f 10687 10623 10624
f 10687 10624 10688
f 10688 10624 10625
f 10688 10625 10680
f 10680 10625 10686
f 10680 10686 10678
f 10620 10621 10689
f 10689 10621 10622
f 10659 10618 10619
f 10618 10659 10656
f 10656 10659 10658
f 10656 10658 10655
f 10690 10653 10654
f 10653 10690 10652
f 10652 10690 10691
f 10652 10691 10651
f 10651 10691 10692
f 10651 10692 10650
f 10693 10694 10695
f 10696 10692 10697
f 10697 10692 10693
f 10697 10693 10698
f 10698 10693 10695
f 10699 10649 10700
f 10700 10649 10650
f 10700 10650 10701
f 10701 10650 10692
f 10701 10692 10702
f 10702 10692 10696
f 10694 10693 10703
f 10703 10693 10645
f 10703 10645 10704
f 10704 10645 10646
f 10704 10646 10705
f 10705 10646 10647
f 10705 10647 10699
f 10699 10647 10648
f 10699 10648 10649
f 10643 10706 10640
f 10640 10706 10707
f 10640 10707 10641
f 10641 10708 10642
f 10642 10708 10709
f 10642 10709 10638
f 10710 10711 10662
f 10662 10711 10712
f 10662 10712 10707
f 10707 10712 10713
f 10638 10709 10639
f 10639 10709 10714
f 10639 10714 10637
f 10637 10714 10715
f 10637 10715 10662
f 10662 10715 10716
f 10662 10716 10710
f 10713 10717 10707
f 10707 10717 10718
f 10707 10718 10641
f 10641 10718 10719
f 10641 10719 10708
f 10669 10720 10670
f 10670 10720 10721
f 10670 10721 10722
f 10723 10724 10725
f 10725 10724 10726
f 10725 10726 10727
f 10727 10726 10728
f 10723 10729 10724
f 10724 10729 10730
f 10724 10730 10731
f 10730 10732 10731
f 10731 10732 10733
f 10731 10733 10659
f 10659 10733 10734
f 10659 10734 10657
f 10735 10037 10736
f 10736 10037 9893
f 9893 9928 10736
f 10736 9928 9919
f 10736 9919 9921
f 10675 9976 9968
f 10675 9968 10680
f 10680 9968 9967
f 10680 9967 9955
f 9986 9988 10722
f 9986 10722 9994
f 9988 10027 10722
f 10722 10027 10013
f 10722 10013 10737
f 10737 10013 10035
f 10737 10035 9943
f 10721 10738 10722
f 10722 10738 10739
f 10722 10739 9994
f 9881 9786 10740
f 10740 9786 9777
f 10740 9777 9770
f 9770 9772 10740
f 10740 9772 9805
f 10740 9805 10739
f 10739 9805 9883
f 10739 9883 9994
f 10741 10693 9867
f 9867 10693 9869
f 9869 10693 9870
f 9870 10693 10692
f 9870 10692 9871
f 9831 9834 10724
f 10724 9834 9825
f 10724 9825 10742
f 10742 9825 9879
f 10742 9879 9873
f 9906 9877 10731
f 10731 9877 9848
f 10731 9848 10724
f 10724 9848 9842
f 10724 9842 9831
f 10644 10645 10743
f 10743 10645 10693
f 10743 10693 10740
f 10740 10693 10741
f 10740 10741 9881
f 9881 10741 9867
f 10658 10744 10655
f 10655 10744 10728
f 10655 10728 10654
f 10654 10728 10726
f 10654 10726 10690
f 10690 10726 10724
f 10690 10724 10691
f 10691 10724 10742
f 10691 10742 10692
f 10692 10742 9873
f 10692 9873 9871
f 10643 10644 10706
f 10706 10644 10743
f 10706 10743 10707
f 10707 10743 10740
f 10707 10740 10662
f 10662 10740 10739
f 10662 10739 10660
f 10660 10739 10738
f 10731 10745 10746
f 10736 10747 10748
f 9921 9906 10736
f 10736 9906 10731
f 10736 10731 10747
f 10747 10731 10746
f 10748 10749 10736
f 10736 10749 10750
f 10736 10750 10689
f 10689 10750 10751
f 10689 10751 10752
f 10752 10753 10689
f 10689 10753 10659
f 10689 10659 10620
f 10620 10659 10619
f 10753 10754 10659
f 10659 10754 10755
f 10659 10755 10731
f 10731 10755 10756
f 10731 10756 10745
f 10667 10668 10634
f 10634 10668 10670
f 10634 10670 10671
f 10671 10670 10722
f 10671 10722 10674
f 10674 10722 10737
f 10674 10737 10675
f 10675 10737 9943
f 10675 9943 9976
f 10622 10687 10689
f 10689 10687 10688
f 10689 10688 10736
f 10736 10688 10680
f 10736 10680 10735
f 10735 10680 9955
f 10735 9955 10037
f 10454 10709 10455
f 10455 10709 10708
f 10455 10708 10518
f 10518 10708 10719
f 10518 10719 10519
f 10519 10719 10718
f 10519 10718 10520
f 10520 10718 10717
f 10520 10717 10521
f 10521 10717 10713
f 10521 10713 10522
f 10522 10713 10712
f 10522 10712 10523
f 10523 10712 10711
f 10523 10711 10524
f 10524 10711 10710
f 10524 10710 10525
f 10525 10710 10716
f 10525 10716 10526
f 10526 10716 10715
f 10526 10715 10458
f 10458 10715 10714
f 10458 10714 10454
f 10454 10714 10709
f 10509 10747 10510
f 10510 10747 10746
f 10510 10746 10511
f 10511 10746 10745
f 10511 10745 10512
f 10512 10745 10756
f 10512 10756 10535
f 10535 10756 10755
f 10535 10755 10536
f 10536 10755 10754
f 10536 10754 10537
f 10537 10754 10753
f 10537 10753 10538
f 10538 10753 10752
f 10538 10752 10540
f 10540 10752 10751
f 10540 10751 10541
f 10541 10751 10750
f 10541 10750 10508
f 10508 10750 10749
f 10508 10749 10507
f 10507 10749 10748
f 10507 10748 10509
f 10509 10748 10747
f 10528 10730 10529
f 10529 10730 10729
f 10529 10729 10530
f 10530 10729 10723
f 10530 10723 10532
f 10532 10723 10725
f 10532 10725 10533
f 10533 10725 10727
f 10533 10727 10488
f 10488 10727 10728
f 10488 10728 10493
f 10493 10728 10744
f 10493 10744 10494
f 10494 10744 10658
f 10494 10658 10534
f 10534 10658 10657
f 10534 10657 10514
f 10514 10657 10734
f 10514 10734 10515
f 10515 10734 10733
f 10515 10733 10527
f 10527 10733 10732
f 10527 10732 10528
f 10528 10732 10730
f 10498 10666 10499
f 10499 10666 10665
f 10499 10665 10500
f 10500 10665 10664
f 10500 10664 10506
f 10506 10664 10663
f 10506 10663 10505
f 10505 10663 10661
f 10505 10661 10504
f 10504 10661 10660
f 10504 10660 10503
f 10503 10660 10738
f 10503 10738 10502
f 10502 10738 10721
f 10502 10721 10501
f 10501 10721 10720
f 10501 10720 10495
f 10495 10720 10669
f 10495 10669 10496
f 10496 10669 10668
f 10496 10668 10497
f 10497 10668 10667
f 10497 10667 10498
f 10498 10667 10666
f 10476 10694 10478
f 10478 10694 10703
f 10478 10703 10474
f 10474 10703 10704
f 10474 10704 10472
f 10472 10704 10705
f 10472 10705 10471
f 10471 10705 10699
f 10471 10699 10461
f 10461 10699 10700
f 10461 10700 10462
f 10462 10700 10701
f 10462 10701 10464
f 10464 10701 10702
f 10464 10702 10465
f 10465 10702 10696
f 10465 10696 10467
f 10467 10696 10697
f 10467 10697 10468
f 10468 10697 10698
f 10468 10698 10475
f 10475 10698 10695
f 10475 10695 10476
f 10476 10695 10694
f 10428 10672 10430
f 10430 10672 10676
f 10430 10676 10435
f 10435 10676 10682
f 10435 10682 10436
f 10436 10682 10681
f 10436 10681 10437
f 10437 10681 10679
f 10437 10679 10438
f 10438 10679 10678
f 10438 10678 10439
f 10439 10678 10686
f 10439 10686 10431
f 10431 10686 10685
f 10431 10685 10432
f 10432 10685 10684
f 10432 10684 10441
f 10441 10684 10683
f 10441 10683 10442
f 10442 10683 10677
f 10442 10677 10427
f 10427 10677 10673
f 10427 10673 10428
f 10428 10673 10672
f 10309 10281 10280
f 10309 10280 10343
f 10343 10280 10279
f 10343 10279 10341
f 10341 10279 10278
f 10341 10278 10339
f 10339 10278 10277
f 10339 10277 10337
f 10337 10277 10276
f 10337 10276 10335
f 10335 10276 10275
f 10335 10275 10333
f 10333 10275 10274
f 10333 10274 10330
f 10330 10274 10273
f 10330 10273 10328
f 10328 10273 10272
f 10328 10272 10326
f 10326 10272 10271
f 10326 10271 10324
f 10324 10271 10270
f 10324 10270 10322
f 10322 10270 10269
f 10322 10269 10320
f 10320 10269 10268
f 10320 10268 10318
f 10318 10268 10267
f 10318 10267 10295
f 10757 10226 10758
f 10758 10226 10228
f 10758 10228 10759
f 10759 10228 10231
f 10759 10231 10760
f 10760 10231 10230
f 10760 10230 10761
f 10761 10230 10229
f 10761 10229 10762
f 10762 10229 10223
f 10762 10223 10763
f 10763 10223 10224
f 10760 10764 10759
f 10759 10764 10765
f 10759 10765 10758
f 10758 10765 10766
f 10758 10766 10757
f 10757 10766 10767
f 10757 10767 10768
f 10768 10767 10769
f 10768 10769 10770
f 10770 10769 10771
f 10770 10771 10772
f 10771 10773 10772
f 10772 10773 10774
f 10772 10774 10775
f 10775 10774 10776
f 10775 10776 10777
f 10777 10776 10778
f 10777 10778 10763
f 10763 10778 10779
f 10763 10779 10762
f 10762 10779 10780
f 10762 10780 10761
f 10761 10780 10781
f 10761 10781 10760
f 10760 10781 10782
f 10760 10782 10764
f 9822 9827 10771
f 9824 9823 10773
f 9839 9838 10774
f 9843 10779 9841
f 9841 10779 10778
f 9836 9835 10776
f 10776 9835 9833
f 10776 9833 10778
f 10778 9833 9832
f 10778 9832 9841
f 10774 9838 10776
f 10776 9838 9837
f 10776 9837 9836
f 10773 9823 10774
f 10774 9823 9840
f 10774 9840 9839
f 10771 9827 10773
f 10773 9827 9826
f 10773 9826 9824
f 10769 10767 9829
f 9829 9828 10769
f 10769 9828 9820
f 10769 9820 10771
f 10771 9820 9819
f 10771 9819 9822
f 9862 9829 10767
f 9858 9857 10765
f 10765 9857 9866
f 10765 9866 10766
f 10766 9866 9865
f 10766 9865 10767
f 10767 9865 9863
f 10767 9863 9862
f 9858 10765 9860
f 9860 10765 10764
f 9860 10764 9861
f 9849 9845 10782
f 10782 9845 9844
f 10782 9844 10764
f 10764 9844 9847
f 10764 9847 9861
f 9853 9852 10781
f 10781 9852 9851
f 10781 9851 10782
f 10782 9851 9850
f 10782 9850 9849
f 9853 10781 9854
f 9854 10781 10780
f 9854 10780 9855
f 9855 10780 9856
f 9856 10780 10779
f 9856 10779 9843
f 10763 10224 10777
f 10777 10224 10225
f 10777 10225 10775
f 10775 10225 10161
f 10775 10161 10772
f 10772 10161 10162
f 10772 10162 10770
f 10770 10162 10163
f 10770 10163 10768
f 10768 10163 10165
f 10768 10165 10757
f 10757 10165 10226
f 10783 10256 10784
f 10784 10256 10255
f 10784 10255 10785
f 10785 10255 10263
f 10785 10263 10786
f 10786 10263 10262
f 10786 10262 10787
f 10787 10262 10261
f 10787 10261 10788
f 10788 10261 10260
f 10788 10260 10789
f 10789 10260 10259
f 10790 10791 10792
f 10792 10791 10793
f 10792 10793 10794
f 10794 10793 10795
f 10794 10795 10789
f 10789 10795 10796
f 10789 10796 10788
f 10788 10796 10797
f 10788 10797 10787
f 10787 10797 10798
f 10787 10798 10786
f 10798 10799 10786
f 10786 10799 10800
f 10786 10800 10785
f 10785 10800 10801
f 10785 10801 10784
f 10784 10801 10802
f 10784 10802 10783
f 10783 10802 10803
f 10783 10803 10804
f 10804 10803 10805
f 10804 10805 10806
f 10806 10805 10807
f 10806 10807 10790
f 10790 10807 10808
f 10790 10808 10791
f 9909 9908 10793
f 10793 9908 10795
f 9908 9907 10795
f 10795 9907 9925
f 10795 9925 10796
f 10796 9925 9924
f 10796 9924 9923
f 9913 9912 10791
f 10791 9912 9911
f 10791 9911 10793
f 10793 9911 9910
f 10793 9910 9909
f 9918 10808 9905
f 9905 10808 10807
f 9905 10807 9903
f 9918 9917 10808
f 10808 9917 9916
f 10808 9916 10791
f 10791 9916 9915
f 10791 9915 9913
f 9900 9899 10803
f 10803 9899 9897
f 10803 9897 10805
f 10805 9897 9896
f 10805 9896 10807
f 10807 9896 9901
f 10807 9901 9903
f 9900 10803 9887
f 9887 10803 10802
f 9892 9891 10801
f 10801 9891 9890
f 10801 9890 10802
f 10802 9890 9888
f 10802 9888 9887
f 9892 10801 9894
f 9894 10801 10800
f 9894 10800 9895
f 9929 9932 10799
f 10799 9932 9931
f 10799 9931 10800
f 10800 9931 9930
f 10800 9930 9895
f 9929 10799 9926
f 9926 10799 10798
f 9926 10798 9927
f 9920 9935 10797
f 10797 9935 9934
f 10797 9934 10798
f 10798 9934 9933
f 10798 9933 9927
f 9920 10797 9922
f 9922 10797 10796
f 9922 10796 9923
f 10789 10259 10794
f 10794 10259 10258
f 10794 10258 10792
f 10792 10258 10266
f 10792 10266 10790
f 10790 10266 10265
f 10790 10265 10806
f 10806 10265 10264
f 10806 10264 10804
f 10804 10264 10257
f 10804 10257 10783
f 10783 10257 10256
f 10809 10209 10810
f 10810 10209 10211
f 10810 10211 10811
f 10811 10211 10212
f 10811 10212 10812
f 10812 10212 10218
f 10812 10218 10813
f 10813 10218 10216
f 10813 10216 10814
f 10814 10216 10215
f 10814 10215 10815
f 10815 10215 10214
f 10812 10816 10811
f 10811 10816 10817
f 10811 10817 10810
f 10810 10817 10818
f 10810 10818 10809
f 10809 10818 10819
f 10809 10819 10820
f 10820 10819 10821
f 10820 10821 10822
f 10822 10821 10823
f 10822 10823 10824
f 10823 10825 10824
f 10824 10825 10826
f 10824 10826 10827
f 10827 10826 10828
f 10827 10828 10829
f 10829 10828 10830
f 10829 10830 10815
f 10815 10830 10831
f 10815 10831 10814
f 10814 10831 10832
f 10814 10832 10813
f 10813 10832 10833
f 10813 10833 10812
f 10812 10833 10834
f 10812 10834 10816
f 10830 9959 10831
f 10831 9959 9958
f 10831 9958 9957
f 9964 9963 10828
f 10828 9963 9962
f 10828 9962 10830
f 10830 9962 9961
f 10830 9961 9959
f 9952 9951 10825
f 10825 9951 10826
f 9951 9949 10826
f 10826 9949 9947
f 10826 9947 10828
f 10828 9947 9946
f 10828 9946 9964
f 9939 9940 10823
f 10823 9940 9885
f 10823 9885 10825
f 10825 9885 9884
f 10825 9884 9952
f 9939 10823 9936
f 9936 10823 10821
f 9936 10821 9937
f 9945 9944 10819
f 10819 9944 9942
f 10819 9942 10821
f 10821 9942 9941
f 10821 9941 9937
f 9954 9953 10832
f 9945 10819 9978
f 9978 10819 10818
f 10817 9980 10818
f 10818 9980 9979
f 10818 9979 9978
f 9981 9975 10816
f 10816 9975 9974
f 10816 9974 10817
f 10817 9974 9977
f 10817 9977 9980
f 10834 9970 10816
f 10816 9970 9969
f 9969 9983 10816
f 10816 9983 9982
f 10816 9982 9981
f 9972 9971 10833
f 10833 9971 9966
f 10833 9966 10834
f 10834 9966 9965
f 10834 9965 9970
f 10832 9953 10833
f 10833 9953 9973
f 10833 9973 9972
f 10831 9957 10832
f 10832 9957 9956
f 10832 9956 9954
f 10815 10214 10829
f 10829 10214 10213
f 10829 10213 10827
f 10827 10213 10222
f 10827 10222 10824
f 10824 10222 10220
f 10824 10220 10822
f 10822 10220 10219
f 10822 10219 10820
f 10820 10219 10207
f 10820 10207 10809
f 10809 10207 10209
f 10835 10253 10836
f 10836 10253 10252
f 10836 10252 10837
f 10837 10252 10248
f 10837 10248 10838
f 10838 10248 10249
f 10838 10249 10839
f 10839 10249 10250
f 10839 10250 10840
f 10840 10250 10244
f 10840 10244 10841
f 10841 10244 10243
f 10838 10842 10837
f 10837 10842 10843
f 10837 10843 10836
f 10836 10843 10844
f 10836 10844 10835
f 10835 10844 10845
f 10835 10845 10846
f 10846 10845 10847
f 10846 10847 10848
f 10848 10847 10849
f 10848 10849 10850
f 10849 10851 10850
f 10850 10851 10852
f 10850 10852 10853
f 10853 10852 10854
f 10853 10854 10855
f 10855 10854 10856
f 10855 10856 10841
f 10841 10856 10857
f 10841 10857 10840
f 10840 10857 10858
f 10840 10858 10839
f 10839 10858 10859
f 10839 10859 10838
f 10838 10859 10860
f 10838 10860 10842
f 10024 10023 10857
f 10004 10003 10854
f 10854 10003 10012
f 10854 10012 10856
f 10856 10012 10011
f 10856 10011 10857
f 10857 10011 10009
f 10857 10009 10024
f 10004 10854 10006
f 10006 10854 10852
f 10006 10852 10007
f 9995 9991 10851
f 10851 9991 9990
f 10851 9990 10852
f 10852 9990 9993
f 10852 9993 10007
f 9999 9998 10849
f 10849 9998 9997
f 10849 9997 10851
f 10851 9997 9996
f 10851 9996 9995
f 9999 10849 10000
f 10000 10849 10847
f 10000 10847 10001
f 10001 10847 10002
f 10002 10847 10845
f 10002 10845 9984
f 9984 10845 9985
f 9985 10845 10844
f 9985 10844 9987
f 10843 10030 10844
f 10844 10030 10029
f 10029 10028 10844
f 10844 10028 9989
f 10844 9989 9987
f 10842 10026 10843
f 10843 10026 10025
f 10843 10025 10030
f 10033 10032 10842
f 10842 10032 10031
f 10842 10031 10026
f 10859 10021 10860
f 10860 10021 10020
f 10020 10019 10860
f 10860 10019 10015
f 10860 10015 10842
f 10842 10015 10014
f 10842 10014 10033
f 10858 10857 10023
f 10023 10022 10858
f 10858 10022 10017
f 10858 10017 10859
f 10859 10017 10016
f 10859 10016 10021
f 10841 10243 10855
f 10855 10243 10246
f 10855 10246 10853
f 10853 10246 10245
f 10853 10245 10850
f 10850 10245 10247
f 10850 10247 10848
f 10848 10247 10251
f 10848 10251 10846
f 10846 10251 10254
f 10846 10254 10835
f 10835 10254 10253
f 10861 10203 10862
f 10862 10203 10202
f 10862 10202 10863
f 10863 10202 10201
f 10863 10201 10864
f 10864 10201 10200
f 10864 10200 10865
f 10865 10200 10199
f 10865 10199 10866
f 10866 10199 10195
f 10866 10195 10867
f 10867 10195 10194
f 10864 10868 10863
f 10863 10868 10869
f 10863 10869 10862
f 10862 10869 10870
f 10862 10870 10861
f 10861 10870 10871
f 10861 10871 10872
f 10872 10871 10873
f 10872 10873 10874
f 10874 10873 10875
f 10874 10875 10876
f 10875 10877 10876
f 10876 10877 10878
f 10876 10878 10879
f 10879 10878 10880
f 10879 10880 10881
f 10881 10880 10882
f 10881 10882 10867
f 10867 10882 10883
f 10867 10883 10866
f 10866 10883 10884
f 10866 10884 10865
f 10865 10884 10885
f 10865 10885 10864
f 10864 10885 10886
f 10864 10886 10868
f 9797 10883 9782
f 9782 10883 10882
f 9782 10882 9783
f 9783 10882 9784
f 9784 10882 10880
f 9784 10880 9785
f 9785 10880 9787
f 9787 10880 10878
f 9787 10878 9788
f 10877 9775 9792
f 9792 9791 10877
f 10877 9791 9790
f 10877 9790 10878
f 10878 9790 9789
f 10878 9789 9788
f 9775 10877 9776
f 9776 10877 10875
f 9776 10875 9778
f 10873 9780 10875
f 10875 9780 9779
f 10875 9779 9778
f 10871 9803 10873
f 10873 9803 9774
f 9774 9773 10873
f 10873 9773 9771
f 10873 9771 9780
f 9809 9808 10869
f 10869 9808 10870
f 9808 9807 10870
f 10870 9807 9806
f 10870 9806 10871
f 10871 9806 9804
f 10871 9804 9803
f 9813 9812 10868
f 10868 9812 9811
f 10868 9811 10869
f 10869 9811 9810
f 10869 9810 9809
f 9818 10886 9802
f 9802 10886 10885
f 9802 10885 9800
f 9818 9817 10886
f 10886 9817 9816
f 10886 9816 10868
f 10868 9816 9815
f 10868 9815 9813
f 9797 9796 10883
f 10883 9796 9794
f 10883 9794 10884
f 10884 9794 9793
f 10884 9793 10885
f 10885 9793 9798
f 10885 9798 9800
f 10867 10194 10881
f 10881 10194 10198
f 10881 10198 10879
f 10879 10198 10197
f 10879 10197 10876
f 10876 10197 10206
f 10876 10206 10874
f 10874 10206 10205
f 10874 10205 10872
f 10872 10205 10204
f 10872 10204 10861
f 10861 10204 10203
f 10887 10178 10888
f 10888 10178 10177
f 10888 10177 10889
f 10889 10177 10184
f 10889 10184 10890
f 10890 10184 10182
f 10890 10182 10891
f 10891 10182 10193
f 10891 10193 10892
f 10892 10193 10192
f 10892 10192 10893
f 10893 10192 10190
f 10893 10190 10894
f 10894 10190 10188
f 10894 10188 10895
f 10895 10188 10187
f 10895 10187 10896
f 10896 10187 10186
f 10896 10186 10897
f 10897 10186 10185
f 10897 10185 10898
f 10898 10185 10180
f 10898 10180 10887
f 10887 10180 10178
f 10892 10893 10891
f 10891 10893 10894
f 10897 10898 10896
f 10896 10898 10894
f 10896 10894 10895
f 10890 10891 10889
f 10889 10891 10894
f 10889 10894 10888
f 10888 10894 10898
f 10888 10898 10887
f 10899 10111 10900
f 10900 10111 10110
f 10900 10110 10901
f 10901 10110 10242
f 10901 10242 10902
f 10902 10242 10241
f 10902 10241 10903
f 10903 10241 10240
f 10903 10240 10904
f 10904 10240 10235
f 10904 10235 10905
f 10905 10235 10234
f 10905 10234 10906
f 10906 10234 10239
f 10906 10239 10907
f 10907 10239 10238
f 10907 10238 10908
f 10908 10238 10237
f 10908 10237 10909
f 10909 10237 10236
f 10909 10236 10910
f 10910 10236 10233
f 10910 10233 10899
f 10899 10233 10111
f 10903 10904 10905
f 10909 10910 10899
f 10901 10902 10903
f 10908 10909 10907
f 10907 10909 10899
f 10907 10899 10906
f 10906 10899 10905
f 10905 10899 10903
f 10903 10899 10900
f 10903 10900 10901
f 10911 10172 10912
f 10912 10172 10171
f 10912 10171 10913
f 10913 10171 10153
f 10913 10153 10914
f 10914 10153 10157
f 10914 10157 10915
f 10915 10157 10156
f 10915 10156 10916
f 10916 10156 10155
f 10916 10155 10917
f 10917 10155 10154
f 10917 10154 10918
f 10918 10154 10115
f 10918 10115 10919
f 10919 10115 10114
f 10919 10114 10920
f 10920 10114 10175
f 10920 10175 10921
f 10921 10175 10174
f 10921 10174 10922
f 10922 10174 10173
f 10922 10173 10911
f 10911 10173 10172
f 10915 10916 10917
f 10921 10922 10911
f 10913 10914 10915
f 10920 10921 10919
f 10919 10921 10911
f 10919 10911 10918
f 10918 10911 10917
f 10917 10911 10915
f 10915 10911 10912
f 10915 10912 10913
