# Optimized FR_calf.obj
v 0.23967 -0.02864 0.02978
v 0.23992 -0.02864 0.03048
v 0.23782 -0.02864 0.03020
v 0.23730 -0.02864 0.03167
v 0.23196 -0.02864 0.05662
v 0.22955 -0.02864 0.05660
v 0.23045 -0.02864 0.05417
v 0.22815 -0.02864 0.05392
v 0.22938 -0.02864 0.05149
v 0.22719 -0.02864 0.05105
v 0.22877 -0.02864 0.04868
v 0.22670 -0.02864 0.04806
v 0.22864 -0.02864 0.04580
v 0.22669 -0.02864 0.04503
v 0.22900 -0.02864 0.04294
v 0.22717 -0.02864 0.04204
v 0.22984 -0.02864 0.04019
v 0.22811 -0.02864 0.03917
v 0.23113 -0.02864 0.03761
v 0.22950 -0.02864 0.03648
v 0.23284 -0.02864 0.03529
v 0.23129 -0.02864 0.03404
v 0.23492 -0.02864 0.03329
v 0.23345 -0.02864 0.03192
v 0.23592 -0.02864 0.03017
v 0.24574 -0.02864 0.02949
v 0.24576 -0.02864 0.02750
v 0.24861 -0.02864 0.02975
v 0.24877 -0.02864 0.02776
v 0.25139 -0.02864 0.03049
v 0.25171 -0.02864 0.02850
v 0.25401 -0.02864 0.03170
v 0.25449 -0.02864 0.02969
v 0.25639 -0.02864 0.03332
v 0.25705 -0.02864 0.03131
v 0.25846 -0.02864 0.03532
v 0.25931 -0.02864 0.03331
v 0.26016 -0.02864 0.03765
v 0.26123 -0.02864 0.03565
v 0.26145 -0.02864 0.04023
v 0.26276 -0.02864 0.03826
v 0.26228 -0.02864 0.04298
v 0.26385 -0.02864 0.04109
v 0.26448 -0.02864 0.04405
v 0.26264 -0.02864 0.04584
v 0.26463 -0.02864 0.04707
v 0.26250 -0.02864 0.04872
v 0.26430 -0.02864 0.05008
v 0.26188 -0.02864 0.05153
v 0.26349 -0.02864 0.05299
v 0.26080 -0.02864 0.05420
v 0.26224 -0.02864 0.05575
v 0.25929 -0.02864 0.05665
v 0.26056 -0.02864 0.05827
v 0.25738 -0.02864 0.05881
v 0.25850 -0.02864 0.06048
v 0.25513 -0.02864 0.06061
v 0.25612 -0.02864 0.06235
v 0.25261 -0.02864 0.06201
v 0.25347 -0.02864 0.06381
v 0.24990 -0.02864 0.06297
v 0.25062 -0.02864 0.06484
v 0.24706 -0.02864 0.06345
v 0.24765 -0.02864 0.06539
v 0.24418 -0.02864 0.06345
v 0.24462 -0.02864 0.06547
v 0.24134 -0.02864 0.06296
v 0.24162 -0.02864 0.06507
v 0.23862 -0.02864 0.06200
v 0.23872 -0.02864 0.06420
v 0.23611 -0.02864 0.06059
v 0.23600 -0.02864 0.06288
v 0.23387 -0.02864 0.05878
v 0.23352 -0.02864 0.06114
v 0.23135 -0.02864 0.05903
v 0.23992 -0.02800 0.03048
v 0.23967 -0.02800 0.02978
v 0.23730 -0.02800 0.03167
v 0.23782 -0.02800 0.03020
v 0.23592 -0.02800 0.03017
v 0.23284 -0.02800 0.03529
v 0.23492 -0.02800 0.03329
v 0.23345 -0.02800 0.03192
v 0.23129 -0.02800 0.03404
v 0.23113 -0.02800 0.03761
v 0.22950 -0.02800 0.03648
v 0.22984 -0.02800 0.04019
v 0.22811 -0.02800 0.03917
v 0.22900 -0.02800 0.04294
v 0.22717 -0.02800 0.04204
v 0.22864 -0.02800 0.04580
v 0.22669 -0.02800 0.04503
v 0.22877 -0.02800 0.04868
v 0.22670 -0.02800 0.04806
v 0.22938 -0.02800 0.05149
v 0.22719 -0.02800 0.05105
v 0.23045 -0.02800 0.05417
v 0.22815 -0.02800 0.05392
v 0.23196 -0.02800 0.05662
v 0.24576 -0.02800 0.02750
v 0.24574 -0.02800 0.02949
v 0.24877 -0.02800 0.02776
v 0.24861 -0.02800 0.02975
v 0.25171 -0.02800 0.02850
v 0.25139 -0.02800 0.03049
v 0.25449 -0.02800 0.02969
v 0.25401 -0.02800 0.03170
v 0.25705 -0.02800 0.03131
v 0.25639 -0.02800 0.03332
v 0.25931 -0.02800 0.03331
v 0.25846 -0.02800 0.03532
v 0.26123 -0.02800 0.03565
v 0.26016 -0.02800 0.03765
v 0.26276 -0.02800 0.03826
v 0.26145 -0.02800 0.04023
v 0.26385 -0.02800 0.04109
v 0.26228 -0.02800 0.04298
v 0.22955 -0.02800 0.05660
v 0.23135 -0.02800 0.05903
v 0.23387 -0.02800 0.05878
v 0.23352 -0.02800 0.06114
v 0.23611 -0.02800 0.06059
v 0.23600 -0.02800 0.06288
v 0.23862 -0.02800 0.06200
v 0.23872 -0.02800 0.06420
v 0.24134 -0.02800 0.06296
v 0.24162 -0.02800 0.06507
v 0.24418 -0.02800 0.06345
v 0.24462 -0.02800 0.06547
v 0.24706 -0.02800 0.06345
v 0.24765 -0.02800 0.06539
v 0.24990 -0.02800 0.06297
v 0.25062 -0.02800 0.06484
v 0.25261 -0.02800 0.06201
v 0.25347 -0.02800 0.06381
v 0.25513 -0.02800 0.06061
v 0.25612 -0.02800 0.06235
v 0.25738 -0.02800 0.05881
v 0.25850 -0.02800 0.06048
v 0.25929 -0.02800 0.05665
v 0.26056 -0.02800 0.05827
v 0.26080 -0.02800 0.05420
v 0.26224 -0.02800 0.05575
v 0.26188 -0.02800 0.05153
v 0.26349 -0.02800 0.05299
v 0.26250 -0.02800 0.04872
v 0.26430 -0.02800 0.05008
v 0.26264 -0.02800 0.04584
v 0.26463 -0.02800 0.04707
v 0.26448 -0.02800 0.04405
v 0.24639 -0.02650 0.01727
v 0.25945 -0.02650 0.01352
v 0.26066 -0.02650 0.01773
v 0.23643 -0.02650 0.01485
v 0.24500 -0.02650 0.01240
v 0.24265 -0.02650 0.00822
v 0.23504 -0.02650 0.00998
v 0.23655 -0.02650 0.00919
v 0.24883 -0.02650 0.00823
v 0.25493 -0.02650 0.00924
v 0.28276 -0.02650 0.05634
v 0.28229 -0.02650 0.05493
v 0.28314 -0.02650 0.05475
v 0.25169 -0.02650 0.08442
v 0.24867 -0.02650 0.07993
v 0.25460 -0.02650 0.07823
v 0.25010 -0.02650 0.06804
v 0.24559 -0.02650 0.06921
v 0.24684 -0.02650 0.06847
v 0.26565 -0.02650 0.03735
v 0.26406 -0.02650 0.03447
v 0.26540 -0.02650 0.03426
v 0.23801 -0.02650 0.02586
v 0.23502 -0.02650 0.02723
v 0.23353 -0.02650 0.02715
v 0.28010 -0.02650 0.04296
v 0.28333 -0.02650 0.05383
v 0.28278 -0.02650 0.05253
v 0.28192 -0.02650 0.05408
v 0.28247 -0.02650 0.05375
v 0.28279 -0.02650 0.05318
v 0.27542 -0.02650 0.05690
v 0.27208 -0.02650 0.04526
v 0.28036 -0.02650 0.05258
v 0.28244 -0.02650 0.05198
v 0.28188 -0.02650 0.05166
v 0.27895 -0.02650 0.04329
v 0.28123 -0.02650 0.05168
v 0.28068 -0.02650 0.05201
v 0.28037 -0.02650 0.05322
v 0.28071 -0.02650 0.05378
v 0.28127 -0.02650 0.05409
v 0.25861 -0.02650 0.01036
v 0.25867 -0.02650 0.01107
v 0.25803 -0.02650 0.01097
v 0.25727 -0.02650 0.01309
v 0.25774 -0.02650 0.01339
v 0.25829 -0.02650 0.01346
v 0.25889 -0.02650 0.01323
v 0.25930 -0.02650 0.01272
v 0.25750 -0.02650 0.01115
v 0.25710 -0.02650 0.01154
v 0.25692 -0.02650 0.01207
v 0.25698 -0.02650 0.01262
v 0.25917 -0.02650 0.01148
v 0.26079 -0.02650 0.01121
v 0.25940 -0.02650 0.01208
v 0.22294 -0.02650 0.07347
v 0.22245 -0.02650 0.07322
v 0.22393 -0.02650 0.07167
v 0.22184 -0.02650 0.07565
v 0.22240 -0.02650 0.07566
v 0.22266 -0.02650 0.07578
v 0.22291 -0.02650 0.07543
v 0.22492 -0.02650 0.07513
v 0.22326 -0.02650 0.07500
v 0.22340 -0.02650 0.07446
v 0.22328 -0.02650 0.07391
v 0.22125 -0.02650 0.07357
v 0.22093 -0.02650 0.07413
v 0.21787 -0.02650 0.07303
v 0.22094 -0.02650 0.07478
v 0.22128 -0.02650 0.07533
v 0.22249 -0.02650 0.07714
v 0.27459 -0.02650 0.06634
v 0.27718 -0.02650 0.06840
v 0.27326 -0.02650 0.07318
v 0.26958 -0.02650 0.07334
v 0.26894 -0.02650 0.07324
v 0.26154 -0.02650 0.07009
v 0.26833 -0.02650 0.07348
v 0.27021 -0.02650 0.07500
v 0.27031 -0.02650 0.07436
v 0.27008 -0.02650 0.07375
v 0.26988 -0.02650 0.07544
v 0.26862 -0.02650 0.07726
v 0.26938 -0.02650 0.07570
v 0.26793 -0.02650 0.07398
v 0.26782 -0.02650 0.07452
v 0.26317 -0.02650 0.07577
v 0.26796 -0.02650 0.07506
v 0.26440 -0.02650 0.08000
v 0.26832 -0.02650 0.07549
v 0.26883 -0.02650 0.07571
v 0.22517 -0.02650 0.05870
v 0.22175 -0.02650 0.04677
v 0.22449 -0.02650 0.05256
v 0.22382 -0.02650 0.04934
v 0.22010 -0.02650 0.04104
v 0.22395 -0.02650 0.04279
v 0.22364 -0.02650 0.04606
v 0.23227 -0.02650 0.02903
v 0.22981 -0.02650 0.03122
v 0.21744 -0.02650 0.03176
v 0.22771 -0.02650 0.03375
v 0.22601 -0.02650 0.03656
v 0.22475 -0.02650 0.03960
v 0.25096 -0.02650 0.02515
v 0.24772 -0.02650 0.02460
v 0.24804 -0.02650 0.02299
v 0.24443 -0.02650 0.02453
v 0.26375 -0.02650 0.02852
v 0.26206 -0.02650 0.03186
v 0.25970 -0.02650 0.02958
v 0.26109 -0.02650 0.01925
v 0.25702 -0.02650 0.02767
v 0.25408 -0.02650 0.02619
v 0.26679 -0.02650 0.04044
v 0.26882 -0.02650 0.04619
v 0.26745 -0.02650 0.04366
v 0.26356 -0.02650 0.05925
v 0.26526 -0.02650 0.05644
v 0.27216 -0.02650 0.05784
v 0.26653 -0.02650 0.05340
v 0.26732 -0.02650 0.05021
v 0.26763 -0.02650 0.04694
v 0.26146 -0.02650 0.06178
v 0.27315 -0.02650 0.06131
v 0.26009 -0.02650 0.06505
v 0.25326 -0.02650 0.06714
v 0.25625 -0.02650 0.06577
v 0.25901 -0.02650 0.06397
v 0.24356 -0.02650 0.06840
v 0.23158 -0.02650 0.06342
v 0.23426 -0.02650 0.06533
v 0.22851 -0.02650 0.07035
v 0.23719 -0.02650 0.06681
v 0.24031 -0.02650 0.06785
v 0.22950 -0.02650 0.07382
v 0.22563 -0.02650 0.05565
v 0.22722 -0.02650 0.05853
v 0.22921 -0.02650 0.06114
v 0.21070 -0.02650 0.05206
v 0.21057 -0.02650 0.04998
v 0.21092 -0.02650 0.05258
v 0.21399 -0.02650 0.06191
v 0.21089 -0.02650 0.05313
v 0.21019 -0.02650 0.05166
v 0.20727 -0.02650 0.04485
v 0.20893 -0.02650 0.04424
v 0.20773 -0.02650 0.04039
v 0.20873 -0.02650 0.05708
v 0.20751 -0.02650 0.05103
v 0.20844 -0.02650 0.05293
v 0.20955 -0.02650 0.05156
v 0.20895 -0.02650 0.05179
v 0.20854 -0.02650 0.05229
v 0.20867 -0.02650 0.05353
v 0.20909 -0.02650 0.05390
v 0.21090 -0.02650 0.06287
v 0.20963 -0.02650 0.05405
v 0.21018 -0.02650 0.05395
v 0.21063 -0.02650 0.05362
v 0.21398 -0.02650 0.06823
v 0.21832 -0.02650 0.06067
v 0.22166 -0.02650 0.07231
v 0.22180 -0.02650 0.07323
v 0.22314 -0.02650 0.07762
v 0.22611 -0.02650 0.07957
v 0.22695 -0.02650 0.08004
v 0.23095 -0.02650 0.07886
v 0.22770 -0.02650 0.08045
v 0.23338 -0.02650 0.08289
v 0.24456 -0.02650 0.08230
v 0.24435 -0.02650 0.08291
v 0.24553 -0.02650 0.08490
v 0.23937 -0.02650 0.08439
v 0.24490 -0.02650 0.08404
v 0.24447 -0.02650 0.08355
v 0.24657 -0.02650 0.08222
v 0.24682 -0.02650 0.08272
v 0.24682 -0.02650 0.08327
v 0.24613 -0.02650 0.08187
v 0.24559 -0.02650 0.08175
v 0.24505 -0.02650 0.08188
v 0.24551 -0.02650 0.08425
v 0.24615 -0.02650 0.08412
v 0.24658 -0.02650 0.08377
v 0.25921 -0.02650 0.07982
v 0.25955 -0.02650 0.08048
v 0.25953 -0.02650 0.08121
v 0.26339 -0.02650 0.08055
v 0.25683 -0.02650 0.08163
v 0.25731 -0.02650 0.08210
v 0.25770 -0.02650 0.08296
v 0.25794 -0.02650 0.08231
v 0.25860 -0.02650 0.08222
v 0.25916 -0.02650 0.08185
v 0.25860 -0.02650 0.07940
v 0.25786 -0.02650 0.07933
v 0.25718 -0.02650 0.07961
v 0.25701 -0.02650 0.07977
v 0.25666 -0.02650 0.08034
v 0.25660 -0.02650 0.08101
v 0.27785 -0.02650 0.06541
v 0.28029 -0.02650 0.06306
v 0.27641 -0.02650 0.06037
v 0.28249 -0.02650 0.05728
v 0.28158 -0.02650 0.03298
v 0.28328 -0.02650 0.03892
v 0.28340 -0.02650 0.04201
v 0.28401 -0.02650 0.04506
v 0.28375 -0.02650 0.05123
v 0.27998 -0.02650 0.03008
v 0.27668 -0.02650 0.03102
v 0.27718 -0.02650 0.02953
v 0.27641 -0.02650 0.02737
v 0.27610 -0.02650 0.02783
v 0.27504 -0.02650 0.02529
v 0.27689 -0.02650 0.02709
v 0.27602 -0.02650 0.02838
v 0.27619 -0.02650 0.02892
v 0.27657 -0.02650 0.02932
v 0.27781 -0.02650 0.02941
v 0.27830 -0.02650 0.02898
v 0.27970 -0.02650 0.02878
v 0.27851 -0.02650 0.02837
v 0.27895 -0.02650 0.02739
v 0.27839 -0.02650 0.02774
v 0.27720 -0.02650 0.02463
v 0.27797 -0.02650 0.02725
v 0.27745 -0.02650 0.02705
v 0.27118 -0.02650 0.01783
v 0.27190 -0.02650 0.01849
v 0.27059 -0.02650 0.01893
v 0.27545 -0.02650 0.02230
v 0.27389 -0.02650 0.02562
v 0.27021 -0.02650 0.01961
v 0.26811 -0.02650 0.01747
v 0.26771 -0.02650 0.01809
v 0.26435 -0.02650 0.01831
v 0.26765 -0.02650 0.01882
v 0.26701 -0.02650 0.02759
v 0.26796 -0.02650 0.01950
v 0.27057 -0.02650 0.01815
v 0.27017 -0.02650 0.01749
v 0.26983 -0.02650 0.01668
v 0.26949 -0.02650 0.01711
v 0.26875 -0.02650 0.01711
v 0.26854 -0.02650 0.01995
v 0.26877 -0.02650 0.02002
v 0.26954 -0.02650 0.02001
v 0.26271 -0.02650 0.01259
v 0.26625 -0.02650 0.01410
v 0.26392 -0.02650 0.01680
v 0.23439 -0.02650 0.01184
v 0.23406 -0.02650 0.01129
v 0.23349 -0.02650 0.01098
v 0.23440 -0.02650 0.01249
v 0.23285 -0.02650 0.01099
v 0.23068 -0.02650 0.01113
v 0.23307 -0.02650 0.01343
v 0.23362 -0.02650 0.01336
v 0.23409 -0.02650 0.01306
v 0.22025 -0.02650 0.01769
v 0.22520 -0.02650 0.01399
v 0.23050 -0.02650 0.01655
v 0.23214 -0.02650 0.01287
v 0.23255 -0.02650 0.01326
v 0.23229 -0.02650 0.01132
v 0.23200 -0.02650 0.01180
v 0.23195 -0.02650 0.01235
v 0.21460 -0.02650 0.02934
v 0.21508 -0.02650 0.02892
v 0.21701 -0.02650 0.03024
v 0.21529 -0.02650 0.02830
v 0.21335 -0.02650 0.02925
v 0.21396 -0.02650 0.02946
v 0.21243 -0.02650 0.03156
v 0.21292 -0.02650 0.02876
v 0.21280 -0.02650 0.02813
v 0.21156 -0.02650 0.02880
v 0.21296 -0.02650 0.02760
v 0.21244 -0.02650 0.02721
v 0.21334 -0.02650 0.02719
v 0.21260 -0.02650 0.02694
v 0.21386 -0.02650 0.02698
v 0.21580 -0.02650 0.02604
v 0.21521 -0.02650 0.02775
v 0.21489 -0.02650 0.02730
v 0.21441 -0.02650 0.02702
v 0.21016 -0.02650 0.03221
v 0.21007 -0.02650 0.03203
v 0.20804 -0.02650 0.03872
v 0.20977 -0.02650 0.03279
v 0.20929 -0.02650 0.03868
v 0.21066 -0.02650 0.04127
v 0.21109 -0.02650 0.04067
v 0.21326 -0.02650 0.04300
v 0.20999 -0.02650 0.03223
v 0.21060 -0.02650 0.03372
v 0.21006 -0.02650 0.03867
v 0.20926 -0.02650 0.04156
v 0.21000 -0.02650 0.04159
v 0.21119 -0.02650 0.03994
v 0.21114 -0.02650 0.03971
v 0.21074 -0.02650 0.03904
v 0.20862 -0.02650 0.03908
v 0.20824 -0.02650 0.03976
v 0.20826 -0.02650 0.04054
v 0.20863 -0.02650 0.04117
v 0.23783 -0.02650 0.01972
v 0.24760 -0.02650 0.02147
v 0.24117 -0.02650 0.02496
v 0.23947 -0.02650 0.02545
v 0.23310 -0.02650 0.02563
v 0.21596 -0.02650 0.02213
v 0.23189 -0.02650 0.02142
v 0.23904 -0.02650 0.02393
v 0.27553 -0.02650 0.03135
v 0.26865 -0.02650 0.03332
v 0.21490 -0.02650 0.04873
v 0.21286 -0.02650 0.03307
v 0.21552 -0.02650 0.04235
v 0.21717 -0.02650 0.04808
v 0.22059 -0.02650 0.06002
v 0.24704 -0.02650 0.07424
v 0.25297 -0.02650 0.07254
v 0.26264 -0.02450 0.01207
v 0.26271 -0.02450 0.01259
v 0.26320 -0.02450 0.01235
v 0.20804 -0.02450 0.03872
v 0.20898 -0.02450 0.03807
v 0.20850 -0.02450 0.03673
v 0.21932 -0.02450 0.07447
v 0.21902 -0.02450 0.07307
v 0.21787 -0.02450 0.07303
v 0.25770 -0.02450 0.08296
v 0.25603 -0.02450 0.08321
v 0.25169 -0.02450 0.08442
v 0.25936 -0.02450 0.08237
v 0.27006 -0.02450 0.02135
v 0.27093 -0.02450 0.02031
v 0.26862 -0.02450 0.02144
v 0.27719 -0.02450 0.03122
v 0.27668 -0.02450 0.03102
v 0.27686 -0.02450 0.03134
v 0.27897 -0.02450 0.05464
v 0.27926 -0.02450 0.05492
v 0.27963 -0.02450 0.05507
v 0.21509 -0.02450 0.06143
v 0.21384 -0.02450 0.06113
v 0.21419 -0.02450 0.06186
v 0.25562 -0.02450 0.08231
v 0.25735 -0.02450 0.08212
v 0.21117 -0.02450 0.04284
v 0.21154 -0.02450 0.04268
v 0.21181 -0.02450 0.04238
v 0.20773 -0.02450 0.04039
v 0.20824 -0.02450 0.03976
v 0.20862 -0.02450 0.03908
v 0.20893 -0.02450 0.03884
v 0.21030 -0.02450 0.03769
v 0.20964 -0.02450 0.03862
v 0.21036 -0.02450 0.03878
v 0.21164 -0.02450 0.03793
v 0.21092 -0.02450 0.03925
v 0.21202 -0.02450 0.03808
v 0.21230 -0.02450 0.03836
v 0.21077 -0.02450 0.04285
v 0.21066 -0.02450 0.04127
v 0.20943 -0.02450 0.04261
v 0.21000 -0.02450 0.04159
v 0.20901 -0.02450 0.04263
v 0.20926 -0.02450 0.04156
v 0.20864 -0.02450 0.04281
v 0.20863 -0.02450 0.04117
v 0.20826 -0.02450 0.04054
v 0.21109 -0.02450 0.04067
v 0.21194 -0.02450 0.04200
v 0.21119 -0.02450 0.03994
v 0.21245 -0.02450 0.03913
v 0.21245 -0.02450 0.03873
v 0.25916 -0.02450 0.08185
v 0.25860 -0.02450 0.08222
v 0.25794 -0.02450 0.08231
v 0.25786 -0.02450 0.07933
v 0.25991 -0.02450 0.07852
v 0.25515 -0.02450 0.07983
v 0.25572 -0.02450 0.08201
v 0.25682 -0.02450 0.08162
v 0.25573 -0.02450 0.08192
v 0.25568 -0.02450 0.08151
v 0.25659 -0.02450 0.08091
v 0.25521 -0.02450 0.08023
v 0.25672 -0.02450 0.08019
v 0.25718 -0.02450 0.07961
v 0.25860 -0.02450 0.07940
v 0.25921 -0.02450 0.07982
v 0.26038 -0.02450 0.07980
v 0.25955 -0.02450 0.08048
v 0.26060 -0.02450 0.08015
v 0.26094 -0.02450 0.08039
v 0.25953 -0.02450 0.08121
v 0.26134 -0.02450 0.08046
v 0.26625 -0.02450 0.01410
v 0.25940 -0.02450 0.01208
v 0.25917 -0.02450 0.01148
v 0.26079 -0.02450 0.01121
v 0.25867 -0.02450 0.01107
v 0.25493 -0.02450 0.00924
v 0.25803 -0.02450 0.01097
v 0.25041 -0.02450 0.00931
v 0.25507 -0.02450 0.01020
v 0.25544 -0.02450 0.01039
v 0.26067 -0.02450 0.01288
v 0.26045 -0.02450 0.01323
v 0.25930 -0.02450 0.01272
v 0.25998 -0.02450 0.01451
v 0.25889 -0.02450 0.01323
v 0.25829 -0.02450 0.01346
v 0.25710 -0.02450 0.01154
v 0.25581 -0.02450 0.01111
v 0.25692 -0.02450 0.01207
v 0.25575 -0.02450 0.01152
v 0.25698 -0.02450 0.01262
v 0.25529 -0.02450 0.01280
v 0.25522 -0.02450 0.01319
v 0.25750 -0.02450 0.01115
v 0.25570 -0.02450 0.01071
v 0.25661 -0.02450 0.01432
v 0.25774 -0.02450 0.01339
v 0.25592 -0.02450 0.01409
v 0.25727 -0.02450 0.01309
v 0.25557 -0.02450 0.01390
v 0.25533 -0.02450 0.01358
v 0.26101 -0.02450 0.01265
v 0.26142 -0.02450 0.01257
v 0.26182 -0.02450 0.01267
v 0.25866 -0.02450 0.01509
v 0.25905 -0.02450 0.01517
v 0.25944 -0.02450 0.01508
v 0.25977 -0.02450 0.01485
v 0.25379 -0.02450 0.00898
v 0.24883 -0.02450 0.00823
v 0.24568 -0.02450 0.00900
v 0.24265 -0.02450 0.00822
v 0.23554 -0.02450 0.01108
v 0.23493 -0.02450 0.00962
v 0.23560 -0.02450 0.01149
v 0.23605 -0.02450 0.01348
v 0.23606 -0.02450 0.01278
v 0.23612 -0.02450 0.01317
v 0.23565 -0.02450 0.01069
v 0.23592 -0.02450 0.01037
v 0.23655 -0.02450 0.00919
v 0.23629 -0.02450 0.01018
v 0.24095 -0.02450 0.00930
v 0.23440 -0.02450 0.01249
v 0.23439 -0.02450 0.01184
v 0.23406 -0.02450 0.01129
v 0.23349 -0.02450 0.01098
v 0.23285 -0.02450 0.01099
v 0.23068 -0.02450 0.01113
v 0.23229 -0.02450 0.01132
v 0.23157 -0.02450 0.01482
v 0.23190 -0.02450 0.01505
v 0.23255 -0.02450 0.01326
v 0.23229 -0.02450 0.01514
v 0.23307 -0.02450 0.01343
v 0.23268 -0.02450 0.01506
v 0.23362 -0.02450 0.01336
v 0.23542 -0.02450 0.01407
v 0.23409 -0.02450 0.01306
v 0.23577 -0.02450 0.01388
v 0.23602 -0.02450 0.01356
v 0.23200 -0.02450 0.01180
v 0.22993 -0.02450 0.01254
v 0.23195 -0.02450 0.01235
v 0.23034 -0.02450 0.01261
v 0.23068 -0.02450 0.01285
v 0.23214 -0.02450 0.01287
v 0.23090 -0.02450 0.01320
v 0.23136 -0.02450 0.01448
v 0.21497 -0.02450 0.02548
v 0.21497 -0.02450 0.02507
v 0.21260 -0.02450 0.02694
v 0.21513 -0.02450 0.02469
v 0.21596 -0.02450 0.02213
v 0.21813 -0.02450 0.02101
v 0.22025 -0.02450 0.01769
v 0.22156 -0.02450 0.01775
v 0.22520 -0.02450 0.01399
v 0.22539 -0.02450 0.01494
v 0.22953 -0.02450 0.01264
v 0.21156 -0.02450 0.02880
v 0.21214 -0.02450 0.03038
v 0.21255 -0.02450 0.03034
v 0.21386 -0.02450 0.02698
v 0.21545 -0.02450 0.02614
v 0.21514 -0.02450 0.02586
v 0.21711 -0.02450 0.02785
v 0.21521 -0.02450 0.02775
v 0.21697 -0.02450 0.02822
v 0.21529 -0.02450 0.02830
v 0.21551 -0.02450 0.03075
v 0.21508 -0.02450 0.02892
v 0.21460 -0.02450 0.02934
v 0.21411 -0.02450 0.03114
v 0.21396 -0.02450 0.02946
v 0.21294 -0.02450 0.03046
v 0.21335 -0.02450 0.02925
v 0.21292 -0.02450 0.02876
v 0.21280 -0.02450 0.02813
v 0.21244 -0.02450 0.02721
v 0.21296 -0.02450 0.02760
v 0.21334 -0.02450 0.02719
v 0.21441 -0.02450 0.02702
v 0.21489 -0.02450 0.02730
v 0.21663 -0.02450 0.02682
v 0.21693 -0.02450 0.02709
v 0.21710 -0.02450 0.02745
v 0.21412 -0.02450 0.03115
v 0.21450 -0.02450 0.03127
v 0.21490 -0.02450 0.03124
v 0.21526 -0.02450 0.03106
v 0.20951 -0.02450 0.03644
v 0.20977 -0.02450 0.03279
v 0.21153 -0.02450 0.03091
v 0.21178 -0.02450 0.03058
v 0.20992 -0.02450 0.03754
v 0.20963 -0.02450 0.03724
v 0.20949 -0.02450 0.03685
v 0.20942 -0.02450 0.05031
v 0.20901 -0.02450 0.05029
v 0.20795 -0.02450 0.05073
v 0.20863 -0.02450 0.05011
v 0.20837 -0.02450 0.04980
v 0.20731 -0.02450 0.04890
v 0.20825 -0.02450 0.04940
v 0.20727 -0.02450 0.04485
v 0.20826 -0.02450 0.04352
v 0.20837 -0.02450 0.04312
v 0.20844 -0.02450 0.05293
v 0.20854 -0.02450 0.05229
v 0.20895 -0.02450 0.05179
v 0.20955 -0.02450 0.05156
v 0.21076 -0.02450 0.05007
v 0.21019 -0.02450 0.05166
v 0.21070 -0.02450 0.05206
v 0.21092 -0.02450 0.05258
v 0.21089 -0.02450 0.05313
v 0.21063 -0.02450 0.05362
v 0.21018 -0.02450 0.05395
v 0.21180 -0.02450 0.06207
v 0.20963 -0.02450 0.05405
v 0.21164 -0.02450 0.06219
v 0.21308 -0.02450 0.05630
v 0.21153 -0.02450 0.05025
v 0.21116 -0.02450 0.05008
v 0.21180 -0.02450 0.05055
v 0.21193 -0.02450 0.05093
v 0.21501 -0.02450 0.06803
v 0.21481 -0.02450 0.06803
v 0.21398 -0.02450 0.06823
v 0.21449 -0.02450 0.06782
v 0.21156 -0.02450 0.06274
v 0.21137 -0.02450 0.06266
v 0.21151 -0.02450 0.06255
v 0.21154 -0.02450 0.06236
v 0.21702 -0.02450 0.06665
v 0.21519 -0.02450 0.06795
v 0.22093 -0.02450 0.07413
v 0.22125 -0.02450 0.07357
v 0.21657 -0.02450 0.06599
v 0.21740 -0.02450 0.06543
v 0.22082 -0.02450 0.06974
v 0.22094 -0.02450 0.07478
v 0.22128 -0.02450 0.07533
v 0.22249 -0.02450 0.07714
v 0.22184 -0.02450 0.07565
v 0.22180 -0.02450 0.07323
v 0.22245 -0.02450 0.07322
v 0.22489 -0.02450 0.07344
v 0.22294 -0.02450 0.07347
v 0.22328 -0.02450 0.07391
v 0.22843 -0.02450 0.07982
v 0.22437 -0.02450 0.07738
v 0.22408 -0.02450 0.07708
v 0.22505 -0.02450 0.07487
v 0.22340 -0.02450 0.07446
v 0.22417 -0.02450 0.07592
v 0.22326 -0.02450 0.07500
v 0.22397 -0.02450 0.07628
v 0.22291 -0.02450 0.07543
v 0.22240 -0.02450 0.07566
v 0.22394 -0.02450 0.07669
v 0.22527 -0.02450 0.07412
v 0.22515 -0.02450 0.07374
v 0.22524 -0.02450 0.07452
v 0.22611 -0.02450 0.07957
v 0.22770 -0.02450 0.08045
v 0.23277 -0.02450 0.08172
v 0.23338 -0.02450 0.08289
v 0.23732 -0.02450 0.08307
v 0.23937 -0.02450 0.08439
v 0.24553 -0.02450 0.08490
v 0.24551 -0.02450 0.08425
v 0.24490 -0.02450 0.08404
v 0.24447 -0.02450 0.08355
v 0.24615 -0.02450 0.08412
v 0.24919 -0.02450 0.08383
v 0.24658 -0.02450 0.08377
v 0.24878 -0.02450 0.08378
v 0.24682 -0.02450 0.08327
v 0.24310 -0.02450 0.08283
v 0.24301 -0.02450 0.08323
v 0.24435 -0.02450 0.08291
v 0.24277 -0.02450 0.08357
v 0.24241 -0.02450 0.08378
v 0.24200 -0.02450 0.08382
v 0.24310 -0.02450 0.08147
v 0.24456 -0.02450 0.08230
v 0.24318 -0.02450 0.08107
v 0.24505 -0.02450 0.08188
v 0.24341 -0.02450 0.08074
v 0.24843 -0.02450 0.08358
v 0.24818 -0.02450 0.08324
v 0.24682 -0.02450 0.08272
v 0.24810 -0.02450 0.08284
v 0.24657 -0.02450 0.08222
v 0.24810 -0.02450 0.08147
v 0.24802 -0.02450 0.08108
v 0.24779 -0.02450 0.08075
v 0.24745 -0.02450 0.08053
v 0.24613 -0.02450 0.08187
v 0.24706 -0.02450 0.08047
v 0.24559 -0.02450 0.08175
v 0.24414 -0.02450 0.08047
v 0.24375 -0.02450 0.08053
v 0.25536 -0.02450 0.08263
v 0.25499 -0.02450 0.08282
v 0.25970 -0.02450 0.07818
v 0.25938 -0.02450 0.07795
v 0.25550 -0.02450 0.07912
v 0.25526 -0.02450 0.07944
v 0.25585 -0.02450 0.07893
v 0.25859 -0.02450 0.07794
v 0.25898 -0.02450 0.07786
v 0.26175 -0.02450 0.08036
v 0.26425 -0.02450 0.07956
v 0.26415 -0.02450 0.07911
v 0.26684 -0.02450 0.07743
v 0.26727 -0.02450 0.07674
v 0.26713 -0.02450 0.07713
v 0.26862 -0.02450 0.07726
v 0.26564 -0.02450 0.07928
v 0.26339 -0.02450 0.08055
v 0.26894 -0.02450 0.07324
v 0.26891 -0.02450 0.07141
v 0.26833 -0.02450 0.07348
v 0.26856 -0.02450 0.07161
v 0.26793 -0.02450 0.07398
v 0.26930 -0.02450 0.07135
v 0.26969 -0.02450 0.07146
v 0.27000 -0.02450 0.07171
v 0.26958 -0.02450 0.07334
v 0.27088 -0.02450 0.07275
v 0.27008 -0.02450 0.07375
v 0.27120 -0.02450 0.07301
v 0.27160 -0.02450 0.07311
v 0.27031 -0.02450 0.07436
v 0.27201 -0.02450 0.07304
v 0.26988 -0.02450 0.07544
v 0.27326 -0.02450 0.07318
v 0.27021 -0.02450 0.07500
v 0.26938 -0.02450 0.07570
v 0.26883 -0.02450 0.07571
v 0.26832 -0.02450 0.07549
v 0.26594 -0.02450 0.07416
v 0.26782 -0.02450 0.07452
v 0.26606 -0.02450 0.07378
v 0.26633 -0.02450 0.07348
v 0.26598 -0.02450 0.07456
v 0.26617 -0.02450 0.07492
v 0.26796 -0.02450 0.07506
v 0.26704 -0.02450 0.07596
v 0.26724 -0.02450 0.07633
v 0.28029 -0.02450 0.06306
v 0.27809 -0.02450 0.06529
v 0.27718 -0.02450 0.06840
v 0.27546 -0.02450 0.06923
v 0.27236 -0.02450 0.07281
v 0.28136 -0.02450 0.05546
v 0.28164 -0.02450 0.05576
v 0.28314 -0.02450 0.05475
v 0.28179 -0.02450 0.05615
v 0.28249 -0.02450 0.05728
v 0.28176 -0.02450 0.05656
v 0.28020 -0.02450 0.06104
v 0.28010 -0.02450 0.05016
v 0.27974 -0.02450 0.05033
v 0.27947 -0.02450 0.05062
v 0.28244 -0.02450 0.05198
v 0.28226 -0.02450 0.05037
v 0.28188 -0.02450 0.05166
v 0.28185 -0.02450 0.05039
v 0.28123 -0.02450 0.05168
v 0.28050 -0.02450 0.05015
v 0.28068 -0.02450 0.05201
v 0.28036 -0.02450 0.05258
v 0.27934 -0.02450 0.05100
v 0.28037 -0.02450 0.05322
v 0.27883 -0.02450 0.05387
v 0.28071 -0.02450 0.05378
v 0.27882 -0.02450 0.05427
v 0.28127 -0.02450 0.05409
v 0.28097 -0.02450 0.05531
v 0.28192 -0.02450 0.05408
v 0.28247 -0.02450 0.05375
v 0.28279 -0.02450 0.05318
v 0.28333 -0.02450 0.05383
v 0.28278 -0.02450 0.05253
v 0.28263 -0.02450 0.05019
v 0.28375 -0.02450 0.05123
v 0.28290 -0.02450 0.04988
v 0.27917 -0.02450 0.03045
v 0.27953 -0.02450 0.03066
v 0.28030 -0.02450 0.02997
v 0.27978 -0.02450 0.03099
v 0.28158 -0.02450 0.03298
v 0.28146 -0.02450 0.03542
v 0.28255 -0.02450 0.03592
v 0.28328 -0.02450 0.03892
v 0.28258 -0.02450 0.04003
v 0.28401 -0.02450 0.04506
v 0.28310 -0.02450 0.04474
v 0.28302 -0.02450 0.04948
v 0.27720 -0.02450 0.02463
v 0.27797 -0.02450 0.02725
v 0.27895 -0.02450 0.02739
v 0.27839 -0.02450 0.02774
v 0.27851 -0.02450 0.02837
v 0.27830 -0.02450 0.02898
v 0.27876 -0.02450 0.03041
v 0.27837 -0.02450 0.03054
v 0.27781 -0.02450 0.02941
v 0.27718 -0.02450 0.02953
v 0.27657 -0.02450 0.02932
v 0.27619 -0.02450 0.02892
v 0.27602 -0.02450 0.02838
v 0.27610 -0.02450 0.02783
v 0.27538 -0.02450 0.02649
v 0.27641 -0.02450 0.02737
v 0.27689 -0.02450 0.02709
v 0.27635 -0.02450 0.02555
v 0.27616 -0.02450 0.02596
v 0.27587 -0.02450 0.02620
v 0.27641 -0.02450 0.03131
v 0.27603 -0.02450 0.03110
v 0.27580 -0.02450 0.03081
v 0.27435 -0.02450 0.02829
v 0.27469 -0.02450 0.02688
v 0.27439 -0.02450 0.02715
v 0.27422 -0.02450 0.02751
v 0.27420 -0.02450 0.02791
v 0.27745 -0.02450 0.02705
v 0.27635 -0.02450 0.02509
v 0.27619 -0.02450 0.02476
v 0.27545 -0.02450 0.02230
v 0.27241 -0.02450 0.02025
v 0.27308 -0.02450 0.01964
v 0.27207 -0.02450 0.02002
v 0.27166 -0.02450 0.01995
v 0.26765 -0.02450 0.01882
v 0.26612 -0.02450 0.01926
v 0.26796 -0.02450 0.01950
v 0.26639 -0.02450 0.01956
v 0.26854 -0.02450 0.01995
v 0.26927 -0.02450 0.02006
v 0.26997 -0.02450 0.01981
v 0.26600 -0.02450 0.01888
v 0.26604 -0.02450 0.01848
v 0.26623 -0.02450 0.01813
v 0.26771 -0.02450 0.01809
v 0.26711 -0.02450 0.01709
v 0.26811 -0.02450 0.01747
v 0.26730 -0.02450 0.01672
v 0.26203 -0.02450 0.01277
v 0.26296 -0.02450 0.01324
v 0.26691 -0.02450 0.01562
v 0.26833 -0.02450 0.01552
v 0.26720 -0.02450 0.01592
v 0.26733 -0.02450 0.01631
v 0.27093 -0.02450 0.02030
v 0.27046 -0.02450 0.01926
v 0.26875 -0.02450 0.01711
v 0.27126 -0.02450 0.02005
v 0.27063 -0.02450 0.01854
v 0.27057 -0.02450 0.01815
v 0.27118 -0.02450 0.01783
v 0.27017 -0.02450 0.01749
v 0.26949 -0.02450 0.01711
v 0.26896 -0.02450 0.02165
v 0.26936 -0.02450 0.02170
v 0.26974 -0.02450 0.02160
v 0.21463 -0.02450 0.06796
v 0.21186 -0.02450 0.06477
v 0.21090 -0.02450 0.06287
v 0.20873 -0.02450 0.05708
v 0.20909 -0.02450 0.05390
v 0.20867 -0.02450 0.05353
v 0.20751 -0.02450 0.05103
v 0.26631 -0.02700 0.04058
v 0.26696 -0.02700 0.04372
v 0.26631 -0.03000 0.04058
v 0.26709 -0.03000 0.04500
v 0.26693 -0.02700 0.04949
v 0.26693 -0.03000 0.04949
v 0.26713 -0.02700 0.04693
v 0.26709 -0.02700 0.04500
v 0.26683 -0.02700 0.05013
v 0.26605 -0.02700 0.05325
v 0.26584 -0.03000 0.05385
v 0.26584 -0.02700 0.05385
v 0.26387 -0.03000 0.05789
v 0.26482 -0.02700 0.05621
v 0.26387 -0.02700 0.05789
v 0.26316 -0.02700 0.05896
v 0.26110 -0.03000 0.06144
v 0.26110 -0.02700 0.06144
v 0.25870 -0.02700 0.06357
v 0.25766 -0.03000 0.06432
v 0.25369 -0.02700 0.06643
v 0.25369 -0.03000 0.06643
v 0.25601 -0.02700 0.06533
v 0.25766 -0.02700 0.06432
v 0.25309 -0.02700 0.06667
v 0.25000 -0.02700 0.06755
v 0.24937 -0.03000 0.06767
v 0.24937 -0.02700 0.06767
v 0.24489 -0.03000 0.06799
v 0.24682 -0.02700 0.06797
v 0.24489 -0.02700 0.06799
v 0.24360 -0.02700 0.06790
v 0.24044 -0.03000 0.06736
v 0.24044 -0.02700 0.06736
v 0.23738 -0.02700 0.06635
v 0.23621 -0.03000 0.06582
v 0.23240 -0.02700 0.06344
v 0.23240 -0.03000 0.06344
v 0.23452 -0.02700 0.06490
v 0.23621 -0.02700 0.06582
v 0.23190 -0.02700 0.06304
v 0.22959 -0.02700 0.06081
v 0.22917 -0.03000 0.06032
v 0.22917 -0.02700 0.06032
v 0.22665 -0.03000 0.05659
v 0.22764 -0.02700 0.05825
v 0.22497 -0.02700 0.05243
v 0.22497 -0.03000 0.05243
v 0.22608 -0.02700 0.05544
v 0.22665 -0.02700 0.05659
v 0.22432 -0.02700 0.04928
v 0.22419 -0.03000 0.04800
v 0.22435 -0.02700 0.04351
v 0.22435 -0.03000 0.04351
v 0.22414 -0.02700 0.04607
v 0.22419 -0.02700 0.04800
v 0.22445 -0.02700 0.04287
v 0.22522 -0.02700 0.03975
v 0.22543 -0.03000 0.03915
v 0.22543 -0.02700 0.03915
v 0.22741 -0.03000 0.03511
v 0.22646 -0.02700 0.03679
v 0.22741 -0.02700 0.03511
v 0.22812 -0.02700 0.03404
v 0.23017 -0.03000 0.03156
v 0.23017 -0.02700 0.03156
v 0.23257 -0.02700 0.02943
v 0.23362 -0.03000 0.02868
v 0.23758 -0.02700 0.02657
v 0.23758 -0.03000 0.02657
v 0.23526 -0.02700 0.02767
v 0.23362 -0.02700 0.02868
v 0.23818 -0.02700 0.02633
v 0.24127 -0.02700 0.02545
v 0.24191 -0.03000 0.02533
v 0.24191 -0.02700 0.02533
v 0.24639 -0.03000 0.02501
v 0.24446 -0.02700 0.02503
v 0.24639 -0.02700 0.02501
v 0.24767 -0.02700 0.02510
v 0.25084 -0.03000 0.02564
v 0.25084 -0.02700 0.02564
v 0.25389 -0.02700 0.02665
v 0.25506 -0.03000 0.02718
v 0.25888 -0.02700 0.02956
v 0.25888 -0.03000 0.02956
v 0.25676 -0.02700 0.02810
v 0.25506 -0.02700 0.02718
v 0.25938 -0.02700 0.02996
v 0.26169 -0.02700 0.03219
v 0.26211 -0.03000 0.03268
v 0.26211 -0.02700 0.03268
v 0.26462 -0.03000 0.03641
v 0.26364 -0.02700 0.03475
v 0.26519 -0.02700 0.03756
v 0.26462 -0.02700 0.03641
v 0.25957 -0.02654 0.02972
v 0.26192 -0.02654 0.03199
v 0.26180 -0.02665 0.03210
v 0.26660 -0.02654 0.04049
v 0.26547 -0.02654 0.03743
v 0.22401 -0.02654 0.04932
v 0.26367 -0.02681 0.03473
v 0.26376 -0.02665 0.03467
v 0.26390 -0.02654 0.03458
v 0.22441 -0.02681 0.04287
v 0.22410 -0.02681 0.04607
v 0.22400 -0.02665 0.04607
v 0.22519 -0.02681 0.03974
v 0.22430 -0.02665 0.04285
v 0.22383 -0.02654 0.04606
v 0.22414 -0.02654 0.04282
v 0.22493 -0.02654 0.03966
v 0.22508 -0.02665 0.03971
v 0.22633 -0.02665 0.03672
v 0.22642 -0.02681 0.03677
v 0.22809 -0.02681 0.03401
v 0.22618 -0.02654 0.03665
v 0.22787 -0.02654 0.03386
v 0.22800 -0.02665 0.03395
v 0.23007 -0.02665 0.03146
v 0.23015 -0.02681 0.03154
v 0.23255 -0.02681 0.02940
v 0.22995 -0.02654 0.03135
v 0.23238 -0.02654 0.02918
v 0.23248 -0.02665 0.02931
v 0.23519 -0.02665 0.02754
v 0.23524 -0.02681 0.02764
v 0.23817 -0.02681 0.02630
v 0.23511 -0.02654 0.02740
v 0.23813 -0.02665 0.02620
v 0.24127 -0.02681 0.02541
v 0.23808 -0.02654 0.02604
v 0.24121 -0.02654 0.02515
v 0.24124 -0.02665 0.02530
v 0.24445 -0.02665 0.02489
v 0.24446 -0.02681 0.02499
v 0.24768 -0.02681 0.02506
v 0.24444 -0.02654 0.02472
v 0.24770 -0.02654 0.02479
v 0.24769 -0.02665 0.02495
v 0.25088 -0.02665 0.02550
v 0.25085 -0.02681 0.02560
v 0.25391 -0.02681 0.02661
v 0.25091 -0.02654 0.02534
v 0.25401 -0.02654 0.02636
v 0.25395 -0.02665 0.02651
v 0.25683 -0.02665 0.02797
v 0.25678 -0.02681 0.02807
v 0.25940 -0.02681 0.02993
v 0.25692 -0.02654 0.02784
v 0.25947 -0.02665 0.02985
v 0.26172 -0.02681 0.03217
v 0.22467 -0.02654 0.05251
v 0.22417 -0.02665 0.04930
v 0.22483 -0.02665 0.05247
v 0.22428 -0.02681 0.04928
v 0.22493 -0.02681 0.05244
v 0.26523 -0.02681 0.03755
v 0.26532 -0.02665 0.03750
v 0.26645 -0.02665 0.04053
v 0.26634 -0.02681 0.04056
v 0.23170 -0.02654 0.06328
v 0.22936 -0.02654 0.06101
v 0.22948 -0.02665 0.06090
v 0.22580 -0.02654 0.05557
v 0.26726 -0.02654 0.04368
v 0.22760 -0.02681 0.05828
v 0.22751 -0.02665 0.05833
v 0.22738 -0.02654 0.05842
v 0.26687 -0.02681 0.05014
v 0.26717 -0.02681 0.04693
v 0.26728 -0.02665 0.04693
v 0.26609 -0.02681 0.05326
v 0.26697 -0.02665 0.05015
v 0.26744 -0.02654 0.04694
v 0.26713 -0.02654 0.05018
v 0.26635 -0.02654 0.05334
v 0.26619 -0.02665 0.05329
v 0.26495 -0.02665 0.05628
v 0.26485 -0.02681 0.05623
v 0.26319 -0.02681 0.05899
v 0.26509 -0.02654 0.05635
v 0.26341 -0.02654 0.05914
v 0.26327 -0.02665 0.05905
v 0.26121 -0.02665 0.06154
v 0.26113 -0.02681 0.06146
v 0.25873 -0.02681 0.06360
v 0.26132 -0.02654 0.06165
v 0.25889 -0.02654 0.06382
v 0.25879 -0.02665 0.06369
v 0.25608 -0.02665 0.06546
v 0.25603 -0.02681 0.06536
v 0.25310 -0.02681 0.06670
v 0.25616 -0.02654 0.06560
v 0.25314 -0.02665 0.06680
v 0.25001 -0.02681 0.06759
v 0.25320 -0.02654 0.06696
v 0.25006 -0.02654 0.06786
v 0.25003 -0.02665 0.06770
v 0.24682 -0.02665 0.06811
v 0.24682 -0.02681 0.06801
v 0.24360 -0.02681 0.06794
v 0.24683 -0.02654 0.06828
v 0.24357 -0.02654 0.06821
v 0.24359 -0.02665 0.06805
v 0.24040 -0.02665 0.06750
v 0.24043 -0.02681 0.06740
v 0.23737 -0.02681 0.06639
v 0.24036 -0.02654 0.06766
v 0.23727 -0.02654 0.06664
v 0.23733 -0.02665 0.06649
v 0.23444 -0.02665 0.06503
v 0.23450 -0.02681 0.06493
v 0.23188 -0.02681 0.06307
v 0.23436 -0.02654 0.06517
v 0.23181 -0.02665 0.06315
v 0.22956 -0.02681 0.06083
v 0.26710 -0.02665 0.04370
v 0.26700 -0.02681 0.04372
v 0.22605 -0.02681 0.05546
v 0.22595 -0.02665 0.05550
v 0.20893 -0.02500 0.03884
v 0.20929 -0.02500 0.03868
v 0.20964 -0.02500 0.03862
v 0.21006 -0.02500 0.03867
v 0.21036 -0.02500 0.03878
v 0.21074 -0.02500 0.03904
v 0.21092 -0.02500 0.03925
v 0.21114 -0.02500 0.03971
v 0.25735 -0.02500 0.08212
v 0.25682 -0.02500 0.08162
v 0.25659 -0.02500 0.08091
v 0.25666 -0.02500 0.08034
v 0.25672 -0.02500 0.08019
v 0.25701 -0.02500 0.07977
v 0.27063 -0.02500 0.01854
v 0.27059 -0.02500 0.01893
v 0.27046 -0.02500 0.01926
v 0.27021 -0.02500 0.01961
v 0.26997 -0.02500 0.01981
v 0.26954 -0.02500 0.02001
v 0.26927 -0.02500 0.02006
v 0.26877 -0.02500 0.02002
v 0.26182 -0.02500 0.01267
v 0.26691 -0.02500 0.01562
v 0.26720 -0.02500 0.01592
v 0.26733 -0.02500 0.01631
v 0.26730 -0.02500 0.01672
v 0.26711 -0.02500 0.01709
v 0.26623 -0.02500 0.01813
v 0.26604 -0.02500 0.01848
v 0.26600 -0.02500 0.01888
v 0.26612 -0.02500 0.01926
v 0.26639 -0.02500 0.01956
v 0.26862 -0.02500 0.02144
v 0.26896 -0.02500 0.02165
v 0.26936 -0.02500 0.02170
v 0.26974 -0.02500 0.02160
v 0.27006 -0.02500 0.02135
v 0.27093 -0.02500 0.02030
v 0.27241 -0.02500 0.02025
v 0.27207 -0.02500 0.02002
v 0.27166 -0.02500 0.01995
v 0.27126 -0.02500 0.02005
v 0.27619 -0.02500 0.02476
v 0.27635 -0.02500 0.02509
v 0.27635 -0.02500 0.02555
v 0.27616 -0.02500 0.02596
v 0.27587 -0.02500 0.02620
v 0.27469 -0.02500 0.02688
v 0.27439 -0.02500 0.02715
v 0.27422 -0.02500 0.02751
v 0.27420 -0.02500 0.02791
v 0.27435 -0.02500 0.02829
v 0.27580 -0.02500 0.03081
v 0.27686 -0.02500 0.03134
v 0.27719 -0.02500 0.03122
v 0.27641 -0.02500 0.03131
v 0.27603 -0.02500 0.03110
v 0.27837 -0.02500 0.03054
v 0.27876 -0.02500 0.03041
v 0.27917 -0.02500 0.03045
v 0.27953 -0.02500 0.03066
v 0.27978 -0.02500 0.03099
v 0.28302 -0.02500 0.04948
v 0.28310 -0.02500 0.04474
v 0.28258 -0.02500 0.04003
v 0.28146 -0.02500 0.03542
v 0.28290 -0.02500 0.04988
v 0.28263 -0.02500 0.05019
v 0.28226 -0.02500 0.05037
v 0.28185 -0.02500 0.05039
v 0.28050 -0.02500 0.05015
v 0.28010 -0.02500 0.05016
v 0.27974 -0.02500 0.05033
v 0.27947 -0.02500 0.05062
v 0.27934 -0.02500 0.05100
v 0.27883 -0.02500 0.05387
v 0.27882 -0.02500 0.05427
v 0.27897 -0.02500 0.05464
v 0.27926 -0.02500 0.05492
v 0.27963 -0.02500 0.05507
v 0.28097 -0.02500 0.05531
v 0.28136 -0.02500 0.05546
v 0.28164 -0.02500 0.05576
v 0.28179 -0.02500 0.05615
v 0.28176 -0.02500 0.05656
v 0.27236 -0.02500 0.07281
v 0.27546 -0.02500 0.06923
v 0.27809 -0.02500 0.06529
v 0.28020 -0.02500 0.06104
v 0.27201 -0.02500 0.07304
v 0.27160 -0.02500 0.07311
v 0.27120 -0.02500 0.07301
v 0.27088 -0.02500 0.07275
v 0.27000 -0.02500 0.07171
v 0.26969 -0.02500 0.07146
v 0.26930 -0.02500 0.07135
v 0.26891 -0.02500 0.07141
v 0.26856 -0.02500 0.07161
v 0.26633 -0.02500 0.07348
v 0.26617 -0.02500 0.07492
v 0.26598 -0.02500 0.07456
v 0.26594 -0.02500 0.07416
v 0.26606 -0.02500 0.07378
v 0.26704 -0.02500 0.07596
v 0.26724 -0.02500 0.07633
v 0.26727 -0.02500 0.07674
v 0.26713 -0.02500 0.07713
v 0.26684 -0.02500 0.07743
v 0.26175 -0.02500 0.08036
v 0.26134 -0.02500 0.08046
v 0.26094 -0.02500 0.08039
v 0.26060 -0.02500 0.08015
v 0.26038 -0.02500 0.07980
v 0.25991 -0.02500 0.07852
v 0.25970 -0.02500 0.07818
v 0.25938 -0.02500 0.07795
v 0.25898 -0.02500 0.07786
v 0.25859 -0.02500 0.07794
v 0.25585 -0.02500 0.07893
v 0.25550 -0.02500 0.07912
v 0.25526 -0.02500 0.07944
v 0.25515 -0.02500 0.07983
v 0.25521 -0.02500 0.08023
v 0.25568 -0.02500 0.08151
v 0.25499 -0.02500 0.08282
v 0.25536 -0.02500 0.08263
v 0.25562 -0.02500 0.08231
v 0.25573 -0.02500 0.08192
v 0.24919 -0.02500 0.08383
v 0.24878 -0.02500 0.08378
v 0.24843 -0.02500 0.08358
v 0.24818 -0.02500 0.08324
v 0.24810 -0.02500 0.08284
v 0.24810 -0.02500 0.08147
v 0.24802 -0.02500 0.08108
v 0.24779 -0.02500 0.08075
v 0.24745 -0.02500 0.08053
v 0.24706 -0.02500 0.08047
v 0.24414 -0.02500 0.08047
v 0.24310 -0.02500 0.08147
v 0.24318 -0.02500 0.08107
v 0.24341 -0.02500 0.08074
v 0.24375 -0.02500 0.08053
v 0.24310 -0.02500 0.08283
v 0.24301 -0.02500 0.08323
v 0.24277 -0.02500 0.08357
v 0.24241 -0.02500 0.08378
v 0.24200 -0.02500 0.08382
v 0.22437 -0.02500 0.07738
v 0.22843 -0.02500 0.07982
v 0.23277 -0.02500 0.08172
v 0.23732 -0.02500 0.08307
v 0.22408 -0.02500 0.07708
v 0.22394 -0.02500 0.07669
v 0.22397 -0.02500 0.07628
v 0.22417 -0.02500 0.07592
v 0.22505 -0.02500 0.07487
v 0.22524 -0.02500 0.07452
v 0.22527 -0.02500 0.07412
v 0.22515 -0.02500 0.07374
v 0.22489 -0.02500 0.07344
v 0.22082 -0.02500 0.06974
v 0.21740 -0.02500 0.06543
v 0.21657 -0.02500 0.06599
v 0.21702 -0.02500 0.06665
v 0.21519 -0.02500 0.06795
v 0.21501 -0.02500 0.06803
v 0.21481 -0.02500 0.06803
v 0.21463 -0.02500 0.06796
v 0.21449 -0.02500 0.06782
v 0.21156 -0.02500 0.06274
v 0.21151 -0.02500 0.06255
v 0.21154 -0.02500 0.06236
v 0.21164 -0.02500 0.06219
v 0.21180 -0.02500 0.06207
v 0.21384 -0.02500 0.06113
v 0.21419 -0.02500 0.06186
v 0.21509 -0.02500 0.06143
v 0.21308 -0.02500 0.05630
v 0.21193 -0.02500 0.05093
v 0.21076 -0.02500 0.05007
v 0.21116 -0.02500 0.05008
v 0.21153 -0.02500 0.05025
v 0.21180 -0.02500 0.05055
v 0.20942 -0.02500 0.05031
v 0.20901 -0.02500 0.05029
v 0.20863 -0.02500 0.05011
v 0.20837 -0.02500 0.04980
v 0.20825 -0.02500 0.04940
v 0.20826 -0.02500 0.04352
v 0.20837 -0.02500 0.04312
v 0.20864 -0.02500 0.04281
v 0.20901 -0.02500 0.04263
v 0.20943 -0.02500 0.04261
v 0.21077 -0.02500 0.04285
v 0.21117 -0.02500 0.04284
v 0.21154 -0.02500 0.04268
v 0.21181 -0.02500 0.04238
v 0.21194 -0.02500 0.04200
v 0.21245 -0.02500 0.03913
v 0.21245 -0.02500 0.03873
v 0.21230 -0.02500 0.03836
v 0.21202 -0.02500 0.03808
v 0.21164 -0.02500 0.03793
v 0.21030 -0.02500 0.03769
v 0.20951 -0.02500 0.03644
v 0.20949 -0.02500 0.03685
v 0.20963 -0.02500 0.03724
v 0.20992 -0.02500 0.03754
v 0.21153 -0.02500 0.03091
v 0.21178 -0.02500 0.03058
v 0.21214 -0.02500 0.03038
v 0.21255 -0.02500 0.03034
v 0.21294 -0.02500 0.03046
v 0.21412 -0.02500 0.03115
v 0.21450 -0.02500 0.03127
v 0.21490 -0.02500 0.03124
v 0.21526 -0.02500 0.03106
v 0.21551 -0.02500 0.03075
v 0.21697 -0.02500 0.02822
v 0.21663 -0.02500 0.02682
v 0.21693 -0.02500 0.02709
v 0.21710 -0.02500 0.02745
v 0.21711 -0.02500 0.02785
v 0.21545 -0.02500 0.02614
v 0.21514 -0.02500 0.02586
v 0.21497 -0.02500 0.02548
v 0.21497 -0.02500 0.02507
v 0.21513 -0.02500 0.02469
v 0.22953 -0.02500 0.01264
v 0.22539 -0.02500 0.01494
v 0.22156 -0.02500 0.01775
v 0.21813 -0.02500 0.02101
v 0.22993 -0.02500 0.01254
v 0.23034 -0.02500 0.01261
v 0.23068 -0.02500 0.01285
v 0.23090 -0.02500 0.01320
v 0.23136 -0.02500 0.01448
v 0.23157 -0.02500 0.01482
v 0.23190 -0.02500 0.01505
v 0.23229 -0.02500 0.01514
v 0.23268 -0.02500 0.01506
v 0.23542 -0.02500 0.01407
v 0.23606 -0.02500 0.01278
v 0.23612 -0.02500 0.01317
v 0.23602 -0.02500 0.01356
v 0.23577 -0.02500 0.01388
v 0.23560 -0.02500 0.01149
v 0.23554 -0.02500 0.01108
v 0.23565 -0.02500 0.01069
v 0.23592 -0.02500 0.01037
v 0.23629 -0.02500 0.01018
v 0.25507 -0.02500 0.01020
v 0.25041 -0.02500 0.00931
v 0.24568 -0.02500 0.00900
v 0.24095 -0.02500 0.00930
v 0.25544 -0.02500 0.01039
v 0.25570 -0.02500 0.01071
v 0.25581 -0.02500 0.01111
v 0.25575 -0.02500 0.01152
v 0.25529 -0.02500 0.01280
v 0.25522 -0.02500 0.01319
v 0.25533 -0.02500 0.01358
v 0.25557 -0.02500 0.01390
v 0.25592 -0.02500 0.01409
v 0.25866 -0.02500 0.01509
v 0.25998 -0.02500 0.01451
v 0.25977 -0.02500 0.01485
v 0.25944 -0.02500 0.01508
v 0.25905 -0.02500 0.01517
v 0.26045 -0.02500 0.01323
v 0.26067 -0.02500 0.01288
v 0.26101 -0.02500 0.01265
v 0.26142 -0.02500 0.01257
v 0.24665 -0.02500 0.06497
v 0.24252 -0.02500 0.06474
v 0.23854 -0.02500 0.06358
v 0.23491 -0.02500 0.06157
v 0.26184 -0.02500 0.03757
v 0.26342 -0.02500 0.04140
v 0.22856 -0.02500 0.03940
v 0.23183 -0.02500 0.05881
v 0.22943 -0.02500 0.05543
v 0.22785 -0.02500 0.05160
v 0.22717 -0.02500 0.04751
v 0.22740 -0.02500 0.04338
v 0.26411 -0.02500 0.04549
v 0.26272 -0.02500 0.05360
v 0.26071 -0.02500 0.05723
v 0.25795 -0.02500 0.06031
v 0.25457 -0.02500 0.06270
v 0.26387 -0.02500 0.04962
v 0.25945 -0.02500 0.03419
v 0.25636 -0.02500 0.03143
v 0.25074 -0.02500 0.06428
v 0.23056 -0.02500 0.03578
v 0.23333 -0.02500 0.03269
v 0.23671 -0.02500 0.03030
v 0.24054 -0.02500 0.02872
v 0.24462 -0.02500 0.02803
v 0.24876 -0.02500 0.02827
v 0.25274 -0.02500 0.02942
v 0.26342 -0.02800 0.04140
v 0.26411 -0.02800 0.04549
v 0.26387 -0.02800 0.04962
v 0.26272 -0.02800 0.05360
v 0.26071 -0.02800 0.05723
v 0.25795 -0.02800 0.06031
v 0.25457 -0.02800 0.06270
v 0.25074 -0.02800 0.06428
v 0.24665 -0.02800 0.06497
v 0.24252 -0.02800 0.06474
v 0.23854 -0.02800 0.06358
v 0.23491 -0.02800 0.06157
v 0.23183 -0.02800 0.05881
v 0.22943 -0.02800 0.05543
v 0.22785 -0.02800 0.05160
v 0.22717 -0.02800 0.04751
v 0.22740 -0.02800 0.04338
v 0.22856 -0.02800 0.03940
v 0.23056 -0.02800 0.03578
v 0.23333 -0.02800 0.03269
v 0.23671 -0.02800 0.03030
v 0.24054 -0.02800 0.02872
v 0.24462 -0.02800 0.02803
v 0.24876 -0.02800 0.02827
v 0.25274 -0.02800 0.02942
v 0.25636 -0.02800 0.03143
v 0.25945 -0.02800 0.03419
v 0.26184 -0.02800 0.03757
v 0.23644 -0.02800 0.02981
v 0.24039 -0.02800 0.02818
v 0.24459 -0.02800 0.02747
v 0.24885 -0.02800 0.02771
v 0.25295 -0.02800 0.02890
v 0.25669 -0.02800 0.03097
v 0.25987 -0.02800 0.03382
v 0.26233 -0.02800 0.03730
v 0.26396 -0.02800 0.04125
v 0.26467 -0.02800 0.04546
v 0.26442 -0.02800 0.04972
v 0.26324 -0.02800 0.05382
v 0.26117 -0.02800 0.05755
v 0.25832 -0.02800 0.06073
v 0.25484 -0.02800 0.06319
v 0.25089 -0.02800 0.06482
v 0.24668 -0.02800 0.06553
v 0.24242 -0.02800 0.06529
v 0.23832 -0.02800 0.06410
v 0.23459 -0.02800 0.06203
v 0.23141 -0.02800 0.05918
v 0.22894 -0.02800 0.05570
v 0.22732 -0.02800 0.05175
v 0.22661 -0.02800 0.04754
v 0.22685 -0.02800 0.04328
v 0.22804 -0.02800 0.03918
v 0.23011 -0.02800 0.03545
v 0.23296 -0.02800 0.03227
v 0.26396 -0.02879 0.04125
v 0.26467 -0.02879 0.04546
v 0.26442 -0.02879 0.04972
v 0.26324 -0.02879 0.05382
v 0.26117 -0.02879 0.05755
v 0.25832 -0.02879 0.06073
v 0.25484 -0.02879 0.06319
v 0.25089 -0.02879 0.06482
v 0.24668 -0.02879 0.06553
v 0.24242 -0.02879 0.06529
v 0.23832 -0.02879 0.06410
v 0.23459 -0.02879 0.06203
v 0.23141 -0.02879 0.05918
v 0.22894 -0.02879 0.05570
v 0.22732 -0.02879 0.05175
v 0.22661 -0.02879 0.04754
v 0.22685 -0.02879 0.04328
v 0.22804 -0.02879 0.03918
v 0.23011 -0.02879 0.03545
v 0.23296 -0.02879 0.03227
v 0.23644 -0.02879 0.02981
v 0.24039 -0.02879 0.02818
v 0.24459 -0.02879 0.02747
v 0.24885 -0.02879 0.02771
v 0.25295 -0.02879 0.02890
v 0.25669 -0.02879 0.03097
v 0.25987 -0.02879 0.03382
v 0.26233 -0.02879 0.03730
v 0.22943 -0.02879 0.05543
v 0.23183 -0.02879 0.05881
v 0.23491 -0.02879 0.06157
v 0.23854 -0.02879 0.06358
v 0.24252 -0.02879 0.06474
v 0.24665 -0.02879 0.06497
v 0.25074 -0.02879 0.06428
v 0.25457 -0.02879 0.06270
v 0.25795 -0.02879 0.06031
v 0.26071 -0.02879 0.05723
v 0.26272 -0.02879 0.05360
v 0.26387 -0.02879 0.04962
v 0.26411 -0.02879 0.04549
v 0.26342 -0.02879 0.04140
v 0.26184 -0.02879 0.03757
v 0.25945 -0.02879 0.03419
v 0.25636 -0.02879 0.03143
v 0.25274 -0.02879 0.02942
v 0.24876 -0.02879 0.02827
v 0.24462 -0.02879 0.02803
v 0.24054 -0.02879 0.02872
v 0.23671 -0.02879 0.03030
v 0.23333 -0.02879 0.03269
v 0.23056 -0.02879 0.03578
v 0.22856 -0.02879 0.03940
v 0.22740 -0.02879 0.04338
v 0.22717 -0.02879 0.04751
v 0.22785 -0.02879 0.05160
v 0.22785 -0.02950 0.05160
v 0.22717 -0.02950 0.04751
v 0.22740 -0.02950 0.04338
v 0.22856 -0.02950 0.03940
v 0.23056 -0.02950 0.03578
v 0.23333 -0.02950 0.03269
v 0.23671 -0.02950 0.03030
v 0.24054 -0.02950 0.02872
v 0.24462 -0.02950 0.02803
v 0.24876 -0.02950 0.02827
v 0.25274 -0.02950 0.02942
v 0.25636 -0.02950 0.03143
v 0.25945 -0.02950 0.03419
v 0.26184 -0.02950 0.03757
v 0.26342 -0.02950 0.04140
v 0.26411 -0.02950 0.04549
v 0.26387 -0.02950 0.04962
v 0.26272 -0.02950 0.05360
v 0.26071 -0.02950 0.05723
v 0.25795 -0.02950 0.06031
v 0.25457 -0.02950 0.06270
v 0.25074 -0.02950 0.06428
v 0.24665 -0.02950 0.06497
v 0.24252 -0.02950 0.06474
v 0.23854 -0.02950 0.06358
v 0.23491 -0.02950 0.06157
v 0.23183 -0.02950 0.05881
v 0.22943 -0.02950 0.05543
v 0.26370 -0.03000 0.04132
v 0.26440 -0.03000 0.04547
v 0.26416 -0.03000 0.04967
v 0.26299 -0.03000 0.05371
v 0.26095 -0.03000 0.05739
v 0.25814 -0.03000 0.06053
v 0.25471 -0.03000 0.06296
v 0.25082 -0.03000 0.06456
v 0.24667 -0.03000 0.06526
v 0.24247 -0.03000 0.06502
v 0.23843 -0.03000 0.06385
v 0.23475 -0.03000 0.06181
v 0.23161 -0.03000 0.05900
v 0.22918 -0.03000 0.05557
v 0.22758 -0.03000 0.05168
v 0.22688 -0.03000 0.04753
v 0.22712 -0.03000 0.04333
v 0.22829 -0.03000 0.03929
v 0.23033 -0.03000 0.03561
v 0.23314 -0.03000 0.03247
v 0.23657 -0.03000 0.03004
v 0.24046 -0.03000 0.02844
v 0.24461 -0.03000 0.02774
v 0.24881 -0.03000 0.02798
v 0.25285 -0.03000 0.02915
v 0.25653 -0.03000 0.03119
v 0.25966 -0.03000 0.03400
v 0.26209 -0.03000 0.03743
v 0.28284 -0.02480 0.03583
v 0.28358 -0.02480 0.03886
v 0.28358 -0.02620 0.03886
v 0.28431 -0.02480 0.04505
v 0.28431 -0.02620 0.04505
v 0.28404 -0.02480 0.05127
v 0.28404 -0.02620 0.05127
v 0.28278 -0.02480 0.05737
v 0.28278 -0.02620 0.05737
v 0.28056 -0.02480 0.06319
v 0.28056 -0.02620 0.06319
v 0.27743 -0.02480 0.06857
v 0.27743 -0.02620 0.06857
v 0.27348 -0.02480 0.07338
v 0.27348 -0.02620 0.07338
v 0.26880 -0.02480 0.07750
v 0.26880 -0.02620 0.07750
v 0.26353 -0.02480 0.08082
v 0.26353 -0.02620 0.08082
v 0.25779 -0.02480 0.08324
v 0.25779 -0.02620 0.08324
v 0.25174 -0.02480 0.08472
v 0.25174 -0.02620 0.08472
v 0.24553 -0.02480 0.08520
v 0.24553 -0.02620 0.08520
v 0.23933 -0.02480 0.08468
v 0.23933 -0.02620 0.08468
v 0.23328 -0.02480 0.08318
v 0.23328 -0.02620 0.08318
v 0.22756 -0.02480 0.08072
v 0.22756 -0.02620 0.08072
v 0.22230 -0.02480 0.07738
v 0.22230 -0.02620 0.07738
v 0.21765 -0.02480 0.07323
v 0.21765 -0.02620 0.07323
v 0.21373 -0.02480 0.06840
v 0.21373 -0.02620 0.06840
v 0.21063 -0.02480 0.06299
v 0.21063 -0.02620 0.06299
v 0.20844 -0.02480 0.05717
v 0.20844 -0.02620 0.05717
v 0.20721 -0.02480 0.05106
v 0.20721 -0.02620 0.05106
v 0.20697 -0.02480 0.04484
v 0.20697 -0.02620 0.04484
v 0.20774 -0.02480 0.03866
v 0.20774 -0.02620 0.03866
v 0.20949 -0.02480 0.03268
v 0.20949 -0.02620 0.03268
v 0.21218 -0.02480 0.02706
v 0.21218 -0.02620 0.02706
v 0.21573 -0.02480 0.02194
v 0.21573 -0.02620 0.02194
v 0.22005 -0.02480 0.01746
v 0.22005 -0.02620 0.01746
v 0.22504 -0.02480 0.01374
v 0.22504 -0.02620 0.01374
v 0.23057 -0.02480 0.01086
v 0.23057 -0.02620 0.01086
v 0.23648 -0.02480 0.00890
v 0.23648 -0.02620 0.00890
v 0.24263 -0.02480 0.00792
v 0.24263 -0.02620 0.00792
v 0.24886 -0.02480 0.00793
v 0.24886 -0.02620 0.00793
v 0.25500 -0.02480 0.00895
v 0.25500 -0.02620 0.00895
v 0.26090 -0.02480 0.01094
v 0.26090 -0.02620 0.01094
v 0.26641 -0.02480 0.01385
v 0.26641 -0.02620 0.01385
v 0.27138 -0.02480 0.01760
v 0.27138 -0.02620 0.01760
v 0.27568 -0.02480 0.02211
v 0.27568 -0.02620 0.02211
v 0.27920 -0.02480 0.02724
v 0.27920 -0.02620 0.02724
v 0.28186 -0.02480 0.03288
v 0.28186 -0.02620 0.03288
v 0.24699 0.01575 0.08325
v 0.24706 0.01378 0.08522
v 0.24022 0.01575 0.08287
v 0.23992 0.01378 0.08483
v 0.23362 0.01575 0.08126
v 0.23298 0.01378 0.08312
v 0.22744 0.01575 0.07846
v 0.22646 0.01378 0.08017
v 0.22188 0.01575 0.07457
v 0.22060 0.01378 0.07608
v 0.21713 0.01575 0.06973
v 0.21559 0.01378 0.07097
v 0.21334 0.01575 0.06409
v 0.21161 0.01378 0.06504
v 0.21066 0.01575 0.05786
v 0.20878 0.01378 0.05847
v 0.20917 0.01575 0.05124
v 0.20721 0.01378 0.05149
v 0.20892 0.01575 0.04446
v 0.20695 0.01378 0.04435
v 0.20992 0.01575 0.03774
v 0.20800 0.01378 0.03727
v 0.21214 0.01575 0.03133
v 0.21034 0.01378 0.03052
v 0.21550 0.01575 0.02543
v 0.21388 0.01378 0.02430
v 0.21988 0.01575 0.02025
v 0.21850 0.01378 0.01884
v 0.22514 0.01575 0.01597
v 0.22404 0.01378 0.01433
v 0.23110 0.01575 0.01272
v 0.23032 0.01378 0.01091
v 0.23755 0.01575 0.01062
v 0.23712 0.01378 0.00870
v 0.24428 0.01575 0.00975
v 0.24421 0.01378 0.00778
v 0.25372 0.01575 0.08238
v 0.28211 0.01575 0.04176
v 0.27140 0.01575 0.07275
v 0.26613 0.01575 0.07703
v 0.25106 0.01575 0.01013
v 0.25765 0.01575 0.01174
v 0.26383 0.01575 0.01454
v 0.26940 0.01575 0.01843
v 0.27415 0.01575 0.02327
v 0.27793 0.01575 0.02891
v 0.28236 0.01575 0.04854
v 0.28136 0.01575 0.05526
v 0.27578 0.01575 0.06757
v 0.27914 0.01575 0.06167
v 0.28061 0.01575 0.03514
v 0.26018 0.01575 0.08028
v 0.25135 0.01378 0.00817
v 0.25830 0.01378 0.00988
v 0.26481 0.01378 0.01283
v 0.27067 0.01378 0.01692
v 0.27568 0.01378 0.02203
v 0.27967 0.01378 0.02796
v 0.28249 0.01378 0.03453
v 0.28406 0.01378 0.04151
v 0.28433 0.01378 0.04865
v 0.28327 0.01378 0.05573
v 0.28094 0.01378 0.06248
v 0.27740 0.01378 0.06870
v 0.27278 0.01378 0.07416
v 0.26724 0.01378 0.07867
v 0.26096 0.01378 0.08209
v 0.25415 0.01378 0.08430
v 0.24421 -0.02650 0.00778
v 0.25135 -0.02650 0.00817
v 0.25830 -0.02650 0.00988
v 0.26481 -0.02650 0.01283
v 0.27067 -0.02650 0.01692
v 0.27568 -0.02650 0.02203
v 0.27967 -0.02650 0.02796
v 0.28249 -0.02650 0.03453
v 0.28406 -0.02650 0.04151
v 0.28433 -0.02650 0.04865
v 0.28327 -0.02650 0.05573
v 0.28094 -0.02650 0.06248
v 0.27740 -0.02650 0.06870
v 0.27278 -0.02650 0.07416
v 0.26724 -0.02650 0.07867
v 0.26096 -0.02650 0.08209
v 0.25415 -0.02650 0.08430
v 0.24706 -0.02650 0.08522
v 0.23992 -0.02650 0.08483
v 0.23298 -0.02650 0.08312
v 0.22646 -0.02650 0.08017
v 0.22060 -0.02650 0.07608
v 0.21559 -0.02650 0.07097
v 0.21161 -0.02650 0.06504
v 0.20878 -0.02650 0.05847
v 0.20721 -0.02650 0.05149
v 0.20695 -0.02650 0.04435
v 0.20800 -0.02650 0.03727
v 0.21034 -0.02650 0.03052
v 0.21388 -0.02650 0.02430
v 0.21850 -0.02650 0.01884
v 0.22404 -0.02650 0.01433
v 0.23032 -0.02650 0.01091
v 0.23712 -0.02650 0.00870
v 0.24612 -0.02650 0.08700
v 0.23879 -0.02650 0.08642
v 0.23168 -0.02650 0.08452
v 0.22504 -0.02650 0.08137
v 0.21907 -0.02650 0.07707
v 0.21398 -0.02650 0.07176
v 0.20993 -0.02650 0.06561
v 0.20706 -0.02650 0.05884
v 0.20547 -0.02650 0.05166
v 0.20520 -0.02650 0.04431
v 0.20626 -0.02650 0.03703
v 0.20862 -0.02650 0.03006
v 0.21221 -0.02650 0.02364
v 0.21689 -0.02650 0.01797
v 0.22253 -0.02650 0.01324
v 0.22893 -0.02650 0.00961
v 0.23587 -0.02650 0.00720
v 0.24314 -0.02650 0.00608
v 0.24415 -0.02650 0.00603
v 0.25161 -0.02650 0.00644
v 0.25887 -0.02650 0.00822
v 0.26568 -0.02650 0.01131
v 0.27180 -0.02650 0.01559
v 0.27704 -0.02650 0.02092
v 0.28120 -0.02650 0.02713
v 0.28416 -0.02650 0.03399
v 0.28580 -0.02650 0.04128
v 0.28608 -0.02650 0.04875
v 0.28497 -0.02650 0.05614
v 0.28253 -0.02650 0.06321
v 0.27883 -0.02650 0.06970
v 0.27401 -0.02650 0.07541
v 0.26821 -0.02650 0.08013
v 0.26165 -0.02650 0.08370
v 0.25454 -0.02650 0.08601
v 0.24713 -0.02650 0.08697
v 0.24713 0.01450 0.08697
v 0.25454 0.01450 0.08601
v 0.26165 0.01450 0.08370
v 0.26821 0.01450 0.08013
v 0.27401 0.01450 0.07541
v 0.27883 0.01450 0.06970
v 0.28253 0.01450 0.06321
v 0.28497 0.01450 0.05614
v 0.28608 0.01450 0.04875
v 0.28580 0.01450 0.04128
v 0.28416 0.01450 0.03399
v 0.28120 0.01450 0.02713
v 0.27704 0.01450 0.02092
v 0.27180 0.01450 0.01559
v 0.26568 0.01450 0.01131
v 0.25887 0.01450 0.00822
v 0.25161 0.01450 0.00644
v 0.24415 0.01450 0.00603
v 0.24702 0.01750 0.08398
v 0.25388 0.01750 0.08308
v 0.26046 0.01750 0.08095
v 0.26654 0.01750 0.07764
v 0.27190 0.01750 0.07326
v 0.27637 0.01750 0.06798
v 0.27980 0.01750 0.06197
v 0.28206 0.01750 0.05543
v 0.28308 0.01750 0.04858
v 0.28283 0.01750 0.04167
v 0.28130 0.01750 0.03492
v 0.27857 0.01750 0.02856
v 0.27471 0.01750 0.02282
v 0.26986 0.01750 0.01788
v 0.26419 0.01750 0.01391
v 0.25789 0.01750 0.01106
v 0.25117 0.01750 0.00941
v 0.24426 0.01750 0.00903
v 0.21632 0.01750 0.06989
v 0.24333 0.01750 0.00907
v 0.21258 0.01750 0.06420
v 0.20992 0.01750 0.05793
v 0.22104 0.01750 0.07480
v 0.22656 0.01750 0.07879
v 0.23272 0.01750 0.08170
v 0.23930 0.01750 0.08346
v 0.24609 0.01750 0.08400
v 0.23660 0.01750 0.01011
v 0.23016 0.01750 0.01234
v 0.22424 0.01750 0.01570
v 0.20918 0.01750 0.03773
v 0.20819 0.01750 0.04447
v 0.21137 0.01750 0.03128
v 0.21468 0.01750 0.02533
v 0.21902 0.01750 0.02008
v 0.20844 0.01750 0.05128
v 0.24314 0.01450 0.00608
v 0.23587 0.01450 0.00720
v 0.22893 0.01450 0.00961
v 0.22253 0.01450 0.01324
v 0.21689 0.01450 0.01797
v 0.21221 0.01450 0.02364
v 0.20862 0.01450 0.03006
v 0.20626 0.01450 0.03703
v 0.20520 0.01450 0.04431
v 0.20547 0.01450 0.05166
v 0.20706 0.01450 0.05884
v 0.20993 0.01450 0.06561
v 0.21398 0.01450 0.07176
v 0.21907 0.01450 0.07707
v 0.22504 0.01450 0.08137
v 0.23168 0.01450 0.08452
v 0.23879 0.01450 0.08642
v 0.24612 0.01450 0.08700
v 0.20541 0.00437 0.05122
v 0.20537 0.00339 0.05087
v 0.20533 0.00277 0.05042
v 0.20532 0.00267 0.05033
v 0.20525 0.00206 0.04949
v 0.20519 0.00176 0.04863
v 0.20517 0.00170 0.04799
v 0.20514 0.00186 0.04697
v 0.20514 0.00226 0.04615
v 0.20515 0.00277 0.04555
v 0.20515 0.00296 0.04539
v 0.20517 0.00373 0.04494
v 0.20517 0.00419 0.04479
v 0.20518 0.00474 0.04470
v 0.20518 0.00563 0.04475
v 0.20516 0.00661 0.04511
v 0.20515 0.00723 0.04555
v 0.20515 0.00733 0.04565
v 0.20514 0.00794 0.04649
v 0.20515 0.00824 0.04735
v 0.20517 0.00830 0.04799
v 0.20522 0.00814 0.04901
v 0.20527 0.00774 0.04982
v 0.20533 0.00723 0.05042
v 0.20534 0.00704 0.05058
v 0.20539 0.00627 0.05103
v 0.20541 0.00581 0.05118
v 0.20542 0.00526 0.05127
v 0.16553 0.00830 0.04945
v 0.16557 0.00812 0.05054
v 0.16562 0.00723 0.05188
v 0.16565 0.00581 0.05265
v 0.16565 0.00419 0.05265
v 0.16562 0.00277 0.05188
v 0.16557 0.00189 0.05054
v 0.16553 0.00170 0.04945
v 0.16549 0.00189 0.04836
v 0.16544 0.00277 0.04702
v 0.16541 0.00419 0.04625
v 0.16541 0.00581 0.04625
v 0.16544 0.00723 0.04702
v 0.16549 0.00812 0.04836
v 0.26853 -0.04010 0.04871
v 0.26903 -0.03960 0.04875
v 0.26839 -0.03960 0.05239
v 0.26791 -0.04010 0.05226
v 0.26719 -0.03960 0.05587
v 0.26673 -0.04010 0.05567
v 0.26546 -0.03960 0.05913
v 0.26504 -0.04010 0.05886
v 0.26324 -0.03960 0.06207
v 0.26286 -0.04010 0.06174
v 0.26058 -0.03960 0.06463
v 0.26027 -0.04010 0.06425
v 0.25756 -0.03960 0.06675
v 0.25731 -0.04010 0.06632
v 0.25425 -0.03960 0.06836
v 0.25407 -0.04010 0.06790
v 0.25072 -0.03960 0.06944
v 0.25061 -0.04010 0.06896
v 0.24707 -0.03960 0.06996
v 0.24704 -0.04010 0.06946
v 0.24338 -0.03960 0.06989
v 0.24343 -0.04010 0.06939
v 0.23975 -0.03960 0.06925
v 0.23988 -0.04010 0.06877
v 0.23627 -0.03960 0.06805
v 0.23647 -0.04010 0.06759
v 0.23301 -0.03960 0.06632
v 0.23328 -0.04010 0.06590
v 0.23007 -0.03960 0.06410
v 0.23040 -0.04010 0.06373
v 0.22750 -0.03960 0.06145
v 0.22789 -0.04010 0.06113
v 0.22539 -0.03960 0.05843
v 0.22582 -0.04010 0.05817
v 0.22377 -0.03960 0.05511
v 0.22424 -0.04010 0.05493
v 0.22269 -0.03960 0.05159
v 0.22318 -0.04010 0.05148
v 0.22218 -0.03960 0.04793
v 0.22268 -0.04010 0.04790
v 0.22225 -0.03960 0.04425
v 0.22274 -0.04010 0.04429
v 0.26178 -0.04010 0.03854
v 0.26704 -0.04010 0.03807
v 0.26297 -0.04010 0.04164
v 0.26809 -0.04010 0.04152
v 0.26357 -0.04010 0.04490
v 0.26859 -0.04010 0.04510
v 0.26355 -0.04010 0.04823
v 0.26293 -0.04010 0.05149
v 0.26172 -0.04010 0.05458
v 0.24570 -0.04010 0.02850
v 0.24784 -0.04010 0.02361
v 0.24901 -0.04010 0.02882
v 0.25140 -0.04010 0.02423
v 0.25220 -0.04010 0.02974
v 0.25481 -0.04010 0.02541
v 0.25517 -0.04010 0.03123
v 0.25800 -0.04010 0.02710
v 0.25781 -0.04010 0.03324
v 0.26088 -0.04010 0.02928
v 0.26004 -0.04010 0.03571
v 0.26339 -0.04010 0.03187
v 0.26546 -0.04010 0.03483
v 0.22955 -0.04010 0.03842
v 0.22624 -0.04010 0.03414
v 0.23131 -0.04010 0.03560
v 0.22841 -0.04010 0.03126
v 0.23356 -0.04010 0.03315
v 0.23101 -0.04010 0.02875
v 0.23622 -0.04010 0.03116
v 0.23397 -0.04010 0.02668
v 0.23920 -0.04010 0.02969
v 0.23721 -0.04010 0.02510
v 0.24239 -0.04010 0.02880
v 0.24066 -0.04010 0.02405
v 0.24423 -0.04010 0.02354
v 0.24557 -0.04010 0.06450
v 0.24227 -0.04010 0.06418
v 0.23907 -0.04010 0.06326
v 0.23611 -0.04010 0.06177
v 0.23346 -0.04010 0.05976
v 0.23123 -0.04010 0.05730
v 0.22950 -0.04010 0.05447
v 0.22831 -0.04010 0.05136
v 0.22771 -0.04010 0.04810
v 0.22772 -0.04010 0.04477
v 0.22834 -0.04010 0.04151
v 0.22337 -0.04010 0.04074
v 0.22455 -0.04010 0.03733
v 0.25996 -0.04010 0.05740
v 0.25772 -0.04010 0.05985
v 0.25506 -0.04010 0.06184
v 0.25208 -0.04010 0.06331
v 0.24888 -0.04010 0.06421
v 0.22289 -0.03960 0.04062
v 0.22409 -0.03960 0.03713
v 0.22582 -0.03960 0.03387
v 0.22804 -0.03960 0.03093
v 0.23069 -0.03960 0.02837
v 0.23371 -0.03960 0.02625
v 0.23703 -0.03960 0.02464
v 0.24055 -0.03960 0.02356
v 0.24420 -0.03960 0.02304
v 0.24789 -0.03960 0.02311
v 0.25152 -0.03960 0.02375
v 0.25501 -0.03960 0.02495
v 0.25827 -0.03960 0.02668
v 0.26121 -0.03960 0.02890
v 0.26377 -0.03960 0.03155
v 0.26589 -0.03960 0.03457
v 0.26750 -0.03960 0.03789
v 0.26858 -0.03960 0.04142
v 0.26909 -0.03960 0.04507
v 0.26903 -0.03360 0.04875
v 0.26909 -0.03360 0.04507
v 0.26858 -0.03360 0.04142
v 0.26750 -0.03360 0.03789
v 0.26589 -0.03360 0.03457
v 0.26377 -0.03360 0.03155
v 0.26121 -0.03360 0.02890
v 0.25827 -0.03360 0.02668
v 0.25501 -0.03360 0.02495
v 0.25152 -0.03360 0.02375
v 0.24789 -0.03360 0.02311
v 0.24420 -0.03360 0.02304
v 0.24055 -0.03360 0.02356
v 0.23703 -0.03360 0.02464
v 0.23371 -0.03360 0.02625
v 0.23069 -0.03360 0.02837
v 0.22804 -0.03360 0.03093
v 0.22582 -0.03360 0.03387
v 0.22409 -0.03360 0.03713
v 0.22289 -0.03360 0.04062
v 0.22225 -0.03360 0.04425
v 0.22218 -0.03360 0.04793
v 0.22269 -0.03360 0.05159
v 0.22377 -0.03360 0.05511
v 0.22539 -0.03360 0.05843
v 0.22750 -0.03360 0.06145
v 0.23007 -0.03360 0.06410
v 0.23301 -0.03360 0.06632
v 0.23627 -0.03360 0.06805
v 0.23975 -0.03360 0.06925
v 0.24338 -0.03360 0.06989
v 0.24707 -0.03360 0.06996
v 0.25072 -0.03360 0.06944
v 0.25425 -0.03360 0.06836
v 0.25756 -0.03360 0.06675
v 0.26058 -0.03360 0.06463
v 0.26324 -0.03360 0.06207
v 0.26546 -0.03360 0.05913
v 0.26719 -0.03360 0.05587
v 0.26839 -0.03360 0.05239
v 0.22274 -0.03310 0.04429
v 0.22268 -0.03310 0.04790
v 0.22318 -0.03310 0.05148
v 0.22424 -0.03310 0.05493
v 0.22582 -0.03310 0.05817
v 0.22789 -0.03310 0.06113
v 0.23040 -0.03310 0.06373
v 0.23328 -0.03310 0.06590
v 0.23647 -0.03310 0.06759
v 0.23988 -0.03310 0.06877
v 0.24343 -0.03310 0.06939
v 0.24704 -0.03310 0.06946
v 0.25061 -0.03310 0.06896
v 0.25407 -0.03310 0.06790
v 0.25731 -0.03310 0.06632
v 0.26027 -0.03310 0.06425
v 0.26286 -0.03310 0.06174
v 0.26504 -0.03310 0.05886
v 0.26673 -0.03310 0.05567
v 0.26791 -0.03310 0.05226
v 0.26853 -0.03310 0.04871
v 0.23131 -0.03310 0.03560
v 0.22624 -0.03310 0.03414
v 0.22955 -0.03310 0.03842
v 0.22455 -0.03310 0.03733
v 0.22834 -0.03310 0.04151
v 0.22337 -0.03310 0.04074
v 0.22772 -0.03310 0.04477
v 0.22771 -0.03310 0.04810
v 0.22831 -0.03310 0.05136
v 0.24901 -0.03310 0.02882
v 0.24784 -0.03310 0.02361
v 0.24570 -0.03310 0.02850
v 0.24423 -0.03310 0.02354
v 0.24239 -0.03310 0.02880
v 0.24066 -0.03310 0.02405
v 0.23920 -0.03310 0.02969
v 0.23721 -0.03310 0.02510
v 0.23622 -0.03310 0.03116
v 0.23397 -0.03310 0.02668
v 0.23356 -0.03310 0.03315
v 0.23101 -0.03310 0.02875
v 0.22841 -0.03310 0.03126
v 0.26297 -0.03310 0.04164
v 0.26704 -0.03310 0.03807
v 0.26178 -0.03310 0.03854
v 0.26546 -0.03310 0.03483
v 0.26004 -0.03310 0.03571
v 0.26339 -0.03310 0.03187
v 0.25781 -0.03310 0.03324
v 0.26088 -0.03310 0.02928
v 0.25517 -0.03310 0.03123
v 0.25800 -0.03310 0.02710
v 0.25220 -0.03310 0.02974
v 0.25481 -0.03310 0.02541
v 0.25140 -0.03310 0.02423
v 0.25996 -0.03310 0.05740
v 0.26172 -0.03310 0.05458
v 0.26293 -0.03310 0.05149
v 0.26355 -0.03310 0.04823
v 0.26357 -0.03310 0.04490
v 0.26859 -0.03310 0.04510
v 0.26809 -0.03310 0.04152
v 0.22950 -0.03310 0.05447
v 0.23123 -0.03310 0.05730
v 0.23346 -0.03310 0.05976
v 0.23611 -0.03310 0.06177
v 0.23907 -0.03310 0.06326
v 0.24227 -0.03310 0.06418
v 0.24557 -0.03310 0.06450
v 0.24888 -0.03310 0.06421
v 0.25208 -0.03310 0.06331
v 0.25506 -0.03310 0.06184
v 0.25772 -0.03310 0.05985
v 0.26306 -0.03360 0.04818
v 0.26307 -0.03360 0.04495
v 0.26249 -0.03360 0.04177
v 0.26133 -0.03360 0.03876
v 0.25964 -0.03360 0.03601
v 0.25747 -0.03360 0.03361
v 0.25490 -0.03360 0.03166
v 0.25202 -0.03360 0.03021
v 0.24892 -0.03360 0.02931
v 0.24570 -0.03360 0.02900
v 0.24248 -0.03360 0.02929
v 0.23938 -0.03360 0.03016
v 0.23648 -0.03360 0.03159
v 0.23390 -0.03360 0.03353
v 0.23171 -0.03360 0.03590
v 0.23000 -0.03360 0.03864
v 0.22882 -0.03360 0.04165
v 0.22822 -0.03360 0.04482
v 0.22822 -0.03960 0.04482
v 0.22882 -0.03960 0.04165
v 0.23000 -0.03960 0.03864
v 0.23171 -0.03960 0.03590
v 0.23390 -0.03960 0.03353
v 0.23648 -0.03960 0.03159
v 0.23938 -0.03960 0.03016
v 0.24248 -0.03960 0.02929
v 0.24570 -0.03960 0.02900
v 0.24892 -0.03960 0.02931
v 0.25202 -0.03960 0.03021
v 0.25490 -0.03960 0.03166
v 0.25747 -0.03960 0.03361
v 0.25964 -0.03960 0.03601
v 0.26133 -0.03960 0.03876
v 0.26249 -0.03960 0.04177
v 0.26307 -0.03960 0.04495
v 0.26306 -0.03960 0.04818
v 0.26245 -0.03360 0.05135
v 0.26245 -0.03960 0.05135
v 0.26127 -0.03360 0.05436
v 0.26127 -0.03960 0.05436
v 0.25956 -0.03360 0.05710
v 0.25956 -0.03960 0.05710
v 0.25738 -0.03360 0.05948
v 0.25738 -0.03960 0.05948
v 0.25480 -0.03360 0.06141
v 0.25480 -0.03960 0.06141
v 0.25190 -0.03360 0.06284
v 0.25190 -0.03960 0.06284
v 0.24879 -0.03360 0.06371
v 0.24879 -0.03960 0.06371
v 0.24557 -0.03360 0.06400
v 0.24557 -0.03960 0.06400
v 0.24236 -0.03360 0.06369
v 0.24236 -0.03960 0.06369
v 0.23926 -0.03360 0.06280
v 0.23926 -0.03960 0.06280
v 0.23637 -0.03360 0.06135
v 0.23637 -0.03960 0.06135
v 0.23380 -0.03360 0.05939
v 0.23380 -0.03960 0.05939
v 0.23163 -0.03360 0.05700
v 0.23163 -0.03960 0.05700
v 0.22994 -0.03360 0.05424
v 0.22994 -0.03960 0.05424
v 0.22879 -0.03360 0.05123
v 0.22879 -0.03960 0.05123
v 0.22821 -0.03360 0.04805
v 0.22821 -0.03960 0.04805
v 0.24742 -0.03450 0.02106
v 0.24756 -0.03250 0.01907
v 0.25287 -0.03250 0.01997
v 0.25235 -0.03450 0.02190
v 0.25791 -0.03250 0.02189
v 0.25702 -0.03450 0.02368
v 0.26247 -0.03250 0.02476
v 0.26125 -0.03450 0.02634
v 0.26639 -0.03250 0.02846
v 0.26488 -0.03450 0.02977
v 0.26951 -0.03250 0.03286
v 0.26778 -0.03450 0.03385
v 0.27172 -0.03250 0.03778
v 0.26982 -0.03450 0.03841
v 0.27292 -0.03250 0.04303
v 0.27093 -0.03450 0.04328
v 0.27307 -0.03250 0.04842
v 0.27108 -0.03450 0.04828
v 0.27217 -0.03250 0.05373
v 0.27024 -0.03450 0.05321
v 0.27025 -0.03250 0.05877
v 0.26846 -0.03450 0.05788
v 0.26738 -0.03250 0.06334
v 0.26580 -0.03450 0.06211
v 0.26368 -0.03250 0.06725
v 0.26237 -0.03450 0.06575
v 0.25928 -0.03250 0.07038
v 0.25829 -0.03450 0.06864
v 0.25436 -0.03250 0.07258
v 0.25373 -0.03450 0.07068
v 0.24911 -0.03250 0.07378
v 0.24885 -0.03450 0.07180
v 0.24372 -0.03250 0.07393
v 0.24386 -0.03450 0.07194
v 0.24386 -0.04160 0.07194
v 0.24885 -0.04160 0.07180
v 0.25373 -0.04160 0.07068
v 0.25829 -0.04160 0.06864
v 0.26237 -0.04160 0.06575
v 0.26580 -0.04160 0.06211
v 0.26846 -0.04160 0.05788
v 0.27024 -0.04160 0.05321
v 0.27108 -0.04160 0.04828
v 0.27093 -0.04160 0.04328
v 0.26982 -0.04160 0.03841
v 0.26778 -0.04160 0.03385
v 0.26488 -0.04160 0.02977
v 0.26125 -0.04160 0.02634
v 0.25702 -0.04160 0.02368
v 0.25235 -0.04160 0.02190
v 0.24742 -0.04160 0.02106
v 0.24242 -0.04160 0.02120
v 0.24242 -0.03450 0.02120
v 0.23755 -0.04160 0.02232
v 0.23755 -0.03450 0.02232
v 0.23299 -0.04160 0.02436
v 0.23299 -0.03450 0.02436
v 0.22891 -0.04160 0.02725
v 0.22891 -0.03450 0.02725
v 0.22548 -0.04160 0.03089
v 0.22548 -0.03450 0.03089
v 0.22282 -0.04160 0.03512
v 0.22282 -0.03450 0.03512
v 0.22104 -0.04160 0.03979
v 0.22104 -0.03450 0.03979
v 0.22020 -0.04160 0.04472
v 0.22020 -0.03450 0.04472
v 0.22034 -0.04160 0.04972
v 0.22034 -0.03450 0.04972
v 0.22146 -0.04160 0.05459
v 0.22146 -0.03450 0.05459
v 0.22350 -0.04160 0.05915
v 0.22350 -0.03450 0.05915
v 0.22639 -0.04160 0.06323
v 0.22639 -0.03450 0.06323
v 0.23003 -0.04160 0.06666
v 0.23003 -0.03450 0.06666
v 0.23426 -0.04160 0.06932
v 0.23426 -0.03450 0.06932
v 0.23893 -0.04160 0.07110
v 0.23893 -0.03450 0.07110
v 0.24389 -0.04210 0.07144
v 0.23906 -0.04210 0.07062
v 0.23448 -0.04210 0.06887
v 0.23033 -0.04210 0.06627
v 0.22677 -0.04210 0.06290
v 0.22393 -0.04210 0.05890
v 0.22193 -0.04210 0.05443
v 0.22084 -0.04210 0.04965
v 0.22070 -0.04210 0.04476
v 0.22152 -0.04210 0.03992
v 0.22327 -0.04210 0.03534
v 0.22587 -0.04210 0.03119
v 0.22924 -0.04210 0.02763
v 0.23323 -0.04210 0.02480
v 0.23771 -0.04210 0.02279
v 0.24248 -0.04210 0.02170
v 0.24738 -0.04210 0.02156
v 0.25221 -0.04210 0.02238
v 0.25679 -0.04210 0.02413
v 0.26094 -0.04210 0.02673
v 0.26451 -0.04210 0.03010
v 0.26734 -0.04210 0.03410
v 0.26935 -0.04210 0.03857
v 0.27044 -0.04210 0.04335
v 0.27058 -0.04210 0.04825
v 0.26976 -0.04210 0.05308
v 0.26801 -0.04210 0.05766
v 0.26540 -0.04210 0.06181
v 0.26204 -0.04210 0.06537
v 0.25804 -0.04210 0.06821
v 0.25357 -0.04210 0.07021
v 0.24879 -0.04210 0.07130
v 0.22335 -0.04210 0.04728
v 0.22368 -0.04210 0.04263
v 0.22496 -0.04210 0.03815
v 0.22715 -0.04210 0.03403
v 0.23015 -0.04210 0.03046
v 0.23382 -0.04210 0.02759
v 0.23801 -0.04210 0.02555
v 0.24254 -0.04210 0.02442
v 0.24719 -0.04210 0.02425
v 0.25178 -0.04210 0.02506
v 0.25611 -0.04210 0.02681
v 0.25997 -0.04210 0.02942
v 0.26321 -0.04210 0.03277
v 0.26568 -0.04210 0.03673
v 0.26728 -0.04210 0.04111
v 0.26792 -0.04210 0.04572
v 0.26760 -0.04210 0.05037
v 0.26631 -0.04210 0.05486
v 0.26412 -0.04210 0.05897
v 0.26113 -0.04210 0.06254
v 0.25745 -0.04210 0.06541
v 0.25326 -0.04210 0.06746
v 0.24874 -0.04210 0.06858
v 0.24408 -0.04210 0.06875
v 0.23949 -0.04210 0.06794
v 0.23517 -0.04210 0.06619
v 0.23130 -0.04210 0.06358
v 0.22806 -0.04210 0.06023
v 0.22559 -0.04210 0.05628
v 0.22400 -0.04210 0.05189
v 0.24410 -0.04180 0.06845
v 0.23957 -0.04180 0.06765
v 0.23531 -0.04180 0.06592
v 0.23150 -0.04180 0.06335
v 0.22830 -0.04180 0.06004
v 0.22586 -0.04180 0.05614
v 0.22429 -0.04180 0.05182
v 0.22365 -0.04180 0.04727
v 0.22397 -0.04180 0.04268
v 0.22524 -0.04180 0.03826
v 0.22740 -0.04180 0.03420
v 0.23036 -0.04180 0.03067
v 0.23398 -0.04180 0.02784
v 0.23811 -0.04180 0.02583
v 0.24258 -0.04180 0.02471
v 0.24717 -0.04180 0.02455
v 0.24717 -0.04040 0.02455
v 0.24258 -0.04040 0.02471
v 0.23811 -0.04040 0.02583
v 0.23398 -0.04040 0.02784
v 0.23036 -0.04040 0.03067
v 0.22740 -0.04040 0.03420
v 0.22524 -0.04040 0.03826
v 0.22397 -0.04040 0.04268
v 0.22365 -0.04040 0.04727
v 0.22429 -0.04040 0.05182
v 0.22586 -0.04040 0.05614
v 0.22830 -0.04040 0.06004
v 0.23150 -0.04040 0.06335
v 0.23531 -0.04040 0.06592
v 0.23957 -0.04040 0.06765
v 0.24410 -0.04040 0.06845
v 0.24870 -0.04180 0.06829
v 0.24870 -0.04040 0.06829
v 0.25316 -0.04180 0.06717
v 0.25316 -0.04040 0.06717
v 0.25730 -0.04180 0.06516
v 0.25730 -0.04040 0.06516
v 0.26092 -0.04180 0.06233
v 0.26092 -0.04040 0.06233
v 0.26388 -0.04180 0.05880
v 0.26388 -0.04040 0.05880
v 0.26604 -0.04180 0.05474
v 0.26604 -0.04040 0.05474
v 0.26730 -0.04180 0.05032
v 0.26730 -0.04040 0.05032
v 0.26762 -0.04180 0.04573
v 0.26762 -0.04040 0.04573
v 0.26698 -0.04180 0.04118
v 0.26698 -0.04040 0.04118
v 0.26541 -0.04180 0.03686
v 0.26541 -0.04040 0.03686
v 0.26297 -0.04180 0.03296
v 0.26297 -0.04040 0.03296
v 0.25978 -0.04180 0.02965
v 0.25978 -0.04040 0.02965
v 0.25597 -0.04180 0.02708
v 0.25597 -0.04040 0.02708
v 0.25170 -0.04180 0.02535
v 0.25170 -0.04040 0.02535
v 0.24408 -0.04010 0.06875
v 0.24874 -0.04010 0.06858
v 0.25326 -0.04010 0.06746
v 0.25745 -0.04010 0.06541
v 0.26113 -0.04010 0.06254
v 0.26412 -0.04010 0.05897
v 0.26631 -0.04010 0.05486
v 0.26760 -0.04010 0.05037
v 0.26792 -0.04010 0.04572
v 0.26728 -0.04010 0.04111
v 0.26568 -0.04010 0.03673
v 0.26321 -0.04010 0.03277
v 0.25997 -0.04010 0.02942
v 0.25611 -0.04010 0.02681
v 0.25178 -0.04010 0.02506
v 0.24719 -0.04010 0.02425
v 0.24254 -0.04010 0.02442
v 0.23801 -0.04010 0.02555
v 0.23382 -0.04010 0.02759
v 0.23015 -0.04010 0.03046
v 0.22715 -0.04010 0.03403
v 0.22496 -0.04010 0.03815
v 0.22368 -0.04010 0.04263
v 0.22335 -0.04010 0.04728
v 0.22400 -0.04010 0.05189
v 0.22559 -0.04010 0.05628
v 0.22806 -0.04010 0.06023
v 0.23130 -0.04010 0.06358
v 0.23517 -0.04010 0.06619
v 0.23949 -0.04010 0.06794
v 0.26074 -0.04010 0.02850
v 0.25667 -0.04010 0.02575
v 0.25212 -0.04010 0.02391
v 0.24728 -0.04010 0.02306
v 0.24237 -0.04010 0.02323
v 0.23760 -0.04010 0.02442
v 0.23319 -0.04010 0.02657
v 0.22931 -0.04010 0.02960
v 0.22616 -0.04010 0.03336
v 0.22385 -0.04010 0.03770
v 0.22250 -0.04010 0.04242
v 0.22215 -0.04010 0.04732
v 0.22284 -0.04010 0.05218
v 0.22452 -0.04010 0.05680
v 0.22712 -0.04010 0.06097
v 0.23053 -0.04010 0.06450
v 0.23460 -0.04010 0.06725
v 0.23916 -0.04010 0.06909
v 0.24400 -0.04010 0.06994
v 0.24891 -0.04010 0.06977
v 0.25367 -0.04010 0.06858
v 0.25809 -0.04010 0.06643
v 0.26196 -0.04010 0.06341
v 0.26512 -0.04010 0.05964
v 0.26743 -0.04010 0.05530
v 0.26878 -0.04010 0.05058
v 0.26912 -0.04010 0.04568
v 0.26844 -0.04010 0.04082
v 0.26676 -0.04010 0.03620
v 0.26416 -0.04010 0.03203
v 0.24400 -0.02700 0.06994
v 0.24891 -0.02700 0.06977
v 0.25367 -0.02700 0.06858
v 0.25809 -0.02700 0.06643
v 0.26196 -0.02700 0.06341
v 0.26512 -0.02700 0.05964
v 0.26743 -0.02700 0.05530
v 0.26878 -0.02700 0.05058
v 0.26912 -0.02700 0.04568
v 0.26844 -0.02700 0.04082
v 0.26676 -0.02700 0.03620
v 0.26416 -0.02700 0.03203
v 0.26074 -0.02700 0.02850
v 0.25667 -0.02700 0.02575
v 0.25212 -0.02700 0.02391
v 0.24728 -0.02700 0.02306
v 0.24237 -0.02700 0.02323
v 0.23760 -0.02700 0.02442
v 0.23319 -0.02700 0.02657
v 0.22931 -0.02700 0.02960
v 0.22616 -0.02700 0.03336
v 0.22385 -0.02700 0.03770
v 0.22250 -0.02700 0.04242
v 0.22215 -0.02700 0.04732
v 0.22284 -0.02700 0.05218
v 0.22452 -0.02700 0.05680
v 0.22712 -0.02700 0.06097
v 0.23053 -0.02700 0.06450
v 0.23460 -0.02700 0.06725
v 0.23916 -0.02700 0.06909
v 0.24731 -0.02650 0.02256
v 0.24230 -0.02650 0.02273
v 0.23743 -0.02650 0.02395
v 0.23292 -0.02650 0.02615
v 0.22897 -0.02650 0.02924
v 0.22574 -0.02650 0.03308
v 0.22339 -0.02650 0.03751
v 0.22200 -0.02650 0.04233
v 0.22165 -0.02650 0.04734
v 0.22235 -0.02650 0.05231
v 0.22407 -0.02650 0.05702
v 0.22673 -0.02650 0.06128
v 0.23021 -0.02650 0.06488
v 0.23437 -0.02650 0.06769
v 0.23902 -0.02650 0.06957
v 0.24396 -0.02650 0.07044
v 0.24898 -0.02650 0.07027
v 0.25385 -0.02650 0.06905
v 0.25836 -0.02650 0.06685
v 0.26231 -0.02650 0.06377
v 0.26553 -0.02650 0.05992
v 0.26789 -0.02650 0.05549
v 0.26927 -0.02650 0.05067
v 0.26962 -0.02650 0.04566
v 0.26893 -0.02650 0.04070
v 0.26721 -0.02650 0.03598
v 0.26455 -0.02650 0.03173
v 0.26107 -0.02650 0.02812
v 0.25691 -0.02650 0.02531
v 0.25225 -0.02650 0.02343
v 0.27231 -0.02650 0.03012
v 0.27146 -0.02650 0.04220
v 0.27380 -0.02650 0.04237
v 0.26491 -0.02650 0.02480
v 0.26458 -0.02650 0.02957
v 0.23505 -0.02650 0.07372
v 0.23470 -0.02650 0.07878
v 0.24334 -0.02650 0.07938
v 0.21242 -0.02650 0.05052
v 0.21200 -0.02650 0.05659
v 0.21850 -0.02650 0.05705
v 0.21475 -0.02650 0.02965
v 0.21394 -0.02650 0.02981
v 0.21329 -0.02650 0.03813
v 0.25023 -0.02650 0.07122
v 0.23539 -0.02650 0.06883
v 0.22129 -0.02650 0.05724
v 0.22171 -0.02650 0.05117
v 0.25531 -0.02650 0.08531
v 0.26127 -0.02650 0.08332
v 0.26101 -0.02650 0.08062
v 0.26683 -0.02650 0.08042
v 0.28272 -0.02650 0.06149
v 0.27923 -0.02650 0.06130
v 0.27992 -0.02650 0.06710
v 0.20683 -0.02650 0.05618
v 0.20882 -0.02650 0.06213
v 0.20915 -0.02650 0.05639
v 0.21471 -0.02650 0.06615
v 0.21390 -0.02650 0.06631
v 0.21172 -0.02650 0.06770
v 0.24292 -0.02650 0.08541
v 0.23664 -0.02650 0.08547
v 0.23065 -0.02650 0.08359
v 0.22503 -0.02650 0.08079
v 0.22071 -0.02650 0.07514
v 0.21989 -0.02650 0.07711
v 0.22125 -0.02650 0.07576
v 0.21993 -0.02650 0.07714
v 0.22203 -0.02650 0.07603
v 0.22055 -0.02650 0.07432
v 0.22082 -0.02650 0.07354
v 0.22021 -0.02650 0.07268
v 0.22144 -0.02650 0.07300
v 0.22226 -0.02650 0.07284
v 0.22304 -0.02650 0.07311
v 0.22358 -0.02650 0.07373
v 0.22374 -0.02650 0.07455
v 0.22347 -0.02650 0.07533
v 0.22285 -0.02650 0.07587
v 0.21545 -0.02650 0.07274
v 0.21719 -0.02650 0.07462
v 0.21741 -0.02650 0.07249
v 0.21766 -0.02650 0.06894
v 0.21311 -0.02650 0.06604
v 0.21257 -0.02650 0.06542
v 0.21241 -0.02650 0.06460
v 0.21268 -0.02650 0.06382
v 0.21331 -0.02650 0.06328
v 0.21412 -0.02650 0.06312
v 0.21490 -0.02650 0.06339
v 0.21545 -0.02650 0.06401
v 0.21560 -0.02650 0.06483
v 0.21776 -0.02650 0.06760
v 0.21533 -0.02650 0.06561
v 0.20809 -0.02650 0.05269
v 0.20579 -0.02650 0.04999
v 0.20825 -0.02650 0.05350
v 0.21044 -0.02650 0.03793
v 0.20958 -0.02650 0.05032
v 0.20574 -0.02650 0.04371
v 0.21135 -0.02650 0.02590
v 0.20855 -0.02650 0.03151
v 0.20666 -0.02650 0.03750
v 0.21315 -0.02650 0.02954
v 0.21261 -0.02650 0.02892
v 0.21245 -0.02650 0.02810
v 0.21272 -0.02650 0.02732
v 0.21138 -0.02650 0.02585
v 0.22131 -0.02650 0.01685
v 0.21500 -0.02650 0.02079
v 0.21461 -0.02650 0.02126
v 0.22410 -0.02650 0.01705
v 0.22444 -0.02650 0.01258
v 0.21940 -0.02650 0.01631
v 0.23479 -0.02650 0.01230
v 0.23452 -0.02650 0.01308
v 0.23928 -0.02650 0.01336
v 0.23895 -0.02650 0.01808
v 0.24758 -0.02650 0.01869
v 0.23389 -0.02650 0.01363
v 0.23308 -0.02650 0.01378
v 0.23230 -0.02650 0.01351
v 0.23175 -0.02650 0.01289
v 0.23160 -0.02650 0.01208
v 0.23001 -0.02650 0.00968
v 0.23463 -0.02650 0.01149
v 0.23596 -0.02650 0.00769
v 0.23409 -0.02650 0.01086
v 0.23187 -0.02650 0.01129
v 0.23249 -0.02650 0.01075
v 0.23330 -0.02650 0.01059
v 0.24478 -0.02650 0.01133
v 0.24424 -0.02650 0.01070
v 0.24657 -0.02650 0.00867
v 0.24712 -0.02650 0.00930
v 0.24843 -0.02650 0.00660
v 0.24408 -0.02650 0.00989
v 0.24215 -0.02650 0.00665
v 0.24727 -0.02650 0.01011
v 0.24700 -0.02650 0.01090
v 0.24791 -0.02650 0.01396
v 0.24638 -0.02650 0.01144
v 0.24557 -0.02650 0.01160
v 0.24435 -0.02650 0.00911
v 0.24498 -0.02650 0.00856
v 0.24579 -0.02650 0.00840
v 0.25420 -0.02650 0.01440
v 0.25464 -0.02650 0.00753
v 0.25805 -0.02650 0.01381
v 0.25726 -0.02650 0.01354
v 0.25672 -0.02650 0.01292
v 0.25656 -0.02650 0.01210
v 0.25683 -0.02650 0.01132
v 0.25976 -0.02650 0.01233
v 0.25949 -0.02650 0.01311
v 0.26558 -0.02650 0.01520
v 0.25886 -0.02650 0.01365
v 0.25960 -0.02650 0.01151
v 0.26624 -0.02650 0.01221
v 0.25905 -0.02650 0.01089
v 0.26062 -0.02650 0.00941
v 0.25827 -0.02650 0.01062
v 0.25746 -0.02650 0.01078
v 0.27956 -0.02650 0.02531
v 0.27583 -0.02650 0.02026
v 0.27532 -0.02650 0.02063
v 0.27541 -0.02650 0.01979
v 0.27135 -0.02650 0.01586
v 0.27637 -0.02650 0.02961
v 0.27583 -0.02650 0.02899
v 0.27464 -0.02650 0.03028
v 0.27567 -0.02650 0.02817
v 0.27594 -0.02650 0.02739
v 0.27498 -0.02650 0.02551
v 0.27657 -0.02650 0.02685
v 0.27738 -0.02650 0.02669
v 0.27988 -0.02650 0.02583
v 0.28137 -0.02650 0.03075
v 0.27797 -0.02650 0.02972
v 0.27716 -0.02650 0.02988
v 0.27816 -0.02650 0.02696
v 0.27870 -0.02650 0.02758
v 0.28159 -0.02650 0.02896
v 0.27886 -0.02650 0.02840
v 0.27859 -0.02650 0.02918
v 0.28445 -0.02650 0.03682
v 0.28246 -0.02650 0.03087
v 0.28244 -0.02650 0.03082
v 0.28146 -0.02650 0.05447
v 0.28068 -0.02650 0.05420
v 0.27965 -0.02650 0.05522
v 0.28014 -0.02650 0.05358
v 0.27998 -0.02650 0.05277
v 0.28025 -0.02650 0.05198
v 0.28052 -0.02650 0.04284
v 0.28088 -0.02650 0.05144
v 0.28169 -0.02650 0.05128
v 0.28549 -0.02650 0.04302
v 0.28247 -0.02650 0.05155
v 0.28554 -0.02650 0.04929
v 0.28301 -0.02650 0.05218
v 0.28461 -0.02650 0.05550
v 0.28228 -0.02650 0.05432
v 0.28290 -0.02650 0.05377
v 0.28317 -0.02650 0.05299
v 0.27628 -0.02650 0.07221
v 0.27793 -0.02650 0.06622
v 0.27579 -0.02650 0.06549
v 0.27563 -0.02650 0.06467
v 0.27251 -0.02650 0.06082
v 0.27712 -0.02650 0.06638
v 0.27633 -0.02650 0.06611
v 0.27177 -0.02650 0.07137
v 0.27590 -0.02650 0.06389
v 0.27653 -0.02650 0.06335
v 0.27734 -0.02650 0.06319
v 0.27812 -0.02650 0.06346
v 0.27867 -0.02650 0.06408
v 0.27882 -0.02650 0.06490
v 0.27855 -0.02650 0.06568
v 0.27226 -0.02650 0.07635
v 0.27143 -0.02650 0.07627
v 0.27188 -0.02650 0.07669
v 0.26909 -0.02650 0.07610
v 0.26136 -0.02650 0.07556
v 0.23860 -0.02650 0.02296
v 0.22376 -0.02650 0.02192
v 0.22342 -0.02650 0.02669
v 0.22055 -0.02650 0.06779
v 0.26170 -0.02650 0.07067
v 0.27060 -0.02650 0.05459
v 0.21039 -0.02650 0.05424
v 0.20957 -0.02650 0.05440
v 0.20879 -0.02650 0.05413
v 0.20836 -0.02650 0.05190
v 0.20898 -0.02650 0.05136
v 0.20980 -0.02650 0.05120
v 0.21058 -0.02650 0.05147
v 0.21112 -0.02650 0.05210
v 0.21128 -0.02650 0.05291
v 0.21101 -0.02650 0.05369
v 0.26763 -0.02650 0.07519
v 0.26747 -0.02650 0.07437
v 0.26161 -0.02650 0.07202
v 0.26774 -0.02650 0.07359
v 0.26837 -0.02650 0.07305
v 0.26934 -0.02650 0.07256
v 0.26918 -0.02650 0.07289
v 0.27168 -0.02650 0.07272
v 0.26996 -0.02650 0.07316
v 0.27051 -0.02650 0.07379
v 0.27067 -0.02650 0.07460
v 0.27040 -0.02650 0.07538
v 0.26977 -0.02650 0.07592
v 0.26896 -0.02650 0.07608
v 0.26817 -0.02650 0.07581
v 0.21494 -0.02650 0.02689
v 0.22063 -0.02650 0.02650
v 0.21416 -0.02650 0.02662
v 0.21414 -0.02650 0.02604
v 0.21335 -0.02650 0.02678
v 0.21537 -0.02650 0.02911
v 0.21979 -0.02650 0.03859
v 0.21564 -0.02650 0.02833
v 0.21549 -0.02650 0.02751
v 0.21892 -0.02650 0.05097
v 0.22258 -0.02650 0.03878
v 0.22097 -0.02650 0.02173
v 0.22045 -0.02650 0.06914
v 0.21440 -0.02650 0.02152
v 0.23530 -0.02650 0.07018
v 0.24369 -0.02650 0.07433
v 0.24394 -0.02650 0.07078
v 0.25387 -0.02650 0.01913
v 0.24998 -0.02650 0.07477
v 0.24962 -0.02650 0.07982
v 0.24649 -0.02650 0.08167
v 0.24704 -0.02650 0.08230
v 0.24416 -0.02650 0.08370
v 0.24400 -0.02650 0.08289
v 0.24490 -0.02650 0.08156
v 0.24571 -0.02650 0.08140
v 0.24920 -0.02650 0.08585
v 0.24719 -0.02650 0.08311
v 0.24692 -0.02650 0.08390
v 0.24427 -0.02650 0.08211
v 0.24630 -0.02650 0.08444
v 0.24549 -0.02650 0.08460
v 0.24470 -0.02650 0.08433
v 0.26525 -0.02650 0.01992
v 0.27298 -0.02650 0.02047
v 0.27264 -0.02650 0.02534
v 0.27293 -0.02650 0.05475
v 0.27017 -0.02650 0.06066
v 0.26943 -0.02650 0.07121
v 0.24912 -0.02650 0.08635
v 0.24285 -0.02650 0.08640
v 0.21461 -0.02700 0.02047
v 0.21907 -0.02700 0.01593
v 0.22418 -0.02700 0.01215
v 0.22981 -0.02700 0.00922
v 0.23584 -0.02700 0.00720
v 0.24211 -0.02700 0.00615
v 0.24846 -0.02700 0.00610
v 0.21092 -0.02700 0.02564
v 0.20809 -0.02700 0.03133
v 0.20618 -0.02700 0.03739
v 0.20524 -0.02700 0.04367
v 0.20529 -0.02700 0.05003
v 0.20634 -0.02700 0.05630
v 0.20836 -0.02700 0.06232
v 0.21129 -0.02700 0.06796
v 0.21507 -0.02700 0.07307
v 0.21960 -0.02700 0.07752
v 0.22478 -0.02700 0.08121
v 0.23046 -0.02700 0.08405
v 0.23653 -0.02700 0.08596
v 0.24281 -0.02700 0.08690
v 0.27998 -0.02700 0.02504
v 0.27620 -0.02700 0.01993
v 0.27221 -0.02700 0.07707
v 0.26710 -0.02700 0.08085
v 0.26146 -0.02700 0.08378
v 0.25543 -0.02700 0.08580
v 0.24917 -0.02700 0.08685
v 0.27666 -0.02700 0.07253
v 0.28035 -0.02700 0.06736
v 0.28319 -0.02700 0.06167
v 0.28510 -0.02700 0.05561
v 0.28604 -0.02700 0.04933
v 0.28598 -0.02700 0.04297
v 0.28494 -0.02700 0.03670
v 0.28292 -0.02700 0.03068
v 0.27167 -0.02700 0.01548
v 0.26650 -0.02700 0.01179
v 0.26081 -0.02700 0.00895
v 0.25475 -0.02700 0.00704
v 0.24846 -0.02900 0.00610
v 0.25475 -0.02900 0.00704
v 0.26081 -0.02900 0.00895
v 0.26650 -0.02900 0.01179
v 0.27167 -0.02900 0.01548
v 0.27620 -0.02900 0.01993
v 0.27998 -0.02900 0.02504
v 0.28292 -0.02900 0.03068
v 0.28494 -0.02900 0.03670
v 0.28598 -0.02900 0.04297
v 0.28604 -0.02900 0.04933
v 0.28510 -0.02900 0.05561
v 0.28319 -0.02900 0.06167
v 0.28035 -0.02900 0.06736
v 0.27666 -0.02900 0.07253
v 0.27221 -0.02900 0.07707
v 0.26710 -0.02900 0.08085
v 0.26146 -0.02900 0.08378
v 0.25543 -0.02900 0.08580
v 0.24917 -0.02900 0.08685
v 0.24281 -0.02900 0.08690
v 0.26624 -0.02950 0.01221
v 0.26062 -0.02950 0.00941
v 0.25464 -0.02950 0.00753
v 0.24843 -0.02950 0.00660
v 0.27583 -0.02950 0.02026
v 0.27566 -0.02950 0.02007
v 0.27488 -0.02950 0.01921
v 0.27443 -0.02950 0.01873
v 0.27135 -0.02950 0.01586
v 0.27628 -0.02950 0.07221
v 0.27992 -0.02950 0.06710
v 0.28272 -0.02950 0.06149
v 0.28461 -0.02950 0.05550
v 0.28554 -0.02950 0.04929
v 0.28549 -0.02950 0.04302
v 0.28445 -0.02950 0.03682
v 0.28246 -0.02950 0.03087
v 0.28159 -0.02950 0.02896
v 0.27956 -0.02950 0.02531
v 0.26683 -0.02950 0.08042
v 0.27080 -0.02950 0.07760
v 0.27169 -0.02950 0.07686
v 0.27188 -0.02950 0.07669
v 0.26127 -0.02950 0.08332
v 0.25531 -0.02950 0.08531
v 0.24912 -0.02950 0.08635
v 0.24285 -0.02950 0.08640
v 0.27307 -0.02950 0.04842
v 0.27234 -0.02950 0.05471
v 0.27217 -0.02950 0.05373
v 0.27292 -0.02950 0.04303
v 0.27321 -0.02950 0.04232
v 0.27172 -0.02950 0.03778
v 0.26951 -0.02950 0.03286
v 0.26639 -0.02950 0.02846
v 0.27406 -0.02950 0.03024
v 0.26247 -0.02950 0.02476
v 0.25791 -0.02950 0.02189
v 0.26503 -0.02950 0.02306
v 0.23199 -0.02950 0.02262
v 0.22760 -0.02950 0.02575
v 0.22168 -0.02950 0.02657
v 0.22103 -0.02950 0.03423
v 0.21911 -0.02950 0.03927
v 0.21804 -0.02950 0.03846
v 0.27493 -0.02950 0.03030
v 0.27451 -0.02950 0.02372
v 0.27539 -0.02950 0.02378
v 0.28137 -0.02950 0.03075
v 0.28052 -0.02950 0.04284
v 0.27923 -0.02950 0.06130
v 0.23664 -0.02950 0.08547
v 0.23470 -0.02950 0.07878
v 0.24334 -0.02950 0.07938
v 0.21545 -0.02950 0.07274
v 0.21172 -0.02950 0.06770
v 0.21568 -0.02950 0.07216
v 0.21599 -0.02950 0.06781
v 0.21490 -0.02950 0.06339
v 0.21412 -0.02950 0.06312
v 0.21675 -0.02950 0.05692
v 0.20882 -0.02950 0.06213
v 0.20915 -0.02950 0.05639
v 0.21200 -0.02950 0.05659
v 0.20683 -0.02950 0.05618
v 0.20855 -0.02950 0.03151
v 0.21135 -0.02950 0.02590
v 0.21044 -0.02950 0.03793
v 0.24727 -0.02950 0.01011
v 0.24712 -0.02950 0.00930
v 0.24657 -0.02950 0.00867
v 0.24579 -0.02950 0.00840
v 0.24215 -0.02950 0.00665
v 0.24498 -0.02950 0.00856
v 0.24435 -0.02950 0.00911
v 0.23596 -0.02950 0.00769
v 0.24408 -0.02950 0.00989
v 0.23928 -0.02950 0.01336
v 0.24638 -0.02950 0.01144
v 0.24700 -0.02950 0.01090
v 0.24791 -0.02950 0.01396
v 0.24424 -0.02950 0.01070
v 0.24478 -0.02950 0.01133
v 0.24557 -0.02950 0.01160
v 0.23389 -0.02950 0.01363
v 0.23452 -0.02950 0.01308
v 0.23479 -0.02950 0.01230
v 0.23463 -0.02950 0.01149
v 0.23001 -0.02950 0.00968
v 0.23187 -0.02950 0.01129
v 0.22444 -0.02950 0.01258
v 0.23160 -0.02950 0.01208
v 0.23409 -0.02950 0.01086
v 0.23330 -0.02950 0.01059
v 0.23249 -0.02950 0.01075
v 0.22100 -0.02950 0.01499
v 0.22249 -0.02950 0.01388
v 0.22248 -0.02950 0.01518
v 0.23175 -0.02950 0.01289
v 0.23230 -0.02950 0.01351
v 0.23308 -0.02950 0.01378
v 0.23907 -0.02950 0.01634
v 0.21500 -0.02950 0.02079
v 0.21940 -0.02950 0.01631
v 0.21934 -0.02950 0.01986
v 0.21959 -0.02950 0.01614
v 0.22213 -0.02950 0.02006
v 0.21335 -0.02950 0.02678
v 0.21272 -0.02950 0.02732
v 0.21245 -0.02950 0.02810
v 0.20579 -0.02950 0.04999
v 0.20574 -0.02950 0.04371
v 0.20666 -0.02950 0.03750
v 0.20898 -0.02950 0.05136
v 0.20836 -0.02950 0.05190
v 0.20809 -0.02950 0.05269
v 0.21257 -0.02950 0.06542
v 0.21241 -0.02950 0.06460
v 0.21331 -0.02950 0.06328
v 0.21268 -0.02950 0.06382
v 0.21471 -0.02950 0.06615
v 0.21390 -0.02950 0.06631
v 0.21311 -0.02950 0.06604
v 0.21533 -0.02950 0.06561
v 0.21560 -0.02950 0.06483
v 0.21545 -0.02950 0.06401
v 0.22374 -0.02950 0.07455
v 0.22358 -0.02950 0.07373
v 0.23507 -0.02950 0.07352
v 0.21847 -0.02950 0.07236
v 0.21817 -0.02950 0.07558
v 0.22082 -0.02950 0.07354
v 0.22347 -0.02950 0.07533
v 0.22203 -0.02950 0.07603
v 0.22503 -0.02950 0.08079
v 0.22125 -0.02950 0.07576
v 0.21993 -0.02950 0.07714
v 0.22071 -0.02950 0.07514
v 0.22055 -0.02950 0.07432
v 0.22304 -0.02950 0.07311
v 0.22226 -0.02950 0.07284
v 0.22144 -0.02950 0.07300
v 0.22285 -0.02950 0.07587
v 0.23065 -0.02950 0.08359
v 0.24920 -0.02950 0.08585
v 0.24292 -0.02950 0.08541
v 0.26101 -0.02950 0.08062
v 0.26817 -0.02950 0.07581
v 0.26896 -0.02950 0.07608
v 0.27173 -0.02950 0.07608
v 0.27203 -0.02950 0.07173
v 0.27867 -0.02950 0.06408
v 0.27812 -0.02950 0.06346
v 0.27734 -0.02950 0.06319
v 0.27279 -0.02950 0.06084
v 0.27653 -0.02950 0.06335
v 0.27590 -0.02950 0.06389
v 0.27563 -0.02950 0.06467
v 0.27882 -0.02950 0.06490
v 0.27855 -0.02950 0.06568
v 0.27579 -0.02950 0.06549
v 0.27633 -0.02950 0.06611
v 0.27712 -0.02950 0.06638
v 0.27793 -0.02950 0.06622
v 0.28014 -0.02950 0.05358
v 0.28068 -0.02950 0.05420
v 0.27965 -0.02950 0.05522
v 0.28146 -0.02950 0.05447
v 0.28228 -0.02950 0.05432
v 0.28088 -0.02950 0.05144
v 0.28025 -0.02950 0.05198
v 0.27998 -0.02950 0.05277
v 0.28290 -0.02950 0.05377
v 0.28317 -0.02950 0.05299
v 0.28301 -0.02950 0.05218
v 0.28247 -0.02950 0.05155
v 0.28169 -0.02950 0.05128
v 0.27594 -0.02950 0.02739
v 0.27567 -0.02950 0.02817
v 0.27583 -0.02950 0.02899
v 0.27637 -0.02950 0.02961
v 0.27716 -0.02950 0.02988
v 0.27816 -0.02950 0.02696
v 0.27738 -0.02950 0.02669
v 0.27657 -0.02950 0.02685
v 0.27797 -0.02950 0.02972
v 0.27859 -0.02950 0.02918
v 0.27886 -0.02950 0.02840
v 0.27870 -0.02950 0.02758
v 0.25746 -0.02950 0.01078
v 0.25683 -0.02950 0.01132
v 0.25420 -0.02950 0.01440
v 0.25656 -0.02950 0.01210
v 0.25672 -0.02950 0.01292
v 0.26558 -0.02950 0.01520
v 0.25949 -0.02950 0.01311
v 0.25976 -0.02950 0.01233
v 0.25960 -0.02950 0.01151
v 0.25905 -0.02950 0.01089
v 0.25827 -0.02950 0.01062
v 0.25726 -0.02950 0.01354
v 0.25805 -0.02950 0.01381
v 0.25886 -0.02950 0.01365
v 0.21878 -0.02950 0.06801
v 0.21954 -0.02950 0.05712
v 0.22176 -0.02950 0.06015
v 0.21836 -0.02950 0.04997
v 0.21956 -0.02950 0.05523
v 0.21889 -0.02950 0.02638
v 0.22389 -0.02950 0.02966
v 0.23691 -0.02950 0.02042
v 0.24217 -0.02950 0.01922
v 0.24756 -0.02950 0.01907
v 0.24771 -0.02950 0.01694
v 0.25399 -0.02950 0.01738
v 0.25287 -0.02950 0.01997
v 0.26538 -0.02950 0.01818
v 0.27025 -0.02950 0.05877
v 0.27192 -0.02950 0.06078
v 0.26738 -0.02950 0.06334
v 0.27116 -0.02950 0.07167
v 0.26368 -0.02950 0.06725
v 0.25928 -0.02950 0.07038
v 0.26168 -0.02950 0.07101
v 0.25436 -0.02950 0.07258
v 0.26137 -0.02950 0.07536
v 0.24911 -0.02950 0.07378
v 0.24999 -0.02950 0.07456
v 0.24371 -0.02950 0.07412
v 0.22488 -0.02950 0.06454
v 0.22880 -0.02950 0.06824
v 0.23337 -0.02950 0.07111
v 0.23840 -0.02950 0.07303
v 0.24372 -0.02950 0.07393
v 0.20825 -0.02950 0.05350
v 0.20879 -0.02950 0.05413
v 0.20957 -0.02950 0.05440
v 0.21039 -0.02950 0.05424
v 0.21101 -0.02950 0.05369
v 0.20980 -0.02950 0.05120
v 0.20958 -0.02950 0.05032
v 0.21058 -0.02950 0.05147
v 0.21242 -0.02950 0.05052
v 0.21112 -0.02950 0.05210
v 0.21128 -0.02950 0.05291
v 0.26977 -0.02950 0.07592
v 0.27040 -0.02950 0.07538
v 0.27085 -0.02950 0.07602
v 0.27067 -0.02950 0.07460
v 0.27051 -0.02950 0.07379
v 0.26996 -0.02950 0.07316
v 0.26918 -0.02950 0.07289
v 0.26837 -0.02950 0.07305
v 0.26774 -0.02950 0.07359
v 0.26747 -0.02950 0.07437
v 0.26763 -0.02950 0.07519
v 0.21416 -0.02950 0.02662
v 0.21414 -0.02950 0.02604
v 0.21494 -0.02950 0.02689
v 0.21549 -0.02950 0.02751
v 0.21261 -0.02950 0.02892
v 0.21315 -0.02950 0.02954
v 0.21329 -0.02950 0.03813
v 0.21394 -0.02950 0.02981
v 0.21475 -0.02950 0.02965
v 0.21537 -0.02950 0.02911
v 0.21564 -0.02950 0.02833
v 0.27322 -0.02950 0.05477
v 0.27409 -0.02950 0.04239
v 0.24400 -0.02950 0.08289
v 0.24416 -0.02950 0.08370
v 0.24490 -0.02950 0.08156
v 0.24427 -0.02950 0.08211
v 0.24719 -0.02950 0.08311
v 0.24704 -0.02950 0.08230
v 0.24962 -0.02950 0.07982
v 0.24649 -0.02950 0.08167
v 0.24571 -0.02950 0.08140
v 0.24692 -0.02950 0.08390
v 0.24470 -0.02950 0.08433
v 0.24549 -0.02950 0.08460
v 0.24630 -0.02950 0.08444
v 0.21821 -0.02950 0.04458
v 0.21717 -0.02950 0.05085
v 0.21960 -0.02900 0.07752
v 0.22478 -0.02900 0.08121
v 0.23046 -0.02900 0.08405
v 0.23653 -0.02900 0.08596
v 0.21907 -0.02900 0.01593
v 0.21461 -0.02900 0.02047
v 0.21092 -0.02900 0.02564
v 0.20809 -0.02900 0.03133
v 0.20618 -0.02900 0.03739
v 0.20524 -0.02900 0.04367
v 0.20529 -0.02900 0.05003
v 0.20634 -0.02900 0.05630
v 0.20836 -0.02900 0.06232
v 0.21129 -0.02900 0.06796
v 0.21507 -0.02900 0.07307
v 0.22418 -0.02900 0.01215
v 0.22981 -0.02900 0.00922
v 0.23584 -0.02900 0.00720
v 0.24211 -0.02900 0.00615
v 0.23840 -0.03250 0.07303
v 0.23337 -0.03250 0.07111
v 0.22880 -0.03250 0.06824
v 0.22488 -0.03250 0.06454
v 0.22176 -0.03250 0.06015
v 0.21956 -0.03250 0.05523
v 0.21836 -0.03250 0.04997
v 0.21821 -0.03250 0.04458
v 0.21911 -0.03250 0.03927
v 0.22103 -0.03250 0.03423
v 0.22389 -0.03250 0.02966
v 0.22760 -0.03250 0.02575
v 0.23199 -0.03250 0.02262
v 0.23691 -0.03250 0.02042
v 0.24217 -0.03250 0.01922
v 0.22435 -0.03250 0.04345
v 0.22386 -0.03300 0.04338
v 0.22515 -0.03250 0.03999
v 0.22467 -0.03300 0.03984
v 0.22650 -0.03250 0.03671
v 0.22605 -0.03300 0.03648
v 0.22837 -0.03250 0.03369
v 0.22797 -0.03300 0.03339
v 0.23071 -0.03250 0.03102
v 0.23037 -0.03300 0.03066
v 0.23346 -0.03250 0.02878
v 0.23318 -0.03300 0.02837
v 0.23655 -0.03250 0.02702
v 0.23634 -0.03300 0.02656
v 0.23988 -0.03250 0.02579
v 0.23974 -0.03300 0.02530
v 0.24337 -0.03250 0.02512
v 0.24331 -0.03300 0.02462
v 0.24692 -0.03250 0.02504
v 0.24695 -0.03300 0.02454
v 0.25043 -0.03250 0.02554
v 0.25054 -0.03300 0.02505
v 0.25382 -0.03250 0.02662
v 0.25401 -0.03300 0.02615
v 0.25698 -0.03250 0.02823
v 0.25724 -0.03300 0.02781
v 0.25983 -0.03250 0.03035
v 0.26016 -0.03300 0.02997
v 0.26229 -0.03250 0.03290
v 0.26268 -0.03300 0.03259
v 0.26430 -0.03250 0.03583
v 0.26474 -0.03300 0.03558
v 0.26581 -0.03250 0.03905
v 0.26627 -0.03300 0.03888
v 0.26676 -0.03250 0.04247
v 0.26725 -0.03300 0.04238
v 0.26713 -0.03250 0.04600
v 0.26763 -0.03300 0.04599
v 0.26692 -0.03250 0.04955
v 0.26742 -0.03300 0.04962
v 0.26692 -0.02700 0.04955
v 0.26713 -0.02700 0.04600
v 0.26676 -0.02700 0.04247
v 0.26581 -0.02700 0.03905
v 0.26430 -0.02700 0.03583
v 0.26229 -0.02700 0.03290
v 0.25983 -0.02700 0.03035
v 0.25698 -0.02700 0.02823
v 0.25382 -0.02700 0.02662
v 0.25043 -0.02700 0.02554
v 0.24692 -0.02700 0.02504
v 0.24337 -0.02700 0.02512
v 0.23988 -0.02700 0.02579
v 0.23655 -0.02700 0.02702
v 0.23346 -0.02700 0.02878
v 0.23071 -0.02700 0.03102
v 0.22837 -0.02700 0.03369
v 0.22650 -0.02700 0.03671
v 0.22515 -0.02700 0.03999
v 0.22435 -0.02700 0.04345
v 0.22414 -0.03250 0.04700
v 0.22414 -0.02700 0.04700
v 0.22452 -0.03250 0.05053
v 0.22452 -0.02700 0.05053
v 0.22547 -0.03250 0.05395
v 0.22547 -0.02700 0.05395
v 0.22697 -0.03250 0.05717
v 0.22697 -0.02700 0.05717
v 0.22898 -0.03250 0.06010
v 0.22898 -0.02700 0.06010
v 0.23145 -0.03250 0.06265
v 0.23145 -0.02700 0.06265
v 0.23430 -0.03250 0.06477
v 0.23430 -0.02700 0.06477
v 0.23746 -0.03250 0.06638
v 0.23746 -0.02700 0.06638
v 0.24084 -0.03250 0.06746
v 0.24084 -0.02700 0.06746
v 0.24436 -0.03250 0.06796
v 0.24436 -0.02700 0.06796
v 0.24791 -0.03250 0.06788
v 0.24791 -0.02700 0.06788
v 0.25140 -0.03250 0.06721
v 0.25140 -0.02700 0.06721
v 0.25473 -0.03250 0.06598
v 0.25473 -0.02700 0.06598
v 0.25781 -0.03250 0.06422
v 0.25781 -0.02700 0.06422
v 0.26056 -0.03250 0.06198
v 0.26056 -0.02700 0.06198
v 0.26291 -0.03250 0.05931
v 0.26291 -0.02700 0.05931
v 0.26478 -0.03250 0.05629
v 0.26478 -0.02700 0.05629
v 0.26613 -0.03250 0.05301
v 0.26613 -0.02700 0.05301
v 0.22386 -0.02650 0.04338
v 0.22364 -0.02650 0.04701
v 0.22403 -0.02650 0.05062
v 0.22500 -0.02650 0.05412
v 0.22654 -0.02650 0.05742
v 0.22859 -0.02650 0.06041
v 0.23112 -0.02650 0.06303
v 0.23404 -0.02650 0.06519
v 0.23727 -0.02650 0.06685
v 0.24073 -0.02650 0.06795
v 0.24433 -0.02650 0.06846
v 0.24796 -0.02650 0.06838
v 0.25153 -0.02650 0.06770
v 0.25494 -0.02650 0.06644
v 0.25809 -0.02650 0.06463
v 0.26091 -0.02650 0.06234
v 0.26331 -0.02650 0.05961
v 0.26522 -0.02650 0.05652
v 0.26660 -0.02650 0.05316
v 0.26742 -0.02650 0.04962
v 0.26763 -0.02650 0.04599
v 0.26725 -0.02650 0.04238
v 0.26627 -0.02650 0.03888
v 0.26474 -0.02650 0.03558
v 0.26268 -0.02650 0.03259
v 0.26016 -0.02650 0.02997
v 0.25724 -0.02650 0.02781
v 0.25401 -0.02650 0.02615
v 0.25054 -0.02650 0.02505
v 0.24695 -0.02650 0.02454
v 0.24331 -0.02650 0.02462
v 0.23974 -0.02650 0.02530
v 0.23634 -0.02650 0.02656
v 0.23318 -0.02650 0.02837
v 0.23037 -0.02650 0.03066
v 0.22797 -0.02650 0.03339
v 0.22605 -0.02650 0.03648
v 0.22467 -0.02650 0.03984
v 0.24598 -0.02650 0.06950
v 0.24957 -0.02650 0.06916
v 0.25307 -0.02650 0.06827
v 0.25638 -0.02650 0.06684
v 0.25943 -0.02650 0.06490
v 0.26214 -0.02650 0.06252
v 0.26444 -0.02650 0.05974
v 0.26628 -0.02650 0.05664
v 0.26762 -0.02650 0.05328
v 0.26841 -0.02650 0.04976
v 0.26864 -0.02650 0.04616
v 0.26830 -0.02650 0.04256
v 0.26740 -0.02650 0.03907
v 0.26597 -0.02650 0.03575
v 0.26404 -0.02650 0.03271
v 0.26166 -0.02650 0.03000
v 0.25888 -0.02650 0.02769
v 0.25577 -0.02650 0.02585
v 0.25242 -0.02650 0.02452
v 0.24890 -0.02650 0.02373
v 0.24530 -0.02650 0.02350
v 0.24170 -0.02650 0.02384
v 0.23821 -0.02650 0.02473
v 0.23489 -0.02650 0.02617
v 0.23184 -0.02650 0.02810
v 0.22913 -0.02650 0.03048
v 0.22683 -0.02650 0.03326
v 0.22499 -0.02650 0.03637
v 0.22366 -0.02650 0.03972
v 0.22287 -0.02650 0.04324
v 0.22264 -0.02650 0.04684
v 0.22298 -0.02650 0.05044
v 0.22387 -0.02650 0.05393
v 0.22530 -0.02650 0.05725
v 0.22723 -0.02650 0.06030
v 0.22962 -0.02650 0.06300
v 0.23240 -0.02650 0.06531
v 0.23550 -0.02650 0.06715
v 0.23886 -0.02650 0.06848
v 0.24238 -0.02650 0.06927
v 0.26890 -0.02700 0.04983
v 0.26914 -0.02700 0.04615
v 0.26879 -0.02700 0.04248
v 0.26788 -0.02700 0.03891
v 0.26642 -0.02700 0.03552
v 0.26444 -0.02700 0.03241
v 0.26201 -0.02700 0.02964
v 0.25916 -0.02700 0.02728
v 0.25599 -0.02700 0.02541
v 0.25257 -0.02700 0.02404
v 0.24897 -0.02700 0.02324
v 0.24529 -0.02700 0.02300
v 0.24162 -0.02700 0.02335
v 0.23804 -0.02700 0.02426
v 0.23466 -0.02700 0.02572
v 0.23154 -0.02700 0.02770
v 0.22878 -0.02700 0.03013
v 0.22642 -0.02700 0.03297
v 0.22454 -0.02700 0.03614
v 0.22318 -0.02700 0.03957
v 0.22238 -0.02700 0.04317
v 0.22214 -0.02700 0.04685
v 0.22248 -0.02700 0.05052
v 0.22340 -0.02700 0.05409
v 0.22486 -0.02700 0.05748
v 0.22683 -0.02700 0.06060
v 0.22927 -0.02700 0.06336
v 0.23211 -0.02700 0.06572
v 0.23528 -0.02700 0.06760
v 0.23871 -0.02700 0.06896
v 0.24231 -0.02700 0.06976
v 0.24599 -0.02700 0.07000
v 0.24966 -0.02700 0.06965
v 0.25323 -0.02700 0.06874
v 0.25662 -0.02700 0.06728
v 0.25973 -0.02700 0.06530
v 0.26250 -0.02700 0.06287
v 0.26485 -0.02700 0.06003
v 0.26673 -0.02700 0.05686
v 0.26809 -0.02700 0.05343
v 0.26890 -0.03250 0.04983
v 0.26809 -0.03250 0.05343
v 0.26673 -0.03250 0.05686
v 0.26485 -0.03250 0.06003
v 0.26250 -0.03250 0.06287
v 0.25973 -0.03250 0.06530
v 0.25662 -0.03250 0.06728
v 0.25323 -0.03250 0.06874
v 0.24966 -0.03250 0.06965
v 0.24599 -0.03250 0.07000
v 0.24231 -0.03250 0.06976
v 0.23871 -0.03250 0.06896
v 0.23528 -0.03250 0.06760
v 0.23211 -0.03250 0.06572
v 0.22927 -0.03250 0.06336
v 0.22683 -0.03250 0.06060
v 0.22486 -0.03250 0.05748
v 0.22340 -0.03250 0.05409
v 0.22248 -0.03250 0.05052
v 0.22214 -0.03250 0.04685
v 0.22238 -0.03250 0.04317
v 0.26841 -0.03300 0.04976
v 0.26762 -0.03300 0.05328
v 0.26628 -0.03300 0.05664
v 0.26444 -0.03300 0.05974
v 0.26214 -0.03300 0.06252
v 0.25943 -0.03300 0.06490
v 0.25638 -0.03300 0.06684
v 0.25307 -0.03300 0.06827
v 0.24957 -0.03300 0.06916
v 0.24598 -0.03300 0.06950
v 0.24238 -0.03300 0.06927
v 0.23886 -0.03300 0.06848
v 0.23550 -0.03300 0.06715
v 0.23240 -0.03300 0.06531
v 0.22962 -0.03300 0.06300
v 0.22723 -0.03300 0.06030
v 0.22530 -0.03300 0.05725
v 0.22387 -0.03300 0.05393
v 0.22298 -0.03300 0.05044
v 0.22264 -0.03300 0.04684
v 0.22287 -0.03300 0.04324
v 0.24073 -0.03300 0.06795
v 0.23727 -0.03300 0.06685
v 0.23404 -0.03300 0.06519
v 0.23112 -0.03300 0.06303
v 0.22859 -0.03300 0.06041
v 0.22654 -0.03300 0.05742
v 0.22500 -0.03300 0.05412
v 0.22403 -0.03300 0.05062
v 0.22364 -0.03300 0.04701
v 0.22366 -0.03300 0.03972
v 0.22499 -0.03300 0.03637
v 0.22683 -0.03300 0.03326
v 0.22913 -0.03300 0.03048
v 0.23184 -0.03300 0.02810
v 0.23489 -0.03300 0.02617
v 0.23821 -0.03300 0.02473
v 0.24170 -0.03300 0.02384
v 0.24530 -0.03300 0.02350
v 0.24890 -0.03300 0.02373
v 0.25242 -0.03300 0.02452
v 0.25577 -0.03300 0.02585
v 0.25888 -0.03300 0.02769
v 0.26166 -0.03300 0.03000
v 0.26404 -0.03300 0.03271
v 0.26597 -0.03300 0.03575
v 0.26740 -0.03300 0.03907
v 0.26830 -0.03300 0.04256
v 0.26864 -0.03300 0.04616
v 0.26660 -0.03300 0.05316
v 0.26522 -0.03300 0.05652
v 0.26331 -0.03300 0.05961
v 0.26091 -0.03300 0.06234
v 0.25809 -0.03300 0.06463
v 0.25494 -0.03300 0.06644
v 0.25153 -0.03300 0.06770
v 0.24796 -0.03300 0.06838
v 0.24433 -0.03300 0.06846
v 0.22318 -0.03250 0.03957
v 0.22454 -0.03250 0.03614
v 0.22642 -0.03250 0.03297
v 0.22878 -0.03250 0.03013
v 0.23154 -0.03250 0.02770
v 0.23466 -0.03250 0.02572
v 0.23804 -0.03250 0.02426
v 0.24162 -0.03250 0.02335
v 0.24529 -0.03250 0.02300
v 0.24897 -0.03250 0.02324
v 0.25257 -0.03250 0.02404
v 0.25599 -0.03250 0.02541
v 0.25916 -0.03250 0.02728
v 0.26201 -0.03250 0.02964
v 0.26444 -0.03250 0.03241
v 0.26642 -0.03250 0.03552
v 0.26788 -0.03250 0.03891
v 0.26879 -0.03250 0.04248
v 0.26914 -0.03250 0.04615
v 0.24325 -0.02800 0.06454
v 0.24323 -0.02796 0.06469
v 0.24181 -0.02796 0.06445
v 0.24322 -0.02785 0.06480
v 0.24179 -0.02785 0.06455
v 0.24321 -0.02770 0.06484
v 0.24178 -0.02770 0.06459
v 0.24037 -0.02770 0.06424
v 0.24038 -0.02785 0.06420
v 0.23900 -0.02770 0.06377
v 0.23901 -0.02785 0.06373
v 0.23766 -0.02770 0.06319
v 0.23768 -0.02785 0.06316
v 0.23638 -0.02770 0.06252
v 0.23640 -0.02785 0.06248
v 0.23515 -0.02770 0.06174
v 0.23517 -0.02785 0.06171
v 0.23399 -0.02770 0.06087
v 0.23401 -0.02785 0.06084
v 0.23290 -0.02770 0.05991
v 0.23292 -0.02785 0.05988
v 0.23188 -0.02770 0.05887
v 0.23191 -0.02785 0.05884
v 0.23095 -0.02770 0.05775
v 0.23099 -0.02785 0.05773
v 0.23012 -0.02770 0.05657
v 0.23015 -0.02785 0.05655
v 0.22937 -0.02770 0.05532
v 0.22941 -0.02785 0.05530
v 0.22873 -0.02770 0.05401
v 0.22877 -0.02785 0.05400
v 0.22820 -0.02770 0.05267
v 0.22823 -0.02785 0.05265
v 0.22777 -0.02770 0.05128
v 0.22780 -0.02785 0.05127
v 0.22745 -0.02770 0.04986
v 0.22749 -0.02785 0.04985
v 0.22724 -0.02770 0.04842
v 0.22728 -0.02785 0.04842
v 0.22714 -0.02770 0.04697
v 0.22718 -0.02785 0.04697
v 0.22716 -0.02770 0.04552
v 0.22720 -0.02785 0.04552
v 0.22730 -0.02770 0.04407
v 0.22734 -0.02785 0.04408
v 0.22754 -0.02770 0.04264
v 0.22758 -0.02785 0.04265
v 0.22790 -0.02770 0.04124
v 0.22794 -0.02785 0.04125
v 0.22837 -0.02770 0.03986
v 0.22841 -0.02785 0.03987
v 0.22894 -0.02770 0.03853
v 0.22898 -0.02785 0.03854
v 0.22962 -0.02770 0.03724
v 0.22966 -0.02785 0.03726
v 0.23040 -0.02770 0.03601
v 0.23043 -0.02785 0.03603
v 0.23127 -0.02770 0.03485
v 0.23130 -0.02785 0.03487
v 0.23223 -0.02770 0.03376
v 0.23226 -0.02785 0.03379
v 0.23327 -0.02770 0.03274
v 0.23329 -0.02785 0.03277
v 0.23438 -0.02770 0.03182
v 0.23441 -0.02785 0.03185
v 0.23557 -0.02770 0.03098
v 0.23559 -0.02785 0.03101
v 0.23682 -0.02770 0.03024
v 0.23684 -0.02785 0.03027
v 0.23812 -0.02770 0.02960
v 0.23814 -0.02785 0.02963
v 0.23947 -0.02770 0.02906
v 0.23949 -0.02785 0.02910
v 0.24086 -0.02770 0.02863
v 0.24087 -0.02785 0.02867
v 0.24228 -0.02770 0.02831
v 0.24228 -0.02785 0.02835
v 0.24372 -0.02770 0.02810
v 0.24372 -0.02785 0.02814
v 0.24516 -0.02770 0.02801
v 0.24517 -0.02785 0.02805
v 0.24662 -0.02770 0.02803
v 0.24662 -0.02785 0.02807
v 0.24806 -0.02770 0.02816
v 0.24806 -0.02785 0.02820
v 0.24042 -0.02796 0.06409
v 0.23905 -0.02796 0.06363
v 0.23773 -0.02796 0.06306
v 0.23645 -0.02796 0.06239
v 0.23524 -0.02796 0.06162
v 0.23408 -0.02796 0.06075
v 0.23300 -0.02796 0.05980
v 0.23199 -0.02796 0.05877
v 0.23107 -0.02796 0.05766
v 0.23024 -0.02796 0.05649
v 0.22951 -0.02796 0.05525
v 0.22887 -0.02796 0.05395
v 0.22834 -0.02796 0.05262
v 0.22791 -0.02796 0.05124
v 0.22759 -0.02796 0.04983
v 0.22739 -0.02796 0.04841
v 0.22729 -0.02796 0.04697
v 0.22731 -0.02796 0.04553
v 0.22745 -0.02796 0.04409
v 0.22769 -0.02796 0.04267
v 0.22805 -0.02796 0.04128
v 0.22851 -0.02796 0.03991
v 0.22908 -0.02796 0.03859
v 0.22975 -0.02796 0.03732
v 0.23052 -0.02796 0.03610
v 0.23138 -0.02796 0.03494
v 0.23233 -0.02796 0.03386
v 0.23337 -0.02796 0.03286
v 0.23448 -0.02796 0.03194
v 0.23565 -0.02796 0.03110
v 0.23689 -0.02796 0.03037
v 0.23818 -0.02796 0.02973
v 0.23952 -0.02796 0.02920
v 0.24090 -0.02796 0.02877
v 0.24230 -0.02796 0.02846
v 0.24373 -0.02796 0.02825
v 0.24517 -0.02796 0.02816
v 0.24661 -0.02796 0.02818
v 0.24804 -0.02796 0.02831
v 0.24184 -0.02800 0.06430
v 0.24046 -0.02800 0.06395
v 0.23911 -0.02800 0.06349
v 0.23779 -0.02800 0.06292
v 0.23653 -0.02800 0.06226
v 0.23532 -0.02800 0.06149
v 0.23418 -0.02800 0.06064
v 0.23310 -0.02800 0.05969
v 0.23211 -0.02800 0.05867
v 0.23119 -0.02800 0.05757
v 0.23037 -0.02800 0.05640
v 0.22964 -0.02800 0.05518
v 0.22901 -0.02800 0.05389
v 0.22848 -0.02800 0.05257
v 0.22806 -0.02800 0.05120
v 0.22774 -0.02800 0.04981
v 0.22754 -0.02800 0.04839
v 0.22744 -0.02800 0.04697
v 0.22746 -0.02800 0.04554
v 0.22760 -0.02800 0.04411
v 0.22784 -0.02800 0.04271
v 0.22819 -0.02800 0.04132
v 0.22865 -0.02800 0.03997
v 0.22922 -0.02800 0.03866
v 0.22988 -0.02800 0.03739
v 0.23065 -0.02800 0.03618
v 0.23150 -0.02800 0.03504
v 0.23244 -0.02800 0.03396
v 0.23347 -0.02800 0.03297
v 0.23457 -0.02800 0.03205
v 0.23573 -0.02800 0.03123
v 0.23696 -0.02800 0.03050
v 0.23825 -0.02800 0.02987
v 0.23957 -0.02800 0.02934
v 0.24094 -0.02800 0.02892
v 0.24233 -0.02800 0.02860
v 0.24375 -0.02800 0.02840
v 0.24517 -0.02800 0.02831
v 0.24660 -0.02800 0.02833
v 0.24802 -0.02800 0.02846
v 0.24045 -0.02800 0.06347
v 0.22963 -0.02800 0.05418
v 0.23112 -0.02800 0.05671
v 0.23772 -0.02800 0.06239
v 0.24331 -0.02800 0.06410
v 0.24213 -0.02800 0.02910
v 0.23931 -0.02800 0.02992
v 0.23218 -0.02800 0.03493
v 0.23299 -0.02800 0.05896
v 0.23522 -0.02800 0.06087
v 0.25083 -0.02800 0.02953
v 0.25082 -0.02800 0.02905
v 0.25217 -0.02800 0.02951
v 0.23667 -0.02800 0.03118
v 0.23427 -0.02800 0.03287
v 0.22859 -0.02800 0.05144
v 0.24915 -0.02800 0.06390
v 0.25197 -0.02800 0.06308
v 0.25170 -0.02800 0.06366
v 0.25461 -0.02800 0.06182
v 0.25431 -0.02800 0.06250
v 0.25303 -0.02800 0.06313
v 0.26327 -0.02800 0.04444
v 0.26269 -0.02800 0.04156
v 0.26322 -0.02800 0.04180
v 0.25355 -0.02800 0.03061
v 0.24943 -0.02800 0.02870
v 0.24797 -0.02800 0.02890
v 0.24504 -0.02800 0.02876
v 0.23046 -0.02800 0.03730
v 0.22791 -0.02800 0.04563
v 0.22801 -0.02800 0.04856
v 0.26082 -0.02800 0.05570
v 0.26139 -0.02800 0.05561
v 0.26063 -0.02800 0.05682
v 0.26016 -0.02800 0.03629
v 0.25828 -0.02800 0.03404
v 0.25917 -0.02800 0.03433
v 0.25606 -0.02800 0.03213
v 0.25710 -0.02800 0.03236
v 0.25817 -0.02800 0.03331
v 0.25348 -0.02800 0.03008
v 0.25475 -0.02800 0.03074
v 0.25596 -0.02800 0.03151
v 0.22915 -0.02800 0.03992
v 0.22829 -0.02800 0.04273
v 0.24624 -0.02800 0.06424
v 0.24610 -0.02800 0.06469
v 0.24467 -0.02800 0.06467
v 0.25034 -0.02800 0.06408
v 0.24894 -0.02800 0.06440
v 0.24753 -0.02800 0.06460
v 0.25910 -0.02800 0.05807
v 0.26206 -0.02800 0.05435
v 0.26212 -0.02800 0.05308
v 0.26263 -0.02800 0.05303
v 0.26164 -0.02800 0.03882
v 0.26227 -0.02800 0.03911
v 0.26280 -0.02800 0.04044
v 0.26008 -0.02800 0.03543
v 0.26091 -0.02800 0.03660
v 0.26164 -0.02800 0.03782
v 0.25977 -0.02800 0.05796
v 0.25883 -0.02800 0.05904
v 0.25701 -0.02800 0.06013
v 0.26309 -0.02800 0.05168
v 0.26298 -0.02800 0.05027
v 0.26344 -0.02800 0.05030
v 0.25781 -0.02800 0.06003
v 0.25671 -0.02800 0.06095
v 0.25554 -0.02800 0.06177
v 0.26368 -0.02800 0.04889
v 0.26337 -0.02800 0.04737
v 0.26381 -0.02800 0.04746
v 0.26354 -0.02800 0.04319
v 0.26374 -0.02800 0.04461
v 0.26383 -0.02800 0.04604
v 0.24946 -0.02796 0.02855
v 0.24949 -0.02785 0.02845
v 0.24950 -0.02770 0.02841
v 0.25090 -0.02770 0.02877
v 0.25089 -0.02785 0.02880
v 0.25228 -0.02770 0.02923
v 0.25226 -0.02785 0.02927
v 0.25361 -0.02770 0.02981
v 0.25360 -0.02785 0.02984
v 0.25490 -0.02770 0.03048
v 0.25488 -0.02785 0.03052
v 0.25613 -0.02770 0.03126
v 0.25610 -0.02785 0.03129
v 0.25729 -0.02770 0.03213
v 0.25726 -0.02785 0.03216
v 0.25838 -0.02770 0.03309
v 0.25835 -0.02785 0.03312
v 0.25939 -0.02770 0.03413
v 0.25936 -0.02785 0.03416
v 0.26032 -0.02770 0.03525
v 0.26029 -0.02785 0.03527
v 0.26116 -0.02770 0.03643
v 0.26113 -0.02785 0.03646
v 0.26190 -0.02770 0.03768
v 0.26187 -0.02785 0.03770
v 0.26254 -0.02770 0.03899
v 0.26251 -0.02785 0.03900
v 0.26308 -0.02770 0.04034
v 0.26304 -0.02785 0.04035
v 0.26351 -0.02770 0.04172
v 0.26347 -0.02785 0.04173
v 0.26383 -0.02770 0.04314
v 0.26379 -0.02785 0.04315
v 0.26404 -0.02770 0.04458
v 0.26400 -0.02785 0.04458
v 0.26413 -0.02770 0.04603
v 0.26409 -0.02785 0.04603
v 0.26411 -0.02770 0.04748
v 0.26407 -0.02785 0.04748
v 0.26398 -0.02770 0.04893
v 0.26394 -0.02785 0.04892
v 0.26373 -0.02770 0.05036
v 0.26369 -0.02785 0.05035
v 0.26337 -0.02770 0.05177
v 0.26333 -0.02785 0.05175
v 0.26291 -0.02770 0.05314
v 0.26287 -0.02785 0.05313
v 0.26233 -0.02770 0.05447
v 0.26229 -0.02785 0.05446
v 0.26165 -0.02770 0.05576
v 0.26162 -0.02785 0.05574
v 0.26088 -0.02770 0.05699
v 0.26084 -0.02785 0.05697
v 0.26001 -0.02770 0.05815
v 0.25998 -0.02785 0.05813
v 0.25905 -0.02770 0.05924
v 0.25902 -0.02785 0.05922
v 0.25801 -0.02770 0.06026
v 0.25798 -0.02785 0.06023
v 0.25689 -0.02770 0.06118
v 0.25687 -0.02785 0.06115
v 0.25570 -0.02770 0.06202
v 0.25568 -0.02785 0.06199
v 0.25446 -0.02770 0.06276
v 0.25444 -0.02785 0.06273
v 0.25315 -0.02770 0.06341
v 0.25314 -0.02785 0.06337
v 0.25180 -0.02770 0.06394
v 0.25179 -0.02785 0.06391
v 0.25042 -0.02770 0.06437
v 0.25040 -0.02785 0.06433
v 0.24900 -0.02770 0.06469
v 0.24899 -0.02785 0.06465
v 0.24756 -0.02770 0.06490
v 0.24756 -0.02785 0.06486
v 0.24611 -0.02770 0.06499
v 0.24611 -0.02785 0.06495
v 0.24466 -0.02770 0.06497
v 0.24466 -0.02785 0.06493
v 0.25086 -0.02796 0.02891
v 0.25222 -0.02796 0.02937
v 0.25355 -0.02796 0.02994
v 0.25482 -0.02796 0.03061
v 0.25604 -0.02796 0.03138
v 0.25719 -0.02796 0.03225
v 0.25828 -0.02796 0.03320
v 0.25928 -0.02796 0.03423
v 0.26020 -0.02796 0.03534
v 0.26103 -0.02796 0.03652
v 0.26177 -0.02796 0.03775
v 0.26241 -0.02796 0.03905
v 0.26294 -0.02796 0.04038
v 0.26337 -0.02796 0.04176
v 0.26368 -0.02796 0.04317
v 0.26389 -0.02796 0.04459
v 0.26398 -0.02796 0.04603
v 0.26396 -0.02796 0.04747
v 0.26383 -0.02796 0.04891
v 0.26358 -0.02796 0.05033
v 0.26323 -0.02796 0.05172
v 0.26277 -0.02796 0.05309
v 0.26220 -0.02796 0.05441
v 0.26152 -0.02796 0.05569
v 0.26075 -0.02796 0.05690
v 0.25989 -0.02796 0.05806
v 0.25894 -0.02796 0.05914
v 0.25791 -0.02796 0.06014
v 0.25680 -0.02796 0.06107
v 0.25562 -0.02796 0.06190
v 0.25438 -0.02796 0.06263
v 0.25309 -0.02796 0.06327
v 0.25175 -0.02796 0.06380
v 0.25038 -0.02796 0.06423
v 0.24897 -0.02796 0.06455
v 0.24755 -0.02796 0.06475
v 0.24611 -0.02796 0.06484
v 0.24467 -0.02796 0.06482
v 0.24321 -0.02500 0.06484
v 0.24611 -0.02500 0.06499
v 0.24900 -0.02500 0.06469
v 0.25180 -0.02500 0.06394
v 0.25446 -0.02500 0.06276
v 0.25689 -0.02500 0.06118
v 0.25905 -0.02500 0.05924
v 0.26088 -0.02500 0.05699
v 0.26233 -0.02500 0.05447
v 0.26337 -0.02500 0.05177
v 0.26398 -0.02500 0.04893
v 0.26413 -0.02500 0.04603
v 0.26383 -0.02500 0.04314
v 0.26308 -0.02500 0.04034
v 0.26190 -0.02500 0.03768
v 0.26032 -0.02500 0.03525
v 0.25838 -0.02500 0.03309
v 0.25613 -0.02500 0.03126
v 0.25361 -0.02500 0.02981
v 0.25090 -0.02500 0.02877
v 0.24806 -0.02500 0.02816
v 0.24516 -0.02500 0.02801
v 0.24228 -0.02500 0.02831
v 0.23947 -0.02500 0.02906
v 0.23682 -0.02500 0.03024
v 0.23438 -0.02500 0.03182
v 0.23223 -0.02500 0.03376
v 0.23040 -0.02500 0.03601
v 0.22894 -0.02500 0.03853
v 0.22790 -0.02500 0.04124
v 0.22730 -0.02500 0.04407
v 0.22714 -0.02500 0.04697
v 0.22745 -0.02500 0.04986
v 0.22820 -0.02500 0.05267
v 0.22937 -0.02500 0.05532
v 0.23095 -0.02500 0.05775
v 0.23290 -0.02500 0.05991
v 0.23515 -0.02500 0.06174
v 0.23766 -0.02500 0.06319
v 0.24037 -0.02500 0.06424
v 0.23298 -0.02500 0.05455
v 0.23457 -0.02500 0.05663
v 0.23650 -0.02500 0.05840
v 0.23870 -0.02500 0.05980
v 0.24112 -0.02500 0.06080
v 0.24367 -0.02500 0.06137
v 0.24628 -0.02500 0.06149
v 0.24888 -0.02500 0.06115
v 0.25137 -0.02500 0.06036
v 0.25369 -0.02500 0.05916
v 0.25577 -0.02500 0.05757
v 0.25753 -0.02500 0.05564
v 0.25894 -0.02500 0.05343
v 0.25994 -0.02500 0.05102
v 0.26051 -0.02500 0.04847
v 0.26062 -0.02500 0.04586
v 0.26028 -0.02500 0.04326
v 0.25950 -0.02500 0.04077
v 0.25829 -0.02500 0.03845
v 0.23759 -0.02500 0.03384
v 0.23551 -0.02500 0.03544
v 0.23374 -0.02500 0.03736
v 0.23234 -0.02500 0.03957
v 0.23133 -0.02500 0.04198
v 0.23077 -0.02500 0.04453
v 0.23065 -0.02500 0.04715
v 0.23099 -0.02500 0.04974
v 0.23178 -0.02500 0.05223
v 0.25670 -0.02500 0.03637
v 0.25478 -0.02500 0.03460
v 0.25257 -0.02500 0.03320
v 0.25016 -0.02500 0.03220
v 0.24760 -0.02500 0.03163
v 0.24499 -0.02500 0.03151
v 0.24240 -0.02500 0.03185
v 0.23991 -0.02500 0.03264
v 0.24367 -0.02770 0.06137
v 0.24238 -0.02770 0.06114
v 0.24112 -0.02770 0.06080
v 0.23989 -0.02770 0.06036
v 0.23870 -0.02770 0.05980
v 0.23757 -0.02770 0.05915
v 0.23650 -0.02770 0.05840
v 0.23550 -0.02770 0.05755
v 0.23457 -0.02770 0.05663
v 0.23373 -0.02770 0.05562
v 0.23298 -0.02770 0.05455
v 0.23233 -0.02770 0.05342
v 0.23178 -0.02770 0.05223
v 0.23133 -0.02770 0.05100
v 0.23099 -0.02770 0.04974
v 0.23077 -0.02770 0.04845
v 0.23065 -0.02770 0.04715
v 0.23065 -0.02770 0.04584
v 0.23077 -0.02770 0.04453
v 0.23100 -0.02770 0.04325
v 0.23133 -0.02770 0.04198
v 0.23178 -0.02770 0.04075
v 0.23234 -0.02770 0.03957
v 0.23299 -0.02770 0.03843
v 0.23374 -0.02770 0.03736
v 0.23458 -0.02770 0.03636
v 0.23551 -0.02770 0.03544
v 0.23651 -0.02770 0.03459
v 0.23759 -0.02770 0.03384
v 0.23872 -0.02770 0.03319
v 0.23991 -0.02770 0.03264
v 0.24114 -0.02770 0.03219
v 0.24240 -0.02770 0.03185
v 0.24369 -0.02770 0.03163
v 0.24760 -0.02770 0.03163
v 0.24630 -0.02770 0.03152
v 0.24499 -0.02770 0.03151
v 0.24889 -0.02770 0.03186
v 0.25016 -0.02770 0.03220
v 0.25139 -0.02770 0.03265
v 0.25257 -0.02770 0.03320
v 0.25371 -0.02770 0.03385
v 0.25478 -0.02770 0.03460
v 0.25578 -0.02770 0.03545
v 0.25670 -0.02770 0.03637
v 0.25754 -0.02770 0.03738
v 0.25829 -0.02770 0.03845
v 0.25895 -0.02770 0.03958
v 0.25950 -0.02770 0.04077
v 0.25995 -0.02770 0.04200
v 0.26028 -0.02770 0.04326
v 0.26051 -0.02770 0.04455
v 0.26062 -0.02770 0.04586
v 0.26062 -0.02770 0.04716
v 0.26051 -0.02770 0.04847
v 0.26028 -0.02770 0.04976
v 0.25994 -0.02770 0.05102
v 0.25949 -0.02770 0.05225
v 0.25894 -0.02770 0.05343
v 0.25828 -0.02770 0.05457
v 0.25753 -0.02770 0.05564
v 0.25669 -0.02770 0.05664
v 0.25577 -0.02770 0.05757
v 0.25476 -0.02770 0.05841
v 0.25369 -0.02770 0.05916
v 0.25256 -0.02770 0.05981
v 0.25137 -0.02770 0.06036
v 0.25014 -0.02770 0.06081
v 0.24888 -0.02770 0.06115
v 0.24759 -0.02770 0.06137
v 0.24497 -0.02770 0.06149
v 0.24628 -0.02770 0.06149
v 0.24761 -0.02785 0.03159
v 0.24890 -0.02785 0.03182
v 0.24762 -0.02796 0.03148
v 0.24893 -0.02796 0.03171
v 0.24764 -0.02800 0.03133
v 0.24896 -0.02800 0.03157
v 0.25025 -0.02800 0.03191
v 0.25020 -0.02796 0.03205
v 0.25150 -0.02800 0.03237
v 0.25144 -0.02796 0.03251
v 0.25271 -0.02800 0.03293
v 0.25264 -0.02796 0.03307
v 0.25387 -0.02800 0.03360
v 0.25379 -0.02796 0.03373
v 0.25496 -0.02800 0.03437
v 0.25487 -0.02796 0.03449
v 0.25598 -0.02800 0.03523
v 0.25588 -0.02796 0.03534
v 0.25692 -0.02800 0.03617
v 0.25681 -0.02796 0.03627
v 0.25778 -0.02800 0.03719
v 0.25766 -0.02796 0.03728
v 0.25855 -0.02800 0.03829
v 0.25842 -0.02796 0.03837
v 0.25921 -0.02800 0.03944
v 0.25908 -0.02796 0.03951
v 0.25978 -0.02800 0.04065
v 0.25964 -0.02796 0.04071
v 0.26023 -0.02800 0.04191
v 0.26009 -0.02796 0.04195
v 0.26058 -0.02800 0.04320
v 0.26043 -0.02796 0.04323
v 0.26081 -0.02800 0.04451
v 0.26066 -0.02796 0.04453
v 0.26092 -0.02800 0.04584
v 0.26077 -0.02796 0.04585
v 0.26092 -0.02800 0.04718
v 0.26077 -0.02796 0.04717
v 0.26081 -0.02800 0.04851
v 0.26066 -0.02796 0.04849
v 0.26057 -0.02800 0.04982
v 0.26043 -0.02796 0.04979
v 0.26023 -0.02800 0.05111
v 0.26008 -0.02796 0.05106
v 0.25977 -0.02800 0.05236
v 0.25963 -0.02796 0.05231
v 0.25920 -0.02800 0.05357
v 0.25907 -0.02796 0.05350
v 0.25854 -0.02800 0.05473
v 0.25841 -0.02796 0.05465
v 0.25777 -0.02800 0.05582
v 0.25765 -0.02796 0.05573
v 0.25691 -0.02800 0.05684
v 0.25680 -0.02796 0.05674
v 0.25597 -0.02800 0.05779
v 0.25587 -0.02796 0.05768
v 0.25494 -0.02800 0.05864
v 0.25485 -0.02796 0.05853
v 0.25385 -0.02800 0.05941
v 0.25377 -0.02796 0.05928
v 0.25269 -0.02800 0.06008
v 0.25263 -0.02796 0.05994
v 0.25148 -0.02800 0.06064
v 0.25143 -0.02796 0.06050
v 0.25023 -0.02800 0.06110
v 0.25018 -0.02796 0.06095
v 0.24894 -0.02800 0.06144
v 0.24891 -0.02796 0.06129
v 0.24763 -0.02800 0.06167
v 0.24761 -0.02796 0.06152
v 0.24630 -0.02800 0.06179
v 0.24629 -0.02796 0.06164
v 0.24496 -0.02800 0.06179
v 0.24497 -0.02796 0.06164
v 0.24363 -0.02800 0.06167
v 0.24365 -0.02796 0.06152
v 0.25017 -0.02785 0.03216
v 0.25140 -0.02785 0.03261
v 0.25259 -0.02785 0.03316
v 0.25373 -0.02785 0.03382
v 0.25480 -0.02785 0.03457
v 0.25581 -0.02785 0.03542
v 0.25673 -0.02785 0.03635
v 0.25758 -0.02785 0.03735
v 0.25833 -0.02785 0.03843
v 0.25898 -0.02785 0.03956
v 0.25954 -0.02785 0.04075
v 0.25998 -0.02785 0.04199
v 0.26032 -0.02785 0.04325
v 0.26055 -0.02785 0.04455
v 0.26066 -0.02785 0.04585
v 0.26066 -0.02785 0.04717
v 0.26055 -0.02785 0.04847
v 0.26032 -0.02785 0.04976
v 0.25998 -0.02785 0.05103
v 0.25953 -0.02785 0.05226
v 0.25897 -0.02785 0.05345
v 0.25832 -0.02785 0.05459
v 0.25756 -0.02785 0.05566
v 0.25672 -0.02785 0.05667
v 0.25579 -0.02785 0.05760
v 0.25479 -0.02785 0.05844
v 0.25371 -0.02785 0.05919
v 0.25257 -0.02785 0.05985
v 0.25139 -0.02785 0.06040
v 0.25015 -0.02785 0.06085
v 0.24888 -0.02785 0.06119
v 0.24759 -0.02785 0.06141
v 0.24628 -0.02785 0.06153
v 0.24497 -0.02785 0.06153
v 0.24367 -0.02785 0.06141
v 0.24237 -0.02785 0.06118
v 0.24235 -0.02796 0.06129
v 0.24232 -0.02800 0.06144
v 0.24103 -0.02800 0.06109
v 0.24107 -0.02796 0.06095
v 0.23977 -0.02800 0.06063
v 0.23983 -0.02796 0.06049
v 0.23857 -0.02800 0.06007
v 0.23863 -0.02796 0.05993
v 0.23741 -0.02800 0.05940
v 0.23749 -0.02796 0.05927
v 0.23632 -0.02800 0.05863
v 0.23641 -0.02796 0.05851
v 0.23529 -0.02800 0.05777
v 0.23540 -0.02796 0.05766
v 0.23435 -0.02800 0.05683
v 0.23446 -0.02796 0.05673
v 0.23349 -0.02800 0.05581
v 0.23361 -0.02796 0.05572
v 0.23273 -0.02800 0.05471
v 0.23286 -0.02796 0.05463
v 0.23206 -0.02800 0.05356
v 0.23220 -0.02796 0.05349
v 0.23150 -0.02800 0.05235
v 0.23164 -0.02796 0.05229
v 0.23104 -0.02800 0.05109
v 0.23119 -0.02796 0.05105
v 0.23070 -0.02800 0.04980
v 0.23085 -0.02796 0.04977
v 0.23047 -0.02800 0.04849
v 0.23062 -0.02796 0.04847
v 0.23035 -0.02800 0.04716
v 0.23050 -0.02796 0.04715
v 0.23035 -0.02800 0.04582
v 0.23050 -0.02796 0.04583
v 0.23047 -0.02800 0.04449
v 0.23062 -0.02796 0.04451
v 0.23070 -0.02800 0.04318
v 0.23085 -0.02796 0.04321
v 0.23105 -0.02800 0.04189
v 0.23119 -0.02796 0.04194
v 0.23151 -0.02800 0.04064
v 0.23164 -0.02796 0.04069
v 0.23207 -0.02800 0.03943
v 0.23220 -0.02796 0.03950
v 0.23274 -0.02800 0.03827
v 0.23287 -0.02796 0.03835
v 0.23351 -0.02800 0.03718
v 0.23362 -0.02796 0.03727
v 0.23436 -0.02800 0.03616
v 0.23447 -0.02796 0.03626
v 0.23531 -0.02800 0.03521
v 0.23541 -0.02796 0.03532
v 0.23633 -0.02800 0.03436
v 0.23642 -0.02796 0.03448
v 0.23743 -0.02800 0.03359
v 0.23751 -0.02796 0.03372
v 0.23858 -0.02800 0.03292
v 0.23865 -0.02796 0.03306
v 0.23979 -0.02800 0.03236
v 0.23985 -0.02796 0.03250
v 0.24105 -0.02800 0.03191
v 0.24109 -0.02796 0.03205
v 0.24234 -0.02800 0.03156
v 0.24237 -0.02796 0.03171
v 0.24365 -0.02800 0.03133
v 0.24367 -0.02796 0.03148
v 0.24498 -0.02800 0.03121
v 0.24499 -0.02796 0.03136
v 0.24631 -0.02800 0.03122
v 0.24631 -0.02796 0.03136
v 0.24111 -0.02785 0.06084
v 0.23987 -0.02785 0.06039
v 0.23869 -0.02785 0.05984
v 0.23755 -0.02785 0.05918
v 0.23647 -0.02785 0.05843
v 0.23547 -0.02785 0.05758
v 0.23454 -0.02785 0.05665
v 0.23370 -0.02785 0.05565
v 0.23295 -0.02785 0.05457
v 0.23229 -0.02785 0.05344
v 0.23174 -0.02785 0.05225
v 0.23129 -0.02785 0.05101
v 0.23095 -0.02785 0.04975
v 0.23073 -0.02785 0.04845
v 0.23061 -0.02785 0.04715
v 0.23061 -0.02785 0.04584
v 0.23073 -0.02785 0.04453
v 0.23096 -0.02785 0.04324
v 0.23130 -0.02785 0.04197
v 0.23175 -0.02785 0.04074
v 0.23230 -0.02785 0.03955
v 0.23296 -0.02785 0.03841
v 0.23371 -0.02785 0.03734
v 0.23456 -0.02785 0.03633
v 0.23548 -0.02785 0.03541
v 0.23649 -0.02785 0.03456
v 0.23756 -0.02785 0.03381
v 0.23870 -0.02785 0.03315
v 0.23989 -0.02785 0.03260
v 0.24112 -0.02785 0.03215
v 0.24239 -0.02785 0.03181
v 0.24368 -0.02785 0.03159
v 0.24499 -0.02785 0.03147
v 0.24630 -0.02785 0.03148
v 0.24904 -0.02800 0.06188
v 0.24632 -0.02800 0.06224
v 0.24770 -0.02800 0.03089
v 0.25038 -0.02800 0.03148
v 0.24089 -0.02800 0.06152
v 0.23836 -0.02800 0.06047
v 0.24357 -0.02800 0.06211
v 0.25627 -0.02800 0.05812
v 0.25409 -0.02800 0.05979
v 0.26066 -0.02800 0.05125
v 0.25960 -0.02800 0.05378
v 0.25166 -0.02800 0.06106
v 0.24224 -0.02800 0.03112
v 0.24496 -0.02800 0.03077
v 0.23402 -0.02800 0.05713
v 0.23235 -0.02800 0.05495
v 0.23604 -0.02800 0.05899
v 0.26125 -0.02800 0.04857
v 0.25523 -0.02800 0.03401
v 0.25726 -0.02800 0.03587
v 0.23718 -0.02800 0.03321
v 0.23962 -0.02800 0.03195
v 0.25813 -0.02800 0.05610
v 0.26102 -0.02800 0.04310
v 0.26137 -0.02800 0.04582
v 0.25893 -0.02800 0.03805
v 0.26019 -0.02800 0.04048
v 0.25292 -0.02800 0.03253
v 0.23026 -0.02800 0.04990
v 0.22990 -0.02800 0.04718
v 0.23315 -0.02800 0.03690
v 0.23500 -0.02800 0.03488
v 0.23002 -0.02800 0.04444
v 0.23062 -0.02800 0.04176
v 0.23108 -0.02800 0.05252
v 0.23167 -0.02800 0.03922
v 0.24770 -0.02750 0.03089
v 0.24496 -0.02750 0.03077
v 0.24224 -0.02750 0.03112
v 0.23962 -0.02750 0.03195
v 0.23718 -0.02750 0.03321
v 0.23500 -0.02750 0.03488
v 0.23315 -0.02750 0.03690
v 0.23167 -0.02750 0.03922
v 0.23062 -0.02750 0.04176
v 0.23002 -0.02750 0.04444
v 0.22990 -0.02750 0.04718
v 0.23026 -0.02750 0.04990
v 0.23108 -0.02750 0.05252
v 0.23235 -0.02750 0.05495
v 0.23402 -0.02750 0.05713
v 0.23604 -0.02750 0.05899
v 0.23836 -0.02750 0.06047
v 0.24089 -0.02750 0.06152
v 0.24357 -0.02750 0.06211
v 0.26125 -0.02750 0.04857
v 0.26298 -0.02750 0.05027
v 0.26066 -0.02750 0.05125
v 0.26212 -0.02750 0.05308
v 0.25960 -0.02750 0.05378
v 0.26082 -0.02750 0.05570
v 0.25813 -0.02750 0.05610
v 0.25910 -0.02750 0.05807
v 0.25627 -0.02750 0.05812
v 0.25701 -0.02750 0.06013
v 0.25409 -0.02750 0.05979
v 0.25461 -0.02750 0.06182
v 0.25166 -0.02750 0.06106
v 0.25197 -0.02750 0.06308
v 0.24904 -0.02750 0.06188
v 0.24915 -0.02750 0.06390
v 0.24632 -0.02750 0.06224
v 0.24624 -0.02750 0.06424
v 0.24331 -0.02750 0.06410
v 0.24045 -0.02750 0.06347
v 0.23772 -0.02750 0.06239
v 0.23522 -0.02750 0.06087
v 0.23299 -0.02750 0.05896
v 0.23112 -0.02750 0.05671
v 0.22963 -0.02750 0.05418
v 0.22859 -0.02750 0.05144
v 0.22801 -0.02750 0.04856
v 0.22791 -0.02750 0.04563
v 0.22829 -0.02750 0.04273
v 0.22915 -0.02750 0.03992
v 0.23046 -0.02750 0.03730
v 0.23218 -0.02750 0.03493
v 0.23427 -0.02750 0.03287
v 0.23667 -0.02750 0.03118
v 0.23931 -0.02750 0.02992
v 0.24213 -0.02750 0.02910
v 0.24504 -0.02750 0.02876
v 0.24797 -0.02750 0.02890
v 0.25038 -0.02750 0.03148
v 0.25083 -0.02750 0.02953
v 0.25292 -0.02750 0.03253
v 0.25355 -0.02750 0.03061
v 0.25523 -0.02750 0.03401
v 0.25606 -0.02750 0.03213
v 0.25726 -0.02750 0.03587
v 0.25828 -0.02750 0.03404
v 0.25893 -0.02750 0.03805
v 0.26016 -0.02750 0.03629
v 0.26019 -0.02750 0.04048
v 0.26164 -0.02750 0.03882
v 0.26102 -0.02750 0.04310
v 0.26269 -0.02750 0.04156
v 0.26137 -0.02750 0.04582
v 0.26327 -0.02750 0.04444
v 0.26337 -0.02750 0.04737
v 0.25122 -0.02500 0.05628
v 0.25122 -0.03050 0.05628
v 0.25130 -0.02500 0.05555
v 0.25130 -0.03050 0.05555
v 0.25168 -0.02500 0.05493
v 0.25168 -0.03050 0.05493
v 0.25230 -0.02500 0.05453
v 0.25230 -0.03050 0.05453
v 0.25303 -0.02500 0.05444
v 0.25303 -0.03050 0.05444
v 0.25373 -0.02500 0.05468
v 0.25373 -0.03050 0.05468
v 0.25425 -0.02500 0.05519
v 0.25425 -0.03050 0.05519
v 0.25450 -0.02500 0.05588
v 0.25450 -0.03050 0.05588
v 0.25443 -0.02500 0.05661
v 0.25443 -0.03050 0.05661
v 0.25404 -0.02500 0.05724
v 0.25404 -0.03050 0.05724
v 0.25342 -0.02500 0.05763
v 0.25342 -0.03050 0.05763
v 0.25270 -0.02500 0.05772
v 0.25270 -0.03050 0.05772
v 0.25200 -0.02500 0.05749
v 0.25200 -0.03050 0.05749
v 0.25147 -0.02500 0.05697
v 0.25147 -0.03050 0.05697
v 0.24999 -0.02500 0.05885
v 0.24912 -0.02500 0.05875
v 0.24892 -0.02500 0.06041
v 0.24903 -0.02500 0.05787
v 0.24907 -0.02500 0.05876
v 0.24120 -0.02500 0.04726
v 0.24117 -0.02500 0.04598
v 0.24094 -0.02500 0.04593
v 0.24968 -0.02500 0.04452
v 0.25007 -0.02500 0.04574
v 0.25069 -0.02500 0.04582
v 0.25763 -0.02500 0.04668
v 0.25767 -0.02500 0.04667
v 0.25833 -0.02500 0.04648
v 0.25329 -0.02500 0.03981
v 0.25325 -0.02500 0.03892
v 0.25242 -0.02500 0.03883
v 0.25444 -0.02500 0.04112
v 0.25372 -0.02500 0.04060
v 0.25220 -0.02500 0.04059
v 0.25954 -0.02500 0.04088
v 0.25854 -0.02500 0.03957
v 0.25832 -0.02500 0.04133
v 0.25849 -0.02500 0.03877
v 0.23916 -0.02500 0.05152
v 0.23690 -0.02500 0.05125
v 0.23618 -0.02500 0.05717
v 0.23503 -0.02500 0.05102
v 0.23844 -0.02500 0.05745
v 0.23769 -0.02500 0.05922
v 0.23824 -0.02500 0.05912
v 0.23818 -0.02500 0.05952
v 0.23978 -0.02500 0.06031
v 0.23173 -0.02500 0.05212
v 0.23278 -0.02500 0.05423
v 0.23415 -0.02500 0.05615
v 0.23580 -0.02500 0.05782
v 0.23606 -0.02500 0.05805
v 0.23497 -0.02500 0.04688
v 0.23532 -0.02500 0.04752
v 0.23572 -0.02500 0.04530
v 0.23535 -0.02500 0.04826
v 0.23507 -0.02500 0.04893
v 0.23075 -0.02500 0.04469
v 0.23365 -0.02500 0.04632
v 0.23437 -0.02500 0.04645
v 0.23451 -0.02500 0.04942
v 0.23381 -0.02500 0.04961
v 0.23308 -0.02500 0.04949
v 0.23102 -0.02500 0.04988
v 0.23249 -0.02500 0.04906
v 0.23214 -0.02500 0.04841
v 0.23067 -0.02500 0.04755
v 0.23210 -0.02500 0.04768
v 0.23069 -0.02500 0.04520
v 0.23239 -0.02500 0.04700
v 0.23294 -0.02500 0.04652
v 0.23291 -0.02500 0.03856
v 0.23183 -0.02500 0.04064
v 0.23297 -0.02500 0.04064
v 0.23096 -0.02500 0.04343
v 0.23309 -0.02500 0.04314
v 0.23108 -0.02500 0.04288
v 0.23266 -0.02500 0.04235
v 0.23262 -0.02500 0.04146
v 0.23588 -0.02500 0.04403
v 0.23469 -0.02500 0.04381
v 0.23381 -0.02500 0.04366
v 0.23364 -0.02500 0.04006
v 0.23449 -0.02500 0.03982
v 0.23643 -0.02500 0.03952
v 0.23928 -0.02500 0.03551
v 0.23980 -0.02500 0.03603
v 0.24226 -0.02500 0.03189
v 0.24627 -0.02500 0.03808
v 0.24882 -0.02500 0.03613
v 0.24867 -0.02500 0.03541
v 0.25155 -0.02500 0.03872
v 0.25179 -0.02500 0.03621
v 0.25132 -0.02500 0.03677
v 0.25065 -0.02500 0.03707
v 0.24991 -0.02500 0.03705
v 0.24926 -0.02500 0.03671
v 0.24694 -0.02500 0.03156
v 0.24459 -0.02500 0.03154
v 0.24195 -0.02500 0.03756
v 0.24087 -0.02500 0.03742
v 0.24005 -0.02500 0.03672
v 0.25149 -0.02500 0.03269
v 0.25139 -0.02500 0.03419
v 0.25358 -0.02500 0.03378
v 0.25183 -0.02500 0.03478
v 0.25197 -0.02500 0.03550
v 0.24886 -0.02500 0.03470
v 0.24933 -0.02500 0.03414
v 0.24926 -0.02500 0.03194
v 0.25000 -0.02500 0.03383
v 0.25073 -0.02500 0.03385
v 0.25548 -0.02500 0.03518
v 0.25427 -0.02500 0.03752
v 0.25360 -0.02500 0.03810
v 0.25888 -0.02500 0.04600
v 0.26058 -0.02500 0.04780
v 0.25917 -0.02500 0.04532
v 0.26060 -0.02500 0.04545
v 0.25914 -0.02500 0.04459
v 0.26025 -0.02500 0.04312
v 0.25879 -0.02500 0.04395
v 0.25836 -0.02500 0.05445
v 0.25945 -0.02500 0.05236
v 0.25752 -0.02500 0.04794
v 0.26019 -0.02500 0.05012
v 0.25682 -0.02500 0.05367
v 0.25486 -0.02500 0.05343
v 0.25696 -0.02500 0.05634
v 0.25528 -0.02500 0.05799
v 0.25071 -0.02500 0.05292
v 0.25337 -0.02500 0.05936
v 0.24902 -0.02500 0.06111
v 0.25126 -0.02500 0.06041
v 0.24978 -0.02500 0.06052
v 0.24363 -0.02500 0.05977
v 0.24434 -0.02500 0.06144
v 0.24632 -0.02500 0.06025
v 0.24669 -0.02500 0.06146
v 0.25512 -0.02500 0.03728
v 0.25600 -0.02500 0.03743
v 0.25713 -0.02500 0.03685
v 0.25672 -0.02500 0.03796
v 0.25715 -0.02500 0.03874
v 0.25719 -0.02500 0.03963
v 0.25684 -0.02500 0.04045
v 0.25635 -0.02500 0.04109
v 0.25617 -0.02500 0.04103
v 0.25819 -0.02500 0.04352
v 0.25811 -0.02500 0.04305
v 0.25747 -0.02500 0.04339
v 0.25615 -0.02500 0.04281
v 0.25690 -0.02500 0.04655
v 0.25571 -0.02500 0.04643
v 0.25631 -0.02500 0.04612
v 0.25596 -0.02500 0.04548
v 0.25592 -0.02500 0.04474
v 0.25621 -0.02500 0.04407
v 0.25676 -0.02500 0.04358
v 0.24195 -0.02500 0.05887
v 0.24128 -0.02500 0.05917
v 0.24054 -0.02500 0.05915
v 0.23932 -0.02500 0.05925
v 0.23989 -0.02500 0.05881
v 0.23945 -0.02500 0.05822
v 0.24136 -0.02500 0.05595
v 0.24456 -0.02500 0.05218
v 0.24063 -0.02500 0.05593
v 0.24024 -0.02500 0.05165
v 0.24202 -0.02500 0.05629
v 0.24246 -0.02500 0.05687
v 0.24384 -0.02500 0.05810
v 0.24260 -0.02500 0.05759
v 0.24242 -0.02500 0.05830
v 0.23930 -0.02500 0.05750
v 0.23949 -0.02500 0.05679
v 0.24201 -0.02500 0.06106
v 0.23858 -0.02500 0.03528
v 0.24001 -0.02500 0.03259
v 0.23785 -0.02500 0.03537
v 0.23791 -0.02500 0.03365
v 0.23723 -0.02500 0.03576
v 0.23599 -0.02500 0.03501
v 0.23685 -0.02500 0.03639
v 0.23674 -0.02500 0.03692
v 0.23678 -0.02500 0.03712
v 0.23653 -0.02500 0.03869
v 0.23703 -0.02500 0.03781
v 0.23998 -0.02500 0.03745
v 0.23959 -0.02500 0.03807
v 0.24066 -0.02500 0.03919
v 0.23897 -0.02500 0.03847
v 0.23840 -0.02500 0.03891
v 0.23825 -0.02500 0.03856
v 0.23755 -0.02500 0.03833
v 0.24984 -0.02500 0.05282
v 0.24702 -0.02500 0.05078
v 0.24978 -0.02500 0.04826
v 0.24912 -0.02500 0.04935
v 0.24817 -0.02500 0.05022
v 0.24585 -0.02500 0.04156
v 0.24679 -0.02500 0.04215
v 0.25113 -0.02500 0.04220
v 0.24797 -0.02500 0.04265
v 0.24896 -0.02500 0.04346
v 0.24150 -0.02500 0.04474
v 0.24216 -0.02500 0.04365
v 0.24153 -0.02500 0.04104
v 0.24310 -0.02500 0.04278
v 0.24425 -0.02500 0.04222
v 0.24552 -0.02500 0.04200
v 0.24232 -0.02500 0.04954
v 0.24160 -0.02500 0.04848
v 0.24576 -0.02500 0.05100
v 0.24449 -0.02500 0.05085
v 0.24331 -0.02500 0.05035
v 0.23652 -0.02500 0.04128
v 0.23656 -0.02500 0.04217
v 0.23775 -0.02500 0.04425
v 0.23621 -0.02500 0.04299
v 0.23554 -0.02500 0.04357
v 0.24873 -0.02500 0.05958
v 0.24806 -0.02500 0.06017
v 0.24615 -0.02500 0.05665
v 0.24701 -0.02500 0.05641
v 0.24789 -0.02500 0.05657
v 0.24861 -0.02500 0.05709
v 0.24560 -0.02500 0.05973
v 0.24518 -0.02500 0.05895
v 0.24514 -0.02500 0.05806
v 0.24548 -0.02500 0.05724
v 0.23996 -0.02500 0.05623
v 0.23537 -0.02500 0.03997
v 0.23609 -0.02500 0.04050
v 0.23632 -0.02500 0.04040
v 0.23819 -0.02500 0.04063
v 0.24045 -0.02500 0.04090
v 0.24001 -0.02500 0.04453
v 0.24109 -0.02500 0.04466
v 0.23759 -0.02500 0.04552
v 0.23986 -0.02500 0.04580
v 0.24174 -0.02500 0.03932
v 0.24605 -0.02500 0.03984
v 0.25133 -0.02500 0.04048
v 0.23431 -0.02500 0.03666
v 0.23829 -0.02500 0.03974
v 0.24056 -0.02500 0.04002
v 0.24164 -0.02500 0.04015
v 0.24595 -0.02500 0.04067
v 0.25123 -0.02500 0.04131
v 0.25210 -0.02500 0.04142
v 0.25625 -0.02500 0.04192
v 0.25531 -0.02500 0.04127
v 0.24720 -0.02500 0.06041
v 0.25200 -0.02500 0.04231
v 0.25155 -0.02500 0.04593
v 0.25011 -0.02500 0.04702
v 0.25053 -0.02500 0.04709
v 0.25140 -0.02500 0.04720
v 0.25555 -0.02500 0.04770
v 0.25822 -0.02500 0.04216
v 0.25149 -0.03000 0.03269
v 0.24926 -0.03000 0.03194
v 0.24694 -0.03000 0.03156
v 0.24459 -0.03000 0.03154
v 0.24226 -0.03000 0.03189
v 0.24001 -0.03000 0.03259
v 0.23791 -0.03000 0.03365
v 0.23599 -0.03000 0.03501
v 0.23431 -0.03000 0.03666
v 0.23291 -0.03000 0.03856
v 0.23183 -0.03000 0.04064
v 0.23108 -0.03000 0.04288
v 0.23069 -0.03000 0.04520
v 0.23067 -0.03000 0.04755
v 0.23102 -0.03000 0.04988
v 0.23173 -0.03000 0.05212
v 0.23278 -0.03000 0.05423
v 0.23415 -0.03000 0.05615
v 0.23580 -0.03000 0.05782
v 0.23769 -0.03000 0.05922
v 0.23978 -0.03000 0.06031
v 0.23195 -0.03050 0.04070
v 0.23303 -0.03050 0.03863
v 0.23442 -0.03050 0.03675
v 0.23608 -0.03050 0.03512
v 0.23798 -0.03050 0.03376
v 0.24006 -0.03050 0.03272
v 0.24229 -0.03050 0.03202
v 0.24460 -0.03050 0.03167
v 0.24693 -0.03050 0.03169
v 0.24923 -0.03050 0.03207
v 0.25144 -0.03050 0.03281
v 0.23173 -0.03050 0.05174
v 0.23186 -0.03050 0.05207
v 0.23290 -0.03050 0.05416
v 0.23425 -0.03050 0.05606
v 0.23589 -0.03050 0.05772
v 0.23776 -0.03050 0.05911
v 0.23983 -0.03050 0.06019
v 0.23134 -0.03050 0.05058
v 0.23131 -0.03050 0.05046
v 0.23115 -0.03050 0.04985
v 0.23081 -0.03050 0.04754
v 0.23083 -0.03050 0.04521
v 0.23121 -0.03050 0.04291
v 0.25713 -0.03000 0.03685
v 0.25539 -0.03050 0.03528
v 0.25548 -0.03000 0.03518
v 0.25351 -0.03050 0.03389
v 0.25358 -0.03000 0.03378
v 0.25838 -0.03050 0.03884
v 0.25728 -0.03050 0.03726
v 0.25702 -0.03050 0.03694
v 0.25955 -0.03050 0.04126
v 0.25942 -0.03050 0.04093
v 0.25954 -0.03000 0.04088
v 0.25849 -0.03000 0.03877
v 0.25991 -0.03050 0.04235
v 0.26025 -0.03000 0.04312
v 0.26012 -0.03050 0.04315
v 0.26060 -0.03000 0.04545
v 0.26047 -0.03050 0.04546
v 0.26058 -0.03000 0.04780
v 0.26045 -0.03050 0.04779
v 0.26019 -0.03000 0.05012
v 0.26006 -0.03050 0.05009
v 0.25945 -0.03000 0.05236
v 0.25932 -0.03050 0.05230
v 0.25836 -0.03000 0.05445
v 0.25825 -0.03050 0.05437
v 0.25696 -0.03000 0.05634
v 0.25686 -0.03050 0.05625
v 0.25528 -0.03000 0.05799
v 0.25520 -0.03050 0.05789
v 0.25426 -0.03050 0.05861
v 0.25337 -0.03000 0.05936
v 0.25330 -0.03050 0.05924
v 0.25126 -0.03000 0.06041
v 0.25121 -0.03050 0.06028
v 0.24434 -0.03000 0.06144
v 0.24668 -0.03050 0.06133
v 0.24669 -0.03000 0.06146
v 0.24899 -0.03050 0.06098
v 0.24902 -0.03000 0.06111
v 0.24973 -0.03050 0.06079
v 0.25040 -0.03050 0.06058
v 0.24205 -0.03050 0.06093
v 0.24321 -0.03050 0.06117
v 0.24435 -0.03050 0.06131
v 0.24201 -0.03000 0.06106
v 0.23308 -0.03050 0.04949
v 0.23381 -0.03050 0.04961
v 0.23504 -0.03050 0.05090
v 0.24867 -0.03050 0.03541
v 0.24882 -0.03050 0.03613
v 0.24793 -0.03050 0.03614
v 0.25031 -0.03050 0.04162
v 0.24900 -0.03050 0.04065
v 0.25206 -0.03050 0.04141
v 0.25589 -0.03050 0.04168
v 0.25641 -0.03050 0.04147
v 0.25625 -0.03050 0.04192
v 0.25682 -0.03050 0.03722
v 0.23139 -0.03050 0.05046
v 0.23205 -0.03050 0.04506
v 0.23655 -0.03050 0.03848
v 0.23643 -0.03050 0.03952
v 0.25183 -0.03050 0.03478
v 0.24933 -0.03050 0.03414
v 0.25000 -0.03050 0.03383
v 0.25073 -0.03050 0.03385
v 0.25139 -0.03050 0.03419
v 0.24645 -0.03050 0.03451
v 0.23925 -0.03050 0.03363
v 0.24811 -0.03050 0.03471
v 0.24886 -0.03050 0.03470
v 0.23700 -0.03050 0.03482
v 0.23908 -0.03050 0.03507
v 0.23256 -0.03050 0.04035
v 0.23294 -0.03050 0.03994
v 0.23340 -0.03050 0.03962
v 0.23392 -0.03050 0.03941
v 0.23679 -0.03050 0.04062
v 0.23647 -0.03050 0.04017
v 0.23605 -0.03050 0.03979
v 0.23557 -0.03050 0.03951
v 0.23503 -0.03050 0.03935
v 0.23447 -0.03050 0.03932
v 0.23229 -0.03050 0.04084
v 0.23213 -0.03050 0.04138
v 0.23209 -0.03050 0.04193
v 0.23218 -0.03050 0.04249
v 0.23239 -0.03050 0.04301
v 0.24386 -0.03050 0.05587
v 0.24246 -0.03050 0.05687
v 0.24202 -0.03050 0.05629
v 0.24136 -0.03050 0.05595
v 0.24063 -0.03050 0.05593
v 0.23666 -0.03050 0.05499
v 0.24242 -0.03050 0.05830
v 0.24260 -0.03050 0.05759
v 0.23996 -0.03050 0.05623
v 0.23949 -0.03050 0.05679
v 0.23930 -0.03050 0.05750
v 0.23945 -0.03050 0.05822
v 0.23989 -0.03050 0.05881
v 0.24054 -0.03050 0.05915
v 0.24128 -0.03050 0.05917
v 0.24195 -0.03050 0.05887
v 0.24460 -0.03050 0.05839
v 0.24479 -0.03050 0.05935
v 0.24545 -0.03050 0.05653
v 0.24508 -0.03050 0.05695
v 0.24480 -0.03050 0.05743
v 0.24886 -0.03050 0.06019
v 0.24804 -0.03050 0.06073
v 0.24708 -0.03050 0.06091
v 0.24613 -0.03050 0.06071
v 0.24532 -0.03050 0.06016
v 0.24941 -0.03050 0.05939
v 0.24960 -0.03050 0.05843
v 0.25022 -0.03050 0.05664
v 0.25085 -0.03050 0.05672
v 0.25441 -0.03050 0.05715
v 0.25458 -0.03050 0.05571
v 0.25472 -0.03050 0.05452
v 0.25487 -0.03050 0.05331
v 0.25553 -0.03050 0.04791
v 0.25819 -0.03050 0.04352
v 0.25747 -0.03050 0.04339
v 0.25592 -0.03050 0.04474
v 0.25596 -0.03050 0.04548
v 0.25676 -0.03050 0.04358
v 0.25621 -0.03050 0.04407
v 0.25631 -0.03050 0.04612
v 0.25690 -0.03050 0.04655
v 0.25879 -0.03050 0.04395
v 0.25763 -0.03050 0.04668
v 0.25833 -0.03050 0.04648
v 0.25888 -0.03050 0.04600
v 0.25917 -0.03050 0.04532
v 0.25914 -0.03050 0.04459
v 0.25687 -0.03050 0.04115
v 0.25725 -0.03050 0.04074
v 0.25752 -0.03050 0.04025
v 0.25772 -0.03050 0.03930
v 0.25754 -0.03050 0.03834
v 0.25700 -0.03050 0.03752
v 0.25620 -0.03050 0.03697
v 0.25524 -0.03050 0.03678
v 0.25428 -0.03050 0.03696
v 0.23858 -0.03050 0.03528
v 0.23785 -0.03050 0.03537
v 0.23723 -0.03050 0.03576
v 0.23685 -0.03050 0.03639
v 0.23678 -0.03050 0.03712
v 0.23703 -0.03050 0.03781
v 0.23755 -0.03050 0.03833
v 0.23959 -0.03050 0.03807
v 0.23998 -0.03050 0.03745
v 0.24583 -0.03050 0.03960
v 0.23897 -0.03050 0.03847
v 0.23863 -0.03050 0.03873
v 0.23825 -0.03050 0.03856
v 0.24005 -0.03050 0.03672
v 0.24628 -0.03050 0.03594
v 0.23980 -0.03050 0.03603
v 0.23928 -0.03050 0.03551
v 0.25117 -0.03050 0.05409
v 0.25103 -0.03050 0.05528
v 0.23271 -0.03050 0.04347
v 0.23313 -0.03050 0.04384
v 0.23361 -0.03050 0.04412
v 0.23415 -0.03050 0.04428
v 0.23570 -0.03050 0.04551
v 0.23471 -0.03050 0.04431
v 0.23526 -0.03050 0.04422
v 0.23578 -0.03050 0.04401
v 0.23778 -0.03050 0.04576
v 0.23624 -0.03050 0.04369
v 0.23662 -0.03050 0.04328
v 0.23689 -0.03050 0.04279
v 0.23705 -0.03050 0.04225
v 0.23851 -0.03050 0.03977
v 0.23709 -0.03050 0.04170
v 0.23700 -0.03050 0.04114
v 0.25270 -0.03050 0.04149
v 0.25334 -0.03050 0.04093
v 0.25376 -0.03050 0.04130
v 0.25424 -0.03050 0.04158
v 0.25478 -0.03050 0.04174
v 0.25534 -0.03050 0.04177
v 0.25292 -0.03050 0.03830
v 0.25276 -0.03050 0.03884
v 0.25263 -0.03050 0.03671
v 0.25219 -0.03050 0.04037
v 0.25272 -0.03050 0.03939
v 0.25281 -0.03050 0.03995
v 0.25283 -0.03050 0.04045
v 0.25302 -0.03050 0.04047
v 0.25345 -0.03050 0.03535
v 0.25327 -0.03050 0.03679
v 0.25347 -0.03050 0.03749
v 0.24428 -0.03050 0.03989
v 0.24273 -0.03050 0.04041
v 0.24136 -0.03050 0.04128
v 0.24023 -0.03050 0.04245
v 0.23942 -0.03050 0.04387
v 0.23915 -0.03050 0.04463
v 0.23889 -0.03050 0.04624
v 0.24590 -0.03050 0.03976
v 0.24749 -0.03050 0.03980
v 0.24751 -0.03050 0.04001
v 0.25230 -0.03050 0.04757
v 0.25237 -0.03050 0.04595
v 0.25204 -0.03050 0.04435
v 0.25134 -0.03050 0.04288
v 0.25185 -0.03050 0.04914
v 0.25051 -0.03050 0.05117
v 0.25149 -0.03050 0.04987
v 0.25132 -0.03050 0.05288
v 0.24926 -0.03050 0.05220
v 0.25068 -0.03050 0.05280
v 0.24779 -0.03050 0.05290
v 0.25053 -0.03050 0.05402
v 0.24619 -0.03050 0.05323
v 0.23698 -0.03050 0.05237
v 0.23712 -0.03050 0.05115
v 0.24159 -0.03050 0.05190
v 0.23903 -0.03050 0.04786
v 0.23954 -0.03050 0.04940
v 0.24042 -0.03050 0.05078
v 0.24942 -0.03050 0.05747
v 0.24889 -0.03050 0.05666
v 0.25039 -0.03050 0.05521
v 0.24591 -0.03050 0.05621
v 0.24551 -0.03050 0.05607
v 0.24643 -0.03050 0.05600
v 0.24569 -0.03050 0.05463
v 0.24808 -0.03050 0.05611
v 0.24754 -0.03050 0.05595
v 0.24699 -0.03050 0.05591
v 0.25197 -0.03050 0.03550
v 0.25281 -0.03050 0.03528
v 0.25179 -0.03050 0.03621
v 0.25132 -0.03050 0.03677
v 0.25065 -0.03050 0.03707
v 0.24991 -0.03050 0.03705
v 0.24926 -0.03050 0.03671
v 0.24583 -0.03050 0.05344
v 0.24457 -0.03050 0.05316
v 0.24403 -0.03050 0.05443
v 0.24418 -0.03050 0.05324
v 0.24300 -0.03050 0.05271
v 0.23683 -0.03050 0.05356
v 0.23458 -0.03050 0.05474
v 0.23475 -0.03050 0.05331
v 0.23490 -0.03050 0.05212
v 0.23451 -0.03050 0.04942
v 0.23507 -0.03050 0.04893
v 0.23535 -0.03050 0.04826
v 0.23532 -0.03050 0.04752
v 0.23249 -0.03050 0.04906
v 0.23497 -0.03050 0.04688
v 0.23437 -0.03050 0.04645
v 0.23365 -0.03050 0.04632
v 0.23294 -0.03050 0.04652
v 0.23239 -0.03050 0.04700
v 0.23210 -0.03050 0.04768
v 0.23214 -0.03050 0.04841
v 0.24526 -0.03000 0.05763
v 0.24548 -0.03000 0.05724
v 0.24578 -0.03000 0.05691
v 0.24615 -0.03000 0.05665
v 0.24657 -0.03000 0.05648
v 0.24701 -0.03000 0.05641
v 0.24746 -0.03000 0.05644
v 0.24789 -0.03000 0.05657
v 0.24632 -0.02730 0.06025
v 0.24526 -0.02730 0.05763
v 0.24514 -0.02730 0.05806
v 0.24510 -0.02730 0.05839
v 0.24560 -0.02730 0.05973
v 0.24525 -0.02730 0.05916
v 0.24518 -0.02730 0.05895
v 0.24853 -0.03000 0.05701
v 0.24861 -0.03000 0.05709
v 0.24896 -0.03000 0.05766
v 0.24903 -0.03000 0.05787
v 0.24910 -0.03000 0.05843
v 0.24907 -0.03000 0.05876
v 0.24895 -0.03000 0.05919
v 0.24873 -0.03000 0.05958
v 0.24851 -0.03000 0.05984
v 0.24806 -0.03000 0.06017
v 0.24785 -0.03000 0.06026
v 0.24632 -0.03000 0.06025
v 0.24709 -0.03000 0.06041
v 0.24720 -0.03000 0.06041
v 0.24568 -0.03000 0.05981
v 0.24525 -0.03000 0.05916
v 0.24510 -0.03000 0.05839
v 0.25139 -0.03000 0.04894
v 0.25181 -0.03000 0.04749
v 0.25188 -0.03000 0.04620
v 0.25187 -0.03000 0.04599
v 0.25166 -0.03000 0.04482
v 0.25156 -0.03000 0.04451
v 0.25113 -0.03000 0.04352
v 0.25091 -0.03000 0.04315
v 0.25033 -0.03000 0.04238
v 0.24996 -0.03000 0.04199
v 0.24930 -0.03000 0.04143
v 0.24875 -0.03000 0.04108
v 0.24808 -0.03000 0.04075
v 0.24737 -0.03000 0.04049
v 0.24663 -0.03000 0.04033
v 0.24588 -0.03000 0.04026
v 0.24512 -0.03000 0.04027
v 0.24438 -0.03000 0.04038
v 0.24365 -0.03000 0.04058
v 0.24295 -0.03000 0.04086
v 0.24229 -0.03000 0.04122
v 0.24168 -0.03000 0.04167
v 0.24112 -0.03000 0.04218
v 0.24064 -0.03000 0.04275
v 0.24022 -0.03000 0.04338
v 0.23988 -0.03000 0.04406
v 0.24320 -0.03000 0.05225
v 0.24189 -0.03000 0.05150
v 0.24080 -0.03000 0.05046
v 0.24000 -0.03000 0.04919
v 0.23952 -0.03000 0.04776
v 0.23939 -0.03000 0.04626
v 0.23963 -0.03000 0.04477
v 0.24808 -0.02730 0.04075
v 0.24808 -0.02540 0.04075
v 0.24663 -0.02540 0.04033
v 0.24320 -0.02540 0.05225
v 0.24189 -0.02540 0.05150
v 0.24080 -0.02540 0.05046
v 0.24000 -0.02540 0.04919
v 0.23952 -0.02540 0.04776
v 0.23939 -0.02540 0.04626
v 0.23963 -0.02540 0.04477
v 0.24022 -0.02540 0.04338
v 0.24112 -0.02540 0.04218
v 0.24229 -0.02540 0.04122
v 0.24365 -0.02540 0.04058
v 0.24512 -0.02540 0.04027
v 0.24938 -0.02730 0.04150
v 0.25033 -0.02730 0.04238
v 0.25047 -0.02730 0.04254
v 0.25113 -0.02730 0.04352
v 0.25128 -0.02730 0.04381
v 0.25166 -0.02730 0.04482
v 0.25176 -0.02730 0.04524
v 0.25188 -0.02730 0.04620
v 0.25188 -0.02730 0.04674
v 0.25179 -0.02730 0.04760
v 0.25164 -0.02730 0.04823
v 0.25139 -0.02730 0.04894
v 0.25105 -0.03000 0.04962
v 0.25105 -0.02540 0.04962
v 0.25164 -0.02540 0.04823
v 0.25188 -0.02540 0.04674
v 0.25176 -0.02540 0.04524
v 0.25128 -0.02540 0.04381
v 0.25047 -0.02540 0.04254
v 0.24938 -0.02540 0.04150
v 0.25015 -0.02540 0.05082
v 0.25015 -0.03000 0.05082
v 0.24899 -0.02540 0.05178
v 0.24899 -0.03000 0.05178
v 0.24763 -0.02540 0.05243
v 0.24763 -0.03000 0.05243
v 0.24615 -0.02540 0.05273
v 0.24615 -0.03000 0.05273
v 0.24465 -0.02540 0.05267
v 0.24465 -0.03000 0.05267
v 0.24684 -0.02540 0.04196
v 0.24807 -0.02540 0.04248
v 0.24910 -0.02540 0.04333
v 0.24986 -0.02540 0.04443
v 0.25027 -0.02540 0.04570
v 0.25031 -0.02540 0.04704
v 0.24996 -0.02540 0.04834
v 0.24927 -0.02540 0.04948
v 0.24829 -0.02540 0.05038
v 0.24708 -0.02540 0.05097
v 0.24577 -0.02540 0.05120
v 0.24444 -0.02540 0.05104
v 0.24131 -0.02540 0.04467
v 0.24200 -0.02540 0.04352
v 0.24299 -0.02540 0.04262
v 0.24419 -0.02540 0.04203
v 0.24551 -0.02540 0.04180
v 0.24321 -0.02540 0.05052
v 0.24217 -0.02540 0.04967
v 0.24142 -0.02540 0.04857
v 0.24101 -0.02540 0.04730
v 0.24097 -0.02540 0.04596
v 0.24150 -0.02520 0.04474
v 0.24216 -0.02520 0.04365
v 0.24310 -0.02520 0.04278
v 0.24425 -0.02520 0.04222
v 0.24552 -0.02520 0.04200
v 0.24679 -0.02520 0.04215
v 0.24797 -0.02520 0.04265
v 0.24896 -0.02520 0.04346
v 0.24968 -0.02520 0.04452
v 0.25007 -0.02520 0.04574
v 0.25011 -0.02520 0.04702
v 0.24978 -0.02520 0.04826
v 0.24912 -0.02520 0.04935
v 0.24817 -0.02520 0.05022
v 0.24702 -0.02520 0.05078
v 0.24576 -0.02520 0.05100
v 0.24449 -0.02520 0.05085
v 0.24331 -0.02520 0.05035
v 0.24232 -0.02520 0.04954
v 0.24160 -0.02520 0.04848
v 0.24120 -0.02520 0.04726
v 0.24117 -0.02520 0.04598
v 0.25706 -0.03000 0.04006
v 0.25684 -0.03000 0.04045
v 0.25654 -0.03000 0.04078
v 0.25617 -0.03000 0.04103
v 0.25576 -0.03000 0.04120
v 0.25531 -0.03000 0.04127
v 0.25487 -0.03000 0.04124
v 0.25444 -0.03000 0.04112
v 0.25719 -0.03000 0.03963
v 0.25722 -0.03000 0.03929
v 0.25715 -0.03000 0.03874
v 0.25707 -0.03000 0.03852
v 0.25338 -0.03000 0.03849
v 0.25382 -0.03000 0.03785
v 0.25447 -0.03000 0.03742
v 0.25524 -0.03000 0.03728
v 0.25600 -0.03000 0.03743
v 0.25665 -0.03000 0.03787
v 0.25672 -0.03000 0.03796
v 0.25600 -0.02730 0.03743
v 0.25338 -0.02730 0.03849
v 0.25360 -0.02730 0.03810
v 0.25427 -0.02730 0.03752
v 0.25382 -0.02730 0.03785
v 0.25512 -0.02730 0.03728
v 0.25447 -0.02730 0.03742
v 0.25524 -0.02730 0.03728
v 0.25405 -0.03000 0.04090
v 0.25372 -0.03000 0.04060
v 0.25346 -0.03000 0.04023
v 0.25325 -0.03000 0.03892
v 0.25322 -0.03000 0.03937
v 0.25329 -0.03000 0.03981
v 0.23537 -0.03000 0.03997
v 0.23576 -0.03000 0.04019
v 0.23609 -0.03000 0.04050
v 0.23635 -0.03000 0.04086
v 0.23652 -0.03000 0.04128
v 0.23659 -0.03000 0.04172
v 0.23656 -0.03000 0.04217
v 0.23643 -0.03000 0.04260
v 0.23621 -0.03000 0.04299
v 0.23591 -0.03000 0.04332
v 0.23554 -0.03000 0.04357
v 0.23513 -0.03000 0.04374
v 0.23469 -0.03000 0.04381
v 0.23424 -0.03000 0.04378
v 0.23381 -0.03000 0.04366
v 0.23342 -0.03000 0.04344
v 0.23309 -0.03000 0.04314
v 0.23283 -0.03000 0.04277
v 0.23266 -0.03000 0.04235
v 0.23259 -0.03000 0.04191
v 0.23262 -0.03000 0.04146
v 0.23275 -0.03000 0.04103
v 0.23297 -0.03000 0.04064
v 0.23327 -0.03000 0.04031
v 0.23364 -0.03000 0.04006
v 0.23405 -0.03000 0.03989
v 0.23494 -0.03000 0.03985
v 0.23449 -0.03000 0.03982
v -0.01906 0.01850 0.00027
v -0.01982 0.01850 0.00185
v -0.02014 0.01850 -0.00066
v -0.02158 0.01850 0.00033
v -0.02061 0.01850 -0.00200
v -0.02235 0.01850 -0.00187
v -0.02034 0.01850 -0.00340
v -0.02192 0.01850 -0.00416
v -0.01941 0.01850 -0.00448
v -0.02040 0.01850 -0.00593
v -0.01807 0.01850 -0.00495
v -0.01820 0.01850 -0.00670
v -0.01667 0.01850 -0.00469
v -0.01591 0.01850 -0.00626
v -0.01559 0.01850 -0.00376
v -0.01415 0.01850 -0.00474
v -0.01512 0.01850 -0.00241
v -0.01338 0.01850 -0.00254
v -0.01539 0.01850 -0.00102
v -0.01381 0.01850 -0.00026
v -0.01631 0.01850 0.00006
v -0.01533 0.01850 0.00151
v -0.01766 0.01850 0.00053
v -0.01753 0.01850 0.00228
v -0.02040 0.01450 -0.00593
v -0.02192 0.01450 -0.00416
v -0.02235 0.01450 -0.00187
v -0.02158 0.01450 0.00033
v -0.01982 0.01450 0.00185
v -0.01753 0.01450 0.00228
v -0.01533 0.01450 0.00151
v -0.00158 0.01450 0.01380
v -0.00319 0.01450 0.01490
v -0.00526 0.01450 0.01186
v 0.00006 0.01450 0.01632
v -0.00102 0.01450 0.01539
v -0.00076 0.01450 0.01499
v -0.01684 0.01450 -0.01204
v -0.01711 0.01450 -0.01064
v -0.01745 0.01450 -0.01005
v 0.01051 0.01450 -0.01885
v 0.01177 0.01450 -0.01998
v 0.01280 0.01450 -0.01842
v 0.00253 0.01450 0.01691
v 0.00330 0.01450 0.01911
v 0.00300 0.01450 0.01996
v -0.01338 0.01450 -0.00254
v -0.01340 0.01450 -0.00280
v -0.01307 0.01450 -0.00305
v -0.00050 0.01450 -0.01910
v -0.00014 0.01450 -0.01978
v 0.00051 0.01450 -0.02027
v 0.00856 0.01450 0.00412
v 0.01078 0.01450 0.00093
v 0.01285 0.01450 0.00396
v 0.00941 0.01450 -0.00134
v 0.00841 0.01450 -0.00442
v 0.00969 0.01450 -0.00536
v 0.00654 0.01450 -0.02671
v 0.00779 0.01450 -0.02637
v 0.00808 0.01450 -0.02539
v 0.02590 0.01450 -0.00925
v 0.02118 0.01450 -0.00616
v 0.01791 0.01450 -0.01097
v -0.01562 0.01450 -0.01939
v -0.01713 0.01450 -0.02151
v -0.01549 0.01450 -0.02272
v -0.02122 0.01450 -0.01558
v -0.02193 0.01450 -0.01659
v -0.02148 0.01450 -0.01540
v -0.02213 0.01450 -0.01633
v -0.02233 0.01450 -0.01605
v -0.02309 0.01450 -0.01430
v -0.02647 0.01450 -0.00745
v -0.01836 0.01450 -0.00736
v -0.01820 0.01450 -0.00670
v -0.02594 0.01450 0.00914
v -0.02680 0.01450 0.00614
v -0.02691 0.01450 0.00564
v -0.02742 0.01450 0.00205
v -0.02746 0.01450 -0.00146
v -0.01482 0.01450 0.00947
v -0.01381 0.01450 0.00829
v -0.00904 0.01450 0.00632
v -0.01352 0.01450 0.00677
v -0.01303 0.01450 0.00046
v -0.01403 0.01450 0.00530
v -0.01521 0.01450 0.00429
v -0.01673 0.01450 0.00400
v -0.01820 0.01450 0.00451
v -0.02265 0.01450 0.01560
v -0.01629 0.01450 0.00998
v -0.01921 0.01450 0.00569
v -0.01950 0.01450 0.00722
v -0.02507 0.01450 0.01131
v -0.01899 0.01450 0.00868
v -0.01781 0.01450 0.00969
v -0.01118 0.01450 0.00988
v -0.01338 0.01450 0.01065
v -0.00853 0.01450 0.00706
v -0.01456 0.01450 0.01690
v -0.01969 0.01450 0.01920
v -0.01533 0.01450 0.01470
v -0.02213 0.01450 0.01633
v -0.01490 0.01450 0.01241
v -0.01280 0.01450 0.01842
v -0.01495 0.01450 0.02308
v -0.01808 0.01450 0.02072
v -0.00636 0.01450 0.01403
v -0.00713 0.01450 0.01183
v -0.00889 0.01450 0.01031
v -0.01051 0.01450 0.01885
v -0.00831 0.01450 0.01808
v -0.00679 0.01450 0.01632
v -0.00241 0.01450 0.01512
v -0.00376 0.01450 0.01559
v -0.00469 0.01450 0.01667
v -0.01364 0.01450 0.02388
v -0.00495 0.01450 0.01807
v -0.01193 0.01450 0.02478
v -0.00448 0.01450 0.01941
v -0.00274 0.01450 0.02736
v -0.00340 0.01450 0.02034
v -0.00200 0.01450 0.02061
v 0.00113 0.01450 0.02124
v 0.00678 0.01450 0.02665
v 0.00274 0.01450 0.02014
v 0.00711 0.01450 0.02657
v 0.00742 0.01450 0.02648
v 0.00507 0.01450 0.02063
v 0.00736 0.01450 0.02106
v 0.01376 0.01450 0.02381
v 0.00955 0.01450 0.02029
v 0.01107 0.01450 0.01853
v 0.01549 0.01450 0.02272
v 0.01151 0.01450 0.01624
v 0.01702 0.01450 0.02160
v 0.01177 0.01450 0.01399
v 0.01301 0.01450 0.01351
v 0.01453 0.01450 0.01380
v 0.01600 0.01450 0.01328
v 0.02233 0.01450 0.01606
v 0.01701 0.01450 0.01211
v 0.01730 0.01450 0.01058
v 0.02192 0.01450 0.00416
v 0.02235 0.01450 0.00187
v 0.02742 0.01450 -0.00205
v 0.02407 0.01450 -0.00193
v 0.02721 0.01450 -0.00397
v 0.02325 0.01450 -0.00313
v 0.02695 0.01450 -0.00548
v 0.02507 0.01450 -0.01131
v 0.01741 0.01450 -0.01171
v 0.01969 0.01450 -0.01920
v 0.01533 0.01450 -0.01470
v 0.01799 0.01450 -0.02080
v 0.00868 0.01450 -0.02609
v 0.01193 0.01450 -0.02478
v 0.01150 0.01450 -0.02038
v 0.01509 0.01450 -0.02299
v 0.01552 0.01450 -0.02270
v -0.01245 0.01450 -0.02155
v -0.00678 0.01450 -0.02665
v -0.00705 0.01450 -0.02524
v -0.00494 0.01450 -0.02705
v -0.00487 0.01450 -0.02672
v -0.00478 0.01450 -0.02708
v -0.00052 0.01450 -0.02749
v 0.00301 0.01450 -0.01047
v 0.00519 0.01450 -0.01196
v 0.00412 0.01450 -0.00856
v 0.00919 0.01450 -0.00610
v 0.00785 0.01450 -0.00535
v 0.00793 0.01450 -0.00523
v 0.00535 0.01450 0.00785
v 0.00071 0.01450 0.00947
v -0.00339 0.01450 0.01059
v -0.00412 0.01450 0.00856
v -0.00590 0.01450 0.00745
v -0.00856 0.01450 -0.00412
v -0.00947 0.01450 0.00071
v -0.01116 0.01450 -0.00081
v -0.00785 0.01450 0.00535
v -0.01142 0.01450 -0.00063
v 0.01561 0.01450 0.00810
v 0.01431 0.01450 0.00780
v 0.01367 0.01450 0.00516
v 0.01301 0.01450 0.00810
v 0.00827 0.01450 0.00884
v 0.01197 0.01450 0.00893
v 0.01139 0.01450 0.01014
v 0.01139 0.01450 0.01147
v 0.01196 0.01450 0.01267
v -0.00232 0.01450 -0.01830
v -0.00079 0.01450 -0.01757
v -0.00040 0.01450 -0.01629
v 0.00109 0.01450 -0.01329
v 0.00051 0.01450 -0.01532
v 0.00175 0.01450 -0.01483
v 0.00327 0.01450 -0.01477
v 0.00274 0.01450 -0.02736
v 0.00207 0.01450 -0.02336
v 0.00304 0.01450 -0.02195
v -0.00110 0.01450 -0.02119
v 0.00350 0.01450 -0.02050
v 0.00468 0.01450 -0.01948
v 0.00645 0.01450 -0.01694
v 0.00519 0.01450 -0.01802
v 0.00309 0.01450 -0.01493
v 0.00424 0.01450 -0.01559
v 0.00499 0.01450 -0.01670
v -0.01415 0.01450 -0.00474
v -0.01308 0.01450 -0.00363
v -0.01402 0.01450 -0.00454
v -0.01334 0.01450 -0.00345
v -0.01350 0.01450 -0.00330
v -0.01381 0.01450 -0.00026
v 0.00297 0.01450 0.01462
v -0.00051 0.01450 0.01482
v 0.00448 0.01450 0.01286
v 0.00509 0.01450 0.01100
v 0.00668 0.01450 0.01209
v 0.00897 0.01450 0.01252
v 0.01074 0.01450 0.01404
v 0.02253 0.01450 0.00665
v 0.01936 0.01450 0.00882
v 0.01820 0.01450 0.00670
v 0.02647 0.01450 0.00745
v 0.02040 0.01450 0.00593
v 0.01415 0.01450 0.00474
v 0.01338 0.01450 0.00255
v 0.01381 0.01450 0.00026
v 0.01296 0.01450 -0.00056
v 0.01533 0.01450 -0.00151
v 0.01614 0.01450 -0.00273
v 0.01753 0.01450 -0.00228
v 0.01982 0.01450 -0.00184
v 0.02158 0.01450 -0.00032
v 0.01236 0.01450 -0.00827
v 0.01338 0.01450 -0.01065
v 0.01490 0.01450 -0.01241
v 0.01456 0.01450 -0.01690
v 0.00831 0.01450 -0.01808
v -0.00431 0.01450 -0.00961
v -0.00448 0.01450 -0.01286
v -0.01151 0.01450 -0.01624
v -0.01074 0.01450 -0.01404
v -0.01186 0.01450 -0.01386
v -0.00897 0.01450 -0.01252
v -0.01089 0.01450 -0.01245
v -0.01107 0.01450 -0.01853
v -0.00330 0.01450 -0.01911
v -0.00507 0.01450 -0.02063
v -0.00735 0.01450 -0.02106
v -0.00955 0.01450 -0.02029
v 0.01486 0.01450 -0.00917
v 0.01410 0.01450 -0.00821
v 0.01286 0.01450 -0.00753
v 0.01383 0.01450 -0.00681
v 0.01430 0.01450 -0.00547
v 0.01538 0.01450 -0.00454
v 0.01905 0.01450 -0.00582
v 0.01812 0.01450 -0.00475
v 0.01678 0.01450 -0.00428
v 0.01829 0.01450 -0.00917
v 0.01905 0.01450 -0.00821
v 0.01932 0.01450 -0.00702
v -0.01591 0.01450 -0.00626
v -0.01675 0.01450 -0.00846
v -0.01649 0.01450 -0.00864
v -0.01664 0.01450 -0.00930
v -0.01556 0.01450 -0.00837
v -0.01162 0.01450 -0.01105
v -0.00748 0.01450 -0.00744
v -0.00668 0.01450 -0.01209
v -0.01416 0.01450 -0.00810
v -0.01282 0.01450 -0.00857
v -0.01189 0.01450 -0.00965
v -0.01317 0.01450 -0.01332
v -0.01457 0.01450 -0.01359
v -0.01591 0.01450 -0.01312
v -0.01209 0.01450 -0.01239
v -0.00066 0.01450 0.02014
v 0.00027 0.01450 0.01906
v 0.00053 0.01450 0.01766
v -0.00132 0.01450 0.01362
v -0.00365 0.01450 0.01076
v -0.00680 0.01450 0.00664
v -0.00719 0.01450 0.00621
v -0.00777 0.01450 0.00547
v -0.01281 0.01450 -0.00323
v -0.00721 0.01450 -0.00704
v -0.00535 0.01450 -0.00785
v -0.00404 0.01450 -0.00921
v -0.00071 0.01450 -0.00947
v 0.00137 0.01450 -0.01289
v -0.01932 0.01450 -0.00877
v -0.01771 0.01450 -0.00987
v 0.00428 0.01450 0.00981
v 0.00745 0.01450 0.00765
v 0.02540 0.01450 0.01053
v 0.01679 0.01450 0.00911
v 0.01591 0.01450 0.00626
v 0.00355 0.01450 -0.01437
v -0.00328 0.01450 -0.01971
v 0.00198 0.01450 -0.02079
v -0.00296 0.01450 -0.01462
v -0.00253 0.01450 -0.01691
v 0.00947 0.01450 -0.00071
v 0.01596 0.01450 -0.00970
v 0.01719 0.01450 -0.00970
v 0.00672 0.01450 -0.01654
v 0.00679 0.01450 -0.01632
v 0.00636 0.01450 -0.01403
v 0.00713 0.01450 -0.01183
v 0.00889 0.01450 -0.01031
v 0.01118 0.01450 -0.00988
v -0.02233 0.00950 -0.01605
v -0.01549 0.00950 -0.02272
v -0.02647 0.00950 -0.00745
v -0.02742 0.00950 0.00205
v -0.02507 0.00950 0.01131
v -0.01969 0.00950 0.01920
v -0.01193 0.00950 0.02478
v -0.00274 0.00950 0.02736
v 0.00678 0.00950 0.02665
v 0.01549 0.00950 0.02272
v 0.08386 0.00950 0.00557
v 0.08392 0.00950 0.00657
v 0.03513 0.00950 0.00333
v 0.02933 0.00950 0.01963
v 0.09004 0.00950 0.06281
v 0.08950 0.00950 0.06336
v 0.02647 0.00950 0.00745
v 0.03257 0.00950 0.00447
v 0.02233 0.00950 0.01606
v 0.03198 0.00950 0.00579
v 0.02844 0.00950 0.01573
v -0.03120 0.00950 0.00911
v -0.03248 0.00950 -0.00097
v -0.03059 0.00950 -0.01097
v -0.02571 0.00950 -0.01988
v -0.01830 0.00950 -0.02685
v -0.00678 0.00950 -0.02665
v -0.00945 0.00950 -0.03109
v 0.00274 0.00950 -0.02736
v 0.00026 0.00950 -0.03250
v 0.01193 0.00950 -0.02478
v 0.08405 0.00950 0.00457
v 0.03526 0.00950 0.00134
v 0.03389 0.00950 0.00090
v 0.03371 0.00950 0.00359
v 0.03288 0.00950 -0.00013
v 0.08888 0.00950 0.06444
v 0.02817 0.00950 0.02126
v 0.02839 0.00950 0.01853
v 0.02682 0.00950 0.02073
v 0.02807 0.00950 0.01713
v 0.02539 0.00950 0.02089
v 0.02419 0.00950 0.02170
v 0.01830 0.00950 0.02685
v 0.00911 0.00950 0.03120
v -0.00097 0.00950 0.03249
v -0.01097 0.00950 0.03059
v -0.01988 0.00950 0.02571
v -0.02685 0.00950 0.01830
v 0.03247 0.00950 -0.00152
v 0.02742 0.00950 -0.00205
v 0.03053 0.00950 -0.01114
v 0.02507 0.00950 -0.01131
v 0.02581 0.00950 -0.01975
v 0.01969 0.00950 -0.01920
v 0.01874 0.00950 -0.02655
v 0.00996 0.00950 -0.03094
v 0.09010 0.01075 0.00913
v 0.08915 0.01168 0.00961
v 0.08915 0.00950 0.00961
v 0.08442 -0.00250 0.00377
v 0.08420 0.00993 0.00419
v 0.08526 -0.00250 0.00278
v 0.08526 0.00817 0.00278
v 0.08405 0.01033 0.00457
v 0.08386 -0.00250 0.00557
v 0.08418 -0.00250 0.00743
v 0.08392 0.01206 0.00657
v 0.08417 0.01261 0.00741
v 0.08453 0.01296 0.00807
v 0.08533 -0.00250 0.00894
v 0.08543 0.01326 0.00902
v 0.08650 0.01314 0.00960
v 0.08704 -0.00250 0.00974
v 0.08704 0.01296 0.00974
v 0.08716 0.01292 0.00977
v 0.08716 0.00950 0.00977
v 0.08893 0.00950 0.00968
v 0.08893 -0.00250 0.00968
v 0.09010 -0.00250 0.00913
v 0.09105 -0.00250 0.00822
v 0.09130 0.00902 0.00785
v 0.09165 -0.00250 0.00706
v 0.09165 0.00817 0.00706
v 0.08944 0.01450 0.01320
v 0.11095 0.01450 0.02759
v 0.11554 0.00626 0.02074
v 0.09196 0.00755 0.00652
v 0.09215 0.00730 0.00634
v 0.09391 0.00626 0.00627
v 0.09257 0.00687 0.00611
v 0.09293 0.00660 0.00603
v 0.09333 0.00638 0.00604
v 0.09348 0.00632 0.00608
v 0.09011 0.00950 0.02172
v 0.09011 0.01450 0.02172
v 0.13189 0.00950 0.05297
v 0.13165 0.00950 0.05202
v 0.13458 0.00950 0.05232
v 0.12652 0.00950 0.04673
v 0.13841 0.00950 0.04662
v 0.12622 0.00950 0.04822
v 0.13838 0.00950 0.04793
v 0.13891 0.00950 0.04914
v 0.09655 0.00950 0.06512
v 0.09625 0.00950 0.06419
v 0.12762 0.00950 0.05049
v 0.09569 0.00950 0.06331
v 0.13530 0.00950 0.05163
v 0.13629 0.00950 0.05119
v 0.12606 0.00950 0.04528
v 0.13296 0.00950 0.04127
v 0.13320 0.00950 0.04222
v 0.13073 0.00950 0.04098
v 0.13085 0.00950 0.03990
v 0.13531 0.00950 0.07090
v 0.13329 0.00950 0.07065
v 0.13400 0.00950 0.05434
v 0.13409 0.00950 0.05335
v 0.13092 0.00950 0.05099
v 0.12982 0.00950 0.05035
v 0.12856 0.00950 0.05022
v 0.12522 0.00950 0.04937
v 0.12481 0.00950 0.04960
v 0.13738 0.00950 0.05113
v 0.13841 0.00950 0.05147
v 0.13990 0.00950 0.05000
v 0.18642 0.00950 0.07722
v 0.18845 0.00950 0.07604
v 0.18793 0.00950 0.07741
v 0.19042 0.00950 0.01900
v 0.19047 0.00950 0.01918
v 0.18931 0.00950 0.01922
v 0.13723 0.00950 0.04375
v 0.13393 0.00950 0.04325
v 0.13503 0.00950 0.04389
v 0.13629 0.00950 0.04402
v 0.13900 0.00950 0.04544
v 0.14004 0.00950 0.04464
v 0.19122 0.00950 0.02054
v 0.09169 0.00950 0.02413
v 0.09424 0.00950 0.02799
v 0.09093 0.00950 0.02356
v 0.09316 0.00950 0.02805
v 0.09033 0.00950 0.02264
v 0.09087 0.00950 0.03120
v 0.09331 0.00950 0.06193
v 0.09311 0.00950 0.06190
v 0.13203 0.00950 0.02951
v 0.13152 0.00950 0.02948
v 0.13001 0.00950 0.02935
v 0.12747 0.00950 0.04311
v 0.12644 0.00950 0.04277
v 0.12495 0.00950 0.04424
v 0.09528 0.00950 0.02833
v 0.12886 0.00950 0.04296
v 0.12955 0.00950 0.04261
v 0.13004 0.00950 0.04219
v 0.09131 0.00950 0.06208
v 0.09095 0.00950 0.03021
v 0.09145 0.00950 0.02918
v 0.09217 0.00950 0.02849
v 0.13085 0.01450 0.03990
v 0.13041 0.01450 0.03441
v 0.13020 0.01192 0.03179
v 0.12062 0.01450 0.03236
v 0.12644 0.01450 0.04277
v 0.09169 0.01450 0.02413
v 0.13073 0.01450 0.04098
v 0.09093 0.01450 0.02356
v 0.09033 0.01450 0.02264
v 0.12886 0.01450 0.04296
v 0.12747 0.01450 0.04311
v 0.12955 0.01450 0.04261
v 0.13004 0.01450 0.04219
v 0.12327 0.00626 0.02456
v 0.13173 0.00626 0.02624
v 0.14033 0.00626 0.02567
v 0.13223 0.01200 0.03202
v 0.14194 0.01450 0.03376
v 0.13243 0.01450 0.03453
v 0.13296 0.01450 0.04127
v 0.13723 0.01450 0.04375
v 0.13629 0.01450 0.04402
v 0.13503 0.01450 0.04389
v 0.13393 0.01450 0.04325
v 0.13320 0.01450 0.04222
v 0.17055 0.01450 0.02806
v 0.18982 0.00686 0.01643
v 0.19009 0.00724 0.01676
v 0.18852 0.00626 0.01607
v 0.19031 0.00817 0.01767
v 0.19023 0.00755 0.01705
v 0.18900 0.00633 0.01605
v 0.18915 0.00638 0.01608
v 0.18956 0.00663 0.01625
v 0.19655 0.01294 0.02129
v 0.19641 0.01300 0.02138
v 0.19655 -0.00250 0.02129
v 0.19515 -0.00250 0.02189
v 0.19031 -0.00250 0.01767
v 0.19047 -0.00250 0.01918
v 0.19148 0.01150 0.02083
v 0.19122 0.01116 0.02054
v 0.19255 0.01245 0.02158
v 0.19150 -0.00250 0.02085
v 0.19515 0.01326 0.02189
v 0.19514 0.01326 0.02189
v 0.19514 0.00950 0.02189
v 0.19319 -0.00250 0.02183
v 0.19319 0.00950 0.02183
v 0.19314 0.00950 0.02181
v 0.19314 0.01279 0.02181
v 0.19748 -0.00250 0.02040
v 0.19761 0.01211 0.02023
v 0.19817 -0.00250 0.01897
v 0.19820 0.01085 0.01883
v 0.19825 -0.00250 0.01739
v 0.19820 0.00916 0.01710
v 0.19785 -0.00250 0.01616
v 0.19785 0.00817 0.01616
v 0.21821 0.00660 0.01051
v 0.21850 0.00700 0.01086
v 0.19770 0.00730 0.01530
v 0.21043 0.01450 0.02011
v 0.19508 0.01450 0.02317
v 0.21095 0.01394 0.01944
v 0.21432 0.01083 0.01560
v 0.19769 0.00755 0.01557
v 0.21860 0.00750 0.01135
v 0.21859 0.00761 0.01146
v 0.21847 0.00793 0.01181
v 0.21838 0.00803 0.01194
v 0.21823 0.00815 0.01208
v 0.19803 0.00660 0.01453
v 0.19832 0.00638 0.01426
v 0.19783 0.00687 0.01484
v 0.19845 0.00632 0.01417
v 0.19890 0.00626 0.01401
v 0.21741 0.00626 0.01032
v 0.21814 0.00654 0.01046
v 0.21778 0.00632 0.01031
v 0.19302 0.01320 0.07431
v 0.19302 0.00950 0.07431
v 0.19307 0.01450 0.07301
v 0.18875 -0.00250 0.07563
v 0.18845 0.01092 0.07604
v 0.18846 0.01093 0.07604
v 0.18792 -0.00250 0.07746
v 0.18791 -0.00250 0.07875
v 0.18791 0.00817 0.07875
v 0.19555 0.00817 0.07969
v 0.19555 -0.00250 0.07969
v 0.19586 0.00992 0.07797
v 0.19585 -0.00250 0.07844
v 0.19549 -0.00250 0.07646
v 0.19423 0.01275 0.07492
v 0.19443 0.01261 0.07508
v 0.19422 -0.00250 0.07491
v 0.19539 0.01156 0.07625
v 0.19550 0.01136 0.07647
v 0.19307 0.01319 0.07433
v 0.19033 0.01274 0.07444
v 0.19102 0.01304 0.07423
v 0.19102 0.00950 0.07423
v 0.19235 0.00950 0.07417
v 0.19235 -0.00250 0.07417
v 0.19036 -0.00250 0.07443
v 0.18873 0.01135 0.07565
v 0.18961 0.01226 0.07483
v 0.13491 0.01450 0.06581
v 0.17422 0.01450 0.07067
v 0.18624 0.00626 0.08047
v 0.18671 0.00632 0.08045
v 0.09661 0.00993 0.06568
v 0.09655 0.01048 0.06512
v 0.10336 0.01450 0.06191
v 0.13289 0.01450 0.06556
v 0.09622 0.00724 0.06835
v 0.09618 0.00755 0.06803
v 0.09630 0.00817 0.06742
v 0.18787 0.00755 0.07937
v 0.18778 0.00730 0.07962
v 0.18751 0.00687 0.08001
v 0.09690 0.00638 0.06929
v 0.09656 0.00663 0.06900
v 0.09638 0.00686 0.06874
v 0.18723 0.00660 0.08024
v 0.18687 0.00638 0.08041
v 0.09750 0.00626 0.06949
v 0.09704 0.00633 0.06937
v 0.13841 0.01450 0.05147
v 0.13530 0.01450 0.05163
v 0.13629 0.01450 0.05119
v 0.13738 0.01450 0.05113
v 0.13458 0.01450 0.05232
v 0.13409 0.01450 0.05335
v 0.13400 0.01450 0.05434
v 0.13189 0.01450 0.05297
v 0.12762 0.01450 0.05049
v 0.12856 0.01450 0.05022
v 0.12982 0.01450 0.05035
v 0.13092 0.01450 0.05099
v 0.13165 0.01450 0.05202
v 0.09111 -0.00250 0.06216
v 0.09020 0.01212 0.06268
v 0.09036 0.01226 0.06256
v 0.09004 0.01198 0.06281
v 0.08950 -0.00250 0.06336
v 0.08867 -0.00250 0.06519
v 0.08866 -0.00250 0.06648
v 0.08866 0.00817 0.06648
v 0.08888 0.01022 0.06444
v 0.08867 0.00945 0.06519
v 0.08863 0.00845 0.06618
v 0.09661 -0.00250 0.06617
v 0.09630 -0.00250 0.06742
v 0.09500 0.01274 0.06265
v 0.09569 0.01217 0.06331
v 0.09625 -0.00250 0.06419
v 0.09498 -0.00250 0.06264
v 0.09331 0.01325 0.06193
v 0.09443 0.01303 0.06229
v 0.09111 0.01275 0.06216
v 0.09131 0.01285 0.06208
v 0.09311 -0.00250 0.06190
v 0.02933 0.01450 0.01963
v 0.08571 0.01450 0.05973
v 0.03198 0.01450 0.00579
v 0.08732 0.01450 0.01178
v 0.02844 0.01450 0.01573
v 0.09118 0.01450 0.06041
v 0.07904 0.01450 0.00624
v 0.03513 0.01450 0.00333
v 0.03371 0.01450 0.00359
v 0.03257 0.01450 0.00447
v 0.02839 0.01450 0.01853
v 0.02807 0.01450 0.01713
v 0.08154 0.01450 0.05921
v 0.02817 0.01450 0.02126
v 0.02682 0.01450 0.02073
v 0.02539 0.01450 0.02089
v 0.02419 0.01450 0.02170
v 0.01830 0.01450 0.02685
v 0.00911 0.01450 0.03120
v -0.00097 0.01450 0.03249
v -0.01097 0.01450 0.03059
v -0.01988 0.01450 0.02571
v -0.02685 0.01450 0.01830
v -0.03120 0.01450 0.00911
v -0.03248 0.01450 -0.00097
v -0.03059 0.01450 -0.01097
v -0.02571 0.01450 -0.01988
v -0.01830 0.01450 -0.02685
v -0.00945 0.01450 -0.03109
v 0.00026 0.01450 -0.03250
v 0.00996 0.01450 -0.03094
v 0.01874 0.01450 -0.02655
v 0.02581 0.01450 -0.01975
v 0.03053 0.01450 -0.01114
v 0.03247 0.01450 -0.00152
v 0.03288 0.01450 -0.00013
v 0.03389 0.01450 0.00090
v 0.03526 0.01450 0.00134
v 0.07572 0.01450 0.00402
v -0.01242 0.01450 0.05563
v -0.02393 0.01450 0.05174
v -0.01061 0.01450 0.05401
v -0.05002 0.01450 0.01707
v -0.05198 0.01450 0.01775
v -0.05677 0.01450 0.00515
v -0.05208 0.01450 0.01782
v -0.05439 0.01450 0.01706
v 0.02054 0.01450 0.05411
v -0.04612 0.01450 0.02279
v -0.04267 0.01450 -0.02856
v -0.04799 0.01450 0.01745
v -0.04459 0.01450 -0.02883
v -0.04617 0.01450 -0.02997
v -0.00266 0.01450 0.05311
v 0.01542 0.01450 0.05510
v -0.00342 0.01450 0.05120
v -0.00504 0.01450 0.04992
v -0.00708 0.01450 0.04962
v -0.00900 0.01450 0.05037
v -0.04642 0.01450 0.01880
v -0.04574 0.01450 0.02076
v -0.04859 0.01450 -0.02979
v -0.04810 0.01450 -0.03029
v -0.04743 0.01450 -0.03050
v -0.04084 0.01450 -0.02923
v -0.03968 0.01450 -0.03045
v -0.00940 0.01450 -0.05622
v -0.05273 0.01450 0.01809
v -0.05343 0.01450 0.01803
v -0.05403 0.01450 0.01766
v -0.00244 0.01450 0.05695
v -0.00286 0.01450 0.05648
v 0.00929 0.01450 0.05624
v -0.00306 0.01450 0.05575
v 0.03244 0.01450 0.05315
v 0.02801 0.01450 0.05311
v 0.02562 0.01450 0.05333
v 0.03299 0.01450 0.05321
v 0.00150 0.01450 -0.05698
v 0.00287 0.01450 -0.05497
v 0.00268 0.01450 -0.05298
v 0.00346 0.01450 -0.05115
v 0.05487 0.01450 -0.01543
v 0.04356 0.01450 -0.03677
v 0.05044 0.01450 -0.02654
v 0.00990 0.01450 -0.05129
v -0.05657 0.01450 -0.00700
v -0.05380 0.01450 -0.01882
v -0.04673 0.01450 -0.03039
v 0.01435 0.01450 0.05531
v -0.00294 0.01450 0.05515
v 0.06041 0.01450 -0.00622
v 0.05838 0.01450 -0.00812
v 0.00888 0.01450 -0.05029
v 0.00701 0.01450 -0.04961
v 0.00504 0.01450 -0.04992
v 0.01110 0.01450 -0.05528
v 0.01172 0.01450 -0.05562
v 0.01243 0.01450 -0.05563
v -0.01029 0.01450 0.05197
v -0.04320 0.01450 0.03719
v -0.04747 0.01450 0.02436
v -0.04904 0.01450 0.02500
v -0.03434 0.01450 0.04549
v 0.00218 0.01450 -0.05680
v 0.00270 0.01450 -0.05632
v 0.00295 0.01450 -0.05566
v -0.01070 0.01450 0.05471
v -0.01110 0.01450 0.05529
v -0.01172 0.01450 0.05562
v 0.02109 0.01450 0.05401
v 0.02215 0.01450 0.05383
v 0.05647 0.01450 -0.01118
v 0.03464 0.01450 -0.04527
v 0.01050 0.01450 -0.05258
v 0.02409 0.01450 -0.05166
v 0.01061 0.01450 -0.05401
v 0.01070 0.01450 -0.05471
v -0.04233 0.01450 -0.03726
v -0.04231 0.01450 -0.03796
v -0.04203 0.01450 -0.03662
v -0.04196 0.01450 -0.03857
v -0.04147 0.01450 -0.03619
v -0.03383 0.01450 -0.04588
v -0.04011 0.01450 -0.03519
v -0.02223 0.01450 -0.05249
v -0.03928 0.01450 -0.03372
v -0.03913 0.01450 -0.03205
v -0.05013 0.01450 0.02582
v -0.04968 0.01450 0.02528
v -0.05028 0.01450 0.02651
v -0.05010 0.01450 0.02719
v 0.08578 0.00686 0.00156
v 0.08574 0.00724 0.00199
v 0.08512 0.00626 0.00039
v 0.05967 0.01176 -0.01001
v 0.06040 0.00626 -0.01614
v 0.08563 0.00755 0.00229
v 0.05873 0.00926 -0.01365
v 0.08548 0.00633 0.00071
v 0.08556 0.00638 0.00084
v 0.08573 0.00663 0.00125
v 0.08563 -0.00250 0.00229
v 0.08512 -0.00250 0.00039
v 0.08555 -0.00250 0.00083
v 0.08578 -0.00250 0.00155
v -0.01595 -0.00250 -0.05784
v -0.02418 -0.00250 -0.05178
v -0.02143 -0.00250 -0.05604
v 0.00615 -0.00250 -0.05968
v 0.00520 -0.00250 -0.05904
v 0.00613 -0.00250 -0.05969
v 0.01061 -0.00250 -0.05401
v 0.01050 -0.00250 -0.05258
v -0.02393 -0.00250 0.05174
v -0.02547 -0.00250 0.05432
v -0.03737 -0.00250 0.04695
v 0.23459 -0.00250 0.08598
v 0.24041 -0.00250 0.08717
v 0.24004 -0.00250 0.09014
v 0.22093 -0.00250 0.08442
v 0.22050 -0.00250 0.08464
v 0.22008 -0.00250 0.08767
v 0.22015 -0.00250 0.08466
v 0.22461 -0.00250 0.08170
v 0.22126 -0.00250 0.08354
v 0.22120 -0.00250 0.08402
v 0.21278 -0.00250 0.07146
v 0.21312 -0.00250 0.07158
v 0.21339 -0.00250 0.07183
v 0.21133 -0.00250 0.07121
v 0.21036 -0.00250 0.07279
v 0.21524 -0.00250 0.07832
v 0.21611 -0.00250 0.07494
v 0.22083 -0.00250 0.08284
v 0.22108 -0.00250 0.08309
v 0.21020 -0.00250 0.07247
v 0.21017 -0.00250 0.07202
v 0.21095 -0.00250 0.07122
v 0.21060 -0.00250 0.07137
v 0.21034 -0.00250 0.07162
v 0.19229 -0.00250 0.07973
v 0.19279 -0.00250 0.07950
v 0.19616 -0.00250 0.08157
v 0.19319 -0.00250 0.07912
v 0.19543 -0.00250 0.08030
v 0.19563 -0.00250 0.08103
v 0.19224 -0.00250 0.07653
v 0.19148 -0.00250 0.07975
v 0.18750 -0.00250 0.08002
v 0.19077 -0.00250 0.07937
v 0.19031 -0.00250 0.07871
v 0.19296 -0.00250 0.07691
v 0.19341 -0.00250 0.07757
v 0.19349 -0.00250 0.07837
v 0.19143 -0.00250 0.07655
v 0.19093 -0.00250 0.07678
v 0.19053 -0.00250 0.07716
v 0.19023 -0.00250 0.07791
v 0.18787 -0.00250 0.07937
v 0.19674 -0.00250 0.08177
v 0.09841 -0.00250 0.07263
v 0.11461 -0.00250 0.07161
v 0.11686 -0.00250 0.07491
v 0.15179 -0.00250 0.07621
v 0.14803 -0.00250 0.07876
v 0.16423 -0.00250 0.07774
v 0.16648 -0.00250 0.08105
v 0.18624 -0.00250 0.08047
v 0.18686 -0.00250 0.08041
v 0.09639 -0.00250 0.06875
v 0.09691 -0.00250 0.06929
v 0.09750 -0.00250 0.06949
v 0.10217 -0.00250 0.07007
v 0.09618 -0.00250 0.06803
v 0.09355 -0.00250 0.06723
v 0.09394 -0.00250 0.06685
v 0.09300 -0.00250 0.06426
v 0.09371 -0.00250 0.06463
v 0.09417 -0.00250 0.06530
v 0.09425 -0.00250 0.06610
v 0.09304 -0.00250 0.06746
v 0.09463 -0.00250 0.07216
v 0.09224 -0.00250 0.06747
v 0.09152 -0.00250 0.06710
v 0.09219 -0.00250 0.06427
v 0.09169 -0.00250 0.06450
v 0.09129 -0.00250 0.06489
v 0.09098 -0.00250 0.06563
v 0.09107 -0.00250 0.06643
v 0.08826 -0.00250 0.06775
v 0.08863 -0.00250 0.06709
v 0.05490 -0.00250 0.06422
v 0.08700 -0.00250 0.06819
v 0.08761 -0.00250 0.06814
v -0.00381 -0.00250 0.05999
v 0.00777 -0.00250 0.05840
v 0.01002 -0.00250 0.06170
v 0.04957 -0.00250 0.06356
v 0.04581 -0.00250 0.06612
v 0.05715 -0.00250 0.06753
v -0.00233 -0.00250 0.05702
v -0.00174 -0.00250 0.05722
v -0.00005 -0.00250 0.05743
v -0.01219 -0.00250 0.05875
v -0.01172 -0.00250 0.05562
v -0.01110 -0.00250 0.05529
v -0.00570 -0.00250 0.05496
v -0.00650 -0.00250 0.05524
v -0.00736 -0.00250 0.05955
v -0.00734 -0.00250 0.05508
v -0.00799 -0.00250 0.05452
v -0.00827 -0.00250 0.05372
v -0.01061 -0.00250 0.05401
v -0.00811 -0.00250 0.05288
v -0.01029 -0.00250 0.05197
v -0.00756 -0.00250 0.05223
v -0.00900 -0.00250 0.05037
v -0.00675 -0.00250 0.05195
v -0.00708 -0.00250 0.04962
v -0.00591 -0.00250 0.05211
v -0.00504 -0.00250 0.04992
v -0.00526 -0.00250 0.05266
v -0.00342 -0.00250 0.05120
v -0.00498 -0.00250 0.05347
v -0.00266 -0.00250 0.05311
v -0.00514 -0.00250 0.05431
v -0.00294 -0.00250 0.05515
v -0.00306 -0.00250 0.05575
v -0.00286 -0.00250 0.05648
v -0.01242 -0.00250 0.05563
v -0.01070 -0.00250 0.05471
v -0.05343 -0.00250 0.01803
v -0.05273 -0.00250 0.01809
v -0.05121 -0.00250 0.02034
v -0.05044 -0.00250 0.02254
v -0.04960 -0.00250 0.02270
v -0.04968 -0.00250 0.02528
v -0.05065 -0.00250 0.01969
v -0.05208 -0.00250 0.01782
v -0.05198 -0.00250 0.01775
v -0.04985 -0.00250 0.01941
v -0.05002 -0.00250 0.01707
v -0.04901 -0.00250 0.01957
v -0.04799 -0.00250 0.01745
v -0.04836 -0.00250 0.02013
v -0.04642 -0.00250 0.01880
v -0.04808 -0.00250 0.02093
v -0.04574 -0.00250 0.02076
v -0.04824 -0.00250 0.02177
v -0.04612 -0.00250 0.02279
v -0.04880 -0.00250 0.02242
v -0.04747 -0.00250 0.02436
v -0.04904 -0.00250 0.02500
v -0.05403 -0.00250 0.01766
v -0.05451 -0.00250 0.02507
v -0.05439 -0.00250 0.01706
v -0.05884 -0.00250 0.01175
v -0.05677 -0.00250 0.00515
v -0.05137 -0.00250 0.02118
v -0.05109 -0.00250 0.02199
v -0.05013 -0.00250 0.02582
v -0.05028 -0.00250 0.02651
v -0.05010 -0.00250 0.02719
v -0.04722 -0.00250 0.03701
v -0.04320 -0.00250 0.03719
v -0.03434 -0.00250 0.04549
v -0.04322 -0.00250 -0.03418
v -0.04403 -0.00250 -0.03390
v -0.04439 -0.00250 -0.04037
v -0.04810 -0.00250 -0.03029
v -0.05253 -0.00250 -0.02899
v -0.04474 -0.00250 -0.03241
v -0.04458 -0.00250 -0.03325
v -0.05927 -0.00250 0.00931
v -0.05996 -0.00250 -0.00220
v -0.05657 -0.00250 -0.00700
v -0.05782 -0.00250 -0.01603
v -0.05380 -0.00250 -0.01882
v -0.04859 -0.00250 -0.02979
v -0.04173 -0.00250 -0.03346
v -0.03928 -0.00250 -0.03372
v -0.04145 -0.00250 -0.03266
v -0.03913 -0.00250 -0.03205
v -0.04161 -0.00250 -0.03182
v -0.03968 -0.00250 -0.03045
v -0.04217 -0.00250 -0.03117
v -0.04084 -0.00250 -0.02923
v -0.04297 -0.00250 -0.03089
v -0.04267 -0.00250 -0.02856
v -0.04381 -0.00250 -0.03105
v -0.03383 -0.00250 -0.04588
v -0.04196 -0.00250 -0.03857
v -0.04459 -0.00250 -0.02883
v -0.04617 -0.00250 -0.02997
v -0.04446 -0.00250 -0.03161
v -0.04673 -0.00250 -0.03039
v -0.04743 -0.00250 -0.03050
v -0.04231 -0.00250 -0.03796
v -0.04233 -0.00250 -0.03726
v -0.04203 -0.00250 -0.03662
v -0.04238 -0.00250 -0.03402
v -0.04147 -0.00250 -0.03619
v -0.04011 -0.00250 -0.03519
v -0.03383 -0.00250 -0.04955
v -0.00786 -0.00250 -0.05948
v -0.02223 -0.00250 -0.05249
v -0.00940 -0.00250 -0.05622
v 0.00734 -0.00250 -0.05508
v 0.00799 -0.00250 -0.05452
v 0.00827 -0.00250 -0.05371
v 0.00150 -0.00250 -0.05698
v 0.00218 -0.00250 -0.05680
v 0.00811 -0.00250 -0.05288
v 0.00990 -0.00250 -0.05129
v 0.00756 -0.00250 -0.05223
v 0.00888 -0.00250 -0.05029
v 0.00675 -0.00250 -0.05195
v 0.00701 -0.00250 -0.04961
v 0.00591 -0.00250 -0.05210
v 0.00504 -0.00250 -0.04992
v 0.00526 -0.00250 -0.05266
v 0.00346 -0.00250 -0.05115
v 0.00498 -0.00250 -0.05347
v 0.00651 -0.00250 -0.05524
v 0.00570 -0.00250 -0.05495
v 0.00514 -0.00250 -0.05431
v 0.00268 -0.00250 -0.05298
v 0.00287 -0.00250 -0.05497
v 0.00295 -0.00250 -0.05566
v 0.00270 -0.00250 -0.05632
v 0.01979 -0.00250 -0.05664
v 0.01243 -0.00250 -0.05563
v 0.02409 -0.00250 -0.05166
v 0.01172 -0.00250 -0.05562
v 0.01110 -0.00250 -0.05528
v 0.01070 -0.00250 -0.05471
v 0.03033 -0.00250 -0.05177
v 0.03237 -0.00250 -0.05052
v 0.03464 -0.00250 -0.04527
v 0.04988 -0.00250 -0.02759
v 0.05250 -0.00250 -0.02905
v 0.05445 -0.00250 -0.02124
v 0.05666 -0.00250 -0.02327
v 0.06207 -0.00250 -0.01863
v 0.04356 -0.00250 -0.03677
v 0.04320 -0.00250 -0.04164
v 0.05167 -0.00250 -0.03050
v 0.09334 -0.00250 0.00604
v 0.09259 -0.00250 0.00610
v 0.11721 -0.00250 0.01825
v 0.06040 -0.00250 -0.01614
v 0.08948 -0.00250 0.00606
v 0.08940 -0.00250 0.00526
v 0.08894 -0.00250 0.00459
v 0.08823 -0.00250 0.00422
v 0.08742 -0.00250 0.00423
v 0.08692 -0.00250 0.00446
v 0.09196 -0.00250 0.00652
v 0.08917 -0.00250 0.00681
v 0.08878 -0.00250 0.00719
v 0.08827 -0.00250 0.00742
v 0.08747 -0.00250 0.00743
v 0.08675 -0.00250 0.00706
v 0.08630 -0.00250 0.00639
v 0.08621 -0.00250 0.00559
v 0.08652 -0.00250 0.00485
v 0.09391 -0.00250 0.00627
v 0.11554 -0.00250 0.02074
v 0.12424 -0.00250 0.02172
v 0.12327 -0.00250 0.02456
v 0.13173 -0.00250 0.02624
v 0.13192 -0.00250 0.02325
v 0.14033 -0.00250 0.02567
v 0.18477 -0.00250 0.01376
v 0.17843 -0.00250 0.01808
v 0.17150 -0.00250 0.01641
v 0.13975 -0.00250 0.02273
v 0.19890 -0.00250 0.01401
v 0.18981 -0.00250 0.01642
v 0.21461 -0.00250 0.00782
v 0.18914 -0.00250 0.01608
v 0.18852 -0.00250 0.01607
v 0.19833 -0.00250 0.01425
v 0.19784 -0.00250 0.01482
v 0.19023 -0.00250 0.01705
v 0.19539 -0.00250 0.01675
v 0.19769 -0.00250 0.01556
v 0.19584 -0.00250 0.01741
v 0.19593 -0.00250 0.01822
v 0.19562 -0.00250 0.01896
v 0.19522 -0.00250 0.01935
v 0.19472 -0.00250 0.01958
v 0.19391 -0.00250 0.01959
v 0.19320 -0.00250 0.01922
v 0.19274 -0.00250 0.01855
v 0.19266 -0.00250 0.01775
v 0.19297 -0.00250 0.01700
v 0.19467 -0.00250 0.01638
v 0.19387 -0.00250 0.01639
v 0.19336 -0.00250 0.01662
v 0.23684 -0.00250 0.00339
v 0.23743 -0.00250 0.00633
v 0.22967 -0.00250 0.00874
v 0.21776 -0.00250 0.01031
v 0.21741 -0.00250 0.01032
v 0.22254 -0.00250 0.01262
v 0.21860 -0.00250 0.01135
v 0.21851 -0.00250 0.01088
v 0.21821 -0.00250 0.01050
v 0.21293 -0.00250 0.02178
v 0.21299 -0.00250 0.01701
v 0.21789 -0.00250 0.01631
v 0.21823 -0.00250 0.01208
v 0.21846 -0.00250 0.01182
v 0.21229 -0.00250 0.02216
v 0.21186 -0.00250 0.02214
v 0.21268 -0.00250 0.02201
v 0.21155 -0.00250 0.02199
v 0.21052 -0.00250 0.01999
v 0.21033 -0.00250 0.02074
v 0.21036 -0.00250 0.02031
v 0.21049 -0.00250 0.02115
v 0.21074 -0.00250 0.02140
v 0.20741 0.01010 0.06828
v 0.20830 0.00942 0.06978
v 0.20815 0.01450 0.06954
v 0.21036 0.00450 0.07279
v 0.20164 0.01050 0.04621
v 0.20167 0.01450 0.04812
v 0.20197 0.01050 0.04110
v 0.20270 0.01450 0.03688
v 0.20270 0.01050 0.03688
v 0.20656 0.01450 0.02628
v 0.20656 0.01050 0.02628
v 0.20467 0.01050 0.03046
v 0.20289 0.01050 0.03606
v 0.21052 0.00450 0.01999
v 0.21045 0.00571 0.02009
v 0.20995 0.00773 0.02076
v 0.20928 0.00904 0.02172
v 0.20822 0.01015 0.02335
v 0.20717 0.01050 0.02514
v 0.21246 0.01450 0.07540
v 0.20872 0.00897 0.07044
v 0.21302 0.01395 0.07603
v 0.20983 0.00713 0.07207
v 0.20985 0.00707 0.07210
v 0.21033 0.00513 0.07275
v 0.22083 0.00815 0.08284
v 0.21666 0.01085 0.07961
v 0.20167 0.01050 0.04812
v 0.20205 0.01050 0.05254
v 0.20353 0.01450 0.05925
v 0.20371 0.01050 0.05984
v 0.20611 0.01050 0.06584
v 0.20297 0.01012 0.03608
v 0.20205 0.01012 0.04111
v 0.20170 0.01015 0.04621
v 0.20226 0.00979 0.04114
v 0.20193 0.00979 0.04622
v 0.20258 0.00958 0.04118
v 0.20229 0.00956 0.04622
v 0.20296 0.00950 0.04122
v 0.20264 0.00950 0.04622
v 0.20318 0.00979 0.03613
v 0.20349 0.00958 0.03621
v 0.20387 0.00950 0.03630
v 0.20617 0.01015 0.06581
v 0.20377 0.01015 0.05982
v 0.20638 0.00979 0.06571
v 0.20399 0.00979 0.05975
v 0.20652 0.00966 0.06564
v 0.20433 0.00956 0.05964
v 0.20670 0.00956 0.06555
v 0.20685 0.00952 0.06548
v 0.20466 0.00950 0.05954
v 0.20701 0.00950 0.06540
v 0.20305 0.00950 0.05240
v 0.20270 0.00956 0.05245
v 0.20234 0.00979 0.05250
v 0.20212 0.01015 0.05253
v 0.21007 0.00561 0.07184
v 0.21017 0.00450 0.07202
v 0.21016 0.00450 0.07230
v 0.21095 0.00450 0.07122
v 0.21080 0.00450 0.07126
v 0.21068 0.00554 0.07113
v 0.21095 0.00558 0.07106
v 0.21034 0.00652 0.07075
v 0.21059 0.00657 0.07066
v 0.21008 0.00744 0.07006
v 0.20984 0.00740 0.07018
v 0.21009 0.00652 0.07092
v 0.21041 0.00553 0.07129
v 0.21060 0.00450 0.07137
v 0.20816 0.00915 0.06753
v 0.20797 0.00916 0.06764
v 0.20947 0.00816 0.06932
v 0.20926 0.00813 0.06944
v 0.20868 0.00858 0.07017
v 0.20743 0.00971 0.06814
v 0.20779 0.00923 0.06777
v 0.20905 0.00816 0.06960
v 0.20763 0.00935 0.06790
v 0.20887 0.00825 0.06979
v 0.20750 0.00952 0.06803
v 0.20874 0.00840 0.06999
v 0.20976 0.00667 0.07143
v 0.20972 0.00680 0.07169
v 0.21020 0.00450 0.07247
v 0.20989 0.00657 0.07116
v 0.21020 0.00556 0.07154
v 0.21034 0.00450 0.07162
v 0.20817 0.00925 0.06720
v 0.20829 0.00919 0.06737
v 0.20968 0.00822 0.06924
v 0.20962 0.00741 0.07034
v 0.21014 0.00771 0.06983
v 0.21029 0.00751 0.07001
v 0.21109 0.00598 0.07094
v 0.21133 0.00450 0.07121
v 0.21278 0.00450 0.07146
v 0.21295 0.00450 0.07150
v 0.21312 0.00450 0.07158
v 0.21339 0.00450 0.07183
v 0.20974 0.01050 0.02670
v 0.21075 0.01014 0.02496
v 0.21094 0.01650 0.02466
v 0.21293 0.00450 0.02178
v 0.21509 0.01650 0.01916
v 0.21176 0.00901 0.02340
v 0.21839 0.01386 0.01587
v 0.21233 0.00786 0.02259
v 0.21284 0.00584 0.02190
v 0.20746 0.01050 0.03155
v 0.20642 0.01650 0.03453
v 0.20642 0.01050 0.03453
v 0.20466 0.01650 0.04525
v 0.20464 0.01050 0.04635
v 0.20495 0.01050 0.04147
v 0.20584 0.01050 0.03666
v 0.20507 0.01050 0.05243
v 0.20577 0.01650 0.05605
v 0.20577 0.01050 0.05605
v 0.20967 0.01650 0.06619
v 0.20968 0.01042 0.06620
v 0.20913 0.01050 0.06515
v 0.20673 0.01050 0.05942
v 0.21315 0.00629 0.07151
v 0.21611 0.01650 0.07494
v 0.21288 0.00709 0.07115
v 0.21213 0.00847 0.07013
v 0.21049 0.01006 0.06761
v 0.22844 0.01008 0.08372
v 0.23347 0.00875 0.08565
v 0.24029 0.00809 0.08715
v 0.24041 0.00809 0.08717
v 0.21718 0.01650 0.07602
v 0.21924 0.01488 0.07787
v 0.22214 0.01297 0.08010
v 0.22527 0.01135 0.08208
v 0.22254 0.01143 0.01262
v 0.21290 0.00450 0.02182
v 0.21270 0.00450 0.02200
v 0.21268 0.00450 0.02201
v 0.21229 0.00450 0.02216
v 0.21186 0.00450 0.02214
v 0.21155 0.00450 0.02199
v 0.21074 0.00450 0.02140
v 0.20886 0.00950 0.02621
v 0.20804 0.00950 0.02563
v 0.20970 0.00920 0.02471
v 0.20887 0.00921 0.02415
v 0.20973 0.00829 0.02281
v 0.21067 0.00551 0.02148
v 0.21147 0.00562 0.02209
v 0.21055 0.00623 0.02165
v 0.21136 0.00623 0.02223
v 0.21027 0.00719 0.02203
v 0.21104 0.00730 0.02268
v 0.21055 0.00826 0.02337
v 0.20824 0.00950 0.06561
v 0.20578 0.00950 0.05974
v 0.20408 0.00950 0.05257
v 0.20364 0.00950 0.04634
v 0.20396 0.00950 0.04135
v 0.20487 0.00950 0.03642
v 0.20653 0.00950 0.03119
v 0.20560 0.00950 0.03082
v 0.21266 0.00551 0.07133
v 0.21241 0.00627 0.07107
v 0.21121 0.00805 0.06969
v 0.21178 0.00738 0.07036
v 0.21223 0.00666 0.07087
v 0.21075 0.00847 0.06913
v 0.20962 0.00917 0.06765
v 0.21033 0.00878 0.06859
v 0.20891 0.00942 0.06665
v 0.20958 0.00919 0.06759
v 0.21260 0.00686 0.07094
v 0.21242 0.00675 0.07088
v 0.21033 0.00980 0.06744
v 0.21162 0.00875 0.06946
v 0.21146 0.00854 0.06940
v 0.21014 0.00951 0.06745
v 0.20949 0.00974 0.06638
v 0.20907 0.01015 0.06518
v 0.20887 0.00979 0.06529
v 0.21125 0.00836 0.06941
v 0.21058 0.00891 0.06850
v 0.20989 0.00929 0.06753
v 0.20854 0.00956 0.06545
v 0.20922 0.00951 0.06650
v 0.20667 0.01015 0.05944
v 0.20645 0.00979 0.05951
v 0.20611 0.00956 0.05963
v 0.20456 0.01012 0.04635
v 0.20501 0.01015 0.05244
v 0.20478 0.00979 0.05247
v 0.20435 0.00979 0.04635
v 0.20442 0.00956 0.05252
v 0.20402 0.00958 0.04635
v 0.20520 0.00956 0.03650
v 0.20434 0.00958 0.04139
v 0.20487 0.01012 0.04146
v 0.20466 0.00979 0.04143
v 0.20555 0.00979 0.03659
v 0.20578 0.01015 0.03664
v 0.20917 0.00956 0.02638
v 0.20918 0.00957 0.02639
v 0.20719 0.00979 0.03144
v 0.20948 0.00979 0.02656
v 0.20740 0.01015 0.03153
v 0.20968 0.01015 0.02667
v 0.20974 0.01044 0.02670
v 0.20685 0.00956 0.03131
v 0.21137 0.00734 0.02284
v 0.21170 0.00744 0.02289
v 0.21120 0.00844 0.02362
v 0.21281 0.00583 0.02194
v 0.21262 0.00577 0.02211
v 0.21231 0.00571 0.02225
v 0.21214 0.00568 0.02228
v 0.21180 0.00564 0.02225
v 0.21231 0.00783 0.02262
v 0.21174 0.00897 0.02343
v 0.21214 0.00768 0.02277
v 0.21160 0.00877 0.02355
v 0.21186 0.00751 0.02288
v 0.21135 0.00854 0.02362
v 0.21074 0.01009 0.02498
v 0.21065 0.00984 0.02502
v 0.21045 0.00955 0.02503
v 0.21088 0.00831 0.02355
v 0.21032 0.00943 0.02500
v 0.21003 0.00926 0.02489
v 0.20722 0.01015 0.02517
v 0.20472 0.01015 0.03048
v 0.20494 0.00979 0.03056
v 0.20528 0.00956 0.03070
v 0.20774 0.00956 0.02546
v 0.20743 0.00979 0.02528
v 0.21033 0.00450 0.02074
v 0.21049 0.00450 0.02115
v 0.21039 0.00552 0.02117
v 0.21036 0.00450 0.02031
v 0.21026 0.00557 0.02081
v 0.21028 0.00563 0.02042
v 0.21060 0.00551 0.02143
v 0.21019 0.00719 0.02198
v 0.20998 0.00724 0.02173
v 0.20984 0.00735 0.02141
v 0.20943 0.00836 0.02253
v 0.20925 0.00852 0.02225
v 0.20855 0.00930 0.02391
v 0.20833 0.00950 0.02369
v 0.20982 0.00753 0.02106
v 0.20920 0.00877 0.02196
v 0.20821 0.00981 0.02349
v 0.20965 0.00829 0.02276
v 0.20879 0.00922 0.02410
v 0.24004 0.00750 0.09014
v 0.24020 0.00879 0.08886
v 0.01252 0.00750 0.06201
v 0.08888 0.01446 0.06444
v 0.24007 0.00879 0.08884
v 0.23308 0.00946 0.08731
v 0.22794 0.01079 0.08533
v 0.22468 0.01206 0.08365
v 0.03290 0.01674 0.05522
v 0.02858 0.01418 0.05726
v 0.02267 0.01123 0.05950
v 0.01917 0.00976 0.06055
v 0.21851 0.01558 0.07934
v 0.21698 0.01674 0.07799
v 0.21693 0.01674 0.07798
v 0.22148 0.01368 0.08162
v 0.08889 0.01448 0.06442
v 0.08890 0.01450 0.06440
v 0.08881 0.01450 0.06439
v 0.21663 0.01699 0.07616
v 0.21606 0.01748 0.07630
v 0.21636 0.01724 0.07719
v 0.21452 0.01699 0.01906
v 0.21588 0.01750 0.07613
v 0.21571 0.01750 0.07597
v 0.21395 0.01748 0.01896
v 0.21378 0.01750 0.01913
v 0.21362 0.01750 0.01931
v 0.21010 0.01750 0.02412
v 0.20547 0.01750 0.03424
v 0.20366 0.01750 0.04522
v 0.20479 0.01750 0.05629
v 0.20880 0.01750 0.06667
v 0.21539 0.01750 0.07563
v 0.21409 0.01733 0.01827
v 0.21474 0.01674 0.01721
v 0.21758 0.01456 0.01443
v 0.22184 0.01214 0.01110
v 0.13975 0.00750 0.02273
v 0.23016 0.00945 0.00671
v 0.23684 0.00750 0.00339
v 0.23365 0.00896 0.00551
v 0.23710 0.00879 0.00466
v 0.14155 0.01674 0.03179
v 0.22349 0.01141 0.01003
v 0.22680 0.01026 0.00820
v 0.13646 0.01674 0.03246
v 0.13192 0.00750 0.02325
v 0.13132 0.01674 0.03246
v 0.12623 0.01674 0.03179
v 0.12424 0.00750 0.02172
v 0.12126 0.01674 0.03046
v 0.11652 0.01674 0.02849
v 0.11721 0.00750 0.01825
v 0.11207 0.01674 0.02592
v 0.06514 0.01674 -0.00547
v 0.06373 0.01205 -0.01205
v 0.06179 0.00800 -0.01822
v 0.06207 0.00750 -0.01863
v 0.05914 0.01631 -0.01351
v 0.05921 0.01632 -0.01338
v 0.06124 0.01391 -0.01231
v 0.06396 0.01667 -0.00646
v 0.05682 0.01609 -0.01929
v 0.05754 0.01616 -0.01727
v 0.05847 0.01413 -0.01626
v 0.05758 0.01200 -0.01918
v 0.05633 0.01507 -0.02065
v 0.05658 0.01558 -0.01997
v 0.05819 0.01111 -0.01885
v 0.05968 0.00951 -0.01839
v 0.06055 0.01169 -0.01530
v 0.06012 0.01639 -0.01162
v 0.06119 0.01648 -0.00984
v 0.06226 0.01656 -0.00835
v 0.05829 0.01623 -0.01541
v -0.01759 0.00592 -0.05736
v -0.01781 0.00450 -0.05729
v 0.05250 0.01164 -0.02905
v 0.05509 0.01609 -0.02377
v 0.05462 0.01260 -0.02483
v 0.05167 0.01609 -0.03050
v 0.05365 0.01191 -0.02686
v 0.05296 0.01168 -0.02821
v 0.01185 0.01524 0.05882
v 0.01398 0.01609 0.05835
v 0.00479 0.01609 0.05981
v 0.01157 0.01513 0.05887
v -0.01219 0.01609 0.05875
v -0.00736 0.01164 0.05955
v -0.00519 0.01609 0.05978
v -0.00448 0.01172 0.05983
v 0.00175 0.01609 0.05998
v 0.00226 0.01254 0.05996
v 0.00350 0.01279 0.05990
v 0.05048 0.01609 -0.03243
v 0.04452 0.01609 -0.04022
v 0.04320 0.01609 -0.04164
v 0.03737 0.01609 -0.04694
v 0.03237 0.01609 -0.05052
v 0.02923 0.01609 -0.05240
v 0.02030 0.01609 -0.05646
v 0.01083 0.01609 -0.05901
v 0.00613 0.01609 -0.05969
v 0.00107 0.01609 -0.05999
v -0.00786 0.01609 -0.05948
v -0.01752 0.00289 -0.05738
v -0.01669 0.00149 -0.05763
v -0.01566 0.00063 -0.05792
v -0.01187 0.00031 -0.05881
v -0.01345 0.00002 -0.05847
v -0.01415 0.00007 -0.05831
v -0.01047 0.00118 -0.05908
v -0.01020 0.00144 -0.05913
v -0.00933 0.00281 -0.05927
v -0.00900 0.00443 -0.05932
v -0.00901 0.00472 -0.05932
v -0.00937 0.00628 -0.05926
v -0.01029 0.00765 -0.05911
v -0.01074 0.00805 -0.05903
v -0.00872 0.01609 -0.05936
v -0.01218 0.00880 -0.05875
v -0.01398 0.01609 -0.05835
v -0.01345 0.00898 -0.05847
v -0.02143 0.01609 -0.05604
v -0.01494 0.00872 -0.05811
v -0.01632 0.00788 -0.05774
v -0.01682 0.00735 -0.05759
v -0.02284 0.01609 -0.05548
v -0.03172 0.01609 -0.05093
v -0.03972 0.01609 -0.04497
v -0.03383 0.01609 -0.04955
v -0.05253 0.01609 -0.02899
v -0.05224 0.01609 -0.02951
v -0.04663 0.01609 -0.03776
v -0.04439 0.01609 -0.04037
v -0.05641 0.01609 -0.02044
v -0.05782 0.01609 -0.01603
v -0.05902 0.01609 -0.01081
v -0.05996 0.01609 -0.00220
v -0.05999 0.01609 -0.00088
v -0.05931 0.01609 0.00908
v -0.05884 0.01609 0.01175
v -0.05698 0.01609 0.01879
v -0.05451 0.01609 0.02507
v -0.05308 0.01609 0.02797
v -0.04771 0.01609 0.03638
v -0.04102 0.01609 0.04379
v -0.04722 0.01609 0.03701
v -0.03319 0.01609 0.04998
v -0.03737 0.01609 0.04695
v -0.01503 0.01609 0.05809
v -0.02445 0.01609 0.05479
v -0.02547 0.01609 0.05432
v 0.05949 0.00761 -0.02057
v 0.06130 0.00750 -0.01917
v 0.05292 0.01107 -0.02831
v 0.05430 0.00969 -0.02618
v 0.05668 0.00832 -0.02326
v 0.23743 0.00809 0.00633
v 0.22416 0.01070 0.01158
v 0.23407 0.00825 0.00717
v 0.23066 0.00874 0.00833
v 0.22738 0.00955 0.00979
v 0.06155 0.00775 -0.01869
v 0.05570 0.00921 -0.02406
v -0.00859 0.01741 -0.05845
v -0.01377 0.01741 -0.05745
v -0.01365 0.01750 -0.05697
v -0.01388 0.01709 -0.05794
v -0.01396 0.01658 -0.05826
v -0.00866 0.01709 -0.05895
v -0.00871 0.01658 -0.05928
v 0.00106 0.01658 -0.05990
v 0.01081 0.01658 -0.05893
v 0.02027 0.01658 -0.05638
v 0.02918 0.01658 -0.05232
v 0.03732 0.01658 -0.04687
v 0.04446 0.01658 -0.04016
v 0.05041 0.01658 -0.03238
v 0.05501 0.01658 -0.02373
v 0.05680 0.01633 -0.01927
v 0.05471 0.01709 -0.02361
v 0.05643 0.01709 -0.01913
v 0.05667 0.01674 -0.01922
v 0.05424 0.01741 -0.02340
v 0.05594 0.01741 -0.01898
v 0.05628 0.01722 -0.01909
v 0.05379 0.01750 -0.02321
v 0.05548 0.01750 -0.01883
v 0.05575 0.01747 -0.01892
v -0.00852 0.01750 -0.05796
v 0.00104 0.01750 -0.05858
v 0.00105 0.01741 -0.05907
v 0.01057 0.01750 -0.05762
v 0.01066 0.01741 -0.05811
v 0.01982 0.01750 -0.05513
v 0.01999 0.01741 -0.05559
v 0.02854 0.01750 -0.05116
v 0.02878 0.01741 -0.05159
v 0.03649 0.01750 -0.04583
v 0.03680 0.01741 -0.04621
v 0.04347 0.01750 -0.03927
v 0.04384 0.01741 -0.03960
v 0.04929 0.01750 -0.03166
v 0.04970 0.01741 -0.03193
v 0.00106 0.01709 -0.05958
v 0.01075 0.01709 -0.05861
v 0.02016 0.01709 -0.05607
v 0.02903 0.01709 -0.05204
v 0.03712 0.01709 -0.04661
v 0.04422 0.01709 -0.03994
v 0.05013 0.01709 -0.03220
v -0.02248 0.01741 -0.05463
v 0.00472 0.01741 0.05889
v 0.01379 0.01738 0.05753
v 0.01371 0.01748 0.05721
v -0.02230 0.01750 -0.05418
v -0.03123 0.01741 -0.05015
v -0.03097 0.01750 -0.04973
v -0.03911 0.01741 -0.04428
v -0.03878 0.01750 -0.04391
v -0.04591 0.01741 -0.03718
v -0.04553 0.01750 -0.03687
v -0.05143 0.01741 -0.02906
v -0.05101 0.01750 -0.02882
v -0.05554 0.01741 -0.02013
v -0.05508 0.01750 -0.01996
v -0.05811 0.01741 -0.01064
v -0.05763 0.01750 -0.01055
v -0.05907 0.01741 -0.00086
v -0.05858 0.01750 -0.00086
v -0.05839 0.01741 0.00894
v -0.05791 0.01750 0.00887
v -0.05610 0.01741 0.01850
v -0.05564 0.01750 0.01834
v -0.05226 0.01741 0.02754
v -0.05183 0.01750 0.02731
v -0.04697 0.01741 0.03582
v -0.04658 0.01750 0.03553
v -0.04039 0.01741 0.04311
v -0.04005 0.01750 0.04276
v -0.03268 0.01741 0.04921
v -0.03241 0.01750 0.04881
v -0.02407 0.01741 0.05395
v -0.02387 0.01750 0.05350
v -0.01479 0.01741 0.05719
v -0.01467 0.01750 0.05672
v -0.00511 0.01741 0.05885
v -0.00507 0.01750 0.05837
v 0.00468 0.01750 0.05840
v 0.01365 0.01750 0.05697
v 0.01391 0.01697 0.05804
v 0.01389 0.01709 0.05795
v 0.00476 0.01709 0.05940
v 0.01397 0.01638 0.05832
v 0.01396 0.01660 0.05825
v 0.00478 0.01658 0.05972
v -0.00518 0.01658 0.05969
v -0.01500 0.01658 0.05800
v -0.02441 0.01658 0.05471
v -0.04096 0.01658 0.04373
v -0.03314 0.01658 0.04991
v -0.05300 0.01658 0.02793
v -0.04764 0.01658 0.03633
v -0.05690 0.01658 0.01876
v -0.05991 0.01658 -0.00088
v -0.05922 0.01658 0.00907
v -0.05893 0.01658 -0.01079
v -0.05633 0.01658 -0.02041
v -0.05216 0.01658 -0.02947
v -0.04656 0.01658 -0.03771
v -0.03966 0.01658 -0.04490
v -0.03167 0.01658 -0.05086
v -0.02280 0.01658 -0.05540
v -0.00515 0.01709 0.05936
v -0.01492 0.01709 0.05769
v -0.02428 0.01709 0.05442
v -0.03296 0.01709 0.04964
v -0.04073 0.01709 0.04349
v -0.04738 0.01709 0.03613
v -0.05271 0.01709 0.02778
v -0.05659 0.01709 0.01866
v -0.05890 0.01709 0.00902
v -0.05958 0.01709 -0.00087
v -0.05861 0.01709 -0.01073
v -0.05602 0.01709 -0.02030
v -0.05188 0.01709 -0.02931
v -0.04630 0.01709 -0.03750
v -0.03945 0.01709 -0.04466
v -0.03150 0.01709 -0.05058
v -0.02268 0.01709 -0.05510
v 0.00361 0.01750 -0.02726
v 0.01268 0.01750 -0.02440
v 0.14191 0.01750 0.03360
v 0.02023 0.01750 -0.01862
v 0.00624 0.01750 0.02678
v -0.00326 0.01750 0.02731
v -0.02000 0.01750 0.01888
v -0.02523 0.01750 0.01094
v -0.00590 0.01750 -0.02686
v -0.01237 0.01750 0.02456
v -0.03113 0.01750 -0.02350
v -0.03530 0.01750 -0.01657
v -0.03549 0.01750 -0.01579
v -0.03535 0.01750 -0.01499
v -0.03491 0.01750 -0.01432
v -0.03424 0.01750 -0.01387
v -0.02813 0.01750 -0.01139
v -0.02351 0.01750 -0.02974
v -0.02449 0.01750 -0.02989
v -0.02542 0.01750 -0.02956
v -0.02561 0.01750 -0.02941
v -0.02272 0.01750 -0.02913
v -0.01867 0.01750 -0.02393
v -0.01752 0.01750 -0.02304
v 0.02537 0.01750 -0.01062
v 0.02628 0.01750 0.00810
v 0.02816 0.01750 0.05359
v 0.03069 0.01750 0.05337
v 0.01499 0.01750 0.02306
v 0.03313 0.01750 0.05339
v 0.02195 0.01750 0.01657
v -0.02638 0.01750 -0.00777
v -0.02745 0.01750 0.00169
v -0.01470 0.01750 -0.02324
v -0.01608 0.01750 -0.02279
v 0.13658 0.01750 0.03430
v 0.06104 0.01750 -0.00704
v 0.05989 0.01750 -0.00869
v 0.02747 0.01750 -0.00134
v 0.05868 0.01750 -0.01079
v 0.05846 0.01750 -0.01120
v 0.13120 0.01750 0.03431
v 0.12587 0.01750 0.03360
v 0.12067 0.01750 0.03221
v -0.02632 0.01750 -0.00922
v -0.02695 0.01750 -0.01054
v 0.11570 0.01750 0.03015
v 0.11104 0.01750 0.02746
v 0.06412 0.01750 -0.00393
v 0.02335 0.01750 0.05446
v 0.02499 0.01750 0.05412
v 0.02567 0.01750 0.05399
v 0.01834 0.01750 0.05571
v 0.01836 0.01750 0.05571
v 0.02320 0.01750 0.05450
v 0.05687 0.01750 -0.01479
v 0.05673 0.01750 -0.01514
v 0.05621 0.01750 -0.01659
v 0.03295 0.01703 0.05488
v 0.03301 0.01730 0.05437
v 0.03306 0.01744 0.05394
v 0.02341 0.01716 0.05551
v 0.02346 0.01692 0.05578
v 0.02829 0.01710 0.05481
v 0.01842 0.01747 0.05601
v 0.01615 0.01614 0.05782
v 0.01869 0.01621 0.05720
v 0.01868 0.01648 0.05713
v 0.02830 0.01683 0.05512
v 0.02831 0.01654 0.05534
v 0.02349 0.01665 0.05598
v 0.02567 0.01644 0.05571
v 0.02674 0.01648 0.05554
v 0.01866 0.01675 0.05700
v 0.01862 0.01700 0.05682
v 0.01856 0.01722 0.05658
v 0.01850 0.01738 0.05630
v 0.02328 0.01746 0.05486
v 0.02577 0.01740 0.05457
v 0.03070 0.01749 0.05362
v 0.02821 0.01745 0.05403
v 0.02335 0.01735 0.05520
v 0.02826 0.01732 0.05444
v 0.02668 0.01634 0.05563
v 0.02227 0.01378 0.05753
v 0.01799 0.01169 0.05899
v 0.01349 0.00989 0.06017
v 0.00910 0.00848 0.06099
v 0.00641 0.00790 0.06125
v -0.00248 0.00987 0.06015
v -0.00580 0.01102 0.05974
v -0.00442 0.01052 0.05991
v -0.00025 0.01011 0.06020
v 0.00387 0.01081 0.06008
v 0.00809 0.01186 0.05966
v 0.01220 0.01321 0.05896
v 0.01643 0.01495 0.05792
v -0.00014 0.00920 0.06044
v 0.00037 0.00906 0.06050
v 0.05957 0.01719 -0.01128
v 0.05928 0.01737 -0.01111
v 0.06024 0.01742 -0.00917
v 0.06457 0.01737 -0.00461
v 0.06470 0.01728 -0.00481
v 0.06329 0.01721 -0.00617
v 0.06000 0.01667 -0.01154
v 0.05981 0.01695 -0.01142
v 0.06083 0.01704 -0.00957
v 0.05712 0.01748 -0.01489
v 0.05741 0.01739 -0.01501
v 0.05768 0.01723 -0.01512
v 0.05791 0.01702 -0.01522
v 0.05822 0.01650 -0.01537
v 0.05809 0.01677 -0.01530
v 0.06198 0.01713 -0.00780
v 0.06265 0.01749 -0.00550
v 0.06231 0.01749 -0.00594
v 0.06216 0.01748 -0.00613
v 0.06215 0.01748 -0.00614
v 0.05896 0.01747 -0.01094
v 0.06135 0.01746 -0.00729
v 0.06197 0.01748 -0.00638
v 0.06214 0.01748 -0.00616
v 0.06214 0.01748 -0.00615
v 0.06218 0.01748 -0.00610
v 0.06222 0.01748 -0.00605
v 0.11160 0.01730 0.02663
v 0.14172 0.01730 0.03262
v 0.13651 0.01730 0.03331
v 0.13127 0.01730 0.03331
v 0.12606 0.01730 0.03262
v 0.12099 0.01730 0.03126
v 0.11614 0.01730 0.02925
v -0.02813 0.02300 -0.01139
v -0.03424 0.02300 -0.01387
v -0.00071 0.02300 -0.00947
v 0.00229 0.02300 -0.01224
v 0.00164 0.02300 -0.01320
v 0.01632 0.02300 -0.00006
v 0.01766 0.02300 -0.00053
v 0.01726 0.02300 -0.00108
v 0.01905 0.02300 -0.00582
v 0.01812 0.02300 -0.00475
v 0.01987 0.02300 -0.00287
v -0.01867 0.02300 -0.02393
v -0.01823 0.02300 -0.02336
v -0.01752 0.02300 -0.02304
v -0.02542 0.02300 -0.02956
v -0.02561 0.02300 -0.02941
v -0.02395 0.02300 -0.01946
v 0.01197 0.02300 0.00893
v 0.01301 0.02300 0.00810
v 0.01423 0.02300 0.00528
v 0.02747 0.02300 -0.00134
v 0.02737 0.02300 -0.00271
v 0.02676 0.02300 -0.00326
v 0.01228 0.02300 -0.02460
v 0.01417 0.02300 -0.02174
v 0.01268 0.02300 -0.02440
v -0.00590 0.02300 -0.02686
v -0.00184 0.02300 -0.02069
v 0.00207 0.02300 -0.02336
v -0.00976 0.02300 -0.01637
v -0.00950 0.02300 -0.01777
v -0.01608 0.02300 -0.02279
v -0.01470 0.02300 -0.02324
v -0.00857 0.02300 -0.01885
v -0.00737 0.02300 -0.02649
v 0.00361 0.02300 -0.02726
v 0.00469 0.02300 -0.02514
v 0.00658 0.02300 -0.02670
v 0.00658 0.02300 -0.02236
v 0.01065 0.02300 -0.02535
v 0.02023 0.02300 -0.01862
v 0.02728 0.02300 -0.00349
v 0.02687 0.02300 -0.00587
v 0.02550 0.02300 -0.00512
v 0.02653 0.02300 -0.00723
v 0.02476 0.02300 -0.00620
v 0.02537 0.02300 -0.01062
v 0.02086 0.02300 -0.01192
v 0.02014 0.02300 0.00066
v 0.02061 0.02300 0.00200
v 0.02628 0.02300 0.00810
v 0.02034 0.02300 0.00340
v 0.02195 0.02300 0.01657
v 0.01941 0.02300 0.00448
v 0.01730 0.02300 0.01058
v 0.01701 0.02300 0.01211
v 0.01600 0.02300 0.01328
v 0.01499 0.02300 0.02306
v 0.01453 0.02300 0.01380
v 0.01431 0.02300 0.00780
v 0.01561 0.02300 0.00810
v 0.01679 0.02300 0.00911
v 0.01301 0.02300 0.01351
v 0.01196 0.02300 0.01267
v 0.00697 0.02300 0.01023
v 0.01139 0.02300 0.01147
v 0.01139 0.02300 0.01014
v 0.00540 0.02300 0.01130
v 0.00681 0.02300 0.01383
v 0.00976 0.02300 0.01637
v 0.00929 0.02300 0.01503
v 0.00821 0.02300 0.01410
v 0.00950 0.02300 0.01777
v 0.00857 0.02300 0.01885
v 0.00734 0.02300 0.02650
v 0.00722 0.02300 0.01932
v 0.00583 0.02300 0.01905
v 0.00475 0.02300 0.01812
v 0.00428 0.02300 0.01678
v -0.00032 0.02300 0.01520
v 0.00454 0.02300 0.01538
v 0.00547 0.02300 0.01430
v 0.00624 0.02300 0.02678
v 0.00053 0.02300 0.01766
v 0.00006 0.02300 0.01632
v 0.00027 0.02300 0.01906
v -0.00066 0.02300 0.02014
v -0.00326 0.02300 0.02731
v -0.00200 0.02300 0.02061
v -0.00340 0.02300 0.02034
v -0.01237 0.02300 0.02456
v -0.00448 0.02300 0.01941
v -0.01327 0.02300 0.02409
v -0.00495 0.02300 0.01807
v -0.01531 0.02300 0.02285
v -0.00469 0.02300 0.01667
v -0.02160 0.02300 0.01702
v -0.01332 0.02300 0.01317
v -0.01239 0.02300 0.01209
v -0.00837 0.02300 0.01556
v -0.00930 0.02300 0.01664
v -0.00539 0.02300 0.01435
v -0.01644 0.02300 0.02205
v -0.00465 0.02300 0.01543
v -0.00376 0.02300 0.01559
v -0.01105 0.02300 0.01162
v -0.00965 0.02300 0.01189
v -0.00929 0.02300 0.00863
v -0.00857 0.02300 0.01282
v -0.00810 0.02300 0.01416
v -0.01064 0.02300 0.01711
v -0.01204 0.02300 0.01684
v -0.02000 0.02300 0.01888
v -0.01312 0.02300 0.01591
v -0.01359 0.02300 0.01457
v -0.01028 0.02300 0.00717
v -0.01381 0.02300 0.00829
v -0.01482 0.02300 0.00947
v -0.01673 0.02300 0.00400
v -0.01521 0.02300 0.00429
v -0.01533 0.02300 -0.00023
v -0.01403 0.02300 0.00530
v -0.01352 0.02300 0.00677
v -0.02265 0.02300 0.01559
v -0.01820 0.02300 0.00451
v -0.02653 0.02300 0.00723
v -0.01921 0.02300 0.00569
v -0.01629 0.02300 0.00998
v -0.01781 0.02300 0.00969
v -0.02523 0.02300 0.01094
v -0.01899 0.02300 0.00868
v -0.01950 0.02300 0.00722
v -0.01539 0.02300 -0.00102
v -0.01631 0.02300 0.00006
v -0.01766 0.02300 0.00053
v -0.02683 0.02300 0.00603
v -0.01906 0.02300 0.00027
v -0.02014 0.02300 -0.00066
v -0.02745 0.02300 0.00169
v -0.02061 0.02300 -0.00200
v -0.02749 0.02300 0.00075
v -0.02034 0.02300 -0.00340
v -0.01941 0.02300 -0.00448
v -0.01867 0.02300 -0.00514
v -0.02057 0.02300 -0.00792
v -0.02638 0.02300 -0.00777
v -0.02701 0.02300 -0.01737
v -0.02695 0.02300 -0.01054
v -0.02632 0.02300 -0.00922
v -0.03113 0.02300 -0.02350
v -0.03530 0.02300 -0.01657
v -0.03491 0.02300 -0.01432
v -0.03535 0.02300 -0.01499
v -0.03549 0.02300 -0.01579
v -0.02449 0.02300 -0.02989
v -0.02351 0.02300 -0.02974
v -0.02272 0.02300 -0.02913
v -0.01591 0.02300 -0.01312
v -0.01457 0.02300 -0.01359
v -0.01178 0.02300 -0.01391
v -0.01561 0.02300 -0.00723
v -0.01664 0.02300 -0.00930
v -0.01750 0.02300 -0.01001
v -0.01711 0.02300 -0.01064
v -0.01684 0.02300 -0.01204
v -0.01189 0.02300 -0.00965
v -0.01282 0.02300 -0.00857
v -0.01291 0.02300 -0.00328
v -0.01416 0.02300 -0.00810
v -0.01556 0.02300 -0.00837
v -0.01317 0.02300 -0.01332
v -0.01209 0.02300 -0.01239
v -0.00989 0.02300 -0.01113
v 0.01932 0.02300 -0.00702
v 0.01905 0.02300 -0.00821
v 0.01829 0.02300 -0.00917
v 0.01719 0.02300 -0.00970
v 0.01986 0.02300 -0.01338
v 0.01498 0.02300 -0.01005
v 0.01596 0.02300 -0.00970
v 0.01678 0.02300 -0.00428
v 0.01538 0.02300 -0.00454
v 0.01430 0.02300 -0.00547
v 0.01336 0.02300 -0.00681
v 0.01383 0.02300 -0.00681
v 0.01236 0.02300 -0.00827
v 0.01410 0.02300 -0.00821
v 0.01486 0.02300 -0.00917
v 0.00424 0.02300 -0.01559
v 0.00309 0.02300 -0.01493
v 0.00275 0.02300 -0.01395
v 0.00397 0.02300 -0.02058
v 0.00468 0.02300 -0.01948
v 0.00667 0.02300 -0.01662
v 0.00519 0.02300 -0.01802
v 0.00499 0.02300 -0.01670
v -0.00079 0.02300 -0.01757
v -0.00050 0.02300 -0.01910
v 0.00051 0.02300 -0.02027
v 0.00198 0.02300 -0.02079
v 0.00350 0.02300 -0.02050
v 0.00175 0.02300 -0.01483
v 0.00051 0.02300 -0.01532
v -0.00040 0.02300 -0.01629
v -0.00105 0.02300 -0.01715
v -0.00295 0.02300 -0.01993
v 0.01539 0.02300 0.00102
v 0.01334 0.02300 0.00158
v 0.01512 0.02300 0.00242
v 0.01408 0.02300 0.00267
v 0.01534 0.02300 0.00452
v 0.01807 0.02300 0.00495
v 0.01667 0.02300 0.00469
v 0.01559 0.02300 0.00376
v 0.02187 0.02300 0.00007
v 0.02061 0.02300 -0.00178
v 0.01906 0.02300 -0.00027
v 0.00930 0.02300 -0.01664
v 0.01064 0.02300 -0.01711
v 0.00993 0.02300 -0.01745
v 0.01482 0.02300 -0.02078
v 0.00928 0.02300 -0.01841
v 0.01204 0.02300 -0.01684
v 0.01312 0.02300 -0.01591
v 0.01359 0.02300 -0.01457
v 0.00732 0.02300 -0.01567
v 0.00810 0.02300 -0.01416
v 0.00837 0.02300 -0.01556
v 0.00930 0.02300 -0.01209
v 0.00846 0.02300 -0.01299
v 0.00340 0.02300 -0.01300
v 0.01044 0.02300 -0.01165
v 0.00845 0.02300 -0.00560
v 0.01341 0.02300 -0.01336
v 0.01272 0.02300 -0.01235
v 0.01166 0.02300 -0.01174
v -0.01807 0.02300 -0.00495
v -0.01667 0.02300 -0.00469
v -0.01669 0.02300 -0.00649
v -0.01559 0.02300 -0.00376
v -0.01399 0.02300 -0.00254
v 0.00412 0.02300 -0.00856
v 0.00785 0.02300 -0.00535
v -0.00535 0.02300 -0.00785
v -0.01162 0.02300 -0.01105
v -0.00719 0.02300 -0.00718
v -0.00856 0.02300 -0.00412
v -0.01226 0.02300 -0.00232
v -0.00947 0.02300 0.00071
v -0.01334 0.02300 -0.00158
v -0.00830 0.02300 0.00582
v -0.00785 0.02300 0.00535
v -0.00777 0.02300 0.00547
v -0.00730 0.02300 0.00728
v -0.00656 0.02300 0.00687
v 0.00856 0.02300 0.00412
v 0.00535 0.02300 0.00785
v 0.00571 0.02300 0.00837
v 0.00360 0.02300 0.00879
v -0.00929 0.02300 -0.01503
v -0.01021 0.02300 -0.01498
v -0.00821 0.02300 -0.01410
v -0.00832 0.02300 -0.01220
v -0.00681 0.02300 -0.01383
v -0.00547 0.02300 -0.01430
v -0.00722 0.02300 -0.01932
v -0.00582 0.02300 -0.01905
v -0.00475 0.02300 -0.01812
v -0.00428 0.02300 -0.01678
v -0.00454 0.02300 -0.01538
v 0.00414 0.02300 0.00944
v -0.00158 0.02300 0.01334
v -0.00102 0.02300 0.01539
v 0.00071 0.02300 0.00947
v -0.00232 0.02300 0.01226
v -0.00412 0.02300 0.00856
v -0.00608 0.02300 0.00730
v 0.01297 0.02300 0.00342
v 0.01223 0.02300 0.00234
v 0.00947 0.02300 -0.00071
v 0.00906 0.02300 -0.00287
v -0.00241 0.02300 0.01512
v -0.00266 0.02300 0.01408
v -0.00340 0.02300 0.01300
v 0.00793 0.02300 -0.00523
v 0.00879 0.02300 -0.00360
v 0.00944 0.02300 -0.00414
v -0.01512 0.02300 -0.00241
v -0.00562 0.02300 -0.00825
v -0.01859 0.02300 -0.00928
v -0.02503 0.02300 -0.01873
v -0.00821 0.01850 -0.01410
v -0.00929 0.01850 -0.01503
v -0.00976 0.01850 -0.01637
v -0.00950 0.01850 -0.01777
v -0.00857 0.01850 -0.01885
v -0.00722 0.01850 -0.01932
v -0.00582 0.01850 -0.01905
v -0.00475 0.01850 -0.01812
v -0.00428 0.01850 -0.01678
v -0.00454 0.01850 -0.01538
v -0.00547 0.01850 -0.01430
v -0.00681 0.01850 -0.01383
v -0.00897 0.01850 -0.01252
v -0.01074 0.01850 -0.01404
v -0.01151 0.01850 -0.01624
v -0.01107 0.01850 -0.01853
v -0.00955 0.01850 -0.02029
v -0.00735 0.01850 -0.02106
v -0.00507 0.01850 -0.02063
v -0.00330 0.01850 -0.01911
v -0.00253 0.01850 -0.01691
v -0.00296 0.01850 -0.01462
v -0.00448 0.01850 -0.01286
v -0.00668 0.01850 -0.01209
v -0.01359 0.01850 0.01457
v -0.01332 0.01850 0.01317
v -0.01239 0.01850 0.01209
v -0.01105 0.01850 0.01162
v -0.00965 0.01850 0.01189
v -0.00857 0.01850 0.01282
v -0.00810 0.01850 0.01416
v -0.00837 0.01850 0.01556
v -0.00930 0.01850 0.01664
v -0.01064 0.01850 0.01711
v -0.01204 0.01850 0.01684
v -0.01312 0.01850 0.01591
v -0.01490 0.01850 0.01241
v -0.01338 0.01850 0.01065
v -0.01118 0.01850 0.00988
v -0.00889 0.01850 0.01031
v -0.00713 0.01850 0.01183
v -0.00636 0.01850 0.01403
v -0.00679 0.01850 0.01632
v -0.00831 0.01850 0.01808
v -0.01051 0.01850 0.01885
v -0.01280 0.01850 0.01842
v -0.01456 0.01850 0.01690
v -0.01533 0.01850 0.01470
v 0.00810 0.01850 -0.01416
v 0.00837 0.01850 -0.01556
v 0.00930 0.01850 -0.01664
v 0.01064 0.01850 -0.01711
v 0.01204 0.01850 -0.01684
v 0.01312 0.01850 -0.01591
v 0.01359 0.01850 -0.01457
v 0.01341 0.01850 -0.01336
v 0.01272 0.01850 -0.01235
v 0.01166 0.01850 -0.01174
v 0.01044 0.01850 -0.01165
v 0.00930 0.01850 -0.01209
v 0.00846 0.01850 -0.01299
v 0.01118 0.01850 -0.00988
v 0.01338 0.01850 -0.01065
v 0.01490 0.01850 -0.01241
v 0.01533 0.01850 -0.01470
v 0.01456 0.01850 -0.01690
v 0.01280 0.01850 -0.01842
v 0.01051 0.01850 -0.01885
v 0.00831 0.01850 -0.01808
v 0.00679 0.01850 -0.01632
v 0.00636 0.01850 -0.01403
v 0.00713 0.01850 -0.01183
v 0.00889 0.01850 -0.01031
v 0.00583 0.01850 0.01905
v 0.00475 0.01850 0.01812
v 0.00428 0.01850 0.01678
v 0.00454 0.01850 0.01538
v 0.00547 0.01850 0.01430
v 0.00681 0.01850 0.01383
v 0.00821 0.01850 0.01410
v 0.00929 0.01850 0.01503
v 0.00976 0.01850 0.01637
v 0.00950 0.01850 0.01777
v 0.00857 0.01850 0.01885
v 0.00722 0.01850 0.01932
v 0.00253 0.01850 0.01691
v 0.00297 0.01850 0.01462
v 0.00448 0.01850 0.01286
v 0.00668 0.01850 0.01209
v 0.00897 0.01850 0.01252
v 0.01074 0.01850 0.01404
v 0.01151 0.01850 0.01624
v 0.01107 0.01850 0.01853
v 0.00955 0.01850 0.02029
v 0.00736 0.01850 0.02106
v 0.00507 0.01850 0.02063
v 0.00330 0.01850 0.01911
v 0.01941 0.01850 0.00448
v 0.01807 0.01850 0.00495
v 0.01667 0.01850 0.00469
v 0.01559 0.01850 0.00376
v 0.01512 0.01850 0.00242
v 0.01539 0.01850 0.00102
v 0.01632 0.01850 -0.00006
v 0.01766 0.01850 -0.00053
v 0.01906 0.01850 -0.00027
v 0.02014 0.01850 0.00066
v 0.02061 0.01850 0.00200
v 0.02034 0.01850 0.00340
v 0.01533 0.01850 -0.00151
v 0.01753 0.01850 -0.00228
v 0.01982 0.01850 -0.00184
v 0.02158 0.01850 -0.00032
v 0.02235 0.01850 0.00187
v 0.02192 0.01850 0.00416
v 0.02040 0.01850 0.00593
v 0.01820 0.01850 0.00670
v 0.01591 0.01850 0.00626
v 0.01415 0.01850 0.00474
v 0.01338 0.01850 0.00255
v 0.01381 0.01850 0.00026
v -0.01334 0.00050 -0.05800
v -0.01334 0.00850 -0.05800
v -0.01396 0.00055 -0.05786
v -0.01530 0.00105 -0.05751
v -0.01620 0.00181 -0.05725
v -0.01694 0.00306 -0.05702
v -0.01700 0.00577 -0.05700
v -0.01707 0.00552 -0.05698
v -0.01720 0.00450 -0.05694
v -0.01709 0.00355 -0.05698
v -0.01588 0.00752 -0.05734
v -0.01616 0.00724 -0.05726
v -0.01632 0.00705 -0.05721
v -0.01466 0.00826 -0.05768
v -0.01054 0.00731 -0.05856
v -0.01094 0.00767 -0.05849
v -0.01222 0.00833 -0.05825
v -0.00941 0.00470 -0.05873
v -0.00953 0.00552 -0.05871
v -0.00973 0.00609 -0.05869
v -0.00940 0.00443 -0.05873
v -0.00951 0.00355 -0.05872
v -0.00970 0.00299 -0.05869
v -0.01047 0.00177 -0.05857
v -0.01070 0.00154 -0.05853
v -0.01194 0.00076 -0.05830
v -0.00894 0.00364 -0.05629
v -0.00894 0.00540 -0.05629
v -0.00897 0.00552 -0.05629
v -0.00971 0.00700 -0.05617
v -0.00992 0.00724 -0.05613
v -0.01108 0.00811 -0.05591
v -0.01277 0.00850 -0.05555
v -0.00969 0.00203 -0.05617
v -0.00987 0.00182 -0.05614
v -0.01105 0.00091 -0.05592
v -0.01274 0.00050 -0.05556
v -0.01277 0.00050 -0.05555
v -0.01565 0.00182 -0.05481
v -0.01580 0.00200 -0.05477
v -0.01445 0.00089 -0.05514
v -0.01654 0.00360 -0.05455
v -0.01655 0.00537 -0.05454
v -0.01582 0.00698 -0.05476
v -0.01560 0.00724 -0.05482
v -0.01448 0.00809 -0.05513
v -0.01400 0.00830 -0.05525
v -0.01280 0.00850 -0.05554
v -0.00244 0.01187 0.05695
v -0.00174 0.00942 0.05722
v -0.00192 0.00954 0.05719
v -0.00220 0.01005 0.05709
v 0.00300 0.00792 0.05781
v 0.00358 0.00777 0.05788
v 0.00761 0.00693 0.05838
v 0.00868 0.00676 0.05851
v 0.08700 0.00626 0.06819
v 0.01560 0.00626 0.05936
v 0.00935 0.00667 0.05859
v 0.08827 0.00687 0.06774
v 0.08863 0.00755 0.06709
v 0.08854 0.00730 0.06734
v 0.08747 0.00632 0.06818
v 0.08762 0.00638 0.06814
v 0.08799 0.00660 0.06797
v 0.02427 0.00972 0.05694
v 0.02862 0.01193 0.05526
v 0.02066 0.01415 0.05422
v 0.02185 0.01216 0.05502
v 0.00713 0.00860 0.05756
v -0.00090 0.00939 0.05726
v 0.00655 0.01087 0.05690
v 0.01216 0.00785 0.05790
v 0.01643 0.00951 0.05685
v 0.00297 0.01271 0.05692
v 0.00589 0.01343 0.05670
v 0.00688 0.01372 0.05658
v 0.01060 0.01216 0.05629
v 0.00787 0.01402 0.05645
v 0.00858 0.01426 0.05635
v 0.01452 0.01374 0.05541
v 0.00002 0.01217 0.05700
v -0.00121 0.01201 0.05699
v 0.01137 0.00993 0.05688
v 0.01545 0.01155 0.05591
v 0.05100 0.00936 -0.02545
v 0.05210 0.00999 -0.02313
v 0.05306 0.01100 -0.02083
v 0.05476 0.01421 -0.01582
v 0.04988 0.00916 -0.02759
v 0.05542 0.01239 -0.01479
v 0.05583 0.01362 -0.01315
v 0.05693 0.01050 -0.01396
v 0.05732 0.01175 -0.01225
v 0.05769 0.01316 -0.01038
v 0.05154 0.00765 -0.02491
v 0.05640 0.00626 -0.01930
v 0.05513 0.00695 -0.01981
v 0.05382 0.00660 -0.02195
v 0.05759 0.00757 -0.01655
v 0.05368 0.00901 -0.02017
v 0.05266 0.00792 -0.02271
v 0.08888 0.01450 0.06444
v 0.22015 0.00626 0.08466
v 0.22127 0.00735 0.08370
v 0.22121 0.00703 0.08402
v 0.19547 0.00724 0.08062
v 0.19543 0.00755 0.08030
v 0.22126 0.00750 0.08355
v 0.22112 0.00789 0.08313
v 0.22066 0.00639 0.08459
v 0.22031 0.00627 0.08467
v 0.22094 0.00660 0.08441
v 0.22105 0.00674 0.08429
v 0.19674 0.00626 0.08177
v 0.19562 0.00686 0.08102
v 0.19628 0.00633 0.08164
v 0.19615 0.00638 0.08157
v 0.19581 0.00663 0.08127
v 0.00756 0.01450 -0.05223
v 0.00675 0.01450 -0.05195
v 0.00591 0.01450 -0.05210
v 0.00526 0.01450 -0.05266
v 0.00498 0.01450 -0.05347
v 0.00514 0.01450 -0.05431
v 0.00570 0.01450 -0.05495
v 0.00651 0.01450 -0.05524
v 0.00734 0.01450 -0.05508
v 0.00799 0.01450 -0.05452
v 0.00827 0.01450 -0.05371
v 0.00811 0.01450 -0.05288
v 0.19336 0.00774 0.01662
v 0.19311 0.00790 0.01684
v 0.19522 0.01078 0.01935
v 0.19469 0.01090 0.01958
v 0.19410 0.01083 0.01962
v 0.19390 0.01075 0.01959
v 0.19274 0.00951 0.01855
v 0.19281 0.00968 0.01871
v 0.19318 0.01024 0.01921
v 0.19345 0.01049 0.01941
v 0.19296 0.00805 0.01702
v 0.19268 0.00862 0.01766
v 0.19548 0.01061 0.01913
v 0.19390 0.00761 0.01639
v 0.19449 0.00769 0.01634
v 0.19514 0.00803 0.01656
v 0.19468 0.00776 0.01638
v 0.19563 0.01046 0.01895
v 0.19591 0.00989 0.01831
v 0.19585 0.00900 0.01741
v 0.19578 0.00884 0.01726
v 0.19540 0.00827 0.01676
v 0.08692 0.00864 0.00446
v 0.08878 0.00987 0.00719
v 0.08829 0.01033 0.00741
v 0.08787 0.01061 0.00747
v 0.08722 0.01087 0.00735
v 0.08748 0.01080 0.00743
v 0.08636 0.01068 0.00654
v 0.08673 0.01089 0.00704
v 0.08622 0.00996 0.00558
v 0.08619 0.01017 0.00582
v 0.08629 0.01059 0.00638
v 0.08653 0.00917 0.00484
v 0.08822 0.00772 0.00422
v 0.08740 0.00819 0.00424
v 0.08782 0.00790 0.00418
v 0.08934 0.00784 0.00511
v 0.08896 0.00763 0.00461
v 0.08848 0.00764 0.00430
v 0.08917 0.00934 0.00681
v 0.08948 0.00855 0.00607
v 0.08950 0.00834 0.00583
v 0.08940 0.00793 0.00527
v -0.04880 0.01450 0.02242
v -0.04960 0.01450 0.02270
v -0.05044 0.01450 0.02254
v -0.05109 0.01450 0.02199
v -0.05137 0.01450 0.02118
v -0.05121 0.01450 0.02034
v -0.05065 0.01450 0.01969
v -0.04985 0.01450 0.01941
v -0.04901 0.01450 0.01957
v -0.04836 0.01450 0.02013
v -0.04808 0.01450 0.02093
v -0.04824 0.01450 0.02177
v -0.00570 0.01450 0.05496
v -0.00650 0.01450 0.05524
v -0.00734 0.01450 0.05508
v -0.00799 0.01450 0.05452
v -0.00827 0.01450 0.05372
v -0.00811 0.01450 0.05288
v -0.00756 0.01450 0.05223
v -0.00675 0.01450 0.05195
v -0.00591 0.01450 0.05211
v -0.00526 0.01450 0.05266
v -0.00498 0.01450 0.05347
v -0.00514 0.01450 0.05431
v 0.09169 0.01050 0.06450
v 0.09297 0.00771 0.06747
v 0.09355 0.00802 0.06723
v 0.09180 0.00773 0.06731
v 0.09223 0.00762 0.06747
v 0.09236 0.00761 0.06750
v 0.09129 0.00812 0.06684
v 0.09151 0.00790 0.06709
v 0.09130 0.01008 0.06488
v 0.09098 0.00928 0.06564
v 0.09096 0.00899 0.06593
v 0.09106 0.00852 0.06642
v 0.09226 0.01081 0.06426
v 0.09287 0.01091 0.06424
v 0.09300 0.01090 0.06426
v 0.09343 0.01079 0.06442
v 0.09372 0.01061 0.06464
v 0.09425 0.00923 0.06609
v 0.09427 0.00953 0.06580
v 0.09418 0.01000 0.06531
v 0.09394 0.01039 0.06489
v 0.09393 0.00844 0.06685
v 0.19279 0.00802 0.07950
v 0.19218 0.00769 0.07976
v 0.19106 0.00773 0.07958
v 0.19148 0.00762 0.07974
v 0.19161 0.00761 0.07977
v 0.19052 0.00813 0.07911
v 0.19075 0.00791 0.07937
v 0.19023 0.00929 0.07790
v 0.19021 0.00906 0.07813
v 0.19031 0.00852 0.07869
v 0.19093 0.01050 0.07678
v 0.19053 0.01007 0.07716
v 0.19053 0.00950 0.07716
v 0.19027 0.00950 0.07770
v 0.19192 0.00950 0.07790
v 0.19350 0.00923 0.07837
v 0.19297 0.01061 0.07691
v 0.19319 0.01039 0.07716
v 0.19342 0.01000 0.07759
v 0.19351 0.00953 0.07807
v 0.19318 0.00844 0.07913
v 0.19267 0.01079 0.07670
v 0.19224 0.01090 0.07653
v 0.19211 0.01091 0.07651
v 0.19150 0.01081 0.07653
v -0.04217 0.01450 -0.03117
v -0.04297 0.01450 -0.03089
v -0.04381 0.01450 -0.03105
v -0.04446 0.01450 -0.03161
v -0.04474 0.01450 -0.03241
v -0.04458 0.01450 -0.03325
v -0.04403 0.01450 -0.03390
v -0.04322 0.01450 -0.03418
v -0.04238 0.01450 -0.03402
v -0.04173 0.01450 -0.03346
v -0.04145 0.01450 -0.03266
v -0.04161 0.01450 -0.03182
v 0.12481 0.01450 0.04960
v 0.09964 0.01450 0.06145
v 0.12522 0.01450 0.04937
v 0.12622 0.01450 0.04822
v 0.12652 0.01450 0.04673
v 0.12606 0.01450 0.04528
v 0.12495 0.01450 0.04424
v 0.09528 0.01450 0.02833
v 0.09217 0.01450 0.02849
v 0.09316 0.01450 0.02805
v 0.09424 0.01450 0.02799
v 0.09145 0.01450 0.02918
v 0.09095 0.01450 0.03021
v 0.09087 0.01450 0.03120
v 0.09321 0.01450 0.06066
v 0.19307 0.01450 0.02357
v 0.19108 0.01450 0.07276
v 0.17972 0.01450 0.07135
v 0.13990 0.01450 0.05000
v 0.14004 0.01450 0.04464
v 0.17869 0.01450 0.02644
v 0.13841 0.01450 0.04662
v 0.13900 0.01450 0.04544
v 0.13838 0.01450 0.04793
v 0.13891 0.01450 0.04914
v 0.09149 -0.00947 0.00376
v 0.09142 -0.00944 0.00381
v 0.09093 -0.00910 0.00313
v 0.09175 -0.01250 0.00736
v 0.09193 -0.01180 0.00669
v 0.09202 -0.01182 0.00670
v 0.09053 -0.01455 0.00896
v 0.09045 -0.01450 0.00892
v 0.09087 -0.01385 0.00848
v 0.09033 -0.01442 0.00888
v 0.09022 -0.01433 0.00886
v 0.09067 -0.01372 0.00846
v 0.08578 -0.01143 0.00206
v 0.08576 -0.01144 0.00202
v 0.08638 -0.01085 0.00175
v 0.08584 -0.01141 0.00219
v 0.08587 -0.01136 0.00231
v 0.08643 -0.01081 0.00194
v 0.08587 -0.01127 0.00247
v 0.08587 -0.01127 0.00246
v 0.08641 -0.01062 0.00227
v 0.08711 -0.01007 0.00201
v 0.08581 -0.01109 0.00266
v 0.08585 -0.01119 0.00257
v 0.08586 -0.01121 0.00254
v 0.09074 -0.00874 0.00342
v 0.09043 -0.00850 0.00310
v 0.09011 -0.00858 0.00282
v 0.08981 -0.00845 0.00263
v 0.08935 -0.00864 0.00238
v 0.08862 -0.00873 0.00216
v 0.08854 -0.00891 0.00213
v 0.08828 -0.00889 0.00210
v 0.08775 -0.00934 0.00206
v 0.08694 -0.00977 0.00219
v 0.08701 -0.00988 0.00215
v 0.08657 -0.01008 0.00230
v 0.08634 -0.01049 0.00237
v 0.08574 -0.01097 0.00273
v 0.08580 -0.01107 0.00267
v 0.09076 -0.00862 0.00346
v 0.09120 -0.00910 0.00411
v 0.09121 -0.00898 0.00416
v 0.09148 -0.00959 0.00482
v 0.09146 -0.00941 0.00481
v 0.09160 -0.01017 0.00554
v 0.09159 -0.01005 0.00562
v 0.09160 -0.01080 0.00622
v 0.09157 -0.01069 0.00631
v 0.09147 -0.01119 0.00680
v 0.09147 -0.01147 0.00687
v 0.09142 -0.01136 0.00696
v 0.09012 -0.01424 0.00886
v 0.09008 -0.01419 0.00887
v 0.09052 -0.01357 0.00849
v 0.08996 -0.01404 0.00893
v 0.09084 -0.01274 0.00809
v 0.09106 -0.01230 0.00776
v 0.09124 -0.01217 0.00747
v 0.09092 -0.01287 0.00801
v 0.09127 -0.01328 0.00804
v 0.09094 -0.01439 0.00896
v 0.09110 -0.01395 0.00857
v 0.09075 -0.01463 0.00912
v 0.09214 -0.01183 0.00672
v 0.09170 -0.01325 0.00810
v 0.09210 -0.01241 0.00735
v 0.09224 -0.01183 0.00675
v 0.09229 -0.01182 0.00678
v 0.09231 -0.01174 0.00670
v 0.09242 -0.01047 0.00524
v 0.09238 -0.01140 0.00633
v 0.09193 -0.00937 0.00359
v 0.09131 -0.00907 0.00283
v 0.09115 -0.00892 0.00252
v 0.09058 -0.00891 0.00216
v 0.08990 -0.00887 0.00163
v 0.08973 -0.00897 0.00166
v 0.08881 -0.00918 0.00127
v 0.08571 -0.01144 0.00193
v 0.08563 -0.01142 0.00184
v 0.08629 -0.01083 0.00158
v 0.08629 -0.01077 0.00151
v 0.08708 -0.01022 0.00140
v 0.08702 -0.01018 0.00128
v 0.08793 -0.00969 0.00136
v 0.08742 -0.00991 0.00122
v 0.08829 -0.00941 0.00120
v 0.09199 -0.01112 0.00599
v 0.09194 -0.01049 0.00527
v 0.09203 -0.01051 0.00524
v 0.09175 -0.00992 0.00453
v 0.09210 -0.00993 0.00443
v 0.09223 -0.01052 0.00522
v 0.09202 -0.00995 0.00444
v 0.09213 -0.01052 0.00523
v 0.09193 -0.00995 0.00446
v 0.09161 -0.01340 0.00822
v 0.09228 -0.00992 0.00448
v 0.08715 -0.01017 0.00186
v 0.08715 -0.01021 0.00176
v 0.08791 -0.00964 0.00181
v 0.08793 -0.00968 0.00172
v 0.08870 -0.00922 0.00191
v 0.08867 -0.00917 0.00198
v 0.08864 -0.00911 0.00203
v 0.08788 -0.00959 0.00188
v 0.08785 -0.00953 0.00195
v 0.08713 -0.01012 0.00194
v 0.08587 -0.01133 0.00238
v 0.09125 -0.01313 0.00794
v 0.09154 -0.01242 0.00735
v 0.09173 -0.01172 0.00671
v 0.09181 -0.01104 0.00604
v 0.09178 -0.01041 0.00534
v 0.09161 -0.00983 0.00463
v 0.09130 -0.00935 0.00392
v 0.09082 -0.00901 0.00325
v 0.09029 -0.00895 0.00255
v 0.09020 -0.00885 0.00268
v 0.08954 -0.00901 0.00211
v 0.08946 -0.00891 0.00224
v 0.08873 -0.00926 0.00183
v 0.08861 -0.00904 0.00208
v 0.08782 -0.00947 0.00200
v 0.08708 -0.01001 0.00207
v 0.09122 -0.00923 0.00402
v 0.09076 -0.00888 0.00335
v 0.09014 -0.00872 0.00277
v 0.08940 -0.00878 0.00233
v 0.09106 -0.01301 0.00795
v 0.09136 -0.01230 0.00739
v 0.09157 -0.01160 0.00678
v 0.09167 -0.01093 0.00613
v 0.09166 -0.01029 0.00544
v 0.09152 -0.00972 0.00473
v 0.08713 -0.01024 0.00157
v 0.08794 -0.00971 0.00154
v 0.09165 -0.00948 0.00367
v 0.09157 -0.00948 0.00371
v 0.09106 -0.00914 0.00301
v 0.08878 -0.00930 0.00166
v 0.08881 -0.00928 0.00148
v 0.08962 -0.00904 0.00195
v 0.08968 -0.00903 0.00179
v 0.09039 -0.00899 0.00241
v 0.09050 -0.00897 0.00227
v 0.09119 -0.00913 0.00291
v 0.09173 -0.00946 0.00364
v 0.09209 -0.00958 0.00395
v 0.08463 -0.01267 0.00268
v 0.08459 -0.01278 0.00396
v 0.08424 -0.01378 0.00481
v 0.08427 -0.01382 0.00463
v 0.08570 -0.01724 0.00904
v 0.08561 -0.01750 0.00917
v 0.08471 -0.01750 0.00854
v 0.08495 -0.01679 0.00824
v 0.08490 -0.01649 0.00814
v 0.08532 -0.01666 0.00860
v 0.08439 -0.01628 0.00734
v 0.08424 -0.01568 0.00686
v 0.08436 -0.01594 0.00720
v 0.08412 -0.01556 0.00639
v 0.08409 -0.01472 0.00548
v 0.08410 -0.01458 0.00559
v 0.08516 -0.01194 0.00320
v 0.08519 -0.01205 0.00309
v 0.08510 -0.01185 0.00327
v 0.08519 -0.01215 0.00296
v 0.08516 -0.01223 0.00282
v 0.08510 -0.01229 0.00268
v 0.08387 -0.01687 0.00723
v 0.08366 -0.01646 0.00659
v 0.08370 -0.01604 0.00612
v 0.08357 -0.01610 0.00609
v 0.08379 -0.01512 0.00512
v 0.08354 -0.01551 0.00536
v 0.08357 -0.01521 0.00502
v 0.08467 -0.01730 0.00830
v 0.08447 -0.01740 0.00825
v 0.08394 -0.01696 0.00738
v 0.08425 -0.01394 0.00451
v 0.08460 -0.01278 0.00396
v 0.08463 -0.01288 0.00386
v 0.08464 -0.01300 0.00375
v 0.08462 -0.01310 0.00361
v 0.08410 -0.01670 0.00723
v 0.08389 -0.01590 0.00619
v 0.08394 -0.01501 0.00524
v 0.08408 -0.01416 0.00424
v 0.08394 -0.01423 0.00412
v 0.08381 -0.01428 0.00406
v 0.08391 -0.01401 0.00381
v 0.08576 -0.01671 0.00894
v 0.08483 -0.01705 0.00825
v 0.08425 -0.01329 0.00317
v 0.08445 -0.01325 0.00333
v 0.08455 -0.01319 0.00347
v 0.08419 -0.01406 0.00437
v 0.08404 -0.01487 0.00536
v 0.08403 -0.01574 0.00629
v 0.08427 -0.01650 0.00727
v 0.08654 -0.01750 0.00976
v 0.08700 -0.01720 0.00974
v 0.08827 -0.01676 0.01003
v 0.08848 -0.01663 0.01002
v 0.08834 -0.01644 0.00978
v 0.08864 -0.01653 0.01000
v 0.08945 -0.01546 0.00944
v 0.08974 -0.01567 0.00971
v 0.09047 -0.01495 0.00932
v 0.08907 -0.01501 0.00937
v 0.08748 -0.01619 0.00956
v 0.08818 -0.01575 0.00956
v 0.08817 -0.01616 0.00962
v 0.08924 -0.01524 0.00936
v 0.08685 -0.01648 0.00944
v 0.08694 -0.01685 0.00953
v 0.08624 -0.01666 0.00921
v 0.05651 -0.01750 -0.01032
v 0.11165 -0.01750 0.02656
v 0.11721 -0.00750 0.01825
v 0.06207 -0.00750 -0.01863
v 0.20805 -0.01750 0.01886
v 0.21234 -0.01750 0.01644
v 0.20821 -0.01750 0.02337
v 0.21446 -0.01750 0.01495
v 0.21632 -0.01750 0.01369
v 0.21510 -0.01750 0.01449
v 0.21843 -0.01750 0.01192
v -0.00504 -0.01750 0.04976
v 0.12102 -0.01750 0.03118
v 0.13127 -0.01750 0.03322
v 0.09254 -0.01750 0.06182
v 0.09202 -0.01750 0.06176
v -0.04054 -0.01750 -0.02927
v -0.03989 -0.01750 -0.03011
v 0.04930 -0.01750 -0.01650
v 0.20165 -0.01750 0.04748
v 0.20318 -0.01750 0.03495
v 0.14170 -0.01750 0.03254
v 0.19400 -0.01750 0.02212
v 0.21464 -0.01750 0.07893
v 0.21036 -0.01750 0.07690
v 0.20928 -0.01750 0.07128
v 0.20667 -0.01750 0.07594
v 0.19344 -0.01750 0.07430
v 0.20374 -0.01750 0.05994
v 0.19235 -0.01750 0.07415
v 0.19178 -0.01750 0.07409
v 0.19508 -0.01750 0.02192
v 0.19615 -0.01750 0.02169
v 0.20461 -0.01750 0.02001
v -0.04562 -0.01750 0.02047
v -0.04603 -0.01750 0.01949
v 0.19126 -0.01750 0.07403
v 0.09420 -0.01750 0.06203
v 0.09311 -0.01750 0.06188
v -0.04419 -0.01750 0.02339
v 0.21685 -0.01750 0.08024
v 0.21782 -0.01750 0.08059
v 0.22104 -0.01750 0.08298
v -0.01777 -0.01750 0.04674
v -0.00719 -0.01750 0.04948
v -0.00613 -0.01750 0.04961
v -0.03956 -0.01750 -0.03056
v -0.03926 -0.01750 -0.03097
v -0.03778 -0.01750 -0.03276
v -0.02838 -0.01750 0.04117
v -0.03736 -0.01750 0.03323
v 0.00719 -0.01750 -0.04948
v 0.04375 -0.01750 -0.02421
v 0.00614 -0.01750 -0.04960
v 0.00508 -0.01750 -0.04974
v -0.00677 -0.01750 -0.04954
v 0.01690 -0.01750 -0.04706
v 0.02761 -0.01750 -0.04169
v 0.03673 -0.01750 -0.03392
v -0.04645 -0.01750 0.01851
v -0.04849 -0.01750 0.01220
v -0.05000 -0.01750 0.00032
v -0.04864 -0.01750 -0.01159
v -0.04448 -0.01750 -0.02283
v -0.02890 -0.01750 -0.04080
v -0.01836 -0.01750 -0.04651
v 0.19132 -0.01466 0.02031
v 0.19116 -0.01483 0.02026
v 0.19062 -0.01354 0.01918
v 0.19021 -0.01178 0.01722
v 0.19012 -0.01243 0.01785
v 0.18991 -0.01246 0.01782
v 0.19069 -0.01057 0.01600
v 0.19040 -0.01116 0.01660
v 0.19032 -0.01118 0.01655
v 0.19064 -0.01511 0.02035
v 0.19100 -0.01561 0.02079
v 0.19077 -0.01531 0.02053
v 0.19217 -0.00919 0.01459
v 0.19219 -0.00915 0.01465
v 0.19166 -0.00948 0.01506
v 0.19342 -0.01698 0.02180
v 0.19355 -0.01669 0.02170
v 0.19503 -0.01703 0.02170
v 0.19505 -0.01726 0.02178
v 0.19214 -0.00923 0.01452
v 0.19095 -0.01007 0.01531
v 0.19211 -0.00926 0.01444
v 0.19102 -0.01005 0.01537
v 0.19159 -0.00957 0.01492
v 0.19108 -0.01003 0.01543
v 0.19081 -0.01006 0.01521
v 0.19205 -0.00928 0.01434
v 0.19206 -0.00928 0.01437
v 0.19179 -0.00915 0.01405
v 0.19191 -0.00924 0.01417
v 0.19064 -0.01000 0.01514
v 0.19195 -0.00926 0.01420
v 0.19197 -0.00927 0.01423
v 0.19327 -0.01727 0.02203
v 0.19264 -0.01697 0.02185
v 0.19185 -0.01623 0.02128
v 0.19171 -0.01632 0.02138
v 0.19094 -0.01498 0.02026
v 0.19049 -0.01018 0.01536
v 0.19042 -0.01028 0.01548
v 0.18998 -0.01117 0.01647
v 0.18982 -0.01185 0.01719
v 0.19023 -0.01119 0.01652
v 0.18978 -0.01246 0.01782
v 0.19142 -0.01449 0.02040
v 0.19075 -0.01340 0.01928
v 0.19077 -0.01312 0.01927
v 0.19052 -0.01210 0.01814
v 0.19045 -0.01223 0.01802
v 0.19049 -0.01159 0.01743
v 0.19067 -0.01085 0.01695
v 0.19063 -0.01097 0.01683
v 0.19089 -0.01025 0.01636
v 0.19087 -0.01038 0.01625
v 0.19123 -0.00971 0.01579
v 0.19122 -0.00983 0.01569
v 0.19168 -0.00923 0.01526
v 0.19169 -0.00936 0.01518
v 0.19221 -0.00889 0.01484
v 0.19222 -0.00901 0.01477
v 0.19218 -0.00876 0.01488
v 0.19150 -0.00925 0.01548
v 0.19120 -0.00959 0.01587
v 0.19065 -0.01076 0.01708
v 0.19055 -0.01142 0.01772
v 0.19055 -0.01198 0.01825
v 0.19044 -0.01367 0.01912
v 0.19001 -0.01380 0.01914
v 0.18997 -0.01368 0.01903
v 0.18978 -0.01247 0.01783
v 0.19225 -0.01581 0.02117
v 0.19207 -0.01603 0.02118
v 0.19172 -0.01490 0.02071
v 0.19217 -0.01541 0.02107
v 0.19241 -0.01563 0.02123
v 0.19316 -0.01617 0.02156
v 0.19385 -0.01649 0.02171
v 0.19503 -0.01671 0.02166
v 0.19118 -0.00995 0.01557
v 0.19080 -0.01049 0.01613
v 0.19054 -0.01108 0.01671
v 0.19038 -0.01170 0.01731
v 0.19031 -0.01235 0.01792
v 0.19375 -0.01743 0.02210
v 0.19541 -0.01668 0.02156
v 0.19575 -0.01662 0.02144
v 0.19589 -0.01714 0.02151
v 0.19661 -0.01683 0.02108
v 0.19668 -0.01693 0.02110
v 0.19691 -0.01721 0.02124
v 0.19641 -0.01636 0.02108
v 0.19651 -0.01664 0.02106
v 0.19518 -0.01670 0.02163
v 0.19654 -0.01738 0.02149
v 0.19247 -0.00893 0.01368
v 0.13975 -0.00750 0.02273
v 0.19408 -0.00888 0.01332
v 0.21984 -0.00750 0.00678
v 0.19579 -0.00948 0.01358
v 0.19748 -0.01089 0.01468
v 0.19715 -0.01051 0.01437
v 0.21018 -0.01265 0.01395
v 0.19643 -0.00989 0.01387
v 0.21660 -0.00887 0.00882
v 0.21819 -0.00816 0.00777
v 0.19817 -0.01605 0.01981
v 0.19845 -0.01551 0.01921
v 0.19837 -0.01238 0.01603
v 0.19814 -0.01189 0.01557
v 0.19790 -0.01146 0.01519
v 0.19850 -0.01536 0.01905
v 0.19865 -0.01481 0.01845
v 0.19870 -0.01434 0.01796
v 0.19868 -0.01366 0.01727
v 0.19864 -0.01335 0.01696
v 0.19864 -0.01333 0.01694
v 0.21335 -0.01580 0.01501
v 0.21179 -0.01405 0.01469
v 0.21941 -0.01261 0.01033
v 0.22086 -0.01594 0.01014
v 0.21734 -0.00965 0.00936
v 0.22086 -0.02950 0.01014
v 0.21782 -0.02950 0.08059
v 0.20928 -0.02950 0.07128
v 0.20374 -0.02950 0.05994
v 0.20165 -0.02950 0.04748
v 0.20318 -0.02950 0.03495
v 0.20821 -0.02950 0.02337
v 0.21632 -0.02950 0.01369
v 0.22864 -0.02950 0.08709
v 0.22858 -0.01367 0.08706
v 0.22732 -0.01416 0.08651
v 0.22421 -0.01561 0.08493
v 0.24024 0.00750 0.09017
v 0.24024 -0.00250 0.09017
v 0.24087 0.00750 0.09024
v 0.24024 -0.01164 0.09017
v 0.23203 -0.01263 0.08834
v 0.24087 -0.02950 0.09024
v 0.23394 -0.01222 0.08892
v 0.27042 -0.02950 0.08286
v 0.27042 0.00750 0.08286
v 0.26546 0.00750 0.08578
v 0.26546 -0.02950 0.08578
v 0.25349 0.00750 0.08979
v 0.25349 -0.02950 0.08979
v 0.21905 -0.01361 0.08279
v 0.21993 -0.01507 0.08267
v 0.22351 -0.01435 0.08466
v 0.22900 -0.00802 0.08878
v 0.22906 -0.00815 0.08872
v 0.22936 -0.00808 0.08882
v 0.21956 -0.00882 0.08628
v 0.22180 -0.01104 0.08511
v 0.22283 -0.00750 0.08801
v 0.22545 -0.00937 0.08712
v 0.22847 -0.00793 0.08871
v 0.23371 -0.01077 0.08896
v 0.23724 -0.01033 0.08980
v 0.23424 -0.00927 0.08943
v 0.23021 -0.01160 0.08782
v 0.22689 -0.01276 0.08643
v 0.21632 -0.01043 0.08426
v 0.21791 -0.01207 0.08324
v 0.21858 -0.01294 0.08294
v 0.23334 -0.00900 0.08931
v -0.00736 -0.00750 0.05955
v 0.09740 -0.00250 0.07250
v 0.18944 -0.00926 0.08211
v 0.19092 -0.00884 0.08272
v 0.09322 -0.00898 0.07049
v -0.00720 -0.00883 0.05823
v -0.00570 -0.00908 0.05816
v 0.09167 -0.00884 0.07044
v 0.09019 -0.00926 0.06984
v 0.19246 -0.00898 0.08277
v 0.19352 -0.00939 0.08249
v 0.19013 -0.01708 0.07432
v 0.18908 -0.01636 0.07491
v 0.19518 -0.01654 0.07549
v 0.19493 -0.01676 0.07523
v 0.19395 -0.01733 0.07453
v 0.09088 -0.01708 0.06205
v 0.08983 -0.01636 0.06264
v -0.00331 -0.01654 0.05094
v -0.00356 -0.01676 0.05069
v -0.00454 -0.01733 0.04999
v -0.00424 -0.00985 0.05756
v 0.08961 -0.00962 0.06940
v 0.09593 -0.01654 0.06321
v 0.09568 -0.01676 0.06296
v 0.09470 -0.01733 0.06226
v 0.19592 -0.01549 0.07663
v 0.19570 -0.01590 0.07620
v 0.19557 -0.01608 0.07600
v -0.00257 -0.01549 0.05209
v 0.08900 -0.01542 0.06348
v 0.09427 -0.00939 0.07021
v 0.09500 -0.00985 0.06984
v 0.18885 -0.00962 0.08167
v 0.19425 -0.00985 0.08211
v 0.19514 -0.01071 0.08136
v 0.19523 -0.01081 0.08126
v 0.19541 -0.01106 0.08104
v 0.19590 -0.01195 0.08020
v 0.09668 -0.01549 0.06436
v 0.18824 -0.01542 0.07575
v -0.00279 -0.01590 0.05165
v -0.00291 -0.01608 0.05145
v 0.21132 -0.01360 0.08044
v 0.19613 -0.01261 0.07957
v 0.19625 -0.01314 0.07905
v 0.09645 -0.01590 0.06392
v 0.09633 -0.01608 0.06373
v 0.19628 -0.01340 0.07879
v 0.19626 -0.01432 0.07785
v 0.19626 -0.01433 0.07784
v -0.00326 -0.01081 0.05672
v -0.00308 -0.01106 0.05649
v 0.08929 -0.00989 0.06909
v -0.00258 -0.01195 0.05566
v 0.08879 -0.01049 0.06842
v 0.08859 -0.01082 0.06807
v -0.00334 -0.01071 0.05681
v 0.09598 -0.01081 0.06899
v 0.09616 -0.01106 0.06876
v 0.18854 -0.00989 0.08136
v 0.09666 -0.01195 0.06793
v 0.18803 -0.01049 0.08069
v 0.18783 -0.01082 0.08034
v 0.09590 -0.01071 0.06908
v 0.08813 -0.01240 0.06642
v 0.08815 -0.01221 0.06661
v 0.08830 -0.01150 0.06735
v -0.00221 -0.01340 0.05424
v -0.00223 -0.01432 0.05331
v -0.00223 -0.01433 0.05329
v 0.18738 -0.01240 0.07869
v 0.18740 -0.01221 0.07889
v 0.18755 -0.01150 0.07962
v -0.00224 -0.01314 0.05450
v 0.08879 -0.01510 0.06378
v -0.00235 -0.01261 0.05502
v 0.08835 -0.01412 0.06471
v 0.08823 -0.01367 0.06516
v 0.09703 -0.01340 0.06652
v 0.09702 -0.01432 0.06558
v 0.09702 -0.01433 0.06557
v 0.08844 -0.01438 0.06446
v 0.08817 -0.01335 0.06546
v 0.08814 -0.01310 0.06572
v 0.09700 -0.01314 0.06677
v 0.18804 -0.01510 0.07605
v 0.09689 -0.01261 0.06729
v 0.18759 -0.01412 0.07698
v 0.18747 -0.01367 0.07743
v 0.18768 -0.01438 0.07674
v 0.18741 -0.01335 0.07774
v 0.18738 -0.01310 0.07799
v 0.09553 -0.01071 0.06850
v 0.09551 -0.01061 0.06837
v 0.09610 -0.01171 0.06745
v 0.09368 -0.01665 0.06227
v 0.09308 -0.01671 0.06214
v 0.09309 -0.01725 0.06203
v 0.09421 -0.01649 0.06247
v 0.09435 -0.01673 0.06251
v 0.09516 -0.01590 0.06310
v 0.09537 -0.01599 0.06328
v 0.09542 -0.01563 0.06338
v 0.09602 -0.01501 0.06424
v 0.09595 -0.01485 0.06414
v 0.09611 -0.01447 0.06450
v 0.09634 -0.01390 0.06527
v 0.09632 -0.01362 0.06530
v 0.09636 -0.01275 0.06632
v 0.09636 -0.01273 0.06612
v 0.09609 -0.01159 0.06733
v 0.09611 -0.01149 0.06723
v 0.09578 -0.01075 0.06787
v 0.09552 -0.01049 0.06826
v 0.09556 -0.01039 0.06819
v 0.09465 -0.00966 0.06909
v 0.09468 -0.00956 0.06902
v 0.09467 -0.00987 0.06936
v 0.09466 -0.00984 0.06929
v 0.09465 -0.00981 0.06925
v 0.09465 -0.00978 0.06922
v 0.09464 -0.00975 0.06918
v 0.09583 -0.01085 0.06890
v 0.09482 -0.00993 0.06965
v 0.09478 -0.00993 0.06958
v 0.09570 -0.01084 0.06878
v 0.09486 -0.00992 0.06970
v 0.09489 -0.00991 0.06973
v 0.09500 -0.00985 0.06983
v 0.09687 -0.01313 0.06675
v 0.09643 -0.01195 0.06783
v 0.09575 -0.01642 0.06328
v 0.09635 -0.01534 0.06437
v 0.09628 -0.01190 0.06772
v 0.09668 -0.01308 0.06667
v 0.09679 -0.01428 0.06555
v 0.09659 -0.01418 0.06548
v 0.09652 -0.01299 0.06657
v 0.09617 -0.01182 0.06759
v 0.09560 -0.01079 0.06865
v 0.09473 -0.00945 0.06896
v 0.09641 -0.01287 0.06644
v 0.09644 -0.01405 0.06538
v 0.09616 -0.01518 0.06432
v 0.09553 -0.01622 0.06331
v 0.09448 -0.01701 0.06245
v 0.09472 -0.00991 0.06947
v 0.09233 -0.01694 0.06209
v 0.09226 -0.01724 0.06197
v 0.09006 -0.01620 0.06276
v 0.09147 -0.01696 0.06213
v 0.09026 -0.01600 0.06282
v 0.09159 -0.01669 0.06222
v 0.09038 -0.01584 0.06281
v 0.09169 -0.01641 0.06223
v 0.09050 -0.01563 0.06277
v 0.09234 -0.01662 0.06213
v 0.09279 -0.01670 0.06212
v 0.09133 -0.01720 0.06198
v 0.08997 -0.01628 0.06272
v 0.09008 -0.00953 0.06881
v 0.09009 -0.00947 0.06874
v 0.09074 -0.00904 0.06920
v 0.08932 -0.01482 0.06383
v 0.09070 -0.00878 0.06909
v 0.09073 -0.00891 0.06912
v 0.09008 -0.00934 0.06865
v 0.09336 -0.00865 0.06954
v 0.09326 -0.00875 0.06958
v 0.09239 -0.00858 0.06962
v 0.09401 -0.00937 0.06955
v 0.09327 -0.00913 0.07026
v 0.09416 -0.00948 0.07005
v 0.09403 -0.00946 0.06971
v 0.09406 -0.00911 0.06935
v 0.09410 -0.00900 0.06931
v 0.09151 -0.00863 0.06947
v 0.09131 -0.00855 0.06938
v 0.09151 -0.00851 0.06945
v 0.09283 -0.00851 0.06961
v 0.08886 -0.01186 0.06621
v 0.08897 -0.01105 0.06675
v 0.08898 -0.01117 0.06685
v 0.08904 -0.01081 0.06699
v 0.08921 -0.01050 0.06749
v 0.08919 -0.01039 0.06740
v 0.08955 -0.00977 0.06802
v 0.08957 -0.01449 0.06367
v 0.08936 -0.01408 0.06401
v 0.08916 -0.01397 0.06434
v 0.08914 -0.01356 0.06446
v 0.08896 -0.01327 0.06494
v 0.08901 -0.01314 0.06484
v 0.08886 -0.01256 0.06557
v 0.08888 -0.01231 0.06557
v 0.08887 -0.01174 0.06610
v 0.08948 -0.01465 0.06377
v 0.08909 -0.01498 0.06384
v 0.08857 -0.01437 0.06448
v 0.08831 -0.01366 0.06517
v 0.08874 -0.01085 0.06802
v 0.08883 -0.01086 0.06798
v 0.08914 -0.01023 0.06871
v 0.08892 -0.01085 0.06793
v 0.08839 -0.01221 0.06659
v 0.08869 -0.01149 0.06723
v 0.08843 -0.01363 0.06517
v 0.08841 -0.01290 0.06587
v 0.08849 -0.01218 0.06655
v 0.08884 -0.01141 0.06711
v 0.08867 -0.01210 0.06646
v 0.08861 -0.01282 0.06580
v 0.08866 -0.01354 0.06514
v 0.08882 -0.01427 0.06448
v 0.08902 -0.01413 0.06443
v 0.08884 -0.01341 0.06505
v 0.08877 -0.01270 0.06569
v 0.08880 -0.01198 0.06634
v 0.08894 -0.01129 0.06698
v 0.08920 -0.01063 0.06760
v 0.09321 -0.00911 0.06991
v 0.09321 -0.00907 0.06983
v 0.09402 -0.00942 0.06963
v 0.09234 -0.00895 0.06994
v 0.09321 -0.00902 0.06976
v 0.09401 -0.00931 0.06948
v 0.09322 -0.00896 0.06969
v 0.09323 -0.00889 0.06964
v 0.09236 -0.00886 0.06979
v 0.09151 -0.00891 0.06964
v 0.09148 -0.00900 0.06979
v 0.09073 -0.00917 0.06932
v 0.08900 -0.01082 0.06787
v 0.08907 -0.01079 0.06781
v 0.08943 -0.01021 0.06848
v 0.09003 -0.00964 0.06895
v 0.08999 -0.00968 0.06902
v 0.09068 -0.00926 0.06947
v 0.09006 -0.00959 0.06887
v 0.08912 -0.01074 0.06774
v 0.09152 -0.00878 0.06953
v 0.09237 -0.00872 0.06968
v 0.09402 -0.00925 0.06943
v 0.08917 -0.01069 0.06767
v 0.08958 -0.01001 0.06820
v 0.08958 -0.00989 0.06809
v 0.09009 -0.00919 0.06863
v 0.09331 -0.00907 0.07040
v 0.09232 -0.00897 0.07029
v 0.09232 -0.00891 0.07043
v 0.09138 -0.00902 0.07012
v 0.09133 -0.00896 0.07026
v 0.08976 -0.00969 0.06930
v 0.09042 -0.00922 0.06990
v 0.08929 -0.01024 0.06861
v 0.09409 -0.00950 0.06989
v 0.09323 -0.00915 0.07009
v 0.09233 -0.00899 0.07012
v 0.09143 -0.00904 0.06996
v 0.09060 -0.00930 0.06964
v 0.08988 -0.00971 0.06917
v 0.08913 -0.00550 0.06724
v 0.08888 -0.00550 0.06559
v 0.08937 -0.00550 0.06399
v 0.09050 -0.00550 0.06277
v 0.09007 -0.00550 0.06861
v 0.09151 -0.00550 0.06945
v 0.09318 -0.00550 0.06957
v 0.09473 -0.00550 0.06896
v 0.09200 -0.00550 0.06217
v 0.09587 -0.00550 0.06773
v 0.09636 -0.00550 0.06613
v 0.09610 -0.00550 0.06447
v 0.09514 -0.00550 0.06309
v 0.09367 -0.00550 0.06227
v 0.09088 -0.00550 0.06705
v 0.09052 -0.00550 0.06602
v 0.09072 -0.00550 0.06495
v 0.09143 -0.00550 0.06413
v 0.09246 -0.00550 0.06377
v 0.09353 -0.00550 0.06397
v 0.09435 -0.00550 0.06468
v 0.09471 -0.00550 0.06571
v 0.09451 -0.00550 0.06678
v 0.09380 -0.00550 0.06760
v 0.09277 -0.00550 0.06796
v 0.09171 -0.00550 0.06776
v 0.09380 -0.00250 0.06760
v 0.09277 -0.00250 0.06796
v 0.09171 -0.00250 0.06776
v 0.09088 -0.00250 0.06705
v 0.09052 -0.00250 0.06602
v 0.09072 -0.00250 0.06495
v 0.09143 -0.00250 0.06413
v 0.09246 -0.00250 0.06377
v 0.09353 -0.00250 0.06397
v 0.09435 -0.00250 0.06468
v 0.09471 -0.00250 0.06571
v 0.09451 -0.00250 0.06678
v 0.00189 -0.00250 -0.05607
v 0.00474 -0.00250 -0.05450
v 0.00545 -0.00250 -0.05533
v -0.05637 -0.00250 -0.00697
v -0.05837 -0.00250 -0.01391
v -0.06000 -0.00250 0.00038
v 0.13171 -0.00250 0.02644
v 0.04408 -0.00250 -0.04070
v 0.03781 -0.00250 -0.04239
v 0.03313 -0.00250 -0.05002
v 0.02643 -0.00250 -0.05027
v 0.04693 -0.00250 -0.03199
v 0.04970 -0.00250 -0.02750
v 0.05431 -0.00250 -0.02110
v 0.06029 -0.00250 -0.01597
v 0.09306 -0.00250 0.00676
v 0.09390 -0.00250 0.00672
v 0.08994 -0.00250 0.00567
v 0.08958 -0.00250 0.00464
v 0.09468 -0.00250 0.00703
v 0.08876 -0.00250 0.00393
v 0.08413 -0.00250 -0.00003
v 0.08471 -0.00250 0.00057
v 0.08500 -0.00250 0.00137
v 0.08666 -0.00250 0.00409
v 0.08769 -0.00250 0.00373
v 0.08493 -0.00250 0.00220
v 0.08452 -0.00250 0.00294
v 0.08596 -0.00250 0.00492
v 0.08356 -0.00250 0.00482
v 0.08575 -0.00250 0.00598
v 0.08359 -0.00250 0.00693
v 0.08611 -0.00250 0.00701
v 0.08459 -0.00250 0.00879
v 0.08694 -0.00250 0.00772
v 0.08635 -0.00250 0.00996
v 0.08800 -0.00250 0.00792
v 0.08845 -0.00250 0.01019
v 0.08903 -0.00250 0.00756
v 0.09041 -0.00250 0.00940
v 0.08974 -0.00250 0.00674
v 0.09178 -0.00250 0.00780
v 0.09231 -0.00250 0.00714
v 0.11543 -0.00250 0.02091
v 0.12321 -0.00250 0.02475
v 0.14037 -0.00250 0.02587
v 0.17801 -0.00250 0.01837
v 0.19240 -0.00250 0.01707
v 0.19311 -0.00250 0.01625
v 0.19414 -0.00250 0.01589
v 0.20400 -0.00250 0.00993
v 0.19520 -0.00250 0.01609
v 0.19847 -0.00250 0.01659
v 0.19837 -0.00250 0.01575
v 0.19639 -0.00250 0.01783
v 0.19603 -0.00250 0.01680
v 0.19863 -0.00250 0.01495
v 0.19920 -0.00250 0.01433
v 0.18967 -0.00250 0.01749
v 0.19220 -0.00250 0.01814
v 0.18990 -0.00250 0.01830
v 0.19256 -0.00250 0.01917
v 0.19056 -0.00250 0.02031
v 0.19338 -0.00250 0.01987
v 0.19207 -0.00250 0.02178
v 0.19445 -0.00250 0.02008
v 0.19409 -0.00250 0.02238
v 0.19548 -0.00250 0.01972
v 0.19616 -0.00250 0.02197
v 0.19619 -0.00250 0.01889
v 0.19780 -0.00250 0.02064
v 0.19863 -0.00250 0.01870
v 0.18752 -0.00250 0.01648
v 0.18836 -0.00250 0.01649
v 0.18912 -0.00250 0.01685
v 0.19997 -0.00250 0.01400
v 0.21710 -0.00250 0.01058
v 0.23704 -0.00250 0.00335
v 0.21630 -0.00250 0.01210
v 0.21730 -0.00250 0.01156
v 0.21586 -0.00250 0.01191
v 0.21551 -0.00250 0.01192
v 0.21660 -0.00250 0.01246
v 0.21670 -0.00250 0.01293
v 0.23302 -0.00250 0.00749
v 0.23763 -0.00250 0.00629
v 0.23516 -0.00250 0.08614
v 0.24061 -0.00250 0.08719
v 0.21925 -0.00250 0.08211
v 0.21918 -0.00250 0.08258
v 0.21994 -0.00250 0.08343
v 0.21909 -0.00250 0.08166
v 0.22441 -0.00250 0.08158
v 0.21982 -0.00250 0.08442
v 0.21891 -0.00250 0.08297
v 0.21848 -0.00250 0.08318
v 0.21813 -0.00250 0.08320
v 0.21658 -0.00250 0.01339
v 0.21637 -0.00250 0.01365
v 0.21394 -0.00250 0.02050
v 0.21073 -0.00250 0.01972
v 0.20790 -0.00250 0.03049
v 0.20474 -0.00250 0.03026
v 0.20491 -0.00250 0.04177
v 0.20186 -0.00250 0.04204
v 0.20523 -0.00250 0.05343
v 0.20231 -0.00250 0.05416
v 0.20882 -0.00250 0.06454
v 0.20605 -0.00250 0.06570
v 0.21539 -0.00250 0.07418
v 0.21279 -0.00250 0.07578
v 0.21886 -0.00250 0.08142
v 0.19375 -0.00250 0.07905
v 0.19304 -0.00250 0.07987
v 0.19641 -0.00250 0.08084
v 0.18679 -0.00250 0.07965
v 0.18605 -0.00250 0.08006
v 0.19013 -0.00250 0.07932
v 0.19702 -0.00250 0.08142
v 0.19202 -0.00250 0.08023
v 0.19782 -0.00250 0.08170
v 0.19095 -0.00250 0.08003
v 0.18522 -0.00250 0.08014
v 0.19610 -0.00250 0.08006
v 0.19613 -0.00250 0.07922
v 0.19395 -0.00250 0.07798
v 0.19619 -0.00250 0.07737
v 0.19360 -0.00250 0.07696
v 0.19550 -0.00250 0.07566
v 0.19277 -0.00250 0.07625
v 0.19383 -0.00250 0.07420
v 0.19170 -0.00250 0.07605
v 0.19166 -0.00250 0.07374
v 0.19068 -0.00250 0.07640
v 0.18954 -0.00250 0.07440
v 0.18997 -0.00250 0.07723
v 0.18801 -0.00250 0.07600
v 0.18977 -0.00250 0.07830
v 0.18746 -0.00250 0.07815
v 0.18729 -0.00250 0.07897
v 0.16408 -0.00250 0.07753
v 0.15204 -0.00250 0.07604
v 0.11446 -0.00250 0.07139
v 0.10242 -0.00250 0.06990
v 0.09778 -0.00250 0.06915
v 0.09717 -0.00250 0.06857
v 0.09857 -0.00250 0.06942
v 0.08597 -0.00250 0.06786
v 0.08681 -0.00250 0.06779
v 0.08754 -0.00250 0.06738
v 0.09685 -0.00250 0.06779
v 0.09688 -0.00250 0.06695
v 0.09695 -0.00250 0.06510
v 0.09625 -0.00250 0.06339
v 0.09458 -0.00250 0.06193
v 0.09242 -0.00250 0.06147
v 0.09030 -0.00250 0.06213
v 0.08877 -0.00250 0.06373
v 0.08822 -0.00250 0.06588
v 0.08804 -0.00250 0.06670
v -0.00146 -0.00250 0.05687
v -0.00207 -0.00250 0.05629
v -0.00239 -0.00250 0.05552
v -0.00852 -0.00250 0.05268
v -0.01102 -0.00250 0.05334
v -0.00872 -0.00250 0.05375
v -0.01126 -0.00250 0.05418
v -0.00836 -0.00250 0.05478
v -0.01183 -0.00250 0.05484
v 0.05475 -0.00250 0.06400
v 0.04982 -0.00250 0.06339
v 0.00762 -0.00250 0.05818
v 0.00020 -0.00250 0.05726
v -0.00067 -0.00250 0.05715
v -0.00544 -0.00250 0.05533
v -0.00474 -0.00250 0.05450
v -0.00236 -0.00250 0.05467
v -0.00453 -0.00250 0.05344
v -0.00230 -0.00250 0.05283
v -0.00489 -0.00250 0.05241
v -0.00299 -0.00250 0.05111
v -0.00572 -0.00250 0.05170
v -0.00461 -0.00250 0.04968
v -0.00678 -0.00250 0.05150
v -0.00673 -0.00250 0.04919
v -0.00781 -0.00250 0.05186
v -0.00881 -0.00250 0.04977
v -0.01037 -0.00250 0.05128
v -0.01262 -0.00250 0.05519
v -0.01349 -0.00250 0.05517
v -0.02132 -0.00250 0.05608
v -0.02436 -0.00250 0.05131
v -0.03422 -0.00250 0.04533
v -0.00754 -0.00250 0.05548
v -0.00647 -0.00250 0.05569
v -0.05303 -0.00250 0.02807
v -0.04937 -0.00250 0.02809
v -0.04962 -0.00250 0.02726
v -0.04267 -0.00250 0.03748
v -0.04483 -0.00250 0.03988
v -0.03405 -0.00250 0.04940
v -0.04950 -0.00250 0.02640
v -0.04957 -0.00250 0.02315
v -0.05064 -0.00250 0.02295
v -0.05146 -0.00250 0.02224
v -0.05818 -0.00250 0.01465
v -0.05182 -0.00250 0.02121
v -0.05162 -0.00250 0.02015
v -0.04902 -0.00250 0.02567
v -0.04828 -0.00250 0.02521
v -0.04854 -0.00250 0.02279
v -0.04659 -0.00250 0.02415
v -0.04783 -0.00250 0.02197
v -0.04555 -0.00250 0.02244
v -0.04763 -0.00250 0.02090
v -0.04537 -0.00250 0.02044
v -0.04799 -0.00250 0.01987
v -0.04609 -0.00250 0.01858
v -0.04881 -0.00250 0.01916
v -0.04764 -0.00250 0.01718
v -0.04988 -0.00250 0.01896
v -0.04967 -0.00250 0.01666
v -0.05171 -0.00250 0.01713
v -0.05091 -0.00250 0.01932
v -0.05255 -0.00250 0.01734
v -0.05341 -0.00250 0.01718
v -0.05411 -0.00250 0.01666
v -0.05453 -0.00250 0.01590
v -0.05662 -0.00250 0.00456
v -0.04325 -0.00250 -0.03463
v -0.04219 -0.00250 -0.03443
v -0.04533 -0.00250 -0.03931
v -0.04129 -0.00250 -0.03684
v -0.04158 -0.00250 -0.03766
v -0.05380 -0.00250 -0.01821
v -0.05023 -0.00250 -0.02651
v -0.05338 -0.00250 -0.02739
v -0.04901 -0.00250 -0.02871
v -0.04842 -0.00250 -0.02934
v -0.04761 -0.00250 -0.02967
v -0.04483 -0.00250 -0.03135
v -0.04519 -0.00250 -0.03238
v -0.04499 -0.00250 -0.03345
v -0.04428 -0.00250 -0.03427
v -0.04674 -0.00250 -0.02962
v -0.04598 -0.00250 -0.02921
v -0.04401 -0.00250 -0.03064
v -0.04411 -0.00250 -0.02825
v -0.04294 -0.00250 -0.03044
v -0.04202 -0.00250 -0.02827
v -0.04191 -0.00250 -0.03080
v -0.04017 -0.00250 -0.02925
v -0.04121 -0.00250 -0.03162
v -0.03898 -0.00250 -0.03097
v -0.04100 -0.00250 -0.03269
v -0.03873 -0.00250 -0.03305
v -0.04136 -0.00250 -0.03372
v -0.03946 -0.00250 -0.03501
v -0.04069 -0.00250 -0.03622
v -0.04149 -0.00250 -0.03853
v -0.04104 -0.00250 -0.03927
v -0.03468 -0.00250 -0.04896
v -0.03226 -0.00250 -0.04675
v -0.02203 -0.00250 -0.05581
v -0.02215 -0.00250 -0.05230
v -0.00812 -0.00250 -0.05945
v -0.01113 -0.00250 -0.05570
v 0.00036 -0.00250 -0.05680
v 0.00120 -0.00250 -0.05660
v 0.00754 -0.00250 -0.05548
v 0.00836 -0.00250 -0.05477
v 0.01126 -0.00250 -0.05418
v 0.00872 -0.00250 -0.05375
v 0.01102 -0.00250 -0.05334
v 0.00852 -0.00250 -0.05268
v 0.00753 -0.00250 -0.05953
v 0.00626 -0.00250 -0.05967
v 0.00647 -0.00250 -0.05569
v 0.00228 -0.00250 -0.05529
v 0.00231 -0.00250 -0.05442
v 0.00453 -0.00250 -0.05343
v 0.00240 -0.00250 -0.05238
v 0.00489 -0.00250 -0.05241
v 0.00340 -0.00250 -0.05061
v 0.00572 -0.00250 -0.05170
v 0.00509 -0.00250 -0.04947
v 0.00678 -0.00250 -0.05150
v 0.00712 -0.00250 -0.04922
v 0.00781 -0.00250 -0.05186
v 0.00903 -0.00250 -0.04991
v 0.01044 -0.00250 -0.05139
v 0.01183 -0.00250 -0.05484
v 0.01262 -0.00250 -0.05519
v 0.01349 -0.00250 -0.05517
v 0.02028 -0.00250 -0.05647
v 0.05666 -0.00750 -0.02327
v 0.05250 -0.00750 -0.02905
v 0.04408 -0.00750 -0.04070
v 0.03313 -0.00750 -0.05002
v 0.02028 -0.00750 -0.05647
v 0.00626 -0.00750 -0.05967
v -0.00812 -0.00750 -0.05945
v -0.02203 -0.00750 -0.05581
v -0.03468 -0.00750 -0.04896
v -0.04533 -0.00750 -0.03931
v -0.05338 -0.00750 -0.02739
v -0.05837 -0.00750 -0.01391
v -0.06000 -0.00750 0.00038
v -0.05818 -0.00750 0.01465
v -0.05303 -0.00750 0.02807
v -0.04483 -0.00750 0.03988
v -0.03405 -0.00750 0.04940
v -0.02132 -0.00750 0.05608
v 0.00453 -0.01731 -0.04999
v -0.04564 -0.01676 0.02216
v -0.00836 -0.01704 0.04976
v -0.00943 -0.01626 0.05036
v -0.01007 -0.01555 0.05096
v -0.01029 -0.01525 0.05123
v -0.01055 -0.01480 0.05163
v -0.01086 -0.01412 0.05227
v -0.01102 -0.01357 0.05280
v -0.01112 -0.01296 0.05340
v -0.01112 -0.01212 0.05425
v -0.01107 -0.01182 0.05457
v -0.01104 -0.01164 0.05476
v -0.01070 -0.01074 0.05574
v -0.01023 -0.01009 0.05649
v -0.01014 -0.00999 0.05661
v -0.00877 -0.00910 0.05774
v -0.00994 -0.00980 0.05684
v -0.04655 -0.01746 0.01838
v -0.04700 -0.01721 0.01788
v -0.04740 -0.01696 0.01754
v -0.04769 -0.01675 0.01734
v -0.05188 -0.01287 0.01710
v -0.05264 -0.01201 0.01757
v -0.04876 -0.01591 0.01686
v -0.04926 -0.01547 0.01674
v -0.04992 -0.01487 0.01668
v -0.05018 -0.01462 0.01668
v -0.05026 -0.01454 0.01668
v -0.05106 -0.01375 0.01681
v -0.05154 -0.01324 0.01696
v -0.05296 -0.01161 0.01784
v -0.05362 -0.01074 0.01861
v -0.05410 -0.00998 0.01954
v -0.05413 -0.00992 0.01962
v -0.05428 -0.00961 0.02014
v -0.05439 -0.00918 0.02106
v -0.04590 -0.01617 0.02299
v -0.05437 -0.00902 0.02154
v -0.05394 -0.00883 0.02307
v -0.05302 -0.00916 0.02436
v -0.05278 -0.00928 0.02457
v -0.05203 -0.00974 0.02508
v -0.05170 -0.00996 0.02525
v -0.05140 -0.01018 0.02536
v -0.05137 -0.01020 0.02538
v -0.05047 -0.01091 0.02559
v -0.04966 -0.01162 0.02562
v -0.04899 -0.01226 0.02553
v -0.04897 -0.01228 0.02552
v -0.04766 -0.01368 0.02501
v -0.04681 -0.01474 0.02434
v -0.04664 -0.01497 0.02416
v -0.04609 -0.01581 0.02339
v -0.04274 -0.01090 -0.03711
v -0.04361 -0.01023 -0.03713
v -0.04407 -0.00992 -0.03707
v -0.04429 -0.00978 -0.03702
v -0.04582 -0.00903 -0.03633
v -0.04699 -0.00883 -0.03513
v -0.04764 -0.00921 -0.03358
v -0.04773 -0.00949 -0.03297
v -0.04771 -0.00996 -0.03216
v -0.04763 -0.01032 -0.03164
v -0.04751 -0.01065 -0.03122
v -0.04702 -0.01161 -0.03021
v -0.04678 -0.01199 -0.02988
v -0.04627 -0.01271 -0.02933
v -0.04605 -0.01301 -0.02914
v -0.04566 -0.01348 -0.02887
v -0.04564 -0.01350 -0.02886
v -0.04503 -0.01418 -0.02855
v -0.04432 -0.01490 -0.02833
v -0.04367 -0.01550 -0.02823
v -0.04324 -0.01586 -0.02823
v -0.04273 -0.01626 -0.02827
v -0.04131 -0.01717 -0.02875
v -0.04100 -0.01732 -0.02893
v -0.04076 -0.01742 -0.02909
v -0.04024 -0.01353 -0.03596
v -0.04137 -0.01218 -0.03673
v -0.04154 -0.01200 -0.03681
v -0.04169 -0.01185 -0.03686
v -0.03897 -0.01719 -0.03182
v -0.03918 -0.01745 -0.03114
v -0.03887 -0.01676 -0.03262
v -0.03892 -0.01615 -0.03349
v -0.03904 -0.01570 -0.03404
v -0.04008 -0.01375 -0.03581
v -0.03940 -0.01487 -0.03490
v -0.03939 -0.01488 -0.03488
v 0.00589 -0.00900 -0.05820
v 0.00496 -0.00935 -0.05794
v 0.00422 -0.00979 -0.05756
v 0.00365 -0.01026 -0.05712
v 0.00323 -0.01072 -0.05669
v 0.00298 -0.01104 -0.05638
v 0.00255 -0.01183 -0.05561
v 0.00256 -0.01539 -0.05204
v 0.00299 -0.01610 -0.05132
v 0.00231 -0.01252 -0.05493
v 0.00230 -0.01259 -0.05486
v 0.00221 -0.01302 -0.05444
v 0.00222 -0.01422 -0.05323
v 0.00224 -0.01434 -0.05311
v 0.00244 -0.01510 -0.05234
v 0.00331 -0.01647 -0.05092
v 0.00362 -0.01675 -0.05062
v 0.00836 -0.01704 -0.04976
v 0.00943 -0.01626 -0.05036
v 0.00988 -0.01564 -0.05091
v 0.00997 -0.01551 -0.05102
v 0.01037 -0.01495 -0.05151
v 0.01067 -0.01453 -0.05188
v 0.01072 -0.01447 -0.05194
v 0.01084 -0.01355 -0.05285
v 0.01084 -0.01354 -0.05286
v 0.01097 -0.01256 -0.05383
v 0.01104 -0.01209 -0.05430
v 0.01107 -0.01181 -0.05457
v 0.01067 -0.01071 -0.05578
v 0.01012 -0.00997 -0.05664
v 0.00966 -0.00957 -0.05711
v 0.00939 -0.00940 -0.05734
v 0.00910 -0.00924 -0.05754
v 0.00752 -0.00884 -0.05818
v -0.01027 -0.01075 0.05555
v -0.00953 -0.00985 0.05650
v -0.00965 -0.00988 0.05664
v -0.00948 -0.00981 0.05643
v -0.01062 -0.01284 0.05334
v -0.01052 -0.01172 0.05439
v -0.01069 -0.01180 0.05449
v -0.00719 -0.00890 0.05814
v -0.01089 -0.01184 0.05455
v -0.01068 -0.01409 0.05230
v -0.00952 -0.00948 0.05598
v -0.00944 -0.00940 0.05607
v -0.00941 -0.00951 0.05613
v -0.01007 -0.01032 0.05509
v -0.01005 -0.01043 0.05517
v -0.01036 -0.01148 0.05415
v -0.01034 -0.01130 0.05412
v -0.00981 -0.01410 0.05162
v -0.01005 -0.01357 0.05205
v -0.01012 -0.01371 0.05215
v -0.01033 -0.01247 0.05302
v -0.01037 -0.01259 0.05313
v -0.01037 -0.01215 0.05331
v -0.01036 -0.01148 0.05394
v -0.00887 -0.01577 0.05054
v -0.00874 -0.01555 0.05049
v -0.00950 -0.01464 0.05118
v -0.00960 -0.01480 0.05126
v -0.00977 -0.01497 0.05132
v -0.00899 -0.01591 0.05055
v -0.00999 -0.01513 0.05132
v -0.00928 -0.01617 0.05046
v -0.00922 -0.01613 0.05048
v -0.00979 -0.00986 0.05676
v -0.01082 -0.01293 0.05340
v -0.01044 -0.01399 0.05230
v -0.00840 -0.00904 0.05704
v -0.00839 -0.00897 0.05699
v -0.00777 -0.00878 0.05724
v -0.01020 -0.01072 0.05548
v -0.00944 -0.00976 0.05636
v -0.00841 -0.00910 0.05710
v -0.00710 -0.00878 0.05743
v -0.00710 -0.00871 0.05739
v -0.00840 -0.00883 0.05691
v -0.00777 -0.00864 0.05718
v -0.00709 -0.00869 0.05737
v -0.01014 -0.01067 0.05542
v -0.00942 -0.00970 0.05629
v -0.00894 -0.00927 0.05664
v -0.00895 -0.00913 0.05656
v -0.00831 -0.00866 0.05695
v -0.00774 -0.00850 0.05717
v -0.00709 -0.00844 0.05731
v -0.01007 -0.01056 0.05529
v -0.01041 -0.01161 0.05427
v -0.01046 -0.01272 0.05324
v -0.01025 -0.01386 0.05225
v -0.00940 -0.00964 0.05623
v -0.01010 -0.01062 0.05535
v -0.00862 -0.00921 0.05756
v -0.00716 -0.00898 0.05790
v -0.00870 -0.00915 0.05768
v -0.00719 -0.00891 0.05813
v -0.00786 -0.00905 0.05767
v -0.00781 -0.00901 0.05750
v -0.00713 -0.00894 0.05765
v -0.00712 -0.00890 0.05757
v -0.00843 -0.00915 0.05717
v -0.00846 -0.00919 0.05725
v -0.00903 -0.00948 0.05691
v -0.00853 -0.00923 0.05742
v -0.00913 -0.00951 0.05707
v -0.01043 -0.01079 0.05565
v -0.00711 -0.00881 0.05746
v -0.00511 -0.00917 0.05704
v -0.00568 -0.00873 0.05722
v -0.00452 -0.00945 0.05669
v -0.00457 -0.00957 0.05675
v -0.00459 -0.00966 0.05682
v -0.00514 -0.00930 0.05712
v -0.00640 -0.00865 0.05735
v -0.00634 -0.00852 0.05733
v -0.00680 -0.00846 0.05734
v -0.00644 -0.00905 0.05785
v -0.00645 -0.00901 0.05768
v -0.00644 -0.00892 0.05752
v -0.00642 -0.00879 0.05741
v -0.00569 -0.00922 0.05794
v -0.00563 -0.00916 0.05807
v -0.00573 -0.00885 0.05725
v -0.00515 -0.00942 0.05725
v -0.00459 -0.00984 0.05702
v -0.00513 -0.00951 0.05741
v -0.00457 -0.00987 0.05708
v -0.00460 -0.00978 0.05694
v -0.00576 -0.00899 0.05732
v -0.00577 -0.00911 0.05744
v -0.00577 -0.00920 0.05760
v -0.00574 -0.00924 0.05777
v -0.00452 -0.00991 0.05720
v -0.00446 -0.00993 0.05731
v -0.00507 -0.00954 0.05759
v -0.00442 -0.00993 0.05737
v -0.00438 -0.00992 0.05743
v -0.00556 -0.01665 0.05000
v -0.00617 -0.01671 0.04987
v -0.00615 -0.01725 0.04975
v -0.00503 -0.01649 0.05020
v -0.00489 -0.01673 0.05023
v -0.00409 -0.01590 0.05083
v -0.00387 -0.01599 0.05101
v -0.00382 -0.01563 0.05111
v -0.00322 -0.01501 0.05196
v -0.00330 -0.01485 0.05187
v -0.00313 -0.01447 0.05223
v -0.00290 -0.01390 0.05300
v -0.00292 -0.01362 0.05302
v -0.00289 -0.01273 0.05385
v -0.00288 -0.01275 0.05404
v -0.00289 -0.01263 0.05393
v -0.00316 -0.01159 0.05506
v -0.00314 -0.01149 0.05496
v -0.00346 -0.01075 0.05560
v -0.00372 -0.01049 0.05599
v -0.00368 -0.01039 0.05592
v -0.00314 -0.01171 0.05518
v -0.00371 -0.01071 0.05623
v -0.00374 -0.01061 0.05610
v -0.00354 -0.01084 0.05651
v -0.00341 -0.01085 0.05662
v -0.00237 -0.01313 0.05447
v -0.00281 -0.01195 0.05556
v -0.00349 -0.01642 0.05100
v -0.00289 -0.01534 0.05210
v -0.00296 -0.01190 0.05544
v -0.00257 -0.01308 0.05440
v -0.00245 -0.01428 0.05327
v -0.00265 -0.01418 0.05321
v -0.00272 -0.01299 0.05429
v -0.00308 -0.01182 0.05531
v -0.00365 -0.01079 0.05637
v -0.00283 -0.01287 0.05417
v -0.00281 -0.01405 0.05311
v -0.00309 -0.01518 0.05205
v -0.00371 -0.01622 0.05103
v -0.00476 -0.01701 0.05017
v -0.00645 -0.01670 0.04985
v -0.00690 -0.01662 0.04985
v -0.00693 -0.01694 0.04981
v -0.00780 -0.01694 0.04986
v -0.00767 -0.01666 0.04995
v -0.00756 -0.01638 0.04996
v -0.00700 -0.01725 0.04969
v -0.00795 -0.01717 0.04969
v -0.00725 -0.00550 0.04989
v -0.00874 -0.00550 0.05049
v -0.00452 -0.00550 0.05669
v -0.00337 -0.00550 0.05546
v -0.00289 -0.00550 0.05385
v -0.00315 -0.00550 0.05219
v -0.00411 -0.00550 0.05082
v -0.00557 -0.00550 0.04999
v -0.00773 -0.00550 0.05718
v -0.00987 -0.00550 0.05172
v -0.01012 -0.00550 0.05496
v -0.01037 -0.00550 0.05331
v -0.00918 -0.00550 0.05634
v -0.00607 -0.00550 0.05730
v -0.00836 -0.00550 0.05478
v -0.00872 -0.00550 0.05375
v -0.00852 -0.00550 0.05268
v -0.00781 -0.00550 0.05186
v -0.00678 -0.00550 0.05150
v -0.00572 -0.00550 0.05170
v -0.00489 -0.00550 0.05241
v -0.00453 -0.00550 0.05344
v -0.00474 -0.00550 0.05450
v -0.00544 -0.00550 0.05533
v -0.00647 -0.00550 0.05569
v -0.00754 -0.00550 0.05548
v -0.04614 -0.01594 0.02261
v -0.04606 -0.01607 0.02273
v -0.04641 -0.01545 0.02331
v -0.04595 -0.01617 0.02286
v -0.04599 -0.01617 0.02137
v -0.04599 -0.01649 0.02069
v -0.04596 -0.01656 0.02103
v -0.04590 -0.01676 0.02111
v -0.04566 -0.01713 0.02126
v -0.04580 -0.01695 0.02118
v -0.04620 -0.01716 0.01956
v -0.04621 -0.01711 0.01957
v -0.04627 -0.01671 0.01959
v -0.04633 -0.01519 0.02264
v -0.04614 -0.01562 0.02216
v -0.04620 -0.01565 0.02238
v -0.04619 -0.01580 0.02249
v -0.04648 -0.01522 0.02306
v -0.04644 -0.01497 0.02286
v -0.04685 -0.01460 0.02355
v -0.04677 -0.01438 0.02337
v -0.04728 -0.01396 0.02397
v -0.04718 -0.01376 0.02381
v -0.04778 -0.01349 0.02447
v -0.04777 -0.01343 0.02438
v -0.04776 -0.01340 0.02435
v -0.04773 -0.01334 0.02429
v -0.04770 -0.01328 0.02424
v -0.04761 -0.01316 0.02416
v -0.04778 -0.01359 0.02464
v -0.04678 -0.01489 0.02394
v -0.04779 -0.01358 0.02461
v -0.04730 -0.01415 0.02420
v -0.04779 -0.01352 0.02451
v -0.04775 -0.01365 0.02480
v -0.04776 -0.01364 0.02477
v -0.04770 -0.01367 0.02494
v -0.04771 -0.01367 0.02490
v -0.04683 -0.01481 0.02380
v -0.05193 -0.01167 0.01800
v -0.05204 -0.01177 0.01801
v -0.05135 -0.01259 0.01761
v -0.05184 -0.01155 0.01796
v -0.05191 -0.01164 0.01799
v -0.05124 -0.01248 0.01761
v -0.04664 -0.01730 0.01851
v -0.04671 -0.01706 0.01865
v -0.04833 -0.01619 0.01716
v -0.05014 -0.01458 0.01684
v -0.05115 -0.01238 0.01759
v -0.05052 -0.01333 0.01738
v -0.05042 -0.01322 0.01737
v -0.04810 -0.01556 0.01768
v -0.04865 -0.01505 0.01746
v -0.04897 -0.01497 0.01736
v -0.04931 -0.01440 0.01733
v -0.04975 -0.01417 0.01729
v -0.04965 -0.01405 0.01731
v -0.05029 -0.01336 0.01735
v -0.04666 -0.01660 0.01890
v -0.04736 -0.01616 0.01814
v -0.04831 -0.01605 0.01735
v -0.04745 -0.01676 0.01778
v -0.04826 -0.01589 0.01751
v -0.04745 -0.01657 0.01795
v -0.04818 -0.01572 0.01762
v -0.04742 -0.01636 0.01807
v -0.04766 -0.01592 0.01792
v -0.05213 -0.01184 0.01800
v -0.05225 -0.01192 0.01795
v -0.05147 -0.01269 0.01757
v -0.05159 -0.01277 0.01750
v -0.05075 -0.01355 0.01728
v -0.05086 -0.01364 0.01718
v -0.04997 -0.01441 0.01714
v -0.05007 -0.01451 0.01700
v -0.04916 -0.01525 0.01716
v -0.04922 -0.01537 0.01699
v -0.04907 -0.01512 0.01728
v -0.04986 -0.01429 0.01724
v -0.05063 -0.01344 0.01735
v -0.05255 -0.01202 0.01770
v -0.05249 -0.01201 0.01778
v -0.05095 -0.01370 0.01705
v -0.05170 -0.01283 0.01739
v -0.05237 -0.01198 0.01788
v -0.04958 -0.01136 0.02489
v -0.04894 -0.01204 0.02482
v -0.04898 -0.01210 0.02489
v -0.05113 -0.01032 0.02493
v -0.05181 -0.00979 0.02460
v -0.05175 -0.00975 0.02453
v -0.04973 -0.01156 0.02521
v -0.05043 -0.01091 0.02514
v -0.05039 -0.01088 0.02505
v -0.05238 -0.01106 0.01838
v -0.05281 -0.01043 0.01889
v -0.05292 -0.01055 0.01893
v -0.05400 -0.00930 0.02111
v -0.05394 -0.00970 0.02027
v -0.05385 -0.00969 0.02029
v -0.05420 -0.00898 0.02203
v -0.05132 -0.00941 0.02445
v -0.05148 -0.00945 0.02439
v -0.05213 -0.00901 0.02396
v -0.05013 -0.01059 0.02480
v -0.05004 -0.01048 0.02479
v -0.04947 -0.01124 0.02482
v -0.04946 -0.01105 0.02480
v -0.04884 -0.01191 0.02472
v -0.04875 -0.01179 0.02468
v -0.04825 -0.01259 0.02453
v -0.05081 -0.00999 0.02466
v -0.05080 -0.00982 0.02465
v -0.05208 -0.00889 0.02398
v -0.05270 -0.00870 0.02336
v -0.05289 -0.00849 0.02306
v -0.05317 -0.00844 0.02253
v -0.05341 -0.00865 0.02181
v -0.05347 -0.00866 0.02129
v -0.05349 -0.00891 0.02098
v -0.05347 -0.00879 0.02093
v -0.05339 -0.00932 0.02020
v -0.05325 -0.00945 0.01978
v -0.05315 -0.00984 0.01949
v -0.05311 -0.00973 0.01943
v -0.05274 -0.01032 0.01883
v -0.05229 -0.01095 0.01833
v -0.05250 -0.01119 0.01840
v -0.05266 -0.01130 0.01838
v -0.05283 -0.01138 0.01830
v -0.05275 -0.00932 0.02451
v -0.05339 -0.00903 0.02380
v -0.05199 -0.00981 0.02491
v -0.04832 -0.01297 0.02526
v -0.05329 -0.00909 0.02371
v -0.05406 -0.00904 0.02201
v -0.05411 -0.00968 0.02022
v -0.05308 -0.00909 0.02354
v -0.05315 -0.00910 0.02360
v -0.05352 -0.00897 0.02279
v -0.05360 -0.00899 0.02283
v -0.05380 -0.00904 0.02196
v -0.05389 -0.00906 0.02198
v -0.05391 -0.00929 0.02111
v -0.05342 -0.01078 0.01879
v -0.05301 -0.00907 0.02350
v -0.05344 -0.00895 0.02275
v -0.05372 -0.00902 0.02194
v -0.05382 -0.00927 0.02110
v -0.05376 -0.00966 0.02029
v -0.05330 -0.00885 0.02269
v -0.05357 -0.00892 0.02189
v -0.05366 -0.00918 0.02107
v -0.05359 -0.00958 0.02029
v -0.05339 -0.01009 0.01957
v -0.05315 -0.00857 0.02263
v -0.05320 -0.00872 0.02265
v -0.05347 -0.00879 0.02185
v -0.05324 -0.01075 0.01888
v -0.05333 -0.01077 0.01884
v -0.05307 -0.01067 0.01893
v -0.05356 -0.01017 0.01955
v -0.05325 -0.00997 0.01955
v -0.05347 -0.00946 0.02025
v -0.05355 -0.00905 0.02103
v -0.04838 -0.01293 0.02504
v -0.04904 -0.01224 0.02518
v -0.04903 -0.01220 0.02507
v -0.04901 -0.01215 0.02498
v -0.04833 -0.01273 0.02465
v -0.05238 -0.00932 0.02406
v -0.05245 -0.00936 0.02412
v -0.05294 -0.00903 0.02345
v -0.05034 -0.01083 0.02497
v -0.05287 -0.00897 0.02342
v -0.05232 -0.00927 0.02402
v -0.05169 -0.00970 0.02448
v -0.05029 -0.01078 0.02491
v -0.05024 -0.01072 0.02486
v -0.05282 -0.00891 0.02339
v -0.05226 -0.00921 0.02399
v -0.05163 -0.00965 0.02444
v -0.05091 -0.01012 0.02470
v -0.05158 -0.00958 0.02441
v -0.05221 -0.00914 0.02397
v -0.05277 -0.00884 0.02337
v -0.04902 -0.01227 0.02540
v -0.04974 -0.01159 0.02542
v -0.05047 -0.01095 0.02533
v -0.05120 -0.01035 0.02511
v -0.05258 -0.00940 0.02425
v -0.05191 -0.00982 0.02475
v -0.05346 -0.00550 0.02078
v -0.05184 -0.00550 0.01796
v -0.05297 -0.00550 0.01918
v -0.05322 -0.00550 0.02243
v -0.05228 -0.00550 0.02381
v -0.05083 -0.00550 0.02464
v -0.04917 -0.00550 0.02476
v -0.04761 -0.00550 0.02416
v -0.04862 -0.00550 0.01747
v -0.04648 -0.00550 0.02293
v -0.04599 -0.00550 0.02134
v -0.04623 -0.00550 0.01969
v -0.04717 -0.00550 0.01831
v -0.05028 -0.00550 0.01735
v -0.05146 -0.00550 0.02224
v -0.05182 -0.00550 0.02121
v -0.05162 -0.00550 0.02015
v -0.05091 -0.00550 0.01932
v -0.04988 -0.00550 0.01896
v -0.04881 -0.00550 0.01916
v -0.04799 -0.00550 0.01987
v -0.04763 -0.00550 0.02090
v -0.04783 -0.00550 0.02197
v -0.04854 -0.00550 0.02279
v -0.04957 -0.00550 0.02315
v -0.05064 -0.00550 0.02295
v -0.04105 -0.01705 -0.02919
v -0.04105 -0.01696 -0.02924
v -0.04001 -0.01725 -0.03021
v -0.04010 -0.01671 -0.03028
v -0.04005 -0.01712 -0.03023
v -0.04052 -0.01664 -0.02982
v -0.04073 -0.01657 -0.02962
v -0.04089 -0.01650 -0.02951
v -0.04104 -0.01675 -0.02935
v -0.04099 -0.01646 -0.02944
v -0.04334 -0.01013 -0.03636
v -0.04402 -0.00962 -0.03625
v -0.04407 -0.00968 -0.03629
v -0.04206 -0.01132 -0.03623
v -0.04268 -0.01070 -0.03635
v -0.04272 -0.01076 -0.03640
v -0.04349 -0.01033 -0.03663
v -0.04280 -0.01090 -0.03665
v -0.04278 -0.01086 -0.03656
v -0.04045 -0.01314 -0.03522
v -0.04048 -0.01328 -0.03536
v -0.03972 -0.01460 -0.03443
v -0.04048 -0.01335 -0.03545
v -0.04046 -0.01341 -0.03555
v -0.03964 -0.01475 -0.03462
v -0.04043 -0.01346 -0.03565
v -0.04039 -0.01349 -0.03575
v -0.03948 -0.01486 -0.03481
v -0.03971 -0.01429 -0.03414
v -0.03974 -0.01444 -0.03426
v -0.03936 -0.01565 -0.03306
v -0.04525 -0.00876 -0.03563
v -0.04463 -0.00905 -0.03597
v -0.04521 -0.00864 -0.03563
v -0.04144 -0.01219 -0.03658
v -0.03910 -0.01605 -0.03338
v -0.03927 -0.01689 -0.03176
v -0.04280 -0.01093 -0.03684
v -0.04578 -0.00909 -0.03624
v -0.04429 -0.00985 -0.03682
v -0.04571 -0.00915 -0.03610
v -0.04545 -0.00908 -0.03577
v -0.04551 -0.00912 -0.03583
v -0.04490 -0.00940 -0.03620
v -0.04561 -0.00916 -0.03596
v -0.04499 -0.00944 -0.03635
v -0.04563 -0.00916 -0.03598
v -0.04566 -0.00916 -0.03603
v -0.04390 -0.00936 -0.03620
v -0.04394 -0.00949 -0.03621
v -0.04387 -0.00937 -0.03621
v -0.04334 -0.00976 -0.03628
v -0.04325 -0.01001 -0.03630
v -0.04317 -0.00989 -0.03628
v -0.04259 -0.01058 -0.03627
v -0.04251 -0.01047 -0.03624
v -0.04192 -0.01105 -0.03610
v -0.04198 -0.01119 -0.03613
v -0.04146 -0.01156 -0.03591
v -0.04141 -0.01183 -0.03591
v -0.04133 -0.01172 -0.03584
v -0.04038 -0.01302 -0.03512
v -0.04000 -0.01367 -0.03465
v -0.03991 -0.01384 -0.03451
v -0.03961 -0.01653 -0.03117
v -0.03947 -0.01635 -0.03159
v -0.03941 -0.01661 -0.03167
v -0.03935 -0.01578 -0.03253
v -0.03937 -0.01546 -0.03294
v -0.03972 -0.01661 -0.03091
v -0.03927 -0.01586 -0.03322
v -0.04416 -0.00978 -0.03641
v -0.04411 -0.00973 -0.03634
v -0.04480 -0.00931 -0.03608
v -0.04476 -0.00925 -0.03603
v -0.04471 -0.00919 -0.03600
v -0.04148 -0.01196 -0.03602
v -0.04150 -0.01202 -0.03610
v -0.04152 -0.01207 -0.03618
v -0.04275 -0.01082 -0.03648
v -0.04152 -0.01212 -0.03628
v -0.04151 -0.01216 -0.03638
v -0.04420 -0.00982 -0.03648
v -0.04426 -0.00986 -0.03665
v -0.04525 -0.00877 -0.03563
v -0.04530 -0.00888 -0.03565
v -0.04536 -0.00898 -0.03569
v -0.04540 -0.00903 -0.03572
v -0.04352 -0.01036 -0.03681
v -0.04280 -0.01092 -0.03674
v -0.04148 -0.01218 -0.03648
v -0.04228 -0.01560 -0.02888
v -0.04461 -0.01392 -0.02897
v -0.04398 -0.01463 -0.02876
v -0.04407 -0.01471 -0.02870
v -0.04495 -0.01415 -0.02870
v -0.04553 -0.01341 -0.02908
v -0.04545 -0.01337 -0.02916
v -0.04671 -0.00883 -0.03359
v -0.04665 -0.00863 -0.03375
v -0.04684 -0.00910 -0.03272
v -0.04739 -0.01009 -0.03216
v -0.04736 -0.00959 -0.03300
v -0.04727 -0.00958 -0.03299
v -0.04607 -0.00844 -0.03482
v -0.04585 -0.00860 -0.03511
v -0.04590 -0.00874 -0.03514
v -0.04599 -0.00887 -0.03521
v -0.04611 -0.00897 -0.03531
v -0.04624 -0.00900 -0.03542
v -0.04636 -0.00899 -0.03554
v -0.04693 -0.00900 -0.03476
v -0.04646 -0.00893 -0.03564
v -0.04744 -0.01065 -0.03130
v -0.04756 -0.01007 -0.03212
v -0.04754 -0.00958 -0.03300
v -0.04622 -0.01271 -0.02940
v -0.04568 -0.01344 -0.02890
v -0.04422 -0.01484 -0.02852
v -0.04259 -0.01598 -0.02867
v -0.04265 -0.01608 -0.02857
v -0.04269 -0.01617 -0.02844
v -0.04733 -0.00920 -0.03389
v -0.04747 -0.00914 -0.03392
v -0.04706 -0.00894 -0.03482
v -0.04745 -0.00959 -0.03300
v -0.04748 -0.01009 -0.03215
v -0.04736 -0.01067 -0.03134
v -0.04727 -0.01067 -0.03137
v -0.04717 -0.01066 -0.03140
v -0.04658 -0.01199 -0.03005
v -0.04720 -0.01006 -0.03217
v -0.04708 -0.01064 -0.03141
v -0.04683 -0.01129 -0.03072
v -0.04649 -0.01197 -0.03010
v -0.04663 -0.00898 -0.03459
v -0.04671 -0.00900 -0.03463
v -0.04678 -0.00901 -0.03468
v -0.04718 -0.00956 -0.03297
v -0.04703 -0.00947 -0.03292
v -0.04703 -0.00997 -0.03214
v -0.04690 -0.01056 -0.03141
v -0.04665 -0.01121 -0.03075
v -0.04692 -0.00935 -0.03285
v -0.04690 -0.00986 -0.03208
v -0.04675 -0.01045 -0.03137
v -0.04649 -0.01109 -0.03073
v -0.04613 -0.01178 -0.03016
v -0.04716 -0.00922 -0.03385
v -0.04708 -0.00921 -0.03382
v -0.04700 -0.00918 -0.03379
v -0.04685 -0.00910 -0.03372
v -0.04676 -0.00897 -0.03365
v -0.04686 -0.00922 -0.03278
v -0.04683 -0.00973 -0.03201
v -0.04666 -0.01032 -0.03130
v -0.04638 -0.01097 -0.03067
v -0.04600 -0.01165 -0.03012
v -0.04637 -0.00861 -0.03439
v -0.04635 -0.00847 -0.03440
v -0.04651 -0.00888 -0.03450
v -0.04642 -0.00875 -0.03444
v -0.04682 -0.00952 -0.03206
v -0.04661 -0.01021 -0.03122
v -0.04631 -0.01085 -0.03060
v -0.04604 -0.01133 -0.03021
v -0.04591 -0.01153 -0.03006
v -0.04234 -0.01555 -0.02886
v -0.04247 -0.01576 -0.02880
v -0.04383 -0.01447 -0.02883
v -0.04445 -0.01377 -0.02901
v -0.04502 -0.01306 -0.02929
v -0.04527 -0.01327 -0.02926
v -0.04569 -0.01248 -0.02968
v -0.04518 -0.01320 -0.02928
v -0.04554 -0.01235 -0.02966
v -0.04369 -0.01431 -0.02883
v -0.04443 -0.01350 -0.02903
v -0.04491 -0.01293 -0.02925
v -0.04564 -0.01194 -0.02978
v -0.04415 -0.01478 -0.02862
v -0.04605 -0.01268 -0.02955
v -0.04639 -0.01194 -0.03013
v -0.04536 -0.01333 -0.02922
v -0.04630 -0.01189 -0.03016
v -0.04621 -0.01184 -0.03017
v -0.04521 -0.00550 -0.03563
v -0.04634 -0.00550 -0.03441
v -0.04684 -0.00550 -0.03282
v -0.04659 -0.00550 -0.03117
v -0.04565 -0.00550 -0.02979
v -0.04420 -0.00550 -0.02895
v -0.04254 -0.00550 -0.02883
v -0.04099 -0.00550 -0.02944
v -0.03972 -0.00550 -0.03091
v -0.03936 -0.00550 -0.03282
v -0.04000 -0.00550 -0.03465
v -0.04147 -0.00550 -0.03591
v -0.04338 -0.00550 -0.03627
v -0.04483 -0.00550 -0.03135
v -0.04519 -0.00550 -0.03238
v -0.04499 -0.00550 -0.03345
v -0.04428 -0.00550 -0.03427
v -0.04325 -0.00550 -0.03463
v -0.04219 -0.00550 -0.03443
v -0.04136 -0.00550 -0.03372
v -0.04100 -0.00550 -0.03269
v -0.04121 -0.00550 -0.03162
v -0.04191 -0.00550 -0.03080
v -0.04294 -0.00550 -0.03044
v -0.04401 -0.00550 -0.03064
v 0.00388 -0.01594 -0.05099
v 0.00388 -0.01562 -0.05104
v 0.00508 -0.01649 -0.05017
v 0.00323 -0.01493 -0.05194
v 0.00332 -0.01477 -0.05183
v 0.00314 -0.01149 -0.05503
v 0.00312 -0.01138 -0.05493
v 0.00289 -0.01252 -0.05389
v 0.00245 -0.01417 -0.05322
v 0.00408 -0.01022 -0.05676
v 0.00362 -0.01071 -0.05635
v 0.00351 -0.01076 -0.05649
v 0.00459 -0.00969 -0.05690
v 0.00459 -0.00961 -0.05682
v 0.00414 -0.01003 -0.05650
v 0.00615 -0.01725 -0.04975
v 0.00475 -0.01700 -0.05017
v 0.00489 -0.01672 -0.05023
v 0.00459 -0.00973 -0.05694
v 0.00456 -0.00982 -0.05708
v 0.00458 -0.00978 -0.05702
v 0.00413 -0.01013 -0.05662
v 0.00459 -0.00975 -0.05697
v 0.00441 -0.00987 -0.05737
v 0.00339 -0.01076 -0.05660
v 0.00446 -0.00987 -0.05730
v 0.00450 -0.00986 -0.05721
v 0.00424 -0.00980 -0.05755
v 0.00435 -0.00985 -0.05744
v 0.00436 -0.00985 -0.05743
v 0.00236 -0.01301 -0.05441
v 0.00266 -0.01536 -0.05206
v 0.00350 -0.01635 -0.05099
v 0.00306 -0.01172 -0.05528
v 0.00294 -0.01180 -0.05540
v 0.00279 -0.01184 -0.05551
v 0.00370 -0.01063 -0.05621
v 0.00312 -0.01161 -0.05515
v 0.00456 -0.00950 -0.05674
v 0.00371 -0.01041 -0.05598
v 0.00372 -0.01052 -0.05608
v 0.00452 -0.00938 -0.05669
v 0.00367 -0.01030 -0.05590
v 0.00324 -0.01107 -0.05521
v 0.00288 -0.01264 -0.05400
v 0.00293 -0.01353 -0.05297
v 0.00372 -0.01616 -0.05102
v 0.00290 -0.01525 -0.05206
v 0.00310 -0.01510 -0.05202
v 0.00556 -0.01664 -0.05000
v 0.00617 -0.01671 -0.04987
v 0.00281 -0.01394 -0.05307
v 0.00266 -0.01407 -0.05316
v 0.00255 -0.01297 -0.05435
v 0.00271 -0.01288 -0.05424
v 0.00282 -0.01277 -0.05412
v 0.00291 -0.01380 -0.05296
v 0.00314 -0.01434 -0.05223
v 0.00645 -0.01670 -0.04985
v 0.00690 -0.01662 -0.04985
v 0.00693 -0.01694 -0.04981
v 0.00904 -0.01597 -0.05054
v 0.00780 -0.01694 -0.04986
v 0.00899 -0.01591 -0.05055
v 0.00767 -0.01666 -0.04995
v 0.00887 -0.01577 -0.05054
v 0.00756 -0.01638 -0.04996
v 0.00874 -0.01555 -0.05049
v 0.00700 -0.01725 -0.04969
v 0.00795 -0.01717 -0.04969
v 0.00922 -0.01613 -0.05048
v 0.00917 -0.00949 -0.05652
v 0.00919 -0.00955 -0.05659
v 0.01013 -0.01066 -0.05544
v 0.00983 -0.01015 -0.05618
v 0.01026 -0.01074 -0.05556
v 0.01019 -0.01070 -0.05550
v 0.01040 -0.01414 -0.05217
v 0.01013 -0.01486 -0.05155
v 0.00991 -0.01470 -0.05154
v 0.01096 -0.01210 -0.05428
v 0.01064 -0.01423 -0.05217
v 0.01079 -0.01350 -0.05285
v 0.00974 -0.01556 -0.05096
v 0.00975 -0.01454 -0.05147
v 0.00893 -0.00897 -0.05655
v 0.00852 -0.00888 -0.05685
v 0.00917 -0.00930 -0.05637
v 0.00522 -0.00938 -0.05735
v 0.00523 -0.00933 -0.05728
v 0.00515 -0.00946 -0.05761
v 0.00598 -0.00912 -0.05798
v 0.00521 -0.00942 -0.05744
v 0.00523 -0.00928 -0.05721
v 0.00522 -0.00921 -0.05715
v 0.00519 -0.00908 -0.05707
v 0.00599 -0.00874 -0.05730
v 0.00590 -0.00863 -0.05727
v 0.00515 -0.00896 -0.05704
v 0.00778 -0.00851 -0.05716
v 0.00642 -0.00850 -0.05734
v 0.00687 -0.00858 -0.05735
v 0.00971 -0.00970 -0.05573
v 0.01004 -0.01042 -0.05519
v 0.01001 -0.01019 -0.05522
v 0.01027 -0.01106 -0.05455
v 0.01028 -0.01095 -0.05445
v 0.01039 -0.01174 -0.05390
v 0.01037 -0.01163 -0.05380
v 0.01036 -0.01220 -0.05327
v 0.01038 -0.01244 -0.05326
v 0.01032 -0.01255 -0.05294
v 0.01022 -0.01302 -0.05253
v 0.01028 -0.01315 -0.05263
v 0.00986 -0.01400 -0.05170
v 0.01007 -0.01385 -0.05204
v 0.00966 -0.01438 -0.05138
v 0.00922 -0.01502 -0.05089
v 0.01060 -0.01075 -0.05574
v 0.01052 -0.01077 -0.05571
v 0.01012 -0.01016 -0.05641
v 0.00792 -0.00896 -0.05798
v 0.00884 -0.00920 -0.05761
v 0.00594 -0.00906 -0.05812
v 0.00787 -0.00902 -0.05785
v 0.01043 -0.01077 -0.05567
v 0.01083 -0.01278 -0.05354
v 0.01075 -0.01207 -0.05423
v 0.01086 -0.01209 -0.05426
v 0.01057 -0.01138 -0.05491
v 0.01034 -0.01076 -0.05562
v 0.01041 -0.01130 -0.05480
v 0.01057 -0.01199 -0.05414
v 0.01062 -0.01269 -0.05348
v 0.01057 -0.01341 -0.05282
v 0.01006 -0.01054 -0.05530
v 0.01031 -0.01119 -0.05467
v 0.01045 -0.01187 -0.05402
v 0.01047 -0.01257 -0.05338
v 0.01039 -0.01329 -0.05274
v 0.01020 -0.01400 -0.05212
v 0.00604 -0.00906 -0.05756
v 0.00691 -0.00895 -0.05767
v 0.00603 -0.00901 -0.05748
v 0.00689 -0.00885 -0.05751
v 0.00603 -0.00894 -0.05742
v 0.00922 -0.00960 -0.05666
v 0.00927 -0.00963 -0.05674
v 0.00938 -0.00967 -0.05688
v 0.00602 -0.00888 -0.05737
v 0.00688 -0.00872 -0.05741
v 0.00783 -0.00852 -0.05714
v 0.00773 -0.00863 -0.05719
v 0.00773 -0.00877 -0.05725
v 0.00968 -0.00982 -0.05580
v 0.00968 -0.00995 -0.05591
v 0.01009 -0.01060 -0.05537
v 0.00603 -0.00910 -0.05764
v 0.00601 -0.00914 -0.05781
v 0.00692 -0.00899 -0.05784
v 0.00950 -0.00965 -0.05701
v 0.00851 -0.00902 -0.05692
v 0.00774 -0.00890 -0.05736
v 0.00852 -0.00915 -0.05704
v 0.00776 -0.00896 -0.05743
v 0.00854 -0.00920 -0.05711
v 0.00777 -0.00900 -0.05751
v 0.00857 -0.00924 -0.05719
v 0.00782 -0.00904 -0.05769
v 0.00865 -0.00928 -0.05735
v 0.00997 -0.01018 -0.05631
v 0.00916 -0.00943 -0.05646
v 0.00874 -0.00550 -0.05049
v 0.00452 -0.00550 -0.05669
v 0.00602 -0.00550 -0.05729
v 0.00985 -0.00550 -0.05167
v 0.01037 -0.00550 -0.05328
v 0.01012 -0.00550 -0.05495
v 0.00917 -0.00550 -0.05635
v 0.00770 -0.00550 -0.05718
v 0.00725 -0.00550 -0.04989
v 0.00338 -0.00550 -0.05546
v 0.00289 -0.00550 -0.05385
v 0.00315 -0.00550 -0.05219
v 0.00411 -0.00550 -0.05082
v 0.00557 -0.00550 -0.04999
v 0.00489 -0.00550 -0.05241
v 0.00453 -0.00550 -0.05343
v 0.00474 -0.00550 -0.05450
v 0.00545 -0.00550 -0.05533
v 0.00647 -0.00550 -0.05569
v 0.00754 -0.00550 -0.05548
v 0.00836 -0.00550 -0.05477
v 0.00872 -0.00550 -0.05375
v 0.00852 -0.00550 -0.05268
v 0.00781 -0.00550 -0.05186
v 0.00678 -0.00550 -0.05150
v 0.00572 -0.00550 -0.05170
v 0.13192 -0.00750 0.02325
v 0.12424 -0.00750 0.02172
v 0.23704 -0.01164 0.00335
v 0.23134 -0.00934 0.00448
v 0.22185 -0.00756 0.00638
v 0.22533 -0.00792 0.00568
v 0.22575 -0.00799 0.00560
v 0.22958 -0.00882 0.00484
v 0.22954 -0.00881 0.00484
v 0.22045 -0.00750 0.00665
v 0.22046 -0.00750 0.00665
v 0.22261 -0.01099 0.00822
v 0.22081 -0.00795 0.00698
v 0.22610 -0.00969 0.00634
v 0.23527 -0.01169 0.00374
v 0.23247 -0.01195 0.00452
v 0.23210 -0.01201 0.00464
v 0.22844 -0.01277 0.00600
v 0.22387 -0.01440 0.00826
v 0.23704 0.00750 0.00335
v 0.24445 0.00750 0.00252
v 0.24445 -0.02950 0.00252
v 0.23210 -0.02950 0.00463
v 0.25688 0.00750 0.00396
v 0.25688 -0.02950 0.00396
v 0.26841 0.00750 0.00885
v 0.26841 -0.02950 0.00885
v 0.27810 0.00750 0.01680
v 0.27810 -0.02950 0.01680
v 0.28515 0.00750 0.02714
v 0.28515 -0.02950 0.02714
v 0.28900 0.00750 0.03906
v 0.28900 -0.02950 0.03906
v 0.28934 0.00750 0.05158
v 0.28934 -0.02950 0.05158
v 0.28614 0.00750 0.06369
v 0.28614 -0.02950 0.06369
v 0.27966 0.00750 0.07440
v 0.27966 -0.02950 0.07440
v 0.23302 -0.03250 0.00749
v 0.22254 -0.03250 0.01262
v 0.25162 -0.03250 0.00594
v 0.24766 -0.03250 0.00555
v 0.24597 -0.03250 0.00550
v 0.24453 -0.03250 0.00552
v 0.28605 -0.03250 0.03957
v 0.28246 -0.03250 0.02846
v 0.27588 -0.03250 0.01882
v 0.26686 -0.03250 0.01142
v 0.25612 -0.03250 0.00686
v 0.25447 -0.03250 0.00646
v 0.28392 -0.03250 0.06118
v 0.28558 -0.03250 0.05576
v 0.28616 -0.03250 0.05277
v 0.28623 -0.03250 0.05227
v 0.28636 -0.03250 0.05123
v 0.27734 -0.03250 0.07250
v 0.28328 -0.03250 0.06275
v 0.28338 -0.03250 0.06252
v 0.26873 -0.03250 0.08038
v 0.28053 -0.03250 0.05642
v 0.27170 -0.03250 0.06244
v 0.27152 -0.03250 0.06217
v 0.21584 -0.03250 0.02861
v 0.21600 -0.03250 0.02772
v 0.22230 -0.03250 0.02313
v 0.28163 -0.03250 0.05503
v 0.28249 -0.03250 0.05474
v 0.28035 -0.03250 0.05615
v 0.26321 -0.03250 0.02341
v 0.26532 -0.03250 0.02730
v 0.25757 -0.03250 0.02172
v 0.23846 -0.03250 0.07305
v 0.23483 -0.03250 0.07520
v 0.23370 -0.03250 0.07128
v 0.23682 -0.03250 0.08654
v 0.23702 -0.03250 0.08608
v 0.23700 -0.03250 0.08658
v 0.23201 -0.03250 0.01129
v 0.23184 -0.03250 0.01218
v 0.23062 -0.03250 0.01327
v 0.24657 -0.03250 0.00659
v 0.27315 -0.03250 0.01664
v 0.26784 -0.03250 0.02026
v 0.27825 -0.03250 0.02412
v 0.27550 -0.03250 0.06801
v 0.27019 -0.03250 0.07377
v 0.26951 -0.03250 0.07318
v 0.27034 -0.03250 0.07153
v 0.26862 -0.03250 0.07301
v 0.26776 -0.03250 0.07331
v 0.26007 -0.03250 0.07853
v 0.26717 -0.03250 0.07399
v 0.26700 -0.03250 0.07488
v 0.25296 -0.03250 0.08684
v 0.26730 -0.03250 0.07574
v 0.26411 -0.03250 0.08310
v 0.26799 -0.03250 0.07633
v 0.26888 -0.03250 0.07650
v 0.26973 -0.03250 0.07620
v 0.27032 -0.03250 0.07551
v 0.27049 -0.03250 0.07462
v 0.27637 -0.03250 0.06650
v 0.27713 -0.03250 0.06664
v 0.27786 -0.03250 0.06639
v 0.27617 -0.03250 0.06391
v 0.27690 -0.03250 0.06365
v 0.27767 -0.03250 0.06379
v 0.27566 -0.03250 0.06450
v 0.27552 -0.03250 0.06526
v 0.27578 -0.03250 0.06599
v 0.27837 -0.03250 0.06580
v 0.27851 -0.03250 0.06503
v 0.27825 -0.03250 0.06430
v 0.28407 -0.03250 0.05401
v 0.28389 -0.03250 0.05374
v 0.28295 -0.03250 0.05230
v 0.25681 -0.03250 0.01249
v 0.25710 -0.03250 0.01335
v 0.25425 -0.03250 0.01026
v 0.25779 -0.03250 0.01394
v 0.25931 -0.03250 0.01078
v 0.26000 -0.03250 0.01138
v 0.25842 -0.03250 0.01062
v 0.25757 -0.03250 0.01092
v 0.25697 -0.03250 0.01160
v 0.25868 -0.03250 0.01411
v 0.25954 -0.03250 0.01381
v 0.26013 -0.03250 0.01312
v 0.26030 -0.03250 0.01223
v 0.23579 -0.03250 0.00975
v 0.23435 -0.03250 0.01047
v 0.23346 -0.03250 0.01030
v 0.23260 -0.03250 0.01060
v 0.22035 -0.03250 0.02027
v 0.21832 -0.03250 0.01593
v 0.20608 -0.03250 0.03574
v 0.20659 -0.03250 0.03398
v 0.20916 -0.03250 0.03754
v 0.20678 -0.03250 0.03343
v 0.20469 -0.03250 0.04442
v 0.20473 -0.03250 0.04373
v 0.20720 -0.03250 0.04233
v 0.20516 -0.03250 0.03995
v 0.20559 -0.03250 0.03997
v 0.20517 -0.03250 0.03989
v 0.21119 -0.03250 0.05315
v 0.21136 -0.03250 0.05226
v 0.21616 -0.03250 0.05548
v 0.21106 -0.03250 0.05140
v 0.21038 -0.03250 0.05081
v 0.20949 -0.03250 0.05064
v 0.20863 -0.03250 0.05094
v 0.20465 -0.03250 0.04742
v 0.20817 -0.03250 0.05337
v 0.20660 -0.03250 0.05902
v 0.20787 -0.03250 0.05252
v 0.20804 -0.03250 0.05163
v 0.20886 -0.03250 0.05396
v 0.20975 -0.03250 0.05413
v 0.21368 -0.03250 0.05718
v 0.21060 -0.03250 0.05383
v 0.21515 -0.03250 0.06500
v 0.21530 -0.03250 0.06424
v 0.21878 -0.03250 0.06466
v 0.21504 -0.03250 0.06351
v 0.21445 -0.03250 0.06300
v 0.21369 -0.03250 0.06286
v 0.21296 -0.03250 0.06311
v 0.21256 -0.03250 0.06520
v 0.21176 -0.03250 0.06959
v 0.21231 -0.03250 0.06446
v 0.21245 -0.03250 0.06370
v 0.21315 -0.03250 0.06570
v 0.21391 -0.03250 0.06585
v 0.21465 -0.03250 0.06559
v 0.22170 -0.03250 0.07242
v 0.22084 -0.03250 0.07272
v 0.22327 -0.03250 0.07318
v 0.22259 -0.03250 0.07259
v 0.22241 -0.03250 0.06998
v 0.22340 -0.03250 0.07492
v 0.22357 -0.03250 0.07403
v 0.22878 -0.03250 0.07933
v 0.22025 -0.03250 0.07340
v 0.22008 -0.03250 0.07429
v 0.21971 -0.03250 0.07826
v 0.22038 -0.03250 0.07515
v 0.22107 -0.03250 0.07574
v 0.22980 -0.03250 0.08432
v 0.22196 -0.03250 0.07591
v 0.22281 -0.03250 0.07561
v 0.23684 -0.03250 0.08582
v 0.23640 -0.03250 0.08645
v 0.23261 -0.03250 0.08538
v 0.24041 -0.03250 0.08338
v 0.23126 -0.03250 0.07763
v 0.24120 -0.03250 0.08726
v 0.24059 -0.03250 0.08365
v 0.24302 -0.03250 0.08742
v 0.24676 -0.03250 0.08376
v 0.24692 -0.03250 0.08287
v 0.25010 -0.03250 0.08533
v 0.24630 -0.03250 0.07976
v 0.24663 -0.03250 0.08201
v 0.24594 -0.03250 0.08142
v 0.24617 -0.03250 0.08444
v 0.24360 -0.03250 0.08224
v 0.24419 -0.03250 0.08155
v 0.24505 -0.03250 0.08125
v 0.24343 -0.03250 0.08313
v 0.24373 -0.03250 0.08398
v 0.24442 -0.03250 0.08457
v 0.24761 -0.03250 0.08745
v 0.24531 -0.03250 0.08474
v 0.25119 -0.03250 0.08712
v 0.26796 -0.03250 0.06256
v 0.26636 -0.03250 0.06569
v 0.26113 -0.03250 0.06922
v 0.25609 -0.03250 0.07270
v 0.25242 -0.03250 0.07315
v 0.24612 -0.03250 0.07949
v 0.24027 -0.03250 0.01633
v 0.23885 -0.03250 0.01985
v 0.23511 -0.03250 0.01985
v 0.23015 -0.03250 0.02378
v 0.22484 -0.03250 0.02685
v 0.22331 -0.03250 0.03045
v 0.25071 -0.03250 0.01267
v 0.24838 -0.03250 0.01914
v 0.24188 -0.03250 0.01869
v 0.28294 -0.03250 0.04241
v 0.27831 -0.03250 0.04556
v 0.28226 -0.03250 0.05171
v 0.28137 -0.03250 0.05154
v 0.28052 -0.03250 0.05184
v 0.27478 -0.03250 0.04797
v 0.27992 -0.03250 0.05253
v 0.27975 -0.03250 0.05342
v 0.28006 -0.03250 0.05428
v 0.28074 -0.03250 0.05487
v 0.28308 -0.03250 0.05405
v 0.28325 -0.03250 0.05316
v 0.23214 -0.03250 0.01303
v 0.23283 -0.03250 0.01362
v 0.23258 -0.03250 0.01613
v 0.23372 -0.03250 0.01379
v 0.23457 -0.03250 0.01349
v 0.23774 -0.03250 0.01261
v 0.23516 -0.03250 0.01281
v 0.23533 -0.03250 0.01192
v 0.23503 -0.03250 0.01106
v 0.21571 -0.03250 0.02687
v 0.21502 -0.03250 0.02628
v 0.21413 -0.03250 0.02611
v 0.21327 -0.03250 0.02641
v 0.21038 -0.03250 0.02706
v 0.21268 -0.03250 0.02710
v 0.21251 -0.03250 0.02799
v 0.21234 -0.03250 0.02993
v 0.21525 -0.03250 0.02930
v 0.21487 -0.03250 0.03365
v 0.21648 -0.03250 0.03601
v 0.21917 -0.03250 0.03905
v 0.21821 -0.03250 0.04855
v 0.21281 -0.03250 0.02884
v 0.21350 -0.03250 0.02943
v 0.21439 -0.03250 0.02960
v 0.22126 -0.03250 0.06296
v 0.22489 -0.03250 0.06829
v 0.22595 -0.03250 0.06570
v 0.24290 -0.03250 0.07386
v 0.21077 -0.03250 0.03990
v 0.22057 -0.03250 0.05781
v 0.20933 -0.03250 0.02746
v 0.20985 -0.03250 0.02649
v 0.21076 -0.03250 0.02494
v 0.25627 -0.03250 0.07296
v 0.26654 -0.03250 0.06596
v 0.24759 -0.03250 0.00989
v 0.24734 -0.03250 0.00916
v 0.24910 -0.03250 0.01031
v 0.24460 -0.03250 0.01012
v 0.24486 -0.03250 0.01085
v 0.24545 -0.03250 0.01135
v 0.25264 -0.03250 0.00790
v 0.24675 -0.03250 0.00865
v 0.24598 -0.03250 0.00851
v 0.24525 -0.03250 0.00876
v 0.24474 -0.03250 0.00935
v 0.24621 -0.03250 0.01150
v 0.24694 -0.03250 0.01124
v 0.24745 -0.03250 0.01065
v 0.27211 -0.03250 0.05395
v 0.27306 -0.03250 0.04445
v 0.27194 -0.03250 0.03621
v 0.27657 -0.03250 0.03306
v 0.28188 -0.03250 0.02944
v 0.27922 -0.03250 0.02852
v 0.27892 -0.03250 0.02766
v 0.27603 -0.03250 0.02963
v 0.27672 -0.03250 0.03023
v 0.27823 -0.03250 0.02707
v 0.27070 -0.03250 0.03519
v 0.26832 -0.03250 0.03089
v 0.27294 -0.03250 0.02774
v 0.27573 -0.03250 0.02878
v 0.27734 -0.03250 0.02690
v 0.27649 -0.03250 0.02720
v 0.27590 -0.03250 0.02789
v 0.27761 -0.03250 0.03039
v 0.27846 -0.03250 0.03009
v 0.27905 -0.03250 0.02941
v 0.24617 -0.02950 0.08444
v 0.24676 -0.02950 0.08376
v 0.24692 -0.02950 0.08287
v 0.24663 -0.02950 0.08201
v 0.24594 -0.02950 0.08142
v 0.24505 -0.02950 0.08125
v 0.24419 -0.02950 0.08155
v 0.24360 -0.02950 0.08224
v 0.24343 -0.02950 0.08313
v 0.24373 -0.02950 0.08398
v 0.24442 -0.02950 0.08457
v 0.24531 -0.02950 0.08474
v 0.24027 -0.02950 0.01633
v 0.24188 -0.02950 0.01869
v 0.25071 -0.02950 0.01267
v 0.24041 -0.02950 0.08338
v 0.24059 -0.02950 0.08365
v 0.24630 -0.02950 0.07976
v 0.25242 -0.02950 0.07315
v 0.24290 -0.02950 0.07386
v 0.24612 -0.02950 0.07949
v 0.20678 -0.02950 0.03341
v 0.20655 -0.02950 0.03413
v 0.20916 -0.02950 0.03754
v 0.20863 -0.02950 0.05094
v 0.20949 -0.02950 0.05064
v 0.20491 -0.02950 0.04177
v 0.25825 -0.02950 0.08551
v 0.25010 -0.02950 0.08533
v 0.24700 -0.02950 0.08748
v 0.28328 -0.02950 0.06275
v 0.27550 -0.02950 0.06801
v 0.27734 -0.02950 0.07250
v 0.27588 -0.02950 0.01882
v 0.26686 -0.02950 0.01142
v 0.27315 -0.02950 0.01664
v 0.26784 -0.02950 0.02026
v 0.25162 -0.02950 0.00594
v 0.25264 -0.02950 0.00790
v 0.25447 -0.02950 0.00646
v 0.23260 -0.02950 0.01060
v 0.23302 -0.02950 0.00749
v 0.23201 -0.02950 0.01129
v 0.22254 -0.02950 0.01262
v 0.24910 -0.02950 0.01031
v 0.24766 -0.02950 0.00555
v 0.24657 -0.02950 0.00659
v 0.24597 -0.02950 0.00550
v 0.24453 -0.02950 0.00552
v 0.23346 -0.02950 0.01030
v 0.23579 -0.02950 0.00975
v 0.23774 -0.02950 0.01261
v 0.25842 -0.02950 0.01062
v 0.25931 -0.02950 0.01078
v 0.25612 -0.02950 0.00686
v 0.25868 -0.02950 0.01411
v 0.25779 -0.02950 0.01394
v 0.26321 -0.02950 0.02341
v 0.25710 -0.02950 0.01335
v 0.25681 -0.02950 0.01249
v 0.25425 -0.02950 0.01026
v 0.25697 -0.02950 0.01160
v 0.25757 -0.02950 0.01092
v 0.26000 -0.02950 0.01138
v 0.26030 -0.02950 0.01223
v 0.26013 -0.02950 0.01312
v 0.25954 -0.02950 0.01381
v 0.28246 -0.02950 0.02846
v 0.27825 -0.02950 0.02412
v 0.28605 -0.02950 0.03957
v 0.28294 -0.02950 0.04241
v 0.28636 -0.02950 0.05123
v 0.27831 -0.02950 0.04556
v 0.27637 -0.02950 0.06650
v 0.27578 -0.02950 0.06599
v 0.27170 -0.02950 0.06244
v 0.27552 -0.02950 0.06526
v 0.27566 -0.02950 0.06450
v 0.27825 -0.02950 0.06430
v 0.27851 -0.02950 0.06503
v 0.27617 -0.02950 0.06391
v 0.27690 -0.02950 0.06365
v 0.28053 -0.02950 0.05642
v 0.27767 -0.02950 0.06379
v 0.28392 -0.02950 0.06118
v 0.28338 -0.02950 0.06252
v 0.27837 -0.02950 0.06580
v 0.27786 -0.02950 0.06639
v 0.27713 -0.02950 0.06664
v 0.26862 -0.02950 0.07301
v 0.26951 -0.02950 0.07318
v 0.27034 -0.02950 0.07153
v 0.26776 -0.02950 0.07331
v 0.26730 -0.02950 0.07574
v 0.26700 -0.02950 0.07488
v 0.26007 -0.02950 0.07853
v 0.26717 -0.02950 0.07399
v 0.26799 -0.02950 0.07633
v 0.26888 -0.02950 0.07650
v 0.26873 -0.02950 0.08038
v 0.27019 -0.02950 0.07377
v 0.27049 -0.02950 0.07462
v 0.27032 -0.02950 0.07551
v 0.26973 -0.02950 0.07620
v 0.24675 -0.02950 0.08749
v 0.24286 -0.02950 0.08741
v 0.23719 -0.02950 0.08662
v 0.23702 -0.02950 0.08608
v 0.23666 -0.02950 0.08651
v 0.23684 -0.02950 0.08582
v 0.23617 -0.02950 0.08639
v 0.23516 -0.02950 0.08614
v 0.22878 -0.02950 0.07933
v 0.22503 -0.02950 0.08194
v 0.22259 -0.02950 0.07259
v 0.22241 -0.02950 0.06998
v 0.22170 -0.02950 0.07242
v 0.22084 -0.02950 0.07272
v 0.21539 -0.02950 0.07418
v 0.22441 -0.02950 0.08158
v 0.22107 -0.02950 0.07574
v 0.22038 -0.02950 0.07515
v 0.22008 -0.02950 0.07429
v 0.22025 -0.02950 0.07340
v 0.22327 -0.02950 0.07318
v 0.23126 -0.02950 0.07763
v 0.22357 -0.02950 0.07403
v 0.22340 -0.02950 0.07492
v 0.22281 -0.02950 0.07561
v 0.22196 -0.02950 0.07591
v 0.21368 -0.02950 0.05718
v 0.20741 -0.02950 0.06133
v 0.21296 -0.02950 0.06311
v 0.21504 -0.02950 0.06351
v 0.21878 -0.02950 0.06466
v 0.21445 -0.02950 0.06300
v 0.21369 -0.02950 0.06286
v 0.21465 -0.02950 0.06559
v 0.21515 -0.02950 0.06500
v 0.21530 -0.02950 0.06424
v 0.21391 -0.02950 0.06585
v 0.21315 -0.02950 0.06570
v 0.20882 -0.02950 0.06454
v 0.21256 -0.02950 0.06520
v 0.21231 -0.02950 0.06446
v 0.21245 -0.02950 0.06370
v 0.20523 -0.02950 0.05343
v 0.20886 -0.02950 0.05396
v 0.21136 -0.02950 0.05226
v 0.21119 -0.02950 0.05315
v 0.21060 -0.02950 0.05383
v 0.20975 -0.02950 0.05413
v 0.20817 -0.02950 0.05337
v 0.20787 -0.02950 0.05252
v 0.20804 -0.02950 0.05163
v 0.21616 -0.02950 0.05548
v 0.20720 -0.02950 0.04233
v 0.21106 -0.02950 0.05140
v 0.21038 -0.02950 0.05081
v 0.20521 -0.02950 0.03970
v 0.20514 -0.02950 0.04009
v 0.20559 -0.02950 0.03997
v 0.27194 -0.02950 0.03621
v 0.27070 -0.02950 0.03519
v 0.27306 -0.02950 0.04445
v 0.26532 -0.02950 0.02730
v 0.25757 -0.02950 0.02172
v 0.24838 -0.02950 0.01914
v 0.23885 -0.02950 0.01985
v 0.22484 -0.02950 0.02685
v 0.21487 -0.02950 0.03365
v 0.22331 -0.02950 0.03045
v 0.21648 -0.02950 0.03601
v 0.21917 -0.02950 0.03905
v 0.23370 -0.02950 0.07128
v 0.22595 -0.02950 0.06570
v 0.22489 -0.02950 0.06829
v 0.22057 -0.02950 0.05781
v 0.28623 -0.02950 0.05227
v 0.28295 -0.02950 0.05230
v 0.28226 -0.02950 0.05171
v 0.28137 -0.02950 0.05154
v 0.28249 -0.02950 0.05474
v 0.28035 -0.02950 0.05615
v 0.28163 -0.02950 0.05503
v 0.28074 -0.02950 0.05487
v 0.28006 -0.02950 0.05428
v 0.27478 -0.02950 0.04797
v 0.27975 -0.02950 0.05342
v 0.27992 -0.02950 0.05253
v 0.28052 -0.02950 0.05184
v 0.28558 -0.02950 0.05576
v 0.28616 -0.02950 0.05277
v 0.28407 -0.02950 0.05401
v 0.28389 -0.02950 0.05374
v 0.28325 -0.02950 0.05316
v 0.28308 -0.02950 0.05405
v 0.23435 -0.02950 0.01047
v 0.23503 -0.02950 0.01106
v 0.23533 -0.02950 0.01192
v 0.23516 -0.02950 0.01281
v 0.23457 -0.02950 0.01349
v 0.23372 -0.02950 0.01379
v 0.23258 -0.02950 0.01613
v 0.23283 -0.02950 0.01362
v 0.23062 -0.02950 0.01327
v 0.23214 -0.02950 0.01303
v 0.23184 -0.02950 0.01218
v 0.22230 -0.02950 0.02313
v 0.22035 -0.02950 0.02027
v 0.21502 -0.02950 0.02628
v 0.21234 -0.02950 0.02993
v 0.21281 -0.02950 0.02884
v 0.21038 -0.02950 0.02706
v 0.21251 -0.02950 0.02799
v 0.21268 -0.02950 0.02710
v 0.21327 -0.02950 0.02641
v 0.21413 -0.02950 0.02611
v 0.21571 -0.02950 0.02687
v 0.21600 -0.02950 0.02772
v 0.21584 -0.02950 0.02861
v 0.21525 -0.02950 0.02930
v 0.21439 -0.02950 0.02960
v 0.21350 -0.02950 0.02943
v 0.26113 -0.02950 0.06922
v 0.25609 -0.02950 0.07270
v 0.25627 -0.02950 0.07296
v 0.26796 -0.02950 0.06256
v 0.26636 -0.02950 0.06569
v 0.26654 -0.02950 0.06596
v 0.27211 -0.02950 0.05395
v 0.27152 -0.02950 0.06217
v 0.23483 -0.02950 0.07520
v 0.28188 -0.02950 0.02944
v 0.27657 -0.02950 0.03306
v 0.27672 -0.02950 0.03023
v 0.27603 -0.02950 0.02963
v 0.27823 -0.02950 0.02707
v 0.27892 -0.02950 0.02766
v 0.27922 -0.02950 0.02852
v 0.26832 -0.02950 0.03089
v 0.27294 -0.02950 0.02774
v 0.27573 -0.02950 0.02878
v 0.27905 -0.02950 0.02941
v 0.27846 -0.02950 0.03009
v 0.27761 -0.02950 0.03039
v 0.27590 -0.02950 0.02789
v 0.27649 -0.02950 0.02720
v 0.27734 -0.02950 0.02690
v 0.22126 -0.02950 0.06296
v 0.21821 -0.02950 0.04855
v 0.21077 -0.02950 0.03990
v 0.20790 -0.02950 0.03049
v 0.21394 -0.02950 0.02050
v 0.23015 -0.02950 0.02378
v 0.23511 -0.02950 0.01985
v 0.24745 -0.02950 0.01065
v 0.24694 -0.02950 0.01124
v 0.24675 -0.02950 0.00865
v 0.24734 -0.02950 0.00916
v 0.24759 -0.02950 0.00989
v 0.24621 -0.02950 0.01150
v 0.24545 -0.02950 0.01135
v 0.24486 -0.02950 0.01085
v 0.24460 -0.02950 0.01012
v 0.24474 -0.02950 0.00935
v 0.24525 -0.02950 0.00876
v 0.24598 -0.02950 0.00851
v 0.24453 0.00809 0.00552
v 0.23763 0.00809 0.00629
v 0.27704 0.00809 0.07287
v 0.26873 0.00809 0.08038
v 0.28300 0.00809 0.06339
v 0.28338 0.00809 0.06252
v 0.28617 0.00809 0.05265
v 0.28636 0.00809 0.05123
v 0.28633 0.00809 0.04145
v 0.28605 0.00809 0.03957
v 0.28344 0.00809 0.03063
v 0.28246 0.00809 0.02846
v 0.27774 0.00809 0.02099
v 0.27588 0.00809 0.01882
v 0.26964 0.00809 0.01326
v 0.26686 0.00809 0.01142
v 0.25975 0.00809 0.00800
v 0.25612 0.00809 0.00686
v 0.24881 0.00809 0.00562
v 0.23729 0.00879 0.00462
v 0.26969 0.00879 0.08179
v 0.27834 0.00879 0.07396
v 0.28455 0.00879 0.06409
v 0.27866 0.00879 0.07358
v 0.28786 0.00879 0.05290
v 0.28495 0.00879 0.06318
v 0.28802 0.00879 0.04124
v 0.28806 0.00879 0.05143
v 0.28502 0.00879 0.02997
v 0.28773 0.00879 0.03928
v 0.27907 0.00879 0.01993
v 0.28399 0.00879 0.02771
v 0.27064 0.00879 0.01187
v 0.27714 0.00879 0.01767
v 0.26034 0.00879 0.00640
v 0.26774 0.00879 0.00996
v 0.24894 0.00879 0.00392
v 0.25655 0.00879 0.00521
v 0.26060 0.00879 0.08650
v 0.24061 0.00809 0.08719
v 0.24040 0.00879 0.08888
v 0.24675 0.00809 0.08749
v 0.25064 0.00879 0.08891
v 0.25044 0.00809 0.08722
v 0.25326 0.00879 0.08852
v 0.25825 0.00809 0.08551
v 0.26000 0.00809 0.08490
v 0.08903 -0.00550 0.00756
v 0.08800 -0.00550 0.00792
v 0.08694 -0.00550 0.00772
v 0.08611 -0.00550 0.00701
v 0.08575 -0.00550 0.00598
v 0.08596 -0.00550 0.00492
v 0.08666 -0.00550 0.00409
v 0.08769 -0.00550 0.00373
v 0.08876 -0.00550 0.00393
v 0.08958 -0.00550 0.00464
v 0.08994 -0.00550 0.00567
v 0.08974 -0.00550 0.00674
v 0.09135 -0.00550 0.00449
v 0.09158 -0.00550 0.00616
v 0.09106 -0.00550 0.00775
v 0.08996 -0.00550 0.00893
v 0.08847 -0.00550 0.00953
v 0.08679 -0.00550 0.00942
v 0.08533 -0.00550 0.00860
v 0.08437 -0.00550 0.00722
v 0.08411 -0.00550 0.00557
v 0.08459 -0.00550 0.00396
v 0.08574 -0.00550 0.00273
v 0.08730 -0.00550 0.00212
v 0.08897 -0.00550 0.00225
v 0.09042 -0.00550 0.00310
v 0.19548 -0.00550 0.01972
v 0.19445 -0.00550 0.02008
v 0.19338 -0.00550 0.01987
v 0.19256 -0.00550 0.01917
v 0.19220 -0.00550 0.01814
v 0.19240 -0.00550 0.01707
v 0.19311 -0.00550 0.01625
v 0.19414 -0.00550 0.01589
v 0.19520 -0.00550 0.01609
v 0.19603 -0.00550 0.01680
v 0.19639 -0.00550 0.01783
v 0.19619 -0.00550 0.01889
v 0.19080 -0.00550 0.01935
v 0.19055 -0.00550 0.01770
v 0.19105 -0.00550 0.01611
v 0.19218 -0.00550 0.01488
v 0.19373 -0.00550 0.01427
v 0.19540 -0.00550 0.01440
v 0.19684 -0.00550 0.01523
v 0.19778 -0.00550 0.01661
v 0.19803 -0.00550 0.01826
v 0.19754 -0.00550 0.01986
v 0.19641 -0.00550 0.02108
v 0.19485 -0.00550 0.02169
v 0.19319 -0.00550 0.02157
v 0.19174 -0.00550 0.02073
v 0.19801 -0.01384 0.01849
v 0.19794 -0.01421 0.01884
v 0.19740 -0.01546 0.02008
v 0.19726 -0.01565 0.02028
v 0.19730 -0.01074 0.01574
v 0.19683 -0.01009 0.01522
v 0.19623 -0.00950 0.01478
v 0.19747 -0.01105 0.01599
v 0.19765 -0.01143 0.01631
v 0.19802 -0.01283 0.01755
v 0.19343 -0.00845 0.01433
v 0.19466 -0.00862 0.01425
v 0.19542 -0.00894 0.01441
v 0.19602 -0.00933 0.01466
v 0.19725 -0.01086 0.01565
v 0.19635 -0.00996 0.01400
v 0.19707 -0.01054 0.01443
v 0.19694 -0.01056 0.01456
v 0.19618 -0.00962 0.01472
v 0.19678 -0.01021 0.01515
v 0.19541 -0.00931 0.01427
v 0.19542 -0.00925 0.01432
v 0.19461 -0.00889 0.01417
v 0.19750 -0.01567 0.01999
v 0.19796 -0.01523 0.01927
v 0.19767 -0.01589 0.01993
v 0.19559 -0.00942 0.01357
v 0.19265 -0.00897 0.01371
v 0.19367 -0.00899 0.01376
v 0.19278 -0.00905 0.01399
v 0.19272 -0.00903 0.01384
v 0.19290 -0.00865 0.01448
v 0.19792 -0.01608 0.01992
v 0.19819 -0.01540 0.01921
v 0.19855 -0.01406 0.01773
v 0.19853 -0.01334 0.01699
v 0.19752 -0.01121 0.01506
v 0.19783 -0.01187 0.01576
v 0.19791 -0.01189 0.01569
v 0.19818 -0.01258 0.01637
v 0.19842 -0.01332 0.01703
v 0.19801 -0.01250 0.01651
v 0.19822 -0.01323 0.01715
v 0.19833 -0.01396 0.01781
v 0.19832 -0.01469 0.01850
v 0.19812 -0.01454 0.01860
v 0.19800 -0.01437 0.01872
v 0.19816 -0.01383 0.01793
v 0.19807 -0.01368 0.01807
v 0.19809 -0.01311 0.01729
v 0.19803 -0.01297 0.01743
v 0.19791 -0.01238 0.01666
v 0.19788 -0.01225 0.01680
v 0.19762 -0.01155 0.01621
v 0.19763 -0.01167 0.01607
v 0.19288 -0.00892 0.01431
v 0.19284 -0.00901 0.01416
v 0.19373 -0.00886 0.01409
v 0.19370 -0.00895 0.01394
v 0.19459 -0.00902 0.01405
v 0.19458 -0.00911 0.01390
v 0.19541 -0.00942 0.01412
v 0.19541 -0.00937 0.01420
v 0.19679 -0.01050 0.01480
v 0.19675 -0.01040 0.01496
v 0.19675 -0.01034 0.01503
v 0.19614 -0.00975 0.01462
v 0.19776 -0.01183 0.01584
v 0.19770 -0.01179 0.01591
v 0.19677 -0.01045 0.01489
v 0.19465 -0.00875 0.01423
v 0.19376 -0.00858 0.01425
v 0.19375 -0.00873 0.01420
v 0.19290 -0.00879 0.01442
v 0.19546 -0.00912 0.01440
v 0.19766 -0.01173 0.01599
v 0.19724 -0.01099 0.01552
v 0.19617 -0.00995 0.01432
v 0.19542 -0.00946 0.01403
v 0.19546 -0.00949 0.01386
v 0.19458 -0.00915 0.01372
v 0.19461 -0.00913 0.01355
v 0.19365 -0.00897 0.01360
v 0.19363 -0.00891 0.01346
v 0.19464 -0.00907 0.01341
v 0.19552 -0.00948 0.01369
v 0.19625 -0.00998 0.01415
v 0.19683 -0.01053 0.01472
v 0.19738 -0.01118 0.01521
v 0.19304 -0.00550 0.07987
v 0.19202 -0.00550 0.08023
v 0.19095 -0.00550 0.08003
v 0.19013 -0.00550 0.07932
v 0.18977 -0.00550 0.07830
v 0.18997 -0.00550 0.07723
v 0.19068 -0.00550 0.07640
v 0.19170 -0.00550 0.07605
v 0.19277 -0.00550 0.07625
v 0.19360 -0.00550 0.07696
v 0.19395 -0.00550 0.07798
v 0.19375 -0.00550 0.07905
v 0.18837 -0.00550 0.07951
v 0.18812 -0.00550 0.07786
v 0.18861 -0.00550 0.07626
v 0.18975 -0.00550 0.07504
v 0.19124 -0.00550 0.07444
v 0.19292 -0.00550 0.07454
v 0.19438 -0.00550 0.07536
v 0.19534 -0.00550 0.07674
v 0.19560 -0.00550 0.07840
v 0.19511 -0.00550 0.08001
v 0.19397 -0.00550 0.08124
v 0.19242 -0.00550 0.08185
v 0.19076 -0.00550 0.08172
v 0.18931 -0.00550 0.08089
v 0.18975 -0.01563 0.07504
v 0.19397 -0.00945 0.08124
v 0.19480 -0.01039 0.08046
v 0.19560 -0.01273 0.07839
v 0.19560 -0.01263 0.07848
v 0.19535 -0.01149 0.07951
v 0.19503 -0.01075 0.08015
v 0.19557 -0.01362 0.07757
v 0.19535 -0.01447 0.07678
v 0.19519 -0.01485 0.07641
v 0.19467 -0.01563 0.07565
v 0.19232 -0.01671 0.07442
v 0.19293 -0.01665 0.07454
v 0.19345 -0.01649 0.07474
v 0.19440 -0.01590 0.07538
v 0.19093 -0.01641 0.07451
v 0.19159 -0.01662 0.07440
v 0.19204 -0.01670 0.07439
v 0.18844 -0.01039 0.07967
v 0.18828 -0.01081 0.07926
v 0.18812 -0.01174 0.07838
v 0.18812 -0.01231 0.07785
v 0.18838 -0.01356 0.07673
v 0.18860 -0.01408 0.07629
v 0.18882 -0.01449 0.07595
v 0.18826 -0.01314 0.07711
v 0.18822 -0.01105 0.07903
v 0.19056 -0.00855 0.08166
v 0.18994 -0.00878 0.08136
v 0.18933 -0.00919 0.08091
v 0.18879 -0.00977 0.08029
v 0.19075 -0.00851 0.08172
v 0.19208 -0.00851 0.08188
v 0.19260 -0.00865 0.08182
v 0.19335 -0.00900 0.08158
v 0.18933 -0.00953 0.08108
v 0.18934 -0.00947 0.08102
v 0.18999 -0.00904 0.08148
v 0.18931 -0.01620 0.07504
v 0.18950 -0.01600 0.07509
v 0.18856 -0.01482 0.07610
v 0.18997 -0.00891 0.08140
v 0.18932 -0.00934 0.08092
v 0.19250 -0.00875 0.08185
v 0.19163 -0.00858 0.08190
v 0.19389 -0.00978 0.08149
v 0.19389 -0.00981 0.08152
v 0.19325 -0.00937 0.08183
v 0.19251 -0.00913 0.08253
v 0.19340 -0.00948 0.08232
v 0.19424 -0.00985 0.08211
v 0.19402 -0.00993 0.08186
v 0.19406 -0.00993 0.08192
v 0.19411 -0.00992 0.08198
v 0.19413 -0.00991 0.08200
v 0.19390 -0.00984 0.08157
v 0.19392 -0.00987 0.08163
v 0.19328 -0.00946 0.08199
v 0.19390 -0.00966 0.08136
v 0.19330 -0.00911 0.08162
v 0.19392 -0.00956 0.08129
v 0.19076 -0.00863 0.08174
v 0.18811 -0.01186 0.07849
v 0.18822 -0.01117 0.07913
v 0.18846 -0.01050 0.07976
v 0.18841 -0.01397 0.07661
v 0.18820 -0.01327 0.07722
v 0.18810 -0.01256 0.07785
v 0.18872 -0.01465 0.07604
v 0.18962 -0.01585 0.07509
v 0.18921 -0.01628 0.07499
v 0.18834 -0.01498 0.07612
v 0.18782 -0.01437 0.07675
v 0.18755 -0.01366 0.07744
v 0.18798 -0.01085 0.08030
v 0.18807 -0.01086 0.08026
v 0.18838 -0.01023 0.08098
v 0.18816 -0.01085 0.08021
v 0.18763 -0.01221 0.07886
v 0.18793 -0.01149 0.07950
v 0.18768 -0.01363 0.07744
v 0.18765 -0.01290 0.07814
v 0.18773 -0.01218 0.07883
v 0.18809 -0.01141 0.07938
v 0.18792 -0.01210 0.07873
v 0.18786 -0.01282 0.07807
v 0.18791 -0.01354 0.07741
v 0.18807 -0.01427 0.07676
v 0.18827 -0.01413 0.07670
v 0.18809 -0.01341 0.07733
v 0.18801 -0.01270 0.07797
v 0.18804 -0.01198 0.07861
v 0.18818 -0.01129 0.07925
v 0.18844 -0.01063 0.07988
v 0.19246 -0.00911 0.08219
v 0.19246 -0.00907 0.08210
v 0.19326 -0.00942 0.08190
v 0.19159 -0.00895 0.08222
v 0.19246 -0.00902 0.08203
v 0.19326 -0.00931 0.08176
v 0.19246 -0.00896 0.08197
v 0.19247 -0.00889 0.08191
v 0.19160 -0.00886 0.08206
v 0.19075 -0.00891 0.08191
v 0.19072 -0.00900 0.08206
v 0.18997 -0.00917 0.08160
v 0.18824 -0.01082 0.08015
v 0.18831 -0.01079 0.08008
v 0.18867 -0.01021 0.08075
v 0.18928 -0.00964 0.08122
v 0.18924 -0.00968 0.08130
v 0.18992 -0.00926 0.08175
v 0.18931 -0.00959 0.08115
v 0.18837 -0.01074 0.08001
v 0.19076 -0.00878 0.08180
v 0.19162 -0.00872 0.08196
v 0.19326 -0.00925 0.08170
v 0.19389 -0.00975 0.08145
v 0.18841 -0.01069 0.07995
v 0.18882 -0.01001 0.08047
v 0.18882 -0.00989 0.08037
v 0.19255 -0.00907 0.08267
v 0.19157 -0.00897 0.08256
v 0.19156 -0.00891 0.08270
v 0.19062 -0.00902 0.08240
v 0.19057 -0.00896 0.08253
v 0.18900 -0.00969 0.08157
v 0.18966 -0.00922 0.08217
v 0.18853 -0.01024 0.08089
v 0.19333 -0.00950 0.08216
v 0.19248 -0.00915 0.08236
v 0.19157 -0.00899 0.08239
v 0.19068 -0.00904 0.08224
v 0.18985 -0.00930 0.08191
v 0.18913 -0.00971 0.08145
v 0.19396 -0.00991 0.08175
v 0.19477 -0.01071 0.08078
v 0.19475 -0.01061 0.08064
v 0.19535 -0.01171 0.07973
v 0.19234 -0.01725 0.07430
v 0.19360 -0.01673 0.07478
v 0.19462 -0.01599 0.07555
v 0.19527 -0.01501 0.07651
v 0.19558 -0.01390 0.07754
v 0.19560 -0.01275 0.07859
v 0.19533 -0.01159 0.07960
v 0.19476 -0.01049 0.08054
v 0.19507 -0.01085 0.08117
v 0.19495 -0.01084 0.08106
v 0.19611 -0.01313 0.07902
v 0.19567 -0.01195 0.08010
v 0.19499 -0.01642 0.07555
v 0.19560 -0.01534 0.07664
v 0.19552 -0.01190 0.07999
v 0.19592 -0.01308 0.07895
v 0.19604 -0.01428 0.07782
v 0.19583 -0.01418 0.07776
v 0.19576 -0.01299 0.07884
v 0.19541 -0.01182 0.07986
v 0.19484 -0.01079 0.08092
v 0.19566 -0.01287 0.07871
v 0.19568 -0.01405 0.07766
v 0.19540 -0.01518 0.07660
v 0.19478 -0.01622 0.07558
v 0.19373 -0.01701 0.07472
v 0.19157 -0.01694 0.07436
v 0.19151 -0.01724 0.07424
v 0.19071 -0.01696 0.07441
v 0.19083 -0.01669 0.07449
v 0.19057 -0.01720 0.07425
v 0.19613 -0.00050 0.07922
v 0.19610 -0.00050 0.08006
v 0.19641 -0.00050 0.08084
v 0.19702 -0.00050 0.08142
v 0.19782 -0.00050 0.08170
v 0.19619 -0.00050 0.07737
v 0.19550 -0.00050 0.07566
v 0.19383 -0.00050 0.07420
v 0.19166 -0.00050 0.07374
v 0.18954 -0.00050 0.07440
v 0.18801 -0.00050 0.07600
v 0.18746 -0.00050 0.07815
v 0.18522 -0.00050 0.08014
v 0.18605 -0.00050 0.08006
v 0.18679 -0.00050 0.07965
v 0.18729 -0.00050 0.07897
v 0.09857 -0.00050 0.06942
v 0.09688 -0.00050 0.06695
v 0.09685 -0.00050 0.06779
v 0.09717 -0.00050 0.06857
v 0.09778 -0.00050 0.06915
v 0.09695 -0.00050 0.06510
v 0.09625 -0.00050 0.06339
v 0.09458 -0.00050 0.06193
v 0.09242 -0.00050 0.06147
v 0.09030 -0.00050 0.06213
v 0.08877 -0.00050 0.06373
v 0.08822 -0.00050 0.06588
v 0.08597 -0.00050 0.06786
v 0.08681 -0.00050 0.06779
v 0.08754 -0.00050 0.06738
v 0.08804 -0.00050 0.06670
v -0.00067 -0.00050 0.05715
v -0.00236 -0.00050 0.05467
v -0.00239 -0.00050 0.05552
v -0.00207 -0.00050 0.05629
v -0.00146 -0.00050 0.05687
v -0.00230 -0.00050 0.05283
v -0.00299 -0.00050 0.05111
v -0.00461 -0.00050 0.04968
v -0.00673 -0.00050 0.04919
v -0.00881 -0.00050 0.04977
v -0.01037 -0.00050 0.05128
v -0.01102 -0.00050 0.05334
v -0.01349 -0.00050 0.05517
v -0.01262 -0.00050 0.05519
v -0.01183 -0.00050 0.05484
v -0.01126 -0.00050 0.05418
v -0.02436 -0.00050 0.05131
v -0.03422 -0.00050 0.04533
v -0.04267 -0.00050 0.03748
v -0.04937 -0.00050 0.02809
v 0.18891 -0.00050 0.01837
v 0.18925 -0.00050 0.01993
v 0.19067 -0.00050 0.02198
v 0.21982 -0.00050 0.08442
v 0.21994 -0.00050 0.08343
v 0.19794 -0.00050 0.08071
v 0.19758 -0.00050 0.08059
v 0.19724 -0.00050 0.08028
v 0.19707 -0.00050 0.07985
v 0.19709 -0.00050 0.07947
v 0.19718 -0.00050 0.07720
v 0.19632 -0.00050 0.07510
v 0.19506 -0.00050 0.07379
v 0.19276 -0.00050 0.07281
v 0.18881 -0.00050 0.01800
v 0.19056 -0.00050 0.02031
v 0.19207 -0.00050 0.02178
v 0.19409 -0.00050 0.02238
v 0.21730 -0.00050 0.01156
v 0.21710 -0.00050 0.01058
v 0.20017 -0.00050 0.01498
v 0.19997 -0.00050 0.01400
v 0.19982 -0.00050 0.01512
v 0.19920 -0.00050 0.01433
v 0.19950 -0.00050 0.01546
v 0.19863 -0.00050 0.01495
v 0.19937 -0.00050 0.01590
v 0.19837 -0.00050 0.01575
v 0.19942 -0.00050 0.01627
v 0.19847 -0.00050 0.01659
v 0.19969 -0.00050 0.01785
v 0.19863 -0.00050 0.01870
v 0.19918 -0.00050 0.02029
v 0.19780 -0.00050 0.02064
v 0.19762 -0.00050 0.02224
v 0.19616 -0.00050 0.02197
v 0.19535 -0.00050 0.02328
v 0.19285 -0.00050 0.02319
v 0.08635 -0.00050 0.00996
v 0.08459 -0.00050 0.00879
v 0.08315 -0.00050 0.00849
v 0.08359 -0.00050 0.00693
v 0.09102 -0.00050 0.06071
v 0.08887 -0.00050 0.06198
v 0.08752 -0.00050 0.06408
v 0.08722 -0.00050 0.06588
v 0.08715 -0.00050 0.06625
v 0.08688 -0.00050 0.06663
v 0.08647 -0.00050 0.06685
v 0.08609 -0.00050 0.06687
v -0.00055 -0.00050 0.05616
v -0.00091 -0.00050 0.05604
v -0.00125 -0.00050 0.05573
v -0.00141 -0.00050 0.05530
v -0.00139 -0.00050 0.05492
v -0.00131 -0.00050 0.05265
v -0.00217 -0.00050 0.05055
v -0.00340 -0.00050 0.04926
v -0.00563 -0.00050 0.04828
v 0.19026 -0.00050 0.07298
v 0.18811 -0.00050 0.07425
v 0.18676 -0.00050 0.07635
v 0.18646 -0.00050 0.07815
v 0.18639 -0.00050 0.07852
v 0.18612 -0.00050 0.07890
v 0.18572 -0.00050 0.07912
v 0.18534 -0.00050 0.07915
v 0.09870 -0.00050 0.06843
v 0.09834 -0.00050 0.06831
v 0.09799 -0.00050 0.06800
v 0.09783 -0.00050 0.06757
v 0.09785 -0.00050 0.06719
v 0.09793 -0.00050 0.06493
v 0.09708 -0.00050 0.06282
v 0.09581 -0.00050 0.06151
v 0.09351 -0.00050 0.06054
v -0.04967 -0.00050 0.01666
v -0.05050 -0.00050 0.01571
v -0.05171 -0.00050 0.01713
v -0.05216 -0.00050 0.01624
v -0.05255 -0.00050 0.01734
v -0.05254 -0.00050 0.01634
v -0.05341 -0.00050 0.01718
v -0.05301 -0.00050 0.01626
v -0.05411 -0.00050 0.01666
v -0.05339 -0.00050 0.01597
v -0.05453 -0.00050 0.01590
v -0.05357 -0.00050 0.01562
v -0.05662 -0.00050 0.00456
v -0.05562 -0.00050 0.00448
v -0.05637 -0.00050 -0.00697
v -0.05538 -0.00050 -0.00685
v -0.05380 -0.00050 -0.01821
v -0.05285 -0.00050 -0.01789
v -0.04901 -0.00050 -0.02871
v -0.04815 -0.00050 -0.02820
v -0.04842 -0.00050 -0.02934
v -0.04789 -0.00050 -0.02849
v -0.04761 -0.00050 -0.02967
v -0.04745 -0.00050 -0.02868
v -0.04674 -0.00050 -0.02962
v -0.04697 -0.00050 -0.02865
v -0.04598 -0.00050 -0.02921
v -0.04663 -0.00050 -0.02845
v -0.04411 -0.00050 -0.02825
v -0.04521 -0.00050 -0.02757
v -0.04202 -0.00050 -0.02827
v -0.04281 -0.00050 -0.02714
v -0.04017 -0.00050 -0.02925
v -0.00807 -0.00050 0.04839
v -0.01022 -0.00050 0.04956
v -0.01163 -0.00050 0.05155
v -0.01202 -0.00050 0.05329
v -0.01212 -0.00050 0.05367
v -0.01242 -0.00050 0.05404
v -0.01286 -0.00050 0.05422
v -0.01325 -0.00050 0.05420
v -0.02393 -0.00050 0.05041
v -0.03362 -0.00050 0.04454
v -0.04192 -0.00050 0.03682
v -0.04850 -0.00050 0.02760
v -0.04962 -0.00050 0.02726
v -0.04862 -0.00050 0.02723
v -0.04950 -0.00050 0.02640
v -0.04856 -0.00050 0.02675
v -0.04902 -0.00050 0.02567
v -0.04829 -0.00050 0.02636
v -0.04828 -0.00050 0.02521
v -0.04796 -0.00050 0.02616
v -0.04659 -0.00050 0.02415
v -0.04606 -0.00050 0.02502
v -0.04555 -0.00050 0.02244
v -0.04460 -0.00050 0.02275
v -0.04537 -0.00050 0.02044
v -0.04442 -0.00050 0.02006
v -0.04609 -0.00050 0.01858
v -0.04526 -0.00050 0.01802
v -0.04764 -0.00050 0.01718
v -0.04646 -0.00050 0.01675
v -0.04838 -0.00050 0.01583
v 0.08396 -0.00050 0.00196
v 0.08356 -0.00050 0.00482
v 0.08500 -0.00050 0.00137
v 0.08452 -0.00050 0.00294
v 0.08493 -0.00050 0.00220
v 0.08377 -0.00050 0.00229
v 0.08291 -0.00050 0.00363
v 0.08245 -0.00050 0.00609
v 0.08484 -0.00050 0.01031
v 0.08718 -0.00050 0.01119
v 0.08845 -0.00050 0.01019
v 0.08966 -0.00050 0.01091
v 0.09041 -0.00050 0.00940
v 0.09176 -0.00050 0.00955
v 0.09178 -0.00050 0.00780
v 0.09268 -0.00050 0.00824
v 0.09231 -0.00050 0.00714
v 0.09291 -0.00050 0.00794
v 0.09306 -0.00050 0.00676
v 0.09331 -0.00050 0.00773
v 0.09390 -0.00050 0.00672
v 0.09378 -0.00050 0.00771
v 0.09468 -0.00050 0.00703
v 0.09413 -0.00050 0.00786
v 0.11543 -0.00050 0.02091
v 0.11487 -0.00050 0.02174
v 0.12321 -0.00050 0.02475
v 0.12288 -0.00050 0.02569
v 0.13171 -0.00050 0.02644
v 0.13165 -0.00050 0.02744
v 0.14037 -0.00050 0.02587
v 0.14057 -0.00050 0.02685
v 0.18752 -0.00050 0.01648
v 0.18771 -0.00050 0.01746
v 0.18836 -0.00050 0.01649
v 0.18809 -0.00050 0.01746
v 0.18912 -0.00050 0.01685
v 0.18852 -0.00050 0.01764
v 0.18967 -0.00050 0.01749
v 0.18990 -0.00050 0.01830
v -0.04047 -0.00050 -0.02782
v -0.03866 -0.00050 -0.02946
v -0.03898 -0.00050 -0.03097
v -0.03776 -0.00050 -0.03173
v -0.03873 -0.00050 -0.03305
v -0.03795 -0.00050 -0.03416
v -0.03946 -0.00050 -0.03501
v -0.03864 -0.00050 -0.03558
v -0.04069 -0.00050 -0.03622
v -0.04014 -0.00050 -0.03705
v -0.04129 -0.00050 -0.03684
v -0.04041 -0.00050 -0.03732
v -0.04158 -0.00050 -0.03766
v -0.04058 -0.00050 -0.03777
v -0.04149 -0.00050 -0.03853
v -0.04052 -0.00050 -0.03825
v -0.04104 -0.00050 -0.03927
v -0.04031 -0.00050 -0.03858
v -0.03226 -0.00050 -0.04675
v -0.03169 -0.00050 -0.04593
v -0.02215 -0.00050 -0.05230
v -0.02176 -0.00050 -0.05138
v -0.01113 -0.00050 -0.05570
v -0.01093 -0.00050 -0.05472
v 0.00036 -0.00050 -0.05680
v 0.00035 -0.00050 -0.05580
v 0.00120 -0.00050 -0.05660
v 0.00073 -0.00050 -0.05572
v 0.00189 -0.00050 -0.05607
v 0.00112 -0.00050 -0.05543
v 0.00228 -0.00050 -0.05529
v 0.00132 -0.00050 -0.05500
v 0.00231 -0.00050 -0.05442
v 0.00133 -0.00050 -0.05461
v 0.00240 -0.00050 -0.05238
v 0.00130 -0.00050 -0.05272
v 0.00340 -0.00050 -0.05061
v 0.00242 -0.00050 -0.05021
v 0.00509 -0.00050 -0.04947
v 0.00462 -0.00050 -0.04858
v 0.00712 -0.00050 -0.04922
v 0.00735 -0.00050 -0.04824
v 0.00903 -0.00050 -0.04991
v 0.00989 -0.00050 -0.04929
v 0.01044 -0.00050 -0.05139
v 0.01159 -0.00050 -0.05145
v 0.01102 -0.00050 -0.05334
v 0.01202 -0.00050 -0.05329
v 0.01126 -0.00050 -0.05418
v 0.01212 -0.00050 -0.05367
v 0.01183 -0.00050 -0.05484
v 0.01242 -0.00050 -0.05403
v 0.01262 -0.00050 -0.05519
v 0.01286 -0.00050 -0.05422
v 0.01349 -0.00050 -0.05517
v 0.01326 -0.00050 -0.05420
v 0.02643 -0.00050 -0.05027
v 0.02597 -0.00050 -0.04939
v 0.03781 -0.00050 -0.04239
v 0.03714 -0.00050 -0.04164
v 0.04693 -0.00050 -0.03199
v 0.04611 -0.00050 -0.03143
v 0.04970 -0.00050 -0.02750
v 0.04883 -0.00050 -0.02701
v 0.05431 -0.00050 -0.02110
v 0.05357 -0.00050 -0.02043
v 0.06029 -0.00050 -0.01597
v 0.05974 -0.00050 -0.01514
v 0.08413 -0.00050 -0.00003
v 0.08357 -0.00050 0.00080
v 0.08471 -0.00050 0.00057
v 0.08384 -0.00050 0.00107
v 0.08401 -0.00050 0.00150
v 0.21551 -0.00746 0.01192
v 0.20017 -0.00746 0.01498
v 0.21662 -0.00936 0.01330
v 0.21637 -0.00970 0.01365
v 0.21661 -0.00833 0.01247
v 0.21666 -0.00853 0.01263
v 0.21670 -0.00890 0.01292
v 0.21558 -0.00746 0.01191
v 0.21590 -0.00754 0.01192
v 0.21633 -0.00785 0.01212
v 0.21554 -0.00746 0.01191
v 0.21059 -0.01053 0.01604
v 0.20589 -0.01450 0.02102
v 0.20985 -0.01450 0.01978
v 0.21257 -0.01294 0.01747
v 0.21111 -0.01450 0.01923
v 0.21073 -0.01450 0.01972
v 0.21886 -0.00970 0.08142
v 0.21713 -0.01096 0.08001
v 0.21507 -0.01269 0.07815
v 0.20474 -0.01450 0.03026
v 0.20186 -0.01450 0.04204
v 0.20231 -0.01450 0.05416
v 0.20605 -0.01450 0.06570
v 0.21279 -0.01450 0.07578
v 0.21321 -0.01450 0.07624
v 0.21813 -0.00746 0.08320
v 0.21817 -0.00746 0.08321
v 0.21821 -0.00746 0.08321
v 0.21855 -0.00755 0.08316
v 0.21892 -0.00783 0.08296
v 0.21906 -0.00803 0.08281
v 0.21919 -0.00833 0.08257
v 0.21925 -0.00882 0.08218
v 0.21925 -0.00891 0.08211
v 0.21910 -0.00944 0.08167
v 0.21901 -0.00957 0.08156
v 0.21782 -0.00815 0.08249
v 0.21658 -0.00831 0.08215
v 0.21739 -0.00788 0.08269
v 0.19379 -0.01450 0.07309
v 0.19493 -0.01405 0.07370
v 0.20787 -0.01450 0.07484
v 0.19632 -0.01282 0.07510
v 0.19794 -0.00746 0.08071
v 0.19744 -0.00760 0.08049
v 0.19777 -0.00747 0.08067
v 0.19723 -0.00780 0.08027
v 0.19715 -0.00793 0.08013
v 0.19650 -0.01257 0.07537
v 0.19719 -0.01078 0.07726
v 0.21211 -0.01110 0.07879
v 0.19723 -0.01052 0.07753
v 0.19709 -0.00858 0.07947
v 0.19707 -0.00821 0.07984
v 0.18779 -0.01227 0.07459
v 0.18722 -0.01143 0.07538
v 0.18722 -0.00650 0.07538
v 0.18653 -0.00946 0.07728
v 0.18646 -0.00858 0.07815
v 0.18653 -0.00650 0.07728
v 0.18676 -0.00650 0.07635
v 0.18810 -0.01264 0.07426
v 0.18929 -0.01366 0.07339
v 0.19024 -0.01417 0.07299
v 0.19307 -0.01450 0.07288
v 0.19307 -0.00650 0.07288
v 0.19108 -0.01446 0.07280
v 0.19108 -0.00650 0.07280
v 0.19276 -0.00650 0.07281
v 0.18534 -0.00746 0.07915
v 0.18569 -0.00752 0.07913
v 0.18604 -0.00772 0.07897
v 0.18613 -0.00780 0.07890
v 0.18638 -0.00817 0.07856
v 0.13345 -0.00746 0.07273
v 0.09870 -0.00746 0.06843
v 0.13345 -0.00650 0.07273
v 0.13548 -0.00650 0.07298
v 0.13548 -0.00746 0.07298
v 0.13289 -0.01450 0.06556
v 0.13189 -0.00650 0.05297
v 0.13189 -0.01450 0.05297
v 0.13165 -0.01450 0.05202
v 0.13092 -0.01450 0.05099
v 0.12982 -0.01450 0.05035
v 0.12856 -0.01450 0.05022
v 0.12762 -0.01450 0.05049
v 0.10336 -0.01450 0.06191
v 0.12762 -0.00650 0.05049
v 0.09784 -0.00650 0.06451
v 0.09784 -0.01124 0.06451
v 0.13723 -0.00650 0.04375
v 0.13900 -0.00650 0.04544
v 0.14004 -0.00650 0.04464
v 0.13990 -0.00650 0.05000
v 0.18992 -0.00650 0.02115
v 0.18925 -0.00650 0.01993
v 0.18907 -0.00650 0.01934
v 0.13503 -0.00650 0.04389
v 0.13121 -0.00650 0.04445
v 0.13841 -0.00650 0.04662
v 0.13838 -0.00650 0.04793
v 0.12856 -0.00650 0.05022
v 0.12982 -0.00650 0.05035
v 0.13092 -0.00650 0.05099
v 0.13891 -0.00650 0.04914
v 0.13165 -0.00650 0.05202
v 0.13629 -0.00650 0.04402
v 0.13400 -0.00650 0.05434
v 0.13410 -0.00650 0.05329
v 0.13479 -0.00650 0.05207
v 0.12950 -0.00650 0.04739
v 0.09699 -0.00650 0.06270
v 0.09708 -0.00650 0.06282
v 0.13393 -0.00650 0.04325
v 0.13320 -0.00650 0.04222
v 0.13296 -0.00650 0.04127
v 0.13530 -0.00650 0.05163
v 0.13597 -0.00650 0.05129
v 0.13737 -0.00650 0.05113
v 0.13841 -0.00650 0.05147
v 0.13108 -0.00650 0.04557
v 0.13042 -0.00650 0.04671
v 0.13186 -0.00650 0.02745
v 0.13165 -0.00650 0.02744
v 0.12984 -0.00650 0.02727
v 0.14004 -0.01450 0.04464
v 0.17869 -0.01450 0.02644
v 0.18992 -0.01151 0.02115
v 0.13990 -0.01450 0.05000
v 0.17972 -0.01450 0.07135
v 0.19108 -0.01450 0.07276
v 0.19307 -0.01450 0.02357
v 0.13838 -0.01450 0.04793
v 0.13891 -0.01450 0.04914
v 0.13841 -0.01450 0.04662
v 0.13900 -0.01450 0.04544
v 0.19308 -0.00650 0.02324
v 0.19308 -0.01418 0.02324
v 0.19065 -0.01246 0.02197
v 0.19132 -0.01310 0.02249
v 0.19297 -0.01413 0.02322
v 0.19508 -0.00650 0.02333
v 0.18891 -0.00858 0.01837
v 0.18907 -0.00957 0.01934
v 0.19968 -0.01068 0.01838
v 0.19942 -0.00858 0.01627
v 0.19925 -0.01232 0.02012
v 0.19812 -0.01373 0.02179
v 0.19764 -0.01406 0.02222
v 0.19659 -0.01450 0.02287
v 0.19535 -0.01450 0.02328
v 0.19508 -0.01450 0.02333
v 0.17055 -0.01450 0.02806
v 0.13723 -0.01450 0.04375
v 0.13296 -0.01450 0.04127
v 0.13320 -0.01450 0.04222
v 0.13393 -0.01450 0.04325
v 0.13503 -0.01450 0.04389
v 0.13629 -0.01450 0.04402
v 0.14194 -0.01450 0.03376
v 0.13243 -0.01450 0.03453
v 0.13186 -0.00746 0.02745
v 0.13213 -0.01081 0.03082
v 0.14057 -0.00746 0.02685
v 0.12984 -0.00746 0.02727
v 0.12263 -0.00746 0.02560
v 0.11487 -0.00746 0.02174
v 0.13041 -0.01450 0.03441
v 0.13121 -0.01450 0.04445
v 0.13011 -0.01081 0.03067
v 0.12950 -0.01450 0.04739
v 0.12991 -0.01450 0.04716
v 0.13108 -0.01450 0.04557
v 0.13042 -0.01450 0.04671
v 0.12031 -0.01450 0.03225
v 0.11095 -0.01450 0.02759
v 0.08944 -0.01450 0.01320
v 0.09319 -0.01450 0.06050
v 0.09351 -0.01450 0.06054
v 0.09455 -0.01450 0.06082
v 0.09964 -0.01450 0.06145
v 0.08722 -0.00858 0.06588
v 0.08739 -0.00998 0.06449
v 0.08821 -0.01181 0.06275
v 0.08885 -0.01263 0.06199
v 0.09319 -0.00650 0.06050
v 0.09120 -0.00650 0.06066
v 0.08945 -0.01320 0.06149
v 0.09101 -0.01417 0.06071
v 0.09120 -0.01425 0.06066
v 0.09559 -0.01409 0.06136
v 0.09699 -0.01294 0.06270
v 0.09795 -0.01073 0.06505
v 0.09785 -0.00858 0.06719
v 0.09819 -0.00760 0.06822
v 0.09853 -0.00747 0.06840
v 0.09799 -0.00780 0.06800
v 0.09791 -0.00793 0.06785
v 0.09782 -0.00821 0.06757
v 0.08609 -0.00746 0.06687
v 0.08645 -0.00752 0.06686
v 0.08680 -0.00772 0.06669
v 0.08688 -0.00780 0.06662
v 0.08714 -0.00817 0.06628
v -0.00055 -0.00746 0.05616
v 0.09118 -0.01450 0.06041
v -0.00470 -0.01450 0.04855
v -0.00356 -0.01405 0.04915
v -0.00199 -0.01257 0.05083
v -0.00217 -0.01282 0.05055
v -0.00142 -0.00821 0.05529
v -0.00134 -0.00793 0.05558
v -0.00139 -0.00858 0.05492
v -0.00126 -0.01052 0.05298
v -0.00125 -0.00780 0.05572
v -0.00105 -0.00760 0.05595
v -0.00072 -0.00747 0.05612
v -0.00130 -0.01078 0.05271
v 0.08484 -0.01450 0.01031
v 0.08601 -0.01450 0.01090
v 0.08732 -0.01450 0.01178
v -0.01158 -0.01450 0.04736
v -0.00720 -0.01450 0.04822
v 0.04839 -0.01450 -0.01566
v -0.00563 -0.01450 0.04828
v 0.05582 -0.01450 -0.00929
v 0.08386 -0.01450 0.00946
v -0.03522 -0.01450 -0.03371
v 0.00476 -0.01450 -0.04852
v 0.00031 -0.01450 -0.04876
v -0.03816 -0.01450 -0.03035
v -0.03866 -0.01450 -0.02946
v 0.00720 -0.01450 -0.04822
v -0.04681 -0.01450 0.01365
v -0.04536 -0.01450 0.01787
v -0.04526 -0.01450 0.01802
v -0.04442 -0.01450 0.02006
v -0.04440 -0.01450 0.02014
v -0.04238 -0.01450 0.02411
v -0.03663 -0.01450 0.03218
v 0.04266 -0.01450 -0.02360
v 0.03688 -0.01450 -0.03189
v -0.03964 -0.01450 -0.02839
v -0.04207 -0.01450 -0.02464
v -0.04618 -0.01450 -0.01564
v -0.02938 -0.01450 0.03891
v -0.02091 -0.01450 0.04405
v 0.02770 -0.01450 -0.04013
v 0.01674 -0.01450 -0.04579
v -0.00955 -0.01450 -0.04781
v -0.01901 -0.01450 -0.04490
v -0.02769 -0.01450 -0.04013
v -0.04839 -0.01450 -0.00598
v -0.04860 -0.01450 0.00391
v 0.08727 -0.00650 0.01120
v 0.08727 -0.01404 0.01120
v 0.08719 -0.01408 0.01119
v 0.09268 -0.00858 0.00824
v 0.09166 -0.01030 0.00965
v 0.08926 -0.00650 0.01104
v 0.09120 -0.01091 0.01006
v 0.08968 -0.01246 0.01091
v 0.08926 -0.01280 0.01104
v 0.08361 -0.01440 0.00918
v 0.08339 -0.01427 0.00887
v 0.08245 -0.01243 0.00604
v 0.08289 -0.01378 0.00796
v 0.08314 -0.01407 0.00848
v 0.08273 -0.01069 0.00412
v 0.08377 -0.00858 0.00229
v 0.09331 -0.00780 0.00773
v 0.09293 -0.00817 0.00792
v 0.09380 -0.00752 0.00772
v 0.09342 -0.00772 0.00770
v 0.09413 -0.00746 0.00786
v 0.08392 -0.00760 0.00121
v 0.08371 -0.00747 0.00091
v 0.08401 -0.00780 0.00151
v 0.08357 -0.00746 0.00080
v 0.08402 -0.00793 0.00167
v 0.05974 -0.00746 -0.01514
v 0.08396 -0.00821 0.00197
v 0.04883 -0.00746 -0.02701
v 0.05357 -0.00746 -0.02043
v 0.04611 -0.00746 -0.03143
v 0.01242 -0.00782 -0.05403
v 0.01915 -0.00746 -0.05241
v 0.01255 -0.00770 -0.05412
v 0.01326 -0.00746 -0.05420
v 0.01291 -0.00752 -0.05423
v 0.01202 -0.00863 -0.05329
v 0.01150 -0.01071 -0.05127
v 0.01038 -0.01248 -0.04971
v 0.00991 -0.01297 -0.04930
v 0.00889 -0.01376 -0.04869
v 0.02597 -0.00746 -0.04939
v 0.01217 -0.00814 -0.05376
v 0.04221 -0.00746 -0.03650
v 0.03714 -0.00746 -0.04164
v 0.03170 -0.00746 -0.04592
v 0.00240 -0.01297 -0.05023
v 0.00353 -0.01396 -0.04917
v 0.00134 -0.01074 -0.05249
v 0.00210 -0.01257 -0.05065
v 0.00216 -0.01266 -0.05055
v 0.00133 -0.00863 -0.05461
v 0.00112 -0.00782 -0.05542
v 0.00087 -0.00760 -0.05565
v 0.00084 -0.00804 -0.05521
v 0.00049 -0.00747 -0.05579
v 0.00035 -0.00746 -0.05580
v 0.00132 -0.00824 -0.05500
v 0.00123 -0.00798 -0.05526
v -0.03864 -0.01074 -0.03558
v -0.03793 -0.01225 -0.03411
v -0.03771 -0.01372 -0.03212
v -0.04058 -0.00782 -0.03776
v -0.04047 -0.00814 -0.03742
v -0.04014 -0.00863 -0.03705
v -0.04031 -0.00746 -0.03858
v -0.04051 -0.00752 -0.03829
v -0.04023 -0.00804 -0.03781
v -0.04059 -0.00770 -0.03793
v -0.04008 -0.00870 -0.03701
v -0.03169 -0.00746 -0.04593
v -0.02176 -0.00746 -0.05138
v -0.01093 -0.00746 -0.05472
v -0.04292 -0.01248 -0.02714
v -0.04115 -0.01376 -0.02750
v -0.04049 -0.01414 -0.02781
v -0.04482 -0.01072 -0.02742
v -0.04663 -0.00863 -0.02845
v -0.04661 -0.01376 0.01665
v -0.04739 -0.00804 -0.02833
v -0.04744 -0.00782 -0.02868
v -0.04776 -0.00760 -0.02858
v -0.04807 -0.00747 -0.02832
v -0.04815 -0.00746 -0.02820
v -0.04697 -0.00824 -0.02864
v -0.04724 -0.00798 -0.02869
v -0.05314 -0.00770 0.01619
v -0.05300 -0.00782 0.01626
v -0.05286 -0.00804 0.01593
v -0.05264 -0.00814 0.01634
v -0.05216 -0.00863 0.01624
v -0.05015 -0.01071 0.01567
v -0.04824 -0.01248 0.01587
v -0.05285 -0.00746 -0.01789
v -0.05538 -0.00746 -0.00685
v -0.05562 -0.00746 0.00448
v -0.05357 -0.00746 0.01562
v -0.05342 -0.00752 0.01593
v -0.04439 -0.01376 0.02189
v -0.04461 -0.01317 0.02278
v -0.04496 -0.01248 0.02360
v -0.04615 -0.01072 0.02511
v -0.04796 -0.00863 0.02616
v -0.04823 -0.00804 0.02687
v -0.04856 -0.00782 0.02674
v -0.04863 -0.00760 0.02707
v -0.04856 -0.00747 0.02747
v -0.04850 -0.00746 0.02760
v -0.04829 -0.00824 0.02635
v -0.04847 -0.00798 0.02656
v -0.01255 -0.00770 0.05412
v -0.01242 -0.00782 0.05403
v -0.01263 -0.00804 0.05375
v -0.01038 -0.01248 0.04971
v -0.01150 -0.01071 0.05127
v -0.01202 -0.00863 0.05329
v -0.01217 -0.00814 0.05376
v -0.00889 -0.01376 0.04869
v -0.00810 -0.01419 0.04840
v -0.04192 -0.00746 0.03682
v -0.03362 -0.00746 0.04454
v -0.02393 -0.00746 0.05041
v -0.01325 -0.00746 0.05420
v -0.01291 -0.00752 0.05423
v 0.18771 -0.00746 0.01746
v 0.18826 -0.00760 0.01750
v 0.18789 -0.00747 0.01744
v 0.18852 -0.00780 0.01765
v 0.18865 -0.00793 0.01776
v 0.18882 -0.00821 0.01801
v 0.19984 -0.00752 0.01510
v 0.19956 -0.00772 0.01537
v 0.19950 -0.00780 0.01546
v 0.19936 -0.00817 0.01587
v 0.20859 -0.01450 0.07494
v 0.17422 -0.01450 0.07067
v 0.13841 -0.01450 0.05147
v 0.13597 -0.01450 0.05129
v 0.13479 -0.01450 0.05207
v 0.13737 -0.01450 0.05113
v 0.13410 -0.01450 0.05329
v 0.13400 -0.01450 0.05434
v 0.13491 -0.01450 0.06581
v 0.21334 -0.01560 0.07934
f 1 2 3
f 3 2 4
f 5 6 7
f 7 6 8
f 7 8 9
f 9 8 10
f 9 10 11
f 11 10 12
f 11 12 13
f 13 12 14
f 13 14 15
f 15 14 16
f 15 16 17
f 17 16 18
f 17 18 19
f 19 18 20
f 19 20 21
f 21 20 22
f 21 22 23
f 23 22 24
f 23 24 4
f 4 24 25
f 4 25 3
f 26 27 28
f 28 27 29
f 28 29 30
f 30 29 31
f 30 31 32
f 32 31 33
f 32 33 34
f 34 33 35
f 34 35 36
f 36 35 37
f 36 37 38
f 38 37 39
f 38 39 40
f 40 39 41
f 40 41 42
f 41 43 42
f 42 43 44
f 42 44 45
f 45 44 46
f 45 46 47
f 47 46 48
f 47 48 49
f 49 48 50
f 49 50 51
f 51 50 52
f 51 52 53
f 53 52 54
f 53 54 55
f 55 54 56
f 55 56 57
f 57 56 58
f 57 58 59
f 59 58 60
f 59 60 61
f 61 60 62
f 61 62 63
f 63 62 64
f 63 64 65
f 65 64 66
f 65 66 67
f 67 66 68
f 67 68 69
f 69 68 70
f 69 70 71
f 71 70 72
f 71 72 73
f 73 72 74
f 73 74 5
f 5 74 75
f 5 75 6
f 76 77 78
f 78 77 79
f 80 81 79
f 79 81 82
f 79 82 78
f 80 83 81
f 81 83 84
f 81 84 85
f 85 84 86
f 85 86 87
f 87 86 88
f 87 88 89
f 89 88 90
f 89 90 91
f 91 90 92
f 91 92 93
f 93 92 94
f 93 94 95
f 95 94 96
f 95 96 97
f 97 96 98
f 97 98 99
f 100 101 102
f 102 101 103
f 102 103 104
f 104 103 105
f 104 105 106
f 106 105 107
f 106 107 108
f 108 107 109
f 108 109 110
f 110 109 111
f 110 111 112
f 112 111 113
f 112 113 114
f 114 113 115
f 114 115 116
f 116 115 117
f 98 118 99
f 99 118 119
f 99 119 120
f 120 119 121
f 120 121 122
f 122 121 123
f 122 123 124
f 124 123 125
f 124 125 126
f 126 125 127
f 126 127 128
f 128 127 129
f 128 129 130
f 130 129 131
f 130 131 132
f 132 131 133
f 132 133 134
f 134 133 135
f 134 135 136
f 136 135 137
f 136 137 138
f 138 137 139
f 138 139 140
f 140 139 141
f 140 141 142
f 142 141 143
f 142 143 144
f 144 143 145
f 144 145 146
f 146 145 147
f 146 147 148
f 148 147 149
f 148 149 117
f 117 149 150
f 117 150 116
f 77 1 79
f 79 1 3
f 79 3 80
f 80 3 25
f 27 26 100
f 100 26 101
f 1 77 2
f 2 77 76
f 101 26 103
f 103 26 28
f 103 28 105
f 105 28 30
f 105 30 107
f 107 30 32
f 107 32 109
f 109 32 34
f 109 34 111
f 111 34 36
f 111 36 113
f 113 36 38
f 113 38 115
f 115 38 40
f 115 40 117
f 117 40 42
f 117 42 148
f 148 42 45
f 148 45 146
f 146 45 47
f 146 47 144
f 144 47 49
f 144 49 142
f 142 49 51
f 142 51 140
f 140 51 53
f 140 53 138
f 138 53 55
f 138 55 136
f 136 55 57
f 136 57 134
f 134 57 59
f 134 59 132
f 132 59 61
f 132 61 130
f 130 61 63
f 130 63 128
f 128 63 65
f 128 65 126
f 126 65 67
f 126 67 124
f 124 67 69
f 124 69 122
f 122 69 71
f 122 71 120
f 120 71 73
f 120 73 99
f 99 73 5
f 99 5 97
f 97 5 7
f 97 7 95
f 95 7 9
f 95 9 93
f 93 9 11
f 93 11 91
f 91 11 13
f 91 13 89
f 89 13 15
f 89 15 87
f 87 15 17
f 87 17 85
f 85 17 19
f 85 19 81
f 81 19 21
f 81 21 82
f 82 21 23
f 82 23 78
f 78 23 4
f 78 4 76
f 76 4 2
f 80 25 24
f 80 24 83
f 83 24 22
f 83 22 84
f 84 22 20
f 84 20 86
f 86 20 18
f 86 18 88
f 88 18 16
f 88 16 90
f 90 16 14
f 90 14 92
f 92 14 12
f 92 12 94
f 94 12 10
f 94 10 96
f 96 10 8
f 96 8 98
f 98 8 6
f 98 6 118
f 118 6 75
f 118 75 119
f 119 75 74
f 119 74 121
f 121 74 72
f 121 72 123
f 123 72 70
f 123 70 125
f 125 70 68
f 125 68 127
f 127 68 66
f 127 66 129
f 129 66 64
f 129 64 131
f 131 64 62
f 131 62 133
f 133 62 60
f 133 60 135
f 135 60 58
f 135 58 137
f 137 58 56
f 137 56 139
f 139 56 54
f 139 54 141
f 141 54 52
f 141 52 143
f 143 52 50
f 143 50 145
f 145 50 48
f 145 48 147
f 147 48 46
f 147 46 149
f 149 46 44
f 149 44 150
f 150 44 43
f 150 43 116
f 116 43 41
f 116 41 114
f 114 41 39
f 114 39 112
f 112 39 37
f 112 37 110
f 110 37 35
f 110 35 108
f 108 35 33
f 108 33 106
f 106 33 31
f 106 31 104
f 104 31 29
f 104 29 102
f 102 29 27
f 102 27 100
f 151 152 153
f 154 155 151
f 156 157 158
f 159 160 155
f 161 162 163
f 164 165 166
f 167 168 169
f 170 171 172
f 173 174 175
f 176 177 178
f 162 179 163
f 163 179 180
f 163 180 177
f 177 180 181
f 177 181 178
f 182 183 184
f 178 185 176
f 176 185 186
f 176 186 187
f 187 186 188
f 187 188 183
f 183 188 189
f 183 189 184
f 184 190 182
f 182 190 191
f 182 191 192
f 193 194 195
f 193 195 160
f 196 197 151
f 151 197 198
f 151 198 152
f 152 198 199
f 152 199 200
f 195 201 160
f 160 201 202
f 160 202 155
f 155 202 203
f 155 203 151
f 151 203 204
f 151 204 196
f 194 193 205
f 205 193 206
f 205 206 207
f 208 209 210
f 211 212 213
f 213 212 214
f 213 214 215
f 214 216 215
f 215 216 217
f 215 217 210
f 210 217 218
f 210 218 208
f 219 220 221
f 220 222 221
f 221 222 223
f 221 223 224
f 225 226 227
f 227 228 225
f 225 228 229
f 225 229 230
f 230 229 231
f 232 233 227
f 227 233 234
f 227 234 228
f 232 227 235
f 235 227 236
f 235 236 237
f 238 239 240
f 240 239 241
f 240 241 242
f 242 241 243
f 242 243 236
f 236 243 244
f 236 244 237
f 245 246 247
f 247 246 248
f 249 250 246
f 246 250 251
f 246 251 248
f 252 253 254
f 253 255 254
f 254 255 256
f 254 256 249
f 249 256 257
f 249 257 250
f 258 259 260
f 260 259 261
f 172 171 262
f 171 263 262
f 262 263 264
f 262 264 265
f 265 264 266
f 265 266 267
f 170 172 268
f 268 172 269
f 268 269 270
f 271 272 273
f 272 274 273
f 273 274 275
f 273 275 269
f 269 275 276
f 269 276 270
f 271 273 277
f 277 273 278
f 277 278 279
f 280 281 279
f 279 281 282
f 279 282 277
f 169 168 283
f 284 285 286
f 285 287 286
f 286 287 288
f 286 288 289
f 247 290 245
f 245 290 291
f 245 291 286
f 286 291 292
f 286 292 284
f 293 294 295
f 295 294 296
f 295 296 297
f 293 298 294
f 294 298 299
f 294 299 300
f 300 299 301
f 302 303 304
f 298 305 299
f 299 305 306
f 299 306 303
f 303 306 307
f 303 307 304
f 304 308 302
f 302 308 309
f 302 309 310
f 311 312 296
f 296 312 313
f 296 313 297
f 309 311 310
f 310 311 296
f 310 296 314
f 314 296 221
f 315 316 221
f 221 316 317
f 221 317 219
f 223 211 224
f 224 211 213
f 224 213 318
f 318 213 215
f 318 215 319
f 320 319 289
f 320 321 322
f 322 321 323
f 324 325 323
f 326 327 328
f 323 325 327
f 327 325 329
f 327 329 328
f 330 165 331
f 331 165 164
f 331 164 332
f 330 333 165
f 165 333 334
f 165 334 335
f 328 336 326
f 326 336 337
f 326 337 164
f 164 337 338
f 164 338 332
f 339 240 340
f 340 240 242
f 340 242 341
f 341 242 342
f 343 344 164
f 164 344 345
f 344 346 345
f 345 346 347
f 345 347 342
f 342 347 348
f 342 348 341
f 339 349 240
f 240 349 350
f 240 350 166
f 166 350 351
f 351 352 166
f 166 352 353
f 166 353 164
f 164 353 354
f 164 354 343
f 226 355 356
f 356 355 357
f 356 357 358
f 358 357 161
f 161 357 182
f 161 182 162
f 162 182 192
f 162 192 179
f 359 360 361
f 361 360 362
f 361 362 176
f 176 362 363
f 176 363 177
f 364 365 366
f 367 368 369
f 367 369 370
f 371 372 365
f 365 372 373
f 365 373 366
f 366 374 364
f 364 374 375
f 364 375 376
f 376 375 377
f 376 377 378
f 378 377 379
f 378 379 380
f 380 379 381
f 380 381 382
f 383 384 385
f 382 370 380
f 380 370 369
f 380 369 386
f 386 369 387
f 386 387 384
f 384 387 388
f 384 388 385
f 389 390 391
f 391 390 392
f 391 392 393
f 393 392 394
f 385 395 383
f 383 395 396
f 383 396 397
f 397 396 398
f 397 398 399
f 394 400 393
f 393 400 401
f 393 401 387
f 387 401 402
f 387 402 388
f 207 206 403
f 403 206 404
f 403 404 405
f 405 404 397
f 405 397 391
f 391 397 399
f 391 399 389
f 406 407 157
f 157 407 408
f 159 155 156
f 156 155 154
f 156 154 157
f 157 154 409
f 157 409 406
f 408 410 157
f 157 410 411
f 157 411 158
f 412 413 154
f 154 413 414
f 154 414 409
f 415 416 417
f 417 416 418
f 417 418 419
f 410 420 411
f 411 420 421
f 411 421 416
f 416 421 422
f 416 422 418
f 423 424 425
f 425 424 426
f 427 428 429
f 427 429 430
f 431 432 433
f 433 432 434
f 433 434 435
f 435 434 436
f 435 436 437
f 437 436 438
f 439 440 438
f 438 440 441
f 438 441 437
f 442 443 432
f 444 445 446
f 447 448 449
f 443 442 450
f 450 442 451
f 450 451 445
f 445 451 452
f 445 452 446
f 453 454 300
f 448 455 449
f 449 455 456
f 449 456 451
f 451 456 457
f 451 457 452
f 446 458 444
f 444 458 459
f 444 459 301
f 301 459 460
f 301 460 300
f 300 460 461
f 300 461 453
f 419 412 417
f 417 412 154
f 417 154 462
f 462 154 151
f 462 151 463
f 463 151 153
f 463 153 265
f 425 175 254
f 254 175 174
f 254 174 252
f 464 173 465
f 465 173 175
f 465 175 466
f 466 175 425
f 466 425 438
f 438 425 426
f 438 426 439
f 436 467 438
f 438 467 468
f 438 468 466
f 466 468 469
f 466 469 465
f 465 469 260
f 465 260 464
f 464 260 261
f 267 258 265
f 265 258 260
f 265 260 463
f 463 260 469
f 463 469 462
f 462 469 468
f 462 468 417
f 417 468 467
f 417 467 415
f 368 371 369
f 369 371 365
f 369 365 387
f 387 365 470
f 387 470 393
f 393 470 471
f 221 296 315
f 315 296 294
f 315 294 472
f 472 294 300
f 472 300 449
f 449 300 454
f 449 454 447
f 376 359 364
f 364 359 361
f 364 361 365
f 365 361 176
f 365 176 470
f 470 176 187
f 470 187 471
f 471 187 183
f 431 430 432
f 432 430 429
f 432 429 442
f 442 429 473
f 442 473 451
f 451 473 474
f 451 474 449
f 449 474 475
f 449 475 472
f 472 475 476
f 472 476 315
f 315 476 210
f 315 210 316
f 316 210 209
f 316 209 317
f 319 215 289
f 289 215 210
f 289 210 286
f 286 210 476
f 286 476 245
f 245 476 475
f 245 475 246
f 246 475 474
f 246 474 249
f 249 474 473
f 249 473 254
f 254 473 429
f 254 429 425
f 425 429 428
f 425 428 423
f 320 289 321
f 321 289 477
f 321 477 323
f 278 225 279
f 279 225 230
f 279 230 280
f 280 230 478
f 280 478 167
f 167 478 477
f 167 477 168
f 168 477 289
f 168 289 283
f 283 289 288
f 226 225 355
f 355 225 278
f 355 278 357
f 357 278 273
f 357 273 182
f 182 273 269
f 182 269 183
f 183 269 172
f 183 172 471
f 471 172 262
f 471 262 393
f 393 262 265
f 393 265 391
f 391 265 153
f 391 153 405
f 405 153 152
f 405 152 403
f 403 152 200
f 403 200 207
f 231 238 230
f 230 238 240
f 230 240 478
f 478 240 166
f 478 166 477
f 477 166 165
f 477 165 323
f 323 165 335
f 323 335 324
f 479 480 481
f 482 483 484
f 485 486 487
f 488 489 490
f 489 488 491
f 492 493 494
f 495 496 497
f 498 499 500
f 501 502 503
f 504 489 505
f 506 507 508
f 509 510 482
f 482 510 511
f 482 511 483
f 483 511 512
f 483 512 513
f 512 514 513
f 513 514 515
f 513 515 516
f 516 515 517
f 516 517 518
f 518 517 519
f 520 521 522
f 522 521 523
f 522 523 524
f 524 523 525
f 524 525 526
f 526 525 527
f 526 527 509
f 509 527 528
f 509 528 510
f 520 506 521
f 521 506 508
f 521 508 529
f 529 508 530
f 529 530 531
f 531 530 532
f 531 532 517
f 517 532 533
f 517 533 519
f 491 534 535
f 491 535 489
f 489 535 536
f 489 536 505
f 537 538 539
f 504 505 540
f 540 505 541
f 540 541 542
f 542 541 543
f 543 541 544
f 543 544 545
f 545 544 546
f 545 546 539
f 539 546 547
f 539 547 537
f 537 548 538
f 538 548 549
f 538 549 550
f 550 549 551
f 550 551 552
f 552 551 553
f 553 551 554
f 553 554 555
f 481 480 556
f 557 479 558
f 558 479 559
f 558 559 560
f 560 559 561
f 560 561 562
f 563 564 561
f 561 564 565
f 566 557 567
f 567 557 568
f 567 568 569
f 569 568 570
f 569 570 571
f 572 573 574
f 574 573 575
f 574 575 576
f 576 575 577
f 576 577 578
f 562 561 579
f 579 561 565
f 579 565 572
f 572 565 580
f 572 580 573
f 581 582 583
f 583 582 584
f 583 584 585
f 585 584 576
f 585 576 586
f 586 576 578
f 566 587 557
f 557 587 588
f 557 588 479
f 479 588 589
f 479 589 480
f 590 591 592
f 592 593 590
f 590 593 569
f 590 569 581
f 581 569 571
f 581 571 582
f 561 594 563
f 563 594 595
f 563 595 596
f 596 595 597
f 598 599 600
f 600 599 601
f 600 601 602
f 602 601 603
f 598 604 599
f 599 604 605
f 599 605 606
f 606 605 607
f 606 607 597
f 597 607 608
f 597 608 596
f 609 601 610
f 610 601 599
f 610 599 611
f 611 599 612
f 612 599 613
f 613 599 614
f 613 614 615
f 616 617 618
f 618 617 619
f 618 619 620
f 620 619 621
f 620 621 622
f 622 621 623
f 622 623 624
f 624 623 625
f 624 625 609
f 609 625 626
f 609 626 601
f 615 614 627
f 627 614 628
f 627 628 629
f 628 630 629
f 629 630 631
f 629 631 632
f 632 631 633
f 632 633 618
f 618 633 634
f 618 634 616
f 635 636 637
f 637 636 638
f 637 638 639
f 639 638 640
f 639 640 641
f 641 640 642
f 641 642 643
f 643 642 644
f 643 644 614
f 614 644 645
f 614 645 628
f 646 647 648
f 649 650 637
f 637 650 651
f 637 651 635
f 652 653 654
f 654 653 655
f 654 655 656
f 656 655 657
f 656 657 658
f 659 660 661
f 661 660 662
f 661 662 648
f 648 662 663
f 648 663 646
f 646 663 664
f 646 664 665
f 665 664 666
f 665 666 637
f 637 666 667
f 637 667 649
f 649 668 650
f 650 668 669
f 650 669 670
f 670 669 653
f 670 653 671
f 671 653 652
f 671 652 672
f 673 674 675
f 675 676 673
f 673 676 656
f 673 656 659
f 659 656 658
f 659 658 660
f 484 677 678
f 678 677 679
f 678 679 646
f 646 679 680
f 646 680 647
f 513 681 483
f 483 681 682
f 483 682 484
f 484 682 683
f 484 683 677
f 684 685 686
f 686 685 687
f 686 687 688
f 689 690 691
f 691 690 692
f 691 692 509
f 509 692 693
f 509 693 526
f 694 695 686
f 686 695 696
f 686 696 684
f 684 696 697
f 684 697 698
f 698 697 699
f 698 699 700
f 502 701 702
f 702 703 502
f 502 703 704
f 502 704 705
f 705 704 706
f 705 706 707
f 501 708 502
f 502 708 698
f 502 698 701
f 701 698 700
f 709 710 711
f 711 710 698
f 711 698 712
f 712 698 708
f 713 714 487
f 487 714 715
f 716 717 718
f 718 717 719
f 718 719 706
f 706 719 720
f 706 720 707
f 486 721 487
f 487 721 722
f 487 722 713
f 486 723 724
f 725 721 726
f 726 721 486
f 726 486 727
f 727 486 724
f 723 486 728
f 728 486 485
f 728 485 729
f 729 485 730
f 729 730 731
f 724 732 727
f 727 732 733
f 727 733 734
f 734 733 735
f 734 735 736
f 737 738 730
f 730 738 739
f 740 741 742
f 742 741 743
f 742 743 744
f 744 743 745
f 731 730 746
f 746 730 739
f 746 739 745
f 745 739 747
f 745 747 744
f 748 749 750
f 750 749 734
f 750 734 740
f 740 734 736
f 740 736 741
f 730 751 737
f 737 751 752
f 737 752 753
f 753 752 754
f 753 754 755
f 755 754 756
f 757 758 756
f 756 758 759
f 756 759 760
f 761 762 763
f 763 762 764
f 763 764 765
f 766 767 768
f 768 767 769
f 768 769 760
f 760 769 770
f 760 770 756
f 756 770 771
f 756 771 755
f 766 768 772
f 772 768 773
f 772 773 774
f 774 773 775
f 774 775 776
f 764 777 765
f 765 777 778
f 765 778 779
f 779 778 780
f 779 780 781
f 781 780 782
f 781 782 783
f 783 784 781
f 781 784 785
f 781 785 786
f 786 785 787
f 786 787 788
f 788 787 789
f 788 789 775
f 775 789 790
f 775 790 776
f 504 791 489
f 489 791 792
f 489 792 490
f 490 792 762
f 490 762 757
f 757 762 761
f 757 761 758
f 538 793 794
f 795 796 797
f 797 796 539
f 797 539 798
f 798 539 538
f 798 538 799
f 799 538 794
f 554 534 555
f 555 534 491
f 555 491 800
f 800 491 801
f 800 801 802
f 802 801 803
f 804 805 806
f 806 805 803
f 806 803 807
f 807 803 801
f 807 801 808
f 808 801 491
f 809 810 811
f 811 810 812
f 811 812 813
f 814 810 815
f 815 810 809
f 815 809 816
f 816 809 817
f 816 817 818
f 818 817 819
f 818 819 820
f 820 819 821
f 821 819 822
f 821 822 823
f 824 806 825
f 823 822 825
f 825 822 826
f 825 826 824
f 824 827 806
f 806 827 828
f 806 828 804
f 804 828 829
f 830 831 832
f 832 831 813
f 832 813 833
f 833 813 812
f 830 834 831
f 831 834 835
f 831 835 836
f 836 835 837
f 836 837 829
f 829 837 838
f 829 838 804
f 839 840 841
f 841 840 842
f 841 842 825
f 825 842 843
f 825 843 823
f 844 845 846
f 846 845 847
f 846 847 848
f 848 847 849
f 848 849 839
f 839 849 850
f 839 850 840
f 851 852 853
f 854 855 856
f 856 855 857
f 856 857 858
f 858 857 859
f 858 859 860
f 859 851 860
f 860 851 853
f 860 853 861
f 861 853 862
f 861 862 863
f 863 862 864
f 863 864 865
f 865 864 866
f 866 498 865
f 865 498 500
f 865 500 867
f 867 500 868
f 867 868 869
f 869 868 844
f 869 844 870
f 870 844 846
f 870 846 871
f 871 846 872
f 871 872 873
f 854 873 855
f 855 873 872
f 855 872 874
f 874 872 875
f 874 875 876
f 877 878 879
f 879 878 880
f 879 880 881
f 881 880 882
f 881 882 883
f 883 882 884
f 884 882 885
f 884 885 886
f 886 885 887
f 886 887 875
f 875 887 888
f 875 888 876
f 889 890 891
f 891 890 892
f 891 892 879
f 879 892 893
f 879 893 894
f 877 879 895
f 895 879 894
f 895 894 896
f 896 894 897
f 896 897 495
f 495 897 898
f 495 898 496
f 496 898 899
f 496 899 900
f 901 902 903
f 903 902 904
f 905 906 907
f 905 907 904
f 904 907 908
f 904 908 903
f 909 497 910
f 910 497 496
f 910 496 911
f 911 496 912
f 913 914 915
f 900 901 496
f 496 901 903
f 496 903 912
f 912 903 913
f 912 913 916
f 916 913 915
f 905 917 906
f 906 917 890
f 906 890 918
f 918 890 889
f 918 889 919
f 919 889 920
f 919 920 921
f 921 920 922
f 921 922 923
f 923 922 924
f 925 926 927
f 927 926 928
f 927 928 929
f 929 928 494
f 929 494 930
f 930 494 931
f 932 926 933
f 933 926 925
f 933 925 934
f 934 925 935
f 934 935 936
f 936 935 937
f 936 937 938
f 589 939 480
f 480 939 940
f 480 940 556
f 556 940 941
f 556 941 942
f 942 941 943
f 942 943 944
f 494 493 931
f 931 493 945
f 931 945 946
f 938 937 944
f 944 937 947
f 944 947 942
f 945 948 946
f 946 948 924
f 946 924 949
f 949 924 922
f 949 922 950
f 950 922 951
f 950 951 952
f 952 951 942
f 952 942 953
f 953 942 947
f 954 955 494
f 494 955 956
f 494 956 492
f 714 957 715
f 715 957 716
f 715 716 958
f 958 716 718
f 958 718 959
f 959 718 960
f 706 961 718
f 718 961 962
f 718 962 960
f 960 962 694
f 960 694 963
f 963 694 686
f 963 686 689
f 689 686 688
f 689 688 690
f 964 965 966
f 966 965 967
f 968 969 970
f 970 969 967
f 970 967 971
f 971 967 965
f 968 972 969
f 969 972 973
f 969 973 974
f 974 973 975
f 974 975 976
f 976 975 977
f 977 978 976
f 976 978 979
f 976 979 980
f 979 981 980
f 980 981 982
f 980 982 983
f 984 985 986
f 986 985 983
f 986 983 987
f 987 983 982
f 984 988 985
f 985 988 989
f 985 989 990
f 990 989 991
f 990 991 992
f 992 991 993
f 993 994 992
f 992 994 995
f 992 995 996
f 995 997 996
f 996 997 998
f 996 998 999
f 1000 1001 1002
f 1002 1001 999
f 1002 999 1003
f 1003 999 998
f 1000 1004 1001
f 1001 1004 1005
f 1001 1005 1006
f 1006 1005 1007
f 1006 1007 1008
f 1008 1007 1009
f 1010 1011 1012
f 1012 1011 1008
f 1012 1008 1013
f 1013 1008 1009
f 1010 1014 1011
f 1011 1014 1015
f 1016 1017 1018
f 1018 1017 1015
f 1018 1015 1019
f 1019 1015 1014
f 1016 1020 1017
f 1017 1020 1021
f 1017 1021 1022
f 1022 1021 1023
f 1022 1023 1024
f 1024 1023 1025
f 1025 1026 1024
f 1024 1026 1027
f 1024 1027 1028
f 1027 1029 1028
f 1028 1029 1030
f 1028 1030 1031
f 1032 1033 1034
f 1034 1033 1031
f 1034 1031 1035
f 1035 1031 1030
f 1032 1036 1033
f 1033 1036 1037
f 1033 1037 1038
f 1038 1037 1039
f 1038 1039 1040
f 1040 1039 1041
f 1041 1042 1040
f 1040 1042 1043
f 1040 1043 1044
f 1043 1045 1044
f 1044 1045 1046
f 1044 1046 1047
f 1048 1049 1050
f 1050 1049 1047
f 1050 1047 1051
f 1051 1047 1046
f 1048 1052 1049
f 1049 1052 1053
f 1049 1053 1054
f 1054 1053 1055
f 1054 1055 1056
f 1056 1055 1057
f 964 966 1058
f 1058 966 1056
f 1058 1056 1059
f 1059 1056 1057
f 1060 1061 1062
f 170 268 1063
f 171 170 1064
f 247 248 1065
f 263 1061 264
f 264 1061 1060
f 264 1060 266
f 1066 1062 1067
f 1067 1062 1061
f 1067 1061 1068
f 1068 1061 263
f 1068 263 171
f 1069 1070 1071
f 1023 1021 1072
f 1072 1021 1069
f 1072 1069 1073
f 1073 1069 1071
f 1073 1071 1074
f 251 250 1075
f 1075 250 1076
f 1075 1076 1077
f 1077 1076 1078
f 1077 1078 1079
f 1079 1078 1080
f 257 256 1081
f 1081 256 1082
f 1081 1082 1083
f 1083 1082 1084
f 1083 1084 1085
f 1085 1084 1086
f 1085 1086 1030
f 1030 1086 1035
f 255 253 1087
f 1087 253 1088
f 1087 1088 1089
f 1089 1088 1090
f 1089 1090 1091
f 1091 1090 1092
f 253 252 1088
f 1088 252 1093
f 1088 1093 1090
f 1090 1093 1094
f 1090 1094 1092
f 1092 1094 1095
f 1092 1095 1037
f 1037 1095 1039
f 174 173 1096
f 1096 173 1097
f 1096 1097 1098
f 1098 1097 1099
f 1098 1099 1100
f 1100 1099 1101
f 464 261 1102
f 1102 261 1103
f 1102 1103 1104
f 1104 1103 1105
f 1104 1105 1106
f 1106 1105 1107
f 1106 1107 1046
f 1046 1107 1051
f 259 258 1108
f 1108 258 1109
f 1108 1109 1110
f 1110 1109 1111
f 1110 1111 1112
f 1112 1111 1113
f 258 267 1109
f 1109 267 1114
f 1109 1114 1111
f 1111 1114 1115
f 1111 1115 1113
f 1113 1115 1116
f 1113 1116 1053
f 1053 1116 1055
f 247 1065 1117
f 1117 1065 1118
f 1117 1118 1119
f 1119 1118 1120
f 1119 1120 1121
f 1121 1120 1014
f 1121 1014 1010
f 248 1074 1065
f 1065 1074 1071
f 1065 1071 1118
f 1118 1071 1070
f 1118 1070 1120
f 1120 1070 1019
f 1120 1019 1014
f 1021 1020 1069
f 1069 1020 1016
f 1069 1016 1070
f 1070 1016 1018
f 1070 1018 1019
f 248 251 1074
f 1074 251 1075
f 1074 1075 1073
f 1073 1075 1077
f 1073 1077 1072
f 1072 1077 1079
f 1072 1079 1023
f 1029 1027 1080
f 1080 1027 1026
f 1080 1026 1079
f 1079 1026 1025
f 1079 1025 1023
f 250 257 1076
f 1076 257 1081
f 1076 1081 1078
f 1078 1081 1083
f 1078 1083 1080
f 1080 1083 1085
f 1080 1085 1029
f 1029 1085 1030
f 256 255 1082
f 1082 255 1087
f 1082 1087 1084
f 1084 1087 1089
f 1084 1089 1086
f 1086 1089 1091
f 1086 1091 1035
f 1037 1036 1092
f 1092 1036 1032
f 1092 1032 1091
f 1091 1032 1034
f 1091 1034 1035
f 252 174 1093
f 1093 174 1096
f 1093 1096 1094
f 1094 1096 1098
f 1094 1098 1095
f 1095 1098 1100
f 1095 1100 1039
f 1045 1043 1101
f 1101 1043 1042
f 1101 1042 1100
f 1100 1042 1041
f 1100 1041 1039
f 173 464 1097
f 1097 464 1102
f 1097 1102 1099
f 1099 1102 1104
f 1099 1104 1101
f 1101 1104 1106
f 1101 1106 1045
f 1045 1106 1046
f 261 259 1103
f 1103 259 1108
f 1103 1108 1105
f 1105 1108 1110
f 1105 1110 1107
f 1107 1110 1112
f 1107 1112 1051
f 1053 1052 1113
f 1113 1052 1048
f 1113 1048 1112
f 1112 1048 1050
f 1112 1050 1051
f 267 266 1114
f 1114 266 1060
f 1114 1060 1115
f 1115 1060 1062
f 1115 1062 1116
f 1116 1062 1066
f 1116 1066 1055
f 1055 1066 1057
f 1122 1058 1059
f 171 1064 1068
f 1068 1064 1123
f 1068 1123 1067
f 1067 1123 1122
f 1067 1122 1066
f 1066 1122 1059
f 1066 1059 1057
f 170 1063 1064
f 1064 1063 1124
f 1064 1124 1123
f 1123 1124 1125
f 1123 1125 1122
f 1122 1125 964
f 1122 964 1058
f 1126 1127 1128
f 290 247 1117
f 291 290 1129
f 268 270 1130
f 292 1127 284
f 284 1127 1126
f 284 1126 285
f 1131 1128 1132
f 1132 1128 1127
f 1132 1127 1133
f 1133 1127 292
f 1133 292 291
f 1134 1135 1136
f 975 973 1137
f 1137 973 1134
f 1137 1134 1138
f 1138 1134 1136
f 1138 1136 1139
f 276 275 1140
f 1140 275 1141
f 1140 1141 1142
f 1142 1141 1143
f 1142 1143 1144
f 1144 1143 1145
f 274 272 1146
f 1146 272 1147
f 1146 1147 1148
f 1148 1147 1149
f 1148 1149 1150
f 1150 1149 1151
f 1150 1151 982
f 982 1151 987
f 271 277 1152
f 1152 277 1153
f 1152 1153 1154
f 1154 1153 1155
f 1154 1155 1156
f 1156 1155 1157
f 277 282 1153
f 1153 282 1158
f 1153 1158 1155
f 1155 1158 1159
f 1155 1159 1157
f 1157 1159 1160
f 1157 1160 989
f 989 1160 991
f 281 280 1161
f 1161 280 1162
f 1161 1162 1163
f 1163 1162 1164
f 1163 1164 1165
f 1165 1164 1166
f 167 169 1167
f 1167 169 1168
f 1167 1168 1169
f 1169 1168 1170
f 1169 1170 1171
f 1171 1170 1172
f 1171 1172 998
f 998 1172 1003
f 283 288 1173
f 1173 288 1174
f 1173 1174 1175
f 1175 1174 1176
f 1175 1176 1177
f 1177 1176 1178
f 288 287 1174
f 1174 287 1179
f 1174 1179 1176
f 1176 1179 1180
f 1176 1180 1178
f 1178 1180 1181
f 1178 1181 1005
f 1005 1181 1007
f 268 1130 1063
f 1063 1130 1182
f 1063 1182 1124
f 1124 1182 1183
f 1124 1183 1125
f 1125 1183 965
f 1125 965 964
f 270 1139 1130
f 1130 1139 1136
f 1130 1136 1182
f 1182 1136 1135
f 1182 1135 1183
f 1183 1135 971
f 1183 971 965
f 973 972 1134
f 1134 972 968
f 1134 968 1135
f 1135 968 970
f 1135 970 971
f 270 276 1139
f 1139 276 1140
f 1139 1140 1138
f 1138 1140 1142
f 1138 1142 1137
f 1137 1142 1144
f 1137 1144 975
f 981 979 1145
f 1145 979 978
f 1145 978 1144
f 1144 978 977
f 1144 977 975
f 275 274 1141
f 1141 274 1146
f 1141 1146 1143
f 1143 1146 1148
f 1143 1148 1145
f 1145 1148 1150
f 1145 1150 981
f 981 1150 982
f 272 271 1147
f 1147 271 1152
f 1147 1152 1149
f 1149 1152 1154
f 1149 1154 1151
f 1151 1154 1156
f 1151 1156 987
f 989 988 1157
f 1157 988 984
f 1157 984 1156
f 1156 984 986
f 1156 986 987
f 282 281 1158
f 1158 281 1161
f 1158 1161 1159
f 1159 1161 1163
f 1159 1163 1160
f 1160 1163 1165
f 1160 1165 991
f 997 995 1166
f 1166 995 994
f 1166 994 1165
f 1165 994 993
f 1165 993 991
f 280 167 1162
f 1162 167 1167
f 1162 1167 1164
f 1164 1167 1169
f 1164 1169 1166
f 1166 1169 1171
f 1166 1171 997
f 997 1171 998
f 169 283 1168
f 1168 283 1173
f 1168 1173 1170
f 1170 1173 1175
f 1170 1175 1172
f 1172 1175 1177
f 1172 1177 1003
f 1005 1004 1178
f 1178 1004 1000
f 1178 1000 1177
f 1177 1000 1002
f 1177 1002 1003
f 287 285 1179
f 1179 285 1126
f 1179 1126 1180
f 1180 1126 1128
f 1180 1128 1181
f 1181 1128 1131
f 1181 1131 1007
f 1007 1131 1009
f 1184 1012 1013
f 291 1129 1133
f 1133 1129 1185
f 1133 1185 1132
f 1132 1185 1184
f 1132 1184 1131
f 1131 1184 1013
f 1131 1013 1009
f 290 1117 1129
f 1129 1117 1119
f 1129 1119 1185
f 1185 1119 1121
f 1185 1121 1184
f 1184 1121 1010
f 1184 1010 1012
f 1186 512 511
f 458 446 1187
f 1187 446 1188
f 1188 446 452
f 1188 452 1189
f 1189 452 1190
f 1190 452 457
f 1190 457 1191
f 1191 457 1192
f 1192 457 456
f 1192 456 1193
f 1187 1186 458
f 458 1186 511
f 458 511 459
f 459 511 510
f 459 510 460
f 460 510 528
f 1193 456 455
f 531 517 1192
f 1192 517 1191
f 1191 517 515
f 1191 515 1190
f 514 512 1186
f 1186 1187 514
f 514 1187 1188
f 514 1188 515
f 515 1188 1189
f 515 1189 1190
f 460 528 461
f 461 528 527
f 461 527 453
f 453 527 525
f 453 525 454
f 454 525 523
f 454 523 447
f 447 523 521
f 447 521 448
f 448 521 529
f 448 529 455
f 455 529 531
f 455 531 1193
f 1193 531 1192
f 1194 505 536
f 536 344 1194
f 1194 344 343
f 1194 343 1195
f 1195 343 354
f 1195 354 1196
f 1196 354 353
f 1196 353 1197
f 1197 353 1198
f 1198 353 352
f 1198 352 1199
f 534 348 535
f 535 348 347
f 535 347 536
f 536 347 346
f 536 346 344
f 1199 352 351
f 544 1197 546
f 546 1197 1198
f 546 1198 547
f 505 1194 541
f 541 1194 1195
f 541 1195 544
f 544 1195 1196
f 544 1196 1197
f 348 534 341
f 341 534 554
f 341 554 340
f 340 554 551
f 340 551 339
f 339 551 549
f 339 549 349
f 349 549 548
f 349 548 350
f 350 548 537
f 350 537 351
f 351 537 547
f 351 547 1199
f 1199 547 1198
f 1200 949 950
f 395 385 1201
f 1201 385 1202
f 1202 385 388
f 1202 388 1203
f 1203 388 1204
f 1204 388 402
f 1204 402 1205
f 1205 402 1206
f 1206 402 401
f 1206 401 1207
f 1201 1200 395
f 395 1200 950
f 395 950 396
f 396 950 952
f 396 952 398
f 398 952 953
f 1207 401 400
f 929 930 1206
f 1206 930 1205
f 1205 930 931
f 1205 931 1204
f 946 949 1200
f 1200 1201 946
f 946 1201 1202
f 946 1202 931
f 931 1202 1203
f 931 1203 1204
f 398 953 399
f 399 953 947
f 399 947 389
f 389 947 937
f 389 937 390
f 390 937 935
f 390 935 392
f 392 935 925
f 392 925 394
f 394 925 927
f 394 927 400
f 400 927 929
f 400 929 1207
f 1207 929 1206
f 1208 1209 941
f 941 940 1208
f 1208 940 939
f 1208 939 589
f 941 1209 943
f 943 1209 1210
f 943 1210 944
f 944 1210 1211
f 944 1211 938
f 938 1211 1212
f 938 1212 936
f 936 1212 1213
f 1214 934 1213
f 1213 934 936
f 934 1214 1215
f 934 1215 933
f 933 1215 1216
f 933 1216 932
f 932 1216 1217
f 932 1217 926
f 926 1217 1218
f 926 1218 928
f 1219 494 1218
f 1218 494 928
f 494 1219 1220
f 494 1220 954
f 954 1220 1221
f 954 1221 955
f 955 1221 1222
f 955 1222 956
f 956 1222 1223
f 956 1223 492
f 492 1223 493
f 493 1223 1224
f 493 1224 945
f 1225 921 1226
f 1226 921 923
f 1226 923 1227
f 1227 923 924
f 1227 924 1228
f 1228 924 948
f 1228 948 1224
f 1224 948 945
f 1229 919 1225
f 1225 919 921
f 919 1229 918
f 918 1229 1230
f 918 1230 906
f 906 1230 1231
f 906 1231 907
f 907 1231 1232
f 907 1232 908
f 908 1232 1233
f 1234 913 1233
f 1233 913 903
f 1233 903 908
f 913 1234 1235
f 913 1235 914
f 914 1235 1236
f 914 1236 915
f 915 1236 1237
f 915 1237 916
f 916 1237 1238
f 916 1238 912
f 912 1238 911
f 911 1238 1239
f 1240 1241 495
f 495 497 1240
f 1240 497 909
f 1240 909 1242
f 1242 909 910
f 1242 910 1243
f 1243 910 911
f 1243 911 1239
f 1241 1244 495
f 495 1244 896
f 896 1244 895
f 895 1244 1245
f 895 1245 877
f 877 1245 1246
f 877 1246 878
f 878 1246 1247
f 878 1247 880
f 880 1247 1248
f 1249 888 1250
f 1250 888 887
f 1250 887 1251
f 1251 887 885
f 1251 885 1252
f 1252 885 882
f 1252 882 1248
f 1248 882 880
f 888 1249 876
f 876 1249 1253
f 876 1253 874
f 874 1253 1254
f 874 1254 855
f 855 1254 1255
f 855 1255 857
f 857 1255 1256
f 1256 1257 857
f 857 1257 859
f 859 1257 1258
f 859 1258 851
f 851 1258 1259
f 851 1259 852
f 852 1259 1260
f 852 1260 853
f 853 1260 1261
f 853 1261 862
f 862 1261 864
f 864 1261 1262
f 866 864 1262
f 1262 1263 866
f 866 1263 1264
f 866 1264 498
f 498 1264 1265
f 498 1265 499
f 499 1265 1266
f 499 1266 500
f 1266 1267 500
f 500 1267 868
f 868 1267 844
f 844 1267 1268
f 844 1268 845
f 845 1268 1269
f 845 1269 847
f 847 1269 1270
f 847 1270 849
f 849 1270 1271
f 1272 843 1273
f 1273 843 842
f 1273 842 1274
f 1274 842 840
f 1274 840 1275
f 1275 840 850
f 1275 850 1271
f 1271 850 849
f 843 1272 823
f 823 1272 1276
f 823 1276 821
f 821 1276 1277
f 821 1277 820
f 820 1277 1278
f 820 1278 818
f 818 1278 1279
f 1279 1280 818
f 818 1280 816
f 816 1280 1281
f 816 1281 815
f 815 1281 1282
f 815 1282 814
f 814 1282 1283
f 814 1283 810
f 810 1283 1284
f 810 1284 812
f 812 1284 833
f 833 1284 1285
f 1286 835 834
f 1286 834 1287
f 1287 834 830
f 1287 830 1288
f 1288 830 832
f 1288 832 1289
f 1289 832 833
f 1289 833 1285
f 1286 1290 835
f 835 1290 837
f 837 1290 838
f 838 1290 1291
f 838 1291 804
f 804 1291 1292
f 804 1292 805
f 805 1292 1293
f 805 1293 803
f 803 1293 1294
f 803 1294 802
f 802 1294 1295
f 802 1295 800
f 800 1295 555
f 555 1295 1296
f 555 1296 553
f 553 1296 1297
f 553 1297 552
f 552 1297 1298
f 552 1298 550
f 550 1298 1299
f 1300 538 1299
f 1299 538 550
f 538 1300 1301
f 538 1301 793
f 793 1301 1302
f 793 1302 794
f 794 1302 1303
f 794 1303 799
f 799 1303 1304
f 799 1304 798
f 1305 797 1304
f 1304 797 798
f 797 1305 1306
f 797 1306 795
f 795 1306 1307
f 795 1307 796
f 796 1307 1308
f 796 1308 539
f 539 1308 1309
f 539 1309 545
f 1310 543 1309
f 1309 543 545
f 1311 792 1312
f 1312 792 791
f 1312 791 1313
f 791 504 1313
f 1313 504 540
f 1313 540 1314
f 1314 540 542
f 1314 542 1310
f 1310 542 543
f 1315 762 1311
f 1311 762 792
f 762 1315 764
f 764 1315 1316
f 764 1316 777
f 777 1316 1317
f 777 1317 778
f 778 1317 1318
f 778 1318 780
f 780 1318 1319
f 1319 1320 780
f 780 1320 782
f 782 1320 1321
f 782 1321 783
f 783 1321 1322
f 783 1322 784
f 784 1322 1323
f 784 1323 785
f 785 1323 1324
f 785 1324 787
f 787 1324 789
f 789 1324 1325
f 1326 772 774
f 1326 774 1327
f 1327 774 776
f 1327 776 1328
f 1328 776 790
f 1328 790 1329
f 1329 790 789
f 1329 789 1325
f 1326 1330 772
f 772 1330 766
f 766 1330 767
f 767 1330 1331
f 767 1331 769
f 769 1331 1332
f 769 1332 770
f 770 1332 1333
f 770 1333 771
f 771 1333 1334
f 1335 738 1336
f 1336 738 737
f 1336 737 1337
f 1337 737 753
f 1337 753 1338
f 1338 753 755
f 1338 755 1334
f 1334 755 771
f 738 1335 739
f 739 1335 1339
f 739 1339 747
f 747 1339 1340
f 747 1340 744
f 744 1340 1341
f 744 1341 742
f 742 1341 1342
f 1342 1343 742
f 742 1343 740
f 740 1343 1344
f 740 1344 750
f 750 1344 1345
f 750 1345 748
f 748 1345 1346
f 748 1346 749
f 749 1346 1347
f 749 1347 734
f 734 1347 727
f 727 1347 1348
f 727 1348 726
f 726 1348 1349
f 1349 1350 726
f 726 1350 725
f 721 725 1351
f 1351 725 1350
f 1351 1352 721
f 721 1352 722
f 722 1352 713
f 713 1352 1353
f 713 1353 714
f 714 1353 1354
f 714 1354 957
f 957 1354 1355
f 957 1355 716
f 716 1355 1356
f 1357 717 1356
f 1356 717 716
f 717 1357 719
f 719 1357 1358
f 719 1358 720
f 720 1358 1359
f 720 1359 707
f 707 1359 1360
f 707 1360 705
f 705 1360 1361
f 1362 502 1361
f 1361 502 705
f 503 502 1363
f 1363 502 1362
f 1363 1364 503
f 503 1364 501
f 501 1364 708
f 708 1364 1365
f 708 1365 712
f 712 1365 1366
f 1367 698 710
f 1367 710 1368
f 1368 710 709
f 1368 709 1369
f 1369 709 711
f 1369 711 1370
f 1370 711 712
f 1370 712 1366
f 1367 1371 698
f 698 1371 684
f 684 1371 685
f 685 1371 1372
f 685 1372 687
f 687 1372 1373
f 687 1373 688
f 688 1373 1374
f 688 1374 690
f 690 1374 1375
f 1376 692 1375
f 1375 692 690
f 692 1376 693
f 693 1376 1377
f 693 1377 526
f 526 1377 1378
f 526 1378 524
f 524 1378 1379
f 524 1379 522
f 522 1379 1380
f 1381 520 1380
f 1380 520 522
f 520 1381 1382
f 520 1382 506
f 506 1382 1383
f 506 1383 507
f 507 1383 1384
f 507 1384 508
f 508 1384 1385
f 508 1385 530
f 1386 532 1385
f 1385 532 530
f 532 1386 1387
f 532 1387 533
f 533 1387 1388
f 533 1388 519
f 519 1388 1389
f 519 1389 518
f 518 1389 1390
f 518 1390 516
f 1391 513 1390
f 1390 513 516
f 1392 677 1393
f 1393 677 683
f 1393 683 1394
f 1394 683 682
f 1394 682 1395
f 1395 682 681
f 1395 681 1391
f 1391 681 513
f 1396 679 1392
f 1392 679 677
f 679 1396 680
f 680 1396 1397
f 680 1397 647
f 647 1397 1398
f 647 1398 648
f 648 1398 1399
f 648 1399 661
f 661 1399 1400
f 661 1400 659
f 659 1400 1401
f 659 1401 673
f 673 1401 1402
f 673 1402 674
f 674 1402 1403
f 674 1403 675
f 675 1403 1404
f 675 1404 676
f 676 1404 1405
f 676 1405 656
f 656 1405 654
f 654 1405 1406
f 1407 670 671
f 1407 671 1408
f 1408 671 672
f 1408 672 1409
f 1409 672 652
f 1409 652 1410
f 1410 652 654
f 1410 654 1406
f 1407 1411 670
f 670 1411 650
f 650 1411 651
f 651 1411 1412
f 651 1412 635
f 635 1412 1413
f 635 1413 636
f 636 1413 1414
f 636 1414 638
f 638 1414 1415
f 1416 645 1417
f 1417 645 644
f 1417 644 1418
f 1418 644 642
f 1418 642 1419
f 1419 642 640
f 1419 640 1415
f 1415 640 638
f 645 1416 628
f 628 1416 1420
f 628 1420 630
f 630 1420 1421
f 630 1421 631
f 631 1421 1422
f 631 1422 633
f 633 1422 1423
f 1423 1424 633
f 633 1424 634
f 634 1424 1425
f 634 1425 616
f 616 1425 1426
f 616 1426 617
f 617 1426 1427
f 617 1427 619
f 619 1427 1428
f 619 1428 621
f 621 1428 623
f 623 1428 1429
f 1430 602 603
f 1430 603 1431
f 1431 603 601
f 1431 601 1432
f 601 626 1432
f 1432 626 625
f 1432 625 1433
f 1433 625 623
f 1433 623 1429
f 1430 1434 602
f 602 1434 600
f 600 1434 598
f 598 1434 1435
f 598 1435 604
f 604 1435 1436
f 604 1436 605
f 605 1436 1437
f 605 1437 607
f 607 1437 1438
f 1439 564 1440
f 1440 564 563
f 1440 563 1441
f 1441 563 596
f 1441 596 1442
f 1442 596 608
f 1442 608 1438
f 1438 608 607
f 564 1439 565
f 565 1439 1443
f 565 1443 580
f 580 1443 1444
f 580 1444 573
f 573 1444 1445
f 573 1445 575
f 575 1445 1446
f 1446 1447 575
f 575 1447 577
f 577 1447 1448
f 577 1448 578
f 578 1448 1449
f 578 1449 586
f 586 1449 1450
f 586 1450 585
f 585 1450 1451
f 585 1451 583
f 1452 590 1451
f 1451 590 581
f 1451 581 583
f 1453 569 593
f 1453 593 1454
f 1454 593 592
f 1454 592 1455
f 1455 592 591
f 1455 591 1456
f 1456 591 590
f 1456 590 1452
f 1453 1457 569
f 569 1457 567
f 567 1457 566
f 566 1457 1458
f 566 1458 587
f 587 1458 1459
f 587 1459 588
f 588 1459 1460
f 588 1460 589
f 589 1460 1208
f 1351 1350 1352
f 1352 1350 1356
f 1359 1358 1360
f 1360 1358 1357
f 1360 1357 1361
f 1361 1357 1356
f 1356 1355 1352
f 1352 1355 1354
f 1352 1354 1353
f 1349 1364 1350
f 1350 1364 1363
f 1350 1363 1356
f 1356 1363 1362
f 1356 1362 1361
f 1349 1461 1462
f 1349 1462 1364
f 1364 1462 1463
f 1364 1463 1464
f 1295 1287 1288
f 1302 1301 1242
f 1283 1282 1242
f 1260 1259 1242
f 1242 1259 1258
f 1294 1293 1292
f 1388 1387 1403
f 1292 1291 1294
f 1294 1291 1290
f 1294 1290 1295
f 1295 1290 1286
f 1295 1286 1287
f 1327 1328 1344
f 1344 1328 1345
f 1323 1322 1307
f 1307 1322 1321
f 1307 1321 1308
f 1465 1466 1455
f 1370 1467 1384
f 1367 1368 1382
f 1464 1468 1364
f 1364 1468 1469
f 1364 1469 1365
f 1365 1469 1470
f 1365 1470 1366
f 1366 1470 1471
f 1366 1471 1370
f 1370 1471 1472
f 1370 1472 1467
f 1289 1285 1242
f 1242 1285 1284
f 1242 1284 1283
f 1249 1250 1256
f 1348 1347 1328
f 1328 1347 1346
f 1328 1346 1345
f 1301 1300 1242
f 1242 1300 1299
f 1242 1299 1298
f 1242 1243 1473
f 1473 1243 1239
f 1473 1239 1238
f 1368 1369 1382
f 1382 1369 1370
f 1382 1370 1383
f 1383 1370 1384
f 1256 1250 1257
f 1257 1250 1251
f 1257 1251 1252
f 1474 1475 1303
f 1303 1475 1476
f 1303 1476 1477
f 1473 1478 1242
f 1242 1478 1474
f 1242 1474 1302
f 1302 1474 1303
f 1288 1289 1295
f 1295 1289 1242
f 1295 1242 1296
f 1296 1242 1298
f 1296 1298 1297
f 1218 1217 1454
f 1465 1455 1479
f 1479 1455 1456
f 1479 1456 1480
f 1252 1244 1257
f 1257 1244 1241
f 1257 1241 1258
f 1258 1241 1240
f 1258 1240 1242
f 1325 1324 1349
f 1222 1221 1237
f 1237 1221 1220
f 1237 1220 1219
f 1404 1403 1449
f 1432 1449 1431
f 1431 1449 1448
f 1431 1448 1430
f 1430 1448 1447
f 1430 1447 1440
f 1440 1447 1446
f 1440 1446 1439
f 1387 1386 1467
f 1467 1386 1385
f 1467 1385 1384
f 1264 1263 1282
f 1282 1263 1262
f 1282 1262 1242
f 1242 1262 1261
f 1242 1261 1260
f 1336 1337 1326
f 1326 1337 1338
f 1326 1338 1330
f 1348 1328 1349
f 1349 1328 1329
f 1349 1329 1325
f 1308 1321 1309
f 1309 1321 1320
f 1309 1320 1310
f 1310 1320 1319
f 1310 1319 1314
f 1217 1216 1454
f 1454 1216 1215
f 1454 1215 1453
f 1453 1215 1214
f 1453 1214 1457
f 1457 1214 1213
f 1457 1213 1458
f 1404 1427 1426
f 1438 1437 1436
f 1379 1378 1377
f 1269 1268 1267
f 1277 1276 1272
f 1246 1245 1247
f 1247 1245 1244
f 1247 1244 1248
f 1248 1244 1252
f 1255 1254 1256
f 1256 1254 1253
f 1256 1253 1249
f 1327 1344 1326
f 1326 1344 1343
f 1326 1343 1336
f 1336 1343 1342
f 1336 1342 1335
f 1317 1316 1318
f 1318 1316 1315
f 1312 1313 1311
f 1311 1313 1314
f 1311 1314 1315
f 1315 1314 1319
f 1315 1319 1318
f 1324 1323 1349
f 1349 1323 1307
f 1349 1307 1461
f 1461 1307 1306
f 1461 1306 1481
f 1481 1306 1305
f 1481 1305 1477
f 1477 1305 1304
f 1477 1304 1303
f 1466 1473 1455
f 1455 1473 1238
f 1455 1238 1454
f 1454 1238 1237
f 1454 1237 1218
f 1218 1237 1219
f 1213 1212 1211
f 1467 1482 1387
f 1387 1482 1483
f 1387 1483 1403
f 1403 1483 1484
f 1403 1484 1449
f 1449 1484 1485
f 1449 1485 1450
f 1450 1485 1486
f 1450 1486 1487
f 1440 1441 1430
f 1430 1441 1442
f 1430 1442 1434
f 1434 1442 1438
f 1434 1438 1435
f 1435 1438 1436
f 1445 1444 1446
f 1446 1444 1443
f 1446 1443 1439
f 1377 1376 1379
f 1379 1376 1371
f 1379 1371 1380
f 1380 1371 1367
f 1380 1367 1381
f 1381 1367 1382
f 1373 1372 1374
f 1374 1372 1371
f 1374 1371 1375
f 1375 1371 1376
f 1460 1459 1208
f 1208 1459 1458
f 1208 1458 1209
f 1209 1458 1213
f 1209 1213 1210
f 1210 1213 1211
f 1388 1403 1389
f 1389 1403 1402
f 1389 1402 1390
f 1390 1402 1401
f 1390 1401 1391
f 1391 1401 1400
f 1391 1400 1395
f 1400 1399 1398
f 1264 1282 1265
f 1265 1282 1281
f 1265 1281 1266
f 1266 1281 1280
f 1266 1280 1273
f 1273 1280 1279
f 1273 1279 1272
f 1272 1279 1278
f 1272 1278 1277
f 1332 1331 1333
f 1333 1331 1330
f 1333 1330 1334
f 1334 1330 1338
f 1341 1340 1342
f 1342 1340 1339
f 1342 1339 1335
f 1237 1236 1222
f 1222 1236 1235
f 1222 1235 1223
f 1223 1235 1234
f 1223 1234 1224
f 1224 1234 1233
f 1224 1233 1228
f 1228 1233 1227
f 1480 1456 1488
f 1488 1456 1452
f 1488 1452 1487
f 1487 1452 1451
f 1487 1451 1450
f 1409 1410 1425
f 1425 1410 1406
f 1425 1406 1426
f 1426 1406 1405
f 1426 1405 1404
f 1393 1394 1392
f 1392 1394 1395
f 1392 1395 1396
f 1396 1395 1400
f 1396 1400 1397
f 1397 1400 1398
f 1270 1269 1271
f 1271 1269 1267
f 1271 1267 1275
f 1275 1267 1266
f 1275 1266 1274
f 1274 1266 1273
f 1231 1230 1232
f 1232 1230 1229
f 1232 1229 1233
f 1233 1229 1227
f 1227 1229 1225
f 1227 1225 1226
f 1432 1433 1449
f 1449 1433 1429
f 1449 1429 1404
f 1404 1429 1428
f 1404 1428 1427
f 1417 1418 1407
f 1407 1418 1419
f 1407 1419 1411
f 1413 1412 1414
f 1414 1412 1411
f 1414 1411 1415
f 1415 1411 1419
f 1421 1420 1422
f 1422 1420 1416
f 1422 1416 1423
f 1423 1416 1417
f 1423 1417 1424
f 1424 1417 1407
f 1424 1407 1425
f 1425 1407 1408
f 1425 1408 1409
f 1466 1489 1473
f 1473 1489 1490
f 1473 1490 1478
f 1478 1490 1491
f 1478 1491 1474
f 1474 1491 1492
f 1474 1492 1475
f 1475 1492 1493
f 1475 1493 1476
f 1476 1493 1494
f 1476 1494 1477
f 1477 1494 1495
f 1477 1495 1481
f 1481 1495 1496
f 1481 1496 1461
f 1461 1496 1497
f 1461 1497 1462
f 1462 1497 1498
f 1462 1498 1463
f 1463 1498 1499
f 1463 1499 1464
f 1464 1499 1500
f 1464 1500 1468
f 1468 1500 1501
f 1468 1501 1469
f 1469 1501 1502
f 1469 1502 1470
f 1470 1502 1503
f 1470 1503 1471
f 1471 1503 1504
f 1471 1504 1472
f 1472 1504 1505
f 1472 1505 1467
f 1467 1505 1506
f 1467 1506 1482
f 1482 1506 1507
f 1482 1507 1483
f 1483 1507 1508
f 1483 1508 1484
f 1484 1508 1509
f 1484 1509 1485
f 1485 1509 1510
f 1485 1510 1486
f 1486 1510 1511
f 1486 1511 1487
f 1487 1511 1512
f 1487 1512 1488
f 1488 1512 1513
f 1488 1513 1480
f 1480 1513 1514
f 1480 1514 1479
f 1479 1514 1515
f 1479 1515 1465
f 1465 1515 1516
f 1465 1516 1466
f 1466 1516 1489
f 1509 1517 1510
f 1510 1517 1518
f 1510 1518 1511
f 1511 1518 1519
f 1511 1519 1512
f 1512 1519 1520
f 1512 1520 1513
f 1513 1520 1521
f 1513 1521 1514
f 1514 1521 1522
f 1514 1522 1515
f 1515 1522 1523
f 1515 1523 1516
f 1516 1523 1524
f 1516 1524 1489
f 1489 1524 1525
f 1489 1525 1490
f 1490 1525 1526
f 1490 1526 1491
f 1491 1526 1527
f 1491 1527 1492
f 1492 1527 1528
f 1492 1528 1493
f 1493 1528 1529
f 1493 1529 1494
f 1494 1529 1530
f 1494 1530 1495
f 1495 1530 1531
f 1495 1531 1496
f 1496 1531 1532
f 1496 1532 1497
f 1497 1532 1533
f 1497 1533 1498
f 1498 1533 1534
f 1498 1534 1499
f 1499 1534 1535
f 1499 1535 1500
f 1500 1535 1536
f 1500 1536 1501
f 1501 1536 1537
f 1501 1537 1502
f 1502 1537 1538
f 1502 1538 1503
f 1503 1538 1539
f 1503 1539 1504
f 1504 1539 1540
f 1504 1540 1505
f 1505 1540 1541
f 1505 1541 1506
f 1506 1541 1542
f 1506 1542 1507
f 1507 1542 1543
f 1507 1543 1508
f 1508 1543 1544
f 1508 1544 1509
f 1509 1544 1517
f 1525 1545 1526
f 1526 1545 1546
f 1526 1546 1527
f 1527 1546 1547
f 1527 1547 1528
f 1528 1547 1548
f 1528 1548 1529
f 1529 1548 1549
f 1529 1549 1530
f 1530 1549 1550
f 1530 1550 1531
f 1531 1550 1551
f 1531 1551 1532
f 1532 1551 1552
f 1532 1552 1533
f 1533 1552 1553
f 1533 1553 1534
f 1534 1553 1554
f 1534 1554 1535
f 1535 1554 1555
f 1535 1555 1536
f 1536 1555 1556
f 1536 1556 1537
f 1537 1556 1557
f 1537 1557 1538
f 1538 1557 1558
f 1538 1558 1539
f 1539 1558 1559
f 1539 1559 1540
f 1540 1559 1560
f 1540 1560 1541
f 1541 1560 1561
f 1541 1561 1542
f 1542 1561 1562
f 1542 1562 1543
f 1543 1562 1563
f 1543 1563 1544
f 1544 1563 1564
f 1544 1564 1517
f 1517 1564 1565
f 1517 1565 1518
f 1518 1565 1566
f 1518 1566 1519
f 1519 1566 1567
f 1519 1567 1520
f 1520 1567 1568
f 1520 1568 1521
f 1521 1568 1569
f 1521 1569 1522
f 1522 1569 1570
f 1522 1570 1523
f 1523 1570 1571
f 1523 1571 1524
f 1524 1571 1572
f 1524 1572 1525
f 1525 1572 1545
f 1573 1558 1574
f 1574 1558 1557
f 1574 1557 1575
f 1575 1557 1556
f 1575 1556 1576
f 1576 1556 1555
f 1576 1555 1577
f 1577 1555 1554
f 1577 1554 1578
f 1578 1554 1553
f 1578 1553 1579
f 1579 1553 1552
f 1579 1552 1580
f 1580 1552 1551
f 1580 1551 1581
f 1581 1551 1550
f 1581 1550 1582
f 1582 1550 1549
f 1582 1549 1583
f 1583 1549 1548
f 1583 1548 1584
f 1584 1548 1547
f 1584 1547 1585
f 1585 1547 1546
f 1585 1546 1586
f 1586 1546 1545
f 1586 1545 1587
f 1587 1545 1572
f 1587 1572 1588
f 1588 1572 1571
f 1588 1571 1589
f 1589 1571 1570
f 1589 1570 1590
f 1590 1570 1569
f 1590 1569 1591
f 1591 1569 1568
f 1591 1568 1592
f 1592 1568 1567
f 1592 1567 1593
f 1593 1567 1566
f 1593 1566 1594
f 1594 1566 1565
f 1594 1565 1595
f 1595 1565 1564
f 1595 1564 1596
f 1596 1564 1563
f 1596 1563 1597
f 1597 1563 1562
f 1597 1562 1598
f 1598 1562 1561
f 1598 1561 1599
f 1599 1561 1560
f 1599 1560 1600
f 1600 1560 1559
f 1600 1559 1573
f 1573 1559 1558
f 1600 1601 1599
f 1599 1601 1602
f 1599 1602 1598
f 1598 1602 1603
f 1598 1603 1597
f 1597 1603 1604
f 1597 1604 1596
f 1596 1604 1605
f 1596 1605 1595
f 1595 1605 1606
f 1595 1606 1594
f 1594 1606 1607
f 1594 1607 1593
f 1593 1607 1608
f 1593 1608 1592
f 1592 1608 1609
f 1592 1609 1591
f 1591 1609 1610
f 1591 1610 1590
f 1590 1610 1611
f 1590 1611 1589
f 1589 1611 1612
f 1589 1612 1588
f 1588 1612 1613
f 1588 1613 1587
f 1587 1613 1614
f 1587 1614 1586
f 1586 1614 1615
f 1586 1615 1585
f 1585 1615 1616
f 1585 1616 1584
f 1584 1616 1617
f 1584 1617 1583
f 1583 1617 1618
f 1583 1618 1582
f 1582 1618 1619
f 1582 1619 1581
f 1581 1619 1620
f 1581 1620 1580
f 1580 1620 1621
f 1580 1621 1579
f 1579 1621 1622
f 1579 1622 1578
f 1578 1622 1623
f 1578 1623 1577
f 1577 1623 1624
f 1577 1624 1576
f 1576 1624 1625
f 1576 1625 1575
f 1575 1625 1626
f 1575 1626 1574
f 1574 1626 1627
f 1574 1627 1573
f 1573 1627 1628
f 1573 1628 1600
f 1600 1628 1601
f 1615 1629 1616
f 1616 1629 1630
f 1616 1630 1617
f 1617 1630 1631
f 1617 1631 1618
f 1618 1631 1632
f 1618 1632 1619
f 1619 1632 1633
f 1619 1633 1620
f 1620 1633 1634
f 1620 1634 1621
f 1621 1634 1635
f 1621 1635 1622
f 1622 1635 1636
f 1622 1636 1623
f 1623 1636 1637
f 1623 1637 1624
f 1624 1637 1638
f 1624 1638 1625
f 1625 1638 1639
f 1625 1639 1626
f 1626 1639 1640
f 1626 1640 1627
f 1627 1640 1641
f 1627 1641 1628
f 1628 1641 1642
f 1628 1642 1601
f 1601 1642 1643
f 1601 1643 1602
f 1602 1643 1644
f 1602 1644 1603
f 1603 1644 1645
f 1603 1645 1604
f 1604 1645 1646
f 1604 1646 1605
f 1605 1646 1647
f 1605 1647 1606
f 1606 1647 1648
f 1606 1648 1607
f 1607 1648 1649
f 1607 1649 1608
f 1608 1649 1650
f 1608 1650 1609
f 1609 1650 1651
f 1609 1651 1610
f 1610 1651 1652
f 1610 1652 1611
f 1611 1652 1653
f 1611 1653 1612
f 1612 1653 1654
f 1612 1654 1613
f 1613 1654 1655
f 1613 1655 1614
f 1614 1655 1656
f 1614 1656 1615
f 1615 1656 1629
f 1636 990 1637
f 1637 990 992
f 1637 992 1638
f 1638 992 996
f 1638 996 1639
f 1639 996 999
f 1639 999 1640
f 1640 999 1001
f 1640 1001 1641
f 1641 1001 1006
f 1641 1006 1642
f 1642 1006 1008
f 1642 1008 1643
f 1643 1008 1011
f 1643 1011 1644
f 1644 1011 1015
f 1644 1015 1645
f 1645 1015 1017
f 1645 1017 1646
f 1646 1017 1022
f 1646 1022 1647
f 1647 1022 1024
f 1647 1024 1648
f 1648 1024 1028
f 1648 1028 1649
f 1649 1028 1031
f 1649 1031 1650
f 1031 1033 1650
f 1650 1033 1038
f 1650 1038 1651
f 1651 1038 1040
f 1651 1040 1652
f 1652 1040 1044
f 1652 1044 1653
f 1653 1044 1047
f 1653 1047 1654
f 1654 1047 1049
f 1654 1049 1655
f 1655 1049 1054
f 1655 1054 1656
f 1656 1054 1056
f 1656 1056 1629
f 1629 1056 966
f 1629 966 1630
f 1630 966 967
f 1630 967 1631
f 1631 967 969
f 1631 969 1632
f 1632 969 974
f 1632 974 1633
f 1633 974 976
f 1633 976 1634
f 1634 976 980
f 1634 980 1635
f 1635 980 983
f 1635 983 1636
f 1636 983 985
f 1636 985 990
f 826 232 824
f 824 232 235
f 824 235 827
f 827 235 237
f 827 237 828
f 828 237 244
f 828 244 829
f 829 244 243
f 829 243 836
f 836 243 241
f 836 241 831
f 831 241 239
f 831 239 813
f 813 239 238
f 813 238 811
f 811 238 231
f 811 231 809
f 809 231 229
f 809 229 817
f 817 229 228
f 817 228 819
f 819 228 234
f 819 234 822
f 822 234 233
f 822 233 826
f 826 233 232
f 761 337 758
f 758 337 336
f 758 336 759
f 759 336 328
f 759 328 760
f 760 328 329
f 760 329 768
f 768 329 325
f 768 325 773
f 773 325 324
f 773 324 775
f 775 324 335
f 775 335 788
f 788 335 334
f 788 334 786
f 786 334 333
f 786 333 781
f 781 333 330
f 781 330 779
f 779 330 331
f 779 331 765
f 765 331 332
f 765 332 763
f 763 332 338
f 763 338 761
f 761 338 337
f 731 211 729
f 729 211 223
f 729 223 728
f 728 223 222
f 728 222 723
f 723 222 220
f 723 220 724
f 724 220 219
f 724 219 732
f 732 219 317
f 732 317 733
f 733 317 209
f 733 209 735
f 735 209 208
f 735 208 736
f 736 208 218
f 736 218 741
f 741 218 217
f 741 217 743
f 743 217 216
f 743 216 745
f 745 216 214
f 745 214 746
f 746 214 212
f 746 212 731
f 731 212 211
f 962 308 694
f 694 308 304
f 694 304 695
f 695 304 307
f 695 307 696
f 696 307 306
f 696 306 697
f 697 306 305
f 697 305 699
f 699 305 298
f 699 298 700
f 700 298 293
f 700 293 701
f 701 293 295
f 701 295 702
f 702 295 297
f 702 297 703
f 703 297 313
f 703 313 704
f 704 313 312
f 704 312 706
f 706 312 311
f 706 311 961
f 961 311 309
f 961 309 962
f 962 309 308
f 664 431 666
f 666 431 433
f 666 433 667
f 667 433 435
f 667 435 649
f 649 435 437
f 649 437 668
f 668 437 441
f 668 441 669
f 669 441 440
f 669 440 653
f 653 440 439
f 653 439 655
f 655 439 426
f 655 426 657
f 657 426 424
f 657 424 658
f 658 424 423
f 658 423 660
f 660 423 428
f 660 428 662
f 662 428 427
f 662 427 663
f 663 427 430
f 663 430 664
f 664 430 431
f 615 420 613
f 613 420 410
f 613 410 612
f 612 410 408
f 612 408 611
f 611 408 407
f 611 407 610
f 610 407 406
f 610 406 609
f 609 406 409
f 609 409 624
f 624 409 414
f 624 414 622
f 622 414 413
f 622 413 620
f 620 413 412
f 620 412 618
f 618 412 419
f 618 419 632
f 632 419 418
f 632 418 629
f 629 418 422
f 629 422 627
f 627 422 421
f 627 421 615
f 615 421 420
f 562 195 560
f 560 195 194
f 560 194 558
f 558 194 205
f 558 205 557
f 557 205 207
f 557 207 568
f 568 207 200
f 568 200 570
f 570 200 199
f 570 199 571
f 571 199 198
f 571 198 582
f 582 198 197
f 582 197 584
f 584 197 196
f 584 196 576
f 576 196 204
f 576 204 574
f 574 204 203
f 574 203 572
f 572 203 202
f 572 202 579
f 579 202 201
f 579 201 562
f 562 201 195
f 890 381 892
f 892 381 379
f 892 379 893
f 893 379 377
f 893 377 894
f 894 377 375
f 894 375 897
f 897 375 374
f 897 374 898
f 898 374 366
f 898 366 899
f 899 366 373
f 899 373 900
f 900 373 372
f 900 372 901
f 901 372 371
f 901 371 902
f 902 371 368
f 902 368 904
f 904 368 367
f 904 367 905
f 905 367 370
f 905 370 917
f 917 370 382
f 917 382 890
f 890 382 381
f 873 178 871
f 871 178 181
f 871 181 870
f 870 181 180
f 870 180 869
f 869 180 179
f 869 179 867
f 867 179 192
f 867 192 865
f 865 192 191
f 865 191 863
f 863 191 190
f 863 190 861
f 861 190 184
f 861 184 860
f 860 184 189
f 860 189 858
f 858 189 188
f 858 188 856
f 856 188 186
f 856 186 854
f 854 186 185
f 854 185 873
f 873 185 178
f 1657 1658 1659
f 1659 1658 1660
f 1659 1660 1661
f 1661 1660 1662
f 1661 1662 1663
f 1663 1662 1664
f 1663 1664 1665
f 1665 1664 1666
f 1665 1666 1667
f 1667 1666 1668
f 1667 1668 1669
f 1669 1668 1670
f 1669 1670 1671
f 1671 1670 1672
f 1671 1672 1673
f 1673 1672 1674
f 1673 1674 1675
f 1675 1674 1676
f 1675 1676 1677
f 1677 1676 1678
f 1677 1678 1679
f 1679 1678 1680
f 1679 1680 1681
f 1681 1680 1682
f 1681 1682 1683
f 1683 1682 1684
f 1683 1684 1685
f 1685 1684 1686
f 1685 1686 1687
f 1687 1686 1688
f 1687 1688 1689
f 1689 1688 1690
f 1689 1690 1691
f 1691 1690 1692
f 1691 1692 1693
f 1693 1692 1694
f 1693 1694 1695
f 1695 1694 1696
f 1695 1696 1697
f 1697 1696 1698
f 1697 1698 1699
f 1699 1698 1700
f 1699 1700 1701
f 1701 1700 1702
f 1701 1702 1703
f 1703 1702 1704
f 1703 1704 1705
f 1705 1704 1706
f 1705 1706 1707
f 1707 1706 1708
f 1707 1708 1709
f 1709 1708 1710
f 1709 1710 1711
f 1711 1710 1712
f 1711 1712 1713
f 1713 1712 1714
f 1713 1714 1715
f 1715 1714 1716
f 1715 1716 1717
f 1717 1716 1718
f 1717 1718 1719
f 1719 1718 1720
f 1719 1720 1721
f 1721 1720 1722
f 1721 1722 1723
f 1723 1722 1724
f 1723 1724 1725
f 1725 1724 1726
f 1725 1726 1727
f 1727 1726 1728
f 1727 1728 1729
f 1729 1728 1730
f 1729 1730 1731
f 1731 1730 1732
f 1731 1732 1733
f 1733 1732 1734
f 1733 1734 1735
f 1735 1734 1657
f 1735 1657 1659
f 1705 444 1703
f 1703 444 301
f 1703 301 1701
f 443 1705 432
f 432 1705 1707
f 443 450 1705
f 1705 450 445
f 1705 445 444
f 467 436 1707
f 1707 436 434
f 1707 434 432
f 1723 159 1721
f 1721 159 156
f 1721 156 1719
f 1719 156 158
f 1719 158 1717
f 1717 158 411
f 1717 411 1715
f 1715 411 416
f 1715 416 1713
f 1713 416 415
f 1713 415 1711
f 1711 415 467
f 1711 467 1709
f 1709 467 1707
f 1727 206 1725
f 1725 206 193
f 1725 193 1723
f 1723 193 160
f 1723 160 159
f 384 383 1729
f 1729 383 397
f 1729 397 1727
f 1727 397 404
f 1727 404 206
f 384 1729 386
f 386 1729 1731
f 386 1731 380
f 380 1731 1733
f 380 1733 378
f 378 1733 376
f 376 1733 1735
f 376 1735 359
f 359 1735 1659
f 359 1659 360
f 360 1659 1661
f 360 1661 362
f 362 1661 1663
f 362 1663 363
f 363 1663 177
f 177 1663 1665
f 177 1665 163
f 1673 227 1671
f 1671 227 226
f 1671 226 1669
f 1669 226 356
f 1669 356 1667
f 1667 356 358
f 1667 358 1665
f 1665 358 161
f 1665 161 163
f 1687 323 1685
f 1685 323 327
f 1685 327 1683
f 1683 327 326
f 1683 326 1681
f 1681 326 164
f 1681 164 1679
f 1679 164 345
f 1679 345 1677
f 1677 345 342
f 1677 342 1675
f 1675 342 242
f 1675 242 1673
f 1673 242 236
f 1673 236 227
f 319 1687 1689
f 319 320 1687
f 1687 320 322
f 1687 322 323
f 301 299 1701
f 1701 299 303
f 1701 303 1699
f 1699 303 302
f 1699 302 1697
f 1697 302 310
f 1697 310 1695
f 1695 310 314
f 1695 314 1693
f 1693 314 221
f 1693 221 1691
f 1691 221 224
f 1691 224 1689
f 1689 224 318
f 1689 318 319
f 1732 891 879
f 1732 879 1734
f 891 1732 889
f 889 1732 1730
f 889 1730 920
f 920 1730 922
f 922 1730 1728
f 922 1728 951
f 951 1728 942
f 942 1728 1726
f 942 1726 556
f 556 1726 481
f 481 1726 1724
f 481 1724 479
f 479 1724 559
f 559 1724 1722
f 559 1722 561
f 561 1722 594
f 594 1722 1720
f 594 1720 595
f 595 1720 1718
f 595 1718 597
f 597 1718 1716
f 597 1716 606
f 606 1716 599
f 599 1716 1714
f 599 1714 614
f 614 1714 1712
f 614 1712 643
f 643 1712 1710
f 643 1710 641
f 641 1710 1708
f 641 1708 639
f 639 1708 637
f 637 1708 1706
f 637 1706 665
f 665 1706 646
f 646 1706 1704
f 646 1704 678
f 678 1704 484
f 484 1704 1702
f 484 1702 482
f 482 1702 509
f 509 1702 1700
f 509 1700 691
f 691 1700 689
f 689 1700 1698
f 689 1698 963
f 963 1698 1696
f 963 1696 960
f 960 1696 1694
f 960 1694 959
f 959 1694 958
f 958 1694 1692
f 958 1692 715
f 715 1692 1690
f 715 1690 487
f 487 1690 485
f 485 1690 1688
f 485 1688 730
f 730 1688 751
f 751 1688 1686
f 751 1686 752
f 752 1686 1684
f 752 1684 754
f 754 1684 1682
f 754 1682 756
f 756 1682 1680
f 756 1680 757
f 757 1680 1678
f 757 1678 490
f 490 1678 1676
f 490 1676 488
f 488 1676 491
f 491 1676 1674
f 491 1674 808
f 808 1674 807
f 807 1674 1672
f 807 1672 806
f 806 1672 1670
f 806 1670 825
f 825 1670 1668
f 825 1668 841
f 841 1668 1666
f 841 1666 839
f 839 1666 1664
f 839 1664 848
f 879 881 1734
f 1734 881 883
f 1734 883 1657
f 1657 883 884
f 1657 884 1658
f 1658 884 886
f 1658 886 1660
f 1660 886 875
f 1660 875 1662
f 1662 875 872
f 1662 872 1664
f 1664 872 846
f 1664 846 848
f 1736 1737 1738
f 1738 1737 1739
f 1738 1739 1740
f 1740 1739 1741
f 1740 1741 1742
f 1742 1741 1743
f 1742 1743 1744
f 1744 1743 1745
f 1744 1745 1746
f 1746 1745 1747
f 1746 1747 1748
f 1748 1747 1749
f 1748 1749 1750
f 1750 1749 1751
f 1750 1751 1752
f 1752 1751 1753
f 1752 1753 1754
f 1754 1753 1755
f 1754 1755 1756
f 1756 1755 1757
f 1756 1757 1758
f 1758 1757 1759
f 1758 1759 1760
f 1760 1759 1761
f 1760 1761 1762
f 1762 1761 1763
f 1762 1763 1764
f 1764 1763 1765
f 1764 1765 1766
f 1766 1765 1767
f 1766 1767 1768
f 1768 1767 1769
f 1768 1769 1770
f 1770 1769 1771
f 1768 1738 1740
f 1770 1772 1768
f 1768 1772 1736
f 1768 1736 1738
f 1773 1774 1775
f 1770 1776 1772
f 1772 1776 1777
f 1772 1777 1778
f 1778 1779 1772
f 1772 1779 1780
f 1772 1780 1781
f 1773 1782 1774
f 1774 1782 1783
f 1774 1783 1784
f 1784 1783 1785
f 1781 1786 1772
f 1772 1786 1773
f 1772 1773 1787
f 1787 1773 1775
f 1740 1742 1768
f 1768 1742 1744
f 1768 1744 1766
f 1766 1744 1746
f 1766 1746 1748
f 1762 1752 1754
f 1748 1750 1766
f 1766 1750 1752
f 1766 1752 1764
f 1764 1752 1762
f 1754 1756 1762
f 1762 1756 1758
f 1762 1758 1760
f 1770 1771 1776
f 1776 1771 1788
f 1776 1788 1777
f 1777 1788 1789
f 1777 1789 1778
f 1778 1789 1790
f 1778 1790 1779
f 1779 1790 1791
f 1779 1791 1780
f 1780 1791 1792
f 1780 1792 1781
f 1781 1792 1793
f 1781 1793 1786
f 1786 1793 1794
f 1786 1794 1773
f 1773 1794 1795
f 1773 1795 1782
f 1782 1795 1796
f 1782 1796 1783
f 1783 1796 1797
f 1783 1797 1785
f 1785 1797 1798
f 1785 1798 1784
f 1784 1798 1799
f 1784 1799 1774
f 1774 1799 1800
f 1774 1800 1775
f 1775 1800 1801
f 1775 1801 1787
f 1787 1801 1802
f 1787 1802 1772
f 1772 1802 1803
f 1772 1803 1736
f 1736 1803 1737
f 1771 1804 1788
f 1788 1804 1805
f 1788 1805 1789
f 1789 1805 1806
f 1789 1806 1790
f 1790 1806 1807
f 1790 1807 1791
f 1791 1807 1808
f 1791 1808 1792
f 1792 1808 1809
f 1792 1809 1793
f 1793 1809 1810
f 1793 1810 1794
f 1794 1810 1811
f 1794 1811 1795
f 1795 1811 1812
f 1795 1812 1796
f 1796 1812 1813
f 1796 1813 1797
f 1797 1813 1814
f 1797 1814 1798
f 1798 1814 1815
f 1798 1815 1799
f 1799 1815 1816
f 1799 1816 1800
f 1800 1816 1817
f 1800 1817 1801
f 1801 1817 1818
f 1801 1818 1802
f 1802 1818 1819
f 1802 1819 1803
f 1803 1819 1820
f 1803 1820 1737
f 1737 1820 1821
f 1737 1821 1739
f 1739 1821 1822
f 1739 1822 1741
f 1741 1822 1823
f 1741 1823 1743
f 1743 1823 1824
f 1743 1824 1745
f 1745 1824 1825
f 1745 1825 1747
f 1747 1825 1826
f 1747 1826 1749
f 1749 1826 1827
f 1749 1827 1751
f 1751 1827 1828
f 1751 1828 1753
f 1753 1828 1829
f 1753 1829 1755
f 1755 1829 1830
f 1755 1830 1757
f 1757 1830 1831
f 1757 1831 1759
f 1759 1831 1832
f 1759 1832 1761
f 1761 1832 1833
f 1761 1833 1763
f 1763 1833 1834
f 1763 1834 1765
f 1765 1834 1835
f 1765 1835 1767
f 1767 1835 1836
f 1767 1836 1769
f 1769 1836 1837
f 1769 1837 1771
f 1771 1837 1804
f 1821 1838 1822
f 1822 1838 1839
f 1822 1839 1823
f 1823 1839 1840
f 1823 1840 1824
f 1824 1840 1841
f 1824 1841 1825
f 1825 1841 1842
f 1825 1842 1826
f 1826 1842 1843
f 1826 1843 1827
f 1827 1843 1844
f 1827 1844 1828
f 1828 1844 1845
f 1828 1845 1829
f 1829 1845 1846
f 1829 1846 1830
f 1830 1846 1847
f 1830 1847 1831
f 1831 1847 1848
f 1831 1848 1832
f 1832 1848 1849
f 1832 1849 1833
f 1833 1849 1850
f 1833 1850 1834
f 1834 1850 1851
f 1834 1851 1835
f 1835 1851 1852
f 1835 1852 1836
f 1836 1852 1853
f 1836 1853 1837
f 1837 1853 1854
f 1837 1854 1804
f 1854 1855 1804
f 1804 1855 1856
f 1804 1856 1805
f 1805 1856 1857
f 1805 1857 1806
f 1806 1857 1858
f 1806 1858 1807
f 1807 1858 1859
f 1807 1859 1808
f 1808 1859 1860
f 1808 1860 1809
f 1809 1860 1861
f 1809 1861 1810
f 1810 1861 1862
f 1810 1862 1811
f 1811 1862 1863
f 1811 1863 1812
f 1812 1863 1864
f 1812 1864 1813
f 1813 1864 1865
f 1813 1865 1814
f 1814 1865 1866
f 1814 1866 1815
f 1815 1866 1867
f 1815 1867 1816
f 1816 1867 1868
f 1816 1868 1817
f 1817 1868 1869
f 1817 1869 1818
f 1818 1869 1870
f 1818 1870 1819
f 1819 1870 1871
f 1819 1871 1820
f 1820 1871 1872
f 1820 1872 1821
f 1821 1872 1873
f 1821 1873 1838
f 1874 1873 1872
f 1874 1872 1875
f 1875 1872 1871
f 1875 1871 1876
f 1876 1871 1870
f 1876 1870 1877
f 1877 1870 1869
f 1877 1869 1878
f 1878 1869 1868
f 1878 1868 1879
f 1879 1868 1867
f 1879 1867 1880
f 1880 1867 1866
f 1880 1866 1881
f 1881 1866 1865
f 1881 1865 1882
f 1882 1865 1864
f 1882 1864 1883
f 1883 1864 1863
f 1883 1863 1884
f 1884 1863 1862
f 1884 1862 1885
f 1885 1862 1861
f 1885 1861 1886
f 1886 1861 1860
f 1886 1860 1887
f 1887 1860 1859
f 1887 1859 1888
f 1888 1859 1858
f 1888 1858 1889
f 1889 1858 1857
f 1889 1857 1890
f 1890 1857 1856
f 1890 1856 1891
f 1892 1874 1875
f 1892 1875 1893
f 1893 1875 1876
f 1893 1876 1894
f 1894 1876 1877
f 1894 1877 1895
f 1895 1877 1878
f 1895 1878 1896
f 1896 1878 1879
f 1896 1879 1897
f 1897 1879 1880
f 1897 1880 1898
f 1898 1880 1881
f 1898 1881 1899
f 1899 1881 1882
f 1899 1882 1900
f 1900 1882 1883
f 1900 1883 1901
f 1901 1883 1884
f 1901 1884 1902
f 1902 1884 1885
f 1902 1885 1903
f 1903 1885 1886
f 1903 1886 1904
f 1904 1886 1887
f 1904 1887 1905
f 1905 1887 1888
f 1905 1888 1906
f 1906 1888 1889
f 1906 1889 1907
f 1907 1889 1890
f 1907 1890 1908
f 1908 1890 1891
f 1908 1891 1909
f 1893 1894 1908
f 1908 1894 1895
f 1908 1895 1896
f 1910 1911 1912
f 1912 1911 1913
f 1910 1914 1911
f 1911 1914 1915
f 1911 1915 1916
f 1916 1917 1911
f 1911 1917 1918
f 1911 1918 1909
f 1909 1918 1908
f 1908 1918 1892
f 1908 1892 1893
f 1896 1897 1908
f 1908 1897 1898
f 1908 1898 1899
f 1911 1919 1913
f 1913 1919 1920
f 1913 1920 1921
f 1901 1905 1906
f 1905 1901 1904
f 1904 1901 1902
f 1904 1902 1903
f 1899 1900 1908
f 1908 1900 1901
f 1908 1901 1907
f 1907 1901 1906
f 1922 1923 1924
f 1924 1923 1925
f 1921 1926 1913
f 1913 1926 1925
f 1913 1925 1927
f 1927 1925 1923
f 1909 1891 1928
f 1909 1928 1911
f 1911 1928 1929
f 1911 1929 1919
f 1919 1929 1930
f 1919 1930 1920
f 1920 1930 1931
f 1920 1931 1921
f 1921 1931 1932
f 1921 1932 1926
f 1926 1932 1933
f 1926 1933 1925
f 1925 1933 1934
f 1925 1934 1924
f 1924 1934 1935
f 1924 1935 1922
f 1922 1935 1936
f 1922 1936 1923
f 1923 1936 1937
f 1923 1937 1927
f 1927 1937 1938
f 1927 1938 1913
f 1913 1938 1939
f 1913 1939 1912
f 1912 1939 1940
f 1912 1940 1910
f 1910 1940 1941
f 1910 1941 1914
f 1914 1941 1942
f 1914 1942 1915
f 1915 1942 1943
f 1915 1943 1916
f 1916 1943 1944
f 1916 1944 1917
f 1917 1944 1945
f 1917 1945 1918
f 1918 1945 1874
f 1918 1874 1892
f 1891 1856 1855
f 1873 1874 1945
f 1946 1947 1846
f 1846 1947 1948
f 1846 1948 1949
f 1949 1950 1846
f 1846 1950 1951
f 1846 1951 1847
f 1847 1951 1952
f 1847 1952 1953
f 1953 1954 1847
f 1847 1954 1955
f 1847 1955 1956
f 1956 1957 1847
f 1847 1957 1958
f 1847 1958 1959
f 1891 1855 1928
f 1928 1855 1854
f 1928 1854 1929
f 1929 1854 1853
f 1929 1853 1930
f 1930 1853 1852
f 1930 1852 1931
f 1931 1852 1851
f 1931 1851 1932
f 1932 1851 1850
f 1932 1850 1933
f 1933 1850 1849
f 1933 1849 1934
f 1934 1849 1848
f 1934 1848 1935
f 1935 1848 1847
f 1935 1847 1936
f 1936 1847 1959
f 1936 1959 1960
f 1960 1961 1936
f 1936 1961 1962
f 1936 1962 1963
f 1963 1964 1936
f 1936 1964 1965
f 1936 1965 1937
f 1937 1965 1966
f 1937 1966 1967
f 1967 1968 1937
f 1937 1968 1969
f 1937 1969 1970
f 1970 1971 1937
f 1937 1971 1972
f 1937 1972 1973
f 1873 1945 1838
f 1838 1945 1944
f 1838 1944 1839
f 1839 1944 1943
f 1839 1943 1840
f 1840 1943 1942
f 1840 1942 1841
f 1841 1942 1941
f 1841 1941 1842
f 1842 1941 1940
f 1842 1940 1843
f 1843 1940 1939
f 1843 1939 1844
f 1844 1939 1938
f 1844 1938 1845
f 1845 1938 1937
f 1845 1937 1846
f 1846 1937 1973
f 1846 1973 1946
f 1966 1974 1967
f 1967 1974 1975
f 1967 1975 1968
f 1968 1975 1976
f 1972 1971 1977
f 1977 1971 1970
f 1977 1970 1976
f 1976 1970 1969
f 1976 1969 1968
f 1972 1977 1973
f 1973 1977 1978
f 1973 1978 1946
f 1946 1978 1947
f 1947 1978 1979
f 1947 1979 1948
f 1980 1981 1952
f 1952 1951 1980
f 1980 1951 1950
f 1980 1950 1979
f 1979 1950 1949
f 1979 1949 1948
f 1952 1981 1953
f 1953 1981 1982
f 1953 1982 1954
f 1954 1982 1983
f 1958 1957 1984
f 1984 1957 1956
f 1984 1956 1983
f 1983 1956 1955
f 1983 1955 1954
f 1958 1984 1959
f 1959 1984 1985
f 1959 1985 1960
f 1960 1985 1961
f 1961 1985 1986
f 1961 1986 1962
f 1987 1974 1966
f 1966 1965 1987
f 1987 1965 1964
f 1987 1964 1986
f 1986 1964 1963
f 1986 1963 1962
f 1977 1976 1975
f 1986 1985 1987
f 1987 1985 1984
f 1978 1977 1979
f 1979 1977 1975
f 1979 1975 1980
f 1980 1975 1974
f 1980 1974 1981
f 1981 1974 1987
f 1981 1987 1982
f 1982 1987 1984
f 1982 1984 1983
f 1988 1989 1990
f 1988 1990 1991
f 1991 1990 1992
f 1991 1992 1993
f 1993 1992 1994
f 1993 1994 1995
f 1995 1994 1996
f 1995 1996 1997
f 1997 1996 1998
f 1997 1998 1999
f 1999 1998 2000
f 1999 2000 2001
f 2001 2000 2002
f 2001 2002 2003
f 2003 2002 2004
f 2003 2004 2005
f 2005 2004 2006
f 2005 2006 2007
f 2007 2006 2008
f 2007 2008 2009
f 2009 2008 2010
f 2009 2010 2011
f 2011 2010 2012
f 2011 2012 2013
f 2013 2012 2014
f 2013 2014 2015
f 2015 2014 2016
f 2015 2016 2017
f 2017 2016 2018
f 2017 2018 2019
f 2019 2018 2020
f 2019 2020 2021
f 2021 2020 2022
f 2021 2022 2023
f 2023 2022 2024
f 2023 2024 2025
f 2025 2024 2026
f 2025 2026 2027
f 2027 2026 2028
f 2027 2028 2029
f 2030 2031 2032
f 2032 2031 2033
f 2032 2033 2034
f 2034 2033 2035
f 2034 2035 2036
f 2036 2035 1988
f 2036 1988 2037
f 2037 1988 1991
f 2037 1991 2038
f 2039 2040 2041
f 2041 2040 2042
f 2041 2042 2043
f 2043 2042 2044
f 2043 2044 2045
f 2045 2044 2046
f 2045 2046 2047
f 2047 2046 2048
f 2047 2048 2049
f 2049 2048 2050
f 2049 2050 2030
f 2030 2050 2051
f 2030 2051 2031
f 2052 2053 2054
f 2054 2053 2055
f 2054 2055 2056
f 2056 2055 2057
f 2056 2057 2058
f 2058 2057 2059
f 2058 2059 2060
f 2060 2059 2061
f 2060 2061 2062
f 2062 2061 2063
f 2062 2063 2039
f 2039 2063 2064
f 2039 2064 2040
f 2065 2009 2066
f 2066 2009 2011
f 2066 2011 2067
f 2067 2011 2013
f 2067 2013 2068
f 2068 2013 2015
f 2068 2015 2069
f 2069 2015 2017
f 2069 2017 2070
f 2070 2017 2019
f 2070 2019 2071
f 2019 2021 2071
f 2071 2021 2023
f 2071 2023 2072
f 2072 2023 2025
f 2072 2025 2073
f 2073 2025 2027
f 2073 2027 2074
f 2074 2027 2029
f 2074 2029 2075
f 2075 2029 2076
f 2075 2076 2052
f 2052 2076 2077
f 2052 2077 2053
f 1991 1993 2038
f 2038 1993 1995
f 2038 1995 2078
f 2078 1995 1997
f 2078 1997 2079
f 2079 1997 1999
f 2079 1999 2080
f 2080 1999 2001
f 2080 2001 2081
f 2081 2001 2003
f 2081 2003 2082
f 2082 2003 2005
f 2082 2005 2065
f 2065 2005 2007
f 2065 2007 2009
f 2029 2028 2083
f 2029 2083 2076
f 2076 2083 2084
f 2076 2084 2077
f 2077 2084 2085
f 2077 2085 2053
f 2053 2085 2086
f 2053 2086 2055
f 2055 2086 2087
f 2055 2087 2057
f 2057 2087 2088
f 2057 2088 2059
f 2059 2088 2089
f 2059 2089 2061
f 2061 2089 2090
f 2061 2090 2063
f 2063 2090 2091
f 2063 2091 2064
f 2064 2091 2092
f 2064 2092 2040
f 2040 2092 2093
f 2040 2093 2042
f 2042 2093 2094
f 2042 2094 2044
f 2044 2094 2095
f 2044 2095 2046
f 2046 2095 2096
f 2046 2096 2048
f 2048 2096 2097
f 2048 2097 2050
f 2050 2097 2098
f 2050 2098 2051
f 2051 2098 2099
f 2051 2099 2031
f 2031 2099 2100
f 2031 2100 2033
f 2033 2100 2101
f 2033 2101 2035
f 2035 2101 1989
f 2035 1989 1988
f 2102 1989 2101
f 2102 2101 2103
f 2103 2101 2100
f 2103 2100 2104
f 2104 2100 2099
f 2104 2099 2105
f 2105 2099 2098
f 2105 2098 2106
f 2106 2098 2097
f 2106 2097 2107
f 2107 2097 2096
f 2107 2096 2108
f 2108 2096 2095
f 2108 2095 2109
f 2109 2095 2094
f 2109 2094 2110
f 2110 2094 2093
f 2110 2093 2111
f 2111 2093 2092
f 2111 2092 2112
f 2112 2092 2091
f 2112 2091 2113
f 2113 2091 2090
f 2113 2090 2114
f 2114 2090 2089
f 2114 2089 2115
f 2115 2089 2088
f 2115 2088 2116
f 2116 2088 2087
f 2116 2087 2117
f 2117 2087 2086
f 2117 2086 2118
f 2118 2086 2085
f 2118 2085 2119
f 2119 2085 2084
f 2119 2084 2120
f 2120 2084 2083
f 2120 2083 2121
f 2121 2083 2028
f 2121 2028 2122
f 2122 2028 2026
f 2122 2026 2123
f 2123 2026 2024
f 2123 2024 2124
f 2124 2024 2022
f 2124 2022 2125
f 2125 2022 2020
f 2125 2020 2126
f 2126 2020 2018
f 2126 2018 2127
f 2127 2018 2016
f 2127 2016 2128
f 2128 2016 2014
f 2128 2014 2129
f 2129 2014 2012
f 2129 2012 2130
f 2130 2012 2010
f 2130 2010 2131
f 2131 2010 2008
f 2131 2008 2132
f 2132 2008 2006
f 2132 2006 2133
f 2133 2006 2004
f 2133 2004 2134
f 2134 2004 2002
f 2134 2002 2135
f 2135 2002 2000
f 2135 2000 2136
f 2136 2000 1998
f 2136 1998 2137
f 2137 1998 1996
f 2137 1996 2138
f 2138 1996 1994
f 2138 1994 2139
f 2139 1994 1992
f 2139 1992 2140
f 2140 1992 1990
f 2140 1990 2141
f 2141 1990 1989
f 2141 1989 2102
f 2142 2122 2123
f 2142 2123 2143
f 2143 2123 2124
f 2143 2124 2144
f 2144 2124 2125
f 2144 2125 2145
f 2145 2125 2126
f 2145 2126 2146
f 2146 2126 2127
f 2146 2127 2147
f 2147 2127 2128
f 2147 2128 2148
f 2148 2128 2129
f 2148 2129 2149
f 2149 2129 2130
f 2149 2130 2150
f 2150 2130 2131
f 2150 2131 2151
f 2151 2131 2132
f 2151 2132 2152
f 2152 2132 2133
f 2152 2133 2153
f 2153 2133 2134
f 2153 2134 2154
f 2154 2134 2135
f 2154 2135 2155
f 2155 2135 2136
f 2155 2136 2156
f 2156 2136 2137
f 2156 2137 2157
f 2157 2137 2138
f 2157 2138 2158
f 2158 2138 2139
f 2158 2139 2159
f 2159 2139 2140
f 2159 2140 2160
f 2160 2140 2141
f 2160 2141 2161
f 2161 2141 2102
f 2161 2102 2162
f 2163 2164 2165
f 2165 2164 2166
f 2165 2166 2167
f 2167 2166 2168
f 2167 2168 2169
f 2169 2168 2142
f 2169 2142 2170
f 2170 2142 2143
f 2170 2143 2171
f 2172 2173 2174
f 2174 2173 2175
f 2174 2175 2176
f 2176 2175 2177
f 2176 2177 2178
f 2178 2177 2179
f 2178 2179 2180
f 2180 2179 2181
f 2180 2181 2182
f 2182 2181 2183
f 2182 2183 2163
f 2163 2183 2184
f 2163 2184 2164
f 2185 2186 2187
f 2187 2186 2188
f 2187 2188 2189
f 2189 2188 2190
f 2189 2190 2191
f 2191 2190 2192
f 2191 2192 2193
f 2193 2192 2194
f 2193 2194 2195
f 2195 2194 2196
f 2195 2196 2172
f 2172 2196 2197
f 2172 2197 2173
f 2198 2159 2199
f 2199 2159 2160
f 2199 2160 2200
f 2200 2160 2161
f 2200 2161 2201
f 2201 2161 2162
f 2201 2162 2202
f 2202 2162 2203
f 2202 2203 2185
f 2185 2203 2204
f 2185 2204 2186
f 2143 2144 2171
f 2171 2144 2145
f 2171 2145 2205
f 2205 2145 2146
f 2205 2146 2206
f 2206 2146 2147
f 2206 2147 2207
f 2207 2147 2148
f 2207 2148 2208
f 2208 2148 2149
f 2208 2149 2209
f 2209 2149 2150
f 2209 2150 2210
f 2150 2151 2210
f 2210 2151 2152
f 2210 2152 2211
f 2211 2152 2153
f 2211 2153 2212
f 2212 2153 2154
f 2212 2154 2213
f 2213 2154 2155
f 2213 2155 2214
f 2214 2155 2156
f 2214 2156 2215
f 2215 2156 2157
f 2215 2157 2198
f 2198 2157 2158
f 2198 2158 2159
f 2162 2102 2103
f 2162 2103 2203
f 2203 2103 2104
f 2203 2104 2204
f 2204 2104 2105
f 2204 2105 2186
f 2186 2105 2106
f 2186 2106 2188
f 2188 2106 2107
f 2188 2107 2190
f 2190 2107 2108
f 2190 2108 2192
f 2192 2108 2109
f 2192 2109 2194
f 2194 2109 2110
f 2194 2110 2196
f 2196 2110 2111
f 2196 2111 2197
f 2197 2111 2112
f 2197 2112 2173
f 2173 2112 2113
f 2173 2113 2175
f 2175 2113 2114
f 2175 2114 2177
f 2177 2114 2115
f 2177 2115 2179
f 2179 2115 2116
f 2179 2116 2181
f 2181 2116 2117
f 2181 2117 2183
f 2183 2117 2118
f 2183 2118 2184
f 2184 2118 2119
f 2184 2119 2164
f 2164 2119 2120
f 2164 2120 2166
f 2166 2120 2121
f 2166 2121 2168
f 2168 2121 2122
f 2168 2122 2142
f 2216 2201 2217
f 2217 2201 2202
f 2217 2202 2218
f 2218 2202 2185
f 2218 2185 2219
f 2219 2185 2187
f 2219 2187 2220
f 2220 2187 2189
f 2220 2189 2221
f 2221 2189 2191
f 2221 2191 2222
f 2222 2191 2193
f 2222 2193 2223
f 2223 2193 2195
f 2223 2195 2224
f 2224 2195 2172
f 2224 2172 2225
f 2225 2172 2174
f 2225 2174 2226
f 2226 2174 2176
f 2226 2176 2227
f 2227 2176 2178
f 2227 2178 2228
f 2228 2178 2180
f 2228 2180 2229
f 2229 2180 2182
f 2229 2182 2230
f 2230 2182 2163
f 2230 2163 2231
f 2231 2163 2165
f 2231 2165 2232
f 2232 2165 2167
f 2232 2167 2233
f 2233 2167 2169
f 2233 2234 2232
f 2232 2234 2235
f 2232 2235 2231
f 2231 2235 2236
f 2231 2236 2230
f 2230 2236 2237
f 2230 2237 2229
f 2229 2237 2238
f 2229 2238 2228
f 2228 2238 2239
f 2228 2239 2227
f 2227 2239 2240
f 2227 2240 2226
f 2226 2240 2241
f 2226 2241 2225
f 2225 2241 2242
f 2225 2242 2224
f 2224 2242 2243
f 2224 2243 2223
f 2223 2243 2244
f 2223 2244 2222
f 2222 2244 2245
f 2222 2245 2221
f 2221 2245 2246
f 2221 2246 2220
f 2220 2246 2247
f 2220 2247 2219
f 2219 2247 2248
f 2219 2248 2218
f 2218 2248 2249
f 2218 2249 2217
f 2217 2249 2250
f 2217 2250 2216
f 2216 2250 2251
f 2216 2251 2252
f 2252 2251 2253
f 2252 2253 2254
f 2254 2253 2255
f 2254 2255 2256
f 2256 2255 2257
f 2256 2257 2258
f 2258 2257 2259
f 2258 2259 2260
f 2260 2259 2261
f 2260 2261 2262
f 2262 2261 2263
f 2262 2263 2264
f 2264 2263 2265
f 2264 2265 2266
f 2266 2265 2267
f 2266 2267 2268
f 2268 2267 2269
f 2268 2269 2270
f 2270 2269 2271
f 2270 2271 2272
f 2272 2271 2273
f 2272 2273 2274
f 2274 2273 2275
f 2274 2275 2276
f 2276 2275 2277
f 2276 2277 2278
f 2278 2277 2279
f 2278 2279 2280
f 2280 2279 2281
f 2280 2281 2282
f 2282 2281 2283
f 2282 2283 2233
f 2233 2283 2234
f 2251 2036 2253
f 2253 2036 2037
f 2253 2037 2255
f 2255 2037 2038
f 2255 2038 2257
f 2257 2038 2078
f 2257 2078 2259
f 2259 2078 2079
f 2259 2079 2261
f 2261 2079 2080
f 2261 2080 2263
f 2263 2080 2081
f 2263 2081 2265
f 2265 2081 2082
f 2265 2082 2267
f 2267 2082 2065
f 2267 2065 2269
f 2269 2065 2066
f 2269 2066 2271
f 2271 2066 2067
f 2271 2067 2273
f 2273 2067 2068
f 2273 2068 2275
f 2275 2068 2069
f 2275 2069 2277
f 2277 2069 2070
f 2277 2070 2279
f 2279 2070 2071
f 2279 2071 2281
f 2281 2071 2072
f 2281 2072 2283
f 2283 2072 2073
f 2283 2073 2234
f 2234 2073 2074
f 2234 2074 2235
f 2235 2074 2075
f 2235 2075 2236
f 2236 2075 2052
f 2236 2052 2237
f 2237 2052 2054
f 2237 2054 2238
f 2238 2054 2056
f 2238 2056 2239
f 2239 2056 2058
f 2239 2058 2240
f 2240 2058 2060
f 2240 2060 2241
f 2241 2060 2062
f 2241 2062 2242
f 2242 2062 2039
f 2242 2039 2243
f 2243 2039 2041
f 2243 2041 2244
f 2244 2041 2043
f 2244 2043 2245
f 2245 2043 2045
f 2245 2045 2246
f 2246 2045 2047
f 2246 2047 2247
f 2247 2047 2049
f 2247 2049 2248
f 2248 2049 2030
f 2248 2030 2249
f 2249 2030 2032
f 2249 2032 2250
f 2250 2032 2034
f 2250 2034 2251
f 2251 2034 2036
f 2233 2169 2282
f 2282 2169 2170
f 2282 2170 2280
f 2280 2170 2171
f 2280 2171 2278
f 2278 2171 2205
f 2278 2205 2276
f 2276 2205 2206
f 2276 2206 2274
f 2274 2206 2207
f 2274 2207 2272
f 2272 2207 2208
f 2272 2208 2270
f 2270 2208 2209
f 2270 2209 2268
f 2268 2209 2210
f 2268 2210 2266
f 2266 2210 2211
f 2266 2211 2264
f 2264 2211 2212
f 2264 2212 2262
f 2262 2212 2213
f 2262 2213 2260
f 2260 2213 2214
f 2260 2214 2258
f 2258 2214 2215
f 2258 2215 2256
f 2256 2215 2198
f 2256 2198 2254
f 2254 2198 2199
f 2254 2199 2252
f 2252 2199 2200
f 2252 2200 2216
f 2216 2200 2201
f 2284 2285 2286
f 2284 2286 2287
f 2287 2286 2288
f 2287 2288 2289
f 2289 2288 2290
f 2289 2290 2291
f 2291 2290 2292
f 2291 2292 2293
f 2293 2292 2294
f 2293 2294 2295
f 2295 2294 2296
f 2295 2296 2297
f 2297 2296 2298
f 2297 2298 2299
f 2299 2298 2300
f 2299 2300 2301
f 2301 2300 2302
f 2301 2302 2303
f 2303 2302 2304
f 2303 2304 2305
f 2305 2304 2306
f 2305 2306 2307
f 2307 2306 2308
f 2307 2308 2309
f 2309 2308 2310
f 2309 2310 2311
f 2311 2310 2312
f 2311 2312 2313
f 2313 2312 2314
f 2313 2314 2315
f 2315 2314 2316
f 2315 2316 2317
f 2317 2318 2319
f 2317 2319 2315
f 2315 2319 2320
f 2315 2320 2313
f 2313 2320 2321
f 2313 2321 2311
f 2311 2321 2322
f 2311 2322 2309
f 2309 2322 2323
f 2309 2323 2307
f 2307 2323 2324
f 2307 2324 2305
f 2305 2324 2325
f 2305 2325 2303
f 2303 2325 2326
f 2303 2326 2301
f 2301 2326 2327
f 2301 2327 2299
f 2299 2327 2328
f 2299 2328 2297
f 2297 2328 2329
f 2297 2329 2295
f 2295 2329 2330
f 2295 2330 2293
f 2293 2330 2331
f 2293 2331 2291
f 2291 2331 2332
f 2291 2332 2289
f 2289 2332 2333
f 2289 2333 2287
f 2287 2333 2334
f 2287 2334 2284
f 2284 2334 2335
f 2284 2335 2336
f 2336 2335 2337
f 2336 2337 2338
f 2338 2337 2339
f 2338 2339 2340
f 2340 2339 2341
f 2340 2341 2342
f 2342 2341 2343
f 2342 2343 2344
f 2344 2343 2345
f 2344 2345 2346
f 2346 2345 2347
f 2346 2347 2348
f 2348 2347 2349
f 2348 2349 2350
f 2350 2349 2351
f 2350 2351 2352
f 2352 2351 2353
f 2352 2353 2354
f 2354 2353 2355
f 2354 2355 2356
f 2356 2355 2357
f 2356 2357 2358
f 2358 2357 2359
f 2358 2359 2360
f 2360 2359 2361
f 2360 2361 2362
f 2362 2361 2363
f 2362 2363 2364
f 2364 2363 2318
f 2364 2318 2317
f 2365 2318 2363
f 2365 2363 2366
f 2366 2363 2361
f 2366 2361 2367
f 2367 2361 2359
f 2367 2359 2368
f 2368 2359 2357
f 2368 2357 2369
f 2369 2357 2355
f 2369 2355 2370
f 2370 2355 2353
f 2370 2353 2371
f 2371 2353 2351
f 2371 2351 2372
f 2372 2351 2349
f 2372 2349 2373
f 2373 2349 2347
f 2373 2347 2374
f 2374 2347 2345
f 2374 2345 2375
f 2375 2345 2343
f 2375 2343 2376
f 2376 2343 2341
f 2376 2341 2377
f 2377 2341 2339
f 2377 2339 2378
f 2378 2339 2337
f 2378 2337 2379
f 2379 2337 2335
f 2379 2335 2380
f 2380 2335 2334
f 2380 2334 2381
f 2381 2334 2333
f 2381 2333 2382
f 2382 2333 2332
f 2382 2332 2383
f 2383 2332 2331
f 2383 2331 2384
f 2384 2331 2330
f 2384 2330 2385
f 2385 2330 2329
f 2385 2329 2386
f 2386 2329 2328
f 2386 2328 2387
f 2387 2328 2327
f 2387 2327 2388
f 2388 2327 2326
f 2388 2326 2389
f 2389 2326 2325
f 2389 2325 2390
f 2390 2325 2324
f 2390 2324 2391
f 2391 2324 2323
f 2391 2323 2392
f 2392 2323 2322
f 2392 2322 2393
f 2393 2322 2321
f 2393 2321 2394
f 2394 2321 2320
f 2394 2320 2395
f 2395 2320 2319
f 2395 2319 2396
f 2396 2319 2318
f 2396 2318 2365
f 2397 2373 2398
f 2398 2373 2374
f 2398 2374 2399
f 2399 2374 2375
f 2399 2375 2400
f 2400 2375 2376
f 2400 2376 2401
f 2401 2376 2377
f 2401 2377 2402
f 2402 2377 2378
f 2402 2378 2403
f 2403 2378 2379
f 2403 2379 2404
f 2404 2379 2380
f 2404 2380 2405
f 2405 2380 2381
f 2405 2381 2406
f 2406 2381 2382
f 2406 2382 2407
f 2407 2382 2383
f 2407 2383 2408
f 2408 2383 2384
f 2408 2384 2409
f 2409 2384 2385
f 2409 2385 2410
f 2410 2385 2386
f 2410 2386 2411
f 2411 2386 2387
f 2411 2387 2412
f 2412 2387 2388
f 2412 2388 2413
f 2388 2389 2413
f 2413 2389 2390
f 2413 2390 2414
f 2414 2390 2391
f 2414 2391 2415
f 2415 2391 2392
f 2415 2392 2416
f 2416 2392 2393
f 2416 2393 2417
f 2417 2393 2394
f 2417 2394 2418
f 2418 2394 2395
f 2418 2395 2419
f 2419 2395 2396
f 2419 2396 2420
f 2420 2396 2365
f 2420 2365 2421
f 2421 2365 2366
f 2421 2366 2422
f 2422 2366 2367
f 2422 2367 2423
f 2423 2367 2368
f 2423 2368 2424
f 2424 2368 2369
f 2424 2369 2425
f 2425 2369 2370
f 2425 2370 2426
f 2426 2370 2371
f 2426 2371 2397
f 2397 2371 2372
f 2397 2372 2373
f 2427 2420 2428
f 2428 2420 2421
f 2428 2421 2429
f 2429 2421 2422
f 2429 2422 2430
f 2430 2422 2423
f 2430 2423 2431
f 2431 2423 2424
f 2431 2424 2432
f 2432 2424 2425
f 2432 2425 2433
f 2433 2425 2426
f 2433 2426 2434
f 2434 2426 2397
f 2434 2397 2435
f 2435 2397 2398
f 2435 2398 2436
f 2436 2398 2399
f 2436 2399 2437
f 2437 2399 2400
f 2437 2400 2438
f 2438 2400 2401
f 2438 2401 2439
f 2439 2401 2402
f 2439 2402 2440
f 2440 2402 2403
f 2440 2403 2441
f 2441 2403 2404
f 2441 2404 2442
f 2442 2404 2405
f 2442 2443 2441
f 2441 2443 2444
f 2441 2444 2440
f 2440 2444 2445
f 2440 2445 2439
f 2439 2445 2446
f 2439 2446 2438
f 2438 2446 2447
f 2438 2447 2437
f 2437 2447 2448
f 2437 2448 2436
f 2436 2448 2449
f 2436 2449 2435
f 2435 2449 2450
f 2435 2450 2434
f 2434 2450 2451
f 2434 2451 2433
f 2433 2451 2452
f 2433 2452 2432
f 2432 2452 2453
f 2432 2453 2431
f 2431 2453 2454
f 2431 2454 2430
f 2430 2454 2455
f 2430 2455 2429
f 2429 2455 2456
f 2429 2456 2428
f 2428 2456 2457
f 2428 2457 2427
f 2427 2457 2458
f 2427 2458 2459
f 2459 2458 2460
f 2459 2460 2461
f 2461 2460 2462
f 2461 2462 2463
f 2463 2462 2464
f 2463 2464 2465
f 2465 2464 2466
f 2465 2466 2467
f 2467 2466 2468
f 2467 2468 2469
f 2469 2468 2470
f 2469 2470 2471
f 2471 2470 2472
f 2471 2472 2473
f 2473 2472 2474
f 2473 2474 2475
f 2475 2474 2476
f 2475 2476 2477
f 2477 2476 2478
f 2477 2478 2479
f 2479 2478 2480
f 2479 2480 2481
f 2481 2480 2482
f 2481 2482 2483
f 2483 2482 2484
f 2483 2484 2485
f 2485 2484 2486
f 2485 2486 2442
f 2442 2486 2443
f 2458 2487 2460
f 2460 2487 2488
f 2460 2488 2462
f 2462 2488 2489
f 2462 2489 2464
f 2464 2489 2490
f 2464 2490 2466
f 2466 2490 2491
f 2466 2491 2468
f 2468 2491 2492
f 2468 2492 2470
f 2470 2492 2493
f 2470 2493 2472
f 2472 2493 2494
f 2472 2494 2474
f 2474 2494 2495
f 2474 2495 2476
f 2476 2495 2496
f 2476 2496 2478
f 2478 2496 2497
f 2478 2497 2480
f 2480 2497 2498
f 2480 2498 2482
f 2482 2498 2499
f 2482 2499 2484
f 2484 2499 2500
f 2484 2500 2486
f 2486 2500 2501
f 2486 2501 2443
f 2443 2501 2502
f 2443 2502 2444
f 2444 2502 2503
f 2444 2503 2445
f 2445 2503 2504
f 2445 2504 2446
f 2446 2504 2505
f 2446 2505 2447
f 2447 2505 2506
f 2447 2506 2448
f 2448 2506 2507
f 2448 2507 2449
f 2449 2507 2508
f 2449 2508 2450
f 2450 2508 2509
f 2450 2509 2451
f 2451 2509 2510
f 2451 2510 2452
f 2452 2510 2511
f 2452 2511 2453
f 2453 2511 2512
f 2453 2512 2454
f 2454 2512 2513
f 2454 2513 2455
f 2455 2513 2514
f 2455 2514 2456
f 2456 2514 2515
f 2456 2515 2457
f 2457 2515 2516
f 2457 2516 2458
f 2458 2516 2487
f 2499 2517 2500
f 2500 2517 2518
f 2500 2518 2501
f 2501 2518 2519
f 2501 2519 2502
f 2502 2519 2520
f 2502 2520 2503
f 2503 2520 2521
f 2503 2521 2504
f 2504 2521 2522
f 2504 2522 2505
f 2505 2522 2523
f 2505 2523 2506
f 2506 2523 2524
f 2506 2524 2507
f 2507 2524 2525
f 2507 2525 2508
f 2508 2525 2526
f 2508 2526 2509
f 2509 2526 2527
f 2509 2527 2510
f 2510 2527 2528
f 2510 2528 2511
f 2511 2528 2529
f 2511 2529 2512
f 2512 2529 2530
f 2512 2530 2513
f 2513 2530 2531
f 2513 2531 2514
f 2514 2531 2532
f 2514 2532 2515
f 2515 2532 2533
f 2515 2533 2516
f 2516 2533 2534
f 2516 2534 2487
f 2487 2534 2535
f 2487 2535 2488
f 2488 2535 2536
f 2488 2536 2489
f 2489 2536 2537
f 2489 2537 2490
f 2490 2537 2538
f 2490 2538 2491
f 2491 2538 2539
f 2491 2539 2492
f 2492 2539 2540
f 2492 2540 2493
f 2493 2540 2541
f 2493 2541 2494
f 2494 2541 2542
f 2494 2542 2495
f 2495 2542 2543
f 2495 2543 2496
f 2496 2543 2544
f 2496 2544 2497
f 2497 2544 2545
f 2497 2545 2498
f 2498 2545 2546
f 2498 2546 2499
f 2499 2546 2517
f 2535 2547 2536
f 2536 2547 2548
f 2536 2548 2537
f 2537 2548 2549
f 2537 2549 2538
f 2538 2549 2550
f 2538 2550 2539
f 2539 2550 2551
f 2539 2551 2540
f 2540 2551 2552
f 2540 2552 2541
f 2541 2552 2553
f 2541 2553 2542
f 2542 2553 2554
f 2542 2554 2543
f 2543 2554 2555
f 2543 2555 2544
f 2544 2555 2556
f 2544 2556 2545
f 2545 2556 2557
f 2545 2557 2546
f 2546 2557 2558
f 2546 2558 2517
f 2517 2558 2559
f 2517 2559 2518
f 2518 2559 2560
f 2518 2560 2519
f 2519 2560 2561
f 2519 2561 2520
f 2520 2561 2562
f 2520 2562 2521
f 2521 2562 2563
f 2521 2563 2522
f 2522 2563 2564
f 2522 2564 2523
f 2523 2564 2565
f 2523 2565 2524
f 2524 2565 2566
f 2524 2566 2525
f 2525 2566 2567
f 2525 2567 2526
f 2526 2567 2568
f 2526 2568 2527
f 2527 2568 2569
f 2527 2569 2528
f 2528 2569 2570
f 2528 2570 2529
f 2529 2570 2571
f 2529 2571 2530
f 2530 2571 2572
f 2530 2572 2531
f 2531 2572 2573
f 2531 2573 2532
f 2532 2573 2574
f 2532 2574 2533
f 2533 2574 2575
f 2533 2575 2534
f 2534 2575 2576
f 2534 2576 2535
f 2535 2576 2547
f 2562 2577 2563
f 2563 2577 2578
f 2563 2578 2564
f 2564 2578 2579
f 2564 2579 2565
f 2565 2579 2580
f 2565 2580 2566
f 2566 2580 2581
f 2566 2581 2567
f 2567 2581 2582
f 2567 2582 2568
f 2568 2582 2583
f 2568 2583 2569
f 2569 2583 2584
f 2569 2584 2570
f 2570 2584 2585
f 2570 2585 2571
f 2571 2585 2586
f 2571 2586 2572
f 2572 2586 2587
f 2572 2587 2573
f 2573 2587 2588
f 2573 2588 2574
f 2574 2588 2589
f 2574 2589 2575
f 2575 2589 2590
f 2575 2590 2576
f 2576 2590 2591
f 2576 2591 2547
f 2547 2591 2592
f 2547 2592 2548
f 2548 2592 2593
f 2548 2593 2549
f 2549 2593 2594
f 2549 2594 2550
f 2550 2594 2595
f 2550 2595 2551
f 2551 2595 2596
f 2551 2596 2552
f 2552 2596 2597
f 2552 2597 2553
f 2553 2597 2598
f 2553 2598 2554
f 2554 2598 2599
f 2554 2599 2555
f 2555 2599 2600
f 2555 2600 2556
f 2556 2600 2601
f 2556 2601 2557
f 2557 2601 2602
f 2557 2602 2558
f 2558 2602 2603
f 2558 2603 2559
f 2559 2603 2604
f 2559 2604 2560
f 2560 2604 2605
f 2560 2605 2561
f 2561 2605 2606
f 2561 2606 2562
f 2562 2606 2577
f 2607 2608 2609
f 2610 2611 2607
f 2612 2613 2614
f 2615 2616 2617
f 2618 2619 2620
f 2594 2593 2621
f 2590 2622 2591
f 2588 2587 2623
f 2585 2624 2586
f 2625 2626 2627
f 2627 2626 2628
f 2629 2630 2631
f 2632 2633 2634
f 2634 2633 2616
f 2635 2636 2637
f 2638 2614 2639
f 2639 2614 2613
f 2639 2613 2640
f 2640 2613 2641
f 2642 2643 2644
f 2644 2643 2645
f 2644 2645 2646
f 2646 2645 2641
f 2647 2648 2649
f 2649 2648 2650
f 2649 2650 2651
f 2652 2653 2612
f 2612 2653 2654
f 2612 2654 2613
f 2613 2654 2655
f 2613 2655 2641
f 2641 2655 2656
f 2641 2656 2646
f 2657 2658 2659
f 2659 2658 2643
f 2642 2647 2643
f 2643 2647 2649
f 2643 2649 2659
f 2659 2649 2660
f 2659 2660 2657
f 2657 2660 2637
f 2636 2661 2637
f 2637 2661 2662
f 2637 2662 2633
f 2662 2663 2633
f 2633 2663 2664
f 2633 2664 2616
f 2664 2665 2616
f 2616 2665 2666
f 2616 2666 2617
f 2617 2666 2667
f 2668 2669 2670
f 2670 2669 2671
f 2670 2671 2635
f 2672 2673 2674
f 2674 2673 2632
f 2615 2675 2676
f 2676 2675 2677
f 2676 2677 2673
f 2678 2679 2675
f 2675 2679 2680
f 2675 2680 2677
f 2681 2682 2675
f 2675 2682 2683
f 2675 2683 2678
f 2678 2683 2684
f 2678 2684 2685
f 2686 2687 2688
f 2689 2690 2686
f 2686 2690 2691
f 2686 2691 2687
f 2692 2693 2694
f 2694 2693 2695
f 2694 2695 2696
f 2693 2697 2695
f 2695 2697 2698
f 2695 2698 2689
f 2689 2698 2699
f 2689 2699 2690
f 2699 2700 2690
f 2690 2700 2701
f 2690 2701 2702
f 2692 2694 2703
f 2703 2694 2704
f 2703 2704 2705
f 2701 2706 2702
f 2702 2706 2707
f 2702 2707 2704
f 2704 2707 2708
f 2704 2708 2705
f 2709 2710 2694
f 2711 2712 2713
f 2694 2710 2704
f 2704 2710 2714
f 2704 2714 2715
f 2716 2717 2718
f 2718 2717 2719
f 2718 2719 2720
f 2714 2721 2715
f 2715 2721 2722
f 2715 2722 2713
f 2713 2722 2723
f 2713 2723 2711
f 2724 2725 2713
f 2724 2726 2727
f 2727 2728 2724
f 2724 2728 2729
f 2724 2729 2725
f 2725 2729 2730
f 2731 2732 2733
f 2733 2732 2734
f 2735 2736 2737
f 2737 2736 2738
f 2737 2738 2739
f 2739 2738 2725
f 2739 2725 2740
f 2740 2725 2730
f 2741 2742 2743
f 2743 2742 2744
f 2743 2744 2745
f 2746 2747 2748
f 2749 2750 2751
f 2750 2752 2751
f 2751 2752 2753
f 2751 2753 2754
f 2755 2756 2757
f 2753 2758 2754
f 2754 2758 2759
f 2754 2759 2760
f 2760 2759 2761
f 2760 2761 2755
f 2755 2761 2762
f 2755 2762 2756
f 2763 2764 2755
f 2755 2764 2765
f 2755 2765 2760
f 2766 2767 2768
f 2768 2767 2769
f 2770 2771 2772
f 2771 2773 2772
f 2772 2773 2774
f 2772 2774 2775
f 2775 2774 2776
f 2775 2776 2777
f 2777 2776 2778
f 2777 2778 2779
f 2780 2629 2781
f 2781 2629 2779
f 2781 2779 2782
f 2782 2779 2778
f 2783 2631 2784
f 2785 2786 2787
f 2788 2789 2790
f 2790 2789 2785
f 2786 2791 2787
f 2787 2791 2792
f 2787 2792 2630
f 2630 2792 2793
f 2630 2793 2794
f 2794 2795 2630
f 2630 2795 2796
f 2630 2796 2631
f 2631 2796 2797
f 2631 2797 2784
f 2798 2799 2800
f 2800 2799 2801
f 2800 2801 2628
f 2628 2801 2802
f 2628 2802 2627
f 2578 2803 2579
f 2579 2803 2804
f 2579 2804 2580
f 2580 2804 2805
f 2580 2805 2581
f 2590 2589 2806
f 2594 2621 2807
f 2599 2598 2808
f 2808 2598 2597
f 2606 2605 2610
f 2610 2605 2604
f 2610 2604 2611
f 2611 2604 2603
f 2611 2603 2607
f 2607 2603 2602
f 2607 2602 2608
f 2608 2602 2601
f 2608 2601 2600
f 2616 2809 2634
f 2634 2809 2810
f 2634 2810 2632
f 2632 2810 2811
f 2632 2811 2674
f 2672 2812 2673
f 2673 2812 2813
f 2673 2813 2676
f 2676 2813 2814
f 2676 2814 2615
f 2615 2814 2815
f 2815 2816 2615
f 2615 2816 2817
f 2615 2817 2616
f 2616 2817 2818
f 2616 2818 2809
f 2802 2819 2820
f 2802 2820 2821
f 2820 2822 2821
f 2821 2822 2823
f 2821 2823 2824
f 2824 2823 2825
f 2824 2825 2826
f 2826 2825 2827
f 2826 2827 2828
f 2798 2783 2799
f 2799 2783 2826
f 2799 2826 2829
f 2829 2826 2828
f 2829 2830 2799
f 2799 2830 2831
f 2799 2831 2801
f 2801 2831 2832
f 2801 2832 2802
f 2802 2832 2833
f 2802 2833 2819
f 2834 2835 2836
f 2836 2835 2837
f 2836 2837 2838
f 2839 2840 2841
f 2841 2840 2835
f 2841 2835 2842
f 2842 2835 2834
f 2839 2618 2840
f 2840 2618 2620
f 2840 2620 2843
f 2840 2844 2835
f 2835 2844 2805
f 2835 2805 2845
f 2845 2805 2804
f 2587 2586 2623
f 2623 2586 2624
f 2623 2624 2843
f 2843 2624 2585
f 2843 2585 2840
f 2840 2585 2584
f 2840 2584 2844
f 2844 2584 2583
f 2844 2583 2805
f 2805 2583 2582
f 2805 2582 2581
f 2589 2588 2806
f 2806 2588 2623
f 2806 2623 2617
f 2617 2623 2843
f 2617 2843 2615
f 2615 2843 2620
f 2615 2620 2675
f 2675 2620 2619
f 2675 2619 2681
f 2635 2637 2670
f 2670 2637 2660
f 2670 2660 2846
f 2846 2660 2649
f 2846 2649 2612
f 2612 2649 2651
f 2612 2651 2652
f 2684 2838 2685
f 2685 2838 2837
f 2685 2837 2847
f 2847 2837 2835
f 2847 2835 2688
f 2688 2835 2845
f 2688 2845 2686
f 2686 2845 2804
f 2686 2804 2689
f 2689 2804 2803
f 2689 2803 2695
f 2695 2803 2578
f 2695 2578 2696
f 2696 2578 2577
f 2696 2577 2606
f 2590 2806 2622
f 2622 2806 2848
f 2622 2848 2591
f 2849 2850 2848
f 2848 2850 2592
f 2848 2592 2591
f 2712 2716 2713
f 2713 2716 2718
f 2713 2718 2724
f 2724 2718 2851
f 2593 2592 2621
f 2621 2592 2850
f 2621 2850 2852
f 2852 2850 2849
f 2852 2849 2853
f 2854 2855 2853
f 2638 2856 2857
f 2858 2859 2614
f 2853 2855 2860
f 2860 2855 2861
f 2860 2861 2862
f 2638 2857 2614
f 2614 2857 2863
f 2614 2863 2858
f 2667 2668 2617
f 2617 2668 2670
f 2617 2670 2806
f 2806 2670 2846
f 2806 2846 2848
f 2848 2846 2612
f 2848 2612 2849
f 2849 2612 2614
f 2849 2614 2853
f 2853 2614 2859
f 2853 2859 2854
f 2862 2864 2860
f 2860 2864 2865
f 2860 2865 2638
f 2638 2865 2866
f 2638 2866 2856
f 2851 2867 2724
f 2724 2867 2733
f 2724 2733 2726
f 2726 2733 2734
f 2745 2868 2743
f 2743 2868 2751
f 2743 2751 2741
f 2741 2751 2754
f 2735 2731 2736
f 2736 2731 2733
f 2736 2733 2745
f 2745 2733 2867
f 2745 2867 2868
f 2868 2867 2869
f 2868 2869 2751
f 2751 2869 2748
f 2751 2748 2749
f 2749 2748 2747
f 2768 2609 2870
f 2870 2609 2608
f 2870 2608 2808
f 2808 2608 2600
f 2808 2600 2599
f 2785 2787 2790
f 2790 2787 2871
f 2790 2871 2872
f 2784 2788 2783
f 2783 2788 2790
f 2783 2790 2826
f 2826 2790 2872
f 2826 2872 2824
f 2824 2872 2807
f 2824 2807 2821
f 2821 2807 2621
f 2821 2621 2802
f 2802 2621 2852
f 2802 2852 2627
f 2627 2852 2853
f 2627 2853 2625
f 2625 2853 2860
f 2625 2860 2873
f 2873 2860 2638
f 2873 2638 2874
f 2874 2638 2639
f 2775 2763 2772
f 2772 2763 2755
f 2772 2755 2748
f 2748 2755 2757
f 2748 2757 2746
f 2769 2770 2768
f 2768 2770 2772
f 2768 2772 2609
f 2609 2772 2748
f 2609 2748 2607
f 2607 2748 2869
f 2607 2869 2610
f 2610 2869 2867
f 2610 2867 2606
f 2606 2867 2851
f 2606 2851 2696
f 2696 2851 2718
f 2696 2718 2694
f 2694 2718 2720
f 2694 2720 2709
f 2780 2766 2629
f 2629 2766 2768
f 2629 2768 2630
f 2630 2768 2870
f 2630 2870 2787
f 2787 2870 2808
f 2787 2808 2871
f 2871 2808 2597
f 2871 2597 2872
f 2872 2597 2596
f 2872 2596 2807
f 2807 2596 2595
f 2807 2595 2594
f 2875 2691 2876
f 2876 2691 2690
f 2876 2690 2877
f 2877 2690 2702
f 2877 2702 2878
f 2878 2702 2704
f 2878 2704 2879
f 2879 2704 2715
f 2879 2715 2880
f 2880 2715 2713
f 2880 2713 2881
f 2847 2688 2875
f 2875 2688 2687
f 2875 2687 2691
f 2847 2875 2685
f 2685 2875 2882
f 2685 2882 2678
f 2678 2882 2883
f 2678 2883 2679
f 2679 2883 2884
f 2679 2884 2680
f 2680 2884 2885
f 2680 2885 2677
f 2677 2885 2886
f 2677 2886 2673
f 2673 2886 2887
f 2673 2887 2632
f 2632 2887 2888
f 2632 2888 2633
f 2633 2888 2889
f 2633 2889 2637
f 2637 2889 2890
f 2637 2890 2657
f 2657 2890 2658
f 2658 2890 2891
f 2658 2891 2643
f 2643 2891 2645
f 2645 2891 2892
f 2645 2892 2641
f 2641 2892 2893
f 2641 2893 2640
f 2640 2893 2894
f 2640 2894 2639
f 2639 2894 2895
f 2639 2895 2874
f 2741 2896 2897
f 2898 2628 2899
f 2899 2628 2626
f 2899 2626 2900
f 2900 2626 2625
f 2900 2625 2901
f 2901 2625 2873
f 2901 2873 2902
f 2902 2873 2874
f 2902 2874 2895
f 2783 2798 2898
f 2898 2798 2800
f 2898 2800 2628
f 2898 2903 2783
f 2783 2903 2904
f 2783 2904 2631
f 2631 2904 2905
f 2631 2905 2629
f 2629 2905 2906
f 2629 2906 2779
f 2779 2906 2907
f 2779 2907 2777
f 2777 2907 2908
f 2777 2908 2775
f 2775 2908 2909
f 2775 2909 2763
f 2763 2909 2910
f 2763 2910 2764
f 2741 2754 2896
f 2896 2754 2760
f 2896 2760 2910
f 2910 2760 2765
f 2910 2765 2764
f 2745 2744 2897
f 2897 2744 2742
f 2897 2742 2741
f 2897 2911 2745
f 2745 2911 2912
f 2745 2912 2736
f 2736 2912 2913
f 2736 2913 2738
f 2738 2913 2914
f 2738 2914 2725
f 2725 2914 2881
f 2725 2881 2713
f 2915 2881 2914
f 2915 2914 2916
f 2916 2914 2913
f 2916 2913 2917
f 2917 2913 2912
f 2917 2912 2918
f 2918 2912 2911
f 2918 2911 2919
f 2919 2911 2897
f 2919 2897 2920
f 2920 2897 2896
f 2920 2896 2921
f 2921 2896 2910
f 2921 2910 2922
f 2922 2910 2909
f 2922 2909 2923
f 2923 2909 2908
f 2923 2908 2924
f 2924 2908 2907
f 2924 2907 2925
f 2925 2907 2906
f 2925 2906 2926
f 2926 2906 2905
f 2926 2905 2927
f 2927 2905 2904
f 2927 2904 2928
f 2928 2904 2903
f 2928 2903 2929
f 2929 2903 2898
f 2929 2898 2930
f 2930 2898 2899
f 2930 2899 2931
f 2931 2899 2900
f 2931 2900 2932
f 2932 2900 2901
f 2932 2901 2933
f 2933 2901 2902
f 2933 2902 2934
f 2934 2902 2895
f 2934 2895 2935
f 2919 2936 2918
f 2918 2936 2937
f 2918 2937 2917
f 2917 2937 2938
f 2917 2938 2916
f 2916 2938 2939
f 2916 2939 2915
f 2921 2940 2920
f 2920 2940 2941
f 2941 2942 2920
f 2920 2942 2943
f 2920 2943 2919
f 2919 2943 2944
f 2919 2944 2936
f 2930 2945 2929
f 2929 2945 2946
f 2929 2946 2928
f 2928 2946 2947
f 2928 2947 2927
f 2927 2947 2948
f 2927 2948 2926
f 2926 2948 2949
f 2926 2949 2925
f 2925 2949 2950
f 2925 2950 2924
f 2924 2950 2951
f 2924 2951 2923
f 2923 2951 2952
f 2923 2952 2922
f 2922 2952 2953
f 2922 2953 2921
f 2921 2953 2954
f 2921 2954 2940
f 2955 2956 2930
f 2956 2957 2930
f 2930 2957 2958
f 2930 2958 2945
f 2930 2931 2955
f 2955 2931 2932
f 2955 2932 2959
f 2959 2932 2933
f 2959 2933 2960
f 2960 2933 2934
f 2960 2934 2961
f 2961 2934 2935
f 2961 2935 2962
f 2963 2964 2965
f 2963 2966 2967
f 2967 2966 2968
f 2969 2970 2971
f 2972 2973 2974
f 2975 2976 2977
f 2978 2979 2980
f 2981 2982 2983
f 2983 2982 2941
f 2983 2941 2940
f 2952 2984 2953
f 2951 2950 2985
f 2946 2986 2947
f 2987 2988 2989
f 2990 2991 2992
f 2992 2991 2993
f 2994 2995 2996
f 2997 2998 2999
f 2998 2997 3000
f 3001 3002 3003
f 3004 3005 2939
f 3005 3006 2939
f 2939 3006 3007
f 2939 3007 3008
f 3007 3009 3008
f 3008 3009 3010
f 3008 3010 3011
f 3011 3010 3012
f 3011 3012 3013
f 3014 3015 3016
f 3016 3015 3004
f 3012 3017 3013
f 3013 3017 3018
f 3013 3018 3016
f 3016 3018 3019
f 3016 3019 3014
f 3020 3021 3013
f 3013 3021 3022
f 3013 3022 3011
f 3011 3022 3023
f 3024 3025 3026
f 3026 3025 3027
f 3023 3028 3011
f 3011 3028 3029
f 3011 3029 3024
f 3024 3029 3030
f 3024 3030 3025
f 3031 3032 3033
f 3033 3032 3026
f 3027 3034 3026
f 3026 3034 3035
f 3026 3035 3033
f 3033 3035 3036
f 3033 3036 3037
f 3038 3039 3040
f 3040 3039 3041
f 3040 3041 3042
f 3043 3044 3002
f 3002 3044 3045
f 3002 3045 3003
f 3046 3047 3003
f 3003 3047 3048
f 3003 3048 3001
f 3049 3050 3046
f 3046 3050 3051
f 3046 3051 3000
f 3052 2991 3053
f 3053 2991 2997
f 2996 2995 2999
f 2999 2995 3054
f 2999 3054 2997
f 2997 3054 3055
f 2997 3055 3053
f 3056 2993 3057
f 3057 2993 2991
f 3057 2991 3058
f 3058 2991 3052
f 3056 3059 2993
f 2993 3059 3060
f 2993 3060 2996
f 2996 3060 3061
f 2996 3061 2994
f 3062 3063 3064
f 2990 3065 3066
f 3066 3065 3067
f 3062 3064 3068
f 3069 3070 3071
f 3071 3070 3072
f 3071 3072 3073
f 3073 3072 3066
f 3073 3066 3074
f 3074 3066 3067
f 3063 3075 3064
f 3064 3075 3076
f 3064 3076 3065
f 3065 3076 3077
f 3065 3077 3067
f 3069 3078 3070
f 3070 3078 2988
f 3070 2988 3079
f 3079 2988 2987
f 2960 2961 3080
f 3080 2961 2962
f 3080 2962 3081
f 3082 3083 2955
f 2955 3083 3084
f 2955 3084 2956
f 3085 2957 2956
f 2957 3085 2958
f 2958 3085 3086
f 2958 3086 2945
f 3087 3088 2986
f 2986 3088 3089
f 2986 3089 3090
f 3090 3089 3091
f 3091 3092 3090
f 3090 3092 3093
f 3090 3093 3086
f 3087 2986 3094
f 3094 2986 2946
f 3094 2946 3095
f 3093 3096 3086
f 3086 3096 3097
f 3086 3097 2945
f 2945 3097 3098
f 2945 3098 2946
f 2946 3098 3099
f 2946 3099 3095
f 3100 3101 3102
f 3103 3104 2947
f 2947 3104 2948
f 3105 3106 2985
f 2985 3106 3107
f 3104 3108 2948
f 2948 3108 3109
f 2948 3109 2949
f 2949 3109 3110
f 2949 3110 2950
f 2950 3110 3111
f 2950 3111 2985
f 2985 3111 3112
f 2985 3112 3105
f 2983 3113 3114
f 2983 3114 2981
f 2981 3114 3115
f 2981 3115 3116
f 3116 3117 2981
f 2981 3117 2984
f 2981 2984 2985
f 2985 2984 2952
f 2985 2952 2951
f 2954 3118 2940
f 2940 3118 3119
f 2940 3119 2983
f 2983 3119 3120
f 2983 3120 3113
f 3117 3121 2984
f 2984 3121 3122
f 2984 3122 2953
f 2953 3122 3123
f 2953 3123 2954
f 2954 3123 3124
f 2954 3124 3118
f 3125 3126 2938
f 3127 3128 3129
f 2944 3130 2936
f 2936 3130 3131
f 3131 3132 2936
f 2936 3132 3133
f 2936 3133 2937
f 2937 3133 3134
f 2937 3134 2938
f 2938 3134 3135
f 2938 3135 3125
f 3129 3136 3127
f 3127 3136 3137
f 3127 3137 3130
f 3130 3137 3138
f 3130 3138 3131
f 3004 2939 3016
f 3016 2939 2938
f 3016 2938 3127
f 3127 2938 3126
f 3127 3126 3128
f 3139 3140 3141
f 3142 3143 2996
f 2980 3144 2978
f 2978 3144 2977
f 2978 2977 3145
f 3145 2977 2976
f 3041 3031 3042
f 3042 3031 3033
f 3042 3033 3146
f 3146 3033 3037
f 3146 3037 3147
f 3147 3037 3148
f 3037 3149 3148
f 3148 3149 3150
f 3148 3150 3151
f 3151 3150 2973
f 2973 3150 3152
f 2973 3152 2974
f 2974 3152 2943
f 2974 2943 2982
f 2982 2943 2942
f 2982 2942 2941
f 2965 2964 3153
f 3153 2964 3154
f 3153 3154 3155
f 3155 3154 3156
f 3155 3156 3157
f 3158 3159 3160
f 3160 3159 3161
f 3160 3161 3162
f 3162 3161 3163
f 3162 3163 3164
f 3141 3165 3139
f 3139 3165 3166
f 3139 3166 3065
f 3065 3166 3167
f 3065 3167 3064
f 3064 3167 3168
f 3064 3168 3164
f 3164 3168 3169
f 3164 3169 3162
f 3051 3170 3000
f 3000 3170 3171
f 3000 3171 2998
f 2998 3171 3172
f 2998 3172 2999
f 2999 3172 3173
f 2999 3173 3174
f 3175 3176 3177
f 3177 3176 3178
f 3177 3178 3179
f 3179 3178 3180
f 3181 3182 3183
f 3183 3182 3184
f 3183 3184 3156
f 3156 3184 3185
f 3156 3185 3186
f 3186 3187 3156
f 3156 3187 3159
f 3156 3159 3157
f 3157 3159 3158
f 3187 3188 3159
f 3159 3188 3189
f 3159 3189 3161
f 3161 3189 3190
f 3161 3190 3191
f 3192 3193 3194
f 3194 3193 3144
f 3194 3144 3195
f 3045 3196 3003
f 3003 3196 3197
f 3003 3197 3198
f 3198 3197 3199
f 3198 3199 2980
f 3199 3200 2980
f 2980 3200 3201
f 2980 3201 3144
f 3144 3201 3202
f 3144 3202 3195
f 3102 3203 3204
f 3090 3203 2986
f 2986 3203 3102
f 2986 3102 2947
f 2947 3102 3101
f 2947 3101 3103
f 2972 2974 2970
f 2970 2974 2982
f 2970 2982 2971
f 2971 2982 2981
f 2971 2981 3204
f 3204 2981 2985
f 3204 2985 3102
f 3102 2985 3107
f 3102 3107 3100
f 3084 3181 2956
f 2956 3181 3183
f 2956 3183 3085
f 3085 3183 3156
f 3085 3156 3086
f 3086 3156 3154
f 3086 3154 3090
f 3090 3154 2964
f 3090 2964 3203
f 3203 2964 2963
f 3203 2963 3204
f 3204 2963 2967
f 3204 2967 2971
f 2971 2967 2968
f 2971 2968 2969
f 3205 3206 3081
f 3207 3208 2989
f 2962 2987 3081
f 3081 2987 2989
f 3081 2989 3205
f 3205 2989 3208
f 3209 3210 3211
f 3211 3210 3212
f 3211 3212 2989
f 2989 3212 3213
f 2989 3213 3207
f 3214 3209 3080
f 3080 3209 3211
f 3080 3211 2960
f 2960 3211 3082
f 2960 3082 2959
f 2959 3082 2955
f 3206 3215 3081
f 3081 3215 3216
f 3081 3216 3080
f 3080 3216 3217
f 3080 3217 3214
f 2944 2943 3130
f 3130 2943 3152
f 3130 3152 3127
f 3127 3152 3150
f 3127 3150 3016
f 3016 3150 3149
f 3016 3149 3013
f 3013 3149 3037
f 3013 3037 3020
f 3020 3037 3036
f 3191 3083 3161
f 3161 3083 3082
f 3161 3082 3163
f 3163 3082 3211
f 3163 3211 3164
f 3164 3211 2989
f 3164 2989 3064
f 3064 2989 2988
f 3064 2988 3068
f 3068 2988 3078
f 3146 2975 3042
f 3042 2975 2977
f 3042 2977 3040
f 3040 2977 3144
f 3040 3144 3038
f 3038 3144 3193
f 3038 3193 3002
f 3002 3193 3192
f 3002 3192 3043
f 2990 2992 3065
f 3065 2992 2993
f 3065 2993 3139
f 3139 2993 2996
f 3139 2996 3140
f 3140 2996 3143
f 3140 3143 3141
f 3218 3142 3219
f 3219 3142 2996
f 3219 2996 3178
f 3178 2996 2999
f 3178 2999 3180
f 3180 2999 3174
f 2979 3218 2980
f 2980 3218 3219
f 2980 3219 3198
f 3198 3219 3178
f 3198 3178 3003
f 3003 3178 3176
f 3003 3176 3046
f 3046 3176 3175
f 3046 3175 3049
f 3220 3070 3221
f 3221 3070 3079
f 3221 3079 3222
f 3222 3079 2987
f 3222 2987 3223
f 3223 2987 2962
f 3223 2962 2935
f 3224 3038 3225
f 3225 3038 3002
f 3225 3002 3226
f 3226 3002 3001
f 3226 3001 3227
f 3227 3001 3048
f 3227 3048 3228
f 3228 3048 3047
f 3228 3047 3229
f 3229 3047 3046
f 3229 3046 3230
f 3230 3046 3000
f 3230 3000 3231
f 3231 3000 2997
f 3231 2997 3232
f 3232 2997 2991
f 3232 2991 3233
f 3233 2991 2990
f 3233 2990 3234
f 3234 2990 3066
f 3234 3066 3220
f 3220 3066 3072
f 3220 3072 3070
f 3031 3041 3224
f 3224 3041 3039
f 3224 3039 3038
f 3031 3224 3032
f 3032 3224 3235
f 3032 3235 3026
f 3026 3235 3236
f 3026 3236 3024
f 3024 3236 3237
f 3024 3237 3011
f 3011 3237 3238
f 3011 3238 3008
f 3008 3238 2915
f 3008 2915 2939
f 2935 2895 2894
f 2935 2894 3223
f 3223 2894 2893
f 3223 2893 3222
f 3222 2893 2892
f 3222 2892 3221
f 3221 2892 2891
f 3221 2891 3220
f 3220 2891 2890
f 3220 2890 3234
f 3234 2890 2889
f 3234 2889 3233
f 3233 2889 2888
f 3233 2888 3232
f 3232 2888 2887
f 3232 2887 3231
f 3231 2887 2886
f 3231 2886 3230
f 3230 2886 2885
f 3230 2885 3229
f 3229 2885 2884
f 3229 2884 3228
f 3228 2884 2883
f 3228 2883 3227
f 3227 2883 2882
f 3227 2882 3226
f 3226 2882 2875
f 3226 2875 3225
f 3225 2875 2876
f 3225 2876 3224
f 3224 2876 2877
f 3224 2877 3235
f 3235 2877 2878
f 3235 2878 3236
f 3236 2878 2879
f 3236 2879 3237
f 3237 2879 2880
f 3237 2880 3238
f 3238 2880 2881
f 3238 2881 2915
f 2774 3112 2776
f 2776 3112 3111
f 2776 3111 2778
f 2778 3111 3110
f 2778 3110 2782
f 2782 3110 3109
f 2782 3109 2781
f 2781 3109 3108
f 2781 3108 2780
f 2780 3108 3104
f 2780 3104 2766
f 2766 3104 3103
f 2766 3103 2767
f 2767 3103 3101
f 2767 3101 2769
f 2769 3101 3100
f 2769 3100 2770
f 2770 3100 3107
f 2770 3107 2771
f 2771 3107 3106
f 2771 3106 2773
f 2773 3106 3105
f 2773 3105 2774
f 2774 3105 3112
f 2666 2995 2667
f 2667 2995 2994
f 2667 2994 2668
f 2668 2994 3061
f 2668 3061 2669
f 2669 3061 3060
f 2669 3060 2671
f 2671 3060 3059
f 2671 3059 2635
f 2635 3059 3056
f 2635 3056 2636
f 2636 3056 3057
f 2636 3057 2661
f 2661 3057 3058
f 2661 3058 2662
f 2662 3058 3052
f 2662 3052 2663
f 2663 3052 3053
f 2663 3053 2664
f 2664 3053 3055
f 2664 3055 2665
f 2665 3055 3054
f 2665 3054 2666
f 2666 3054 2995
f 2836 3192 2834
f 2834 3192 3194
f 2834 3194 2842
f 2842 3194 3195
f 2842 3195 2841
f 2841 3195 3202
f 2841 3202 2839
f 2839 3202 3201
f 2839 3201 2618
f 2618 3201 3200
f 2618 3200 2619
f 2619 3200 3199
f 2619 3199 2681
f 2681 3199 3197
f 2681 3197 2682
f 2682 3197 3196
f 2682 3196 2683
f 2683 3196 3045
f 2683 3045 2684
f 2684 3045 3044
f 2684 3044 2838
f 2838 3044 3043
f 2838 3043 2836
f 2836 3043 3192
f 2723 3007 2711
f 2711 3007 3006
f 2711 3006 2712
f 2712 3006 3005
f 2712 3005 2716
f 2716 3005 3004
f 2716 3004 2717
f 2717 3004 3015
f 2717 3015 2719
f 2719 3015 3014
f 2719 3014 2720
f 2720 3014 3019
f 2720 3019 2709
f 2709 3019 3018
f 2709 3018 2710
f 2710 3018 3017
f 2710 3017 2714
f 2714 3017 3012
f 2714 3012 2721
f 2721 3012 3010
f 2721 3010 2722
f 2722 3010 3009
f 2722 3009 2723
f 2723 3009 3007
f 2825 3187 2827
f 2827 3187 3186
f 2827 3186 2828
f 2828 3186 3185
f 2828 3185 2829
f 2829 3185 3184
f 2829 3184 2830
f 2830 3184 3182
f 2830 3182 2831
f 2831 3182 3181
f 2831 3181 2832
f 2832 3181 3084
f 2832 3084 2833
f 2833 3084 3083
f 2833 3083 2819
f 2819 3083 3191
f 2819 3191 2820
f 2820 3191 3190
f 2820 3190 2822
f 2822 3190 3189
f 2822 3189 2823
f 2823 3189 3188
f 2823 3188 2825
f 2825 3188 3187
f 2753 3119 2758
f 2758 3119 3118
f 2758 3118 2759
f 2759 3118 3124
f 2759 3124 2761
f 2761 3124 3123
f 2761 3123 2762
f 2762 3123 3122
f 2762 3122 2756
f 2756 3122 3121
f 2756 3121 2757
f 2757 3121 3117
f 2757 3117 2746
f 2746 3117 3116
f 2746 3116 2747
f 2747 3116 3115
f 2747 3115 2749
f 2749 3115 3114
f 2749 3114 2750
f 2750 3114 3113
f 2750 3113 2752
f 2752 3113 3120
f 2752 3120 2753
f 2753 3120 3119
f 2739 3135 2737
f 2737 3135 3134
f 2737 3134 2735
f 2735 3134 3133
f 2735 3133 2731
f 2731 3133 3132
f 2731 3132 2732
f 2732 3132 3131
f 2732 3131 2734
f 2734 3131 3138
f 2734 3138 2726
f 2726 3138 3137
f 2726 3137 2727
f 2727 3137 3136
f 2727 3136 2728
f 2728 3136 3129
f 2728 3129 2729
f 2729 3129 3128
f 2729 3128 2730
f 2730 3128 3126
f 2730 3126 2740
f 2740 3126 3125
f 2740 3125 2739
f 2739 3125 3135
f 2708 3029 2705
f 2705 3029 3028
f 2705 3028 2703
f 2703 3028 3023
f 2703 3023 2692
f 2692 3023 3022
f 2692 3022 2693
f 2693 3022 3021
f 2693 3021 2697
f 2697 3021 3020
f 2697 3020 2698
f 2698 3020 3036
f 2698 3036 2699
f 2699 3036 3035
f 2699 3035 2700
f 2700 3035 3034
f 2700 3034 2701
f 2701 3034 3027
f 2701 3027 2706
f 2706 3027 3025
f 2706 3025 2707
f 2707 3025 3030
f 2707 3030 2708
f 2708 3030 3029
f 2814 3175 2815
f 2815 3175 3177
f 2815 3177 2816
f 2816 3177 3179
f 2816 3179 2817
f 2817 3179 3180
f 2817 3180 2818
f 2818 3180 3174
f 2818 3174 2809
f 2809 3174 3173
f 2809 3173 2810
f 2810 3173 3172
f 2810 3172 2811
f 2811 3172 3171
f 2811 3171 2674
f 2674 3171 3170
f 2674 3170 2672
f 2672 3170 3051
f 2672 3051 2812
f 2812 3051 3050
f 2812 3050 2813
f 2813 3050 3049
f 2813 3049 2814
f 2814 3049 3175
f 2651 3076 2652
f 2652 3076 3075
f 2652 3075 2653
f 2653 3075 3063
f 2653 3063 2654
f 2654 3063 3062
f 2654 3062 2655
f 2655 3062 3068
f 2655 3068 2656
f 2656 3068 3078
f 2656 3078 2646
f 2646 3078 3069
f 2646 3069 2644
f 2644 3069 3071
f 2644 3071 2642
f 2642 3071 3073
f 2642 3073 2647
f 2647 3073 3074
f 2647 3074 2648
f 2648 3074 3067
f 2648 3067 2650
f 2650 3067 3077
f 2650 3077 2651
f 2651 3077 3076
f 2859 3213 2854
f 2854 3213 3212
f 2854 3212 2855
f 2855 3212 3210
f 2855 3210 2861
f 2861 3210 3209
f 2861 3209 2862
f 2862 3209 3214
f 2862 3214 2864
f 2864 3214 3217
f 2864 3217 2865
f 2865 3217 3216
f 2865 3216 2866
f 2866 3216 3215
f 2866 3215 2856
f 2856 3215 3206
f 2856 3206 2857
f 2857 3206 3205
f 2857 3205 2863
f 2863 3205 3208
f 2863 3208 2858
f 2858 3208 3207
f 2858 3207 2859
f 2859 3207 3213
f 2793 3089 2794
f 2794 3089 3088
f 2794 3088 2795
f 2795 3088 3087
f 2795 3087 2796
f 2796 3087 3094
f 2796 3094 2797
f 2797 3094 3095
f 2797 3095 2784
f 2784 3095 3099
f 2784 3099 2788
f 2788 3099 3098
f 2788 3098 2789
f 2789 3098 3097
f 2789 3097 2785
f 2785 3097 3096
f 2785 3096 2786
f 2786 3096 3093
f 2786 3093 2791
f 2791 3093 3092
f 2791 3092 2792
f 2792 3092 3091
f 2792 3091 2793
f 2793 3091 3089
f 2316 3169 3168
f 2316 3168 3239
f 3239 3168 3167
f 3239 3167 3240
f 3240 3167 3166
f 3240 3166 3241
f 3241 3166 3165
f 3241 3165 3242
f 3242 3165 3141
f 3242 3141 3243
f 3243 3141 3143
f 3243 3143 3244
f 3244 3143 3142
f 3244 3142 3245
f 3245 3142 3218
f 3245 3218 3246
f 3246 3218 2979
f 3246 2979 3247
f 3247 2979 2978
f 3247 2978 3248
f 3248 2978 3145
f 3248 3145 3249
f 3249 3145 2976
f 3249 2976 3250
f 3250 2976 2975
f 3250 2975 3251
f 3251 2975 3146
f 3251 3146 3252
f 3252 3146 3147
f 3252 3147 3253
f 3253 3147 3148
f 3253 3148 2285
f 2285 3148 3151
f 2285 3151 2286
f 2286 3151 2973
f 2286 2973 2288
f 2288 2973 2972
f 2288 2972 2290
f 2290 2972 2970
f 2290 2970 2292
f 2292 2970 2969
f 2292 2969 2294
f 2294 2969 2968
f 2294 2968 2296
f 2296 2968 2966
f 2296 2966 2298
f 2298 2966 2963
f 2298 2963 2300
f 2300 2963 2965
f 2300 2965 2302
f 2302 2965 3153
f 2302 3153 2304
f 2304 3153 3155
f 2304 3155 2306
f 2306 3155 3157
f 2306 3157 2308
f 2308 3157 3158
f 2308 3158 2310
f 2310 3158 3160
f 2310 3160 2312
f 2312 3160 3162
f 2312 3162 2314
f 2314 3162 3169
f 2314 3169 2316
f 2317 2316 3239
f 2317 3239 2364
f 2364 3239 3240
f 2364 3240 2362
f 2362 3240 3241
f 2362 3241 2360
f 2360 3241 3242
f 2360 3242 2358
f 2358 3242 3243
f 2358 3243 2356
f 2356 3243 3244
f 2356 3244 2354
f 2354 3244 3245
f 2354 3245 2352
f 2352 3245 3246
f 2352 3246 2350
f 2350 3246 3247
f 2350 3247 2348
f 2348 3247 3248
f 2348 3248 2346
f 2346 3248 3249
f 2346 3249 2344
f 2344 3249 3250
f 2344 3250 2342
f 2342 3250 3251
f 2342 3251 2340
f 2340 3251 3252
f 2340 3252 2338
f 2338 3252 3253
f 2338 3253 2336
f 2336 3253 2285
f 2336 2285 2284
f 2442 2405 2485
f 2485 2405 2406
f 2485 2406 2483
f 2483 2406 2407
f 2483 2407 2481
f 2481 2407 2408
f 2481 2408 2479
f 2479 2408 2409
f 2479 2409 2477
f 2477 2409 2410
f 2477 2410 2475
f 2475 2410 2411
f 2475 2411 2473
f 2473 2411 2412
f 2473 2412 2471
f 2471 2412 2413
f 2471 2413 2469
f 2469 2413 2414
f 2469 2414 2467
f 2467 2414 2415
f 2467 2415 2465
f 2465 2415 2416
f 2465 2416 2463
f 2463 2416 2417
f 2463 2417 2461
f 2461 2417 2418
f 2461 2418 2459
f 2459 2418 2419
f 2459 2419 2427
f 2427 2419 2420
f 3254 3255 3256
f 3256 3255 3257
f 3256 3257 3258
f 3258 3257 3259
f 3258 3259 3260
f 3260 3259 3261
f 3260 3261 3262
f 3262 3261 3263
f 3262 3263 3264
f 3264 3263 3265
f 3264 3265 3266
f 3266 3265 3267
f 3266 3267 3268
f 3268 3267 3269
f 3268 3269 3270
f 3270 3269 3271
f 3270 3271 3272
f 3272 3271 3273
f 3272 3273 3274
f 3274 3273 3275
f 3274 3275 3276
f 3276 3275 3277
f 3276 3277 3278
f 3278 3277 3279
f 3278 3279 3280
f 3280 3279 3281
f 3280 3281 3282
f 3282 3281 3283
f 3282 3283 3284
f 3284 3283 3285
f 3284 3285 3286
f 3286 3285 3287
f 3286 3287 3288
f 3288 3287 3289
f 3288 3289 3290
f 3290 3289 3291
f 3290 3291 3292
f 3292 3291 3293
f 3292 3294 3290
f 3290 3294 3295
f 3290 3295 3288
f 3288 3295 3296
f 3288 3296 3286
f 3286 3296 3297
f 3286 3297 3284
f 3284 3297 3298
f 3284 3298 3282
f 3282 3298 3299
f 3282 3299 3280
f 3280 3299 3300
f 3280 3300 3278
f 3278 3300 3301
f 3278 3301 3276
f 3276 3301 3302
f 3276 3302 3274
f 3274 3302 3303
f 3274 3303 3272
f 3272 3303 3304
f 3272 3304 3270
f 3270 3304 3305
f 3270 3305 3268
f 3268 3305 3306
f 3268 3306 3266
f 3266 3306 3307
f 3266 3307 3264
f 3264 3307 3308
f 3264 3308 3262
f 3262 3308 3309
f 3262 3309 3260
f 3260 3309 3310
f 3260 3310 3258
f 3258 3310 3311
f 3258 3311 3256
f 3256 3311 3312
f 3256 3312 3254
f 3254 3312 3313
f 3254 3313 3314
f 3314 3313 3315
f 3314 3315 3316
f 3316 3315 3317
f 3316 3317 3318
f 3318 3317 3319
f 3318 3319 3320
f 3320 3319 3321
f 3320 3321 3322
f 3322 3321 3323
f 3322 3323 3324
f 3324 3323 3325
f 3324 3325 3326
f 3326 3325 3327
f 3326 3327 3328
f 3328 3327 3329
f 3328 3329 3330
f 3330 3329 3331
f 3330 3331 3332
f 3332 3331 3333
f 3332 3333 3334
f 3334 3333 3335
f 3334 3335 3336
f 3336 3335 3337
f 3336 3337 3338
f 3338 3337 3339
f 3338 3339 3340
f 3340 3339 3341
f 3340 3341 3342
f 3342 3341 3343
f 3342 3343 3344
f 3344 3343 3345
f 3344 3345 3346
f 3346 3345 3347
f 3346 3347 3348
f 3348 3347 3349
f 3348 3349 3292
f 3292 3349 3294
f 3313 3350 3315
f 3315 3350 3351
f 3315 3351 3317
f 3317 3351 3352
f 3317 3352 3319
f 3319 3352 3353
f 3319 3353 3321
f 3321 3353 3354
f 3321 3354 3323
f 3323 3354 3355
f 3323 3355 3325
f 3325 3355 3356
f 3325 3356 3327
f 3327 3356 3357
f 3327 3357 3329
f 3329 3357 3358
f 3329 3358 3331
f 3331 3358 3359
f 3331 3359 3333
f 3333 3359 3360
f 3333 3360 3335
f 3335 3360 3361
f 3335 3361 3337
f 3337 3361 3362
f 3337 3362 3339
f 3339 3362 3363
f 3339 3363 3341
f 3341 3363 3364
f 3341 3364 3343
f 3343 3364 3365
f 3343 3365 3345
f 3345 3365 3366
f 3345 3366 3347
f 3347 3366 3367
f 3347 3367 3349
f 3349 3367 3368
f 3349 3368 3294
f 3294 3368 3369
f 3294 3369 3295
f 3295 3369 3370
f 3295 3370 3296
f 3296 3370 3371
f 3296 3371 3297
f 3297 3371 3372
f 3297 3372 3298
f 3298 3372 3373
f 3298 3373 3299
f 3299 3373 3374
f 3299 3374 3300
f 3300 3374 3375
f 3300 3375 3301
f 3301 3375 3376
f 3301 3376 3302
f 3302 3376 3377
f 3302 3377 3303
f 3303 3377 3378
f 3303 3378 3304
f 3304 3378 3379
f 3304 3379 3305
f 3305 3379 3380
f 3305 3380 3306
f 3306 3380 3381
f 3306 3381 3307
f 3307 3381 3382
f 3307 3382 3308
f 3308 3382 3383
f 3308 3383 3309
f 3309 3383 3384
f 3309 3384 3310
f 3310 3384 3385
f 3310 3385 3311
f 3311 3385 3386
f 3311 3386 3312
f 3312 3386 3387
f 3312 3387 3313
f 3313 3387 3350
f 3360 3388 3361
f 3361 3388 3389
f 3361 3389 3362
f 3362 3389 3390
f 3362 3390 3363
f 3363 3390 3391
f 3363 3391 3364
f 3364 3391 3392
f 3364 3392 3365
f 3365 3392 3393
f 3365 3393 3366
f 3366 3393 3394
f 3366 3394 3367
f 3367 3394 3395
f 3367 3395 3368
f 3368 3395 3396
f 3368 3396 3369
f 3369 3396 3397
f 3369 3397 3370
f 3370 3397 3398
f 3370 3398 3371
f 3371 3398 3399
f 3371 3399 3372
f 3372 3399 3400
f 3372 3400 3373
f 3373 3400 3401
f 3373 3401 3374
f 3374 3401 3402
f 3374 3402 3375
f 3375 3402 3403
f 3375 3403 3376
f 3376 3403 3404
f 3376 3404 3377
f 3377 3404 3405
f 3377 3405 3378
f 3378 3405 3406
f 3378 3406 3379
f 3406 3407 3379
f 3379 3407 3408
f 3379 3408 3380
f 3380 3408 3409
f 3380 3409 3381
f 3381 3409 3410
f 3381 3410 3382
f 3382 3410 3411
f 3382 3411 3383
f 3383 3411 3412
f 3383 3412 3384
f 3384 3412 3413
f 3384 3413 3385
f 3385 3413 3414
f 3385 3414 3386
f 3386 3414 3415
f 3386 3415 3387
f 3387 3415 3416
f 3387 3416 3350
f 3350 3416 3417
f 3350 3417 3351
f 3351 3417 3418
f 3351 3418 3352
f 3352 3418 3419
f 3352 3419 3353
f 3353 3419 3420
f 3353 3420 3354
f 3354 3420 3421
f 3354 3421 3355
f 3355 3421 3422
f 3355 3422 3356
f 3356 3422 3423
f 3356 3423 3357
f 3357 3423 3424
f 3357 3424 3358
f 3358 3424 3425
f 3358 3425 3359
f 3359 3425 3426
f 3359 3426 3360
f 3360 3426 3427
f 3360 3427 3388
f 3397 3428 3429
f 3397 3429 3398
f 3398 3429 3430
f 3398 3430 3399
f 3399 3430 3431
f 3399 3431 3400
f 3400 3431 3432
f 3400 3432 3401
f 3401 3432 3433
f 3401 3433 3402
f 3402 3433 3434
f 3402 3434 3403
f 3403 3434 3435
f 3403 3435 3404
f 3404 3435 3436
f 3404 3436 3405
f 3405 3436 3437
f 3405 3437 3406
f 3406 3437 3438
f 3406 3438 3407
f 3407 3438 3439
f 3407 3439 3408
f 3408 3439 3440
f 3408 3440 3409
f 3409 3440 3441
f 3409 3441 3410
f 3410 3441 3442
f 3410 3442 3411
f 3411 3442 3443
f 3411 3443 3412
f 3412 3443 3444
f 3412 3444 3413
f 3413 3444 3445
f 3413 3445 3414
f 3414 3445 3446
f 3414 3446 3415
f 3415 3446 3447
f 3415 3447 3416
f 3416 3447 3448
f 3416 3448 3417
f 3417 3448 3449
f 3417 3449 3418
f 3418 3449 3450
f 3418 3450 3419
f 3419 3450 3451
f 3419 3451 3420
f 3420 3451 3452
f 3420 3452 3421
f 3421 3452 3453
f 3421 3453 3422
f 3422 3453 3454
f 3422 3454 3423
f 3423 3454 3455
f 3423 3455 3424
f 3424 3455 3456
f 3424 3456 3425
f 3425 3456 3457
f 3425 3457 3426
f 3426 3457 3458
f 3426 3458 3427
f 3427 3458 3459
f 3427 3459 3388
f 3388 3459 3460
f 3388 3460 3389
f 3389 3460 3461
f 3389 3461 3390
f 3390 3461 3462
f 3390 3462 3391
f 3391 3462 3463
f 3391 3463 3392
f 3392 3463 3464
f 3392 3464 3393
f 3393 3464 3465
f 3393 3465 3394
f 3394 3465 3466
f 3394 3466 3395
f 3395 3466 3467
f 3395 3467 3396
f 3396 3467 3428
f 3396 3428 3397
f 3468 3428 3467
f 3468 3467 3469
f 3469 3467 3466
f 3469 3466 3470
f 3470 3466 3465
f 3470 3465 3471
f 3471 3465 3464
f 3471 3464 3472
f 3472 3464 3463
f 3472 3463 3473
f 3473 3463 3462
f 3473 3462 3474
f 3474 3462 3461
f 3474 3461 3475
f 3475 3461 3460
f 3475 3460 3476
f 3476 3460 3459
f 3476 3459 3477
f 3477 3459 3458
f 3477 3458 3478
f 3478 3458 3457
f 3478 3457 3479
f 3479 3457 3456
f 3479 3456 3480
f 3480 3456 3455
f 3480 3455 3481
f 3481 3455 3454
f 3481 3454 3482
f 3482 3454 3453
f 3482 3453 3483
f 3483 3453 3452
f 3483 3452 3484
f 3484 3452 3451
f 3484 3451 3485
f 3485 3451 3450
f 3485 3450 3486
f 3486 3450 3449
f 3486 3449 3487
f 3487 3449 3448
f 3487 3448 3488
f 3489 3468 3469
f 3489 3469 3490
f 3490 3469 3470
f 3490 3470 3491
f 3491 3470 3471
f 3491 3471 3492
f 3492 3471 3472
f 3492 3472 3493
f 3493 3472 3473
f 3493 3473 3494
f 3494 3473 3474
f 3494 3474 3495
f 3495 3474 3475
f 3495 3475 3496
f 3496 3475 3476
f 3496 3476 3497
f 3497 3476 3477
f 3497 3477 3498
f 3498 3477 3478
f 3498 3478 3499
f 3499 3478 3479
f 3499 3479 3500
f 3500 3479 3480
f 3500 3480 3501
f 3501 3480 3481
f 3501 3481 3502
f 3502 3481 3482
f 3502 3482 3503
f 3503 3482 3483
f 3503 3483 3504
f 3504 3483 3484
f 3504 3484 3505
f 3505 3484 3485
f 3505 3485 3506
f 3506 3485 3486
f 3506 3486 3507
f 3507 3486 3487
f 3507 3487 3508
f 3508 3487 3488
f 3508 3488 3509
f 3510 3500 3511
f 3511 3500 3501
f 3511 3501 3512
f 3512 3501 3502
f 3512 3502 3513
f 3513 3502 3503
f 3513 3503 3514
f 3514 3503 3504
f 3514 3504 3515
f 3515 3504 3505
f 3515 3505 3516
f 3516 3505 3506
f 3516 3506 3517
f 3517 3506 3507
f 3517 3507 3518
f 3518 3507 3508
f 3518 3508 3255
f 3255 3508 3509
f 3255 3509 3257
f 3257 3509 3519
f 3257 3519 3259
f 3259 3519 3520
f 3259 3520 3261
f 3261 3520 3521
f 3261 3521 3263
f 3263 3521 3522
f 3263 3522 3265
f 3265 3522 3523
f 3265 3523 3267
f 3267 3523 3524
f 3267 3524 3269
f 3269 3524 3525
f 3269 3525 3271
f 3271 3525 3526
f 3271 3526 3273
f 3273 3526 3527
f 3273 3527 3275
f 3527 3528 3275
f 3275 3528 3529
f 3275 3529 3277
f 3277 3529 3530
f 3277 3530 3279
f 3279 3530 3531
f 3279 3531 3281
f 3281 3531 3532
f 3281 3532 3283
f 3283 3532 3533
f 3283 3533 3285
f 3285 3533 3534
f 3285 3534 3287
f 3287 3534 3535
f 3287 3535 3289
f 3289 3535 3536
f 3289 3536 3291
f 3291 3536 3537
f 3291 3537 3293
f 3293 3537 3489
f 3293 3489 3538
f 3538 3489 3490
f 3538 3490 3539
f 3539 3490 3491
f 3539 3491 3540
f 3540 3491 3492
f 3540 3492 3541
f 3541 3492 3493
f 3541 3493 3542
f 3542 3493 3494
f 3542 3494 3543
f 3543 3494 3495
f 3543 3495 3544
f 3544 3495 3496
f 3544 3496 3545
f 3545 3496 3497
f 3545 3497 3546
f 3546 3497 3498
f 3546 3498 3510
f 3510 3498 3499
f 3510 3499 3500
f 3509 3488 3547
f 3509 3547 3519
f 3519 3547 3548
f 3519 3548 3520
f 3520 3548 3549
f 3520 3549 3521
f 3521 3549 3550
f 3521 3550 3522
f 3522 3550 3551
f 3522 3551 3523
f 3523 3551 3552
f 3523 3552 3524
f 3524 3552 3553
f 3524 3553 3525
f 3525 3553 3554
f 3525 3554 3526
f 3526 3554 3555
f 3526 3555 3527
f 3527 3555 3556
f 3527 3556 3528
f 3528 3556 3557
f 3528 3557 3529
f 3529 3557 3558
f 3529 3558 3530
f 3530 3558 3559
f 3530 3559 3531
f 3531 3559 3560
f 3531 3560 3532
f 3532 3560 3561
f 3532 3561 3533
f 3533 3561 3562
f 3533 3562 3534
f 3534 3562 3563
f 3534 3563 3535
f 3535 3563 3564
f 3535 3564 3536
f 3536 3564 3565
f 3536 3565 3537
f 3537 3565 3468
f 3537 3468 3489
f 3488 3448 3447
f 3488 3447 3547
f 3547 3447 3446
f 3547 3446 3548
f 3548 3446 3445
f 3548 3445 3549
f 3549 3445 3444
f 3549 3444 3550
f 3550 3444 3443
f 3550 3443 3551
f 3551 3443 3442
f 3551 3442 3552
f 3552 3442 3441
f 3552 3441 3553
f 3553 3441 3440
f 3553 3440 3554
f 3554 3440 3439
f 3554 3439 3555
f 3555 3439 3438
f 3555 3438 3556
f 3556 3438 3437
f 3556 3437 3557
f 3557 3437 3436
f 3557 3436 3558
f 3558 3436 3435
f 3558 3435 3559
f 3559 3435 3434
f 3559 3434 3560
f 3560 3434 3433
f 3560 3433 3561
f 3561 3433 3432
f 3561 3432 3562
f 3562 3432 3431
f 3562 3431 3563
f 3563 3431 3430
f 3563 3430 3564
f 3564 3430 3429
f 3564 3429 3565
f 3565 3429 3428
f 3565 3428 3468
f 3292 3293 3348
f 3348 3293 3538
f 3348 3538 3346
f 3346 3538 3539
f 3346 3539 3344
f 3344 3539 3540
f 3344 3540 3342
f 3342 3540 3541
f 3342 3541 3340
f 3340 3541 3542
f 3340 3542 3338
f 3338 3542 3543
f 3338 3543 3336
f 3336 3543 3544
f 3336 3544 3334
f 3334 3544 3545
f 3334 3545 3332
f 3332 3545 3546
f 3332 3546 3330
f 3330 3546 3510
f 3330 3510 3328
f 3328 3510 3511
f 3328 3511 3326
f 3326 3511 3512
f 3326 3512 3324
f 3324 3512 3513
f 3324 3513 3322
f 3322 3513 3514
f 3322 3514 3320
f 3320 3514 3515
f 3320 3515 3318
f 3318 3515 3516
f 3318 3516 3316
f 3316 3516 3517
f 3316 3517 3314
f 3314 3517 3518
f 3314 3518 3254
f 3254 3518 3255
f 3566 3567 3568
f 3567 3569 3570
f 3569 3571 3572
f 3569 3572 3570
f 3570 3572 3573
f 3570 3573 3574
f 3574 3573 3575
f 3574 3575 3576
f 3576 3575 3577
f 3576 3577 3578
f 3578 3577 3579
f 3578 3579 3580
f 3580 3579 3581
f 3580 3581 3582
f 3582 3581 3583
f 3582 3583 3584
f 3584 3583 3585
f 3584 3585 3586
f 3586 3585 3587
f 3586 3587 3588
f 3588 3587 3589
f 3588 3589 3590
f 3590 3589 3591
f 3590 3591 3592
f 3592 3591 3593
f 3592 3593 3594
f 3594 3593 3595
f 3594 3595 3596
f 3596 3595 3597
f 3596 3597 3598
f 3598 3597 3599
f 3598 3599 3600
f 3600 3599 3601
f 3600 3601 3602
f 3602 3601 3603
f 3602 3603 3604
f 3604 3603 3605
f 3604 3605 3606
f 3606 3605 3607
f 3606 3607 3608
f 3608 3607 3609
f 3608 3609 3610
f 3610 3609 3611
f 3610 3611 3612
f 3612 3611 3613
f 3612 3613 3614
f 3614 3613 3615
f 3614 3615 3616
f 3616 3615 3617
f 3616 3617 3618
f 3618 3617 3619
f 3618 3619 3620
f 3620 3619 3621
f 3620 3621 3622
f 3622 3621 3623
f 3622 3623 3624
f 3624 3623 3625
f 3624 3625 3626
f 3626 3625 3627
f 3626 3627 3628
f 3628 3627 3629
f 3628 3629 3630
f 3630 3629 3631
f 3630 3631 3632
f 3632 3631 3633
f 3632 3633 3634
f 3634 3633 3635
f 3634 3635 3636
f 3636 3635 3637
f 3636 3637 3638
f 3638 3637 3639
f 3638 3639 3640
f 3640 3639 3641
f 3640 3641 3642
f 3642 3641 3643
f 3642 3643 3644
f 3644 3643 3645
f 3644 3645 3646
f 3646 3645 3647
f 3646 3647 3648
f 3648 3647 3649
f 3648 3649 3650
f 3567 3570 3568
f 3568 3570 3574
f 3568 3574 3651
f 3651 3574 3576
f 3651 3576 3652
f 3652 3576 3578
f 3652 3578 3653
f 3653 3578 3580
f 3653 3580 3654
f 3654 3580 3582
f 3654 3582 3655
f 3655 3582 3584
f 3655 3584 3656
f 3656 3584 3586
f 3656 3586 3657
f 3657 3586 3588
f 3657 3588 3658
f 3658 3588 3590
f 3658 3590 3659
f 3659 3590 3592
f 3659 3592 3660
f 3660 3592 3594
f 3660 3594 3661
f 3661 3594 3596
f 3661 3596 3662
f 3662 3596 3598
f 3662 3598 3663
f 3663 3598 3600
f 3663 3600 3664
f 3664 3600 3602
f 3664 3602 3665
f 3665 3602 3604
f 3665 3604 3666
f 3666 3604 3606
f 3666 3606 3667
f 3667 3606 3608
f 3667 3608 3668
f 3668 3608 3610
f 3668 3610 3669
f 3669 3610 3612
f 3669 3612 3670
f 3670 3612 3614
f 3670 3614 3671
f 3671 3614 3616
f 3671 3616 3672
f 3672 3616 3618
f 3672 3618 3673
f 3673 3618 3620
f 3673 3620 3674
f 3674 3620 3622
f 3674 3622 3675
f 3675 3622 3624
f 3675 3624 3676
f 3676 3624 3626
f 3676 3626 3677
f 3677 3626 3628
f 3677 3628 3678
f 3678 3628 3630
f 3678 3630 3679
f 3679 3630 3632
f 3679 3632 3680
f 3680 3632 3634
f 3680 3634 3681
f 3681 3634 3636
f 3681 3636 3682
f 3682 3636 3638
f 3682 3638 3683
f 3683 3638 3640
f 3683 3640 3684
f 3684 3640 3642
f 3684 3642 3685
f 3685 3642 3644
f 3685 3644 3686
f 3686 3644 3646
f 3686 3646 3687
f 3687 3646 3648
f 3687 3648 3688
f 3688 3648 3650
f 3688 3650 3689
f 3566 3568 3690
f 3690 3568 3651
f 3690 3651 3691
f 3691 3651 3652
f 3691 3652 3692
f 3692 3652 3653
f 3692 3653 3693
f 3693 3653 3654
f 3693 3654 3694
f 3694 3654 3655
f 3694 3655 3695
f 3695 3655 3656
f 3695 3656 3696
f 3696 3656 3657
f 3696 3657 3697
f 3697 3657 3658
f 3697 3658 3698
f 3698 3658 3659
f 3698 3659 3699
f 3699 3659 3660
f 3699 3660 3700
f 3700 3660 3661
f 3700 3661 3701
f 3701 3661 3662
f 3701 3662 3702
f 3702 3662 3663
f 3702 3663 3703
f 3703 3663 3664
f 3703 3664 3704
f 3704 3664 3665
f 3704 3665 3705
f 3705 3665 3666
f 3705 3666 3706
f 3706 3666 3667
f 3706 3667 3707
f 3707 3667 3668
f 3707 3668 3708
f 3708 3668 3669
f 3708 3669 3709
f 3709 3669 3670
f 3709 3670 3710
f 3710 3670 3671
f 3710 3671 3711
f 3711 3671 3672
f 3711 3672 3712
f 3712 3672 3673
f 3712 3673 3713
f 3713 3673 3674
f 3713 3674 3714
f 3714 3674 3675
f 3714 3675 3715
f 3715 3675 3676
f 3715 3676 3716
f 3716 3676 3677
f 3716 3677 3717
f 3717 3677 3678
f 3717 3678 3718
f 3718 3678 3679
f 3718 3679 3719
f 3719 3679 3680
f 3719 3680 3720
f 3720 3680 3681
f 3720 3681 3721
f 3721 3681 3682
f 3721 3682 3722
f 3722 3682 3683
f 3722 3683 3723
f 3723 3683 3684
f 3723 3684 3724
f 3724 3684 3685
f 3724 3685 3725
f 3725 3685 3686
f 3725 3686 3726
f 3726 3686 3687
f 3726 3687 3727
f 3727 3687 3688
f 3727 3688 3728
f 3728 3688 3689
f 3728 3689 3729
f 3730 3691 3692
f 3731 3732 3700
f 3730 3692 3733
f 3691 3730 3690
f 3690 3730 3734
f 3690 3734 3566
f 3735 3736 3723
f 3737 3716 3717
f 3738 3739 3696
f 3692 3693 3733
f 3733 3693 3694
f 3733 3694 3739
f 3739 3694 3695
f 3739 3695 3696
f 3740 3741 3742
f 3743 3721 3736
f 3736 3721 3722
f 3736 3722 3723
f 3737 3717 3744
f 3700 3701 3731
f 3731 3701 3702
f 3731 3702 3745
f 3696 3697 3738
f 3738 3697 3698
f 3738 3698 3732
f 3732 3698 3699
f 3732 3699 3700
f 3746 3747 3748
f 3749 3750 3747
f 3747 3750 3751
f 3747 3751 3748
f 3752 3753 3754
f 3740 3742 3755
f 3741 3740 3756
f 3756 3740 3757
f 3756 3757 3729
f 3758 3727 3757
f 3757 3727 3728
f 3757 3728 3729
f 3723 3724 3735
f 3735 3724 3725
f 3735 3725 3758
f 3758 3725 3726
f 3758 3726 3727
f 3717 3718 3744
f 3744 3718 3719
f 3744 3719 3743
f 3743 3719 3720
f 3743 3720 3721
f 3716 3737 3715
f 3715 3737 3759
f 3715 3759 3714
f 3760 3761 3706
f 3762 3763 3764
f 3765 3766 3767
f 3768 3769 3766
f 3766 3769 3770
f 3766 3770 3767
f 3742 3771 3755
f 3755 3771 3772
f 3755 3772 3768
f 3768 3772 3773
f 3768 3773 3769
f 3714 3759 3713
f 3713 3759 3774
f 3713 3774 3712
f 3712 3774 3711
f 3711 3774 3775
f 3711 3775 3710
f 3706 3707 3760
f 3760 3707 3708
f 3760 3708 3775
f 3775 3708 3709
f 3775 3709 3710
f 3702 3703 3745
f 3745 3703 3704
f 3745 3704 3761
f 3761 3704 3705
f 3761 3705 3706
f 3776 3777 3734
f 3734 3777 3778
f 3734 3778 3566
f 3748 3779 3746
f 3746 3779 3780
f 3746 3780 3776
f 3776 3780 3781
f 3776 3781 3777
f 3762 3764 3782
f 3763 3762 3783
f 3783 3762 3784
f 3783 3784 3785
f 3786 3787 3753
f 3753 3787 3788
f 3753 3788 3754
f 3767 3789 3765
f 3765 3789 3790
f 3765 3790 3786
f 3786 3790 3791
f 3786 3791 3787
f 3764 3792 3782
f 3782 3792 3793
f 3782 3793 3794
f 3785 3784 3795
f 3795 3784 3796
f 3795 3796 3797
f 3793 3798 3794
f 3794 3798 3799
f 3794 3799 3749
f 3749 3799 3800
f 3749 3800 3750
f 3797 3796 3801
f 3801 3796 3802
f 3801 3802 3803
f 3754 3804 3752
f 3752 3804 3805
f 3752 3805 3802
f 3802 3805 3806
f 3802 3806 3803
f 3729 3689 3807
f 3689 3650 3808
f 3650 3649 3809
f 3650 3809 3808
f 3808 3809 3810
f 3808 3810 3811
f 3811 3810 3812
f 3811 3812 3813
f 3813 3812 3814
f 3813 3814 3815
f 3815 3814 3816
f 3815 3816 3817
f 3817 3816 3818
f 3817 3818 3819
f 3819 3818 3820
f 3819 3820 3821
f 3821 3820 3822
f 3821 3822 3823
f 3823 3822 3824
f 3823 3824 3825
f 3825 3824 3826
f 3825 3826 3827
f 3827 3826 3828
f 3827 3828 3829
f 3829 3828 3830
f 3829 3830 3831
f 3831 3830 3832
f 3831 3832 3833
f 3833 3832 3834
f 3833 3834 3835
f 3835 3834 3836
f 3835 3836 3837
f 3837 3836 3838
f 3837 3838 3839
f 3839 3838 3840
f 3839 3840 3841
f 3841 3840 3842
f 3841 3842 3843
f 3843 3842 3844
f 3843 3844 3845
f 3845 3844 3846
f 3845 3846 3847
f 3847 3846 3848
f 3847 3848 3849
f 3849 3848 3850
f 3849 3850 3851
f 3851 3850 3852
f 3851 3852 3853
f 3853 3852 3854
f 3853 3854 3855
f 3855 3854 3856
f 3855 3856 3857
f 3857 3856 3858
f 3857 3858 3859
f 3859 3858 3860
f 3859 3860 3861
f 3861 3860 3862
f 3861 3862 3863
f 3863 3862 3864
f 3863 3864 3865
f 3865 3864 3866
f 3865 3866 3867
f 3867 3866 3868
f 3867 3868 3869
f 3869 3868 3870
f 3869 3870 3871
f 3871 3870 3872
f 3871 3872 3873
f 3873 3872 3874
f 3873 3874 3875
f 3875 3874 3876
f 3875 3876 3877
f 3877 3876 3878
f 3877 3878 3879
f 3879 3878 3880
f 3879 3880 3881
f 3881 3880 3882
f 3881 3882 3883
f 3883 3882 3884
f 3883 3884 3885
f 3885 3884 3571
f 3885 3571 3569
f 3689 3808 3807
f 3807 3808 3811
f 3807 3811 3886
f 3886 3811 3813
f 3886 3813 3887
f 3887 3813 3815
f 3887 3815 3888
f 3888 3815 3817
f 3888 3817 3889
f 3889 3817 3819
f 3889 3819 3890
f 3890 3819 3821
f 3890 3821 3891
f 3891 3821 3823
f 3891 3823 3892
f 3892 3823 3825
f 3892 3825 3893
f 3893 3825 3827
f 3893 3827 3894
f 3894 3827 3829
f 3894 3829 3895
f 3895 3829 3831
f 3895 3831 3896
f 3896 3831 3833
f 3896 3833 3897
f 3897 3833 3835
f 3897 3835 3898
f 3898 3835 3837
f 3898 3837 3899
f 3899 3837 3839
f 3899 3839 3900
f 3900 3839 3841
f 3900 3841 3901
f 3901 3841 3843
f 3901 3843 3902
f 3902 3843 3845
f 3902 3845 3903
f 3903 3845 3847
f 3903 3847 3904
f 3904 3847 3849
f 3904 3849 3905
f 3905 3849 3851
f 3905 3851 3906
f 3906 3851 3853
f 3906 3853 3907
f 3907 3853 3855
f 3907 3855 3908
f 3908 3855 3857
f 3908 3857 3909
f 3909 3857 3859
f 3909 3859 3910
f 3910 3859 3861
f 3910 3861 3911
f 3911 3861 3863
f 3911 3863 3912
f 3912 3863 3865
f 3912 3865 3913
f 3913 3865 3867
f 3913 3867 3914
f 3914 3867 3869
f 3914 3869 3915
f 3915 3869 3871
f 3915 3871 3916
f 3916 3871 3873
f 3916 3873 3917
f 3917 3873 3875
f 3917 3875 3918
f 3918 3875 3877
f 3918 3877 3919
f 3919 3877 3879
f 3919 3879 3920
f 3920 3879 3881
f 3920 3881 3921
f 3921 3881 3883
f 3921 3883 3922
f 3922 3883 3885
f 3922 3885 3923
f 3923 3885 3569
f 3923 3569 3567
f 3729 3807 3756
f 3756 3807 3886
f 3756 3886 3741
f 3741 3886 3887
f 3741 3887 3742
f 3742 3887 3888
f 3742 3888 3771
f 3771 3888 3889
f 3771 3889 3772
f 3772 3889 3890
f 3772 3890 3773
f 3773 3890 3891
f 3773 3891 3769
f 3769 3891 3892
f 3769 3892 3770
f 3770 3892 3893
f 3770 3893 3767
f 3767 3893 3894
f 3767 3894 3789
f 3789 3894 3895
f 3789 3895 3790
f 3790 3895 3896
f 3790 3896 3791
f 3791 3896 3897
f 3791 3897 3787
f 3787 3897 3898
f 3787 3898 3788
f 3788 3898 3899
f 3788 3899 3754
f 3754 3899 3900
f 3754 3900 3804
f 3804 3900 3901
f 3804 3901 3805
f 3805 3901 3902
f 3805 3902 3806
f 3806 3902 3903
f 3806 3903 3803
f 3803 3903 3904
f 3803 3904 3801
f 3801 3904 3905
f 3801 3905 3797
f 3797 3905 3906
f 3797 3906 3795
f 3795 3906 3907
f 3795 3907 3785
f 3785 3907 3908
f 3785 3908 3783
f 3783 3908 3909
f 3783 3909 3763
f 3763 3909 3910
f 3763 3910 3764
f 3764 3910 3911
f 3764 3911 3792
f 3792 3911 3912
f 3792 3912 3793
f 3793 3912 3913
f 3793 3913 3798
f 3798 3913 3914
f 3798 3914 3799
f 3799 3914 3915
f 3799 3915 3800
f 3800 3915 3916
f 3800 3916 3750
f 3750 3916 3917
f 3750 3917 3751
f 3751 3917 3918
f 3751 3918 3748
f 3748 3918 3919
f 3748 3919 3779
f 3779 3919 3920
f 3779 3920 3780
f 3780 3920 3921
f 3780 3921 3781
f 3781 3921 3922
f 3781 3922 3777
f 3777 3922 3923
f 3777 3923 3778
f 3778 3923 3567
f 3778 3567 3566
f 3924 3571 3884
f 3924 3884 3925
f 3884 3882 3925
f 3925 3882 3880
f 3925 3880 3926
f 3880 3878 3926
f 3926 3878 3876
f 3926 3876 3927
f 3876 3874 3927
f 3927 3874 3872
f 3927 3872 3928
f 3872 3870 3928
f 3928 3870 3868
f 3928 3868 3929
f 3868 3866 3929
f 3929 3866 3864
f 3929 3864 3930
f 3864 3862 3930
f 3930 3862 3860
f 3930 3860 3931
f 3860 3858 3931
f 3931 3858 3856
f 3931 3856 3932
f 3856 3854 3932
f 3932 3854 3852
f 3932 3852 3933
f 3852 3850 3933
f 3933 3850 3848
f 3933 3848 3934
f 3848 3846 3934
f 3934 3846 3844
f 3934 3844 3935
f 3844 3842 3935
f 3935 3842 3840
f 3935 3840 3936
f 3840 3838 3936
f 3936 3838 3836
f 3936 3836 3937
f 3836 3834 3937
f 3937 3834 3832
f 3937 3832 3938
f 3832 3830 3938
f 3938 3830 3828
f 3938 3828 3939
f 3828 3826 3939
f 3939 3826 3824
f 3939 3824 3940
f 3824 3822 3940
f 3940 3822 3820
f 3940 3820 3941
f 3820 3818 3941
f 3941 3818 3816
f 3941 3816 3942
f 3816 3814 3942
f 3942 3814 3812
f 3942 3812 3943
f 3649 3944 3809
f 3809 3944 3943
f 3809 3943 3810
f 3810 3943 3812
f 3944 3649 3647
f 3944 3647 3945
f 3647 3645 3945
f 3945 3645 3643
f 3945 3643 3946
f 3643 3641 3946
f 3946 3641 3639
f 3946 3639 3947
f 3639 3637 3947
f 3947 3637 3635
f 3947 3635 3948
f 3635 3633 3948
f 3948 3633 3631
f 3948 3631 3949
f 3631 3629 3949
f 3949 3629 3627
f 3949 3627 3950
f 3627 3625 3950
f 3950 3625 3623
f 3950 3623 3951
f 3623 3621 3951
f 3951 3621 3619
f 3951 3619 3952
f 3619 3617 3952
f 3952 3617 3615
f 3952 3615 3953
f 3615 3613 3953
f 3953 3613 3611
f 3953 3611 3954
f 3611 3609 3954
f 3954 3609 3607
f 3954 3607 3955
f 3607 3605 3955
f 3955 3605 3603
f 3955 3603 3956
f 3603 3601 3956
f 3956 3601 3599
f 3956 3599 3957
f 3599 3597 3957
f 3957 3597 3595
f 3957 3595 3958
f 3595 3593 3958
f 3958 3593 3591
f 3958 3591 3959
f 3591 3589 3959
f 3959 3589 3587
f 3959 3587 3960
f 3587 3585 3960
f 3960 3585 3583
f 3960 3583 3961
f 3583 3581 3961
f 3961 3581 3579
f 3961 3579 3962
f 3579 3577 3962
f 3962 3577 3575
f 3962 3575 3963
f 3571 3924 3572
f 3572 3924 3963
f 3572 3963 3573
f 3573 3963 3575
f 3964 3959 3965
f 3965 3959 3960
f 3965 3960 3966
f 3966 3960 3961
f 3966 3961 3967
f 3967 3961 3962
f 3967 3962 3968
f 3968 3962 3963
f 3968 3963 3969
f 3969 3963 3924
f 3969 3924 3970
f 3970 3924 3925
f 3970 3925 3971
f 3971 3925 3926
f 3971 3926 3972
f 3972 3926 3927
f 3972 3927 3973
f 3927 3928 3973
f 3973 3928 3929
f 3973 3929 3974
f 3974 3929 3930
f 3974 3930 3975
f 3975 3930 3931
f 3975 3931 3976
f 3976 3931 3932
f 3976 3932 3977
f 3977 3932 3933
f 3977 3933 3978
f 3978 3933 3934
f 3978 3934 3979
f 3979 3934 3935
f 3979 3935 3980
f 3980 3935 3936
f 3980 3936 3981
f 3981 3936 3937
f 3981 3937 3982
f 3983 3949 3984
f 3984 3949 3950
f 3984 3950 3985
f 3985 3950 3951
f 3985 3951 3986
f 3986 3951 3952
f 3986 3952 3987
f 3987 3952 3953
f 3987 3953 3988
f 3988 3953 3954
f 3988 3954 3989
f 3989 3954 3955
f 3989 3955 3990
f 3990 3955 3956
f 3990 3956 3991
f 3991 3956 3957
f 3991 3957 3964
f 3964 3957 3958
f 3964 3958 3959
f 3937 3938 3982
f 3982 3938 3939
f 3982 3939 3992
f 3992 3939 3940
f 3992 3940 3993
f 3993 3940 3941
f 3993 3941 3994
f 3994 3941 3942
f 3994 3942 3995
f 3995 3942 3943
f 3995 3943 3996
f 3996 3943 3944
f 3996 3944 3997
f 3997 3944 3945
f 3997 3945 3998
f 3998 3945 3946
f 3998 3946 3999
f 3999 3946 3947
f 3999 3947 3983
f 3983 3947 3948
f 3983 3948 3949
f 4000 4001 3969
f 3969 4001 3968
f 4001 4002 3968
f 3968 4002 4003
f 3968 4003 3967
f 4003 4004 3967
f 3967 4004 4005
f 3967 4005 3966
f 4005 4006 3966
f 3966 4006 4007
f 3966 4007 3965
f 4007 4008 3965
f 3965 4008 4009
f 3965 4009 3964
f 4009 4010 3964
f 3964 4010 4011
f 3964 4011 3991
f 4011 4012 3991
f 3991 4012 4013
f 3991 4013 3990
f 4013 4014 3990
f 3990 4014 4015
f 3990 4015 3989
f 4015 4016 3989
f 3989 4016 4017
f 3989 4017 3988
f 4017 4018 3988
f 3988 4018 4019
f 3988 4019 3987
f 4019 4020 3987
f 3987 4020 4021
f 3987 4021 3986
f 4021 4022 3986
f 3986 4022 4023
f 3986 4023 3985
f 4023 4024 3985
f 3985 4024 4025
f 3985 4025 3984
f 4025 4026 3984
f 3984 4026 4027
f 3984 4027 3983
f 4027 4028 3983
f 3983 4028 4029
f 3983 4029 3999
f 4029 4030 3999
f 3999 4030 4031
f 3999 4031 3998
f 4031 4032 3998
f 3998 4032 4033
f 3998 4033 3997
f 4034 3996 4035
f 4035 3996 3997
f 4035 3997 4036
f 4036 3997 4033
f 3996 4034 4037
f 3996 4037 3995
f 4037 4038 3995
f 3995 4038 4039
f 3995 4039 3994
f 4039 4040 3994
f 3994 4040 4041
f 3994 4041 3993
f 4041 4042 3993
f 3993 4042 4043
f 3993 4043 3992
f 4043 4044 3992
f 3992 4044 4045
f 3992 4045 3982
f 4045 4046 3982
f 3982 4046 4047
f 3982 4047 3981
f 4047 4048 3981
f 3981 4048 4049
f 3981 4049 3980
f 4049 4050 3980
f 3980 4050 4051
f 3980 4051 3979
f 4051 4052 3979
f 3979 4052 4053
f 3979 4053 3978
f 4053 4054 3978
f 3978 4054 4055
f 3978 4055 3977
f 4055 4056 3977
f 3977 4056 4057
f 3977 4057 3976
f 4057 4058 3976
f 3976 4058 4059
f 3976 4059 3975
f 4059 4060 3975
f 3975 4060 4061
f 3975 4061 3974
f 4061 4062 3974
f 3974 4062 4063
f 3974 4063 3973
f 4063 4064 3973
f 3973 4064 4065
f 3973 4065 3972
f 4065 4066 3972
f 3972 4066 4067
f 3972 4067 3971
f 4067 4068 3971
f 3971 4068 4069
f 3971 4069 3970
f 4000 3969 4070
f 4070 3969 3970
f 4070 3970 4071
f 4071 3970 4069
f 4034 4072 4073
f 4072 4074 4075
f 4074 4076 4077
f 4074 4077 4075
f 4075 4077 4078
f 4075 4078 4079
f 4079 4078 4080
f 4079 4080 4081
f 4081 4080 4082
f 4081 4082 4083
f 4083 4082 4084
f 4083 4084 4085
f 4085 4084 4086
f 4085 4086 4087
f 4087 4086 4088
f 4087 4088 4089
f 4089 4088 4090
f 4089 4090 4091
f 4091 4090 4092
f 4091 4092 4093
f 4093 4092 4094
f 4093 4094 4095
f 4095 4094 4096
f 4095 4096 4097
f 4097 4096 4098
f 4097 4098 4099
f 4099 4098 4100
f 4099 4100 4101
f 4101 4100 4102
f 4101 4102 4103
f 4103 4102 4104
f 4103 4104 4105
f 4105 4104 4106
f 4105 4106 4107
f 4107 4106 4108
f 4107 4108 4109
f 4109 4108 4110
f 4109 4110 4111
f 4111 4110 4112
f 4111 4112 4113
f 4113 4112 4114
f 4113 4114 4115
f 4115 4114 4116
f 4115 4116 4117
f 4117 4116 4118
f 4117 4118 4119
f 4119 4118 4120
f 4119 4120 4121
f 4121 4120 4122
f 4121 4122 4123
f 4123 4122 4124
f 4123 4124 4125
f 4125 4124 4126
f 4125 4126 4127
f 4127 4126 4128
f 4127 4128 4129
f 4129 4128 4130
f 4129 4130 4131
f 4131 4130 4132
f 4131 4132 4133
f 4133 4132 4134
f 4133 4134 4135
f 4135 4134 4136
f 4135 4136 4137
f 4137 4136 4138
f 4137 4138 4139
f 4139 4138 4140
f 4139 4140 4141
f 4141 4140 4142
f 4141 4142 4143
f 4143 4142 4144
f 4143 4144 4145
f 4145 4144 4146
f 4145 4146 4147
f 4072 4075 4073
f 4073 4075 4079
f 4073 4079 4148
f 4148 4079 4081
f 4148 4081 4149
f 4149 4081 4083
f 4149 4083 4150
f 4150 4083 4085
f 4150 4085 4151
f 4151 4085 4087
f 4151 4087 4152
f 4152 4087 4089
f 4152 4089 4153
f 4153 4089 4091
f 4153 4091 4154
f 4154 4091 4093
f 4154 4093 4155
f 4155 4093 4095
f 4155 4095 4156
f 4156 4095 4097
f 4156 4097 4157
f 4157 4097 4099
f 4157 4099 4158
f 4158 4099 4101
f 4158 4101 4159
f 4159 4101 4103
f 4159 4103 4160
f 4160 4103 4105
f 4160 4105 4161
f 4161 4105 4107
f 4161 4107 4162
f 4162 4107 4109
f 4162 4109 4163
f 4163 4109 4111
f 4163 4111 4164
f 4164 4111 4113
f 4164 4113 4165
f 4165 4113 4115
f 4165 4115 4166
f 4166 4115 4117
f 4166 4117 4167
f 4167 4117 4119
f 4167 4119 4168
f 4168 4119 4121
f 4168 4121 4169
f 4169 4121 4123
f 4169 4123 4170
f 4170 4123 4125
f 4170 4125 4171
f 4171 4125 4127
f 4171 4127 4172
f 4172 4127 4129
f 4172 4129 4173
f 4173 4129 4131
f 4173 4131 4174
f 4174 4131 4133
f 4174 4133 4175
f 4175 4133 4135
f 4175 4135 4176
f 4176 4135 4137
f 4176 4137 4177
f 4177 4137 4139
f 4177 4139 4178
f 4178 4139 4141
f 4178 4141 4179
f 4179 4141 4143
f 4179 4143 4180
f 4180 4143 4145
f 4180 4145 4181
f 4181 4145 4147
f 4181 4147 4182
f 4034 4073 4037
f 4037 4073 4148
f 4037 4148 4038
f 4038 4148 4149
f 4038 4149 4039
f 4039 4149 4150
f 4039 4150 4040
f 4040 4150 4151
f 4040 4151 4041
f 4041 4151 4152
f 4041 4152 4042
f 4042 4152 4153
f 4042 4153 4043
f 4043 4153 4154
f 4043 4154 4044
f 4044 4154 4155
f 4044 4155 4045
f 4045 4155 4156
f 4045 4156 4046
f 4046 4156 4157
f 4046 4157 4047
f 4047 4157 4158
f 4047 4158 4048
f 4048 4158 4159
f 4048 4159 4049
f 4049 4159 4160
f 4049 4160 4050
f 4050 4160 4161
f 4050 4161 4051
f 4051 4161 4162
f 4051 4162 4052
f 4052 4162 4163
f 4052 4163 4053
f 4053 4163 4164
f 4053 4164 4054
f 4054 4164 4165
f 4054 4165 4055
f 4055 4165 4166
f 4055 4166 4056
f 4056 4166 4167
f 4056 4167 4057
f 4057 4167 4168
f 4057 4168 4058
f 4058 4168 4169
f 4058 4169 4059
f 4059 4169 4170
f 4059 4170 4060
f 4060 4170 4171
f 4060 4171 4061
f 4061 4171 4172
f 4061 4172 4062
f 4062 4172 4173
f 4062 4173 4063
f 4063 4173 4174
f 4063 4174 4064
f 4064 4174 4175
f 4064 4175 4065
f 4065 4175 4176
f 4065 4176 4066
f 4066 4176 4177
f 4066 4177 4067
f 4067 4177 4178
f 4067 4178 4068
f 4068 4178 4179
f 4068 4179 4069
f 4069 4179 4180
f 4069 4180 4071
f 4071 4180 4181
f 4071 4181 4070
f 4070 4181 4182
f 4070 4182 4000
f 4000 4182 4183
f 4182 4147 4184
f 4147 4146 4185
f 4147 4185 4184
f 4184 4185 4186
f 4184 4186 4187
f 4187 4186 4188
f 4187 4188 4189
f 4189 4188 4190
f 4189 4190 4191
f 4191 4190 4192
f 4191 4192 4193
f 4193 4192 4194
f 4193 4194 4195
f 4195 4194 4196
f 4195 4196 4197
f 4197 4196 4198
f 4197 4198 4199
f 4199 4198 4200
f 4199 4200 4201
f 4201 4200 4202
f 4201 4202 4203
f 4203 4202 4204
f 4203 4204 4205
f 4205 4204 4206
f 4205 4206 4207
f 4207 4206 4208
f 4207 4208 4209
f 4209 4208 4210
f 4209 4210 4211
f 4211 4210 4212
f 4211 4212 4213
f 4213 4212 4214
f 4213 4214 4215
f 4215 4214 4216
f 4215 4216 4217
f 4217 4216 4218
f 4217 4218 4219
f 4219 4218 4220
f 4219 4220 4221
f 4221 4220 4222
f 4221 4222 4223
f 4223 4222 4224
f 4223 4224 4225
f 4225 4224 4226
f 4225 4226 4227
f 4227 4226 4228
f 4227 4228 4229
f 4229 4228 4230
f 4229 4230 4231
f 4231 4230 4232
f 4231 4232 4233
f 4233 4232 4234
f 4233 4234 4235
f 4235 4234 4236
f 4235 4236 4237
f 4237 4236 4238
f 4237 4238 4239
f 4239 4238 4240
f 4239 4240 4241
f 4241 4240 4242
f 4241 4242 4243
f 4243 4242 4244
f 4243 4244 4245
f 4245 4244 4246
f 4245 4246 4247
f 4247 4246 4248
f 4247 4248 4249
f 4249 4248 4250
f 4249 4250 4251
f 4251 4250 4252
f 4251 4252 4253
f 4253 4252 4076
f 4253 4076 4074
f 4182 4184 4183
f 4183 4184 4187
f 4183 4187 4254
f 4254 4187 4189
f 4254 4189 4255
f 4255 4189 4191
f 4255 4191 4256
f 4256 4191 4193
f 4256 4193 4257
f 4257 4193 4195
f 4257 4195 4258
f 4258 4195 4197
f 4258 4197 4259
f 4259 4197 4199
f 4259 4199 4260
f 4260 4199 4201
f 4260 4201 4261
f 4261 4201 4203
f 4261 4203 4262
f 4262 4203 4205
f 4262 4205 4263
f 4263 4205 4207
f 4263 4207 4264
f 4264 4207 4209
f 4264 4209 4265
f 4265 4209 4211
f 4265 4211 4266
f 4266 4211 4213
f 4266 4213 4267
f 4267 4213 4215
f 4267 4215 4268
f 4268 4215 4217
f 4268 4217 4269
f 4269 4217 4219
f 4269 4219 4270
f 4270 4219 4221
f 4270 4221 4271
f 4271 4221 4223
f 4271 4223 4272
f 4272 4223 4225
f 4272 4225 4273
f 4273 4225 4227
f 4273 4227 4274
f 4274 4227 4229
f 4274 4229 4275
f 4275 4229 4231
f 4275 4231 4276
f 4276 4231 4233
f 4276 4233 4277
f 4277 4233 4235
f 4277 4235 4278
f 4278 4235 4237
f 4278 4237 4279
f 4279 4237 4239
f 4279 4239 4280
f 4280 4239 4241
f 4280 4241 4281
f 4281 4241 4243
f 4281 4243 4282
f 4282 4243 4245
f 4282 4245 4283
f 4283 4245 4247
f 4283 4247 4284
f 4284 4247 4249
f 4284 4249 4285
f 4285 4249 4251
f 4285 4251 4286
f 4286 4251 4253
f 4286 4253 4287
f 4287 4253 4074
f 4287 4074 4072
f 4000 4183 4001
f 4001 4183 4254
f 4001 4254 4002
f 4002 4254 4255
f 4002 4255 4003
f 4003 4255 4256
f 4003 4256 4004
f 4004 4256 4257
f 4004 4257 4005
f 4005 4257 4258
f 4005 4258 4006
f 4006 4258 4259
f 4006 4259 4007
f 4007 4259 4260
f 4007 4260 4008
f 4008 4260 4261
f 4008 4261 4009
f 4009 4261 4262
f 4009 4262 4010
f 4010 4262 4263
f 4010 4263 4011
f 4011 4263 4264
f 4011 4264 4012
f 4012 4264 4265
f 4012 4265 4013
f 4013 4265 4266
f 4013 4266 4014
f 4014 4266 4267
f 4014 4267 4015
f 4015 4267 4268
f 4015 4268 4016
f 4016 4268 4269
f 4016 4269 4017
f 4017 4269 4270
f 4017 4270 4018
f 4018 4270 4271
f 4018 4271 4019
f 4019 4271 4272
f 4019 4272 4020
f 4020 4272 4273
f 4020 4273 4021
f 4021 4273 4274
f 4021 4274 4022
f 4022 4274 4275
f 4022 4275 4023
f 4023 4275 4276
f 4023 4276 4024
f 4024 4276 4277
f 4024 4277 4025
f 4025 4277 4278
f 4025 4278 4026
f 4026 4278 4279
f 4026 4279 4027
f 4027 4279 4280
f 4027 4280 4028
f 4028 4280 4281
f 4028 4281 4029
f 4029 4281 4282
f 4029 4282 4030
f 4030 4282 4283
f 4030 4283 4031
f 4031 4283 4284
f 4031 4284 4032
f 4032 4284 4285
f 4032 4285 4033
f 4033 4285 4286
f 4033 4286 4036
f 4036 4286 4287
f 4036 4287 4035
f 4035 4287 4072
f 4035 4072 4034
f 4140 4288 4289
f 4077 4290 4291
f 4188 4292 4293
f 4188 4186 4292
f 4292 4186 4185
f 4292 4185 4294
f 4128 4295 4296
f 4116 4297 4298
f 4185 4146 4294
f 4294 4146 4144
f 4294 4144 4289
f 4289 4144 4142
f 4289 4142 4140
f 4140 4138 4288
f 4288 4138 4136
f 4288 4136 4299
f 4248 4300 4301
f 4200 4302 4303
f 4304 4192 4293
f 4293 4192 4190
f 4293 4190 4188
f 4116 4114 4297
f 4297 4114 4112
f 4297 4112 4305
f 4088 4306 4307
f 4240 4308 4309
f 4200 4198 4302
f 4302 4198 4196
f 4302 4196 4304
f 4304 4196 4194
f 4304 4194 4192
f 4136 4134 4299
f 4299 4134 4132
f 4299 4132 4296
f 4296 4132 4130
f 4296 4130 4128
f 4128 4126 4295
f 4295 4126 4124
f 4295 4124 4310
f 4124 4122 4310
f 4310 4122 4120
f 4310 4120 4298
f 4298 4120 4118
f 4298 4118 4116
f 4104 4311 4312
f 4096 4313 4314
f 4088 4086 4306
f 4306 4086 4084
f 4306 4084 4315
f 4084 4082 4315
f 4315 4082 4080
f 4315 4080 4291
f 4291 4080 4078
f 4291 4078 4077
f 4112 4110 4305
f 4305 4110 4108
f 4305 4108 4312
f 4312 4108 4106
f 4312 4106 4104
f 4077 4076 4290
f 4290 4076 4252
f 4290 4252 4301
f 4301 4252 4250
f 4301 4250 4248
f 4104 4102 4311
f 4311 4102 4100
f 4311 4100 4314
f 4314 4100 4098
f 4314 4098 4096
f 4248 4246 4300
f 4300 4246 4244
f 4300 4244 4309
f 4309 4244 4242
f 4309 4242 4240
f 4316 4317 4212
f 4096 4094 4313
f 4313 4094 4092
f 4313 4092 4307
f 4307 4092 4090
f 4307 4090 4088
f 4232 4318 4319
f 4320 4321 4220
f 4212 4210 4316
f 4316 4210 4208
f 4316 4208 4322
f 4208 4206 4322
f 4322 4206 4204
f 4322 4204 4303
f 4303 4204 4202
f 4303 4202 4200
f 4220 4218 4320
f 4320 4218 4216
f 4320 4216 4317
f 4317 4216 4214
f 4317 4214 4212
f 4240 4238 4308
f 4308 4238 4236
f 4308 4236 4319
f 4319 4236 4234
f 4319 4234 4232
f 4232 4230 4318
f 4318 4230 4228
f 4318 4228 4323
f 4228 4226 4323
f 4323 4226 4224
f 4323 4224 4321
f 4321 4224 4222
f 4321 4222 4220
f 4324 4290 4301
f 4324 4301 4325
f 4325 4301 4300
f 4325 4300 4326
f 4326 4300 4309
f 4326 4309 4327
f 4327 4309 4308
f 4327 4308 4328
f 4328 4308 4319
f 4328 4319 4329
f 4329 4319 4318
f 4329 4318 4330
f 4330 4318 4323
f 4330 4323 4331
f 4331 4323 4321
f 4331 4321 4332
f 4332 4321 4320
f 4332 4320 4333
f 4333 4320 4317
f 4333 4317 4334
f 4334 4317 4316
f 4334 4316 4335
f 4335 4316 4322
f 4335 4322 4336
f 4336 4322 4303
f 4336 4303 4337
f 4337 4303 4302
f 4337 4302 4338
f 4338 4302 4304
f 4338 4304 4339
f 4339 4304 4293
f 4339 4293 4340
f 4340 4293 4292
f 4340 4292 4341
f 4341 4292 4294
f 4341 4294 4342
f 4343 4344 4345
f 4345 4344 4346
f 4345 4346 4347
f 4347 4346 4348
f 4347 4348 4349
f 4349 4348 4350
f 4349 4350 4351
f 4351 4350 4352
f 4351 4352 4353
f 4353 4352 4354
f 4353 4354 4355
f 4355 4354 4356
f 4355 4356 4357
f 4357 4356 4358
f 4357 4358 4359
f 4359 4358 4360
f 4359 4360 4342
f 4342 4360 4361
f 4342 4361 4341
f 4341 4361 4362
f 4341 4362 4340
f 4340 4362 4363
f 4340 4363 4339
f 4339 4363 4364
f 4339 4364 4338
f 4338 4364 4365
f 4338 4365 4337
f 4337 4365 4366
f 4337 4366 4336
f 4336 4366 4367
f 4336 4367 4335
f 4335 4367 4368
f 4335 4368 4334
f 4334 4368 4369
f 4334 4369 4333
f 4369 4370 4333
f 4333 4370 4371
f 4333 4371 4332
f 4332 4371 4372
f 4332 4372 4331
f 4331 4372 4373
f 4331 4373 4330
f 4330 4373 4374
f 4330 4374 4329
f 4329 4374 4375
f 4329 4375 4328
f 4328 4375 4376
f 4328 4376 4327
f 4327 4376 4377
f 4327 4377 4326
f 4326 4377 4378
f 4326 4378 4325
f 4325 4378 4379
f 4325 4379 4324
f 4324 4379 4380
f 4324 4380 4381
f 4381 4380 4382
f 4381 4382 4383
f 4383 4382 4384
f 4383 4384 4385
f 4385 4384 4386
f 4385 4386 4387
f 4387 4386 4388
f 4387 4388 4389
f 4389 4388 4390
f 4389 4390 4391
f 4391 4390 4392
f 4391 4392 4393
f 4393 4392 4394
f 4393 4394 4395
f 4395 4394 4396
f 4395 4396 4343
f 4343 4396 4397
f 4343 4397 4344
f 4361 3734 4362
f 4362 3734 3730
f 4362 3730 4363
f 4363 3730 3733
f 4363 3733 4364
f 4364 3733 3739
f 4364 3739 4365
f 4365 3739 3738
f 4365 3738 4366
f 4366 3738 3732
f 4366 3732 4367
f 4367 3732 3731
f 4367 3731 4368
f 4368 3731 3745
f 4368 3745 4369
f 4369 3745 3761
f 4369 3761 4370
f 4370 3761 3760
f 4370 3760 4371
f 4371 3760 3775
f 4371 3775 4372
f 4372 3775 3774
f 4372 3774 4373
f 4373 3774 3759
f 4373 3759 4374
f 4374 3759 3737
f 4374 3737 4375
f 4375 3737 3744
f 4375 3744 4376
f 4376 3744 3743
f 4376 3743 4377
f 4377 3743 3736
f 4377 3736 4378
f 4378 3736 3735
f 4378 3735 4379
f 4379 3735 3758
f 4379 3758 4380
f 4380 3758 3757
f 4380 3757 4382
f 4382 3757 3740
f 4382 3740 4384
f 4384 3740 3755
f 4384 3755 4386
f 4386 3755 3768
f 4386 3768 4388
f 4388 3768 3766
f 4388 3766 4390
f 4390 3766 3765
f 4390 3765 4392
f 4392 3765 3786
f 4392 3786 4394
f 4394 3786 3753
f 4394 3753 4396
f 4396 3753 3752
f 4396 3752 4397
f 4397 3752 3802
f 4397 3802 4344
f 4344 3802 3796
f 4344 3796 4346
f 4346 3796 3784
f 4346 3784 4348
f 4348 3784 3762
f 4348 3762 4350
f 4350 3762 3782
f 4350 3782 4352
f 4352 3782 3794
f 4352 3794 4354
f 4354 3794 3749
f 4354 3749 4356
f 4356 3749 3747
f 4356 3747 4358
f 4358 3747 3746
f 4358 3746 4360
f 4360 3746 3776
f 4360 3776 4361
f 4361 3776 3734
f 4342 4294 4289
f 4342 4289 4359
f 4359 4289 4288
f 4359 4288 4357
f 4357 4288 4299
f 4357 4299 4355
f 4355 4299 4296
f 4355 4296 4353
f 4353 4296 4295
f 4353 4295 4351
f 4351 4295 4310
f 4351 4310 4349
f 4349 4310 4298
f 4349 4298 4347
f 4347 4298 4297
f 4347 4297 4345
f 4345 4297 4305
f 4345 4305 4343
f 4343 4305 4312
f 4343 4312 4395
f 4395 4312 4311
f 4395 4311 4393
f 4393 4311 4314
f 4393 4314 4391
f 4391 4314 4313
f 4391 4313 4389
f 4389 4313 4307
f 4389 4307 4387
f 4387 4307 4306
f 4387 4306 4385
f 4385 4306 4315
f 4385 4315 4383
f 4383 4315 4291
f 4383 4291 4381
f 4381 4291 4290
f 4381 4290 4324
f 4398 4399 4400
f 4400 4399 4401
f 4400 4401 4402
f 4402 4401 4403
f 4402 4403 4404
f 4404 4403 4405
f 4404 4405 4406
f 4406 4405 4407
f 4406 4407 4408
f 4408 4407 4409
f 4408 4409 4410
f 4410 4409 4411
f 4410 4411 4412
f 4412 4411 4413
f 4412 4413 4414
f 4414 4413 4415
f 4414 4415 4416
f 4416 4415 4417
f 4416 4417 4418
f 4418 4417 4419
f 4418 4419 4420
f 4420 4419 4421
f 4420 4421 4422
f 4422 4421 4423
f 4422 4423 4424
f 4424 4423 4425
f 4424 4425 4398
f 4398 4425 4399
f 4426 4427 4428
f 4429 4430 4427
f 4431 4432 4433
f 4434 4435 4436
f 4437 4438 4439
f 4440 4441 4442
f 4443 4444 4445
f 4446 4447 4448
f 4447 4446 4449
f 4450 4451 4452
f 4452 4451 4453
f 4454 4455 4456
f 4456 4455 4457
f 4456 4457 4458
f 4459 4460 4453
f 4453 4460 4461
f 4453 4461 4452
f 4452 4461 4462
f 4452 4462 4463
f 4464 4465 4466
f 4467 4468 4453
f 4469 4470 4466
f 4466 4470 4471
f 4466 4471 4464
f 4468 4472 4453
f 4453 4472 4473
f 4453 4473 4459
f 4459 4473 4474
f 4459 4474 4475
f 4474 4476 4475
f 4475 4476 4477
f 4475 4477 4478
f 4478 4477 4479
f 4478 4479 4480
f 4480 4479 4481
f 4480 4481 4469
f 4469 4481 4482
f 4469 4482 4470
f 4483 4484 4485
f 4486 4487 4488
f 4488 4487 4489
f 4488 4489 4484
f 4484 4489 4490
f 4484 4490 4485
f 4491 4492 4486
f 4486 4492 4493
f 4486 4493 4487
f 4485 4494 4483
f 4483 4494 4495
f 4483 4495 4496
f 4497 4498 4499
f 4500 4501 4502
f 4503 4504 4505
f 4505 4506 4503
f 4503 4506 4507
f 4503 4507 4500
f 4500 4507 4508
f 4500 4508 4501
f 4502 4509 4500
f 4500 4509 4510
f 4500 4510 4511
f 4511 4510 4499
f 4511 4499 4512
f 4512 4499 4498
f 4512 4498 4513
f 4514 4515 4516
f 4516 4515 4517
f 4516 4517 4518
f 4502 4519 4509
f 4509 4519 4520
f 4509 4520 4521
f 4521 4520 4522
f 4521 4522 4514
f 4514 4522 4523
f 4514 4523 4515
f 4442 4516 4503
f 4503 4516 4518
f 4503 4518 4504
f 4524 4516 4525
f 4442 4441 4516
f 4516 4441 4526
f 4516 4526 4525
f 4527 4528 4529
f 4529 4528 4530
f 4529 4530 4531
f 4531 4530 4532
f 4531 4532 4533
f 4534 4535 4536
f 4536 4535 4537
f 4536 4537 4528
f 4538 4539 4540
f 4540 4539 4541
f 4398 4400 4542
f 4541 4416 4543
f 4543 4416 4418
f 4420 4422 4426
f 4426 4422 4424
f 4408 4410 4539
f 4539 4410 4412
f 4539 4412 4541
f 4541 4412 4414
f 4541 4414 4416
f 4400 4402 4542
f 4542 4402 4404
f 4542 4404 4539
f 4539 4404 4406
f 4539 4406 4408
f 4544 4545 4546
f 4546 4545 4543
f 4547 4548 4549
f 4549 4548 4550
f 4525 4551 4524
f 4524 4551 4552
f 4524 4552 4553
f 4553 4552 4554
f 4553 4554 4449
f 4449 4554 4555
f 4449 4555 4447
f 4447 4555 4556
f 4447 4556 4448
f 4448 4556 4557
f 4448 4557 4558
f 4558 4557 4559
f 4560 4561 4562
f 4562 4561 4563
f 4437 4564 4565
f 4565 4564 4566
f 4565 4566 4567
f 4568 4569 4563
f 4563 4569 4570
f 4563 4570 4562
f 4571 4572 4547
f 4547 4572 4573
f 4547 4573 4574
f 4574 4573 4575
f 4574 4575 4576
f 4577 4578 4579
f 4579 4578 4580
f 4577 4581 4578
f 4578 4581 4582
f 4578 4582 4583
f 4583 4582 4584
f 4583 4584 4547
f 4547 4584 4585
f 4547 4585 4571
f 4454 4586 4587
f 4586 4454 4576
f 4576 4454 4456
f 4576 4456 4574
f 4574 4456 4458
f 4574 4458 4547
f 4547 4458 4588
f 4547 4588 4548
f 4497 4499 4589
f 4589 4499 4590
f 4589 4590 4591
f 4591 4590 4592
f 4591 4592 4593
f 4593 4592 4594
f 4593 4594 4595
f 4595 4594 4596
f 4595 4596 4597
f 4597 4596 4598
f 4597 4598 4599
f 4600 4601 4602
f 4602 4601 4603
f 4602 4603 4604
f 4604 4603 4605
f 4604 4605 4598
f 4598 4605 4606
f 4598 4606 4599
f 4578 4607 4608
f 4609 4610 4607
f 4607 4610 4611
f 4607 4611 4608
f 4612 4613 4614
f 4614 4613 4615
f 4614 4615 4616
f 4617 4618 4619
f 4618 4620 4619
f 4619 4620 4621
f 4619 4621 4612
f 4612 4621 4622
f 4612 4622 4613
f 4623 4624 4580
f 4608 4625 4578
f 4578 4625 4626
f 4578 4626 4580
f 4580 4626 4627
f 4580 4627 4623
f 4628 4629 4630
f 4630 4629 4631
f 4630 4631 4491
f 4491 4631 4632
f 4491 4632 4492
f 4427 4430 4428
f 4428 4430 4633
f 4428 4633 4634
f 4635 4636 4578
f 4578 4636 4607
f 4607 4636 4637
f 4607 4637 4638
f 4549 4639 4547
f 4547 4639 4640
f 4547 4640 4583
f 4583 4640 4641
f 4583 4641 4578
f 4578 4641 4642
f 4578 4642 4635
f 4463 4455 4452
f 4452 4455 4454
f 4452 4454 4450
f 4450 4454 4587
f 4450 4587 4580
f 4580 4587 4643
f 4580 4643 4579
f 4644 4645 4646
f 4646 4645 4628
f 4646 4628 4647
f 4647 4628 4630
f 4647 4630 4648
f 4648 4630 4649
f 4648 4649 4619
f 4619 4649 4650
f 4619 4650 4617
f 4486 4469 4491
f 4491 4469 4466
f 4491 4466 4630
f 4630 4466 4651
f 4630 4651 4649
f 4649 4651 4652
f 4649 4652 4650
f 4650 4652 4433
f 4650 4433 4617
f 4617 4433 4432
f 4465 4467 4466
f 4466 4467 4453
f 4466 4453 4651
f 4651 4453 4451
f 4651 4451 4652
f 4652 4451 4450
f 4652 4450 4433
f 4433 4450 4580
f 4433 4580 4431
f 4431 4580 4624
f 4513 4600 4512
f 4512 4600 4602
f 4512 4602 4511
f 4511 4602 4653
f 4511 4653 4500
f 4500 4653 4654
f 4500 4654 4503
f 4503 4654 4655
f 4503 4655 4442
f 4442 4655 4445
f 4442 4445 4440
f 4440 4445 4444
f 4594 4656 4596
f 4596 4656 4483
f 4596 4483 4598
f 4598 4483 4496
f 4598 4496 4604
f 4604 4496 4657
f 4604 4657 4602
f 4602 4657 4658
f 4602 4658 4653
f 4653 4658 4659
f 4653 4659 4654
f 4654 4659 4660
f 4654 4660 4655
f 4655 4660 4661
f 4655 4661 4445
f 4445 4661 4662
f 4445 4662 4443
f 4443 4662 4663
f 4443 4663 4664
f 4638 4429 4607
f 4607 4429 4427
f 4607 4427 4542
f 4542 4427 4426
f 4542 4426 4398
f 4398 4426 4424
f 4418 4420 4543
f 4543 4420 4426
f 4543 4426 4546
f 4546 4426 4428
f 4546 4428 4544
f 4544 4428 4634
f 4544 4634 4550
f 4550 4634 4665
f 4550 4665 4549
f 4616 4434 4614
f 4614 4434 4436
f 4614 4436 4666
f 4666 4436 4667
f 4666 4667 4563
f 4563 4667 4565
f 4563 4565 4568
f 4568 4565 4567
f 4435 4668 4436
f 4436 4668 4669
f 4436 4669 4667
f 4667 4669 4670
f 4667 4670 4565
f 4565 4670 4671
f 4565 4671 4437
f 4437 4671 4536
f 4437 4536 4438
f 4438 4536 4528
f 4438 4528 4439
f 4439 4528 4527
f 4559 4664 4558
f 4558 4664 4663
f 4558 4663 4448
f 4448 4663 4672
f 4448 4672 4446
f 4446 4672 4532
f 4495 4644 4496
f 4496 4644 4646
f 4496 4646 4657
f 4657 4646 4647
f 4657 4647 4658
f 4658 4647 4648
f 4658 4648 4659
f 4659 4648 4619
f 4659 4619 4660
f 4660 4619 4612
f 4660 4612 4661
f 4661 4612 4614
f 4661 4614 4662
f 4662 4614 4666
f 4662 4666 4663
f 4663 4666 4563
f 4663 4563 4672
f 4672 4563 4561
f 4672 4561 4532
f 4532 4561 4560
f 4532 4560 4533
f 4668 4609 4669
f 4669 4609 4607
f 4669 4607 4670
f 4670 4607 4542
f 4670 4542 4671
f 4671 4542 4539
f 4671 4539 4536
f 4536 4539 4538
f 4536 4538 4534
f 4534 4538 4540
f 4514 4673 4674
f 4514 4674 4521
f 4521 4674 4675
f 4521 4675 4509
f 4509 4675 4676
f 4509 4676 4510
f 4510 4676 4677
f 4510 4677 4499
f 4499 4677 4678
f 4499 4678 4590
f 4590 4678 4679
f 4590 4679 4592
f 4592 4679 4680
f 4592 4680 4594
f 4594 4680 4681
f 4594 4681 4656
f 4656 4681 4682
f 4656 4682 4483
f 4483 4682 4683
f 4483 4683 4484
f 4484 4683 4684
f 4484 4684 4488
f 4488 4684 4486
f 4486 4684 4685
f 4486 4685 4469
f 4469 4685 4480
f 4480 4685 4686
f 4480 4686 4478
f 4478 4686 4687
f 4478 4687 4475
f 4475 4687 4688
f 4475 4688 4459
f 4459 4688 4689
f 4459 4689 4460
f 4460 4689 4690
f 4460 4690 4461
f 4461 4690 4691
f 4461 4691 4462
f 4462 4691 4463
f 4463 4691 4692
f 4463 4692 4455
f 4455 4692 4457
f 4457 4692 4693
f 4457 4693 4458
f 4694 4683 4682
f 4694 4682 4695
f 4695 4682 4681
f 4695 4681 4696
f 4696 4681 4680
f 4696 4680 4697
f 4697 4680 4679
f 4697 4679 4698
f 4698 4679 4678
f 4698 4678 4699
f 4699 4678 4677
f 4699 4677 4700
f 4700 4677 4676
f 4700 4676 4701
f 4701 4676 4675
f 4701 4675 4702
f 4702 4675 4674
f 4702 4674 4703
f 4703 4674 4673
f 4703 4673 4704
f 4705 4706 4688
f 4688 4706 4707
f 4688 4707 4689
f 4689 4707 4708
f 4689 4708 4690
f 4690 4708 4709
f 4690 4709 4691
f 4691 4709 4710
f 4691 4710 4692
f 4692 4710 4711
f 4692 4711 4693
f 4705 4688 4712
f 4712 4688 4687
f 4712 4687 4713
f 4713 4687 4714
f 4714 4687 4686
f 4714 4686 4715
f 4715 4686 4685
f 4715 4685 4716
f 4716 4685 4684
f 4716 4684 4717
f 4717 4684 4683
f 4717 4683 4694
f 4718 4719 4720
f 4720 4719 4721
f 4720 4721 4722
f 4722 4721 4704
f 4722 4704 4673
f 4723 4724 4718
f 4718 4724 4725
f 4718 4725 4719
f 4726 4727 4728
f 4728 4727 4723
f 4728 4723 4729
f 4729 4723 4718
f 4726 4728 4730
f 4730 4728 4731
f 4730 4731 4732
f 4732 4731 4733
f 4732 4733 4734
f 4734 4733 4735
f 4734 4735 4736
f 4736 4735 4737
f 4736 4737 4738
f 4738 4737 4739
f 4738 4739 4740
f 4740 4739 4741
f 4740 4741 4742
f 4742 4741 4743
f 4742 4743 4744
f 4744 4743 4745
f 4744 4745 4746
f 4746 4745 4747
f 4747 4745 4748
f 4747 4748 4749
f 4749 4748 4750
f 4749 4750 4751
f 4752 4753 4754
f 4754 4753 4755
f 4754 4755 4756
f 4756 4755 4757
f 4756 4757 4750
f 4750 4757 4758
f 4750 4758 4751
f 4759 4760 4752
f 4752 4760 4761
f 4752 4761 4753
f 4752 4762 4759
f 4759 4762 4693
f 4759 4693 4711
f 4458 4693 4762
f 4458 4762 4588
f 4588 4762 4752
f 4588 4752 4548
f 4548 4752 4754
f 4548 4754 4550
f 4550 4754 4756
f 4550 4756 4544
f 4544 4756 4750
f 4544 4750 4545
f 4545 4750 4748
f 4545 4748 4543
f 4543 4748 4745
f 4543 4745 4541
f 4541 4745 4743
f 4541 4743 4540
f 4540 4743 4741
f 4540 4741 4534
f 4534 4741 4739
f 4534 4739 4535
f 4535 4739 4737
f 4535 4737 4537
f 4537 4737 4735
f 4537 4735 4528
f 4528 4735 4733
f 4528 4733 4530
f 4530 4733 4731
f 4530 4731 4532
f 4532 4731 4728
f 4532 4728 4446
f 4446 4728 4729
f 4446 4729 4449
f 4449 4729 4718
f 4449 4718 4553
f 4553 4718 4720
f 4553 4720 4524
f 4524 4720 4722
f 4524 4722 4516
f 4516 4722 4673
f 4516 4673 4514
f 4763 4764 4765
f 4766 4767 4768
f 4769 4770 4771
f 4772 4773 4774
f 4724 4775 4725
f 4713 4776 4712
f 4715 4716 4777
f 4695 4778 4779
f 4704 4721 4780
f 4781 4702 4782
f 4782 4702 4703
f 4782 4703 4783
f 4783 4703 4704
f 4783 4704 4784
f 4784 4704 4780
f 4700 4785 4699
f 4699 4785 4786
f 4699 4786 4698
f 4700 4701 4785
f 4785 4701 4702
f 4785 4702 4787
f 4787 4702 4781
f 4787 4781 4788
f 4696 4697 4789
f 4789 4697 4698
f 4789 4698 4790
f 4791 4694 4792
f 4792 4694 4695
f 4792 4695 4793
f 4793 4695 4794
f 4795 4796 4779
f 4779 4796 4797
f 4797 4798 4779
f 4779 4798 4799
f 4779 4799 4695
f 4695 4799 4800
f 4695 4800 4794
f 4791 4801 4694
f 4694 4801 4802
f 4694 4802 4717
f 4717 4802 4803
f 4803 4804 4717
f 4717 4804 4805
f 4717 4805 4716
f 4776 4713 4777
f 4777 4713 4714
f 4777 4714 4715
f 4806 4807 4808
f 4809 4810 4811
f 4760 4812 4806
f 4806 4812 4813
f 4806 4813 4807
f 4810 4814 4811
f 4811 4814 4815
f 4811 4815 4709
f 4709 4815 4816
f 4709 4816 4710
f 4710 4816 4817
f 4710 4817 4711
f 4817 4818 4711
f 4711 4818 4819
f 4711 4819 4759
f 4759 4819 4820
f 4759 4820 4760
f 4760 4820 4821
f 4760 4821 4812
f 4806 4822 4760
f 4760 4822 4823
f 4760 4823 4761
f 4824 4825 4806
f 4806 4825 4826
f 4806 4826 4822
f 4827 4757 4828
f 4828 4757 4755
f 4828 4755 4829
f 4829 4755 4753
f 4829 4753 4830
f 4830 4753 4761
f 4830 4761 4831
f 4831 4761 4823
f 4827 4832 4757
f 4757 4832 4833
f 4757 4833 4834
f 4835 4425 4758
f 4758 4425 4423
f 4758 4423 4751
f 4751 4423 4421
f 4751 4421 4749
f 4749 4421 4747
f 4421 4419 4747
f 4747 4419 4836
f 4747 4836 4746
f 4746 4836 4837
f 4746 4837 4744
f 4744 4837 4838
f 4744 4838 4742
f 4742 4838 4839
f 4742 4839 4740
f 4840 4738 4740
f 4841 4842 4774
f 4843 4844 4840
f 4842 4845 4774
f 4774 4845 4846
f 4774 4846 4843
f 4844 4847 4840
f 4840 4847 4848
f 4840 4848 4738
f 4841 4730 4849
f 4849 4730 4732
f 4848 4850 4738
f 4738 4850 4851
f 4738 4851 4736
f 4736 4851 4852
f 4736 4852 4734
f 4734 4852 4853
f 4734 4853 4732
f 4732 4853 4854
f 4732 4854 4849
f 4841 4774 4730
f 4730 4774 4773
f 4730 4773 4726
f 4773 4855 4726
f 4726 4855 4856
f 4726 4856 4727
f 4727 4856 4857
f 4727 4857 4723
f 4725 4775 4719
f 4857 4858 4723
f 4723 4858 4859
f 4723 4859 4724
f 4724 4859 4860
f 4724 4860 4775
f 4775 4860 4861
f 4775 4861 4719
f 4719 4861 4862
f 4719 4862 4863
f 4790 4864 4789
f 4789 4864 4865
f 4789 4865 4866
f 4866 4867 4789
f 4789 4867 4778
f 4789 4778 4696
f 4696 4778 4695
f 4867 4868 4778
f 4778 4868 4869
f 4778 4869 4870
f 4871 4872 4873
f 4871 4873 4874
f 4874 4873 4875
f 4874 4875 4876
f 4872 4877 4878
f 4878 4877 4879
f 4878 4879 4790
f 4790 4879 4880
f 4790 4880 4864
f 4419 4417 4836
f 4836 4417 4415
f 4836 4415 4837
f 4837 4415 4413
f 4837 4413 4838
f 4838 4413 4411
f 4838 4411 4409
f 4407 4405 4881
f 4881 4405 4403
f 4881 4403 4882
f 4882 4403 4401
f 4882 4401 4835
f 4835 4401 4399
f 4835 4399 4425
f 4716 4805 4777
f 4777 4805 4883
f 4777 4883 4884
f 4884 4885 4777
f 4777 4885 4886
f 4777 4886 4887
f 4887 4886 4888
f 4888 4889 4887
f 4887 4889 4890
f 4887 4890 4891
f 4891 4890 4892
f 4891 4892 4893
f 4893 4894 4891
f 4891 4894 4895
f 4891 4895 4896
f 4896 4895 4897
f 4896 4897 4898
f 4899 4900 4901
f 4901 4902 4899
f 4899 4902 4903
f 4899 4903 4774
f 4774 4903 4904
f 4774 4904 4772
f 4905 4906 4907
f 4907 4906 4908
f 4906 4909 4908
f 4908 4909 4910
f 4908 4910 4911
f 4911 4910 4912
f 4721 4719 4913
f 4913 4719 4863
f 4913 4863 4914
f 4914 4863 4915
f 4916 4917 4896
f 4896 4917 4918
f 4918 4919 4896
f 4896 4919 4920
f 4896 4920 4891
f 4891 4920 4921
f 4891 4921 4922
f 4896 4875 4916
f 4916 4875 4873
f 4916 4873 4923
f 4923 4873 4924
f 4923 4924 4925
f 4840 4926 4927
f 4843 4840 4774
f 4774 4840 4927
f 4774 4927 4899
f 4899 4927 4928
f 4899 4928 4771
f 4771 4928 4929
f 4771 4929 4769
f 4740 4839 4840
f 4840 4839 4930
f 4840 4930 4926
f 4931 4932 4933
f 4934 4935 4936
f 4936 4935 4937
f 4936 4937 4938
f 4939 4940 4941
f 4922 4942 4940
f 4942 4943 4940
f 4940 4943 4944
f 4940 4944 4941
f 4833 4945 4834
f 4834 4945 4946
f 4834 4946 4947
f 4948 4949 4950
f 4950 4949 4951
f 4952 4953 4951
f 4951 4953 4954
f 4951 4954 4950
f 4955 4956 4957
f 4957 4956 4907
f 4957 4907 4958
f 4958 4907 4959
f 4959 4907 4908
f 4959 4908 4960
f 4960 4908 4924
f 4960 4924 4961
f 4946 4952 4947
f 4947 4952 4951
f 4947 4951 4937
f 4937 4951 4962
f 4937 4962 4938
f 4938 4962 4963
f 4948 4824 4949
f 4949 4824 4806
f 4949 4806 4951
f 4951 4806 4964
f 4951 4964 4962
f 4962 4964 4965
f 4962 4965 4963
f 4963 4965 4966
f 4808 4809 4806
f 4806 4809 4811
f 4806 4811 4964
f 4964 4811 4967
f 4964 4967 4965
f 4965 4967 4939
f 4965 4939 4966
f 4966 4939 4941
f 4409 4407 4838
f 4838 4407 4881
f 4838 4881 4839
f 4839 4881 4933
f 4839 4933 4930
f 4930 4933 4932
f 4758 4757 4835
f 4835 4757 4834
f 4835 4834 4882
f 4882 4834 4947
f 4882 4947 4881
f 4881 4947 4937
f 4881 4937 4933
f 4933 4937 4935
f 4933 4935 4931
f 4931 4935 4934
f 4709 4708 4811
f 4811 4708 4968
f 4811 4968 4967
f 4967 4968 4969
f 4967 4969 4939
f 4939 4969 4970
f 4939 4970 4940
f 4940 4970 4765
f 4764 4971 4765
f 4765 4971 4972
f 4765 4972 4973
f 4922 4940 4891
f 4891 4940 4765
f 4891 4765 4887
f 4887 4765 4973
f 4887 4973 4974
f 4975 4763 4776
f 4776 4763 4765
f 4776 4765 4712
f 4712 4765 4970
f 4712 4970 4705
f 4705 4970 4969
f 4705 4969 4706
f 4706 4969 4968
f 4706 4968 4707
f 4707 4968 4708
f 4974 4976 4887
f 4887 4976 4977
f 4887 4977 4777
f 4777 4977 4978
f 4777 4978 4979
f 4979 4980 4777
f 4777 4980 4981
f 4777 4981 4776
f 4776 4981 4982
f 4776 4982 4975
f 4925 4924 4770
f 4770 4924 4908
f 4770 4908 4771
f 4771 4908 4911
f 4771 4911 4899
f 4899 4911 4912
f 4899 4912 4900
f 4898 4795 4896
f 4896 4795 4779
f 4896 4779 4875
f 4875 4779 4778
f 4875 4778 4876
f 4876 4778 4870
f 4872 4878 4873
f 4873 4878 4768
f 4873 4768 4924
f 4924 4768 4767
f 4924 4767 4961
f 4915 4905 4914
f 4914 4905 4907
f 4914 4907 4913
f 4913 4907 4956
f 4913 4956 4721
f 4721 4956 4955
f 4721 4955 4780
f 4698 4786 4790
f 4790 4786 4785
f 4790 4785 4878
f 4878 4785 4787
f 4878 4787 4768
f 4768 4787 4788
f 4768 4788 4766
f 4520 4781 4522
f 4522 4781 4782
f 4522 4782 4523
f 4523 4782 4783
f 4523 4783 4515
f 4515 4783 4784
f 4515 4784 4517
f 4517 4784 4780
f 4517 4780 4518
f 4518 4780 4955
f 4518 4955 4504
f 4504 4955 4957
f 4504 4957 4505
f 4505 4957 4958
f 4505 4958 4506
f 4506 4958 4959
f 4506 4959 4507
f 4507 4959 4960
f 4507 4960 4508
f 4508 4960 4961
f 4508 4961 4501
f 4501 4961 4767
f 4501 4767 4502
f 4502 4767 4766
f 4502 4766 4519
f 4519 4766 4788
f 4519 4788 4520
f 4520 4788 4781
f 4983 4826 4984
f 4984 4826 4825
f 4984 4825 4985
f 4985 4825 4824
f 4985 4824 4986
f 4986 4824 4948
f 4986 4948 4987
f 4987 4948 4950
f 4987 4950 4988
f 4988 4950 4954
f 4988 4954 4989
f 4989 4954 4953
f 4989 4953 4990
f 4990 4953 4952
f 4639 4549 4991
f 4992 4983 4984
f 4992 4642 4993
f 4993 4642 4641
f 4993 4641 4994
f 4994 4641 4640
f 4991 4995 4639
f 4639 4995 4996
f 4639 4996 4640
f 4640 4996 4997
f 4640 4997 4994
f 4992 4984 4642
f 4642 4984 4985
f 4642 4985 4635
f 4985 4986 4635
f 4635 4986 4987
f 4635 4987 4636
f 4990 4637 4989
f 4989 4637 4636
f 4989 4636 4988
f 4988 4636 4987
f 4991 4549 4665
f 4990 4998 4637
f 4637 4998 4638
f 4998 4999 4638
f 4638 4999 5000
f 4638 5000 4429
f 5000 5001 4429
f 4429 5001 5002
f 4429 5002 4430
f 5002 5003 4430
f 4430 5003 5004
f 4430 5004 4633
f 5004 5005 4633
f 4633 5005 5006
f 4633 5006 4634
f 5006 5007 4634
f 4634 5007 5008
f 4634 5008 4665
f 5009 4991 5010
f 5010 4991 4665
f 5010 4665 5011
f 5011 4665 5008
f 4991 5009 5012
f 4991 5012 4995
f 4995 5012 5013
f 4995 5013 4996
f 4996 5013 4997
f 4997 5013 5014
f 4997 5014 4994
f 4994 5014 4993
f 4993 5014 4983
f 4993 4983 4992
f 4826 4983 4822
f 4822 4983 5014
f 4822 5014 4823
f 4823 5014 5013
f 4823 5013 4831
f 4831 5013 5012
f 4831 5012 4830
f 4830 5012 5009
f 4830 5009 4829
f 5009 5010 4829
f 4829 5010 5011
f 4829 5011 4828
f 5011 5008 4828
f 4828 5008 5007
f 4828 5007 4827
f 5007 5006 4827
f 4827 5006 5005
f 4827 5005 4832
f 4832 5005 5004
f 4832 5004 4833
f 5004 5003 4833
f 4833 5003 5002
f 4833 5002 4945
f 5002 5001 4945
f 4945 5001 5000
f 4945 5000 4946
f 4990 4952 4998
f 4998 4952 4946
f 4998 4946 4999
f 4999 4946 5000
f 4930 5015 4926
f 4926 5015 5016
f 4926 5016 4927
f 5016 5017 4927
f 4927 5017 5018
f 4927 5018 4928
f 5018 5019 4928
f 4928 5019 5020
f 4928 5020 4929
f 5020 5021 4929
f 4929 5021 5022
f 4929 5022 4769
f 5022 5023 4769
f 4769 5023 5024
f 4769 5024 4770
f 5024 5025 4770
f 4770 5025 5026
f 4770 5026 4925
f 5026 5027 4925
f 4925 5027 5028
f 4925 5028 4923
f 5028 5029 4923
f 4923 5029 5030
f 4923 5030 4916
f 5030 5031 4916
f 4916 5031 5032
f 4916 5032 4917
f 5032 5033 4917
f 4917 5033 5034
f 4917 5034 4918
f 5034 5035 4918
f 4918 5035 5036
f 4918 5036 4919
f 5036 5037 4919
f 4919 5037 5038
f 4919 5038 4920
f 4920 5038 5039
f 4920 5039 5040
f 5041 4966 5042
f 5042 4966 4941
f 5042 4941 5043
f 5043 4941 4944
f 5043 4944 5044
f 5044 4944 4943
f 5044 4943 5045
f 5045 4943 4942
f 5045 4942 5046
f 5046 4942 4922
f 5046 4922 5047
f 5047 4922 4921
f 5047 4921 5040
f 5040 4921 4920
f 5048 5049 5050
f 5051 5041 5052
f 5052 5041 5042
f 5052 5042 5053
f 5053 5042 5043
f 5053 5043 5054
f 5054 5043 5044
f 5054 5044 5055
f 5055 5044 5045
f 5055 5045 5056
f 5056 5045 5046
f 5056 5046 5057
f 5046 5047 5057
f 5057 5047 5040
f 5057 5040 5058
f 5040 5039 5058
f 5058 5039 5038
f 5058 5038 5059
f 5038 5037 5059
f 5059 5037 5036
f 5059 5036 5060
f 5036 5035 5060
f 5060 5035 5034
f 5060 5034 5061
f 5034 5033 5061
f 5061 5033 5032
f 5061 5032 5062
f 5032 5031 5062
f 5062 5031 5030
f 5062 5030 5050
f 5027 5048 5028
f 5028 5048 5050
f 5028 5050 5029
f 5029 5050 5030
f 5027 5026 5048
f 5048 5026 5063
f 5026 5025 5063
f 5063 5025 5024
f 5063 5024 5064
f 5064 5024 5023
f 5064 5023 5065
f 5065 5023 5022
f 5065 5022 5066
f 5066 5022 5021
f 5066 5021 5067
f 5067 5021 5020
f 5067 5020 5068
f 5068 5020 5019
f 5068 5019 5069
f 5069 5019 5018
f 5069 5018 5070
f 5070 5018 5017
f 5070 5017 5071
f 5071 5017 5016
f 5071 5016 5072
f 5072 5016 5073
f 5073 5016 5015
f 5073 5015 5074
f 5074 5015 5075
f 5076 5077 5073
f 5073 5077 5072
f 5072 5077 5078
f 5072 5078 5071
f 5071 5078 5070
f 5070 5078 5079
f 5070 5079 5069
f 5069 5079 5068
f 5068 5079 5080
f 5068 5080 5067
f 5067 5080 5066
f 5066 5080 5081
f 5066 5081 5065
f 5065 5081 5064
f 5064 5081 5082
f 5064 5082 5063
f 5063 5082 5049
f 5063 5049 5048
f 5073 5074 5076
f 5076 5074 5075
f 5076 5075 5083
f 5083 5075 5084
f 5083 5084 5085
f 5085 5084 5086
f 5085 5086 5087
f 5087 5086 5088
f 5087 5088 5089
f 5089 5088 5090
f 5089 5090 5091
f 5091 5090 5092
f 5091 5092 5051
f 5051 5092 5041
f 5093 5049 5094
f 5094 5049 5082
f 5094 5082 5095
f 5095 5082 5081
f 5095 5081 5096
f 5096 5081 5080
f 5096 5080 5097
f 5097 5080 5079
f 5097 5079 5098
f 5098 5079 5078
f 5098 5078 5099
f 5078 5077 5099
f 5099 5077 5076
f 5099 5076 5100
f 5100 5076 5083
f 5100 5083 5101
f 5101 5083 5085
f 5101 5085 5102
f 5102 5085 5087
f 5102 5087 5103
f 5103 5087 5089
f 5103 5089 5104
f 5105 5058 5106
f 5106 5058 5059
f 5106 5059 5107
f 5107 5059 5060
f 5107 5060 5108
f 5108 5060 5061
f 5108 5061 5109
f 5109 5061 5062
f 5109 5062 5093
f 5093 5062 5050
f 5093 5050 5049
f 5089 5091 5104
f 5104 5091 5051
f 5104 5051 5110
f 5110 5051 5052
f 5110 5052 5111
f 5111 5052 5053
f 5111 5053 5112
f 5112 5053 5054
f 5112 5054 5113
f 5113 5054 5055
f 5113 5055 5114
f 5114 5055 5056
f 5114 5056 5105
f 5105 5056 5057
f 5105 5057 5058
f 5115 5105 5116
f 5116 5105 5106
f 5116 5106 5117
f 5117 5106 5107
f 5117 5107 5118
f 5118 5107 5108
f 5118 5108 5119
f 5119 5108 5109
f 5119 5109 5120
f 5120 5109 5093
f 5120 5093 5121
f 5121 5093 5094
f 5121 5094 5122
f 5122 5094 5095
f 5122 5095 5123
f 5123 5095 5096
f 5123 5096 5124
f 5124 5096 5097
f 5124 5097 5125
f 5125 5097 5098
f 5125 5098 5126
f 5126 5098 5099
f 5126 5099 5127
f 5127 5099 5100
f 5127 5100 5128
f 5128 5100 5101
f 5128 5101 5129
f 5129 5101 5102
f 5129 5102 5130
f 5130 5102 5103
f 5130 5103 5131
f 5131 5103 5104
f 5131 5104 5132
f 5132 5104 5110
f 5132 5110 5133
f 5133 5110 5111
f 5133 5111 5134
f 5134 5111 5112
f 5134 5112 5135
f 5135 5112 5113
f 5135 5113 5136
f 5136 5113 5114
f 5136 5114 5115
f 5115 5114 5105
f 4609 5126 4610
f 4610 5126 5127
f 4610 5127 4611
f 4611 5127 5128
f 4611 5128 4608
f 4608 5128 5129
f 4608 5129 4625
f 4625 5129 5130
f 4625 5130 4626
f 4626 5130 5131
f 4626 5131 4627
f 4627 5131 5132
f 4627 5132 4623
f 4623 5132 5133
f 4623 5133 4624
f 4624 5133 5134
f 4624 5134 4431
f 4431 5134 5135
f 4431 5135 4432
f 4432 5135 5136
f 4432 5136 4617
f 4617 5136 5115
f 4617 5115 4618
f 4618 5115 5116
f 4618 5116 4620
f 4620 5116 5117
f 4620 5117 4621
f 4621 5117 5118
f 4621 5118 4622
f 4622 5118 5119
f 4622 5119 4613
f 4613 5119 5120
f 4613 5120 4615
f 4615 5120 5121
f 4615 5121 4616
f 4616 5121 5122
f 4616 5122 4434
f 4434 5122 5123
f 4434 5123 4435
f 4435 5123 5124
f 4435 5124 4668
f 4668 5124 5125
f 4668 5125 4609
f 4609 5125 5126
f 5015 4930 5075
f 5075 4930 4932
f 5075 4932 5084
f 5084 4932 4931
f 5084 4931 5086
f 5086 4931 4934
f 5086 4934 5088
f 5088 4934 4936
f 5088 4936 5090
f 5090 4936 4938
f 5090 4938 5092
f 5092 4938 4963
f 5092 4963 5041
f 5041 4963 4966
f 5137 4857 5138
f 5138 4857 4856
f 5138 4856 5139
f 5139 4856 4855
f 5139 4855 5140
f 5140 4855 4773
f 5140 4773 5141
f 5141 4773 4772
f 5141 4772 5142
f 5142 4772 4904
f 5142 4904 5143
f 5143 4904 4903
f 5143 4903 5144
f 5144 4903 4902
f 4858 4857 5137
f 5137 5145 4858
f 4858 5145 5146
f 4858 5146 4859
f 5146 5147 4859
f 4859 5147 5148
f 4859 5148 4860
f 5149 4905 5150
f 5150 4905 4915
f 5150 4915 5151
f 5151 4915 4863
f 5151 4863 5152
f 5152 4863 4862
f 5152 4862 5153
f 5153 4862 4861
f 5153 4861 5154
f 5154 4861 4860
f 5154 4860 5155
f 5155 4860 5148
f 4552 5156 4554
f 4554 5156 5153
f 4554 5153 5154
f 5154 5155 4554
f 4554 5155 5148
f 4554 5148 4555
f 5148 5147 4555
f 4555 5147 5146
f 4555 5146 4556
f 5146 5145 4556
f 4556 5145 5137
f 4556 5137 4557
f 5137 5138 4557
f 4557 5138 5139
f 4557 5139 4559
f 5139 5140 4559
f 4559 5140 5141
f 4559 5141 4664
f 5144 4443 5143
f 5143 4443 4664
f 5143 4664 5142
f 5142 4664 5141
f 5157 5149 5158
f 5158 5149 5150
f 5151 5159 5150
f 5150 5159 5160
f 5150 5160 5158
f 5152 5161 5151
f 5151 5161 5162
f 5151 5162 5159
f 5153 5156 5152
f 5152 5156 5163
f 5152 5163 5161
f 5156 4552 5163
f 5163 4552 4551
f 4525 5162 4551
f 4551 5162 5161
f 4551 5161 5163
f 4526 5160 4525
f 4525 5160 5159
f 4525 5159 5162
f 4441 5157 4526
f 4526 5157 5158
f 4526 5158 5160
f 4443 5144 5164
f 4443 5164 4444
f 5164 5165 4444
f 4444 5165 5166
f 4444 5166 4440
f 5149 5157 5167
f 5167 5157 4441
f 5167 4441 5168
f 5168 4441 4440
f 5168 4440 5169
f 5169 4440 5166
f 5144 4902 5164
f 5164 4902 4901
f 5164 4901 5165
f 5165 4901 4900
f 5165 4900 5166
f 5166 4900 4912
f 5166 4912 5169
f 5169 4912 4910
f 5169 4910 5168
f 5168 4910 4909
f 5168 4909 5167
f 5167 4909 4906
f 5167 4906 5149
f 5149 4906 4905
f 5170 4798 5171
f 5171 4798 4797
f 5171 4797 5172
f 5172 4797 4796
f 5172 4796 5173
f 5173 4796 4795
f 5173 4795 5174
f 5174 4795 4898
f 5174 4898 5175
f 5175 4898 4897
f 5175 4897 5176
f 5176 4897 4895
f 5176 4895 5177
f 5177 4895 4894
f 5177 4894 5178
f 5178 4894 4893
f 5178 4893 5179
f 5179 4893 4892
f 5179 4892 5180
f 5180 4892 4890
f 5180 4890 5181
f 5181 4890 4889
f 5181 4889 5182
f 5182 4889 4888
f 5182 4888 5183
f 5183 4888 4886
f 5183 4886 5184
f 5184 4886 4885
f 4644 5170 5171
f 4644 5171 4645
f 5171 5172 4645
f 4645 5172 5173
f 4645 5173 4628
f 5173 5174 4628
f 4628 5174 5175
f 4628 5175 4629
f 5175 5176 4629
f 4629 5176 5177
f 4629 5177 4631
f 5177 5178 4631
f 4631 5178 5179
f 4631 5179 4632
f 5179 5180 4632
f 4632 5180 5181
f 4632 5181 4492
f 5184 4493 5183
f 5183 4493 4492
f 5183 4492 5182
f 5182 4492 5181
f 5184 5185 4493
f 4493 5185 4487
f 5185 5186 4487
f 4487 5186 5187
f 4487 5187 4489
f 5187 5188 4489
f 4489 5188 5189
f 4489 5189 4490
f 5189 5190 4490
f 4490 5190 5191
f 4490 5191 4485
f 5191 5192 4485
f 4485 5192 5193
f 4485 5193 4494
f 5193 5194 4494
f 4494 5194 5195
f 4494 5195 4495
f 5170 4644 5196
f 5196 4644 4495
f 5196 4495 5197
f 5197 4495 5195
f 5191 4801 5192
f 5192 4801 4791
f 5192 4791 5193
f 5193 4791 4792
f 5193 4792 5194
f 5194 4792 4793
f 5194 4793 5195
f 5195 4793 4794
f 5195 4794 5197
f 5197 4794 4800
f 5197 4800 5196
f 5196 4800 4799
f 5196 4799 5170
f 5170 4799 4798
f 5184 4885 5185
f 5185 4885 4884
f 5185 4884 5186
f 5186 4884 4883
f 5186 4883 5187
f 5187 4883 4805
f 5187 4805 5188
f 5188 4805 4804
f 5188 4804 5189
f 5189 4804 4803
f 5189 4803 5190
f 5190 4803 4802
f 5190 4802 5191
f 5191 4802 4801
f 4560 4841 4533
f 4533 4841 4849
f 4533 4849 4531
f 4531 4849 4854
f 4531 4854 4529
f 4529 4854 4853
f 4529 4853 4527
f 4527 4853 4852
f 4527 4852 4439
f 4439 4852 4851
f 4439 4851 4437
f 4437 4851 4850
f 4437 4850 4564
f 4564 4850 4848
f 4564 4848 4566
f 4566 4848 4847
f 4566 4847 4567
f 4567 4847 4844
f 4567 4844 4568
f 4568 4844 4843
f 4568 4843 4569
f 4569 4843 4846
f 4569 4846 4570
f 4570 4846 4845
f 4570 4845 4562
f 4562 4845 4842
f 4562 4842 4560
f 4560 4842 4841
f 4643 4814 4579
f 4579 4814 4810
f 4579 4810 4577
f 4577 4810 4809
f 4577 4809 4581
f 4581 4809 4808
f 4581 4808 4582
f 4582 4808 4807
f 4582 4807 4584
f 4584 4807 4813
f 4584 4813 4585
f 4585 4813 4812
f 4585 4812 4571
f 4571 4812 4821
f 4571 4821 4572
f 4572 4821 4820
f 4572 4820 4573
f 4573 4820 4819
f 4573 4819 4575
f 4575 4819 4818
f 4575 4818 4576
f 4576 4818 4817
f 4576 4817 4586
f 4586 4817 4816
f 4586 4816 4587
f 4587 4816 4815
f 4587 4815 4643
f 4643 4815 4814
f 4471 4977 4464
f 4464 4977 4976
f 4464 4976 4465
f 4465 4976 4974
f 4465 4974 4467
f 4467 4974 4973
f 4467 4973 4468
f 4468 4973 4972
f 4468 4972 4472
f 4472 4972 4971
f 4472 4971 4473
f 4473 4971 4764
f 4473 4764 4474
f 4474 4764 4763
f 4474 4763 4476
f 4476 4763 4975
f 4476 4975 4477
f 4477 4975 4982
f 4477 4982 4479
f 4479 4982 4981
f 4479 4981 4481
f 4481 4981 4980
f 4481 4980 4482
f 4482 4980 4979
f 4482 4979 4470
f 4470 4979 4978
f 4470 4978 4471
f 4471 4978 4977
f 4513 4877 4600
f 4600 4877 4872
f 4600 4872 4601
f 4601 4872 4871
f 4601 4871 4603
f 4603 4871 4874
f 4603 4874 4605
f 4605 4874 4876
f 4605 4876 4606
f 4606 4876 4870
f 4606 4870 4599
f 4599 4870 4869
f 4599 4869 4597
f 4597 4869 4868
f 4597 4868 4595
f 4595 4868 4867
f 4595 4867 4593
f 4593 4867 4866
f 4593 4866 4591
f 4591 4866 4865
f 4591 4865 4589
f 4589 4865 4864
f 4589 4864 4497
f 4497 4864 4880
f 4497 4880 4498
f 4498 4880 4879
f 4498 4879 4513
f 4513 4879 4877
f 5198 5199 5200
f 5200 5199 5201
f 5200 5201 5202
f 5202 5201 5203
f 5202 5203 5204
f 5204 5203 5205
f 5204 5205 5206
f 5206 5205 5207
f 5206 5207 5208
f 5208 5207 5209
f 5208 5209 5210
f 5210 5209 5211
f 5210 5211 5212
f 5212 5211 5213
f 5212 5213 5214
f 5214 5213 5215
f 5214 5215 5216
f 5216 5215 5217
f 5216 5217 5218
f 5218 5217 5219
f 5218 5219 5220
f 5220 5219 5221
f 5220 5221 5198
f 5198 5221 5199
f 5222 5207 5223
f 5223 5207 5205
f 5223 5205 5224
f 5224 5205 5203
f 5224 5203 5225
f 5225 5203 5201
f 5225 5201 5226
f 5226 5201 5199
f 5226 5199 5227
f 5227 5199 5221
f 5227 5221 5228
f 5228 5221 5219
f 5229 5230 5231
f 5232 5233 5234
f 5235 5236 5237
f 5238 5239 5240
f 5241 5242 5243
f 5244 5245 5246
f 5247 5248 5249
f 5250 5251 5252
f 5253 5254 5255
f 5256 5257 5258
f 5259 5260 5261
f 5262 5263 5264
f 5263 5265 5266
f 5266 5265 5267
f 5266 5267 5268
f 5268 5267 5269
f 5269 5267 5270
f 5269 5270 5271
f 5272 5273 5222
f 5274 5275 5226
f 5226 5275 5276
f 5226 5276 5225
f 5225 5276 5277
f 5225 5277 5224
f 5224 5277 5278
f 5224 5278 5223
f 5279 5280 5281
f 5281 5280 5282
f 5283 5284 5285
f 5285 5286 5283
f 5283 5286 5287
f 5283 5287 5274
f 5288 5289 5279
f 5287 5290 5274
f 5274 5290 5291
f 5274 5291 5292
f 5292 5291 5293
f 5292 5293 5288
f 5288 5293 5294
f 5288 5294 5289
f 5295 5296 5297
f 5298 5299 5300
f 5300 5299 5301
f 5300 5301 5302
f 5279 5281 5288
f 5288 5281 5297
f 5288 5297 5301
f 5301 5297 5296
f 5301 5296 5302
f 5303 5304 5298
f 5298 5304 5305
f 5298 5305 5299
f 5230 5306 5231
f 5231 5306 5307
f 5231 5307 5297
f 5297 5307 5308
f 5297 5308 5295
f 5303 5309 5304
f 5304 5309 5310
f 5304 5310 5230
f 5230 5310 5311
f 5230 5311 5306
f 5229 5312 5230
f 5230 5312 5313
f 5230 5313 5304
f 5304 5313 5314
f 5304 5314 5315
f 5315 5314 5316
f 5315 5316 5317
f 5317 5316 5318
f 5317 5318 5319
f 5319 5318 5320
f 5320 5321 5319
f 5319 5321 5322
f 5319 5322 5323
f 5323 5322 5324
f 5323 5324 5325
f 5325 5324 5243
f 5325 5243 5326
f 5326 5243 5242
f 5242 5327 5326
f 5326 5327 5328
f 5326 5328 5329
f 5328 5330 5329
f 5329 5330 5331
f 5329 5331 5332
f 5332 5331 5333
f 5334 5335 5336
f 5336 5337 5334
f 5334 5337 5338
f 5334 5338 5339
f 5339 5338 5340
f 5339 5340 5341
f 5342 5343 5344
f 5344 5343 5345
f 5344 5345 5346
f 5346 5345 5347
f 5346 5347 5348
f 5259 5261 5349
f 5349 5261 5350
f 5349 5350 5351
f 5351 5350 5352
f 5351 5352 5353
f 5257 5354 5258
f 5258 5354 5355
f 5258 5355 5356
f 5356 5355 5357
f 5356 5357 5358
f 5359 5360 5361
f 5361 5360 5362
f 5361 5362 5363
f 5363 5362 5364
f 5363 5364 5365
f 5366 5367 5368
f 5368 5367 5369
f 5368 5369 5370
f 5370 5369 5371
f 5250 5252 5372
f 5373 5374 5375
f 5375 5374 5376
f 5377 5378 5379
f 5379 5378 5380
f 5379 5380 5381
f 5381 5380 5281
f 5381 5281 5283
f 5283 5281 5282
f 5283 5282 5284
f 5382 5383 5384
f 5384 5383 5385
f 5384 5385 5386
f 5386 5385 5387
f 5387 5388 5386
f 5386 5388 5389
f 5386 5389 5335
f 5335 5389 5390
f 5335 5390 5336
f 5248 5247 5391
f 5247 5392 5391
f 5391 5392 5393
f 5391 5393 5394
f 5393 5395 5394
f 5394 5395 5396
f 5394 5396 5397
f 5398 5256 5399
f 5399 5256 5400
f 5399 5400 5401
f 5402 5400 5403
f 5403 5400 5404
f 5403 5404 5405
f 5396 5406 5397
f 5397 5406 5407
f 5397 5407 5404
f 5404 5407 5408
f 5404 5408 5405
f 5409 5410 5411
f 5411 5410 5412
f 5411 5412 5413
f 5226 5227 5274
f 5274 5227 5228
f 5274 5228 5283
f 5283 5228 5414
f 5283 5414 5381
f 5415 5416 5417
f 5417 5416 5418
f 5417 5418 5419
f 5419 5418 5420
f 5420 5418 5386
f 5420 5386 5421
f 5421 5386 5335
f 5421 5335 5333
f 5333 5335 5334
f 5333 5334 5332
f 5422 5423 5424
f 5344 5425 5342
f 5342 5425 5422
f 5342 5422 5426
f 5426 5422 5424
f 5427 5252 5428
f 5428 5252 5251
f 5428 5251 5429
f 5429 5251 5430
f 5429 5430 5431
f 5431 5430 5432
f 5431 5432 5433
f 5433 5432 5260
f 5433 5260 5434
f 5343 5435 5345
f 5345 5435 5434
f 5345 5434 5347
f 5347 5434 5260
f 5347 5260 5348
f 5348 5260 5259
f 5436 5437 5350
f 5350 5437 5438
f 5350 5438 5352
f 5352 5439 5353
f 5353 5439 5240
f 5353 5240 5358
f 5358 5240 5239
f 5358 5239 5356
f 5356 5239 5238
f 5356 5238 5440
f 5394 5441 5442
f 5443 5444 5445
f 5445 5444 5446
f 5445 5446 5447
f 5448 5262 5359
f 5359 5262 5264
f 5359 5264 5360
f 5449 5450 5361
f 5361 5450 5451
f 5361 5451 5359
f 5359 5451 5452
f 5359 5452 5448
f 5453 5454 5455
f 5455 5454 5456
f 5457 5458 5432
f 5459 5260 5460
f 5460 5260 5432
f 5460 5432 5461
f 5461 5432 5458
f 5462 5261 5463
f 5463 5261 5260
f 5463 5260 5464
f 5464 5260 5459
f 5273 5272 5465
f 5465 5272 5466
f 5465 5466 5409
f 5409 5466 5467
f 5409 5467 5410
f 5410 5467 5468
f 5410 5468 5469
f 5470 5447 5471
f 5471 5447 5446
f 5471 5446 5441
f 5441 5446 5472
f 5441 5472 5442
f 5469 5473 5410
f 5410 5473 5474
f 5410 5474 5471
f 5471 5474 5475
f 5471 5475 5470
f 5476 5477 5262
f 5263 5262 5265
f 5265 5262 5477
f 5265 5477 5478
f 5470 5479 5447
f 5447 5479 5476
f 5447 5476 5445
f 5445 5476 5262
f 5445 5262 5443
f 5443 5262 5448
f 5321 5480 5322
f 5322 5480 5481
f 5322 5481 5324
f 5324 5481 5482
f 5483 5229 5484
f 5484 5229 5231
f 5484 5231 5485
f 5485 5231 5297
f 5485 5297 5486
f 5486 5297 5281
f 5486 5281 5487
f 5487 5281 5380
f 5482 5232 5324
f 5324 5232 5234
f 5324 5234 5243
f 5243 5234 5416
f 5243 5416 5241
f 5241 5416 5415
f 5414 5244 5381
f 5381 5244 5246
f 5381 5246 5379
f 5379 5246 5488
f 5379 5488 5377
f 5377 5488 5489
f 5377 5489 5490
f 5490 5489 5491
f 5490 5491 5492
f 5492 5491 5493
f 5272 5494 5466
f 5466 5494 5495
f 5466 5495 5467
f 5467 5495 5237
f 5467 5237 5468
f 5468 5237 5236
f 5478 5235 5265
f 5265 5235 5237
f 5265 5237 5267
f 5267 5237 5495
f 5267 5495 5270
f 5270 5495 5494
f 5270 5494 5271
f 5271 5494 5272
f 5271 5272 5278
f 5278 5272 5222
f 5278 5222 5223
f 5233 5312 5234
f 5234 5312 5229
f 5234 5229 5416
f 5416 5229 5483
f 5416 5483 5418
f 5418 5483 5496
f 5418 5496 5386
f 5386 5496 5497
f 5386 5497 5384
f 5425 5498 5422
f 5422 5498 5339
f 5422 5339 5423
f 5423 5339 5341
f 5423 5341 5424
f 5424 5341 5499
f 5424 5499 5500
f 5500 5499 5382
f 5500 5382 5427
f 5427 5382 5384
f 5427 5384 5252
f 5252 5384 5497
f 5252 5497 5372
f 5372 5497 5496
f 5372 5496 5373
f 5373 5496 5483
f 5373 5483 5374
f 5374 5483 5484
f 5374 5484 5376
f 5376 5484 5485
f 5368 5492 5366
f 5366 5492 5493
f 5366 5493 5367
f 5367 5493 5501
f 5391 5502 5248
f 5248 5502 5401
f 5248 5401 5249
f 5249 5401 5400
f 5249 5400 5503
f 5503 5400 5402
f 5442 5504 5394
f 5394 5504 5505
f 5394 5505 5391
f 5391 5505 5449
f 5391 5449 5502
f 5502 5449 5361
f 5502 5361 5401
f 5401 5361 5363
f 5401 5363 5399
f 5399 5363 5365
f 5399 5365 5398
f 5250 5506 5251
f 5251 5506 5253
f 5251 5253 5430
f 5430 5253 5255
f 5430 5255 5432
f 5432 5255 5455
f 5432 5455 5457
f 5457 5455 5456
f 5254 5371 5255
f 5255 5371 5369
f 5255 5369 5455
f 5455 5369 5436
f 5455 5436 5453
f 5453 5436 5350
f 5453 5350 5507
f 5507 5350 5261
f 5507 5261 5508
f 5508 5261 5462
f 5245 5413 5246
f 5246 5413 5412
f 5246 5412 5488
f 5488 5412 5410
f 5488 5410 5489
f 5489 5410 5471
f 5489 5471 5491
f 5491 5471 5441
f 5491 5441 5493
f 5493 5441 5394
f 5493 5394 5501
f 5501 5394 5397
f 5501 5397 5509
f 5509 5397 5404
f 5256 5258 5400
f 5400 5258 5356
f 5400 5356 5404
f 5404 5356 5440
f 5404 5440 5509
f 5509 5440 5510
f 5509 5510 5501
f 5501 5510 5511
f 5501 5511 5367
f 5367 5511 5512
f 5367 5512 5369
f 5369 5512 5513
f 5369 5513 5436
f 5436 5513 5514
f 5436 5514 5437
f 5266 5515 5263
f 5263 5515 5516
f 5263 5516 5264
f 5266 5268 5515
f 5515 5268 5269
f 5515 5269 5517
f 5517 5269 5271
f 5517 5271 5518
f 5518 5271 5278
f 5518 5278 5277
f 5277 5276 5518
f 5518 5276 5275
f 5518 5275 5519
f 5275 5274 5519
f 5519 5274 5292
f 5519 5292 5520
f 5520 5292 5288
f 5520 5288 5301
f 5301 5299 5520
f 5520 5299 5305
f 5520 5305 5521
f 5521 5305 5304
f 5304 5315 5521
f 5521 5315 5317
f 5521 5317 5522
f 5522 5317 5319
f 5522 5319 5523
f 5523 5319 5323
f 5523 5323 5325
f 5332 5524 5329
f 5329 5524 5523
f 5329 5523 5326
f 5326 5523 5325
f 5525 5526 5527
f 5528 5529 5530
f 5531 5532 5533
f 5533 5532 5534
f 5533 5534 5535
f 5519 5536 5518
f 5518 5536 5537
f 5518 5537 5517
f 5517 5537 5538
f 5517 5538 5515
f 5515 5538 5539
f 5515 5539 5516
f 5516 5539 5540
f 5516 5540 5541
f 5541 5540 5542
f 5541 5542 5543
f 5543 5542 5544
f 5543 5544 5545
f 5546 5525 5547
f 5547 5525 5527
f 5547 5527 5548
f 5548 5527 5549
f 5548 5549 5550
f 5530 5551 5528
f 5528 5551 5552
f 5528 5552 5553
f 5553 5552 5554
f 5553 5554 5555
f 5555 5554 5535
f 5535 5554 5556
f 5535 5556 5533
f 5533 5556 5557
f 5533 5557 5524
f 5524 5557 5558
f 5524 5558 5523
f 5523 5558 5559
f 5523 5559 5522
f 5522 5559 5560
f 5522 5560 5521
f 5521 5560 5561
f 5521 5561 5520
f 5520 5561 5562
f 5520 5562 5519
f 5519 5562 5563
f 5519 5563 5536
f 5549 5532 5550
f 5550 5532 5531
f 5550 5531 5564
f 5564 5531 5565
f 5564 5565 5566
f 5566 5565 5567
f 5566 5567 5568
f 5568 5567 5569
f 5568 5569 5570
f 5570 5569 5545
f 5570 5545 5571
f 5571 5545 5544
f 5572 5573 5574
f 5575 5576 5577
f 5577 5576 5578
f 5579 5576 5546
f 5546 5576 5575
f 5546 5575 5525
f 5525 5575 5580
f 5525 5580 5526
f 5526 5580 5581
f 5582 5526 5583
f 5583 5526 5581
f 5583 5581 5584
f 5584 5581 5585
f 5584 5585 5586
f 5586 5585 5587
f 5587 5585 5588
f 5587 5588 5589
f 5590 5589 5591
f 5591 5589 5588
f 5591 5588 5592
f 5592 5588 5593
f 5592 5593 5574
f 5574 5593 5594
f 5574 5594 5572
f 5572 5594 5595
f 5572 5595 5596
f 5596 5595 5597
f 5596 5597 5598
f 5599 5573 5600
f 5600 5573 5572
f 5600 5572 5601
f 5601 5572 5596
f 5601 5596 5598
f 5598 5602 5601
f 5601 5602 5603
f 5601 5603 5604
f 5605 5606 5607
f 5605 5607 5603
f 5603 5607 5608
f 5603 5608 5604
f 5574 5573 5609
f 5609 5573 5599
f 5609 5599 5610
f 5611 5612 5613
f 5614 5615 5616
f 5616 5615 5617
f 5616 5617 5618
f 5619 5620 5621
f 5621 5620 5622
f 5613 5616 5623
f 5623 5616 5624
f 5625 5626 5627
f 5592 5574 5609
f 5626 5628 5629
f 5630 5631 5632
f 5632 5631 5611
f 5632 5611 5633
f 5633 5611 5613
f 5612 5634 5613
f 5613 5634 5635
f 5613 5635 5616
f 5616 5635 5636
f 5616 5636 5637
f 5637 5636 5621
f 5637 5621 5638
f 5638 5621 5622
f 5624 5616 5639
f 5639 5616 5618
f 5639 5618 5640
f 5640 5618 5641
f 5640 5641 5642
f 5642 5641 5643
f 5642 5643 5644
f 5645 5646 5647
f 5647 5646 5648
f 5625 5627 5614
f 5627 5649 5614
f 5614 5649 5650
f 5614 5650 5615
f 5615 5650 5651
f 5615 5651 5652
f 5652 5651 5648
f 5652 5648 5653
f 5653 5648 5646
f 5653 5646 5654
f 5655 5656 5657
f 5657 5656 5658
f 5657 5658 5659
f 5660 5661 5662
f 5663 5626 5664
f 5664 5626 5629
f 5664 5629 5665
f 5666 5625 5667
f 5667 5625 5668
f 5667 5668 5655
f 5655 5668 5669
f 5655 5669 5656
f 5666 5670 5625
f 5625 5670 5671
f 5625 5671 5626
f 5626 5671 5672
f 5626 5672 5628
f 5662 5673 5660
f 5660 5673 5591
f 5660 5591 5674
f 5674 5591 5675
f 5658 5676 5659
f 5659 5676 5675
f 5659 5675 5609
f 5609 5675 5591
f 5609 5591 5592
f 5677 5678 5629
f 5629 5678 5679
f 5629 5679 5665
f 5610 5599 5600
f 5680 5681 5600
f 5600 5681 5682
f 5680 5678 5681
f 5681 5678 5677
f 5681 5677 5683
f 5682 5684 5600
f 5600 5684 5685
f 5600 5685 5610
f 5686 5687 5688
f 5688 5687 5681
f 5688 5681 5689
f 5689 5681 5683
f 5609 5610 5659
f 5659 5610 5685
f 5659 5685 5657
f 5657 5685 5684
f 5657 5684 5655
f 5655 5684 5682
f 5655 5682 5667
f 5667 5682 5681
f 5677 5629 5683
f 5683 5629 5628
f 5683 5628 5689
f 5689 5628 5672
f 5689 5672 5688
f 5688 5672 5671
f 5688 5671 5686
f 5686 5671 5670
f 5686 5670 5687
f 5687 5670 5666
f 5687 5666 5681
f 5681 5666 5667
f 5679 5678 5680
f 5679 5680 5665
f 5665 5690 5664
f 5664 5690 5691
f 5664 5691 5663
f 5663 5691 5692
f 5663 5692 5693
f 5693 5692 5694
f 5693 5694 5695
f 5665 5680 5690
f 5690 5680 5600
f 5690 5600 5601
f 5695 5696 5693
f 5693 5696 5626
f 5693 5626 5663
f 5697 5648 5698
f 5698 5648 5651
f 5698 5651 5699
f 5699 5651 5650
f 5699 5650 5700
f 5700 5650 5649
f 5700 5649 5701
f 5701 5649 5627
f 5701 5627 5696
f 5696 5627 5626
f 5694 5702 5697
f 5696 5695 5694
f 5696 5694 5701
f 5700 5701 5699
f 5699 5701 5694
f 5699 5694 5698
f 5698 5694 5697
f 5647 5648 5702
f 5702 5648 5697
f 5703 5704 5705
f 5705 5647 5692
f 5692 5647 5702
f 5692 5702 5694
f 5645 5647 5706
f 5706 5647 5705
f 5706 5705 5707
f 5707 5705 5704
f 5708 5709 5705
f 5705 5709 5710
f 5705 5710 5703
f 5711 5712 5713
f 5713 5712 5714
f 5706 5715 5645
f 5645 5715 5716
f 5717 5718 5654
f 5719 5717 5720
f 5720 5717 5654
f 5720 5654 5716
f 5716 5654 5646
f 5716 5646 5645
f 5721 5722 5723
f 5712 5721 5714
f 5714 5721 5723
f 5714 5723 5724
f 5724 5723 5725
f 5724 5725 5720
f 5720 5725 5726
f 5720 5726 5719
f 5719 5726 5727
f 5711 5713 5728
f 5711 5728 5729
f 5729 5728 5730
f 5729 5730 5731
f 5731 5730 5732
f 5731 5732 5733
f 5733 5732 5734
f 5733 5734 5735
f 5736 5737 5738
f 5712 5739 5721
f 5721 5739 5740
f 5721 5740 5722
f 5712 5711 5739
f 5739 5711 5729
f 5739 5729 5741
f 5741 5729 5731
f 5741 5731 5742
f 5742 5731 5733
f 5738 5737 5743
f 5743 5737 5735
f 5735 5737 5744
f 5735 5744 5745
f 5745 5746 5735
f 5735 5746 5747
f 5735 5747 5733
f 5733 5747 5748
f 5733 5748 5742
f 5749 5750 5751
f 5751 5750 5738
f 5750 5752 5738
f 5738 5752 5753
f 5738 5753 5736
f 5736 5753 5754
f 5736 5754 5755
f 5755 5754 5756
f 5757 5758 5759
f 5759 5758 5723
f 5759 5723 5740
f 5740 5723 5722
f 5644 5643 5760
f 5643 5761 5762
f 5760 5763 5644
f 5644 5763 5764
f 5644 5764 5765
f 5766 5767 5768
f 5768 5767 5769
f 5768 5769 5770
f 5771 5772 5773
f 5773 5772 5774
f 5773 5774 5770
f 5770 5774 5775
f 5770 5775 5768
f 5758 5757 5776
f 5777 5778 5779
f 5776 5771 5758
f 5758 5771 5773
f 5758 5773 5780
f 5780 5773 5781
f 5780 5781 5779
f 5779 5781 5782
f 5779 5782 5777
f 5643 5762 5760
f 5760 5762 5783
f 5760 5783 5782
f 5782 5783 5784
f 5782 5784 5777
f 5642 5644 5765
f 5785 5786 5787
f 5787 5786 5642
f 5787 5642 5788
f 5789 5790 5631
f 5631 5790 5791
f 5631 5791 5792
f 5793 5794 5631
f 5631 5794 5795
f 5631 5795 5789
f 5765 5796 5642
f 5642 5796 5797
f 5642 5797 5798
f 5799 5800 5631
f 5631 5800 5801
f 5631 5801 5793
f 5798 5802 5642
f 5642 5802 5803
f 5642 5803 5788
f 5785 5787 5630
f 5630 5787 5804
f 5630 5804 5631
f 5631 5804 5805
f 5631 5805 5799
f 5640 5642 5806
f 5806 5642 5786
f 5807 5623 5808
f 5808 5623 5624
f 5808 5624 5809
f 5809 5624 5639
f 5809 5639 5806
f 5806 5639 5640
f 5808 5809 5807
f 5807 5809 5806
f 5810 5807 5811
f 5811 5807 5806
f 5811 5806 5812
f 5812 5806 5786
f 5812 5786 5785
f 5812 5632 5811
f 5811 5632 5633
f 5811 5633 5810
f 5810 5633 5613
f 5810 5613 5807
f 5807 5613 5623
f 5632 5812 5630
f 5630 5812 5785
f 5813 5611 5792
f 5792 5611 5631
f 5814 5621 5815
f 5815 5621 5636
f 5815 5636 5816
f 5816 5636 5635
f 5816 5635 5817
f 5817 5635 5634
f 5817 5634 5818
f 5818 5634 5612
f 5818 5612 5813
f 5813 5612 5611
f 5816 5817 5815
f 5815 5817 5818
f 5815 5818 5814
f 5814 5818 5813
f 5814 5813 5791
f 5791 5813 5792
f 5790 5619 5791
f 5791 5619 5621
f 5791 5621 5814
f 5819 5820 5821
f 5822 5820 5529
f 5529 5820 5819
f 5529 5819 5530
f 5530 5819 5823
f 5530 5823 5551
f 5551 5823 5824
f 5824 5825 5826
f 5827 5551 5828
f 5828 5551 5824
f 5828 5824 5829
f 5829 5824 5826
f 5830 5789 5831
f 5831 5789 5795
f 5832 5833 5622
f 5790 5789 5619
f 5619 5789 5830
f 5619 5830 5620
f 5620 5830 5834
f 5620 5834 5622
f 5622 5834 5835
f 5622 5835 5832
f 5661 5836 5837
f 5838 5839 5673
f 5837 5832 5661
f 5661 5832 5835
f 5661 5835 5662
f 5662 5835 5840
f 5662 5840 5673
f 5673 5840 5819
f 5673 5819 5838
f 5838 5819 5821
f 5528 5841 5529
f 5529 5841 5842
f 5529 5842 5822
f 5843 5844 5845
f 5845 5844 5846
f 5847 5844 5848
f 5848 5844 5843
f 5848 5843 5849
f 5849 5843 5850
f 5851 5852 5841
f 5841 5852 5845
f 5841 5845 5842
f 5842 5845 5846
f 5843 5845 5534
f 5534 5845 5535
f 5535 5845 5555
f 5555 5845 5852
f 5555 5852 5553
f 5553 5852 5851
f 5553 5851 5528
f 5528 5851 5841
f 5527 5848 5549
f 5549 5848 5849
f 5549 5849 5532
f 5532 5849 5850
f 5532 5850 5534
f 5534 5850 5843
f 5848 5527 5847
f 5847 5527 5526
f 5847 5526 5582
f 5589 5590 5844
f 5847 5582 5583
f 5583 5584 5847
f 5847 5584 5586
f 5847 5586 5844
f 5844 5586 5587
f 5844 5587 5589
f 5844 5590 5591
f 5844 5591 5846
f 5846 5591 5673
f 5846 5673 5839
f 5846 5839 5842
f 5842 5839 5838
f 5838 5821 5842
f 5842 5821 5820
f 5842 5820 5822
f 5551 5827 5552
f 5552 5827 5853
f 5552 5853 5854
f 5552 5854 5554
f 5554 5854 5855
f 5554 5855 5556
f 5556 5855 5856
f 5556 5856 5557
f 5557 5856 5857
f 5857 5858 5557
f 5557 5858 5558
f 5558 5858 5859
f 5558 5859 5559
f 5559 5859 5860
f 5559 5860 5560
f 5560 5860 5861
f 5560 5861 5561
f 5561 5861 5862
f 5561 5862 5562
f 5562 5862 5863
f 5562 5863 5563
f 5563 5863 5864
f 5563 5864 5536
f 5536 5864 5865
f 5536 5865 5537
f 5537 5865 5866
f 5537 5866 5538
f 5538 5866 5867
f 5538 5867 5539
f 5539 5867 5868
f 5539 5868 5540
f 5540 5868 5869
f 5540 5869 5542
f 5542 5869 5870
f 5542 5870 5544
f 5544 5870 5871
f 5544 5871 5571
f 5571 5871 5872
f 5571 5872 5570
f 5570 5872 5873
f 5570 5873 5568
f 5568 5873 5874
f 5568 5874 5566
f 5566 5874 5875
f 5566 5875 5564
f 5564 5875 5550
f 5550 5875 5876
f 5550 5876 5548
f 5548 5876 5877
f 5548 5877 5547
f 5547 5877 5878
f 5579 5546 5879
f 5879 5546 5547
f 5879 5547 5878
f 5880 5881 5882
f 5883 5884 5885
f 5885 5884 5886
f 5885 5886 5887
f 5861 5888 5889
f 5890 5891 5892
f 5892 5891 5883
f 5892 5883 5893
f 5894 5888 5895
f 5894 5896 5888
f 5888 5896 5897
f 5888 5897 5889
f 5889 5897 5898
f 5889 5898 5899
f 5866 5865 5900
f 5900 5865 5864
f 5900 5864 5901
f 5901 5864 5863
f 5901 5863 5889
f 5889 5863 5862
f 5889 5862 5861
f 5857 5856 5855
f 5902 5903 5904
f 5890 5905 5891
f 5891 5905 5906
f 5891 5906 5907
f 5908 5909 5886
f 5886 5909 5910
f 5886 5910 5887
f 5911 5912 5913
f 5913 5912 5914
f 5915 5916 5858
f 5858 5916 5917
f 5855 5854 5857
f 5857 5854 5853
f 5857 5853 5858
f 5858 5853 5918
f 5858 5918 5915
f 5919 5920 5907
f 5907 5920 5921
f 5907 5921 5922
f 5923 5874 5873
f 5924 5925 5926
f 5885 5927 5883
f 5883 5927 5928
f 5883 5928 5893
f 5893 5928 5902
f 5893 5902 5929
f 5929 5902 5904
f 5895 5930 5894
f 5894 5930 5913
f 5894 5913 5931
f 5931 5913 5914
f 5900 5891 5866
f 5866 5891 5907
f 5866 5907 5867
f 5867 5907 5922
f 5867 5922 5868
f 5879 5878 5932
f 5932 5878 5933
f 5925 5923 5926
f 5926 5923 5873
f 5926 5873 5934
f 5934 5873 5872
f 5934 5872 5935
f 5935 5872 5871
f 5935 5871 5936
f 5936 5871 5870
f 5936 5870 5922
f 5922 5870 5869
f 5922 5869 5868
f 5937 5938 5939
f 5899 5940 5889
f 5889 5940 5941
f 5889 5941 5942
f 5942 5941 5943
f 5882 5881 5940
f 5940 5881 5944
f 5940 5944 5941
f 5919 5945 5920
f 5920 5945 5946
f 5920 5946 5947
f 5948 5949 5882
f 5882 5949 5950
f 5882 5950 5880
f 5861 5860 5888
f 5888 5860 5859
f 5888 5859 5951
f 5951 5859 5858
f 5951 5858 5952
f 5952 5858 5917
f 5874 5923 5875
f 5875 5923 5953
f 5875 5953 5876
f 5933 5878 5953
f 5953 5878 5877
f 5953 5877 5876
f 5924 5926 5954
f 5954 5926 5955
f 5954 5955 5956
f 5956 5955 5957
f 5956 5957 5939
f 5939 5957 5958
f 5939 5958 5937
f 5959 5960 5961
f 5961 5960 5962
f 5961 5962 5963
f 5963 5962 5964
f 5963 5964 5965
f 5965 5964 5966
f 5965 5966 5967
f 5967 5966 5907
f 5967 5907 5968
f 5968 5907 5906
f 5969 5970 5971
f 5971 5970 5943
f 5971 5943 5972
f 5972 5943 5941
f 5973 5974 5975
f 5576 5579 5976
f 5976 5579 5879
f 5976 5879 5932
f 5975 5974 5977
f 5977 5974 5978
f 5977 5978 5578
f 5576 5976 5578
f 5578 5976 5979
f 5578 5979 5977
f 5980 5981 5975
f 5975 5981 5982
f 5975 5982 5973
f 5983 5577 5578
f 5975 5984 5980
f 5980 5984 5985
f 5986 5982 5985
f 5985 5982 5981
f 5985 5981 5980
f 5578 5978 5983
f 5983 5978 5974
f 5983 5974 5986
f 5986 5974 5973
f 5986 5973 5982
f 5987 5988 5989
f 5990 5991 5992
f 5993 5994 5991
f 5995 5996 5997
f 5998 5999 6000
f 6001 6000 6002
f 6002 6000 6003
f 6002 6003 6004
f 6005 5998 6006
f 6006 5998 6000
f 6006 6000 6007
f 6007 6000 6001
f 6008 6009 6010
f 6011 6008 6012
f 6012 6008 6010
f 6012 6010 6013
f 6013 6010 6014
f 6013 6014 6015
f 6015 6014 6005
f 6015 6005 6016
f 6016 6005 6006
f 6012 6017 6018
f 6019 6011 6020
f 6020 6011 6012
f 6020 6012 6021
f 6021 6012 6018
f 6022 6023 6024
f 6025 6026 6023
f 6023 6026 6027
f 6023 6027 6024
f 5782 5781 6028
f 6029 6030 6031
f 6031 6030 6032
f 6028 5781 6033
f 6033 5781 5773
f 6033 5773 6034
f 6034 5773 5770
f 6034 5770 6035
f 6035 5770 5769
f 6035 5769 6025
f 6025 5769 5767
f 6025 5767 6026
f 6028 6036 5782
f 5782 6036 6037
f 5782 6037 5760
f 5760 6037 6038
f 5760 6038 5763
f 5763 6038 6039
f 5763 6039 5764
f 5764 6039 6032
f 5764 6032 6040
f 6040 6032 6030
f 6004 6003 6041
f 6041 6003 6030
f 6041 6030 6024
f 6024 6030 6029
f 6024 6029 6022
f 6042 6043 6044
f 6044 6043 6045
f 6044 6045 6046
f 6046 6045 6047
f 6046 6047 6048
f 6048 6047 6049
f 6048 6049 6003
f 6003 6049 6050
f 6003 6050 6030
f 6051 6052 6042
f 6052 6053 6042
f 6042 6053 6054
f 6042 6054 6043
f 6055 6056 6057
f 5819 5840 6058
f 6058 5840 6059
f 6059 5840 5835
f 6059 5835 6060
f 6060 5835 5834
f 6060 5834 6061
f 6061 5834 5830
f 6061 5830 6057
f 6057 5830 5831
f 6057 5831 6055
f 6055 6051 6056
f 6056 6051 6042
f 6056 6042 6062
f 6062 6042 6063
f 6062 6063 6064
f 6064 6063 6065
f 6058 6066 5819
f 5819 6066 6067
f 5819 6067 5823
f 5823 6067 6068
f 5823 6068 5824
f 5824 6068 6069
f 5824 6069 6070
f 6063 6071 6072
f 6070 6065 5824
f 5824 6065 6063
f 5824 6063 5825
f 5825 6063 6072
f 6073 6074 6063
f 6063 6074 6075
f 6063 6075 6071
f 6076 6077 6078
f 6078 6077 6079
f 6078 6079 6080
f 6080 6079 6073
f 6080 6073 6081
f 6081 6073 6063
f 6082 6083 6076
f 6076 6083 6084
f 6076 6084 6077
f 6085 6086 6087
f 6088 6076 6089
f 6089 6076 6090
f 6089 6090 6091
f 6091 6090 6092
f 6093 6094 6095
f 6095 6094 6096
f 6095 6096 6097
f 6097 6096 6098
f 6097 6098 6099
f 6099 6098 6100
f 6099 6100 6101
f 6101 6100 6102
f 6101 6102 6103
f 6103 6102 6104
f 6103 6104 6105
f 6105 6104 6106
f 6105 6106 6107
f 6107 6106 6108
f 6107 6108 6088
f 6088 6108 6109
f 6088 6109 6076
f 6076 6109 6110
f 6076 6110 6082
f 5996 5995 6085
f 6085 5995 6111
f 6085 6111 6086
f 6090 6085 6092
f 6092 6085 6087
f 6092 6087 6093
f 6093 6087 6112
f 6093 6112 6094
f 6113 6114 6115
f 6116 6117 6118
f 6115 6114 6119
f 6114 6120 6119
f 6119 6120 6121
f 6119 6121 6122
f 6122 6121 6123
f 6122 6123 6124
f 6124 6123 6125
f 6124 6125 6126
f 6126 6125 6127
f 6126 6127 6128
f 6128 6127 6129
f 6128 6129 6130
f 6130 6129 6131
f 6130 6131 6132
f 6132 6131 6133
f 6132 6133 6117
f 6117 6133 6134
f 6117 6134 6118
f 6135 6136 6137
f 6137 6136 6138
f 6137 6138 6139
f 6113 6115 6135
f 6135 6115 6140
f 6135 6140 6136
f 6136 6140 6141
f 6136 6141 6116
f 6118 6142 6116
f 6116 6142 6143
f 6116 6143 6136
f 6136 6143 6144
f 6136 6144 6145
f 6145 6144 6146
f 6145 6146 5997
f 5997 6146 6147
f 5997 6147 5995
f 6148 6149 6150
f 6151 6152 6153
f 6150 6149 6152
f 6152 6149 6154
f 6152 6154 6153
f 6138 6155 6139
f 6139 6155 6156
f 6139 6156 6157
f 6157 6156 6158
f 6157 6158 6159
f 6159 6158 6152
f 6159 6152 6160
f 6160 6152 6151
f 6161 6162 6163
f 6163 6162 6164
f 6163 6164 6165
f 6165 6164 6166
f 6165 6166 6167
f 6167 6166 6168
f 6167 6168 6169
f 6169 6168 6170
f 6169 6170 6171
f 6150 6172 6173
f 6170 6174 6171
f 6171 6174 6175
f 6171 6175 6176
f 6176 6175 6177
f 6176 6177 6153
f 6153 6177 6178
f 6153 6178 6151
f 6173 6179 6150
f 6150 6179 6180
f 6150 6180 6148
f 6148 6180 6181
f 6148 6181 6182
f 6182 6181 6183
f 6182 6183 6161
f 6161 6183 6184
f 6161 6184 6162
f 5989 5988 6185
f 5992 5991 6186
f 6150 6185 6172
f 6172 6185 5988
f 6172 5988 6187
f 6187 5988 5987
f 6187 5987 6188
f 6189 5991 6190
f 6190 5991 5994
f 6190 5994 6191
f 5987 6186 6188
f 6188 6186 5991
f 6188 5991 6192
f 6192 5991 6193
f 6191 5994 6194
f 6194 5994 6195
f 6194 6195 6196
f 6196 6195 6197
f 6196 6197 6198
f 6198 6197 6199
f 6198 6199 6200
f 6200 6199 6201
f 6200 6201 6202
f 6202 6201 6203
f 6202 6203 6204
f 6189 6205 5991
f 5991 6205 6206
f 5991 6206 6207
f 6203 6208 6204
f 6204 6208 6209
f 6204 6209 6207
f 6207 6209 6210
f 6207 6210 5991
f 5991 6210 6211
f 5991 6211 6193
f 5990 6212 6213
f 6213 6212 6214
f 6213 6215 5990
f 5990 6215 6216
f 5990 6216 5991
f 5991 6216 6217
f 5991 6217 5993
f 6212 6218 6214
f 6214 6218 6219
f 6214 6219 6220
f 6221 6222 6223
f 6223 6222 6224
f 6223 6224 6225
f 6220 6219 6226
f 6226 6219 6227
f 6226 6227 6221
f 6221 6227 6228
f 6221 6228 6222
f 6229 6230 5986
f 5986 5985 6231
f 6231 5985 5984
f 6231 5984 6225
f 6225 5984 6232
f 6225 6232 6223
f 6233 6234 6230
f 6230 6234 6235
f 6230 6235 5986
f 5986 6235 6236
f 5986 6236 5983
f 5983 6236 6237
f 5983 6237 6238
f 6230 6239 6233
f 6233 6239 5597
f 6233 5597 6240
f 6240 5597 5595
f 6240 5595 6241
f 6241 5595 5594
f 6241 5594 6242
f 6242 5594 5593
f 6242 5593 6243
f 6243 5593 5588
f 6243 5588 6244
f 6244 5588 5585
f 6244 5585 6245
f 6245 5585 5581
f 6245 5581 6246
f 6246 5581 5580
f 6246 5580 6247
f 6247 5580 5575
f 6247 5575 6238
f 6238 5575 5577
f 6238 5577 5983
f 6229 5986 6248
f 6248 5986 6231
f 6248 6231 6249
f 6249 6231 6250
f 6249 6250 6251
f 6251 6250 6252
f 6252 6250 6253
f 6252 6253 6254
f 6255 6256 6257
f 6257 6256 6254
f 6257 6254 6258
f 6258 6254 6253
f 6259 6260 6261
f 6261 6260 6262
f 6261 6262 6255
f 6255 6262 6263
f 6255 6263 6256
f 6259 6264 6260
f 6260 6264 6265
f 6260 6265 6266
f 6267 6265 6268
f 6267 6268 6269
f 6268 5734 6269
f 6269 5734 5732
f 6269 5732 6270
f 6270 5732 5730
f 6270 5730 6271
f 6271 5730 5728
f 6271 5728 6272
f 6272 5728 5713
f 6272 5713 6273
f 6273 5713 5714
f 6273 5714 6274
f 6274 5714 5724
f 6274 5724 6275
f 6275 5724 5720
f 6275 5720 6276
f 6276 5720 5716
f 6276 5716 6277
f 6277 5716 5715
f 6277 5715 6278
f 6278 5715 6266
f 6267 6279 6265
f 6265 6279 6280
f 6265 6280 6266
f 6266 6280 6281
f 6266 6281 6278
f 6282 6283 6284
f 6282 6285 6261
f 6261 6285 6286
f 6261 6286 6259
f 6287 6288 6284
f 6284 6288 6289
f 6284 6289 6282
f 6282 6289 6290
f 6282 6290 6285
f 6291 6292 6293
f 6293 6292 6294
f 6293 6294 6287
f 6287 6294 6295
f 6287 6295 6288
f 6296 6297 6298
f 6298 6297 6299
f 6298 6299 6291
f 6291 6299 6300
f 6291 6300 6292
f 6301 6302 6303
f 6303 6302 6300
f 6303 6300 6304
f 6304 6300 6299
f 6305 6306 6307
f 6308 6012 6013
f 6309 6310 6311
f 6311 6310 6312
f 6311 6312 6313
f 6314 6315 6316
f 6314 6316 6312
f 6312 6316 6317
f 6312 6317 6313
f 6300 6318 6292
f 6292 6318 6319
f 5741 6320 6321
f 5741 6321 5739
f 5739 6321 6322
f 5739 6322 6314
f 6314 6322 6323
f 6314 6323 6315
f 5748 6294 5742
f 5742 6294 6292
f 5742 6292 5741
f 5741 6292 6319
f 5741 6319 6320
f 6307 6306 6324
f 6324 6306 6325
f 6324 6325 6326
f 6326 6325 6327
f 6326 6327 6328
f 6308 6013 6329
f 6013 6015 6330
f 6328 6329 6326
f 6326 6329 6013
f 6326 6013 6331
f 6331 6013 6330
f 6309 6332 6310
f 6310 6332 6333
f 6310 6333 6334
f 6334 6333 6335
f 6334 6335 6307
f 6307 6335 6336
f 6307 6336 6305
f 6313 6317 6337
f 6313 6337 6311
f 6309 6338 6339
f 6339 6338 6340
f 6339 6340 6341
f 6341 6340 6342
f 6341 6342 6343
f 6343 6342 6344
f 6343 6344 6345
f 6309 6311 6338
f 6338 6311 6337
f 6338 6337 6340
f 6340 6337 6346
f 6340 6346 6342
f 6342 6346 6347
f 6342 6347 6344
f 6344 6347 6348
f 6332 6309 6339
f 6336 6335 6349
f 6349 6335 6350
f 6349 6350 6351
f 6351 6350 6352
f 6351 6352 6353
f 6353 6352 6354
f 6353 6354 6355
f 6355 6354 6356
f 6356 6354 6357
f 6356 6357 6358
f 6345 6359 6343
f 6343 6359 6360
f 6343 6360 6341
f 6341 6360 6361
f 6341 6361 6339
f 6339 6361 6362
f 6339 6362 6332
f 6332 6362 6333
f 6359 6357 6360
f 6360 6357 6354
f 6360 6354 6361
f 6361 6354 6352
f 6361 6352 6362
f 6362 6352 6350
f 6362 6350 6333
f 6333 6350 6335
f 6363 6364 6365
f 6366 6367 6368
f 6366 6368 6369
f 6369 6368 6370
f 6369 6370 6371
f 6372 6371 6373
f 6373 6371 6370
f 6373 6370 6374
f 6374 6370 6368
f 6374 6368 6375
f 6375 6368 6367
f 6375 6367 6376
f 6355 6377 6378
f 6378 6377 6379
f 6378 6379 6380
f 6327 6325 6381
f 6381 6325 6306
f 6381 6306 6382
f 6306 6305 6382
f 6382 6305 6336
f 6382 6336 6349
f 6383 6384 6385
f 6385 6384 6386
f 6385 6386 6387
f 6387 6386 6388
f 6389 6363 6390
f 6390 6363 6365
f 6390 6365 6328
f 6328 6365 6391
f 6328 6391 6329
f 6329 6391 6308
f 6389 6392 6363
f 6363 6392 6393
f 6363 6393 6364
f 6364 6393 6394
f 6355 6356 6377
f 6377 6356 6358
f 6377 6358 6395
f 6395 6396 6377
f 6377 6396 6397
f 6377 6397 6379
f 6379 6397 6372
f 6379 6372 6380
f 6380 6372 6373
f 6380 6373 6398
f 6398 6373 6374
f 6398 6374 6392
f 6392 6374 6375
f 6392 6375 6393
f 6393 6375 6376
f 6393 6376 6394
f 6397 6399 6372
f 6372 6399 6400
f 6372 6400 6371
f 6371 6400 6401
f 6371 6401 6369
f 6369 6401 6402
f 6369 6402 6366
f 6353 6383 6351
f 6351 6383 6385
f 6351 6385 6349
f 6349 6385 6387
f 6349 6387 6382
f 6382 6387 6388
f 6382 6388 6381
f 6328 6327 6390
f 6390 6327 6381
f 6390 6381 6389
f 6389 6381 6388
f 6389 6388 6392
f 6392 6388 6386
f 6392 6386 6398
f 6398 6386 6384
f 6398 6384 6380
f 6380 6384 6383
f 6380 6383 6378
f 6378 6383 6353
f 6378 6353 6355
f 6403 6008 6402
f 6402 6008 6011
f 6008 6403 6404
f 6008 6404 6009
f 6404 6405 6009
f 6009 6405 6406
f 6009 6406 6010
f 6407 6408 6409
f 6410 6291 6293
f 6409 6408 6411
f 6411 6408 6412
f 6411 6412 6413
f 6412 6414 6413
f 6413 6414 6415
f 6413 6415 6410
f 6407 6409 6416
f 6416 6409 6417
f 6416 6417 6418
f 6419 6420 6421
f 6419 6421 6417
f 6417 6421 6422
f 6417 6422 6418
f 6420 6419 6423
f 6423 6419 6424
f 6423 6424 6425
f 6426 6427 6428
f 6426 6428 6424
f 6424 6428 6429
f 6424 6429 6425
f 6406 6430 6431
f 6430 6432 6431
f 6431 6432 6433
f 6431 6433 6426
f 6426 6433 6434
f 6426 6434 6427
f 6005 6435 5998
f 5998 6435 6436
f 5998 6436 5999
f 5999 6436 6437
f 5999 6437 6438
f 6439 6014 6431
f 6431 6014 6010
f 6431 6010 6406
f 6439 6440 6014
f 6014 6440 6441
f 6014 6441 6005
f 6005 6441 6442
f 6005 6442 6435
f 6410 6293 6413
f 6413 6293 6287
f 6413 6287 6443
f 6410 6444 6291
f 6291 6444 6445
f 6291 6445 6298
f 6445 6446 6298
f 6298 6446 6447
f 6298 6447 6296
f 6296 6447 6448
f 6296 6448 6297
f 6297 6448 6449
f 6297 6449 6299
f 6299 6449 6304
f 6304 6449 6450
f 6451 6452 6453
f 6453 6452 6454
f 6453 6454 6455
f 6450 6449 6456
f 6456 6449 6457
f 6456 6457 6458
f 6458 6457 6459
f 6458 6459 6460
f 6460 6459 6461
f 6460 6461 6455
f 6455 6461 6462
f 6455 6462 6453
f 6463 6358 6464
f 6464 6358 6357
f 6464 6357 6465
f 6465 6357 6359
f 6465 6359 6466
f 6466 6359 6345
f 6466 6345 6467
f 6467 6345 6344
f 6467 6344 6468
f 6468 6344 6348
f 6468 6348 6469
f 6469 6348 6470
f 6469 6470 6451
f 6451 6470 6452
f 6403 6402 6471
f 6471 6402 6401
f 6471 6401 6472
f 6473 6474 6401
f 6401 6474 6475
f 6401 6475 6472
f 6401 6400 6473
f 6473 6400 6399
f 6473 6399 6476
f 6476 6399 6397
f 6396 6477 6397
f 6397 6477 6478
f 6397 6478 6476
f 6358 6463 6395
f 6395 6463 6479
f 6395 6479 6396
f 6396 6479 6480
f 6396 6480 6477
f 6433 6432 6481
f 6472 6475 6482
f 6483 6484 6485
f 6430 6406 6405
f 6485 6486 6483
f 6483 6486 6487
f 6483 6487 6488
f 6488 6487 6489
f 6474 6473 6490
f 6490 6473 6476
f 6490 6476 6491
f 6491 6476 6478
f 6491 6478 6492
f 6463 6493 6479
f 6479 6493 6494
f 6479 6494 6480
f 6480 6494 6492
f 6480 6492 6477
f 6477 6492 6478
f 6472 6482 6471
f 6432 6430 6481
f 6481 6430 6405
f 6481 6405 6482
f 6482 6405 6404
f 6482 6404 6471
f 6471 6404 6403
f 6493 6489 6494
f 6494 6489 6487
f 6494 6487 6492
f 6492 6487 6486
f 6492 6486 6491
f 6491 6486 6485
f 6491 6485 6490
f 6475 6474 6482
f 6482 6474 6490
f 6482 6490 6481
f 6481 6490 6485
f 6481 6485 6433
f 6433 6485 6484
f 6433 6484 6434
f 6434 6484 6483
f 6434 6483 6427
f 6427 6483 6488
f 6427 6488 6428
f 6425 6429 6495
f 6429 6428 6495
f 6495 6428 6488
f 6495 6488 6496
f 6496 6488 6489
f 6496 6489 6497
f 6497 6489 6493
f 6497 6493 6464
f 6464 6493 6463
f 6498 6420 6423
f 6423 6499 6498
f 6498 6499 6500
f 6498 6500 6501
f 6501 6500 6502
f 6501 6502 6503
f 6503 6502 6465
f 6503 6465 6466
f 6423 6425 6499
f 6499 6425 6495
f 6499 6495 6500
f 6500 6495 6496
f 6500 6496 6502
f 6502 6496 6497
f 6502 6497 6465
f 6465 6497 6464
f 6467 6468 6504
f 6466 6467 6505
f 6421 6420 6506
f 6506 6420 6498
f 6506 6498 6507
f 6507 6498 6501
f 6507 6501 6505
f 6505 6501 6503
f 6505 6503 6466
f 6467 6504 6505
f 6505 6504 6508
f 6505 6508 6507
f 6507 6508 6509
f 6507 6509 6506
f 6506 6509 6422
f 6506 6422 6421
f 6418 6422 6509
f 6510 6511 6512
f 6512 6511 6513
f 6512 6513 6514
f 6514 6513 6515
f 6514 6515 6416
f 6416 6515 6516
f 6416 6516 6407
f 6512 6517 6510
f 6510 6517 6469
f 6510 6469 6451
f 6468 6469 6504
f 6504 6469 6517
f 6504 6517 6508
f 6508 6517 6512
f 6508 6512 6509
f 6509 6512 6514
f 6509 6514 6418
f 6418 6514 6416
f 6518 6519 6520
f 6410 6415 6444
f 6444 6415 6521
f 6444 6521 6445
f 6445 6521 6522
f 6445 6522 6446
f 6446 6522 6447
f 6522 6523 6447
f 6447 6523 6524
f 6447 6524 6448
f 6448 6524 6525
f 6448 6525 6449
f 6461 6459 6525
f 6525 6459 6457
f 6525 6457 6449
f 6414 6412 6526
f 6526 6412 6527
f 6526 6527 6528
f 6528 6527 6529
f 6528 6529 6530
f 6530 6529 6531
f 6530 6531 6519
f 6412 6408 6527
f 6527 6408 6532
f 6527 6532 6529
f 6529 6532 6533
f 6529 6533 6531
f 6531 6533 6534
f 6518 6520 6535
f 6535 6520 6536
f 6535 6536 6537
f 6513 6534 6515
f 6515 6534 6533
f 6515 6533 6516
f 6516 6533 6532
f 6516 6532 6407
f 6407 6532 6408
f 6519 6531 6520
f 6520 6531 6534
f 6520 6534 6536
f 6536 6534 6513
f 6536 6513 6537
f 6537 6513 6511
f 6537 6511 6510
f 6415 6414 6521
f 6521 6414 6526
f 6521 6526 6522
f 6522 6526 6528
f 6522 6528 6523
f 6523 6528 6530
f 6523 6530 6524
f 6524 6530 6519
f 6524 6519 6525
f 6525 6519 6518
f 6525 6518 6461
f 6461 6518 6535
f 6461 6535 6462
f 6462 6535 6537
f 6462 6537 6453
f 6453 6537 6510
f 6453 6510 6451
f 6315 6323 6538
f 6317 6316 6539
f 6317 6539 6337
f 6337 6539 6540
f 6337 6540 6346
f 6346 6540 6541
f 6346 6541 6347
f 6347 6541 6470
f 6347 6470 6348
f 6452 6470 6542
f 6542 6470 6541
f 6542 6541 6543
f 6543 6541 6540
f 6543 6540 6538
f 6538 6540 6539
f 6538 6539 6315
f 6315 6539 6316
f 6544 6545 6546
f 6547 6544 6548
f 6318 6547 6549
f 6550 6456 6458
f 6550 6458 6551
f 6544 6546 6548
f 6548 6546 6552
f 6548 6552 6553
f 6553 6552 6554
f 6553 6554 6555
f 6555 6554 6556
f 6555 6556 6557
f 6547 6548 6549
f 6549 6548 6553
f 6549 6553 6558
f 6558 6553 6555
f 6558 6555 6559
f 6559 6555 6557
f 6559 6557 6560
f 6318 6549 6319
f 6319 6549 6558
f 6319 6558 6320
f 6320 6558 6559
f 6320 6559 6321
f 6321 6559 6560
f 6321 6560 6322
f 6458 6460 6551
f 6551 6460 6455
f 6551 6455 6561
f 6561 6455 6454
f 6561 6454 6562
f 6562 6454 6452
f 6562 6452 6542
f 6323 6322 6538
f 6538 6322 6560
f 6538 6560 6543
f 6543 6560 6557
f 6543 6557 6542
f 6542 6557 6556
f 6542 6556 6562
f 6562 6556 6554
f 6562 6554 6561
f 6561 6554 6552
f 6561 6552 6551
f 6551 6552 6546
f 6551 6546 6550
f 6550 6546 6545
f 6550 6545 6456
f 6456 6545 6450
f 6318 6300 6302
f 6318 6302 6547
f 6547 6302 6301
f 6547 6301 6544
f 6544 6301 6303
f 6544 6303 6545
f 6545 6303 6304
f 6545 6304 6450
f 6000 5999 6563
f 6563 5999 6438
f 6563 6438 6564
f 6565 6563 6566
f 6564 6567 6563
f 6563 6567 6568
f 6563 6568 6566
f 6566 6568 6569
f 6566 6569 6570
f 6571 6572 6566
f 6572 6573 6566
f 6566 6573 6574
f 6566 6574 6565
f 6575 6576 6577
f 6570 6578 6566
f 6566 6578 6575
f 6566 6575 6579
f 6579 6575 6577
f 6579 6577 6580
f 6580 6577 6571
f 6580 6571 6581
f 6581 6571 6566
f 6440 6439 6582
f 6583 6584 6582
f 6582 6584 6576
f 6582 6576 6440
f 6576 6575 6440
f 6440 6575 6578
f 6440 6578 6441
f 6441 6578 6570
f 6441 6570 6442
f 6442 6570 6569
f 6442 6569 6435
f 6435 6569 6568
f 6435 6568 6436
f 6436 6568 6567
f 6436 6567 6437
f 6437 6567 6564
f 6437 6564 6438
f 6582 6439 6431
f 6409 6411 6585
f 6583 6582 6586
f 6586 6582 6431
f 6586 6431 6587
f 6588 6589 6585
f 6585 6589 6590
f 6585 6590 6409
f 6409 6590 6591
f 6409 6591 6417
f 6417 6591 6592
f 6417 6592 6419
f 6419 6592 6593
f 6419 6593 6424
f 6424 6593 6594
f 6424 6594 6426
f 6426 6594 6595
f 6426 6595 6431
f 6431 6595 6596
f 6431 6596 6587
f 6597 6588 6598
f 6598 6588 6585
f 6585 6411 6598
f 6598 6411 6413
f 6598 6413 6599
f 6599 6413 6443
f 6599 6443 6600
f 6601 6602 6603
f 6603 6602 6604
f 6603 6604 6605
f 6606 6598 6601
f 6601 6598 6599
f 6601 6599 6600
f 6600 6607 6601
f 6601 6607 6608
f 6601 6608 6602
f 6606 6601 6609
f 6609 6601 6610
f 6609 6610 6611
f 6611 6610 6612
f 6612 6610 6613
f 6612 6613 6614
f 6614 6613 6615
f 6615 6613 6616
f 6615 6616 6617
f 6618 6617 6619
f 6619 6617 6616
f 6619 6616 6620
f 6620 6616 6621
f 6622 6623 6624
f 6625 6618 6619
f 6626 6627 6628
f 6629 6630 6631
f 6631 6626 6629
f 6629 6626 6628
f 6629 6628 6632
f 6632 6628 6633
f 6628 6634 6633
f 6633 6634 6619
f 6633 6619 6620
f 6623 6635 6624
f 6624 6635 6636
f 6624 6636 6637
f 6627 6638 6628
f 6628 6638 6622
f 6628 6622 6634
f 6634 6622 6624
f 6634 6624 6619
f 6619 6624 6637
f 6619 6637 6625
f 6639 6640 5989
f 6641 6222 6228
f 6642 6626 6631
f 6631 6630 6642
f 6642 6630 6643
f 6642 6643 6644
f 6644 6643 6645
f 6644 6645 6646
f 6647 6648 6649
f 6647 6649 6650
f 6085 6090 6651
f 6651 6090 6652
f 6651 6652 6653
f 6653 6652 6654
f 6653 6654 6655
f 6655 6654 6656
f 6655 6656 6649
f 6649 6656 6657
f 6649 6657 6650
f 6646 6641 6644
f 6644 6641 6228
f 6644 6228 6658
f 6658 6228 6227
f 6658 6227 6659
f 6659 6227 6660
f 6660 6227 6661
f 6661 6227 6219
f 6661 6219 6662
f 6662 6219 6663
f 6663 6219 6218
f 6663 6218 6664
f 6664 6218 6212
f 6664 6212 6665
f 6665 6212 5990
f 6665 5990 6666
f 6666 5990 5992
f 6666 5992 6667
f 6667 5992 6186
f 6667 6186 6668
f 6640 6669 5989
f 5989 6669 6670
f 5989 6670 5987
f 5987 6670 6671
f 6672 6186 6673
f 6673 6186 5987
f 6673 5987 6674
f 6674 5987 6671
f 6672 6675 6186
f 6186 6675 6676
f 6186 6676 6677
f 6677 6678 6186
f 6186 6678 6679
f 6186 6679 6668
f 6668 6679 6680
f 6680 6681 6668
f 6668 6681 6682
f 6668 6682 6683
f 6683 6682 6684
f 6683 6684 6685
f 6685 6684 6686
f 6685 6686 6687
f 6686 6688 6687
f 6687 6688 6689
f 6687 6689 6690
f 6690 6639 6687
f 6687 6639 5989
f 6687 5989 6691
f 6691 5989 6185
f 6691 6185 6692
f 6150 6693 6185
f 6185 6693 6694
f 6185 6694 6692
f 6695 6696 6152
f 6152 6696 6697
f 6152 6697 6150
f 6150 6697 6698
f 6150 6698 6693
f 6695 6152 6699
f 6699 6152 6158
f 6699 6158 6700
f 6700 6158 6701
f 6701 6158 6156
f 6701 6156 6702
f 6702 6156 6703
f 6703 6156 6155
f 6703 6155 6704
f 6704 6155 6705
f 6705 6155 6138
f 6705 6138 6706
f 6706 6138 6136
f 6706 6136 6707
f 6707 6136 6708
f 6708 6136 6145
f 6708 6145 6709
f 5997 6710 6145
f 6145 6710 6711
f 6145 6711 6709
f 5996 6712 5997
f 5997 6712 6713
f 5997 6713 6710
f 6651 6714 6085
f 6085 6714 6715
f 6085 6715 5996
f 5996 6715 6716
f 5996 6716 6712
f 6224 6717 6225
f 6225 6717 6718
f 6225 6718 6621
f 6641 6719 6222
f 6222 6719 6720
f 6222 6720 6224
f 6224 6720 6721
f 6224 6721 6717
f 6621 6616 6225
f 6225 6616 6231
f 6601 6258 6610
f 6610 6258 6253
f 6610 6253 6613
f 6613 6253 6250
f 6613 6250 6616
f 6616 6250 6231
f 6282 6261 6603
f 6603 6261 6255
f 6603 6255 6601
f 6601 6255 6257
f 6601 6257 6258
f 6605 6722 6603
f 6603 6722 6283
f 6603 6283 6282
f 6723 6443 6287
f 6284 6283 6722
f 6722 6724 6284
f 6284 6724 6725
f 6284 6725 6287
f 6287 6725 6726
f 6287 6726 6723
f 6722 6605 6604
f 6722 6604 6724
f 6724 6604 6602
f 6724 6602 6725
f 6725 6602 6608
f 6725 6608 6726
f 6726 6608 6607
f 6726 6607 6723
f 6723 6607 6600
f 6723 6600 6443
f 6620 6621 6727
f 6727 6621 6718
f 6727 6718 6717
f 6643 6720 6645
f 6645 6720 6719
f 6645 6719 6646
f 6646 6719 6641
f 6620 6727 6633
f 6633 6727 6717
f 6633 6717 6632
f 6632 6717 6721
f 6632 6721 6629
f 6629 6721 6728
f 6721 6720 6728
f 6728 6720 6643
f 6728 6643 6629
f 6629 6643 6630
f 6729 6730 6731
f 6730 6729 6732
f 6733 6732 6734
f 6685 6733 6683
f 6683 6733 6735
f 6683 6735 6668
f 6668 6735 6667
f 6667 6735 6736
f 6667 6736 6666
f 6666 6736 6737
f 6666 6737 6665
f 6665 6737 6738
f 6665 6738 6664
f 6664 6738 6739
f 6664 6739 6663
f 6663 6739 6662
f 6662 6739 6740
f 6662 6740 6661
f 6661 6740 6660
f 6660 6740 6741
f 6660 6741 6659
f 6659 6741 6742
f 6659 6742 6658
f 6658 6742 6644
f 6644 6742 6743
f 6644 6743 6642
f 6642 6743 6744
f 6642 6744 6626
f 6745 6746 6747
f 6748 6749 6750
f 6751 6752 6753
f 6731 6754 6729
f 6729 6754 6755
f 6729 6755 6756
f 6756 6755 6757
f 6756 6757 6758
f 6758 6757 6759
f 6758 6759 6760
f 6760 6759 6761
f 6760 6761 6762
f 6762 6761 6763
f 6762 6763 6764
f 6764 6763 6765
f 6764 6765 6766
f 6766 6765 6767
f 6766 6767 6768
f 6768 6767 6751
f 6768 6751 6748
f 6748 6751 6753
f 6748 6753 6749
f 6733 6734 6735
f 6735 6734 6769
f 6735 6769 6736
f 6736 6769 6770
f 6736 6770 6737
f 6737 6770 6771
f 6737 6771 6738
f 6738 6771 6772
f 6738 6772 6739
f 6739 6772 6773
f 6739 6773 6740
f 6740 6773 6774
f 6740 6774 6741
f 6741 6774 6775
f 6741 6775 6742
f 6742 6775 6745
f 6742 6745 6743
f 6743 6745 6747
f 6743 6747 6744
f 6732 6729 6734
f 6734 6729 6756
f 6734 6756 6769
f 6769 6756 6758
f 6769 6758 6770
f 6770 6758 6760
f 6770 6760 6771
f 6771 6760 6762
f 6771 6762 6772
f 6772 6762 6764
f 6772 6764 6773
f 6773 6764 6766
f 6773 6766 6774
f 6774 6766 6768
f 6774 6768 6775
f 6775 6768 6748
f 6775 6748 6745
f 6745 6748 6750
f 6745 6750 6746
f 6731 6730 6776
f 6777 6778 6779
f 6731 6776 6780
f 6780 6776 6781
f 6780 6781 6782
f 6782 6781 6783
f 6782 6783 6784
f 6784 6783 6785
f 6784 6785 6786
f 6786 6785 6787
f 6786 6787 6788
f 6788 6787 6789
f 6788 6789 6790
f 6790 6789 6791
f 6790 6791 6792
f 6792 6791 6793
f 6792 6793 6794
f 6794 6793 6795
f 6794 6795 6796
f 6796 6795 6797
f 6796 6797 6798
f 6798 6797 6799
f 6798 6799 6800
f 6800 6799 6801
f 6800 6801 6802
f 6802 6801 6803
f 6802 6803 6804
f 6804 6803 6805
f 6804 6805 6806
f 6806 6805 6807
f 6806 6807 6808
f 6808 6807 6809
f 6808 6809 6810
f 6810 6809 6811
f 6810 6811 6812
f 6812 6811 6777
f 6812 6777 6813
f 6813 6777 6779
f 6813 6779 6814
f 6815 6816 6817
f 6817 6816 6778
f 6818 6819 6820
f 6820 6819 6815
f 6648 6818 6649
f 6649 6818 6820
f 6649 6820 6655
f 6655 6820 6821
f 6655 6821 6653
f 6653 6821 6651
f 6651 6821 6822
f 6651 6822 6714
f 6714 6822 6823
f 6714 6823 6715
f 6824 6713 6825
f 6825 6713 6712
f 6825 6712 6823
f 6823 6712 6716
f 6823 6716 6715
f 6826 6709 6827
f 6827 6709 6711
f 6827 6711 6824
f 6824 6711 6710
f 6824 6710 6713
f 6828 6707 6826
f 6826 6707 6708
f 6826 6708 6709
f 6702 6703 6829
f 6829 6703 6704
f 6829 6704 6830
f 6830 6704 6705
f 6830 6705 6828
f 6828 6705 6706
f 6828 6706 6707
f 6702 6829 6701
f 6701 6829 6831
f 6701 6831 6700
f 6700 6831 6832
f 6700 6832 6699
f 6699 6832 6695
f 6695 6832 6833
f 6695 6833 6696
f 6696 6833 6834
f 6696 6834 6697
f 6697 6834 6698
f 6698 6834 6835
f 6698 6835 6693
f 6693 6835 6694
f 6694 6835 6836
f 6694 6836 6692
f 6692 6836 6837
f 6692 6837 6691
f 6733 6685 6837
f 6837 6685 6687
f 6837 6687 6691
f 6815 6817 6820
f 6820 6817 6838
f 6820 6838 6821
f 6821 6838 6839
f 6821 6839 6822
f 6822 6839 6840
f 6822 6840 6823
f 6823 6840 6841
f 6823 6841 6825
f 6825 6841 6842
f 6825 6842 6824
f 6824 6842 6843
f 6824 6843 6827
f 6827 6843 6844
f 6827 6844 6826
f 6826 6844 6845
f 6826 6845 6828
f 6828 6845 6846
f 6828 6846 6830
f 6830 6846 6847
f 6830 6847 6829
f 6829 6847 6848
f 6829 6848 6831
f 6831 6848 6849
f 6831 6849 6832
f 6832 6849 6850
f 6832 6850 6833
f 6833 6850 6851
f 6833 6851 6834
f 6834 6851 6852
f 6834 6852 6835
f 6835 6852 6853
f 6835 6853 6836
f 6836 6853 6854
f 6836 6854 6837
f 6837 6854 6732
f 6837 6732 6733
f 6778 6777 6817
f 6817 6777 6811
f 6817 6811 6838
f 6838 6811 6809
f 6838 6809 6839
f 6839 6809 6807
f 6839 6807 6840
f 6840 6807 6805
f 6840 6805 6841
f 6841 6805 6803
f 6841 6803 6842
f 6842 6803 6801
f 6842 6801 6843
f 6843 6801 6799
f 6843 6799 6844
f 6844 6799 6797
f 6844 6797 6845
f 6845 6797 6795
f 6845 6795 6846
f 6846 6795 6793
f 6846 6793 6847
f 6847 6793 6791
f 6847 6791 6848
f 6848 6791 6789
f 6848 6789 6849
f 6849 6789 6787
f 6849 6787 6850
f 6850 6787 6785
f 6850 6785 6851
f 6851 6785 6783
f 6851 6783 6852
f 6852 6783 6781
f 6852 6781 6853
f 6853 6781 6776
f 6853 6776 6854
f 6854 6776 6730
f 6854 6730 6732
f 6855 6856 6759
f 6591 6590 6857
f 6858 6763 6856
f 6856 6763 6761
f 6856 6761 6759
f 6814 6859 6813
f 6813 6859 6860
f 6802 6861 6862
f 6759 6757 6855
f 6855 6757 6755
f 6855 6755 6863
f 6864 6810 6860
f 6860 6810 6812
f 6860 6812 6813
f 6802 6804 6861
f 6861 6804 6806
f 6861 6806 6864
f 6864 6806 6808
f 6864 6808 6810
f 6865 6788 6866
f 6866 6788 6790
f 6866 6790 6867
f 6867 6790 6792
f 6867 6792 6868
f 6868 6792 6794
f 6868 6794 6869
f 6869 6794 6796
f 6869 6796 6870
f 6870 6796 6871
f 6872 6731 6873
f 6873 6731 6780
f 6873 6780 6874
f 6874 6780 6782
f 6874 6782 6875
f 6875 6782 6784
f 6875 6784 6865
f 6865 6784 6786
f 6865 6786 6788
f 6872 6876 6731
f 6731 6876 6877
f 6731 6877 6878
f 6752 6751 6879
f 6879 6751 6767
f 6879 6767 6858
f 6858 6767 6765
f 6858 6765 6763
f 6880 6595 6594
f 6881 6882 6883
f 6883 6882 6884
f 6883 6884 6885
f 6885 6884 6587
f 6885 6587 6880
f 6880 6587 6596
f 6880 6596 6595
f 6886 6796 6887
f 6887 6796 6798
f 6887 6798 6862
f 6862 6798 6800
f 6862 6800 6802
f 6755 6754 6863
f 6863 6754 6731
f 6863 6731 6888
f 6888 6731 6878
f 6888 6878 6889
f 6890 6593 6857
f 6857 6593 6592
f 6857 6592 6591
f 6891 6892 6893
f 6893 6892 6894
f 6893 6894 6895
f 6890 6896 6593
f 6593 6896 6897
f 6593 6897 6594
f 6594 6897 6898
f 6594 6898 6880
f 6886 6899 6796
f 6796 6899 6900
f 6796 6900 6871
f 6898 6901 6880
f 6880 6901 6902
f 6880 6902 6893
f 6893 6902 6903
f 6893 6903 6891
f 6904 6905 6883
f 6883 6905 6906
f 6883 6906 6881
f 6814 6907 6859
f 6859 6907 6908
f 6859 6908 6883
f 6883 6908 6909
f 6883 6909 6904
f 6895 6910 6893
f 6893 6910 6911
f 6893 6911 6879
f 6879 6911 6912
f 6879 6912 6752
f 6577 6576 6584
f 6571 6577 6913
f 6913 6577 6584
f 6913 6584 6914
f 6586 6587 6884
f 6584 6583 6914
f 6914 6583 6586
f 6914 6586 6915
f 6915 6586 6884
f 6916 6917 6918
f 6908 6907 6919
f 6920 6921 6922
f 6914 6923 6913
f 6913 6923 6924
f 6913 6924 6571
f 6922 6921 6925
f 6925 6921 6926
f 6925 6926 6923
f 6923 6926 6927
f 6923 6927 6924
f 6818 6928 6819
f 6819 6928 6929
f 6819 6929 6815
f 6815 6929 6930
f 6815 6930 6816
f 6816 6930 6931
f 6816 6931 6778
f 6908 6919 6909
f 6909 6919 6932
f 6909 6932 6904
f 6904 6932 6905
f 6905 6932 6933
f 6905 6933 6906
f 6884 6882 6934
f 6934 6882 6881
f 6934 6881 6935
f 6935 6881 6906
f 6928 6917 6929
f 6929 6917 6916
f 6929 6916 6930
f 6930 6916 6936
f 6930 6936 6931
f 6906 6933 6935
f 6935 6933 6937
f 6935 6937 6934
f 6934 6937 6915
f 6934 6915 6884
f 6648 6920 6818
f 6818 6920 6922
f 6818 6922 6928
f 6928 6922 6925
f 6928 6925 6917
f 6917 6925 6923
f 6917 6923 6918
f 6918 6923 6914
f 6814 6779 6907
f 6907 6779 6778
f 6907 6778 6919
f 6919 6778 6931
f 6919 6931 6932
f 6932 6931 6936
f 6932 6936 6933
f 6933 6936 6916
f 6933 6916 6937
f 6937 6916 6918
f 6937 6918 6915
f 6915 6918 6914
f 6571 6924 6572
f 6572 6924 6938
f 6572 6938 6939
f 6573 6940 6574
f 6574 6940 6941
f 6574 6941 6565
f 6565 6941 6942
f 6565 6942 6943
f 6656 6654 6944
f 6652 6945 6654
f 6654 6945 6946
f 6654 6946 6944
f 6944 6947 6656
f 6656 6947 6948
f 6656 6948 6657
f 6657 6948 6949
f 6657 6949 6650
f 6650 6949 6950
f 6650 6950 6647
f 6924 6927 6938
f 6938 6927 6926
f 6938 6926 6939
f 6939 6926 6921
f 6939 6921 6951
f 6951 6921 6920
f 6951 6920 6950
f 6950 6920 6648
f 6950 6648 6647
f 6944 6952 6947
f 6947 6952 6953
f 6947 6953 6948
f 6948 6953 6943
f 6948 6943 6949
f 6949 6943 6942
f 6949 6942 6950
f 6950 6942 6941
f 6950 6941 6951
f 6951 6941 6940
f 6951 6940 6939
f 6939 6940 6573
f 6939 6573 6572
f 6565 6943 6078
f 6078 6943 6076
f 6078 6080 6565
f 6565 6080 6081
f 6565 6081 6063
f 6944 6090 6952
f 6952 6090 6076
f 6952 6076 6953
f 6953 6076 6943
f 6944 6946 6090
f 6090 6946 6945
f 6090 6945 6652
f 6046 6563 6044
f 6044 6563 6565
f 6044 6565 6042
f 6042 6565 6063
f 6046 6048 6563
f 6563 6048 6003
f 6563 6003 6000
f 6954 6955 6956
f 6957 6958 6959
f 6960 6961 6962
f 6752 6912 6753
f 6753 6912 6911
f 6753 6911 6963
f 6749 6964 6750
f 6750 6964 6965
f 6750 6965 6746
f 6746 6965 6966
f 6746 6966 6747
f 6622 6638 6967
f 6967 6638 6627
f 6966 6968 6747
f 6747 6968 6967
f 6747 6967 6744
f 6744 6967 6627
f 6744 6627 6626
f 6960 6635 6623
f 6635 6960 6636
f 6960 6962 6636
f 6636 6962 6969
f 6636 6969 6637
f 6637 6969 6959
f 6637 6959 6625
f 6625 6959 6958
f 6625 6958 6618
f 6903 6970 6891
f 6891 6970 6971
f 6891 6972 6973
f 6955 6974 6956
f 6956 6974 6892
f 6956 6892 6975
f 6975 6892 6891
f 6975 6891 6976
f 6911 6910 6963
f 6963 6910 6895
f 6963 6895 6974
f 6974 6895 6894
f 6974 6894 6892
f 6977 6978 6959
f 6959 6979 6980
f 6903 6957 6970
f 6970 6957 6959
f 6970 6959 6971
f 6971 6959 6980
f 6971 6980 6891
f 6891 6980 6979
f 6891 6979 6972
f 6972 6979 6959
f 6972 6959 6973
f 6973 6959 6978
f 6973 6978 6891
f 6891 6978 6977
f 6891 6977 6976
f 6976 6977 6959
f 6976 6959 6975
f 6975 6959 6969
f 6975 6969 6956
f 6956 6969 6962
f 6956 6962 6954
f 6954 6962 6961
f 6623 6622 6960
f 6960 6622 6967
f 6960 6967 6961
f 6961 6967 6968
f 6961 6968 6954
f 6954 6968 6966
f 6954 6966 6955
f 6955 6966 6965
f 6955 6965 6974
f 6974 6965 6964
f 6974 6964 6963
f 6963 6964 6749
f 6963 6749 6753
f 6902 6981 6903
f 6903 6981 6957
f 6617 6618 6981
f 6981 6618 6958
f 6981 6958 6957
f 6857 6982 6983
f 6982 6606 6609
f 6982 6609 6983
f 6983 6609 6611
f 6983 6611 6984
f 6984 6611 6612
f 6984 6612 6985
f 6985 6612 6614
f 6985 6614 6986
f 6986 6614 6615
f 6986 6615 6987
f 6987 6615 6617
f 6987 6617 6981
f 6857 6983 6890
f 6890 6983 6984
f 6890 6984 6896
f 6896 6984 6985
f 6896 6985 6897
f 6897 6985 6986
f 6897 6986 6898
f 6898 6986 6987
f 6898 6987 6901
f 6901 6987 6981
f 6901 6981 6902
f 6589 6588 6597
f 6982 6857 6590
f 6590 6589 6982
f 6982 6589 6597
f 6982 6597 6606
f 6606 6597 6598
f 6871 6988 6870
f 6870 6988 6989
f 6990 6991 6992
f 6993 6994 6995
f 6996 6997 6998
f 6999 7000 7001
f 7002 7003 7004
f 7005 7006 7007
f 7008 7009 7010
f 7011 7012 7013
f 7014 7015 7016
f 7017 7018 7019
f 7019 7018 7020
f 7020 7018 7021
f 7020 7021 7022
f 7023 7024 7025
f 7025 7024 7026
f 7025 7026 7027
f 7013 7012 7028
f 7009 7029 7010
f 7010 7029 7030
f 7010 7030 7031
f 7031 7030 7032
f 7031 7032 7033
f 7033 7032 7034
f 7033 7034 7035
f 7035 7034 7028
f 7036 7037 7038
f 7038 7037 7039
f 7038 7039 7040
f 7040 7039 7041
f 7042 7043 7040
f 7040 7043 7044
f 7040 7044 7045
f 7045 7044 7046
f 7006 7047 7007
f 7007 7047 7048
f 7007 7048 7049
f 7046 7050 7045
f 7045 7050 7051
f 7045 7051 7052
f 7052 7051 7053
f 7052 7053 7054
f 7052 7055 7056
f 7057 7045 7058
f 7058 7045 7052
f 7058 7052 7059
f 7059 7052 7056
f 7057 7060 7045
f 7045 7060 7061
f 7045 7061 7062
f 7061 7063 7062
f 7062 7063 7064
f 7062 7064 7065
f 7065 7066 7067
f 7067 7066 7068
f 7067 7068 7055
f 7055 7068 7069
f 7055 7069 7056
f 7070 7062 7071
f 7065 7067 7062
f 7062 7067 7072
f 7062 7072 7071
f 7071 7073 7070
f 7070 7073 7074
f 7070 7074 7075
f 7074 7076 7075
f 7075 7076 7077
f 7075 7077 7078
f 7078 7077 7079
f 7078 7079 7080
f 7080 7079 7081
f 7080 7081 7082
f 7082 7081 7083
f 7084 7085 7086
f 7087 7088 7089
f 7088 7090 7089
f 7089 7090 7082
f 7089 7082 7091
f 7091 7082 7083
f 7091 7083 7092
f 7093 7094 7095
f 7095 7094 7096
f 7095 7096 7089
f 7089 7096 7097
f 7089 7097 7087
f 7088 7098 7090
f 7090 7098 7099
f 7090 7099 7100
f 7100 7099 7101
f 7100 7101 7084
f 7084 7101 7102
f 7084 7102 7085
f 7103 7104 7105
f 7106 7107 7108
f 7108 7107 7109
f 7108 7109 7103
f 7103 7109 7110
f 7103 7110 7104
f 7105 7111 7103
f 7103 7111 7084
f 7103 7084 7095
f 7095 7084 7086
f 7095 7086 7093
f 7106 7108 7112
f 7112 7108 7113
f 7112 7113 7114
f 7105 7115 7111
f 7111 7115 7116
f 7111 7116 7117
f 7117 7116 7118
f 7117 7118 7113
f 7113 7118 7119
f 7113 7119 7114
f 7108 7120 7121
f 7108 7121 7113
f 7113 7121 7122
f 7113 7122 7123
f 7122 7124 7123
f 7123 7124 7125
f 7123 7125 7126
f 7126 7125 7127
f 7126 7127 7128
f 7128 7127 7129
f 7128 7129 7130
f 7130 7131 7128
f 7128 7131 7132
f 7128 7132 7133
f 6989 6988 7134
f 7134 6988 7135
f 7134 7135 7132
f 7132 7135 7136
f 7132 7136 7133
f 7134 7137 7138
f 7139 6989 7140
f 7140 6989 7134
f 7140 7134 7141
f 7141 7134 7138
f 7142 7002 7143
f 7143 7002 7004
f 7143 7004 7144
f 7145 7000 7004
f 7004 7000 6999
f 7004 6999 7144
f 7145 7146 7000
f 7000 7146 7147
f 7000 7147 7001
f 7001 7147 7019
f 7148 7149 7150
f 7150 7149 7151
f 7150 7151 7004
f 7004 7151 7152
f 7004 7152 7145
f 7153 7154 7155
f 7155 7154 7156
f 7155 7156 7148
f 7148 7156 7157
f 7148 7157 7149
f 7146 7158 7147
f 7147 7158 7159
f 7147 7159 7160
f 7161 7033 7162
f 7162 7033 7035
f 7162 7035 7163
f 7163 7035 7164
f 7165 7166 7167
f 7168 7169 6995
f 6995 7169 7170
f 6995 7170 7171
f 7171 7170 7172
f 7171 7172 7173
f 7173 7172 7174
f 7173 7174 7166
f 7166 7174 7175
f 7166 7175 7167
f 7176 7177 7178
f 7179 7180 7181
f 7181 7180 7182
f 7181 7182 7183
f 7184 7185 7015
f 7015 7185 7186
f 7015 7186 7016
f 7016 7186 7187
f 7016 7187 7179
f 7179 7187 7188
f 7179 7188 7180
f 7189 7190 6992
f 6992 7190 7191
f 6992 7191 7192
f 7192 7191 7184
f 7192 7184 7193
f 7193 7184 7015
f 7193 7015 7022
f 7022 7015 7014
f 7194 7195 7196
f 7196 7195 7197
f 7196 7197 7198
f 7041 7199 7040
f 7040 7199 7200
f 7040 7200 7198
f 7198 7200 7201
f 7198 7201 7196
f 7038 7202 7036
f 7036 7202 7203
f 7036 7203 7204
f 7204 7203 6994
f 6994 7203 6998
f 6994 6998 6995
f 6995 6998 6997
f 6995 6997 7168
f 7205 7206 7207
f 7207 7206 7208
f 7207 7208 7209
f 7206 7210 7208
f 7208 7210 7211
f 7208 7211 7165
f 7165 7211 7212
f 7165 7212 7166
f 7213 7214 7215
f 7216 7217 7218
f 7219 7216 7220
f 7212 7221 7166
f 7166 7221 7222
f 7166 7222 7173
f 7173 7222 7223
f 7224 7225 7226
f 7226 7225 7227
f 7226 7227 7228
f 7216 7218 7220
f 7220 7218 7229
f 7220 7229 7230
f 6990 6992 7231
f 7159 7232 7160
f 7160 7232 7153
f 7160 7153 7233
f 7233 7153 7155
f 7233 7155 7234
f 7234 7155 7235
f 7234 7235 7236
f 7237 7238 7239
f 7239 7238 7240
f 7240 7238 7241
f 7240 7241 7242
f 7243 7244 7245
f 7245 7244 7246
f 7247 7248 7249
f 7249 7248 7250
f 7249 7250 7251
f 7251 7250 7252
f 7021 7253 7022
f 7022 7253 7254
f 7022 7254 7193
f 7193 7254 7255
f 7193 7255 7192
f 7192 7255 7256
f 7192 7256 7257
f 7052 7258 7055
f 7055 7258 7259
f 7055 7259 7067
f 7067 7259 7260
f 7067 7260 7072
f 7052 7245 7258
f 7258 7245 7246
f 7258 7246 7259
f 7259 7246 7261
f 7259 7261 7262
f 7262 7261 7263
f 7262 7263 7264
f 7054 7005 7052
f 7052 7005 7007
f 7052 7007 7245
f 7245 7007 7265
f 7245 7265 7243
f 7243 7265 7266
f 7243 7266 7267
f 7267 7266 7268
f 7269 7260 7270
f 7270 7260 7259
f 7270 7259 7271
f 7271 7259 7262
f 7271 7262 7241
f 7241 7262 7264
f 7241 7264 7242
f 7230 7272 7220
f 7220 7272 7273
f 7220 7273 7274
f 7274 7273 7268
f 7274 7268 7195
f 7195 7268 7266
f 7195 7266 7197
f 7197 7266 7265
f 7197 7265 7198
f 7198 7265 7007
f 7198 7007 7040
f 7040 7007 7049
f 7040 7049 7042
f 7038 7008 7202
f 7202 7008 7010
f 7202 7010 7203
f 7203 7010 7031
f 7203 7031 6998
f 6998 7031 7033
f 6998 7033 6996
f 6996 7033 7161
f 7194 6993 7195
f 7195 6993 6995
f 7195 6995 7274
f 7274 6995 7171
f 7274 7171 7220
f 7220 7171 7173
f 7220 7173 7219
f 7219 7173 7223
f 7092 7269 7091
f 7091 7269 7270
f 7091 7270 7089
f 7089 7270 7271
f 7089 7271 7095
f 7095 7271 7241
f 7095 7241 7103
f 7103 7241 7238
f 7103 7238 7108
f 7108 7238 7237
f 7108 7237 7120
f 7120 7237 7228
f 7120 7228 7275
f 7275 7228 7227
f 6990 7229 6991
f 6991 7229 7218
f 6991 7218 6992
f 6992 7218 7178
f 6992 7178 7189
f 7189 7178 7177
f 7217 7214 7218
f 7218 7214 7213
f 7218 7213 7178
f 7178 7213 7181
f 7178 7181 7176
f 7176 7181 7183
f 7027 7026 7011
f 7011 7026 7209
f 7011 7209 7012
f 7012 7209 7208
f 7012 7208 7028
f 7028 7208 7165
f 7028 7165 7035
f 7035 7165 7167
f 7035 7167 7164
f 7257 7252 7192
f 7192 7252 7250
f 7192 7250 6992
f 6992 7250 7276
f 6992 7276 7231
f 7234 7231 7233
f 7233 7231 7276
f 7233 7276 7160
f 7160 7276 7250
f 7160 7250 7147
f 7147 7250 7248
f 7147 7248 7019
f 7019 7248 7247
f 7019 7247 7017
f 7215 7205 7213
f 7213 7205 7207
f 7213 7207 7181
f 7181 7207 7209
f 7181 7209 7179
f 7179 7209 7026
f 7179 7026 7016
f 7016 7026 7024
f 7016 7024 7014
f 7014 7024 7023
f 7130 7224 7131
f 7131 7224 7226
f 7131 7226 7132
f 7132 7226 7277
f 7132 7277 7134
f 7134 7277 7278
f 7134 7278 7137
f 7239 7236 7237
f 7237 7236 7235
f 7237 7235 7228
f 7228 7235 7155
f 7228 7155 7226
f 7226 7155 7148
f 7226 7148 7277
f 7277 7148 7150
f 7277 7150 7278
f 7278 7150 7004
f 7278 7004 7137
f 7137 7004 7003
f 7133 6886 7128
f 7128 6886 6887
f 7128 6887 7126
f 6862 7113 6887
f 6887 7113 7123
f 6887 7123 7126
f 7100 7084 6861
f 6861 7084 7111
f 6861 7111 6862
f 6862 7111 7117
f 6862 7117 7113
f 7100 6861 7090
f 7090 6861 6864
f 7090 6864 7082
f 6859 7075 6860
f 6860 7075 7078
f 6860 7078 6864
f 6864 7078 7080
f 6864 7080 7082
f 6893 7038 6880
f 6880 7038 7040
f 6880 7040 6885
f 6885 7040 7045
f 6885 7045 6883
f 6883 7045 7062
f 6883 7062 6859
f 6859 7062 7070
f 6859 7070 7075
f 7029 7009 6893
f 6893 7009 7008
f 6893 7008 7038
f 6856 7028 6858
f 6858 7028 7034
f 6858 7034 6879
f 6879 7034 7032
f 6879 7032 6893
f 6893 7032 7030
f 6893 7030 7029
f 7027 7011 6856
f 6856 7011 7013
f 6856 7013 7028
f 7027 6856 7025
f 7025 6856 6855
f 7025 6855 7023
f 7023 6855 6863
f 7023 6863 7014
f 7014 6863 7022
f 7022 6863 6888
f 7022 6888 7020
f 7020 6888 7019
f 7019 6888 6889
f 7019 6889 7001
f 7001 6889 6878
f 7001 6878 6999
f 6999 6878 6877
f 6999 6877 7144
f 7144 6877 6876
f 7144 6876 6872
f 7144 6872 7143
f 7143 6872 6873
f 7143 6873 7142
f 7142 6873 6874
f 7142 6874 7002
f 6874 6875 7002
f 7002 6875 7003
f 7003 6875 6865
f 7003 6865 7137
f 7137 6865 6866
f 7137 6866 7138
f 7138 6866 6867
f 7138 6867 7141
f 7141 6867 6868
f 7141 6868 7140
f 7140 6868 6869
f 7140 6869 7139
f 7139 6869 6870
f 7139 6870 6989
f 6988 6871 7135
f 7135 6871 6900
f 7135 6900 7136
f 7136 6900 6899
f 7136 6899 7133
f 7133 6899 6886
f 7249 7279 7247
f 7247 7279 7280
f 7247 7280 7017
f 7017 7280 7281
f 7017 7281 7018
f 7018 7281 7282
f 7018 7282 7021
f 7021 7282 7283
f 7021 7283 7253
f 7253 7283 7284
f 7253 7284 7254
f 7254 7284 7285
f 7254 7285 7255
f 7255 7285 7286
f 7255 7286 7256
f 7256 7286 7287
f 7256 7287 7257
f 7257 7287 7288
f 7257 7288 7252
f 7252 7288 7289
f 7252 7289 7251
f 7251 7289 7290
f 7251 7290 7249
f 7249 7290 7279
f 7279 7291 7280
f 7280 7291 7292
f 7280 7292 7281
f 7281 7292 7293
f 7281 7293 7282
f 7282 7293 7294
f 7282 7294 7283
f 7283 7294 7295
f 7283 7295 7284
f 7284 7295 7296
f 7284 7296 7285
f 7285 7296 7297
f 7285 7297 7286
f 7286 7297 7298
f 7286 7298 7287
f 7287 7298 7299
f 7287 7299 7288
f 7288 7299 7300
f 7288 7300 7289
f 7289 7300 7301
f 7289 7301 7290
f 7290 7301 7302
f 7290 7302 7279
f 7279 7302 7291
f 5452 7295 5448
f 5448 7295 7294
f 5448 7294 5443
f 5443 7294 7293
f 5443 7293 5444
f 5444 7293 7292
f 5444 7292 5446
f 5446 7292 7291
f 5446 7291 5472
f 5472 7291 7302
f 5472 7302 5442
f 5442 7302 7301
f 5442 7301 5504
f 5504 7301 7300
f 5504 7300 5505
f 5505 7300 7299
f 5505 7299 5449
f 5449 7299 7298
f 5449 7298 5450
f 5450 7298 7297
f 5450 7297 5451
f 5451 7297 7296
f 5451 7296 5452
f 5452 7296 7295
f 7231 5490 6990
f 6990 5490 5492
f 6990 5492 7229
f 7229 5492 5368
f 7229 5368 7230
f 7230 5368 5370
f 7230 5370 7272
f 7272 5370 5371
f 7272 5371 7273
f 7273 5371 5254
f 7273 5254 7268
f 7268 5254 5253
f 7268 5253 7267
f 7267 5253 5506
f 7267 5506 7243
f 7243 5506 5250
f 7243 5250 7244
f 7244 5250 5372
f 7244 5372 7246
f 7246 5372 5373
f 7246 5373 7261
f 7261 5373 7263
f 7263 5373 5375
f 7263 5375 7264
f 7264 5375 5376
f 7264 5376 7242
f 5376 5485 7242
f 7242 5485 5486
f 7242 5486 7240
f 7240 5486 5487
f 7240 5487 7239
f 7239 5487 5380
f 7239 5380 7236
f 7236 5380 5378
f 7236 5378 7234
f 7234 5378 5377
f 7234 5377 7231
f 7231 5377 5490
f 7050 5336 7051
f 7051 5336 5390
f 7051 5390 7053
f 7053 5390 5389
f 7053 5389 7054
f 7054 5389 5388
f 7054 5388 7005
f 7005 5388 5387
f 7005 5387 7006
f 7006 5387 5385
f 7006 5385 7047
f 7047 5385 5383
f 7047 5383 7048
f 7048 5383 5382
f 7048 5382 7049
f 7049 5382 5499
f 7049 5499 7042
f 7042 5499 5341
f 7042 5341 7043
f 7043 5341 5340
f 7043 5340 7044
f 7044 5340 5338
f 7044 5338 7046
f 7046 5338 5337
f 7046 5337 7050
f 7050 5337 5336
f 7121 5218 7122
f 7122 5218 5220
f 7122 5220 7124
f 7124 5220 5198
f 7124 5198 7125
f 7125 5198 5200
f 7125 5200 7127
f 7127 5200 5202
f 7127 5202 7129
f 7129 5202 5204
f 7129 5204 7130
f 7130 5204 5206
f 7130 5206 7224
f 7224 5206 5208
f 7224 5208 7225
f 7225 5208 5210
f 7225 5210 7227
f 7227 5210 5212
f 7227 5212 7275
f 7275 5212 5214
f 7275 5214 7120
f 7120 5214 5216
f 7120 5216 7121
f 7121 5216 5218
f 7102 7303 7085
f 7085 7303 7304
f 7085 7304 7086
f 7086 7304 7305
f 7086 7305 7093
f 7093 7305 7306
f 7093 7306 7094
f 7094 7306 7307
f 7094 7307 7096
f 7096 7307 7308
f 7096 7308 7097
f 7097 7308 7309
f 7097 7309 7087
f 7087 7309 7310
f 7087 7310 7088
f 7088 7310 7311
f 7088 7311 7098
f 7098 7311 7312
f 7098 7312 7099
f 7099 7312 7313
f 7099 7313 7101
f 7101 7313 7314
f 7101 7314 7102
f 7102 7314 7303
f 7304 7315 7305
f 7305 7315 7316
f 7305 7316 7306
f 7306 7316 7317
f 7306 7317 7307
f 7307 7317 7318
f 7307 7318 7308
f 7308 7318 7319
f 7308 7319 7309
f 7309 7319 7320
f 7309 7320 7310
f 7310 7320 7321
f 7310 7321 7311
f 7311 7321 7322
f 7311 7322 7312
f 7312 7322 7323
f 7312 7323 7313
f 7313 7323 7324
f 7313 7324 7314
f 7314 7324 7325
f 7314 7325 7303
f 7303 7325 7326
f 7303 7326 7304
f 7304 7326 7315
f 5296 7316 5302
f 5302 7316 7315
f 5302 7315 5300
f 5300 7315 7326
f 5300 7326 5298
f 5298 7326 7325
f 5298 7325 5303
f 5303 7325 7324
f 5303 7324 5309
f 5309 7324 7323
f 5309 7323 5310
f 5310 7323 7322
f 5310 7322 5311
f 5311 7322 7321
f 5311 7321 5306
f 5306 7321 7320
f 5306 7320 5307
f 5307 7320 7319
f 5307 7319 5308
f 5308 7319 7318
f 5308 7318 5295
f 5295 7318 7317
f 5295 7317 5296
f 5296 7317 7316
f 7214 7327 7215
f 7215 7327 7328
f 7215 7328 7205
f 7205 7328 7329
f 7205 7329 7206
f 7206 7329 7330
f 7206 7330 7210
f 7210 7330 7331
f 7210 7331 7211
f 7211 7331 7332
f 7211 7332 7212
f 7212 7332 7333
f 7212 7333 7221
f 7221 7333 7334
f 7221 7334 7222
f 7222 7334 7335
f 7222 7335 7223
f 7223 7335 7336
f 7223 7336 7219
f 7219 7336 7337
f 7219 7337 7216
f 7216 7337 7338
f 7216 7338 7217
f 7217 7338 7339
f 7217 7339 7214
f 7214 7339 7327
f 7338 7337 7340
f 7340 7337 7336
f 7340 7336 7341
f 7341 7336 7335
f 7341 7335 7342
f 7342 7335 7334
f 7342 7334 7343
f 7343 7334 7333
f 7343 7333 7344
f 7344 7333 7332
f 7344 7332 7345
f 7345 7332 7331
f 7345 7331 7346
f 7346 7331 7330
f 7346 7330 7347
f 7347 7330 7329
f 7347 7329 7348
f 7348 7329 7328
f 7348 7328 7349
f 7349 7328 7327
f 7349 7327 7350
f 7350 7327 7339
f 7350 7339 7351
f 7351 7339 7338
f 7351 7338 7340
f 5440 7347 5510
f 5510 7347 7348
f 5510 7348 5511
f 5511 7348 7349
f 5511 7349 5512
f 5512 7349 7350
f 5512 7350 5513
f 5513 7350 7351
f 5513 7351 5514
f 5514 7351 7340
f 5514 7340 5437
f 5437 7340 7341
f 5437 7341 5438
f 5438 7341 7342
f 5438 7342 5352
f 5352 7342 7343
f 5352 7343 5439
f 5439 7343 7344
f 5439 7344 5240
f 5240 7344 7345
f 5240 7345 5238
f 5238 7345 7346
f 5238 7346 5440
f 5440 7346 7347
f 7064 7352 7065
f 7065 7352 7353
f 7065 7353 7066
f 7066 7353 7354
f 7066 7354 7068
f 7068 7354 7355
f 7068 7355 7069
f 7069 7355 7356
f 7069 7356 7056
f 7056 7356 7357
f 7056 7357 7059
f 7059 7357 7358
f 7059 7358 7058
f 7058 7358 7359
f 7058 7359 7057
f 7057 7359 7360
f 7057 7360 7060
f 7060 7360 7361
f 7060 7361 7061
f 7061 7361 7362
f 7061 7362 7063
f 7063 7362 7363
f 7063 7363 7064
f 7064 7363 7352
f 7354 7364 7355
f 7355 7364 7365
f 7355 7365 7356
f 7356 7365 7366
f 7356 7366 7357
f 7357 7366 7367
f 7357 7367 7358
f 7358 7367 7368
f 7358 7368 7359
f 7359 7368 7369
f 7359 7369 7360
f 7360 7369 7370
f 7360 7370 7361
f 7361 7370 7371
f 7361 7371 7362
f 7362 7371 7372
f 7362 7372 7363
f 7363 7372 7373
f 7363 7373 7352
f 7352 7373 7374
f 7352 7374 7353
f 7353 7374 7375
f 7353 7375 7354
f 7354 7375 7364
f 5417 7366 5415
f 5415 7366 7365
f 5415 7365 5241
f 5241 7365 7364
f 5241 7364 5242
f 5242 7364 7375
f 5242 7375 5327
f 5327 7375 7374
f 5327 7374 5328
f 5328 7374 7373
f 5328 7373 5330
f 5330 7373 7372
f 5330 7372 5331
f 5331 7372 7371
f 5331 7371 5333
f 5333 7371 7370
f 5333 7370 5421
f 5421 7370 7369
f 5421 7369 5420
f 5420 7369 7368
f 5420 7368 5419
f 5419 7368 7367
f 5419 7367 5417
f 5417 7367 7366
f 7041 7376 7199
f 7199 7376 7377
f 7199 7377 7200
f 7200 7377 7378
f 7200 7378 7201
f 7201 7378 7379
f 7201 7379 7196
f 7196 7379 7380
f 7196 7380 7194
f 7194 7380 7381
f 7194 7381 6993
f 6993 7381 7382
f 6993 7382 6994
f 6994 7382 7383
f 6994 7383 7204
f 7204 7383 7384
f 7204 7384 7036
f 7036 7384 7385
f 7036 7385 7037
f 7037 7385 7386
f 7037 7386 7039
f 7039 7386 7387
f 7039 7387 7041
f 7041 7387 7376
f 7382 7388 7383
f 7383 7388 7389
f 7383 7389 7384
f 7384 7389 7390
f 7384 7390 7385
f 7385 7390 7391
f 7385 7391 7386
f 7386 7391 7392
f 7386 7392 7387
f 7387 7392 7393
f 7387 7393 7376
f 7376 7393 7394
f 7376 7394 7377
f 7377 7394 7395
f 7377 7395 7378
f 7378 7395 7396
f 7378 7396 7379
f 7379 7396 7397
f 7379 7397 7380
f 7380 7397 7398
f 7380 7398 7381
f 7381 7398 7399
f 7381 7399 7382
f 7382 7399 7388
f 5431 7388 5429
f 5429 7388 7399
f 5429 7399 5428
f 5428 7399 7398
f 5428 7398 5427
f 5427 7398 7397
f 5427 7397 5500
f 5500 7397 7396
f 5500 7396 5424
f 5424 7396 7395
f 5424 7395 5426
f 5426 7395 7394
f 5426 7394 5342
f 5342 7394 7393
f 5342 7393 5343
f 5343 7393 7392
f 5343 7392 5435
f 5435 7392 7391
f 5435 7391 5434
f 5434 7391 7390
f 5434 7390 5433
f 5433 7390 7389
f 5433 7389 5431
f 5431 7389 7388
f 7105 5279 7115
f 7115 5279 5289
f 7115 5289 7116
f 7116 5289 5294
f 7116 5294 7118
f 7118 5294 5293
f 7118 5293 7119
f 7119 5293 5291
f 7119 5291 7114
f 7114 5291 5290
f 7114 5290 7112
f 7112 5290 5287
f 7112 5287 7106
f 7106 5287 5286
f 7106 5286 7107
f 7107 5286 5285
f 7107 5285 7109
f 7109 5285 5284
f 7109 5284 7110
f 7110 5284 5282
f 7110 5282 7104
f 7104 5282 5280
f 7104 5280 7105
f 7105 5280 5279
f 7184 5392 7185
f 7185 5392 5247
f 7185 5247 7186
f 7186 5247 5249
f 7186 5249 7187
f 7187 5249 5503
f 7187 5503 7188
f 7188 5503 5402
f 7188 5402 7180
f 7180 5402 5403
f 7180 5403 7182
f 7182 5403 5405
f 7182 5405 7183
f 7183 5405 5408
f 7183 5408 7176
f 7176 5408 5407
f 7176 5407 7177
f 7177 5407 5406
f 7177 5406 7189
f 7189 5406 5396
f 7189 5396 7190
f 7190 5396 5395
f 7190 5395 7191
f 7191 5395 5393
f 7191 5393 7184
f 7184 5393 5392
f 5459 6996 5464
f 5464 6996 7161
f 5464 7161 5463
f 5463 7161 7162
f 5463 7162 5462
f 5462 7162 7163
f 5462 7163 5508
f 5508 7163 7164
f 5508 7164 5507
f 5507 7164 7167
f 5507 7167 5453
f 5453 7167 7175
f 5453 7175 5454
f 5454 7175 7174
f 5454 7174 5456
f 5456 7174 7172
f 5456 7172 5457
f 5457 7172 7170
f 5457 7170 5458
f 5458 7170 7169
f 5458 7169 5461
f 5461 7169 7168
f 5461 7168 5460
f 5460 7168 6997
f 5460 6997 5459
f 5459 6997 6996
f 5477 7146 5478
f 5478 7146 7145
f 5478 7145 5235
f 5235 7145 7152
f 5235 7152 5236
f 5236 7152 7151
f 5236 7151 5468
f 5468 7151 7149
f 5468 7149 5469
f 5469 7149 7157
f 5469 7157 5473
f 5473 7157 7156
f 5473 7156 5474
f 5474 7156 7154
f 5474 7154 5475
f 5475 7154 7153
f 5475 7153 5470
f 5470 7153 7232
f 5470 7232 5479
f 5479 7232 7159
f 5479 7159 5476
f 5476 7159 7158
f 5476 7158 5477
f 5477 7158 7146
f 5318 7079 5320
f 5320 7079 7077
f 5320 7077 5321
f 5321 7077 7076
f 5321 7076 5480
f 5480 7076 7074
f 5480 7074 5481
f 5481 7074 7073
f 5481 7073 5482
f 5482 7073 7071
f 5482 7071 5232
f 5232 7071 7072
f 5232 7072 5233
f 5233 7072 7260
f 5233 7260 5312
f 5312 7260 7269
f 5312 7269 5313
f 5313 7269 7092
f 5313 7092 5314
f 5314 7092 7083
f 5314 7083 5316
f 5316 7083 7081
f 5316 7081 5318
f 5318 7081 7079
f 7400 6673 6674
f 6688 6686 7401
f 7400 6674 7402
f 7402 6674 6671
f 7402 6671 7403
f 7403 6671 6670
f 7403 6670 7404
f 7404 6670 6669
f 7404 6669 7405
f 6690 7406 6639
f 6639 7406 7407
f 6639 7407 6640
f 6640 7407 7408
f 6640 7408 6669
f 6669 7408 7409
f 6669 7409 7405
f 7410 7411 6690
f 6690 7411 7412
f 6690 7412 7406
f 7401 7413 6688
f 6688 7413 7410
f 6688 7410 6689
f 6689 7410 6690
f 6680 7414 6681
f 6681 7414 7415
f 6681 7415 6682
f 6682 7415 7416
f 6682 7416 6684
f 6684 7416 7401
f 6684 7401 6686
f 7417 7418 6680
f 6680 7418 7419
f 6680 7419 7414
f 6680 6679 7417
f 7417 6679 6678
f 7417 6678 7420
f 7420 6678 7421
f 7421 6678 6677
f 7421 6677 7422
f 7422 6677 6676
f 7422 6676 7423
f 7423 6676 6675
f 7423 6675 7424
f 7424 6675 6672
f 7424 6672 7425
f 7425 6672 6673
f 7425 6673 7400
f 7420 7426 7417
f 7417 7426 7427
f 7417 7427 7418
f 7418 7427 7428
f 7418 7428 7419
f 7419 7428 7429
f 7419 7429 7414
f 7414 7429 7430
f 7414 7430 7415
f 7415 7430 7431
f 7415 7431 7416
f 7416 7431 7432
f 7416 7432 7401
f 7420 7421 7426
f 7426 7421 7422
f 7426 7422 7433
f 7433 7422 7423
f 7433 7423 7434
f 7434 7423 7424
f 7434 7424 7435
f 7435 7424 7425
f 7435 7425 7436
f 7436 7425 7400
f 7436 7400 7437
f 7434 7435 6188
f 5919 7427 6192
f 6192 7427 7426
f 6192 7426 6188
f 6188 7426 7433
f 6188 7433 7434
f 7438 7439 6187
f 7435 7436 6188
f 6188 7436 7437
f 6188 7437 6187
f 6187 7437 7440
f 6187 7440 7438
f 7432 7431 5907
f 7441 7442 5966
f 5966 7442 7443
f 5966 7443 7444
f 7444 7445 5966
f 5966 7445 7446
f 5966 7446 5907
f 5907 7446 7447
f 5907 7447 7432
f 7431 7430 5907
f 5907 7430 7429
f 5907 7429 5919
f 5919 7429 7428
f 5919 7428 7427
f 5962 6173 5964
f 5964 6173 6172
f 5964 6172 5966
f 5966 6172 6187
f 5966 6187 7441
f 7441 6187 7439
f 5963 6183 5961
f 5961 6183 6181
f 5961 6181 5959
f 5959 6181 6180
f 5959 6180 5960
f 5960 6180 6179
f 5960 6179 5962
f 5962 6179 6173
f 5905 6168 6166
f 5905 6166 5906
f 5906 6166 6164
f 5906 6164 5968
f 5968 6164 6162
f 5968 6162 5967
f 5967 6162 6184
f 5967 6184 5965
f 5965 6184 6183
f 5965 6183 5963
f 5893 6175 6174
f 5893 6174 5892
f 5892 6174 6170
f 5892 6170 5890
f 5890 6170 6168
f 5890 6168 5905
f 6175 5893 6177
f 6177 5893 5929
f 6177 5929 6178
f 6178 5929 5904
f 6178 5904 6151
f 6151 5904 5903
f 6151 5903 6160
f 6160 5903 5902
f 5887 6137 5885
f 5885 6137 6139
f 5885 6139 5927
f 5927 6139 6157
f 5927 6157 5928
f 5928 6157 6159
f 5928 6159 5902
f 5902 6159 6160
f 5886 6120 5908
f 5908 6120 6114
f 5908 6114 5909
f 5909 6114 6113
f 5909 6113 5910
f 5910 6113 6135
f 5910 6135 5887
f 5887 6135 6137
f 6121 6120 5884
f 5884 6120 5886
f 5942 6133 6131
f 5942 6131 5889
f 5889 6131 6129
f 5889 6129 5901
f 5901 6129 6127
f 5901 6127 5900
f 5900 6127 6125
f 5900 6125 5891
f 5891 6125 6123
f 5891 6123 5883
f 5883 6123 6121
f 5883 6121 5884
f 6134 6133 5943
f 5943 6133 5942
f 6134 5943 6118
f 6118 5943 5970
f 6118 5970 6142
f 6142 5970 5969
f 6142 5969 6143
f 6143 5969 5971
f 6143 5971 6144
f 6144 5971 5972
f 5880 6111 5881
f 5881 6111 5995
f 5881 5995 5944
f 5944 5995 6147
f 5944 6147 5941
f 5941 6147 6146
f 5941 6146 5972
f 5972 6146 6144
f 5882 6094 5948
f 5948 6094 6112
f 5948 6112 5949
f 5949 6112 6087
f 5949 6087 5950
f 5950 6087 6086
f 5950 6086 5880
f 5880 6086 6111
f 5931 6108 6106
f 5931 6106 5894
f 5894 6106 6104
f 5894 6104 5896
f 5896 6104 6102
f 5896 6102 5897
f 5897 6102 6100
f 5897 6100 5898
f 5898 6100 6098
f 5898 6098 5899
f 5899 6098 6096
f 5899 6096 5940
f 5940 6096 6094
f 5940 6094 5882
f 7448 6082 6110
f 7449 6083 7450
f 7450 6083 6082
f 7450 6082 7451
f 7451 6082 7448
f 6108 5931 6109
f 6109 5931 5914
f 6109 5914 6110
f 6110 5914 5912
f 6110 5912 7448
f 7448 5912 5911
f 6084 6083 7449
f 7449 7452 6084
f 6084 7452 7453
f 6084 7453 6077
f 6077 7453 7454
f 6077 7454 7455
f 6074 6073 7456
f 7456 6073 6079
f 7456 6079 7457
f 7457 6079 6077
f 7457 6077 7458
f 7458 6077 7455
f 6072 6071 7459
f 5826 5825 7460
f 7460 5825 6072
f 7460 6072 7461
f 7461 6072 7459
f 6075 6074 7456
f 7456 7462 6075
f 6075 7462 7463
f 6075 7463 6071
f 6071 7463 7464
f 6071 7464 7459
f 5828 7465 7466
f 7465 5828 7457
f 7457 5828 5829
f 7457 5829 5826
f 7466 5918 5828
f 5828 5918 5853
f 5828 5853 5827
f 5826 7460 7457
f 7457 7460 7461
f 7457 7461 7456
f 7459 7464 7463
f 7459 7463 7461
f 7461 7463 7462
f 7461 7462 7456
f 5951 7467 5888
f 5952 5917 7468
f 5915 5918 7466
f 7453 7469 7454
f 7452 7470 7471
f 7452 7449 7470
f 7470 7449 7450
f 7470 7450 7451
f 7455 7472 7458
f 7458 7472 7457
f 7472 7473 7457
f 7457 7473 7468
f 7457 7468 7465
f 7465 7468 5917
f 7465 5917 7466
f 7466 5917 5916
f 7466 5916 5915
f 7474 7475 7471
f 7471 7475 7476
f 7471 7476 7477
f 7477 7476 7478
f 7478 7479 7477
f 7477 7479 5913
f 7477 5913 7480
f 7480 5913 5930
f 7480 5930 5895
f 7474 7471 7481
f 7481 7471 7470
f 7481 7470 7482
f 7482 7470 7451
f 7482 7451 7448
f 7454 7469 7455
f 7455 7469 7483
f 7455 7483 7472
f 7472 7483 7484
f 7472 7484 7473
f 7473 7484 7467
f 7473 7467 7468
f 7468 7467 5951
f 7468 5951 5952
f 5888 7467 5895
f 5895 7467 7484
f 5895 7484 7480
f 7480 7484 7483
f 7480 7483 7477
f 7477 7483 7469
f 7477 7469 7471
f 7471 7469 7453
f 7471 7453 7452
f 7482 7448 5911
f 5911 5913 7479
f 7479 7478 5911
f 5911 7478 7476
f 5911 7476 7475
f 7475 7474 5911
f 5911 7474 7481
f 5911 7481 7482
f 6209 5920 6210
f 6210 5920 5947
f 6210 5947 6211
f 6211 5947 5946
f 6211 5946 6193
f 6193 5946 5945
f 6193 5945 6192
f 6192 5945 5919
f 5920 6209 6208
f 5920 6208 5921
f 5921 6208 6203
f 5921 6203 5922
f 5922 6203 6201
f 5922 6201 5936
f 5936 6201 6199
f 5936 6199 5935
f 5935 6199 6197
f 5935 6197 5934
f 5934 6197 6195
f 5934 6195 5926
f 5926 6195 5994
f 5926 5994 5955
f 5955 5994 5993
f 5955 5993 5957
f 5957 5993 5958
f 5958 5993 6217
f 5958 6217 5937
f 5937 6217 6216
f 5937 6216 5938
f 5938 6216 6215
f 5938 6215 5939
f 5939 6215 6213
f 7485 7486 5925
f 7486 7487 5925
f 5925 7487 7488
f 5925 7488 5923
f 7485 5925 7489
f 7489 5925 5924
f 7489 5924 6221
f 5939 6213 5956
f 5956 6213 6214
f 5956 6214 5954
f 5954 6214 6220
f 5954 6220 5924
f 5924 6220 6226
f 5924 6226 6221
f 7488 7490 5923
f 5923 7490 7491
f 5923 7491 5953
f 7492 5979 7493
f 7493 5979 5976
f 7493 5976 7494
f 7490 7492 7491
f 7491 7492 7493
f 7491 7493 5953
f 5953 7493 7494
f 5953 7494 5933
f 5933 7494 5976
f 5933 5976 5932
f 7495 7485 7489
f 7496 7497 7498
f 7497 7496 7492
f 7492 7496 7499
f 7492 7499 5979
f 7490 7488 7500
f 7500 7488 7487
f 7500 7487 7501
f 7501 7487 7486
f 7492 7490 7497
f 7497 7490 7500
f 7497 7500 7498
f 7498 7500 7501
f 7498 7501 7495
f 7495 7501 7486
f 7495 7486 7485
f 6223 6232 5977
f 5977 7496 6223
f 6223 7496 7498
f 6223 7498 6221
f 6221 7498 7495
f 6221 7495 7489
f 5977 6232 5975
f 5975 6232 5984
f 7496 5977 7499
f 7499 5977 5979
f 7401 7432 7447
f 7401 7447 7413
f 7447 7446 7413
f 7413 7446 7445
f 7413 7445 7410
f 7410 7445 7444
f 7408 7407 7442
f 7442 7407 7406
f 7442 7406 7443
f 7443 7406 7412
f 7443 7412 7444
f 7444 7412 7411
f 7444 7411 7410
f 7408 7442 7409
f 7409 7442 7441
f 7409 7441 7405
f 7405 7441 7439
f 7405 7439 7404
f 7439 7438 7404
f 7404 7438 7440
f 7404 7440 7403
f 7403 7440 7402
f 7402 7440 7437
f 7402 7437 7400
f 7502 6580 6581
f 6580 7502 6579
f 6579 7502 6566
f 7502 6581 6566
f 6012 6308 6391
f 6394 6376 6020
f 6012 6391 6017
f 6017 6391 6365
f 6017 6365 6018
f 6020 6021 6394
f 6394 6021 6018
f 6394 6018 6364
f 6364 6018 6365
f 6294 5748 5747
f 6294 5747 6295
f 6288 5737 6289
f 6289 5737 5736
f 6289 5736 6290
f 6290 5736 5755
f 6290 5755 6285
f 6285 5755 5756
f 6285 5756 6286
f 6286 5756 5754
f 5747 5746 6295
f 6295 5746 5745
f 6295 5745 6288
f 6288 5745 5744
f 6288 5744 5737
f 5753 6259 5754
f 5754 6259 6286
f 6268 6265 5751
f 5735 5734 5743
f 5743 5734 6268
f 5743 6268 5738
f 5738 6268 5751
f 6264 6259 5753
f 5753 5752 6264
f 6264 5752 5750
f 6264 5750 6265
f 6265 5750 5749
f 6265 5749 5751
f 6307 6324 5759
f 5740 5739 6314
f 6314 6312 5740
f 5740 6312 6310
f 5740 6310 5759
f 5759 6310 6334
f 5759 6334 6307
f 5772 5771 6324
f 6324 5771 5759
f 5759 5771 5776
f 5759 5776 5757
f 7503 7504 7505
f 7506 7507 7504
f 7504 7507 5766
f 7504 5766 7508
f 7508 5766 7509
f 7510 7511 7512
f 7512 7511 7503
f 7512 7503 7513
f 7513 7503 7505
f 7504 7503 7506
f 7506 7503 7514
f 7506 7514 7515
f 5768 5775 6324
f 6324 5775 5774
f 6324 5774 5772
f 6324 6326 5768
f 5768 6326 6331
f 5768 6331 5766
f 5766 6331 6330
f 5766 6330 7509
f 7516 7517 7514
f 7514 7517 7518
f 7514 7518 7515
f 6026 5767 5766
f 7514 6041 7516
f 7516 6041 6024
f 6027 7518 6024
f 6024 7518 7517
f 6024 7517 7516
f 5766 7507 6026
f 6026 7507 7506
f 6026 7506 6027
f 6027 7506 7515
f 6027 7515 7518
f 6041 7514 6004
f 6004 7514 7503
f 7509 6330 6015
f 6015 6016 7509
f 7509 6016 6006
f 7509 6006 7508
f 7512 7513 6007
f 6007 7513 7505
f 6007 7505 6006
f 6006 7505 7504
f 6006 7504 7508
f 6007 6001 7512
f 7512 6001 6002
f 7512 6002 7510
f 6004 7503 6002
f 6002 7503 7511
f 6002 7511 7510
f 6040 6030 5798
f 5765 5764 5796
f 5796 5764 6040
f 5796 6040 5797
f 5797 6040 5798
f 6050 6049 5787
f 5787 5788 6050
f 6050 5788 5803
f 6050 5803 6030
f 6030 5803 5802
f 6030 5802 5798
f 6054 6053 5804
f 6049 6047 5787
f 5787 6047 6045
f 5787 6045 5804
f 5804 6045 6043
f 5804 6043 6054
f 6055 5831 5795
f 5804 6053 5805
f 5805 6053 6052
f 6051 5800 6052
f 6052 5800 5799
f 6052 5799 5805
f 5795 5794 6055
f 6055 5794 5793
f 6055 5793 6051
f 6051 5793 5801
f 6051 5801 5800
f 6239 6230 5605
f 5598 5597 5602
f 5602 5597 6239
f 5602 6239 5603
f 5603 6239 5605
f 6229 6248 5604
f 5604 5608 6229
f 6229 5608 5607
f 6229 5607 6230
f 6230 5607 5606
f 6230 5606 5605
f 6249 5601 6248
f 6248 5601 5604
f 5601 6249 6251
f 5601 6251 5690
f 5690 6251 6252
f 5690 6252 5691
f 5691 6252 6254
f 5691 6254 5692
f 5692 6254 5705
f 5705 6254 6256
f 5705 6256 6263
f 6266 5715 5706
f 5705 6263 5708
f 5708 6263 6262
f 6260 5710 6262
f 6262 5710 5709
f 6262 5709 5708
f 5706 5707 6266
f 6266 5707 5704
f 6266 5704 6260
f 6260 5704 5703
f 6260 5703 5710
f 7519 6196 7520
f 7520 6196 6198
f 7520 6198 7521
f 7521 6198 6200
f 7521 6200 7522
f 7522 6200 6202
f 7522 6202 7523
f 7523 6202 6204
f 7523 6204 7524
f 7524 6204 6207
f 7524 6207 7525
f 7525 6207 6206
f 7525 6206 7526
f 7526 6206 6205
f 7526 6205 7527
f 7527 6205 6189
f 7527 6189 7528
f 7528 6189 6190
f 7528 6190 7529
f 7529 6190 6191
f 7529 6191 7530
f 7530 6191 6194
f 7530 6194 7519
f 7519 6194 6196
f 7521 7522 7520
f 7520 7522 7523
f 7527 7528 7526
f 7526 7528 7529
f 7526 7529 7525
f 7519 7520 7530
f 7530 7520 7523
f 7530 7523 7529
f 7529 7523 7524
f 7529 7524 7525
f 6281 7531 6278
f 6278 7531 7532
f 7533 6272 7534
f 7534 6272 6273
f 7534 6273 7535
f 7535 6273 6274
f 7535 6274 7536
f 7537 7538 6275
f 6275 7538 7539
f 6275 7539 6274
f 6274 7539 7540
f 6274 7540 7536
f 7532 7541 6278
f 6278 7541 7542
f 6278 7542 6277
f 6277 7542 7537
f 6277 7537 6276
f 6276 7537 6275
f 6272 7533 7543
f 6272 7543 6271
f 7531 6281 7544
f 7544 6281 6280
f 7544 6280 7545
f 7545 6280 6279
f 6267 7546 6279
f 6279 7546 7547
f 6279 7547 7545
f 7543 7548 6271
f 6271 7548 7549
f 6271 7549 6270
f 6270 7549 7550
f 6270 7550 6269
f 6269 7550 7551
f 6269 7551 6267
f 6267 7551 7552
f 6267 7552 7546
f 7537 7551 7538
f 7538 7551 7550
f 7537 7542 7551
f 7551 7542 7541
f 7551 7541 7532
f 7531 7544 7532
f 7532 7544 7545
f 7532 7545 7547
f 7547 7546 7532
f 7532 7546 7552
f 7532 7552 7551
f 7550 7549 7538
f 7538 7549 7548
f 7538 7548 7543
f 7533 7534 7543
f 7543 7534 7535
f 7543 7535 7536
f 7536 7540 7543
f 7543 7540 7539
f 7543 7539 7538
f 6247 6238 7553
f 7554 6241 7555
f 7555 6241 6242
f 7555 6242 7556
f 7556 6242 6243
f 6244 7557 6243
f 6243 7557 7558
f 6243 7558 7556
f 6245 7559 6244
f 6244 7559 7560
f 6244 7560 7557
f 7561 7562 6245
f 6245 7562 7563
f 6245 7563 7559
f 7553 7564 6247
f 6247 7564 7561
f 6247 7561 6246
f 6246 7561 6245
f 6240 6241 7554
f 6237 6236 7565
f 7553 6238 7566
f 7566 6238 6237
f 7566 6237 7567
f 7567 6237 7565
f 6234 7568 6235
f 6235 7568 7569
f 6235 7569 6236
f 6236 7569 7570
f 6236 7570 7565
f 7554 7571 6240
f 6240 7571 7572
f 6240 7572 6233
f 6233 7572 7573
f 6233 7573 6234
f 6234 7573 7574
f 6234 7574 7568
f 7566 7574 7553
f 7553 7574 7564
f 7565 7570 7569
f 7555 7563 7554
f 7554 7563 7571
f 7563 7562 7571
f 7571 7562 7561
f 7571 7561 7572
f 7572 7561 7564
f 7572 7564 7573
f 7573 7564 7574
f 7566 7567 7574
f 7574 7567 7565
f 7574 7565 7568
f 7568 7565 7569
f 7558 7557 7560
f 7555 7556 7563
f 7563 7556 7558
f 7563 7558 7559
f 7559 7558 7560
f 7575 6132 7576
f 7576 6132 6117
f 7576 6117 7577
f 7577 6117 6116
f 7577 6116 7578
f 7578 6116 6141
f 7578 6141 7579
f 7579 6141 6140
f 7579 6140 7580
f 7580 6140 6115
f 7580 6115 7581
f 7581 6115 6119
f 7581 6119 7582
f 7582 6119 6122
f 7582 6122 7583
f 7583 6122 6124
f 7583 6124 7584
f 7584 6124 6126
f 7584 6126 7585
f 7585 6126 6128
f 7585 6128 7586
f 7586 6128 6130
f 7586 6130 7575
f 7575 6130 6132
f 7580 7581 7575
f 7575 7581 7582
f 7585 7586 7584
f 7584 7586 7575
f 7584 7575 7583
f 7583 7575 7582
f 7579 7580 7578
f 7578 7580 7575
f 7578 7575 7577
f 7577 7575 7576
f 7587 6088 7588
f 7588 6088 6089
f 7588 6089 7589
f 7589 6089 6091
f 7589 6091 7590
f 7590 6091 6092
f 7590 6092 7591
f 7591 6092 6093
f 7591 6093 7592
f 7592 6093 6095
f 7592 6095 7593
f 7593 6095 6097
f 7593 6097 7594
f 7594 6097 6099
f 7594 6099 7595
f 7595 6099 6101
f 7595 6101 7596
f 7596 6101 6103
f 7596 6103 7597
f 7597 6103 6105
f 7597 6105 7598
f 7598 6105 6107
f 7598 6107 7587
f 7587 6107 6088
f 7597 7598 7587
f 7587 7588 7593
f 7593 7588 7589
f 7589 7590 7593
f 7593 7590 7591
f 7593 7591 7592
f 7596 7597 7595
f 7595 7597 7587
f 7595 7587 7594
f 7594 7587 7593
f 6068 6067 7599
f 6062 7600 6056
f 6056 7600 7601
f 6065 7602 6064
f 6064 7602 7603
f 6064 7603 6062
f 6062 7603 7604
f 6062 7604 7600
f 6070 7605 6065
f 6065 7605 7606
f 6065 7606 7602
f 7599 7607 6068
f 6068 7607 7608
f 6068 7608 6069
f 6069 7608 7609
f 6069 7609 6070
f 6070 7609 7610
f 6070 7610 7605
f 6057 6056 7601
f 7599 6067 7611
f 7611 6067 6066
f 7611 6066 7612
f 7612 6066 6058
f 7612 6058 7613
f 7613 6058 7614
f 7614 6058 6059
f 7614 6059 7615
f 7616 7617 6060
f 6060 7617 7618
f 6060 7618 6059
f 6059 7618 7619
f 6059 7619 7615
f 7601 7620 6057
f 6057 7620 7616
f 6057 7616 6061
f 6061 7616 6060
f 7613 7614 7615
f 7603 7602 7606
f 7619 7618 7608
f 7608 7618 7617
f 7608 7617 7609
f 7609 7617 7616
f 7609 7616 7610
f 7610 7616 7605
f 7607 7599 7611
f 7611 7612 7607
f 7607 7612 7613
f 7607 7613 7608
f 7608 7613 7615
f 7608 7615 7619
f 7620 7601 7600
f 7600 7604 7620
f 7620 7604 7603
f 7620 7603 7616
f 7616 7603 7606
f 7616 7606 7605
f 6023 6022 7621
f 7621 6022 7622
f 6031 7623 6029
f 6029 7623 7624
f 6029 7624 6022
f 6022 7624 7625
f 6022 7625 7622
f 6032 7626 6031
f 6031 7626 7627
f 6031 7627 7623
f 6038 7628 6039
f 6039 7628 7629
f 6039 7629 6032
f 6032 7629 7630
f 6032 7630 7626
f 7631 7632 7633
f 7634 7628 7633
f 7633 7628 6038
f 7633 6038 6037
f 7633 6037 7631
f 7634 7635 7628
f 7628 7635 7636
f 7628 7636 7629
f 7637 7638 7635
f 7623 7627 7636
f 7638 7639 7635
f 7635 7639 7640
f 7635 7640 7636
f 7627 7626 7636
f 7636 7626 7630
f 7636 7630 7629
f 7635 7632 7631
f 7621 7622 7641
f 7641 7622 7625
f 7641 7625 7636
f 7636 7625 7624
f 7636 7624 7623
f 7642 7637 7643
f 7643 7637 7635
f 7643 7635 7644
f 7644 7635 7631
f 7644 7631 7645
f 7633 7635 7634
f 7635 7633 7632
f 6025 6023 7621
f 7631 6037 7645
f 7645 6037 6036
f 7645 6036 7644
f 7644 6036 6028
f 7644 6028 7643
f 7643 6028 7642
f 7642 6028 6033
f 7642 6033 7637
f 7636 7640 6034
f 6034 7640 7639
f 6034 7639 6033
f 6033 7639 7638
f 6033 7638 7637
f 7621 7641 6025
f 6025 7641 7636
f 6025 7636 6035
f 6035 7636 6034
f 7646 6167 7647
f 7647 6167 6169
f 7647 6169 7648
f 7648 6169 6171
f 7648 6171 7649
f 7649 6171 6176
f 7649 6176 7650
f 7650 6176 6153
f 7650 6153 7651
f 7651 6153 6154
f 7651 6154 7652
f 7652 6154 6149
f 7652 6149 7653
f 7653 6149 6148
f 7653 6148 7654
f 7654 6148 6182
f 7654 6182 7655
f 7655 6182 6161
f 7655 6161 7656
f 7656 6161 6163
f 7656 6163 7657
f 7657 6163 6165
f 7657 6165 7646
f 7646 6165 6167
f 7651 7652 7653
f 7649 7650 7648
f 7648 7650 7651
f 7648 7651 7647
f 7647 7651 7653
f 7647 7653 7654
f 7657 7646 7656
f 7656 7646 7647
f 7656 7647 7655
f 7655 7647 7654
f 7658 5638 7659
f 7659 5638 5622
f 7659 5622 5833
f 5638 7658 5637
f 5637 7658 7660
f 5637 7660 5616
f 5616 7660 7661
f 5616 7661 5614
f 5614 7661 7662
f 5614 7662 5625
f 5625 7662 7663
f 5625 7663 5668
f 5668 7663 7664
f 7665 5669 7664
f 7664 5669 5668
f 7666 5676 7667
f 7667 5676 5658
f 7667 5658 7668
f 7668 5658 5656
f 7668 5656 7665
f 7665 5656 5669
f 7662 7661 7663
f 7663 7661 7660
f 7663 7660 7664
f 7664 7660 7658
f 7664 7658 7665
f 7667 7668 7666
f 7666 7668 7665
f 7669 7666 7670
f 7670 7666 7665
f 7670 7665 7671
f 7671 7665 7658
f 7671 7658 7672
f 7672 7658 7659
f 7671 5660 7670
f 7670 5660 5674
f 7670 5674 7669
f 7669 5674 5675
f 7669 5675 7666
f 7666 5675 5676
f 5836 5661 7672
f 7672 5661 5660
f 7672 5660 7671
f 5836 7672 5837
f 5837 7672 7659
f 5837 7659 5832
f 5832 7659 5833
f 5779 5726 5780
f 5780 5726 5725
f 5780 5725 5758
f 5758 5725 5723
f 7673 5727 5726
f 7673 5726 7674
f 7674 5726 5779
f 7674 5779 5778
f 7674 5778 7675
f 7675 5778 5777
f 7675 5777 5784
f 5784 5783 7675
f 7675 5783 5762
f 7675 5762 5761
f 5641 7676 5643
f 5643 7676 7675
f 5643 7675 5761
f 7677 7675 7676
f 7675 7677 7674
f 7674 7677 7678
f 7674 7678 7673
f 7679 7680 7681
f 7681 7680 7677
f 7681 7677 7682
f 7682 7677 7676
f 5654 5718 5653
f 5653 5718 7678
f 5653 7678 7677
f 5653 7677 5652
f 5652 7677 7680
f 5652 7680 5615
f 5615 7680 7679
f 5615 7679 5617
f 5617 7679 7681
f 5617 7681 5618
f 5618 7681 7682
f 5618 7682 5641
f 5641 7682 7676
f 5727 7673 5719
f 5719 7673 7678
f 5719 7678 5717
f 5717 7678 5718
f 5357 5355 5545
f 5569 5567 5349
f 5524 5332 5334
f 5524 5334 5533
f 5533 5334 5339
f 5533 5339 5531
f 5339 5498 5531
f 5531 5498 5425
f 5531 5425 5565
f 5565 5425 5344
f 5344 5346 5565
f 5565 5346 5348
f 5565 5348 5567
f 5567 5348 5259
f 5567 5259 5349
f 5349 5351 5569
f 5569 5351 5353
f 5569 5353 5545
f 5545 5353 5358
f 5545 5358 5357
f 5355 5354 5545
f 5545 5354 5257
f 5545 5257 5543
f 5543 5257 5256
f 5256 5398 5543
f 5543 5398 5365
f 5543 5365 5541
f 5541 5365 5364
f 5364 5362 5541
f 5541 5362 5360
f 5541 5360 5516
f 5516 5360 5264
f 5213 5411 5215
f 5215 5411 5413
f 5228 5219 5414
f 5414 5219 5217
f 5414 5217 5244
f 5244 5217 5215
f 5244 5215 5245
f 5245 5215 5413
f 5207 5222 5209
f 5209 5222 5273
f 5209 5273 5211
f 5211 5273 5465
f 5211 5465 5213
f 5213 5465 5409
f 5213 5409 5411
f 6402 6011 6366
f 6366 6011 6019
f 6366 6019 6367
f 6367 6019 6020
f 6367 6020 6376
f 7683 7684 7685
f 7686 7687 7688
f 7689 7690 7691
f 7692 7693 7694
f 7695 7696 7697
f 7695 7697 7698
f 7699 7698 7700
f 7701 7702 7703
f 7703 7702 7704
f 7705 7706 7703
f 7703 7706 7707
f 7703 7707 7701
f 7708 7709 7710
f 7710 7709 7711
f 7710 7711 7712
f 7712 7711 7713
f 7712 7713 7714
f 7714 7713 7715
f 7714 7715 7716
f 7716 7715 7717
f 7716 7717 7718
f 7718 7717 7719
f 7718 7719 7720
f 7720 7719 7721
f 7720 7721 7722
f 7723 7724 7725
f 7725 7724 7726
f 7725 7726 7727
f 7727 7726 7728
f 7727 7728 7729
f 7729 7728 7730
f 7729 7730 7731
f 7731 7730 7732
f 7732 7730 7733
f 7732 7733 7734
f 7735 7736 7737
f 7737 7736 7738
f 7737 7738 7739
f 7734 7733 7740
f 7740 7733 7741
f 7740 7741 7739
f 7739 7741 7742
f 7739 7742 7737
f 7743 7744 7745
f 7745 7744 7746
f 7688 7747 7748
f 7748 7747 7749
f 7749 7747 7750
f 7749 7750 7751
f 7751 7750 7752
f 7752 7750 7753
f 7752 7753 7754
f 7755 7756 7757
f 7757 7756 7758
f 7757 7758 7759
f 7759 7758 7760
f 7759 7760 7761
f 7762 7763 7764
f 7764 7763 7765
f 7764 7765 7766
f 7766 7765 7767
f 7766 7767 7768
f 7768 7767 7769
f 7768 7769 7761
f 7761 7769 7770
f 7771 7772 7773
f 7773 7772 7774
f 7775 7776 7777
f 7777 7776 7778
f 7777 7778 7779
f 7779 7778 7773
f 7779 7773 7683
f 7683 7773 7774
f 7683 7774 7684
f 7748 7780 7688
f 7688 7780 7744
f 7688 7744 7686
f 7686 7744 7743
f 7687 7771 7688
f 7688 7771 7773
f 7688 7773 7747
f 7747 7773 7778
f 7747 7778 7750
f 7750 7778 7776
f 7750 7776 7753
f 7753 7776 7775
f 7753 7775 7781
f 7699 7700 7782
f 7782 7700 7783
f 7782 7783 7784
f 7784 7783 7785
f 7784 7785 7786
f 7787 7788 7789
f 7789 7788 7790
f 7789 7790 7791
f 7791 7790 7704
f 7791 7704 7792
f 7792 7704 7702
f 7786 7787 7784
f 7784 7787 7789
f 7784 7789 7782
f 7782 7789 7791
f 7782 7791 7699
f 7699 7791 7792
f 7746 7689 7745
f 7745 7689 7691
f 7745 7691 7743
f 7743 7691 7793
f 7743 7793 7686
f 7686 7793 7794
f 7686 7794 7687
f 7687 7794 7795
f 7687 7795 7771
f 7771 7795 7796
f 7771 7796 7772
f 7772 7796 7797
f 7772 7797 7774
f 7774 7797 7798
f 7774 7798 7684
f 7684 7798 7799
f 7684 7799 7685
f 7685 7799 7800
f 7685 7800 7801
f 7801 7800 7802
f 7801 7802 7803
f 7803 7802 7804
f 7785 7805 7786
f 7786 7805 7803
f 7786 7803 7787
f 7787 7803 7804
f 7787 7804 7788
f 7788 7804 7806
f 7788 7806 7790
f 7790 7806 7807
f 7790 7807 7704
f 7704 7807 7808
f 7704 7808 7703
f 7809 7708 7810
f 7810 7708 7710
f 7810 7710 7811
f 7811 7710 7712
f 7811 7712 7812
f 7812 7712 7714
f 7693 7735 7694
f 7694 7735 7737
f 7694 7737 7813
f 7813 7737 7742
f 7813 7742 7814
f 7814 7742 7741
f 7814 7741 7815
f 7815 7741 7733
f 7815 7733 7816
f 7816 7733 7730
f 7816 7730 7817
f 7817 7730 7728
f 7817 7728 7818
f 7818 7728 7726
f 7818 7726 7809
f 7809 7726 7724
f 7809 7724 7708
f 7708 7724 7723
f 7708 7723 7709
f 7690 7692 7691
f 7691 7692 7694
f 7691 7694 7793
f 7793 7694 7813
f 7793 7813 7794
f 7794 7813 7814
f 7794 7814 7795
f 7795 7814 7815
f 7795 7815 7796
f 7796 7815 7816
f 7796 7816 7797
f 7797 7816 7817
f 7797 7817 7798
f 7798 7817 7818
f 7798 7818 7799
f 7799 7818 7809
f 7799 7809 7800
f 7800 7809 7810
f 7800 7810 7802
f 7802 7810 7811
f 7802 7811 7804
f 7804 7811 7812
f 7804 7812 7806
f 7806 7812 7714
f 7806 7714 7807
f 7807 7714 7716
f 7807 7716 7808
f 7808 7716 7718
f 7808 7718 7703
f 7703 7718 7720
f 7703 7720 7705
f 7705 7720 7722
f 7696 7762 7697
f 7697 7762 7764
f 7697 7764 7819
f 7819 7764 7766
f 7819 7766 7820
f 7820 7766 7768
f 7821 7822 7823
f 7824 7825 7826
f 7826 7825 7827
f 7826 7827 7828
f 7828 7827 7829
f 7828 7829 7823
f 7823 7829 7830
f 7823 7830 7821
f 7821 7830 7831
f 7755 7831 7756
f 7756 7831 7830
f 7756 7830 7758
f 7758 7830 7829
f 7758 7829 7760
f 7760 7829 7827
f 7760 7827 7761
f 7761 7827 7825
f 7761 7825 7768
f 7768 7825 7824
f 7768 7824 7820
f 7832 7781 7755
f 7755 7781 7775
f 7755 7775 7831
f 7831 7775 7777
f 7831 7777 7821
f 7821 7777 7779
f 7821 7779 7822
f 7822 7779 7683
f 7822 7683 7823
f 7823 7683 7685
f 7823 7685 7828
f 7828 7685 7801
f 7828 7801 7826
f 7826 7801 7803
f 7826 7803 7824
f 7824 7803 7805
f 7824 7805 7820
f 7820 7805 7785
f 7820 7785 7819
f 7819 7785 7783
f 7819 7783 7697
f 7697 7783 7700
f 7697 7700 7698
f 7698 7700 7698
f 7762 7833 7763
f 7834 7835 7836
f 7837 7838 7839
f 7840 7841 7842
f 7843 7844 7845
f 7843 7846 7844
f 7844 7846 7847
f 7844 7847 7848
f 7849 7850 7706
f 7721 7851 7722
f 7722 7851 7849
f 7722 7849 7705
f 7705 7849 7706
f 7792 7852 7699
f 7699 7852 7853
f 7699 7853 7854
f 7792 7702 7852
f 7852 7702 7701
f 7852 7701 7850
f 7850 7701 7707
f 7850 7707 7706
f 7695 7698 7854
f 7854 7698 7698
f 7854 7698 7699
f 7855 7856 7857
f 7857 7856 7858
f 7857 7858 7859
f 7859 7858 7860
f 7859 7860 7861
f 7837 7839 7862
f 7862 7839 7863
f 7862 7863 7864
f 7835 7848 7836
f 7836 7848 7847
f 7836 7847 7865
f 7866 7834 7867
f 7867 7834 7836
f 7867 7836 7868
f 7868 7836 7865
f 7868 7865 7869
f 7851 7866 7849
f 7849 7866 7867
f 7849 7867 7850
f 7850 7867 7868
f 7850 7868 7852
f 7852 7868 7869
f 7852 7869 7853
f 7870 7855 7871
f 7871 7855 7857
f 7871 7857 7872
f 7872 7857 7859
f 7872 7859 7873
f 7873 7859 7861
f 7873 7861 7874
f 7874 7861 7875
f 7874 7875 7876
f 7877 7837 7878
f 7878 7837 7862
f 7878 7862 7870
f 7870 7862 7864
f 7870 7864 7855
f 7762 7696 7833
f 7833 7696 7695
f 7833 7695 7879
f 7879 7695 7854
f 7879 7854 7880
f 7880 7854 7853
f 7880 7853 7881
f 7881 7853 7869
f 7881 7869 7882
f 7882 7869 7865
f 7882 7865 7883
f 7883 7865 7847
f 7883 7847 7884
f 7884 7847 7846
f 7884 7846 7885
f 7885 7846 7843
f 7885 7843 7840
f 7840 7843 7845
f 7840 7845 7841
f 7842 7877 7840
f 7840 7877 7878
f 7840 7878 7885
f 7885 7878 7870
f 7885 7870 7884
f 7884 7870 7871
f 7884 7871 7883
f 7883 7871 7872
f 7883 7872 7882
f 7882 7872 7873
f 7882 7873 7881
f 7881 7873 7874
f 7881 7874 7880
f 7880 7874 7876
f 7880 7876 7879
f 7886 7838 7887
f 7886 7887 7888
f 7889 7890 7891
f 7891 7890 7892
f 7891 7892 7893
f 7746 7894 7689
f 7689 7894 7893
f 7689 7893 7690
f 7690 7893 7892
f 7690 7892 7692
f 7692 7892 7693
f 7895 7738 7736
f 7896 7897 7898
f 7898 7897 7895
f 7898 7895 7899
f 7899 7895 7736
f 7899 7736 7735
f 7900 7901 7902
f 7902 7901 7837
f 7902 7837 7877
f 7838 7837 7887
f 7887 7837 7901
f 7887 7901 7898
f 7898 7901 7900
f 7898 7900 7896
f 7735 7693 7899
f 7899 7693 7892
f 7899 7892 7898
f 7898 7892 7890
f 7898 7890 7887
f 7887 7890 7889
f 7887 7889 7888
f 7863 7839 7903
f 7904 7886 7888
f 7905 7757 7759
f 7888 7889 7904
f 7904 7889 7891
f 7904 7891 7893
f 7905 7753 7781
f 7905 7759 7906
f 7906 7759 7761
f 7906 7761 7770
f 7781 7832 7905
f 7905 7832 7755
f 7905 7755 7757
f 7858 7856 7903
f 7751 7752 7905
f 7905 7752 7754
f 7905 7754 7753
f 7770 7769 7906
f 7906 7769 7767
f 7906 7767 7765
f 7858 7903 7860
f 7856 7855 7903
f 7903 7855 7864
f 7903 7864 7863
f 7893 7894 7904
f 7904 7894 7746
f 7904 7746 7744
f 7744 7780 7904
f 7904 7780 7748
f 7904 7748 7905
f 7905 7748 7749
f 7905 7749 7751
f 7876 7875 7903
f 7903 7875 7861
f 7903 7861 7860
f 7765 7763 7906
f 7906 7763 7833
f 7906 7833 7903
f 7903 7833 7879
f 7903 7879 7876
f 7907 7908 7909
f 7909 7908 7910
f 7909 7910 7911
f 7911 7910 7912
f 7911 7912 7913
f 7914 7915 7916
f 7917 7918 7914
f 7919 7920 7921
f 7917 7914 7922
f 7922 7914 7916
f 7922 7916 7923
f 7923 7916 7924
f 7923 7924 7925
f 7926 7927 7928
f 7927 7929 7928
f 7928 7929 7930
f 7928 7930 7931
f 7931 7930 7932
f 7931 7932 7933
f 7925 7934 7923
f 7923 7934 7935
f 7923 7935 7909
f 7909 7935 7936
f 7909 7936 7907
f 7937 7938 7921
f 7933 7939 7931
f 7931 7939 7940
f 7931 7940 7922
f 7922 7940 7941
f 7922 7941 7917
f 7937 7921 7942
f 7839 7838 7914
f 7926 7928 7943
f 7943 7928 7944
f 7943 7944 7945
f 7946 7921 7947
f 7947 7921 7948
f 7948 7921 7914
f 7914 7921 7903
f 7914 7903 7839
f 7838 7886 7914
f 7914 7886 7904
f 7914 7904 7915
f 7920 7949 7921
f 7921 7949 7950
f 7921 7950 7951
f 7946 7952 7921
f 7921 7952 7953
f 7921 7953 7942
f 7954 7955 7956
f 7956 7955 7921
f 7956 7921 7957
f 7957 7921 7958
f 7954 7959 7955
f 7955 7959 7960
f 7955 7960 7961
f 7938 7962 7921
f 7921 7962 7963
f 7921 7963 7964
f 7964 7965 7921
f 7921 7965 7966
f 7921 7966 7919
f 7951 7967 7921
f 7921 7967 7968
f 7921 7968 7958
f 7969 7970 7971
f 7972 7973 7974
f 7975 7976 7977
f 7978 7979 7980
f 7981 7982 7983
f 7934 7925 7984
f 7985 7986 7987
f 7981 7983 7988
f 7989 7990 7991
f 7991 7990 7992
f 7991 7992 7993
f 7994 7995 7989
f 7989 7995 7996
f 7989 7996 7990
f 7997 7998 7999
f 7999 7998 8000
f 7999 8000 7994
f 7994 8000 8001
f 7994 8001 7995
f 8002 8003 8004
f 8004 8003 8005
f 8004 8005 8006
f 8007 7999 8008
f 8008 7999 7994
f 8008 7994 8009
f 8009 7994 7989
f 8010 8009 8011
f 8011 8009 7989
f 8011 7989 7977
f 7977 7989 7991
f 7977 7991 7975
f 7975 7991 7993
f 7976 7972 7977
f 7977 7972 7974
f 7977 7974 8011
f 8011 7974 8012
f 8011 8012 8010
f 8013 8014 8015
f 8015 8014 8016
f 8014 8017 8016
f 8016 8017 8018
f 8016 8018 8019
f 8019 8018 8020
f 8019 8020 8021
f 8021 8020 8022
f 8021 8022 8023
f 8023 8022 8024
f 8023 8024 8025
f 8025 8024 8026
f 8025 8026 8027
f 8027 8026 8028
f 8027 8029 8025
f 8025 8029 8030
f 8025 8030 8023
f 8023 8030 8031
f 8023 8031 8021
f 8021 8031 8032
f 8021 8032 8019
f 8019 8032 8033
f 8019 8033 8016
f 8016 8033 8034
f 8016 8034 8015
f 8005 7979 8006
f 8006 7979 7978
f 8006 7978 8035
f 8035 7978 8036
f 8035 8036 7973
f 7973 8036 8037
f 7973 8037 7974
f 7974 8037 8038
f 7974 8038 8012
f 7970 8039 8040
f 8040 8039 7985
f 8040 7985 7984
f 7984 7985 7987
f 7984 7987 7934
f 7970 7969 8039
f 8039 7969 8041
f 8039 8041 8042
f 8042 8043 8039
f 8039 8043 8044
f 8039 8044 7985
f 7985 8044 8045
f 7985 8045 7986
f 7986 8045 8046
f 7990 7988 7992
f 7992 7988 7983
f 7992 7983 7993
f 7993 7983 8047
f 7993 8047 7975
f 7975 8047 8048
f 7975 8048 7976
f 7976 8048 8049
f 7976 8049 7972
f 7972 8049 8050
f 7972 8050 7973
f 7973 8050 8051
f 7973 8051 8035
f 8035 8051 7971
f 8035 7971 8006
f 8006 7971 7970
f 8006 7970 8004
f 8004 7970 8040
f 8004 8040 8002
f 8002 8040 7984
f 8002 7984 8052
f 8052 7984 7925
f 7982 8028 7983
f 7983 8028 8026
f 7983 8026 8047
f 8047 8026 8024
f 8047 8024 8048
f 8048 8024 8022
f 8048 8022 8049
f 8049 8022 8020
f 8049 8020 8050
f 8050 8020 8018
f 8050 8018 8051
f 8051 8018 8017
f 8051 8017 7971
f 7971 8017 8014
f 7971 8014 7969
f 7969 8014 8013
f 7969 8013 8041
f 8053 8054 8055
f 8056 8057 8055
f 8055 8057 8058
f 8054 8059 8055
f 8055 8059 8060
f 8055 8060 8056
f 7986 8046 8061
f 8053 8055 8061
f 8061 8055 7987
f 8061 7987 7986
f 8058 8062 8055
f 8055 8062 7935
f 8055 7935 7987
f 7987 7935 7934
f 8063 8064 8065
f 8065 8064 8066
f 8065 8066 8067
f 7936 7935 8062
f 7924 8005 8003
f 8068 8069 8070
f 8070 8069 8071
f 8070 8071 8072
f 8036 7978 7924
f 8003 8002 7924
f 7924 8002 8052
f 7924 8052 7925
f 8067 8066 8071
f 8071 8066 8073
f 8071 8073 8072
f 8063 7997 8064
f 8064 7997 7999
f 8064 7999 8007
f 8007 8008 8064
f 8064 8008 8009
f 8064 8009 8010
f 7978 7980 7924
f 7924 7980 7979
f 7924 7979 8005
f 8062 8058 7936
f 7936 8058 8074
f 7936 8074 8075
f 8076 8077 8070
f 8070 8077 8078
f 8070 8078 8068
f 8075 8079 7936
f 7936 8079 8080
f 7936 8080 8070
f 8070 8080 8081
f 8070 8081 8082
f 8082 8083 8070
f 8070 8083 8084
f 8070 8084 8076
f 8010 8012 8064
f 8064 8012 8038
f 8064 8038 7924
f 7924 8038 8037
f 7924 8037 8036
f 7910 7908 8085
f 8085 7908 7907
f 8085 7907 8086
f 8086 7907 7936
f 8086 7936 8070
f 8087 8088 7912
f 7912 8088 7913
f 7912 7910 8087
f 8087 7910 8085
f 8087 8085 8089
f 8089 8085 8086
f 8089 8086 8072
f 8072 8086 8070
f 7913 8088 8090
f 7913 8090 7911
f 8091 7928 8092
f 8092 7928 7931
f 8092 7931 8093
f 8093 7931 7922
f 8093 7922 8094
f 8094 7922 7923
f 8094 7923 8095
f 8095 7923 7909
f 8095 7909 8096
f 8096 7909 7911
f 8096 7911 8097
f 8097 7911 8090
f 8098 8099 8100
f 8100 8101 8098
f 8098 8101 7945
f 8098 7945 8091
f 8091 7945 7944
f 8091 7944 7928
f 8102 8103 8104
f 8104 8103 8105
f 8099 8098 8106
f 8106 8098 8107
f 8106 8107 8108
f 8109 8110 8111
f 8109 8111 8112
f 8112 8111 8113
f 8112 8113 8114
f 8114 8113 8104
f 8114 8104 8107
f 8107 8104 8105
f 8107 8105 8108
f 8115 8116 8117
f 8118 8119 8120
f 8121 8122 8123
f 8123 8122 8124
f 8119 8118 8124
f 8124 8118 8125
f 8124 8125 8123
f 8126 8127 8128
f 8105 8127 8108
f 8108 8127 8126
f 8108 8126 8106
f 8106 8126 8129
f 8106 8129 8099
f 8099 8129 8130
f 8116 7945 8117
f 8117 7945 8101
f 8117 8101 8130
f 8130 8101 8100
f 8130 8100 8099
f 8121 8131 8122
f 8122 8131 8132
f 8122 8132 8133
f 8128 8134 8126
f 8126 8134 8120
f 8126 8120 8129
f 8129 8120 8119
f 8129 8119 8130
f 8130 8119 8124
f 8130 8124 8117
f 8117 8124 8122
f 8117 8122 8115
f 8115 8122 8133
f 8123 6003 6048
f 8120 8134 8103
f 8120 8103 8118
f 8134 8128 8103
f 8103 8128 8127
f 8103 8127 8105
f 6003 8123 8103
f 8103 8123 8125
f 8103 8125 8118
f 6042 8135 6044
f 6044 8135 8123
f 6044 8123 6046
f 6046 8123 6048
f 6042 8136 8135
f 8135 8136 6081
f 8135 6081 6080
f 6080 6078 8135
f 8135 6078 6076
f 8135 6076 6090
f 8137 8138 8139
f 8135 8140 8141
f 8139 8138 8142
f 8143 8142 8135
f 8135 8142 8138
f 8135 8138 8123
f 8123 8138 8144
f 8123 8144 8145
f 7939 8146 7940
f 7940 8146 8147
f 8148 8149 7929
f 7929 8149 8150
f 7929 8150 7930
f 7918 8151 7914
f 7914 8151 8152
f 8153 8154 8152
f 8152 8154 8155
f 8152 8155 7914
f 8135 8141 8143
f 8143 8141 8156
f 8143 8156 8157
f 8158 8159 8147
f 8147 8159 8160
f 8147 8160 7940
f 8161 8162 7929
f 7929 8162 8163
f 7929 8163 8148
f 8164 8152 8165
f 8139 8166 8137
f 8137 8166 8167
f 8137 8167 8168
f 8145 8169 8123
f 8123 8169 8170
f 8123 8170 8171
f 8171 8172 8123
f 8123 8172 8173
f 8123 8173 8121
f 8121 8173 8131
f 8174 8147 8175
f 8164 8176 8152
f 8152 8176 8177
f 8152 8177 8153
f 8131 8173 8178
f 8178 8173 8179
f 8178 8179 8180
f 8174 8181 8147
f 8147 8181 8182
f 8147 8182 8158
f 8180 8183 8178
f 8178 8183 8184
f 8178 8184 7929
f 7929 8184 8185
f 7929 8185 8161
f 8186 8187 8188
f 8188 8187 8189
f 8188 8189 8190
f 8190 8189 8191
f 8157 8156 8188
f 8188 8156 8192
f 8188 8192 8186
f 8193 8194 8195
f 8195 8194 8196
f 8195 8196 8197
f 8197 8196 8198
f 8168 8167 8195
f 8195 8167 8199
f 8195 8199 8193
f 8200 8201 8189
f 8189 8201 8202
f 8189 8202 8191
f 8203 8204 8165
f 8165 8204 8205
f 8165 8205 8164
f 8206 8207 8196
f 8196 8207 8208
f 8196 8208 8198
f 8203 8165 8209
f 8209 8165 8210
f 8209 8210 8211
f 8212 8213 8189
f 8214 8215 8175
f 8175 8215 8216
f 8175 8216 8174
f 8211 8210 8189
f 8189 8210 8217
f 8189 8217 8212
f 8213 8218 8189
f 8189 8218 8219
f 8189 8219 8200
f 8214 8175 8220
f 8220 8175 8221
f 8220 8221 8222
f 8223 8224 8196
f 8222 8221 8196
f 8196 8221 8225
f 8196 8225 8223
f 8224 8226 8196
f 8196 8226 8227
f 8196 8227 8206
f 8228 8229 8230
f 8174 8182 8181
f 8231 8232 8233
f 8231 8233 8234
f 8234 8233 8235
f 8234 8235 8236
f 8236 8235 8237
f 8236 8237 8238
f 8238 8237 8239
f 8238 8239 8240
f 8240 8239 8241
f 8241 8239 8242
f 8241 8242 8243
f 8243 8242 8244
f 8243 8244 8245
f 8245 8244 8246
f 8245 8246 8247
f 8247 8246 8248
f 8248 8246 8249
f 8248 8249 8250
f 8229 8251 8252
f 8253 8254 8228
f 8254 8255 8228
f 8228 8255 8256
f 8228 8256 8229
f 8229 8256 8257
f 8229 8257 8251
f 8258 8259 8260
f 8258 8260 8261
f 8259 8258 8262
f 8262 8258 8193
f 8262 8193 8263
f 8263 8193 8264
f 8264 8193 8199
f 8264 8199 8167
f 8215 8214 8265
f 8265 8214 8220
f 8265 8220 8266
f 8266 8220 8222
f 8266 8222 8196
f 8160 8159 8267
f 8267 8159 8158
f 8267 8158 8268
f 8266 8269 8265
f 8265 8269 8270
f 8265 8270 8215
f 8215 8270 8271
f 8215 8271 8216
f 8216 8271 8174
f 8158 8182 8268
f 8268 8182 8174
f 8268 8174 8272
f 8272 8174 8271
f 8272 8271 8273
f 8273 8271 8270
f 8273 8270 8274
f 8274 8270 8269
f 8274 8269 8275
f 8275 8269 8266
f 8275 8266 8261
f 8261 8266 8196
f 8261 8196 8258
f 8258 8196 8194
f 8258 8194 8193
f 8276 8250 8252
f 8252 8250 8249
f 8252 8249 8229
f 8229 8249 8246
f 8229 8246 8230
f 8230 8246 8244
f 8230 8244 8277
f 8277 8244 8242
f 8277 8242 8278
f 8278 8242 8239
f 8278 8239 8279
f 8279 8239 8237
f 8279 8237 8280
f 8280 8237 8235
f 8280 8235 8281
f 8281 8235 8233
f 8260 8282 8261
f 8261 8282 8253
f 8261 8253 8275
f 8275 8253 8228
f 8275 8228 8274
f 8274 8228 8230
f 8274 8230 8273
f 8273 8230 8277
f 8273 8277 8272
f 8272 8277 8278
f 8272 8278 8268
f 8268 8278 8279
f 8268 8279 8267
f 8267 8279 8280
f 8267 8280 8160
f 8160 8280 8281
f 8160 8281 7940
f 7940 8281 8233
f 7940 8233 7941
f 8283 8284 8233
f 8285 8286 8287
f 8287 8286 8288
f 8287 8288 8289
f 8289 8288 8290
f 8289 8290 8291
f 8292 8283 8293
f 8293 8283 8233
f 8293 8233 8232
f 7941 8233 7917
f 7917 8233 8284
f 7917 8284 7918
f 7918 8284 8294
f 7918 8294 8151
f 8292 8290 8283
f 8283 8290 8288
f 8283 8288 8284
f 8284 8288 8286
f 8284 8286 8294
f 8294 8286 8285
f 8294 8285 8151
f 8151 8285 8295
f 8151 8295 8152
f 8296 8297 8298
f 8285 8287 8299
f 8300 8301 8302
f 8303 8304 8305
f 8256 8255 8306
f 8307 8308 8166
f 8166 8308 8264
f 8166 8264 8167
f 8260 8259 8308
f 8259 8262 8308
f 8308 8262 8263
f 8308 8263 8264
f 8254 8253 8309
f 8251 8310 8252
f 8252 8310 8311
f 8252 8311 8276
f 8301 8300 8312
f 8300 8313 8312
f 8312 8313 8314
f 8312 8314 8305
f 8305 8314 8315
f 8305 8315 8303
f 8316 8317 8318
f 8318 8317 8319
f 8318 8319 8320
f 8320 8319 8321
f 8320 8321 8322
f 8323 8324 8325
f 8325 8324 8326
f 8325 8326 8327
f 8327 8326 8328
f 8327 8328 8329
f 8329 8328 8330
f 8329 8330 8316
f 8316 8330 8331
f 8316 8331 8317
f 8325 8332 8323
f 8323 8332 8289
f 8323 8289 8291
f 8152 8295 8165
f 8165 8295 8333
f 8210 8334 8217
f 8217 8334 8335
f 8217 8335 8212
f 8219 8218 8200
f 8200 8218 8201
f 8191 8202 8336
f 8336 8202 8201
f 8336 8201 8337
f 8338 8188 8190
f 8188 8338 8157
f 8339 8340 8341
f 8334 8342 8335
f 8335 8342 8343
f 8335 8343 8340
f 8340 8343 8344
f 8340 8344 8341
f 8345 8341 8346
f 8346 8341 8344
f 8346 8344 8347
f 8347 8344 8343
f 8347 8343 8348
f 8348 8343 8342
f 8348 8342 8349
f 8349 8342 8334
f 8349 8334 8333
f 8333 8334 8210
f 8333 8210 8165
f 8287 8289 8299
f 8299 8289 8332
f 8299 8332 8350
f 8350 8332 8325
f 8350 8325 8351
f 8351 8325 8327
f 8351 8327 8352
f 8352 8327 8329
f 8352 8329 8353
f 8353 8329 8316
f 8353 8316 8354
f 8354 8316 8318
f 8354 8318 8355
f 8355 8318 8320
f 8356 8357 8309
f 8309 8357 8358
f 8309 8358 8254
f 8356 8359 8357
f 8357 8359 8360
f 8357 8360 8358
f 8358 8360 8306
f 8358 8306 8254
f 8254 8306 8255
f 8361 8362 8363
f 8363 8362 8364
f 8361 8306 8362
f 8362 8306 8360
f 8362 8360 8364
f 8364 8360 8359
f 8364 8359 8365
f 8365 8359 8366
f 8365 8366 8367
f 8368 8369 8370
f 8370 8369 8371
f 8370 8371 8372
f 8372 8371 8373
f 8366 8373 8367
f 8367 8373 8371
f 8367 8371 8374
f 8374 8371 8369
f 8369 8375 8374
f 8374 8375 8296
f 8374 8296 8367
f 8367 8296 8298
f 8367 8298 8365
f 8365 8298 8376
f 8365 8376 8364
f 8364 8376 8377
f 8364 8377 8363
f 8303 8311 8304
f 8304 8311 8310
f 8304 8310 8378
f 8378 8310 8251
f 8378 8251 8257
f 8256 8306 8257
f 8257 8306 8361
f 8257 8361 8378
f 8378 8361 8363
f 8378 8363 8304
f 8304 8363 8377
f 8304 8377 8305
f 8305 8377 8376
f 8305 8376 8312
f 8312 8376 8298
f 8312 8298 8301
f 8301 8298 8297
f 8301 8297 8302
f 8295 8285 8333
f 8333 8285 8299
f 8333 8299 8349
f 8349 8299 8350
f 8349 8350 8348
f 8348 8350 8351
f 8348 8351 8347
f 8347 8351 8352
f 8347 8352 8346
f 8346 8352 8353
f 8346 8353 8345
f 8345 8353 8354
f 8345 8354 8379
f 8379 8354 8355
f 8379 8355 8380
f 8380 8355 8320
f 8380 8320 8381
f 8381 8320 8322
f 8381 8322 8382
f 8307 8383 8384
f 8384 8383 8385
f 8384 8385 8386
f 8386 8385 8387
f 8386 8387 8388
f 8388 8387 8389
f 8307 8166 8383
f 8383 8166 8139
f 8383 8139 8385
f 8385 8139 8142
f 8385 8142 8387
f 8387 8142 8143
f 8387 8143 8389
f 8389 8143 8157
f 8389 8157 8388
f 8388 8157 8338
f 8388 8338 8390
f 8309 8391 8356
f 8356 8391 8392
f 8356 8392 8359
f 8359 8392 8393
f 8359 8393 8366
f 8366 8393 8394
f 8366 8394 8373
f 8373 8394 8395
f 8373 8395 8372
f 8372 8395 8396
f 8372 8396 8370
f 8190 8191 8338
f 8338 8191 8336
f 8338 8336 8390
f 8390 8336 8337
f 8390 8337 8339
f 8339 8337 8201
f 8339 8201 8340
f 8340 8201 8218
f 8340 8218 8335
f 8335 8218 8213
f 8335 8213 8212
f 8253 8282 8309
f 8309 8282 8260
f 8309 8260 8391
f 8391 8260 8308
f 8391 8308 8392
f 8392 8308 8307
f 8392 8307 8393
f 8393 8307 8384
f 8393 8384 8394
f 8394 8384 8386
f 8394 8386 8395
f 8395 8386 8388
f 8395 8388 8396
f 8396 8388 8390
f 8396 8390 8370
f 8370 8390 8339
f 8370 8339 8368
f 8368 8339 8341
f 8368 8341 8369
f 8369 8341 8345
f 8369 8345 8375
f 8375 8345 8379
f 8375 8379 8296
f 8296 8379 8380
f 8296 8380 8297
f 8297 8380 8381
f 8297 8381 8302
f 8302 8381 8382
f 8302 8382 8300
f 8321 8319 8397
f 8331 8330 8398
f 8326 8324 8399
f 8399 8324 8400
f 8400 8324 8323
f 8400 8323 8291
f 8398 8330 8399
f 8399 8330 8328
f 8399 8328 8326
f 8397 8319 8398
f 8398 8319 8317
f 8398 8317 8331
f 8313 8300 8401
f 8401 8300 8382
f 8401 8382 8397
f 8397 8382 8322
f 8397 8322 8321
f 8313 8401 8314
f 8314 8401 8402
f 8314 8402 8315
f 8315 8402 8403
f 8315 8403 8303
f 8303 8403 8311
f 8311 8403 8404
f 8311 8404 8276
f 8405 8400 8291
f 8276 8404 8250
f 8250 8404 8406
f 8250 8406 8248
f 8248 8406 8247
f 8247 8406 8407
f 8247 8407 8245
f 8245 8407 8243
f 8243 8407 8408
f 8243 8408 8241
f 8241 8408 8240
f 8240 8408 8409
f 8240 8409 8238
f 8232 8231 8410
f 8410 8231 8234
f 8410 8234 8409
f 8409 8234 8236
f 8409 8236 8238
f 8291 8290 8405
f 8405 8290 8292
f 8405 8292 8410
f 8410 8292 8293
f 8410 8293 8232
f 8411 8397 8412
f 8412 8397 8398
f 8412 8398 8413
f 8413 8398 8399
f 8413 8399 8414
f 8414 8399 8400
f 8414 8400 8415
f 8415 8400 8405
f 8415 8405 8416
f 8416 8405 8410
f 8416 8410 8417
f 8410 8409 8417
f 8417 8409 8408
f 8417 8408 8418
f 8418 8408 8407
f 8418 8407 8419
f 8419 8407 8406
f 8419 8406 8420
f 8420 8406 8404
f 8420 8404 8421
f 8421 8404 8403
f 8421 8403 8422
f 8422 8403 8402
f 8422 8402 8411
f 8411 8402 8401
f 8411 8401 8397
f 8423 8420 8424
f 8424 8420 8421
f 8424 8421 8425
f 8425 8421 8422
f 8425 8422 8426
f 8426 8422 8411
f 8426 8411 8427
f 8427 8411 8412
f 8427 8412 8428
f 8428 8412 8413
f 8428 8413 8429
f 8429 8413 8414
f 8429 8414 8430
f 8430 8414 8415
f 8430 8415 8431
f 8431 8415 8416
f 8431 8416 8432
f 8432 8416 8417
f 8432 8417 8433
f 8433 8417 8418
f 8433 8418 8434
f 8434 8418 8419
f 8434 8419 8423
f 8423 8419 8420
f 8435 8436 8437
f 8438 8439 8440
f 6253 6250 8441
f 6222 8442 8443
f 8443 8442 8444
f 8443 8444 8445
f 8443 8446 6222
f 6222 8446 8447
f 6222 8447 6224
f 6224 8447 8448
f 6224 8448 6225
f 6225 8448 8449
f 8450 8451 8452
f 8452 8451 8453
f 8453 8451 8454
f 8453 8454 8455
f 8455 8454 8456
f 8455 8456 8457
f 8458 8459 8457
f 8457 8459 8460
f 8457 8460 8455
f 8458 8461 8459
f 8459 8461 8462
f 8459 8462 8463
f 8463 8462 8464
f 8463 8464 8465
f 8465 8464 8466
f 8465 8466 8467
f 8467 8466 8468
f 8467 8468 8469
f 8469 8468 8470
f 8469 8470 8471
f 8471 8470 8472
f 8471 8472 8473
f 8473 8472 8474
f 8473 8474 8475
f 8475 8474 8476
f 8475 8476 8452
f 8452 8476 8477
f 8452 8477 8450
f 8449 8456 6225
f 6225 8456 8454
f 6225 8454 6231
f 6231 8454 8478
f 6231 8478 6250
f 6250 8478 8479
f 6250 8479 8441
f 6253 8441 6258
f 6258 8441 8480
f 6258 8480 6257
f 6257 8480 8481
f 6257 8481 6255
f 8482 8483 6255
f 6255 8483 8484
f 6255 8484 8485
f 8485 8484 8486
f 8487 8488 8489
f 8489 8488 8490
f 8490 8488 8491
f 8490 8491 8486
f 8486 8491 8492
f 8486 8492 8485
f 8482 8493 8494
f 8494 8493 8495
f 8494 8495 8496
f 8496 8495 8497
f 8496 8497 8498
f 8498 8497 8499
f 8498 8499 8500
f 8500 8499 8501
f 8500 8501 8502
f 8502 8501 8503
f 8502 8503 8504
f 8504 8503 8505
f 8504 8505 8489
f 8489 8505 8506
f 8489 8506 8487
f 8481 8507 6255
f 6255 8507 8508
f 6255 8508 8482
f 8482 8508 8509
f 8482 8509 8493
f 8492 8510 8485
f 8485 8510 8511
f 8485 8511 8512
f 8513 8514 8515
f 8515 8514 8516
f 8517 8518 6287
f 8513 8517 8514
f 8514 8517 6287
f 8514 6287 8511
f 8511 6287 8519
f 8511 8519 8512
f 8512 8519 8520
f 6003 8103 8521
f 8521 8103 8522
f 8523 8524 8525
f 8526 8523 8527
f 8527 8523 8525
f 8527 8525 8521
f 8521 8525 8528
f 8521 8528 6003
f 8524 8529 8525
f 8525 8529 8530
f 8525 8530 8531
f 8518 8532 6287
f 6287 8532 8533
f 6287 8533 8534
f 8534 8533 8535
f 8534 8535 8536
f 8536 8535 8537
f 8536 8537 8538
f 8538 8537 8539
f 8538 8539 8540
f 8540 8539 8541
f 8540 8541 8542
f 8542 8541 8543
f 8542 8543 8544
f 8544 8543 8545
f 8544 8545 8527
f 8527 8545 8546
f 8527 8546 8526
f 8547 8548 8549
f 8550 8551 8552
f 8549 8548 8553
f 8553 8548 8554
f 8553 8554 8555
f 8552 8551 8556
f 8528 8555 6003
f 6003 8555 8554
f 6003 8554 6048
f 6048 8554 8556
f 6048 8556 8557
f 8557 8556 8551
f 8549 8558 8547
f 8547 8558 8559
f 8547 8559 8560
f 8560 8559 8561
f 8560 8561 8562
f 8562 8561 8563
f 8562 8563 8564
f 8564 8563 8565
f 8564 8565 8566
f 8566 8565 8567
f 8566 8567 8568
f 8568 8567 8569
f 8568 8569 8570
f 8570 8569 8571
f 8570 8571 8572
f 8572 8571 8573
f 8572 8573 8552
f 8552 8573 8574
f 8552 8574 8550
f 8557 8575 6048
f 6048 8575 8576
f 6048 8576 6046
f 6046 8576 8577
f 6046 8577 6044
f 6044 8577 8578
f 6044 8578 6042
f 8579 8580 8423
f 8423 8580 8434
f 6042 8578 8136
f 8136 8578 8581
f 8136 8581 8579
f 8579 8423 8136
f 8136 8423 8424
f 8136 8424 8425
f 6081 8136 8582
f 8582 8136 8425
f 8582 8425 8583
f 8583 8425 8426
f 8583 8426 8584
f 8580 8585 8434
f 8434 8585 8586
f 8434 8586 8433
f 8433 8586 8587
f 8433 8587 8432
f 8432 8587 8588
f 8432 8588 8431
f 8431 8588 8589
f 8431 8589 8430
f 8430 8589 8590
f 8430 8590 8429
f 8429 8590 8591
f 8429 8591 8428
f 8428 8591 8592
f 8428 8592 8427
f 8427 8592 8593
f 8427 8593 8426
f 8426 8593 8594
f 8426 8594 8584
f 8595 8596 6076
f 6076 8596 8597
f 8598 8599 8600
f 8600 8599 8601
f 8600 8601 8602
f 8602 8601 8603
f 8582 8604 6081
f 6081 8604 8605
f 6081 8605 6080
f 6080 8605 8606
f 6080 8606 6078
f 6078 8606 8607
f 6078 8607 6076
f 6076 8607 8608
f 6076 8608 8595
f 6090 6076 8609
f 8609 6076 8597
f 8609 8597 8610
f 8610 8597 8611
f 8610 8611 8612
f 8612 8611 8613
f 8612 8613 8614
f 8614 8613 8615
f 8614 8615 8616
f 8616 8615 8617
f 8616 8617 8618
f 8618 8617 8619
f 8618 8619 8620
f 8620 8619 8621
f 8620 8621 8598
f 8598 8621 8622
f 8598 8622 8599
f 8623 8624 8625
f 8625 8624 8626
f 8625 8626 8627
f 8603 8623 8602
f 8602 8623 8625
f 8602 8625 8628
f 8628 8625 6090
f 8628 6090 8629
f 8629 6090 8609
f 8630 8631 8632
f 8631 8630 8633
f 8633 8630 8634
f 8633 8634 8627
f 8627 8634 8635
f 8627 8635 8625
f 8636 8637 8632
f 8632 8637 8638
f 8632 8638 8630
f 8630 8638 8639
f 8630 8639 8640
f 8640 8639 8641
f 8640 8641 8642
f 8636 8643 8637
f 8637 8643 8644
f 8637 8644 8645
f 8645 8644 8646
f 8645 8646 8647
f 8647 8646 8648
f 8647 8648 8649
f 8649 8648 8650
f 8649 8650 8651
f 8651 8650 8652
f 8651 8652 8653
f 8653 8652 8654
f 8653 8654 8655
f 8654 8656 8655
f 8655 8656 8657
f 8655 8657 8658
f 8658 8657 8659
f 8658 8659 8642
f 8659 8660 8642
f 8642 8660 8661
f 8642 8661 8640
f 8640 8661 8662
f 8640 8662 8440
f 8440 8662 8663
f 8440 8663 8438
f 8664 8665 8666
f 8666 8665 8667
f 8666 8667 8668
f 8438 8669 8439
f 8439 8669 8670
f 8439 8670 8671
f 8671 8670 8672
f 8671 8672 8673
f 8674 8675 8673
f 8673 8675 8676
f 8673 8676 8671
f 8671 8676 8677
f 8671 8677 8666
f 8666 8677 8678
f 8666 8678 8664
f 8674 8679 8675
f 8675 8679 8680
f 8675 8680 8681
f 8681 8680 8682
f 8681 8682 8683
f 8683 8682 8684
f 8683 8684 8685
f 8685 8684 8686
f 8685 8686 8687
f 8687 8686 8688
f 8687 8688 8689
f 8689 8688 8690
f 8689 8690 8691
f 8691 8690 8692
f 8691 8692 8665
f 8665 8692 8693
f 8665 8693 8667
f 8668 8694 8666
f 8666 8694 8695
f 8666 8695 8696
f 8696 8695 8697
f 8696 8697 8698
f 8698 8697 8699
f 8698 8699 8700
f 8700 8699 8701
f 8700 8701 5992
f 5992 8701 8702
f 5992 8702 8703
f 8704 8705 8706
f 8706 8705 8707
f 8706 8707 8708
f 8708 8707 8709
f 8706 8710 8704
f 8704 8710 8711
f 8704 8711 8712
f 8712 8711 5992
f 8712 5992 8437
f 8437 5992 8703
f 8437 8703 8435
f 8435 8713 8436
f 8436 8713 8714
f 8436 8714 8715
f 8715 8714 8716
f 8715 8716 8717
f 8717 8716 8718
f 8717 8718 8719
f 8719 8718 8720
f 8719 8720 8721
f 8721 8720 8722
f 8721 8722 8723
f 8723 8722 8724
f 8723 8724 8709
f 8709 8724 8725
f 8709 8725 8708
f 8706 8726 8710
f 8710 8726 8727
f 8710 8727 8728
f 8445 8444 8728
f 8728 8444 8729
f 8728 8729 8710
f 6225 7906 6224
f 6224 7906 8730
f 6224 8730 6222
f 6222 8730 8731
f 6222 8731 8732
f 6222 8732 8442
f 8442 8732 8733
f 8442 8733 8444
f 8444 8733 8734
f 8444 8734 8729
f 8729 8734 8710
f 8710 8734 8735
f 8710 8735 8711
f 8711 8735 5992
f 5992 8735 8736
f 5992 8736 8700
f 8700 8736 8737
f 8700 8737 8698
f 8698 8737 8738
f 8698 8738 8696
f 8696 8738 8739
f 8696 8739 8666
f 8666 8739 8740
f 8666 8740 8671
f 8671 8740 8741
f 8671 8741 8439
f 8439 8741 8742
f 8439 8742 8440
f 8440 8742 8743
f 8440 8743 8640
f 8640 8743 8744
f 8640 8744 8630
f 8630 8744 8745
f 8630 8745 8634
f 8634 8745 8746
f 8634 8746 8635
f 8635 8746 8747
f 8635 8747 8625
f 8625 8747 8135
f 8625 8135 6090
f 8748 7957 7958
f 8749 7937 7942
f 7946 7947 8750
f 8750 8751 7946
f 7946 8751 8752
f 7946 8752 8753
f 8753 8754 7946
f 7946 8754 8755
f 7946 8755 8756
f 8757 8758 8747
f 8747 8758 8759
f 8747 8759 8760
f 8760 8761 8747
f 8747 8761 8762
f 8747 8762 8763
f 8140 8135 8764
f 8764 8135 8747
f 8764 8747 8765
f 8765 8747 8763
f 7963 7962 8766
f 8766 8767 7963
f 7963 8767 8768
f 7963 8768 8769
f 8770 8771 8743
f 8769 8772 7963
f 7963 8772 8773
f 7963 8773 8774
f 8774 8775 7963
f 7963 8775 8776
f 7963 8776 8777
f 8770 8743 8778
f 8771 8779 8743
f 8743 8779 8780
f 8743 8780 8781
f 8781 8782 8743
f 8743 8782 8783
f 8743 8783 8784
f 8749 7942 8785
f 8784 8786 8743
f 8743 8786 8787
f 8743 8787 8744
f 8744 8787 8788
f 8744 8788 8789
f 8789 8790 8744
f 8744 8790 8791
f 8744 8791 8792
f 8792 8793 8744
f 8744 8793 8794
f 8744 8794 8795
f 8795 8796 8744
f 8744 8796 8797
f 8744 8797 8798
f 7942 8798 8799
f 8799 8800 7942
f 7942 8800 8801
f 7942 8801 8785
f 8802 8803 8739
f 8739 8803 8804
f 8739 8804 8805
f 8805 8806 8739
f 8739 8806 8807
f 8739 8807 8740
f 8807 8808 8740
f 8740 8808 8809
f 8740 8809 8810
f 8810 8811 8740
f 8740 8811 8812
f 8740 8812 8813
f 8813 8814 8740
f 8740 8814 8815
f 8740 8815 8816
f 8817 8818 7966
f 8817 7966 8816
f 8818 8819 7966
f 7966 8819 8820
f 7966 8820 8821
f 8821 8822 7966
f 7966 8822 8823
f 7966 8823 8824
f 8824 8825 7966
f 7966 8825 8826
f 7966 8826 7919
f 8827 8828 8738
f 8738 8828 8829
f 8738 8829 8739
f 8739 8829 8830
f 8739 8830 8802
f 8831 7951 8832
f 8832 7951 7950
f 8831 8833 7951
f 7951 8833 8834
f 7951 8834 8835
f 8836 7967 8837
f 8837 7967 7951
f 8837 7951 8838
f 8838 7951 8835
f 8736 8735 8839
f 8839 8840 8736
f 8736 8840 8841
f 8736 8841 8842
f 8842 8843 8736
f 8736 8843 8844
f 8736 8844 8845
f 8846 8847 7958
f 8845 8848 8736
f 8736 8848 8849
f 8736 8849 8850
f 8850 8851 7958
f 8851 8852 7958
f 7958 8852 8853
f 7958 8853 8846
f 8847 8854 7958
f 7958 8854 8855
f 7958 8855 8748
f 7959 7954 8856
f 8856 8857 7959
f 7959 8857 8858
f 7959 8858 8859
f 8859 8860 7959
f 7959 8860 8861
f 7959 8861 8862
f 8862 8863 8734
f 8734 8863 8864
f 8864 8865 8734
f 8734 8865 8866
f 8734 8866 8867
f 8867 8868 8734
f 8734 8868 8869
f 8734 8869 8870
f 8870 8871 8734
f 8734 8871 8872
f 8734 8872 8735
f 8735 8872 8873
f 8735 8873 8839
f 8798 7942 8744
f 8744 7942 7953
f 8744 7953 8745
f 8745 7953 7952
f 8745 7952 8746
f 8746 7952 7946
f 8746 7946 8747
f 8747 7946 8756
f 8747 8756 8757
f 8816 7966 8740
f 8740 7966 7965
f 8740 7965 8741
f 8741 7965 7964
f 8741 7964 8742
f 8742 7964 7963
f 8742 7963 8743
f 8743 7963 8777
f 8743 8777 8778
f 8850 7958 8736
f 8736 7958 7968
f 8736 7968 8737
f 8737 7968 7967
f 8737 7967 8738
f 8738 7967 8836
f 8738 8836 8827
f 8862 8734 7959
f 7959 8734 8733
f 7959 8733 7960
f 7960 8733 8732
f 7960 8732 7961
f 7961 8732 8731
f 7961 8731 7955
f 7906 7903 8730
f 8730 7903 7921
f 8730 7921 8731
f 8731 7921 7955
f 8874 8875 8876
f 8875 8874 8877
f 8878 8879 8880
f 8881 8140 8764
f 8760 8759 8882
f 8756 8755 8883
f 8884 8885 8886
f 8884 8886 8887
f 8886 8888 8887
f 8887 8888 8889
f 8887 8889 8890
f 8891 8892 8893
f 8893 8892 8894
f 8893 8894 8895
f 8895 8894 8896
f 8895 8896 8889
f 8889 8896 8897
f 8889 8897 8890
f 8898 8899 8900
f 8900 8901 8898
f 8898 8901 8902
f 8898 8902 8903
f 8904 8905 8906
f 8760 8882 8761
f 8907 8765 8763
f 8759 8758 8882
f 8882 8758 8757
f 8882 8757 8908
f 8751 8905 8752
f 8752 8905 8904
f 8752 8904 8753
f 8753 8904 8883
f 8753 8883 8754
f 8754 8883 8755
f 8757 8756 8908
f 8908 8756 8883
f 8908 8883 8909
f 8909 8883 8904
f 8909 8904 8902
f 8902 8904 8906
f 8902 8906 8903
f 8910 8911 8912
f 8874 8913 8877
f 8877 8913 8914
f 8877 8914 8915
f 8915 8914 8910
f 8915 8910 8916
f 8916 8910 8912
f 8916 8912 8917
f 8911 8918 8912
f 8912 8918 8919
f 8912 8919 8917
f 8917 8919 8920
f 8913 8921 8914
f 8914 8921 8922
f 8914 8922 8910
f 8910 8922 8923
f 8910 8923 8911
f 8911 8923 8924
f 8911 8924 8918
f 8918 8924 8925
f 8918 8925 8919
f 8919 8925 8926
f 8919 8926 8920
f 8920 8926 8927
f 8886 8928 8888
f 8888 8928 8929
f 8888 8929 8889
f 8889 8929 8930
f 8889 8930 8895
f 8895 8930 8931
f 8895 8931 8893
f 8886 8932 8928
f 8928 8932 8933
f 8928 8933 8929
f 8929 8933 8879
f 8929 8879 8930
f 8930 8879 8878
f 8930 8878 8931
f 8934 8935 8936
f 8936 8935 8937
f 8934 8938 8935
f 8935 8938 8939
f 8935 8939 8940
f 8940 8939 8941
f 8942 8943 8944
f 8944 8943 8945
f 8944 8945 8946
f 8907 8934 8765
f 8765 8934 8936
f 8765 8936 8764
f 8764 8936 8937
f 8764 8937 8881
f 8900 8891 8901
f 8901 8891 8893
f 8901 8893 8902
f 8902 8893 8931
f 8902 8931 8909
f 8909 8931 8878
f 8909 8878 8908
f 8908 8878 8880
f 8908 8880 8882
f 8882 8880 8947
f 8882 8947 8761
f 8761 8947 8907
f 8761 8907 8762
f 8762 8907 8763
f 8916 8948 8915
f 8915 8948 8942
f 8915 8942 8877
f 8877 8942 8944
f 8877 8944 8875
f 8875 8944 8946
f 8875 8946 8876
f 8948 8941 8942
f 8942 8941 8939
f 8942 8939 8943
f 8943 8939 8938
f 8943 8938 8945
f 8945 8938 8934
f 8945 8934 8946
f 8946 8934 8907
f 8946 8907 8876
f 8876 8907 8947
f 8876 8947 8874
f 8874 8947 8880
f 8874 8880 8913
f 8913 8880 8879
f 8913 8879 8921
f 8921 8879 8933
f 8921 8933 8922
f 8922 8933 8932
f 8922 8932 8923
f 8923 8932 8886
f 8923 8886 8924
f 8924 8886 8885
f 8924 8885 8925
f 8949 8950 8951
f 8952 8953 8954
f 8955 8956 8950
f 8956 8955 8957
f 8957 8955 8920
f 8957 8920 8927
f 8958 8940 8959
f 8959 8940 8941
f 8959 8941 8960
f 8960 8941 8948
f 8960 8948 8961
f 8961 8948 8916
f 8961 8916 8917
f 8962 8963 8935
f 8935 8963 8937
f 8937 8963 8881
f 8881 8963 8141
f 8881 8141 8140
f 8917 8920 8961
f 8961 8920 8955
f 8961 8955 8964
f 8964 8955 8950
f 8965 8966 8967
f 8967 8966 8968
f 8954 8953 8965
f 8965 8953 8969
f 8965 8969 8966
f 8950 8949 8964
f 8964 8949 8970
f 8964 8970 8961
f 8961 8970 8971
f 8961 8971 8960
f 8960 8971 8972
f 8960 8972 8959
f 8959 8972 8973
f 8959 8973 8958
f 8968 8974 8967
f 8967 8974 8975
f 8967 8975 8976
f 8976 8975 8977
f 8976 8977 8962
f 8962 8977 8978
f 8962 8978 8963
f 8963 8978 8156
f 8963 8156 8141
f 8951 8952 8949
f 8949 8952 8954
f 8949 8954 8970
f 8970 8954 8965
f 8970 8965 8971
f 8971 8965 8967
f 8971 8967 8972
f 8972 8967 8976
f 8972 8976 8973
f 8973 8976 8962
f 8973 8962 8958
f 8958 8962 8935
f 8958 8935 8940
f 8164 8177 8176
f 8979 8980 8981
f 8979 8981 8982
f 8982 8981 8983
f 8982 8983 8984
f 8984 8983 8985
f 8984 8985 8986
f 8986 8985 8987
f 8986 8987 8988
f 8988 8987 8989
f 8989 8987 8990
f 8989 8990 8991
f 8991 8990 8992
f 8992 8990 8993
f 8992 8993 8994
f 8994 8993 8995
f 8994 8995 8996
f 8996 8995 8997
f 8997 8995 8998
f 8997 8998 8999
f 9000 9001 9002
f 9002 9001 8953
f 9002 8953 8952
f 8968 8966 9001
f 9001 8966 8969
f 9001 8969 8953
f 9003 9004 8975
f 8975 9004 8977
f 8977 9004 8186
f 8977 8186 8978
f 8978 8186 8192
f 8978 8192 8156
f 8204 8203 9005
f 9005 8203 8209
f 9005 8209 9006
f 9006 8209 8211
f 9006 8211 8189
f 8155 8154 9007
f 9007 8154 8153
f 9007 8153 9008
f 9006 9009 9005
f 9005 9009 9010
f 9005 9010 8204
f 8204 9010 9011
f 8204 9011 8205
f 8205 9011 8164
f 8153 8177 9008
f 9008 8177 8164
f 9008 8164 9012
f 9012 8164 9011
f 9012 9011 9013
f 9013 9011 9010
f 9013 9010 9014
f 9014 9010 9009
f 9014 9009 9015
f 9015 9009 9006
f 9015 9006 9003
f 9003 9006 8189
f 9003 8189 9004
f 9004 8189 8187
f 9004 8187 8186
f 8951 8999 8952
f 8952 8999 8998
f 8952 8998 9002
f 9002 8998 8995
f 9002 8995 9000
f 9000 8995 8993
f 9000 8993 9016
f 9016 8993 8990
f 9016 8990 9017
f 9017 8990 8987
f 9017 8987 9018
f 9018 8987 8985
f 9018 8985 9019
f 9019 8985 8983
f 9019 8983 9020
f 9020 8983 8981
f 8975 8974 9003
f 9003 8974 8968
f 9003 8968 9015
f 9015 8968 9001
f 9015 9001 9014
f 9014 9001 9000
f 9014 9000 9013
f 9013 9000 9016
f 9013 9016 9012
f 9012 9016 9017
f 9012 9017 9008
f 9008 9017 9018
f 9008 9018 9007
f 9007 9018 9019
f 9007 9019 8155
f 8155 9019 9020
f 8155 9020 7914
f 7914 9020 8981
f 7914 8981 7948
f 9021 9022 9023
f 8906 9024 8903
f 8903 9024 9025
f 8903 9025 8898
f 8898 9025 9026
f 8898 9026 8899
f 8981 8980 9021
f 7947 7948 8981
f 9021 9023 8981
f 8981 9023 9027
f 8981 9027 7947
f 7947 9027 9028
f 7947 9028 8750
f 9022 9026 9023
f 9023 9026 9025
f 9023 9025 9027
f 9027 9025 9024
f 9027 9024 9028
f 9028 9024 8906
f 9028 8906 8750
f 8750 8906 8905
f 8750 8905 8751
f 9029 9030 8899
f 8951 9031 8999
f 8999 9031 9032
f 8992 8994 9033
f 9033 8994 8996
f 9033 8996 9032
f 9032 8996 8997
f 9032 8997 8999
f 8992 9033 8991
f 8991 9033 9034
f 8991 9034 8989
f 8989 9034 8988
f 8988 9034 9035
f 8988 9035 8986
f 8980 8979 9036
f 9036 8979 8982
f 9036 8982 9035
f 9035 8982 8984
f 9035 8984 8986
f 8899 9026 9029
f 9029 9026 9022
f 9029 9022 9036
f 9036 9022 9021
f 9036 9021 8980
f 8927 8926 9037
f 8892 8891 9038
f 9038 8891 9030
f 9030 8891 8900
f 9030 8900 8899
f 9039 8887 9040
f 9040 8887 8890
f 8890 8897 9040
f 9040 8897 8896
f 9040 8896 9038
f 9038 8896 8894
f 9038 8894 8892
f 9037 8926 9041
f 8926 8925 9041
f 9041 8925 8885
f 9041 8885 9039
f 9039 8885 8884
f 9039 8884 8887
f 8927 9037 8957
f 8957 9037 9042
f 8957 9042 8956
f 8956 9042 8950
f 8950 9042 9031
f 8950 9031 8951
f 9043 9039 9044
f 9044 9039 9040
f 9044 9040 9045
f 9045 9040 9038
f 9045 9038 9046
f 9046 9038 9030
f 9046 9030 9047
f 9047 9030 9029
f 9047 9029 9048
f 9048 9029 9036
f 9048 9036 9049
f 9036 9035 9049
f 9049 9035 9034
f 9049 9034 9050
f 9050 9034 9033
f 9050 9033 9051
f 9051 9033 9032
f 9051 9032 9052
f 9052 9032 9031
f 9052 9031 9053
f 9053 9031 9042
f 9053 9042 9054
f 9054 9042 9037
f 9054 9037 9043
f 9043 9037 9041
f 9043 9041 9039
f 8609 9052 8629
f 8629 9052 9053
f 8629 9053 8628
f 8628 9053 9054
f 8628 9054 8602
f 8602 9054 9043
f 8602 9043 8600
f 8600 9043 9044
f 8600 9044 8598
f 8598 9044 9045
f 8598 9045 8620
f 8620 9045 9046
f 8620 9046 8618
f 8618 9046 9047
f 8618 9047 8616
f 8616 9047 9048
f 8616 9048 8614
f 8614 9048 9049
f 8614 9049 8612
f 8612 9049 9050
f 8612 9050 8610
f 8610 9050 9051
f 8610 9051 8609
f 8609 9051 9052
f 9055 9056 9057
f 8785 9058 8749
f 9059 9060 9061
f 9061 9060 9062
f 7937 9063 7938
f 7938 9063 9064
f 7938 9064 9065
f 9065 9064 9062
f 9065 9062 9066
f 9066 9062 9060
f 9066 9060 9067
f 9068 9069 9070
f 9070 9071 9068
f 9068 9071 9072
f 9068 9072 9073
f 9073 9072 9074
f 9073 9074 9075
f 9075 9074 9076
f 9075 9076 9077
f 9078 9079 9076
f 9079 9080 9076
f 9076 9080 9081
f 9076 9081 9077
f 9077 9081 9082
f 9077 9082 9083
f 8800 9084 9085
f 9085 9084 9086
f 9085 9086 9087
f 9087 9086 9088
f 8799 9089 8800
f 8800 9089 9090
f 8800 9090 9084
f 8798 9091 8799
f 8799 9091 9092
f 8799 9092 9089
f 9058 8785 9085
f 9085 8785 8801
f 9085 8801 8800
f 9087 9093 9085
f 9085 9093 9057
f 9085 9057 9058
f 9058 9057 9056
f 9058 9056 8749
f 9071 9055 9072
f 9072 9055 9057
f 9072 9057 9074
f 9074 9057 9093
f 9074 9093 9076
f 9076 9093 9087
f 9076 9087 9078
f 9078 9087 9088
f 9069 9059 9070
f 9070 9059 9061
f 9070 9061 9071
f 9071 9061 9062
f 9071 9062 9055
f 9055 9062 9064
f 9055 9064 9056
f 9056 9064 9063
f 9056 9063 8749
f 8749 9063 7937
f 9094 9095 9096
f 9097 9098 9099
f 8767 8766 9100
f 8766 7962 9100
f 9100 7962 7938
f 9100 7938 9101
f 8773 8772 9102
f 8776 8775 9103
f 9103 8775 8774
f 9103 8774 8773
f 9097 9099 9104
f 9104 9099 9105
f 9104 9105 9106
f 9107 9108 9109
f 9109 9108 9110
f 9109 9110 9111
f 9111 9110 9112
f 9111 9112 9105
f 9105 9112 9113
f 9105 9113 9106
f 9101 9114 9115
f 9067 9114 9066
f 9066 9114 9101
f 9066 9101 9065
f 9065 9101 7938
f 8772 8769 9102
f 9102 8769 8768
f 9102 8768 9116
f 9116 8768 9117
f 9116 9117 9118
f 9118 9117 9119
f 9118 9119 9120
f 9120 9119 9121
f 9120 9121 9122
f 8768 8767 9117
f 9117 8767 9100
f 9117 9100 9119
f 9119 9100 9101
f 9119 9101 9121
f 9121 9101 9115
f 9121 9115 9122
f 9123 9124 9125
f 9125 9124 9126
f 9125 9126 9127
f 9127 9126 9128
f 9127 9128 9129
f 9129 9128 9130
f 9129 9130 9131
f 9131 9130 9132
f 9133 9109 9134
f 9134 9109 9111
f 9134 9111 9135
f 9135 9111 9105
f 9135 9105 9096
f 9096 9105 9099
f 9096 9099 9094
f 9094 9099 9098
f 9131 9133 9129
f 9129 9133 9134
f 9129 9134 9127
f 9127 9134 9135
f 9127 9135 9125
f 9125 9135 9096
f 9125 9096 9123
f 9123 9096 9095
f 8771 8770 9136
f 9136 8770 9137
f 8776 9103 8777
f 8777 9103 9138
f 8777 9138 8778
f 8778 9138 9139
f 8778 9139 8770
f 8770 9139 9140
f 8770 9140 9137
f 9122 9107 9120
f 9120 9107 9109
f 9120 9109 9118
f 9118 9109 9133
f 9118 9133 9116
f 9116 9133 9131
f 9116 9131 9102
f 9102 9131 9132
f 9102 9132 8773
f 8773 9132 9130
f 8773 9130 9103
f 9103 9130 9128
f 9103 9128 9138
f 9138 9128 9126
f 9138 9126 9139
f 9139 9126 9124
f 9139 9124 9140
f 9141 9142 9143
f 9144 9145 9146
f 9147 9148 9149
f 9150 9151 9152
f 9153 9154 9155
f 8784 9156 8786
f 8781 8783 8782
f 8779 8771 9136
f 9157 9158 9159
f 9160 9161 9162
f 9162 9161 9163
f 9162 9163 9164
f 9164 9163 9165
f 9164 9165 9166
f 9166 9165 9083
f 9166 9083 9082
f 9167 9157 9168
f 9157 9159 9169
f 9169 9159 9170
f 9169 9170 9171
f 9172 9173 9174
f 9174 9173 9175
f 9174 9175 9176
f 9176 9175 9177
f 9176 9177 9178
f 9178 9177 9179
f 9178 9179 9180
f 9180 9179 9151
f 9180 9151 9181
f 9181 9151 9150
f 9181 9150 9182
f 9182 9150 9098
f 9182 9098 9097
f 9123 9095 9183
f 9183 9095 9094
f 9123 9184 9124
f 9124 9184 9185
f 9124 9185 9140
f 9140 9185 9137
f 8786 9156 8787
f 8790 8789 9186
f 9186 8789 8788
f 9186 8788 9187
f 8794 8793 9188
f 9188 8793 8792
f 9188 8792 8791
f 9092 9091 9189
f 9190 8787 9191
f 9191 8787 9156
f 9191 9156 9192
f 9192 9156 8784
f 9192 8784 8783
f 9193 9194 9195
f 9195 9194 9196
f 9195 9196 9197
f 9197 9196 9198
f 9197 9198 9199
f 8783 8781 9192
f 9192 8781 8780
f 9192 8780 9200
f 9201 9193 9202
f 9202 9193 9195
f 9202 9195 9203
f 9203 9195 9197
f 9203 9197 9204
f 9204 9197 9199
f 9204 9199 9205
f 9206 9202 9207
f 9207 9202 9203
f 9207 9203 9208
f 9208 9203 9204
f 9208 9204 9209
f 9209 9204 9205
f 9209 9205 9210
f 9171 9170 9211
f 9211 9170 9212
f 9211 9212 9213
f 9184 9214 9185
f 9185 9214 9215
f 9185 9215 9137
f 9137 9215 9200
f 9137 9200 9136
f 9136 9200 8780
f 9136 8780 8779
f 9123 9183 9184
f 9184 9183 9216
f 9184 9216 9214
f 9214 9216 9217
f 9214 9217 9215
f 9215 9217 9155
f 9215 9155 9200
f 9200 9155 9154
f 9200 9154 9192
f 9192 9154 9153
f 9192 9153 9191
f 9152 9151 9218
f 9218 9151 9179
f 9218 9179 9219
f 9219 9179 9177
f 9219 9177 9220
f 9220 9177 9175
f 9220 9175 9213
f 9213 9175 9173
f 9213 9173 9211
f 9211 9173 9172
f 9211 9172 9171
f 9221 9222 9223
f 9224 9086 9223
f 9223 9086 9084
f 9223 9084 9221
f 9221 9084 9090
f 9221 9090 9089
f 9142 9225 9143
f 9143 9225 9078
f 9143 9078 9224
f 9224 9078 9088
f 9224 9088 9086
f 9146 9145 9226
f 9226 9145 9227
f 9226 9227 9228
f 9148 9144 9149
f 9149 9144 9146
f 9149 9146 9229
f 9228 9230 9226
f 9226 9230 9231
f 9226 9231 9146
f 9146 9231 9232
f 9146 9232 9229
f 9229 9232 9233
f 9222 9147 9223
f 9223 9147 9149
f 9223 9149 9224
f 9224 9149 9229
f 9224 9229 9143
f 9143 9229 9233
f 9143 9233 9141
f 9141 9233 9234
f 9081 9080 9225
f 9225 9080 9079
f 9225 9079 9078
f 9234 9160 9141
f 9141 9160 9162
f 9141 9162 9142
f 9142 9162 9164
f 9142 9164 9225
f 9225 9164 9166
f 9225 9166 9081
f 9081 9166 9082
f 9230 9235 9231
f 9231 9235 9236
f 9231 9236 9232
f 9232 9236 9237
f 9232 9237 9233
f 9233 9237 9238
f 9233 9238 9234
f 9234 9238 9167
f 9234 9167 9160
f 9160 9167 9168
f 9160 9168 9161
f 9158 9239 9159
f 9159 9239 9240
f 9159 9240 9170
f 9170 9240 9241
f 9170 9241 9212
f 9212 9241 9206
f 9212 9206 9213
f 9213 9206 9207
f 9213 9207 9220
f 9220 9207 9208
f 9220 9208 9219
f 9219 9208 9209
f 9219 9209 9218
f 9218 9209 9210
f 9218 9210 9152
f 9091 8798 9189
f 9189 8798 8797
f 9189 8797 9242
f 9242 8797 8796
f 9242 8796 9243
f 9243 8796 8795
f 9243 8795 9244
f 9244 8795 8794
f 9244 8794 9245
f 9245 8794 9188
f 9190 9246 9188
f 9188 9246 9247
f 9188 9247 9245
f 8788 8787 9187
f 9187 8787 9190
f 9187 9190 9186
f 9186 9190 9188
f 9186 9188 8790
f 8790 9188 8791
f 9246 9227 9247
f 9247 9227 9145
f 9247 9145 9245
f 9245 9145 9144
f 9245 9144 9244
f 9244 9144 9148
f 9244 9148 9243
f 9243 9148 9147
f 9243 9147 9242
f 9242 9147 9222
f 9242 9222 9189
f 9189 9222 9221
f 9189 9221 9092
f 9092 9221 9089
f 9157 9167 9158
f 9158 9167 9238
f 9158 9238 9239
f 9239 9238 9237
f 9239 9237 9240
f 9240 9237 9236
f 9240 9236 9241
f 9241 9236 9235
f 9241 9235 9206
f 9206 9235 9230
f 9206 9230 9202
f 9202 9230 9228
f 9202 9228 9201
f 9201 9228 9227
f 9201 9227 9193
f 9193 9227 9246
f 9193 9246 9194
f 9194 9246 9190
f 9194 9190 9196
f 9196 9190 9191
f 9196 9191 9198
f 9198 9191 9153
f 9198 9153 9199
f 9199 9153 9155
f 9199 9155 9205
f 9205 9155 9217
f 9205 9217 9210
f 9210 9217 9216
f 9210 9216 9152
f 9152 9216 9183
f 9152 9183 9150
f 9150 9183 9094
f 9150 9094 9098
f 9174 9176 9248
f 9182 9097 9249
f 9248 9176 9250
f 9176 9178 9250
f 9250 9178 9180
f 9250 9180 9249
f 9249 9180 9181
f 9249 9181 9182
f 9174 9248 9172
f 9172 9248 9251
f 9172 9251 9171
f 9171 9251 9252
f 9171 9252 9169
f 9169 9252 9157
f 9157 9252 9253
f 9157 9253 9168
f 9168 9253 9161
f 9161 9253 9254
f 9161 9254 9163
f 9163 9254 9165
f 9165 9254 9255
f 9165 9255 9083
f 9110 9108 9256
f 9083 9255 9077
f 9077 9255 9257
f 9077 9257 9075
f 9075 9257 9073
f 9073 9257 9068
f 9068 9257 9258
f 9068 9258 9069
f 9259 9060 9258
f 9258 9060 9059
f 9258 9059 9069
f 9122 9115 9260
f 9260 9115 9114
f 9260 9114 9259
f 9259 9114 9067
f 9259 9067 9060
f 9256 9108 9260
f 9260 9108 9107
f 9260 9107 9122
f 9249 9097 9261
f 9261 9097 9104
f 9104 9106 9261
f 9261 9106 9113
f 9261 9113 9256
f 9256 9113 9112
f 9256 9112 9110
f 9262 9251 9263
f 9263 9251 9248
f 9263 9248 9264
f 9264 9248 9250
f 9264 9250 9265
f 9265 9250 9249
f 9265 9249 9266
f 9266 9249 9261
f 9266 9261 9267
f 9267 9261 9256
f 9267 9256 9268
f 9256 9260 9268
f 9268 9260 9259
f 9268 9259 9269
f 9269 9259 9258
f 9269 9258 9270
f 9270 9258 9257
f 9270 9257 9271
f 9271 9257 9255
f 9271 9255 9272
f 9272 9255 9254
f 9272 9254 9273
f 9273 9254 9253
f 9273 9253 9262
f 9262 9253 9252
f 9262 9252 9251
f 8645 9271 8637
f 8637 9271 9272
f 8637 9272 8638
f 8638 9272 9273
f 8638 9273 8639
f 8639 9273 9262
f 8639 9262 8641
f 8641 9262 9263
f 8641 9263 8642
f 8642 9263 9264
f 8642 9264 8658
f 8658 9264 9265
f 8658 9265 8655
f 8655 9265 9266
f 8655 9266 8653
f 8653 9266 9267
f 8653 9267 8651
f 8651 9267 9268
f 8651 9268 8649
f 8649 9268 9269
f 8649 9269 8647
f 8647 9269 9270
f 8647 9270 8645
f 8645 9270 9271
f 8826 8825 9274
f 8826 9274 7919
f 9275 9276 9274
f 9274 9276 7920
f 9274 7920 7919
f 9277 9278 9279
f 9279 9278 9276
f 9279 9276 9280
f 9280 9276 9275
f 9280 9275 9281
f 9281 9275 9282
f 9281 9282 9283
f 9284 9285 9286
f 9287 9288 9289
f 9290 9291 9292
f 9293 9294 9295
f 9296 9297 9298
f 9299 9300 9301
f 9302 9303 9304
f 9305 9306 9307
f 8829 8828 9308
f 9308 8828 8827
f 8833 8831 9309
f 7920 9276 7949
f 7949 9276 9310
f 8837 8838 9301
f 9301 8838 8835
f 9301 8835 9309
f 9309 8835 8834
f 9309 8834 8833
f 8837 9301 8836
f 8836 9301 9300
f 8836 9300 8827
f 9311 8802 9308
f 9308 8802 8830
f 9308 8830 8829
f 8806 8805 9312
f 9312 8805 9313
f 9312 9313 9314
f 9315 9316 9317
f 9317 9316 9318
f 9317 9318 9319
f 9319 9318 9320
f 9319 9320 9321
f 9307 9306 9322
f 9322 9306 9323
f 9322 9323 9324
f 9324 9323 9325
f 9325 9323 9326
f 9325 9326 9327
f 9327 9326 9328
f 9327 9328 9329
f 9329 9328 9330
f 9330 9328 9331
f 9330 9331 9332
f 9332 9331 9333
f 9332 9333 9334
f 9335 9293 9336
f 9336 9293 9303
f 9336 9303 9337
f 9337 9303 9302
f 9338 9339 9340
f 9340 9339 9341
f 9340 9341 9304
f 9304 9341 9342
f 9304 9342 9302
f 9338 9340 9343
f 9343 9340 9278
f 9343 9278 9277
f 9294 9296 9295
f 9295 9296 9298
f 9295 9298 9344
f 7950 7949 8832
f 8832 7949 9310
f 8832 9310 8831
f 8831 9310 9344
f 8831 9344 9309
f 9309 9344 9298
f 9309 9298 9301
f 9301 9298 9297
f 9301 9297 9299
f 9293 9295 9303
f 9303 9295 9344
f 9303 9344 9304
f 9304 9344 9310
f 9304 9310 9340
f 9340 9310 9276
f 9340 9276 9278
f 9345 9346 9347
f 9347 9346 9286
f 9347 9286 9348
f 9348 9286 9285
f 9348 9285 9349
f 9350 9287 9351
f 9351 9287 9289
f 9351 9289 9352
f 9352 9289 9353
f 9352 9353 9354
f 9354 9353 9292
f 9354 9292 9355
f 9355 9292 9291
f 9288 9284 9289
f 9289 9284 9286
f 9289 9286 9353
f 9353 9286 9346
f 9353 9346 9292
f 9292 9346 9345
f 9292 9345 9290
f 9290 9345 9356
f 9290 9356 9357
f 9350 9333 9287
f 9287 9333 9331
f 9287 9331 9288
f 9288 9331 9328
f 9288 9328 9284
f 9284 9328 9326
f 9284 9326 9285
f 9285 9326 9323
f 9285 9323 9349
f 9349 9323 9306
f 9349 9306 9358
f 9358 9306 9305
f 9358 9359 9349
f 9349 9359 9360
f 9349 9360 9348
f 9348 9360 9361
f 9348 9361 9347
f 9347 9361 9315
f 9347 9315 9345
f 9345 9315 9317
f 9345 9317 9356
f 9356 9317 9319
f 9356 9319 9357
f 9321 9314 9319
f 9319 9314 9313
f 9319 9313 9357
f 9357 9313 9362
f 9357 9362 9290
f 9290 9362 9363
f 9290 9363 9291
f 9291 9363 9364
f 9291 9364 9355
f 9335 9334 9293
f 9293 9334 9333
f 9293 9333 9294
f 9294 9333 9350
f 9294 9350 9296
f 9296 9350 9351
f 9296 9351 9297
f 9297 9351 9352
f 9297 9352 9299
f 9299 9352 9354
f 9299 9354 9300
f 9300 9354 9355
f 9300 9355 8827
f 8827 9355 9364
f 8827 9364 9308
f 9308 9364 9363
f 9308 9363 9311
f 9311 9363 9362
f 9311 9362 8802
f 8802 9362 9313
f 8802 9313 8803
f 8803 9313 8805
f 8803 8805 8804
f 9365 9283 9282
f 9366 9367 9368
f 9369 9370 9371
f 9372 9373 9374
f 9375 9376 9377
f 9307 9378 9305
f 9305 9378 9379
f 9305 9379 9358
f 9359 9380 9360
f 9360 9380 9381
f 9318 9316 9382
f 9382 9316 9315
f 9382 9315 9381
f 9381 9315 9361
f 9381 9361 9360
f 9321 9320 9383
f 9314 9321 9384
f 9384 9321 9383
f 9384 9383 9385
f 8806 9312 9386
f 8813 8812 9387
f 9387 8812 8811
f 9387 8811 9388
f 9388 8811 8810
f 9388 8810 9389
f 8815 9390 8816
f 8816 9390 9391
f 8816 9391 8817
f 8817 9391 8818
f 8820 9392 8821
f 8821 9392 8822
f 9393 9274 9394
f 9394 9274 8825
f 9394 8825 9395
f 9395 8825 8824
f 9395 8824 8823
f 9396 8809 9397
f 9397 8809 8808
f 9397 8808 8807
f 9385 9398 9384
f 9384 9398 9386
f 9384 9386 9314
f 9314 9386 9312
f 9389 9399 9388
f 9388 9399 9400
f 9388 9400 9387
f 9387 9400 9401
f 9387 9401 8813
f 8813 9401 8814
f 9402 9403 9404
f 9405 9406 9403
f 9403 9406 9407
f 9403 9407 9404
f 9404 9407 9408
f 9409 9410 9383
f 9383 9410 9411
f 9383 9411 9385
f 9402 9375 9403
f 9403 9375 9377
f 9403 9377 9405
f 9405 9377 9412
f 9412 9413 9405
f 9405 9413 9414
f 9405 9414 9406
f 9406 9414 9415
f 9406 9415 9407
f 9407 9415 9416
f 9413 9417 9414
f 9414 9417 9418
f 9414 9418 9415
f 9415 9418 9419
f 9415 9419 9416
f 9416 9419 9420
f 9416 9420 9421
f 9396 9422 9376
f 9376 9422 9423
f 9376 9423 9377
f 9377 9423 9424
f 9377 9424 9412
f 9412 9424 9425
f 9412 9425 9413
f 9413 9425 9426
f 9413 9426 9417
f 9417 9426 9427
f 9417 9427 9418
f 9418 9427 9428
f 9418 9428 9419
f 9419 9428 9429
f 9419 9429 9420
f 9420 9429 9430
f 9420 9430 9421
f 9421 9430 9431
f 9359 9358 9380
f 9380 9358 9379
f 9380 9379 9432
f 9432 9379 9378
f 9432 9378 9433
f 9320 9318 9383
f 9383 9318 9382
f 9383 9382 9409
f 9409 9382 9381
f 9409 9381 9434
f 9434 9381 9380
f 9434 9380 9435
f 9435 9380 9432
f 9435 9432 9372
f 9372 9432 9433
f 9372 9433 9373
f 8806 9386 8807
f 8807 9386 9398
f 8807 9398 9397
f 9397 9398 9385
f 9397 9385 9396
f 9396 9385 9411
f 9396 9411 9422
f 9422 9411 9410
f 9422 9410 9423
f 9423 9410 9409
f 9423 9409 9424
f 9424 9409 9434
f 9424 9434 9425
f 9425 9434 9435
f 9425 9435 9426
f 9426 9435 9372
f 9426 9372 9427
f 9427 9372 9374
f 9427 9374 9428
f 9428 9374 9436
f 9428 9436 9429
f 9429 9436 9437
f 9429 9437 9430
f 9430 9437 9438
f 9430 9438 9431
f 9431 9438 9439
f 9431 9439 9440
f 9441 9365 9442
f 9442 9365 9282
f 9442 9282 9393
f 9393 9282 9275
f 9393 9275 9274
f 9443 9367 9444
f 9444 9367 9366
f 9444 9366 9445
f 9446 9447 9448
f 9448 9447 9449
f 9450 9443 9451
f 9451 9443 9444
f 9451 9444 9452
f 9452 9444 9445
f 9452 9445 9453
f 9450 9441 9443
f 9443 9441 9442
f 9443 9442 9367
f 9367 9442 9393
f 9367 9393 9368
f 9368 9393 9394
f 9368 9394 9454
f 9454 9394 9395
f 9454 9395 9392
f 9392 9395 8823
f 9392 8823 8822
f 9370 9455 9371
f 9371 9455 9456
f 9371 9456 9457
f 9457 9456 9458
f 9457 9458 9446
f 9446 9458 9459
f 9446 9459 9447
f 8820 9369 9392
f 9392 9369 9371
f 9392 9371 9454
f 9454 9371 9457
f 9454 9457 9368
f 9368 9457 9446
f 9368 9446 9366
f 9366 9446 9448
f 9366 9448 9445
f 9445 9448 9449
f 9445 9449 9453
f 8815 8814 9390
f 9390 8814 9455
f 9390 9455 9391
f 9391 9455 9370
f 9391 9370 8818
f 8818 9370 9369
f 8818 9369 8819
f 8819 9369 8820
f 8810 8809 9389
f 9389 8809 9396
f 9389 9396 9399
f 9399 9396 9376
f 9399 9376 9400
f 9400 9376 9375
f 9400 9375 9401
f 9401 9375 9402
f 9401 9402 8814
f 8814 9402 9404
f 8814 9404 9455
f 9455 9404 9408
f 9455 9408 9456
f 9456 9408 9407
f 9456 9407 9458
f 9458 9407 9416
f 9458 9416 9459
f 9459 9416 9421
f 9459 9421 9447
f 9447 9421 9431
f 9447 9431 9449
f 9449 9431 9440
f 9449 9440 9453
f 9307 9460 9378
f 9378 9460 9461
f 9462 9373 9461
f 9461 9373 9433
f 9461 9433 9378
f 9463 9436 9462
f 9462 9436 9374
f 9462 9374 9373
f 9464 9453 9440
f 9440 9439 9464
f 9464 9439 9438
f 9464 9438 9463
f 9463 9438 9437
f 9463 9437 9436
f 9453 9464 9452
f 9452 9464 9465
f 9452 9465 9451
f 9451 9465 9450
f 9450 9465 9466
f 9450 9466 9441
f 9441 9466 9365
f 9365 9466 9467
f 9365 9467 9283
f 9277 9279 9468
f 9283 9467 9281
f 9281 9467 9468
f 9281 9468 9280
f 9280 9468 9279
f 9339 9338 9468
f 9468 9338 9343
f 9468 9343 9277
f 9337 9469 9336
f 9336 9469 9470
f 9336 9470 9335
f 9337 9302 9469
f 9469 9302 9342
f 9469 9342 9468
f 9468 9342 9341
f 9468 9341 9339
f 9329 9330 9471
f 9471 9330 9332
f 9471 9332 9470
f 9470 9332 9334
f 9470 9334 9335
f 9460 9307 9472
f 9472 9307 9322
f 9322 9324 9472
f 9472 9324 9325
f 9472 9325 9471
f 9471 9325 9327
f 9471 9327 9329
f 9473 9463 9474
f 9474 9463 9462
f 9474 9462 9475
f 9475 9462 9461
f 9475 9461 9476
f 9476 9461 9460
f 9476 9460 9477
f 9477 9460 9472
f 9477 9472 9478
f 9478 9472 9471
f 9478 9471 9479
f 9479 9471 9470
f 9479 9470 9480
f 9480 9470 9469
f 9480 9469 9481
f 9481 9469 9468
f 9481 9468 9482
f 9482 9468 9467
f 9482 9467 9483
f 9483 9467 9466
f 9483 9466 9484
f 9484 9466 9465
f 9484 9465 9473
f 9473 9465 9464
f 9473 9464 9463
f 8685 9482 8683
f 8683 9482 9483
f 8683 9483 8681
f 8681 9483 9484
f 8681 9484 8675
f 8675 9484 9473
f 8675 9473 8676
f 8676 9473 9474
f 8676 9474 8677
f 8677 9474 9475
f 8677 9475 8678
f 8678 9475 9476
f 8678 9476 8664
f 8664 9476 9477
f 8664 9477 8665
f 8665 9477 9478
f 8665 9478 8691
f 8691 9478 9479
f 8691 9479 8689
f 8689 9479 9480
f 8689 9480 8687
f 8687 9480 9481
f 8687 9481 8685
f 8685 9481 9482
f 9485 9486 9487
f 9488 9489 9486
f 9490 9491 9492
f 8852 8851 9493
f 9494 9495 9496
f 9497 9498 9499
f 9500 9501 9502
f 9500 7956 9501
f 9501 7956 7957
f 9501 7957 8748
f 9497 9499 9503
f 9504 9505 9506
f 9506 9505 9507
f 8843 9508 9509
f 9509 9508 9510
f 9509 9510 9496
f 9496 9510 9511
f 9496 9511 9494
f 8841 9512 8842
f 8842 9512 9513
f 8842 9513 8843
f 8843 9513 9514
f 8843 9514 9508
f 9515 8850 8849
f 9516 8846 8853
f 9517 8854 8847
f 9518 9519 9495
f 9495 9519 9520
f 9495 9520 9496
f 9496 9520 8845
f 9496 8845 9509
f 9509 8845 8844
f 9509 8844 8843
f 9511 9504 9494
f 9494 9504 9506
f 9494 9506 9495
f 9495 9506 9521
f 9495 9521 9518
f 9518 9521 9522
f 9498 9523 9499
f 9499 9523 9524
f 9499 9524 9525
f 9525 9524 9490
f 9523 9526 9524
f 9524 9526 9527
f 9524 9527 9490
f 9490 9527 9528
f 9490 9528 9491
f 9507 9503 9506
f 9506 9503 9499
f 9506 9499 9521
f 9521 9499 9525
f 9521 9525 9522
f 9522 9525 9490
f 9522 9490 9529
f 9529 9490 9492
f 9529 9492 9530
f 9502 9501 9531
f 9531 9501 8748
f 9531 8748 9517
f 9517 8748 8855
f 9517 8855 8854
f 8846 9516 8847
f 8847 9516 9532
f 8847 9532 9517
f 9517 9532 9533
f 9517 9533 9531
f 9531 9533 9485
f 9531 9485 9502
f 9502 9485 9487
f 9502 9487 9500
f 9500 9487 9534
f 9500 9534 9535
f 9486 9485 9488
f 9488 9485 9533
f 9488 9533 9536
f 9536 9533 9532
f 9536 9532 9537
f 9537 9532 9516
f 9537 9516 9493
f 9493 9516 8853
f 9493 8853 8852
f 8850 9515 8851
f 8851 9515 9538
f 8851 9538 9493
f 9493 9538 9539
f 9493 9539 9537
f 9537 9539 9540
f 9537 9540 9536
f 9536 9540 9541
f 9536 9541 9488
f 9488 9541 9542
f 9488 9542 9489
f 8848 8845 8849
f 8849 8845 9520
f 8849 9520 9515
f 9515 9520 9519
f 9515 9519 9538
f 9538 9519 9518
f 9538 9518 9539
f 9539 9518 9522
f 9539 9522 9540
f 9540 9522 9529
f 9540 9529 9541
f 9541 9529 9530
f 9541 9530 9542
f 9543 9544 9545
f 9546 9547 9548
f 9548 9547 9549
f 9548 9549 9550
f 9550 9549 9551
f 9550 9551 9552
f 9500 9535 9543
f 7954 7956 9500
f 9543 9545 9500
f 9500 9545 9553
f 9500 9553 7954
f 7954 9553 9554
f 7954 9554 8856
f 8856 9554 9555
f 8856 9555 8857
f 9544 9551 9545
f 9545 9551 9549
f 9545 9549 9553
f 9553 9549 9547
f 9553 9547 9554
f 9554 9547 9546
f 9554 9546 9555
f 9556 9557 9558
f 9559 9560 9561
f 9562 9563 9564
f 8865 8864 9565
f 9566 9567 8864
f 8859 8858 9568
f 9548 9550 9569
f 9570 9571 9572
f 9505 9573 9574
f 8841 8840 9512
f 9512 8840 9513
f 9508 9514 9575
f 9575 9514 9513
f 9575 9513 9576
f 9508 9575 9510
f 9510 9575 9577
f 9510 9577 9511
f 9573 9505 9577
f 9577 9505 9504
f 9577 9504 9511
f 9497 9503 9574
f 9574 9503 9507
f 9574 9507 9505
f 9574 9578 9497
f 9497 9578 9579
f 9497 9579 9498
f 9498 9579 9580
f 9498 9580 9523
f 9581 9582 9583
f 9584 9585 9586
f 9587 9588 9589
f 9589 9588 9590
f 9589 9590 9591
f 9591 9590 9592
f 9591 9592 9593
f 9593 9592 9594
f 9594 9592 9595
f 9594 9595 9596
f 9596 9595 9597
f 9597 9595 9598
f 9597 9598 9599
f 9599 9598 9600
f 9599 9600 9601
f 9601 9600 9569
f 9601 9569 9602
f 9602 9569 9550
f 9602 9550 9552
f 9564 9546 9548
f 9564 9563 9546
f 9546 9563 9568
f 9546 9568 9555
f 9555 9568 8858
f 9555 8858 8857
f 8861 8860 9566
f 9566 8864 8861
f 8861 8864 8863
f 8861 8863 8862
f 8868 8867 9603
f 9603 8867 8866
f 9603 8866 9604
f 8870 8869 9605
f 8873 8872 9606
f 9606 8872 9607
f 9513 8840 9576
f 9576 8840 9608
f 9576 9608 9609
f 8865 9565 8866
f 8866 9565 9610
f 8866 9610 9604
f 9611 9612 9613
f 9613 9612 9614
f 9613 9614 9615
f 9616 9614 9617
f 9617 9614 9612
f 9617 9612 9618
f 9618 9612 9611
f 9618 9611 9619
f 8859 9568 8860
f 8860 9568 9563
f 8860 9563 9566
f 9566 9563 9562
f 9566 9562 9567
f 9588 9620 9590
f 9590 9620 9621
f 9590 9621 9592
f 9592 9621 9622
f 9592 9622 9595
f 9595 9622 9623
f 9595 9623 9598
f 9598 9623 9624
f 9598 9624 9600
f 9600 9624 9625
f 9600 9625 9569
f 9626 9627 9628
f 9628 9627 9629
f 9628 9629 9630
f 9558 9557 9561
f 9561 9557 9631
f 9561 9631 9559
f 9559 9631 9632
f 9559 9632 9633
f 9634 9635 9581
f 9581 9635 9586
f 9581 9586 9582
f 9582 9586 9585
f 9636 9584 9637
f 9637 9584 9586
f 9637 9586 9638
f 9638 9586 9635
f 9638 9635 9629
f 9629 9635 9634
f 9629 9634 9630
f 9587 9639 9588
f 9588 9639 9640
f 9588 9640 9620
f 9620 9640 9641
f 9620 9641 9621
f 9621 9641 9616
f 9621 9616 9622
f 9622 9616 9617
f 9622 9617 9623
f 9623 9617 9618
f 9623 9618 9624
f 9624 9618 9619
f 9624 9619 9625
f 9626 9642 9627
f 9627 9642 9643
f 9627 9643 9644
f 9526 9523 9583
f 9583 9523 9580
f 9583 9580 9581
f 9581 9580 9579
f 9581 9579 9634
f 9634 9579 9578
f 9634 9578 9630
f 9630 9578 9574
f 9630 9574 9628
f 9628 9574 9573
f 9628 9573 9626
f 9626 9573 9577
f 9626 9577 9642
f 9642 9577 9575
f 9642 9575 9643
f 9643 9575 9576
f 9643 9576 9644
f 9644 9576 9609
f 8840 8839 9608
f 9608 8839 8873
f 9608 8873 9609
f 9609 8873 9606
f 9609 9606 9645
f 9645 9606 9607
f 9646 9647 9648
f 9648 9647 9649
f 9648 9649 9650
f 9650 9649 9651
f 9650 9651 9652
f 9652 9651 9653
f 9652 9653 9654
f 8872 8871 9607
f 9607 8871 8870
f 9607 8870 9645
f 9645 8870 9605
f 9645 9605 9655
f 9572 9571 9656
f 9656 9571 9646
f 9656 9646 9556
f 9556 9646 9648
f 9556 9648 9557
f 9557 9648 9650
f 9557 9650 9631
f 9631 9650 9652
f 9631 9652 9632
f 9632 9652 9654
f 9632 9654 9633
f 9548 9569 9564
f 9564 9569 9625
f 9564 9625 9562
f 9562 9625 9619
f 9562 9619 9567
f 9567 9619 9611
f 9567 9611 8864
f 8864 9611 9613
f 8864 9613 9565
f 9565 9613 9615
f 9565 9615 9610
f 9610 9615 9655
f 9610 9655 9604
f 9604 9655 9605
f 9604 9605 9603
f 9603 9605 8869
f 9603 8869 8868
f 9570 9636 9571
f 9571 9636 9637
f 9571 9637 9646
f 9646 9637 9638
f 9646 9638 9647
f 9647 9638 9629
f 9647 9629 9649
f 9649 9629 9627
f 9649 9627 9651
f 9651 9627 9644
f 9651 9644 9653
f 9653 9644 9609
f 9653 9609 9654
f 9654 9609 9645
f 9654 9645 9633
f 9633 9645 9655
f 9633 9655 9559
f 9559 9655 9615
f 9559 9615 9560
f 9560 9615 9614
f 9560 9614 9561
f 9561 9614 9616
f 9561 9616 9558
f 9558 9616 9641
f 9558 9641 9556
f 9556 9641 9640
f 9556 9640 9656
f 9656 9640 9639
f 9656 9639 9572
f 9572 9639 9587
f 9572 9587 9570
f 9602 9552 9657
f 9658 9526 9583
f 9658 9583 9659
f 9596 9660 9594
f 9594 9660 9661
f 9594 9661 9593
f 9596 9597 9660
f 9660 9597 9599
f 9660 9599 9657
f 9657 9599 9601
f 9657 9601 9602
f 9662 9663 9570
f 9570 9587 9662
f 9662 9587 9589
f 9662 9589 9661
f 9661 9589 9591
f 9661 9591 9593
f 9583 9582 9659
f 9659 9582 9585
f 9659 9585 9664
f 9664 9585 9584
f 9664 9584 9663
f 9663 9584 9636
f 9663 9636 9570
f 9665 9657 9552
f 9526 9658 9527
f 9527 9658 9666
f 9667 9491 9666
f 9666 9491 9528
f 9666 9528 9527
f 9668 9530 9667
f 9667 9530 9492
f 9667 9492 9491
f 9669 9489 9668
f 9668 9489 9542
f 9668 9542 9530
f 9535 9534 9670
f 9670 9534 9487
f 9670 9487 9669
f 9669 9487 9486
f 9669 9486 9489
f 9552 9551 9665
f 9665 9551 9544
f 9665 9544 9670
f 9670 9544 9543
f 9670 9543 9535
f 9671 9668 9672
f 9672 9668 9667
f 9672 9667 9673
f 9673 9667 9666
f 9673 9666 9674
f 9674 9666 9658
f 9674 9658 9675
f 9675 9658 9659
f 9675 9659 9676
f 9676 9659 9664
f 9676 9664 9677
f 9664 9663 9677
f 9677 9663 9662
f 9677 9662 9678
f 9678 9662 9661
f 9678 9661 9679
f 9679 9661 9660
f 9679 9660 9680
f 9680 9660 9657
f 9680 9657 9681
f 9681 9657 9665
f 9681 9665 9682
f 9682 9665 9670
f 9682 9670 9671
f 9671 9670 9669
f 9671 9669 9668
f 8723 9680 8721
f 8721 9680 9681
f 8721 9681 8719
f 8719 9681 9682
f 8719 9682 8717
f 8717 9682 9671
f 8717 9671 8715
f 8715 9671 9672
f 8715 9672 8436
f 8436 9672 9673
f 8436 9673 8437
f 8437 9673 9674
f 8437 9674 8712
f 8712 9674 9675
f 8712 9675 8704
f 8704 9675 9676
f 8704 9676 8705
f 8705 9676 9677
f 8705 9677 8707
f 8707 9677 9678
f 8707 9678 8709
f 8709 9678 9679
f 8709 9679 8723
f 8723 9679 9680
f 7905 7906 6231
f 6231 7906 6225
f 6258 8064 6253
f 6253 8064 9683
f 6253 9683 6250
f 6250 9683 9684
f 6250 9684 6231
f 6231 9684 7905
f 8064 7924 9683
f 9683 7924 7916
f 9683 7916 9684
f 9684 7916 7915
f 9684 7915 7905
f 7905 7915 7904
f 8512 9685 9686
f 9687 8512 9688
f 9688 8512 9689
f 8066 8064 6258
f 9686 9690 8512
f 8512 9690 9691
f 8512 9691 9689
f 8066 6258 9692
f 9692 6258 6257
f 9692 6257 6255
f 9687 9693 8512
f 8512 9693 9692
f 8512 9692 8485
f 8485 9692 6255
f 9694 8087 8089
f 9687 9695 9693
f 9689 9691 9696
f 9686 9685 9697
f 9697 9698 9686
f 9686 9698 9699
f 9686 9699 9690
f 9690 9699 9700
f 9690 9700 9691
f 8073 8066 9695
f 9695 8066 9692
f 9695 9692 9693
f 9691 9700 9696
f 9696 9700 9701
f 9696 9701 9694
f 9694 9701 8088
f 9694 8088 8087
f 8072 8073 8089
f 8089 8073 9695
f 8089 9695 9694
f 9694 9695 9687
f 9694 9687 9696
f 9696 9687 9688
f 9696 9688 9689
f 8512 9702 9703
f 9685 9704 9697
f 9697 9704 9705
f 9697 9705 9698
f 8512 9703 9685
f 8090 8088 9705
f 9705 8088 9701
f 9701 9700 9705
f 9705 9700 9699
f 9705 9699 9698
f 9685 9703 9704
f 9704 9703 9706
f 9704 9706 9707
f 9707 9706 9708
f 9707 9708 9709
f 9709 9708 9710
f 9709 9710 9711
f 9711 9710 9712
f 9711 9712 9713
f 9713 9712 9714
f 9713 9714 9715
f 9715 9714 9716
f 9715 9716 9717
f 9717 9716 9718
f 9717 9718 9719
f 9719 9718 9720
f 9719 9720 9721
f 9721 9720 8110
f 9721 8110 8109
f 9704 9722 9705
f 9705 9722 9723
f 9705 9723 8090
f 9707 9724 9704
f 9704 9724 9725
f 9725 9726 9704
f 9704 9726 9727
f 9704 9727 9722
f 9717 9728 9715
f 9715 9728 9729
f 9715 9729 9713
f 9713 9729 9730
f 9713 9730 9711
f 9711 9730 9731
f 9711 9731 9709
f 9709 9731 9732
f 9709 9732 9707
f 9707 9732 9733
f 9707 9733 9724
f 9719 9734 9717
f 9717 9734 9735
f 9717 9735 9736
f 9736 9737 9717
f 9717 9737 9738
f 9717 9738 9728
f 9739 9740 9719
f 9719 9740 9741
f 9719 9741 9734
f 9719 9721 9739
f 9739 9721 8109
f 9739 8109 9742
f 9743 9744 9745
f 9746 9747 9748
f 9749 9750 9751
f 9752 9753 9754
f 9755 9756 9757
f 9758 9759 9760
f 9761 9762 9763
f 9727 9726 9764
f 9764 9726 9725
f 9731 9765 9766
f 9767 9730 9729
f 9739 9768 9740
f 9769 9770 9771
f 9770 9772 9771
f 9771 9772 9773
f 9771 9773 9774
f 9774 9773 9775
f 9774 9775 9776
f 9777 9778 9779
f 9779 9778 9780
f 9779 9780 9742
f 9780 9781 9742
f 9742 9781 9782
f 9742 9782 9739
f 9739 9782 9783
f 9739 9783 9784
f 9785 9786 9768
f 9768 9786 9787
f 9768 9787 9740
f 9788 9744 9789
f 9789 9744 9743
f 9789 9743 9790
f 9788 9791 9744
f 9744 9791 9792
f 9744 9792 9768
f 9768 9792 9793
f 9768 9793 9785
f 9787 9794 9740
f 9740 9794 9795
f 9740 9795 9741
f 9741 9795 9796
f 9741 9796 9734
f 9736 9735 9797
f 9797 9735 9734
f 9797 9734 9743
f 9743 9734 9796
f 9743 9796 9790
f 9737 9798 9738
f 9738 9798 9799
f 9800 9801 9802
f 9801 9803 9752
f 9732 9731 9804
f 9804 9731 9805
f 9804 9806 9732
f 9732 9806 9807
f 9732 9807 9802
f 9802 9807 9808
f 9802 9808 9800
f 9803 9809 9752
f 9752 9809 9810
f 9752 9810 9766
f 9766 9810 9811
f 9766 9811 9731
f 9731 9811 9812
f 9731 9812 9805
f 9722 9813 9814
f 9814 9815 9722
f 9722 9815 9816
f 9722 9816 9723
f 9723 9816 9761
f 9761 9763 9723
f 9723 9763 9817
f 9723 9817 9818
f 9819 9820 9821
f 9821 9820 9822
f 9823 9824 9825
f 9825 9824 9826
f 9825 9826 9827
f 9827 9826 9828
f 9829 9830 9831
f 9832 9833 9825
f 9825 9833 9834
f 9825 9834 9823
f 9823 9834 9835
f 9823 9835 9836
f 9837 9838 9839
f 9839 9838 9836
f 9839 9836 9840
f 9840 9836 9835
f 9837 9841 9838
f 9838 9841 9842
f 9838 9842 9843
f 9843 9842 9844
f 9843 9844 9829
f 9845 9846 9847
f 9847 9846 9848
f 9847 9848 9843
f 9848 9849 9843
f 9843 9849 9850
f 9843 9850 9838
f 9838 9850 9851
f 9852 9853 9854
f 9854 9853 9838
f 9854 9838 9855
f 9855 9838 9851
f 9852 9856 9853
f 9853 9856 9857
f 9853 9857 9858
f 9859 9860 9853
f 9861 9862 9863
f 9864 9865 9866
f 9862 9859 9863
f 9863 9859 9853
f 9863 9853 9847
f 9847 9853 9858
f 9847 9858 9845
f 9860 9867 9853
f 9853 9867 9868
f 9853 9868 9869
f 9868 9870 9869
f 9869 9870 9871
f 9869 9871 9872
f 9872 9871 9873
f 9864 9866 9874
f 9875 9876 9877
f 9878 9875 9879
f 9879 9875 9877
f 9879 9877 9866
f 9866 9877 9872
f 9866 9872 9874
f 9874 9872 9873
f 9760 9759 9880
f 9880 9759 9881
f 9880 9881 9882
f 9883 9884 9885
f 9886 9887 9888
f 9883 9885 9889
f 9890 9881 9891
f 9891 9881 9886
f 9891 9886 9892
f 9892 9886 9888
f 9890 9893 9881
f 9881 9893 9894
f 9881 9894 9882
f 9882 9894 9895
f 9882 9895 9896
f 9896 9895 9897
f 9897 9889 9896
f 9896 9889 9885
f 9896 9885 9898
f 9898 9885 9774
f 9898 9774 9777
f 9777 9774 9776
f 9777 9776 9778
f 9899 9900 9901
f 9901 9900 9902
f 9901 9902 9903
f 9903 9902 9904
f 9905 9906 9907
f 9907 9906 9908
f 9907 9908 9909
f 9909 9908 9910
f 9801 9752 9802
f 9802 9752 9754
f 9802 9754 9911
f 9911 9754 9912
f 9911 9912 9913
f 9728 9738 9914
f 9914 9738 9799
f 9914 9799 9915
f 9915 9799 9916
f 9916 9917 9915
f 9915 9917 9918
f 9915 9918 9919
f 9919 9918 9920
f 9920 9921 9919
f 9919 9921 9922
f 9919 9922 9751
f 9751 9922 9923
f 9751 9923 9749
f 9750 9924 9798
f 9798 9924 9925
f 9798 9925 9799
f 9926 9927 9928
f 9927 9929 9928
f 9928 9929 9930
f 9928 9930 9931
f 9930 9932 9931
f 9931 9932 9933
f 9931 9933 9813
f 9813 9933 9934
f 9813 9934 9814
f 9935 9936 9817
f 9936 9937 9817
f 9817 9937 9938
f 9817 9938 9939
f 9938 9940 9939
f 9939 9940 9941
f 9939 9941 9942
f 9943 9909 9944
f 9944 9909 9910
f 9944 9910 9945
f 9945 9910 9946
f 9945 9946 9947
f 9941 9948 9942
f 9942 9948 9949
f 9942 9949 9944
f 9944 9949 9950
f 9944 9950 9943
f 9829 9831 9843
f 9843 9831 9951
f 9843 9951 9847
f 9847 9951 9952
f 9847 9952 9863
f 9953 9757 9879
f 9879 9757 9756
f 9879 9756 9878
f 9878 9756 9755
f 9878 9755 9904
f 9904 9755 9954
f 9904 9954 9903
f 9830 9832 9831
f 9831 9832 9825
f 9831 9825 9955
f 9955 9825 9827
f 9955 9827 9821
f 9821 9827 9828
f 9821 9828 9819
f 9865 9861 9866
f 9866 9861 9863
f 9866 9863 9879
f 9879 9863 9952
f 9879 9952 9953
f 9953 9952 9951
f 9953 9951 9956
f 9956 9951 9831
f 9956 9831 9947
f 9947 9831 9955
f 9947 9955 9945
f 9945 9955 9821
f 9945 9821 9944
f 9944 9821 9822
f 9944 9822 9942
f 9942 9822 9957
f 9942 9957 9939
f 9939 9957 9958
f 9939 9958 9817
f 9817 9958 9959
f 9817 9959 9818
f 9884 9887 9885
f 9885 9887 9886
f 9885 9886 9774
f 9774 9886 9960
f 9774 9960 9771
f 9771 9960 9961
f 9758 9876 9759
f 9759 9876 9875
f 9759 9875 9881
f 9881 9875 9878
f 9881 9878 9886
f 9886 9878 9904
f 9886 9904 9960
f 9960 9904 9902
f 9960 9902 9961
f 9961 9902 9900
f 9747 9935 9748
f 9748 9935 9817
f 9748 9817 9928
f 9928 9817 9763
f 9928 9763 9926
f 9926 9763 9762
f 9737 9736 9798
f 9798 9736 9797
f 9798 9797 9750
f 9750 9797 9743
f 9750 9743 9751
f 9751 9743 9745
f 9962 9963 9964
f 9965 9966 9905
f 9905 9966 9967
f 9963 9764 9964
f 9964 9764 9725
f 9964 9725 9968
f 9968 9725 9724
f 9968 9724 9733
f 9963 9969 9764
f 9764 9969 9970
f 9764 9970 9971
f 9722 9727 9813
f 9813 9727 9764
f 9813 9764 9931
f 9931 9764 9971
f 9931 9971 9972
f 9972 9965 9931
f 9931 9965 9905
f 9931 9905 9928
f 9928 9905 9907
f 9928 9907 9748
f 9748 9907 9909
f 9748 9909 9746
f 9746 9909 9943
f 9967 9973 9905
f 9905 9973 9974
f 9905 9974 9964
f 9964 9974 9975
f 9964 9975 9962
f 9912 9906 9913
f 9913 9906 9905
f 9913 9905 9911
f 9911 9905 9964
f 9911 9964 9802
f 9802 9964 9968
f 9802 9968 9732
f 9732 9968 9733
f 9784 9769 9739
f 9739 9769 9771
f 9739 9771 9768
f 9768 9771 9961
f 9768 9961 9744
f 9744 9961 9900
f 9744 9900 9745
f 9745 9900 9899
f 9745 9899 9751
f 9751 9899 9976
f 9751 9976 9919
f 9919 9976 9977
f 9919 9977 9915
f 9915 9977 9978
f 9915 9978 9914
f 9914 9978 9979
f 9914 9979 9728
f 9728 9979 9980
f 9728 9980 9729
f 9981 9982 9980
f 9979 9983 9984
f 9729 9980 9767
f 9767 9980 9982
f 9767 9982 9985
f 9977 9986 9978
f 9978 9986 9987
f 9978 9987 9979
f 9979 9987 9988
f 9979 9988 9983
f 9983 9988 9989
f 9985 9990 9767
f 9767 9990 9991
f 9767 9991 9988
f 9988 9991 9992
f 9988 9992 9989
f 9984 9993 9979
f 9979 9993 9994
f 9979 9994 9980
f 9980 9994 9995
f 9980 9995 9981
f 9986 9753 9987
f 9987 9753 9752
f 9987 9752 9988
f 9988 9752 9766
f 9988 9766 9767
f 9767 9766 9765
f 9767 9765 9730
f 9730 9765 9731
f 9820 9819 8095
f 8114 9779 8112
f 8112 9779 9742
f 8112 9742 8109
f 9896 8114 9882
f 9882 8114 8107
f 9896 9898 8114
f 8114 9898 9777
f 8114 9777 9779
f 9758 9760 8107
f 8107 9760 9880
f 8107 9880 9882
f 9823 9836 8094
f 8094 9836 9838
f 8094 9838 8093
f 8093 9838 9853
f 8093 9853 8092
f 8092 9853 9869
f 8092 9869 8091
f 8091 9869 9872
f 8091 9872 8098
f 8098 9872 9877
f 8098 9877 8107
f 8107 9877 9876
f 8107 9876 9758
f 9819 9828 8095
f 8095 9828 9826
f 8095 9826 8094
f 8094 9826 9824
f 8094 9824 9823
f 9958 9957 8096
f 8096 9957 8095
f 8095 9957 9822
f 8095 9822 9820
f 9958 8096 9959
f 9959 8096 8097
f 9959 8097 9818
f 9818 8097 8090
f 9818 8090 9723
f 9889 9996 9883
f 9883 9996 9997
f 9883 9997 9884
f 9884 9997 9998
f 9884 9998 9887
f 9887 9998 9999
f 9887 9999 9888
f 9888 9999 10000
f 9888 10000 9892
f 9892 10000 10001
f 9892 10001 9891
f 9891 10001 10002
f 9891 10002 9890
f 9890 10002 10003
f 9890 10003 9893
f 9893 10003 10004
f 9893 10004 9894
f 9894 10004 10005
f 9894 10005 9895
f 9895 10005 10006
f 9895 10006 9897
f 9897 10006 10007
f 9897 10007 9889
f 9889 10007 9996
f 10008 10009 10010
f 10011 10012 10013
f 10014 10015 10016
f 10017 10018 10019
f 10020 10021 10022
f 10023 10024 10025
f 10026 10027 10028
f 10029 10030 10031
f 10031 10030 10032
f 10033 10034 10035
f 10036 10037 10038
f 10038 10037 10039
f 10040 10041 10042
f 10042 10041 10043
f 10042 10043 10044
f 10036 10045 10037
f 10037 10045 10046
f 10037 10046 10044
f 10044 10046 10047
f 10044 10047 10042
f 10048 10049 10050
f 10051 10052 10053
f 10050 10049 10030
f 10054 10055 10056
f 10056 10055 10057
f 10056 10057 10050
f 10050 10057 10058
f 10050 10058 10048
f 10049 10059 10030
f 10030 10059 10060
f 10030 10060 10032
f 10032 10060 10061
f 10032 10061 10053
f 10053 10061 10062
f 10053 10062 10051
f 10063 10029 10064
f 10065 10066 10067
f 10067 10066 10068
f 10069 10070 10027
f 10027 10070 10071
f 10071 10070 10072
f 10071 10072 10073
f 10074 10075 10026
f 10076 10077 10078
f 10078 10077 10079
f 10078 10079 10080
f 10080 10079 10074
f 10080 10074 10081
f 10081 10074 10026
f 10075 10082 10026
f 10026 10082 10083
f 10026 10083 10027
f 10027 10083 10084
f 10027 10084 10069
f 10085 10086 10087
f 10085 10087 10088
f 10089 10090 10091
f 10091 10090 10092
f 10091 10092 10088
f 10093 10023 10094
f 10094 10023 10095
f 10096 10097 10028
f 10028 10097 10098
f 10028 10098 10095
f 10095 10098 10099
f 10095 10099 10094
f 10000 9999 10013
f 10013 9999 10024
f 10013 10024 10091
f 10091 10024 10023
f 10091 10023 10089
f 10089 10023 10093
f 9999 9998 10024
f 10024 9998 9997
f 10024 9997 10025
f 10025 9997 9996
f 10025 9996 10100
f 10100 9996 10007
f 10100 10007 10101
f 10101 10007 10006
f 10101 10006 10012
f 10012 10006 10005
f 10012 10005 10004
f 10004 10003 10012
f 10012 10003 10002
f 10012 10002 10013
f 10013 10002 10001
f 10013 10001 10000
f 10102 10103 10104
f 10104 10103 10105
f 10104 10105 10106
f 10106 10105 10107
f 10107 10105 10108
f 10107 10108 10109
f 10110 10111 10112
f 10112 10111 10113
f 10114 10115 10116
f 10116 10117 10114
f 10114 10117 10118
f 10114 10118 10119
f 10110 10120 10111
f 10111 10120 10108
f 10111 10108 10121
f 10121 10108 10105
f 10120 10122 10108
f 10108 10122 10123
f 10108 10123 10109
f 10109 10123 10124
f 10109 10124 10115
f 10115 10124 10125
f 10115 10125 10116
f 10126 10127 10128
f 10129 10130 10131
f 10131 10130 10126
f 10131 10126 10132
f 10132 10126 10128
f 10133 10114 10134
f 10134 10114 10130
f 10134 10130 10135
f 10135 10130 10129
f 10133 10136 10114
f 10114 10136 10137
f 10114 10137 10138
f 10137 10139 10138
f 10138 10139 10140
f 10138 10140 10127
f 10127 10140 10141
f 10127 10141 10128
f 10142 10127 10143
f 10144 10145 10126
f 10126 10145 10146
f 10126 10146 10127
f 10127 10146 10147
f 10127 10147 10143
f 10143 10148 10142
f 10142 10148 10149
f 10142 10149 10022
f 10022 10149 10150
f 10022 10150 10020
f 10151 10152 10153
f 10153 10152 10154
f 10155 10156 10157
f 10157 10156 10022
f 10157 10022 10152
f 10152 10022 10021
f 10152 10021 10154
f 10158 10159 10160
f 10161 10053 10162
f 10162 10053 10010
f 10162 10010 10163
f 10163 10010 10009
f 10163 10009 10164
f 10164 10009 10008
f 10165 10166 10167
f 10167 10166 10168
f 10167 10168 10169
f 10170 10171 10172
f 10172 10171 10173
f 10174 10067 10175
f 10175 10067 10068
f 10175 10068 10176
f 10176 10068 10177
f 10078 10178 10179
f 10179 10178 10180
f 10180 10181 10179
f 10179 10181 10182
f 10179 10182 10183
f 10182 10184 10183
f 10183 10184 10185
f 10183 10185 10068
f 10068 10185 10186
f 10068 10186 10177
f 10187 10188 10189
f 10189 10188 10174
f 10189 10174 10190
f 10190 10174 10175
f 10190 10175 10191
f 10080 10187 10078
f 10078 10187 10189
f 10078 10189 10178
f 10178 10189 10190
f 10178 10190 10192
f 10192 10190 10191
f 10045 10193 10046
f 10046 10193 10194
f 10046 10194 10047
f 10047 10194 10195
f 10047 10195 10196
f 10197 10198 10199
f 10199 10198 10200
f 10199 10200 10201
f 10201 10200 10202
f 10201 10202 10203
f 10204 10205 10206
f 10207 10208 10209
f 10209 10208 10210
f 10210 10211 10209
f 10209 10211 10212
f 10209 10212 10205
f 10205 10212 10213
f 10205 10213 10206
f 10206 10214 10204
f 10204 10214 10215
f 10204 10215 10165
f 10165 10215 10216
f 10165 10216 10166
f 10216 10217 10166
f 10166 10217 10218
f 10166 10218 10207
f 10207 10218 10219
f 10207 10219 10208
f 10220 10014 10221
f 10221 10014 10016
f 10221 10016 10222
f 10223 10220 10224
f 10224 10220 10221
f 10224 10221 10225
f 10225 10221 10222
f 10225 10222 10087
f 10226 10223 10227
f 10227 10223 10224
f 10227 10224 10071
f 10071 10224 10225
f 10071 10225 10027
f 10027 10225 10087
f 10027 10087 10028
f 10028 10087 10086
f 10028 10086 10096
f 10102 10101 10103
f 10103 10101 10012
f 10103 10012 10105
f 10105 10012 10011
f 10105 10011 10121
f 10121 10011 10228
f 10088 10087 10091
f 10091 10087 10222
f 10091 10222 10013
f 10013 10222 10016
f 10013 10016 10011
f 10011 10016 10015
f 10011 10015 10228
f 10228 10015 10170
f 10228 10170 10121
f 10121 10170 10172
f 10121 10172 10111
f 10063 10229 10065
f 10065 10229 10230
f 10065 10230 10066
f 10066 10230 10158
f 10066 10158 10068
f 10068 10158 10160
f 10068 10160 10183
f 10183 10160 10226
f 10183 10226 10179
f 10179 10226 10227
f 10179 10227 10078
f 10078 10227 10071
f 10078 10071 10076
f 10076 10071 10073
f 10231 10232 10230
f 10064 10233 10234
f 10063 10064 10229
f 10229 10064 10234
f 10229 10234 10235
f 10159 10158 10236
f 10236 10158 10230
f 10236 10230 10237
f 10237 10230 10232
f 10237 10232 10238
f 10235 10239 10229
f 10229 10239 10240
f 10229 10240 10230
f 10230 10240 10241
f 10230 10241 10231
f 10238 10242 10237
f 10237 10242 10243
f 10237 10243 10064
f 10064 10243 10244
f 10064 10244 10233
f 10130 10245 10126
f 10126 10245 10151
f 10126 10151 10144
f 10144 10151 10153
f 10029 10031 10064
f 10064 10031 10032
f 10064 10032 10237
f 10237 10032 10053
f 10237 10053 10236
f 10236 10053 10161
f 10236 10161 10159
f 10119 10113 10114
f 10114 10113 10111
f 10114 10111 10130
f 10130 10111 10172
f 10130 10172 10245
f 10245 10172 10173
f 10245 10173 10151
f 10151 10173 10246
f 10151 10246 10152
f 10152 10246 10247
f 10152 10247 10157
f 10157 10247 10019
f 10157 10019 10155
f 10155 10019 10018
f 10246 10169 10247
f 10247 10169 10168
f 10247 10168 10019
f 10019 10168 10166
f 10019 10166 10017
f 10017 10166 10207
f 10017 10207 10248
f 10248 10207 10209
f 10248 10209 10249
f 10249 10209 10205
f 10249 10205 10039
f 10050 10035 10056
f 10056 10035 10034
f 10056 10034 10040
f 10040 10034 10033
f 10040 10033 10041
f 10250 10164 10251
f 10251 10164 10008
f 10251 10008 10199
f 10199 10008 10047
f 10199 10047 10197
f 10197 10047 10196
f 10252 10253 10040
f 10042 10254 10255
f 10042 10255 10040
f 10040 10255 10256
f 10040 10256 10252
f 10052 10054 10053
f 10053 10054 10056
f 10053 10056 10010
f 10010 10056 10040
f 10010 10040 10008
f 10008 10040 10253
f 10008 10253 10257
f 10257 10258 10008
f 10008 10258 10259
f 10008 10259 10047
f 10047 10259 10260
f 10260 10261 10047
f 10047 10261 10262
f 10047 10262 10042
f 10042 10262 10263
f 10042 10263 10254
f 10167 10250 10165
f 10165 10250 10251
f 10165 10251 10204
f 10204 10251 10199
f 10204 10199 10205
f 10205 10199 10201
f 10205 10201 10039
f 10039 10201 10203
f 10039 10203 10038
f 10264 10265 8520
f 10028 10095 10266
f 10266 10095 10267
f 10028 10266 10026
f 10026 10266 10268
f 10026 10268 10081
f 10081 10268 10269
f 10081 10269 10080
f 10080 10269 10270
f 10080 10270 10187
f 10065 10067 10271
f 10271 10067 10174
f 10271 10174 10270
f 10270 10174 10188
f 10270 10188 10187
f 10271 10272 10065
f 10065 10272 10273
f 10065 10273 10063
f 10273 10274 10063
f 10063 10274 10275
f 10063 10275 10029
f 10275 10276 10029
f 10029 10276 10277
f 10029 10277 10030
f 10277 10278 10030
f 10030 10278 10279
f 10030 10279 10050
f 10279 10280 10050
f 10050 10280 10281
f 10050 10281 10035
f 10035 10281 10282
f 10035 10282 10033
f 6287 10039 8519
f 8519 10039 10037
f 8519 10037 8520
f 8520 10037 10044
f 8520 10044 10264
f 10264 10044 10043
f 10264 10043 10282
f 10282 10043 10041
f 10282 10041 10033
f 8512 8520 9702
f 9702 8520 10265
f 9702 10265 10283
f 10284 8110 10285
f 10285 8110 9720
f 9718 10286 9720
f 9720 10286 10287
f 9720 10287 10285
f 9716 10288 9718
f 9718 10288 10289
f 9718 10289 10286
f 9714 10290 9716
f 9716 10290 10291
f 9716 10291 10288
f 9712 10292 9714
f 9714 10292 10293
f 9714 10293 10290
f 9710 10294 9712
f 9712 10294 10295
f 9712 10295 10292
f 9708 10296 9710
f 9710 10296 10297
f 9710 10297 10294
f 9706 10298 9708
f 9708 10298 10299
f 9708 10299 10296
f 9702 10283 9703
f 9703 10283 10300
f 9703 10300 9706
f 9706 10300 10301
f 9706 10301 10298
f 10266 10267 10284
f 10284 10285 10266
f 10266 10285 10287
f 10266 10287 10268
f 10268 10287 10286
f 10268 10286 10269
f 10269 10286 10289
f 10269 10289 10270
f 10270 10289 10288
f 10270 10288 10271
f 10271 10288 10291
f 10271 10291 10272
f 10272 10291 10290
f 10272 10290 10273
f 10273 10290 10293
f 10273 10293 10274
f 10274 10293 10292
f 10274 10292 10275
f 10275 10292 10295
f 10275 10295 10276
f 10276 10295 10294
f 10276 10294 10277
f 10277 10294 10297
f 10277 10297 10278
f 10278 10297 10296
f 10278 10296 10279
f 10279 10296 10299
f 10279 10299 10280
f 10280 10299 10298
f 10280 10298 10281
f 10281 10298 10301
f 10281 10301 10282
f 10282 10301 10300
f 10282 10300 10264
f 10264 10300 10283
f 10264 10283 10265
f 10302 10284 10267
f 10303 10304 10305
f 10305 10304 10306
f 10305 10306 10307
f 10307 10306 10308
f 10307 10308 10309
f 10309 10308 10302
f 10309 10302 10310
f 10310 10302 10267
f 8113 10306 8104
f 8104 10306 10304
f 8104 10304 8102
f 8110 10284 8111
f 8111 10284 10302
f 8111 10302 8113
f 8113 10302 10308
f 8113 10308 10306
f 10304 10303 8102
f 8102 10303 8522
f 8102 8522 8103
f 8522 10303 10305
f 10102 10104 8521
f 8521 10104 10106
f 10106 10107 8521
f 8521 10107 10109
f 8521 10109 8527
f 8527 10109 10115
f 8527 10115 8544
f 8544 10115 10114
f 8544 10114 8542
f 10022 8538 10142
f 10142 8538 8540
f 10142 8540 10127
f 10127 8540 8542
f 10127 8542 10138
f 10138 8542 10114
f 10022 10156 8538
f 8538 10156 10155
f 8538 10155 8536
f 8536 10155 10018
f 10039 6287 10249
f 10249 6287 8534
f 10249 8534 10248
f 10248 8534 8536
f 10248 8536 10017
f 10017 8536 10018
f 10102 8521 10101
f 10101 8521 8522
f 10101 8522 10100
f 10100 8522 10305
f 10100 10305 10025
f 10025 10305 10307
f 10025 10307 10023
f 10267 10095 10310
f 10310 10095 10023
f 10310 10023 10309
f 10309 10023 10307
f 9994 10240 9995
f 9995 10240 10239
f 9995 10239 9981
f 9981 10239 10235
f 9981 10235 9982
f 9982 10235 10234
f 9982 10234 9985
f 9985 10234 10233
f 9985 10233 9990
f 9990 10233 10244
f 9990 10244 9991
f 9991 10244 10243
f 9991 10243 9992
f 9992 10243 10242
f 9992 10242 9989
f 9989 10242 10238
f 9989 10238 9983
f 9983 10238 10232
f 9983 10232 9984
f 9984 10232 10231
f 9984 10231 9993
f 9993 10231 10241
f 9993 10241 9994
f 9994 10241 10240
f 9938 10212 9940
f 9940 10212 10211
f 9940 10211 9941
f 9941 10211 10210
f 9941 10210 9948
f 9948 10210 10208
f 9948 10208 9949
f 9949 10208 10219
f 9949 10219 9950
f 9950 10219 10218
f 9950 10218 9943
f 9943 10218 10217
f 9943 10217 9746
f 9746 10217 10216
f 9746 10216 9747
f 9747 10216 10215
f 9747 10215 9935
f 9935 10215 10214
f 9935 10214 9936
f 9936 10214 10206
f 9936 10206 9937
f 9937 10206 10213
f 9937 10213 9938
f 9938 10213 10212
f 9810 10062 9811
f 9811 10062 10061
f 9811 10061 9812
f 9812 10061 10060
f 9812 10060 9805
f 9805 10060 10059
f 9805 10059 9804
f 9804 10059 10049
f 9804 10049 9806
f 9806 10049 10048
f 9806 10048 9807
f 9807 10048 10058
f 9807 10058 9808
f 9808 10058 10057
f 9808 10057 9800
f 9800 10057 10055
f 9800 10055 9801
f 9801 10055 10054
f 9801 10054 9803
f 9803 10054 10052
f 9803 10052 9809
f 9809 10052 10051
f 9809 10051 9810
f 9810 10051 10062
f 9971 10262 9972
f 9972 10262 10261
f 9972 10261 9965
f 9965 10261 10260
f 9965 10260 9966
f 9966 10260 10259
f 9966 10259 9967
f 9967 10259 10258
f 9967 10258 9973
f 9973 10258 10257
f 9973 10257 9974
f 9974 10257 10253
f 9974 10253 9975
f 9975 10253 10252
f 9975 10252 9962
f 9962 10252 10256
f 9962 10256 9963
f 9963 10256 10255
f 9963 10255 9969
f 9969 10255 10254
f 9969 10254 9970
f 9970 10254 10263
f 9970 10263 9971
f 9971 10263 10262
f 9788 10076 9791
f 9791 10076 10073
f 9791 10073 9792
f 9792 10073 10072
f 9792 10072 9793
f 9793 10072 10070
f 9793 10070 9785
f 9785 10070 10069
f 9785 10069 9786
f 9786 10069 10084
f 9786 10084 9787
f 9787 10084 10083
f 9787 10083 9794
f 9794 10083 10082
f 9794 10082 9795
f 9795 10082 10075
f 9795 10075 9796
f 9796 10075 10074
f 9796 10074 9790
f 9790 10074 10079
f 9790 10079 9789
f 9789 10079 10077
f 9789 10077 9788
f 9788 10077 10076
f 9816 10036 9761
f 9761 10036 10038
f 9761 10038 9762
f 9762 10038 10203
f 9762 10203 9926
f 9926 10203 10202
f 9926 10202 9927
f 9927 10202 10200
f 9927 10200 9929
f 9929 10200 10198
f 9929 10198 9930
f 9930 10198 10197
f 9930 10197 9932
f 9932 10197 10196
f 9932 10196 9933
f 9933 10196 10195
f 9933 10195 9934
f 9934 10195 10194
f 9934 10194 9814
f 9814 10194 10193
f 9814 10193 9815
f 9815 10193 10045
f 9815 10045 9816
f 9816 10045 10036
f 9858 10133 9845
f 9845 10133 10134
f 9845 10134 9846
f 9846 10134 10135
f 9846 10135 9848
f 9848 10135 10129
f 9848 10129 9849
f 9849 10129 10131
f 9849 10131 9850
f 9850 10131 10132
f 9850 10132 9851
f 9851 10132 10128
f 9851 10128 9855
f 9855 10128 10141
f 9855 10141 9854
f 9854 10141 10140
f 9854 10140 9852
f 9852 10140 10139
f 9852 10139 9856
f 9856 10139 10137
f 9856 10137 9857
f 9857 10137 10136
f 9857 10136 9858
f 9858 10136 10133
f 9860 10113 9867
f 9867 10113 10119
f 9867 10119 9868
f 9868 10119 10118
f 9868 10118 9870
f 9870 10118 10117
f 9870 10117 9871
f 9871 10117 10116
f 9871 10116 9873
f 9873 10116 10125
f 9873 10125 9874
f 9874 10125 10124
f 9874 10124 9864
f 9864 10124 10123
f 9864 10123 9865
f 9865 10123 10122
f 9865 10122 9861
f 9861 10122 10120
f 9861 10120 9862
f 9862 10120 10110
f 9862 10110 9859
f 9859 10110 10112
f 9859 10112 9860
f 9860 10112 10113
f 9844 10146 9829
f 9829 10146 10145
f 9829 10145 9830
f 9830 10145 10144
f 9830 10144 9832
f 9832 10144 10153
f 9832 10153 9833
f 9833 10153 10154
f 9833 10154 9834
f 9834 10154 10021
f 9834 10021 9835
f 9835 10021 10020
f 9835 10020 9840
f 9840 10020 10150
f 9840 10150 9839
f 9839 10150 10149
f 9839 10149 9837
f 9837 10149 10148
f 9837 10148 9841
f 9841 10148 10143
f 9841 10143 9842
f 9842 10143 10147
f 9842 10147 9844
f 9844 10147 10146
f 9918 10186 9920
f 9920 10186 10185
f 9920 10185 9921
f 9921 10185 10184
f 9921 10184 9922
f 9922 10184 10182
f 9922 10182 9923
f 9923 10182 10181
f 9923 10181 9749
f 9749 10181 10180
f 9749 10180 9750
f 9750 10180 10178
f 9750 10178 9924
f 9924 10178 10192
f 9924 10192 9925
f 9925 10192 10191
f 9925 10191 9799
f 9799 10191 10175
f 9799 10175 9916
f 9916 10175 10176
f 9916 10176 9917
f 9917 10176 10177
f 9917 10177 9918
f 9918 10177 10186
f 9782 10099 9783
f 9783 10099 10098
f 9783 10098 9784
f 9784 10098 10097
f 9784 10097 9769
f 9769 10097 10096
f 9769 10096 9770
f 9770 10096 10086
f 9770 10086 9772
f 9772 10086 10085
f 9772 10085 9773
f 9773 10085 10088
f 9773 10088 9775
f 9775 10088 10092
f 9775 10092 9776
f 9776 10092 10090
f 9776 10090 9778
f 9778 10090 10089
f 9778 10089 9780
f 9780 10089 10093
f 9780 10093 9781
f 9781 10093 10094
f 9781 10094 9782
f 9782 10094 10099
f 10250 9908 10164
f 10164 9908 9906
f 10164 9906 10163
f 10163 9906 9912
f 10163 9912 10162
f 10162 9912 9754
f 10162 9754 10161
f 10161 9754 9753
f 10161 9753 10159
f 10159 9753 9986
f 10159 9986 10160
f 10160 9986 9977
f 10160 9977 10226
f 10226 9977 9976
f 10226 9976 10223
f 10223 9976 9899
f 10223 9899 10220
f 10220 9899 9901
f 10220 9901 10014
f 10014 9901 9903
f 10014 9903 10015
f 9903 9954 10015
f 10015 9954 9755
f 10015 9755 10170
f 10170 9755 9757
f 10170 9757 10171
f 10171 9757 9953
f 10171 9953 10173
f 10173 9953 9956
f 10173 9956 10246
f 10246 9956 9947
f 10246 9947 10169
f 10169 9947 9946
f 10169 9946 10167
f 10167 9946 9910
f 10167 9910 10250
f 10250 9910 9908
f 8473 10311 8471
f 8471 10311 10312
f 8471 10312 8469
f 8469 10312 10313
f 8469 10313 8467
f 8467 10313 10314
f 8467 10314 8465
f 8465 10314 10315
f 8465 10315 8463
f 8463 10315 10316
f 8463 10316 8459
f 8459 10316 10317
f 8459 10317 8460
f 8460 10317 10318
f 8460 10318 8455
f 8455 10318 10319
f 8455 10319 8453
f 8453 10319 10320
f 8453 10320 8452
f 8452 10320 10321
f 8452 10321 8475
f 8475 10321 10322
f 8475 10322 8473
f 8473 10322 10311
f 10320 10323 10321
f 10321 10323 10324
f 10321 10324 10322
f 10322 10324 10325
f 10322 10325 10311
f 10311 10325 10326
f 10311 10326 10312
f 10312 10326 10327
f 10312 10327 10313
f 10313 10327 10328
f 10313 10328 10314
f 10328 10329 10314
f 10314 10329 10330
f 10314 10330 10315
f 10315 10330 10331
f 10315 10331 10316
f 10316 10331 10332
f 10316 10332 10317
f 10317 10332 10333
f 10317 10333 10318
f 10318 10333 10334
f 10318 10334 10319
f 10319 10334 10335
f 10319 10335 10320
f 10320 10335 10336
f 10320 10336 10323
f 7734 7740 10325
f 10325 7740 10326
f 10326 7740 7739
f 10326 7739 7738
f 10324 7731 10325
f 10325 7731 7732
f 10325 7732 7734
f 7723 7725 10323
f 10323 7725 7727
f 10323 7727 10324
f 10324 7727 7729
f 10324 7729 7731
f 7723 10323 7709
f 7709 10323 10336
f 7709 10336 7711
f 7711 10336 10335
f 7711 10335 7713
f 7713 10335 7715
f 7715 10335 10334
f 7715 10334 7717
f 7717 10334 7719
f 7719 10334 10333
f 7719 10333 7721
f 10327 10326 7738
f 7721 10333 7851
f 7851 10333 10332
f 7851 10332 7866
f 10331 7835 10332
f 10332 7835 7834
f 10332 7834 7866
f 10330 7844 10331
f 10331 7844 7848
f 10331 7848 7835
f 7877 7842 10329
f 10329 7842 7841
f 10329 7841 10330
f 10330 7841 7845
f 10330 7845 7844
f 7877 10329 7902
f 7902 10329 10328
f 7902 10328 7900
f 7738 7895 10327
f 10327 7895 7897
f 10327 7897 10328
f 10328 7897 7896
f 10328 7896 7900
f 8502 10337 8500
f 8500 10337 10338
f 8500 10338 8498
f 8498 10338 10339
f 8498 10339 8496
f 8496 10339 10340
f 8496 10340 8494
f 8494 10340 10341
f 8494 10341 8482
f 8482 10341 10342
f 8482 10342 8483
f 8483 10342 10343
f 8483 10343 8484
f 8484 10343 10344
f 8484 10344 8486
f 8486 10344 10345
f 8486 10345 8490
f 8490 10345 10346
f 8490 10346 8489
f 8489 10346 10347
f 8489 10347 8504
f 8504 10347 10348
f 8504 10348 8502
f 8502 10348 10337
f 10340 10349 10341
f 10341 10349 10350
f 10341 10350 10342
f 10342 10350 10351
f 10342 10351 10343
f 10343 10351 10352
f 10343 10352 10344
f 10344 10352 10353
f 10344 10353 10345
f 10345 10353 10354
f 10345 10354 10346
f 10354 10355 10346
f 10346 10355 10356
f 10346 10356 10347
f 10347 10356 10357
f 10347 10357 10348
f 10348 10357 10358
f 10348 10358 10337
f 10337 10358 10359
f 10337 10359 10338
f 10338 10359 10360
f 10338 10360 10339
f 10339 10360 10361
f 10339 10361 10340
f 10340 10361 10362
f 10340 10362 10349
f 10358 10357 10363
f 10363 10364 10358
f 10358 10364 10365
f 10358 10365 10359
f 10359 10365 10366
f 10359 10366 8059
f 10367 10356 10368
f 10368 10356 10355
f 10368 10355 10369
f 10367 10370 10356
f 10356 10370 10371
f 10356 10371 10357
f 10357 10371 10372
f 10357 10372 10363
f 10373 10374 10354
f 10354 10374 10375
f 10354 10375 10355
f 10355 10375 10376
f 10355 10376 10369
f 10354 10353 10373
f 10373 10353 10352
f 10373 10352 8029
f 8029 10352 8030
f 8030 10352 10351
f 8030 10351 8031
f 8031 10351 8032
f 8032 10351 10350
f 8032 10350 8033
f 8033 10350 8034
f 8034 10350 10349
f 8034 10349 8015
f 8015 10349 8013
f 8013 10349 10362
f 8013 10362 8041
f 8041 10362 8042
f 8042 10362 10361
f 8042 10361 8043
f 10360 8045 10361
f 10361 8045 8044
f 10361 8044 8043
f 8053 8061 10360
f 10360 8061 8046
f 10360 8046 8045
f 8053 10360 8054
f 8054 10360 10359
f 8054 10359 8059
f 10370 10367 10377
f 10378 10379 10380
f 10381 10382 10368
f 10383 10384 10385
f 10386 10365 10364
f 10387 10388 10386
f 8071 10389 8067
f 7998 7997 10390
f 10391 10392 10393
f 7988 7990 10392
f 7990 7996 10392
f 10392 7996 7995
f 10392 7995 10393
f 10393 7995 8001
f 10393 8001 8000
f 10394 8027 8028
f 8060 8059 10386
f 10386 8059 10366
f 10386 10366 10365
f 8060 10386 8056
f 8056 10386 10388
f 8056 10388 8057
f 8058 10395 8074
f 8074 10395 10396
f 8074 10396 8075
f 8080 10397 8081
f 8081 10397 10398
f 8081 10398 8082
f 8078 8077 10399
f 10399 8077 8076
f 10399 8076 8084
f 10379 8069 8068
f 8069 10379 8071
f 8071 10379 10378
f 8071 10378 10389
f 10400 10401 10402
f 10402 10401 10398
f 10402 10398 10403
f 10403 10398 10397
f 10404 10402 10405
f 10405 10402 10403
f 10405 10403 10406
f 10406 10403 10397
f 10406 10397 10407
f 10407 10397 8080
f 10407 8080 10396
f 10396 8080 8079
f 10396 8079 8075
f 10408 10409 10410
f 10410 10409 10411
f 10410 10411 10412
f 10412 10411 10413
f 10412 10413 10414
f 10414 10413 10415
f 10371 10416 10415
f 10415 10416 10417
f 10415 10417 10414
f 10371 10415 10372
f 10372 10415 10413
f 10372 10413 10363
f 10363 10413 10411
f 10363 10411 10364
f 10364 10411 10409
f 10364 10409 10386
f 10386 10409 10408
f 10386 10408 10387
f 7982 7981 10418
f 10418 7981 10419
f 10418 10419 10420
f 10420 10419 10421
f 10420 10421 10422
f 10421 10423 10422
f 10422 10423 10424
f 10422 10424 10425
f 10425 10424 10426
f 10427 10428 10429
f 10430 10431 10432
f 10432 10431 10427
f 10432 10427 10383
f 10383 10427 10429
f 10383 10429 10384
f 10384 10433 10385
f 10385 10433 10434
f 10385 10434 10435
f 10435 10434 10394
f 10435 10394 10436
f 10436 10394 8028
f 10428 10382 10429
f 10429 10382 10381
f 10429 10381 10384
f 10384 10381 10437
f 10384 10437 10433
f 10368 10369 10381
f 10381 10369 10376
f 10381 10376 10437
f 10437 10376 10375
f 10437 10375 10433
f 10433 10375 10374
f 10433 10374 10434
f 10434 10374 10373
f 10434 10373 10394
f 10394 10373 8029
f 10394 8029 8027
f 10400 10402 10430
f 10430 10402 10404
f 10430 10404 10431
f 10431 10404 10438
f 10431 10438 10427
f 10427 10438 10439
f 10427 10439 10428
f 10428 10439 10377
f 10428 10377 10382
f 10382 10377 10367
f 10382 10367 10368
f 10440 10441 10442
f 10442 10441 10443
f 10442 10443 10444
f 10444 10443 10445
f 10444 10445 10446
f 10446 10445 10390
f 10446 10390 8063
f 8063 10390 7997
f 7981 7988 10419
f 10419 7988 10392
f 10419 10392 10421
f 10421 10392 10391
f 10421 10391 10423
f 8065 8067 10447
f 10447 8067 10389
f 10447 10389 10448
f 10448 10389 10378
f 10448 10378 10449
f 10449 10378 10380
f 10449 10380 10450
f 8063 8065 10446
f 10446 8065 10447
f 10446 10447 10444
f 10444 10447 10448
f 10444 10448 10442
f 10442 10448 10449
f 10442 10449 10440
f 10440 10449 10450
f 8068 8078 10379
f 10379 8078 10399
f 10379 10399 10380
f 10380 10399 10451
f 10380 10451 10450
f 10450 10451 10426
f 10450 10426 10440
f 10440 10426 10424
f 10440 10424 10441
f 10441 10424 10423
f 10441 10423 10443
f 10443 10423 10391
f 10443 10391 10445
f 10445 10391 10393
f 10445 10393 10390
f 10390 10393 8000
f 10390 8000 7998
f 8058 8057 10395
f 10395 8057 10388
f 10395 10388 10396
f 10396 10388 10387
f 10396 10387 10407
f 10407 10387 10408
f 10407 10408 10406
f 10406 10408 10410
f 10406 10410 10405
f 10405 10410 10412
f 10405 10412 10404
f 10404 10412 10414
f 10404 10414 10438
f 10438 10414 10417
f 10438 10417 10439
f 10439 10417 10416
f 10439 10416 10377
f 10377 10416 10371
f 10377 10371 10370
f 8028 7982 10436
f 10436 7982 10418
f 10436 10418 10435
f 10435 10418 10420
f 10435 10420 10385
f 10385 10420 10422
f 10385 10422 10383
f 10383 10422 10425
f 10383 10425 10432
f 10432 10425 10426
f 10432 10426 10430
f 10430 10426 10451
f 10430 10451 10400
f 10400 10451 10399
f 10400 10399 10401
f 10401 10399 8084
f 10401 8084 10398
f 10398 8084 8083
f 10398 8083 8082
f 8548 10452 8554
f 8554 10452 10453
f 8554 10453 8556
f 8556 10453 10454
f 8556 10454 8552
f 8552 10454 10455
f 8552 10455 8572
f 8572 10455 10456
f 8572 10456 8570
f 8570 10456 10457
f 8570 10457 8568
f 8568 10457 10458
f 8568 10458 8566
f 8566 10458 10459
f 8566 10459 8564
f 8564 10459 10460
f 8564 10460 8562
f 8562 10460 10461
f 8562 10461 8560
f 8560 10461 10462
f 8560 10462 8547
f 8547 10462 10463
f 8547 10463 8548
f 8548 10463 10452
f 10455 10464 10456
f 10456 10464 10465
f 10456 10465 10457
f 10457 10465 10466
f 10457 10466 10458
f 10458 10466 10467
f 10458 10467 10459
f 10459 10467 10468
f 10459 10468 10460
f 10460 10468 10469
f 10460 10469 10461
f 10469 10470 10461
f 10461 10470 10471
f 10461 10471 10462
f 10462 10471 10472
f 10462 10472 10463
f 10463 10472 10473
f 10463 10473 10452
f 10452 10473 10474
f 10452 10474 10453
f 10453 10474 10475
f 10453 10475 10454
f 10454 10475 10476
f 10454 10476 10455
f 10455 10476 10477
f 10455 10477 10464
f 10468 10467 10478
f 10479 10474 10480
f 10480 10474 10473
f 10481 10482 10472
f 10472 10482 10483
f 10472 10483 10473
f 10473 10483 10484
f 10473 10484 10480
f 10481 10472 10485
f 10485 10472 10471
f 10485 10471 10486
f 10486 10471 10487
f 10487 10471 10470
f 10487 10470 10488
f 10489 10490 10469
f 10469 10490 10491
f 10469 10491 10470
f 10470 10491 10492
f 10470 10492 10488
f 10478 10493 10468
f 10468 10493 10494
f 10468 10494 10469
f 10469 10494 10495
f 10469 10495 10489
f 10496 10497 10464
f 10498 10499 10465
f 10500 10501 10466
f 10466 10501 10467
f 10467 10501 10502
f 10467 10502 10478
f 10465 10499 10466
f 10466 10499 10503
f 10466 10503 10500
f 10464 10497 10465
f 10465 10497 10504
f 10465 10504 10498
f 10505 10506 10477
f 10477 10506 10507
f 10477 10507 10464
f 10464 10507 10508
f 10464 10508 10496
f 10505 10477 10509
f 10509 10477 10476
f 10509 10476 10510
f 10510 10476 10475
f 10510 10475 10511
f 10511 10475 10512
f 10512 10475 10474
f 10512 10474 10479
f 10513 10514 10515
f 10516 10517 10518
f 10506 10519 10520
f 10511 10521 10522
f 10523 10524 10525
f 10526 10527 8145
f 8145 10527 10528
f 8145 10528 8169
f 10529 10530 10527
f 10530 10531 10527
f 10527 10531 10532
f 10527 10532 10528
f 10533 10534 10535
f 10536 10537 10538
f 10538 10537 10512
f 10538 10512 10479
f 10519 10506 10539
f 10506 10505 10539
f 10539 10505 10509
f 10539 10509 10522
f 10522 10509 10510
f 10522 10510 10511
f 10540 10504 10541
f 10541 10504 10497
f 10541 10497 10542
f 10542 10497 10496
f 10542 10496 10508
f 10502 10501 10543
f 10543 10501 10500
f 10543 10500 10544
f 10544 10500 10503
f 10544 10503 10545
f 10545 10503 10499
f 10545 10499 10540
f 10540 10499 10498
f 10540 10498 10504
f 10543 10546 10502
f 10502 10546 10547
f 10502 10547 10478
f 8147 10548 8175
f 8175 10548 10549
f 8221 10550 8225
f 8225 10550 10551
f 8225 10551 8223
f 8227 8226 8206
f 8206 8226 8207
f 8198 8208 10552
f 10552 8208 8207
f 10552 8207 10553
f 10554 8195 8197
f 8195 10554 8168
f 10555 10556 10557
f 10550 10558 10551
f 10551 10558 10559
f 10551 10559 10556
f 10556 10559 10560
f 10556 10560 10557
f 10561 10557 10562
f 10562 10557 10560
f 10562 10560 10563
f 10563 10560 10559
f 10563 10559 10564
f 10564 10559 10558
f 10564 10558 10565
f 10565 10558 10550
f 10565 10550 10549
f 10549 10550 8221
f 10549 8221 8175
f 10517 10547 10518
f 10518 10547 10546
f 10518 10546 10566
f 10566 10546 10543
f 10566 10543 10567
f 10567 10543 10544
f 10567 10544 10568
f 10568 10544 10545
f 10568 10545 10569
f 10569 10545 10540
f 10569 10540 10570
f 10570 10540 10541
f 10570 10541 10571
f 10571 10541 10542
f 10572 10573 10535
f 10535 10573 10574
f 10535 10574 10533
f 10572 10575 10573
f 10573 10575 10576
f 10573 10576 10574
f 10574 10576 10525
f 10574 10525 10533
f 10533 10525 10524
f 10577 10578 10579
f 10579 10578 10580
f 10577 10525 10578
f 10578 10525 10576
f 10578 10576 10580
f 10580 10576 10575
f 10580 10575 10581
f 10581 10575 10582
f 10581 10582 10583
f 10584 10585 10586
f 10586 10585 10587
f 10586 10587 10588
f 10588 10587 10589
f 10582 10589 10583
f 10583 10589 10587
f 10583 10587 10590
f 10590 10587 10585
f 10585 10591 10590
f 10590 10591 10513
f 10590 10513 10583
f 10583 10513 10515
f 10583 10515 10581
f 10581 10515 10592
f 10581 10592 10580
f 10580 10592 10593
f 10580 10593 10579
f 10511 10512 10521
f 10521 10512 10537
f 10521 10537 10594
f 10594 10537 10536
f 10594 10536 10595
f 10523 10525 10595
f 10595 10525 10577
f 10595 10577 10594
f 10594 10577 10579
f 10594 10579 10521
f 10521 10579 10593
f 10521 10593 10522
f 10522 10593 10592
f 10522 10592 10539
f 10539 10592 10515
f 10539 10515 10519
f 10519 10515 10514
f 10519 10514 10520
f 10548 10516 10549
f 10549 10516 10518
f 10549 10518 10565
f 10565 10518 10566
f 10565 10566 10564
f 10564 10566 10567
f 10564 10567 10563
f 10563 10567 10568
f 10563 10568 10562
f 10562 10568 10569
f 10562 10569 10561
f 10561 10569 10570
f 10561 10570 10596
f 10596 10570 10571
f 10596 10571 10597
f 10597 10571 10542
f 10597 10542 10598
f 10598 10542 10508
f 10598 10508 10507
f 10526 10599 10600
f 10600 10599 10601
f 10600 10601 10602
f 10602 10601 10603
f 10602 10603 10604
f 10604 10603 10605
f 10526 8145 10599
f 10599 8145 8144
f 10599 8144 10601
f 10601 8144 8138
f 10601 8138 10603
f 10603 8138 8137
f 10603 8137 10605
f 10605 8137 8168
f 10605 8168 10604
f 10604 8168 10554
f 10604 10554 10606
f 10535 10607 10572
f 10572 10607 10608
f 10572 10608 10575
f 10575 10608 10609
f 10575 10609 10582
f 10582 10609 10610
f 10582 10610 10589
f 10589 10610 10611
f 10589 10611 10588
f 10588 10611 10612
f 10588 10612 10586
f 8197 8198 10554
f 10554 8198 10552
f 10554 10552 10606
f 10606 10552 10553
f 10606 10553 10555
f 10555 10553 8207
f 10555 8207 10556
f 10556 8207 8226
f 10556 8226 10551
f 10551 8226 8224
f 10551 8224 8223
f 10534 10613 10535
f 10535 10613 10529
f 10535 10529 10607
f 10607 10529 10527
f 10607 10527 10608
f 10608 10527 10526
f 10608 10526 10609
f 10609 10526 10600
f 10609 10600 10610
f 10610 10600 10602
f 10610 10602 10611
f 10611 10602 10604
f 10611 10604 10612
f 10612 10604 10606
f 10612 10606 10586
f 10586 10606 10555
f 10586 10555 10584
f 10584 10555 10557
f 10584 10557 10585
f 10585 10557 10561
f 10585 10561 10591
f 10591 10561 10596
f 10591 10596 10513
f 10513 10596 10597
f 10513 10597 10514
f 10514 10597 10598
f 10514 10598 10520
f 10520 10598 10507
f 10520 10507 10506
f 10614 10615 10616
f 8161 8163 8162
f 10490 10489 10617
f 10490 10617 10491
f 10491 10617 10618
f 10491 10618 10492
f 10492 10618 10619
f 10492 10619 10488
f 10488 10619 10620
f 10488 10620 10487
f 10487 10620 10486
f 10486 10620 10621
f 10486 10621 10485
f 10485 10621 10481
f 10481 10621 10622
f 10481 10622 10482
f 10482 10622 10623
f 10482 10623 10483
f 10483 10623 10484
f 10484 10623 10624
f 10484 10624 10480
f 10615 10536 10538
f 10534 10533 10614
f 10533 10524 10614
f 10614 10524 10523
f 10614 10523 10615
f 10615 10523 10595
f 10615 10595 10536
f 10625 10530 10529
f 10625 10529 10626
f 10530 10625 10531
f 10531 10625 8171
f 10531 8171 10532
f 10532 8171 10528
f 10528 8171 8170
f 10528 8170 8169
f 8184 8183 10627
f 10627 8183 8180
f 10627 8180 10628
f 10628 8180 8179
f 10628 8179 8173
f 8150 8149 10629
f 10629 8149 8148
f 10629 8148 10630
f 10628 10631 10627
f 10627 10631 10632
f 10627 10632 8184
f 8184 10632 10633
f 8184 10633 8185
f 8185 10633 8161
f 8148 8163 10630
f 10630 8163 8161
f 10630 8161 10634
f 10634 8161 10633
f 10634 10633 10635
f 10635 10633 10632
f 10635 10632 10636
f 10636 10632 10631
f 10636 10631 10637
f 10637 10631 10628
f 10637 10628 10626
f 10626 10628 8173
f 10626 8173 10625
f 10625 8173 8172
f 10625 8172 8171
f 10479 10480 10538
f 10538 10480 10624
f 10538 10624 10615
f 10615 10624 10623
f 10615 10623 10616
f 10616 10623 10622
f 10616 10622 10638
f 10638 10622 10621
f 10638 10621 10639
f 10639 10621 10620
f 10639 10620 10640
f 10640 10620 10619
f 10640 10619 10641
f 10641 10619 10618
f 10641 10618 10642
f 10642 10618 10617
f 10529 10613 10626
f 10626 10613 10534
f 10626 10534 10637
f 10637 10534 10614
f 10637 10614 10636
f 10636 10614 10616
f 10636 10616 10635
f 10635 10616 10638
f 10635 10638 10634
f 10634 10638 10639
f 10634 10639 10630
f 10630 10639 10640
f 10630 10640 10629
f 10629 10640 10641
f 10629 10641 8150
f 8150 10641 10642
f 8150 10642 7930
f 7930 10642 10617
f 7930 10617 7932
f 10643 10644 10617
f 10516 10645 10517
f 10517 10645 10646
f 10517 10646 10547
f 10547 10646 10493
f 10547 10493 10478
f 10494 10643 10495
f 10495 10643 10617
f 10495 10617 10489
f 7932 10617 7933
f 7933 10617 10644
f 7933 10644 7939
f 7939 10644 10647
f 7939 10647 8146
f 10494 10493 10643
f 10643 10493 10646
f 10643 10646 10644
f 10644 10646 10645
f 10644 10645 10647
f 10647 10645 10516
f 10647 10516 8146
f 8146 10516 10548
f 8146 10548 8147
f 10648 8559 8558
f 10648 8558 10649
f 10649 8558 8549
f 10649 8549 10650
f 10650 8549 8553
f 10650 8553 10651
f 10651 8553 8555
f 10651 8555 10652
f 8559 10648 8561
f 8561 10648 10653
f 8561 10653 8563
f 8563 10653 10654
f 8563 10654 8565
f 8565 10654 10655
f 8565 10655 8567
f 8567 10655 10656
f 8567 10656 8569
f 8569 10656 10657
f 8569 10657 8571
f 8571 10657 10658
f 8571 10658 8573
f 8573 10658 10659
f 10660 8557 8551
f 10660 8551 10661
f 10661 8551 8550
f 10661 8550 10662
f 10662 8550 8574
f 10662 8574 10663
f 10663 8574 8573
f 10663 8573 10659
f 10664 8581 8578
f 8578 8577 10664
f 10664 8577 8576
f 10664 8576 10660
f 10660 8576 8575
f 10660 8575 8557
f 10665 8586 8585
f 10665 8585 10666
f 10666 8585 8580
f 10666 8580 10667
f 10667 8580 8579
f 10667 8579 10668
f 10668 8579 8581
f 10668 8581 10664
f 8586 10665 8587
f 8587 10665 10669
f 8587 10669 8588
f 8588 10669 10670
f 8588 10670 8589
f 8589 10670 10671
f 8589 10671 8590
f 8590 10671 10672
f 8590 10672 8591
f 8591 10672 10673
f 8591 10673 8592
f 8592 10673 10674
f 8592 10674 8593
f 8593 10674 10675
f 10676 8582 8583
f 10676 8583 10677
f 10677 8583 8584
f 10677 8584 10678
f 10678 8584 8594
f 10678 8594 10679
f 10679 8594 8593
f 10679 8593 10675
f 10680 8608 8607
f 8607 8606 10680
f 10680 8606 8605
f 10680 8605 10676
f 10676 8605 8604
f 10676 8604 8582
f 10681 8611 8597
f 10681 8597 10682
f 10682 8597 8596
f 10682 8596 10683
f 10683 8596 8595
f 10683 8595 10684
f 10684 8595 8608
f 10684 8608 10680
f 8611 10681 8613
f 8613 10681 10685
f 8613 10685 8615
f 8615 10685 10686
f 8615 10686 8617
f 8617 10686 10687
f 8617 10687 8619
f 8619 10687 10688
f 8619 10688 8621
f 8621 10688 10689
f 8621 10689 8622
f 8622 10689 10690
f 8622 10690 8599
f 8599 10690 10691
f 10692 8624 8623
f 10692 8623 10693
f 10693 8623 8603
f 10693 8603 10694
f 10694 8603 8601
f 10694 8601 10695
f 10695 8601 8599
f 10695 8599 10691
f 8624 10692 10696
f 8624 10696 8626
f 8626 10696 10697
f 8626 10697 8627
f 8627 10697 10698
f 8627 10698 8633
f 8633 10698 10699
f 8633 10699 8631
f 10700 10701 10702
f 10703 10704 10652
f 10652 10704 10705
f 10652 10705 10651
f 10651 10705 10706
f 10651 10706 10650
f 10650 10706 10707
f 10650 10707 10649
f 10649 10707 10708
f 10649 10708 10648
f 10648 10708 10709
f 10648 10709 10653
f 10653 10709 10710
f 10653 10710 10654
f 10654 10710 10711
f 10654 10711 10655
f 10655 10711 10712
f 10655 10712 10656
f 10656 10712 10713
f 10656 10713 10657
f 10714 10700 10715
f 10715 10700 10702
f 10715 10702 10716
f 10716 10702 10717
f 10718 10719 10720
f 10720 10719 10721
f 10720 10721 10722
f 10722 10721 10723
f 10722 10723 10724
f 10724 10723 10725
f 10724 10725 10726
f 10726 10725 10727
f 10726 10727 10728
f 10728 10727 10729
f 10728 10729 10730
f 10730 10729 10731
f 10730 10731 10732
f 10732 10731 10733
f 10732 10733 10734
f 10734 10733 10735
f 10734 10735 10736
f 10736 10735 10717
f 10736 10717 10737
f 10737 10717 10702
f 10738 10739 10740
f 10740 10739 10741
f 10672 10742 10673
f 10673 10742 10743
f 10673 10743 10674
f 10674 10743 10744
f 10674 10744 10675
f 10675 10744 10745
f 10675 10745 10679
f 10679 10745 10746
f 10679 10746 10678
f 10678 10746 10747
f 10678 10747 10677
f 10677 10747 10748
f 10677 10748 10676
f 10676 10748 10749
f 10676 10749 10680
f 10680 10749 10750
f 10680 10750 10684
f 10684 10750 10751
f 10684 10751 10683
f 10683 10751 10752
f 10683 10752 10682
f 10682 10752 10753
f 10682 10753 10681
f 10681 10753 10754
f 10681 10754 10685
f 10685 10754 10755
f 10685 10755 10686
f 10686 10755 10756
f 10686 10756 10687
f 10687 10756 10757
f 10687 10757 10688
f 10688 10757 10758
f 10688 10758 10689
f 10713 10759 10657
f 10657 10759 10760
f 10657 10760 10658
f 10658 10760 10761
f 10658 10761 10659
f 10659 10761 10762
f 10659 10762 10663
f 10663 10762 10763
f 10663 10763 10662
f 10662 10763 10764
f 10662 10764 10661
f 10661 10764 10765
f 10661 10765 10660
f 10660 10765 10766
f 10660 10766 10664
f 10664 10766 10767
f 10664 10767 10668
f 10668 10767 10768
f 10668 10768 10667
f 10667 10768 10769
f 10667 10769 10666
f 10666 10769 10770
f 10666 10770 10665
f 10665 10770 10771
f 10665 10771 10669
f 10669 10771 10772
f 10669 10772 10670
f 10670 10772 10773
f 10670 10773 10671
f 10671 10773 10774
f 10671 10774 10672
f 10672 10774 10775
f 10672 10775 10742
f 10776 10777 10778
f 10778 10777 10779
f 10778 10779 10780
f 10780 10779 10781
f 10780 10781 10782
f 10782 10781 10783
f 10782 10783 10784
f 10784 10783 10785
f 10784 10785 10786
f 10786 10785 10787
f 10786 10787 10788
f 10788 10787 10789
f 10788 10789 10790
f 10790 10789 10791
f 10790 10791 10792
f 10792 10791 10793
f 10792 10793 10794
f 10794 10793 10795
f 10794 10795 10796
f 10796 10795 10797
f 10796 10797 10798
f 10798 10797 10799
f 10798 10799 10800
f 10800 10799 10801
f 10800 10801 10802
f 10802 10801 10803
f 10802 10803 10804
f 10804 10803 10805
f 10804 10805 10806
f 10806 10805 10807
f 10806 10807 10808
f 10758 10809 10689
f 10689 10809 10810
f 10689 10810 10690
f 10690 10810 10811
f 10690 10811 10691
f 10691 10811 10812
f 10691 10812 10695
f 10695 10812 10813
f 10695 10813 10694
f 10694 10813 10814
f 10694 10814 10693
f 10693 10814 10815
f 10693 10815 10692
f 10692 10815 10816
f 10692 10816 10696
f 10696 10816 10817
f 10696 10817 10697
f 10697 10817 10818
f 10697 10818 10698
f 10698 10818 10819
f 10698 10819 10699
f 10699 10819 10820
f 10699 10820 10821
f 10821 10820 10822
f 10821 10822 10823
f 10823 10822 10824
f 10823 10824 10825
f 10825 10824 10826
f 10825 10826 10827
f 10827 10826 10828
f 10827 10828 10829
f 10829 10828 10830
f 10829 10830 10831
f 10831 10830 10832
f 10831 10832 10833
f 10833 10832 10834
f 10833 10834 10835
f 10835 10834 10836
f 10835 10836 10837
f 10837 10836 10838
f 10837 10838 10776
f 10776 10838 10839
f 10776 10839 10777
f 10840 10841 10842
f 10842 10841 10843
f 10842 10843 10844
f 10840 10845 10841
f 10841 10845 10846
f 10841 10846 10741
f 10741 10846 10847
f 10741 10847 10740
f 10740 10848 10738
f 10738 10848 10849
f 10738 10849 10850
f 10850 10849 10851
f 10850 10851 10852
f 10852 10851 10853
f 10852 10853 10854
f 10854 10853 10855
f 10854 10855 10856
f 10856 10855 10857
f 10856 10857 10858
f 10858 10857 10859
f 10858 10859 10860
f 10860 10859 10861
f 10860 10861 10862
f 10862 10861 10863
f 10862 10863 10864
f 10864 10863 10865
f 10864 10865 10866
f 10866 10865 10867
f 10866 10867 10868
f 10868 10867 10869
f 10868 10869 10870
f 10870 10869 10871
f 10870 10871 10872
f 10872 10871 10873
f 10872 10873 10874
f 10874 10873 10875
f 10874 10875 10876
f 10876 10875 10877
f 10876 10877 10878
f 10878 10877 10714
f 10878 10714 10879
f 10879 10714 10715
f 10807 10880 10808
f 10808 10880 10881
f 10808 10881 10882
f 10882 10881 10883
f 10882 10883 10884
f 10884 10883 10885
f 10884 10885 10886
f 10886 10885 10887
f 10886 10887 10888
f 10888 10887 10889
f 10888 10889 10890
f 10890 10889 10891
f 10890 10891 10892
f 10892 10891 10893
f 10892 10893 10894
f 10894 10893 10895
f 10894 10895 10896
f 10896 10895 10897
f 10896 10897 10898
f 10898 10897 10899
f 10898 10899 10900
f 10900 10899 10901
f 10900 10901 10902
f 10902 10901 10903
f 10902 10903 10904
f 10904 10903 10905
f 10904 10905 10906
f 10906 10905 10907
f 10906 10907 10908
f 10908 10907 10909
f 10908 10909 10910
f 10910 10909 10911
f 10910 10911 10912
f 10912 10911 10913
f 10912 10913 10914
f 10914 10913 10915
f 10914 10915 10916
f 10916 10915 10917
f 10916 10917 10918
f 10918 10917 10919
f 10918 10919 10920
f 10920 10919 10921
f 10920 10921 10922
f 10922 10921 10923
f 10922 10923 10924
f 10924 10923 10925
f 10924 10925 10926
f 10926 10925 10927
f 10926 10927 10928
f 10928 10927 10929
f 10928 10929 10930
f 10930 10929 10931
f 10930 10931 10932
f 10932 10931 10933
f 10932 10933 10934
f 10934 10933 10935
f 10934 10935 10936
f 10936 10935 10937
f 10936 10937 10938
f 10938 10937 10939
f 10938 10939 10940
f 10940 10939 10941
f 10940 10941 10942
f 10942 10941 10943
f 10942 10943 10944
f 10944 10943 10945
f 10944 10945 10946
f 10946 10945 10947
f 10946 10947 10948
f 10948 10947 10949
f 10948 10949 10950
f 10950 10949 10951
f 10950 10951 10842
f 10842 10951 10952
f 10842 10952 10840
f 10827 8644 8643
f 10827 8643 10825
f 10825 8643 8636
f 10825 8636 10823
f 10823 8636 8632
f 10823 8632 10821
f 10821 8632 8631
f 10821 8631 10699
f 8644 10827 8646
f 8646 10827 10829
f 8646 10829 8648
f 8648 10829 10831
f 8648 10831 8650
f 8650 10831 10833
f 8650 10833 8652
f 8652 10833 10835
f 8652 10835 8654
f 8654 10835 10837
f 8654 10837 8656
f 8656 10837 10776
f 8656 10776 8657
f 8657 10776 10778
f 10786 8662 8661
f 10786 8661 10784
f 10784 8661 8660
f 10784 8660 10782
f 10782 8660 8659
f 10782 8659 10780
f 10780 8659 8657
f 10780 8657 10778
f 8662 10786 10788
f 8662 10788 8663
f 8663 10788 10790
f 8663 10790 8438
f 8438 10790 10792
f 8438 10792 8669
f 8669 10792 8670
f 8670 10792 10794
f 8670 10794 8672
f 10802 8680 8679
f 10802 8679 10800
f 10800 8679 8674
f 10800 8674 10798
f 10798 8674 8673
f 10798 8673 10796
f 10796 8673 8672
f 10796 8672 10794
f 8680 10802 8682
f 8682 10802 10804
f 8682 10804 8684
f 8684 10804 10806
f 8684 10806 8686
f 8686 10806 10808
f 8686 10808 8688
f 8688 10808 10882
f 8688 10882 8690
f 8690 10882 10884
f 8690 10884 8692
f 8692 10884 10886
f 8692 10886 8693
f 8693 10886 10888
f 10896 8695 8694
f 10896 8694 10894
f 10894 8694 8668
f 10894 8668 10892
f 10892 8668 8667
f 10892 8667 10890
f 10890 8667 8693
f 10890 8693 10888
f 8695 10896 10898
f 8695 10898 8697
f 8697 10898 10900
f 8697 10900 8699
f 8699 10900 10902
f 8699 10902 8701
f 8701 10902 10904
f 8701 10904 8702
f 10912 8714 8713
f 10912 8713 10910
f 10910 8713 8435
f 10910 8435 10908
f 10908 8435 8703
f 10908 8703 10906
f 10906 8703 8702
f 10906 8702 10904
f 8714 10912 8716
f 8716 10912 10914
f 8716 10914 8718
f 8718 10914 10916
f 8718 10916 8720
f 8720 10916 10918
f 8720 10918 8722
f 8722 10918 10920
f 8722 10920 8724
f 8724 10920 10922
f 8724 10922 8725
f 8725 10922 10924
f 8725 10924 8708
f 8708 10924 10926
f 10934 8728 8727
f 10934 8727 10932
f 10932 8727 8726
f 10932 8726 10930
f 10930 8726 8706
f 10930 8706 10928
f 10928 8706 8708
f 10928 8708 10926
f 8728 10934 10936
f 8728 10936 8445
f 8445 10936 10938
f 8445 10938 8443
f 8443 10938 10940
f 8443 10940 8446
f 10940 10942 8446
f 8446 10942 8447
f 8447 10942 8448
f 8448 10942 10944
f 8448 10944 8449
f 8449 10944 10946
f 8449 10946 8456
f 8456 10946 10948
f 10843 8462 8461
f 10843 8461 10844
f 10844 8461 8458
f 10844 8458 10842
f 10842 8458 8457
f 10842 8457 10950
f 10950 8457 8456
f 10950 8456 10948
f 8462 10843 8464
f 8464 10843 10841
f 8464 10841 8466
f 8466 10841 10741
f 8466 10741 8468
f 8468 10741 10739
f 8468 10739 8470
f 8470 10739 10738
f 8470 10738 8472
f 8472 10738 10850
f 8472 10850 8474
f 8474 10850 10852
f 8474 10852 8476
f 8476 10852 10854
f 10862 8454 8451
f 10862 8451 10860
f 10860 8451 8450
f 10860 8450 10858
f 10858 8450 8477
f 10858 8477 10856
f 10856 8477 8476
f 10856 8476 10854
f 10864 8478 10862
f 10862 8478 8454
f 8478 10864 8479
f 8479 10864 10866
f 8479 10866 8441
f 8441 10866 10868
f 8441 10868 8480
f 8480 10868 10870
f 8480 10870 8481
f 8481 10870 10872
f 8481 10872 8507
f 10879 8495 8493
f 10879 8493 10878
f 10878 8493 8509
f 10878 8509 10876
f 10876 8509 8508
f 10876 8508 10874
f 10874 8508 8507
f 10874 8507 10872
f 8495 10879 8497
f 8497 10879 10715
f 8497 10715 8499
f 8499 10715 10716
f 8499 10716 8501
f 8501 10716 10717
f 8501 10717 8503
f 8503 10717 10735
f 8503 10735 8505
f 8505 10735 10733
f 8505 10733 8506
f 8506 10733 10731
f 8506 10731 8487
f 8487 10731 10729
f 10721 8510 8492
f 10721 8492 10723
f 10723 8492 8491
f 10723 8491 10725
f 10725 8491 8488
f 10725 8488 10727
f 10727 8488 8487
f 10727 8487 10729
f 10719 8511 10721
f 10721 8511 8510
f 10719 10718 8511
f 8511 10718 8514
f 8514 10718 8516
f 8516 10718 10720
f 8516 10720 10953
f 10953 10720 10954
f 8518 10955 8532
f 8532 10955 10956
f 8532 10956 8533
f 10957 10958 8518
f 8518 10958 10959
f 8518 10959 10955
f 10960 10961 8515
f 8515 10961 10962
f 8515 10962 8513
f 8513 10962 10957
f 8513 10957 8517
f 8517 10957 8518
f 8516 10953 8515
f 8515 10953 10963
f 8515 10963 10960
f 10956 10955 10964
f 10964 10955 10959
f 10964 10959 10958
f 10961 10960 10962
f 10962 10960 10964
f 10962 10964 10957
f 10957 10964 10958
f 10964 10965 10966
f 10956 10964 10967
f 10967 10964 10966
f 10967 10966 10968
f 10967 10968 10969
f 10970 8546 10971
f 10971 8546 8545
f 10971 8545 10972
f 8533 10956 8535
f 8535 10956 10967
f 10967 10969 8535
f 8535 10969 10973
f 8535 10973 8537
f 8537 10973 10974
f 8537 10974 8539
f 8539 10974 10975
f 8539 10975 8541
f 8541 10975 10976
f 8541 10976 8543
f 8543 10976 10977
f 8543 10977 8545
f 8545 10977 10978
f 8545 10978 10972
f 10979 8531 10980
f 10980 8531 8530
f 10980 8530 10981
f 10981 8530 10982
f 10982 8530 8529
f 10982 8529 10983
f 10983 8529 10984
f 10984 8529 8524
f 10984 8524 10985
f 10985 8524 10986
f 10986 8524 8523
f 10986 8523 10987
f 10987 8523 8526
f 10987 8526 10988
f 10988 8526 10989
f 10989 8526 8546
f 10989 8546 10970
f 10983 10984 10990
f 10983 10990 10982
f 10991 10992 10990
f 10990 10992 10981
f 10990 10981 10982
f 10993 10994 10995
f 10995 10994 10996
f 10992 10991 10997
f 10997 10979 10992
f 10992 10979 10980
f 10992 10980 10981
f 10998 10999 11000
f 11000 10999 10997
f 11000 10997 11001
f 10996 11002 10995
f 10995 11002 11003
f 10995 11003 11004
f 11004 11003 11005
f 11004 11005 10991
f 10991 11005 11006
f 10991 11006 10997
f 10997 11006 11007
f 10997 11007 11001
f 10712 10711 10996
f 11008 11009 11010
f 11011 11012 11013
f 11013 11012 10762
f 11013 10762 11014
f 11014 10762 10761
f 11014 10761 11010
f 11010 10761 10760
f 11010 10760 11008
f 11008 10760 11015
f 11015 10760 11016
f 11016 10760 10759
f 11016 10759 11017
f 10993 11018 11019
f 10993 11019 10994
f 11020 11017 11021
f 11021 11017 10759
f 11021 10759 11022
f 11022 10759 10713
f 11022 10713 11019
f 11019 10713 10712
f 11019 10712 10994
f 10994 10712 10996
f 10710 10709 11006
f 11006 11005 10710
f 10710 11005 11003
f 10710 11003 10711
f 10711 11003 11002
f 10711 11002 10996
f 11006 10709 11007
f 11007 10709 10708
f 11007 10708 11001
f 11001 10708 11000
f 10708 10707 11000
f 11000 10707 10706
f 11000 10706 10998
f 10705 10997 10706
f 10706 10997 10999
f 10706 10999 10998
f 10704 8525 8531
f 10979 10997 8531
f 8531 10997 10705
f 8531 10705 10704
f 10704 10703 8525
f 8525 10703 8528
f 8528 10703 8555
f 8555 10703 10652
f 11023 10766 11024
f 11024 10766 10765
f 11024 10765 11025
f 11025 10765 10764
f 11025 10764 11026
f 11026 10764 10763
f 11026 10763 11027
f 11027 10763 10762
f 11027 10762 11012
f 11028 11029 11030
f 11030 11029 10767
f 11030 10767 11031
f 11031 10767 10766
f 11031 10766 11032
f 11032 10766 11023
f 11028 11030 11033
f 11033 11030 11034
f 11033 11034 11035
f 11036 11037 11038
f 11038 11039 11036
f 11036 11039 11040
f 11036 11040 11035
f 11035 11040 11041
f 11035 11041 11033
f 11040 11042 11041
f 11041 11042 11043
f 11041 11043 11044
f 11045 11046 11047
f 11014 11010 11048
f 11047 11049 11045
f 11045 11049 11050
f 11045 11050 11051
f 11052 11053 11054
f 11034 11030 11031
f 11054 11053 11055
f 11056 11057 11055
f 11055 11057 11058
f 11055 11058 11059
f 11059 11058 11060
f 11046 11045 11054
f 11054 11045 11061
f 11054 11061 11052
f 11031 11062 11034
f 11034 11062 11063
f 11034 11063 11060
f 11060 11063 11064
f 11065 11066 11067
f 11052 11068 11053
f 11053 11068 11069
f 11053 11069 11070
f 11064 11071 11060
f 11060 11071 11072
f 11060 11072 11059
f 11059 11072 11073
f 11059 11073 11048
f 11048 11073 11074
f 11048 11074 11014
f 11014 11074 11013
f 11053 11075 11055
f 11055 11075 11076
f 11055 11076 11056
f 11056 11076 11065
f 11056 11065 11042
f 11042 11065 11067
f 11042 11067 11043
f 11070 11077 11053
f 11053 11077 11078
f 11053 11078 11079
f 11047 11080 11049
f 11049 11080 11081
f 11049 11081 11082
f 11083 11084 11080
f 11080 11084 11081
f 11081 11084 11085
f 11081 11085 11086
f 11087 11088 11089
f 11089 11088 11083
f 11089 11083 11090
f 11090 11083 11080
f 11083 11048 11084
f 11084 11048 11010
f 11084 11010 11009
f 11080 11047 11090
f 11090 11047 11046
f 11090 11046 11089
f 11089 11046 11054
f 11089 11054 11087
f 11087 11054 11055
f 11087 11055 11088
f 11088 11055 11059
f 11088 11059 11083
f 11083 11059 11048
f 11015 11084 11008
f 11008 11084 11009
f 11020 11085 11017
f 11017 11085 11084
f 11017 11084 11016
f 11016 11084 11015
f 11020 11021 11085
f 11085 11021 11091
f 11085 11091 11086
f 11086 11091 11092
f 11082 11081 11093
f 11093 11081 11094
f 11094 11081 11095
f 11095 11081 11086
f 11095 11086 11092
f 10737 11091 10736
f 10736 11091 11096
f 10737 10702 11093
f 11092 11091 11095
f 11095 11091 10737
f 11095 10737 11094
f 11094 10737 11093
f 11097 11098 11051
f 11082 11093 11049
f 11049 11093 10702
f 11049 10702 11050
f 11050 10702 10701
f 11050 10701 11051
f 11051 10701 10700
f 11051 10700 11097
f 11099 11100 10728
f 10728 10730 11099
f 11099 10730 10732
f 11099 10732 11101
f 11101 10732 11102
f 11102 10732 10734
f 11102 10734 11103
f 11103 10734 11104
f 11104 10734 10736
f 11104 10736 11105
f 11105 10736 11096
f 11105 11096 11106
f 11051 11098 11045
f 11045 11098 11107
f 11045 11107 11108
f 11109 11070 11110
f 11110 11070 11069
f 11110 11069 11111
f 11111 11069 11068
f 11111 11068 11112
f 11112 11068 11052
f 11112 11052 11113
f 11113 11052 11061
f 11113 11061 11108
f 11108 11061 11045
f 11113 11108 11114
f 11114 11108 11107
f 11114 11115 11109
f 11112 11113 11111
f 11111 11113 11114
f 11111 11114 11110
f 11110 11114 11109
f 11116 11077 11117
f 11117 11077 11070
f 11117 11070 11115
f 11115 11070 11109
f 11116 11118 11077
f 11077 11118 10871
f 11077 10871 11078
f 11078 10871 10869
f 11078 10869 11079
f 11079 10869 10867
f 11079 10867 11119
f 11119 10867 11120
f 11120 10867 10865
f 11120 10865 11121
f 11122 11123 11124
f 11124 11123 11053
f 11124 11053 11119
f 11119 11053 11079
f 11125 11065 11126
f 11126 11065 11076
f 11053 11123 11075
f 11075 11123 11127
f 11075 11127 11076
f 11076 11127 11128
f 11076 11128 11126
f 11123 11122 11129
f 11130 11131 11132
f 11132 11133 11130
f 11130 11133 11134
f 11130 11134 11129
f 11129 11134 11135
f 11129 11135 11125
f 11127 11123 11128
f 11128 11123 11129
f 11128 11129 11126
f 11126 11129 11125
f 10773 11067 10774
f 10774 11067 11066
f 11136 10745 11137
f 11137 10745 10744
f 11137 10744 11138
f 11138 10744 10743
f 11138 10743 11139
f 10775 11140 10742
f 10742 11140 11141
f 11139 10743 11142
f 11142 10743 10742
f 11142 10742 11143
f 11143 10742 11141
f 11143 11141 11144
f 11132 11140 11133
f 11133 11140 10775
f 11133 10775 11134
f 11134 10775 10774
f 11134 10774 11145
f 11145 10774 11066
f 11145 11066 11146
f 11147 11044 11043
f 11067 10773 11043
f 11043 10773 10772
f 11043 10772 11147
f 11147 10772 10771
f 11147 10771 11148
f 11149 11150 11151
f 11151 11150 11029
f 11151 11029 11152
f 11041 11044 11033
f 11033 11044 11147
f 11033 11147 11028
f 11028 11147 11148
f 11028 11148 11029
f 11029 11148 11153
f 11029 11153 11152
f 11148 10771 11153
f 11153 10771 10770
f 11153 10770 11152
f 11152 10770 11151
f 10770 10769 11151
f 11151 10769 10768
f 11151 10768 11149
f 10767 11029 10768
f 10768 11029 11150
f 10768 11150 11149
f 11154 10749 11155
f 11155 10749 10748
f 11155 10748 11156
f 11156 10748 10747
f 11156 10747 11157
f 11157 10747 10746
f 11157 10746 11158
f 11158 10746 10745
f 11158 10745 11136
f 10749 11154 10750
f 10750 11154 11159
f 11160 11161 11162
f 11144 11160 11143
f 11143 11160 11162
f 11143 11162 11142
f 11142 11162 11139
f 11163 11136 11164
f 11164 11136 11137
f 11164 11137 11162
f 11162 11137 11138
f 11162 11138 11139
f 11163 11154 11155
f 11165 11166 11167
f 11167 11166 11168
f 11158 11136 11157
f 11157 11136 11163
f 11157 11163 11156
f 11156 11163 11155
f 11166 11169 11168
f 11168 11169 11170
f 11168 11170 11171
f 11163 11172 11154
f 11154 11172 11168
f 11154 11168 11159
f 11159 11168 11171
f 11173 11161 11174
f 11174 11161 11160
f 11174 11160 11175
f 11176 11177 11178
f 11178 11177 11179
f 11178 11179 11180
f 11180 11179 11161
f 11180 11161 11181
f 11181 11161 11173
f 11182 11183 11184
f 11182 11185 11183
f 11183 11185 11186
f 11183 11186 11187
f 11188 11189 11178
f 11178 11189 11190
f 11178 11190 11191
f 11191 11192 11178
f 11178 11192 11193
f 11178 11193 11194
f 11178 11195 11186
f 11186 11195 11196
f 11186 11197 11178
f 11178 11197 11198
f 11178 11198 11199
f 11194 11200 11178
f 11178 11200 11201
f 11178 11201 11176
f 11196 11202 11186
f 11186 11202 11203
f 11186 11203 11187
f 11184 11204 11182
f 11182 11204 11205
f 11182 11205 11206
f 11199 11207 11178
f 11178 11207 11208
f 11178 11208 11188
f 11144 11141 11160
f 11160 11141 11209
f 11160 11209 11175
f 11175 11209 11210
f 11174 11175 11211
f 11211 11175 11210
f 10855 10853 11212
f 11212 10853 11213
f 10849 11209 10851
f 10851 11209 11214
f 11213 10853 11215
f 11215 10853 10851
f 11215 10851 11216
f 11216 10851 11214
f 11216 11214 11217
f 11210 11209 11211
f 11211 11209 10849
f 11211 10849 11174
f 11174 10849 10848
f 11218 10848 11219
f 11219 10848 10740
f 11218 11181 10848
f 10848 11181 11173
f 10848 11173 11174
f 11220 11221 10740
f 10740 11221 11222
f 10740 11222 11219
f 10740 10847 11220
f 11220 10847 10846
f 11220 10846 11223
f 11223 10846 10845
f 11223 10845 11224
f 11217 11131 11216
f 11216 11131 11130
f 11216 11130 11215
f 11225 11226 11212
f 11227 11228 11229
f 11229 11228 11225
f 11229 11225 11121
f 11121 11225 11212
f 11121 11212 11130
f 11130 11212 11213
f 11130 11213 11215
f 11217 11214 11131
f 11131 11214 11140
f 11131 11140 11132
f 11140 11214 11141
f 11141 11214 11209
f 11229 10863 11227
f 11227 10863 10861
f 11227 10861 11228
f 11228 10861 10859
f 11228 10859 11225
f 11225 10859 10857
f 11225 10857 11226
f 11226 10857 10855
f 11226 10855 11212
f 11121 10865 11229
f 11229 10865 10863
f 11124 11119 11120
f 11129 11122 11124
f 11124 11120 11129
f 11129 11120 11121
f 11129 11121 11130
f 11222 11221 11180
f 11181 11218 11180
f 11180 11218 11219
f 11180 11219 11222
f 11230 11231 11232
f 11232 11231 11233
f 11232 11233 11234
f 11221 11220 11180
f 11180 11220 11223
f 11180 11223 11235
f 11235 11223 11224
f 11235 11224 11233
f 11233 11224 11236
f 11233 11236 11234
f 11237 11195 11178
f 11237 11178 11238
f 11238 11178 11180
f 11238 11180 11235
f 11195 11237 11239
f 11195 11239 11196
f 11240 11241 11242
f 11242 11241 11243
f 11242 11243 11244
f 11245 11246 11203
f 11203 11246 11247
f 11247 11248 11203
f 11203 11248 11249
f 11203 11249 11187
f 11202 11250 11203
f 11203 11250 11241
f 11203 11241 11245
f 11245 11241 11240
f 11245 11240 11251
f 11239 11252 11196
f 11196 11252 11253
f 11196 11253 11202
f 11202 11253 11254
f 11202 11254 11250
f 11252 11239 10941
f 11252 10941 11253
f 11253 10941 10939
f 11253 10939 11254
f 11254 10939 10937
f 11254 10937 11250
f 11250 10937 11241
f 11241 10937 10935
f 11241 10935 11243
f 11243 10935 11244
f 11244 10935 10933
f 11244 10933 11242
f 11242 10933 10931
f 11242 10931 11240
f 11240 10931 10929
f 11240 10929 11251
f 11251 10929 10927
f 11251 10927 11245
f 11245 10927 11246
f 11246 10927 10925
f 11246 10925 11247
f 11247 10925 10923
f 11247 10923 11248
f 11248 10923 11249
f 11249 10923 10921
f 11249 10921 11187
f 11187 10921 10919
f 11187 10919 11183
f 10917 11255 10919
f 10919 11255 11256
f 10919 11256 11183
f 11257 11258 10917
f 10917 11258 11259
f 10917 11259 11255
f 10917 10915 11257
f 11257 10915 10913
f 11257 10913 11260
f 11183 11256 11184
f 11184 11256 11255
f 11255 11259 11184
f 11184 11259 11258
f 11184 11258 11257
f 11261 11262 11263
f 11263 11262 11264
f 11263 11264 11265
f 11260 11266 11263
f 11263 11266 11267
f 11263 11267 11261
f 11268 11269 11182
f 11182 11269 11270
f 11182 11270 11185
f 11271 11272 11273
f 11274 11275 11276
f 11276 11275 11277
f 11276 11277 11271
f 11271 11273 11276
f 11276 11273 11278
f 11276 11278 11274
f 11278 11268 11274
f 11274 11268 11182
f 11274 11182 11279
f 11279 11182 11206
f 11279 11206 11280
f 11280 11206 11205
f 11280 11205 11281
f 11281 11205 11204
f 11281 11204 11265
f 11265 11204 11184
f 11265 11184 11263
f 11263 11184 11257
f 11263 11257 11260
f 11265 10905 11281
f 11281 10905 10903
f 11281 10903 11280
f 11280 10903 10901
f 11280 10901 11279
f 11279 10901 10899
f 11279 10899 11274
f 11274 10899 10897
f 11260 10913 11266
f 11266 10913 10911
f 11266 10911 11267
f 11267 10911 11261
f 10911 10909 11261
f 11261 10909 10907
f 11261 10907 11262
f 10905 11265 10907
f 10907 11265 11264
f 10907 11264 11262
f 11274 10897 11275
f 11275 10897 10895
f 11275 10895 11277
f 11277 10895 10893
f 11277 10893 11271
f 11271 10893 10891
f 11271 10891 11272
f 11272 10891 10889
f 11272 10889 11273
f 11273 10889 11278
f 11278 10889 10887
f 11278 10887 11268
f 10883 11269 10885
f 10885 11269 11268
f 10885 11268 10887
f 10881 11185 10883
f 10883 11185 11270
f 10883 11270 11269
f 10880 11197 10881
f 10881 11197 11186
f 10881 11186 11185
f 11282 11283 10880
f 10880 11283 11284
f 10880 11284 11197
f 10880 10807 11282
f 11282 10807 10805
f 11282 10805 11285
f 11285 10805 10803
f 11285 10803 11286
f 11287 11189 11188
f 11198 11197 11284
f 11284 11283 11198
f 11198 11283 11282
f 11198 11282 11285
f 11285 11286 11288
f 11289 11290 11288
f 11288 11290 11291
f 11288 11291 11292
f 11286 11293 11288
f 11288 11293 11294
f 11288 11294 11289
f 11295 11296 11297
f 11296 11298 11299
f 11296 11299 11297
f 11297 11299 11300
f 11297 11300 11188
f 11188 11300 11301
f 11188 11301 11287
f 11285 11288 11198
f 11198 11288 11292
f 11198 11292 11199
f 11199 11292 11302
f 11199 11302 11207
f 11207 11302 11303
f 11207 11303 11208
f 11208 11303 11304
f 11208 11304 11188
f 11188 11304 11305
f 11188 11305 11297
f 11297 11305 11306
f 11297 11306 11295
f 11292 10795 11302
f 11302 10795 10793
f 11302 10793 11303
f 11303 10793 10791
f 11303 10791 11304
f 11304 10791 10789
f 11304 10789 11305
f 11305 10789 10787
f 11286 10803 11293
f 11293 10803 10801
f 11293 10801 11294
f 11294 10801 11289
f 10801 10799 11289
f 11289 10799 10797
f 11289 10797 11290
f 10795 11292 10797
f 10797 11292 11291
f 10797 11291 11290
f 11305 10787 11306
f 11306 10787 10785
f 11306 10785 11295
f 11295 10785 10783
f 11295 10783 11296
f 11296 10783 10781
f 11296 10781 11298
f 11298 10781 10779
f 11298 10779 11299
f 10836 11190 11189
f 10836 11189 10838
f 11300 11299 10779
f 11189 11287 10838
f 10838 11287 11301
f 10838 11301 10839
f 10839 11301 11300
f 10839 11300 10777
f 10777 11300 10779
f 11307 11192 11191
f 11307 10834 11308
f 11308 10834 10832
f 11308 10832 11309
f 11309 10832 11310
f 10832 10830 11310
f 11310 10830 10828
f 11310 10828 11311
f 11307 11191 10834
f 10834 11191 11190
f 10834 11190 10836
f 11193 11192 11307
f 11307 11308 11193
f 11193 11308 11309
f 11193 11309 11310
f 11310 11311 11312
f 11313 11314 11312
f 11312 11314 11315
f 11312 11315 11316
f 11311 11317 11312
f 11312 11317 11318
f 11312 11318 11313
f 11319 11320 11321
f 11322 11176 11323
f 11323 11176 11321
f 11323 11321 11324
f 11324 11321 11320
f 11324 11320 11325
f 11322 11326 11176
f 11176 11326 11327
f 11176 11327 11177
f 11310 11312 11193
f 11193 11312 11316
f 11193 11316 11194
f 11194 11316 11328
f 11194 11328 11200
f 11200 11328 11329
f 11200 11329 11201
f 11201 11329 11330
f 11201 11330 11176
f 11176 11330 11331
f 11176 11331 11321
f 11321 11331 11332
f 11321 11332 11319
f 11316 10820 11328
f 11328 10820 10819
f 11328 10819 11329
f 11329 10819 10818
f 11329 10818 11330
f 11330 10818 10817
f 11330 10817 11331
f 11331 10817 10816
f 11311 10828 11317
f 11317 10828 10826
f 11317 10826 11318
f 11318 10826 11313
f 10826 10824 11313
f 11313 10824 10822
f 11313 10822 11314
f 10820 11316 10822
f 10822 11316 11315
f 10822 11315 11314
f 11331 10816 11332
f 11332 10816 10815
f 11332 10815 11319
f 11319 10815 10814
f 11319 10814 11320
f 11320 10814 10813
f 11320 10813 11325
f 11325 10813 10812
f 11325 10812 11324
f 10757 10756 11164
f 11324 10812 11323
f 11323 10812 10811
f 11323 10811 10810
f 10809 11326 10810
f 10810 11326 11322
f 10810 11322 11323
f 10758 11177 10809
f 10809 11177 11327
f 10809 11327 11326
f 11164 11162 10757
f 10757 11162 11161
f 10757 11161 10758
f 10758 11161 11179
f 10758 11179 11177
f 10755 10754 11167
f 11167 11168 10755
f 10755 11168 11172
f 10755 11172 10756
f 10756 11172 11163
f 10756 11163 11164
f 11167 10754 11165
f 11165 10754 10753
f 11165 10753 11166
f 11166 10753 11169
f 10753 10752 11169
f 11169 10752 10751
f 11169 10751 11170
f 10750 11159 10751
f 10751 11159 11171
f 10751 11171 11170
f 11237 10943 11239
f 11239 10943 10941
f 11235 10947 10945
f 11235 10945 11238
f 11238 10945 10943
f 11238 10943 11237
f 10947 11235 10949
f 10949 11235 11233
f 11224 10845 11236
f 11236 10845 10840
f 11236 10840 11234
f 11234 10840 11232
f 10840 10952 11232
f 11232 10952 10951
f 11232 10951 11230
f 10949 11233 10951
f 10951 11233 11231
f 10951 11231 11230
f 11146 11135 11145
f 11145 11135 11134
f 11146 11066 11135
f 11135 11066 11065
f 11135 11065 11125
f 10871 11118 10873
f 10873 11118 11333
f 11107 11098 11097
f 11334 11335 11336
f 11336 11335 11333
f 11336 11333 11337
f 11114 11107 11118
f 11118 11107 11097
f 11118 11097 11333
f 11333 11097 11338
f 11333 11338 11337
f 11115 11114 11117
f 11117 11114 11118
f 11117 11118 11116
f 11097 10700 11338
f 11338 10700 10714
f 11338 10714 11337
f 11337 10714 11336
f 10714 10877 11336
f 11336 10877 10875
f 11336 10875 11334
f 10873 11333 10875
f 10875 11333 11335
f 10875 11335 11334
f 10954 10720 11339
f 11339 10720 10722
f 11339 10722 11340
f 11340 10722 10724
f 11340 10724 11341
f 11341 10724 10726
f 11341 10726 11342
f 11342 10726 10728
f 11342 10728 11100
f 11341 11342 11100
f 11104 10965 11103
f 11103 10965 11102
f 10960 11100 10964
f 10964 11100 11099
f 10964 11099 10965
f 10965 11099 11101
f 10965 11101 11102
f 10960 10963 11100
f 11100 10963 10953
f 11100 10953 11341
f 11341 10953 10954
f 11341 10954 11340
f 11340 10954 11339
f 10969 10968 10966
f 10978 10977 11343
f 11343 10977 10976
f 11343 10976 10995
f 11104 11105 10973
f 10973 11105 11106
f 10973 11106 10974
f 10974 11106 11018
f 10974 11018 10975
f 10969 10966 10973
f 10973 10966 10965
f 10973 10965 11104
f 10975 11018 10976
f 10976 11018 10993
f 10976 10993 10995
f 11106 11096 11018
f 11018 11096 11019
f 11091 11021 11096
f 11096 11021 11022
f 11096 11022 11019
f 10990 10984 10985
f 10985 10986 10990
f 10990 10986 10987
f 10990 10987 10988
f 10972 11004 10971
f 10971 11004 10991
f 10971 10991 10970
f 10970 10991 10990
f 10970 10990 10989
f 10989 10990 10988
f 10972 10978 11004
f 11004 10978 11343
f 11004 11343 10995
f 11011 11013 11344
f 11344 11013 11074
f 11344 11074 11345
f 11346 11347 11348
f 11348 11347 11349
f 11348 11349 11345
f 11345 11349 11350
f 11345 11350 11344
f 11344 11350 11351
f 11031 11032 11062
f 11062 11032 11351
f 11062 11351 11350
f 11345 11074 11348
f 11348 11074 11073
f 11348 11073 11346
f 11073 11072 11346
f 11346 11072 11071
f 11346 11071 11347
f 11347 11071 11064
f 11347 11064 11349
f 11349 11064 11063
f 11349 11063 11350
f 11350 11063 11062
f 11344 11351 11032
f 11026 11027 11012
f 11344 11032 11011
f 11024 11025 11023
f 11023 11025 11026
f 11023 11026 11032
f 11032 11026 11012
f 11032 11012 11011
f 11035 11034 11036
f 11036 11034 11060
f 11036 11060 11037
f 11037 11060 11058
f 11037 11058 11038
f 11038 11058 11057
f 11038 11057 11039
f 11039 11057 11056
f 11039 11056 11040
f 11040 11056 11042
f 7927 7926 11352
f 11352 7926 7943
f 7945 8116 7943
f 7943 8116 8115
f 7943 8115 11352
f 11352 8115 8133
f 11352 8133 8132
f 8132 8131 11352
f 11352 8131 8178
f 11352 8178 7927
f 7927 8178 7929
