# Optimized RL_foot.obj
v 0.01027 0.03460 -0.00656
v 0.01027 0.03060 -0.00656
v 0.01135 0.03460 -0.00670
v 0.01135 0.03060 -0.00670
v 0.01235 0.03460 -0.00629
v 0.01235 0.03060 -0.00629
v 0.01301 0.03460 -0.00543
v 0.01301 0.03060 -0.00543
v 0.01316 0.03460 -0.00435
v 0.01316 0.03060 -0.00435
v 0.01275 0.03460 -0.00334
v 0.01275 0.03060 -0.00334
v 0.01188 0.03460 -0.00268
v 0.01188 0.03060 -0.00268
v 0.01081 0.03460 -0.00253
v 0.01081 0.03060 -0.00253
v 0.00980 0.03460 -0.00295
v 0.00980 0.03060 -0.00295
v 0.00914 0.03460 -0.00381
v 0.00914 0.03060 -0.00381
v 0.00899 0.03460 -0.00489
v 0.00899 0.03060 -0.00489
v 0.00941 0.03460 -0.00589
v 0.00941 0.03060 -0.00589
v 0.00819 0.03460 -0.00246
v 0.00956 0.03460 -0.00135
v 0.01129 0.03460 -0.00102
v 0.01246 0.03460 -0.00129
v 0.01348 0.03460 -0.00194
v 0.01446 0.03460 -0.00340
v 0.01464 0.03460 -0.00515
v 0.01396 0.03460 -0.00677
v 0.01259 0.03460 -0.00788
v 0.01087 0.03460 -0.00821
v 0.00969 0.03460 -0.00794
v 0.00867 0.03460 -0.00730
v 0.00769 0.03460 -0.00584
v 0.00752 0.03460 -0.00409
v 0.01347 0.04570 -0.00193
v 0.01348 0.04572 -0.00194
v 0.00969 0.04463 -0.00794
v 0.01051 0.04541 -0.00817
v 0.01208 0.04663 -0.00808
v 0.01131 0.04608 -0.00821
v 0.01394 0.04761 -0.00680
v 0.01343 0.04740 -0.00734
v 0.01279 0.04707 -0.00779
v 0.01259 0.04696 -0.00788
v 0.01464 0.04762 -0.00515
v 0.01458 0.04766 -0.00543
v 0.01433 0.04770 -0.00615
v 0.01396 0.04762 -0.00677
v 0.01440 0.04685 -0.00322
v 0.01446 0.04696 -0.00339
v 0.01462 0.04726 -0.00399
v 0.01467 0.04753 -0.00476
v 0.01403 0.04636 -0.00256
v 0.01246 0.04463 -0.00129
v 0.01276 0.04494 -0.00144
v 0.01082 0.04297 -0.00103
v 0.01166 0.04381 -0.00107
v 0.00880 0.04109 -0.00183
v 0.00937 0.04158 -0.00145
v 0.00956 0.04176 -0.00135
v 0.01004 0.04221 -0.00117
v 0.00753 0.04062 -0.00398
v 0.00768 0.04051 -0.00343
v 0.00795 0.04054 -0.00284
v 0.00819 0.04066 -0.00246
v 0.00833 0.04074 -0.00229
v 0.00769 0.04176 -0.00584
v 0.00755 0.04135 -0.00534
v 0.00748 0.04092 -0.00468
v 0.00752 0.04066 -0.00409
v 0.00777 0.04194 -0.00604
v 0.00816 0.04267 -0.00672
v 0.00940 0.04431 -0.00780
v 0.00869 0.04346 -0.00731
v 0.00867 0.04343 -0.00730
v 0.00547 0.03860 -0.00350
v 0.01311 0.04860 0.01001
v 0.01232 0.04770 0.00957
v 0.01118 0.04860 0.01214
v 0.01177 0.04761 0.01011
v 0.01123 0.04745 0.01046
v 0.01310 0.04684 0.00675
v 0.01313 0.04721 0.00747
v 0.01465 0.04860 0.00759
v 0.01301 0.04750 0.00823
v 0.01293 0.04757 0.00850
v 0.01273 0.04766 0.00894
v 0.00620 0.03860 0.00194
v 0.00889 0.04175 0.00374
v 0.00976 0.04253 0.00369
v 0.01056 0.04333 0.00383
v 0.01105 0.04386 0.00402
v 0.01575 0.04860 0.00492
v 0.01129 0.04413 0.00414
v 0.01194 0.04490 0.00460
v 0.01242 0.04554 0.00513
v 0.01248 0.04563 0.00522
v 0.01287 0.04626 0.00591
v 0.01309 0.04679 0.00668
v 0.00700 0.04055 0.00473
v 0.00744 0.04072 0.00436
v 0.00577 0.03860 0.00299
v 0.00805 0.04109 0.00401
v 0.00815 0.04116 0.00396
v 0.00659 0.04051 0.00522
v 0.00517 0.03860 0.00395
v 0.00626 0.04063 0.00579
v 0.00440 0.03860 0.00478
v 0.00615 0.04074 0.00607
v 0.01092 0.04732 0.01061
v 0.01018 0.04696 0.01083
v 0.00890 0.04860 0.01390
v 0.00940 0.04648 0.01088
v 0.00856 0.04584 0.01075
v 0.00802 0.04535 0.01055
v 0.00780 0.04513 0.01044
v 0.00710 0.04431 0.00993
v 0.00665 0.04365 0.00944
v 0.00654 0.04345 0.00928
v 0.00617 0.04265 0.00856
v 0.00351 0.03860 0.00547
v 0.00598 0.04196 0.00784
v 0.00598 0.04194 0.00782
v 0.00594 0.04139 0.00714
v 0.00603 0.04093 0.00645
v 0.00455 0.04302 -0.00993
v 0.00408 0.04231 -0.00935
v 0.00299 0.03860 -0.00577
v 0.00490 0.04377 -0.01060
v 0.00510 0.04554 -0.01243
v 0.00512 0.04539 -0.01226
v 0.00759 0.04860 -0.01465
v 0.00510 0.04459 -0.01140
v 0.00493 0.04386 -0.01068
v 0.00350 0.04165 -0.00888
v 0.00292 0.04116 -0.00858
v 0.00194 0.03860 -0.00620
v 0.00212 0.04860 -0.01636
v 0.00165 0.04769 -0.01550
v 0.00240 0.04768 -0.01540
v 0.00492 0.04860 -0.01575
v 0.00307 0.04757 -0.01516
v 0.00363 0.04737 -0.01483
v 0.00416 0.04706 -0.01437
v 0.00443 0.04683 -0.01405
v 0.00461 0.04663 -0.01378
v 0.00496 0.04604 -0.01302
v 0.00089 0.04757 -0.01544
v -0.00076 0.04860 -0.01648
v 0.00015 0.04732 -0.01522
v -0.00149 0.04217 -0.00996
v -0.00181 0.04285 -0.01059
v -0.00142 0.03860 -0.00634
v -0.00135 0.04194 -0.00975
v -0.00361 0.04860 -0.01610
v -0.00201 0.04359 -0.01131
v -0.00202 0.04365 -0.01137
v -0.00206 0.04436 -0.01209
v -0.00191 0.04516 -0.01292
v -0.00185 0.04535 -0.01312
v -0.00161 0.04583 -0.01364
v -0.00112 0.04647 -0.01433
v -0.00053 0.04695 -0.01484
v 0.00016 0.04068 -0.00858
v 0.00002 0.04074 -0.00864
v -0.00030 0.03860 -0.00649
v -0.00047 0.04103 -0.00891
v -0.00103 0.04154 -0.00938
v 0.00270 0.04101 -0.00849
v 0.00202 0.04067 -0.00833
v 0.00083 0.03860 -0.00645
v 0.00137 0.04052 -0.00830
v 0.00073 0.04053 -0.00839
v 0.01648 0.04860 -0.00076
v 0.00649 0.03860 -0.00030
v 0.01610 0.04860 -0.00361
v 0.01523 0.04860 -0.00635
v 0.01390 0.04860 -0.00890
v 0.00478 0.03860 -0.00440
v 0.01214 0.04860 -0.01117
v 0.00634 0.03860 -0.00142
v 0.00600 0.03860 -0.00250
v -0.00250 0.03860 -0.00600
v -0.00635 0.04860 -0.01523
v 0.00395 0.03860 -0.00517
v 0.01001 0.04860 -0.01311
v 0.00645 0.03860 0.00083
v 0.01636 0.04860 0.00212
v 0.00250 0.03860 0.00600
v 0.00635 0.04860 0.01523
v -0.00751 0.04066 0.00409
v -0.00748 0.04092 0.00468
v -0.00547 0.03860 0.00351
v -0.00866 0.04155 -0.00379
v -0.00936 0.04216 -0.00369
v -0.00620 0.03860 -0.00194
v -0.01018 0.04295 -0.00374
v -0.01097 0.04377 -0.00398
v -0.01105 0.04386 -0.00402
v -0.01575 0.04860 -0.00492
v -0.01167 0.04457 -0.00438
v -0.01230 0.04536 -0.00497
v -0.00700 0.04055 -0.00473
v -0.00743 0.04072 -0.00436
v -0.00577 0.03860 -0.00299
v -0.00805 0.04109 -0.00400
v -0.00815 0.04116 -0.00396
v -0.00659 0.04051 -0.00522
v -0.00517 0.03860 -0.00394
v -0.00626 0.04063 -0.00579
v -0.00440 0.03860 -0.00478
v -0.00615 0.04074 -0.00607
v -0.00890 0.04860 -0.01390
v -0.00856 0.04584 -0.01075
v -0.00801 0.04535 -0.01055
v -0.00780 0.04513 -0.01044
v -0.00710 0.04431 -0.00993
v -0.00665 0.04365 -0.00944
v -0.00654 0.04345 -0.00928
v -0.00617 0.04265 -0.00856
v -0.00350 0.03860 -0.00547
v -0.00598 0.04196 -0.00784
v -0.00598 0.04194 -0.00782
v -0.00594 0.04139 -0.00714
v -0.00603 0.04093 -0.00645
v -0.01311 0.04860 -0.01001
v -0.01217 0.04769 -0.00974
v -0.01117 0.04860 -0.01214
v -0.01160 0.04757 -0.01024
v -0.01092 0.04732 -0.01061
v -0.01017 0.04696 -0.01083
v -0.00940 0.04648 -0.01088
v -0.01314 0.04708 -0.00720
v -0.01308 0.04738 -0.00789
v -0.01465 0.04860 -0.00758
v -0.01310 0.04683 -0.00675
v -0.01242 0.04553 -0.00512
v -0.01277 0.04608 -0.00569
v -0.01304 0.04666 -0.00648
v -0.01292 0.04757 -0.00850
v -0.01291 0.04758 -0.00853
v -0.01262 0.04768 -0.00914
v -0.00777 0.04194 0.00604
v -0.00816 0.04267 0.00672
v -0.00478 0.03860 0.00440
v -0.00769 0.04176 0.00584
v -0.00755 0.04135 0.00534
v -0.00867 0.04343 0.00730
v -0.00869 0.04346 0.00732
v -0.01214 0.04860 0.01118
v -0.00940 0.04431 0.00780
v -0.00969 0.04463 0.00794
v -0.00833 0.04074 0.00229
v -0.00819 0.04066 0.00246
v -0.00634 0.03860 0.00142
v -0.00795 0.04054 0.00284
v -0.00600 0.03860 0.00250
v -0.00768 0.04051 0.00343
v -0.00753 0.04062 0.00398
v -0.01348 0.04572 0.00194
v -0.01347 0.04570 0.00193
v -0.01648 0.04860 0.00076
v -0.01276 0.04494 0.00144
v -0.01246 0.04463 0.00130
v -0.01166 0.04381 0.00107
v -0.01082 0.04297 0.00103
v -0.00649 0.03860 0.00030
v -0.01004 0.04221 0.00117
v -0.00956 0.04176 0.00135
v -0.00937 0.04158 0.00145
v -0.00880 0.04109 0.00183
v -0.01467 0.04753 0.00476
v -0.01462 0.04726 0.00399
v -0.01610 0.04860 0.00361
v -0.01523 0.04860 0.00635
v -0.01458 0.04766 0.00543
v -0.01464 0.04762 0.00515
v -0.01446 0.04696 0.00339
v -0.01439 0.04685 0.00322
v -0.01403 0.04636 0.00256
v -0.01278 0.04707 0.00779
v -0.01343 0.04740 0.00734
v -0.01390 0.04860 0.00890
v -0.01259 0.04696 0.00788
v -0.01050 0.04541 0.00817
v -0.01131 0.04608 0.00821
v -0.01208 0.04663 0.00808
v -0.01394 0.04761 0.00680
v -0.01396 0.04762 0.00677
v -0.01433 0.04770 0.00615
v -0.00015 0.04732 0.01522
v -0.00043 0.04743 0.01533
v 0.00076 0.04860 0.01648
v -0.00118 0.04763 0.01548
v -0.00212 0.04860 0.01636
v -0.00133 0.04765 0.01550
v 0.00150 0.04217 0.00996
v 0.00182 0.04285 0.01059
v 0.00142 0.03860 0.00634
v 0.00135 0.04194 0.00975
v 0.00361 0.04860 0.01610
v 0.00201 0.04358 0.01130
v 0.00202 0.04365 0.01137
v 0.00206 0.04436 0.01209
v 0.00192 0.04515 0.01291
v 0.00185 0.04535 0.01312
v 0.00162 0.04583 0.01364
v 0.00112 0.04647 0.01433
v 0.00053 0.04695 0.01485
v -0.00016 0.04068 0.00857
v -0.00002 0.04074 0.00864
v 0.00030 0.03860 0.00649
v 0.00047 0.04102 0.00891
v 0.00103 0.04154 0.00938
v -0.00194 0.03860 0.00620
v -0.00181 0.04061 0.00831
v -0.00083 0.03860 0.00645
v -0.00125 0.04051 0.00831
v -0.00071 0.04053 0.00840
v -0.00758 0.04860 0.01465
v -0.00509 0.04557 0.01247
v -0.00510 0.04554 0.01243
v -0.00466 0.04322 0.01010
v -0.00420 0.04246 0.00947
v -0.00299 0.03860 0.00577
v -0.00513 0.04485 0.01168
v -0.00497 0.04400 0.01081
v -0.00493 0.04386 0.01068
v -0.00362 0.04176 0.00896
v -0.00292 0.04116 0.00858
v -0.00249 0.04089 0.00843
v -0.00338 0.04747 0.01500
v -0.00399 0.04717 0.01454
v -0.00492 0.04860 0.01575
v -0.00194 0.04770 0.01548
v -0.00268 0.04765 0.01531
v -0.00306 0.04757 0.01516
v -0.00442 0.04683 0.01405
v -0.00451 0.04675 0.01394
v -0.00488 0.04620 0.01323
v -0.00394 0.03860 0.00517
v -0.01001 0.04860 0.01311
v -0.00645 0.03860 -0.00083
v -0.01636 0.04860 -0.00212
v -0.00250 0.03160 -0.00600
v -0.00350 0.03160 -0.00547
v -0.00440 0.03160 -0.00478
v -0.00517 0.03160 -0.00394
v -0.00577 0.03160 -0.00299
v -0.00620 0.03160 -0.00194
v -0.00645 0.03160 -0.00083
v -0.00649 0.03160 0.00030
v -0.00634 0.03160 0.00142
v -0.00600 0.03160 0.00250
v -0.00547 0.03160 0.00351
v -0.00478 0.03160 0.00440
v -0.00394 0.03160 0.00517
v -0.00299 0.03160 0.00577
v -0.00194 0.03160 0.00620
v -0.00083 0.03160 0.00645
v 0.00030 0.03160 0.00649
v 0.00142 0.03160 0.00634
v 0.00250 0.03160 0.00600
v 0.00351 0.03160 0.00547
v 0.00440 0.03160 0.00478
v 0.00517 0.03160 0.00395
v 0.00577 0.03160 0.00299
v 0.00620 0.03160 0.00194
v 0.00645 0.03160 0.00083
v 0.00649 0.03160 -0.00030
v 0.00634 0.03160 -0.00142
v 0.00600 0.03160 -0.00250
v 0.00547 0.03160 -0.00350
v 0.00478 0.03160 -0.00440
v 0.00395 0.03160 -0.00517
v 0.00299 0.03160 -0.00577
v 0.00194 0.03160 -0.00620
v 0.00083 0.03160 -0.00645
v -0.00030 0.03160 -0.00649
v -0.00142 0.03160 -0.00634
v -0.00289 0.03060 -0.00692
v -0.00164 0.03060 -0.00732
v -0.00034 0.03060 -0.00749
v 0.00096 0.03060 -0.00744
v 0.00224 0.03060 -0.00716
v 0.00345 0.03060 -0.00666
v 0.00455 0.03060 -0.00596
v 0.00552 0.03060 -0.00508
v 0.00632 0.03060 -0.00404
v 0.00692 0.03060 -0.00289
v 0.00732 0.03060 -0.00164
v 0.00749 0.03060 -0.00034
v 0.00744 0.03060 0.00096
v 0.00716 0.03060 0.00224
v 0.00666 0.03060 0.00345
v 0.00596 0.03060 0.00455
v 0.00508 0.03060 0.00552
v 0.00404 0.03060 0.00632
v 0.00289 0.03060 0.00692
v 0.00164 0.03060 0.00732
v 0.00034 0.03060 0.00749
v -0.00096 0.03060 0.00744
v -0.00224 0.03060 0.00716
v -0.00345 0.03060 0.00666
v -0.00455 0.03060 0.00596
v -0.00552 0.03060 0.00508
v -0.00632 0.03060 0.00404
v -0.00692 0.03060 0.00289
v -0.00732 0.03060 0.00164
v -0.00749 0.03060 0.00034
v -0.00744 0.03060 -0.00096
v -0.00716 0.03060 -0.00224
v -0.00666 0.03060 -0.00345
v -0.00596 0.03060 -0.00455
v -0.00508 0.03060 -0.00552
v -0.00404 0.03060 -0.00632
v -0.01164 0.03060 -0.00352
v -0.01267 0.03060 -0.00338
v -0.01075 0.03060 -0.00435
v -0.00586 0.03060 -0.00638
v 0.00607 0.03060 -0.00795
v 0.00703 0.03060 -0.00755
v 0.00727 0.03060 -0.00633
v 0.00199 0.03060 -0.01688
v 0.00153 0.03060 -0.01661
v 0.00142 0.03060 -0.01694
v -0.00840 0.03060 -0.01247
v -0.01329 0.03060 -0.01044
v -0.01270 0.03060 -0.01130
v -0.01490 0.03060 -0.00819
v -0.01635 0.03060 -0.00467
v -0.01536 0.03060 -0.00242
v -0.01697 0.03060 -0.00091
v -0.01340 0.03060 0.00228
v -0.01675 0.03060 0.00289
v -0.00919 0.03060 0.01239
v -0.01130 0.03060 0.01270
v -0.01384 0.03060 0.00987
v -0.00819 0.03060 0.01490
v -0.00457 0.03060 0.01046
v -0.00467 0.03060 0.01635
v -0.00251 0.03060 0.01540
v -0.00091 0.03060 0.01698
v 0.00237 0.03060 0.01336
v 0.00289 0.03060 0.01675
v 0.01230 0.03060 0.00923
v 0.01354 0.03060 0.00871
v 0.01270 0.03060 0.01130
v 0.01399 0.03060 0.00965
v 0.01029 0.03060 0.00091
v 0.01698 0.03060 0.00091
v 0.01148 0.03060 0.00377
v 0.01635 0.03060 0.00467
v 0.01490 0.03060 0.00819
v 0.01675 0.03060 -0.00289
v 0.01569 0.03060 -0.00654
v 0.01384 0.03060 -0.00987
v 0.00819 0.03060 -0.01490
v 0.01130 0.03060 -0.01270
v 0.00850 0.03060 -0.01113
v 0.00805 0.03060 -0.00769
v 0.00887 0.03060 -0.00832
v 0.00927 0.03060 -0.00928
v 0.00913 0.03060 -0.01031
v 0.00531 0.03060 -0.01104
v 0.00467 0.03060 -0.01635
v 0.00299 0.03060 -0.01673
v 0.00281 0.03060 -0.01357
v 0.00348 0.03060 -0.01271
v 0.00362 0.03060 -0.01163
v 0.00407 0.03060 -0.01052
v 0.00321 0.03060 -0.01063
v -0.00987 0.03060 -0.01384
v -0.00654 0.03060 -0.01569
v -0.00295 0.03060 -0.01475
v -0.00289 0.03060 -0.01675
v 0.00091 0.03060 -0.01697
v 0.00754 0.03060 -0.01152
v 0.00651 0.03060 -0.01138
v 0.00569 0.03060 -0.01075
v 0.00530 0.03060 -0.00979
v 0.00544 0.03060 -0.00877
v 0.00603 0.03060 -0.00582
v 0.00487 0.03060 0.00909
v 0.00385 0.03060 0.00923
v 0.00032 0.03060 0.00842
v 0.00303 0.03060 0.00986
v 0.00782 0.03060 0.01109
v 0.00646 0.03060 0.01031
v 0.00576 0.03060 0.00615
v 0.00583 0.03060 0.00949
v 0.00263 0.03060 0.01082
v 0.00277 0.03060 0.01185
v 0.00340 0.03060 0.01267
v 0.00436 0.03060 0.01306
v 0.00654 0.03060 0.01569
v 0.00539 0.03060 0.01292
v 0.00987 0.03060 0.01384
v 0.00621 0.03060 0.01229
v 0.00660 0.03060 0.01133
v 0.00873 0.03060 0.00535
v 0.00787 0.03060 0.00601
v 0.01024 0.03060 0.00429
v 0.01081 0.03060 0.00561
v 0.00981 0.03060 0.00520
v 0.00745 0.03060 0.00701
v 0.00760 0.03060 0.00809
v 0.00826 0.03060 0.00895
v 0.00927 0.03060 0.00937
v 0.01035 0.03060 0.00922
v 0.01121 0.03060 0.00856
v 0.01162 0.03060 0.00755
v 0.01148 0.03060 0.00648
v -0.00941 0.03060 0.00589
v -0.00576 0.03060 0.00760
v -0.01027 0.03060 0.00656
v -0.01038 0.03060 0.00953
v -0.01134 0.03060 0.00670
v -0.01235 0.03060 0.00629
v -0.01081 0.03060 0.00254
v -0.01188 0.03060 0.00268
v -0.01274 0.03060 0.00334
v -0.01316 0.03060 0.00435
v -0.01569 0.03060 0.00654
v -0.01301 0.03060 0.00543
v -0.00899 0.03060 0.00489
v -0.00914 0.03060 0.00381
v -0.00878 0.03060 0.00036
v -0.00980 0.03060 0.00295
v -0.00013 0.03060 -0.01317
v 0.00073 0.03060 -0.01384
v 0.00181 0.03060 -0.01398
v 0.00235 0.03060 -0.00996
v -0.00041 0.03060 -0.00865
v 0.00127 0.03060 -0.00982
v -0.00054 0.03060 -0.01217
v -0.00040 0.03060 -0.01109
v 0.00026 0.03060 -0.01023
v 0.00905 0.03060 0.00143
v -0.01349 0.03060 -0.00275
v -0.01113 0.03060 0.00031
v -0.01031 0.03060 -0.00032
v -0.01388 0.03060 -0.00179
v -0.01375 0.03060 -0.00077
v -0.01311 0.03060 0.00005
v -0.01216 0.03060 0.00045
v -0.00992 0.03060 -0.00128
v -0.01005 0.03060 -0.00231
v -0.01069 0.03060 -0.00313
v -0.00235 0.03060 0.00996
v -0.00321 0.03060 0.01063
v -0.00026 0.03060 0.01023
v -0.00127 0.03060 0.00982
v 0.00040 0.03060 0.01109
v -0.00281 0.03060 0.01357
v -0.00348 0.03060 0.01271
v -0.00362 0.03060 0.01163
v 0.00054 0.03060 0.01217
v -0.00181 0.03060 0.01398
v -0.00073 0.03060 0.01384
v 0.00013 0.03060 0.01318
v -0.00981 0.03060 -0.00520
v -0.00873 0.03060 -0.00534
v -0.00787 0.03060 -0.00601
v -0.00927 0.03060 -0.00937
v -0.01034 0.03060 -0.00922
v -0.01121 0.03060 -0.00856
v -0.01162 0.03060 -0.00755
v -0.01147 0.03060 -0.00647
v -0.01081 0.03060 -0.00561
v -0.00745 0.03060 -0.00701
v -0.00760 0.03060 -0.00809
v -0.00826 0.03060 -0.00895
v 0.00673 0.03110 0.01615
v 0.00297 0.03110 0.01725
v -0.00094 0.03110 0.01748
v -0.00481 0.03110 0.01683
v -0.00843 0.03110 0.01534
v -0.01163 0.03110 0.01308
v -0.01425 0.03110 0.01016
v -0.01615 0.03110 0.00673
v -0.01725 0.03110 0.00297
v -0.01747 0.03110 -0.00094
v -0.01683 0.03110 -0.00481
v -0.01534 0.03110 -0.00843
v -0.01308 0.03110 -0.01163
v -0.01016 0.03110 -0.01425
v -0.00673 0.03110 -0.01615
v 0.00094 0.03110 -0.01747
v -0.00297 0.03110 -0.01725
v 0.00481 0.03110 -0.01683
v 0.00843 0.03110 -0.01534
v 0.01163 0.03110 -0.01308
v 0.01425 0.03110 -0.01016
v 0.01615 0.03110 -0.00673
v 0.01725 0.03110 -0.00297
v 0.01748 0.03110 0.00094
v 0.01683 0.03110 0.00481
v 0.01534 0.03110 0.00843
v 0.01308 0.03110 0.01163
v 0.01016 0.03110 0.01425
v 0.00673 0.03760 0.01615
v 0.01016 0.03760 0.01425
v 0.01308 0.03760 0.01163
v 0.01534 0.03760 0.00843
v 0.01683 0.03760 0.00481
v 0.01748 0.03760 0.00094
v 0.01725 0.03760 -0.00297
v 0.01615 0.03760 -0.00673
v 0.01425 0.03760 -0.01016
v 0.01163 0.03760 -0.01308
v 0.00843 0.03760 -0.01534
v 0.00481 0.03760 -0.01683
v 0.00094 0.03760 -0.01747
v -0.00297 0.03760 -0.01725
v -0.00673 0.03760 -0.01615
v 0.01821 0.03760 -0.00544
v 0.01894 0.03760 -0.00153
v 0.01884 0.03760 0.00244
v 0.01793 0.03760 0.00630
v 0.01622 0.03760 0.00989
v 0.01381 0.03760 0.01305
v 0.01080 0.03760 0.01563
v 0.00731 0.03760 0.01754
v 0.00297 0.03760 0.01725
v 0.00351 0.03760 0.01867
v -0.00094 0.03760 0.01748
v -0.00045 0.03760 0.01900
v -0.00481 0.03760 0.01683
v -0.00439 0.03760 0.01849
v -0.00843 0.03760 0.01534
v -0.00814 0.03760 0.01717
v -0.01163 0.03760 0.01308
v -0.01153 0.03760 0.01510
v -0.01425 0.03760 0.01016
v -0.01442 0.03760 0.01237
v -0.01615 0.03760 0.00673
v -0.01668 0.03760 0.00910
v -0.01820 0.03760 0.00544
v -0.01725 0.03760 0.00297
v -0.01894 0.03760 0.00153
v -0.01747 0.03760 -0.00094
v -0.01884 0.03760 -0.00244
v -0.01683 0.03760 -0.00481
v -0.01792 0.03760 -0.00630
v -0.01534 0.03760 -0.00843
v -0.01622 0.03760 -0.00989
v -0.01308 0.03760 -0.01163
v -0.01381 0.03760 -0.01305
v -0.01016 0.03760 -0.01425
v -0.01080 0.03760 -0.01563
v -0.00731 0.03760 -0.01754
v -0.00350 0.03760 -0.01867
v 0.00045 0.03760 -0.01900
v 0.00439 0.03760 -0.01849
v 0.00814 0.03760 -0.01717
v 0.01153 0.03760 -0.01510
v 0.01442 0.03760 -0.01237
v 0.01668 0.03760 -0.00910
v 0.00750 0.03810 0.01800
v 0.00360 0.03810 0.01917
v -0.00047 0.03810 0.01949
v -0.00451 0.03810 0.01897
v -0.00835 0.03810 0.01762
v -0.01183 0.03810 0.01550
v -0.01480 0.03810 0.01270
v -0.01711 0.03810 0.00934
v -0.01868 0.03810 0.00558
v -0.01944 0.03810 0.00158
v -0.01934 0.03810 -0.00250
v -0.01840 0.03810 -0.00647
v -0.01665 0.03810 -0.01015
v -0.01418 0.03810 -0.01339
v -0.01108 0.03810 -0.01604
v -0.00750 0.03810 -0.01800
v -0.00360 0.03810 -0.01917
v 0.00047 0.03810 -0.01949
v 0.00451 0.03810 -0.01897
v 0.00835 0.03810 -0.01762
v 0.01184 0.03810 -0.01550
v 0.01480 0.03810 -0.01270
v 0.01711 0.03810 -0.00934
v 0.01868 0.03810 -0.00558
v 0.01944 0.03810 -0.00157
v 0.01934 0.03810 0.00250
v 0.01840 0.03810 0.00647
v 0.01665 0.03810 0.01015
v 0.01418 0.03810 0.01339
v 0.01108 0.03810 0.01605
v -0.00750 0.04060 -0.01800
v -0.00360 0.04060 -0.01917
v 0.00047 0.04060 -0.01949
v 0.00451 0.04060 -0.01897
v 0.00835 0.04060 -0.01762
v 0.01184 0.04060 -0.01550
v 0.01480 0.04060 -0.01270
v 0.01711 0.04060 -0.00934
v 0.01868 0.04060 -0.00558
v 0.01944 0.04060 -0.00157
v 0.01934 0.04060 0.00250
v 0.01840 0.04060 0.00647
v 0.01665 0.04060 0.01015
v 0.01418 0.04060 0.01339
v 0.01108 0.04060 0.01605
v 0.00750 0.04060 0.01800
v 0.00360 0.04060 0.01917
v -0.00047 0.04060 0.01949
v -0.00451 0.04060 0.01897
v -0.00835 0.04060 0.01762
v -0.01183 0.04060 0.01550
v -0.01480 0.04060 0.01270
v -0.01711 0.04060 0.00934
v -0.01868 0.04060 0.00558
v -0.01944 0.04060 0.00158
v -0.01934 0.04060 -0.00250
v -0.01840 0.04060 -0.00647
v -0.01665 0.04060 -0.01015
v -0.01418 0.04060 -0.01339
v -0.01108 0.04060 -0.01604
v 0.03097 0.04060 0.00575
v 0.02960 0.04060 0.01077
v 0.02693 0.04060 0.01275
v -0.02742 0.04060 -0.01550
v -0.02750 0.04060 -0.01251
v -0.02960 0.04060 -0.01077
v -0.02690 0.04060 -0.01104
v -0.03097 0.04060 -0.00575
v -0.02367 0.04060 -0.01410
v -0.02450 0.04060 -0.01980
v -0.00823 0.04060 -0.02054
v -0.02090 0.04060 -0.02356
v -0.02274 0.04060 -0.00107
v -0.03149 0.04060 -0.00058
v -0.02219 0.04060 0.01122
v -0.02111 0.04060 0.01108
v -0.01524 0.04060 0.01691
v -0.02025 0.04060 0.01041
v -0.02359 0.04060 0.00787
v -0.02400 0.04060 0.00887
v -0.02998 0.04060 0.00968
v -0.02797 0.04060 0.01448
v -0.01984 0.04060 0.00941
v -0.01998 0.04060 0.00833
v -0.02065 0.04060 0.00747
v -0.02165 0.04060 0.00706
v -0.02273 0.04060 0.00720
v -0.03116 0.04060 0.00461
v -0.02386 0.04060 0.00995
v -0.02320 0.04060 0.01081
v -0.02521 0.04060 0.01889
v -0.02176 0.04060 0.02278
v -0.01771 0.04060 0.02605
v -0.01318 0.04060 0.02861
v -0.01048 0.04060 0.02834
v -0.00829 0.04060 0.03039
v -0.00665 0.04060 0.02674
v -0.00318 0.04060 0.03134
v 0.00202 0.04060 0.03143
v 0.00880 0.04060 0.02030
v 0.00717 0.04060 0.03067
v 0.01968 0.04060 0.01635
v 0.02054 0.04060 0.01569
v 0.02091 0.04060 0.02356
v 0.02450 0.04060 0.01980
v 0.01861 0.04060 0.01650
v 0.01674 0.04060 0.02668
v 0.01212 0.04060 0.02907
v 0.02104 0.04060 -0.01074
v 0.01996 0.04060 -0.01060
v 0.01467 0.04060 -0.01667
v 0.01910 0.04060 -0.00993
v 0.01869 0.04060 -0.00893
v 0.02216 0.04060 0.00132
v 0.01883 0.04060 -0.00785
v 0.01949 0.04060 -0.00699
v 0.02176 0.04060 -0.02278
v 0.02521 0.04060 -0.01889
v 0.02204 0.04060 -0.01033
v 0.02271 0.04060 -0.00947
v 0.02797 0.04060 -0.01448
v 0.02285 0.04060 -0.00839
v 0.02050 0.04060 -0.00658
v 0.02158 0.04060 -0.00672
v 0.03150 0.04060 0.00058
v 0.02244 0.04060 -0.00738
v 0.03116 0.04060 -0.00461
v 0.02998 0.04060 -0.00968
v 0.01771 0.04060 -0.02605
v 0.01051 0.04060 -0.02664
v 0.01318 0.04060 -0.02861
v 0.00990 0.04060 -0.02810
v 0.00829 0.04060 -0.03039
v 0.00318 0.04060 -0.03134
v 0.00693 0.04060 -0.02686
v 0.00332 0.04060 -0.02564
v -0.01674 0.04060 -0.02668
v -0.01212 0.04060 -0.02907
v -0.00717 0.04060 -0.03067
v -0.00202 0.04060 -0.03143
v 0.00224 0.04060 -0.02549
v 0.00138 0.04060 -0.02483
v -0.00482 0.04060 0.02312
v -0.00416 0.04060 0.02398
v -0.00315 0.04060 0.02440
v -0.00208 0.04060 0.02425
v -0.00122 0.04060 0.02359
v -0.00080 0.04060 0.02258
v -0.00497 0.04060 0.02205
v -0.00455 0.04060 0.02104
v -0.00369 0.04060 0.02038
v -0.00262 0.04060 0.02023
v -0.00161 0.04060 0.02065
v -0.00095 0.04060 0.02151
v -0.01815 0.04060 -0.01157
v -0.01916 0.04060 -0.01199
v -0.01707 0.04060 -0.01172
v -0.01621 0.04060 -0.01238
v -0.01580 0.04060 -0.01339
v -0.01594 0.04060 -0.01446
v -0.00762 0.04060 -0.01908
v 0.00111 0.04060 -0.02275
v 0.00177 0.04060 -0.02188
v 0.02742 0.04060 0.01550
v 0.02396 0.04060 0.01398
v 0.02096 0.04060 0.01468
v 0.02081 0.04060 0.01361
v 0.02015 0.04060 0.01275
v 0.01914 0.04060 0.01233
v 0.01807 0.04060 0.01248
v 0.01721 0.04060 0.01314
v 0.01679 0.04060 0.01415
v 0.01694 0.04060 0.01522
v 0.01760 0.04060 0.01608
v 0.00278 0.04060 -0.02147
v 0.00385 0.04060 -0.02162
v 0.00471 0.04060 -0.02228
v 0.00513 0.04060 -0.02328
v 0.00754 0.04060 -0.02540
v 0.00498 0.04060 -0.02436
v 0.00432 0.04060 -0.02522
v 0.00096 0.04060 -0.02382
v -0.01661 0.04060 -0.01532
v -0.01761 0.04060 -0.01574
v -0.01869 0.04060 -0.01559
v -0.01955 0.04060 -0.01493
v -0.02306 0.04060 -0.01264
v -0.01996 0.04060 -0.01392
v -0.01982 0.04060 -0.01285
v 0.01251 0.04160 0.03000
v 0.00740 0.04160 0.03165
v 0.00209 0.04160 0.03243
v -0.00328 0.04160 0.03233
v -0.00856 0.04160 0.03135
v -0.01360 0.04160 0.02952
v -0.01827 0.04160 0.02688
v -0.02245 0.04160 0.02350
v -0.02601 0.04160 0.01949
v -0.02886 0.04160 0.01494
v -0.03093 0.04160 0.00999
v -0.03215 0.04160 0.00476
v -0.03250 0.04160 -0.00060
v -0.03195 0.04160 -0.00594
v -0.03054 0.04160 -0.01112
v -0.02829 0.04160 -0.01599
v -0.02528 0.04160 -0.02043
v -0.02157 0.04160 -0.02431
v -0.01727 0.04160 -0.02753
v -0.01251 0.04160 -0.03000
v -0.00740 0.04160 -0.03165
v -0.00209 0.04160 -0.03243
v 0.00328 0.04160 -0.03233
v 0.00856 0.04160 -0.03135
v 0.01360 0.04160 -0.02952
v 0.01827 0.04160 -0.02688
v 0.02245 0.04160 -0.02350
v 0.02601 0.04160 -0.01949
v 0.02886 0.04160 -0.01494
v 0.03093 0.04160 -0.00999
v 0.03215 0.04160 -0.00476
v 0.03250 0.04160 0.00060
v 0.03195 0.04160 0.00594
v 0.03054 0.04160 0.01112
v 0.02829 0.04160 0.01599
v 0.02528 0.04160 0.02043
v 0.02157 0.04160 0.02431
v 0.01727 0.04160 0.02753
v -0.01251 0.04760 -0.03000
v -0.00740 0.04760 -0.03165
v -0.00209 0.04760 -0.03243
v 0.00328 0.04760 -0.03233
v 0.00856 0.04760 -0.03135
v 0.01360 0.04760 -0.02952
v 0.01827 0.04760 -0.02688
v 0.02245 0.04760 -0.02350
v 0.02601 0.04760 -0.01949
v 0.02886 0.04760 -0.01494
v 0.03093 0.04760 -0.00999
v 0.03215 0.04760 -0.00476
v 0.03250 0.04760 0.00060
v 0.03195 0.04760 0.00594
v 0.03054 0.04760 0.01112
v 0.02829 0.04760 0.01599
v 0.02528 0.04760 0.02043
v 0.02157 0.04760 0.02431
v 0.01727 0.04760 0.02753
v 0.01251 0.04760 0.03000
v 0.00740 0.04760 0.03165
v 0.00209 0.04760 0.03243
v -0.00328 0.04760 0.03233
v -0.00856 0.04760 0.03135
v -0.01360 0.04760 0.02952
v -0.01827 0.04760 0.02688
v -0.02245 0.04760 0.02350
v -0.02601 0.04760 0.01949
v -0.02886 0.04760 0.01494
v -0.03093 0.04760 0.00999
v -0.03215 0.04760 0.00476
v -0.03250 0.04760 -0.00060
v -0.03195 0.04760 -0.00594
v -0.03054 0.04760 -0.01112
v -0.02829 0.04760 -0.01599
v -0.02528 0.04760 -0.02043
v -0.02157 0.04760 -0.02431
v -0.01727 0.04760 -0.02753
v -0.01212 0.04860 -0.02907
v -0.01674 0.04860 -0.02668
v -0.02090 0.04860 -0.02356
v -0.02450 0.04860 -0.01980
v -0.02742 0.04860 -0.01550
v -0.02960 0.04860 -0.01077
v -0.03097 0.04860 -0.00575
v -0.03149 0.04860 -0.00058
v -0.03116 0.04860 0.00461
v -0.02998 0.04860 0.00968
v -0.02797 0.04860 0.01448
v -0.02521 0.04860 0.01889
v -0.02176 0.04860 0.02278
v -0.01771 0.04860 0.02605
v -0.01318 0.04860 0.02861
v -0.00829 0.04860 0.03039
v -0.00318 0.04860 0.03134
v 0.00202 0.04860 0.03143
v 0.00717 0.04860 0.03067
v 0.01212 0.04860 0.02907
v 0.02091 0.04860 0.02356
v 0.01674 0.04860 0.02668
v 0.02742 0.04860 0.01550
v 0.02468 0.04860 0.01957
v 0.02450 0.04860 0.01980
v 0.02960 0.04860 0.01077
v 0.03097 0.04860 0.00575
v 0.03150 0.04860 0.00058
v 0.03116 0.04860 -0.00461
v 0.02998 0.04860 -0.00968
v 0.02797 0.04860 -0.01448
v 0.02521 0.04860 -0.01889
v 0.02176 0.04860 -0.02278
v 0.01771 0.04860 -0.02605
v 0.01318 0.04860 -0.02861
v 0.00829 0.04860 -0.03039
v 0.00318 0.04860 -0.03134
v -0.00202 0.04860 -0.03143
v -0.00717 0.04860 -0.03067
v 0.00096 0.04860 -0.02382
v 0.00138 0.04860 -0.02483
v -0.00823 0.04860 -0.02054
v -0.00262 0.04860 0.02023
v -0.00161 0.04860 0.02065
v 0.00719 0.04860 0.01643
v -0.00095 0.04860 0.02151
v -0.00080 0.04860 0.02258
v -0.00122 0.04860 0.02359
v -0.00208 0.04860 0.02425
v -0.00315 0.04860 0.02440
v -0.00416 0.04860 0.02398
v -0.00482 0.04860 0.02312
v -0.00688 0.04860 0.02229
v -0.01071 0.04860 0.02389
v -0.02111 0.04860 0.01108
v -0.02219 0.04860 0.01122
v -0.01109 0.04860 0.02298
v -0.01403 0.04860 0.01592
v -0.02025 0.04860 0.01041
v -0.02320 0.04860 0.01081
v -0.02165 0.04860 0.00706
v -0.02065 0.04860 0.00747
v -0.02118 0.04860 -0.00124
v -0.01998 0.04860 0.00833
v -0.01984 0.04860 0.00941
v -0.02386 0.04860 0.00995
v -0.02400 0.04860 0.00887
v -0.02359 0.04860 0.00787
v -0.02273 0.04860 0.00720
v -0.02612 0.04860 -0.01308
v -0.02413 0.04860 -0.00830
v -0.02229 0.04860 -0.01468
v 0.00852 0.04860 -0.02752
v 0.01051 0.04860 -0.02274
v 0.01345 0.04860 -0.01568
v 0.02061 0.04860 0.00148
v 0.02158 0.04860 -0.00672
v 0.02050 0.04860 -0.00658
v 0.01869 0.04860 -0.00893
v 0.01883 0.04860 -0.00785
v 0.01949 0.04860 -0.00699
v 0.02204 0.04860 -0.01033
v 0.02104 0.04860 -0.01074
v 0.01996 0.04860 -0.01060
v 0.01910 0.04860 -0.00993
v 0.02244 0.04860 -0.00738
v 0.02285 0.04860 -0.00839
v 0.02271 0.04860 -0.00947
v 0.02393 0.04860 0.00945
v 0.02096 0.04860 0.01068
v 0.02054 0.04860 0.01569
v 0.01968 0.04860 0.01635
v 0.01679 0.04860 0.01415
v 0.01721 0.04860 0.01314
v 0.01807 0.04860 0.01248
v 0.01914 0.04860 0.01233
v 0.01861 0.04860 0.01650
v 0.01760 0.04860 0.01608
v 0.01694 0.04860 0.01522
v 0.02015 0.04860 0.01275
v 0.02081 0.04860 0.01361
v 0.02096 0.04860 0.01468
v -0.00497 0.04860 0.02205
v -0.00455 0.04860 0.02104
v -0.00726 0.04860 0.02138
v 0.00513 0.04860 -0.02328
v 0.00754 0.04860 -0.02150
v 0.00498 0.04860 -0.02436
v 0.00555 0.04860 -0.02629
v 0.00432 0.04860 -0.02522
v 0.00332 0.04860 -0.02564
v 0.00471 0.04860 -0.02228
v 0.00385 0.04860 -0.02162
v -0.00623 0.04860 -0.01576
v 0.00278 0.04860 -0.02147
v 0.00177 0.04860 -0.02188
v 0.00111 0.04860 -0.02275
v -0.01735 0.04860 -0.00284
v -0.02029 0.04860 -0.00989
v -0.01020 0.04860 0.01433
v -0.00369 0.04860 0.02038
v 0.00681 0.04860 0.01552
v 0.02058 0.04860 0.00978
v 0.01764 0.04860 0.00272
v 0.01049 0.04860 -0.01445
v 0.02355 0.04860 0.00854
v 0.00224 0.04860 -0.02549
v -0.01580 0.04860 -0.01339
v -0.01621 0.04860 -0.01238
v -0.01707 0.04860 -0.01172
v -0.01815 0.04860 -0.01157
v -0.01916 0.04860 -0.01199
v -0.01982 0.04860 -0.01285
v -0.01996 0.04860 -0.01392
v -0.01955 0.04860 -0.01493
v -0.01869 0.04860 -0.01559
v -0.01761 0.04860 -0.01574
v -0.01661 0.04860 -0.01532
v -0.01594 0.04860 -0.01446
v 0.00235 0.03460 -0.00996
v 0.00127 0.03460 -0.00982
v 0.00026 0.03460 -0.01023
v -0.00040 0.03460 -0.01109
v -0.00054 0.03460 -0.01217
v -0.00013 0.03460 -0.01317
v 0.00073 0.03460 -0.01384
v -0.00134 0.03460 -0.00975
v 0.00002 0.03460 -0.00864
v 0.00175 0.03460 -0.00831
v 0.00292 0.03460 -0.00858
v 0.00321 0.03460 -0.01063
v 0.00394 0.03460 -0.00922
v 0.00362 0.03460 -0.01163
v 0.00493 0.03460 -0.01068
v 0.00348 0.03460 -0.01271
v 0.00510 0.03460 -0.01243
v 0.00442 0.03460 -0.01406
v 0.00281 0.03460 -0.01357
v 0.00306 0.03460 -0.01516
v 0.00181 0.03460 -0.01398
v 0.00133 0.03460 -0.01549
v 0.00015 0.03460 -0.01522
v -0.00087 0.03460 -0.01458
v -0.00185 0.03460 -0.01312
v -0.00202 0.03460 -0.01137
v -0.00873 0.03460 -0.00534
v -0.00981 0.03460 -0.00520
v -0.01081 0.03460 -0.00561
v -0.01147 0.03460 -0.00647
v -0.01162 0.03460 -0.00755
v -0.01121 0.03460 -0.00856
v -0.01034 0.03460 -0.00922
v -0.00760 0.03460 -0.00809
v -0.00665 0.03460 -0.00944
v -0.00826 0.03460 -0.00895
v -0.00802 0.03460 -0.01055
v -0.00927 0.03460 -0.00937
v -0.00975 0.03460 -0.01088
v -0.01092 0.03460 -0.01061
v -0.01194 0.03460 -0.00996
v -0.01292 0.03460 -0.00850
v -0.01310 0.03460 -0.00675
v -0.01242 0.03460 -0.00513
v -0.01105 0.03460 -0.00402
v -0.00933 0.03460 -0.00369
v -0.00815 0.03460 -0.00396
v -0.00787 0.03460 -0.00601
v -0.00713 0.03460 -0.00460
v -0.00745 0.03460 -0.00701
v -0.00615 0.03460 -0.00606
v -0.00598 0.03460 -0.00782
v -0.01027 0.03460 0.00656
v -0.01134 0.03460 0.00670
v -0.01235 0.03460 0.00629
v -0.01301 0.03460 0.00543
v -0.01316 0.03460 0.00435
v -0.01274 0.03460 0.00334
v -0.01188 0.03460 0.00268
v -0.01396 0.03460 0.00677
v -0.01259 0.03460 0.00788
v -0.01087 0.03460 0.00821
v -0.00969 0.03460 0.00794
v -0.00941 0.03460 0.00589
v -0.00867 0.03460 0.00730
v -0.00899 0.03460 0.00489
v -0.00769 0.03460 0.00584
v -0.00914 0.03460 0.00381
v -0.00751 0.03460 0.00409
v -0.00819 0.03460 0.00246
v -0.00980 0.03460 0.00295
v -0.00956 0.03460 0.00135
v -0.01081 0.03460 0.00254
v -0.01129 0.03460 0.00102
v -0.01246 0.03460 0.00130
v -0.01348 0.03460 0.00194
v -0.01446 0.03460 0.00340
v -0.01464 0.03460 0.00515
v -0.00073 0.03460 0.01384
v -0.00181 0.03460 0.01398
v -0.00281 0.03460 0.01357
v -0.00348 0.03460 0.01271
v -0.00362 0.03460 0.01163
v -0.00321 0.03460 0.01063
v -0.00235 0.03460 0.00996
v -0.00442 0.03460 0.01406
v -0.00306 0.03460 0.01517
v -0.00133 0.03460 0.01550
v -0.00015 0.03460 0.01522
v 0.00013 0.03460 0.01318
v 0.00087 0.03460 0.01458
v 0.00054 0.03460 0.01217
v 0.00185 0.03460 0.01312
v 0.00040 0.03460 0.01109
v 0.00202 0.03460 0.01137
v 0.00135 0.03460 0.00975
v -0.00026 0.03460 0.01023
v -0.00002 0.03460 0.00864
v -0.00127 0.03460 0.00982
v -0.00175 0.03460 0.00831
v -0.00292 0.03460 0.00858
v -0.00394 0.03460 0.00922
v -0.00493 0.03460 0.01068
v -0.00510 0.03460 0.01243
v 0.01035 0.03460 0.00922
v 0.00927 0.03460 0.00937
v 0.00826 0.03460 0.00895
v 0.00760 0.03460 0.00809
v 0.00745 0.03460 0.00701
v 0.00787 0.03460 0.00601
v 0.00873 0.03460 0.00535
v 0.00665 0.03460 0.00944
v 0.00802 0.03460 0.01055
v 0.00975 0.03460 0.01088
v 0.01092 0.03460 0.01061
v 0.01121 0.03460 0.00856
v 0.01194 0.03460 0.00996
v 0.01162 0.03460 0.00755
v 0.01292 0.03460 0.00850
v 0.01148 0.03460 0.00648
v 0.01310 0.03460 0.00675
v 0.01242 0.03460 0.00513
v 0.01081 0.03460 0.00561
v 0.01106 0.03460 0.00402
v 0.00981 0.03460 0.00520
v 0.00933 0.03460 0.00369
v 0.00815 0.03460 0.00396
v 0.00713 0.03460 0.00460
v 0.00615 0.03460 0.00606
v 0.00598 0.03460 0.00782
v 0.00385 0.03860 0.00923
v 0.00487 0.03860 0.00909
v 0.00583 0.03860 0.00949
v 0.00646 0.03860 0.01031
v 0.00660 0.03860 0.01133
v 0.00621 0.03860 0.01229
v 0.00539 0.03860 0.01292
v 0.00436 0.03860 0.01306
v 0.00340 0.03860 0.01267
v 0.00277 0.03860 0.01185
v 0.00263 0.03860 0.01082
v 0.00303 0.03860 0.00986
v -0.01267 0.03860 -0.00338
v -0.01164 0.03860 -0.00352
v -0.01069 0.03860 -0.00313
v -0.01005 0.03860 -0.00231
v -0.00992 0.03860 -0.00128
v -0.01031 0.03860 -0.00032
v -0.01113 0.03860 0.00031
v -0.01216 0.03860 0.00045
v -0.01311 0.03860 0.00005
v -0.01375 0.03860 -0.00077
v -0.01388 0.03860 -0.00179
v -0.01349 0.03860 -0.00275
v 0.00651 0.03860 -0.01138
v 0.00754 0.03860 -0.01152
v 0.00850 0.03860 -0.01113
v 0.00913 0.03860 -0.01031
v 0.00927 0.03860 -0.00928
v 0.00887 0.03860 -0.00832
v 0.00805 0.03860 -0.00769
v 0.00703 0.03860 -0.00755
v 0.00607 0.03860 -0.00795
v 0.00544 0.03860 -0.00877
v 0.00530 0.03860 -0.00979
v 0.00569 0.03860 -0.01075
v -0.00577 0.03360 0.00241
v -0.00577 0.03160 0.00241
v -0.00486 0.03160 0.00393
v -0.00486 0.03360 0.00393
v -0.00355 0.03160 0.00514
v -0.00355 0.03360 0.00514
v -0.00196 0.03160 0.00594
v -0.00196 0.03360 0.00594
v -0.00021 0.03160 0.00625
v -0.00021 0.03360 0.00625
v 0.00156 0.03160 0.00605
v 0.00156 0.03360 0.00605
v 0.00320 0.03160 0.00537
v 0.00320 0.03360 0.00537
v 0.00458 0.03160 0.00425
v 0.00458 0.03360 0.00425
v 0.00560 0.03160 0.00279
v 0.00560 0.03360 0.00279
v 0.00615 0.03160 0.00110
v 0.00615 0.03360 0.00110
v 0.00621 0.03160 -0.00068
v 0.00621 0.03360 -0.00068
v 0.00577 0.03160 -0.00240
v 0.00577 0.03360 -0.00240
v 0.00486 0.03160 -0.00393
v 0.00486 0.03360 -0.00393
v 0.00355 0.03160 -0.00514
v 0.00355 0.03360 -0.00514
v 0.00196 0.03160 -0.00593
v 0.00196 0.03360 -0.00593
v 0.00021 0.03160 -0.00625
v 0.00021 0.03360 -0.00625
v -0.00156 0.03160 -0.00605
v -0.00156 0.03360 -0.00605
v -0.00320 0.03160 -0.00537
v -0.00320 0.03360 -0.00537
v -0.00458 0.03160 -0.00425
v -0.00458 0.03360 -0.00425
v -0.00559 0.03160 -0.00278
v -0.00559 0.03360 -0.00278
v -0.00615 0.03160 -0.00110
v -0.00615 0.03360 -0.00110
v -0.00621 0.03160 0.00068
v -0.00621 0.03360 0.00068
v 0.00485 0.03460 -0.00202
v 0.00408 0.03460 -0.00330
v 0.00298 0.03460 -0.00432
v 0.00165 0.03460 -0.00498
v 0.00018 0.03460 -0.00525
v -0.00131 0.03460 -0.00508
v -0.00269 0.03460 -0.00451
v -0.00385 0.03460 -0.00357
v -0.00470 0.03460 -0.00234
v -0.00517 0.03460 -0.00092
v -0.00522 0.03460 0.00057
v -0.00485 0.03460 0.00202
v -0.00017 0.03460 0.00525
v 0.00131 0.03460 0.00508
v 0.00269 0.03460 0.00451
v 0.00385 0.03460 0.00357
v 0.00470 0.03460 0.00234
v 0.00522 0.03460 -0.00057
v -0.00165 0.03460 0.00499
v 0.00517 0.03460 0.00092
v -0.00298 0.03460 0.00432
v -0.00408 0.03460 0.00330
v -0.00018 0.03160 0.01037
v 0.00035 0.03160 0.01111
v 0.00037 0.03160 0.00875
v -0.00555 0.03160 -0.00546
v 0.00702 0.03160 0.00598
v -0.00153 0.03160 -0.01894
v 0.00034 0.03160 -0.01002
v 0.00320 0.03160 -0.01122
v -0.01894 0.03160 -0.00145
v -0.01804 0.03160 -0.00236
v -0.01849 0.03160 -0.00439
v 0.01237 0.03160 0.01442
v 0.01448 0.03160 0.01231
v 0.01182 0.03160 0.00945
v 0.01312 0.03160 -0.00451
v 0.01287 0.03160 -0.00363
v 0.01339 0.03160 -0.00236
v 0.01618 0.03160 -0.00996
v 0.01244 0.03160 -0.00615
v 0.01754 0.03160 -0.00731
v 0.01297 0.03160 -0.00541
v 0.01846 0.03160 -0.00448
v 0.01894 0.03160 -0.00153
v 0.01541 0.03160 0.00248
v 0.01622 0.03160 0.00989
v 0.01757 0.03160 0.00723
v 0.01736 0.03160 0.00714
v 0.01849 0.03160 0.00439
v 0.01895 0.03160 0.00145
v 0.00997 0.03160 0.01618
v 0.00896 0.03160 0.01064
v 0.00672 0.03160 0.01119
v 0.00448 0.03160 0.01846
v 0.00231 0.03160 0.01341
v 0.00153 0.03160 0.01894
v -0.00243 0.03160 0.01539
v -0.00145 0.03160 0.01895
v -0.00439 0.03160 0.01849
v -0.00438 0.03160 0.01073
v -0.00989 0.03160 0.01622
v -0.00723 0.03160 0.01757
v -0.01231 0.03160 0.01448
v -0.01137 0.03160 0.01365
v -0.01442 0.03160 0.01237
v -0.01339 0.03160 0.00881
v -0.01618 0.03160 0.00997
v -0.01754 0.03160 0.00731
v -0.01568 0.03160 0.00331
v -0.01846 0.03160 0.00448
v -0.01730 0.03160 -0.00056
v -0.01894 0.03160 0.00153
v -0.01757 0.03160 -0.00723
v -0.01105 0.03160 -0.00527
v -0.01622 0.03160 -0.00989
v -0.01448 0.03160 -0.01231
v -0.01143 0.03160 -0.00649
v -0.01158 0.03160 -0.00739
v -0.01133 0.03160 -0.00827
v -0.01073 0.03160 -0.00895
v -0.01237 0.03160 -0.01442
v -0.00988 0.03160 -0.00930
v -0.01001 0.03160 -0.01615
v -0.00897 0.03160 -0.00925
v -0.00817 0.03160 -0.00881
v -0.00764 0.03160 -0.00807
v -0.00630 0.03160 -0.00725
v -0.00749 0.03160 -0.00717
v -0.00774 0.03160 -0.00630
v -0.00252 0.03160 -0.01096
v -0.00278 0.03160 -0.01006
v -0.00340 0.03160 -0.00937
v -0.00426 0.03160 -0.00901
v -0.00519 0.03160 -0.00906
v -0.00601 0.03160 -0.00951
v -0.00656 0.03160 -0.01027
v -0.00497 0.03160 -0.01314
v -0.00404 0.03160 -0.01309
v -0.00322 0.03160 -0.01264
v -0.00268 0.03160 -0.01188
v -0.00671 0.03160 -0.01119
v -0.00646 0.03160 -0.01209
v -0.00996 0.03160 -0.01618
v -0.00584 0.03160 -0.01279
v -0.00731 0.03160 -0.01754
v -0.00448 0.03160 -0.01846
v 0.00723 0.03160 -0.01757
v 0.00439 0.03160 -0.01849
v 0.00145 0.03160 -0.01894
v 0.00989 0.03160 -0.01622
v 0.00874 0.03160 -0.01353
v 0.01231 0.03160 -0.01448
v 0.00949 0.03160 -0.01173
v 0.01442 0.03160 -0.01237
v 0.01110 0.03160 -0.00785
v 0.01164 0.03160 -0.00659
v -0.00640 0.03160 0.00589
v -0.00869 0.03160 0.00040
v 0.00786 0.03160 -0.00005
v 0.00557 0.03160 -0.00554
v 0.00109 0.03160 -0.00823
v 0.00395 0.03160 -0.00942
v -0.01030 0.03160 -0.00348
v 0.00938 0.03160 -0.00942
v 0.00912 0.03160 -0.00852
v 0.00850 0.03160 -0.00783
v 0.00764 0.03160 -0.00747
v 0.00671 0.03160 -0.00752
v 0.00589 0.03160 -0.00797
v 0.00535 0.03160 -0.00873
v 0.00519 0.03160 -0.00965
v 0.00922 0.03160 -0.01034
v 0.00544 0.03160 -0.01055
v 0.00606 0.03160 -0.01125
v 0.00693 0.03160 -0.01161
v 0.00786 0.03160 -0.01156
v 0.00868 0.03160 -0.01111
v 0.00646 0.03160 0.01209
v 0.00584 0.03160 0.01279
v 0.00731 0.03160 0.01754
v 0.00497 0.03160 0.01315
v 0.00404 0.03160 0.01310
v 0.00322 0.03160 0.01265
v 0.00268 0.03160 0.01188
v 0.00252 0.03160 0.01096
v 0.00278 0.03160 0.01006
v 0.00340 0.03160 0.00937
v 0.00426 0.03160 0.00901
v 0.00519 0.03160 0.00906
v 0.00601 0.03160 0.00951
v 0.00656 0.03160 0.01027
v -0.01006 0.03160 -0.00053
v -0.01068 0.03160 0.00017
v -0.01154 0.03160 0.00053
v -0.01248 0.03160 0.00048
v -0.01330 0.03160 0.00003
v -0.01384 0.03160 -0.00073
v -0.00996 0.03160 -0.00235
v -0.00980 0.03160 -0.00143
v -0.01400 0.03160 -0.00165
v -0.01132 0.03160 -0.00356
v -0.01050 0.03160 -0.00311
v -0.01374 0.03160 -0.00255
v -0.01312 0.03160 -0.00325
v -0.01226 0.03160 -0.00361
v -0.00835 0.03160 -0.00561
v -0.00919 0.03160 -0.00526
v -0.01010 0.03160 -0.00531
v -0.01090 0.03160 -0.00575
v 0.01227 0.03160 -0.00295
v 0.01142 0.03160 -0.00260
v 0.01051 0.03160 -0.00265
v 0.00971 0.03160 -0.00309
v 0.00918 0.03160 -0.00383
v 0.00903 0.03160 -0.00473
v 0.00928 0.03160 -0.00560
v 0.00989 0.03160 -0.00629
v 0.01073 0.03160 -0.00664
v 0.01226 0.03160 0.00361
v 0.01132 0.03160 0.00356
v 0.00988 0.03160 0.00479
v 0.01374 0.03160 0.00255
v 0.01312 0.03160 0.00325
v 0.01248 0.03160 -0.00048
v 0.01330 0.03160 -0.00003
v 0.01384 0.03160 0.00073
v 0.01400 0.03160 0.00165
v 0.00980 0.03160 0.00143
v 0.00996 0.03160 0.00235
v 0.01051 0.03160 0.00311
v 0.01006 0.03160 0.00053
v 0.01068 0.03160 -0.00017
v 0.01154 0.03160 -0.00053
v -0.00693 0.03160 0.01161
v -0.00786 0.03160 0.01156
v -0.00544 0.03160 0.01055
v -0.00606 0.03160 0.01125
v -0.00589 0.03160 0.00797
v -0.00534 0.03160 0.00873
v -0.00519 0.03160 0.00965
v -0.00868 0.03160 0.01111
v -0.00922 0.03160 0.01035
v -0.00938 0.03160 0.00942
v -0.00912 0.03160 0.00853
v -0.00850 0.03160 0.00783
v -0.00764 0.03160 0.00747
v -0.00671 0.03160 0.00752
v 0.00051 0.03160 0.01201
v -0.00333 0.03160 0.01091
v -0.00273 0.03160 0.01023
v -0.00189 0.03160 0.00988
v -0.00098 0.03160 0.00993
v 0.00026 0.03160 0.01289
v -0.00035 0.03160 0.01357
v -0.00119 0.03160 0.01392
v -0.00210 0.03160 0.01387
v -0.00290 0.03160 0.01343
v -0.00343 0.03160 0.01269
v -0.00359 0.03160 0.01179
v -0.01800 0.03110 0.00750
v -0.01660 0.03110 0.01023
v -0.01480 0.03110 0.01270
v -0.01263 0.03110 0.01486
v -0.01015 0.03110 0.01665
v -0.00742 0.03110 0.01803
v -0.00451 0.03110 0.01897
v -0.00148 0.03110 0.01944
v 0.00158 0.03110 0.01944
v 0.00460 0.03110 0.01895
v 0.00750 0.03110 0.01800
v 0.01023 0.03110 0.01660
v 0.01270 0.03110 0.01480
v 0.01486 0.03110 0.01263
v 0.01665 0.03110 0.01015
v 0.01803 0.03110 0.00742
v 0.01897 0.03110 0.00451
v 0.01944 0.03110 0.00149
v 0.01944 0.03110 -0.00157
v 0.01895 0.03110 -0.00460
v 0.01800 0.03110 -0.00750
v -0.01023 0.03110 -0.01660
v -0.00750 0.03110 -0.01800
v -0.00460 0.03110 -0.01895
v -0.00157 0.03110 -0.01944
v 0.00149 0.03110 -0.01944
v 0.00451 0.03110 -0.01897
v 0.00742 0.03110 -0.01803
v 0.01015 0.03110 -0.01665
v 0.01263 0.03110 -0.01486
v 0.01480 0.03110 -0.01270
v 0.01660 0.03110 -0.01023
v -0.01270 0.03110 -0.01480
v -0.01486 0.03110 -0.01263
v -0.01665 0.03110 -0.01015
v -0.01803 0.03110 -0.00742
v -0.01897 0.03110 -0.00451
v -0.01944 0.03110 -0.00148
v -0.01944 0.03110 0.00158
v -0.01895 0.03110 0.00460
v 0.01800 0.02950 -0.00750
v 0.01660 0.02950 -0.01023
v 0.01480 0.02950 -0.01270
v 0.01263 0.02950 -0.01486
v 0.01015 0.02950 -0.01665
v 0.00742 0.02950 -0.01803
v 0.00451 0.02950 -0.01897
v 0.00149 0.02950 -0.01944
v -0.00157 0.02950 -0.01944
v -0.00460 0.02950 -0.01895
v -0.00750 0.02950 -0.01800
v -0.01023 0.02950 -0.01660
v -0.01270 0.02950 -0.01480
v -0.01486 0.02950 -0.01263
v -0.01665 0.02950 -0.01015
v -0.01803 0.02950 -0.00742
v -0.01897 0.02950 -0.00451
v -0.01944 0.02950 -0.00148
v -0.01944 0.02950 0.00158
v -0.01895 0.02950 0.00460
v -0.01800 0.02950 0.00750
v -0.01660 0.02950 0.01023
v -0.01480 0.02950 0.01270
v -0.01263 0.02950 0.01486
v -0.01015 0.02950 0.01665
v -0.00742 0.02950 0.01803
v -0.00451 0.02950 0.01897
v -0.00148 0.02950 0.01944
v 0.00158 0.02950 0.01944
v 0.00460 0.02950 0.01895
v 0.00750 0.02950 0.01800
v 0.01023 0.02950 0.01660
v 0.01270 0.02950 0.01480
v 0.01486 0.02950 0.01263
v 0.01665 0.02950 0.01015
v 0.01803 0.02950 0.00742
v 0.01897 0.02950 0.00451
v 0.01944 0.02950 0.00149
v 0.01944 0.02950 -0.00157
v 0.01895 0.02950 -0.00460
v 0.01754 0.02900 -0.00731
v 0.01846 0.02900 -0.00448
v 0.01894 0.02900 -0.00153
v 0.01895 0.02900 0.00145
v 0.01849 0.02900 0.00439
v 0.01757 0.02900 0.00723
v 0.01622 0.02900 0.00989
v 0.01448 0.02900 0.01231
v 0.01237 0.02900 0.01442
v 0.00997 0.02900 0.01618
v 0.00731 0.02900 0.01754
v 0.00448 0.02900 0.01846
v 0.00153 0.02900 0.01894
v -0.00145 0.02900 0.01895
v -0.00439 0.02900 0.01849
v -0.00723 0.02900 0.01757
v -0.00989 0.02900 0.01622
v -0.01231 0.02900 0.01448
v -0.01442 0.02900 0.01237
v -0.01618 0.02900 0.00997
v -0.01754 0.02900 0.00731
v -0.01846 0.02900 0.00448
v -0.01894 0.02900 0.00153
v -0.01894 0.02900 -0.00145
v -0.01849 0.02900 -0.00439
v -0.01757 0.02900 -0.00723
v -0.01622 0.02900 -0.00989
v -0.01448 0.02900 -0.01231
v -0.01237 0.02900 -0.01442
v -0.01001 0.02900 -0.01615
v -0.00996 0.02900 -0.01618
v -0.00731 0.02900 -0.01754
v -0.00448 0.02900 -0.01846
v -0.00153 0.02900 -0.01894
v 0.00145 0.02900 -0.01894
v 0.00439 0.02900 -0.01849
v 0.00723 0.02900 -0.01757
v 0.00989 0.02900 -0.01622
v 0.01231 0.02900 -0.01448
v 0.01442 0.02900 -0.01237
v 0.01618 0.02900 -0.00996
v 0.00505 0.02900 -0.00409
v 0.00370 0.02900 -0.00535
v 0.00568 0.02900 -0.00559
v 0.01736 0.02900 0.00714
v -0.00243 0.02900 0.01539
v -0.01568 0.02900 0.00331
v -0.01339 0.02900 0.00881
v -0.01137 0.02900 0.01365
v -0.00438 0.02900 0.01073
v 0.00322 0.02900 0.01265
v 0.00231 0.02900 0.01341
v 0.00404 0.02900 0.01310
v 0.00497 0.02900 0.01315
v 0.00584 0.02900 0.01279
v 0.00646 0.02900 0.01209
v 0.00908 0.02900 0.01060
v 0.01193 0.02900 0.00940
v 0.01541 0.02900 0.00248
v 0.01339 0.02900 -0.00236
v 0.01110 0.02900 -0.00785
v 0.00944 0.02900 -0.01184
v 0.00874 0.02900 -0.01353
v -0.00519 0.02900 -0.00906
v -0.00426 0.02900 -0.00901
v -0.00630 0.02900 -0.00725
v -0.00340 0.02900 -0.00937
v 0.00046 0.02900 -0.01007
v -0.00278 0.02900 -0.01006
v -0.00252 0.02900 -0.01096
v -0.00268 0.02900 -0.01188
v -0.00584 0.02900 -0.01279
v -0.00646 0.02900 -0.01209
v 0.00332 0.02900 -0.01126
v -0.00671 0.02900 -0.01119
v -0.00656 0.02900 -0.01027
v -0.00601 0.02900 -0.00951
v -0.00322 0.02900 -0.01264
v -0.00404 0.02900 -0.01309
v -0.00497 0.02900 -0.01314
v -0.00897 0.02900 -0.00925
v -0.00988 0.02900 -0.00930
v -0.01073 0.02900 -0.00895
v -0.01133 0.02900 -0.00827
v -0.01158 0.02900 -0.00739
v -0.00774 0.02900 -0.00630
v -0.00749 0.02900 -0.00717
v -0.00764 0.02900 -0.00807
v -0.00817 0.02900 -0.00881
v -0.01143 0.02900 -0.00649
v -0.01105 0.02900 -0.00527
v -0.01804 0.02900 -0.00236
v -0.01734 0.02900 -0.00068
v 0.00589 0.02900 -0.00797
v 0.00671 0.02900 -0.00752
v 0.00544 0.02900 -0.01055
v 0.00519 0.02900 -0.00965
v 0.00402 0.02900 -0.00958
v 0.00535 0.02900 -0.00873
v 0.00764 0.02900 -0.00747
v 0.00850 0.02900 -0.00783
v 0.00912 0.02900 -0.00852
v 0.00938 0.02900 -0.00942
v 0.00922 0.02900 -0.01034
v 0.00868 0.02900 -0.01111
v 0.00786 0.02900 -0.01156
v 0.00693 0.02900 -0.01161
v 0.00606 0.02900 -0.01125
v 0.00713 0.02900 0.00593
v 0.00519 0.02900 0.00906
v 0.00426 0.02900 0.00901
v 0.00672 0.02900 0.01119
v 0.00656 0.02900 0.01027
v 0.00601 0.02900 0.00951
v 0.00037 0.02900 0.00875
v 0.00252 0.02900 0.01096
v 0.00268 0.02900 0.01188
v 0.00340 0.02900 0.00937
v 0.00278 0.02900 0.01006
v -0.01330 0.02900 0.00003
v -0.01384 0.02900 -0.00073
v -0.01400 0.02900 -0.00165
v -0.01374 0.02900 -0.00255
v -0.01248 0.02900 0.00048
v -0.01154 0.02900 0.00053
v -0.00869 0.02900 0.00040
v -0.01068 0.02900 0.00017
v -0.01006 0.02900 -0.00053
v -0.00980 0.02900 -0.00143
v -0.00996 0.02900 -0.00235
v -0.01035 0.02900 -0.00359
v -0.01050 0.02900 -0.00311
v -0.01132 0.02900 -0.00356
v -0.01226 0.02900 -0.00361
v -0.01312 0.02900 -0.00325
v -0.00835 0.02900 -0.00561
v -0.00560 0.02900 -0.00557
v -0.00919 0.02900 -0.00526
v -0.01010 0.02900 -0.00531
v -0.01090 0.02900 -0.00575
v 0.01287 0.02900 -0.00363
v 0.01312 0.02900 -0.00451
v 0.01297 0.02900 -0.00541
v 0.01244 0.02900 -0.00615
v 0.01164 0.02900 -0.00659
v 0.01073 0.02900 -0.00664
v 0.00989 0.02900 -0.00629
v 0.00928 0.02900 -0.00560
v 0.00903 0.02900 -0.00473
v 0.00918 0.02900 -0.00383
v 0.00797 0.02900 -0.00010
v 0.01142 0.02900 -0.00260
v 0.01227 0.02900 -0.00295
v 0.00971 0.02900 -0.00309
v 0.01051 0.02900 -0.00265
v 0.00600 0.02900 -0.00250
v 0.00646 0.02900 -0.00071
v 0.00640 0.02900 0.00114
v 0.00999 0.02900 0.00474
v 0.00582 0.02900 0.00290
v 0.00477 0.02900 0.00442
v 0.00333 0.02900 0.00558
v 0.00162 0.02900 0.00629
v -0.00600 0.02900 0.00250
v -0.00505 0.02900 0.00409
v -0.00640 0.02900 0.00589
v -0.00369 0.02900 0.00535
v -0.00204 0.02900 0.00617
v -0.00022 0.02900 0.00650
v -0.00477 0.02900 -0.00442
v -0.00582 0.02900 -0.00290
v -0.00640 0.02900 -0.00114
v -0.00646 0.02900 0.00071
v 0.00204 0.02900 -0.00617
v 0.00022 0.02900 -0.00650
v 0.00116 0.02900 -0.00839
v -0.00162 0.02900 -0.00629
v -0.00333 0.02900 -0.00558
v -0.00273 0.02900 0.01023
v -0.00333 0.02900 0.01091
v -0.00290 0.02900 0.01343
v -0.00343 0.02900 0.01269
v -0.00359 0.02900 0.01179
v -0.00210 0.02900 0.01387
v -0.00119 0.02900 0.01392
v -0.00035 0.02900 0.01357
v 0.00026 0.02900 0.01289
v -0.00189 0.02900 0.00988
v -0.00098 0.02900 0.00993
v 0.00051 0.02900 0.01201
v 0.00035 0.02900 0.01111
v -0.00018 0.02900 0.01037
v 0.01132 0.02900 0.00356
v 0.01226 0.02900 0.00361
v 0.01312 0.02900 0.00325
v 0.01374 0.02900 0.00255
v 0.01006 0.02900 0.00053
v 0.00980 0.02900 0.00143
v 0.00996 0.02900 0.00235
v 0.01051 0.02900 0.00311
v 0.01330 0.02900 -0.00003
v 0.01384 0.02900 0.00073
v 0.01400 0.02900 0.00165
v 0.01248 0.02900 -0.00048
v 0.01154 0.02900 -0.00053
v 0.01068 0.02900 -0.00017
v -0.00938 0.02900 0.00942
v -0.00922 0.02900 0.01035
v -0.00868 0.02900 0.01111
v -0.00786 0.02900 0.01156
v -0.00693 0.02900 0.01161
v -0.00606 0.02900 0.01125
v -0.00544 0.02900 0.01055
v -0.00519 0.02900 0.00965
v -0.00534 0.02900 0.00873
v -0.00589 0.02900 0.00797
v -0.00671 0.02900 0.00752
v -0.00764 0.02900 0.00747
v -0.00850 0.02900 0.00783
v -0.00912 0.02900 0.00853
v 0.00600 0.02700 -0.00250
v 0.00646 0.02700 -0.00071
v 0.00640 0.02700 0.00114
v 0.00582 0.02700 0.00290
v 0.00477 0.02700 0.00442
v 0.00333 0.02700 0.00558
v 0.00162 0.02700 0.00629
v -0.00022 0.02700 0.00650
v -0.00204 0.02700 0.00617
v -0.00369 0.02700 0.00535
v -0.00505 0.02700 0.00409
v -0.00600 0.02700 0.00250
v -0.00646 0.02700 0.00071
v -0.00640 0.02700 -0.00114
v -0.00582 0.02700 -0.00290
v -0.00477 0.02700 -0.00442
v -0.00333 0.02700 -0.00558
v -0.00162 0.02700 -0.00629
v 0.00022 0.02700 -0.00650
v 0.00204 0.02700 -0.00617
v 0.00370 0.02700 -0.00535
v 0.00505 0.02700 -0.00409
v -0.00508 0.02600 0.00212
v -0.00547 0.02600 0.00060
v -0.00541 0.02600 -0.00096
v -0.00492 0.02600 -0.00245
v -0.00403 0.02600 -0.00374
v -0.00282 0.02600 -0.00472
v -0.00137 0.02600 -0.00533
v 0.00018 0.02600 -0.00550
v 0.00173 0.02600 -0.00522
v 0.00313 0.02600 -0.00453
v 0.00428 0.02600 -0.00346
v 0.00508 0.02600 -0.00212
v 0.00547 0.02600 -0.00060
v 0.00542 0.02600 0.00096
v 0.00492 0.02600 0.00245
v 0.00403 0.02600 0.00374
v 0.00282 0.02600 0.00472
v 0.00137 0.02600 0.00533
v -0.00018 0.02600 0.00550
v -0.00172 0.02600 0.00522
v -0.00313 0.02600 0.00453
v -0.00427 0.02600 0.00346
v 0.02234 0.03093 0.04417
v 0.01905 0.03093 0.04569
v 0.02309 0.03061 0.04564
v 0.01968 0.03061 0.04721
v 0.01689 0.03648 0.04050
v 0.01714 0.03493 0.04111
v 0.01981 0.03648 0.03916
v 0.02011 0.03493 0.03975
v 0.02418 0.03648 0.03662
v 0.02454 0.03493 0.03717
v 0.02823 0.03648 0.03360
v 0.02865 0.03493 0.03411
v 0.03190 0.03648 0.03013
v 0.03238 0.03493 0.03059
v 0.03515 0.03648 0.02627
v 0.03568 0.03493 0.02666
v 0.03794 0.03648 0.02205
v 0.03851 0.03493 0.02239
v 0.04022 0.03648 0.01755
v 0.04083 0.03493 0.01781
v 0.04197 0.03648 0.01281
v 0.04261 0.03493 0.01300
v 0.04317 0.03648 0.00790
v 0.04382 0.03493 0.00802
v 0.04379 0.03648 0.00288
v 0.04445 0.03493 0.00293
v 0.04383 0.03648 -0.00217
v 0.04449 0.03493 -0.00220
v 0.04329 0.03648 -0.00719
v 0.04394 0.03493 -0.00730
v 0.04218 0.03648 -0.01212
v 0.04281 0.03493 -0.01230
v 0.04050 0.03648 -0.01689
v 0.04111 0.03493 -0.01714
v 0.03830 0.03648 -0.02143
v 0.03887 0.03493 -0.02175
v 0.03558 0.03648 -0.02569
v 0.03611 0.03493 -0.02608
v 0.03239 0.03648 -0.02961
v 0.03288 0.03493 -0.03005
v 0.02877 0.03648 -0.03313
v 0.02921 0.03493 -0.03363
v 0.02477 0.03648 -0.03622
v 0.02515 0.03493 -0.03677
v 0.02045 0.03648 -0.03883
v 0.02075 0.03493 -0.03941
v 0.01585 0.03648 -0.04092
v 0.01608 0.03493 -0.04154
v 0.01104 0.03648 -0.04247
v 0.01120 0.03493 -0.04311
v 0.00608 0.03648 -0.04346
v 0.00618 0.03493 -0.04411
v 0.00105 0.03648 -0.04387
v 0.00106 0.03493 -0.04453
v -0.00400 0.03648 -0.04370
v -0.00406 0.03493 -0.04436
v -0.00900 0.03648 -0.04295
v -0.00913 0.03493 -0.04360
v -0.01387 0.03648 -0.04163
v -0.01408 0.03493 -0.04226
v -0.01714 0.03493 -0.04111
v -0.01689 0.03648 -0.04050
v -0.01968 0.03061 -0.04721
v -0.01905 0.03093 -0.04569
v -0.01617 0.03061 -0.04853
v -0.01565 0.03093 -0.04696
v -0.01049 0.03061 -0.05006
v -0.01015 0.03093 -0.04845
v -0.00466 0.03061 -0.05094
v -0.00451 0.03093 -0.04929
v 0.00122 0.03061 -0.05114
v 0.00118 0.03093 -0.04949
v 0.00709 0.03061 -0.05066
v 0.00686 0.03093 -0.04902
v 0.01287 0.03061 -0.04951
v 0.01245 0.03093 -0.04791
v 0.01847 0.03061 -0.04770
v 0.01787 0.03093 -0.04616
v 0.02383 0.03061 -0.04526
v 0.02306 0.03093 -0.04380
v 0.02888 0.03061 -0.04222
v 0.02794 0.03093 -0.04086
v 0.03354 0.03061 -0.03862
v 0.03246 0.03093 -0.03738
v 0.03775 0.03061 -0.03451
v 0.03654 0.03093 -0.03340
v 0.04147 0.03061 -0.02994
v 0.04013 0.03093 -0.02898
v 0.04464 0.03061 -0.02498
v 0.04320 0.03093 -0.02417
v 0.04569 0.03093 -0.01905
v 0.02727 0.03093 0.04131
v 0.02818 0.03061 0.04269
v 0.03184 0.03093 0.03790
v 0.03290 0.03061 0.03917
v 0.03599 0.03093 0.03399
v 0.03718 0.03061 0.03512
v 0.03965 0.03093 0.02963
v 0.04098 0.03061 0.03062
v 0.04280 0.03093 0.02488
v 0.04422 0.03061 0.02571
v 0.04537 0.03093 0.01979
v 0.04688 0.03061 0.02045
v 0.04735 0.03093 0.01445
v 0.04892 0.03061 0.01493
v 0.04869 0.03093 0.00891
v 0.05032 0.03061 0.00921
v 0.04939 0.03093 0.00325
v 0.05104 0.03061 0.00336
v 0.04944 0.03093 -0.00245
v 0.05109 0.03061 -0.00253
v 0.04883 0.03093 -0.00811
v 0.05046 0.03061 -0.00838
v 0.04758 0.03093 -0.01367
v 0.04916 0.03061 -0.01413
v 0.04721 0.03061 -0.01968
v -0.01829 0.03182 -0.04386
v -0.01502 0.03182 -0.04508
v -0.00974 0.03182 -0.04651
v -0.00433 0.03182 -0.04732
v 0.00114 0.03182 -0.04751
v 0.00659 0.03182 -0.04706
v 0.01195 0.03182 -0.04599
v 0.01716 0.03182 -0.04431
v 0.02214 0.03182 -0.04205
v 0.02683 0.03182 -0.03922
v 0.03116 0.03182 -0.03588
v 0.03507 0.03182 -0.03206
v 0.03853 0.03182 -0.02782
v 0.04147 0.03182 -0.02321
v 0.04386 0.03182 -0.01829
v 0.04567 0.03182 -0.01312
v 0.04688 0.03182 -0.00779
v 0.04746 0.03182 -0.00235
v 0.04742 0.03182 0.00312
v 0.04674 0.03182 0.00855
v 0.04545 0.03182 0.01387
v 0.04356 0.03182 0.01900
v 0.04108 0.03182 0.02388
v 0.03807 0.03182 0.02844
v 0.03454 0.03182 0.03263
v 0.03057 0.03182 0.03639
v 0.02618 0.03182 0.03966
v 0.02145 0.03182 0.04240
v 0.01829 0.03182 0.04386
v -0.01764 0.03318 -0.04230
v -0.01449 0.03318 -0.04348
v -0.00940 0.03318 -0.04486
v -0.00418 0.03318 -0.04564
v 0.00109 0.03318 -0.04582
v 0.00635 0.03318 -0.04539
v 0.01153 0.03318 -0.04436
v 0.01655 0.03318 -0.04274
v 0.02135 0.03318 -0.04055
v 0.02587 0.03318 -0.03783
v 0.03005 0.03318 -0.03460
v 0.03383 0.03318 -0.03092
v 0.03716 0.03318 -0.02683
v 0.03999 0.03318 -0.02238
v 0.04230 0.03318 -0.01764
v 0.04405 0.03318 -0.01266
v 0.04521 0.03318 -0.00751
v 0.04577 0.03318 -0.00226
v 0.04573 0.03318 0.00301
v 0.04508 0.03318 0.00825
v 0.04383 0.03318 0.01338
v 0.04201 0.03318 0.01832
v 0.03962 0.03318 0.02303
v 0.03671 0.03318 0.02743
v 0.03332 0.03318 0.03147
v 0.02948 0.03318 0.03509
v 0.02525 0.03318 0.03825
v 0.02069 0.03318 0.04090
v 0.01764 0.03318 0.04230
v 0.04224 0.03312 -0.01761
v 0.04108 0.03490 -0.01713
v 0.03971 0.03490 -0.02009
v 0.04382 0.03175 -0.01827
v 0.04084 0.03312 -0.02066
v 0.04567 0.03089 -0.01904
v 0.04236 0.03175 -0.02143
v 0.04415 0.03089 -0.02233
v 0.04129 0.03089 -0.02726
v 0.03789 0.03089 -0.03183
v 0.03398 0.03089 -0.03597
v 0.02962 0.03089 -0.03964
v 0.02487 0.03089 -0.04278
v 0.01978 0.03089 -0.04535
v 0.01444 0.03089 -0.04733
v 0.00891 0.03089 -0.04867
v 0.00325 0.03089 -0.04937
v -0.00244 0.03089 -0.04942
v -0.00811 0.03089 -0.04881
v -0.01366 0.03089 -0.04756
v -0.01904 0.03089 -0.04567
v -0.02416 0.03089 -0.04318
v -0.02309 0.03061 -0.04564
v -0.02897 0.03089 -0.04011
v -0.02818 0.03061 -0.04269
v -0.03338 0.03089 -0.03652
v -0.03290 0.03061 -0.03916
v -0.03736 0.03089 -0.03244
v -0.03718 0.03061 -0.03512
v -0.04084 0.03089 -0.02793
v -0.04097 0.03061 -0.03062
v -0.04378 0.03089 -0.02305
v -0.04422 0.03061 -0.02570
v -0.04614 0.03089 -0.01787
v -0.04688 0.03061 -0.02045
v -0.04789 0.03089 -0.01245
v -0.04892 0.03061 -0.01493
v -0.04900 0.03089 -0.00686
v -0.05031 0.03061 -0.00921
v -0.04947 0.03089 -0.00118
v -0.05104 0.03061 -0.00336
v -0.04927 0.03089 0.00451
v -0.05109 0.03061 0.00253
v -0.04843 0.03089 0.01015
v -0.05046 0.03061 0.00838
v -0.04694 0.03089 0.01564
v -0.04916 0.03061 0.01413
v -0.04567 0.03089 0.01904
v -0.04721 0.03061 0.01968
v -0.04218 0.03648 0.01212
v -0.04050 0.03648 0.01689
v -0.04107 0.03490 0.01713
v -0.04222 0.03490 0.01407
v -0.04356 0.03490 0.00912
v -0.04329 0.03648 0.00719
v -0.04432 0.03490 0.00406
v -0.04383 0.03648 0.00217
v -0.04449 0.03490 -0.00106
v -0.04379 0.03648 -0.00288
v -0.04407 0.03490 -0.00617
v -0.04317 0.03648 -0.00790
v -0.04307 0.03490 -0.01119
v -0.04197 0.03648 -0.01281
v -0.04150 0.03490 -0.01607
v -0.04022 0.03648 -0.01755
v -0.03938 0.03490 -0.02073
v -0.03794 0.03648 -0.02205
v -0.03673 0.03490 -0.02512
v -0.03515 0.03648 -0.02627
v -0.03360 0.03490 -0.02918
v -0.03190 0.03648 -0.03013
v -0.03003 0.03490 -0.03285
v -0.02823 0.03648 -0.03360
v -0.02605 0.03490 -0.03608
v -0.02418 0.03648 -0.03662
v -0.02173 0.03490 -0.03883
v -0.01981 0.03648 -0.03916
v -0.01713 0.03490 -0.04107
v -0.01229 0.03490 -0.04277
v -0.00729 0.03490 -0.04390
v -0.00220 0.03490 -0.04445
v 0.00293 0.03490 -0.04441
v 0.00801 0.03490 -0.04377
v 0.01299 0.03490 -0.04256
v 0.01779 0.03490 -0.04079
v 0.02236 0.03490 -0.03847
v 0.02664 0.03490 -0.03565
v 0.03056 0.03490 -0.03235
v 0.03408 0.03490 -0.02862
v 0.03714 0.03490 -0.02452
v 0.03962 0.03175 -0.02615
v 0.03635 0.03175 -0.03053
v 0.03260 0.03175 -0.03451
v 0.02841 0.03175 -0.03803
v 0.02386 0.03175 -0.04104
v 0.01898 0.03175 -0.04351
v 0.01385 0.03175 -0.04540
v 0.00854 0.03175 -0.04669
v 0.00312 0.03175 -0.04737
v -0.00234 0.03175 -0.04741
v -0.00778 0.03175 -0.04683
v -0.01311 0.03175 -0.04562
v -0.01827 0.03175 -0.04381
v -0.02318 0.03175 -0.04142
v -0.02779 0.03175 -0.03849
v -0.03203 0.03175 -0.03504
v -0.03584 0.03175 -0.03112
v -0.03918 0.03175 -0.02680
v -0.04200 0.03175 -0.02212
v -0.04427 0.03175 -0.01714
v -0.04594 0.03175 -0.01194
v -0.04701 0.03175 -0.00658
v -0.04746 0.03175 -0.00113
v -0.04727 0.03175 0.00433
v -0.04646 0.03175 0.00973
v -0.04503 0.03175 0.01501
v -0.04381 0.03175 0.01827
v 0.03820 0.03312 -0.02522
v 0.03504 0.03312 -0.02944
v 0.03143 0.03312 -0.03327
v 0.02740 0.03312 -0.03666
v 0.02300 0.03312 -0.03957
v 0.01830 0.03312 -0.04195
v 0.01336 0.03312 -0.04378
v 0.00824 0.03312 -0.04502
v 0.00301 0.03312 -0.04567
v -0.00226 0.03312 -0.04571
v -0.00750 0.03312 -0.04515
v -0.01264 0.03312 -0.04399
v -0.01761 0.03312 -0.04224
v -0.02235 0.03312 -0.03994
v -0.02679 0.03312 -0.03711
v -0.03088 0.03312 -0.03378
v -0.03456 0.03312 -0.03001
v -0.03778 0.03312 -0.02584
v -0.04050 0.03312 -0.02132
v -0.04268 0.03312 -0.01653
v -0.04430 0.03312 -0.01151
v -0.04533 0.03312 -0.00634
v -0.04575 0.03312 -0.00109
v -0.04558 0.03312 0.00417
v -0.04480 0.03312 0.00938
v -0.04342 0.03312 0.01447
v -0.04224 0.03312 0.01761
v 0.01408 0.03493 0.04226
v 0.01388 0.03648 0.04163
v 0.00913 0.03493 0.04360
v 0.00900 0.03648 0.04295
v 0.00406 0.03493 0.04436
v 0.00400 0.03648 0.04370
v -0.00106 0.03493 0.04453
v -0.00105 0.03648 0.04387
v -0.00617 0.03493 0.04411
v -0.00608 0.03648 0.04346
v -0.01120 0.03493 0.04311
v -0.01104 0.03648 0.04247
v -0.01608 0.03493 0.04154
v -0.01585 0.03648 0.04092
v -0.02075 0.03493 0.03942
v -0.02045 0.03648 0.03883
v -0.02515 0.03493 0.03677
v -0.02477 0.03648 0.03622
v -0.02920 0.03493 0.03363
v -0.02877 0.03648 0.03314
v -0.03288 0.03493 0.03006
v -0.03239 0.03648 0.02961
v -0.03611 0.03493 0.02608
v -0.03558 0.03648 0.02569
v -0.03887 0.03493 0.02175
v -0.03830 0.03648 0.02143
v -0.04111 0.03493 0.01714
v -0.04281 0.03493 0.01230
v -0.04394 0.03493 0.00730
v -0.04449 0.03493 0.00220
v -0.04445 0.03493 -0.00293
v -0.04382 0.03493 -0.00802
v -0.04260 0.03493 -0.01300
v -0.04083 0.03493 -0.01781
v -0.03851 0.03493 -0.02238
v -0.03568 0.03493 -0.02666
v -0.03238 0.03493 -0.03059
v -0.02865 0.03493 -0.03411
v -0.02454 0.03493 -0.03717
v -0.02011 0.03493 -0.03975
v 0.01617 0.03061 0.04853
v 0.01565 0.03093 0.04696
v 0.01049 0.03061 0.05006
v 0.01015 0.03093 0.04845
v 0.00466 0.03061 0.05094
v 0.00451 0.03093 0.04930
v -0.00122 0.03061 0.05114
v -0.00118 0.03093 0.04949
v -0.00709 0.03061 0.05066
v -0.00686 0.03093 0.04902
v -0.01287 0.03061 0.04951
v -0.01245 0.03093 0.04791
v -0.01847 0.03061 0.04770
v -0.01787 0.03093 0.04616
v -0.02383 0.03061 0.04526
v -0.02306 0.03093 0.04380
v -0.02887 0.03061 0.04222
v -0.02794 0.03093 0.04086
v -0.03354 0.03061 0.03862
v -0.03245 0.03093 0.03738
v -0.03775 0.03061 0.03451
v -0.03654 0.03093 0.03340
v -0.04147 0.03061 0.02994
v -0.04013 0.03093 0.02898
v -0.04464 0.03061 0.02498
v -0.04320 0.03093 0.02417
v -0.04569 0.03093 0.01905
v -0.04758 0.03093 0.01367
v -0.04883 0.03093 0.00811
v -0.04944 0.03093 0.00245
v -0.04939 0.03093 -0.00325
v -0.04869 0.03093 -0.00891
v -0.04735 0.03093 -0.01445
v -0.04537 0.03093 -0.01979
v -0.04280 0.03093 -0.02488
v -0.03965 0.03093 -0.02963
v -0.03599 0.03093 -0.03399
v -0.03184 0.03093 -0.03790
v -0.02727 0.03093 -0.04131
v -0.02234 0.03093 -0.04417
v 0.01502 0.03182 0.04508
v 0.00974 0.03182 0.04651
v 0.00433 0.03182 0.04732
v -0.00113 0.03182 0.04751
v -0.00659 0.03182 0.04706
v -0.01195 0.03182 0.04599
v -0.01716 0.03182 0.04431
v -0.02214 0.03182 0.04205
v -0.02682 0.03182 0.03922
v -0.03115 0.03182 0.03588
v -0.03507 0.03182 0.03206
v -0.03853 0.03182 0.02782
v -0.04147 0.03182 0.02321
v -0.04386 0.03182 0.01829
v -0.04567 0.03182 0.01312
v -0.04688 0.03182 0.00779
v -0.04746 0.03182 0.00235
v -0.04742 0.03182 -0.00312
v -0.04674 0.03182 -0.00855
v -0.04545 0.03182 -0.01387
v -0.04355 0.03182 -0.01900
v -0.04108 0.03182 -0.02388
v -0.03807 0.03182 -0.02844
v -0.03454 0.03182 -0.03263
v -0.03056 0.03182 -0.03638
v -0.02618 0.03182 -0.03966
v -0.02145 0.03182 -0.04240
v 0.01449 0.03318 0.04348
v 0.00940 0.03318 0.04486
v 0.00418 0.03318 0.04564
v -0.00109 0.03318 0.04582
v -0.00635 0.03318 0.04539
v -0.01153 0.03318 0.04436
v -0.01655 0.03318 0.04274
v -0.02135 0.03318 0.04055
v -0.02587 0.03318 0.03783
v -0.03005 0.03318 0.03460
v -0.03383 0.03318 0.03092
v -0.03716 0.03318 0.02683
v -0.03999 0.03318 0.02238
v -0.04230 0.03318 0.01764
v -0.04405 0.03318 0.01266
v -0.04521 0.03318 0.00751
v -0.04577 0.03318 0.00226
v -0.04573 0.03318 -0.00301
v -0.04508 0.03318 -0.00825
v -0.04383 0.03318 -0.01337
v -0.04201 0.03318 -0.01832
v -0.03962 0.03318 -0.02303
v -0.03671 0.03318 -0.02743
v -0.03332 0.03318 -0.03147
v -0.02948 0.03318 -0.03509
v -0.02525 0.03318 -0.03825
v -0.02069 0.03318 -0.04089
v -0.04415 0.03089 0.02233
v -0.04129 0.03089 0.02726
v -0.03789 0.03089 0.03183
v -0.03398 0.03089 0.03597
v -0.02962 0.03089 0.03964
v -0.02487 0.03089 0.04278
v -0.01978 0.03089 0.04535
v -0.01444 0.03089 0.04733
v -0.00890 0.03089 0.04867
v -0.00325 0.03089 0.04937
v 0.00245 0.03089 0.04942
v 0.00811 0.03089 0.04881
v 0.01367 0.03089 0.04756
v 0.01904 0.03089 0.04567
v 0.02416 0.03089 0.04318
v 0.02897 0.03089 0.04012
v 0.03339 0.03089 0.03652
v 0.03736 0.03089 0.03244
v 0.04084 0.03089 0.02793
v 0.04378 0.03089 0.02305
v 0.04614 0.03089 0.01787
v 0.04789 0.03089 0.01245
v 0.04900 0.03089 0.00686
v 0.04947 0.03089 0.00118
v 0.04927 0.03089 -0.00451
v 0.04843 0.03089 -0.01014
v 0.04694 0.03089 -0.01564
v 0.04222 0.03490 -0.01407
v 0.04356 0.03490 -0.00912
v 0.04432 0.03490 -0.00406
v 0.04449 0.03490 0.00106
v 0.04407 0.03490 0.00617
v 0.04307 0.03490 0.01119
v 0.04150 0.03490 0.01607
v 0.03938 0.03490 0.02073
v 0.03673 0.03490 0.02512
v 0.03360 0.03490 0.02918
v 0.03003 0.03490 0.03285
v 0.02605 0.03490 0.03608
v 0.02173 0.03490 0.03884
v 0.01713 0.03490 0.04108
v 0.01229 0.03490 0.04277
v 0.00729 0.03490 0.04390
v 0.00220 0.03490 0.04445
v -0.00292 0.03490 0.04441
v -0.00801 0.03490 0.04378
v -0.01299 0.03490 0.04257
v -0.01779 0.03490 0.04079
v -0.02236 0.03490 0.03847
v -0.02664 0.03490 0.03565
v -0.03056 0.03490 0.03235
v -0.03407 0.03490 0.02862
v -0.03714 0.03490 0.02452
v -0.03971 0.03490 0.02009
v -0.04084 0.03312 0.02066
v -0.04236 0.03175 0.02143
v -0.03962 0.03175 0.02615
v -0.03635 0.03175 0.03053
v -0.03260 0.03175 0.03451
v -0.02841 0.03175 0.03803
v -0.02386 0.03175 0.04104
v -0.01898 0.03175 0.04351
v -0.01385 0.03175 0.04540
v -0.00854 0.03175 0.04670
v -0.00312 0.03175 0.04737
v 0.00235 0.03175 0.04741
v 0.00778 0.03175 0.04683
v 0.01311 0.03175 0.04562
v 0.01827 0.03175 0.04382
v 0.02318 0.03175 0.04143
v 0.02779 0.03175 0.03849
v 0.03203 0.03175 0.03504
v 0.03584 0.03175 0.03112
v 0.03918 0.03175 0.02680
v 0.04200 0.03175 0.02212
v 0.04427 0.03175 0.01714
v 0.04594 0.03175 0.01194
v 0.04701 0.03175 0.00658
v 0.04746 0.03175 0.00113
v 0.04727 0.03175 -0.00433
v 0.04646 0.03175 -0.00973
v 0.04504 0.03175 -0.01501
v -0.03819 0.03312 0.02522
v -0.03504 0.03312 0.02944
v -0.03143 0.03312 0.03327
v -0.02740 0.03312 0.03666
v -0.02300 0.03312 0.03957
v -0.01830 0.03312 0.04195
v -0.01336 0.03312 0.04378
v -0.00824 0.03312 0.04502
v -0.00301 0.03312 0.04567
v 0.00226 0.03312 0.04571
v 0.00750 0.03312 0.04515
v 0.01264 0.03312 0.04399
v 0.01761 0.03312 0.04224
v 0.02235 0.03312 0.03994
v 0.02679 0.03312 0.03711
v 0.03088 0.03312 0.03378
v 0.03456 0.03312 0.03001
v 0.03778 0.03312 0.02584
v 0.04050 0.03312 0.02132
v 0.04268 0.03312 0.01653
v 0.04430 0.03312 0.01151
v 0.04533 0.03312 0.00634
v 0.04576 0.03312 0.00109
v 0.04558 0.03312 -0.00417
v 0.04480 0.03312 -0.00938
v 0.04342 0.03312 -0.01447
v 0.01905 0.07027 0.04569
v 0.01968 0.07059 0.04721
v 0.01565 0.07027 0.04696
v 0.01617 0.07059 0.04853
v 0.01015 0.07027 0.04845
v 0.01049 0.07059 0.05006
v 0.00451 0.07027 0.04930
v 0.00466 0.07059 0.05094
v -0.00118 0.07027 0.04949
v -0.00122 0.07059 0.05114
v -0.00686 0.07027 0.04902
v -0.00709 0.07059 0.05066
v -0.01245 0.07027 0.04791
v -0.01287 0.07059 0.04951
v -0.01787 0.07027 0.04616
v -0.01847 0.07059 0.04770
v -0.02306 0.07027 0.04380
v -0.02383 0.07059 0.04526
v -0.02794 0.07027 0.04086
v -0.02887 0.07059 0.04222
v -0.03245 0.07027 0.03738
v -0.03354 0.07059 0.03862
v -0.03654 0.07027 0.03340
v -0.03775 0.07059 0.03451
v -0.04013 0.07027 0.02898
v -0.04147 0.07059 0.02994
v -0.04320 0.07027 0.02417
v -0.04464 0.07059 0.02498
v -0.04569 0.07027 0.01905
v -0.04721 0.07059 0.01968
v -0.04758 0.07027 0.01367
v -0.04916 0.07059 0.01413
v -0.04883 0.07027 0.00811
v -0.05046 0.07059 0.00838
v -0.04944 0.07027 0.00245
v -0.05109 0.07059 0.00253
v -0.04939 0.07027 -0.00325
v -0.05104 0.07059 -0.00336
v -0.04869 0.07027 -0.00891
v -0.05031 0.07059 -0.00921
v -0.04735 0.07027 -0.01445
v -0.04892 0.07059 -0.01493
v -0.04537 0.07027 -0.01979
v -0.04688 0.07059 -0.02045
v -0.04280 0.07027 -0.02488
v -0.04422 0.07059 -0.02570
v -0.03965 0.07027 -0.02963
v -0.04097 0.07059 -0.03062
v -0.03599 0.07027 -0.03399
v -0.03718 0.07059 -0.03512
v -0.03184 0.07027 -0.03790
v -0.03290 0.07059 -0.03916
v -0.02727 0.07027 -0.04131
v -0.02818 0.07059 -0.04269
v -0.02234 0.07027 -0.04417
v -0.02309 0.07059 -0.04564
v -0.01905 0.07027 -0.04569
v -0.01968 0.07059 -0.04721
v 0.01689 0.06472 0.04050
v 0.01714 0.06627 0.04111
v 0.01388 0.06472 0.04163
v 0.01408 0.06627 0.04226
v 0.00900 0.06472 0.04295
v 0.00913 0.06627 0.04360
v 0.00400 0.06472 0.04370
v 0.00406 0.06627 0.04436
v -0.00105 0.06472 0.04387
v -0.00106 0.06627 0.04453
v -0.00608 0.06472 0.04346
v -0.00617 0.06627 0.04411
v -0.01104 0.06472 0.04247
v -0.01120 0.06627 0.04311
v -0.01585 0.06472 0.04092
v -0.01608 0.06627 0.04154
v -0.02045 0.06472 0.03883
v -0.02075 0.06627 0.03942
v -0.02477 0.06472 0.03622
v -0.02515 0.06627 0.03677
v -0.02877 0.06472 0.03314
v -0.02920 0.06627 0.03363
v -0.03239 0.06472 0.02961
v -0.03288 0.06627 0.03006
v -0.03558 0.06472 0.02569
v -0.03611 0.06627 0.02608
v -0.03830 0.06472 0.02143
v -0.03887 0.06627 0.02175
v -0.04050 0.06472 0.01689
v -0.04111 0.06627 0.01714
v -0.04218 0.06472 0.01212
v -0.04281 0.06627 0.01230
v -0.04329 0.06472 0.00719
v -0.04394 0.06627 0.00730
v -0.04383 0.06472 0.00217
v -0.04449 0.06627 0.00220
v -0.04379 0.06472 -0.00288
v -0.04445 0.06627 -0.00293
v -0.04317 0.06472 -0.00790
v -0.04382 0.06627 -0.00802
v -0.04197 0.06472 -0.01281
v -0.04260 0.06627 -0.01300
v -0.04022 0.06472 -0.01755
v -0.04083 0.06627 -0.01781
v -0.03794 0.06472 -0.02205
v -0.03851 0.06627 -0.02238
v -0.03515 0.06472 -0.02627
v -0.03568 0.06627 -0.02666
v -0.03190 0.06472 -0.03013
v -0.03238 0.06627 -0.03059
v -0.02823 0.06472 -0.03360
v -0.02865 0.06627 -0.03411
v -0.02418 0.06472 -0.03662
v -0.02454 0.06627 -0.03717
v -0.01981 0.06472 -0.03916
v -0.02011 0.06627 -0.03975
v -0.01689 0.06472 -0.04050
v -0.01714 0.06627 -0.04111
v 0.01764 0.06802 0.04230
v 0.01449 0.06802 0.04348
v 0.00940 0.06802 0.04486
v 0.00418 0.06802 0.04564
v -0.00109 0.06802 0.04582
v -0.00635 0.06802 0.04539
v -0.01153 0.06802 0.04436
v -0.01655 0.06802 0.04274
v -0.02135 0.06802 0.04055
v -0.02587 0.06802 0.03783
v -0.03005 0.06802 0.03460
v -0.03383 0.06802 0.03092
v -0.03716 0.06802 0.02683
v -0.03999 0.06802 0.02238
v -0.04230 0.06802 0.01764
v -0.04405 0.06802 0.01266
v -0.04521 0.06802 0.00751
v -0.04577 0.06802 0.00226
v -0.04573 0.06802 -0.00301
v -0.04508 0.06802 -0.00825
v -0.04383 0.06802 -0.01337
v -0.04201 0.06802 -0.01832
v -0.03962 0.06802 -0.02303
v -0.03671 0.06802 -0.02743
v -0.03332 0.06802 -0.03147
v -0.02948 0.06802 -0.03509
v -0.02525 0.06802 -0.03825
v -0.02069 0.06802 -0.04089
v -0.01764 0.06802 -0.04230
v 0.01829 0.06938 0.04386
v 0.01502 0.06938 0.04508
v 0.00974 0.06938 0.04651
v 0.00433 0.06938 0.04732
v -0.00113 0.06938 0.04751
v -0.00659 0.06938 0.04706
v -0.01195 0.06938 0.04599
v -0.01716 0.06938 0.04431
v -0.02214 0.06938 0.04205
v -0.02682 0.06938 0.03922
v -0.03115 0.06938 0.03588
v -0.03507 0.06938 0.03206
v -0.03853 0.06938 0.02782
v -0.04147 0.06938 0.02321
v -0.04386 0.06938 0.01829
v -0.04567 0.06938 0.01312
v -0.04688 0.06938 0.00779
v -0.04746 0.06938 0.00235
v -0.04742 0.06938 -0.00312
v -0.04674 0.06938 -0.00855
v -0.04545 0.06938 -0.01387
v -0.04355 0.06938 -0.01900
v -0.04108 0.06938 -0.02388
v -0.03807 0.06938 -0.02844
v -0.03454 0.06938 -0.03263
v -0.03056 0.06938 -0.03638
v -0.02618 0.06938 -0.03966
v -0.02145 0.06938 -0.04240
v -0.01829 0.06938 -0.04386
v -0.04224 0.06808 0.01761
v -0.04107 0.06630 0.01713
v -0.04222 0.06630 0.01407
v -0.04381 0.06945 0.01827
v -0.04342 0.06808 0.01447
v -0.04567 0.07032 0.01904
v -0.04503 0.06945 0.01501
v -0.04694 0.07032 0.01564
v -0.04843 0.07032 0.01015
v -0.04927 0.07032 0.00451
v -0.04947 0.07032 -0.00118
v -0.04900 0.07032 -0.00686
v -0.04789 0.07032 -0.01245
v -0.04614 0.07032 -0.01787
v -0.04378 0.07032 -0.02305
v -0.04084 0.07032 -0.02793
v -0.03736 0.07032 -0.03244
v -0.03338 0.07032 -0.03652
v -0.02897 0.07032 -0.04011
v -0.02416 0.07032 -0.04318
v -0.01904 0.07032 -0.04567
v -0.01366 0.07032 -0.04756
v -0.01617 0.07059 -0.04853
v -0.00811 0.07032 -0.04881
v -0.01049 0.07059 -0.05006
v -0.00244 0.07032 -0.04942
v -0.00466 0.07059 -0.05094
v 0.00325 0.07032 -0.04937
v 0.00122 0.07059 -0.05114
v 0.00891 0.07032 -0.04867
v 0.00709 0.07059 -0.05066
v 0.01444 0.07032 -0.04733
v 0.01287 0.07059 -0.04951
v 0.01978 0.07032 -0.04535
v 0.01847 0.07059 -0.04770
v 0.02487 0.07032 -0.04278
v 0.02383 0.07059 -0.04526
v 0.02962 0.07032 -0.03964
v 0.02888 0.07059 -0.04222
v 0.03398 0.07032 -0.03597
v 0.03354 0.07059 -0.03862
v 0.03789 0.07032 -0.03183
v 0.03775 0.07059 -0.03451
v 0.04129 0.07032 -0.02726
v 0.04147 0.07059 -0.02994
v 0.04415 0.07032 -0.02233
v 0.04464 0.07059 -0.02498
v 0.04567 0.07032 -0.01904
v 0.04721 0.07059 -0.01968
v 0.03830 0.06472 -0.02143
v 0.04050 0.06472 -0.01689
v 0.04108 0.06630 -0.01713
v 0.03971 0.06630 -0.02009
v 0.03714 0.06630 -0.02452
v 0.03558 0.06472 -0.02569
v 0.03408 0.06630 -0.02862
v 0.03239 0.06472 -0.02961
v 0.03056 0.06630 -0.03235
v 0.02877 0.06472 -0.03313
v 0.02664 0.06630 -0.03565
v 0.02477 0.06472 -0.03622
v 0.02236 0.06630 -0.03847
v 0.02045 0.06472 -0.03883
v 0.01779 0.06630 -0.04079
v 0.01585 0.06472 -0.04092
v 0.01299 0.06630 -0.04256
v 0.01104 0.06472 -0.04247
v 0.00801 0.06630 -0.04377
v 0.00608 0.06472 -0.04346
v 0.00293 0.06630 -0.04441
v 0.00105 0.06472 -0.04387
v -0.00220 0.06630 -0.04445
v -0.00400 0.06472 -0.04370
v -0.00729 0.06630 -0.04390
v -0.00900 0.06472 -0.04295
v -0.01229 0.06630 -0.04277
v -0.01387 0.06472 -0.04163
v -0.01713 0.06630 -0.04107
v -0.02173 0.06630 -0.03883
v -0.02605 0.06630 -0.03608
v -0.03003 0.06630 -0.03285
v -0.03360 0.06630 -0.02918
v -0.03673 0.06630 -0.02512
v -0.03938 0.06630 -0.02073
v -0.04150 0.06630 -0.01607
v -0.04307 0.06630 -0.01119
v -0.04407 0.06630 -0.00617
v -0.04449 0.06630 -0.00106
v -0.04432 0.06630 0.00406
v -0.04356 0.06630 0.00912
v -0.04646 0.06945 0.00973
v -0.04727 0.06945 0.00433
v -0.04746 0.06945 -0.00113
v -0.04701 0.06945 -0.00658
v -0.04594 0.06945 -0.01194
v -0.04427 0.06945 -0.01714
v -0.04200 0.06945 -0.02212
v -0.03918 0.06945 -0.02680
v -0.03584 0.06945 -0.03112
v -0.03203 0.06945 -0.03504
v -0.02779 0.06945 -0.03849
v -0.02318 0.06945 -0.04142
v -0.01827 0.06945 -0.04381
v -0.01311 0.06945 -0.04562
v -0.00778 0.06945 -0.04683
v -0.00234 0.06945 -0.04741
v 0.00312 0.06945 -0.04737
v 0.00854 0.06945 -0.04669
v 0.01385 0.06945 -0.04540
v 0.01898 0.06945 -0.04351
v 0.02386 0.06945 -0.04104
v 0.02841 0.06945 -0.03803
v 0.03260 0.06945 -0.03451
v 0.03635 0.06945 -0.03053
v 0.03962 0.06945 -0.02615
v 0.04236 0.06945 -0.02143
v 0.04382 0.06945 -0.01827
v -0.04480 0.06808 0.00938
v -0.04558 0.06808 0.00417
v -0.04575 0.06808 -0.00109
v -0.04533 0.06808 -0.00634
v -0.04430 0.06808 -0.01151
v -0.04268 0.06808 -0.01653
v -0.04050 0.06808 -0.02132
v -0.03778 0.06808 -0.02584
v -0.03456 0.06808 -0.03001
v -0.03088 0.06808 -0.03378
v -0.02679 0.06808 -0.03711
v -0.02235 0.06808 -0.03994
v -0.01761 0.06808 -0.04224
v -0.01264 0.06808 -0.04399
v -0.00750 0.06808 -0.04515
v -0.00226 0.06808 -0.04571
v 0.00301 0.06808 -0.04567
v 0.00824 0.06808 -0.04502
v 0.01336 0.06808 -0.04378
v 0.01830 0.06808 -0.04195
v 0.02300 0.06808 -0.03957
v 0.02740 0.06808 -0.03666
v 0.03143 0.06808 -0.03327
v 0.03504 0.06808 -0.02944
v 0.03820 0.06808 -0.02522
v 0.04084 0.06808 -0.02066
v 0.04224 0.06808 -0.01761
v 0.04694 0.07032 -0.01564
v 0.04916 0.07059 -0.01413
v 0.04843 0.07032 -0.01014
v 0.05046 0.07059 -0.00838
v 0.04927 0.07032 -0.00451
v 0.05109 0.07059 -0.00253
v 0.04947 0.07032 0.00118
v 0.05104 0.07059 0.00336
v 0.04900 0.07032 0.00686
v 0.05032 0.07059 0.00921
v 0.04789 0.07032 0.01245
v 0.04892 0.07059 0.01493
v 0.04614 0.07032 0.01787
v 0.04688 0.07059 0.02045
v 0.04378 0.07032 0.02305
v 0.04422 0.07059 0.02571
v 0.04084 0.07032 0.02793
v 0.04098 0.07059 0.03062
v 0.03736 0.07032 0.03244
v 0.03718 0.07059 0.03512
v 0.03339 0.07032 0.03652
v 0.03290 0.07059 0.03917
v 0.02897 0.07032 0.04012
v 0.02818 0.07059 0.04269
v 0.02416 0.07032 0.04318
v 0.02309 0.07059 0.04564
v 0.01904 0.07032 0.04567
v 0.01367 0.07032 0.04756
v 0.00811 0.07032 0.04881
v 0.00245 0.07032 0.04942
v -0.00325 0.07032 0.04937
v -0.00890 0.07032 0.04867
v -0.01444 0.07032 0.04733
v -0.01978 0.07032 0.04535
v -0.02487 0.07032 0.04278
v -0.02962 0.07032 0.03964
v -0.03398 0.07032 0.03597
v -0.03789 0.07032 0.03183
v -0.04129 0.07032 0.02726
v -0.04415 0.07032 0.02233
v -0.03971 0.06630 0.02009
v -0.03714 0.06630 0.02452
v -0.03407 0.06630 0.02862
v -0.03056 0.06630 0.03235
v -0.02664 0.06630 0.03565
v -0.02236 0.06630 0.03847
v -0.01779 0.06630 0.04079
v -0.01299 0.06630 0.04257
v -0.00801 0.06630 0.04378
v -0.00292 0.06630 0.04441
v 0.00220 0.06630 0.04445
v 0.00729 0.06630 0.04390
v 0.01229 0.06630 0.04277
v 0.01713 0.06630 0.04108
v 0.02173 0.06630 0.03884
v 0.01981 0.06472 0.03916
v 0.02605 0.06630 0.03608
v 0.02418 0.06472 0.03662
v 0.03003 0.06630 0.03285
v 0.02823 0.06472 0.03360
v 0.03360 0.06630 0.02918
v 0.03190 0.06472 0.03013
v 0.03673 0.06630 0.02512
v 0.03515 0.06472 0.02627
v 0.03938 0.06630 0.02073
v 0.03794 0.06472 0.02205
v 0.04150 0.06630 0.01607
v 0.04022 0.06472 0.01755
v 0.04307 0.06630 0.01119
v 0.04197 0.06472 0.01281
v 0.04407 0.06630 0.00617
v 0.04317 0.06472 0.00790
v 0.04449 0.06630 0.00106
v 0.04379 0.06472 0.00288
v 0.04432 0.06630 -0.00406
v 0.04383 0.06472 -0.00217
v 0.04356 0.06630 -0.00912
v 0.04329 0.06472 -0.00719
v 0.04222 0.06630 -0.01407
v 0.04218 0.06472 -0.01212
v 0.04342 0.06808 -0.01447
v 0.04504 0.06945 -0.01501
v 0.04646 0.06945 -0.00973
v 0.04727 0.06945 -0.00433
v 0.04746 0.06945 0.00113
v 0.04701 0.06945 0.00658
v 0.04594 0.06945 0.01194
v 0.04427 0.06945 0.01714
v 0.04200 0.06945 0.02212
v 0.03918 0.06945 0.02680
v 0.03584 0.06945 0.03112
v 0.03203 0.06945 0.03504
v 0.02779 0.06945 0.03849
v 0.02318 0.06945 0.04143
v 0.01827 0.06945 0.04382
v 0.01311 0.06945 0.04562
v 0.00778 0.06945 0.04683
v 0.00235 0.06945 0.04741
v -0.00312 0.06945 0.04737
v -0.00854 0.06945 0.04670
v -0.01385 0.06945 0.04540
v -0.01898 0.06945 0.04351
v -0.02386 0.06945 0.04104
v -0.02841 0.06945 0.03803
v -0.03260 0.06945 0.03451
v -0.03635 0.06945 0.03053
v -0.03962 0.06945 0.02615
v -0.04236 0.06945 0.02143
v 0.04480 0.06808 -0.00938
v 0.04558 0.06808 -0.00417
v 0.04576 0.06808 0.00109
v 0.04533 0.06808 0.00634
v 0.04430 0.06808 0.01151
v 0.04268 0.06808 0.01653
v 0.04050 0.06808 0.02132
v 0.03778 0.06808 0.02584
v 0.03456 0.06808 0.03001
v 0.03088 0.06808 0.03378
v 0.02679 0.06808 0.03711
v 0.02235 0.06808 0.03994
v 0.01761 0.06808 0.04224
v 0.01264 0.06808 0.04399
v 0.00750 0.06808 0.04515
v 0.00226 0.06808 0.04571
v -0.00301 0.06808 0.04567
v -0.00824 0.06808 0.04502
v -0.01336 0.06808 0.04378
v -0.01830 0.06808 0.04195
v -0.02300 0.06808 0.03957
v -0.02740 0.06808 0.03666
v -0.03143 0.06808 0.03327
v -0.03504 0.06808 0.02944
v -0.03819 0.06808 0.02522
v -0.04084 0.06808 0.02066
v -0.01565 0.07027 -0.04696
v -0.01015 0.07027 -0.04845
v -0.00451 0.07027 -0.04929
v 0.00118 0.07027 -0.04949
v 0.00686 0.07027 -0.04902
v 0.01245 0.07027 -0.04791
v 0.01787 0.07027 -0.04616
v 0.02306 0.07027 -0.04380
v 0.02794 0.07027 -0.04086
v 0.03246 0.07027 -0.03738
v 0.03654 0.07027 -0.03340
v 0.04013 0.07027 -0.02898
v 0.04320 0.07027 -0.02417
v 0.04569 0.07027 -0.01905
v 0.04758 0.07027 -0.01367
v 0.04883 0.07027 -0.00811
v 0.04944 0.07027 -0.00245
v 0.04939 0.07027 0.00325
v 0.04869 0.07027 0.00891
v 0.04735 0.07027 0.01445
v 0.04537 0.07027 0.01979
v 0.04280 0.07027 0.02488
v 0.03965 0.07027 0.02963
v 0.03599 0.07027 0.03399
v 0.03184 0.07027 0.03790
v 0.02727 0.07027 0.04131
v 0.02234 0.07027 0.04417
v -0.01408 0.06627 -0.04226
v -0.00913 0.06627 -0.04360
v -0.00406 0.06627 -0.04436
v 0.00106 0.06627 -0.04453
v 0.00618 0.06627 -0.04411
v 0.01120 0.06627 -0.04311
v 0.01608 0.06627 -0.04154
v 0.02075 0.06627 -0.03941
v 0.02515 0.06627 -0.03677
v 0.02921 0.06627 -0.03363
v 0.03288 0.06627 -0.03005
v 0.03611 0.06627 -0.02608
v 0.03887 0.06627 -0.02175
v 0.04111 0.06627 -0.01714
v 0.04281 0.06627 -0.01230
v 0.04394 0.06627 -0.00730
v 0.04449 0.06627 -0.00220
v 0.04445 0.06627 0.00293
v 0.04382 0.06627 0.00802
v 0.04261 0.06627 0.01300
v 0.04083 0.06627 0.01781
v 0.03851 0.06627 0.02239
v 0.03568 0.06627 0.02666
v 0.03238 0.06627 0.03059
v 0.02865 0.06627 0.03411
v 0.02454 0.06627 0.03717
v 0.02011 0.06627 0.03975
v -0.01449 0.06802 -0.04348
v -0.00940 0.06802 -0.04486
v -0.00418 0.06802 -0.04564
v 0.00109 0.06802 -0.04582
v 0.00635 0.06802 -0.04539
v 0.01153 0.06802 -0.04436
v 0.01655 0.06802 -0.04274
v 0.02135 0.06802 -0.04055
v 0.02587 0.06802 -0.03783
v 0.03005 0.06802 -0.03460
v 0.03383 0.06802 -0.03092
v 0.03716 0.06802 -0.02683
v 0.03999 0.06802 -0.02238
v 0.04230 0.06802 -0.01764
v 0.04405 0.06802 -0.01266
v 0.04521 0.06802 -0.00751
v 0.04577 0.06802 -0.00226
v 0.04573 0.06802 0.00301
v 0.04508 0.06802 0.00825
v 0.04383 0.06802 0.01338
v 0.04201 0.06802 0.01832
v 0.03962 0.06802 0.02303
v 0.03671 0.06802 0.02743
v 0.03332 0.06802 0.03147
v 0.02948 0.06802 0.03509
v 0.02525 0.06802 0.03825
v 0.02069 0.06802 0.04090
v -0.01502 0.06938 -0.04508
v -0.00974 0.06938 -0.04651
v -0.00433 0.06938 -0.04732
v 0.00114 0.06938 -0.04751
v 0.00659 0.06938 -0.04706
v 0.01195 0.06938 -0.04599
v 0.01716 0.06938 -0.04431
v 0.02214 0.06938 -0.04205
v 0.02683 0.06938 -0.03922
v 0.03116 0.06938 -0.03588
v 0.03507 0.06938 -0.03206
v 0.03853 0.06938 -0.02782
v 0.04147 0.06938 -0.02321
v 0.04386 0.06938 -0.01829
v 0.04567 0.06938 -0.01312
v 0.04688 0.06938 -0.00779
v 0.04746 0.06938 -0.00235
v 0.04742 0.06938 0.00312
v 0.04674 0.06938 0.00855
v 0.04545 0.06938 0.01387
v 0.04356 0.06938 0.01900
v 0.04108 0.06938 0.02388
v 0.03807 0.06938 0.02844
v 0.03454 0.06938 0.03263
v 0.03057 0.06938 0.03639
v 0.02618 0.06938 0.03966
v 0.02145 0.06938 0.04240
v -0.01689 0.06322 -0.04050
v -0.01319 0.06472 -0.04185
v -0.01319 0.06322 -0.04185
v -0.00256 0.06472 -0.04381
v -0.00256 0.06322 -0.04381
v 0.00822 0.06472 -0.04311
v 0.00822 0.06322 -0.04311
v 0.01850 0.06472 -0.03979
v 0.01850 0.06322 -0.03979
v 0.02767 0.06472 -0.03406
v 0.02767 0.06322 -0.03406
v 0.03515 0.06472 -0.02627
v 0.03515 0.06322 -0.02627
v 0.04050 0.06322 -0.01689
v 0.04340 0.06472 -0.00648
v 0.04340 0.06322 -0.00648
v 0.04367 0.06472 0.00432
v 0.04367 0.06322 0.00432
v 0.04129 0.06472 0.01486
v 0.04129 0.06322 0.01486
v 0.03641 0.06472 0.02450
v 0.03641 0.06322 0.02450
v 0.02932 0.06472 0.03265
v 0.02932 0.06322 0.03265
v 0.02045 0.06472 0.03883
v 0.02045 0.06322 0.03883
v 0.01689 0.06322 0.04050
v 0.01319 0.06472 0.04186
v 0.01319 0.06322 0.04186
v 0.00256 0.06472 0.04381
v 0.00256 0.06322 0.04381
v -0.00822 0.06472 0.04311
v -0.00822 0.06322 0.04311
v -0.01850 0.06472 0.03979
v -0.01850 0.06322 0.03979
v -0.02767 0.06472 0.03406
v -0.02767 0.06322 0.03406
v -0.03515 0.06472 0.02627
v -0.03515 0.06322 0.02627
v -0.04050 0.06322 0.01689
v -0.04340 0.06472 0.00648
v -0.04340 0.06322 0.00648
v -0.04367 0.06472 -0.00432
v -0.04367 0.06322 -0.00432
v -0.04129 0.06472 -0.01486
v -0.04129 0.06322 -0.01486
v -0.03641 0.06472 -0.02450
v -0.03641 0.06322 -0.02450
v -0.02932 0.06472 -0.03265
v -0.02932 0.06322 -0.03265
v -0.02045 0.06472 -0.03883
v -0.02045 0.06322 -0.03883
v 0.04862 0.06322 0.00180
v 0.04814 0.06322 0.00703
v -0.04788 0.06322 0.00866
v -0.04853 0.06322 0.00345
v -0.02133 0.06322 -0.04373
v -0.01872 0.06322 -0.04491
v -0.04078 0.06322 -0.02654
v -0.03768 0.06322 -0.03078
v 0.04853 0.06322 -0.00345
v 0.04788 0.06322 -0.00866
v 0.04666 0.06322 -0.01377
v 0.04491 0.06322 -0.01872
v 0.01983 0.06322 -0.04443
v 0.02451 0.06322 -0.04203
v -0.03414 0.06322 -0.03466
v -0.03021 0.06322 -0.03814
v -0.02592 0.06322 -0.04117
v -0.04340 0.06322 -0.02199
v -0.04552 0.06322 -0.01718
v -0.04862 0.06322 -0.00180
v -0.04814 0.06322 -0.00703
v -0.04710 0.06322 -0.01218
v -0.04666 0.06322 0.01377
v -0.04491 0.06322 0.01872
v 0.00059 0.06322 0.04865
v 0.03985 0.06322 -0.02791
v 0.04263 0.06322 -0.02345
v 0.01493 0.06322 -0.04631
v 0.00985 0.06322 -0.04765
v -0.00059 0.06322 -0.04865
v 0.00466 0.06322 -0.04843
v -0.03985 0.06322 0.02791
v -0.04263 0.06322 0.02345
v -0.01493 0.06322 0.04631
v -0.00985 0.06322 0.04765
v -0.00466 0.06322 0.04843
v 0.04078 0.06322 0.02654
v 0.03768 0.06322 0.03078
v 0.02889 0.06322 -0.03914
v 0.03294 0.06322 -0.03580
v 0.03661 0.06322 -0.03204
v -0.01983 0.06322 0.04443
v -0.02450 0.06322 0.04203
v 0.04711 0.06322 0.01218
v 0.04552 0.06322 0.01718
v 0.04340 0.06322 0.02199
v -0.01605 0.06322 -0.04593
v -0.01100 0.06322 -0.04739
v -0.00583 0.06322 -0.04830
v -0.02889 0.06322 0.03915
v -0.03294 0.06322 0.03580
v -0.03661 0.06322 0.03204
v 0.01100 0.06322 0.04739
v 0.00583 0.06322 0.04830
v 0.02133 0.06322 0.04373
v 0.01872 0.06322 0.04491
v 0.01605 0.06322 0.04593
v 0.03414 0.06322 0.03466
v 0.03021 0.06322 0.03814
v 0.02592 0.06322 0.04117
v -0.01988 0.06561 -0.04769
v -0.01940 0.06528 -0.04654
v -0.02266 0.06561 -0.04644
v -0.02211 0.06528 -0.04532
v -0.02753 0.06561 -0.04373
v -0.02687 0.06528 -0.04267
v -0.03208 0.06561 -0.04050
v -0.03131 0.06528 -0.03953
v -0.03626 0.06561 -0.03681
v -0.03539 0.06528 -0.03592
v -0.04002 0.06561 -0.03269
v -0.03905 0.06528 -0.03190
v -0.04331 0.06561 -0.02818
v -0.04227 0.06528 -0.02751
v -0.04609 0.06561 -0.02335
v -0.04498 0.06528 -0.02279
v -0.04834 0.06561 -0.01825
v -0.04718 0.06528 -0.01781
v -0.05003 0.06561 -0.01293
v -0.04882 0.06528 -0.01262
v -0.05113 0.06561 -0.00746
v -0.04990 0.06528 -0.00728
v -0.05164 0.06561 -0.00191
v -0.05039 0.06528 -0.00186
v -0.05154 0.06561 0.00367
v -0.05030 0.06528 0.00358
v -0.05084 0.06561 0.00920
v -0.04962 0.06528 0.00898
v -0.04956 0.06561 0.01463
v -0.04836 0.06528 0.01428
v -0.04769 0.06561 0.01988
v -0.04654 0.06528 0.01940
v -0.04527 0.06561 0.02491
v -0.04418 0.06528 0.02431
v -0.04232 0.06561 0.02964
v -0.04130 0.06528 0.02893
v -0.03888 0.06561 0.03403
v -0.03795 0.06528 0.03321
v -0.03499 0.06561 0.03802
v -0.03414 0.06528 0.03711
v -0.03068 0.06561 0.04157
v -0.02995 0.06528 0.04057
v -0.02602 0.06561 0.04464
v -0.02540 0.06528 0.04357
v -0.02106 0.06561 0.04718
v -0.02056 0.06528 0.04605
v -0.01585 0.06561 0.04918
v -0.01547 0.06528 0.04800
v -0.01046 0.06561 0.05060
v -0.01021 0.06528 0.04938
v -0.00495 0.06561 0.05143
v -0.00483 0.06528 0.05020
v 0.00063 0.06561 0.05167
v 0.00061 0.06528 0.05042
v 0.00619 0.06561 0.05130
v 0.00604 0.06528 0.05007
v 0.01168 0.06561 0.05033
v 0.01140 0.06528 0.04912
v 0.01704 0.06561 0.04878
v 0.01663 0.06528 0.04761
v 0.01940 0.06528 0.04655
v 0.01988 0.06561 0.04769
v -0.01896 0.06436 -0.04547
v -0.02160 0.06436 -0.04427
v -0.02625 0.06436 -0.04169
v -0.03059 0.06436 -0.03862
v -0.03457 0.06436 -0.03509
v -0.03815 0.06436 -0.03116
v -0.04129 0.06436 -0.02687
v -0.04394 0.06436 -0.02226
v -0.04609 0.06436 -0.01740
v -0.04769 0.06436 -0.01233
v -0.04875 0.06436 -0.00712
v -0.04923 0.06436 -0.00182
v -0.04914 0.06436 0.00350
v -0.04847 0.06436 0.00877
v -0.04725 0.06436 0.01395
v -0.04547 0.06436 0.01896
v -0.04316 0.06436 0.02375
v -0.04035 0.06436 0.02826
v -0.03707 0.06436 0.03245
v -0.03336 0.06436 0.03625
v -0.02925 0.06436 0.03964
v -0.02481 0.06436 0.04256
v -0.02008 0.06436 0.04498
v -0.01511 0.06436 0.04689
v -0.00997 0.06436 0.04824
v -0.00472 0.06436 0.04904
v 0.00060 0.06436 0.04926
v 0.00590 0.06436 0.04891
v 0.01114 0.06436 0.04799
v 0.01625 0.06436 0.04651
v 0.01896 0.06436 0.04547
v 0.02266 0.06561 0.04644
v 0.02211 0.06528 0.04532
v 0.02753 0.06561 0.04373
v 0.02687 0.06528 0.04268
v 0.03208 0.06561 0.04050
v 0.03131 0.06528 0.03953
v 0.03626 0.06561 0.03681
v 0.03539 0.06528 0.03593
v 0.04002 0.06561 0.03269
v 0.03906 0.06528 0.03190
v 0.04331 0.06561 0.02818
v 0.04227 0.06528 0.02751
v 0.04609 0.06561 0.02335
v 0.04498 0.06528 0.02279
v 0.04834 0.06561 0.01825
v 0.04718 0.06528 0.01781
v 0.05003 0.06561 0.01293
v 0.04882 0.06528 0.01262
v 0.05113 0.06561 0.00746
v 0.04990 0.06528 0.00729
v 0.05164 0.06561 0.00191
v 0.05039 0.06528 0.00186
v 0.05154 0.06561 -0.00367
v 0.05030 0.06528 -0.00358
v 0.05085 0.06561 -0.00920
v 0.04962 0.06528 -0.00898
v 0.04956 0.06561 -0.01463
v 0.04837 0.06528 -0.01427
v 0.04769 0.06561 -0.01988
v 0.04655 0.06528 -0.01940
v 0.04527 0.06561 -0.02491
v 0.04418 0.06528 -0.02431
v 0.04232 0.06561 -0.02964
v 0.04131 0.06528 -0.02893
v 0.03888 0.06561 -0.03403
v 0.03795 0.06528 -0.03321
v 0.03499 0.06561 -0.03802
v 0.03415 0.06528 -0.03711
v 0.03069 0.06561 -0.04157
v 0.02995 0.06528 -0.04057
v 0.02603 0.06561 -0.04464
v 0.02540 0.06528 -0.04356
v 0.02106 0.06561 -0.04718
v 0.02056 0.06528 -0.04605
v 0.01585 0.06561 -0.04918
v 0.01547 0.06528 -0.04800
v 0.01046 0.06561 -0.05060
v 0.01021 0.06528 -0.04938
v 0.00495 0.06561 -0.05143
v 0.00483 0.06528 -0.05020
v -0.00063 0.06561 -0.05167
v -0.00061 0.06528 -0.05042
v -0.00619 0.06561 -0.05130
v -0.00604 0.06528 -0.05006
v -0.01168 0.06561 -0.05033
v -0.01140 0.06528 -0.04912
v -0.01704 0.06561 -0.04878
v -0.01663 0.06528 -0.04761
v 0.02160 0.06436 0.04427
v 0.02625 0.06436 0.04169
v 0.03059 0.06436 0.03862
v 0.03457 0.06436 0.03510
v 0.03815 0.06436 0.03116
v 0.04129 0.06436 0.02687
v 0.04395 0.06436 0.02226
v 0.04609 0.06436 0.01740
v 0.04770 0.06436 0.01233
v 0.04875 0.06436 0.00712
v 0.04923 0.06436 0.00182
v 0.04914 0.06436 -0.00350
v 0.04848 0.06436 -0.00877
v 0.04725 0.06436 -0.01394
v 0.04547 0.06436 -0.01896
v 0.04316 0.06436 -0.02375
v 0.04035 0.06436 -0.02826
v 0.03707 0.06436 -0.03244
v 0.03336 0.06436 -0.03625
v 0.02926 0.06436 -0.03964
v 0.02481 0.06436 -0.04256
v 0.02008 0.06436 -0.04498
v 0.01512 0.06436 -0.04689
v 0.00997 0.06436 -0.04824
v 0.00472 0.06436 -0.04904
v -0.00060 0.06436 -0.04926
v -0.00590 0.06436 -0.04891
v -0.01114 0.06436 -0.04799
v -0.01625 0.06436 -0.04651
v -0.02923 0.06560 -0.04894
v -0.02193 0.06560 -0.05261
v 0.01419 0.06560 0.05521
v 0.02193 0.06560 0.05261
v -0.03539 0.06560 -0.04468
v -0.03622 0.06560 -0.04401
v -0.04240 0.06560 -0.03809
v -0.04414 0.06560 -0.03606
v -0.04763 0.06560 -0.03132
v -0.05085 0.06560 -0.02576
v -0.05178 0.06560 -0.02383
v -0.05476 0.06560 -0.01581
v -0.05519 0.06560 -0.01426
v -0.05651 0.06560 -0.00744
v -0.05696 0.06560 -0.00211
v -0.05699 0.06560 0.00110
v -0.05618 0.06560 0.00962
v -0.05411 0.06560 0.01792
v -0.05261 0.06560 0.02193
v -0.05082 0.06560 0.02582
v -0.04638 0.06560 0.03314
v -0.04090 0.06560 0.03970
v -0.03859 0.06560 0.04195
v -0.03449 0.06560 0.04538
v -0.02871 0.06560 0.04924
v -0.02731 0.06560 0.05003
v -0.01951 0.06560 0.05356
v -0.01749 0.06560 0.05425
v -0.01128 0.06560 0.05587
v -0.00546 0.06560 0.05674
v -0.00279 0.06560 0.05693
v 0.00577 0.06560 0.05671
v 0.00683 0.06560 0.05659
v -0.01419 0.06560 -0.05521
v 0.02923 0.06560 0.04894
v 0.03539 0.06560 0.04468
v 0.03622 0.06560 0.04401
v 0.04240 0.06560 0.03809
v 0.04415 0.06560 0.03606
v 0.04763 0.06560 0.03132
v 0.05085 0.06560 0.02576
v 0.05178 0.06560 0.02383
v 0.05476 0.06560 0.01581
v 0.05519 0.06560 0.01427
v 0.05651 0.06560 0.00744
v 0.05696 0.06560 0.00211
v 0.05699 0.06560 -0.00110
v 0.05618 0.06560 -0.00962
v 0.05411 0.06560 -0.01792
v 0.05261 0.06560 -0.02193
v 0.05082 0.06560 -0.02582
v 0.04638 0.06560 -0.03314
v 0.04090 0.06560 -0.03970
v 0.03859 0.06560 -0.04194
v 0.03449 0.06560 -0.04538
v 0.02871 0.06560 -0.04924
v 0.02731 0.06560 -0.05003
v 0.01951 0.06560 -0.05356
v 0.01749 0.06560 -0.05425
v 0.01128 0.06560 -0.05587
v 0.00546 0.06560 -0.05674
v 0.00279 0.06560 -0.05693
v -0.00577 0.06560 -0.05671
v -0.00683 0.06560 -0.05659
v 0.02294 0.06604 0.05503
v 0.01484 0.06604 0.05774
v 0.01550 0.06758 0.06031
v 0.02396 0.06758 0.05747
v 0.02461 0.06963 0.05902
v -0.00291 0.06604 0.05954
v 0.00603 0.06604 0.05931
v -0.01179 0.06604 0.05844
v -0.02041 0.06604 0.05601
v -0.02856 0.06604 0.05233
v -0.05315 0.06604 0.02701
v -0.04851 0.06604 0.03466
v -0.04277 0.06604 0.04153
v -0.03608 0.06604 0.04746
v -0.05659 0.06604 0.01875
v -0.05876 0.06604 0.01006
v -0.05960 0.06604 0.00116
v -0.05415 0.06604 -0.02493
v -0.05727 0.06604 -0.01654
v -0.05911 0.06604 -0.00778
v -0.04981 0.06604 -0.03275
v -0.04435 0.06604 -0.03984
v -0.03789 0.06604 -0.04603
v -0.02294 0.06604 -0.05502
v -0.02396 0.06758 -0.05747
v -0.03057 0.06604 -0.05118
v -0.03146 0.06963 -0.05567
v -0.02461 0.06963 -0.05902
v -0.04632 0.06758 -0.04161
v -0.03883 0.06963 -0.05081
v -0.03957 0.06758 -0.04808
v -0.03193 0.06758 -0.05346
v -0.05203 0.06758 -0.03421
v -0.05122 0.06963 -0.03828
v -0.04546 0.06963 -0.04497
v -0.05656 0.06758 -0.02603
v -0.05601 0.06963 -0.03085
v -0.05343 0.06963 -0.03513
v -0.06231 0.06963 -0.01439
v -0.05973 0.06963 -0.02284
v -0.05809 0.06963 -0.02674
v -0.05982 0.06758 -0.01727
v -0.06173 0.06758 -0.00813
v -0.06369 0.06963 -0.00567
v -0.06226 0.06758 0.00121
v -0.06387 0.06963 0.00316
v -0.06137 0.06758 0.01051
v -0.06282 0.06963 0.01193
v -0.05911 0.06758 0.01958
v -0.06058 0.06963 0.02047
v -0.05551 0.06758 0.02821
v -0.05718 0.06963 0.02863
v -0.05066 0.06758 0.03620
v -0.05269 0.06963 0.03623
v -0.04467 0.06758 0.04338
v -0.04720 0.06963 0.04315
v -0.03768 0.06758 0.04957
v -0.04080 0.06963 0.04924
v -0.02983 0.06758 0.05466
v -0.03363 0.06963 0.05439
v -0.02581 0.06963 0.05851
v -0.02132 0.06758 0.05851
v -0.02189 0.06963 0.06008
v -0.00005 0.06963 0.06395
v -0.00886 0.06963 0.06333
v -0.01232 0.06758 0.06104
v -0.01265 0.06963 0.06268
v -0.01751 0.06963 0.06150
v 0.01740 0.06963 0.06153
v 0.00876 0.06963 0.06334
v 0.00630 0.06758 0.06195
v -0.00304 0.06758 0.06219
v -0.01484 0.06604 -0.05774
v -0.00603 0.06604 -0.05931
v 0.00292 0.06604 -0.05954
v 0.02856 0.06604 -0.05233
v 0.02041 0.06604 -0.05601
v 0.01180 0.06604 -0.05844
v 0.03608 0.06604 -0.04746
v 0.04277 0.06604 -0.04153
v 0.04851 0.06604 -0.03466
v 0.05315 0.06604 -0.02701
v 0.05659 0.06604 -0.01875
v 0.05876 0.06604 -0.01006
v 0.05960 0.06604 -0.00115
v 0.05415 0.06604 0.02493
v 0.05728 0.06604 0.01654
v 0.05911 0.06604 0.00778
v 0.04981 0.06604 0.03275
v 0.04435 0.06604 0.03984
v 0.03789 0.06604 0.04603
v 0.03057 0.06604 0.05118
v 0.03146 0.06963 0.05567
v 0.04632 0.06758 0.04161
v 0.03883 0.06963 0.05081
v 0.03957 0.06758 0.04808
v 0.03193 0.06758 0.05346
v 0.05203 0.06758 0.03421
v 0.05123 0.06963 0.03828
v 0.04546 0.06963 0.04497
v 0.05656 0.06758 0.02604
v 0.05601 0.06963 0.03085
v 0.05343 0.06963 0.03513
v 0.06231 0.06963 0.01439
v 0.05973 0.06963 0.02284
v 0.05809 0.06963 0.02674
v 0.05982 0.06758 0.01727
v 0.06174 0.06758 0.00813
v 0.06370 0.06963 0.00567
v 0.06226 0.06758 -0.00121
v 0.06387 0.06963 -0.00316
v 0.06137 0.06758 -0.01051
v 0.06282 0.06963 -0.01193
v 0.05911 0.06758 -0.01958
v 0.06058 0.06963 -0.02047
v 0.05551 0.06758 -0.02821
v 0.05718 0.06963 -0.02862
v 0.05067 0.06758 -0.03620
v 0.05269 0.06963 -0.03623
v 0.04468 0.06758 -0.04337
v 0.04720 0.06963 -0.04315
v 0.03768 0.06758 -0.04957
v 0.04080 0.06963 -0.04924
v 0.02984 0.06758 -0.05465
v 0.03363 0.06963 -0.05439
v 0.02581 0.06963 -0.05850
v 0.02132 0.06758 -0.05850
v 0.02189 0.06963 -0.06008
v 0.00005 0.06963 -0.06395
v 0.00886 0.06963 -0.06333
v 0.01232 0.06758 -0.06104
v 0.01265 0.06963 -0.06268
v 0.01751 0.06963 -0.06150
v 0.00305 0.06758 -0.06219
v -0.00630 0.06758 -0.06195
v -0.00876 0.06963 -0.06334
v -0.01550 0.06758 -0.06031
v -0.01740 0.06963 -0.06153
v -0.03677 0.07238 -0.06672
v -0.02931 0.07238 -0.07031
v -0.02694 0.07125 -0.06462
v -0.03444 0.07125 -0.06095
v -0.04251 0.07125 -0.05562
v -0.04529 0.07238 -0.06125
v -0.04977 0.07125 -0.04923
v -0.05301 0.07238 -0.05471
v -0.05608 0.07125 -0.04190
v -0.05979 0.07238 -0.04721
v -0.06132 0.07125 -0.03378
v -0.06552 0.07238 -0.03887
v -0.06539 0.07125 -0.02501
v -0.07009 0.07238 -0.02984
v -0.06821 0.07125 -0.01576
v -0.07343 0.07238 -0.02029
v -0.06973 0.07125 -0.00621
v -0.07547 0.07238 -0.01038
v -0.06992 0.07125 0.00346
v -0.07618 0.07238 -0.00028
v -0.07554 0.07238 0.00981
v -0.06878 0.07125 0.01306
v -0.07484 0.07238 0.01421
v -0.07358 0.07238 0.01974
v -0.06632 0.07125 0.02241
v -0.07217 0.07238 0.02439
v -0.06260 0.07125 0.03134
v -0.06812 0.07238 0.03410
v -0.07031 0.07238 0.02932
v -0.05342 0.07238 0.05432
v -0.06014 0.07238 0.04676
v -0.05769 0.07125 0.03967
v -0.06277 0.07238 0.04316
v -0.06581 0.07238 0.03837
v -0.05167 0.07125 0.04724
v -0.04467 0.07125 0.05391
v -0.04575 0.07238 0.06092
v -0.03682 0.07125 0.05955
v -0.03727 0.07238 0.06644
v -0.02826 0.07125 0.06405
v -0.02814 0.07238 0.07079
v -0.01917 0.07125 0.06733
v -0.01851 0.07238 0.07390
v -0.00970 0.07125 0.06933
v -0.00855 0.07238 0.07570
v -0.00006 0.07125 0.07001
v 0.00156 0.07238 0.07616
v 0.00959 0.07125 0.06935
v 0.01164 0.07238 0.07529
v 0.01905 0.07125 0.06737
v 0.02151 0.07238 0.07308
v 0.02694 0.07125 0.06462
v 0.02932 0.07238 0.07031
v 0.03444 0.07125 0.06095
v 0.03677 0.07238 0.06672
v 0.04251 0.07125 0.05562
v 0.04529 0.07238 0.06126
v 0.04977 0.07125 0.04923
v 0.05301 0.07238 0.05471
v 0.05608 0.07125 0.04191
v 0.05979 0.07238 0.04721
v 0.06132 0.07125 0.03378
v 0.06552 0.07238 0.03887
v 0.06539 0.07125 0.02501
v 0.07009 0.07238 0.02984
v 0.06821 0.07125 0.01576
v 0.07343 0.07238 0.02029
v 0.06973 0.07125 0.00621
v 0.07547 0.07238 0.01038
v 0.06992 0.07125 -0.00346
v 0.07618 0.07238 0.00029
v 0.07555 0.07238 -0.00981
v 0.06878 0.07125 -0.01306
v 0.07484 0.07238 -0.01421
v 0.07358 0.07238 -0.01974
v 0.06632 0.07125 -0.02241
v 0.07217 0.07238 -0.02439
v 0.06260 0.07125 -0.03134
v 0.06812 0.07238 -0.03410
v 0.07031 0.07238 -0.02931
v 0.05342 0.07238 -0.05431
v 0.06014 0.07238 -0.04676
v 0.05769 0.07125 -0.03966
v 0.06277 0.07238 -0.04316
v 0.06581 0.07238 -0.03837
v 0.05167 0.07125 -0.04724
v 0.04467 0.07125 -0.05390
v 0.04575 0.07238 -0.06091
v 0.03682 0.07125 -0.05955
v 0.03727 0.07238 -0.06644
v 0.02826 0.07125 -0.06405
v 0.02814 0.07238 -0.07079
v 0.01917 0.07125 -0.06733
v 0.01851 0.07238 -0.07390
v 0.00971 0.07125 -0.06933
v 0.00855 0.07238 -0.07570
v 0.00006 0.07125 -0.07001
v -0.00156 0.07238 -0.07616
v -0.00959 0.07125 -0.06935
v -0.01164 0.07238 -0.07529
v -0.01905 0.07125 -0.06737
v -0.02151 0.07238 -0.07308
v -0.03051 0.07260 -0.07317
v -0.03827 0.07260 -0.06943
v -0.04713 0.07260 -0.06374
v -0.05516 0.07260 -0.05693
v -0.06222 0.07260 -0.04912
v -0.06818 0.07260 -0.04044
v -0.07294 0.07260 -0.03105
v -0.07641 0.07260 -0.02111
v -0.07853 0.07260 -0.01080
v -0.07927 0.07260 -0.00030
v -0.07861 0.07260 0.01021
v -0.07657 0.07260 0.02054
v -0.07317 0.07260 0.03051
v -0.06848 0.07260 0.03993
v -0.06259 0.07260 0.04866
v -0.05559 0.07260 0.05652
v -0.04760 0.07260 0.06339
v -0.03878 0.07260 0.06914
v -0.02928 0.07260 0.07367
v -0.01926 0.07260 0.07690
v -0.00890 0.07260 0.07877
v 0.00162 0.07260 0.07926
v 0.01211 0.07260 0.07834
v 0.02238 0.07260 0.07605
v 0.03051 0.07260 0.07317
v 0.03827 0.07260 0.06943
v 0.04713 0.07260 0.06374
v 0.05516 0.07260 0.05694
v 0.06222 0.07260 0.04912
v 0.06818 0.07260 0.04044
v 0.07294 0.07260 0.03105
v 0.07641 0.07260 0.02111
v 0.07853 0.07260 0.01080
v 0.07927 0.07260 0.00030
v 0.07861 0.07260 -0.01021
v 0.07657 0.07260 -0.02054
v 0.07317 0.07260 -0.03051
v 0.06848 0.07260 -0.03993
v 0.06259 0.07260 -0.04866
v 0.05559 0.07260 -0.05652
v 0.04761 0.07260 -0.06339
v 0.03879 0.07260 -0.06914
v 0.02928 0.07260 -0.07367
v 0.01926 0.07260 -0.07690
v 0.00890 0.07260 -0.07877
v -0.00162 0.07260 -0.07926
v -0.01211 0.07260 -0.07834
v -0.02238 0.07260 -0.07605
v 0.03059 0.07261 0.07338
v 0.02320 0.07261 0.07604
v 0.01330 0.07261 0.07838
v 0.00319 0.07261 0.07944
v -0.00698 0.07261 0.07920
v -0.01703 0.07261 0.07766
v -0.02680 0.07261 0.07485
v -0.03614 0.07261 0.07082
v -0.04488 0.07261 0.06562
v -0.05289 0.07261 0.05936
v -0.06003 0.07261 0.05212
v -0.06619 0.07261 0.04403
v -0.07127 0.07261 0.03522
v -0.07338 0.07261 0.03059
v -0.07519 0.07261 0.02584
v -0.07787 0.07261 0.01603
v -0.07928 0.07261 0.00596
v -0.07939 0.07261 -0.00421
v -0.07820 0.07261 -0.01431
v -0.07574 0.07261 -0.02417
v -0.07203 0.07261 -0.03364
v -0.06715 0.07261 -0.04256
v -0.06117 0.07261 -0.05078
v -0.05418 0.07261 -0.05818
v -0.04632 0.07261 -0.06462
v -0.03769 0.07261 -0.07000
v -0.03059 0.07261 -0.07338
v -0.02320 0.07261 -0.07604
v -0.01330 0.07261 -0.07838
v -0.00319 0.07261 -0.07944
v 0.00698 0.07261 -0.07919
v 0.01703 0.07261 -0.07766
v 0.02680 0.07261 -0.07485
v 0.03614 0.07261 -0.07081
v 0.04488 0.07261 -0.06562
v 0.05289 0.07261 -0.05936
v 0.06003 0.07261 -0.05212
v 0.06620 0.07261 -0.04403
v 0.07127 0.07261 -0.03522
v 0.07338 0.07261 -0.03059
v 0.07519 0.07261 -0.02584
v 0.07787 0.07261 -0.01603
v 0.07928 0.07261 -0.00596
v 0.07939 0.07261 0.00421
v 0.07820 0.07261 0.01431
v 0.07574 0.07261 0.02417
v 0.07203 0.07261 0.03364
v 0.06715 0.07261 0.04256
v 0.06117 0.07261 0.05079
v 0.05419 0.07261 0.05818
v 0.04632 0.07261 0.06462
v 0.03769 0.07261 0.07000
v -0.03803 0.07254 -0.07373
v -0.03192 0.07254 -0.07657
v -0.05436 0.07254 -0.06266
v -0.04653 0.07254 -0.06868
v -0.06762 0.07254 -0.04806
v -0.06143 0.07254 -0.05576
v -0.08103 0.07254 0.01780
v -0.08257 0.07254 0.00804
v -0.08294 0.07254 -0.00183
v -0.08213 0.07254 -0.01168
v -0.08016 0.07254 -0.02136
v -0.07705 0.07254 -0.03074
v -0.07285 0.07254 -0.03968
v -0.07007 0.07254 -0.04441
v -0.07453 0.07254 0.03643
v -0.07833 0.07254 0.02731
v -0.04951 0.07254 0.06656
v -0.05707 0.07254 0.06020
v -0.06383 0.07254 0.05299
v -0.06967 0.07254 0.04503
v -0.03240 0.07254 0.07637
v -0.04125 0.07254 0.07198
v -0.01345 0.07254 0.08186
v -0.02309 0.07254 0.07968
v -0.02797 0.07254 0.07810
v -0.00363 0.07254 0.08288
v 0.00625 0.07254 0.08272
v 0.01604 0.07254 0.08139
v 0.02560 0.07254 0.07891
v 0.03192 0.07254 0.07657
v 0.03803 0.07254 0.07373
v 0.04653 0.07254 0.06868
v 0.05436 0.07254 0.06266
v 0.06143 0.07254 0.05576
v 0.06762 0.07254 0.04806
v 0.07007 0.07254 0.04441
v 0.07285 0.07254 0.03968
v 0.07705 0.07254 0.03074
v 0.08016 0.07254 0.02136
v 0.08213 0.07254 0.01168
v 0.08294 0.07254 0.00183
v 0.08257 0.07254 -0.00804
v 0.08103 0.07254 -0.01780
v 0.07834 0.07254 -0.02731
v 0.07453 0.07254 -0.03643
v 0.04951 0.07254 -0.06656
v 0.05708 0.07254 -0.06020
v 0.06383 0.07254 -0.05299
v 0.06967 0.07254 -0.04503
v 0.03240 0.07254 -0.07637
v 0.04125 0.07254 -0.07198
v 0.01345 0.07254 -0.08186
v 0.02309 0.07254 -0.07968
v 0.02797 0.07254 -0.07810
v 0.00363 0.07254 -0.08288
v -0.00625 0.07254 -0.08272
v -0.01604 0.07254 -0.08139
v -0.02560 0.07254 -0.07891
v -0.09487 0.05762 0.02668
v -0.09625 0.05762 0.02115
v -0.09560 0.06065 0.02100
v -0.04861 0.05762 -0.08573
v -0.03792 0.05762 -0.09096
v -0.03766 0.06065 -0.09034
v -0.04487 0.06065 -0.08699
v -0.05489 0.06065 -0.08103
v -0.05527 0.05762 -0.08159
v -0.06414 0.06065 -0.07393
v -0.07247 0.06065 -0.06578
v -0.07297 0.05762 -0.06624
v -0.06771 0.05762 -0.07160
v -0.06458 0.05762 -0.07444
v -0.05859 0.05762 -0.07924
v -0.07978 0.06065 -0.05670
v -0.08595 0.06065 -0.04682
v -0.08655 0.05762 -0.04714
v -0.08288 0.05762 -0.05332
v -0.08033 0.05762 -0.05709
v -0.07585 0.05762 -0.06292
v -0.09091 0.06065 -0.03626
v -0.09458 0.06065 -0.02520
v -0.09523 0.05762 -0.02537
v -0.09323 0.05762 -0.03193
v -0.09154 0.05762 -0.03651
v -0.08870 0.05762 -0.04294
v -0.09690 0.06065 -0.01378
v -0.09785 0.06065 -0.00216
v -0.09853 0.05762 -0.00217
v -0.09817 0.05762 -0.00869
v -0.09757 0.05762 -0.01387
v -0.09640 0.05762 -0.02046
v -0.09742 0.06065 0.00949
v -0.09739 0.05762 0.01505
v -0.09809 0.05762 0.00955
v -0.09850 0.05762 0.00320
v -0.09306 0.05762 0.03244
v -0.09242 0.06065 0.03222
v -0.09096 0.05762 0.03792
v -0.08794 0.06065 0.04298
v -0.08854 0.05762 0.04327
v -0.08573 0.05762 0.04861
v -0.08220 0.06065 0.05313
v -0.08277 0.05762 0.05349
v -0.07924 0.05762 0.05859
v -0.07531 0.06065 0.06252
v -0.07582 0.05762 0.06295
v -0.07160 0.05762 0.06771
v -0.06734 0.06065 0.07103
v -0.06780 0.05762 0.07152
v -0.06292 0.05762 0.07585
v -0.05842 0.06065 0.07853
v -0.05882 0.05762 0.07907
v -0.05332 0.05762 0.08288
v -0.04867 0.06065 0.08492
v -0.04900 0.05762 0.08551
v -0.04294 0.05762 0.08871
v -0.03823 0.06065 0.09010
v -0.03849 0.05762 0.09072
v -0.03193 0.05762 0.09323
v -0.02724 0.06065 0.09401
v -0.02743 0.05762 0.09466
v -0.02046 0.05762 0.09640
v -0.01587 0.06065 0.09658
v -0.01598 0.05762 0.09725
v -0.00869 0.05762 0.09817
v -0.00428 0.06065 0.09778
v -0.00431 0.05762 0.09846
v 0.00320 0.05762 0.09850
v 0.00738 0.06065 0.09760
v 0.00743 0.05762 0.09827
v 0.01505 0.05762 0.09739
v 0.01893 0.06065 0.09603
v 0.01906 0.05762 0.09669
v 0.03021 0.06065 0.09310
v 0.02668 0.05762 0.09487
v 0.03766 0.06065 0.09034
v 0.03792 0.05762 0.09096
v 0.03310 0.07200 0.07939
v 0.02655 0.07200 0.08182
v 0.01663 0.07200 0.08440
v 0.00648 0.07200 0.08577
v -0.00376 0.07200 0.08594
v -0.01395 0.07200 0.08488
v -0.02394 0.07200 0.08262
v -0.03359 0.07200 0.07919
v -0.07011 0.07200 -0.04983
v -0.07554 0.07200 -0.04114
v -0.07990 0.07200 -0.03187
v -0.08312 0.07200 -0.02215
v -0.08516 0.07200 -0.01211
v -0.08600 0.07200 -0.00190
v -0.08561 0.07200 0.00834
v -0.08401 0.07200 0.01846
v -0.08123 0.07200 0.02831
v -0.07728 0.07200 0.03777
v -0.07224 0.07200 0.04669
v -0.06618 0.07200 0.05495
v -0.05918 0.07200 0.06243
v -0.05134 0.07200 0.06902
v -0.04277 0.07200 0.07463
v -0.03310 0.07200 -0.07939
v -0.03943 0.07200 -0.07645
v -0.04824 0.07200 -0.07122
v -0.05637 0.07200 -0.06498
v -0.06369 0.07200 -0.05781
v 0.03462 0.07038 0.08304
v 0.02777 0.07038 0.08557
v 0.01740 0.07038 0.08827
v 0.00678 0.07038 0.08971
v -0.00393 0.07038 0.08988
v -0.01459 0.07038 0.08878
v -0.02504 0.07038 0.08641
v -0.03514 0.07038 0.08282
v -0.04473 0.07038 0.07806
v -0.05369 0.07038 0.07219
v -0.06190 0.07038 0.06529
v -0.06922 0.07038 0.05747
v -0.07556 0.07038 0.04883
v -0.08083 0.07038 0.03950
v -0.08495 0.07038 0.02961
v -0.08787 0.07038 0.01930
v -0.08954 0.07038 0.00872
v -0.08994 0.07038 -0.00199
v -0.08907 0.07038 -0.01266
v -0.08693 0.07038 -0.02316
v -0.08356 0.07038 -0.03333
v -0.07901 0.07038 -0.04303
v -0.07333 0.07038 -0.05212
v -0.06661 0.07038 -0.06047
v -0.05895 0.07038 -0.06796
v -0.05046 0.07038 -0.07448
v -0.04124 0.07038 -0.07995
v -0.03462 0.07038 -0.08304
v 0.03594 0.06783 0.08620
v 0.02882 0.06783 0.08883
v 0.01806 0.06783 0.09163
v 0.00704 0.06783 0.09313
v -0.00408 0.06783 0.09330
v -0.01515 0.06783 0.09216
v -0.02599 0.06783 0.08970
v -0.03647 0.06783 0.08597
v -0.04644 0.06783 0.08103
v -0.05574 0.06783 0.07493
v -0.06425 0.06783 0.06778
v -0.07185 0.06783 0.05966
v -0.07844 0.06783 0.05069
v -0.08391 0.06783 0.04101
v -0.08819 0.06783 0.03074
v -0.09122 0.06783 0.02004
v -0.09295 0.06783 0.00905
v -0.09337 0.06783 -0.00206
v -0.09246 0.06783 -0.01315
v -0.09024 0.06783 -0.02404
v -0.08674 0.06783 -0.03460
v -0.08202 0.06783 -0.04467
v -0.07612 0.06783 -0.05410
v -0.06915 0.06783 -0.06277
v -0.06120 0.06783 -0.07054
v -0.05238 0.06783 -0.07732
v -0.04281 0.06783 -0.08300
v -0.03594 0.06783 -0.08620
v 0.03697 0.06452 0.08869
v 0.02965 0.06452 0.09139
v 0.01858 0.06452 0.09427
v 0.00724 0.06452 0.09581
v -0.00420 0.06452 0.09599
v -0.01558 0.06452 0.09481
v -0.02674 0.06452 0.09229
v -0.03753 0.06452 0.08845
v -0.04777 0.06452 0.08337
v -0.05735 0.06452 0.07709
v -0.06610 0.06452 0.06973
v -0.07393 0.06452 0.06138
v -0.08070 0.06452 0.05215
v -0.08633 0.06452 0.04219
v -0.09073 0.06452 0.03163
v -0.09385 0.06452 0.02062
v -0.09563 0.06452 0.00931
v -0.09606 0.06452 -0.00212
v -0.09513 0.06452 -0.01353
v -0.09284 0.06452 -0.02474
v -0.08924 0.06452 -0.03560
v -0.08438 0.06452 -0.04596
v -0.07832 0.06452 -0.05566
v -0.07114 0.06452 -0.06458
v -0.06296 0.06452 -0.07258
v -0.05389 0.06452 -0.07955
v -0.04405 0.06452 -0.08539
v -0.03697 0.06452 -0.08868
v 0.09487 0.05762 -0.02668
v 0.09626 0.05762 -0.02115
v 0.09560 0.06065 -0.02100
v 0.04487 0.06065 0.08699
v 0.04861 0.05762 0.08573
v 0.05489 0.06065 0.08103
v 0.05527 0.05762 0.08159
v 0.06414 0.06065 0.07393
v 0.07247 0.06065 0.06578
v 0.07297 0.05762 0.06624
v 0.06771 0.05762 0.07160
v 0.06458 0.05762 0.07444
v 0.05859 0.05762 0.07924
v 0.07978 0.06065 0.05670
v 0.08596 0.06065 0.04682
v 0.08655 0.05762 0.04714
v 0.08288 0.05762 0.05332
v 0.08033 0.05762 0.05709
v 0.07585 0.05762 0.06292
v 0.09091 0.06065 0.03627
v 0.09458 0.06065 0.02520
v 0.09523 0.05762 0.02537
v 0.09323 0.05762 0.03193
v 0.09154 0.05762 0.03652
v 0.08871 0.05762 0.04294
v 0.09690 0.06065 0.01378
v 0.09785 0.06065 0.00216
v 0.09853 0.05762 0.00217
v 0.09817 0.05762 0.00869
v 0.09757 0.05762 0.01387
v 0.09640 0.05762 0.02046
v 0.09742 0.06065 -0.00949
v 0.09739 0.05762 -0.01505
v 0.09809 0.05762 -0.00955
v 0.09850 0.05762 -0.00320
v 0.09306 0.05762 -0.03244
v 0.09242 0.06065 -0.03222
v 0.09096 0.05762 -0.03792
v 0.08794 0.06065 -0.04298
v 0.08854 0.05762 -0.04327
v 0.08573 0.05762 -0.04861
v 0.08220 0.06065 -0.05313
v 0.08277 0.05762 -0.05349
v 0.07924 0.05762 -0.05859
v 0.07531 0.06065 -0.06252
v 0.07582 0.05762 -0.06295
v 0.07160 0.05762 -0.06771
v 0.06734 0.06065 -0.07103
v 0.06780 0.05762 -0.07152
v 0.06292 0.05762 -0.07585
v 0.05842 0.06065 -0.07853
v 0.05882 0.05762 -0.07907
v 0.05332 0.05762 -0.08288
v 0.04867 0.06065 -0.08492
v 0.04900 0.05762 -0.08550
v 0.04294 0.05762 -0.08870
v 0.03823 0.06065 -0.09010
v 0.03849 0.05762 -0.09072
v 0.03193 0.05762 -0.09323
v 0.02724 0.06065 -0.09401
v 0.02743 0.05762 -0.09466
v 0.02046 0.05762 -0.09640
v 0.01587 0.06065 -0.09658
v 0.01598 0.05762 -0.09725
v 0.00869 0.05762 -0.09817
v 0.00428 0.06065 -0.09778
v 0.00431 0.05762 -0.09846
v -0.00320 0.05762 -0.09850
v -0.00737 0.06065 -0.09760
v -0.00743 0.05762 -0.09827
v -0.01505 0.05762 -0.09739
v -0.01893 0.06065 -0.09603
v -0.01906 0.05762 -0.09669
v -0.03021 0.06065 -0.09310
v -0.02668 0.05762 -0.09487
v -0.02655 0.07200 -0.08182
v -0.01663 0.07200 -0.08439
v -0.00648 0.07200 -0.08577
v 0.00376 0.07200 -0.08594
v 0.01395 0.07200 -0.08488
v 0.02394 0.07200 -0.08262
v 0.03360 0.07200 -0.07919
v 0.07011 0.07200 0.04983
v 0.07554 0.07200 0.04114
v 0.07990 0.07200 0.03187
v 0.08312 0.07200 0.02215
v 0.08516 0.07200 0.01211
v 0.08600 0.07200 0.00190
v 0.08561 0.07200 -0.00834
v 0.08402 0.07200 -0.01846
v 0.08123 0.07200 -0.02831
v 0.07728 0.07200 -0.03777
v 0.07224 0.07200 -0.04669
v 0.06618 0.07200 -0.05495
v 0.05918 0.07200 -0.06242
v 0.05134 0.07200 -0.06902
v 0.04277 0.07200 -0.07463
v 0.03944 0.07200 0.07645
v 0.04824 0.07200 0.07122
v 0.05637 0.07200 0.06498
v 0.06369 0.07200 0.05781
v -0.02777 0.07038 -0.08557
v -0.01740 0.07038 -0.08827
v -0.00678 0.07038 -0.08971
v 0.00393 0.07038 -0.08988
v 0.01459 0.07038 -0.08877
v 0.02504 0.07038 -0.08641
v 0.03514 0.07038 -0.08282
v 0.04473 0.07038 -0.07806
v 0.05370 0.07038 -0.07218
v 0.06190 0.07038 -0.06529
v 0.06922 0.07038 -0.05747
v 0.07556 0.07038 -0.04883
v 0.08083 0.07038 -0.03950
v 0.08495 0.07038 -0.02961
v 0.08787 0.07038 -0.01930
v 0.08954 0.07038 -0.00872
v 0.08994 0.07038 0.00199
v 0.08907 0.07038 0.01266
v 0.08693 0.07038 0.02316
v 0.08356 0.07038 0.03333
v 0.07901 0.07038 0.04303
v 0.07333 0.07038 0.05212
v 0.06661 0.07038 0.06047
v 0.05895 0.07038 0.06796
v 0.05046 0.07038 0.07448
v 0.04125 0.07038 0.07995
v -0.02882 0.06783 -0.08883
v -0.01806 0.06783 -0.09163
v -0.00704 0.06783 -0.09313
v 0.00408 0.06783 -0.09330
v 0.01515 0.06783 -0.09215
v 0.02600 0.06783 -0.08970
v 0.03647 0.06783 -0.08597
v 0.04644 0.06783 -0.08103
v 0.05574 0.06783 -0.07493
v 0.06425 0.06783 -0.06778
v 0.07185 0.06783 -0.05966
v 0.07844 0.06783 -0.05069
v 0.08391 0.06783 -0.04101
v 0.08819 0.06783 -0.03074
v 0.09122 0.06783 -0.02004
v 0.09295 0.06783 -0.00905
v 0.09337 0.06783 0.00206
v 0.09246 0.06783 0.01315
v 0.09024 0.06783 0.02405
v 0.08674 0.06783 0.03460
v 0.08202 0.06783 0.04467
v 0.07612 0.06783 0.05410
v 0.06915 0.06783 0.06277
v 0.06120 0.06783 0.07055
v 0.05238 0.06783 0.07732
v 0.04282 0.06783 0.08300
v -0.02965 0.06452 -0.09139
v -0.01858 0.06452 -0.09427
v -0.00724 0.06452 -0.09581
v 0.00420 0.06452 -0.09599
v 0.01558 0.06452 -0.09481
v 0.02674 0.06452 -0.09229
v 0.03753 0.06452 -0.08845
v 0.04778 0.06452 -0.08336
v 0.05735 0.06452 -0.07709
v 0.06611 0.06452 -0.06973
v 0.07393 0.06452 -0.06138
v 0.08070 0.06452 -0.05215
v 0.08633 0.06452 -0.04219
v 0.09073 0.06452 -0.03163
v 0.09385 0.06452 -0.02062
v 0.09563 0.06452 -0.00931
v 0.09606 0.06452 0.00212
v 0.09513 0.06452 0.01353
v 0.09285 0.06452 0.02474
v 0.08925 0.06452 0.03560
v 0.08438 0.06452 0.04596
v 0.07832 0.06452 0.05566
v 0.07115 0.06452 0.06458
v 0.06296 0.06452 0.07258
v 0.05389 0.06452 0.07955
v 0.04405 0.06452 0.08539
v -0.03810 0.05060 -0.09138
v -0.04883 0.05060 -0.08612
v -0.05886 0.05060 -0.07960
v -0.06802 0.05060 -0.07193
v -0.07620 0.05060 -0.06321
v -0.08326 0.05060 -0.05356
v -0.08911 0.05060 -0.04313
v -0.09366 0.05060 -0.03208
v -0.09684 0.05060 -0.02055
v -0.09861 0.05060 -0.00873
v -0.09895 0.05060 0.00322
v -0.09784 0.05060 0.01512
v -0.09530 0.05060 0.02680
v -0.09138 0.05060 0.03810
v -0.08612 0.05060 0.04883
v -0.07960 0.05060 0.05886
v -0.07193 0.05060 0.06802
v -0.06321 0.05060 0.07620
v -0.05356 0.05060 0.08326
v -0.04313 0.05060 0.08911
v -0.03208 0.05060 0.09366
v -0.02055 0.05060 0.09684
v -0.00873 0.05060 0.09861
v 0.00322 0.05060 0.09895
v 0.03810 0.05060 0.09138
v 0.02680 0.05060 0.09530
v 0.01512 0.05060 0.09784
v -0.03792 0.04359 -0.09096
v -0.04861 0.04359 -0.08573
v -0.05527 0.04359 -0.08159
v -0.05859 0.04359 -0.07924
v -0.06458 0.04359 -0.07444
v -0.06771 0.04359 -0.07160
v -0.07297 0.04359 -0.06624
v -0.07585 0.04359 -0.06292
v -0.08033 0.04359 -0.05709
v -0.08288 0.04359 -0.05332
v -0.08655 0.04359 -0.04714
v -0.08870 0.04359 -0.04294
v -0.09154 0.04359 -0.03651
v -0.09323 0.04359 -0.03193
v -0.09523 0.04359 -0.02537
v -0.09640 0.04359 -0.02046
v -0.09757 0.04359 -0.01387
v -0.09817 0.04359 -0.00869
v -0.09853 0.04359 -0.00217
v -0.09850 0.04359 0.00320
v -0.09809 0.04359 0.00955
v -0.09739 0.04359 0.01505
v -0.09625 0.04359 0.02115
v -0.08854 0.04359 0.04327
v -0.09096 0.04359 0.03792
v -0.09306 0.04359 0.03244
v -0.09487 0.04359 0.02668
v -0.08573 0.04359 0.04861
v -0.07160 0.04359 0.06771
v -0.07582 0.04359 0.06295
v -0.07924 0.04359 0.05859
v -0.08277 0.04359 0.05349
v -0.05332 0.04359 0.08288
v -0.05882 0.04359 0.07907
v -0.06292 0.04359 0.07585
v -0.06780 0.04359 0.07152
v -0.03193 0.04359 0.09323
v -0.03849 0.04359 0.09072
v -0.04294 0.04359 0.08871
v -0.04900 0.04359 0.08551
v -0.00869 0.04359 0.09817
v -0.01598 0.04359 0.09725
v -0.02046 0.04359 0.09640
v -0.02743 0.04359 0.09466
v 0.01505 0.04359 0.09739
v 0.00743 0.04359 0.09827
v 0.00320 0.04359 0.09850
v -0.00431 0.04359 0.09846
v 0.03792 0.04359 0.09096
v 0.02668 0.04359 0.09487
v 0.01906 0.04359 0.09669
v 0.04883 0.05060 0.08612
v 0.05886 0.05060 0.07960
v 0.06802 0.05060 0.07193
v 0.07620 0.05060 0.06321
v 0.08326 0.05060 0.05356
v 0.08911 0.05060 0.04313
v 0.09366 0.05060 0.03208
v 0.09684 0.05060 0.02056
v 0.09861 0.05060 0.00873
v 0.09895 0.05060 -0.00322
v 0.09784 0.05060 -0.01512
v 0.09530 0.05060 -0.02680
v 0.09138 0.05060 -0.03810
v 0.08612 0.05060 -0.04883
v 0.07960 0.05060 -0.05886
v 0.07193 0.05060 -0.06802
v 0.06321 0.05060 -0.07620
v 0.05356 0.05060 -0.08326
v 0.04313 0.05060 -0.08911
v 0.03208 0.05060 -0.09366
v 0.02056 0.05060 -0.09684
v 0.00873 0.05060 -0.09861
v -0.00322 0.05060 -0.09895
v -0.02680 0.05060 -0.09530
v -0.01512 0.05060 -0.09784
v 0.04861 0.04359 0.08573
v 0.05527 0.04359 0.08159
v 0.05859 0.04359 0.07924
v 0.06458 0.04359 0.07444
v 0.06771 0.04359 0.07160
v 0.07297 0.04359 0.06624
v 0.07585 0.04359 0.06292
v 0.08033 0.04359 0.05709
v 0.08288 0.04359 0.05332
v 0.08655 0.04359 0.04714
v 0.08871 0.04359 0.04294
v 0.09154 0.04359 0.03652
v 0.09323 0.04359 0.03193
v 0.09523 0.04359 0.02537
v 0.09640 0.04359 0.02046
v 0.09757 0.04359 0.01387
v 0.09817 0.04359 0.00869
v 0.09853 0.04359 0.00217
v 0.09850 0.04359 -0.00320
v 0.09809 0.04359 -0.00955
v 0.09739 0.04359 -0.01505
v 0.09626 0.04359 -0.02115
v 0.08854 0.04359 -0.04327
v 0.09096 0.04359 -0.03792
v 0.09306 0.04359 -0.03244
v 0.09487 0.04359 -0.02668
v 0.08573 0.04359 -0.04861
v 0.07160 0.04359 -0.06771
v 0.07582 0.04359 -0.06295
v 0.07924 0.04359 -0.05859
v 0.08277 0.04359 -0.05349
v 0.05332 0.04359 -0.08288
v 0.05882 0.04359 -0.07907
v 0.06292 0.04359 -0.07585
v 0.06780 0.04359 -0.07152
v 0.03193 0.04359 -0.09323
v 0.03849 0.04359 -0.09072
v 0.04294 0.04359 -0.08870
v 0.04900 0.04359 -0.08550
v 0.00869 0.04359 -0.09817
v 0.01598 0.04359 -0.09725
v 0.02046 0.04359 -0.09640
v 0.02743 0.04359 -0.09466
v -0.01505 0.04359 -0.09739
v -0.00743 0.04359 -0.09827
v -0.00320 0.04359 -0.09850
v 0.00431 0.04359 -0.09846
v -0.02668 0.04359 -0.09487
v -0.01906 0.04359 -0.09669
v -0.04487 0.04055 -0.08699
v -0.03766 0.04055 -0.09034
v -0.03933 0.02866 -0.07304
v -0.03192 0.02866 -0.07657
v -0.03310 0.02920 -0.07939
v -0.03943 0.02920 -0.07645
v -0.04824 0.02920 -0.07122
v -0.04833 0.02866 -0.06743
v -0.05637 0.02920 -0.06498
v -0.05654 0.02866 -0.06071
v -0.06369 0.02920 -0.05781
v -0.06383 0.02866 -0.05299
v -0.07011 0.02920 -0.04983
v -0.07007 0.02866 -0.04441
v -0.07554 0.02920 -0.04114
v -0.07516 0.02866 -0.03510
v -0.07990 0.02920 -0.03187
v -0.08312 0.02920 -0.02215
v -0.07903 0.02866 -0.02522
v -0.08516 0.02920 -0.01211
v -0.08160 0.02866 -0.01493
v -0.08600 0.02920 -0.00190
v -0.08284 0.02866 -0.00439
v -0.08561 0.02920 0.00834
v -0.08272 0.02866 0.00622
v -0.08401 0.02920 0.01846
v -0.08125 0.02866 0.01673
v -0.08123 0.02920 0.02831
v -0.07845 0.02866 0.02696
v -0.07728 0.02920 0.03777
v -0.07437 0.02866 0.03675
v -0.07224 0.02920 0.04669
v -0.06907 0.02866 0.04595
v -0.06618 0.02920 0.05495
v -0.06264 0.02866 0.05439
v -0.05918 0.02920 0.06243
v -0.05519 0.02866 0.06194
v -0.05134 0.02920 0.06902
v -0.04683 0.02866 0.06848
v -0.04277 0.02920 0.07463
v -0.03771 0.02866 0.07389
v -0.03359 0.02920 0.07919
v -0.02797 0.02866 0.07810
v -0.02394 0.02920 0.08262
v -0.01395 0.02920 0.08488
v -0.01777 0.02866 0.08103
v -0.00376 0.02920 0.08594
v -0.00728 0.02866 0.08264
v 0.00648 0.02920 0.08577
v 0.00333 0.02866 0.08289
v 0.01663 0.02920 0.08440
v 0.01388 0.02866 0.08179
v 0.02655 0.02920 0.08182
v 0.02421 0.02866 0.07935
v 0.03310 0.02920 0.07939
v 0.03192 0.02866 0.07657
v 0.03766 0.04055 0.09034
v 0.03021 0.04055 0.09310
v 0.01893 0.04055 0.09603
v 0.00738 0.04055 0.09760
v -0.00428 0.04055 0.09778
v -0.01587 0.04055 0.09658
v -0.02724 0.04055 0.09401
v -0.03823 0.04055 0.09010
v -0.04867 0.04055 0.08492
v -0.05842 0.04055 0.07853
v -0.06734 0.04055 0.07103
v -0.07531 0.04055 0.06252
v -0.08220 0.04055 0.05313
v -0.08794 0.04055 0.04298
v -0.09560 0.04055 0.02100
v -0.09242 0.04055 0.03222
v -0.09742 0.04055 0.00949
v -0.09785 0.04055 -0.00216
v -0.09690 0.04055 -0.01378
v -0.09458 0.04055 -0.02520
v -0.09091 0.04055 -0.03626
v -0.08595 0.04055 -0.04682
v -0.07978 0.04055 -0.05670
v -0.07247 0.04055 -0.06578
v -0.06414 0.04055 -0.07393
v -0.05489 0.04055 -0.08103
v 0.03697 0.03668 0.08869
v 0.02965 0.03668 0.09139
v 0.01858 0.03668 0.09427
v 0.00724 0.03668 0.09581
v -0.00420 0.03668 0.09599
v -0.01558 0.03668 0.09481
v -0.02674 0.03668 0.09229
v -0.03753 0.03668 0.08845
v -0.04777 0.03668 0.08337
v -0.05735 0.03668 0.07709
v -0.06610 0.03668 0.06973
v -0.07393 0.03668 0.06138
v -0.08070 0.03668 0.05215
v -0.08633 0.03668 0.04219
v -0.09073 0.03668 0.03163
v -0.09385 0.03668 0.02062
v -0.09563 0.03668 0.00931
v -0.09606 0.03668 -0.00212
v -0.09513 0.03668 -0.01353
v -0.09284 0.03668 -0.02474
v -0.08924 0.03668 -0.03560
v -0.08438 0.03668 -0.04596
v -0.07832 0.03668 -0.05566
v -0.07114 0.03668 -0.06458
v -0.06296 0.03668 -0.07258
v -0.05389 0.03668 -0.07955
v -0.04405 0.03668 -0.08539
v -0.03697 0.03668 -0.08868
v 0.03594 0.03337 0.08620
v 0.02882 0.03337 0.08883
v 0.01806 0.03337 0.09163
v 0.00704 0.03337 0.09313
v -0.00408 0.03337 0.09330
v -0.01515 0.03337 0.09216
v -0.02599 0.03337 0.08970
v -0.03647 0.03337 0.08597
v -0.04644 0.03337 0.08103
v -0.05574 0.03337 0.07493
v -0.06425 0.03337 0.06778
v -0.07185 0.03337 0.05966
v -0.07844 0.03337 0.05069
v -0.08391 0.03337 0.04101
v -0.08819 0.03337 0.03074
v -0.09122 0.03337 0.02004
v -0.09295 0.03337 0.00905
v -0.09337 0.03337 -0.00206
v -0.09246 0.03337 -0.01315
v -0.09024 0.03337 -0.02404
v -0.08674 0.03337 -0.03460
v -0.08202 0.03337 -0.04467
v -0.07612 0.03337 -0.05410
v -0.06915 0.03337 -0.06277
v -0.06120 0.03337 -0.07054
v -0.05238 0.03337 -0.07732
v -0.04281 0.03337 -0.08300
v -0.03594 0.03337 -0.08620
v 0.03462 0.03082 0.08304
v 0.02777 0.03082 0.08557
v 0.01740 0.03082 0.08827
v 0.00678 0.03082 0.08971
v -0.00393 0.03082 0.08988
v -0.01459 0.03082 0.08878
v -0.02504 0.03082 0.08641
v -0.03514 0.03082 0.08282
v -0.04473 0.03082 0.07806
v -0.05369 0.03082 0.07219
v -0.06190 0.03082 0.06529
v -0.06922 0.03082 0.05747
v -0.07556 0.03082 0.04883
v -0.08083 0.03082 0.03950
v -0.08495 0.03082 0.02961
v -0.08787 0.03082 0.01930
v -0.08954 0.03082 0.00872
v -0.08994 0.03082 -0.00199
v -0.08907 0.03082 -0.01266
v -0.08693 0.03082 -0.02316
v -0.08356 0.03082 -0.03333
v -0.07901 0.03082 -0.04303
v -0.07333 0.03082 -0.05212
v -0.06661 0.03082 -0.06047
v -0.05895 0.03082 -0.06796
v -0.05046 0.03082 -0.07448
v -0.04124 0.03082 -0.07995
v -0.03462 0.03082 -0.08304
v 0.08794 0.04055 -0.04298
v 0.03944 0.02920 0.07645
v 0.03933 0.02866 0.07304
v 0.04824 0.02920 0.07122
v 0.04833 0.02866 0.06743
v 0.05637 0.02920 0.06498
v 0.05654 0.02866 0.06071
v 0.06369 0.02920 0.05781
v 0.06383 0.02866 0.05299
v 0.07011 0.02920 0.04983
v 0.07007 0.02866 0.04441
v 0.07554 0.02920 0.04114
v 0.07516 0.02866 0.03510
v 0.07990 0.02920 0.03187
v 0.08312 0.02920 0.02215
v 0.07903 0.02866 0.02522
v 0.08516 0.02920 0.01211
v 0.08160 0.02866 0.01493
v 0.08600 0.02920 0.00190
v 0.08284 0.02866 0.00439
v 0.08561 0.02920 -0.00834
v 0.08273 0.02866 -0.00622
v 0.08402 0.02920 -0.01846
v 0.08125 0.02866 -0.01673
v 0.08123 0.02920 -0.02831
v 0.07846 0.02866 -0.02696
v 0.07728 0.02920 -0.03777
v 0.07437 0.02866 -0.03675
v 0.07224 0.02920 -0.04669
v 0.06907 0.02866 -0.04595
v 0.06618 0.02920 -0.05495
v 0.06264 0.02866 -0.05439
v 0.05918 0.02920 -0.06242
v 0.05519 0.02866 -0.06194
v 0.05134 0.02920 -0.06902
v 0.04683 0.02866 -0.06848
v 0.04277 0.02920 -0.07463
v 0.03771 0.02866 -0.07389
v 0.03360 0.02920 -0.07919
v 0.02797 0.02866 -0.07810
v 0.02394 0.02920 -0.08262
v 0.01395 0.02920 -0.08488
v 0.01777 0.02866 -0.08103
v 0.00376 0.02920 -0.08594
v 0.00728 0.02866 -0.08264
v -0.00648 0.02920 -0.08577
v -0.00333 0.02866 -0.08289
v -0.01663 0.02920 -0.08439
v -0.01388 0.02866 -0.08179
v -0.02655 0.02920 -0.08182
v -0.02421 0.02866 -0.07935
v -0.03021 0.04055 -0.09310
v -0.01893 0.04055 -0.09603
v -0.00737 0.04055 -0.09760
v 0.00428 0.04055 -0.09778
v 0.01587 0.04055 -0.09658
v 0.02724 0.04055 -0.09401
v 0.03823 0.04055 -0.09010
v 0.04867 0.04055 -0.08492
v 0.05842 0.04055 -0.07853
v 0.06734 0.04055 -0.07103
v 0.07531 0.04055 -0.06252
v 0.08220 0.04055 -0.05313
v 0.09242 0.04055 -0.03222
v 0.09560 0.04055 -0.02100
v 0.09742 0.04055 -0.00949
v 0.09785 0.04055 0.00216
v 0.09690 0.04055 0.01378
v 0.09458 0.04055 0.02520
v 0.09091 0.04055 0.03627
v 0.08596 0.04055 0.04682
v 0.07978 0.04055 0.05670
v 0.07247 0.04055 0.06578
v 0.06414 0.04055 0.07393
v 0.05489 0.04055 0.08103
v 0.04487 0.04055 0.08699
v -0.02965 0.03668 -0.09139
v -0.01858 0.03668 -0.09427
v -0.00724 0.03668 -0.09581
v 0.00420 0.03668 -0.09599
v 0.01558 0.03668 -0.09481
v 0.02674 0.03668 -0.09229
v 0.03753 0.03668 -0.08845
v 0.04778 0.03668 -0.08336
v 0.05735 0.03668 -0.07709
v 0.06611 0.03668 -0.06973
v 0.07393 0.03668 -0.06138
v 0.08070 0.03668 -0.05215
v 0.08633 0.03668 -0.04219
v 0.09073 0.03668 -0.03163
v 0.09385 0.03668 -0.02062
v 0.09563 0.03668 -0.00931
v 0.09606 0.03668 0.00212
v 0.09513 0.03668 0.01353
v 0.09285 0.03668 0.02474
v 0.08925 0.03668 0.03560
v 0.08438 0.03668 0.04596
v 0.07832 0.03668 0.05566
v 0.07115 0.03668 0.06458
v 0.06296 0.03668 0.07258
v 0.05389 0.03668 0.07955
v 0.04405 0.03668 0.08539
v -0.02882 0.03337 -0.08883
v -0.01806 0.03337 -0.09163
v -0.00704 0.03337 -0.09313
v 0.00408 0.03337 -0.09330
v 0.01515 0.03337 -0.09215
v 0.02600 0.03337 -0.08970
v 0.03647 0.03337 -0.08597
v 0.04644 0.03337 -0.08103
v 0.05574 0.03337 -0.07493
v 0.06425 0.03337 -0.06778
v 0.07185 0.03337 -0.05966
v 0.07844 0.03337 -0.05069
v 0.08391 0.03337 -0.04101
v 0.08819 0.03337 -0.03074
v 0.09122 0.03337 -0.02004
v 0.09295 0.03337 -0.00905
v 0.09337 0.03337 0.00206
v 0.09246 0.03337 0.01315
v 0.09024 0.03337 0.02405
v 0.08674 0.03337 0.03460
v 0.08202 0.03337 0.04467
v 0.07612 0.03337 0.05410
v 0.06915 0.03337 0.06277
v 0.06120 0.03337 0.07055
v 0.05238 0.03337 0.07732
v 0.04282 0.03337 0.08300
v -0.02777 0.03082 -0.08557
v -0.01740 0.03082 -0.08827
v -0.00678 0.03082 -0.08971
v 0.00393 0.03082 -0.08988
v 0.01459 0.03082 -0.08877
v 0.02504 0.03082 -0.08641
v 0.03514 0.03082 -0.08282
v 0.04473 0.03082 -0.07806
v 0.05370 0.03082 -0.07218
v 0.06190 0.03082 -0.06529
v 0.06922 0.03082 -0.05747
v 0.07556 0.03082 -0.04883
v 0.08083 0.03082 -0.03950
v 0.08495 0.03082 -0.02961
v 0.08787 0.03082 -0.01930
v 0.08954 0.03082 -0.00872
v 0.08994 0.03082 0.00199
v 0.08907 0.03082 0.01266
v 0.08693 0.03082 0.02316
v 0.08356 0.03082 0.03333
v 0.07901 0.03082 0.04303
v 0.07333 0.03082 0.05212
v 0.06661 0.03082 0.06047
v 0.05895 0.03082 0.06796
v 0.05046 0.03082 0.07448
v 0.04125 0.03082 0.07995
v -0.03059 0.02860 -0.07338
v -0.03769 0.02860 -0.07000
v -0.04632 0.02860 -0.06462
v -0.05418 0.02860 -0.05818
v -0.06117 0.02860 -0.05078
v -0.06715 0.02860 -0.04256
v -0.07203 0.02860 -0.03364
v -0.07574 0.02860 -0.02417
v -0.07820 0.02860 -0.01431
v -0.07939 0.02860 -0.00421
v -0.07928 0.02860 0.00596
v -0.07787 0.02860 0.01603
v -0.07519 0.02860 0.02584
v -0.07338 0.02860 0.03059
v 0.03059 0.02860 0.07338
v 0.02320 0.02860 0.07604
v 0.01330 0.02860 0.07838
v 0.00319 0.02860 0.07944
v -0.00698 0.02860 0.07920
v -0.01703 0.02860 0.07766
v -0.02680 0.02860 0.07485
v -0.03614 0.02860 0.07082
v -0.04488 0.02860 0.06562
v -0.05289 0.02860 0.05936
v -0.06003 0.02860 0.05212
v -0.06619 0.02860 0.04403
v -0.07127 0.02860 0.03522
v 0.07519 0.02860 -0.02584
v 0.07787 0.02860 -0.01603
v 0.07928 0.02860 -0.00596
v 0.07939 0.02860 0.00421
v 0.07820 0.02860 0.01431
v 0.07574 0.02860 0.02417
v 0.07203 0.02860 0.03364
v 0.06715 0.02860 0.04256
v 0.06117 0.02860 0.05079
v 0.05419 0.02860 0.05818
v 0.04632 0.02860 0.06462
v 0.03769 0.02860 0.07000
v -0.02320 0.02860 -0.07604
v -0.01330 0.02860 -0.07838
v -0.00319 0.02860 -0.07944
v 0.00698 0.02860 -0.07919
v 0.01703 0.02860 -0.07766
v 0.02680 0.02860 -0.07485
v 0.03614 0.02860 -0.07081
v 0.04488 0.02860 -0.06562
v 0.05289 0.02860 -0.05936
v 0.06003 0.02860 -0.05212
v 0.06620 0.02860 -0.04403
v 0.07127 0.02860 -0.03522
v 0.07338 0.02860 -0.03059
v 0.03051 0.02860 0.07317
v 0.02238 0.02860 0.07605
v 0.01211 0.02860 0.07834
v 0.00162 0.02860 0.07926
v -0.00890 0.02860 0.07877
v -0.01926 0.02860 0.07690
v -0.02928 0.02860 0.07367
v -0.03878 0.02860 0.06914
v -0.04760 0.02860 0.06339
v -0.05559 0.02860 0.05652
v -0.06259 0.02860 0.04866
v -0.06848 0.02860 0.03993
v -0.07317 0.02860 0.03051
v -0.07657 0.02860 0.02054
v -0.07861 0.02860 0.01021
v -0.07927 0.02860 -0.00030
v -0.07853 0.02860 -0.01080
v -0.07641 0.02860 -0.02111
v -0.07294 0.02860 -0.03105
v -0.06818 0.02860 -0.04044
v -0.06222 0.02860 -0.04912
v -0.05516 0.02860 -0.05693
v -0.04713 0.02860 -0.06374
v -0.03827 0.02860 -0.06943
v -0.03051 0.02860 -0.07317
v -0.02238 0.02860 -0.07605
v -0.01211 0.02860 -0.07834
v -0.00162 0.02860 -0.07926
v 0.00890 0.02860 -0.07877
v 0.01926 0.02860 -0.07690
v 0.02928 0.02860 -0.07367
v 0.03879 0.02860 -0.06914
v 0.04761 0.02860 -0.06339
v 0.05559 0.02860 -0.05652
v 0.06259 0.02860 -0.04866
v 0.06848 0.02860 -0.03993
v 0.07317 0.02860 -0.03051
v 0.07657 0.02860 -0.02054
v 0.07861 0.02860 -0.01021
v 0.07927 0.02860 0.00030
v 0.07853 0.02860 0.01080
v 0.07641 0.02860 0.02111
v 0.07294 0.02860 0.03105
v 0.06818 0.02860 0.04044
v 0.06222 0.02860 0.04912
v 0.05516 0.02860 0.05694
v 0.04713 0.02860 0.06374
v 0.03827 0.02860 0.06943
v -0.03748 0.02882 -0.06632
v -0.02931 0.02882 -0.07031
v -0.07217 0.02882 0.02439
v -0.07358 0.02882 0.01974
v -0.07484 0.02882 0.01421
v -0.07609 0.02882 0.00376
v -0.07588 0.02882 -0.00676
v -0.07422 0.02882 -0.01715
v -0.07115 0.02882 -0.02721
v -0.06673 0.02882 -0.03676
v -0.06102 0.02882 -0.04560
v -0.05416 0.02882 -0.05357
v -0.04626 0.02882 -0.06052
v -0.07031 0.02882 0.02932
v -0.06812 0.02882 0.03410
v -0.06581 0.02882 0.03837
v -0.06277 0.02882 0.04316
v -0.05623 0.02882 0.05140
v -0.04861 0.02882 0.05866
v -0.04006 0.02882 0.06480
v -0.03075 0.02882 0.06970
v -0.02085 0.02882 0.07327
v -0.01056 0.02882 0.07545
v -0.00006 0.02882 0.07618
v 0.01043 0.02882 0.07546
v 0.02073 0.02882 0.07330
v 0.02932 0.02882 0.07031
v 0.07217 0.02882 -0.02439
v 0.07358 0.02882 -0.01974
v 0.07484 0.02882 -0.01421
v 0.07609 0.02882 -0.00376
v 0.07588 0.02882 0.00676
v 0.07423 0.02882 0.01715
v 0.07115 0.02882 0.02721
v 0.06673 0.02882 0.03676
v 0.06103 0.02882 0.04560
v 0.05416 0.02882 0.05357
v 0.04626 0.02882 0.06053
v 0.03748 0.02882 0.06632
v 0.07031 0.02882 -0.02931
v 0.06812 0.02882 -0.03410
v 0.06581 0.02882 -0.03837
v 0.06277 0.02882 -0.04316
v 0.05623 0.02882 -0.05140
v 0.04861 0.02882 -0.05866
v 0.04006 0.02882 -0.06480
v 0.03075 0.02882 -0.06970
v 0.02086 0.02882 -0.07327
v 0.01056 0.02882 -0.07544
v 0.00006 0.02882 -0.07618
v -0.01043 0.02882 -0.07546
v -0.02073 0.02882 -0.07330
v -0.02461 0.03157 -0.05902
v -0.02694 0.02995 -0.06462
v -0.03146 0.03157 -0.05567
v -0.03444 0.02995 -0.06095
v -0.03883 0.03157 -0.05081
v -0.04251 0.02995 -0.05562
v -0.04546 0.03157 -0.04497
v -0.04977 0.02995 -0.04923
v -0.05122 0.03157 -0.03828
v -0.05608 0.02995 -0.04190
v -0.06539 0.02995 -0.02501
v -0.05809 0.03157 -0.02674
v -0.06132 0.02995 -0.03378
v -0.05601 0.03157 -0.03085
v -0.05343 0.03157 -0.03513
v -0.02826 0.02995 0.06405
v -0.02581 0.03157 0.05851
v -0.03682 0.02995 0.05955
v -0.03363 0.03157 0.05439
v -0.04467 0.02995 0.05391
v -0.04080 0.03157 0.04924
v -0.05167 0.02995 0.04724
v -0.04720 0.03157 0.04315
v -0.05769 0.02995 0.03967
v -0.05269 0.03157 0.03623
v -0.06260 0.02995 0.03134
v -0.05718 0.03157 0.02863
v -0.06632 0.02995 0.02241
v -0.06058 0.03157 0.02047
v -0.06878 0.02995 0.01306
v -0.06282 0.03157 0.01193
v -0.06992 0.02995 0.00346
v -0.06387 0.03157 0.00316
v -0.06973 0.02995 -0.00621
v -0.06369 0.03157 -0.00567
v -0.06821 0.02995 -0.01576
v -0.06231 0.03157 -0.01439
v -0.05973 0.03157 -0.02284
v -0.00970 0.02995 0.06933
v -0.01265 0.03157 0.06268
v -0.01917 0.02995 0.06733
v -0.01751 0.03157 0.06150
v -0.02189 0.03157 0.06008
v 0.02694 0.02995 0.06462
v 0.02461 0.03157 0.05902
v 0.01905 0.02995 0.06737
v 0.01740 0.03157 0.06153
v 0.00959 0.02995 0.06935
v 0.00876 0.03157 0.06334
v -0.00006 0.02995 0.07001
v -0.00005 0.03157 0.06395
v -0.00886 0.03157 0.06333
v 0.03146 0.03157 0.05567
v 0.03444 0.02995 0.06095
v 0.03883 0.03157 0.05081
v 0.04251 0.02995 0.05562
v 0.04546 0.03157 0.04497
v 0.04977 0.02995 0.04923
v 0.05123 0.03157 0.03828
v 0.05608 0.02995 0.04191
v 0.06539 0.02995 0.02501
v 0.05809 0.03157 0.02674
v 0.06132 0.02995 0.03378
v 0.05601 0.03157 0.03085
v 0.05343 0.03157 0.03513
v 0.02826 0.02995 -0.06405
v 0.02581 0.03157 -0.05850
v 0.03682 0.02995 -0.05955
v 0.03363 0.03157 -0.05439
v 0.04467 0.02995 -0.05390
v 0.04080 0.03157 -0.04924
v 0.05167 0.02995 -0.04724
v 0.04720 0.03157 -0.04315
v 0.05769 0.02995 -0.03966
v 0.05269 0.03157 -0.03623
v 0.06260 0.02995 -0.03134
v 0.05718 0.03157 -0.02862
v 0.06632 0.02995 -0.02241
v 0.06058 0.03157 -0.02047
v 0.06878 0.02995 -0.01306
v 0.06282 0.03157 -0.01193
v 0.06992 0.02995 -0.00346
v 0.06387 0.03157 -0.00316
v 0.06973 0.02995 0.00621
v 0.06370 0.03157 0.00567
v 0.06821 0.02995 0.01576
v 0.06231 0.03157 0.01439
v 0.05973 0.03157 0.02284
v 0.00971 0.02995 -0.06933
v 0.01265 0.03157 -0.06268
v 0.01917 0.02995 -0.06733
v 0.01751 0.03157 -0.06150
v 0.02189 0.03157 -0.06008
v -0.01905 0.02995 -0.06737
v -0.01740 0.03157 -0.06153
v -0.00959 0.02995 -0.06935
v -0.00876 0.03157 -0.06334
v 0.00006 0.02995 -0.07001
v 0.00005 0.03157 -0.06395
v 0.00886 0.03157 -0.06333
v 0.02396 0.03362 0.05747
v -0.00304 0.03362 0.06219
v 0.00630 0.03362 0.06195
v 0.01550 0.03362 0.06031
v -0.01232 0.03362 0.06104
v -0.02132 0.03362 0.05851
v -0.02983 0.03362 0.05466
v -0.03768 0.03362 0.04957
v -0.04467 0.03362 0.04338
v -0.05066 0.03362 0.03620
v -0.05551 0.03362 0.02821
v -0.05911 0.03362 0.01958
v -0.06137 0.03362 0.01051
v -0.06226 0.03362 0.00121
v -0.06173 0.03362 -0.00813
v -0.05982 0.03362 -0.01727
v -0.05656 0.03362 -0.02603
v -0.05203 0.03362 -0.03421
v -0.04632 0.03362 -0.04161
v -0.03957 0.03362 -0.04808
v -0.03193 0.03362 -0.05346
v -0.02396 0.03362 -0.05747
v -0.02294 0.03516 -0.05502
v -0.02193 0.03560 -0.05261
v -0.03057 0.03516 -0.05118
v -0.02923 0.03560 -0.04894
v -0.03789 0.03516 -0.04603
v -0.03622 0.03560 -0.04401
v -0.04435 0.03516 -0.03984
v -0.04240 0.03560 -0.03809
v -0.04981 0.03516 -0.03275
v -0.04763 0.03560 -0.03132
v -0.05415 0.03516 -0.02493
v -0.05178 0.03560 -0.02383
v -0.05727 0.03516 -0.01654
v -0.05476 0.03560 -0.01581
v -0.05911 0.03516 -0.00778
v -0.05651 0.03560 -0.00744
v -0.05960 0.03516 0.00116
v -0.05699 0.03560 0.00110
v -0.05876 0.03516 0.01006
v -0.05618 0.03560 0.00962
v -0.05659 0.03516 0.01875
v -0.05411 0.03560 0.01792
v -0.05315 0.03516 0.02701
v -0.05082 0.03560 0.02582
v -0.04851 0.03516 0.03466
v -0.04638 0.03560 0.03314
v -0.04277 0.03516 0.04153
v -0.04090 0.03560 0.03970
v -0.03608 0.03516 0.04746
v -0.03449 0.03560 0.04538
v -0.02856 0.03516 0.05233
v -0.02731 0.03560 0.05003
v -0.02041 0.03516 0.05601
v -0.01951 0.03560 0.05356
v -0.01179 0.03516 0.05844
v -0.01128 0.03560 0.05587
v -0.00291 0.03516 0.05954
v -0.00279 0.03560 0.05693
v 0.00603 0.03516 0.05931
v 0.00577 0.03560 0.05671
v 0.01484 0.03516 0.05774
v 0.01419 0.03560 0.05521
v 0.02294 0.03516 0.05503
v 0.02193 0.03560 0.05261
v 0.00305 0.03362 -0.06219
v -0.00630 0.03362 -0.06195
v -0.01550 0.03362 -0.06031
v 0.01232 0.03362 -0.06104
v 0.02132 0.03362 -0.05850
v 0.02984 0.03362 -0.05465
v 0.03768 0.03362 -0.04957
v 0.04468 0.03362 -0.04337
v 0.05067 0.03362 -0.03620
v 0.05551 0.03362 -0.02821
v 0.05911 0.03362 -0.01958
v 0.06137 0.03362 -0.01051
v 0.06226 0.03362 -0.00121
v 0.06174 0.03362 0.00813
v 0.05982 0.03362 0.01727
v 0.05656 0.03362 0.02604
v 0.05203 0.03362 0.03421
v 0.04632 0.03362 0.04161
v 0.03957 0.03362 0.04808
v 0.03193 0.03362 0.05346
v 0.03057 0.03516 0.05118
v 0.02923 0.03560 0.04894
v 0.03789 0.03516 0.04603
v 0.03622 0.03560 0.04401
v 0.04435 0.03516 0.03984
v 0.04240 0.03560 0.03809
v 0.04981 0.03516 0.03275
v 0.04763 0.03560 0.03132
v 0.05415 0.03516 0.02493
v 0.05178 0.03560 0.02383
v 0.05728 0.03516 0.01654
v 0.05476 0.03560 0.01581
v 0.05911 0.03516 0.00778
v 0.05651 0.03560 0.00744
v 0.05960 0.03516 -0.00115
v 0.05699 0.03560 -0.00110
v 0.05876 0.03516 -0.01006
v 0.05618 0.03560 -0.00962
v 0.05659 0.03516 -0.01875
v 0.05411 0.03560 -0.01792
v 0.05315 0.03516 -0.02701
v 0.05082 0.03560 -0.02582
v 0.04851 0.03516 -0.03466
v 0.04638 0.03560 -0.03314
v 0.04277 0.03516 -0.04153
v 0.04090 0.03560 -0.03970
v 0.03608 0.03516 -0.04746
v 0.03449 0.03560 -0.04538
v 0.02856 0.03516 -0.05233
v 0.02731 0.03560 -0.05003
v 0.02041 0.03516 -0.05601
v 0.01951 0.03560 -0.05356
v 0.01180 0.03516 -0.05844
v 0.01128 0.03560 -0.05587
v 0.00292 0.03516 -0.05954
v 0.00279 0.03560 -0.05693
v -0.00603 0.03516 -0.05931
v -0.00577 0.03560 -0.05671
v -0.01484 0.03516 -0.05774
v -0.01419 0.03560 -0.05521
v -0.01378 0.03560 0.04965
v -0.00546 0.03560 0.05124
v 0.00301 0.03560 0.05144
v 0.01139 0.03560 0.05025
v 0.01947 0.03560 0.04771
v 0.01983 0.03560 0.04756
v -0.04497 0.03560 -0.02516
v -0.04848 0.03560 -0.01745
v -0.05068 0.03560 -0.00927
v -0.05152 0.03560 -0.00084
v -0.05096 0.03560 0.00761
v -0.04903 0.03560 0.01585
v -0.04577 0.03560 0.02367
v -0.04127 0.03560 0.03085
v -0.03566 0.03560 0.03719
v -0.02909 0.03560 0.04253
v -0.02173 0.03560 0.04672
v -0.02018 0.03560 -0.04741
v -0.02768 0.03560 -0.04346
v -0.03442 0.03560 -0.03834
v -0.04024 0.03560 -0.03218
v 0.01378 0.03560 -0.04965
v 0.00546 0.03560 -0.05124
v -0.00301 0.03560 -0.05144
v -0.01139 0.03560 -0.05025
v -0.01947 0.03560 -0.04771
v -0.01983 0.03560 -0.04756
v 0.04497 0.03560 0.02516
v 0.04024 0.03560 0.03218
v 0.03442 0.03560 0.03834
v 0.02768 0.03560 0.04346
v 0.02018 0.03560 0.04741
v 0.04848 0.03560 0.01745
v 0.05069 0.03560 0.00927
v 0.05152 0.03560 0.00085
v 0.05096 0.03560 -0.00761
v 0.04903 0.03560 -0.01585
v 0.04577 0.03560 -0.02367
v 0.04127 0.03560 -0.03085
v 0.03566 0.03560 -0.03719
v 0.02909 0.03560 -0.04253
v 0.02173 0.03560 -0.04672
v 0.01689 0.03798 0.04050
v 0.01319 0.03798 0.04186
v 0.01319 0.03648 0.04186
v 0.00256 0.03798 0.04381
v 0.00256 0.03648 0.04381
v -0.00822 0.03798 0.04311
v -0.00822 0.03648 0.04311
v -0.01850 0.03798 0.03979
v -0.01850 0.03648 0.03979
v -0.02767 0.03798 0.03406
v -0.02767 0.03648 0.03406
v -0.03515 0.03798 0.02627
v -0.03515 0.03648 0.02627
v -0.04050 0.03798 0.01689
v -0.04340 0.03798 0.00648
v -0.04340 0.03648 0.00648
v -0.04367 0.03798 -0.00432
v -0.04367 0.03648 -0.00432
v -0.04129 0.03798 -0.01486
v -0.04129 0.03648 -0.01486
v -0.03641 0.03798 -0.02450
v -0.03641 0.03648 -0.02450
v -0.02932 0.03798 -0.03265
v -0.02932 0.03648 -0.03265
v -0.02045 0.03798 -0.03883
v -0.02045 0.03648 -0.03883
v -0.01689 0.03798 -0.04050
v 0.01872 0.03798 0.04491
v 0.01895 0.03688 0.04544
v 0.01906 0.03798 0.04477
v 0.01929 0.03688 0.04530
v 0.02613 0.03798 0.04104
v 0.02645 0.03688 0.04153
v 0.03250 0.03798 0.03620
v 0.03289 0.03688 0.03664
v 0.03800 0.03798 0.03039
v 0.03845 0.03688 0.03075
v 0.04246 0.03798 0.02376
v 0.04297 0.03688 0.02404
v 0.04578 0.03798 0.01648
v 0.04632 0.03688 0.01667
v 0.04786 0.03798 0.00876
v 0.04843 0.03688 0.00886
v 0.04865 0.03798 0.00080
v 0.04923 0.03688 0.00081
v 0.04812 0.03798 -0.00718
v 0.04870 0.03688 -0.00727
v 0.04629 0.03798 -0.01497
v 0.04685 0.03688 -0.01515
v 0.04322 0.03798 -0.02235
v 0.04373 0.03688 -0.02262
v 0.03897 0.03798 -0.02913
v 0.03944 0.03688 -0.02947
v 0.03367 0.03798 -0.03512
v 0.03408 0.03688 -0.03554
v 0.02747 0.03798 -0.04016
v 0.02779 0.03688 -0.04064
v 0.02052 0.03798 -0.04412
v 0.02076 0.03688 -0.04464
v 0.01301 0.03798 -0.04688
v 0.01317 0.03688 -0.04744
v 0.00516 0.03798 -0.04838
v 0.00522 0.03688 -0.04896
v -0.00284 0.03798 -0.04857
v -0.00287 0.03688 -0.04915
v -0.01076 0.03798 -0.04745
v -0.01089 0.03688 -0.04801
v -0.01839 0.03798 -0.04505
v -0.01860 0.03688 -0.04558
v -0.01872 0.03798 -0.04491
v -0.01895 0.03688 -0.04544
v 0.01937 0.03596 0.04646
v 0.01972 0.03596 0.04632
v 0.02704 0.03596 0.04246
v 0.03363 0.03596 0.03746
v 0.03931 0.03596 0.03144
v 0.04393 0.03596 0.02458
v 0.04737 0.03596 0.01705
v 0.04952 0.03596 0.00906
v 0.05033 0.03596 0.00083
v 0.04979 0.03596 -0.00743
v 0.04790 0.03596 -0.01549
v 0.04471 0.03596 -0.02312
v 0.04032 0.03596 -0.03014
v 0.03484 0.03596 -0.03633
v 0.02842 0.03596 -0.04155
v 0.02123 0.03596 -0.04565
v 0.01346 0.03596 -0.04851
v 0.00533 0.03596 -0.05006
v -0.00294 0.03596 -0.05025
v -0.01113 0.03596 -0.04909
v -0.01902 0.03596 -0.04661
v -0.01937 0.03596 -0.04646
v -0.01906 0.03798 -0.04476
v -0.01928 0.03688 -0.04530
v -0.02613 0.03798 -0.04104
v -0.02644 0.03688 -0.04153
v -0.03250 0.03798 -0.03620
v -0.03289 0.03688 -0.03663
v -0.03799 0.03798 -0.03039
v -0.03845 0.03688 -0.03075
v -0.04246 0.03798 -0.02375
v -0.04297 0.03688 -0.02404
v -0.04578 0.03798 -0.01648
v -0.04632 0.03688 -0.01667
v -0.04786 0.03798 -0.00876
v -0.04843 0.03688 -0.00886
v -0.04865 0.03798 -0.00080
v -0.04923 0.03688 -0.00081
v -0.04812 0.03798 0.00718
v -0.04869 0.03688 0.00727
v -0.04629 0.03798 0.01497
v -0.04685 0.03688 0.01515
v -0.04322 0.03798 0.02235
v -0.04373 0.03688 0.02262
v -0.03897 0.03798 0.02913
v -0.03944 0.03688 0.02948
v -0.03367 0.03798 0.03512
v -0.03407 0.03688 0.03554
v -0.02746 0.03798 0.04016
v -0.02779 0.03688 0.04064
v -0.02051 0.03798 0.04412
v -0.02076 0.03688 0.04464
v -0.01301 0.03798 0.04688
v -0.01317 0.03688 0.04744
v -0.00515 0.03798 0.04838
v -0.00522 0.03688 0.04896
v 0.00284 0.03798 0.04857
v 0.00287 0.03688 0.04915
v 0.01076 0.03798 0.04745
v 0.01089 0.03688 0.04802
v 0.01839 0.03798 0.04505
v 0.01861 0.03688 0.04558
v -0.01972 0.03596 -0.04632
v -0.02704 0.03596 -0.04246
v -0.03363 0.03596 -0.03746
v -0.03931 0.03596 -0.03144
v -0.04393 0.03596 -0.02458
v -0.04736 0.03596 -0.01705
v -0.04952 0.03596 -0.00906
v -0.05033 0.03596 -0.00082
v -0.04979 0.03596 0.00743
v -0.04790 0.03596 0.01549
v -0.04471 0.03596 0.02312
v -0.04032 0.03596 0.03014
v -0.03484 0.03596 0.03634
v -0.02842 0.03596 0.04155
v -0.02123 0.03596 0.04565
v -0.01346 0.03596 0.04851
v -0.00533 0.03596 0.05006
v 0.00294 0.03596 0.05025
v 0.01113 0.03596 0.04909
v 0.01902 0.03596 0.04661
v 0.02767 0.03798 -0.03406
v 0.01850 0.03798 -0.03979
v 0.00822 0.03798 -0.04311
v 0.03641 0.03798 0.02450
v 0.04129 0.03798 0.01486
v 0.04367 0.03798 0.00432
v 0.02045 0.03798 0.03883
v 0.02932 0.03798 0.03265
v 0.04340 0.03798 -0.00648
v 0.04050 0.03798 -0.01689
v 0.03515 0.03798 -0.02627
v -0.00256 0.03798 -0.04381
v -0.01319 0.03798 -0.04185
v -0.01319 0.03648 -0.04185
v -0.00256 0.03648 -0.04381
v 0.00822 0.03648 -0.04311
v 0.01850 0.03648 -0.03979
v 0.02767 0.03648 -0.03406
v 0.03515 0.03648 -0.02627
v 0.04340 0.03648 -0.00648
v 0.04367 0.03648 0.00432
v 0.04129 0.03648 0.01486
v 0.03641 0.03648 0.02450
v 0.02932 0.03648 0.03265
v 0.02045 0.03648 0.03883
v 0.04088 0.04472 -0.00779
v 0.04116 0.04472 -0.00614
v 0.03571 0.04472 0.02137
v 0.03453 0.04472 0.02324
v 0.01601 0.04472 0.03841
v 0.01944 0.04472 0.03680
v 0.02577 0.04472 0.03268
v 0.02780 0.04472 0.03097
v 0.03126 0.04472 0.02748
v 0.03899 0.04472 0.01456
v 0.04098 0.04472 0.00726
v 0.04141 0.04472 0.00410
v 0.04162 0.04472 -0.00027
v 0.03880 0.04472 -0.01506
v 0.03841 0.04472 -0.01601
v 0.03431 0.04472 -0.02356
v 0.03800 0.04472 -0.01696
v 0.02368 0.04472 -0.03422
v 0.02624 0.04472 -0.03230
v 0.02948 0.04472 -0.02937
v 0.03333 0.04472 -0.02491
v 0.01710 0.04472 -0.03794
v 0.00996 0.04472 -0.04041
v 0.00780 0.04472 -0.04088
v 0.00248 0.04472 -0.04154
v -0.00243 0.04472 -0.04155
v -0.01601 0.04472 -0.03841
v -0.01246 0.04472 -0.03971
v -0.00507 0.04472 -0.04131
v -0.04088 0.04472 0.00779
v -0.04116 0.04472 0.00614
v -0.03571 0.04472 -0.02137
v -0.03453 0.04472 -0.02323
v -0.01944 0.04472 -0.03680
v -0.02577 0.04472 -0.03268
v -0.02780 0.04472 -0.03097
v -0.03126 0.04472 -0.02748
v -0.03899 0.04472 -0.01456
v -0.04098 0.04472 -0.00726
v -0.04141 0.04472 -0.00410
v -0.04162 0.04472 0.00027
v -0.03880 0.04472 0.01506
v -0.03841 0.04472 0.01601
v -0.03431 0.04472 0.02356
v -0.03800 0.04472 0.01696
v -0.02368 0.04472 0.03422
v -0.02624 0.04472 0.03231
v -0.02948 0.04472 0.02937
v -0.03333 0.04472 0.02492
v -0.01710 0.04472 0.03794
v -0.00996 0.04472 0.04041
v -0.00780 0.04472 0.04088
v -0.00248 0.04472 0.04154
v 0.00243 0.04472 0.04155
v 0.01246 0.04472 0.03971
v 0.00507 0.04472 0.04131
v 0.03754 0.04686 -0.01565
v 0.03792 0.04686 -0.01472
v -0.03129 0.05060 0.01305
v -0.03343 0.05026 0.01394
v -0.03307 0.05026 0.01476
v -0.03096 0.05060 0.01382
v -0.02985 0.05026 0.02050
v -0.02795 0.05060 0.01919
v -0.02565 0.05026 0.02556
v -0.02402 0.05060 0.02393
v -0.02061 0.05026 0.02978
v -0.01929 0.05060 0.02788
v -0.01488 0.05026 0.03302
v -0.01393 0.05060 0.03091
v -0.00866 0.05026 0.03516
v -0.00811 0.05060 0.03292
v -0.00216 0.05026 0.03615
v -0.00202 0.05060 0.03384
v 0.00441 0.05026 0.03594
v 0.00413 0.05060 0.03365
v 0.01084 0.05026 0.03455
v 0.01015 0.05060 0.03235
v 0.01691 0.05026 0.03202
v 0.01583 0.05060 0.02998
v 0.02243 0.05026 0.02843
v 0.02100 0.05060 0.02662
v 0.02720 0.05026 0.02391
v 0.02546 0.05060 0.02238
v 0.03108 0.05026 0.01859
v 0.02909 0.05060 0.01741
v 0.03393 0.05026 0.01267
v 0.03176 0.05060 0.01186
v 0.03566 0.05026 0.00632
v 0.03338 0.05060 0.00592
v 0.03621 0.05026 -0.00023
v 0.03390 0.05060 -0.00022
v 0.03557 0.05026 -0.00678
v 0.03330 0.05060 -0.00635
v 0.03376 0.05026 -0.01310
v 0.03161 0.05060 -0.01227
v 0.03343 0.05026 -0.01393
v 0.03129 0.05060 -0.01305
v 0.03996 0.04686 -0.00761
v 0.03490 0.04686 0.02089
v 0.03811 0.04686 0.01423
v 0.04005 0.04686 0.00710
v 0.04067 0.04686 -0.00026
v 0.03055 0.04686 0.02685
v 0.02519 0.04686 0.03194
v 0.01900 0.04686 0.03597
v 0.01218 0.04686 0.03881
v 0.00496 0.04686 0.04037
v -0.02315 0.04686 0.03345
v -0.01671 0.04686 0.03708
v -0.00973 0.04686 0.03949
v -0.00243 0.04686 0.04060
v -0.02881 0.04686 0.02871
v -0.03353 0.04686 0.02302
v -0.03714 0.04686 0.01658
v -0.03754 0.04686 0.01565
v -0.03577 0.04896 0.01491
v -0.03539 0.04896 0.01580
v -0.03195 0.04896 0.02194
v -0.02745 0.04896 0.02735
v -0.02205 0.04896 0.03187
v -0.01592 0.04896 0.03533
v -0.00927 0.04896 0.03763
v -0.00231 0.04896 0.03868
v 0.00472 0.04896 0.03846
v 0.01160 0.04896 0.03698
v 0.01810 0.04896 0.03427
v 0.02400 0.04896 0.03043
v 0.02911 0.04896 0.02558
v 0.03325 0.04896 0.01990
v 0.03630 0.04896 0.01355
v 0.03816 0.04896 0.00676
v 0.03875 0.04896 -0.00025
v 0.03807 0.04896 -0.00725
v 0.03613 0.04896 -0.01402
v 0.03577 0.04896 -0.01491
v -0.03431 0.05648 0.02356
v -0.03333 0.05648 0.02492
v -0.00996 0.05648 0.04041
v -0.00780 0.05648 0.04088
v 0.01601 0.05648 0.03841
v 0.01246 0.05648 0.03971
v 0.00507 0.05648 0.04131
v 0.00243 0.05648 0.04155
v -0.00248 0.05648 0.04154
v -0.01710 0.05648 0.03794
v -0.02368 0.05648 0.03422
v -0.02624 0.05648 0.03231
v -0.02948 0.05648 0.02937
v -0.03800 0.05648 0.01696
v -0.03841 0.05648 0.01601
v -0.04088 0.05648 0.00779
v -0.03880 0.05648 0.01506
v -0.04098 0.05648 -0.00726
v -0.04141 0.05648 -0.00410
v -0.04162 0.05648 0.00027
v -0.04116 0.05648 0.00614
v -0.03899 0.05648 -0.01456
v -0.03571 0.05648 -0.02137
v -0.03453 0.05648 -0.02323
v -0.03126 0.05648 -0.02748
v -0.02780 0.05648 -0.03097
v -0.01601 0.05648 -0.03841
v -0.01944 0.05648 -0.03680
v -0.02577 0.05648 -0.03268
v 0.03431 0.05648 -0.02356
v 0.03333 0.05648 -0.02491
v 0.00996 0.05648 -0.04041
v 0.00780 0.05648 -0.04088
v -0.01246 0.05648 -0.03971
v -0.00507 0.05648 -0.04131
v -0.00243 0.05648 -0.04155
v 0.00248 0.05648 -0.04154
v 0.01710 0.05648 -0.03794
v 0.02368 0.05648 -0.03422
v 0.02624 0.05648 -0.03230
v 0.02948 0.05648 -0.02937
v 0.03800 0.05648 -0.01696
v 0.03841 0.05648 -0.01601
v 0.04088 0.05648 -0.00779
v 0.03880 0.05648 -0.01506
v 0.04098 0.05648 0.00726
v 0.04141 0.05648 0.00410
v 0.04162 0.05648 -0.00027
v 0.04116 0.05648 -0.00614
v 0.03899 0.05648 0.01456
v 0.03571 0.05648 0.02137
v 0.03453 0.05648 0.02324
v 0.03126 0.05648 0.02748
v 0.02780 0.05648 0.03097
v 0.01944 0.05648 0.03680
v 0.02577 0.05648 0.03268
v -0.03754 0.05434 0.01565
v -0.03714 0.05434 0.01658
v 0.03343 0.05094 -0.01393
v 0.03376 0.05094 -0.01310
v 0.03557 0.05094 -0.00678
v 0.03621 0.05094 -0.00023
v 0.03566 0.05094 0.00632
v 0.03393 0.05094 0.01267
v 0.03108 0.05094 0.01859
v 0.02720 0.05094 0.02391
v 0.02243 0.05094 0.02843
v 0.01691 0.05094 0.03202
v 0.01084 0.05094 0.03455
v 0.00441 0.05094 0.03594
v -0.00216 0.05094 0.03615
v -0.00866 0.05094 0.03516
v -0.01488 0.05094 0.03302
v -0.02061 0.05094 0.02978
v -0.02565 0.05094 0.02556
v -0.02985 0.05094 0.02050
v -0.03307 0.05094 0.01476
v -0.03343 0.05094 0.01394
v -0.03353 0.05434 0.02302
v -0.00973 0.05434 0.03949
v -0.01671 0.05434 0.03708
v -0.02315 0.05434 0.03345
v -0.02881 0.05434 0.02871
v -0.00243 0.05434 0.04060
v 0.00496 0.05434 0.04037
v 0.01218 0.05434 0.03881
v 0.01900 0.05434 0.03597
v 0.02519 0.05434 0.03194
v 0.04005 0.05434 0.00710
v 0.03811 0.05434 0.01423
v 0.03490 0.05434 0.02089
v 0.03055 0.05434 0.02685
v 0.04067 0.05434 -0.00026
v 0.03996 0.05434 -0.00761
v 0.03792 0.05434 -0.01472
v 0.03754 0.05434 -0.01565
v 0.03577 0.05224 -0.01491
v 0.03613 0.05224 -0.01402
v 0.03807 0.05224 -0.00725
v 0.03875 0.05224 -0.00025
v 0.03816 0.05224 0.00676
v 0.03630 0.05224 0.01355
v 0.03325 0.05224 0.01990
v 0.02911 0.05224 0.02558
v 0.02400 0.05224 0.03043
v 0.01810 0.05224 0.03427
v 0.01160 0.05224 0.03698
v 0.00472 0.05224 0.03846
v -0.00231 0.05224 0.03868
v -0.00927 0.05224 0.03763
v -0.01592 0.05224 0.03533
v -0.02205 0.05224 0.03187
v -0.02745 0.05224 0.02735
v -0.03195 0.05224 0.02194
v -0.03539 0.05224 0.01580
v -0.03577 0.05224 0.01491
v -0.03792 0.04686 0.01472
v -0.02099 0.05060 -0.02662
v -0.01754 0.05060 -0.02901
v -0.01691 0.05026 -0.03202
v -0.02243 0.05026 -0.02843
v -0.02720 0.05026 -0.02391
v -0.02546 0.05060 -0.02238
v -0.03108 0.05026 -0.01859
v -0.02909 0.05060 -0.01741
v -0.03393 0.05026 -0.01267
v -0.03176 0.05060 -0.01186
v -0.03566 0.05026 -0.00632
v -0.03338 0.05060 -0.00592
v -0.03621 0.05026 0.00023
v -0.03390 0.05060 0.00022
v -0.03557 0.05026 0.00678
v -0.03330 0.05060 0.00635
v -0.03376 0.05026 0.01310
v -0.03161 0.05060 0.01227
v -0.03996 0.04686 0.00762
v -0.03490 0.04686 -0.02088
v -0.03811 0.04686 -0.01423
v -0.04005 0.04686 -0.00710
v -0.04067 0.04686 0.00026
v -0.03055 0.04686 -0.02685
v -0.02519 0.04686 -0.03194
v -0.01900 0.04686 -0.03597
v -0.01218 0.04686 -0.03881
v -0.00496 0.04686 -0.04037
v 0.02315 0.04686 -0.03345
v 0.01671 0.04686 -0.03708
v 0.00973 0.04686 -0.03949
v 0.00243 0.04686 -0.04060
v 0.02881 0.04686 -0.02871
v 0.03353 0.04686 -0.02302
v 0.03714 0.04686 -0.01658
v 0.03539 0.04896 -0.01579
v -0.00441 0.05026 -0.03594
v 0.00202 0.05060 -0.03384
v 0.00216 0.05026 -0.03615
v 0.00811 0.05060 -0.03292
v 0.00866 0.05026 -0.03516
v 0.01393 0.05060 -0.03091
v 0.01488 0.05026 -0.03302
v 0.01929 0.05060 -0.02788
v 0.02061 0.05026 -0.02978
v 0.02402 0.05060 -0.02393
v 0.02565 0.05026 -0.02556
v 0.02795 0.05060 -0.01919
v 0.02985 0.05026 -0.02050
v 0.03096 0.05060 -0.01382
v 0.03307 0.05026 -0.01476
v -0.01583 0.05060 -0.02998
v -0.01015 0.05060 -0.03235
v -0.01084 0.05026 -0.03455
v -0.00826 0.05060 -0.03288
v -0.00413 0.05060 -0.03365
v 0.03195 0.04896 -0.02193
v 0.02745 0.04896 -0.02735
v 0.02205 0.04896 -0.03187
v 0.01592 0.04896 -0.03533
v 0.00927 0.04896 -0.03763
v 0.00231 0.04896 -0.03868
v -0.00472 0.04896 -0.03846
v -0.01160 0.04896 -0.03697
v -0.01810 0.04896 -0.03427
v -0.02400 0.04896 -0.03043
v -0.02911 0.04896 -0.02558
v -0.03325 0.04896 -0.01990
v -0.03630 0.04896 -0.01355
v -0.03816 0.04896 -0.00676
v -0.03875 0.04896 0.00025
v -0.03807 0.04896 0.00726
v -0.03613 0.04896 0.01402
v -0.00971 0.05060 -0.02762
v -0.00833 0.05060 -0.02967
v -0.00809 0.05060 -0.03213
v -0.01713 0.05060 -0.02836
v -0.01114 0.05060 -0.02672
v -0.01279 0.05060 -0.02634
v -0.01521 0.05060 -0.02680
v -0.00894 0.05074 -0.03426
v -0.01017 0.05120 -0.03551
v -0.00441 0.05094 -0.03594
v -0.01358 0.05232 -0.03641
v -0.01160 0.05224 -0.03697
v -0.01181 0.05182 -0.03627
v -0.01900 0.05434 -0.03597
v -0.01503 0.05248 -0.03604
v -0.01634 0.05231 -0.03524
v -0.01095 0.05150 -0.03596
v -0.00472 0.05224 -0.03846
v 0.00216 0.05094 -0.03615
v 0.00866 0.05094 -0.03516
v 0.01488 0.05094 -0.03302
v 0.02061 0.05094 -0.02978
v 0.02565 0.05094 -0.02556
v 0.02985 0.05094 -0.02050
v 0.03307 0.05094 -0.01476
v 0.03353 0.05434 -0.02302
v 0.03714 0.05434 -0.01658
v 0.02881 0.05434 -0.02871
v 0.02315 0.05434 -0.03345
v 0.01671 0.05434 -0.03708
v 0.00973 0.05434 -0.03949
v -0.01218 0.05434 -0.03881
v -0.00496 0.05434 -0.04037
v 0.00243 0.05434 -0.04060
v -0.02519 0.05434 -0.03194
v -0.04005 0.05434 -0.00710
v -0.03811 0.05434 -0.01423
v -0.03490 0.05434 -0.02088
v -0.03055 0.05434 -0.02685
v -0.04067 0.05434 0.00026
v -0.03996 0.05434 0.00762
v -0.03792 0.05434 0.01472
v -0.03613 0.05224 0.01402
v -0.03376 0.05094 0.01310
v -0.02243 0.05094 -0.02843
v -0.01807 0.05119 -0.03218
v -0.01804 0.05074 -0.03043
v -0.03557 0.05094 0.00678
v -0.03621 0.05094 0.00023
v -0.03566 0.05094 -0.00632
v -0.03393 0.05094 -0.01267
v -0.03108 0.05094 -0.01859
v -0.02720 0.05094 -0.02391
v -0.01810 0.05224 -0.03427
v -0.01747 0.05181 -0.03389
v -0.02400 0.05224 -0.03043
v -0.01783 0.05150 -0.03309
v 0.00231 0.05224 -0.03868
v 0.00927 0.05224 -0.03763
v 0.01592 0.05224 -0.03533
v 0.02205 0.05224 -0.03187
v 0.02745 0.05224 -0.02735
v 0.03195 0.05224 -0.02193
v 0.03539 0.05224 -0.01579
v -0.03807 0.05224 0.00726
v -0.03875 0.05224 0.00025
v -0.03816 0.05224 -0.00676
v -0.03630 0.05224 -0.01355
v -0.03325 0.05224 -0.01990
v -0.02911 0.05224 -0.02558
v -0.01503 0.05552 -0.03604
v -0.01484 0.05551 -0.03611
v -0.01096 0.05387 -0.03596
v -0.01174 0.05431 -0.03625
v -0.01277 0.05486 -0.03642
v -0.01341 0.05515 -0.03642
v -0.01011 0.05339 -0.03547
v -0.00892 0.05279 -0.03424
v -0.00826 0.05260 -0.03288
v -0.00809 0.05260 -0.03213
v -0.00833 0.05260 -0.02967
v -0.00971 0.05260 -0.02762
v -0.01114 0.05260 -0.02672
v -0.01611 0.05530 -0.03542
v -0.01647 0.05513 -0.03513
v -0.01731 0.05450 -0.03415
v -0.01783 0.05387 -0.03310
v -0.01801 0.05355 -0.03248
v -0.01813 0.05311 -0.03148
v -0.01810 0.05288 -0.03078
v -0.01279 0.05260 -0.02634
v -0.01521 0.05260 -0.02680
v -0.01713 0.05260 -0.02836
v -0.01754 0.05260 -0.02901
v -0.01765 0.05261 -0.02922
v 0.03663 0.05701 -0.01527
v 0.03560 0.05482 -0.01484
v 0.03714 0.05701 -0.01398
v 0.03609 0.05482 -0.01359
v 0.03913 0.05701 -0.00664
v 0.03802 0.05482 -0.00645
v 0.03925 0.05701 -0.00586
v 0.03855 0.05482 0.00092
v 0.03968 0.05701 0.00095
v 0.03540 0.05482 0.01530
v 0.03734 0.05701 0.01344
v 0.03767 0.05482 0.00826
v 0.03877 0.05701 0.00850
v 0.03950 0.05701 0.00391
v 0.02709 0.05482 0.02745
v 0.02788 0.05701 0.02824
v 0.03183 0.05482 0.02177
v 0.03276 0.05701 0.02240
v 0.03643 0.05701 0.01574
v 0.00043 0.05482 0.03856
v 0.00232 0.05701 0.03962
v 0.00778 0.05482 0.03777
v 0.00800 0.05701 0.03887
v 0.01484 0.05482 0.03560
v 0.01527 0.05701 0.03663
v 0.02136 0.05482 0.03211
v 0.02198 0.05701 0.03305
v 0.02651 0.05701 0.02953
v -0.01405 0.05482 0.03591
v -0.01446 0.05701 0.03696
v -0.00694 0.05482 0.03794
v -0.00714 0.05701 0.03904
v 0.00044 0.05701 0.03969
v -0.02648 0.05482 0.02804
v -0.02502 0.05701 0.03081
v -0.02065 0.05482 0.03257
v -0.02125 0.05701 0.03352
v -0.01673 0.05701 0.03599
v -0.03134 0.05482 0.02247
v -0.03179 0.05701 0.02376
v -0.02725 0.05701 0.02885
v -0.03560 0.05482 0.01484
v -0.03663 0.05701 0.01527
v -0.03506 0.05482 0.01607
v -0.03608 0.05701 0.01654
v -0.03226 0.05701 0.02312
v -0.03129 0.05260 0.01305
v -0.03351 0.05310 0.01397
v -0.03082 0.05260 0.01413
v -0.03300 0.05310 0.01513
v -0.02756 0.05260 0.01975
v -0.02951 0.05310 0.02115
v -0.02328 0.05260 0.02465
v -0.02493 0.05310 0.02639
v -0.01815 0.05260 0.02864
v -0.01944 0.05310 0.03067
v -0.01235 0.05260 0.03157
v -0.01323 0.05310 0.03381
v -0.00610 0.05260 0.03335
v -0.00653 0.05310 0.03571
v 0.00037 0.05260 0.03390
v 0.00040 0.05310 0.03631
v 0.00684 0.05260 0.03321
v 0.00732 0.05310 0.03556
v 0.01305 0.05260 0.03129
v 0.01397 0.05310 0.03351
v 0.01878 0.05260 0.02823
v 0.02011 0.05310 0.03023
v 0.02382 0.05260 0.02413
v 0.02551 0.05310 0.02584
v 0.02798 0.05260 0.01914
v 0.02997 0.05310 0.02050
v 0.03112 0.05260 0.01345
v 0.03333 0.05310 0.01440
v 0.03312 0.05260 0.00726
v 0.03547 0.05310 0.00778
v 0.03389 0.05260 0.00081
v 0.03630 0.05310 0.00087
v 0.03343 0.05260 -0.00567
v 0.03580 0.05310 -0.00607
v 0.03173 0.05260 -0.01195
v 0.03398 0.05310 -0.01279
v 0.03129 0.05260 -0.01305
v 0.03351 0.05310 -0.01397
v -0.03183 0.05482 -0.02177
v -0.02709 0.05482 -0.02744
v -0.02788 0.05701 -0.02824
v -0.02136 0.05482 -0.03211
v -0.00732 0.05310 -0.03556
v -0.00684 0.05260 -0.03321
v -0.00778 0.05482 -0.03777
v -0.00800 0.05701 -0.03887
v -0.01527 0.05701 -0.03663
v -0.02011 0.05310 -0.03023
v -0.01878 0.05260 -0.02823
v -0.02382 0.05260 -0.02413
v -0.02551 0.05310 -0.02584
v -0.02798 0.05260 -0.01914
v -0.02997 0.05310 -0.02050
v -0.03112 0.05260 -0.01345
v -0.03333 0.05310 -0.01440
v -0.03312 0.05260 -0.00726
v -0.03547 0.05310 -0.00778
v -0.03389 0.05260 -0.00081
v -0.03630 0.05310 -0.00087
v -0.03343 0.05260 0.00567
v -0.03580 0.05310 0.00608
v -0.03173 0.05260 0.01195
v -0.03398 0.05310 0.01279
v -0.03714 0.05701 0.01399
v -0.03609 0.05482 0.01359
v -0.03913 0.05701 0.00664
v -0.03802 0.05482 0.00645
v -0.03925 0.05701 0.00586
v -0.03855 0.05482 -0.00092
v -0.03968 0.05701 -0.00095
v -0.03540 0.05482 -0.01530
v -0.03734 0.05701 -0.01344
v -0.03767 0.05482 -0.00826
v -0.03877 0.05701 -0.00850
v -0.03950 0.05701 -0.00391
v -0.03276 0.05701 -0.02240
v -0.03293 0.05701 -0.02216
v -0.03643 0.05701 -0.01574
v -0.02198 0.05701 -0.03304
v -0.02651 0.05701 -0.02953
v -0.00232 0.05701 -0.03962
v -0.00042 0.05482 -0.03856
v -0.00044 0.05701 -0.03969
v 0.00714 0.05701 -0.03904
v 0.00694 0.05482 -0.03794
v 0.00744 0.05701 -0.03899
v 0.01405 0.05482 -0.03591
v 0.01446 0.05701 -0.03696
v 0.02648 0.05482 -0.02803
v 0.02502 0.05701 -0.03081
v 0.02065 0.05482 -0.03257
v 0.02125 0.05701 -0.03352
v 0.01674 0.05701 -0.03599
v 0.03135 0.05482 -0.02247
v 0.03179 0.05701 -0.02376
v 0.02725 0.05701 -0.02885
v 0.03506 0.05482 -0.01607
v 0.03608 0.05701 -0.01654
v 0.03226 0.05701 -0.02312
v 0.03082 0.05260 -0.01413
v 0.03300 0.05310 -0.01513
v 0.02756 0.05260 -0.01975
v 0.02951 0.05310 -0.02115
v 0.02328 0.05260 -0.02465
v 0.02493 0.05310 -0.02639
v 0.01815 0.05260 -0.02863
v 0.01944 0.05310 -0.03067
v 0.01235 0.05260 -0.03157
v 0.01323 0.05310 -0.03381
v 0.00610 0.05260 -0.03335
v 0.00653 0.05310 -0.03571
v -0.00037 0.05260 -0.03390
v -0.00040 0.05310 -0.03631
v -0.00945 0.05260 0.02282
v 0.00716 0.05260 -0.02750
v -0.00304 0.05260 0.01972
v -0.00179 0.05260 0.01996
v 0.00699 0.05260 0.01597
v 0.00549 0.05260 -0.02267
v 0.00478 0.05260 -0.02162
v 0.00626 0.05260 -0.01744
v 0.00131 0.05260 -0.02549
v 0.00205 0.05260 -0.02595
v -0.01376 0.05260 -0.00136
v -0.00872 0.05260 0.01073
v -0.00841 0.05260 0.00629
v -0.00701 0.05260 -0.00781
v -0.01651 0.05260 -0.00795
v -0.00988 0.05260 -0.00356
v -0.01038 0.05260 0.00155
v 0.01405 0.05260 0.00124
v 0.00901 0.05260 -0.01085
v 0.00841 0.05260 -0.00629
v 0.01039 0.05260 -0.00155
v 0.00988 0.05260 0.00356
v 0.01680 0.05260 0.00783
v 0.00702 0.05260 0.00781
v 0.00556 0.05260 0.01252
v 0.00404 0.05260 0.00969
v -0.00597 0.05260 0.01732
v 0.00061 0.05260 0.01048
v -0.00443 0.05260 0.00952
v -0.00498 0.05260 -0.01276
v -0.00404 0.05260 -0.00969
v -0.00061 0.05260 -0.01048
v 0.00443 0.05260 -0.00952
v 0.01988 0.05260 0.01681
v 0.01903 0.05260 0.01701
v 0.01778 0.05260 0.01677
v 0.01679 0.05260 0.01597
v 0.01630 0.05260 0.01480
v 0.01643 0.05260 0.01353
v 0.01714 0.05260 0.01248
v 0.01823 0.05260 0.01128
v 0.01787 0.05260 0.01202
v 0.01872 0.05260 0.01182
v 0.02257 0.05260 0.00947
v 0.01997 0.05260 0.01206
v 0.02096 0.05260 0.01286
v 0.02145 0.05260 0.01403
v 0.02132 0.05260 0.01530
v 0.02061 0.05260 0.01635
v 0.00096 0.05260 -0.02200
v -0.00842 0.05260 -0.02100
v 0.00047 0.05260 -0.02317
v 0.00060 0.05260 -0.02443
v 0.00405 0.05260 -0.02115
v 0.00320 0.05260 -0.02096
v 0.00195 0.05260 -0.02120
v 0.00562 0.05260 -0.02394
v 0.01060 0.05260 -0.01925
v 0.00289 0.05260 -0.02615
v 0.00414 0.05260 -0.02591
v 0.00513 0.05260 -0.02511
v -0.01088 0.05260 0.01937
v -0.00533 0.05260 0.02143
v -0.00273 0.05260 0.02491
v -0.00398 0.05260 0.02467
v -0.00497 0.05260 0.02387
v -0.00546 0.05260 0.02270
v -0.00080 0.05260 0.02076
v -0.00031 0.05260 0.02193
v -0.00044 0.05260 0.02320
v -0.00115 0.05260 0.02425
v -0.00188 0.05260 0.02471
v -0.01544 0.05260 -0.01277
v -0.01994 0.05260 -0.01620
v -0.01803 0.05260 -0.01625
v -0.01888 0.05260 -0.01606
v -0.01614 0.05260 -0.01172
v -0.01688 0.05260 -0.01126
v -0.01773 0.05260 -0.01106
v -0.01679 0.05260 -0.01601
v -0.01580 0.05260 -0.01521
v -0.01531 0.05260 -0.01404
v -0.01898 0.05260 -0.01130
v -0.01996 0.05260 -0.01210
v -0.02142 0.05260 -0.00590
v -0.02045 0.05260 -0.01327
v -0.02486 0.05260 -0.01415
v -0.02033 0.05260 -0.01454
v -0.01962 0.05260 -0.01559
v 0.02250 0.05260 -0.00672
v 0.02177 0.05260 -0.00626
v 0.01838 0.05260 -0.00057
v 0.02092 0.05260 -0.00606
v 0.01967 0.05260 -0.00630
v 0.01869 0.05260 -0.00710
v 0.01334 0.05260 -0.01266
v 0.01820 0.05260 -0.00827
v 0.02062 0.05260 -0.01125
v 0.02186 0.05260 -0.01102
v 0.02285 0.05260 -0.01021
v 0.02334 0.05260 -0.00904
v 0.02321 0.05260 -0.00778
v 0.01832 0.05260 -0.00954
v 0.01903 0.05260 -0.01059
v 0.01977 0.05260 -0.01106
v 0.02113 0.05260 0.00602
v -0.01363 0.05260 0.01278
v -0.02082 0.05260 0.00678
v -0.01984 0.05260 0.00758
v -0.01867 0.05260 0.00069
v -0.02302 0.05260 0.01150
v -0.02400 0.05260 0.01070
v -0.02449 0.05260 0.00952
v -0.02437 0.05260 0.00826
v -0.02366 0.05260 0.00721
v -0.01935 0.05260 0.00876
v -0.01947 0.05260 0.01002
v -0.02018 0.05260 0.01107
v -0.02092 0.05260 0.01154
v -0.02177 0.05260 0.01174
v -0.02292 0.05260 0.00674
v -0.02207 0.05260 0.00654
v -0.00389 0.05260 0.01991
v -0.00462 0.05260 0.02038
v -0.01614 0.06525 -0.03872
v 0.01615 0.06525 0.03872
v 0.01326 0.06525 0.03980
v 0.00652 0.06525 0.04145
v 0.00245 0.06525 0.04188
v -0.00040 0.06525 0.04195
v -0.00730 0.06525 0.04131
v -0.01401 0.06525 0.03955
v -0.01769 0.06525 0.03804
v -0.02034 0.06525 0.03670
v -0.02611 0.06525 0.03284
v -0.03116 0.06525 0.02809
v -0.03361 0.06525 0.02512
v -0.03536 0.06525 0.02257
v -0.01927 0.06525 -0.03727
v -0.02512 0.06525 -0.03361
v -0.02803 0.06525 -0.03122
v -0.03028 0.06525 -0.02904
v -0.03463 0.06525 -0.02368
v -0.03481 0.06525 -0.02342
v -0.03804 0.06525 -0.01769
v -0.03948 0.06525 -0.01421
v -0.04043 0.06525 -0.01122
v -0.04172 0.06525 -0.00445
v -0.04188 0.06525 0.00245
v -0.04149 0.06525 0.00619
v -0.04092 0.06525 0.00928
v -0.03884 0.06525 0.01586
v -0.03872 0.06525 0.01615
v -0.03860 0.06525 0.01644
v -0.01291 0.06525 -0.03992
v -0.00619 0.06525 -0.04149
v -0.00245 0.06525 -0.04188
v 0.00069 0.06525 -0.04195
v 0.00755 0.06525 -0.04127
v 0.00786 0.06525 -0.04121
v 0.01421 0.06525 -0.03948
v 0.01769 0.06525 -0.03804
v 0.02048 0.06525 -0.03661
v 0.02621 0.06525 -0.03276
v 0.03122 0.06525 -0.02803
v 0.03361 0.06525 -0.02512
v 0.03539 0.06525 -0.02254
v 0.03860 0.06525 -0.01643
v 0.03872 0.06525 -0.01614
v 0.04075 0.06525 -0.01000
v 0.04150 0.06525 -0.00619
v 0.04184 0.06525 -0.00315
v 0.04178 0.06525 0.00378
v 0.04059 0.06525 0.01062
v 0.03948 0.06525 0.01421
v 0.03828 0.06525 0.01716
v 0.03493 0.06525 0.02324
v 0.03063 0.06525 0.02868
v 0.02803 0.06525 0.03122
v 0.02548 0.06525 0.03333
v 0.01964 0.06525 0.03707
v -0.00389 0.04860 0.01991
v -0.00462 0.04860 0.02038
v -0.00533 0.04860 0.02143
v -0.00546 0.04860 0.02270
v -0.00497 0.04860 0.02387
v -0.00398 0.04860 0.02467
v -0.00273 0.04860 0.02491
v -0.00188 0.04860 0.02471
v -0.00115 0.04860 0.02425
v -0.00044 0.04860 0.02320
v -0.00031 0.04860 0.02193
v -0.00080 0.04860 0.02076
v -0.00179 0.04860 0.01996
v -0.00304 0.04860 0.01972
v -0.02292 0.04860 0.00674
v -0.02366 0.04860 0.00721
v -0.02437 0.04860 0.00826
v -0.02449 0.04860 0.00952
v -0.02400 0.04860 0.01070
v -0.02302 0.04860 0.01150
v -0.02177 0.04860 0.01174
v -0.02092 0.04860 0.01154
v -0.02018 0.04860 0.01107
v -0.01947 0.04860 0.01002
v -0.01935 0.04860 0.00876
v -0.01984 0.04860 0.00758
v -0.02082 0.04860 0.00678
v -0.02207 0.04860 0.00654
v 0.00205 0.04860 -0.02595
v 0.00131 0.04860 -0.02549
v 0.00060 0.04860 -0.02443
v 0.00047 0.04860 -0.02317
v 0.00096 0.04860 -0.02200
v 0.00195 0.04860 -0.02120
v 0.00320 0.04860 -0.02096
v 0.00405 0.04860 -0.02115
v 0.00478 0.04860 -0.02162
v 0.00549 0.04860 -0.02267
v 0.00562 0.04860 -0.02394
v 0.00513 0.04860 -0.02511
v 0.00414 0.04860 -0.02591
v 0.00289 0.04860 -0.02615
v -0.01888 0.04860 -0.01606
v -0.01962 0.04860 -0.01559
v -0.02033 0.04860 -0.01454
v -0.02045 0.04860 -0.01327
v -0.01996 0.04860 -0.01210
v -0.01898 0.04860 -0.01130
v -0.01773 0.04860 -0.01106
v -0.01688 0.04860 -0.01126
v -0.01614 0.04860 -0.01172
v -0.01544 0.04860 -0.01277
v -0.01531 0.04860 -0.01404
v -0.01580 0.04860 -0.01521
v -0.01679 0.04860 -0.01601
v -0.01803 0.04860 -0.01625
v -0.00404 0.04860 -0.00969
v -0.00701 0.04860 -0.00781
v -0.00988 0.04860 -0.00356
v -0.01038 0.04860 0.00155
v -0.00841 0.04860 0.00629
v -0.00443 0.04860 0.00952
v 0.00061 0.04860 0.01048
v 0.00404 0.04860 0.00969
v 0.00702 0.04860 0.00781
v 0.00988 0.04860 0.00356
v 0.01039 0.04860 -0.00155
v 0.00841 0.04860 -0.00629
v 0.00443 0.04860 -0.00952
v -0.00061 0.04860 -0.01048
v 0.01787 0.04860 0.01202
v 0.01714 0.04860 0.01248
v 0.01643 0.04860 0.01353
v 0.01630 0.04860 0.01480
v 0.01679 0.04860 0.01597
v 0.01778 0.04860 0.01677
v 0.01903 0.04860 0.01701
v 0.01988 0.04860 0.01681
v 0.02061 0.04860 0.01635
v 0.02132 0.04860 0.01530
v 0.02145 0.04860 0.01403
v 0.02096 0.04860 0.01286
v 0.01997 0.04860 0.01206
v 0.01872 0.04860 0.01182
v 0.01977 0.04860 -0.01106
v 0.01903 0.04860 -0.01059
v 0.01832 0.04860 -0.00954
v 0.01820 0.04860 -0.00827
v 0.01869 0.04860 -0.00710
v 0.01967 0.04860 -0.00630
v 0.02092 0.04860 -0.00606
v 0.02177 0.04860 -0.00626
v 0.02250 0.04860 -0.00672
v 0.02321 0.04860 -0.00778
v 0.02334 0.04860 -0.00904
v 0.02285 0.04860 -0.01021
v 0.02186 0.04860 -0.01102
v 0.02062 0.04860 -0.01125
v -0.00965 0.07260 0.05069
v -0.00849 0.07219 0.04802
v -0.01629 0.07219 0.04597
v 0.05152 0.07260 -0.00283
v 0.04863 0.07219 -0.00366
v 0.04857 0.07219 0.00440
v 0.04957 0.07260 -0.01434
v 0.04762 0.07260 -0.01985
v 0.04700 0.07258 -0.01960
v 0.04736 0.07219 -0.01163
v 0.05087 0.07260 -0.00864
v 0.04951 0.07260 0.01452
v 0.05084 0.07260 0.00882
v 0.05151 0.07260 0.00301
v 0.04718 0.07219 0.01234
v 0.04450 0.07219 0.01995
v 0.04755 0.07260 0.02002
v 0.04498 0.07260 0.02528
v 0.04060 0.07219 0.02701
v 0.04184 0.07260 0.03020
v 0.03560 0.07219 0.03333
v 0.03815 0.07260 0.03474
v 0.03398 0.07260 0.03883
v 0.02962 0.07219 0.03874
v 0.02937 0.07260 0.04243
v 0.02283 0.07219 0.04309
v 0.02438 0.07260 0.04548
v 0.01908 0.07260 0.04794
v 0.01542 0.07219 0.04627
v 0.01353 0.07260 0.04979
v 0.00758 0.07219 0.04817
v 0.00781 0.07260 0.05100
v -0.00046 0.07219 0.04876
v 0.00199 0.07260 0.05156
v -0.00385 0.07260 0.05145
v -0.02600 0.07260 0.04457
v -0.02079 0.07260 0.04722
v -0.01532 0.07260 0.04927
v -0.02364 0.07219 0.04265
v -0.03035 0.07219 0.03818
v -0.03088 0.07260 0.04134
v -0.03536 0.07260 0.03758
v -0.03622 0.07219 0.03265
v -0.03938 0.07260 0.03334
v -0.04111 0.07219 0.02624
v -0.04290 0.07260 0.02867
v -0.04487 0.07219 0.01910
v -0.04587 0.07260 0.02363
v -0.04762 0.07260 0.01986
v -0.04501 0.07219 0.01877
v -0.04206 0.07058 0.01753
v -0.03982 0.06794 0.01660
v -0.04192 0.07058 0.01785
v -0.03637 0.06794 0.02321
v -0.03969 0.06794 0.01690
v -0.03204 0.06794 0.02889
v -0.02684 0.06794 0.03377
v -0.02091 0.06794 0.03773
v -0.01441 0.06794 0.04066
v -0.00751 0.06794 0.04248
v -0.00041 0.06794 0.04314
v 0.00671 0.06794 0.04262
v 0.01364 0.06794 0.04093
v 0.02020 0.06794 0.03812
v 0.02620 0.06794 0.03427
v 0.03149 0.06794 0.02949
v 0.03592 0.06794 0.02389
v 0.03937 0.06794 0.01765
v 0.04174 0.06794 0.01092
v 0.04297 0.06794 0.00389
v 0.04302 0.06794 -0.00324
v 0.04190 0.06794 -0.01029
v 0.03964 0.06762 -0.01653
v 0.04467 0.07208 -0.01862
v 0.04275 0.07109 -0.01782
v -0.03841 0.07058 0.02452
v -0.03384 0.07058 0.03051
v -0.02835 0.07058 0.03567
v -0.02209 0.07058 0.03986
v -0.01522 0.07058 0.04295
v -0.00793 0.07058 0.04487
v -0.00043 0.07058 0.04557
v 0.00708 0.07058 0.04501
v 0.01441 0.07058 0.04323
v 0.02133 0.07058 0.04027
v 0.02768 0.07058 0.03620
v 0.03326 0.07058 0.03114
v 0.03794 0.07058 0.02524
v 0.04158 0.07058 0.01864
v 0.04408 0.07058 0.01153
v 0.04538 0.07058 0.00411
v 0.04544 0.07058 -0.00342
v 0.04425 0.07058 -0.01087
v 0.04091 0.06947 -0.01706
v 0.03938 0.07260 -0.03334
v 0.03629 0.07219 -0.03258
v 0.04113 0.07219 -0.02619
v 0.00965 0.07260 -0.05069
v 0.00878 0.07219 -0.04797
v 0.01652 0.07219 -0.04588
v -0.04951 0.07260 -0.01451
v -0.04699 0.07219 -0.01304
v -0.04422 0.07219 -0.02056
v 0.03969 0.06794 -0.01690
v 0.03639 0.06794 -0.02317
v 0.03210 0.06794 -0.02882
v 0.02695 0.06794 -0.03369
v 0.02106 0.06794 -0.03765
v 0.00071 0.06794 -0.04314
v 0.00776 0.06794 -0.04244
v 0.01461 0.06794 -0.04059
v -0.00637 0.06794 -0.04267
v -0.01327 0.06794 -0.04105
v -0.01982 0.06794 -0.03832
v -0.02583 0.06794 -0.03456
v -0.03561 0.06794 -0.02435
v -0.03114 0.06794 -0.02986
v -0.03912 0.06794 -0.01819
v -0.04157 0.06794 -0.01154
v -0.04290 0.06794 -0.00457
v -0.04307 0.06794 0.00252
v -0.04207 0.06794 0.00954
v -0.03994 0.06794 0.01630
v -0.04956 0.07260 0.01434
v -0.04515 0.07219 0.01843
v -0.04756 0.07219 0.01078
v -0.05087 0.07260 0.00864
v -0.04868 0.07219 0.00285
v -0.05152 0.07260 0.00283
v -0.04849 0.07219 -0.00517
v -0.05151 0.07260 -0.00301
v -0.05084 0.07260 -0.00882
v -0.04184 0.07260 -0.03020
v -0.04498 0.07260 -0.02527
v -0.04755 0.07260 -0.02002
v -0.04025 0.07219 -0.02753
v -0.03520 0.07219 -0.03375
v -0.03815 0.07260 -0.03474
v -0.03398 0.07260 -0.03883
v -0.02919 0.07219 -0.03906
v -0.02937 0.07260 -0.04242
v -0.02240 0.07219 -0.04332
v -0.02438 0.07260 -0.04547
v -0.01908 0.07260 -0.04794
v -0.01500 0.07219 -0.04640
v -0.01353 0.07260 -0.04979
v -0.00720 0.07219 -0.04823
v -0.00781 0.07260 -0.05100
v 0.00080 0.07219 -0.04876
v -0.00199 0.07260 -0.05156
v 0.00385 0.07260 -0.05145
v 0.02600 0.07260 -0.04456
v 0.02079 0.07260 -0.04722
v 0.01532 0.07260 -0.04927
v 0.02381 0.07219 -0.04256
v 0.03046 0.07219 -0.03808
v 0.03088 0.07260 -0.04134
v 0.03535 0.07260 -0.03758
v 0.04487 0.07219 -0.01910
v 0.04587 0.07260 -0.02363
v 0.04290 0.07260 -0.02867
v 0.04193 0.07058 -0.01785
v 0.03843 0.07058 -0.02448
v 0.03391 0.07058 -0.03044
v 0.02846 0.07058 -0.03558
v 0.02225 0.07058 -0.03977
v 0.01543 0.07058 -0.04287
v 0.00820 0.07058 -0.04482
v 0.00075 0.07058 -0.04556
v -0.00673 0.07058 -0.04507
v -0.01402 0.07058 -0.04336
v -0.02093 0.07058 -0.04047
v -0.02728 0.07058 -0.03650
v -0.03289 0.07058 -0.03154
v -0.03761 0.07058 -0.02572
v -0.04132 0.07058 -0.01921
v -0.04391 0.07058 -0.01219
v -0.04531 0.07058 -0.00483
v -0.04549 0.07058 0.00266
v -0.04444 0.07058 0.01008
v -0.04219 0.07058 0.01722
v 0.02756 0.04860 -0.01975
v 0.01334 0.04860 -0.01266
v 0.01060 0.04860 -0.01925
v 0.03112 0.04860 0.01345
v 0.02798 0.04860 0.01914
v 0.02257 0.04860 0.00947
v -0.01651 0.04860 -0.00795
v 0.00699 0.04860 0.01597
v 0.00556 0.04860 0.01252
v -0.00597 0.04860 0.01732
v 0.00037 0.04860 0.03390
v 0.00684 0.04860 0.03321
v 0.01305 0.04860 0.03129
v -0.01088 0.04860 0.01937
v -0.00945 0.04860 0.02282
v -0.00610 0.04860 0.03335
v -0.00037 0.04860 -0.03390
v -0.00684 0.04860 -0.03321
v 0.00610 0.04860 -0.03335
v 0.00716 0.04860 -0.02750
v -0.00842 0.04860 -0.02100
v -0.00498 0.04860 -0.01276
v 0.00626 0.04860 -0.01744
v -0.01994 0.04860 -0.01620
v -0.02486 0.04860 -0.01415
v -0.02142 0.04860 -0.00590
v 0.01405 0.04860 0.00124
v 0.00901 0.04860 -0.01085
v -0.01376 0.04860 -0.00136
v 0.01680 0.04860 0.00783
v -0.00872 0.04860 0.01073
v 0.01823 0.04860 0.01128
v 0.01878 0.04860 0.02823
v 0.02382 0.04860 0.02413
v -0.03343 0.04860 0.00567
v -0.03173 0.04860 0.01195
v -0.03129 0.04860 0.01305
v -0.03082 0.04860 0.01413
v -0.01867 0.04860 0.00069
v -0.01363 0.04860 0.01278
v -0.02756 0.04860 0.01975
v -0.02328 0.04860 0.02465
v -0.01815 0.04860 0.02864
v -0.01235 0.04860 0.03157
v 0.01838 0.04860 -0.00057
v 0.03082 0.04860 -0.01413
v 0.03129 0.04860 -0.01305
v 0.03173 0.04860 -0.01195
v 0.03343 0.04860 -0.00567
v 0.03312 0.04860 0.00726
v 0.02113 0.04860 0.00602
v 0.03389 0.04860 0.00081
v 0.01235 0.04860 -0.03157
v 0.01815 0.04860 -0.02863
v 0.02328 0.04860 -0.02465
v -0.01305 0.04860 -0.03129
v -0.01878 0.04860 -0.02823
v -0.02382 0.04860 -0.02413
v -0.02798 0.04860 -0.01914
v -0.03389 0.04860 -0.00081
v -0.03312 0.04860 -0.00726
v -0.03112 0.04860 -0.01345
v -0.04853 0.07260 0.02989
v -0.05261 0.07260 0.02193
v -0.05539 0.07260 0.01343
v 0.00460 0.07260 0.05681
v -0.00434 0.07260 0.05683
v -0.01318 0.07260 0.05546
v 0.04853 0.07260 -0.02989
v 0.05261 0.07260 -0.02193
v 0.05539 0.07260 -0.01343
v 0.05546 0.07260 0.01318
v 0.05271 0.07260 0.02169
v 0.04867 0.07260 0.02967
v 0.02989 0.07260 0.04853
v 0.02193 0.07260 0.05261
v 0.01343 0.07260 0.05539
v -0.03692 0.07260 0.04343
v -0.04326 0.07260 0.03712
v 0.05681 0.07260 -0.00460
v 0.05683 0.07260 0.00434
v -0.02169 0.07260 0.05271
v -0.02967 0.07260 0.04867
v -0.05546 0.07260 -0.01318
v -0.05271 0.07260 -0.02169
v -0.04867 0.07260 -0.02967
v 0.03692 0.07260 -0.04343
v 0.04326 0.07260 -0.03712
v 0.04343 0.07260 0.03692
v 0.03712 0.07260 0.04326
v -0.05681 0.07260 0.00460
v -0.05683 0.07260 -0.00434
v 0.01318 0.07260 -0.05546
v 0.02169 0.07260 -0.05271
v 0.02967 0.07260 -0.04867
v -0.04343 0.07260 -0.03692
v -0.03712 0.07260 -0.04326
v -0.02989 0.07260 -0.04853
v -0.00460 0.07260 -0.05681
v 0.00434 0.07260 -0.05683
v -0.02193 0.07260 -0.05261
v -0.01343 0.07260 -0.05539
v 0.00232 0.04419 0.03962
v 0.00044 0.04419 0.03969
v 0.00043 0.04638 0.03856
v -0.00694 0.04638 0.03794
v -0.03663 0.04419 0.01527
v -0.03560 0.04638 0.01484
v -0.03608 0.04419 0.01654
v -0.03506 0.04638 0.01607
v -0.03226 0.04419 0.02312
v -0.03134 0.04638 0.02247
v -0.03179 0.04419 0.02376
v -0.02648 0.04638 0.02804
v -0.02725 0.04419 0.02885
v -0.01405 0.04638 0.03591
v -0.01673 0.04419 0.03599
v -0.02065 0.04638 0.03257
v -0.02125 0.04419 0.03352
v -0.02502 0.04419 0.03081
v -0.00714 0.04419 0.03904
v -0.00743 0.04419 0.03899
v -0.01446 0.04419 0.03696
v 0.00800 0.04419 0.03887
v 0.00778 0.04638 0.03777
v 0.01527 0.04419 0.03663
v 0.01484 0.04638 0.03560
v 0.02198 0.04419 0.03305
v 0.02136 0.04638 0.03211
v 0.02651 0.04419 0.02953
v 0.02709 0.04638 0.02745
v 0.02788 0.04419 0.02824
v 0.03276 0.04419 0.02240
v 0.03183 0.04638 0.02177
v 0.03293 0.04419 0.02216
v 0.03540 0.04638 0.01530
v 0.03643 0.04419 0.01574
v 0.03855 0.04638 0.00092
v 0.03950 0.04419 0.00391
v 0.03767 0.04638 0.00826
v 0.03877 0.04419 0.00850
v 0.03734 0.04419 0.01344
v 0.03802 0.04638 -0.00645
v 0.03925 0.04419 -0.00586
v 0.03968 0.04419 0.00095
v 0.03560 0.04638 -0.01484
v 0.03663 0.04419 -0.01527
v 0.03609 0.04638 -0.01359
v 0.03714 0.04419 -0.01398
v 0.03913 0.04419 -0.00664
v 0.03351 0.04810 -0.01397
v 0.03398 0.04810 -0.01279
v 0.03580 0.04810 -0.00607
v 0.03630 0.04810 0.00087
v 0.03547 0.04810 0.00778
v 0.03333 0.04810 0.01440
v 0.02997 0.04810 0.02050
v 0.02551 0.04810 0.02584
v 0.02011 0.04810 0.03023
v 0.01397 0.04810 0.03351
v 0.00732 0.04810 0.03556
v 0.00040 0.04810 0.03631
v -0.00653 0.04810 0.03571
v -0.01323 0.04810 0.03381
v -0.01944 0.04810 0.03067
v -0.02493 0.04810 0.02639
v -0.02951 0.04810 0.02115
v -0.03300 0.04810 0.01513
v -0.03351 0.04810 0.01397
v -0.03540 0.04638 -0.01530
v -0.03643 0.04419 -0.01574
v -0.03183 0.04638 -0.02177
v -0.03276 0.04419 -0.02240
v -0.02709 0.04638 -0.02744
v -0.03855 0.04638 -0.00092
v -0.03950 0.04419 -0.00391
v -0.03767 0.04638 -0.00826
v -0.03877 0.04419 -0.00850
v -0.03734 0.04419 -0.01344
v -0.03802 0.04638 0.00645
v -0.03925 0.04419 0.00586
v -0.03968 0.04419 -0.00095
v -0.03609 0.04638 0.01359
v -0.03714 0.04419 0.01399
v -0.03913 0.04419 0.00664
v -0.03398 0.04810 0.01279
v -0.03580 0.04810 0.00608
v -0.03630 0.04810 -0.00087
v -0.03547 0.04810 -0.00778
v -0.03333 0.04810 -0.01440
v -0.02997 0.04810 -0.02050
v -0.02551 0.04810 -0.02584
v -0.02011 0.04810 -0.03023
v -0.01397 0.04810 -0.03351
v -0.00732 0.04810 -0.03556
v -0.00040 0.04810 -0.03631
v 0.00653 0.04810 -0.03571
v 0.01323 0.04810 -0.03381
v 0.01944 0.04810 -0.03067
v 0.02493 0.04810 -0.02639
v 0.02951 0.04810 -0.02115
v 0.03300 0.04810 -0.01513
v 0.03608 0.04419 -0.01654
v 0.03506 0.04638 -0.01607
v 0.03226 0.04419 -0.02312
v 0.03135 0.04638 -0.02247
v 0.03179 0.04419 -0.02376
v 0.02648 0.04638 -0.02803
v 0.02725 0.04419 -0.02885
v 0.01405 0.04638 -0.03591
v 0.01674 0.04419 -0.03599
v 0.02065 0.04638 -0.03257
v 0.02125 0.04419 -0.03352
v 0.02502 0.04419 -0.03081
v -0.00042 0.04638 -0.03856
v -0.00044 0.04419 -0.03969
v 0.00694 0.04638 -0.03794
v 0.00714 0.04419 -0.03904
v 0.01446 0.04419 -0.03696
v -0.02788 0.04419 -0.02824
v -0.02651 0.04419 -0.02953
v -0.02136 0.04638 -0.03211
v -0.02198 0.04419 -0.03304
v -0.01484 0.04638 -0.03560
v -0.01527 0.04419 -0.03663
v -0.00778 0.04638 -0.03777
v -0.00800 0.04419 -0.03887
v -0.00232 0.04419 -0.03962
v 0.04933 0.07325 -0.03039
v 0.05348 0.07325 -0.02229
v 0.05353 0.07360 -0.02232
v 0.00441 0.07325 -0.05777
v 0.01340 0.07325 -0.05637
v 0.01341 0.07360 -0.05643
v -0.05775 0.07325 0.00468
v -0.05777 0.07325 -0.00441
v -0.05783 0.07360 -0.00442
v -0.05353 0.07360 0.02232
v -0.05348 0.07325 0.02230
v -0.05637 0.07360 0.01367
v -0.05631 0.07325 0.01366
v -0.05758 0.07360 0.00695
v -0.05781 0.07360 0.00468
v -0.05358 0.07325 -0.02205
v -0.05520 0.07360 -0.01780
v -0.05637 0.07325 -0.01340
v -0.05643 0.07360 -0.01341
v -0.05773 0.07360 -0.00555
v -0.04947 0.07325 -0.03016
v -0.05011 0.07360 -0.02921
v -0.05364 0.07360 -0.02207
v -0.03773 0.07325 -0.04397
v -0.04268 0.07360 -0.03927
v -0.04414 0.07325 -0.03753
v -0.04419 0.07360 -0.03757
v -0.04952 0.07360 -0.03019
v -0.03039 0.07325 -0.04933
v -0.03327 0.07360 -0.04751
v -0.03777 0.07360 -0.04402
v -0.00468 0.07325 -0.05775
v -0.01033 0.07360 -0.05707
v -0.01365 0.07325 -0.05631
v -0.01367 0.07360 -0.05637
v -0.02229 0.07325 -0.05348
v -0.02232 0.07360 -0.05353
v -0.03042 0.07360 -0.04938
v 0.00442 0.07360 -0.05783
v 0.00214 0.07360 -0.05796
v -0.00468 0.07360 -0.05781
v 0.03016 0.07325 -0.04947
v 0.02621 0.07360 -0.05174
v 0.02205 0.07325 -0.05358
v 0.02207 0.07360 -0.05364
v 0.01452 0.07360 -0.05615
v 0.03753 0.07325 -0.04414
v 0.03669 0.07360 -0.04492
v 0.03019 0.07360 -0.04952
v 0.04938 0.07360 -0.03042
v 0.04547 0.07360 -0.03601
v 0.04397 0.07325 -0.03773
v 0.04402 0.07360 -0.03777
v 0.03757 0.07360 -0.04419
v 0.05293 0.07266 -0.02207
v 0.04883 0.07266 -0.03008
v 0.04352 0.07266 -0.03734
v 0.03714 0.07266 -0.04369
v 0.02985 0.07266 -0.04896
v 0.02182 0.07266 -0.05303
v 0.01326 0.07266 -0.05579
v 0.00437 0.07266 -0.05718
v -0.00463 0.07266 -0.05716
v -0.01351 0.07266 -0.05573
v -0.02207 0.07266 -0.05293
v -0.03008 0.07266 -0.04883
v -0.03734 0.07266 -0.04352
v -0.04369 0.07266 -0.03714
v -0.04896 0.07266 -0.02985
v -0.05303 0.07266 -0.02182
v -0.05579 0.07266 -0.01326
v -0.05718 0.07266 -0.00437
v -0.05716 0.07266 0.00463
v -0.05573 0.07266 0.01352
v -0.05293 0.07266 0.02207
v 0.05326 0.07289 -0.02221
v 0.04913 0.07289 -0.03026
v 0.04379 0.07289 -0.03758
v 0.03738 0.07289 -0.04397
v 0.03004 0.07289 -0.04927
v 0.02196 0.07289 -0.05336
v 0.01334 0.07289 -0.05614
v 0.00439 0.07289 -0.05754
v -0.00466 0.07289 -0.05752
v -0.01360 0.07289 -0.05608
v -0.02221 0.07289 -0.05326
v -0.03026 0.07289 -0.04913
v -0.03758 0.07289 -0.04379
v -0.04397 0.07289 -0.03738
v -0.04927 0.07289 -0.03004
v -0.05336 0.07289 -0.02196
v -0.05614 0.07289 -0.01334
v -0.05754 0.07289 -0.00439
v -0.05752 0.07289 0.00466
v -0.05608 0.07289 0.01360
v -0.05326 0.07289 0.02221
v -0.04933 0.07325 0.03039
v -0.00441 0.07325 0.05777
v -0.01340 0.07325 0.05637
v -0.01341 0.07360 0.05643
v 0.05775 0.07325 -0.00468
v 0.05777 0.07325 0.00441
v 0.05783 0.07360 0.00442
v 0.05637 0.07360 -0.01367
v 0.05631 0.07325 -0.01365
v 0.05758 0.07360 -0.00695
v 0.05781 0.07360 -0.00468
v 0.05358 0.07325 0.02205
v 0.05520 0.07360 0.01780
v 0.05637 0.07325 0.01340
v 0.05643 0.07360 0.01341
v 0.05773 0.07360 0.00555
v 0.04947 0.07325 0.03016
v 0.05011 0.07360 0.02921
v 0.05364 0.07360 0.02207
v 0.03773 0.07325 0.04397
v 0.04268 0.07360 0.03927
v 0.04414 0.07325 0.03753
v 0.04419 0.07360 0.03757
v 0.04952 0.07360 0.03019
v 0.03039 0.07325 0.04933
v 0.03327 0.07360 0.04751
v 0.03777 0.07360 0.04402
v 0.00468 0.07325 0.05775
v 0.01033 0.07360 0.05707
v 0.01366 0.07325 0.05631
v 0.01367 0.07360 0.05637
v 0.02230 0.07325 0.05348
v 0.02232 0.07360 0.05353
v 0.03042 0.07360 0.04938
v -0.00442 0.07360 0.05783
v -0.00214 0.07360 0.05796
v 0.00468 0.07360 0.05781
v -0.03016 0.07325 0.04947
v -0.02621 0.07360 0.05174
v -0.02205 0.07325 0.05358
v -0.02207 0.07360 0.05364
v -0.01451 0.07360 0.05615
v -0.03753 0.07325 0.04414
v -0.03669 0.07360 0.04492
v -0.03019 0.07360 0.04952
v -0.04938 0.07360 0.03042
v -0.04547 0.07360 0.03601
v -0.04397 0.07325 0.03773
v -0.04402 0.07360 0.03777
v -0.03757 0.07360 0.04419
v -0.04883 0.07266 0.03008
v -0.04352 0.07266 0.03734
v -0.03714 0.07266 0.04369
v -0.02985 0.07266 0.04896
v -0.02182 0.07266 0.05303
v -0.01326 0.07266 0.05579
v -0.00437 0.07266 0.05718
v 0.00463 0.07266 0.05716
v 0.01352 0.07266 0.05573
v 0.02207 0.07266 0.05293
v 0.03008 0.07266 0.04883
v 0.03734 0.07266 0.04352
v 0.04369 0.07266 0.03714
v 0.04896 0.07266 0.02985
v 0.05303 0.07266 0.02182
v 0.05579 0.07266 0.01326
v 0.05718 0.07266 0.00437
v 0.05716 0.07266 -0.00463
v 0.05573 0.07266 -0.01351
v -0.04913 0.07289 0.03027
v -0.04379 0.07289 0.03758
v -0.03738 0.07289 0.04397
v -0.03004 0.07289 0.04927
v -0.02196 0.07289 0.05337
v -0.01334 0.07289 0.05614
v -0.00439 0.07289 0.05754
v 0.00466 0.07289 0.05752
v 0.01360 0.07289 0.05608
v 0.02221 0.07289 0.05326
v 0.03027 0.07289 0.04913
v 0.03758 0.07289 0.04379
v 0.04397 0.07289 0.03738
v 0.04927 0.07289 0.03004
v 0.05337 0.07289 0.02196
v 0.05614 0.07289 0.01334
v 0.05754 0.07289 0.00439
v 0.05752 0.07289 -0.00466
v 0.05608 0.07289 -0.01360
v -0.01614 0.03595 -0.03872
v 0.01615 0.03595 0.03872
v 0.01927 0.03595 0.03727
v 0.02512 0.03595 0.03361
v 0.02803 0.03595 0.03122
v 0.03028 0.03595 0.02904
v 0.03463 0.03595 0.02368
v 0.03481 0.03595 0.02342
v 0.03804 0.03595 0.01769
v 0.03948 0.03595 0.01421
v 0.04043 0.03595 0.01122
v 0.04172 0.03595 0.00445
v 0.04188 0.03595 -0.00245
v 0.04150 0.03595 -0.00619
v 0.04092 0.03595 -0.00928
v 0.03884 0.03595 -0.01585
v 0.03872 0.03595 -0.01614
v 0.03578 0.03595 -0.02190
v 0.03361 0.03595 -0.02512
v 0.03169 0.03595 -0.02750
v 0.02672 0.03595 -0.03234
v 0.02103 0.03595 -0.03631
v 0.01769 0.03595 -0.03804
v 0.01476 0.03595 -0.03927
v 0.00808 0.03595 -0.04117
v 0.00119 0.03595 -0.04194
v -0.00245 0.03595 -0.04188
v -0.00574 0.03595 -0.04156
v -0.01251 0.03595 -0.04005
v -0.01894 0.03595 -0.03744
v -0.02485 0.03595 -0.03380
v -0.02803 0.03595 -0.03122
v -0.03008 0.03595 -0.02925
v -0.03449 0.03595 -0.02389
v -0.03795 0.03595 -0.01788
v -0.03948 0.03595 -0.01421
v -0.04038 0.03595 -0.01138
v -0.04170 0.03595 -0.00457
v -0.04189 0.03595 0.00236
v -0.04149 0.03595 0.00619
v -0.04093 0.03595 0.00924
v 0.01291 0.03595 0.03992
v 0.00619 0.03595 0.04150
v 0.00245 0.03595 0.04188
v -0.00069 0.03595 0.04195
v -0.00755 0.03595 0.04127
v -0.00786 0.03595 0.04121
v -0.01421 0.03595 0.03948
v -0.01769 0.03595 0.03804
v -0.02048 0.03595 0.03661
v -0.02621 0.03595 0.03276
v -0.03122 0.03595 0.02803
v -0.03361 0.03595 0.02512
v -0.03539 0.03595 0.02254
v -0.03860 0.03595 0.01643
v -0.03872 0.03595 0.01615
v -0.03884 0.03595 0.01585
v -0.05617 0.07460 0.01444
v -0.05353 0.07460 0.02232
v 0.05353 0.07460 -0.02232
v -0.05758 0.07460 0.00695
v -0.05770 0.07460 0.00587
v -0.05793 0.07460 -0.00284
v -0.05773 0.07460 -0.00555
v -0.05685 0.07460 -0.01148
v -0.05520 0.07460 -0.01780
v -0.05449 0.07460 -0.01986
v -0.05091 0.07460 -0.02779
v -0.05011 0.07460 -0.02921
v -0.04618 0.07460 -0.03510
v -0.04268 0.07460 -0.03927
v -0.04040 0.07460 -0.04161
v -0.03372 0.07460 -0.04719
v -0.03327 0.07460 -0.04751
v -0.02627 0.07460 -0.05171
v -0.02232 0.07460 -0.05353
v -0.01824 0.07460 -0.05506
v -0.01033 0.07460 -0.05707
v -0.00979 0.07460 -0.05717
v -0.00112 0.07460 -0.05799
v 0.00214 0.07460 -0.05796
v 0.00757 0.07460 -0.05750
v 0.01452 0.07460 -0.05615
v 0.01609 0.07460 -0.05572
v 0.02621 0.07460 -0.05174
v 0.02425 0.07460 -0.05269
v 0.03186 0.07460 -0.04846
v 0.03669 0.07460 -0.04492
v 0.03876 0.07460 -0.04315
v 0.04478 0.07460 -0.03686
v 0.04547 0.07460 -0.03601
v 0.04979 0.07460 -0.02974
v 0.05617 0.07460 -0.01444
v 0.05758 0.07460 -0.00695
v 0.05770 0.07460 -0.00587
v 0.05793 0.07460 0.00284
v 0.05773 0.07460 0.00555
v 0.05685 0.07460 0.01148
v 0.05520 0.07460 0.01780
v 0.05450 0.07460 0.01986
v 0.05091 0.07460 0.02779
v 0.05011 0.07460 0.02921
v 0.04618 0.07460 0.03510
v 0.04268 0.07460 0.03927
v 0.04040 0.07460 0.04161
v 0.03372 0.07460 0.04719
v 0.03327 0.07460 0.04751
v 0.02627 0.07460 0.05171
v 0.02232 0.07460 0.05353
v 0.01824 0.07460 0.05506
v 0.01033 0.07460 0.05707
v 0.00979 0.07460 0.05717
v 0.00112 0.07460 0.05799
v -0.00214 0.07460 0.05796
v -0.00757 0.07460 0.05750
v -0.01451 0.07460 0.05615
v -0.01609 0.07460 0.05572
v -0.02621 0.07460 0.05174
v -0.02425 0.07460 0.05269
v -0.03186 0.07460 0.04846
v -0.03669 0.07460 0.04492
v -0.03876 0.07460 0.04315
v -0.04478 0.07460 0.03686
v -0.04547 0.07460 0.03601
v -0.04979 0.07460 0.02974
v 0.04329 0.02977 -0.01805
v 0.04527 0.02893 -0.01887
v 0.04515 0.02901 -0.01843
v 0.05140 0.02860 -0.00451
v 0.04868 0.02901 -0.00285
v 0.04756 0.02901 -0.01078
v 0.04280 0.02860 0.02882
v 0.04025 0.02901 0.02753
v 0.04422 0.02901 0.02056
v -0.02454 0.02860 0.04539
v -0.02381 0.02901 0.04256
v -0.01652 0.02901 0.04588
v -0.04762 0.02860 0.01986
v -0.04501 0.02901 0.01877
v -0.04487 0.02901 0.01910
v -0.04507 0.02860 0.02511
v -0.04113 0.02901 0.02619
v -0.04194 0.02860 0.03005
v -0.03629 0.02901 0.03258
v -0.03827 0.02860 0.03460
v -0.03046 0.02901 0.03808
v -0.03411 0.02860 0.03871
v -0.02952 0.02860 0.04232
v -0.00799 0.02860 0.05097
v -0.01371 0.02860 0.04974
v -0.01925 0.02860 0.04787
v -0.00878 0.02901 0.04797
v -0.00080 0.02901 0.04876
v -0.00217 0.02860 0.05155
v 0.00367 0.02860 0.05147
v 0.00720 0.02901 0.04823
v 0.00947 0.02860 0.05072
v 0.01500 0.02901 0.04640
v 0.01515 0.02860 0.04932
v 0.02063 0.02860 0.04730
v 0.02240 0.02901 0.04332
v 0.02585 0.02860 0.04466
v 0.02920 0.02901 0.03906
v 0.03073 0.02860 0.04145
v 0.03520 0.02901 0.03375
v 0.03522 0.02860 0.03771
v 0.03926 0.02860 0.03348
v 0.04996 0.02860 0.01290
v 0.04818 0.02860 0.01846
v 0.04578 0.02860 0.02380
v 0.04699 0.02901 0.01304
v 0.04849 0.02901 0.00517
v 0.05110 0.02860 0.00716
v 0.05158 0.02860 0.00134
v 0.04762 0.02860 -0.01985
v 0.04907 0.02860 -0.01595
v 0.05056 0.02860 -0.01029
v 0.04219 0.03062 -0.01722
v 0.04136 0.03126 -0.01724
v 0.03994 0.03326 -0.01630
v 0.03997 0.03300 -0.01667
v 0.03891 0.03530 -0.01622
v 0.04207 0.03326 -0.00954
v 0.04307 0.03326 -0.00252
v 0.04290 0.03326 0.00457
v 0.04157 0.03326 0.01154
v 0.03114 0.03326 0.02986
v 0.03561 0.03326 0.02435
v 0.03912 0.03326 0.01819
v 0.02583 0.03326 0.03456
v 0.01982 0.03326 0.03832
v 0.01327 0.03326 0.04105
v 0.00637 0.03326 0.04267
v -0.00776 0.03326 0.04244
v -0.00071 0.03326 0.04314
v -0.01461 0.03326 0.04059
v -0.02106 0.03326 0.03765
v -0.02695 0.03326 0.03369
v -0.03210 0.03326 0.02882
v -0.03639 0.03326 0.02317
v -0.03969 0.03326 0.01690
v -0.03982 0.03326 0.01660
v 0.04444 0.03062 -0.01008
v 0.04549 0.03062 -0.00266
v 0.04531 0.03062 0.00483
v 0.04391 0.03062 0.01219
v 0.04132 0.03062 0.01921
v 0.03761 0.03062 0.02572
v 0.03289 0.03062 0.03154
v 0.02728 0.03062 0.03650
v 0.02093 0.03062 0.04047
v 0.01402 0.03062 0.04336
v 0.00673 0.03062 0.04507
v -0.00075 0.03062 0.04556
v -0.00820 0.03062 0.04482
v -0.01543 0.03062 0.04287
v -0.02225 0.03062 0.03977
v -0.02846 0.03062 0.03559
v -0.03391 0.03062 0.03044
v -0.03843 0.03062 0.02448
v -0.04193 0.03062 0.01785
v -0.04206 0.03062 0.01753
v -0.04280 0.02860 -0.02882
v -0.04009 0.02901 -0.02777
v -0.04412 0.02901 -0.02078
v 0.03827 0.02860 -0.03460
v 0.03683 0.02901 -0.03196
v 0.03106 0.02901 -0.03760
v -0.04208 0.03326 0.00950
v -0.03994 0.03326 0.01630
v -0.04307 0.03326 0.00243
v -0.04288 0.03326 -0.00470
v -0.04152 0.03326 -0.01170
v -0.03903 0.03326 -0.01839
v -0.03546 0.03326 -0.02457
v -0.03093 0.03326 -0.03007
v -0.02555 0.03326 -0.03476
v -0.01947 0.03326 -0.03850
v -0.01286 0.03326 -0.04118
v -0.00590 0.03326 -0.04274
v 0.00122 0.03326 -0.04312
v 0.00831 0.03326 -0.04233
v 0.01517 0.03326 -0.04038
v 0.02162 0.03326 -0.03733
v 0.02748 0.03326 -0.03326
v 0.03258 0.03326 -0.02828
v 0.03680 0.03326 -0.02252
v 0.03886 0.03062 -0.02379
v 0.04159 0.02901 -0.02546
v 0.04507 0.02860 -0.02511
v 0.04194 0.02860 -0.03005
v 0.02454 0.02860 -0.04539
v 0.02952 0.02860 -0.04232
v 0.03411 0.02860 -0.03871
v 0.02444 0.02901 -0.04220
v 0.01715 0.02901 -0.04565
v 0.01925 0.02860 -0.04787
v 0.01371 0.02860 -0.04974
v 0.00939 0.02901 -0.04785
v 0.00799 0.02860 -0.05097
v 0.00138 0.02901 -0.04875
v 0.00217 0.02860 -0.05155
v -0.00367 0.02860 -0.05147
v -0.00667 0.02901 -0.04831
v -0.00947 0.02860 -0.05072
v -0.01454 0.02901 -0.04655
v -0.01515 0.02860 -0.04932
v -0.02063 0.02860 -0.04729
v -0.02201 0.02901 -0.04351
v -0.02585 0.02860 -0.04466
v -0.02888 0.02901 -0.03929
v -0.03073 0.02860 -0.04145
v -0.03496 0.02901 -0.03399
v -0.03522 0.02860 -0.03771
v -0.03926 0.02860 -0.03348
v -0.04996 0.02860 -0.01289
v -0.04818 0.02860 -0.01846
v -0.04578 0.02860 -0.02379
v -0.04694 0.02901 -0.01323
v -0.04848 0.02901 -0.00531
v -0.05110 0.02860 -0.00716
v -0.05158 0.02860 -0.00133
v -0.04869 0.02901 0.00275
v -0.05140 0.02860 0.00451
v -0.04757 0.02901 0.01073
v -0.05056 0.02860 0.01029
v -0.04515 0.02901 0.01843
v -0.04907 0.02860 0.01595
v -0.04219 0.03062 0.01722
v -0.04445 0.03062 0.01003
v -0.04549 0.03062 0.00257
v -0.04529 0.03062 -0.00496
v -0.04386 0.03062 -0.01236
v -0.04122 0.03062 -0.01942
v -0.03746 0.03062 -0.02595
v -0.03267 0.03062 -0.03176
v -0.02699 0.03062 -0.03671
v -0.02057 0.03062 -0.04066
v -0.01359 0.03062 -0.04349
v -0.00623 0.03062 -0.04514
v 0.00129 0.03062 -0.04555
v 0.00878 0.03062 -0.04471
v 0.01603 0.03062 -0.04266
v 0.02284 0.03062 -0.03943
v 0.02902 0.03062 -0.03513
v 0.03441 0.03062 -0.02987
v 0.05359 0.07493 -0.02234
v 0.04984 0.07493 -0.02977
v 0.03880 0.07493 -0.04319
v 0.04483 0.07493 -0.03689
v 0.03190 0.07493 -0.04851
v 0.01611 0.07493 -0.05578
v 0.02427 0.07493 -0.05274
v 0.00758 0.07493 -0.05756
v -0.00980 0.07493 -0.05722
v -0.00112 0.07493 -0.05804
v -0.01826 0.07493 -0.05511
v -0.02630 0.07493 -0.05176
v -0.03375 0.07493 -0.04724
v -0.04044 0.07493 -0.04165
v -0.04622 0.07493 -0.03513
v -0.05096 0.07493 -0.02782
v -0.05455 0.07493 -0.01988
v -0.05691 0.07493 -0.01149
v -0.05799 0.07493 -0.00284
v -0.05776 0.07493 0.00587
v -0.05623 0.07493 0.01445
v -0.05359 0.07493 0.02234
v -0.05383 0.07534 0.02244
v -0.05423 0.07557 0.02261
v -0.05649 0.07534 0.01452
v -0.05468 0.07557 0.02280
v -0.05691 0.07557 0.01463
v -0.05508 0.07534 0.02296
v -0.05738 0.07557 0.01475
v -0.05533 0.07493 0.02307
v -0.05780 0.07534 0.01486
v -0.05811 0.07460 0.01494
v -0.05538 0.07460 0.02309
v -0.05806 0.07493 0.01492
v -0.05904 0.07460 0.01068
v -0.05964 0.07493 0.00606
v -0.05969 0.07460 0.00607
v -0.05996 0.07460 -0.00222
v -0.05987 0.07493 -0.00293
v -0.05993 0.07460 -0.00293
v -0.05876 0.07493 -0.01186
v -0.05881 0.07460 -0.01187
v -0.05809 0.07460 -0.01502
v -0.05632 0.07493 -0.02052
v -0.05637 0.07460 -0.02054
v -0.05352 0.07460 -0.02712
v -0.05261 0.07493 -0.02872
v -0.05266 0.07460 -0.02875
v -0.04772 0.07493 -0.03627
v -0.04777 0.07460 -0.03631
v -0.04647 0.07460 -0.03796
v -0.04176 0.07493 -0.04301
v -0.04179 0.07460 -0.04305
v -0.03725 0.07460 -0.04703
v -0.03485 0.07493 -0.04877
v -0.03488 0.07460 -0.04882
v -0.02715 0.07493 -0.05344
v -0.02718 0.07460 -0.05349
v -0.01885 0.07493 -0.05690
v -0.02309 0.07460 -0.05538
v -0.02631 0.07460 -0.05392
v -0.01012 0.07493 -0.05908
v -0.01887 0.07460 -0.05696
v -0.01979 0.07460 -0.05664
v -0.00116 0.07493 -0.05993
v -0.00719 0.07460 -0.05957
v -0.01013 0.07460 -0.05914
v 0.01663 0.07493 -0.05759
v 0.00783 0.07460 -0.05949
v 0.00782 0.07493 -0.05943
v 0.00574 0.07460 -0.05972
v -0.00116 0.07460 -0.05999
v 0.02506 0.07493 -0.05445
v 0.01841 0.07460 -0.05711
v 0.01665 0.07460 -0.05764
v 0.04063 0.07460 -0.04415
v 0.04010 0.07460 -0.04463
v 0.04006 0.07493 -0.04459
v 0.03296 0.07460 -0.05013
v 0.03293 0.07493 -0.05009
v 0.03022 0.07460 -0.05183
v 0.02509 0.07460 -0.05450
v 0.04633 0.07460 -0.03813
v 0.04628 0.07493 -0.03809
v 0.04915 0.07460 -0.03442
v 0.05146 0.07493 -0.03074
v 0.05151 0.07460 -0.03077
v 0.05533 0.07493 -0.02307
v 0.05538 0.07460 -0.02309
v -0.05937 0.07534 0.00604
v -0.05960 0.07534 -0.00292
v -0.05849 0.07534 -0.01181
v -0.05607 0.07534 -0.02043
v -0.05238 0.07534 -0.02859
v -0.04751 0.07534 -0.03611
v -0.04157 0.07534 -0.04281
v -0.03469 0.07534 -0.04855
v -0.02703 0.07534 -0.05320
v -0.01876 0.07534 -0.05665
v -0.01007 0.07534 -0.05882
v -0.00116 0.07534 -0.05966
v 0.00779 0.07534 -0.05916
v 0.01656 0.07534 -0.05733
v 0.02495 0.07534 -0.05421
v 0.03278 0.07534 -0.04986
v 0.03988 0.07534 -0.04439
v 0.04607 0.07534 -0.03792
v 0.05123 0.07534 -0.03060
v 0.05508 0.07534 -0.02296
v -0.05894 0.07557 0.00599
v -0.05917 0.07557 -0.00290
v -0.05807 0.07557 -0.01172
v -0.05566 0.07557 -0.02028
v -0.05200 0.07557 -0.02839
v -0.04717 0.07557 -0.03585
v -0.04127 0.07557 -0.04251
v -0.03444 0.07557 -0.04820
v -0.02684 0.07557 -0.05282
v -0.01863 0.07557 -0.05624
v -0.01000 0.07557 -0.05839
v -0.00115 0.07557 -0.05923
v 0.00773 0.07557 -0.05874
v 0.01644 0.07557 -0.05692
v 0.02477 0.07557 -0.05382
v 0.03255 0.07557 -0.04950
v 0.03959 0.07557 -0.04407
v 0.04574 0.07557 -0.03765
v 0.05086 0.07557 -0.03038
v 0.05468 0.07557 -0.02280
v -0.05845 0.07557 0.00594
v -0.05868 0.07557 -0.00287
v -0.05759 0.07557 -0.01162
v -0.05520 0.07557 -0.02011
v -0.05157 0.07557 -0.02815
v -0.04678 0.07557 -0.03555
v -0.04093 0.07557 -0.04216
v -0.03416 0.07557 -0.04781
v -0.02662 0.07557 -0.05238
v -0.01848 0.07557 -0.05577
v -0.00992 0.07557 -0.05791
v -0.00114 0.07557 -0.05874
v 0.00767 0.07557 -0.05825
v 0.01630 0.07557 -0.05645
v 0.02457 0.07557 -0.05337
v 0.03228 0.07557 -0.04909
v 0.03926 0.07557 -0.04371
v 0.04537 0.07557 -0.03734
v 0.05044 0.07557 -0.03013
v 0.05423 0.07557 -0.02261
v -0.05803 0.07534 0.00590
v -0.05826 0.07534 -0.00285
v -0.05717 0.07534 -0.01154
v -0.05480 0.07534 -0.01997
v -0.05119 0.07534 -0.02795
v -0.04643 0.07534 -0.03529
v -0.04063 0.07534 -0.04185
v -0.03391 0.07534 -0.04746
v -0.02642 0.07534 -0.05200
v -0.01834 0.07534 -0.05537
v -0.00985 0.07534 -0.05749
v -0.00113 0.07534 -0.05831
v 0.00761 0.07534 -0.05783
v 0.01618 0.07534 -0.05604
v 0.02439 0.07534 -0.05298
v 0.03204 0.07534 -0.04873
v 0.03898 0.07534 -0.04339
v 0.04503 0.07534 -0.03707
v 0.05007 0.07534 -0.02991
v 0.05383 0.07534 -0.02244
v -0.04984 0.07493 0.02977
v 0.02631 0.07460 0.05392
v 0.02715 0.07493 0.05344
v 0.02309 0.07460 0.05538
v 0.01885 0.07493 0.05690
v 0.01012 0.07493 0.05908
v 0.01887 0.07460 0.05696
v 0.01979 0.07460 0.05664
v 0.00116 0.07493 0.05993
v 0.00719 0.07460 0.05957
v 0.01013 0.07460 0.05914
v -0.01663 0.07493 0.05759
v -0.00783 0.07460 0.05949
v -0.00782 0.07493 0.05943
v -0.00574 0.07460 0.05972
v 0.00116 0.07460 0.05999
v -0.02506 0.07493 0.05445
v -0.01841 0.07460 0.05711
v -0.01665 0.07460 0.05765
v -0.04063 0.07460 0.04415
v -0.04010 0.07460 0.04464
v -0.04006 0.07493 0.04459
v -0.03296 0.07460 0.05013
v -0.03293 0.07493 0.05009
v -0.03022 0.07460 0.05183
v -0.02509 0.07460 0.05450
v -0.04632 0.07460 0.03813
v -0.04628 0.07493 0.03809
v -0.04914 0.07460 0.03442
v -0.05146 0.07493 0.03074
v -0.05151 0.07460 0.03077
v -0.03880 0.07493 0.04319
v -0.04482 0.07493 0.03689
v -0.03189 0.07493 0.04851
v -0.01611 0.07493 0.05578
v -0.02427 0.07493 0.05274
v -0.00758 0.07493 0.05756
v 0.00980 0.07493 0.05722
v 0.00112 0.07493 0.05805
v 0.01826 0.07493 0.05511
v 0.02630 0.07493 0.05176
v 0.03375 0.07493 0.04724
v 0.04044 0.07493 0.04165
v 0.04622 0.07493 0.03513
v 0.05096 0.07493 0.02782
v 0.05455 0.07493 0.01988
v 0.05691 0.07493 0.01149
v 0.05799 0.07493 0.00284
v 0.05776 0.07493 -0.00587
v 0.05623 0.07493 -0.01445
v 0.05649 0.07534 -0.01452
v 0.05691 0.07557 -0.01463
v 0.05738 0.07557 -0.01475
v 0.05780 0.07534 -0.01485
v 0.05806 0.07493 -0.01492
v 0.05964 0.07493 -0.00606
v 0.05904 0.07460 -0.01068
v 0.05811 0.07460 -0.01494
v 0.05876 0.07493 0.01186
v 0.05993 0.07460 0.00293
v 0.05987 0.07493 0.00293
v 0.05996 0.07460 0.00222
v 0.05969 0.07460 -0.00607
v 0.05632 0.07493 0.02052
v 0.05809 0.07460 0.01502
v 0.05881 0.07460 0.01187
v 0.04772 0.07493 0.03627
v 0.05266 0.07460 0.02875
v 0.05262 0.07493 0.02872
v 0.05352 0.07460 0.02712
v 0.05637 0.07460 0.02054
v 0.04176 0.07493 0.04301
v 0.04647 0.07460 0.03796
v 0.04777 0.07460 0.03631
v 0.02718 0.07460 0.05349
v 0.03488 0.07460 0.04882
v 0.03485 0.07493 0.04877
v 0.03725 0.07460 0.04703
v 0.04180 0.07460 0.04305
v 0.05937 0.07534 -0.00604
v 0.05960 0.07534 0.00292
v 0.05850 0.07534 0.01181
v 0.05607 0.07534 0.02043
v 0.05238 0.07534 0.02859
v 0.04751 0.07534 0.03611
v 0.04157 0.07534 0.04282
v 0.03469 0.07534 0.04856
v 0.02703 0.07534 0.05320
v 0.01877 0.07534 0.05665
v 0.01007 0.07534 0.05882
v 0.00116 0.07534 0.05966
v -0.00779 0.07534 0.05916
v -0.01656 0.07534 0.05733
v -0.02495 0.07534 0.05421
v -0.03278 0.07534 0.04986
v -0.03988 0.07534 0.04439
v -0.04607 0.07534 0.03792
v -0.05123 0.07534 0.03060
v 0.05894 0.07557 -0.00599
v 0.05917 0.07557 0.00290
v 0.05807 0.07557 0.01172
v 0.05566 0.07557 0.02028
v 0.05200 0.07557 0.02839
v 0.04717 0.07557 0.03585
v 0.04127 0.07557 0.04251
v 0.03444 0.07557 0.04821
v 0.02684 0.07557 0.05282
v 0.01863 0.07557 0.05624
v 0.01000 0.07557 0.05839
v 0.00115 0.07557 0.05923
v -0.00773 0.07557 0.05874
v -0.01644 0.07557 0.05692
v -0.02477 0.07557 0.05382
v -0.03255 0.07557 0.04950
v -0.03959 0.07557 0.04407
v -0.04574 0.07557 0.03765
v -0.05086 0.07557 0.03038
v 0.05845 0.07557 -0.00594
v 0.05869 0.07557 0.00287
v 0.05759 0.07557 0.01163
v 0.05521 0.07557 0.02012
v 0.05157 0.07557 0.02815
v 0.04678 0.07557 0.03555
v 0.04093 0.07557 0.04216
v 0.03416 0.07557 0.04781
v 0.02662 0.07557 0.05238
v 0.01848 0.07557 0.05578
v 0.00992 0.07557 0.05791
v 0.00114 0.07557 0.05875
v -0.00767 0.07557 0.05825
v -0.01630 0.07557 0.05645
v -0.02457 0.07557 0.05337
v -0.03228 0.07557 0.04910
v -0.03926 0.07557 0.04371
v -0.04536 0.07557 0.03734
v -0.05044 0.07557 0.03013
v 0.05803 0.07534 -0.00590
v 0.05826 0.07534 0.00285
v 0.05717 0.07534 0.01154
v 0.05480 0.07534 0.01997
v 0.05120 0.07534 0.02795
v 0.04644 0.07534 0.03529
v 0.04063 0.07534 0.04185
v 0.03391 0.07534 0.04746
v 0.02642 0.07534 0.05200
v 0.01834 0.07534 0.05537
v 0.00985 0.07534 0.05749
v 0.00113 0.07534 0.05831
v -0.00761 0.07534 0.05783
v -0.01618 0.07534 0.05604
v -0.02439 0.07534 0.05298
v -0.03204 0.07534 0.04874
v -0.03898 0.07534 0.04339
v -0.04503 0.07534 0.03707
v -0.05007 0.07534 0.02991
v -0.05539 0.02860 0.01343
v -0.05261 0.02860 0.02193
v -0.04853 0.02860 0.02989
v -0.03712 0.02860 -0.04326
v -0.04343 0.02860 -0.03692
v -0.04867 0.02860 -0.02967
v 0.05539 0.02860 -0.01343
v 0.05261 0.02860 -0.02193
v 0.04853 0.02860 -0.02989
v 0.02967 0.02860 -0.04867
v 0.02169 0.02860 -0.05271
v 0.01318 0.02860 -0.05546
v -0.01343 0.02860 -0.05539
v -0.02193 0.02860 -0.05261
v -0.02989 0.02860 -0.04853
v -0.05683 0.02860 -0.00434
v -0.05681 0.02860 0.00460
v 0.04326 0.02860 -0.03712
v 0.03692 0.02860 -0.04343
v -0.05271 0.02860 -0.02169
v -0.05546 0.02860 -0.01318
v -0.02967 0.02860 0.04867
v -0.02169 0.02860 0.05271
v -0.01318 0.02860 0.05546
v 0.05683 0.02860 0.00434
v 0.05681 0.02860 -0.00460
v 0.00434 0.02860 -0.05683
v -0.00460 0.02860 -0.05681
v -0.04326 0.02860 0.03712
v -0.03692 0.02860 0.04343
v 0.04867 0.02860 0.02967
v 0.05271 0.02860 0.02169
v 0.05546 0.02860 0.01318
v -0.00434 0.02860 0.05683
v 0.00460 0.02860 0.05681
v 0.01343 0.02860 0.05539
v 0.03712 0.02860 0.04326
v 0.04343 0.02860 0.03692
v 0.02193 0.02860 0.05261
v 0.02989 0.02860 0.04853
v 0.02309 0.07360 0.05538
v 0.01979 0.07360 0.05664
v -0.02309 0.07360 -0.05538
v -0.02631 0.07360 -0.05392
v 0.01887 0.07360 0.05696
v 0.01013 0.07360 0.05914
v 0.00719 0.07360 0.05957
v 0.00116 0.07360 0.05999
v -0.00574 0.07360 0.05972
v -0.00783 0.07360 0.05949
v -0.01665 0.07360 0.05765
v -0.01841 0.07360 0.05711
v -0.02509 0.07360 0.05450
v -0.03022 0.07360 0.05183
v -0.03296 0.07360 0.05013
v -0.04010 0.07360 0.04464
v -0.04063 0.07360 0.04415
v -0.04632 0.07360 0.03813
v -0.04914 0.07360 0.03442
v -0.05151 0.07360 0.03077
v -0.05538 0.07360 0.02309
v -0.05811 0.07360 0.01494
v -0.05904 0.07360 0.01068
v -0.05969 0.07360 0.00607
v -0.05996 0.07360 -0.00222
v -0.05993 0.07360 -0.00293
v -0.05881 0.07360 -0.01187
v -0.05809 0.07360 -0.01502
v -0.05637 0.07360 -0.02054
v -0.05352 0.07360 -0.02712
v -0.05266 0.07360 -0.02875
v -0.04777 0.07360 -0.03631
v -0.04647 0.07360 -0.03796
v -0.04179 0.07360 -0.04305
v -0.03725 0.07360 -0.04703
v -0.03488 0.07360 -0.04882
v -0.02718 0.07360 -0.05349
v -0.01979 0.07360 -0.05664
v 0.02631 0.07360 0.05392
v -0.01887 0.07360 -0.05696
v -0.01013 0.07360 -0.05914
v -0.00719 0.07360 -0.05957
v -0.00116 0.07360 -0.05999
v 0.00574 0.07360 -0.05972
v 0.00783 0.07360 -0.05949
v 0.01665 0.07360 -0.05764
v 0.01841 0.07360 -0.05711
v 0.02509 0.07360 -0.05450
v 0.03022 0.07360 -0.05183
v 0.03296 0.07360 -0.05013
v 0.04010 0.07360 -0.04463
v 0.04063 0.07360 -0.04415
v 0.04633 0.07360 -0.03813
v 0.04915 0.07360 -0.03442
v 0.05151 0.07360 -0.03077
v 0.05538 0.07360 -0.02309
v 0.05811 0.07360 -0.01494
v 0.05904 0.07360 -0.01068
v 0.05969 0.07360 -0.00607
v 0.05996 0.07360 0.00222
v 0.05993 0.07360 0.00293
v 0.05881 0.07360 0.01187
v 0.05809 0.07360 0.01502
v 0.05637 0.07360 0.02054
v 0.05352 0.07360 0.02712
v 0.05266 0.07360 0.02875
v 0.04777 0.07360 0.03631
v 0.04647 0.07360 0.03796
v 0.04180 0.07360 0.04305
v 0.03725 0.07360 0.04703
v 0.03488 0.07360 0.04882
v 0.02718 0.07360 0.05349
v 0.03753 0.02795 -0.04414
v 0.03016 0.02795 -0.04947
v 0.03019 0.02760 -0.04952
v -0.05631 0.02795 0.01366
v -0.05348 0.02795 0.02230
v -0.05353 0.02760 0.02232
v -0.03773 0.02795 -0.04397
v -0.04414 0.02795 -0.03753
v -0.04419 0.02760 -0.03757
v -0.03777 0.02760 -0.04402
v -0.03601 0.02760 -0.04547
v -0.03039 0.02795 -0.04933
v -0.03042 0.02760 -0.04938
v -0.02229 0.02795 -0.05348
v -0.05358 0.02795 -0.02205
v -0.05174 0.02760 -0.02621
v -0.04947 0.02795 -0.03016
v -0.04952 0.02760 -0.03019
v -0.04492 0.02760 -0.03669
v -0.05637 0.02795 -0.01340
v -0.05615 0.02760 -0.01451
v -0.05364 0.02760 -0.02207
v -0.05775 0.02795 0.00468
v -0.05796 0.02760 -0.00214
v -0.05777 0.02795 -0.00441
v -0.05783 0.02760 -0.00442
v -0.05643 0.02760 -0.01341
v -0.05637 0.02760 0.01367
v -0.05707 0.02760 0.01033
v -0.05781 0.02760 0.00468
v -0.05293 0.02854 0.02207
v -0.05573 0.02854 0.01352
v -0.05716 0.02854 0.00463
v -0.05718 0.02854 -0.00437
v -0.05579 0.02854 -0.01326
v -0.05303 0.02854 -0.02182
v -0.04896 0.02854 -0.02985
v -0.04369 0.02854 -0.03714
v -0.03734 0.02854 -0.04352
v -0.03008 0.02854 -0.04883
v -0.02207 0.02854 -0.05293
v -0.01351 0.02854 -0.05573
v -0.00463 0.02854 -0.05716
v 0.00437 0.02854 -0.05718
v 0.01326 0.02854 -0.05579
v 0.02182 0.02854 -0.05303
v 0.02985 0.02854 -0.04896
v 0.03714 0.02854 -0.04369
v 0.04352 0.02854 -0.03734
v 0.04883 0.02854 -0.03008
v 0.05293 0.02854 -0.02207
v 0.05353 0.02760 -0.02232
v 0.05348 0.02795 -0.02229
v 0.04938 0.02760 -0.03042
v 0.04933 0.02795 -0.03039
v 0.04751 0.02760 -0.03327
v 0.04397 0.02795 -0.03773
v 0.03757 0.02760 -0.04419
v 0.03927 0.02760 -0.04268
v 0.04402 0.02760 -0.03777
v 0.01340 0.02795 -0.05637
v 0.01780 0.02760 -0.05520
v 0.02205 0.02795 -0.05358
v 0.02207 0.02760 -0.05364
v 0.02921 0.02760 -0.05011
v 0.00441 0.02795 -0.05777
v 0.00555 0.02760 -0.05773
v 0.01341 0.02760 -0.05643
v -0.01365 0.02795 -0.05631
v -0.00695 0.02760 -0.05758
v -0.00468 0.02795 -0.05775
v -0.00468 0.02760 -0.05781
v 0.00442 0.02760 -0.05783
v -0.02232 0.02760 -0.05353
v -0.01913 0.02760 -0.05475
v -0.01367 0.02760 -0.05637
v -0.05326 0.02831 0.02221
v -0.05608 0.02831 0.01360
v -0.05752 0.02831 0.00466
v -0.05754 0.02831 -0.00439
v -0.05614 0.02831 -0.01334
v -0.05336 0.02831 -0.02196
v -0.04927 0.02831 -0.03004
v -0.04397 0.02831 -0.03738
v -0.03758 0.02831 -0.04379
v -0.03026 0.02831 -0.04913
v -0.02221 0.02831 -0.05326
v -0.01360 0.02831 -0.05608
v -0.00466 0.02831 -0.05752
v 0.00439 0.02831 -0.05754
v 0.01334 0.02831 -0.05614
v 0.02196 0.02831 -0.05336
v 0.03004 0.02831 -0.04927
v 0.03738 0.02831 -0.04397
v 0.04379 0.02831 -0.03758
v 0.04913 0.02831 -0.03026
v 0.05326 0.02831 -0.02221
v 0.05631 0.02795 -0.01365
v 0.03773 0.02795 0.04397
v 0.04414 0.02795 0.03753
v 0.04419 0.02760 0.03757
v -0.03753 0.02795 0.04414
v -0.03016 0.02795 0.04947
v -0.03019 0.02760 0.04952
v -0.04938 0.02760 0.03042
v -0.04933 0.02795 0.03039
v -0.04751 0.02760 0.03327
v -0.04397 0.02795 0.03773
v -0.03757 0.02760 0.04419
v -0.03927 0.02760 0.04268
v -0.04402 0.02760 0.03777
v -0.01340 0.02795 0.05637
v -0.01780 0.02760 0.05520
v -0.02205 0.02795 0.05358
v -0.02207 0.02760 0.05364
v -0.02921 0.02760 0.05011
v -0.00441 0.02795 0.05777
v -0.00555 0.02760 0.05773
v -0.01341 0.02760 0.05643
v 0.01366 0.02795 0.05631
v 0.00695 0.02760 0.05758
v 0.00468 0.02795 0.05775
v 0.00468 0.02760 0.05781
v -0.00442 0.02760 0.05783
v 0.03777 0.02760 0.04402
v 0.03601 0.02760 0.04547
v 0.03039 0.02795 0.04933
v 0.03042 0.02760 0.04938
v 0.02230 0.02795 0.05348
v 0.02232 0.02760 0.05353
v 0.01367 0.02760 0.05637
v 0.05358 0.02795 0.02205
v 0.05174 0.02760 0.02621
v 0.04947 0.02795 0.03016
v 0.04952 0.02760 0.03019
v 0.04492 0.02760 0.03669
v 0.05637 0.02795 0.01340
v 0.05615 0.02760 0.01452
v 0.05364 0.02760 0.02207
v 0.05775 0.02795 -0.00468
v 0.05796 0.02760 0.00214
v 0.05777 0.02795 0.00441
v 0.05783 0.02760 0.00442
v 0.05643 0.02760 0.01341
v 0.05637 0.02760 -0.01367
v 0.05707 0.02760 -0.01033
v 0.05781 0.02760 -0.00468
v 0.05573 0.02854 -0.01351
v 0.05716 0.02854 -0.00463
v 0.05718 0.02854 0.00437
v 0.05579 0.02854 0.01326
v 0.05303 0.02854 0.02182
v 0.04896 0.02854 0.02985
v 0.04369 0.02854 0.03714
v 0.03734 0.02854 0.04352
v 0.03008 0.02854 0.04883
v 0.02207 0.02854 0.05293
v 0.01352 0.02854 0.05573
v 0.00463 0.02854 0.05716
v -0.00437 0.02854 0.05718
v -0.01326 0.02854 0.05579
v -0.02182 0.02854 0.05303
v -0.02985 0.02854 0.04896
v -0.03714 0.02854 0.04369
v -0.04352 0.02854 0.03734
v -0.04883 0.02854 0.03008
v 0.05608 0.02831 -0.01360
v 0.05752 0.02831 -0.00466
v 0.05754 0.02831 0.00439
v 0.05614 0.02831 0.01334
v 0.05337 0.02831 0.02196
v 0.04927 0.02831 0.03004
v 0.04397 0.02831 0.03738
v 0.03758 0.02831 0.04379
v 0.03027 0.02831 0.04913
v 0.02221 0.02831 0.05326
v 0.01360 0.02831 0.05608
v 0.00466 0.02831 0.05752
v -0.00439 0.02831 0.05754
v -0.01334 0.02831 0.05614
v -0.02196 0.02831 0.05337
v -0.03004 0.02831 0.04927
v -0.03738 0.02831 0.04397
v -0.04379 0.02831 0.03758
v -0.04913 0.02831 0.03027
v 0.05533 0.07305 -0.02307
v 0.05147 0.07305 -0.03074
v 0.04629 0.07305 -0.03810
v 0.04006 0.07305 -0.04460
v 0.03294 0.07305 -0.05009
v 0.02507 0.07305 -0.05446
v 0.01663 0.07305 -0.05759
v 0.00782 0.07305 -0.05944
v -0.00116 0.07305 -0.05994
v -0.01012 0.07305 -0.05909
v -0.01885 0.07305 -0.05691
v -0.03485 0.07305 -0.04878
v -0.02716 0.07305 -0.05344
v -0.02307 0.07305 -0.05533
v -0.04176 0.07305 -0.04301
v -0.05262 0.07305 -0.02872
v -0.04773 0.07305 -0.03628
v -0.05633 0.07305 -0.02052
v -0.05988 0.07305 -0.00293
v -0.05876 0.07305 -0.01186
v -0.05964 0.07305 0.00606
v -0.05806 0.07305 0.01492
v -0.05533 0.07305 0.02307
v 0.05691 0.07305 -0.01885
v 0.05806 0.07305 -0.01492
v 0.05964 0.07305 -0.00606
v 0.05988 0.07305 0.00293
v 0.05262 0.07305 0.02872
v 0.05633 0.07305 0.02052
v 0.05876 0.07305 0.01186
v 0.03485 0.07305 0.04878
v 0.04176 0.07305 0.04301
v 0.04773 0.07305 0.03628
v 0.01885 0.07305 0.05691
v 0.02307 0.07305 0.05533
v 0.02716 0.07305 0.05345
v -0.00782 0.07305 0.05944
v 0.00116 0.07305 0.05994
v 0.01012 0.07305 0.05909
v -0.03293 0.07305 0.05009
v -0.02507 0.07305 0.05446
v -0.01663 0.07305 0.05760
v -0.04006 0.07305 0.04460
v -0.04629 0.07305 0.03810
v -0.05147 0.07305 0.03074
v -0.05344 0.07305 0.02716
v 0.02232 0.02660 0.05353
v 0.02627 0.02660 0.05171
v 0.03372 0.02660 0.04719
v 0.03601 0.02660 0.04547
v 0.04040 0.02660 0.04161
v 0.04492 0.02660 0.03669
v 0.04618 0.02660 0.03510
v 0.05091 0.02660 0.02779
v 0.05174 0.02660 0.02621
v 0.05450 0.02660 0.01986
v 0.05615 0.02660 0.01452
v -0.02232 0.02660 -0.05353
v -0.01824 0.02660 -0.05506
v -0.00979 0.02660 -0.05717
v -0.00695 0.02660 -0.05758
v -0.00112 0.02660 -0.05799
v 0.00555 0.02660 -0.05773
v 0.00757 0.02660 -0.05750
v 0.01609 0.02660 -0.05572
v 0.01780 0.02660 -0.05520
v 0.02425 0.02660 -0.05269
v 0.02921 0.02660 -0.05011
v 0.03186 0.02660 -0.04846
v 0.03876 0.02660 -0.04315
v 0.03927 0.02660 -0.04268
v 0.04478 0.02660 -0.03686
v 0.04751 0.02660 -0.03327
v 0.04979 0.02660 -0.02974
v 0.05353 0.02660 -0.02232
v 0.05617 0.02660 -0.01444
v 0.05707 0.02660 -0.01033
v 0.05770 0.02660 -0.00587
v 0.05796 0.02660 0.00214
v 0.05793 0.02660 0.00284
v 0.05685 0.02660 0.01148
v -0.02627 0.02660 -0.05171
v -0.03372 0.02660 -0.04719
v -0.03601 0.02660 -0.04547
v -0.04040 0.02660 -0.04161
v -0.04492 0.02660 -0.03669
v -0.04618 0.02660 -0.03510
v -0.05091 0.02660 -0.02779
v -0.05174 0.02660 -0.02621
v -0.05449 0.02660 -0.01986
v -0.05615 0.02660 -0.01451
v -0.05685 0.02660 -0.01148
v -0.05793 0.02660 -0.00284
v -0.05796 0.02660 -0.00214
v -0.05770 0.02660 0.00587
v -0.05707 0.02660 0.01033
v -0.05617 0.02660 0.01444
v -0.05353 0.02660 0.02232
v -0.04979 0.02660 0.02974
v -0.04751 0.02660 0.03327
v -0.04478 0.02660 0.03686
v -0.03927 0.02660 0.04268
v -0.03876 0.02660 0.04315
v -0.03186 0.02660 0.04846
v -0.02921 0.02660 0.05011
v -0.02425 0.02660 0.05269
v -0.01780 0.02660 0.05520
v -0.01609 0.02660 0.05572
v -0.00757 0.02660 0.05750
v -0.00555 0.02660 0.05773
v 0.00112 0.02660 0.05799
v 0.00695 0.02660 0.05758
v 0.00979 0.02660 0.05717
v 0.01824 0.02660 0.05506
v -0.05355 0.07336 0.02721
v -0.04887 0.07336 0.03492
v -0.04309 0.07336 0.04184
v -0.03635 0.07336 0.04782
v -0.02878 0.07336 0.05272
v -0.02056 0.07336 0.05644
v -0.01188 0.07336 0.05888
v -0.00294 0.07336 0.05999
v 0.00608 0.07336 0.05976
v 0.01495 0.07336 0.05817
v 0.02311 0.07336 0.05544
v 0.02321 0.07365 0.05567
v 0.02332 0.07381 0.05595
v 0.01502 0.07365 0.05842
v 0.01509 0.07381 0.05870
v 0.00610 0.07365 0.06001
v 0.00613 0.07381 0.06030
v -0.00295 0.07365 0.06025
v -0.00296 0.07381 0.06054
v -0.01193 0.07365 0.05913
v -0.01199 0.07381 0.05941
v -0.01659 0.07381 0.05830
v -0.02065 0.07365 0.05667
v -0.02075 0.07381 0.05695
v -0.02890 0.07365 0.05294
v -0.02904 0.07381 0.05320
v -0.03650 0.07365 0.04802
v -0.03668 0.07381 0.04826
v -0.04328 0.07365 0.04202
v -0.04349 0.07381 0.04222
v -0.04908 0.07365 0.03507
v -0.04932 0.07381 0.03524
v -0.05377 0.07365 0.02732
v -0.05404 0.07381 0.02746
v -0.05726 0.07365 0.01897
v -0.05754 0.07381 0.01906
v -0.05945 0.07365 0.01018
v -0.05974 0.07381 0.01023
v -0.06031 0.07365 0.00117
v -0.06060 0.07381 0.00117
v -0.05980 0.07365 -0.00787
v -0.06009 0.07381 -0.00791
v -0.05795 0.07365 -0.01673
v -0.05823 0.07381 -0.01682
v -0.05479 0.07365 -0.02522
v -0.05506 0.07381 -0.02534
v -0.05309 0.07381 -0.02924
v -0.05040 0.07365 -0.03314
v -0.05065 0.07381 -0.03330
v -0.04487 0.07365 -0.04031
v -0.04509 0.07381 -0.04050
v -0.03833 0.07365 -0.04657
v -0.03852 0.07381 -0.04680
v -0.03093 0.07365 -0.05178
v -0.03108 0.07381 -0.05204
v -0.02321 0.07365 -0.05567
v -0.02332 0.07381 -0.05594
v -0.02311 0.07336 -0.05544
v -0.03080 0.07336 -0.05157
v -0.03817 0.07336 -0.04637
v -0.04468 0.07336 -0.04014
v -0.05019 0.07336 -0.03300
v -0.05456 0.07336 -0.02511
v -0.05771 0.07336 -0.01666
v -0.05955 0.07336 -0.00784
v -0.06005 0.07336 0.00116
v -0.05920 0.07336 0.01014
v -0.05702 0.07336 0.01889
v -0.01495 0.07336 -0.05817
v -0.01501 0.07365 -0.05842
v -0.01509 0.07381 -0.05870
v -0.00610 0.07365 -0.06001
v -0.00613 0.07381 -0.06030
v 0.00295 0.07365 -0.06025
v 0.00296 0.07381 -0.06054
v 0.01193 0.07365 -0.05912
v 0.01199 0.07381 -0.05941
v 0.01659 0.07381 -0.05830
v 0.02065 0.07365 -0.05667
v 0.02075 0.07381 -0.05695
v 0.02890 0.07365 -0.05294
v 0.02904 0.07381 -0.05320
v 0.03650 0.07365 -0.04802
v 0.03668 0.07381 -0.04825
v 0.04328 0.07365 -0.04202
v 0.04349 0.07381 -0.04222
v 0.04908 0.07365 -0.03506
v 0.04932 0.07381 -0.03524
v 0.05377 0.07365 -0.02732
v 0.05404 0.07381 -0.02746
v 0.05726 0.07365 -0.01897
v 0.05754 0.07381 -0.01906
v 0.05945 0.07365 -0.01018
v 0.05974 0.07381 -0.01023
v 0.06031 0.07365 -0.00117
v 0.06060 0.07381 -0.00117
v 0.05980 0.07365 0.00787
v 0.06009 0.07381 0.00791
v 0.05795 0.07365 0.01673
v 0.05823 0.07381 0.01682
v 0.05479 0.07365 0.02522
v 0.05506 0.07381 0.02534
v 0.05309 0.07381 0.02925
v 0.05040 0.07365 0.03314
v 0.05065 0.07381 0.03330
v 0.04487 0.07365 0.04031
v 0.04509 0.07381 0.04051
v 0.03833 0.07365 0.04657
v 0.03852 0.07381 0.04680
v 0.03093 0.07365 0.05178
v 0.03108 0.07381 0.05204
v 0.03080 0.07336 0.05157
v 0.03817 0.07336 0.04638
v 0.04468 0.07336 0.04014
v 0.05019 0.07336 0.03300
v 0.05456 0.07336 0.02511
v 0.05771 0.07336 0.01666
v 0.05955 0.07336 0.00784
v 0.06005 0.07336 -0.00116
v 0.05920 0.07336 -0.01014
v 0.05702 0.07336 -0.01889
v -0.00608 0.07336 -0.05976
v 0.00294 0.07336 -0.05999
v 0.01188 0.07336 -0.05888
v 0.02056 0.07336 -0.05643
v 0.02878 0.07336 -0.05272
v 0.03635 0.07336 -0.04782
v 0.04310 0.07336 -0.04184
v 0.04887 0.07336 -0.03492
v 0.05355 0.07336 -0.02721
v -0.02718 0.02660 -0.05349
v -0.02715 0.02627 -0.05344
v -0.03485 0.02627 -0.04877
v -0.05508 0.02586 0.02296
v -0.05533 0.02627 0.02307
v -0.05806 0.02627 0.01492
v -0.05468 0.02563 0.02280
v -0.05780 0.02586 0.01486
v -0.05423 0.02563 0.02261
v -0.05738 0.02563 0.01475
v -0.05383 0.02586 0.02244
v -0.05691 0.02563 0.01463
v -0.05359 0.02627 0.02234
v -0.05649 0.02586 0.01452
v -0.05623 0.02627 0.01445
v -0.05776 0.02627 0.00587
v -0.05691 0.02627 -0.01149
v -0.05799 0.02627 -0.00284
v -0.05455 0.02627 -0.01988
v -0.04622 0.02627 -0.03513
v -0.05096 0.02627 -0.02782
v -0.04044 0.02627 -0.04165
v -0.02630 0.02627 -0.05176
v -0.03375 0.02627 -0.04724
v -0.00980 0.02627 -0.05722
v -0.01826 0.02627 -0.05511
v -0.00112 0.02627 -0.05804
v 0.01611 0.02627 -0.05578
v 0.00758 0.02627 -0.05756
v 0.02427 0.02627 -0.05274
v 0.03880 0.02627 -0.04319
v 0.03190 0.02627 -0.04851
v 0.04483 0.02627 -0.03689
v 0.04984 0.02627 -0.02977
v 0.05359 0.02627 -0.02234
v 0.05533 0.02627 -0.02307
v 0.05146 0.02627 -0.03074
v 0.05538 0.02660 -0.02309
v 0.05151 0.02660 -0.03077
v 0.04915 0.02660 -0.03442
v 0.04628 0.02627 -0.03809
v 0.04633 0.02660 -0.03813
v 0.04063 0.02660 -0.04415
v 0.04006 0.02627 -0.04459
v 0.04010 0.02660 -0.04463
v 0.03293 0.02627 -0.05009
v 0.03296 0.02660 -0.05013
v 0.03022 0.02660 -0.05183
v 0.02506 0.02627 -0.05445
v 0.02509 0.02660 -0.05450
v 0.01841 0.02660 -0.05711
v 0.01663 0.02627 -0.05759
v 0.01665 0.02660 -0.05764
v 0.00782 0.02627 -0.05943
v 0.00783 0.02660 -0.05949
v 0.00574 0.02660 -0.05972
v -0.00116 0.02627 -0.05993
v -0.00116 0.02660 -0.05999
v -0.00719 0.02660 -0.05957
v -0.01012 0.02627 -0.05908
v -0.01013 0.02660 -0.05914
v -0.01885 0.02627 -0.05690
v -0.01887 0.02660 -0.05696
v -0.02631 0.02660 -0.05392
v -0.02309 0.02660 -0.05538
v -0.01979 0.02660 -0.05664
v -0.04176 0.02627 -0.04301
v -0.03725 0.02660 -0.04703
v -0.03488 0.02660 -0.04882
v -0.05261 0.02627 -0.02872
v -0.04777 0.02660 -0.03631
v -0.04772 0.02627 -0.03627
v -0.04647 0.02660 -0.03796
v -0.04179 0.02660 -0.04305
v -0.05632 0.02627 -0.02052
v -0.05352 0.02660 -0.02712
v -0.05266 0.02660 -0.02875
v -0.05996 0.02660 -0.00222
v -0.05993 0.02660 -0.00293
v -0.05987 0.02627 -0.00293
v -0.05881 0.02660 -0.01187
v -0.05876 0.02627 -0.01186
v -0.05809 0.02660 -0.01502
v -0.05637 0.02660 -0.02054
v -0.05969 0.02660 0.00607
v -0.05964 0.02627 0.00606
v -0.05904 0.02660 0.01068
v -0.05811 0.02660 0.01494
v -0.05538 0.02660 0.02309
v -0.05803 0.02586 0.00590
v -0.05826 0.02586 -0.00285
v -0.05717 0.02586 -0.01154
v -0.05480 0.02586 -0.01997
v -0.05119 0.02586 -0.02795
v -0.04643 0.02586 -0.03529
v -0.04063 0.02586 -0.04185
v -0.03391 0.02586 -0.04746
v -0.02642 0.02586 -0.05200
v -0.01834 0.02586 -0.05537
v -0.00985 0.02586 -0.05749
v -0.00113 0.02586 -0.05831
v 0.00761 0.02586 -0.05783
v 0.01618 0.02586 -0.05604
v 0.02439 0.02586 -0.05298
v 0.03204 0.02586 -0.04873
v 0.03898 0.02586 -0.04339
v 0.04503 0.02586 -0.03707
v 0.05007 0.02586 -0.02991
v 0.05383 0.02586 -0.02244
v -0.05845 0.02563 0.00594
v -0.05868 0.02563 -0.00287
v -0.05759 0.02563 -0.01162
v -0.05520 0.02563 -0.02011
v -0.05157 0.02563 -0.02815
v -0.04678 0.02563 -0.03555
v -0.04093 0.02563 -0.04216
v -0.03416 0.02563 -0.04781
v -0.02662 0.02563 -0.05238
v -0.01848 0.02563 -0.05577
v -0.00992 0.02563 -0.05791
v -0.00114 0.02563 -0.05874
v 0.00767 0.02563 -0.05825
v 0.01630 0.02563 -0.05645
v 0.02457 0.02563 -0.05337
v 0.03228 0.02563 -0.04909
v 0.03926 0.02563 -0.04371
v 0.04537 0.02563 -0.03734
v 0.05044 0.02563 -0.03013
v 0.05423 0.02563 -0.02261
v -0.05894 0.02563 0.00599
v -0.05917 0.02563 -0.00290
v -0.05807 0.02563 -0.01172
v -0.05566 0.02563 -0.02028
v -0.05200 0.02563 -0.02839
v -0.04717 0.02563 -0.03585
v -0.04127 0.02563 -0.04251
v -0.03444 0.02563 -0.04820
v -0.02684 0.02563 -0.05282
v -0.01863 0.02563 -0.05624
v -0.01000 0.02563 -0.05839
v -0.00115 0.02563 -0.05923
v 0.00773 0.02563 -0.05874
v 0.01644 0.02563 -0.05692
v 0.02477 0.02563 -0.05382
v 0.03255 0.02563 -0.04950
v 0.03959 0.02563 -0.04407
v 0.04574 0.02563 -0.03765
v 0.05086 0.02563 -0.03038
v 0.05468 0.02563 -0.02280
v -0.05937 0.02586 0.00604
v -0.05960 0.02586 -0.00292
v -0.05849 0.02586 -0.01181
v -0.05607 0.02586 -0.02043
v -0.05238 0.02586 -0.02859
v -0.04751 0.02586 -0.03611
v -0.04157 0.02586 -0.04281
v -0.03469 0.02586 -0.04855
v -0.02703 0.02586 -0.05320
v -0.01876 0.02586 -0.05665
v -0.01007 0.02586 -0.05882
v -0.00116 0.02586 -0.05966
v 0.00779 0.02586 -0.05916
v 0.01656 0.02586 -0.05733
v 0.02495 0.02586 -0.05421
v 0.03278 0.02586 -0.04986
v 0.03988 0.02586 -0.04439
v 0.04607 0.02586 -0.03792
v 0.05123 0.02586 -0.03060
v 0.05508 0.02586 -0.02296
v 0.02718 0.02660 0.05349
v 0.02715 0.02627 0.05344
v 0.03485 0.02627 0.04877
v -0.05146 0.02627 0.03074
v -0.05151 0.02660 0.03077
v -0.04914 0.02660 0.03442
v -0.04628 0.02627 0.03809
v -0.04632 0.02660 0.03813
v -0.04063 0.02660 0.04415
v -0.04006 0.02627 0.04459
v -0.04010 0.02660 0.04464
v -0.03293 0.02627 0.05009
v -0.03296 0.02660 0.05013
v -0.03022 0.02660 0.05183
v -0.02506 0.02627 0.05445
v -0.02509 0.02660 0.05450
v -0.01841 0.02660 0.05711
v -0.01663 0.02627 0.05759
v -0.01665 0.02660 0.05765
v -0.00782 0.02627 0.05943
v -0.00783 0.02660 0.05949
v -0.00574 0.02660 0.05972
v 0.00116 0.02627 0.05993
v 0.00116 0.02660 0.05999
v 0.00719 0.02660 0.05957
v 0.01012 0.02627 0.05908
v 0.01013 0.02660 0.05914
v 0.01885 0.02627 0.05690
v 0.01887 0.02660 0.05696
v 0.02631 0.02660 0.05392
v 0.02309 0.02660 0.05538
v 0.01979 0.02660 0.05664
v 0.04176 0.02627 0.04301
v 0.03725 0.02660 0.04703
v 0.03488 0.02660 0.04882
v 0.05262 0.02627 0.02872
v 0.04777 0.02660 0.03631
v 0.04772 0.02627 0.03627
v 0.04647 0.02660 0.03796
v 0.04180 0.02660 0.04305
v 0.05632 0.02627 0.02052
v 0.05352 0.02660 0.02712
v 0.05266 0.02660 0.02875
v 0.05996 0.02660 0.00222
v 0.05993 0.02660 0.00293
v 0.05987 0.02627 0.00293
v 0.05881 0.02660 0.01187
v 0.05876 0.02627 0.01186
v 0.05809 0.02660 0.01502
v 0.05637 0.02660 0.02054
v 0.05969 0.02660 -0.00607
v 0.05964 0.02627 -0.00606
v 0.05904 0.02660 -0.01068
v 0.05806 0.02627 -0.01492
v 0.05811 0.02660 -0.01494
v 0.05780 0.02586 -0.01485
v 0.05738 0.02563 -0.01475
v 0.05691 0.02563 -0.01463
v 0.05649 0.02586 -0.01452
v 0.05623 0.02627 -0.01445
v 0.05776 0.02627 -0.00587
v 0.05691 0.02627 0.01149
v 0.05799 0.02627 0.00284
v 0.05455 0.02627 0.01988
v 0.04622 0.02627 0.03513
v 0.05096 0.02627 0.02782
v 0.04044 0.02627 0.04165
v 0.02630 0.02627 0.05176
v 0.03375 0.02627 0.04724
v 0.00980 0.02627 0.05722
v 0.01826 0.02627 0.05511
v 0.00112 0.02627 0.05805
v -0.01611 0.02627 0.05578
v -0.00758 0.02627 0.05756
v -0.02427 0.02627 0.05274
v -0.03880 0.02627 0.04319
v -0.03189 0.02627 0.04851
v -0.04482 0.02627 0.03689
v -0.04984 0.02627 0.02977
v 0.05803 0.02586 -0.00590
v 0.05826 0.02586 0.00285
v 0.05717 0.02586 0.01154
v 0.05480 0.02586 0.01997
v 0.05120 0.02586 0.02795
v 0.04644 0.02586 0.03529
v 0.04063 0.02586 0.04185
v 0.03391 0.02586 0.04746
v 0.02642 0.02586 0.05200
v 0.01834 0.02586 0.05537
v 0.00985 0.02586 0.05749
v 0.00113 0.02586 0.05831
v -0.00761 0.02586 0.05783
v -0.01618 0.02586 0.05604
v -0.02439 0.02586 0.05298
v -0.03204 0.02586 0.04874
v -0.03898 0.02586 0.04339
v -0.04503 0.02586 0.03707
v -0.05007 0.02586 0.02991
v 0.05845 0.02563 -0.00594
v 0.05869 0.02563 0.00287
v 0.05759 0.02563 0.01163
v 0.05521 0.02563 0.02012
v 0.05157 0.02563 0.02815
v 0.04678 0.02563 0.03555
v 0.04093 0.02563 0.04216
v 0.03416 0.02563 0.04781
v 0.02662 0.02563 0.05238
v 0.01848 0.02563 0.05578
v 0.00992 0.02563 0.05791
v 0.00114 0.02563 0.05875
v -0.00767 0.02563 0.05825
v -0.01630 0.02563 0.05645
v -0.02457 0.02563 0.05337
v -0.03228 0.02563 0.04910
v -0.03926 0.02563 0.04371
v -0.04536 0.02563 0.03734
v -0.05044 0.02563 0.03013
v 0.05894 0.02563 -0.00599
v 0.05917 0.02563 0.00290
v 0.05807 0.02563 0.01172
v 0.05566 0.02563 0.02028
v 0.05200 0.02563 0.02839
v 0.04717 0.02563 0.03585
v 0.04127 0.02563 0.04251
v 0.03444 0.02563 0.04821
v 0.02684 0.02563 0.05282
v 0.01863 0.02563 0.05624
v 0.01000 0.02563 0.05839
v 0.00115 0.02563 0.05923
v -0.00773 0.02563 0.05874
v -0.01644 0.02563 0.05692
v -0.02477 0.02563 0.05382
v -0.03255 0.02563 0.04950
v -0.03959 0.02563 0.04407
v -0.04574 0.02563 0.03765
v -0.05086 0.02563 0.03038
v 0.05937 0.02586 -0.00604
v 0.05960 0.02586 0.00292
v 0.05850 0.02586 0.01181
v 0.05607 0.02586 0.02043
v 0.05238 0.02586 0.02859
v 0.04751 0.02586 0.03611
v 0.04157 0.02586 0.04282
v 0.03469 0.02586 0.04856
v 0.02703 0.02586 0.05320
v 0.01877 0.02586 0.05665
v 0.01007 0.02586 0.05882
v 0.00116 0.02586 0.05966
v -0.00779 0.02586 0.05916
v -0.01656 0.02586 0.05733
v -0.02495 0.02586 0.05421
v -0.03278 0.02586 0.04986
v -0.03988 0.02586 0.04439
v -0.04607 0.02586 0.03792
v -0.05123 0.02586 0.03060
v 0.01850 0.07591 0.06540
v 0.02615 0.07591 0.06273
v 0.02904 0.07733 0.06967
v 0.02054 0.07733 0.07263
v 0.00931 0.07591 0.06732
v 0.01034 0.07733 0.07477
v -0.00006 0.07591 0.06796
v -0.00006 0.07733 0.07548
v -0.00942 0.07591 0.06731
v -0.01046 0.07733 0.07475
v -0.01861 0.07591 0.06537
v -0.02066 0.07733 0.07259
v -0.02743 0.07591 0.06218
v -0.03047 0.07733 0.06905
v -0.03574 0.07591 0.05781
v -0.03969 0.07733 0.06420
v -0.04337 0.07591 0.05233
v -0.04816 0.07733 0.05812
v -0.05016 0.07591 0.04586
v -0.05571 0.07733 0.05093
v -0.05600 0.07591 0.03851
v -0.06219 0.07733 0.04276
v -0.06520 0.07733 0.03802
v -0.06077 0.07591 0.03042
v -0.06749 0.07733 0.03379
v -0.06967 0.07733 0.02904
v -0.06439 0.07591 0.02176
v -0.07150 0.07733 0.02416
v -0.07290 0.07733 0.01956
v -0.06677 0.07591 0.01268
v -0.07415 0.07733 0.01408
v -0.06788 0.07591 0.00336
v -0.07538 0.07733 0.00373
v -0.06770 0.07591 -0.00603
v -0.07518 0.07733 -0.00669
v -0.06622 0.07591 -0.01530
v -0.07354 0.07733 -0.01699
v -0.06348 0.07591 -0.02428
v -0.07050 0.07733 -0.02696
v -0.05953 0.07591 -0.03279
v -0.06611 0.07733 -0.03642
v -0.05444 0.07591 -0.04068
v -0.06046 0.07733 -0.04518
v -0.04832 0.07591 -0.04779
v -0.05366 0.07733 -0.05308
v -0.04127 0.07591 -0.05400
v -0.04583 0.07733 -0.05997
v -0.03344 0.07591 -0.05917
v -0.03713 0.07733 -0.06571
v -0.02615 0.07591 -0.06273
v -0.02904 0.07733 -0.06967
v -0.01850 0.07591 -0.06540
v -0.02054 0.07733 -0.07263
v -0.00931 0.07591 -0.06732
v -0.01034 0.07733 -0.07477
v 0.00006 0.07591 -0.06796
v 0.00006 0.07733 -0.07548
v 0.00942 0.07591 -0.06731
v 0.01046 0.07733 -0.07475
v 0.01861 0.07591 -0.06537
v 0.02066 0.07733 -0.07259
v 0.02744 0.07591 -0.06218
v 0.03047 0.07733 -0.06905
v 0.03574 0.07591 -0.05781
v 0.03969 0.07733 -0.06420
v 0.04337 0.07591 -0.05233
v 0.04816 0.07733 -0.05811
v 0.05016 0.07591 -0.04586
v 0.05571 0.07733 -0.05092
v 0.05600 0.07591 -0.03851
v 0.06219 0.07733 -0.04276
v 0.06520 0.07733 -0.03802
v 0.06078 0.07591 -0.03042
v 0.06749 0.07733 -0.03379
v 0.06967 0.07733 -0.02904
v 0.06439 0.07591 -0.02176
v 0.07150 0.07733 -0.02416
v 0.07290 0.07733 -0.01956
v 0.06677 0.07591 -0.01268
v 0.07415 0.07733 -0.01408
v 0.06788 0.07591 -0.00336
v 0.07538 0.07733 -0.00373
v 0.06770 0.07591 0.00603
v 0.07518 0.07733 0.00669
v 0.06622 0.07591 0.01530
v 0.07354 0.07733 0.01699
v 0.06348 0.07591 0.02428
v 0.07050 0.07733 0.02696
v 0.05953 0.07591 0.03279
v 0.06611 0.07733 0.03642
v 0.05444 0.07591 0.04068
v 0.06046 0.07733 0.04518
v 0.04832 0.07591 0.04780
v 0.05366 0.07733 0.05308
v 0.04127 0.07591 0.05400
v 0.04583 0.07733 0.05997
v 0.03344 0.07591 0.05917
v 0.03713 0.07733 0.06571
v 0.02309 0.02760 0.05538
v 0.02631 0.02760 0.05392
v -0.02309 0.02760 -0.05538
v -0.01979 0.02760 -0.05664
v 0.02718 0.02760 0.05349
v 0.03488 0.02760 0.04882
v 0.03725 0.02760 0.04703
v 0.04180 0.02760 0.04305
v 0.04647 0.02760 0.03796
v 0.04777 0.02760 0.03631
v 0.05266 0.02760 0.02875
v 0.05352 0.02760 0.02712
v 0.05637 0.02760 0.02054
v 0.05809 0.02760 0.01502
v 0.05881 0.02760 0.01187
v 0.05993 0.02760 0.00293
v 0.05996 0.02760 0.00222
v 0.05969 0.02760 -0.00607
v 0.05904 0.02760 -0.01068
v 0.05811 0.02760 -0.01494
v 0.05538 0.02760 -0.02309
v 0.05151 0.02760 -0.03077
v 0.04915 0.02760 -0.03442
v 0.04633 0.02760 -0.03813
v 0.04063 0.02760 -0.04415
v 0.04010 0.02760 -0.04463
v 0.03296 0.02760 -0.05013
v 0.03022 0.02760 -0.05183
v 0.02509 0.02760 -0.05450
v 0.01841 0.02760 -0.05711
v 0.01665 0.02760 -0.05764
v 0.00783 0.02760 -0.05949
v 0.00574 0.02760 -0.05972
v -0.00116 0.02760 -0.05999
v -0.00719 0.02760 -0.05957
v -0.01013 0.02760 -0.05914
v -0.01887 0.02760 -0.05696
v -0.02631 0.02760 -0.05392
v 0.01979 0.02760 0.05664
v -0.02718 0.02760 -0.05349
v -0.03488 0.02760 -0.04882
v -0.03725 0.02760 -0.04703
v -0.04179 0.02760 -0.04305
v -0.04647 0.02760 -0.03796
v -0.04777 0.02760 -0.03631
v -0.05266 0.02760 -0.02875
v -0.05352 0.02760 -0.02712
v -0.05637 0.02760 -0.02054
v -0.05809 0.02760 -0.01502
v -0.05881 0.02760 -0.01187
v -0.05993 0.02760 -0.00293
v -0.05996 0.02760 -0.00222
v -0.05969 0.02760 0.00607
v -0.05904 0.02760 0.01068
v -0.05811 0.02760 0.01494
v -0.05538 0.02760 0.02309
v -0.05151 0.02760 0.03077
v -0.04914 0.02760 0.03442
v -0.04632 0.02760 0.03813
v -0.04063 0.02760 0.04415
v -0.04010 0.02760 0.04464
v -0.03296 0.02760 0.05013
v -0.03022 0.02760 0.05183
v -0.02509 0.02760 0.05450
v -0.01841 0.02760 0.05711
v -0.01665 0.02760 0.05765
v -0.00783 0.02760 0.05949
v -0.00574 0.02760 0.05972
v 0.00116 0.02760 0.05999
v 0.00719 0.02760 0.05957
v 0.01013 0.02760 0.05914
v 0.01887 0.02760 0.05696
v 0.02238 0.07760 0.07605
v 0.03051 0.07760 0.07317
v 0.01211 0.07760 0.07834
v 0.00162 0.07760 0.07926
v -0.00890 0.07760 0.07877
v -0.01926 0.07760 0.07690
v -0.02928 0.07760 0.07367
v -0.03878 0.07760 0.06914
v -0.04760 0.07760 0.06339
v -0.05559 0.07760 0.05652
v -0.06259 0.07760 0.04866
v -0.06848 0.07760 0.03993
v -0.07107 0.07760 0.03512
v -0.07317 0.07760 0.03051
v -0.07497 0.07760 0.02576
v -0.07657 0.07760 0.02054
v -0.07861 0.07760 0.01021
v -0.07927 0.07760 -0.00030
v -0.07853 0.07760 -0.01080
v -0.07641 0.07760 -0.02111
v -0.07294 0.07760 -0.03105
v -0.06818 0.07760 -0.04044
v -0.06222 0.07760 -0.04912
v -0.05516 0.07760 -0.05693
v -0.04713 0.07760 -0.06374
v -0.03827 0.07760 -0.06943
v -0.03051 0.07760 -0.07317
v -0.02238 0.07760 -0.07605
v -0.01211 0.07760 -0.07834
v -0.00162 0.07760 -0.07926
v 0.00890 0.07760 -0.07877
v 0.01926 0.07760 -0.07690
v 0.02928 0.07760 -0.07367
v 0.03879 0.07760 -0.06914
v 0.04761 0.07760 -0.06339
v 0.05559 0.07760 -0.05652
v 0.06259 0.07760 -0.04866
v 0.06848 0.07760 -0.03993
v 0.07107 0.07760 -0.03512
v 0.07317 0.07760 -0.03051
v 0.07497 0.07760 -0.02576
v 0.07657 0.07760 -0.02054
v 0.07861 0.07760 -0.01021
v 0.07927 0.07760 0.00030
v 0.07853 0.07760 0.01080
v 0.07641 0.07760 0.02111
v 0.07294 0.07760 0.03105
v 0.06818 0.07760 0.04044
v 0.06222 0.07760 0.04912
v 0.05516 0.07760 0.05694
v 0.04713 0.07760 0.06374
v 0.03827 0.07760 0.06943
v 0.05533 0.02816 -0.02307
v 0.05806 0.02816 -0.01492
v -0.05533 0.02816 0.02307
v -0.05344 0.02816 0.02716
v -0.05147 0.02816 0.03074
v -0.04629 0.02816 0.03810
v -0.04006 0.02816 0.04460
v -0.01663 0.02816 0.05760
v -0.02507 0.02816 0.05446
v -0.03293 0.02816 0.05009
v 0.01012 0.02816 0.05909
v 0.00116 0.02816 0.05994
v -0.00782 0.02816 0.05944
v 0.02716 0.02816 0.05345
v 0.02307 0.02816 0.05533
v 0.01885 0.02816 0.05691
v 0.04773 0.02816 0.03628
v 0.04176 0.02816 0.04301
v 0.03485 0.02816 0.04878
v 0.05876 0.02816 0.01186
v 0.05633 0.02816 0.02052
v 0.05262 0.02816 0.02872
v 0.05988 0.02816 0.00293
v 0.05964 0.02816 -0.00606
v -0.05806 0.02816 0.01492
v -0.05964 0.02816 0.00606
v -0.05876 0.02816 -0.01186
v -0.05988 0.02816 -0.00293
v -0.05633 0.02816 -0.02052
v -0.04773 0.02816 -0.03628
v -0.05262 0.02816 -0.02872
v -0.04176 0.02816 -0.04301
v -0.02716 0.02816 -0.05344
v -0.03485 0.02816 -0.04878
v -0.02307 0.02816 -0.05533
v -0.01885 0.02816 -0.05691
v -0.01012 0.02816 -0.05909
v -0.00116 0.02816 -0.05994
v 0.00782 0.02816 -0.05944
v 0.01663 0.02816 -0.05759
v 0.02507 0.02816 -0.05446
v 0.03294 0.02816 -0.05009
v 0.04006 0.02816 -0.04460
v 0.05345 0.02816 -0.02716
v 0.05147 0.02816 -0.03074
v 0.04629 0.02816 -0.03810
v -0.02332 0.02739 -0.05594
v -0.02321 0.02755 -0.05567
v -0.03093 0.02755 -0.05178
v -0.03108 0.02739 -0.05204
v -0.03833 0.02755 -0.04657
v -0.03852 0.02739 -0.04680
v -0.04487 0.02755 -0.04031
v -0.04509 0.02739 -0.04050
v -0.05040 0.02755 -0.03314
v -0.05065 0.02739 -0.03330
v -0.05309 0.02739 -0.02924
v -0.05479 0.02755 -0.02522
v -0.05506 0.02739 -0.02534
v -0.05795 0.02755 -0.01673
v -0.05823 0.02739 -0.01682
v -0.05980 0.02755 -0.00787
v -0.06009 0.02739 -0.00791
v -0.06031 0.02755 0.00117
v -0.06060 0.02739 0.00117
v -0.05945 0.02755 0.01018
v -0.05974 0.02739 0.01023
v -0.05726 0.02755 0.01897
v -0.05754 0.02739 0.01906
v -0.05377 0.02755 0.02732
v -0.05404 0.02739 0.02746
v -0.04908 0.02755 0.03507
v -0.04932 0.02739 0.03524
v -0.04328 0.02755 0.04202
v -0.04349 0.02739 0.04222
v -0.03650 0.02755 0.04802
v -0.03668 0.02739 0.04826
v -0.02890 0.02755 0.05294
v -0.02904 0.02739 0.05320
v -0.02065 0.02755 0.05667
v -0.02075 0.02739 0.05695
v -0.01659 0.02739 0.05830
v -0.01193 0.02755 0.05913
v -0.01199 0.02739 0.05941
v -0.00295 0.02755 0.06025
v -0.00296 0.02739 0.06054
v 0.00610 0.02755 0.06001
v 0.00613 0.02739 0.06030
v 0.01502 0.02755 0.05842
v 0.01509 0.02739 0.05870
v 0.02332 0.02739 0.05595
v 0.02321 0.02755 0.05567
v 0.02311 0.02784 0.05544
v 0.01495 0.02784 0.05817
v 0.00608 0.02784 0.05976
v -0.00294 0.02784 0.05999
v -0.01188 0.02784 0.05888
v -0.02056 0.02784 0.05644
v -0.02878 0.02784 0.05272
v -0.03635 0.02784 0.04782
v -0.04309 0.02784 0.04184
v -0.04887 0.02784 0.03492
v -0.05355 0.02784 0.02721
v -0.05702 0.02784 0.01889
v -0.05920 0.02784 0.01014
v -0.06005 0.02784 0.00116
v -0.05955 0.02784 -0.00784
v -0.05771 0.02784 -0.01666
v -0.05456 0.02784 -0.02511
v -0.05019 0.02784 -0.03300
v -0.04468 0.02784 -0.04014
v -0.03817 0.02784 -0.04637
v -0.03080 0.02784 -0.05157
v -0.02311 0.02784 -0.05544
v 0.02433 0.07752 0.07975
v 0.03208 0.07752 0.07696
v 0.01395 0.07752 0.08220
v 0.00334 0.07752 0.08331
v -0.00732 0.07752 0.08306
v -0.01786 0.07752 0.08144
v -0.02811 0.07752 0.07850
v -0.03790 0.07752 0.07427
v -0.04707 0.07752 0.06882
v -0.05547 0.07752 0.06225
v -0.06296 0.07752 0.05466
v -0.06942 0.07752 0.04618
v -0.07475 0.07752 0.03694
v -0.07696 0.07752 0.03208
v -0.07885 0.07752 0.02710
v -0.08166 0.07752 0.01681
v -0.08314 0.07752 0.00625
v -0.08326 0.07752 -0.00441
v -0.08202 0.07752 -0.01501
v -0.07943 0.07752 -0.02535
v -0.07554 0.07752 -0.03528
v -0.07042 0.07752 -0.04464
v -0.06415 0.07752 -0.05326
v -0.05683 0.07752 -0.06101
v -0.04857 0.07752 -0.06777
v -0.03953 0.07752 -0.07341
v -0.03208 0.07752 -0.07696
v -0.02433 0.07752 -0.07975
v -0.01395 0.07752 -0.08220
v -0.00334 0.07752 -0.08331
v 0.00732 0.07752 -0.08306
v 0.01786 0.07752 -0.08144
v 0.02811 0.07752 -0.07850
v 0.03790 0.07752 -0.07427
v 0.04707 0.07752 -0.06882
v 0.05547 0.07752 -0.06225
v 0.06296 0.07752 -0.05466
v 0.06942 0.07752 -0.04618
v 0.07475 0.07752 -0.03694
v 0.07696 0.07752 -0.03208
v 0.07885 0.07752 -0.02710
v 0.08167 0.07752 -0.01681
v 0.08314 0.07752 -0.00625
v 0.08326 0.07752 0.00441
v 0.08202 0.07752 0.01501
v 0.07943 0.07752 0.02535
v 0.07554 0.07752 0.03528
v 0.07042 0.07752 0.04464
v 0.06415 0.07752 0.05326
v 0.05683 0.07752 0.06101
v 0.04857 0.07752 0.06777
v 0.03953 0.07752 0.07341
v -0.01495 0.02784 -0.05817
v -0.00608 0.02784 -0.05976
v 0.00294 0.02784 -0.05999
v 0.01188 0.02784 -0.05888
v 0.02056 0.02784 -0.05643
v 0.02878 0.02784 -0.05272
v 0.03635 0.02784 -0.04782
v 0.04310 0.02784 -0.04184
v 0.04887 0.02784 -0.03492
v 0.05355 0.02784 -0.02721
v 0.05702 0.02784 -0.01889
v 0.05920 0.02784 -0.01014
v 0.06005 0.02784 -0.00116
v 0.05955 0.02784 0.00784
v 0.05771 0.02784 0.01666
v 0.05456 0.02784 0.02511
v 0.05019 0.02784 0.03300
v 0.04468 0.02784 0.04014
v 0.03817 0.02784 0.04638
v 0.03080 0.02784 0.05157
v 0.03108 0.02739 0.05204
v 0.03093 0.02755 0.05178
v 0.03833 0.02755 0.04657
v 0.03852 0.02739 0.04680
v 0.04487 0.02755 0.04031
v 0.04509 0.02739 0.04051
v 0.05040 0.02755 0.03314
v 0.05065 0.02739 0.03330
v 0.05309 0.02739 0.02925
v 0.05479 0.02755 0.02522
v 0.05506 0.02739 0.02534
v 0.05795 0.02755 0.01673
v 0.05823 0.02739 0.01682
v 0.05980 0.02755 0.00787
v 0.06009 0.02739 0.00791
v 0.06031 0.02755 -0.00117
v 0.06060 0.02739 -0.00117
v 0.05945 0.02755 -0.01018
v 0.05974 0.02739 -0.01023
v 0.05726 0.02755 -0.01897
v 0.05754 0.02739 -0.01906
v 0.05377 0.02755 -0.02732
v 0.05404 0.02739 -0.02746
v 0.04908 0.02755 -0.03506
v 0.04932 0.02739 -0.03524
v 0.04328 0.02755 -0.04202
v 0.04349 0.02739 -0.04222
v 0.03650 0.02755 -0.04802
v 0.03668 0.02739 -0.04825
v 0.02890 0.02755 -0.05294
v 0.02904 0.02739 -0.05320
v 0.02065 0.02755 -0.05667
v 0.02075 0.02739 -0.05695
v 0.01659 0.02739 -0.05830
v 0.01193 0.02755 -0.05912
v 0.01199 0.02739 -0.05941
v 0.00295 0.02755 -0.06025
v 0.00296 0.02739 -0.06054
v -0.00610 0.02755 -0.06001
v -0.00613 0.02739 -0.06030
v -0.01501 0.02755 -0.05842
v -0.01509 0.02739 -0.05870
v -0.02904 0.02387 -0.06967
v -0.02615 0.02529 -0.06273
v -0.03344 0.02529 -0.05917
v 0.02615 0.02529 0.06273
v 0.02904 0.02387 0.06967
v 0.02054 0.02387 0.07263
v 0.01850 0.02529 0.06540
v 0.00931 0.02529 0.06732
v -0.00006 0.02529 0.06796
v -0.00942 0.02529 0.06731
v -0.01861 0.02529 0.06537
v -0.02743 0.02529 0.06218
v -0.03574 0.02529 0.05781
v -0.04337 0.02529 0.05233
v -0.05016 0.02529 0.04586
v -0.05600 0.02529 0.03851
v -0.06077 0.02529 0.03042
v -0.06439 0.02529 0.02176
v -0.06677 0.02529 0.01268
v -0.06788 0.02529 0.00336
v -0.06770 0.02529 -0.00603
v -0.06622 0.02529 -0.01530
v -0.06348 0.02529 -0.02428
v -0.05953 0.02529 -0.03279
v -0.05444 0.02529 -0.04068
v -0.04832 0.02529 -0.04779
v -0.04127 0.02529 -0.05400
v -0.03713 0.02387 -0.06571
v -0.04583 0.02387 -0.05997
v -0.05366 0.02387 -0.05308
v -0.06046 0.02387 -0.04518
v -0.06611 0.02387 -0.03642
v -0.07050 0.02387 -0.02696
v -0.07354 0.02387 -0.01699
v -0.07518 0.02387 -0.00669
v -0.07538 0.02387 0.00373
v -0.07415 0.02387 0.01408
v -0.07290 0.02387 0.01956
v -0.07150 0.02387 0.02416
v -0.06967 0.02387 0.02904
v 0.01034 0.02387 0.07477
v -0.00006 0.02387 0.07548
v -0.01046 0.02387 0.07475
v -0.02066 0.02387 0.07259
v -0.03047 0.02387 0.06905
v -0.03969 0.02387 0.06420
v -0.04816 0.02387 0.05812
v -0.05571 0.02387 0.05093
v -0.06219 0.02387 0.04276
v -0.06520 0.02387 0.03802
v -0.06749 0.02387 0.03379
v 0.03677 0.07260 0.08819
v 0.03542 0.07494 0.08495
v 0.02766 0.07494 0.08779
v 0.02630 0.07677 0.08348
v 0.03368 0.07677 0.08078
v 0.02871 0.07260 0.09113
v 0.01664 0.07494 0.09052
v 0.01728 0.07260 0.09397
v 0.00537 0.07494 0.09188
v 0.00558 0.07260 0.09538
v -0.00598 0.07494 0.09185
v -0.00621 0.07260 0.09534
v -0.01724 0.07494 0.09041
v -0.01790 0.07260 0.09385
v -0.02824 0.07494 0.08760
v -0.02931 0.07260 0.09093
v -0.03881 0.07494 0.08346
v -0.04029 0.07260 0.08663
v -0.04879 0.07494 0.07805
v -0.05064 0.07260 0.08102
v -0.05803 0.07494 0.07145
v -0.06023 0.07260 0.07416
v -0.06638 0.07494 0.06376
v -0.06890 0.07260 0.06618
v -0.07372 0.07494 0.05510
v -0.07653 0.07260 0.05720
v -0.08024 0.07260 0.05186
v -0.07995 0.07494 0.04561
v -0.08299 0.07260 0.04734
v -0.08584 0.07260 0.04195
v -0.08495 0.07494 0.03542
v -0.08818 0.07260 0.03677
v -0.09449 0.07260 0.01410
v -0.09332 0.07260 0.02050
v -0.08867 0.07494 0.02469
v -0.09204 0.07260 0.02563
v -0.09022 0.07260 0.03145
v -0.09103 0.07494 0.01359
v -0.09201 0.07494 0.00228
v -0.09551 0.07260 0.00236
v -0.09159 0.07494 -0.00907
v -0.09508 0.07260 -0.00941
v -0.08978 0.07494 -0.02028
v -0.09319 0.07260 -0.02105
v -0.08660 0.07494 -0.03117
v -0.08990 0.07260 -0.03236
v -0.08210 0.07494 -0.04160
v -0.08523 0.07260 -0.04318
v -0.07636 0.07494 -0.05139
v -0.07926 0.07260 -0.05334
v -0.06945 0.07494 -0.06040
v -0.07210 0.07260 -0.06269
v -0.06149 0.07494 -0.06849
v -0.06383 0.07260 -0.07109
v -0.05259 0.07494 -0.07554
v -0.05459 0.07260 -0.07841
v -0.04289 0.07494 -0.08144
v -0.04452 0.07260 -0.08453
v -0.03676 0.07260 -0.08818
v -0.03542 0.07494 -0.08495
v -0.03368 0.07677 -0.08078
v 0.01583 0.07677 0.08608
v 0.00511 0.07677 0.08737
v -0.00569 0.07677 0.08734
v -0.01639 0.07677 0.08597
v -0.02685 0.07677 0.08330
v -0.03690 0.07677 0.07936
v -0.04639 0.07677 0.07421
v -0.05518 0.07677 0.06794
v -0.06312 0.07677 0.06063
v -0.07010 0.07677 0.05240
v -0.07602 0.07677 0.04337
v -0.08078 0.07677 0.03368
v -0.08431 0.07677 0.02348
v -0.08656 0.07677 0.01292
v -0.08750 0.07677 0.00216
v -0.08710 0.07677 -0.00862
v -0.08537 0.07677 -0.01928
v -0.08235 0.07677 -0.02964
v -0.07807 0.07677 -0.03955
v -0.07261 0.07677 -0.04886
v -0.06604 0.07677 -0.05743
v -0.05847 0.07677 -0.06513
v -0.05001 0.07677 -0.07183
v -0.04078 0.07677 -0.07744
v -0.04787 0.06809 -0.09085
v -0.04811 0.06763 -0.09103
v -0.04723 0.06763 -0.08941
v -0.04605 0.07019 -0.08879
v -0.04586 0.07095 -0.08890
v -0.04667 0.06998 -0.08980
v -0.04979 0.07019 -0.08675
v -0.04960 0.07096 -0.08685
v -0.05090 0.06926 -0.08823
v -0.05096 0.06763 -0.08734
v -0.05159 0.06809 -0.08879
v -0.05184 0.06763 -0.08896
v -0.06571 0.06809 -0.07891
v -0.06599 0.06763 -0.07903
v -0.06479 0.06763 -0.07764
v -0.06351 0.07019 -0.07728
v -0.06334 0.07095 -0.07742
v -0.06432 0.06998 -0.07813
v -0.06674 0.07019 -0.07450
v -0.06657 0.07096 -0.07465
v -0.06813 0.06928 -0.07571
v -0.06800 0.06763 -0.07484
v -0.06893 0.06809 -0.07612
v -0.06920 0.06763 -0.07624
v -0.08068 0.06809 -0.06353
v -0.08098 0.06763 -0.06359
v -0.07952 0.06763 -0.06247
v -0.07818 0.07019 -0.06238
v -0.07805 0.07095 -0.06256
v -0.07916 0.06998 -0.06305
v -0.08077 0.07019 -0.05900
v -0.08064 0.07096 -0.05917
v -0.08239 0.06926 -0.05990
v -0.08208 0.06763 -0.05907
v -0.08325 0.06809 -0.06013
v -0.08354 0.06763 -0.06018
v -0.09213 0.06809 -0.04537
v -0.09243 0.06763 -0.04536
v -0.09077 0.06763 -0.04457
v -0.08945 0.07019 -0.04477
v -0.08935 0.07095 -0.04496
v -0.09054 0.06998 -0.04522
v -0.09127 0.07019 -0.04092
v -0.09118 0.07096 -0.04111
v -0.09304 0.06926 -0.04146
v -0.09257 0.06763 -0.04071
v -0.09393 0.06809 -0.04150
v -0.09423 0.06763 -0.04150
v -0.09955 0.06809 -0.02522
v -0.09984 0.06763 -0.02515
v -0.09805 0.06763 -0.02473
v -0.09680 0.07019 -0.02519
v -0.09675 0.07095 -0.02540
v -0.09796 0.06998 -0.02540
v -0.09778 0.07019 -0.02104
v -0.09773 0.07096 -0.02126
v -0.09963 0.06926 -0.02121
v -0.09901 0.06763 -0.02058
v -0.10051 0.06809 -0.02107
v -0.10079 0.06763 -0.02100
v -0.10261 0.06809 -0.00397
v -0.10289 0.06763 -0.00385
v -0.10105 0.06763 -0.00380
v -0.09992 0.07019 -0.00451
v -0.09991 0.07095 -0.00473
v -0.10110 0.06998 -0.00448
v -0.10002 0.07019 -0.00026
v -0.10002 0.07096 -0.00048
v -0.10186 0.06926 -0.00003
v -0.10112 0.06763 0.00046
v -0.10269 0.06809 0.00029
v -0.10296 0.06763 0.00042
v -0.10120 0.06809 0.01745
v -0.10144 0.06763 0.01763
v -0.09963 0.06763 0.01729
v -0.09868 0.07019 0.01636
v -0.09872 0.07095 0.01614
v -0.09983 0.06998 0.01664
v -0.09789 0.07019 0.02055
v -0.09793 0.07096 0.02033
v -0.09964 0.06926 0.02115
v -0.09882 0.06763 0.02147
v -0.10039 0.06809 0.02163
v -0.10062 0.06763 0.02181
v -0.09536 0.06809 0.03811
v -0.09556 0.06763 0.03834
v -0.09386 0.06763 0.03763
v -0.09312 0.07019 0.03652
v -0.09320 0.07095 0.03632
v -0.09419 0.06998 0.03703
v -0.09148 0.07019 0.04045
v -0.09156 0.07096 0.04025
v -0.09307 0.06926 0.04140
v -0.09219 0.06763 0.04155
v -0.09370 0.06809 0.04203
v -0.09389 0.06763 0.04226
v -0.08535 0.06809 0.05710
v -0.08550 0.06763 0.05737
v -0.08399 0.06763 0.05632
v -0.08349 0.07019 0.05508
v -0.08362 0.07095 0.05490
v -0.08443 0.06998 0.05580
v -0.08107 0.07019 0.05859
v -0.08119 0.07096 0.05840
v -0.08242 0.06926 0.05985
v -0.08154 0.06763 0.05981
v -0.08291 0.06809 0.06059
v -0.08305 0.06763 0.06085
v -0.07161 0.06809 0.07360
v -0.07170 0.06763 0.07389
v -0.07044 0.06763 0.07255
v -0.07021 0.07019 0.07123
v -0.07037 0.07095 0.07108
v -0.07098 0.06998 0.07214
v -0.06712 0.07019 0.07416
v -0.06728 0.07096 0.07401
v -0.06818 0.06926 0.07568
v -0.06732 0.06763 0.07545
v -0.06850 0.06809 0.07651
v -0.06858 0.06763 0.07679
v -0.05475 0.06809 0.08688
v -0.05477 0.06763 0.08718
v -0.05382 0.06763 0.08561
v -0.05387 0.07019 0.08428
v -0.05406 0.07095 0.08416
v -0.05443 0.06998 0.08532
v -0.05023 0.07019 0.08649
v -0.05042 0.07096 0.08638
v -0.05096 0.06926 0.08820
v -0.05016 0.06763 0.08780
v -0.05110 0.06809 0.08908
v -0.05112 0.06763 0.08937
v -0.03549 0.06809 0.09637
v -0.03545 0.06763 0.09666
v -0.03484 0.06763 0.09493
v -0.03517 0.07019 0.09364
v -0.03538 0.07095 0.09356
v -0.03550 0.06998 0.09477
v -0.03115 0.07019 0.09505
v -0.03136 0.07096 0.09498
v -0.03151 0.06928 0.09686
v -0.03081 0.06763 0.09631
v -0.03146 0.06809 0.09775
v -0.03142 0.06763 0.09805
v -0.01468 0.06809 0.10164
v -0.01458 0.06763 0.10192
v -0.01434 0.06763 0.10010
v -0.01493 0.07019 0.09890
v -0.01515 0.07095 0.09887
v -0.01502 0.06998 0.10008
v -0.01071 0.07019 0.09945
v -0.01093 0.07096 0.09942
v -0.01068 0.06926 0.10130
v -0.01011 0.06763 0.10062
v -0.01045 0.06809 0.10216
v -0.01035 0.06763 0.10244
v 0.00678 0.06809 0.10247
v 0.00693 0.06763 0.10273
v 0.00678 0.06763 0.10090
v 0.00595 0.07019 0.09985
v 0.00574 0.07095 0.09986
v 0.00611 0.06998 0.10102
v 0.01020 0.07019 0.09950
v 0.00998 0.07096 0.09952
v 0.01062 0.06926 0.10131
v 0.01103 0.06763 0.10052
v 0.01102 0.06809 0.10210
v 0.01118 0.06763 0.10235
v 0.02793 0.06809 0.09882
v 0.02814 0.06763 0.09904
v 0.02761 0.06763 0.09728
v 0.02658 0.07019 0.09643
v 0.02637 0.07095 0.09649
v 0.02698 0.06998 0.09754
v 0.03067 0.07019 0.09521
v 0.03045 0.07096 0.09527
v 0.03145 0.06926 0.09689
v 0.03168 0.06763 0.09603
v 0.03201 0.06809 0.09758
v 0.03221 0.06763 0.09779
v 0.06571 0.06809 0.07892
v 0.06599 0.06763 0.07903
v 0.06479 0.06763 0.07764
v 0.06351 0.07019 0.07728
v 0.06334 0.07095 0.07742
v 0.06432 0.06998 0.07813
v 0.06674 0.07019 0.07450
v 0.06657 0.07096 0.07465
v 0.06814 0.06926 0.07572
v 0.06800 0.06763 0.07484
v 0.06893 0.06809 0.07612
v 0.06920 0.06763 0.07624
v 0.08068 0.06809 0.06353
v 0.08098 0.06763 0.06359
v 0.07952 0.06763 0.06247
v 0.07818 0.07019 0.06239
v 0.07805 0.07095 0.06256
v 0.07916 0.06998 0.06305
v 0.08077 0.07019 0.05900
v 0.08064 0.07096 0.05917
v 0.08239 0.06926 0.05990
v 0.08208 0.06763 0.05907
v 0.08325 0.06809 0.06013
v 0.08354 0.06763 0.06018
v 0.09213 0.06809 0.04537
v 0.09243 0.06763 0.04536
v 0.09077 0.06763 0.04457
v 0.08945 0.07019 0.04477
v 0.08935 0.07095 0.04496
v 0.09054 0.06998 0.04522
v 0.09127 0.07019 0.04092
v 0.09118 0.07096 0.04112
v 0.09304 0.06926 0.04146
v 0.09257 0.06763 0.04071
v 0.09393 0.06809 0.04151
v 0.09423 0.06763 0.04150
v 0.09955 0.06809 0.02522
v 0.09984 0.06763 0.02515
v 0.09805 0.06763 0.02473
v 0.09680 0.07019 0.02519
v 0.09675 0.07095 0.02540
v 0.09796 0.06998 0.02540
v 0.09778 0.07019 0.02105
v 0.09773 0.07096 0.02126
v 0.09963 0.06926 0.02121
v 0.09901 0.06763 0.02058
v 0.10051 0.06809 0.02107
v 0.10080 0.06763 0.02100
v 0.10262 0.06809 0.00397
v 0.10289 0.06763 0.00385
v 0.10105 0.06763 0.00380
v 0.09992 0.07019 0.00452
v 0.09992 0.07095 0.00473
v 0.10111 0.06998 0.00448
v 0.10002 0.07019 0.00026
v 0.10002 0.07096 0.00048
v 0.10186 0.06926 0.00003
v 0.10112 0.06763 -0.00046
v 0.10269 0.06809 -0.00029
v 0.10296 0.06763 -0.00041
v 0.10120 0.06809 -0.01745
v 0.10144 0.06763 -0.01763
v 0.09963 0.06763 -0.01729
v 0.09868 0.07019 -0.01636
v 0.09872 0.07095 -0.01614
v 0.09983 0.06998 -0.01664
v 0.09789 0.07019 -0.02055
v 0.09793 0.07096 -0.02033
v 0.09963 0.06928 -0.02114
v 0.09882 0.06763 -0.02147
v 0.10039 0.06809 -0.02163
v 0.10062 0.06763 -0.02181
v 0.09536 0.06809 -0.03811
v 0.09556 0.06763 -0.03833
v 0.09386 0.06763 -0.03763
v 0.09312 0.07019 -0.03652
v 0.09320 0.07095 -0.03631
v 0.09419 0.06998 -0.03703
v 0.09148 0.07019 -0.04045
v 0.09156 0.07096 -0.04025
v 0.09307 0.06926 -0.04140
v 0.09219 0.06763 -0.04155
v 0.09370 0.06809 -0.04203
v 0.09389 0.06763 -0.04226
v 0.08535 0.06809 -0.05710
v 0.08550 0.06763 -0.05736
v 0.08399 0.06763 -0.05632
v 0.08349 0.07019 -0.05508
v 0.08362 0.07095 -0.05490
v 0.08443 0.06998 -0.05580
v 0.08107 0.07019 -0.05858
v 0.08120 0.07096 -0.05840
v 0.08243 0.06926 -0.05985
v 0.08154 0.06763 -0.05981
v 0.08291 0.06809 -0.06059
v 0.08305 0.06763 -0.06085
v 0.07161 0.06809 -0.07360
v 0.07170 0.06763 -0.07389
v 0.07044 0.06763 -0.07255
v 0.07022 0.07019 -0.07123
v 0.07037 0.07095 -0.07108
v 0.07098 0.06998 -0.07214
v 0.06712 0.07019 -0.07416
v 0.06728 0.07096 -0.07401
v 0.06818 0.06926 -0.07568
v 0.06732 0.06763 -0.07545
v 0.06850 0.06809 -0.07651
v 0.06858 0.06763 -0.07679
v 0.05475 0.06809 -0.08688
v 0.05477 0.06763 -0.08718
v 0.05382 0.06763 -0.08561
v 0.05387 0.07019 -0.08428
v 0.05406 0.07095 -0.08416
v 0.05443 0.06998 -0.08532
v 0.05023 0.07019 -0.08649
v 0.05042 0.07096 -0.08638
v 0.05096 0.06926 -0.08820
v 0.05016 0.06763 -0.08780
v 0.05110 0.06809 -0.08908
v 0.05112 0.06763 -0.08937
v 0.03549 0.06809 -0.09636
v 0.03545 0.06763 -0.09666
v 0.03484 0.06763 -0.09493
v 0.03517 0.07019 -0.09363
v 0.03538 0.07095 -0.09356
v 0.03550 0.06998 -0.09477
v 0.03115 0.07019 -0.09505
v 0.03136 0.07096 -0.09497
v 0.03151 0.06926 -0.09687
v 0.03081 0.06763 -0.09631
v 0.03146 0.06809 -0.09775
v 0.03142 0.06763 -0.09805
v 0.01468 0.06809 -0.10164
v 0.01458 0.06763 -0.10192
v 0.01434 0.06763 -0.10010
v 0.01494 0.07019 -0.09890
v 0.01515 0.07095 -0.09887
v 0.01502 0.06998 -0.10008
v 0.01071 0.07019 -0.09945
v 0.01093 0.07096 -0.09942
v 0.01068 0.06926 -0.10130
v 0.01011 0.06763 -0.10061
v 0.01045 0.06809 -0.10216
v 0.01035 0.06763 -0.10244
v -0.00678 0.06809 -0.10247
v -0.00693 0.06763 -0.10273
v -0.00678 0.06763 -0.10089
v -0.00595 0.07019 -0.09984
v -0.00574 0.07095 -0.09986
v -0.00611 0.06998 -0.10102
v -0.01020 0.07019 -0.09950
v -0.00998 0.07096 -0.09952
v -0.01062 0.06926 -0.10131
v -0.01103 0.06763 -0.10052
v -0.01102 0.06809 -0.10210
v -0.01117 0.06763 -0.10235
v -0.02793 0.06809 -0.09882
v -0.02814 0.06763 -0.09904
v -0.02761 0.06763 -0.09728
v -0.02658 0.07019 -0.09642
v -0.02637 0.07095 -0.09649
v -0.02698 0.06998 -0.09754
v -0.03067 0.07019 -0.09521
v -0.03045 0.07096 -0.09527
v -0.03145 0.06926 -0.09688
v -0.03168 0.06763 -0.09603
v -0.03201 0.06809 -0.09758
v -0.03221 0.06763 -0.09779
v -0.02766 0.07494 -0.08779
v -0.02871 0.07260 -0.09113
v -0.01664 0.07494 -0.09052
v -0.01728 0.07260 -0.09397
v -0.00537 0.07494 -0.09188
v -0.00558 0.07260 -0.09538
v 0.00598 0.07494 -0.09185
v 0.00621 0.07260 -0.09534
v 0.01724 0.07494 -0.09041
v 0.01790 0.07260 -0.09385
v 0.02824 0.07494 -0.08760
v 0.02932 0.07260 -0.09093
v 0.03881 0.07494 -0.08346
v 0.04029 0.07260 -0.08663
v 0.04879 0.07494 -0.07805
v 0.05065 0.07260 -0.08101
v 0.05803 0.07494 -0.07145
v 0.06023 0.07260 -0.07416
v 0.06638 0.07494 -0.06376
v 0.06890 0.07260 -0.06618
v 0.07373 0.07494 -0.05510
v 0.07653 0.07260 -0.05720
v 0.08024 0.07260 -0.05186
v 0.07995 0.07494 -0.04561
v 0.08299 0.07260 -0.04734
v 0.08584 0.07260 -0.04195
v 0.08495 0.07494 -0.03542
v 0.08819 0.07260 -0.03676
v 0.09450 0.07260 -0.01410
v 0.09332 0.07260 -0.02050
v 0.08867 0.07494 -0.02469
v 0.09204 0.07260 -0.02563
v 0.09022 0.07260 -0.03145
v 0.09103 0.07494 -0.01359
v 0.09201 0.07494 -0.00228
v 0.09551 0.07260 -0.00236
v 0.09159 0.07494 0.00907
v 0.09508 0.07260 0.00941
v 0.08978 0.07494 0.02028
v 0.09320 0.07260 0.02105
v 0.08660 0.07494 0.03117
v 0.08990 0.07260 0.03236
v 0.08211 0.07494 0.04160
v 0.08523 0.07260 0.04318
v 0.07636 0.07494 0.05139
v 0.07926 0.07260 0.05334
v 0.06945 0.07494 0.06040
v 0.07210 0.07260 0.06270
v 0.06149 0.07494 0.06849
v 0.06383 0.07260 0.07109
v 0.05259 0.07494 0.07554
v 0.05459 0.07260 0.07841
v 0.04289 0.07494 0.08144
v 0.04452 0.07260 0.08453
v 0.04079 0.07677 0.07744
v 0.05001 0.07677 0.07183
v 0.05847 0.07677 0.06513
v 0.06604 0.07677 0.05743
v 0.07261 0.07677 0.04887
v 0.07807 0.07677 0.03956
v 0.08235 0.07677 0.02964
v 0.08537 0.07677 0.01928
v 0.08710 0.07677 0.00862
v 0.08750 0.07677 -0.00216
v 0.08656 0.07677 -0.01292
v 0.08431 0.07677 -0.02348
v 0.08078 0.07677 -0.03368
v 0.07602 0.07677 -0.04337
v 0.07011 0.07677 -0.05240
v 0.06312 0.07677 -0.06063
v 0.05518 0.07677 -0.06794
v 0.04639 0.07677 -0.07421
v 0.03691 0.07677 -0.07936
v 0.02685 0.07677 -0.08330
v 0.01640 0.07677 -0.08597
v 0.00569 0.07677 -0.08734
v -0.00511 0.07677 -0.08737
v -0.01583 0.07677 -0.08608
v -0.02630 0.07677 -0.08348
v 0.04960 0.07096 0.08686
v 0.04979 0.07019 0.08675
v 0.05090 0.06926 0.08823
v 0.05096 0.06763 0.08734
v 0.05160 0.06809 0.08879
v 0.05184 0.06763 0.08896
v 0.04605 0.07019 0.08879
v 0.04586 0.07095 0.08890
v 0.04787 0.06809 0.09085
v 0.04811 0.06763 0.09103
v 0.04723 0.06763 0.08941
v 0.04667 0.06998 0.08980
v 0.06439 0.02529 -0.02176
v 0.06677 0.02529 -0.01268
v -0.01850 0.02529 -0.06540
v -0.00931 0.02529 -0.06732
v 0.00006 0.02529 -0.06796
v 0.00942 0.02529 -0.06731
v 0.01861 0.02529 -0.06537
v 0.02744 0.02529 -0.06218
v 0.03574 0.02529 -0.05781
v 0.04337 0.02529 -0.05233
v 0.05016 0.02529 -0.04586
v 0.05600 0.02529 -0.03851
v 0.06078 0.02529 -0.03042
v 0.06788 0.02529 -0.00336
v 0.06770 0.02529 0.00603
v 0.06622 0.02529 0.01530
v 0.06348 0.02529 0.02428
v 0.05953 0.02529 0.03279
v 0.05444 0.02529 0.04068
v 0.04832 0.02529 0.04780
v 0.04127 0.02529 0.05400
v 0.03344 0.02529 0.05917
v 0.07538 0.02387 -0.00373
v 0.07518 0.02387 0.00669
v 0.07354 0.02387 0.01699
v 0.07050 0.02387 0.02696
v 0.06611 0.02387 0.03642
v 0.06046 0.02387 0.04518
v 0.05366 0.02387 0.05308
v 0.04583 0.02387 0.05997
v 0.03713 0.02387 0.06571
v 0.06967 0.02387 -0.02904
v 0.07150 0.02387 -0.02416
v 0.07290 0.02387 -0.01956
v 0.07415 0.02387 -0.01408
v 0.06749 0.02387 -0.03379
v 0.06520 0.02387 -0.03802
v 0.06219 0.02387 -0.04276
v 0.05571 0.02387 -0.05092
v 0.04816 0.02387 -0.05811
v 0.03969 0.02387 -0.06420
v 0.03047 0.02387 -0.06905
v 0.02066 0.02387 -0.07259
v 0.01046 0.02387 -0.07475
v 0.00006 0.02387 -0.07548
v -0.01034 0.02387 -0.07477
v -0.02054 0.02387 -0.07263
v 0.03051 0.02360 0.07317
v 0.02238 0.02360 0.07605
v 0.01211 0.02360 0.07834
v 0.00162 0.02360 0.07926
v -0.00890 0.02360 0.07877
v -0.01926 0.02360 0.07690
v -0.02928 0.02360 0.07367
v -0.03878 0.02360 0.06914
v -0.04760 0.02360 0.06339
v -0.05559 0.02360 0.05652
v -0.06259 0.02360 0.04866
v -0.06848 0.02360 0.03993
v -0.07107 0.02360 0.03512
v -0.07317 0.02360 0.03051
v -0.07497 0.02360 0.02576
v -0.07657 0.02360 0.02054
v -0.07861 0.02360 0.01021
v -0.07927 0.02360 -0.00030
v -0.07853 0.02360 -0.01080
v -0.07641 0.02360 -0.02111
v -0.07294 0.02360 -0.03105
v -0.06818 0.02360 -0.04044
v -0.06222 0.02360 -0.04912
v -0.05516 0.02360 -0.05693
v -0.04713 0.02360 -0.06374
v -0.03827 0.02360 -0.06943
v -0.03051 0.02360 -0.07317
v 0.03112 0.06278 0.09783
v 0.02758 0.06733 0.09741
v 0.03100 0.06194 0.09808
v 0.02699 0.06246 0.09913
v 0.03220 0.05825 0.09837
v 0.02838 0.05825 0.09954
v 0.03289 0.05602 0.09840
v 0.02974 0.05375 0.09956
v 0.03355 0.05375 0.09835
v 0.02768 0.06246 0.10146
v 0.02805 0.06614 0.09988
v 0.01088 0.06683 0.10084
v 0.01049 0.06382 0.10419
v 0.00993 0.06194 0.10238
v 0.01013 0.06194 0.10483
v 0.00673 0.06733 0.10102
v 0.00579 0.06246 0.10258
v 0.00706 0.05825 0.10327
v 0.01105 0.05825 0.10292
v 0.01171 0.05601 0.10309
v 0.00839 0.05375 0.10357
v 0.01237 0.05375 0.10317
v 0.00599 0.06246 0.10500
v 0.00667 0.06614 0.10353
v -0.01033 0.06683 0.10090
v -0.01140 0.06382 0.10410
v -0.01157 0.06194 0.10221
v -0.01188 0.06194 0.10464
v -0.01566 0.06246 0.10154
v -0.01456 0.05825 0.10248
v -0.01059 0.05825 0.10297
v -0.01442 0.06733 0.10021
v -0.00998 0.05602 0.10327
v -0.01333 0.05375 0.10305
v -0.00935 0.05375 0.10349
v -0.01598 0.06246 0.10395
v -0.01500 0.06614 0.10265
v -0.03108 0.06683 0.09655
v -0.03279 0.06382 0.09945
v -0.03256 0.06194 0.09757
v -0.03338 0.06194 0.09989
v -0.03643 0.06246 0.09606
v -0.03555 0.05825 0.09721
v -0.03177 0.05825 0.09851
v -0.03494 0.06733 0.09502
v -0.03066 0.05375 0.09929
v -0.03446 0.05375 0.09803
v -0.03724 0.06246 0.09835
v -0.03602 0.06614 0.09729
v -0.05047 0.06683 0.08797
v -0.05275 0.06382 0.09046
v -0.05214 0.06194 0.08867
v -0.05342 0.06194 0.09076
v -0.05393 0.06733 0.08568
v -0.05561 0.06246 0.08639
v -0.05499 0.05825 0.08770
v -0.05156 0.05825 0.08976
v -0.05112 0.05602 0.09028
v -0.05409 0.05375 0.08872
v -0.05063 0.05375 0.09074
v -0.05687 0.06246 0.08846
v -0.05546 0.06614 0.08768
v -0.06766 0.06683 0.07556
v -0.07041 0.06382 0.07752
v -0.06943 0.06194 0.07589
v -0.07112 0.06194 0.07767
v -0.07057 0.06733 0.07259
v -0.07236 0.06246 0.07294
v -0.07202 0.05825 0.07435
v -0.06909 0.05825 0.07708
v -0.06839 0.05375 0.07823
v -0.07135 0.05375 0.07554
v -0.07402 0.06246 0.07470
v -0.07247 0.06614 0.07423
v -0.08189 0.06683 0.05984
v -0.08498 0.06382 0.06118
v -0.08369 0.06194 0.05979
v -0.08572 0.06194 0.06119
v -0.08594 0.06246 0.05630
v -0.08590 0.05825 0.05775
v -0.08361 0.05825 0.06103
v -0.08412 0.06733 0.05633
v -0.08316 0.05375 0.06230
v -0.08550 0.05375 0.05905
v -0.08794 0.06246 0.05768
v -0.08632 0.06614 0.05754
v -0.09254 0.06683 0.04151
v -0.09585 0.06382 0.04218
v -0.09430 0.06194 0.04109
v -0.09656 0.06194 0.04203
v -0.09399 0.06733 0.03761
v -0.09577 0.06246 0.03720
v -0.09603 0.05825 0.03863
v -0.09447 0.05825 0.04231
v -0.09591 0.05375 0.03999
v -0.09430 0.05375 0.04365
v -0.09801 0.06246 0.03814
v -0.09640 0.06614 0.03834
v -0.09915 0.06683 0.02136
v -0.10252 0.06382 0.02133
v -0.10078 0.06194 0.02058
v -0.10319 0.06194 0.02104
v -0.10141 0.06246 0.01648
v -0.10196 0.05825 0.01782
v -0.10120 0.05825 0.02174
v -0.09976 0.06733 0.01725
v -0.10130 0.05602 0.02242
v -0.10213 0.05375 0.01917
v -0.10131 0.05375 0.02309
v -0.10380 0.06246 0.01693
v -0.10226 0.06614 0.01745
v -0.10142 0.06683 0.00028
v -0.10472 0.06382 -0.00046
v -0.10286 0.06194 -0.00082
v -0.10531 0.06194 -0.00088
v -0.10117 0.06733 -0.00387
v -0.10262 0.06246 -0.00496
v -0.10344 0.05825 -0.00377
v -0.10351 0.05825 0.00023
v -0.10375 0.05602 0.00087
v -0.10388 0.05375 -0.00248
v -0.10390 0.05375 0.00152
v -0.10505 0.06246 -0.00502
v -0.10366 0.06614 -0.00419
v -0.09926 0.06683 -0.02082
v -0.10233 0.06382 -0.02222
v -0.10044 0.06194 -0.02219
v -0.10283 0.06194 -0.02276
v -0.09815 0.06733 -0.02482
v -0.09934 0.06246 -0.02619
v -0.10040 0.05825 -0.02519
v -0.10129 0.05825 -0.02130
v -0.10195 0.05375 -0.02012
v -0.10110 0.05375 -0.02402
v -0.10171 0.06246 -0.02675
v -0.10052 0.06614 -0.02565
v -0.09277 0.06683 -0.04100
v -0.09548 0.06382 -0.04301
v -0.09363 0.06194 -0.04258
v -0.09585 0.06194 -0.04364
v -0.09173 0.06246 -0.04627
v -0.09296 0.05825 -0.04552
v -0.09465 0.05825 -0.04189
v -0.09084 0.06733 -0.04468
v -0.09389 0.05375 -0.04452
v -0.09554 0.05375 -0.04087
v -0.09392 0.06246 -0.04732
v -0.09299 0.06614 -0.04599
v -0.08222 0.06683 -0.05939
v -0.08445 0.06382 -0.06192
v -0.08273 0.06194 -0.06112
v -0.08468 0.06194 -0.06261
v -0.07957 0.06733 -0.06260
v -0.08010 0.06246 -0.06433
v -0.08147 0.05825 -0.06385
v -0.08387 0.05825 -0.06066
v -0.08495 0.05375 -0.05984
v -0.08258 0.05375 -0.06307
v -0.08203 0.06246 -0.06581
v -0.08140 0.06614 -0.06432
v -0.06807 0.06683 -0.07519
v -0.06973 0.06382 -0.07812
v -0.06821 0.06194 -0.07699
v -0.06981 0.06194 -0.07885
v -0.06482 0.06733 -0.07777
v -0.06498 0.06246 -0.07958
v -0.06641 0.05825 -0.07939
v -0.06943 0.05825 -0.07677
v -0.06767 0.05375 -0.07886
v -0.07065 0.05375 -0.07620
v -0.06656 0.06246 -0.08143
v -0.06625 0.06614 -0.07984
v -0.05095 0.06683 -0.08770
v -0.05196 0.06382 -0.09091
v -0.05072 0.06194 -0.08949
v -0.05189 0.06194 -0.09164
v -0.04723 0.06733 -0.08955
v -0.04701 0.06246 -0.09135
v -0.04845 0.05825 -0.09147
v -0.05195 0.05825 -0.08953
v -0.05263 0.05602 -0.08942
v -0.04979 0.05375 -0.09120
v -0.05327 0.05375 -0.08922
v -0.06553 0.04098 -0.07964
v -0.06857 0.04098 -0.07704
v -0.06852 0.04143 -0.07719
v -0.06465 0.04700 -0.08128
v -0.06765 0.04745 -0.07884
v -0.06456 0.04745 -0.08138
v -0.08066 0.04098 -0.06428
v -0.08309 0.04098 -0.06110
v -0.08307 0.04143 -0.06125
v -0.08013 0.04700 -0.06606
v -0.08256 0.04745 -0.06305
v -0.08007 0.04745 -0.06618
v -0.09387 0.04745 -0.04451
v -0.09208 0.04745 -0.04809
v -0.09212 0.04700 -0.04796
v -0.09399 0.04143 -0.04264
v -0.09226 0.04098 -0.04610
v -0.09398 0.04098 -0.04249
v -0.09983 0.04098 -0.02592
v -0.10076 0.04098 -0.02202
v -0.10080 0.04143 -0.02217
v -0.10008 0.04700 -0.02776
v -0.10107 0.04745 -0.02402
v -0.10007 0.04745 -0.02789
v -0.10303 0.04098 -0.00459
v -0.10314 0.04098 -0.00060
v -0.10321 0.04143 -0.00073
v -0.10366 0.04700 -0.00635
v -0.10385 0.04745 -0.00248
v -0.10368 0.04745 -0.00648
v -0.10174 0.04098 0.01693
v -0.10101 0.04098 0.02086
v -0.10111 0.04143 0.02075
v -0.10271 0.04700 0.01535
v -0.10210 0.04745 0.01917
v -0.10276 0.04745 0.01522
v -0.09588 0.04745 0.03997
v -0.09735 0.04745 0.03625
v -0.09728 0.04700 0.03637
v -0.09600 0.04098 0.03771
v -0.09519 0.04098 0.03969
v -0.09562 0.04421 0.03987
v -0.09458 0.04143 0.04132
v -0.09446 0.04098 0.04141
v -0.08606 0.04098 0.05685
v -0.08379 0.04098 0.06014
v -0.08393 0.04143 0.06008
v -0.08759 0.04700 0.05580
v -0.08548 0.04745 0.05904
v -0.08769 0.04745 0.05570
v -0.07236 0.04098 0.07350
v -0.06945 0.04098 0.07625
v -0.06960 0.04143 0.07621
v -0.07408 0.04700 0.07279
v -0.07133 0.04745 0.07552
v -0.07419 0.04745 0.07272
v -0.05550 0.04098 0.08693
v -0.05208 0.04098 0.08902
v -0.05223 0.04143 0.08902
v -0.05733 0.04700 0.08660
v -0.05407 0.04745 0.08870
v -0.05745 0.04745 0.08655
v -0.03621 0.04098 0.09657
v -0.03244 0.04098 0.09790
v -0.03258 0.04143 0.09793
v -0.03807 0.04700 0.09663
v -0.03445 0.04745 0.09801
v -0.03820 0.04745 0.09661
v -0.01534 0.04098 0.10199
v -0.01137 0.04098 0.10251
v -0.01151 0.04143 0.10257
v -0.01715 0.04700 0.10243
v -0.01332 0.04745 0.10303
v -0.01728 0.04745 0.10244
v 0.00620 0.04098 0.10295
v 0.01019 0.04098 0.10263
v 0.01007 0.04143 0.10272
v 0.00453 0.04700 0.10376
v 0.00839 0.04745 0.10354
v 0.00440 0.04745 0.10379
v 0.03171 0.06194 0.10043
v 0.03193 0.06382 0.09973
v 0.04817 0.06246 0.09349
v 0.04701 0.06246 0.09135
v 0.04704 0.06279 0.09125
v 0.04820 0.06614 0.09187
v -0.04817 0.06246 -0.09349
v -0.04820 0.06614 -0.09186
v 0.03952 0.06809 0.09478
v -0.03836 0.07194 0.09043
v -0.02734 0.07194 0.09435
v 0.01986 0.06809 0.10075
v 0.01952 0.07023 0.09903
v 0.01899 0.07194 0.09638
v 0.00740 0.07194 0.09795
v -0.00429 0.07194 0.09814
v -0.00441 0.07023 0.10084
v -0.00449 0.06809 0.10259
v -0.01637 0.07023 0.09960
v -0.02278 0.06809 0.10013
v -0.02809 0.07023 0.09695
v -0.03033 0.06809 0.09811
v -0.03942 0.07023 0.09292
v -0.04011 0.06809 0.09454
v -0.05106 0.06809 0.08910
v -0.05019 0.07023 0.08757
v -0.04884 0.07194 0.08523
v -0.05863 0.07194 0.07882
v -0.06129 0.06809 0.08240
v -0.06024 0.07023 0.08099
v -0.06758 0.07194 0.07129
v -0.07558 0.07194 0.06275
v -0.07766 0.07023 0.06448
v -0.07901 0.06809 0.06560
v -0.08477 0.07023 0.05479
v -0.08625 0.06809 0.05574
v -0.09007 0.06809 0.04932
v -0.09068 0.07023 0.04432
v -0.09226 0.06809 0.04509
v -0.08825 0.07194 0.04313
v -0.09275 0.07194 0.03233
v -0.09531 0.07023 0.03322
v -0.09697 0.06809 0.03380
v -0.10030 0.06809 0.02204
v -0.09858 0.07023 0.02166
v -0.09594 0.07194 0.02108
v -0.09777 0.07194 0.00952
v -0.10221 0.06809 0.00996
v -0.10046 0.07023 0.00978
v -0.09820 0.07194 -0.00217
v -0.09725 0.07194 -0.01383
v -0.09993 0.07023 -0.01421
v -0.10167 0.06809 -0.01446
v -0.09753 0.07023 -0.02599
v -0.09923 0.06809 -0.02644
v -0.09692 0.06809 -0.03394
v -0.09375 0.07023 -0.03740
v -0.09538 0.06809 -0.03805
v -0.09124 0.07194 -0.03639
v -0.08626 0.07194 -0.04698
v -0.08864 0.07023 -0.04828
v -0.09018 0.06809 -0.04912
v -0.08370 0.06809 -0.05949
v -0.08227 0.07023 -0.05847
v -0.08007 0.07194 -0.05691
v -0.07273 0.07194 -0.06602
v -0.07532 0.06809 -0.06980
v -0.06980 0.06809 -0.07532
v -0.07474 0.07023 -0.06784
v -0.06437 0.07194 -0.07420
v -0.05509 0.07194 -0.08132
v -0.05661 0.07023 -0.08357
v -0.05759 0.06809 -0.08502
v -0.04627 0.07023 -0.08970
v -0.04503 0.07194 -0.08730
v -0.04569 0.07120 -0.08857
v -0.03884 0.07023 -0.09316
v -0.03952 0.06809 -0.09478
v -0.04708 0.06809 -0.09126
v -0.03780 0.07194 -0.09066
v -0.09492 0.07194 -0.02529
v -0.08250 0.07194 0.05332
v -0.01593 0.07194 0.09693
v 0.03032 0.07194 0.09343
v 0.03780 0.07194 0.09067
v 0.03884 0.07023 0.09316
v 0.03115 0.07023 0.09601
v -0.03161 0.06683 -0.09637
v -0.03193 0.06382 -0.09973
v -0.03100 0.06194 -0.09807
v -0.03171 0.06194 -0.10043
v -0.02758 0.06733 -0.09741
v -0.02699 0.06246 -0.09913
v -0.02838 0.05825 -0.09954
v -0.03220 0.05825 -0.09837
v -0.02974 0.05375 -0.09956
v -0.03355 0.05375 -0.09834
v -0.02768 0.06246 -0.10146
v -0.02805 0.06614 -0.09988
v -0.01088 0.06683 -0.10084
v -0.01049 0.06382 -0.10419
v -0.00993 0.06194 -0.10238
v -0.01013 0.06194 -0.10483
v -0.00672 0.06733 -0.10102
v -0.00579 0.06246 -0.10258
v -0.00706 0.05825 -0.10327
v -0.01105 0.05825 -0.10292
v -0.01237 0.05375 -0.10317
v -0.00839 0.05375 -0.10357
v -0.00598 0.06246 -0.10500
v -0.00667 0.06614 -0.10353
v 0.01033 0.06683 -0.10090
v 0.01140 0.06382 -0.10409
v 0.01157 0.06194 -0.10221
v 0.01188 0.06194 -0.10464
v 0.01566 0.06246 -0.10154
v 0.01456 0.05825 -0.10248
v 0.01059 0.05825 -0.10297
v 0.01443 0.06733 -0.10021
v 0.01333 0.05375 -0.10305
v 0.00935 0.05375 -0.10349
v 0.01598 0.06246 -0.10395
v 0.01500 0.06614 -0.10265
v 0.03338 0.06194 -0.09988
v 0.03290 0.06350 -0.09954
v 0.03256 0.06194 -0.09757
v 0.03279 0.06382 -0.09945
v 0.03108 0.06683 -0.09654
v 0.03643 0.06246 -0.09606
v 0.03555 0.05825 -0.09721
v 0.03177 0.05825 -0.09851
v 0.03494 0.06733 -0.09502
v 0.03446 0.05375 -0.09803
v 0.03066 0.05375 -0.09928
v 0.03724 0.06246 -0.09835
v 0.03602 0.06614 -0.09729
v 0.05047 0.06683 -0.08797
v 0.05275 0.06382 -0.09046
v 0.05214 0.06194 -0.08866
v 0.05342 0.06194 -0.09076
v 0.05394 0.06733 -0.08568
v 0.05561 0.06246 -0.08639
v 0.05499 0.05825 -0.08770
v 0.05156 0.05825 -0.08976
v 0.05063 0.05375 -0.09074
v 0.05409 0.05375 -0.08872
v 0.05687 0.06246 -0.08846
v 0.05546 0.06614 -0.08768
v 0.06766 0.06683 -0.07556
v 0.07041 0.06382 -0.07751
v 0.06943 0.06194 -0.07589
v 0.07112 0.06194 -0.07767
v 0.07057 0.06733 -0.07259
v 0.07236 0.06246 -0.07294
v 0.07202 0.05825 -0.07435
v 0.06909 0.05825 -0.07708
v 0.07135 0.05375 -0.07554
v 0.06839 0.05375 -0.07823
v 0.07402 0.06246 -0.07470
v 0.07247 0.06614 -0.07423
v 0.08189 0.06683 -0.05984
v 0.08499 0.06382 -0.06118
v 0.08370 0.06194 -0.05979
v 0.08572 0.06194 -0.06119
v 0.08594 0.06246 -0.05630
v 0.08590 0.05825 -0.05775
v 0.08361 0.05825 -0.06103
v 0.08412 0.06733 -0.05633
v 0.08343 0.05602 -0.06168
v 0.08550 0.05375 -0.05905
v 0.08316 0.05375 -0.06230
v 0.09254 0.06683 -0.04151
v 0.09585 0.06382 -0.04218
v 0.09430 0.06194 -0.04108
v 0.09657 0.06194 -0.04203
v 0.08632 0.06614 -0.05754
v 0.08755 0.06347 -0.05768
v 0.08794 0.06246 -0.05768
v 0.09430 0.05375 -0.04365
v 0.09447 0.05825 -0.04231
v 0.09591 0.05375 -0.03999
v 0.09554 0.05825 -0.03983
v 0.09603 0.05825 -0.03863
v 0.09577 0.06246 -0.03720
v 0.09399 0.06733 -0.03761
v 0.09801 0.06246 -0.03814
v 0.09640 0.06614 -0.03833
v 0.09915 0.06683 -0.02136
v 0.10252 0.06382 -0.02133
v 0.10078 0.06194 -0.02058
v 0.10319 0.06194 -0.02103
v 0.10141 0.06246 -0.01648
v 0.10197 0.05825 -0.01782
v 0.10120 0.05825 -0.02174
v 0.09976 0.06733 -0.01725
v 0.10131 0.05375 -0.02309
v 0.10213 0.05375 -0.01917
v 0.10380 0.06246 -0.01693
v 0.10226 0.06614 -0.01745
v 0.10142 0.06683 -0.00028
v 0.10472 0.06382 0.00046
v 0.10286 0.06194 0.00082
v 0.10531 0.06194 0.00088
v 0.10117 0.06733 0.00387
v 0.10262 0.06246 0.00497
v 0.10344 0.05825 0.00377
v 0.10351 0.05825 -0.00023
v 0.10390 0.05375 -0.00152
v 0.10388 0.05375 0.00248
v 0.10505 0.06246 0.00502
v 0.10366 0.06614 0.00419
v 0.09927 0.06683 0.02082
v 0.10233 0.06382 0.02222
v 0.10044 0.06194 0.02219
v 0.10283 0.06194 0.02276
v 0.09934 0.06246 0.02619
v 0.10040 0.05825 0.02520
v 0.10130 0.05825 0.02130
v 0.09815 0.06733 0.02482
v 0.10195 0.05375 0.02012
v 0.10110 0.05375 0.02403
v 0.10171 0.06246 0.02675
v 0.10052 0.06614 0.02565
v 0.09277 0.06683 0.04100
v 0.09548 0.06382 0.04301
v 0.09363 0.06194 0.04259
v 0.09585 0.06194 0.04364
v 0.09173 0.06246 0.04628
v 0.09296 0.05825 0.04552
v 0.09465 0.05825 0.04189
v 0.09085 0.06733 0.04468
v 0.09513 0.05602 0.04141
v 0.09389 0.05375 0.04452
v 0.09554 0.05375 0.04087
v 0.09392 0.06246 0.04732
v 0.09299 0.06614 0.04599
v 0.08222 0.06683 0.05939
v 0.08445 0.06382 0.06192
v 0.08273 0.06194 0.06112
v 0.08468 0.06194 0.06261
v 0.07957 0.06733 0.06260
v 0.08010 0.06246 0.06434
v 0.08147 0.05825 0.06385
v 0.08388 0.05825 0.06066
v 0.08495 0.05375 0.05984
v 0.08258 0.05375 0.06307
v 0.08203 0.06246 0.06581
v 0.08140 0.06614 0.06432
v 0.06807 0.06683 0.07519
v 0.06973 0.06382 0.07813
v 0.06821 0.06194 0.07699
v 0.06981 0.06194 0.07885
v 0.06482 0.06733 0.07777
v 0.06498 0.06246 0.07958
v 0.06641 0.05825 0.07939
v 0.06943 0.05825 0.07677
v 0.07065 0.05375 0.07620
v 0.06767 0.05375 0.07886
v 0.06656 0.06246 0.08143
v 0.06625 0.06614 0.07984
v -0.03116 0.07021 -0.09603
v -0.03032 0.07193 -0.09345
v -0.01900 0.07193 -0.09639
v -0.01986 0.06809 -0.10075
v -0.01952 0.07021 -0.09906
v -0.00740 0.07193 -0.09796
v 0.00430 0.07193 -0.09815
v 0.00441 0.07021 -0.10086
v 0.00449 0.06809 -0.10259
v 0.01637 0.07021 -0.09962
v 0.01666 0.06809 -0.10133
v 0.02362 0.06809 -0.09994
v 0.02810 0.07021 -0.09697
v 0.02858 0.06809 -0.09863
v 0.02735 0.07193 -0.09436
v 0.03837 0.07193 -0.09044
v 0.03943 0.07021 -0.09294
v 0.04011 0.06809 -0.09454
v 0.05106 0.06809 -0.08910
v 0.05020 0.07021 -0.08760
v 0.04885 0.07193 -0.08524
v 0.05864 0.07193 -0.07883
v 0.06129 0.06809 -0.08239
v 0.06026 0.07021 -0.08101
v 0.06759 0.07193 -0.07130
v 0.07559 0.07193 -0.06276
v 0.07768 0.07021 -0.06449
v 0.07901 0.06809 -0.06560
v 0.08480 0.07021 -0.05480
v 0.08625 0.06809 -0.05574
v 0.09071 0.07021 -0.04433
v 0.09226 0.06809 -0.04509
v 0.09277 0.07193 -0.03234
v 0.09534 0.07021 -0.03323
v 0.08827 0.07193 -0.04314
v 0.09811 0.06809 -0.03033
v 0.10013 0.06809 -0.02279
v 0.09778 0.07193 -0.00952
v 0.09596 0.07193 -0.02108
v 0.09861 0.07021 -0.02166
v 0.10221 0.06809 -0.00995
v 0.10049 0.07021 -0.00979
v 0.09822 0.07193 0.00217
v 0.09727 0.07193 0.01383
v 0.09996 0.07021 0.01421
v 0.10167 0.06809 0.01446
v 0.09756 0.07021 0.02599
v 0.09923 0.06809 0.02644
v 0.09692 0.06809 0.03394
v 0.09378 0.07021 0.03741
v 0.09538 0.06809 0.03805
v 0.09125 0.07193 0.03640
v 0.08628 0.07193 0.04699
v 0.08866 0.07021 0.04829
v 0.09018 0.06809 0.04912
v 0.08370 0.06809 0.05949
v 0.08229 0.07021 0.05849
v 0.08008 0.07193 0.05692
v 0.07275 0.07193 0.06603
v 0.07604 0.06809 0.06902
v 0.07476 0.07021 0.06786
v 0.06438 0.07193 0.07421
v 0.05510 0.07193 0.08134
v 0.05663 0.07021 0.08359
v 0.05759 0.06809 0.08502
v 0.04629 0.07021 0.08973
v 0.04504 0.07193 0.08731
v 0.04570 0.07119 0.08859
v 0.04708 0.06809 0.09126
v 0.09493 0.07193 0.02530
v 0.08251 0.07193 -0.05332
v 0.01593 0.07193 -0.09694
v 0.05095 0.06683 0.08770
v 0.05196 0.06382 0.09092
v 0.05072 0.06194 0.08949
v 0.05189 0.06194 0.09164
v 0.05195 0.05825 0.08953
v 0.04846 0.05825 0.09147
v 0.05263 0.05601 0.08942
v 0.04979 0.05375 0.09121
v 0.05327 0.05375 0.08922
v -0.02238 0.02360 -0.07605
v -0.01211 0.02360 -0.07834
v -0.00162 0.02360 -0.07926
v 0.00890 0.02360 -0.07877
v 0.01926 0.02360 -0.07690
v 0.02928 0.02360 -0.07367
v 0.03879 0.02360 -0.06914
v 0.04761 0.02360 -0.06339
v 0.05559 0.02360 -0.05652
v 0.06259 0.02360 -0.04866
v 0.06848 0.02360 -0.03993
v 0.07107 0.02360 -0.03512
v 0.07317 0.02360 -0.03051
v 0.07497 0.02360 -0.02576
v 0.07657 0.02360 -0.02054
v 0.07861 0.02360 -0.01021
v 0.07927 0.02360 0.00030
v 0.07853 0.02360 0.01080
v 0.07641 0.02360 0.02111
v 0.07294 0.02360 0.03105
v 0.06818 0.02360 0.04044
v 0.06222 0.02360 0.04912
v 0.05516 0.02360 0.05694
v 0.04713 0.02360 0.06374
v 0.03827 0.02360 0.06943
v 0.03208 0.02368 0.07696
v 0.02433 0.02368 0.07975
v 0.01395 0.02368 0.08220
v 0.00334 0.02368 0.08331
v -0.00732 0.02368 0.08306
v -0.01786 0.02368 0.08144
v -0.02811 0.02368 0.07850
v -0.03790 0.02368 0.07427
v -0.04707 0.02368 0.06882
v -0.05547 0.02368 0.06225
v -0.06296 0.02368 0.05466
v -0.06942 0.02368 0.04618
v -0.07475 0.02368 0.03694
v -0.07696 0.02368 0.03208
v -0.07885 0.02368 0.02710
v -0.08166 0.02368 0.01681
v -0.08314 0.02368 0.00625
v -0.08326 0.02368 -0.00441
v -0.08202 0.02368 -0.01501
v -0.07943 0.02368 -0.02535
v -0.07554 0.02368 -0.03528
v -0.07042 0.02368 -0.04464
v -0.06415 0.02368 -0.05326
v -0.05683 0.02368 -0.06101
v -0.04857 0.02368 -0.06777
v -0.03953 0.02368 -0.07341
v -0.03208 0.02368 -0.07696
v 0.02671 0.03357 0.09944
v 0.02618 0.03357 0.09767
v 0.02647 0.03450 0.09795
v 0.02801 0.03738 0.10090
v 0.02785 0.03926 0.09896
v 0.02857 0.03926 0.10137
v 0.01100 0.03874 0.10459
v 0.01080 0.03874 0.10212
v 0.01073 0.03846 0.10206
v 0.00955 0.03357 0.10067
v 0.00970 0.03357 0.10250
v 0.01008 0.03506 0.10325
v 0.00597 0.03094 0.09984
v 0.01022 0.03094 0.09950
v 0.00667 0.03926 0.10259
v 0.00649 0.03848 0.10242
v 0.00530 0.03357 0.10098
v 0.00687 0.03926 0.10509
v 0.00642 0.03738 0.10452
v 0.00545 0.03357 0.10282
v -0.01099 0.03874 0.10459
v -0.01067 0.03874 0.10213
v -0.01072 0.03846 0.10206
v -0.01159 0.03357 0.10045
v -0.01183 0.03357 0.10228
v -0.01160 0.03506 0.10309
v -0.01492 0.03094 0.09890
v -0.01069 0.03094 0.09945
v -0.01480 0.03926 0.10173
v -0.01495 0.03848 0.10153
v -0.01581 0.03357 0.09988
v -0.01513 0.03926 0.10422
v -0.01545 0.03738 0.10357
v -0.01605 0.03357 0.10170
v -0.03250 0.03874 0.10002
v -0.03167 0.03874 0.09768
v -0.03171 0.03846 0.09760
v -0.03222 0.03357 0.09585
v -0.03283 0.03357 0.09758
v -0.03278 0.03506 0.09843
v -0.03516 0.03094 0.09364
v -0.03114 0.03094 0.09505
v -0.03563 0.03926 0.09643
v -0.03573 0.03848 0.09620
v -0.03623 0.03357 0.09441
v -0.03646 0.03926 0.09880
v -0.03665 0.03738 0.09809
v -0.03684 0.03357 0.09614
v -0.05258 0.03874 0.09108
v -0.05129 0.03874 0.08896
v -0.05131 0.03846 0.08887
v -0.05145 0.03357 0.08706
v -0.05240 0.03357 0.08863
v -0.05253 0.03506 0.08946
v -0.05386 0.03094 0.08428
v -0.05022 0.03094 0.08650
v -0.05490 0.03926 0.08691
v -0.05495 0.03848 0.08667
v -0.05507 0.03357 0.08481
v -0.05621 0.03926 0.08906
v -0.05624 0.03738 0.08833
v -0.05603 0.03357 0.08638
v -0.07037 0.03874 0.07816
v -0.06866 0.03874 0.07635
v -0.06866 0.03846 0.07626
v -0.06842 0.03357 0.07446
v -0.06968 0.03357 0.07579
v -0.06998 0.03506 0.07658
v -0.07020 0.03094 0.07124
v -0.06711 0.03094 0.07417
v -0.07177 0.03926 0.07360
v -0.07177 0.03848 0.07335
v -0.07150 0.03357 0.07151
v -0.07350 0.03926 0.07543
v -0.07338 0.03738 0.07471
v -0.07276 0.03357 0.07284
v -0.08508 0.03874 0.06182
v -0.08304 0.03874 0.06041
v -0.08302 0.03846 0.06032
v -0.08241 0.03357 0.05860
v -0.08392 0.03357 0.05965
v -0.08438 0.03506 0.06036
v -0.08348 0.03094 0.05509
v -0.08106 0.03094 0.05860
v -0.08550 0.03926 0.05707
v -0.08545 0.03848 0.05683
v -0.08480 0.03357 0.05508
v -0.08757 0.03926 0.05850
v -0.08731 0.03738 0.05782
v -0.08632 0.03357 0.05613
v -0.09607 0.03874 0.04278
v -0.09378 0.03874 0.04182
v -0.09375 0.03846 0.04174
v -0.09279 0.03357 0.04019
v -0.09449 0.03357 0.04090
v -0.09508 0.03506 0.04150
v -0.09147 0.03094 0.04046
v -0.09311 0.03094 0.03653
v -0.09440 0.03357 0.03624
v -0.09550 0.03926 0.03805
v -0.09540 0.03848 0.03782
v -0.09782 0.03926 0.03901
v -0.09742 0.03738 0.03840
v -0.09610 0.03357 0.03695
v -0.10287 0.03874 0.02187
v -0.10043 0.03874 0.02141
v -0.10037 0.03846 0.02134
v -0.09912 0.03357 0.02002
v -0.10093 0.03357 0.02036
v -0.10163 0.03506 0.02082
v -0.09867 0.03094 0.01637
v -0.09789 0.03094 0.02056
v -0.10132 0.03926 0.01736
v -0.10118 0.03848 0.01716
v -0.09987 0.03357 0.01582
v -0.10380 0.03926 0.01782
v -0.10328 0.03738 0.01731
v -0.10168 0.03357 0.01616
v -0.10517 0.03874 0.00000
v -0.10268 0.03874 0.00006
v -0.10262 0.03846 0.00000
v -0.10111 0.03357 -0.00103
v -0.10295 0.03357 -0.00107
v -0.10374 0.03506 -0.00076
v -0.09992 0.03094 -0.00450
v -0.10002 0.03094 -0.00024
v -0.10272 0.03926 -0.00409
v -0.10254 0.03848 -0.00425
v -0.10098 0.03357 -0.00529
v -0.10523 0.03926 -0.00415
v -0.10462 0.03738 -0.00454
v -0.10282 0.03357 -0.00533
v -0.10287 0.03874 -0.02186
v -0.10045 0.03874 -0.02129
v -0.10037 0.03846 -0.02133
v -0.09869 0.03357 -0.02203
v -0.10048 0.03357 -0.02245
v -0.10131 0.03506 -0.02232
v -0.09680 0.03094 -0.02518
v -0.09779 0.03094 -0.02103
v -0.09962 0.03926 -0.02536
v -0.09941 0.03848 -0.02548
v -0.09768 0.03357 -0.02616
v -0.10207 0.03926 -0.02594
v -0.10139 0.03738 -0.02620
v -0.09947 0.03357 -0.02659
v -0.09608 0.03874 -0.04277
v -0.09383 0.03874 -0.04171
v -0.09375 0.03846 -0.04174
v -0.09195 0.03357 -0.04206
v -0.09362 0.03357 -0.04285
v -0.09446 0.03506 -0.04289
v -0.08945 0.03094 -0.04475
v -0.09128 0.03094 -0.04090
v -0.09218 0.03926 -0.04551
v -0.09194 0.03848 -0.04559
v -0.09010 0.03357 -0.04590
v -0.09445 0.03926 -0.04659
v -0.09373 0.03738 -0.04670
v -0.09176 0.03357 -0.04669
v -0.08508 0.03874 -0.06181
v -0.08311 0.03874 -0.06031
v -0.08302 0.03846 -0.06032
v -0.08120 0.03357 -0.06026
v -0.08266 0.03357 -0.06138
v -0.08348 0.03506 -0.06159
v -0.07819 0.03094 -0.06237
v -0.08078 0.03094 -0.05899
v -0.08070 0.03926 -0.06369
v -0.08045 0.03848 -0.06371
v -0.07859 0.03357 -0.06363
v -0.08270 0.03926 -0.06521
v -0.08197 0.03738 -0.06517
v -0.08005 0.03357 -0.06475
v -0.07037 0.03874 -0.07815
v -0.06876 0.03874 -0.07627
v -0.06866 0.03846 -0.07626
v -0.06690 0.03357 -0.07583
v -0.06809 0.03357 -0.07723
v -0.06885 0.03506 -0.07760
v -0.06352 0.03094 -0.07727
v -0.06675 0.03094 -0.07449
v -0.06569 0.03926 -0.07907
v -0.06545 0.03848 -0.07904
v -0.06364 0.03357 -0.07858
v -0.06733 0.03926 -0.08098
v -0.06663 0.03738 -0.08079
v -0.06484 0.03357 -0.07998
v -0.05259 0.03874 -0.09108
v -0.05140 0.03874 -0.08890
v -0.05131 0.03846 -0.08887
v -0.04967 0.03357 -0.08808
v -0.05055 0.03357 -0.08970
v -0.05121 0.03506 -0.09022
v -0.04606 0.03094 -0.08878
v -0.04980 0.03094 -0.08674
v -0.05105 0.04098 -0.08962
v -0.04754 0.04098 -0.09153
v -0.04782 0.03926 -0.09100
v -0.04758 0.03848 -0.09093
v -0.04591 0.03357 -0.09009
v -0.04978 0.04745 -0.09118
v -0.04623 0.04745 -0.09303
v -0.04633 0.04700 -0.09295
v -0.05098 0.04143 -0.08975
v -0.02747 0.04098 -0.09941
v -0.03130 0.04098 -0.09827
v -0.03120 0.04143 -0.09838
v -0.02600 0.04700 -0.10055
v -0.02973 0.04745 -0.09954
v -0.02588 0.04745 -0.10061
v -0.00620 0.04098 -0.10295
v -0.01019 0.04098 -0.10263
v -0.01007 0.04143 -0.10272
v -0.00453 0.04700 -0.10376
v -0.00839 0.04745 -0.10354
v -0.00440 0.04745 -0.10379
v 0.07236 0.04098 -0.07350
v 0.06945 0.04098 -0.07625
v 0.06960 0.04143 -0.07621
v 0.07408 0.04700 -0.07279
v 0.07134 0.04745 -0.07552
v 0.07419 0.04745 -0.07272
v 0.08606 0.04098 -0.05685
v 0.08379 0.04098 -0.06014
v 0.08393 0.04143 -0.06008
v 0.08759 0.04700 -0.05580
v 0.08548 0.04745 -0.05904
v 0.08769 0.04745 -0.05570
v 0.09588 0.04745 -0.03997
v 0.09562 0.04421 -0.03987
v 0.09458 0.04143 -0.04132
v 0.09520 0.04098 -0.03969
v 0.09446 0.04098 -0.04140
v 0.09600 0.04098 -0.03771
v 0.09728 0.04700 -0.03637
v 0.09735 0.04745 -0.03625
v 0.10174 0.04098 -0.01693
v 0.10101 0.04098 -0.02086
v 0.10111 0.04143 -0.02075
v 0.10272 0.04700 -0.01534
v 0.10210 0.04745 -0.01917
v 0.10276 0.04745 -0.01522
v 0.10304 0.04098 0.00459
v 0.10314 0.04098 0.00060
v 0.10321 0.04143 0.00073
v 0.10366 0.04700 0.00635
v 0.10385 0.04745 0.00248
v 0.10368 0.04745 0.00648
v 0.09983 0.04098 0.02592
v 0.10076 0.04098 0.02203
v 0.10080 0.04143 0.02217
v 0.10008 0.04700 0.02776
v 0.10107 0.04745 0.02402
v 0.10007 0.04745 0.02789
v 0.09226 0.04098 0.04611
v 0.09398 0.04098 0.04249
v 0.09399 0.04143 0.04264
v 0.09212 0.04700 0.04796
v 0.09387 0.04745 0.04451
v 0.09208 0.04745 0.04809
v 0.08066 0.04098 0.06428
v 0.08309 0.04098 0.06110
v 0.08307 0.04143 0.06125
v 0.08013 0.04700 0.06606
v 0.08256 0.04745 0.06305
v 0.08007 0.04745 0.06618
v 0.06553 0.04098 0.07964
v 0.06857 0.04098 0.07704
v 0.06852 0.04143 0.07719
v 0.06465 0.04700 0.08128
v 0.06765 0.04745 0.07884
v 0.06456 0.04745 0.08139
v 0.04754 0.04098 0.09153
v 0.05105 0.04098 0.08962
v 0.05098 0.04143 0.08975
v 0.04634 0.04700 0.09295
v 0.04978 0.04745 0.09118
v 0.04623 0.04745 0.09303
v 0.03283 0.05857 0.10078
v 0.03427 0.05375 0.10075
v 0.03046 0.05375 0.10197
v 0.02917 0.05803 0.10197
v 0.02900 0.05857 0.10195
v 0.02772 0.06237 0.10148
v 0.01713 0.05857 0.10460
v 0.02081 0.05857 0.10393
v 0.01947 0.06347 0.10302
v 0.01116 0.05857 0.10540
v 0.01299 0.05857 0.10519
v 0.01258 0.05375 0.10568
v 0.00859 0.05375 0.10607
v 0.00717 0.05857 0.10575
v 0.00614 0.06196 0.10513
v -0.00746 0.05857 0.10573
v -0.00123 0.05857 0.10598
v -0.00238 0.06347 0.10481
v -0.01100 0.05857 0.10542
v -0.00915 0.05857 0.10559
v 0.00487 0.05857 0.10588
v -0.00967 0.05375 0.10598
v -0.01365 0.05375 0.10554
v -0.01497 0.05857 0.10493
v -0.01589 0.06212 0.10406
v -0.03268 0.05857 0.10083
v -0.03164 0.05857 0.10116
v -0.02412 0.06350 0.10202
v -0.01968 0.05857 0.10415
v -0.03149 0.05375 0.10165
v -0.03177 0.05375 0.10157
v -0.03529 0.05375 0.10040
v -0.03646 0.05857 0.09952
v -0.03718 0.06210 0.09849
v -0.05129 0.05857 0.09275
v -0.04420 0.05857 0.09633
v -0.04480 0.06347 0.09479
v -0.05293 0.05857 0.09183
v -0.04317 0.05857 0.09680
v -0.05194 0.05375 0.09288
v -0.05433 0.05375 0.09151
v -0.05540 0.05375 0.09087
v -0.05635 0.05857 0.08977
v -0.05684 0.06213 0.08859
v -0.06433 0.05857 0.08424
v -0.06325 0.05857 0.08505
v -0.06353 0.06347 0.08340
v -0.06945 0.05857 0.08007
v -0.07086 0.05857 0.07882
v -0.07012 0.05375 0.08006
v -0.07308 0.05375 0.07736
v -0.07372 0.05802 0.07625
v -0.07379 0.05857 0.07609
v -0.07402 0.06209 0.07486
v -0.08202 0.05857 0.06713
v -0.07954 0.05857 0.07005
v -0.07948 0.06347 0.06837
v -0.08570 0.05857 0.06236
v -0.08457 0.05857 0.06388
v -0.08523 0.05375 0.06373
v -0.08756 0.05375 0.06048
v -0.08799 0.05857 0.05908
v -0.08796 0.06221 0.05778
v -0.09196 0.06347 0.05035
v -0.09529 0.05857 0.04641
v -0.09236 0.05857 0.05200
v -0.09679 0.05857 0.04318
v -0.09600 0.05857 0.04491
v -0.08926 0.05857 0.05715
v -0.09662 0.05375 0.04462
v -0.09823 0.05375 0.04095
v -0.09836 0.05857 0.03950
v -0.10042 0.06347 0.03013
v -0.10366 0.05857 0.02211
v -0.10326 0.05857 0.02390
v -0.10119 0.05857 0.03154
v -0.10003 0.05857 0.03503
v -0.10378 0.05375 0.02355
v -0.10379 0.05475 0.02326
v -0.10384 0.05375 0.02327
v -0.10459 0.05375 0.01963
v -0.10442 0.05857 0.01818
v -0.10393 0.06190 0.01712
v -0.10597 0.05857 0.00193
v -0.10553 0.05857 0.00984
v -0.10449 0.06347 0.00859
v -0.10599 0.05857 0.00008
v -0.10542 0.05857 0.01102
v -0.10641 0.05375 0.00146
v -0.10641 0.05375 -0.00130
v -0.10639 0.05375 -0.00254
v -0.10592 0.05857 -0.00392
v -0.10513 0.06217 -0.00494
v -0.10511 0.05857 -0.01359
v -0.10527 0.05857 -0.01230
v -0.10399 0.06347 -0.01332
v -0.10406 0.05857 -0.02014
v -0.10369 0.05857 -0.02196
v -0.10439 0.05375 -0.02070
v -0.10354 0.05375 -0.02460
v -0.10289 0.05802 -0.02572
v -0.10279 0.05857 -0.02586
v -0.10183 0.06211 -0.02668
v -0.09895 0.06347 -0.03465
v -0.09915 0.05857 -0.03747
v -0.10042 0.05857 -0.03390
v -0.09686 0.05857 -0.04304
v -0.09760 0.05857 -0.04132
v -0.09780 0.05375 -0.04195
v -0.09616 0.05375 -0.04559
v -0.09516 0.05857 -0.04666
v -0.09404 0.06216 -0.04728
v -0.08783 0.05857 -0.05932
v -0.09118 0.05857 -0.05403
v -0.08958 0.06347 -0.05447
v -0.08579 0.05857 -0.06224
v -0.08688 0.05857 -0.06071
v -0.09413 0.05857 -0.04872
v -0.08695 0.05375 -0.06137
v -0.08458 0.05375 -0.06459
v -0.08338 0.05857 -0.06543
v -0.08217 0.06213 -0.06579
v -0.07237 0.05857 -0.07744
v -0.07797 0.05857 -0.07179
v -0.07629 0.06350 -0.07189
v -0.07098 0.05857 -0.07871
v -0.08035 0.05857 -0.06912
v -0.07204 0.05475 -0.07825
v -0.07229 0.05375 -0.07810
v -0.07208 0.05375 -0.07830
v -0.06930 0.05375 -0.08076
v -0.06796 0.05857 -0.08134
v -0.06659 0.06238 -0.08143
v -0.05469 0.05857 -0.09079
v -0.06135 0.05857 -0.08643
v -0.05968 0.06347 -0.08619
v -0.05306 0.05857 -0.09175
v -0.06225 0.05857 -0.08578
v -0.05447 0.05375 -0.09142
v -0.05208 0.05375 -0.09281
v -0.05099 0.05375 -0.09341
v -0.04956 0.05857 -0.09369
v -0.04832 0.06208 -0.09353
v -0.04745 0.04745 -0.09526
v -0.05099 0.04745 -0.09341
v -0.05257 0.03893 -0.09115
v -0.05201 0.04263 -0.09235
v -0.06622 0.04745 -0.08331
v -0.06702 0.04263 -0.08211
v -0.06930 0.04745 -0.08076
v -0.07036 0.03913 -0.07831
v -0.07007 0.04263 -0.07952
v -0.08209 0.04745 -0.06772
v -0.08263 0.04263 -0.06638
v -0.08458 0.04745 -0.06459
v -0.08510 0.03908 -0.06195
v -0.08507 0.04263 -0.06322
v -0.09438 0.04745 -0.04918
v -0.09462 0.04263 -0.04775
v -0.09451 0.04745 -0.04892
v -0.09616 0.04745 -0.04559
v -0.09613 0.03908 -0.04290
v -0.09636 0.04263 -0.04415
v -0.10254 0.04745 -0.02848
v -0.10248 0.04263 -0.02703
v -0.10324 0.04745 -0.02581
v -0.10354 0.04745 -0.02460
v -0.10294 0.03907 -0.02198
v -0.10343 0.04263 -0.02315
v -0.10622 0.04745 -0.00654
v -0.10586 0.04263 -0.00514
v -0.10639 0.04745 -0.00254
v -0.10527 0.03909 -0.00010
v -0.10598 0.04263 -0.00114
v -0.10526 0.04745 0.01569
v -0.10462 0.04263 0.01699
v -0.10459 0.04745 0.01963
v -0.10297 0.03905 0.02180
v -0.10390 0.04263 0.02092
v -0.09970 0.04745 0.03723
v -0.09880 0.04263 0.03836
v -0.09823 0.04745 0.04095
v -0.09728 0.04263 0.04207
v -0.08978 0.04745 0.05715
v -0.08957 0.04645 0.05736
v -0.08867 0.04263 0.05807
v -0.08962 0.04745 0.05739
v -0.08756 0.04745 0.06048
v -0.08526 0.03918 0.06179
v -0.08641 0.04263 0.06138
v -0.07593 0.04745 0.07456
v -0.07465 0.04263 0.07524
v -0.07397 0.04745 0.07651
v -0.07308 0.04745 0.07736
v -0.07050 0.03906 0.07816
v -0.07176 0.04263 0.07800
v -0.05877 0.04745 0.08872
v -0.05738 0.04263 0.08911
v -0.05540 0.04745 0.09087
v -0.05272 0.03908 0.09111
v -0.05398 0.04263 0.09122
v -0.03904 0.04745 0.09900
v -0.03760 0.04263 0.09910
v -0.03529 0.04745 0.10040
v -0.03261 0.03906 0.10008
v -0.03383 0.04263 0.10044
v -0.01760 0.04745 0.10495
v -0.01617 0.04263 0.10475
v -0.01365 0.04745 0.10554
v -0.01110 0.03907 0.10468
v -0.01221 0.04263 0.10528
v 0.00460 0.04745 0.10632
v 0.00488 0.04645 0.10625
v 0.00596 0.04263 0.10582
v 0.00489 0.04745 0.10631
v 0.00859 0.04745 0.10607
v 0.01094 0.03896 0.10466
v 0.00995 0.04263 0.10552
v 0.02588 0.04745 0.10061
v 0.02661 0.04745 0.10304
v 0.02739 0.04133 0.09950
v 0.02783 0.04263 0.10227
v 0.02747 0.04098 0.09941
v 0.02927 0.04745 0.10232
v 0.02973 0.04745 0.09954
v 0.03046 0.04745 0.10197
v 0.03131 0.04098 0.09827
v 0.03120 0.04143 0.09838
v 0.02660 0.03094 0.09642
v 0.03068 0.03094 0.09520
v 0.03027 0.03357 0.09648
v 0.03035 0.03382 0.09656
v 0.03179 0.03874 0.09764
v 0.01534 0.04098 -0.10199
v 0.01137 0.04098 -0.10251
v 0.01151 0.04143 -0.10257
v 0.01715 0.04700 -0.10243
v 0.01332 0.04745 -0.10303
v 0.01728 0.04745 -0.10244
v 0.04046 0.06347 0.09672
v 0.04956 0.05857 0.09369
v 0.04079 0.05857 0.09783
v 0.03288 0.05857 0.10076
v 0.04745 0.04745 0.09526
v 0.05100 0.04745 0.09341
v 0.06622 0.04745 0.08331
v 0.06930 0.04745 0.08076
v 0.08209 0.04745 0.06772
v 0.08458 0.04745 0.06459
v 0.09438 0.04745 0.04918
v 0.09451 0.04745 0.04892
v 0.09616 0.04745 0.04559
v 0.10254 0.04745 0.02848
v 0.10324 0.04745 0.02581
v 0.10354 0.04745 0.02461
v 0.10622 0.04745 0.00654
v 0.10639 0.04745 0.00254
v 0.10526 0.04745 -0.01569
v 0.10459 0.04745 -0.01963
v 0.09970 0.04745 -0.03723
v 0.09823 0.04745 -0.04095
v 0.08978 0.04745 -0.05714
v 0.08962 0.04745 -0.05739
v 0.08757 0.04745 -0.06048
v 0.07593 0.04745 -0.07456
v 0.07397 0.04745 -0.07651
v 0.07308 0.04745 -0.07736
v 0.05745 0.04745 -0.08655
v 0.05408 0.04745 -0.08870
v 0.05877 0.04745 -0.08872
v 0.05540 0.04745 -0.09087
v 0.01761 0.04745 -0.10495
v 0.01365 0.04745 -0.10554
v -0.00460 0.04745 -0.10632
v -0.00489 0.04745 -0.10631
v -0.00859 0.04745 -0.10607
v -0.02661 0.04745 -0.10304
v -0.02927 0.04745 -0.10232
v -0.03046 0.04745 -0.10197
v -0.04046 0.06347 -0.09672
v -0.04079 0.05857 -0.09783
v -0.03288 0.05857 -0.10076
v -0.03283 0.05857 -0.10078
v -0.03427 0.05375 -0.10075
v -0.03046 0.05375 -0.10197
v -0.02917 0.05803 -0.10197
v -0.02900 0.05857 -0.10194
v -0.02771 0.06237 -0.10148
v -0.01713 0.05857 -0.10460
v -0.02081 0.05857 -0.10393
v -0.01947 0.06347 -0.10302
v -0.01115 0.05857 -0.10540
v -0.01299 0.05857 -0.10519
v -0.01257 0.05375 -0.10567
v -0.00859 0.05375 -0.10607
v -0.00717 0.05857 -0.10575
v -0.00616 0.06191 -0.10514
v 0.00746 0.05857 -0.10573
v 0.00124 0.05857 -0.10598
v 0.00238 0.06347 -0.10481
v 0.01100 0.05857 -0.10542
v 0.00915 0.05857 -0.10559
v -0.00487 0.05857 -0.10588
v 0.00967 0.05375 -0.10598
v 0.01365 0.05375 -0.10554
v 0.01497 0.05857 -0.10493
v 0.01589 0.06212 -0.10406
v 0.02412 0.06350 -0.10202
v 0.03268 0.05857 -0.10083
v 0.03164 0.05857 -0.10116
v 0.01968 0.05857 -0.10415
v 0.03149 0.05375 -0.10165
v 0.03177 0.05375 -0.10157
v 0.03529 0.05375 -0.10040
v 0.03646 0.05857 -0.09952
v 0.03718 0.06210 -0.09849
v 0.05129 0.05857 -0.09275
v 0.04420 0.05857 -0.09633
v 0.04480 0.06347 -0.09479
v 0.05293 0.05857 -0.09183
v 0.04317 0.05857 -0.09680
v 0.05194 0.05375 -0.09288
v 0.05434 0.05375 -0.09150
v 0.05540 0.05375 -0.09087
v 0.05636 0.05857 -0.08977
v 0.05685 0.06214 -0.08859
v 0.07086 0.05857 -0.07882
v 0.06433 0.05857 -0.08423
v 0.06353 0.06347 -0.08340
v 0.07012 0.05375 -0.08005
v 0.07308 0.05375 -0.07736
v 0.07372 0.05802 -0.07625
v 0.07379 0.05857 -0.07609
v 0.07402 0.06209 -0.07486
v 0.08202 0.05857 -0.06713
v 0.07954 0.05857 -0.07005
v 0.07948 0.06347 -0.06837
v 0.08570 0.05857 -0.06236
v 0.08457 0.05857 -0.06388
v 0.08523 0.05375 -0.06373
v 0.08757 0.05375 -0.06048
v 0.08799 0.05857 -0.05908
v 0.08796 0.06222 -0.05778
v 0.09529 0.05857 -0.04640
v 0.09219 0.05857 -0.05229
v 0.09196 0.06347 -0.05035
v 0.08926 0.05857 -0.05715
v 0.09679 0.05857 -0.04318
v 0.09593 0.05857 -0.04506
v 0.09662 0.05375 -0.04461
v 0.09823 0.05375 -0.04095
v 0.09836 0.05857 -0.03950
v 0.10041 0.06350 -0.03012
v 0.10366 0.05857 -0.02211
v 0.10326 0.05857 -0.02390
v 0.10119 0.05857 -0.03154
v 0.10003 0.05857 -0.03503
v 0.10379 0.05475 -0.02326
v 0.10378 0.05375 -0.02355
v 0.10385 0.05375 -0.02327
v 0.10459 0.05375 -0.01963
v 0.10442 0.05857 -0.01818
v 0.10542 0.05857 -0.01101
v 0.10597 0.05857 -0.00192
v 0.10553 0.05857 -0.00984
v 0.10449 0.06347 -0.00859
v 0.10599 0.05857 -0.00008
v 0.10641 0.05375 -0.00146
v 0.10641 0.05375 0.00130
v 0.10639 0.05375 0.00254
v 0.10592 0.05857 0.00392
v 0.10514 0.06216 0.00494
v 0.10406 0.05857 0.02014
v 0.10511 0.05857 0.01359
v 0.10399 0.06347 0.01332
v 0.10369 0.05857 0.02196
v 0.10527 0.05857 0.01230
v 0.10439 0.05375 0.02070
v 0.10354 0.05375 0.02461
v 0.10289 0.05802 0.02572
v 0.10279 0.05857 0.02586
v 0.10183 0.06211 0.02668
v 0.09895 0.06347 0.03465
v 0.09915 0.05857 0.03747
v 0.10042 0.05857 0.03390
v 0.09686 0.05857 0.04304
v 0.09760 0.05857 0.04133
v 0.09781 0.05375 0.04195
v 0.09616 0.05375 0.04559
v 0.09517 0.05857 0.04666
v 0.09404 0.06216 0.04728
v 0.08783 0.05857 0.05932
v 0.09119 0.05857 0.05403
v 0.08958 0.06347 0.05447
v 0.08579 0.05857 0.06224
v 0.08688 0.05857 0.06071
v 0.09413 0.05857 0.04872
v 0.08695 0.05375 0.06137
v 0.08458 0.05375 0.06459
v 0.08338 0.05857 0.06543
v 0.08217 0.06213 0.06579
v 0.07237 0.05857 0.07744
v 0.07797 0.05857 0.07179
v 0.07630 0.06347 0.07190
v 0.07098 0.05857 0.07871
v 0.08035 0.05857 0.06912
v 0.07204 0.05475 0.07825
v 0.07229 0.05375 0.07810
v 0.07208 0.05375 0.07830
v 0.06930 0.05375 0.08076
v 0.06796 0.05857 0.08134
v 0.06659 0.06238 0.08143
v 0.05470 0.05857 0.09079
v 0.06135 0.05857 0.08643
v 0.05969 0.06347 0.08619
v 0.05306 0.05857 0.09175
v 0.06225 0.05857 0.08579
v 0.05447 0.05375 0.09142
v 0.05208 0.05375 0.09281
v 0.05100 0.05375 0.09341
v 0.05550 0.04098 -0.08693
v 0.05208 0.04098 -0.08902
v 0.05223 0.04143 -0.08902
v 0.05733 0.04700 -0.08660
v -0.02433 0.02368 -0.07975
v -0.01395 0.02368 -0.08220
v -0.00334 0.02368 -0.08331
v 0.00732 0.02368 -0.08306
v 0.01786 0.02368 -0.08144
v 0.02811 0.02368 -0.07850
v 0.03790 0.02368 -0.07427
v 0.04707 0.02368 -0.06882
v 0.05547 0.02368 -0.06225
v 0.06296 0.02368 -0.05466
v 0.06942 0.02368 -0.04618
v 0.07475 0.02368 -0.03694
v 0.07696 0.02368 -0.03208
v 0.07885 0.02368 -0.02710
v 0.08167 0.02368 -0.01681
v 0.08314 0.02368 -0.00625
v 0.08326 0.02368 0.00441
v 0.08202 0.02368 0.01501
v 0.07943 0.02368 0.02535
v 0.07554 0.02368 0.03528
v 0.07042 0.02368 0.04464
v 0.06415 0.02368 0.05326
v 0.05683 0.02368 0.06101
v 0.04857 0.02368 0.06777
v 0.03953 0.02368 0.07341
v 0.03368 0.02443 0.08078
v 0.02630 0.02443 0.08348
v 0.01583 0.02443 0.08608
v 0.00511 0.02443 0.08737
v -0.00569 0.02443 0.08734
v -0.01639 0.02443 0.08597
v -0.02685 0.02443 0.08330
v -0.03690 0.02443 0.07936
v -0.04639 0.02443 0.07421
v -0.05518 0.02443 0.06794
v -0.06312 0.02443 0.06063
v -0.07010 0.02443 0.05240
v -0.07602 0.02443 0.04337
v -0.08078 0.02443 0.03368
v -0.08431 0.02443 0.02348
v -0.08656 0.02443 0.01292
v -0.08750 0.02443 0.00216
v -0.08710 0.02443 -0.00862
v -0.08537 0.02443 -0.01928
v -0.08235 0.02443 -0.02964
v -0.07807 0.02443 -0.03955
v -0.07261 0.02443 -0.04886
v -0.06604 0.02443 -0.05743
v -0.05847 0.02443 -0.06513
v -0.05001 0.02443 -0.07183
v -0.04078 0.02443 -0.07744
v -0.03368 0.02443 -0.08078
v -0.03542 0.02626 -0.08495
v -0.03676 0.02860 -0.08818
v -0.04289 0.02626 -0.08144
v -0.04452 0.02860 -0.08453
v -0.05259 0.02626 -0.07554
v -0.05459 0.02860 -0.07841
v -0.06149 0.02626 -0.06849
v -0.06383 0.02860 -0.07109
v -0.06945 0.02626 -0.06040
v -0.07210 0.02860 -0.06269
v -0.07636 0.02626 -0.05139
v -0.07926 0.02860 -0.05334
v -0.08210 0.02626 -0.04160
v -0.08523 0.02860 -0.04318
v -0.08660 0.02626 -0.03117
v -0.08990 0.02860 -0.03236
v -0.08978 0.02626 -0.02028
v -0.09319 0.02860 -0.02105
v -0.09159 0.02626 -0.00907
v -0.09508 0.02860 -0.00941
v -0.09201 0.02626 0.00228
v -0.09551 0.02860 0.00236
v -0.09103 0.02626 0.01359
v -0.09449 0.02860 0.01410
v -0.09332 0.02860 0.02050
v -0.08867 0.02626 0.02469
v -0.09204 0.02860 0.02563
v -0.09022 0.02860 0.03145
v -0.08495 0.02626 0.03542
v -0.08818 0.02860 0.03677
v -0.07653 0.02860 0.05720
v -0.08024 0.02860 0.05186
v -0.07995 0.02626 0.04561
v -0.08299 0.02860 0.04734
v -0.08584 0.02860 0.04195
v -0.07372 0.02626 0.05510
v -0.06638 0.02626 0.06376
v -0.06890 0.02860 0.06618
v -0.05803 0.02626 0.07145
v -0.06023 0.02860 0.07416
v -0.04879 0.02626 0.07805
v -0.05064 0.02860 0.08102
v -0.03881 0.02626 0.08346
v -0.04029 0.02860 0.08663
v -0.02824 0.02626 0.08760
v -0.02931 0.02860 0.09093
v -0.01724 0.02626 0.09041
v -0.01790 0.02860 0.09385
v -0.00598 0.02626 0.09185
v -0.00621 0.02860 0.09534
v 0.00537 0.02626 0.09188
v 0.00558 0.02860 0.09538
v 0.01664 0.02626 0.09052
v 0.01728 0.02860 0.09397
v 0.02766 0.02626 0.08779
v 0.02871 0.02860 0.09113
v 0.03542 0.02626 0.08495
v 0.03677 0.02860 0.08819
v 0.03085 0.03311 0.09795
v 0.03080 0.03357 0.09825
v 0.03087 0.03025 0.09515
v 0.03094 0.03122 0.09636
v 0.02679 0.03024 0.09636
v 0.02685 0.03194 0.09826
v 0.02676 0.03311 0.09914
v 0.02600 0.04263 0.10275
v 0.01821 0.04263 0.10441
v 0.01922 0.03773 0.10307
v 0.00981 0.03311 0.10222
v 0.01883 0.03311 0.10095
v 0.01042 0.03025 0.09948
v 0.01023 0.03122 0.10069
v 0.00617 0.03024 0.09983
v 0.00583 0.03194 0.10169
v 0.00556 0.03311 0.10254
v 0.00407 0.04263 0.10591
v -0.00388 0.04263 0.10592
v -0.00263 0.03773 0.10481
v -0.01166 0.03311 0.10203
v -0.00257 0.03311 0.10266
v -0.01050 0.03025 0.09948
v -0.01093 0.03122 0.10061
v -0.01472 0.03024 0.09893
v -0.01544 0.03194 0.10068
v -0.01588 0.03311 0.10146
v -0.01803 0.04263 0.10445
v -0.02580 0.04263 0.10280
v -0.02436 0.03773 0.10197
v -0.03262 0.03311 0.09737
v -0.02386 0.03311 0.09988
v -0.03095 0.03025 0.09512
v -0.03161 0.03122 0.09614
v -0.03497 0.03024 0.09371
v -0.03604 0.03194 0.09527
v -0.03663 0.03311 0.09594
v -0.03934 0.04263 0.09842
v -0.04660 0.04263 0.09520
v -0.04503 0.03773 0.09468
v -0.05215 0.03311 0.08846
v -0.04411 0.03311 0.09274
v -0.05005 0.03025 0.08661
v -0.05091 0.03122 0.08747
v -0.05369 0.03024 0.08439
v -0.05506 0.03194 0.08570
v -0.05577 0.03311 0.08622
v -0.05894 0.04263 0.08809
v -0.06536 0.04263 0.08344
v -0.06373 0.03773 0.08325
v -0.06940 0.03311 0.07569
v -0.06242 0.03311 0.08154
v -0.06696 0.03025 0.07431
v -0.06798 0.03122 0.07497
v -0.07006 0.03024 0.07138
v -0.07167 0.03194 0.07238
v -0.07248 0.03311 0.07274
v -0.07596 0.04263 0.07392
v -0.08127 0.04263 0.06804
v -0.07965 0.03773 0.06818
v -0.08362 0.03311 0.05961
v -0.07801 0.03311 0.06678
v -0.08095 0.03025 0.05876
v -0.08208 0.03122 0.05920
v -0.08337 0.03024 0.05526
v -0.08515 0.03194 0.05590
v -0.08602 0.03311 0.05608
v -0.09419 0.03311 0.04092
v -0.09019 0.03311 0.04910
v -0.09208 0.03773 0.05013
v -0.09363 0.04263 0.04968
v -0.08966 0.04263 0.05652
v -0.09140 0.03025 0.04065
v -0.09260 0.03122 0.04084
v -0.09303 0.03024 0.03672
v -0.09491 0.03194 0.03697
v -0.09580 0.03311 0.03697
v -0.09947 0.04263 0.03659
v -0.10194 0.04263 0.02901
v -0.10049 0.03773 0.02989
v -0.10064 0.03311 0.02044
v -0.09843 0.03311 0.02928
v -0.09785 0.03025 0.02076
v -0.09906 0.03122 0.02070
v -0.09864 0.03024 0.01657
v -0.10053 0.03194 0.01643
v -0.10140 0.03311 0.01625
v -0.10491 0.04263 0.01511
v -0.10574 0.04263 0.00720
v -0.10451 0.03773 0.00834
v -0.10269 0.03311 -0.00093
v -0.10237 0.03311 0.00817
v -0.10003 0.03025 -0.00004
v -0.10120 0.03122 -0.00035
v -0.09993 0.03024 -0.00430
v -0.10175 0.03194 -0.00483
v -0.10256 0.03311 -0.00519
v -0.10576 0.04263 -0.00702
v -0.10493 0.04263 -0.01493
v -0.10396 0.03773 -0.01357
v -0.10025 0.03311 -0.02226
v -0.10183 0.03311 -0.01329
v -0.09783 0.03025 -0.02084
v -0.09892 0.03122 -0.02138
v -0.09685 0.03024 -0.02498
v -0.09852 0.03194 -0.02588
v -0.09924 0.03311 -0.02640
v -0.10199 0.04263 -0.02884
v -0.09954 0.04263 -0.03640
v -0.09887 0.03773 -0.03489
v -0.09343 0.03311 -0.04262
v -0.09684 0.03311 -0.03417
v -0.09136 0.03025 -0.04072
v -0.09231 0.03122 -0.04148
v -0.08954 0.03024 -0.04457
v -0.09098 0.03194 -0.04580
v -0.09158 0.03311 -0.04646
v -0.09377 0.04263 -0.04941
v -0.08981 0.04263 -0.05629
v -0.08945 0.03773 -0.05468
v -0.08253 0.03311 -0.06111
v -0.08762 0.03311 -0.05356
v -0.08090 0.03025 -0.05883
v -0.08167 0.03122 -0.05977
v -0.07831 0.03024 -0.06221
v -0.07947 0.03194 -0.06371
v -0.07992 0.03311 -0.06448
v -0.08145 0.04263 -0.06782
v -0.07615 0.04263 -0.07372
v -0.07613 0.03773 -0.07208
v -0.06802 0.03311 -0.07693
v -0.07457 0.03311 -0.07061
v -0.06690 0.03025 -0.07436
v -0.06746 0.03122 -0.07544
v -0.06367 0.03024 -0.07714
v -0.06449 0.03194 -0.07885
v -0.06477 0.03311 -0.07969
v -0.06558 0.04263 -0.08327
v -0.05918 0.04263 -0.08793
v -0.05948 0.03773 -0.08634
v -0.05054 0.03311 -0.08939
v -0.05826 0.03311 -0.08457
v -0.04998 0.03025 -0.08665
v -0.05030 0.03122 -0.08782
v -0.04624 0.03024 -0.08869
v -0.04669 0.03194 -0.09053
v -0.04678 0.03311 -0.09141
v -0.04679 0.03357 -0.09171
v -0.04902 0.03926 -0.09321
v -0.04837 0.03738 -0.09287
v -0.04848 0.04263 -0.09425
v -0.03179 0.03874 -0.09764
v -0.03250 0.03874 -0.10002
v -0.03243 0.03909 -0.10015
v -0.03167 0.04263 -0.10115
v -0.03171 0.03846 -0.09759
v -0.03027 0.03357 -0.09648
v -0.03080 0.03357 -0.09825
v -0.03133 0.03506 -0.09890
v -0.02660 0.03094 -0.09642
v -0.03068 0.03094 -0.09520
v -0.02785 0.03926 -0.09896
v -0.02764 0.03848 -0.09883
v -0.02618 0.03357 -0.09767
v -0.02857 0.03926 -0.10136
v -0.02801 0.03738 -0.10090
v -0.02670 0.03357 -0.09944
v -0.02783 0.04263 -0.10227
v -0.01079 0.03874 -0.10212
v -0.01100 0.03874 -0.10459
v -0.01093 0.03899 -0.10467
v -0.00995 0.04263 -0.10552
v -0.01073 0.03846 -0.10205
v -0.00955 0.03357 -0.10067
v -0.00970 0.03357 -0.10250
v -0.01008 0.03506 -0.10325
v -0.00597 0.03094 -0.09984
v -0.01021 0.03094 -0.09950
v -0.00667 0.03926 -0.10258
v -0.00649 0.03848 -0.10242
v -0.00530 0.03357 -0.10098
v -0.00687 0.03926 -0.10509
v -0.00642 0.03738 -0.10452
v -0.00545 0.03357 -0.10281
v -0.00488 0.04645 -0.10625
v -0.00596 0.04263 -0.10582
v 0.01067 0.03874 -0.10213
v 0.01099 0.03874 -0.10459
v 0.01110 0.03907 -0.10468
v 0.01221 0.04263 -0.10528
v 0.01073 0.03846 -0.10206
v 0.01159 0.03357 -0.10045
v 0.01183 0.03357 -0.10228
v 0.01160 0.03506 -0.10309
v 0.01492 0.03094 -0.09890
v 0.01070 0.03094 -0.09945
v 0.01480 0.03926 -0.10173
v 0.01495 0.03848 -0.10153
v 0.01581 0.03357 -0.09988
v 0.05386 0.03094 -0.08428
v 0.05022 0.03094 -0.08650
v 0.05507 0.03357 -0.08481
v 0.05145 0.03357 -0.08705
v 0.05495 0.03848 -0.08667
v 0.05145 0.03382 -0.08716
v 0.05490 0.03926 -0.08691
v 0.05129 0.03874 -0.08896
v 0.05621 0.03926 -0.08906
v 0.05625 0.03738 -0.08833
v 0.05603 0.03357 -0.08638
v 0.05738 0.04263 -0.08911
v 0.06866 0.03874 -0.07635
v 0.07037 0.03874 -0.07816
v 0.07050 0.03906 -0.07816
v 0.07176 0.04263 -0.07800
v 0.06866 0.03846 -0.07626
v 0.06842 0.03357 -0.07446
v 0.06969 0.03357 -0.07579
v 0.06998 0.03506 -0.07658
v 0.07021 0.03094 -0.07124
v 0.06711 0.03094 -0.07417
v 0.07177 0.03926 -0.07360
v 0.07177 0.03848 -0.07335
v 0.07150 0.03357 -0.07151
v 0.07350 0.03926 -0.07543
v 0.07338 0.03738 -0.07471
v 0.07276 0.03357 -0.07284
v 0.07466 0.04263 -0.07524
v 0.08304 0.03874 -0.06041
v 0.08508 0.03874 -0.06182
v 0.08525 0.03915 -0.06179
v 0.08641 0.04263 -0.06137
v 0.08302 0.03846 -0.06032
v 0.08241 0.03357 -0.05860
v 0.08392 0.03357 -0.05965
v 0.08438 0.03506 -0.06036
v 0.08348 0.03094 -0.05509
v 0.08106 0.03094 -0.05860
v 0.08551 0.03926 -0.05707
v 0.08545 0.03848 -0.05683
v 0.08480 0.03357 -0.05508
v 0.09608 0.03874 -0.04278
v 0.09378 0.03874 -0.04182
v 0.09375 0.03846 -0.04174
v 0.09279 0.03357 -0.04019
v 0.09449 0.03357 -0.04090
v 0.09508 0.03506 -0.04150
v 0.08757 0.03926 -0.05850
v 0.08731 0.03738 -0.05782
v 0.08632 0.03357 -0.05612
v 0.08957 0.04645 -0.05736
v 0.08867 0.04263 -0.05807
v 0.09728 0.04263 -0.04207
v 0.09147 0.03094 -0.04046
v 0.09311 0.03094 -0.03653
v 0.09440 0.03357 -0.03624
v 0.09550 0.03926 -0.03805
v 0.09540 0.03848 -0.03782
v 0.09782 0.03926 -0.03901
v 0.09742 0.03738 -0.03840
v 0.09610 0.03357 -0.03695
v 0.09880 0.04263 -0.03836
v 0.10043 0.03874 -0.02141
v 0.10287 0.03874 -0.02187
v 0.10297 0.03905 -0.02180
v 0.10390 0.04263 -0.02092
v 0.10038 0.03846 -0.02134
v 0.09912 0.03357 -0.02002
v 0.10093 0.03357 -0.02036
v 0.10163 0.03506 -0.02082
v 0.09867 0.03094 -0.01637
v 0.09789 0.03094 -0.02056
v 0.10133 0.03926 -0.01736
v 0.10118 0.03848 -0.01716
v 0.09987 0.03357 -0.01582
v 0.10380 0.03926 -0.01782
v 0.10328 0.03738 -0.01731
v 0.10168 0.03357 -0.01616
v 0.10462 0.04263 -0.01698
v 0.10269 0.03874 -0.00006
v 0.10517 0.03874 0.00000
v 0.10527 0.03909 0.00010
v 0.10598 0.04263 0.00114
v 0.10262 0.03846 0.00000
v 0.10112 0.03357 0.00103
v 0.10295 0.03357 0.00107
v 0.10374 0.03506 0.00077
v 0.09992 0.03094 0.00450
v 0.10002 0.03094 0.00024
v 0.10272 0.03926 0.00409
v 0.10254 0.03848 0.00425
v 0.10098 0.03357 0.00529
v 0.10523 0.03926 0.00415
v 0.10462 0.03738 0.00454
v 0.10282 0.03357 0.00533
v 0.10587 0.04263 0.00514
v 0.10045 0.03874 0.02129
v 0.10287 0.03874 0.02186
v 0.10294 0.03907 0.02198
v 0.10343 0.04263 0.02315
v 0.10038 0.03846 0.02133
v 0.09869 0.03357 0.02203
v 0.10048 0.03357 0.02245
v 0.10131 0.03506 0.02232
v 0.09680 0.03094 0.02518
v 0.09779 0.03094 0.02103
v 0.09963 0.03926 0.02536
v 0.09941 0.03848 0.02548
v 0.09768 0.03357 0.02617
v 0.10207 0.03926 0.02594
v 0.10139 0.03738 0.02620
v 0.09947 0.03357 0.02659
v 0.10248 0.04263 0.02704
v 0.09383 0.03874 0.04171
v 0.09608 0.03874 0.04277
v 0.09613 0.03908 0.04291
v 0.09636 0.04263 0.04415
v 0.09375 0.03846 0.04174
v 0.09196 0.03357 0.04207
v 0.09362 0.03357 0.04285
v 0.09446 0.03506 0.04289
v 0.08945 0.03094 0.04475
v 0.09128 0.03094 0.04090
v 0.09218 0.03926 0.04552
v 0.09194 0.03848 0.04559
v 0.09010 0.03357 0.04590
v 0.09445 0.03926 0.04659
v 0.09373 0.03738 0.04670
v 0.09177 0.03357 0.04669
v 0.09462 0.04263 0.04775
v 0.08311 0.03874 0.06031
v 0.08508 0.03874 0.06181
v 0.08510 0.03908 0.06195
v 0.08507 0.04263 0.06322
v 0.08302 0.03846 0.06032
v 0.08120 0.03357 0.06026
v 0.08266 0.03357 0.06138
v 0.08348 0.03506 0.06160
v 0.07819 0.03094 0.06237
v 0.08078 0.03094 0.05899
v 0.08070 0.03926 0.06369
v 0.08045 0.03848 0.06371
v 0.07859 0.03357 0.06363
v 0.08270 0.03926 0.06521
v 0.08197 0.03738 0.06517
v 0.08005 0.03357 0.06475
v 0.08263 0.04263 0.06638
v 0.06876 0.03874 0.07627
v 0.07037 0.03874 0.07815
v 0.07036 0.03913 0.07831
v 0.07007 0.04263 0.07952
v 0.06867 0.03846 0.07626
v 0.06690 0.03357 0.07583
v 0.06809 0.03357 0.07723
v 0.06885 0.03506 0.07760
v 0.06352 0.03094 0.07727
v 0.06675 0.03094 0.07449
v 0.06569 0.03926 0.07907
v 0.06545 0.03848 0.07905
v 0.06364 0.03357 0.07858
v 0.06733 0.03926 0.08098
v 0.06663 0.03738 0.08079
v 0.06484 0.03357 0.07998
v 0.06702 0.04263 0.08211
v 0.05140 0.03874 0.08890
v 0.05259 0.03874 0.09108
v 0.05256 0.03897 0.09117
v 0.05201 0.04263 0.09235
v 0.05131 0.03846 0.08887
v 0.04967 0.03357 0.08808
v 0.05055 0.03357 0.08970
v 0.05121 0.03506 0.09022
v 0.04606 0.03094 0.08878
v 0.04980 0.03094 0.08674
v 0.04782 0.03926 0.09100
v 0.04758 0.03848 0.09093
v 0.04591 0.03357 0.09010
v 0.04902 0.03926 0.09321
v 0.04848 0.04263 0.09425
v -0.06464 0.05081 0.08464
v -0.10562 0.05081 -0.01366
v -0.04089 0.04263 -0.09778
v -0.05191 0.04336 -0.09251
v -0.05212 0.05081 -0.09288
v -0.09421 0.04336 -0.04876
v -0.08933 0.04336 0.05720
v -0.06438 0.04336 0.08431
v -0.03167 0.04336 0.10124
v 0.00487 0.04336 0.10597
v 0.01714 0.04336 0.10469
v 0.01721 0.05081 0.10510
v 0.02929 0.05081 0.10239
v 0.00489 0.05081 0.10639
v -0.00749 0.05081 0.10624
v -0.00746 0.04336 0.10582
v -0.01970 0.04336 0.10423
v -0.03179 0.05081 0.10164
v -0.04338 0.05081 0.09727
v -0.04320 0.04336 0.09688
v -0.05416 0.04336 0.09121
v -0.05437 0.05081 0.09157
v -0.07403 0.05081 0.07656
v -0.08241 0.05081 0.06745
v -0.08209 0.04336 0.06719
v -0.08969 0.05081 0.05743
v -0.09575 0.05081 0.04663
v -0.09537 0.04336 0.04644
v -0.10012 0.04336 0.03506
v -0.10351 0.04336 0.02320
v -0.10392 0.05081 0.02329
v -0.10592 0.05081 0.01107
v -0.10550 0.04336 0.01102
v -0.10607 0.04336 -0.00130
v -0.10649 0.05081 -0.00130
v -0.10520 0.04336 -0.01360
v -0.10332 0.05081 -0.02583
v -0.09962 0.05081 -0.03765
v -0.09923 0.04336 -0.03750
v -0.08791 0.04336 -0.05937
v -0.08826 0.05081 -0.05961
v -0.09458 0.05081 -0.04896
v -0.08042 0.04336 -0.06918
v -0.07185 0.04336 -0.07804
v -0.07213 0.05081 -0.07835
v -0.06230 0.04336 -0.08586
v -0.06255 0.05081 -0.08620
v -0.04079 0.04263 -0.09783
v -0.04082 0.04336 -0.09791
v -0.04098 0.05060 -0.09830
v -0.04098 0.05081 -0.09830
v -0.08074 0.05081 -0.06945
v -0.10051 0.05081 0.03520
v -0.01978 0.05081 0.10465
v 0.04098 0.05081 0.09830
v 0.03167 0.04263 0.10115
v 0.04079 0.04263 0.09783
v 0.04082 0.04336 0.09791
v 0.03250 0.03874 0.10002
v 0.03244 0.03909 0.10015
v 0.03133 0.03506 0.09890
v 0.04837 0.03738 0.09288
v 0.04680 0.03357 0.09171
v 0.01513 0.03926 -0.10422
v 0.01546 0.03738 -0.10357
v 0.01605 0.03357 -0.10170
v 0.01617 0.04263 -0.10475
v 0.08934 0.04336 -0.05720
v -0.00487 0.04336 -0.10597
v -0.03293 0.04263 -0.10074
v 0.10562 0.05081 0.01366
v 0.06255 0.05081 0.08620
v 0.07213 0.05081 0.07835
v 0.08074 0.05081 0.06945
v 0.08826 0.05081 0.05961
v 0.09458 0.05081 0.04896
v 0.09962 0.05081 0.03765
v 0.10332 0.05081 0.02583
v 0.10649 0.05081 0.00130
v 0.10592 0.05081 -0.01107
v 0.10392 0.05081 -0.02329
v 0.10052 0.05081 -0.03520
v 0.09575 0.05081 -0.04663
v 0.08969 0.05081 -0.05743
v 0.08242 0.05081 -0.06745
v 0.07403 0.05081 -0.07656
v 0.05438 0.05081 -0.09157
v 0.06464 0.05081 -0.08464
v 0.04338 0.05081 -0.09727
v 0.03179 0.05081 -0.10164
v 0.01978 0.05081 -0.10465
v 0.00749 0.05081 -0.10624
v -0.01721 0.05081 -0.10510
v -0.00489 0.05081 -0.10639
v -0.02929 0.05081 -0.10239
v -0.01714 0.04336 -0.10468
v -0.01967 0.04263 -0.10415
v -0.01181 0.04263 -0.10533
v 0.00746 0.04336 -0.10582
v 0.00242 0.04263 -0.10596
v 0.01034 0.04263 -0.10548
v 0.03383 0.04263 -0.10044
v 0.03164 0.04263 -0.10116
v 0.03167 0.04336 -0.10124
v 0.02463 0.04263 -0.10309
v 0.01970 0.04336 -0.10423
v 0.01968 0.04263 -0.10415
v 0.03529 0.04745 -0.10040
v 0.03904 0.04745 -0.09900
v 0.03760 0.04263 -0.09910
v 0.04321 0.04336 -0.09688
v 0.04531 0.04263 -0.09582
v 0.05416 0.04336 -0.09121
v 0.05398 0.04263 -0.09121
v 0.05235 0.04263 -0.09216
v 0.06424 0.04263 -0.08430
v 0.06438 0.04336 -0.08431
v 0.07037 0.04263 -0.07926
v 0.08531 0.04263 -0.06290
v 0.08036 0.04263 -0.06910
v 0.08209 0.04336 -0.06719
v 0.09537 0.04336 -0.04644
v 0.09298 0.04263 -0.05089
v 0.09652 0.04263 -0.04378
v 0.10352 0.04263 -0.02276
v 0.10351 0.04336 -0.02320
v 0.10152 0.04263 -0.03044
v 0.10012 0.04336 -0.03506
v 0.10551 0.04336 -0.01102
v 0.10563 0.04263 -0.00867
v 0.10607 0.04336 0.00130
v 0.10599 0.04263 -0.00074
v 0.10513 0.04263 0.01348
v 0.10520 0.04336 0.01360
v 0.10383 0.04263 0.02131
v 0.09923 0.04336 0.03750
v 0.10003 0.04263 0.03505
v 0.09713 0.04263 0.04243
v 0.08791 0.04336 0.05937
v 0.09421 0.04336 0.04877
v 0.08618 0.04263 0.06170
v 0.09056 0.04263 0.05508
v 0.07147 0.04263 0.07827
v 0.07185 0.04336 0.07805
v 0.07713 0.04263 0.07270
v 0.08042 0.04336 0.06918
v 0.06230 0.04336 0.08586
v 0.06033 0.04263 0.08715
v 0.05212 0.05081 0.09288
v 0.05191 0.04336 0.09251
v 0.05364 0.04263 0.09142
v 0.04089 0.04263 0.09779
v 0.05258 0.03874 -0.09108
v 0.05272 0.03908 -0.09111
v 0.05240 0.03357 -0.08863
v 0.05253 0.03506 -0.08946
v -0.02630 0.02443 -0.08348
v -0.01583 0.02443 -0.08608
v -0.00511 0.02443 -0.08737
v 0.00569 0.02443 -0.08734
v 0.01640 0.02443 -0.08597
v 0.02685 0.02443 -0.08330
v 0.03691 0.02443 -0.07936
v 0.04639 0.02443 -0.07421
v 0.05518 0.02443 -0.06794
v 0.06312 0.02443 -0.06063
v 0.07011 0.02443 -0.05240
v 0.07602 0.02443 -0.04337
v 0.08078 0.02443 -0.03368
v 0.08431 0.02443 -0.02348
v 0.08656 0.02443 -0.01292
v 0.08750 0.02443 -0.00216
v 0.08710 0.02443 0.00862
v 0.08537 0.02443 0.01928
v 0.08235 0.02443 0.02964
v 0.07807 0.02443 0.03956
v 0.07261 0.02443 0.04887
v 0.06604 0.02443 0.05743
v 0.05847 0.02443 0.06513
v 0.05001 0.02443 0.07183
v 0.04079 0.02443 0.07744
v 0.04289 0.02626 0.08144
v 0.04452 0.02860 0.08453
v 0.05259 0.02626 0.07554
v 0.05459 0.02860 0.07841
v 0.06149 0.02626 0.06849
v 0.06383 0.02860 0.07109
v 0.06945 0.02626 0.06040
v 0.07210 0.02860 0.06270
v 0.07636 0.02626 0.05139
v 0.07926 0.02860 0.05334
v 0.08211 0.02626 0.04160
v 0.08523 0.02860 0.04318
v 0.08660 0.02626 0.03117
v 0.08990 0.02860 0.03236
v 0.08978 0.02626 0.02028
v 0.09320 0.02860 0.02105
v 0.09159 0.02626 0.00907
v 0.09508 0.02860 0.00941
v 0.09201 0.02626 -0.00228
v 0.09551 0.02860 -0.00236
v 0.09103 0.02626 -0.01359
v 0.09450 0.02860 -0.01410
v 0.09332 0.02860 -0.02050
v 0.08867 0.02626 -0.02469
v 0.09204 0.02860 -0.02563
v 0.09022 0.02860 -0.03145
v 0.08495 0.02626 -0.03542
v 0.08819 0.02860 -0.03676
v 0.07653 0.02860 -0.05720
v 0.08024 0.02860 -0.05186
v 0.07995 0.02626 -0.04561
v 0.08299 0.02860 -0.04734
v 0.08584 0.02860 -0.04195
v 0.07373 0.02626 -0.05510
v 0.06638 0.02626 -0.06376
v 0.06890 0.02860 -0.06618
v 0.05803 0.02626 -0.07145
v 0.06023 0.02860 -0.07416
v 0.04879 0.02626 -0.07805
v 0.05065 0.02860 -0.08101
v 0.03881 0.02626 -0.08346
v 0.04029 0.02860 -0.08663
v 0.02824 0.02626 -0.08760
v 0.02932 0.02860 -0.09093
v 0.01724 0.02626 -0.09041
v 0.01790 0.02860 -0.09385
v 0.00598 0.02626 -0.09185
v 0.00621 0.02860 -0.09534
v -0.00537 0.02626 -0.09188
v -0.00558 0.02860 -0.09538
v -0.01664 0.02626 -0.09052
v -0.01728 0.02860 -0.09397
v -0.02766 0.02626 -0.08779
v -0.02871 0.02860 -0.09113
v -0.09124 0.02926 -0.03639
v -0.08626 0.02926 -0.04698
v 0.03884 0.03097 0.09316
v 0.03952 0.03311 0.09478
v 0.03169 0.03311 0.09768
v -0.03952 0.03311 -0.09478
v -0.03884 0.03097 -0.09316
v -0.05509 0.02926 -0.08132
v -0.04503 0.02926 -0.08730
v -0.04627 0.03097 -0.08970
v -0.05661 0.03097 -0.08357
v -0.06437 0.02926 -0.07420
v -0.07273 0.02926 -0.06602
v -0.07474 0.03097 -0.06784
v -0.08864 0.03097 -0.04828
v -0.08227 0.03097 -0.05847
v -0.09375 0.03097 -0.03740
v -0.09725 0.02926 -0.01383
v -0.09492 0.02926 -0.02529
v -0.09753 0.03097 -0.02599
v -0.09993 0.03097 -0.01421
v -0.09820 0.02926 -0.00217
v -0.09777 0.02926 0.00952
v -0.10046 0.03097 0.00978
v -0.09531 0.03097 0.03322
v -0.09858 0.03097 0.02166
v -0.09275 0.02926 0.03233
v -0.08825 0.02926 0.04313
v -0.09068 0.03097 0.04432
v -0.07558 0.02926 0.06275
v -0.08250 0.02926 0.05332
v -0.08477 0.03097 0.05479
v -0.07766 0.03097 0.06448
v -0.06758 0.02926 0.07129
v -0.05863 0.02926 0.07882
v -0.06024 0.03097 0.08099
v -0.03942 0.03097 0.09292
v -0.05019 0.03097 0.08757
v -0.03836 0.02926 0.09043
v -0.02734 0.02926 0.09435
v -0.02809 0.03097 0.09695
v -0.00429 0.02926 0.09814
v -0.01593 0.02926 0.09693
v -0.01637 0.03097 0.09960
v -0.00441 0.03097 0.10084
v 0.00740 0.02926 0.09795
v 0.01899 0.02926 0.09638
v 0.01952 0.03097 0.09903
v 0.03115 0.03097 0.09601
v 0.03032 0.02926 0.09343
v 0.03076 0.03000 0.09479
v 0.03780 0.02926 0.09067
v -0.04884 0.02926 0.08523
v -0.09594 0.02926 0.02108
v -0.08007 0.02926 -0.05691
v -0.03780 0.02926 -0.09066
v -0.04023 0.03773 -0.09682
v -0.03940 0.03311 -0.09483
v -0.03085 0.03311 -0.09795
v -0.03087 0.03025 -0.09514
v -0.03094 0.03122 -0.09636
v -0.02679 0.03024 -0.09636
v -0.02684 0.03194 -0.09826
v -0.02676 0.03311 -0.09914
v -0.00981 0.03311 -0.10222
v -0.01883 0.03311 -0.10095
v -0.01922 0.03773 -0.10306
v -0.01041 0.03025 -0.09948
v -0.01023 0.03122 -0.10069
v -0.00617 0.03024 -0.09983
v -0.00583 0.03194 -0.10169
v -0.00556 0.03311 -0.10254
v 0.01166 0.03311 -0.10203
v 0.00258 0.03311 -0.10266
v 0.00263 0.03773 -0.10481
v 0.01050 0.03025 -0.09947
v 0.01093 0.03122 -0.10061
v 0.01472 0.03024 -0.09893
v 0.01544 0.03194 -0.10068
v 0.01588 0.03311 -0.10146
v 0.05215 0.03311 -0.08846
v 0.05005 0.03025 -0.08661
v 0.05091 0.03122 -0.08747
v 0.05369 0.03024 -0.08439
v 0.05506 0.03194 -0.08570
v 0.05578 0.03311 -0.08622
v 0.06940 0.03311 -0.07569
v 0.06242 0.03311 -0.08154
v 0.06373 0.03773 -0.08325
v 0.06696 0.03025 -0.07431
v 0.06798 0.03122 -0.07497
v 0.07006 0.03024 -0.07138
v 0.07167 0.03194 -0.07238
v 0.07248 0.03311 -0.07274
v 0.08362 0.03311 -0.05960
v 0.07801 0.03311 -0.06678
v 0.07965 0.03773 -0.06818
v 0.08095 0.03025 -0.05876
v 0.08208 0.03122 -0.05920
v 0.08337 0.03024 -0.05526
v 0.08516 0.03194 -0.05589
v 0.08602 0.03311 -0.05608
v 0.09208 0.03773 -0.05013
v 0.09019 0.03311 -0.04910
v 0.09419 0.03311 -0.04092
v 0.09140 0.03025 -0.04065
v 0.09260 0.03122 -0.04084
v 0.09304 0.03024 -0.03672
v 0.09492 0.03194 -0.03697
v 0.09581 0.03311 -0.03697
v 0.10064 0.03311 -0.02044
v 0.09843 0.03311 -0.02927
v 0.10049 0.03773 -0.02989
v 0.09785 0.03025 -0.02076
v 0.09907 0.03122 -0.02070
v 0.09864 0.03024 -0.01657
v 0.10053 0.03194 -0.01643
v 0.10140 0.03311 -0.01625
v 0.10269 0.03311 0.00093
v 0.10237 0.03311 -0.00817
v 0.10451 0.03773 -0.00834
v 0.10003 0.03025 0.00004
v 0.10120 0.03122 0.00035
v 0.09993 0.03024 0.00430
v 0.10175 0.03194 0.00483
v 0.10256 0.03311 0.00519
v 0.10025 0.03311 0.02226
v 0.10183 0.03311 0.01329
v 0.10396 0.03773 0.01357
v 0.09783 0.03025 0.02084
v 0.09892 0.03122 0.02139
v 0.09685 0.03024 0.02498
v 0.09852 0.03194 0.02588
v 0.09924 0.03311 0.02640
v 0.09343 0.03311 0.04262
v 0.09684 0.03311 0.03417
v 0.09887 0.03773 0.03489
v 0.09136 0.03025 0.04072
v 0.09231 0.03122 0.04149
v 0.08954 0.03024 0.04457
v 0.09098 0.03194 0.04580
v 0.09158 0.03311 0.04646
v 0.08253 0.03311 0.06111
v 0.08762 0.03311 0.05356
v 0.08945 0.03773 0.05468
v 0.08090 0.03025 0.05883
v 0.08167 0.03122 0.05977
v 0.07832 0.03024 0.06221
v 0.07947 0.03194 0.06371
v 0.07992 0.03311 0.06448
v 0.06802 0.03311 0.07694
v 0.07457 0.03311 0.07061
v 0.07613 0.03773 0.07208
v 0.06690 0.03025 0.07436
v 0.06746 0.03122 0.07544
v 0.06367 0.03024 0.07714
v 0.06449 0.03194 0.07885
v 0.06477 0.03311 0.07969
v 0.05054 0.03311 0.08940
v 0.05826 0.03311 0.08457
v 0.05948 0.03773 0.08634
v 0.04998 0.03025 0.08665
v 0.05030 0.03122 0.08782
v 0.04624 0.03024 0.08869
v 0.04669 0.03194 0.09053
v 0.04679 0.03311 0.09142
v 0.04023 0.03773 0.09682
v 0.03262 0.03311 -0.09737
v 0.02386 0.03311 -0.09988
v 0.03283 0.03357 -0.09758
v 0.02436 0.03773 -0.10197
v 0.03264 0.03720 -0.09943
v 0.03250 0.03874 -0.10002
v 0.03820 0.04745 -0.09660
v 0.03445 0.04745 -0.09800
v 0.03632 0.04133 -0.09659
v 0.03621 0.04098 -0.09657
v 0.03646 0.03926 -0.09880
v 0.03563 0.03926 -0.09643
v 0.03167 0.03874 -0.09768
v 0.03244 0.04098 -0.09790
v 0.03439 0.04723 -0.09801
v 0.04411 0.03311 -0.09274
v 0.04503 0.03773 -0.09468
v 0.03663 0.03311 -0.09594
v 0.03684 0.03357 -0.09614
v 0.03678 0.03548 -0.09722
v 0.09124 0.02926 0.03639
v 0.08626 0.02926 0.04698
v 0.05661 0.03097 0.08357
v 0.05509 0.02926 0.08132
v 0.06437 0.02926 0.07420
v 0.07273 0.02926 0.06602
v 0.07474 0.03097 0.06784
v 0.08864 0.03097 0.04828
v 0.08227 0.03097 0.05847
v 0.09375 0.03097 0.03740
v 0.09725 0.02926 0.01383
v 0.09492 0.02926 0.02529
v 0.09753 0.03097 0.02599
v 0.09993 0.03097 0.01421
v 0.09821 0.02926 0.00217
v 0.09777 0.02926 -0.00952
v 0.10046 0.03097 -0.00978
v 0.09531 0.03097 -0.03322
v 0.09858 0.03097 -0.02166
v 0.09275 0.02926 -0.03233
v 0.08825 0.02926 -0.04313
v 0.09069 0.03097 -0.04432
v 0.07558 0.02926 -0.06275
v 0.08250 0.02926 -0.05332
v 0.08477 0.03097 -0.05479
v 0.07766 0.03097 -0.06447
v 0.06758 0.02926 -0.07129
v 0.05863 0.02926 -0.07881
v 0.06024 0.03097 -0.08099
v 0.03561 0.03120 -0.09471
v 0.03942 0.03097 -0.09292
v 0.05019 0.03097 -0.08757
v 0.03203 0.03195 -0.09671
v 0.01637 0.03097 -0.09960
v 0.02809 0.03097 -0.09695
v 0.03095 0.03025 -0.09512
v 0.01593 0.02926 -0.09693
v 0.00430 0.02926 -0.09813
v 0.00441 0.03097 -0.10084
v -0.00740 0.02926 -0.09795
v -0.01899 0.02926 -0.09637
v -0.01952 0.03097 -0.09903
v -0.03115 0.03097 -0.09601
v -0.03032 0.02926 -0.09343
v -0.03076 0.03000 -0.09479
v 0.04884 0.02926 -0.08522
v 0.03836 0.02926 -0.09043
v 0.02734 0.02926 -0.09435
v 0.09594 0.02926 -0.02108
v 0.08007 0.02926 0.05691
v 0.04503 0.02926 0.08730
v 0.04627 0.03097 0.08970
v 0.03497 0.03024 -0.09371
v 0.03222 0.03357 -0.09585
v 0.03171 0.03846 -0.09760
v 0.03623 0.03357 -0.09441
v 0.03615 0.03450 -0.09480
v 0.03516 0.03094 -0.09364
v 0.03114 0.03094 -0.09505
f 1 2 3
f 3 2 4
f 3 4 5
f 5 4 6
f 5 6 7
f 7 6 8
f 7 8 9
f 9 8 10
f 9 10 11
f 11 10 12
f 11 12 13
f 13 12 14
f 13 14 15
f 15 14 16
f 15 16 17
f 17 16 18
f 17 18 19
f 19 18 20
f 19 20 21
f 21 20 22
f 21 22 23
f 23 22 24
f 23 24 1
f 1 24 2
f 19 25 17
f 17 25 26
f 17 26 15
f 15 26 27
f 15 27 13
f 13 27 28
f 13 28 11
f 11 28 29
f 11 29 9
f 9 29 30
f 9 30 7
f 30 31 7
f 7 31 32
f 7 32 5
f 5 32 33
f 5 33 3
f 3 33 34
f 3 34 1
f 1 34 35
f 1 35 23
f 23 35 36
f 23 36 21
f 21 36 37
f 21 37 19
f 19 37 38
f 19 38 25
f 39 40 29
f 41 35 42
f 42 35 34
f 33 43 34
f 34 43 44
f 34 44 42
f 45 46 32
f 32 46 47
f 32 47 33
f 33 47 48
f 33 48 43
f 31 49 32
f 32 49 50
f 50 51 32
f 32 51 52
f 32 52 45
f 53 54 30
f 30 54 55
f 30 55 31
f 31 55 56
f 31 56 49
f 29 40 30
f 30 40 57
f 30 57 53
f 28 58 29
f 29 58 59
f 29 59 39
f 27 60 28
f 28 60 61
f 28 61 58
f 62 63 26
f 26 63 64
f 26 64 27
f 27 64 65
f 27 65 60
f 66 67 38
f 38 67 25
f 67 68 25
f 25 68 69
f 25 69 26
f 26 69 70
f 26 70 62
f 71 72 37
f 37 72 73
f 37 73 38
f 38 73 74
f 38 74 66
f 71 37 75
f 75 37 36
f 75 36 76
f 41 77 35
f 35 77 78
f 35 78 36
f 36 78 79
f 36 79 76
f 74 73 80
f 81 82 83
f 83 82 84
f 83 84 85
f 86 87 88
f 87 89 88
f 88 89 90
f 88 90 81
f 81 90 91
f 81 91 82
f 92 93 94
f 95 96 97
f 96 98 97
f 97 98 99
f 97 99 100
f 100 101 97
f 97 101 102
f 97 102 88
f 88 102 103
f 88 103 86
f 104 105 106
f 106 105 107
f 106 107 92
f 92 107 108
f 92 108 93
f 104 106 109
f 109 106 110
f 109 110 111
f 111 110 112
f 111 112 113
f 85 114 83
f 83 114 115
f 83 115 116
f 115 117 116
f 116 117 118
f 116 118 119
f 119 120 116
f 116 120 121
f 116 121 122
f 123 124 125
f 125 124 126
f 126 127 125
f 125 127 128
f 125 128 112
f 112 128 129
f 112 129 113
f 130 131 132
f 130 132 133
f 134 135 136
f 136 135 137
f 136 137 138
f 131 139 132
f 132 139 140
f 132 140 141
f 142 143 144
f 142 144 145
f 144 146 145
f 145 146 147
f 145 147 148
f 148 149 145
f 145 149 150
f 145 150 136
f 136 150 151
f 136 151 134
f 143 142 152
f 152 142 153
f 152 153 154
f 155 156 157
f 155 157 158
f 159 160 161
f 161 162 159
f 159 162 163
f 159 163 164
f 164 165 159
f 159 165 166
f 159 166 153
f 153 166 167
f 153 167 154
f 168 169 170
f 170 169 171
f 170 171 157
f 157 171 172
f 157 172 158
f 140 173 141
f 141 173 174
f 141 174 175
f 175 174 176
f 175 176 170
f 170 176 177
f 170 177 168
f 40 39 178
f 178 39 59
f 178 59 58
f 61 60 179
f 179 60 65
f 56 55 180
f 181 50 180
f 180 50 49
f 180 49 56
f 55 54 180
f 180 54 53
f 180 53 178
f 178 53 57
f 178 57 40
f 47 46 182
f 47 182 48
f 46 45 182
f 182 45 52
f 182 52 181
f 181 52 51
f 181 51 50
f 75 76 183
f 75 183 71
f 80 73 183
f 183 73 72
f 183 72 71
f 79 78 184
f 184 78 77
f 184 77 41
f 41 42 184
f 184 42 44
f 184 44 182
f 182 44 43
f 182 43 48
f 65 64 179
f 179 64 63
f 179 63 185
f 185 63 62
f 185 62 70
f 70 69 185
f 185 69 68
f 185 68 186
f 186 68 67
f 186 67 80
f 80 67 66
f 80 66 74
f 156 160 157
f 157 160 159
f 157 159 187
f 187 159 188
f 76 79 183
f 183 79 184
f 183 184 189
f 189 184 190
f 189 190 132
f 132 190 136
f 132 136 133
f 133 136 138
f 94 95 92
f 92 95 97
f 92 97 191
f 191 97 192
f 191 192 179
f 179 192 178
f 179 178 61
f 61 178 58
f 193 194 125
f 125 194 116
f 125 116 123
f 123 116 122
f 195 196 197
f 198 199 200
f 200 199 201
f 202 203 204
f 204 203 205
f 204 205 206
f 207 208 209
f 209 208 210
f 209 210 200
f 200 210 211
f 200 211 198
f 207 209 212
f 212 209 213
f 212 213 214
f 214 213 215
f 214 215 216
f 217 218 219
f 219 220 217
f 217 220 221
f 217 221 222
f 223 224 225
f 225 224 226
f 226 227 225
f 225 227 228
f 225 228 215
f 215 228 229
f 215 229 216
f 230 231 232
f 232 231 233
f 233 234 232
f 232 234 235
f 232 235 217
f 217 235 236
f 217 236 218
f 237 238 239
f 237 239 240
f 206 241 204
f 204 241 242
f 204 242 239
f 239 242 243
f 239 243 240
f 238 244 239
f 239 244 245
f 239 245 230
f 230 245 246
f 230 246 231
f 247 248 249
f 247 249 250
f 197 196 249
f 249 196 251
f 249 251 250
f 252 253 254
f 254 253 255
f 254 255 256
f 257 258 259
f 259 258 260
f 259 260 261
f 261 260 262
f 261 262 197
f 197 262 263
f 197 263 195
f 264 265 266
f 266 265 267
f 266 267 268
f 269 270 271
f 271 270 272
f 272 273 271
f 271 273 274
f 271 274 259
f 259 274 275
f 259 275 257
f 276 277 278
f 279 280 278
f 278 280 281
f 278 281 276
f 277 282 278
f 278 282 283
f 278 283 266
f 266 283 284
f 266 284 264
f 285 286 287
f 285 287 288
f 256 289 254
f 254 289 290
f 254 290 287
f 287 290 291
f 287 291 288
f 286 292 287
f 287 292 293
f 287 293 279
f 279 293 294
f 279 294 280
f 295 296 297
f 297 296 298
f 297 298 299
f 299 298 300
f 301 302 303
f 301 303 304
f 305 306 307
f 307 308 305
f 305 308 309
f 305 309 310
f 310 311 305
f 305 311 312
f 305 312 297
f 297 312 313
f 297 313 295
f 314 315 316
f 316 315 317
f 316 317 303
f 303 317 318
f 303 318 304
f 319 320 321
f 321 320 322
f 321 322 316
f 316 322 323
f 316 323 314
f 324 325 326
f 327 328 329
f 326 330 324
f 324 330 331
f 324 331 332
f 328 333 329
f 329 333 334
f 329 334 319
f 319 334 335
f 319 335 320
f 336 337 338
f 300 339 299
f 299 339 340
f 299 340 338
f 338 340 341
f 338 341 336
f 337 342 338
f 338 342 343
f 338 343 324
f 324 343 344
f 324 344 325
f 302 306 303
f 303 306 305
f 303 305 193
f 193 305 194
f 248 252 249
f 249 252 254
f 249 254 345
f 345 254 346
f 345 346 329
f 329 346 324
f 329 324 327
f 327 324 332
f 201 202 200
f 200 202 204
f 200 204 347
f 347 204 348
f 347 348 271
f 271 348 266
f 271 266 269
f 269 266 268
f 187 188 225
f 225 188 217
f 225 217 223
f 223 217 222
f 349 187 350
f 350 187 225
f 350 225 351
f 351 225 215
f 351 215 352
f 352 215 213
f 352 213 353
f 353 213 209
f 353 209 354
f 354 209 200
f 354 200 355
f 355 200 347
f 355 347 356
f 356 347 271
f 356 271 357
f 357 271 259
f 357 259 358
f 358 259 261
f 358 261 359
f 359 261 197
f 359 197 360
f 360 197 249
f 360 249 361
f 361 249 345
f 361 345 362
f 362 345 329
f 362 329 363
f 363 329 319
f 363 319 364
f 364 319 321
f 364 321 365
f 365 321 316
f 365 316 366
f 366 316 303
f 366 303 367
f 367 303 193
f 367 193 368
f 368 193 125
f 368 125 369
f 369 125 112
f 369 112 370
f 370 112 110
f 370 110 371
f 371 110 106
f 371 106 372
f 372 106 92
f 372 92 373
f 373 92 191
f 373 191 374
f 374 191 179
f 374 179 375
f 375 179 185
f 375 185 376
f 376 185 186
f 376 186 377
f 377 186 80
f 377 80 378
f 378 80 183
f 378 183 379
f 379 183 189
f 379 189 380
f 380 189 132
f 380 132 381
f 381 132 141
f 381 141 382
f 382 141 175
f 382 175 383
f 383 175 170
f 383 170 384
f 384 170 157
f 384 157 349
f 349 157 187
f 349 385 384
f 384 385 386
f 384 386 383
f 383 386 387
f 383 387 382
f 382 387 388
f 382 388 381
f 381 388 389
f 381 389 380
f 380 389 390
f 380 390 379
f 379 390 391
f 379 391 378
f 378 391 392
f 378 392 377
f 377 392 393
f 377 393 376
f 376 393 394
f 376 394 375
f 375 394 395
f 375 395 374
f 374 395 396
f 374 396 373
f 373 396 397
f 373 397 372
f 372 397 398
f 372 398 371
f 371 398 399
f 371 399 370
f 370 399 400
f 370 400 369
f 369 400 401
f 369 401 368
f 368 401 402
f 368 402 367
f 367 402 403
f 367 403 366
f 366 403 404
f 366 404 365
f 365 404 405
f 365 405 364
f 364 405 406
f 364 406 363
f 363 406 407
f 363 407 362
f 362 407 408
f 362 408 361
f 361 408 409
f 361 409 360
f 360 409 410
f 360 410 359
f 359 410 411
f 359 411 358
f 358 411 412
f 358 412 357
f 357 412 413
f 357 413 356
f 356 413 414
f 356 414 355
f 355 414 415
f 355 415 354
f 354 415 416
f 354 416 353
f 353 416 417
f 353 417 352
f 352 417 418
f 352 418 351
f 351 418 419
f 351 419 350
f 350 419 420
f 350 420 349
f 349 420 385
f 421 422 423
f 420 419 424
f 425 426 427
f 428 429 430
f 431 432 433
f 433 432 434
f 434 432 423
f 434 423 435
f 435 436 437
f 437 436 438
f 437 438 439
f 440 441 442
f 441 440 443
f 443 440 444
f 443 444 445
f 445 444 446
f 445 446 447
f 447 446 448
f 447 448 449
f 450 451 452
f 452 451 453
f 2 24 427
f 18 454 20
f 20 454 427
f 20 427 22
f 22 427 24
f 18 16 454
f 454 16 455
f 454 455 456
f 456 455 457
f 456 457 451
f 451 457 458
f 451 458 453
f 16 14 455
f 455 14 12
f 455 12 459
f 459 12 10
f 459 10 460
f 460 10 8
f 460 8 461
f 461 8 6
f 461 6 4
f 462 463 464
f 426 465 427
f 427 465 461
f 427 461 2
f 2 461 4
f 465 466 461
f 461 466 467
f 461 467 463
f 463 467 468
f 463 468 464
f 462 469 470
f 470 469 471
f 429 428 472
f 472 428 471
f 472 471 473
f 473 471 469
f 473 469 474
f 474 469 475
f 474 475 476
f 477 478 479
f 479 478 480
f 479 480 429
f 429 480 481
f 429 481 430
f 464 482 462
f 462 482 483
f 462 483 469
f 469 483 484
f 469 484 475
f 484 485 475
f 475 485 486
f 475 486 487
f 488 489 490
f 490 489 491
f 492 493 494
f 494 493 495
f 496 497 448
f 448 497 498
f 448 498 449
f 449 498 499
f 449 499 500
f 500 499 501
f 500 501 502
f 502 501 503
f 502 503 492
f 492 503 504
f 492 504 493
f 505 506 494
f 507 508 509
f 506 510 494
f 494 510 511
f 494 511 492
f 492 511 512
f 492 512 513
f 452 502 450
f 450 502 492
f 450 492 514
f 514 492 513
f 514 515 450
f 450 515 516
f 450 516 451
f 451 516 517
f 451 517 456
f 518 519 520
f 520 519 521
f 520 521 522
f 522 521 523
f 524 525 438
f 438 525 526
f 438 526 439
f 439 526 527
f 439 527 528
f 528 527 529
f 528 529 442
f 518 530 519
f 519 530 531
f 519 531 532
f 532 531 533
f 534 479 535
f 535 479 429
f 535 429 536
f 536 429 472
f 476 475 537
f 537 475 538
f 537 538 539
f 534 540 479
f 479 540 541
f 479 541 538
f 538 541 542
f 538 542 539
f 406 405 490
f 490 405 404
f 494 403 402
f 495 488 494
f 494 488 490
f 494 490 403
f 403 490 404
f 411 410 519
f 519 410 409
f 519 409 408
f 411 519 412
f 412 519 532
f 412 532 413
f 419 418 423
f 423 418 417
f 417 416 423
f 423 416 415
f 423 415 532
f 532 415 414
f 532 414 413
f 420 424 385
f 487 392 475
f 475 392 391
f 475 391 390
f 390 389 475
f 475 389 388
f 475 388 538
f 538 388 387
f 538 387 386
f 397 396 543
f 396 395 543
f 543 395 394
f 543 394 487
f 487 394 393
f 487 393 392
f 402 401 494
f 494 401 507
f 494 507 505
f 505 507 509
f 401 400 507
f 507 400 399
f 507 399 543
f 543 399 398
f 543 398 397
f 529 523 442
f 442 523 521
f 442 521 440
f 440 521 519
f 440 519 444
f 444 519 408
f 444 408 407
f 435 423 436
f 436 423 422
f 436 422 544
f 545 546 532
f 544 547 436
f 436 547 548
f 436 548 438
f 438 548 549
f 438 549 550
f 533 524 532
f 532 524 438
f 532 438 545
f 545 438 550
f 546 551 532
f 532 551 552
f 532 552 423
f 423 552 553
f 423 553 421
f 444 554 555
f 556 557 490
f 556 490 558
f 407 406 444
f 444 406 490
f 444 490 554
f 554 490 557
f 559 446 560
f 560 446 444
f 560 444 561
f 561 444 555
f 491 496 490
f 490 496 448
f 490 448 558
f 558 448 562
f 559 563 446
f 446 563 564
f 446 564 448
f 448 564 565
f 448 565 562
f 423 566 567
f 419 423 424
f 424 423 567
f 424 567 568
f 431 569 432
f 432 569 570
f 432 570 571
f 571 572 432
f 432 572 573
f 432 573 423
f 423 573 574
f 423 574 566
f 568 575 424
f 424 575 576
f 424 576 431
f 431 576 577
f 431 577 569
f 433 477 431
f 431 477 479
f 431 479 424
f 424 479 538
f 424 538 385
f 385 538 386
f 486 425 487
f 487 425 427
f 487 427 543
f 543 427 454
f 543 454 507
f 507 454 456
f 507 456 508
f 508 456 517
f 500 578 579
f 500 579 449
f 449 579 580
f 449 580 447
f 447 580 581
f 447 581 445
f 445 581 582
f 445 582 443
f 443 582 583
f 443 583 441
f 441 583 584
f 441 584 442
f 442 584 585
f 442 585 528
f 528 585 586
f 528 586 439
f 439 586 587
f 439 587 437
f 437 587 588
f 437 588 435
f 435 588 589
f 435 589 434
f 434 589 590
f 434 590 433
f 433 590 591
f 433 591 477
f 477 591 592
f 477 592 478
f 593 480 594
f 594 480 478
f 594 478 592
f 428 430 593
f 593 430 481
f 593 481 480
f 428 593 471
f 471 593 595
f 471 595 470
f 470 595 596
f 470 596 462
f 462 596 597
f 462 597 463
f 463 597 598
f 463 598 461
f 461 598 599
f 461 599 460
f 460 599 600
f 460 600 459
f 459 600 601
f 459 601 455
f 455 601 602
f 455 602 457
f 457 602 603
f 457 603 458
f 458 603 453
f 453 603 604
f 453 604 452
f 452 604 605
f 452 605 502
f 502 605 578
f 502 578 500
f 606 578 605
f 606 605 607
f 607 605 604
f 607 604 608
f 608 604 603
f 608 603 609
f 609 603 602
f 609 602 610
f 610 602 601
f 610 601 611
f 611 601 600
f 611 600 612
f 612 600 599
f 612 599 613
f 613 599 598
f 613 598 614
f 614 598 597
f 614 597 615
f 615 597 596
f 615 596 616
f 616 596 595
f 616 595 617
f 617 595 593
f 617 593 618
f 618 593 594
f 618 594 619
f 619 594 592
f 619 592 620
f 613 621 612
f 612 621 622
f 612 622 611
f 611 622 623
f 611 623 610
f 610 623 624
f 610 624 609
f 609 624 625
f 609 625 608
f 608 625 626
f 608 626 607
f 607 626 627
f 607 627 606
f 606 627 628
f 606 628 629
f 629 628 630
f 629 630 631
f 631 630 632
f 631 632 633
f 633 632 634
f 633 634 635
f 635 634 636
f 635 636 637
f 637 636 638
f 637 638 639
f 639 638 640
f 639 640 641
f 640 642 641
f 641 642 643
f 641 643 644
f 644 643 645
f 644 645 646
f 646 645 647
f 646 647 648
f 648 647 649
f 648 649 650
f 650 649 651
f 650 651 652
f 652 651 653
f 652 653 654
f 654 653 655
f 654 655 620
f 620 655 656
f 620 656 619
f 619 656 657
f 619 657 618
f 618 657 658
f 618 658 617
f 617 658 659
f 617 659 616
f 616 659 660
f 616 660 615
f 615 660 661
f 615 661 614
f 614 661 662
f 614 662 613
f 613 662 663
f 613 663 621
f 628 664 665
f 628 665 630
f 630 665 666
f 630 666 632
f 632 666 667
f 632 667 634
f 634 667 668
f 634 668 636
f 636 668 669
f 636 669 638
f 638 669 670
f 638 670 640
f 640 670 671
f 640 671 642
f 642 671 672
f 642 672 643
f 643 672 673
f 643 673 645
f 645 673 674
f 645 674 647
f 647 674 675
f 647 675 649
f 649 675 676
f 649 676 651
f 651 676 677
f 651 677 653
f 653 677 678
f 653 678 655
f 655 678 679
f 655 679 656
f 656 679 680
f 656 680 657
f 657 680 681
f 657 681 658
f 658 681 682
f 658 682 659
f 659 682 683
f 659 683 660
f 660 683 684
f 660 684 661
f 661 684 685
f 661 685 662
f 662 685 686
f 662 686 663
f 663 686 687
f 663 687 621
f 621 687 688
f 621 688 622
f 622 688 689
f 622 689 623
f 623 689 690
f 623 690 624
f 624 690 691
f 624 691 625
f 625 691 692
f 625 692 626
f 626 692 693
f 626 693 627
f 627 693 664
f 627 664 628
f 679 694 695
f 679 695 680
f 680 695 696
f 680 696 681
f 681 696 697
f 681 697 682
f 682 697 698
f 682 698 683
f 683 698 699
f 683 699 684
f 684 699 700
f 684 700 685
f 685 700 701
f 685 701 686
f 686 701 702
f 686 702 687
f 687 702 703
f 687 703 688
f 688 703 704
f 688 704 689
f 689 704 705
f 689 705 690
f 690 705 706
f 690 706 691
f 691 706 707
f 691 707 692
f 692 707 708
f 692 708 693
f 693 708 709
f 693 709 664
f 664 709 710
f 664 710 665
f 665 710 711
f 665 711 666
f 666 711 712
f 666 712 667
f 667 712 713
f 667 713 668
f 668 713 714
f 668 714 669
f 669 714 715
f 669 715 670
f 670 715 716
f 670 716 671
f 671 716 717
f 671 717 672
f 672 717 718
f 672 718 673
f 673 718 719
f 673 719 674
f 674 719 720
f 674 720 675
f 675 720 721
f 675 721 676
f 676 721 722
f 676 722 677
f 677 722 723
f 677 723 678
f 678 723 694
f 678 694 679
f 724 725 726
f 727 728 729
f 729 728 730
f 729 730 731
f 732 733 734
f 734 733 735
f 736 737 731
f 738 739 740
f 740 739 741
f 742 743 744
f 744 743 745
f 741 746 740
f 740 746 747
f 740 747 736
f 736 747 748
f 748 749 736
f 736 749 750
f 736 750 737
f 737 750 742
f 737 742 751
f 751 742 744
f 743 752 745
f 745 752 753
f 745 753 754
f 754 753 738
f 754 738 755
f 755 738 740
f 755 740 756
f 756 740 757
f 757 758 759
f 759 758 760
f 759 760 761
f 761 760 762
f 762 760 763
f 762 763 764
f 765 766 767
f 767 766 768
f 765 767 769
f 769 767 770
f 769 770 763
f 763 770 771
f 763 771 764
f 772 773 774
f 774 773 775
f 774 775 776
f 777 778 779
f 780 781 782
f 782 781 783
f 783 781 784
f 783 784 785
f 779 786 777
f 777 786 787
f 777 787 788
f 788 787 789
f 788 789 790
f 790 789 785
f 790 785 791
f 791 785 784
f 782 772 780
f 780 772 774
f 780 774 792
f 792 774 793
f 792 793 794
f 794 793 795
f 794 795 796
f 797 798 799
f 735 800 734
f 734 800 801
f 734 801 802
f 797 799 803
f 803 799 804
f 803 804 805
f 806 807 760
f 807 808 760
f 760 808 809
f 760 809 763
f 763 809 810
f 763 810 811
f 812 714 813
f 813 714 713
f 813 713 814
f 814 713 712
f 814 712 815
f 815 712 711
f 815 711 816
f 811 817 763
f 763 817 709
f 763 709 708
f 816 711 817
f 817 711 710
f 817 710 709
f 757 740 758
f 758 740 714
f 758 714 760
f 760 714 812
f 760 812 806
f 731 730 736
f 736 730 719
f 736 719 718
f 718 717 736
f 736 717 716
f 736 716 740
f 740 716 715
f 740 715 714
f 721 720 818
f 818 720 719
f 818 719 819
f 818 820 721
f 721 820 821
f 721 821 722
f 722 821 822
f 722 822 723
f 723 822 823
f 723 823 694
f 695 694 824
f 825 826 696
f 696 826 697
f 704 703 777
f 777 703 702
f 776 778 774
f 774 778 777
f 774 777 701
f 701 777 702
f 725 827 726
f 726 827 768
f 726 768 828
f 828 768 766
f 828 766 829
f 829 830 828
f 828 830 704
f 828 704 726
f 726 704 777
f 726 777 724
f 724 777 788
f 830 831 704
f 704 831 832
f 704 832 705
f 705 832 706
f 832 833 706
f 706 833 834
f 706 834 707
f 707 834 835
f 707 835 708
f 708 835 836
f 708 836 763
f 763 836 837
f 763 837 769
f 826 838 697
f 697 838 839
f 697 839 698
f 698 839 840
f 698 840 699
f 699 840 841
f 699 841 842
f 842 841 843
f 842 843 798
f 798 843 844
f 798 844 799
f 696 695 825
f 825 695 824
f 825 824 845
f 845 824 734
f 845 734 805
f 805 734 802
f 805 802 803
f 694 823 824
f 824 823 846
f 824 846 734
f 846 847 734
f 734 847 848
f 734 848 732
f 732 848 849
f 732 849 850
f 850 849 851
f 850 851 852
f 727 733 728
f 728 733 732
f 728 732 730
f 730 732 850
f 730 850 719
f 719 850 852
f 719 852 819
f 797 796 798
f 798 796 795
f 798 795 842
f 842 795 793
f 842 793 699
f 699 793 774
f 699 774 700
f 700 774 701
f 771 853 854
f 771 854 764
f 764 854 855
f 764 855 762
f 762 855 856
f 762 856 761
f 761 856 857
f 761 857 759
f 759 857 858
f 759 858 757
f 757 858 859
f 757 859 756
f 756 859 860
f 756 860 755
f 755 860 861
f 755 861 754
f 754 861 862
f 754 862 745
f 745 862 863
f 745 863 744
f 744 863 864
f 744 864 751
f 751 864 865
f 751 865 737
f 737 865 866
f 737 866 731
f 731 866 867
f 731 867 729
f 729 867 868
f 729 868 727
f 727 868 869
f 727 869 733
f 733 869 870
f 733 870 735
f 735 870 871
f 735 871 800
f 800 871 872
f 800 872 801
f 801 872 873
f 801 873 802
f 802 873 874
f 802 874 803
f 803 874 875
f 803 875 797
f 797 875 876
f 797 876 796
f 796 876 877
f 796 877 794
f 794 877 878
f 794 878 792
f 792 878 879
f 792 879 780
f 780 879 880
f 780 880 781
f 781 880 881
f 781 881 784
f 784 881 882
f 784 882 791
f 791 882 883
f 791 883 790
f 790 883 884
f 790 884 788
f 788 884 885
f 788 885 724
f 724 885 886
f 724 886 725
f 725 886 887
f 725 887 827
f 827 887 888
f 827 888 768
f 768 888 889
f 768 889 767
f 767 889 890
f 767 890 770
f 770 890 853
f 770 853 771
f 872 891 892
f 872 892 873
f 873 892 893
f 873 893 874
f 874 893 894
f 874 894 875
f 875 894 895
f 875 895 876
f 876 895 896
f 876 896 877
f 877 896 897
f 877 897 878
f 878 897 898
f 878 898 879
f 879 898 899
f 879 899 880
f 880 899 900
f 880 900 881
f 881 900 901
f 881 901 882
f 882 901 902
f 882 902 883
f 883 902 903
f 883 903 884
f 884 903 904
f 884 904 885
f 885 904 905
f 885 905 886
f 886 905 906
f 886 906 887
f 887 906 907
f 887 907 888
f 888 907 908
f 888 908 889
f 889 908 909
f 889 909 890
f 890 909 910
f 890 910 853
f 853 910 911
f 853 911 854
f 854 911 912
f 854 912 855
f 855 912 913
f 855 913 856
f 856 913 914
f 856 914 857
f 857 914 915
f 857 915 858
f 858 915 916
f 858 916 859
f 859 916 917
f 859 917 860
f 860 917 918
f 860 918 861
f 861 918 919
f 861 919 862
f 862 919 920
f 862 920 863
f 863 920 921
f 863 921 864
f 864 921 922
f 864 922 865
f 865 922 923
f 865 923 866
f 866 923 924
f 866 924 867
f 867 924 925
f 867 925 868
f 868 925 926
f 868 926 869
f 869 926 927
f 869 927 870
f 870 927 928
f 870 928 871
f 871 928 891
f 871 891 872
f 929 891 928
f 929 928 930
f 930 928 927
f 930 927 931
f 931 927 926
f 931 926 932
f 932 926 925
f 932 925 933
f 933 925 924
f 933 924 934
f 934 924 923
f 934 923 935
f 935 923 922
f 935 922 936
f 936 922 921
f 936 921 937
f 937 921 920
f 937 920 938
f 938 920 919
f 938 919 939
f 939 919 918
f 939 918 940
f 940 918 917
f 940 917 941
f 941 917 916
f 941 916 942
f 942 916 915
f 942 915 943
f 943 915 914
f 943 914 944
f 944 914 913
f 944 913 945
f 945 913 912
f 945 912 946
f 946 912 911
f 946 911 947
f 947 911 910
f 947 910 948
f 907 949 908
f 908 949 950
f 908 950 909
f 909 950 948
f 909 948 910
f 951 952 907
f 907 952 953
f 907 953 949
f 907 906 951
f 951 906 905
f 951 905 954
f 954 905 904
f 954 904 955
f 955 904 903
f 955 903 956
f 956 903 902
f 956 902 957
f 957 902 901
f 957 901 958
f 958 901 900
f 958 900 959
f 959 900 899
f 959 899 960
f 960 899 898
f 960 898 961
f 961 898 897
f 961 897 962
f 962 897 896
f 962 896 963
f 963 896 895
f 963 895 964
f 964 895 894
f 964 894 965
f 965 894 893
f 965 893 966
f 966 893 892
f 966 892 967
f 967 892 891
f 967 891 929
f 968 969 970
f 971 972 973
f 973 972 974
f 973 974 948
f 948 974 975
f 948 975 947
f 947 975 976
f 947 976 946
f 946 976 977
f 946 977 945
f 945 977 978
f 979 980 981
f 942 943 982
f 982 943 944
f 982 944 945
f 941 983 984
f 982 985 942
f 942 985 986
f 942 986 941
f 941 986 987
f 941 987 983
f 938 939 988
f 989 990 991
f 991 990 992
f 991 992 986
f 986 992 993
f 986 993 987
f 988 939 984
f 984 939 940
f 984 940 941
f 988 994 938
f 938 994 995
f 938 995 937
f 937 995 996
f 937 996 936
f 936 996 997
f 933 934 998
f 998 934 935
f 998 935 999
f 999 935 936
f 999 936 991
f 991 936 997
f 991 997 989
f 931 932 1000
f 1000 932 933
f 970 929 930
f 929 970 967
f 967 970 969
f 967 969 966
f 1001 964 965
f 964 1001 963
f 963 1001 1002
f 963 1002 962
f 962 1002 1003
f 962 1003 961
f 1004 1005 1006
f 1007 1003 1008
f 1008 1003 1004
f 1008 1004 1009
f 1009 1004 1006
f 1010 960 1011
f 1011 960 961
f 1011 961 1012
f 1012 961 1003
f 1012 1003 1013
f 1013 1003 1007
f 1005 1004 1014
f 1014 1004 956
f 1014 956 1015
f 1015 956 957
f 1015 957 1016
f 1016 957 958
f 1016 958 1010
f 1010 958 959
f 1010 959 960
f 954 1017 951
f 951 1017 1018
f 951 1018 952
f 952 1019 953
f 953 1019 1020
f 953 1020 949
f 1021 1022 973
f 973 1022 1023
f 973 1023 1018
f 1018 1023 1024
f 949 1020 950
f 950 1020 1025
f 950 1025 948
f 948 1025 1026
f 948 1026 973
f 973 1026 1027
f 973 1027 1021
f 1024 1028 1018
f 1018 1028 1029
f 1018 1029 952
f 952 1029 1030
f 952 1030 1019
f 980 1031 981
f 981 1031 1032
f 981 1032 1033
f 1034 1035 1036
f 1036 1035 1037
f 1036 1037 1038
f 1038 1037 1039
f 1034 1040 1035
f 1035 1040 1041
f 1035 1041 1042
f 1041 1043 1042
f 1042 1043 1044
f 1042 1044 970
f 970 1044 1045
f 970 1045 968
f 1046 348 1047
f 1047 348 204
f 204 239 1047
f 1047 239 230
f 1047 230 232
f 986 287 279
f 986 279 991
f 991 279 278
f 991 278 266
f 297 299 1033
f 297 1033 305
f 299 338 1033
f 1033 338 324
f 1033 324 1048
f 1048 324 346
f 1048 346 254
f 1032 1049 1033
f 1033 1049 1050
f 1033 1050 305
f 192 97 1051
f 1051 97 88
f 1051 88 81
f 81 83 1051
f 1051 83 116
f 1051 116 1050
f 1050 116 194
f 1050 194 305
f 1052 1004 178
f 178 1004 180
f 180 1004 181
f 181 1004 1003
f 181 1003 182
f 142 145 1035
f 1035 145 136
f 1035 136 1053
f 1053 136 190
f 1053 190 184
f 217 188 1042
f 1042 188 159
f 1042 159 1035
f 1035 159 153
f 1035 153 142
f 955 956 1054
f 1054 956 1004
f 1054 1004 1051
f 1051 1004 1052
f 1051 1052 192
f 192 1052 178
f 969 1055 966
f 966 1055 1039
f 966 1039 965
f 965 1039 1037
f 965 1037 1001
f 1001 1037 1035
f 1001 1035 1002
f 1002 1035 1053
f 1002 1053 1003
f 1003 1053 184
f 1003 184 182
f 954 955 1017
f 1017 955 1054
f 1017 1054 1018
f 1018 1054 1051
f 1018 1051 973
f 973 1051 1050
f 973 1050 971
f 971 1050 1049
f 1042 1056 1057
f 1047 1058 1059
f 232 217 1047
f 1047 217 1042
f 1047 1042 1058
f 1058 1042 1057
f 1059 1060 1047
f 1047 1060 1061
f 1047 1061 1000
f 1000 1061 1062
f 1000 1062 1063
f 1063 1064 1000
f 1000 1064 970
f 1000 970 931
f 931 970 930
f 1064 1065 970
f 970 1065 1066
f 970 1066 1042
f 1042 1066 1067
f 1042 1067 1056
f 978 979 945
f 945 979 981
f 945 981 982
f 982 981 1033
f 982 1033 985
f 985 1033 1048
f 985 1048 986
f 986 1048 254
f 986 254 287
f 933 998 1000
f 1000 998 999
f 1000 999 1047
f 1047 999 991
f 1047 991 1046
f 1046 991 266
f 1046 266 348
f 765 1020 766
f 766 1020 1019
f 766 1019 829
f 829 1019 1030
f 829 1030 830
f 830 1030 1029
f 830 1029 831
f 831 1029 1028
f 831 1028 832
f 832 1028 1024
f 832 1024 833
f 833 1024 1023
f 833 1023 834
f 834 1023 1022
f 834 1022 835
f 835 1022 1021
f 835 1021 836
f 836 1021 1027
f 836 1027 837
f 837 1027 1026
f 837 1026 769
f 769 1026 1025
f 769 1025 765
f 765 1025 1020
f 820 1058 821
f 821 1058 1057
f 821 1057 822
f 822 1057 1056
f 822 1056 823
f 823 1056 1067
f 823 1067 846
f 846 1067 1066
f 846 1066 847
f 847 1066 1065
f 847 1065 848
f 848 1065 1064
f 848 1064 849
f 849 1064 1063
f 849 1063 851
f 851 1063 1062
f 851 1062 852
f 852 1062 1061
f 852 1061 819
f 819 1061 1060
f 819 1060 818
f 818 1060 1059
f 818 1059 820
f 820 1059 1058
f 839 1041 840
f 840 1041 1040
f 840 1040 841
f 841 1040 1034
f 841 1034 843
f 843 1034 1036
f 843 1036 844
f 844 1036 1038
f 844 1038 799
f 799 1038 1039
f 799 1039 804
f 804 1039 1055
f 804 1055 805
f 805 1055 969
f 805 969 845
f 845 969 968
f 845 968 825
f 825 968 1045
f 825 1045 826
f 826 1045 1044
f 826 1044 838
f 838 1044 1043
f 838 1043 839
f 839 1043 1041
f 809 977 810
f 810 977 976
f 810 976 811
f 811 976 975
f 811 975 817
f 817 975 974
f 817 974 816
f 816 974 972
f 816 972 815
f 815 972 971
f 815 971 814
f 814 971 1049
f 814 1049 813
f 813 1049 1032
f 813 1032 812
f 812 1032 1031
f 812 1031 806
f 806 1031 980
f 806 980 807
f 807 980 979
f 807 979 808
f 808 979 978
f 808 978 809
f 809 978 977
f 787 1005 789
f 789 1005 1014
f 789 1014 785
f 785 1014 1015
f 785 1015 783
f 783 1015 1016
f 783 1016 782
f 782 1016 1010
f 782 1010 772
f 772 1010 1011
f 772 1011 773
f 773 1011 1012
f 773 1012 775
f 775 1012 1013
f 775 1013 776
f 776 1013 1007
f 776 1007 778
f 778 1007 1008
f 778 1008 779
f 779 1008 1009
f 779 1009 786
f 786 1009 1006
f 786 1006 787
f 787 1006 1005
f 739 983 741
f 741 983 987
f 741 987 746
f 746 987 993
f 746 993 747
f 747 993 992
f 747 992 748
f 748 992 990
f 748 990 749
f 749 990 989
f 749 989 750
f 750 989 997
f 750 997 742
f 742 997 996
f 742 996 743
f 743 996 995
f 743 995 752
f 752 995 994
f 752 994 753
f 753 994 988
f 753 988 738
f 738 988 984
f 738 984 739
f 739 984 983
f 620 592 591
f 620 591 654
f 654 591 590
f 654 590 652
f 652 590 589
f 652 589 650
f 650 589 588
f 650 588 648
f 648 588 587
f 648 587 646
f 646 587 586
f 646 586 644
f 644 586 585
f 644 585 641
f 641 585 584
f 641 584 639
f 639 584 583
f 639 583 637
f 637 583 582
f 637 582 635
f 635 582 581
f 635 581 633
f 633 581 580
f 633 580 631
f 631 580 579
f 631 579 629
f 629 579 578
f 629 578 606
f 1068 537 1069
f 1069 537 539
f 1069 539 1070
f 1070 539 542
f 1070 542 1071
f 1071 542 541
f 1071 541 1072
f 1072 541 540
f 1072 540 1073
f 1073 540 534
f 1073 534 1074
f 1074 534 535
f 1071 1075 1070
f 1070 1075 1076
f 1070 1076 1069
f 1069 1076 1077
f 1069 1077 1068
f 1068 1077 1078
f 1068 1078 1079
f 1079 1078 1080
f 1079 1080 1081
f 1081 1080 1082
f 1081 1082 1083
f 1082 1084 1083
f 1083 1084 1085
f 1083 1085 1086
f 1086 1085 1087
f 1086 1087 1088
f 1088 1087 1089
f 1088 1089 1074
f 1074 1089 1090
f 1074 1090 1073
f 1073 1090 1091
f 1073 1091 1072
f 1072 1091 1092
f 1072 1092 1071
f 1071 1092 1093
f 1071 1093 1075
f 133 138 1082
f 135 134 1084
f 150 149 1085
f 154 1090 152
f 152 1090 1089
f 147 146 1087
f 1087 146 144
f 1087 144 1089
f 1089 144 143
f 1089 143 152
f 1085 149 1087
f 1087 149 148
f 1087 148 147
f 1084 134 1085
f 1085 134 151
f 1085 151 150
f 1082 138 1084
f 1084 138 137
f 1084 137 135
f 1080 1078 140
f 140 139 1080
f 1080 139 131
f 1080 131 1082
f 1082 131 130
f 1082 130 133
f 173 140 1078
f 169 168 1076
f 1076 168 177
f 1076 177 1077
f 1077 177 176
f 1077 176 1078
f 1078 176 174
f 1078 174 173
f 169 1076 171
f 171 1076 1075
f 171 1075 172
f 160 156 1093
f 1093 156 155
f 1093 155 1075
f 1075 155 158
f 1075 158 172
f 164 163 1092
f 1092 163 162
f 1092 162 1093
f 1093 162 161
f 1093 161 160
f 164 1092 165
f 165 1092 1091
f 165 1091 166
f 166 1091 167
f 167 1091 1090
f 167 1090 154
f 1074 535 1088
f 1088 535 536
f 1088 536 1086
f 1086 536 472
f 1086 472 1083
f 1083 472 473
f 1083 473 1081
f 1081 473 474
f 1081 474 1079
f 1079 474 476
f 1079 476 1068
f 1068 476 537
f 1094 567 1095
f 1095 567 566
f 1095 566 1096
f 1096 566 574
f 1096 574 1097
f 1097 574 573
f 1097 573 1098
f 1098 573 572
f 1098 572 1099
f 1099 572 571
f 1099 571 1100
f 1100 571 570
f 1101 1102 1103
f 1103 1102 1104
f 1103 1104 1105
f 1105 1104 1106
f 1105 1106 1100
f 1100 1106 1107
f 1100 1107 1099
f 1099 1107 1108
f 1099 1108 1098
f 1098 1108 1109
f 1098 1109 1097
f 1109 1110 1097
f 1097 1110 1111
f 1097 1111 1096
f 1096 1111 1112
f 1096 1112 1095
f 1095 1112 1113
f 1095 1113 1094
f 1094 1113 1114
f 1094 1114 1115
f 1115 1114 1116
f 1115 1116 1117
f 1117 1116 1118
f 1117 1118 1101
f 1101 1118 1119
f 1101 1119 1102
f 220 219 1104
f 1104 219 1106
f 219 218 1106
f 1106 218 236
f 1106 236 1107
f 1107 236 235
f 1107 235 234
f 224 223 1102
f 1102 223 222
f 1102 222 1104
f 1104 222 221
f 1104 221 220
f 229 1119 216
f 216 1119 1118
f 216 1118 214
f 229 228 1119
f 1119 228 227
f 1119 227 1102
f 1102 227 226
f 1102 226 224
f 211 210 1114
f 1114 210 208
f 1114 208 1116
f 1116 208 207
f 1116 207 1118
f 1118 207 212
f 1118 212 214
f 211 1114 198
f 198 1114 1113
f 203 202 1112
f 1112 202 201
f 1112 201 1113
f 1113 201 199
f 1113 199 198
f 203 1112 205
f 205 1112 1111
f 205 1111 206
f 240 243 1110
f 1110 243 242
f 1110 242 1111
f 1111 242 241
f 1111 241 206
f 240 1110 237
f 237 1110 1109
f 237 1109 238
f 231 246 1108
f 1108 246 245
f 1108 245 1109
f 1109 245 244
f 1109 244 238
f 231 1108 233
f 233 1108 1107
f 233 1107 234
f 1100 570 1105
f 1105 570 569
f 1105 569 1103
f 1103 569 577
f 1103 577 1101
f 1101 577 576
f 1101 576 1117
f 1117 576 575
f 1117 575 1115
f 1115 575 568
f 1115 568 1094
f 1094 568 567
f 1120 520 1121
f 1121 520 522
f 1121 522 1122
f 1122 522 523
f 1122 523 1123
f 1123 523 529
f 1123 529 1124
f 1124 529 527
f 1124 527 1125
f 1125 527 526
f 1125 526 1126
f 1126 526 525
f 1123 1127 1122
f 1122 1127 1128
f 1122 1128 1121
f 1121 1128 1129
f 1121 1129 1120
f 1120 1129 1130
f 1120 1130 1131
f 1131 1130 1132
f 1131 1132 1133
f 1133 1132 1134
f 1133 1134 1135
f 1134 1136 1135
f 1135 1136 1137
f 1135 1137 1138
f 1138 1137 1139
f 1138 1139 1140
f 1140 1139 1141
f 1140 1141 1126
f 1126 1141 1142
f 1126 1142 1125
f 1125 1142 1143
f 1125 1143 1124
f 1124 1143 1144
f 1124 1144 1123
f 1123 1144 1145
f 1123 1145 1127
f 1141 270 1142
f 1142 270 269
f 1142 269 268
f 275 274 1139
f 1139 274 273
f 1139 273 1141
f 1141 273 272
f 1141 272 270
f 263 262 1136
f 1136 262 1137
f 262 260 1137
f 1137 260 258
f 1137 258 1139
f 1139 258 257
f 1139 257 275
f 250 251 1134
f 1134 251 196
f 1134 196 1136
f 1136 196 195
f 1136 195 263
f 250 1134 247
f 247 1134 1132
f 247 1132 248
f 256 255 1130
f 1130 255 253
f 1130 253 1132
f 1132 253 252
f 1132 252 248
f 265 264 1143
f 256 1130 289
f 289 1130 1129
f 1128 291 1129
f 1129 291 290
f 1129 290 289
f 292 286 1127
f 1127 286 285
f 1127 285 1128
f 1128 285 288
f 1128 288 291
f 1145 281 1127
f 1127 281 280
f 280 294 1127
f 1127 294 293
f 1127 293 292
f 283 282 1144
f 1144 282 277
f 1144 277 1145
f 1145 277 276
f 1145 276 281
f 1143 264 1144
f 1144 264 284
f 1144 284 283
f 1142 268 1143
f 1143 268 267
f 1143 267 265
f 1126 525 1140
f 1140 525 524
f 1140 524 1138
f 1138 524 533
f 1138 533 1135
f 1135 533 531
f 1135 531 1133
f 1133 531 530
f 1133 530 1131
f 1131 530 518
f 1131 518 1120
f 1120 518 520
f 1146 564 1147
f 1147 564 563
f 1147 563 1148
f 1148 563 559
f 1148 559 1149
f 1149 559 560
f 1149 560 1150
f 1150 560 561
f 1150 561 1151
f 1151 561 555
f 1151 555 1152
f 1152 555 554
f 1149 1153 1148
f 1148 1153 1154
f 1148 1154 1147
f 1147 1154 1155
f 1147 1155 1146
f 1146 1155 1156
f 1146 1156 1157
f 1157 1156 1158
f 1157 1158 1159
f 1159 1158 1160
f 1159 1160 1161
f 1160 1162 1161
f 1161 1162 1163
f 1161 1163 1164
f 1164 1163 1165
f 1164 1165 1166
f 1166 1165 1167
f 1166 1167 1152
f 1152 1167 1168
f 1152 1168 1151
f 1151 1168 1169
f 1151 1169 1150
f 1150 1169 1170
f 1150 1170 1149
f 1149 1170 1171
f 1149 1171 1153
f 335 334 1168
f 315 314 1165
f 1165 314 323
f 1165 323 1167
f 1167 323 322
f 1167 322 1168
f 1168 322 320
f 1168 320 335
f 315 1165 317
f 317 1165 1163
f 317 1163 318
f 306 302 1162
f 1162 302 301
f 1162 301 1163
f 1163 301 304
f 1163 304 318
f 310 309 1160
f 1160 309 308
f 1160 308 1162
f 1162 308 307
f 1162 307 306
f 310 1160 311
f 311 1160 1158
f 311 1158 312
f 312 1158 313
f 313 1158 1156
f 313 1156 295
f 295 1156 296
f 296 1156 1155
f 296 1155 298
f 1154 341 1155
f 1155 341 340
f 340 339 1155
f 1155 339 300
f 1155 300 298
f 1153 337 1154
f 1154 337 336
f 1154 336 341
f 344 343 1153
f 1153 343 342
f 1153 342 337
f 1170 332 1171
f 1171 332 331
f 331 330 1171
f 1171 330 326
f 1171 326 1153
f 1153 326 325
f 1153 325 344
f 1169 1168 334
f 334 333 1169
f 1169 333 328
f 1169 328 1170
f 1170 328 327
f 1170 327 332
f 1152 554 1166
f 1166 554 557
f 1166 557 1164
f 1164 557 556
f 1164 556 1161
f 1161 556 558
f 1161 558 1159
f 1159 558 562
f 1159 562 1157
f 1157 562 565
f 1157 565 1146
f 1146 565 564
f 1172 514 1173
f 1173 514 513
f 1173 513 1174
f 1174 513 512
f 1174 512 1175
f 1175 512 511
f 1175 511 1176
f 1176 511 510
f 1176 510 1177
f 1177 510 506
f 1177 506 1178
f 1178 506 505
f 1175 1179 1174
f 1174 1179 1180
f 1174 1180 1173
f 1173 1180 1181
f 1173 1181 1172
f 1172 1181 1182
f 1172 1182 1183
f 1183 1182 1184
f 1183 1184 1185
f 1185 1184 1186
f 1185 1186 1187
f 1186 1188 1187
f 1187 1188 1189
f 1187 1189 1190
f 1190 1189 1191
f 1190 1191 1192
f 1192 1191 1193
f 1192 1193 1178
f 1178 1193 1194
f 1178 1194 1177
f 1177 1194 1195
f 1177 1195 1176
f 1176 1195 1196
f 1176 1196 1175
f 1175 1196 1197
f 1175 1197 1179
f 108 1194 93
f 93 1194 1193
f 93 1193 94
f 94 1193 95
f 95 1193 1191
f 95 1191 96
f 96 1191 98
f 98 1191 1189
f 98 1189 99
f 1188 86 103
f 103 102 1188
f 1188 102 101
f 1188 101 1189
f 1189 101 100
f 1189 100 99
f 86 1188 87
f 87 1188 1186
f 87 1186 89
f 1184 91 1186
f 1186 91 90
f 1186 90 89
f 1182 114 1184
f 1184 114 85
f 85 84 1184
f 1184 84 82
f 1184 82 91
f 120 119 1180
f 1180 119 1181
f 119 118 1181
f 1181 118 117
f 1181 117 1182
f 1182 117 115
f 1182 115 114
f 124 123 1179
f 1179 123 122
f 1179 122 1180
f 1180 122 121
f 1180 121 120
f 129 1197 113
f 113 1197 1196
f 113 1196 111
f 129 128 1197
f 1197 128 127
f 1197 127 1179
f 1179 127 126
f 1179 126 124
f 108 107 1194
f 1194 107 105
f 1194 105 1195
f 1195 105 104
f 1195 104 1196
f 1196 104 109
f 1196 109 111
f 1178 505 1192
f 1192 505 509
f 1192 509 1190
f 1190 509 508
f 1190 508 1187
f 1187 508 517
f 1187 517 1185
f 1185 517 516
f 1185 516 1183
f 1183 516 515
f 1183 515 1172
f 1172 515 514
f 1198 489 1199
f 1199 489 488
f 1199 488 1200
f 1200 488 495
f 1200 495 1201
f 1201 495 493
f 1201 493 1202
f 1202 493 504
f 1202 504 1203
f 1203 504 503
f 1203 503 1204
f 1204 503 501
f 1204 501 1205
f 1205 501 499
f 1205 499 1206
f 1206 499 498
f 1206 498 1207
f 1207 498 497
f 1207 497 1208
f 1208 497 496
f 1208 496 1209
f 1209 496 491
f 1209 491 1198
f 1198 491 489
f 1203 1204 1202
f 1202 1204 1205
f 1208 1209 1207
f 1207 1209 1205
f 1207 1205 1206
f 1201 1202 1200
f 1200 1202 1205
f 1200 1205 1199
f 1199 1205 1209
f 1199 1209 1198
f 1210 422 1211
f 1211 422 421
f 1211 421 1212
f 1212 421 553
f 1212 553 1213
f 1213 553 552
f 1213 552 1214
f 1214 552 551
f 1214 551 1215
f 1215 551 546
f 1215 546 1216
f 1216 546 545
f 1216 545 1217
f 1217 545 550
f 1217 550 1218
f 1218 550 549
f 1218 549 1219
f 1219 549 548
f 1219 548 1220
f 1220 548 547
f 1220 547 1221
f 1221 547 544
f 1221 544 1210
f 1210 544 422
f 1214 1215 1216
f 1220 1221 1210
f 1212 1213 1214
f 1219 1220 1218
f 1218 1220 1210
f 1218 1210 1217
f 1217 1210 1216
f 1216 1210 1214
f 1214 1210 1211
f 1214 1211 1212
f 1222 483 1223
f 1223 483 482
f 1223 482 1224
f 1224 482 464
f 1224 464 1225
f 1225 464 468
f 1225 468 1226
f 1226 468 467
f 1226 467 1227
f 1227 467 466
f 1227 466 1228
f 1228 466 465
f 1228 465 1229
f 1229 465 426
f 1229 426 1230
f 1230 426 425
f 1230 425 1231
f 1231 425 486
f 1231 486 1232
f 1232 486 485
f 1232 485 1233
f 1233 485 484
f 1233 484 1222
f 1222 484 483
f 1226 1227 1228
f 1232 1233 1222
f 1224 1225 1226
f 1231 1232 1230
f 1230 1232 1222
f 1230 1222 1229
f 1229 1222 1228
f 1228 1222 1226
f 1226 1222 1223
f 1226 1223 1224
f 1234 1235 1236
f 1234 1236 1237
f 1237 1236 1238
f 1237 1238 1239
f 1239 1238 1240
f 1239 1240 1241
f 1241 1240 1242
f 1241 1242 1243
f 1243 1242 1244
f 1243 1244 1245
f 1245 1244 1246
f 1245 1246 1247
f 1247 1246 1248
f 1247 1248 1249
f 1249 1248 1250
f 1249 1250 1251
f 1251 1250 1252
f 1251 1252 1253
f 1253 1252 1254
f 1253 1254 1255
f 1255 1254 1256
f 1255 1256 1257
f 1257 1256 1258
f 1257 1258 1259
f 1259 1258 1260
f 1259 1260 1261
f 1261 1260 1262
f 1261 1262 1263
f 1263 1262 1264
f 1263 1264 1265
f 1265 1264 1266
f 1265 1266 1267
f 1267 1266 1268
f 1267 1268 1269
f 1269 1268 1270
f 1269 1270 1271
f 1271 1270 1272
f 1271 1272 1273
f 1273 1272 1274
f 1273 1274 1275
f 1275 1274 1276
f 1275 1276 1277
f 1277 1276 1235
f 1277 1235 1234
f 1278 1257 1259
f 1278 1259 1279
f 1279 1259 1261
f 1279 1261 1280
f 1280 1261 1263
f 1280 1263 1281
f 1281 1263 1265
f 1281 1265 1282
f 1282 1265 1267
f 1282 1267 1283
f 1283 1267 1269
f 1283 1269 1284
f 1284 1269 1271
f 1284 1271 1285
f 1285 1271 1273
f 1285 1273 1286
f 1286 1273 1275
f 1286 1275 1287
f 1287 1275 1277
f 1287 1277 1288
f 1288 1277 1234
f 1288 1234 1289
f 1290 1291 1281
f 1291 1292 1281
f 1281 1292 1293
f 1281 1293 1294
f 1295 1278 1279
f 1290 1281 1296
f 1296 1281 1282
f 1296 1282 1283
f 1294 1297 1281
f 1281 1297 1295
f 1281 1295 1280
f 1280 1295 1279
f 1283 1284 1296
f 1296 1284 1285
f 1296 1285 1286
f 1286 1287 1296
f 1296 1287 1288
f 1296 1288 1298
f 1298 1288 1289
f 1298 1289 1299
f 1289 1234 1237
f 1289 1237 1299
f 1299 1237 1239
f 1299 1239 1298
f 1298 1239 1241
f 1298 1241 1296
f 1296 1241 1243
f 1296 1243 1290
f 1290 1243 1245
f 1290 1245 1291
f 1291 1245 1247
f 1291 1247 1292
f 1292 1247 1249
f 1292 1249 1293
f 1293 1249 1251
f 1293 1251 1294
f 1294 1251 1253
f 1294 1253 1297
f 1297 1253 1255
f 1297 1255 1295
f 1295 1255 1257
f 1295 1257 1278
f 1300 1301 1302
f 1272 1270 1303
f 1252 1250 1304
f 1305 1306 1307
f 1308 1309 1310
f 1311 1312 1313
f 1314 1315 1316
f 1317 1318 1319
f 1319 1318 1320
f 1319 1320 1321
f 1320 1314 1321
f 1321 1314 1316
f 1321 1316 1322
f 1322 1316 1323
f 1324 1325 1326
f 1326 1325 1327
f 1326 1327 1323
f 1323 1327 1328
f 1323 1328 1322
f 1329 1330 1331
f 1332 1333 1334
f 1334 1333 1335
f 1334 1335 1336
f 1336 1335 1337
f 1338 1339 1335
f 1335 1339 1340
f 1335 1340 1337
f 1341 1342 1343
f 1343 1342 1344
f 1343 1344 1345
f 1345 1344 1346
f 1346 1344 1347
f 1346 1347 1348
f 1348 1347 1349
f 1348 1349 1350
f 1310 1309 1351
f 1351 1309 1352
f 1351 1352 1353
f 1353 1352 1354
f 1354 1352 1355
f 1354 1355 1356
f 1356 1357 1354
f 1354 1357 1358
f 1354 1358 1359
f 1359 1358 1360
f 1359 1360 1361
f 1361 1360 1362
f 1363 1364 1365
f 1365 1364 1366
f 1365 1366 1367
f 1368 1369 1306
f 1306 1369 1370
f 1306 1370 1365
f 1370 1371 1365
f 1365 1371 1372
f 1365 1372 1373
f 1373 1374 1365
f 1365 1374 1361
f 1365 1361 1363
f 1363 1361 1362
f 1375 1376 1305
f 1305 1376 1377
f 1305 1377 1306
f 1306 1377 1378
f 1306 1378 1368
f 1374 1379 1361
f 1361 1379 1380
f 1361 1380 1381
f 1381 1380 1382
f 1381 1382 1383
f 1383 1382 1375
f 1383 1375 1384
f 1384 1375 1305
f 1385 1386 1307
f 1307 1386 1387
f 1307 1387 1305
f 1388 1389 1390
f 1390 1389 1391
f 1390 1391 1392
f 1392 1393 1317
f 1317 1393 1394
f 1317 1394 1318
f 1395 1236 1396
f 1396 1236 1235
f 1302 1242 1338
f 1338 1242 1240
f 1338 1240 1395
f 1395 1240 1238
f 1395 1238 1236
f 1250 1248 1304
f 1304 1248 1246
f 1304 1246 1302
f 1302 1246 1244
f 1302 1244 1242
f 1397 1398 1256
f 1399 1262 1400
f 1400 1262 1260
f 1400 1260 1398
f 1398 1260 1258
f 1398 1258 1256
f 1270 1268 1303
f 1303 1268 1266
f 1303 1266 1399
f 1399 1266 1264
f 1399 1264 1262
f 1235 1276 1396
f 1396 1276 1274
f 1396 1274 1401
f 1402 1403 1393
f 1393 1403 1404
f 1393 1404 1398
f 1398 1404 1405
f 1405 1406 1398
f 1398 1406 1407
f 1398 1407 1400
f 1400 1407 1408
f 1400 1408 1409
f 1392 1391 1393
f 1393 1391 1410
f 1393 1410 1402
f 1411 1412 1307
f 1307 1412 1389
f 1307 1389 1385
f 1385 1389 1388
f 1412 1413 1389
f 1389 1413 1414
f 1389 1414 1391
f 1391 1414 1415
f 1391 1415 1410
f 1331 1416 1329
f 1329 1416 1417
f 1329 1417 1418
f 1418 1417 1419
f 1418 1419 1332
f 1332 1419 1420
f 1332 1420 1333
f 1333 1420 1421
f 1333 1421 1422
f 1422 1423 1302
f 1423 1424 1302
f 1302 1424 1425
f 1302 1425 1304
f 1304 1425 1426
f 1426 1427 1304
f 1304 1427 1428
f 1304 1428 1330
f 1330 1428 1429
f 1330 1429 1331
f 1430 1431 1396
f 1432 1433 1347
f 1347 1433 1434
f 1347 1434 1349
f 1349 1434 1435
f 1401 1436 1396
f 1396 1436 1437
f 1396 1437 1430
f 1435 1438 1349
f 1349 1438 1309
f 1349 1309 1350
f 1350 1309 1308
f 1352 1439 1401
f 1401 1439 1440
f 1401 1440 1436
f 1438 1441 1309
f 1309 1441 1442
f 1309 1442 1352
f 1352 1442 1443
f 1352 1443 1439
f 1367 1444 1303
f 1303 1444 1401
f 1303 1401 1272
f 1272 1401 1274
f 1444 1445 1401
f 1401 1445 1446
f 1401 1446 1352
f 1352 1446 1447
f 1352 1447 1355
f 1315 1448 1316
f 1316 1448 1449
f 1316 1449 1397
f 1397 1449 1450
f 1450 1451 1397
f 1397 1451 1452
f 1397 1452 1398
f 1398 1452 1453
f 1453 1454 1398
f 1398 1454 1455
f 1398 1455 1393
f 1393 1455 1456
f 1393 1456 1394
f 1367 1303 1365
f 1365 1303 1399
f 1365 1399 1306
f 1306 1399 1400
f 1306 1400 1307
f 1307 1400 1409
f 1307 1409 1411
f 1457 1458 1459
f 1460 1461 1323
f 1462 1463 1316
f 1316 1463 1464
f 1316 1464 1323
f 1323 1464 1465
f 1323 1465 1460
f 1466 1397 1467
f 1467 1397 1459
f 1467 1459 1468
f 1468 1459 1458
f 1466 1469 1397
f 1397 1469 1470
f 1397 1470 1316
f 1316 1470 1471
f 1316 1471 1462
f 1472 1473 1342
f 1474 1475 1338
f 1395 1476 1477
f 1395 1477 1338
f 1338 1477 1478
f 1338 1478 1474
f 1341 1339 1342
f 1342 1339 1338
f 1342 1338 1472
f 1472 1338 1475
f 1473 1479 1342
f 1342 1479 1480
f 1342 1480 1344
f 1344 1480 1481
f 1344 1481 1482
f 1483 1484 1395
f 1395 1484 1485
f 1395 1485 1476
f 1482 1483 1344
f 1344 1483 1395
f 1344 1395 1347
f 1347 1395 1396
f 1347 1396 1432
f 1432 1396 1431
f 1461 1457 1323
f 1323 1457 1459
f 1323 1459 1326
f 1326 1459 1313
f 1326 1313 1324
f 1324 1313 1312
f 1256 1254 1397
f 1397 1254 1252
f 1397 1252 1459
f 1459 1252 1304
f 1459 1304 1313
f 1313 1304 1330
f 1313 1330 1311
f 1311 1330 1329
f 1422 1302 1333
f 1333 1302 1301
f 1333 1301 1486
f 1487 1488 1338
f 1338 1488 1489
f 1338 1489 1302
f 1302 1489 1490
f 1302 1490 1300
f 1486 1491 1333
f 1333 1491 1492
f 1333 1492 1335
f 1335 1492 1493
f 1335 1493 1494
f 1494 1495 1335
f 1335 1495 1496
f 1335 1496 1338
f 1338 1496 1497
f 1338 1497 1487
f 1346 1498 1499
f 1346 1499 1345
f 1345 1499 1500
f 1345 1500 1343
f 1343 1500 1501
f 1343 1501 1341
f 1341 1501 1502
f 1341 1502 1339
f 1339 1502 1503
f 1339 1503 1340
f 1340 1503 1504
f 1340 1504 1337
f 1337 1504 1505
f 1337 1505 1336
f 1336 1505 1506
f 1336 1506 1334
f 1334 1506 1507
f 1334 1507 1332
f 1332 1507 1508
f 1332 1508 1418
f 1418 1508 1509
f 1418 1509 1329
f 1329 1509 1510
f 1329 1510 1311
f 1311 1510 1511
f 1311 1511 1312
f 1312 1511 1512
f 1312 1512 1324
f 1324 1512 1513
f 1324 1513 1325
f 1325 1513 1514
f 1325 1514 1327
f 1327 1514 1515
f 1327 1515 1328
f 1328 1515 1516
f 1328 1516 1322
f 1322 1516 1517
f 1322 1517 1321
f 1321 1517 1518
f 1321 1518 1319
f 1519 1383 1520
f 1520 1383 1384
f 1520 1384 1521
f 1521 1384 1305
f 1521 1305 1522
f 1522 1305 1387
f 1522 1387 1523
f 1523 1387 1386
f 1523 1386 1524
f 1524 1386 1385
f 1524 1385 1525
f 1525 1385 1388
f 1525 1388 1526
f 1526 1388 1390
f 1526 1390 1527
f 1527 1390 1392
f 1527 1392 1528
f 1528 1392 1317
f 1528 1317 1529
f 1529 1317 1319
f 1529 1319 1518
f 1359 1361 1519
f 1519 1361 1381
f 1519 1381 1383
f 1519 1530 1359
f 1359 1530 1531
f 1359 1531 1354
f 1354 1531 1532
f 1354 1532 1353
f 1353 1532 1533
f 1353 1533 1351
f 1351 1533 1534
f 1351 1534 1310
f 1310 1534 1535
f 1310 1535 1308
f 1308 1535 1536
f 1308 1536 1350
f 1350 1536 1537
f 1350 1537 1348
f 1348 1537 1498
f 1348 1498 1346
f 1518 1538 1539
f 1518 1539 1529
f 1529 1539 1540
f 1529 1540 1528
f 1528 1540 1541
f 1528 1541 1527
f 1527 1541 1542
f 1527 1542 1526
f 1526 1542 1543
f 1526 1543 1525
f 1525 1543 1544
f 1525 1544 1524
f 1524 1544 1545
f 1524 1545 1523
f 1523 1545 1546
f 1523 1546 1522
f 1522 1546 1547
f 1522 1547 1521
f 1521 1547 1548
f 1521 1548 1520
f 1520 1548 1549
f 1520 1549 1519
f 1519 1549 1550
f 1519 1550 1530
f 1530 1550 1551
f 1530 1551 1531
f 1531 1551 1552
f 1531 1552 1532
f 1532 1552 1553
f 1532 1553 1533
f 1533 1553 1554
f 1533 1554 1534
f 1534 1554 1555
f 1534 1555 1535
f 1535 1555 1556
f 1535 1556 1536
f 1536 1556 1557
f 1536 1557 1537
f 1537 1557 1558
f 1537 1558 1498
f 1498 1558 1559
f 1498 1559 1499
f 1499 1559 1560
f 1499 1560 1500
f 1500 1560 1561
f 1500 1561 1501
f 1501 1561 1562
f 1501 1562 1502
f 1502 1562 1563
f 1502 1563 1503
f 1503 1563 1564
f 1503 1564 1504
f 1504 1564 1565
f 1504 1565 1505
f 1505 1565 1566
f 1505 1566 1506
f 1506 1566 1567
f 1506 1567 1507
f 1507 1567 1568
f 1507 1568 1508
f 1508 1568 1569
f 1508 1569 1509
f 1509 1569 1570
f 1509 1570 1510
f 1510 1570 1571
f 1510 1571 1511
f 1511 1571 1572
f 1511 1572 1512
f 1512 1572 1573
f 1512 1573 1513
f 1513 1573 1574
f 1513 1574 1514
f 1514 1574 1575
f 1514 1575 1515
f 1515 1575 1576
f 1515 1576 1516
f 1516 1576 1577
f 1516 1577 1517
f 1517 1577 1538
f 1517 1538 1518
f 1578 1538 1577
f 1578 1577 1579
f 1579 1577 1576
f 1579 1576 1580
f 1580 1576 1575
f 1580 1575 1581
f 1581 1575 1574
f 1581 1574 1582
f 1582 1574 1573
f 1582 1573 1583
f 1583 1573 1572
f 1583 1572 1584
f 1584 1572 1571
f 1584 1571 1585
f 1585 1571 1570
f 1585 1570 1586
f 1586 1570 1569
f 1586 1569 1587
f 1587 1569 1568
f 1587 1568 1588
f 1588 1568 1567
f 1588 1567 1589
f 1589 1567 1566
f 1589 1566 1590
f 1590 1566 1565
f 1590 1565 1591
f 1591 1565 1564
f 1591 1564 1592
f 1592 1564 1563
f 1592 1563 1593
f 1593 1563 1562
f 1593 1562 1594
f 1594 1562 1561
f 1594 1561 1595
f 1595 1561 1560
f 1595 1560 1596
f 1596 1560 1559
f 1596 1559 1597
f 1597 1559 1558
f 1597 1558 1598
f 1598 1558 1557
f 1598 1557 1599
f 1599 1557 1556
f 1599 1556 1600
f 1600 1556 1555
f 1600 1555 1601
f 1601 1555 1554
f 1601 1554 1602
f 1602 1554 1553
f 1602 1553 1603
f 1603 1553 1552
f 1603 1552 1604
f 1604 1552 1551
f 1604 1551 1605
f 1605 1551 1550
f 1605 1550 1606
f 1606 1550 1607
f 1607 1550 1549
f 1607 1549 1608
f 1608 1549 1548
f 1608 1548 1609
f 1609 1548 1547
f 1609 1547 1610
f 1610 1547 1546
f 1610 1546 1611
f 1611 1546 1545
f 1611 1545 1612
f 1612 1545 1544
f 1612 1544 1613
f 1613 1544 1543
f 1613 1543 1614
f 1614 1543 1542
f 1614 1542 1615
f 1615 1542 1541
f 1615 1541 1616
f 1616 1541 1540
f 1616 1540 1617
f 1617 1540 1539
f 1617 1539 1618
f 1618 1539 1538
f 1618 1538 1578
f 1619 1620 1621
f 1584 1622 1583
f 1592 1593 1623
f 1597 1598 1624
f 1596 1625 1626
f 1623 1593 1627
f 1627 1593 1594
f 1627 1594 1626
f 1626 1594 1595
f 1626 1595 1596
f 1628 1589 1629
f 1629 1589 1590
f 1629 1590 1623
f 1623 1590 1591
f 1623 1591 1592
f 1628 1630 1589
f 1589 1630 1631
f 1589 1631 1588
f 1588 1631 1632
f 1588 1632 1587
f 1587 1632 1633
f 1587 1633 1634
f 1584 1585 1635
f 1635 1585 1586
f 1583 1622 1582
f 1582 1622 1636
f 1582 1636 1581
f 1581 1636 1580
f 1580 1636 1637
f 1580 1637 1579
f 1618 1638 1617
f 1617 1638 1639
f 1617 1639 1616
f 1616 1639 1640
f 1616 1640 1615
f 1641 1642 1643
f 1643 1642 1644
f 1643 1644 1645
f 1644 1646 1645
f 1645 1646 1647
f 1645 1647 1648
f 1649 1650 1607
f 1648 1611 1645
f 1645 1611 1612
f 1645 1612 1651
f 1651 1612 1613
f 1651 1613 1640
f 1640 1613 1614
f 1640 1614 1615
f 1650 1652 1607
f 1607 1652 1653
f 1607 1653 1643
f 1643 1653 1654
f 1643 1654 1641
f 1648 1655 1611
f 1611 1655 1656
f 1611 1656 1610
f 1610 1656 1657
f 1610 1657 1609
f 1609 1657 1649
f 1609 1649 1608
f 1608 1649 1607
f 1607 1658 1659
f 1607 1659 1606
f 1606 1659 1660
f 1606 1660 1605
f 1605 1660 1661
f 1605 1661 1662
f 1663 1664 1643
f 1643 1664 1665
f 1643 1665 1607
f 1607 1665 1666
f 1607 1666 1658
f 1662 1667 1605
f 1605 1667 1668
f 1605 1668 1604
f 1604 1668 1603
f 1602 1669 1601
f 1601 1669 1670
f 1601 1670 1600
f 1600 1670 1624
f 1600 1624 1599
f 1599 1624 1598
f 1621 1671 1672
f 1673 1674 1675
f 1675 1674 1676
f 1677 1678 1638
f 1678 1679 1638
f 1638 1679 1680
f 1638 1680 1639
f 1639 1680 1681
f 1681 1682 1639
f 1639 1682 1683
f 1639 1683 1640
f 1640 1683 1684
f 1640 1684 1651
f 1651 1684 1685
f 1686 1687 1688
f 1633 1689 1634
f 1634 1689 1690
f 1634 1690 1686
f 1686 1690 1691
f 1686 1691 1687
f 1692 1693 1629
f 1629 1693 1694
f 1629 1694 1628
f 1688 1695 1692
f 1692 1695 1696
f 1692 1696 1693
f 1697 1624 1698
f 1698 1624 1670
f 1698 1670 1699
f 1699 1670 1700
f 1697 1701 1624
f 1624 1701 1702
f 1624 1702 1703
f 1703 1702 1704
f 1703 1704 1705
f 1705 1706 1703
f 1703 1706 1707
f 1703 1707 1708
f 1707 1709 1708
f 1708 1709 1710
f 1708 1710 1668
f 1668 1710 1711
f 1668 1711 1712
f 1700 1670 1712
f 1712 1670 1669
f 1712 1669 1668
f 1668 1669 1602
f 1668 1602 1603
f 1713 1714 1715
f 1715 1714 1708
f 1715 1708 1716
f 1716 1708 1668
f 1716 1668 1717
f 1717 1668 1667
f 1637 1718 1579
f 1579 1718 1719
f 1579 1719 1578
f 1578 1719 1720
f 1578 1720 1618
f 1618 1720 1721
f 1618 1721 1638
f 1638 1721 1722
f 1638 1722 1723
f 1724 1725 1621
f 1726 1727 1728
f 1728 1729 1637
f 1637 1729 1730
f 1637 1730 1718
f 1672 1677 1621
f 1621 1677 1638
f 1621 1638 1724
f 1724 1638 1723
f 1727 1731 1728
f 1728 1731 1732
f 1728 1732 1729
f 1619 1621 1733
f 1725 1726 1621
f 1621 1726 1728
f 1621 1728 1733
f 1733 1728 1734
f 1734 1728 1735
f 1735 1728 1736
f 1735 1736 1737
f 1737 1686 1738
f 1738 1686 1739
f 1688 1692 1686
f 1686 1692 1740
f 1686 1740 1739
f 1741 1742 1743
f 1743 1742 1744
f 1743 1744 1627
f 1627 1744 1745
f 1627 1745 1692
f 1692 1745 1746
f 1692 1746 1740
f 1714 1747 1708
f 1708 1747 1748
f 1708 1748 1703
f 1703 1748 1749
f 1703 1749 1750
f 1751 1752 1753
f 1753 1752 1754
f 1753 1754 1714
f 1714 1754 1755
f 1714 1755 1747
f 1751 1753 1620
f 1620 1753 1675
f 1620 1675 1621
f 1621 1675 1676
f 1621 1676 1671
f 1737 1736 1686
f 1686 1736 1635
f 1686 1635 1634
f 1634 1635 1586
f 1634 1586 1587
f 1756 1757 1627
f 1758 1623 1759
f 1759 1623 1627
f 1759 1627 1760
f 1760 1627 1757
f 1758 1761 1623
f 1623 1761 1762
f 1623 1762 1629
f 1629 1762 1763
f 1629 1763 1764
f 1756 1627 1765
f 1765 1627 1692
f 1765 1692 1766
f 1764 1767 1629
f 1629 1767 1768
f 1629 1768 1692
f 1692 1768 1769
f 1692 1769 1766
f 1736 1770 1771
f 1636 1772 1773
f 1774 1775 1728
f 1728 1775 1776
f 1728 1776 1736
f 1736 1776 1777
f 1736 1777 1770
f 1584 1635 1622
f 1622 1635 1736
f 1622 1736 1636
f 1636 1736 1771
f 1636 1771 1772
f 1778 1637 1779
f 1779 1637 1636
f 1779 1636 1780
f 1780 1636 1773
f 1778 1781 1637
f 1637 1781 1782
f 1637 1782 1728
f 1728 1782 1783
f 1728 1783 1774
f 1625 1784 1626
f 1626 1784 1785
f 1626 1785 1786
f 1786 1787 1626
f 1626 1787 1788
f 1626 1788 1627
f 1627 1788 1789
f 1627 1789 1790
f 1790 1791 1627
f 1627 1791 1792
f 1627 1792 1743
f 1743 1792 1793
f 1743 1793 1794
f 1794 1795 1743
f 1743 1795 1796
f 1743 1796 1625
f 1625 1796 1797
f 1625 1797 1784
f 1596 1597 1625
f 1625 1597 1624
f 1625 1624 1743
f 1743 1624 1703
f 1743 1703 1741
f 1741 1703 1750
f 1713 1663 1714
f 1714 1663 1643
f 1714 1643 1753
f 1753 1643 1645
f 1753 1645 1675
f 1675 1645 1651
f 1675 1651 1673
f 1673 1651 1685
f 1798 1733 1734
f 1798 1734 1799
f 1799 1734 1735
f 1799 1735 1800
f 1800 1735 1737
f 1800 1737 1801
f 1801 1737 1738
f 1801 1738 1802
f 1802 1738 1739
f 1802 1739 1803
f 1803 1739 1740
f 1803 1740 1804
f 1804 1740 1746
f 1804 1746 1805
f 1805 1746 1745
f 1805 1745 1806
f 1806 1745 1744
f 1806 1744 1807
f 1807 1744 1742
f 1807 1742 1808
f 1808 1742 1741
f 1808 1741 1809
f 1809 1741 1750
f 1809 1750 1810
f 1810 1750 1749
f 1810 1749 1811
f 1811 1749 1748
f 1811 1748 1812
f 1812 1748 1747
f 1812 1747 1813
f 1813 1747 1755
f 1813 1755 1814
f 1814 1755 1754
f 1814 1754 1815
f 1815 1754 1752
f 1815 1752 1816
f 1816 1752 1751
f 1816 1751 1817
f 1817 1751 1620
f 1817 1620 1818
f 1818 1620 1619
f 1818 1619 1819
f 1819 1619 1733
f 1819 1733 1798
f 1820 1809 1810
f 1820 1810 1821
f 1821 1810 1811
f 1821 1811 1822
f 1822 1811 1812
f 1822 1812 1823
f 1823 1812 1813
f 1823 1813 1824
f 1824 1813 1814
f 1824 1814 1825
f 1825 1814 1815
f 1825 1815 1826
f 1826 1815 1816
f 1826 1816 1827
f 1827 1816 1817
f 1827 1817 1828
f 1828 1817 1818
f 1828 1818 1829
f 1829 1818 1819
f 1829 1819 1830
f 1830 1819 1798
f 1830 1798 1831
f 1832 1821 1822
f 1832 1833 1821
f 1821 1833 1834
f 1821 1834 1835
f 1822 1823 1832
f 1832 1823 1824
f 1832 1824 1825
f 1835 1836 1821
f 1821 1836 1837
f 1821 1837 1838
f 1838 1839 1821
f 1821 1839 1840
f 1821 1840 1820
f 1820 1840 1841
f 1829 1830 1828
f 1828 1830 1827
f 1825 1826 1832
f 1832 1826 1827
f 1832 1827 1831
f 1831 1827 1830
f 1831 1798 1799
f 1831 1799 1832
f 1832 1799 1800
f 1832 1800 1833
f 1833 1800 1801
f 1833 1801 1834
f 1834 1801 1802
f 1834 1802 1835
f 1835 1802 1803
f 1835 1803 1836
f 1836 1803 1804
f 1836 1804 1837
f 1837 1804 1805
f 1837 1805 1838
f 1838 1805 1806
f 1838 1806 1839
f 1839 1806 1807
f 1839 1807 1840
f 1840 1807 1808
f 1840 1808 1841
f 1841 1808 1809
f 1841 1809 1820
f 1452 1727 1453
f 1453 1727 1726
f 1453 1726 1454
f 1454 1726 1725
f 1454 1725 1455
f 1455 1725 1724
f 1455 1724 1456
f 1456 1724 1723
f 1456 1723 1394
f 1394 1723 1722
f 1394 1722 1318
f 1318 1722 1721
f 1318 1721 1320
f 1320 1721 1720
f 1320 1720 1314
f 1314 1720 1719
f 1314 1719 1315
f 1315 1719 1718
f 1315 1718 1448
f 1448 1718 1730
f 1448 1730 1449
f 1449 1730 1729
f 1449 1729 1450
f 1450 1729 1732
f 1450 1732 1451
f 1451 1732 1731
f 1451 1731 1452
f 1452 1731 1727
f 1496 1759 1497
f 1497 1759 1760
f 1497 1760 1487
f 1487 1760 1757
f 1487 1757 1488
f 1488 1757 1756
f 1488 1756 1489
f 1489 1756 1765
f 1489 1765 1490
f 1490 1765 1766
f 1490 1766 1300
f 1300 1766 1769
f 1300 1769 1301
f 1301 1769 1768
f 1301 1768 1486
f 1486 1768 1767
f 1486 1767 1491
f 1491 1767 1764
f 1491 1764 1492
f 1492 1764 1763
f 1492 1763 1493
f 1493 1763 1762
f 1493 1762 1494
f 1494 1762 1761
f 1494 1761 1495
f 1495 1761 1758
f 1495 1758 1496
f 1496 1758 1759
f 1355 1667 1356
f 1356 1667 1662
f 1356 1662 1357
f 1357 1662 1661
f 1357 1661 1358
f 1358 1661 1660
f 1358 1660 1360
f 1360 1660 1659
f 1360 1659 1362
f 1362 1659 1658
f 1362 1658 1363
f 1363 1658 1666
f 1363 1666 1364
f 1364 1666 1665
f 1364 1665 1366
f 1366 1665 1664
f 1366 1664 1367
f 1367 1664 1663
f 1367 1663 1444
f 1444 1663 1713
f 1444 1713 1445
f 1445 1713 1715
f 1445 1715 1446
f 1446 1715 1716
f 1446 1716 1447
f 1447 1716 1717
f 1447 1717 1355
f 1355 1717 1667
f 1435 1698 1438
f 1438 1698 1699
f 1438 1699 1441
f 1441 1699 1700
f 1441 1700 1442
f 1442 1700 1712
f 1442 1712 1443
f 1443 1712 1711
f 1443 1711 1439
f 1439 1711 1710
f 1439 1710 1440
f 1440 1710 1709
f 1440 1709 1436
f 1436 1709 1707
f 1436 1707 1437
f 1437 1707 1706
f 1437 1706 1430
f 1430 1706 1705
f 1430 1705 1431
f 1431 1705 1704
f 1431 1704 1432
f 1432 1704 1702
f 1432 1702 1433
f 1433 1702 1701
f 1433 1701 1434
f 1434 1701 1697
f 1434 1697 1435
f 1435 1697 1698
f 1480 1785 1481
f 1481 1785 1784
f 1481 1784 1482
f 1482 1784 1797
f 1482 1797 1483
f 1483 1797 1796
f 1483 1796 1484
f 1484 1796 1795
f 1484 1795 1485
f 1485 1795 1794
f 1485 1794 1476
f 1476 1794 1793
f 1476 1793 1477
f 1477 1793 1792
f 1477 1792 1478
f 1478 1792 1791
f 1478 1791 1474
f 1474 1791 1790
f 1474 1790 1475
f 1475 1790 1789
f 1475 1789 1472
f 1472 1789 1788
f 1472 1788 1473
f 1473 1788 1787
f 1473 1787 1479
f 1479 1787 1786
f 1479 1786 1480
f 1480 1786 1785
f 1422 1694 1423
f 1423 1694 1693
f 1423 1693 1424
f 1424 1693 1696
f 1424 1696 1425
f 1425 1696 1695
f 1425 1695 1426
f 1426 1695 1688
f 1426 1688 1427
f 1427 1688 1687
f 1427 1687 1428
f 1428 1687 1691
f 1428 1691 1429
f 1429 1691 1690
f 1429 1690 1331
f 1331 1690 1689
f 1331 1689 1416
f 1416 1689 1633
f 1416 1633 1417
f 1417 1633 1632
f 1417 1632 1419
f 1419 1632 1631
f 1419 1631 1420
f 1420 1631 1630
f 1420 1630 1421
f 1421 1630 1628
f 1421 1628 1422
f 1422 1628 1694
f 1467 1776 1466
f 1466 1776 1775
f 1466 1775 1469
f 1469 1775 1774
f 1469 1774 1470
f 1470 1774 1783
f 1470 1783 1471
f 1471 1783 1782
f 1471 1782 1462
f 1462 1782 1781
f 1462 1781 1463
f 1463 1781 1778
f 1463 1778 1464
f 1464 1778 1779
f 1464 1779 1465
f 1465 1779 1780
f 1465 1780 1460
f 1460 1780 1773
f 1460 1773 1461
f 1461 1773 1772
f 1461 1772 1457
f 1457 1772 1771
f 1457 1771 1458
f 1458 1771 1770
f 1458 1770 1468
f 1468 1770 1777
f 1468 1777 1467
f 1467 1777 1776
f 1408 1676 1409
f 1409 1676 1674
f 1409 1674 1411
f 1411 1674 1673
f 1411 1673 1412
f 1412 1673 1685
f 1412 1685 1413
f 1413 1685 1684
f 1413 1684 1414
f 1414 1684 1683
f 1414 1683 1415
f 1415 1683 1682
f 1415 1682 1410
f 1410 1682 1681
f 1410 1681 1402
f 1402 1681 1680
f 1402 1680 1403
f 1403 1680 1679
f 1403 1679 1404
f 1404 1679 1678
f 1404 1678 1405
f 1405 1678 1677
f 1405 1677 1406
f 1406 1677 1672
f 1406 1672 1407
f 1407 1672 1671
f 1407 1671 1408
f 1408 1671 1676
f 1374 1653 1379
f 1379 1653 1652
f 1379 1652 1380
f 1380 1652 1650
f 1380 1650 1382
f 1382 1650 1649
f 1382 1649 1375
f 1375 1649 1657
f 1375 1657 1376
f 1376 1657 1656
f 1376 1656 1377
f 1377 1656 1655
f 1377 1655 1378
f 1378 1655 1648
f 1378 1648 1368
f 1368 1648 1647
f 1368 1647 1369
f 1369 1647 1646
f 1369 1646 1370
f 1370 1646 1644
f 1370 1644 1371
f 1371 1644 1642
f 1371 1642 1372
f 1372 1642 1641
f 1372 1641 1373
f 1373 1641 1654
f 1373 1654 1374
f 1374 1654 1653
f 1842 1843 1844
f 1844 1843 1845
f 1846 1847 1848
f 1848 1847 1849
f 1848 1849 1850
f 1850 1849 1851
f 1850 1851 1852
f 1852 1851 1853
f 1852 1853 1854
f 1854 1853 1855
f 1854 1855 1856
f 1856 1855 1857
f 1856 1857 1858
f 1858 1857 1859
f 1858 1859 1860
f 1860 1859 1861
f 1860 1861 1862
f 1862 1861 1863
f 1862 1863 1864
f 1864 1863 1865
f 1864 1865 1866
f 1866 1865 1867
f 1866 1867 1868
f 1868 1867 1869
f 1868 1869 1870
f 1870 1869 1871
f 1870 1871 1872
f 1872 1871 1873
f 1872 1873 1874
f 1874 1873 1875
f 1874 1875 1876
f 1876 1875 1877
f 1876 1877 1878
f 1878 1877 1879
f 1878 1879 1880
f 1880 1879 1881
f 1880 1881 1882
f 1882 1881 1883
f 1882 1883 1884
f 1884 1883 1885
f 1884 1885 1886
f 1886 1885 1887
f 1886 1887 1888
f 1888 1887 1889
f 1888 1889 1890
f 1890 1889 1891
f 1890 1891 1892
f 1892 1891 1893
f 1892 1893 1894
f 1894 1893 1895
f 1894 1895 1896
f 1896 1895 1897
f 1896 1897 1898
f 1898 1897 1899
f 1898 1899 1900
f 1899 1901 1900
f 1900 1901 1902
f 1900 1902 1903
f 1904 1905 1906
f 1906 1905 1907
f 1906 1907 1908
f 1908 1907 1909
f 1908 1909 1910
f 1910 1909 1911
f 1910 1911 1912
f 1912 1911 1913
f 1912 1913 1914
f 1914 1913 1915
f 1914 1915 1916
f 1916 1915 1917
f 1916 1917 1918
f 1918 1917 1919
f 1918 1919 1920
f 1920 1919 1921
f 1920 1921 1922
f 1922 1921 1923
f 1922 1923 1924
f 1924 1923 1925
f 1924 1925 1926
f 1926 1925 1927
f 1926 1927 1928
f 1928 1927 1929
f 1928 1929 1930
f 1930 1929 1931
f 1930 1931 1932
f 1842 1844 1933
f 1933 1844 1934
f 1933 1934 1935
f 1935 1934 1936
f 1935 1936 1937
f 1937 1936 1938
f 1937 1938 1939
f 1939 1938 1940
f 1939 1940 1941
f 1941 1940 1942
f 1941 1942 1943
f 1943 1942 1944
f 1943 1944 1945
f 1945 1944 1946
f 1945 1946 1947
f 1947 1946 1948
f 1947 1948 1949
f 1949 1948 1950
f 1949 1950 1951
f 1951 1950 1952
f 1951 1952 1953
f 1953 1952 1954
f 1953 1954 1955
f 1955 1954 1956
f 1955 1956 1932
f 1932 1956 1957
f 1932 1957 1930
f 1905 1958 1907
f 1907 1958 1959
f 1907 1959 1909
f 1909 1959 1960
f 1909 1960 1911
f 1911 1960 1961
f 1911 1961 1913
f 1913 1961 1962
f 1913 1962 1915
f 1915 1962 1963
f 1915 1963 1917
f 1917 1963 1964
f 1917 1964 1919
f 1919 1964 1965
f 1919 1965 1921
f 1921 1965 1966
f 1921 1966 1923
f 1923 1966 1967
f 1923 1967 1925
f 1925 1967 1968
f 1925 1968 1927
f 1927 1968 1969
f 1927 1969 1929
f 1929 1969 1970
f 1929 1970 1931
f 1931 1970 1971
f 1931 1971 1932
f 1932 1971 1972
f 1932 1972 1955
f 1955 1972 1973
f 1955 1973 1953
f 1953 1973 1974
f 1953 1974 1951
f 1951 1974 1975
f 1951 1975 1949
f 1949 1975 1976
f 1949 1976 1947
f 1947 1976 1977
f 1947 1977 1945
f 1945 1977 1978
f 1945 1978 1943
f 1943 1978 1979
f 1943 1979 1941
f 1941 1979 1980
f 1941 1980 1939
f 1939 1980 1981
f 1939 1981 1937
f 1937 1981 1982
f 1937 1982 1935
f 1935 1982 1983
f 1935 1983 1933
f 1933 1983 1984
f 1933 1984 1842
f 1842 1984 1985
f 1842 1985 1843
f 1843 1985 1986
f 1958 1987 1959
f 1959 1987 1988
f 1959 1988 1960
f 1960 1988 1989
f 1960 1989 1961
f 1961 1989 1990
f 1961 1990 1962
f 1962 1990 1991
f 1962 1991 1963
f 1963 1991 1992
f 1963 1992 1964
f 1964 1992 1993
f 1964 1993 1965
f 1965 1993 1994
f 1965 1994 1966
f 1966 1994 1995
f 1966 1995 1967
f 1967 1995 1996
f 1967 1996 1968
f 1968 1996 1997
f 1968 1997 1969
f 1969 1997 1998
f 1969 1998 1970
f 1970 1998 1999
f 1970 1999 1971
f 1971 1999 2000
f 1971 2000 1972
f 1972 2000 2001
f 1972 2001 1973
f 1973 2001 2002
f 1973 2002 1974
f 1974 2002 2003
f 1974 2003 1975
f 1975 2003 2004
f 1975 2004 1976
f 1976 2004 2005
f 1976 2005 1977
f 1977 2005 2006
f 1977 2006 1978
f 1978 2006 2007
f 1978 2007 1979
f 1979 2007 2008
f 1979 2008 1980
f 1980 2008 2009
f 1980 2009 1981
f 1981 2009 2010
f 1981 2010 1982
f 1982 2010 2011
f 1982 2011 1983
f 1983 2011 2012
f 1983 2012 1984
f 1984 2012 2013
f 1984 2013 1985
f 1985 2013 2014
f 1985 2014 1986
f 1986 2014 2015
f 1987 1902 1988
f 1988 1902 1901
f 1988 1901 1989
f 1989 1901 1899
f 1989 1899 1990
f 1990 1899 1897
f 1990 1897 1991
f 1991 1897 1895
f 1991 1895 1992
f 1992 1895 1893
f 1992 1893 1993
f 1993 1893 1891
f 1993 1891 1994
f 1994 1891 1889
f 1994 1889 1995
f 1995 1889 1887
f 1995 1887 1996
f 1996 1887 1885
f 1996 1885 1997
f 1997 1885 1883
f 1997 1883 1998
f 1998 1883 1881
f 1998 1881 1999
f 1999 1881 1879
f 1999 1879 2000
f 2000 1879 1877
f 2000 1877 2001
f 2001 1877 1875
f 2001 1875 2002
f 2002 1875 1873
f 2002 1873 2003
f 2003 1873 1871
f 2003 1871 2004
f 2004 1871 1869
f 2004 1869 2005
f 2005 1869 1867
f 2005 1867 2006
f 2006 1867 1865
f 2006 1865 2007
f 2007 1865 1863
f 2007 1863 2008
f 2008 1863 1861
f 2008 1861 2009
f 2009 1861 1859
f 2009 1859 2010
f 2010 1859 1857
f 2010 1857 2011
f 2011 1857 1855
f 2011 1855 2012
f 2012 1855 1853
f 2012 1853 2013
f 2013 1853 1851
f 2013 1851 2014
f 2014 1851 1849
f 2014 1849 2015
f 2015 1849 1847
f 2016 2017 2018
f 2019 2016 2020
f 2021 2019 2022
f 1930 1957 2021
f 2021 2023 1930
f 1930 2023 2024
f 1930 2024 1928
f 1928 2024 2025
f 1928 2025 1926
f 1926 2025 2026
f 1926 2026 1924
f 1924 2026 2027
f 1924 2027 1922
f 1922 2027 2028
f 1922 2028 1920
f 1920 2028 2029
f 1920 2029 1918
f 1918 2029 2030
f 1918 2030 1916
f 1916 2030 2031
f 1916 2031 1914
f 1914 2031 2032
f 1914 2032 1912
f 1912 2032 2033
f 1912 2033 1910
f 1910 2033 2034
f 1910 2034 1908
f 1908 2034 2035
f 1908 2035 1906
f 1906 2035 2036
f 1906 2036 1904
f 1904 2036 2037
f 1904 2037 2038
f 2038 2037 2039
f 2038 2039 2040
f 2040 2039 2041
f 2040 2041 2042
f 2042 2041 2043
f 2042 2043 2044
f 2044 2043 2045
f 2044 2045 2046
f 2046 2045 2047
f 2046 2047 2048
f 2048 2047 2049
f 2048 2049 2050
f 2050 2049 2051
f 2050 2051 2052
f 2052 2051 2053
f 2052 2053 2054
f 2054 2053 2055
f 2054 2055 2056
f 2056 2055 2057
f 2056 2057 2058
f 2058 2057 2059
f 2058 2059 2060
f 2060 2059 2061
f 2060 2061 2062
f 2062 2061 2063
f 2062 2063 2064
f 2065 2066 2067
f 2067 2068 2065
f 2065 2068 2069
f 2065 2069 2070
f 2070 2069 2071
f 2070 2071 2072
f 2072 2071 2073
f 2072 2073 2074
f 2074 2073 2075
f 2074 2075 2076
f 2076 2075 2077
f 2076 2077 2078
f 2078 2077 2079
f 2078 2079 2080
f 2080 2079 2081
f 2080 2081 2082
f 2082 2081 2083
f 2082 2083 2084
f 2084 2083 2085
f 2084 2085 2086
f 2086 2085 2087
f 2086 2087 2088
f 2088 2087 2089
f 2088 2089 2090
f 2090 2089 2091
f 2090 2091 2092
f 2092 2091 2093
f 2092 2093 1903
f 1903 2093 2094
f 1903 2094 1900
f 1900 2094 2095
f 1900 2095 1898
f 1898 2095 2096
f 1898 2096 1896
f 1896 2096 2097
f 1896 2097 1894
f 1894 2097 2098
f 1894 2098 1892
f 1892 2098 2099
f 1892 2099 1890
f 1890 2099 2100
f 1890 2100 1888
f 1888 2100 2101
f 1888 2101 1886
f 1886 2101 2102
f 1886 2102 1884
f 1884 2102 2103
f 1884 2103 1882
f 1882 2103 2104
f 1882 2104 1880
f 1880 2104 2105
f 1880 2105 1878
f 1878 2105 2018
f 1878 2018 1876
f 1876 2018 2017
f 1876 2017 1874
f 2021 2022 2023
f 2023 2022 2106
f 2023 2106 2024
f 2024 2106 2107
f 2024 2107 2025
f 2025 2107 2108
f 2025 2108 2026
f 2026 2108 2109
f 2026 2109 2027
f 2027 2109 2110
f 2027 2110 2028
f 2028 2110 2111
f 2028 2111 2029
f 2029 2111 2112
f 2029 2112 2030
f 2030 2112 2113
f 2030 2113 2031
f 2031 2113 2114
f 2031 2114 2032
f 2032 2114 2115
f 2032 2115 2033
f 2033 2115 2116
f 2033 2116 2034
f 2034 2116 2117
f 2034 2117 2035
f 2035 2117 2118
f 2035 2118 2036
f 2036 2118 2119
f 2036 2119 2037
f 2037 2119 2120
f 2037 2120 2039
f 2039 2120 2121
f 2039 2121 2041
f 2041 2121 2122
f 2041 2122 2043
f 2043 2122 2123
f 2043 2123 2045
f 2045 2123 2124
f 2045 2124 2047
f 2047 2124 2125
f 2047 2125 2049
f 2049 2125 2126
f 2049 2126 2051
f 2051 2126 2127
f 2051 2127 2053
f 2053 2127 2128
f 2053 2128 2055
f 2055 2128 2129
f 2055 2129 2057
f 2057 2129 2130
f 2057 2130 2059
f 2059 2130 2131
f 2059 2131 2061
f 2061 2131 2132
f 2061 2132 2063
f 2019 2020 2022
f 2022 2020 2133
f 2022 2133 2106
f 2106 2133 2134
f 2106 2134 2107
f 2107 2134 2135
f 2107 2135 2108
f 2108 2135 2136
f 2108 2136 2109
f 2109 2136 2137
f 2109 2137 2110
f 2110 2137 2138
f 2110 2138 2111
f 2111 2138 2139
f 2111 2139 2112
f 2112 2139 2140
f 2112 2140 2113
f 2113 2140 2141
f 2113 2141 2114
f 2114 2141 2142
f 2114 2142 2115
f 2115 2142 2143
f 2115 2143 2116
f 2116 2143 2144
f 2116 2144 2117
f 2117 2144 2145
f 2117 2145 2118
f 2118 2145 2146
f 2118 2146 2119
f 2119 2146 2147
f 2119 2147 2120
f 2120 2147 2148
f 2120 2148 2121
f 2121 2148 2149
f 2121 2149 2122
f 2122 2149 2150
f 2122 2150 2123
f 2123 2150 2151
f 2123 2151 2124
f 2124 2151 2152
f 2124 2152 2125
f 2125 2152 2153
f 2125 2153 2126
f 2126 2153 2154
f 2126 2154 2127
f 2127 2154 2155
f 2127 2155 2128
f 2128 2155 2156
f 2128 2156 2129
f 2129 2156 2157
f 2129 2157 2130
f 2130 2157 2158
f 2130 2158 2131
f 2131 2158 2159
f 2131 2159 2132
f 2016 2018 2020
f 2020 2018 2105
f 2020 2105 2133
f 2133 2105 2104
f 2133 2104 2134
f 2134 2104 2103
f 2134 2103 2135
f 2135 2103 2102
f 2135 2102 2136
f 2136 2102 2101
f 2136 2101 2137
f 2137 2101 2100
f 2137 2100 2138
f 2138 2100 2099
f 2138 2099 2139
f 2139 2099 2098
f 2139 2098 2140
f 2140 2098 2097
f 2140 2097 2141
f 2141 2097 2096
f 2141 2096 2142
f 2142 2096 2095
f 2142 2095 2143
f 2143 2095 2094
f 2143 2094 2144
f 2144 2094 2093
f 2144 2093 2145
f 2145 2093 2091
f 2145 2091 2146
f 2146 2091 2089
f 2146 2089 2147
f 2147 2089 2087
f 2147 2087 2148
f 2148 2087 2085
f 2148 2085 2149
f 2149 2085 2083
f 2149 2083 2150
f 2150 2083 2081
f 2150 2081 2151
f 2151 2081 2079
f 2151 2079 2152
f 2152 2079 2077
f 2152 2077 2153
f 2153 2077 2075
f 2153 2075 2154
f 2154 2075 2073
f 2154 2073 2155
f 2155 2073 2071
f 2155 2071 2156
f 2156 2071 2069
f 2156 2069 2157
f 2157 2069 2068
f 2157 2068 2158
f 2158 2068 2067
f 2158 2067 2159
f 1847 1846 2160
f 2160 1846 2161
f 2160 2161 2162
f 2162 2161 2163
f 2162 2163 2164
f 2164 2163 2165
f 2164 2165 2166
f 2166 2165 2167
f 2166 2167 2168
f 2168 2167 2169
f 2168 2169 2170
f 2170 2169 2171
f 2170 2171 2172
f 2172 2171 2173
f 2172 2173 2174
f 2174 2173 2175
f 2174 2175 2176
f 2176 2175 2177
f 2176 2177 2178
f 2178 2177 2179
f 2178 2179 2180
f 2180 2179 2181
f 2180 2181 2182
f 2182 2181 2183
f 2182 2183 2184
f 2184 2183 2185
f 2184 2185 2186
f 2186 2185 2066
f 2186 2066 2187
f 2187 2066 2065
f 2187 2065 2188
f 2188 2065 2070
f 2188 2070 2189
f 2189 2070 2072
f 2189 2072 2190
f 2190 2072 2074
f 2190 2074 2191
f 2191 2074 2076
f 2191 2076 2192
f 2192 2076 2078
f 2192 2078 2193
f 2193 2078 2080
f 2193 2080 2194
f 2194 2080 2082
f 2194 2082 2195
f 2195 2082 2084
f 2195 2084 2196
f 2196 2084 2086
f 2196 2086 2197
f 2197 2086 2088
f 2197 2088 2198
f 2198 2088 2090
f 2198 2090 2199
f 2199 2090 2092
f 2199 2092 1902
f 1902 2092 1903
f 1845 1843 2200
f 2200 1843 2201
f 2200 2201 2202
f 2202 2201 2203
f 2202 2203 2204
f 2204 2203 2205
f 2204 2205 2206
f 2206 2205 2207
f 2206 2207 2208
f 2208 2207 2209
f 2208 2209 2210
f 2210 2209 2211
f 2210 2211 2212
f 2212 2211 2213
f 2212 2213 2214
f 2214 2213 2215
f 2214 2215 2216
f 2216 2215 2217
f 2216 2217 2218
f 2218 2217 2219
f 2218 2219 2220
f 2220 2219 2221
f 2220 2221 2222
f 2222 2221 2223
f 2222 2223 2224
f 2224 2223 2225
f 2224 2225 2064
f 2064 2225 2226
f 2064 2226 2062
f 2062 2226 2227
f 2062 2227 2060
f 2060 2227 2228
f 2060 2228 2058
f 2058 2228 2229
f 2058 2229 2056
f 2056 2229 2230
f 2056 2230 2054
f 2054 2230 2231
f 2054 2231 2052
f 2052 2231 2232
f 2052 2232 2050
f 2050 2232 2233
f 2050 2233 2048
f 2048 2233 2234
f 2048 2234 2046
f 2046 2234 2235
f 2046 2235 2044
f 2044 2235 2236
f 2044 2236 2042
f 2042 2236 2237
f 2042 2237 2040
f 2040 2237 2238
f 2040 2238 2038
f 2038 2238 2239
f 2038 2239 1904
f 1904 2239 1905
f 1843 1986 2201
f 2201 1986 2240
f 2201 2240 2203
f 2203 2240 2241
f 2203 2241 2205
f 2205 2241 2242
f 2205 2242 2207
f 2207 2242 2243
f 2207 2243 2209
f 2209 2243 2244
f 2209 2244 2211
f 2211 2244 2245
f 2211 2245 2213
f 2213 2245 2246
f 2213 2246 2215
f 2215 2246 2247
f 2215 2247 2217
f 2217 2247 2248
f 2217 2248 2219
f 2219 2248 2249
f 2219 2249 2221
f 2221 2249 2250
f 2221 2250 2223
f 2223 2250 2251
f 2223 2251 2225
f 2225 2251 2252
f 2225 2252 2226
f 2226 2252 2253
f 2226 2253 2227
f 2227 2253 2254
f 2227 2254 2228
f 2228 2254 2255
f 2228 2255 2229
f 2229 2255 2256
f 2229 2256 2230
f 2230 2256 2257
f 2230 2257 2231
f 2231 2257 2258
f 2231 2258 2232
f 2232 2258 2259
f 2232 2259 2233
f 2233 2259 2260
f 2233 2260 2234
f 2234 2260 2261
f 2234 2261 2235
f 2235 2261 2262
f 2235 2262 2236
f 2236 2262 2263
f 2236 2263 2237
f 2237 2263 2264
f 2237 2264 2238
f 2238 2264 2265
f 2238 2265 2239
f 2239 2265 2266
f 2239 2266 1905
f 1905 2266 1958
f 1986 2015 2240
f 2240 2015 2267
f 2240 2267 2241
f 2241 2267 2268
f 2241 2268 2242
f 2242 2268 2269
f 2242 2269 2243
f 2243 2269 2270
f 2243 2270 2244
f 2244 2270 2271
f 2244 2271 2245
f 2245 2271 2272
f 2245 2272 2246
f 2246 2272 2273
f 2246 2273 2247
f 2247 2273 2274
f 2247 2274 2248
f 2248 2274 2275
f 2248 2275 2249
f 2249 2275 2276
f 2249 2276 2250
f 2250 2276 2277
f 2250 2277 2251
f 2251 2277 2278
f 2251 2278 2252
f 2252 2278 2279
f 2252 2279 2253
f 2253 2279 2280
f 2253 2280 2254
f 2254 2280 2281
f 2254 2281 2255
f 2255 2281 2282
f 2255 2282 2256
f 2256 2282 2283
f 2256 2283 2257
f 2257 2283 2284
f 2257 2284 2258
f 2258 2284 2285
f 2258 2285 2259
f 2259 2285 2286
f 2259 2286 2260
f 2260 2286 2287
f 2260 2287 2261
f 2261 2287 2288
f 2261 2288 2262
f 2262 2288 2289
f 2262 2289 2263
f 2263 2289 2290
f 2263 2290 2264
f 2264 2290 2291
f 2264 2291 2265
f 2265 2291 2292
f 2265 2292 2266
f 2266 2292 2293
f 2266 2293 1958
f 1958 2293 1987
f 2015 1847 2267
f 2267 1847 2160
f 2267 2160 2268
f 2268 2160 2162
f 2268 2162 2269
f 2269 2162 2164
f 2269 2164 2270
f 2270 2164 2166
f 2270 2166 2271
f 2271 2166 2168
f 2271 2168 2272
f 2272 2168 2170
f 2272 2170 2273
f 2273 2170 2172
f 2273 2172 2274
f 2274 2172 2174
f 2274 2174 2275
f 2275 2174 2176
f 2275 2176 2276
f 2276 2176 2178
f 2276 2178 2277
f 2277 2178 2180
f 2277 2180 2278
f 2278 2180 2182
f 2278 2182 2279
f 2279 2182 2184
f 2279 2184 2280
f 2280 2184 2186
f 2280 2186 2281
f 2281 2186 2187
f 2281 2187 2282
f 2282 2187 2188
f 2282 2188 2283
f 2283 2188 2189
f 2283 2189 2284
f 2284 2189 2190
f 2284 2190 2285
f 2285 2190 2191
f 2285 2191 2286
f 2286 2191 2192
f 2286 2192 2287
f 2287 2192 2193
f 2287 2193 2288
f 2288 2193 2194
f 2288 2194 2289
f 2289 2194 2195
f 2289 2195 2290
f 2290 2195 2196
f 2290 2196 2291
f 2291 2196 2197
f 2291 2197 2292
f 2292 2197 2198
f 2292 2198 2293
f 2293 2198 2199
f 2293 2199 1987
f 1987 2199 1902
f 2064 2063 2294
f 2064 2294 2224
f 2224 2294 2295
f 2224 2295 2222
f 2222 2295 2296
f 2222 2296 2220
f 2220 2296 2297
f 2220 2297 2218
f 2218 2297 2298
f 2218 2298 2216
f 2216 2298 2299
f 2216 2299 2214
f 2214 2299 2300
f 2214 2300 2212
f 2212 2300 2301
f 2212 2301 2210
f 2210 2301 2302
f 2210 2302 2208
f 2208 2302 2303
f 2208 2303 2206
f 2206 2303 2304
f 2206 2304 2204
f 2204 2304 2305
f 2204 2305 2202
f 2202 2305 2306
f 2202 2306 2200
f 2200 2306 2307
f 2200 2307 1845
f 1845 2307 2308
f 1845 2308 1844
f 1844 2308 2309
f 1844 2309 1934
f 1934 2309 2310
f 1934 2310 1936
f 1936 2310 2311
f 1936 2311 1938
f 1938 2311 2312
f 1938 2312 1940
f 1940 2312 2313
f 1940 2313 1942
f 1942 2313 2314
f 1942 2314 1944
f 1944 2314 2315
f 1944 2315 1946
f 1946 2315 2316
f 1946 2316 1948
f 1948 2316 2317
f 1948 2317 1950
f 1950 2317 2318
f 1950 2318 1952
f 1952 2318 2319
f 1952 2319 1954
f 1954 2319 2320
f 1954 2320 1956
f 1956 2320 2021
f 1956 2021 1957
f 1872 1874 2017
f 2017 2321 1872
f 1872 2321 2322
f 1872 2322 1870
f 1870 2322 2323
f 1870 2323 1868
f 1868 2323 2324
f 1868 2324 1866
f 1866 2324 2325
f 1866 2325 1864
f 1864 2325 2326
f 1864 2326 1862
f 1862 2326 2327
f 1862 2327 1860
f 1860 2327 2328
f 1860 2328 1858
f 1858 2328 2329
f 1858 2329 1856
f 1856 2329 2330
f 1856 2330 1854
f 1854 2330 2331
f 1854 2331 1852
f 1852 2331 2332
f 1852 2332 1850
f 1850 2332 2333
f 1850 2333 1848
f 1848 2333 2334
f 1848 2334 1846
f 1846 2334 2335
f 1846 2335 2161
f 2161 2335 2336
f 2161 2336 2163
f 2163 2336 2337
f 2163 2337 2165
f 2165 2337 2338
f 2165 2338 2167
f 2167 2338 2339
f 2167 2339 2169
f 2169 2339 2340
f 2169 2340 2171
f 2171 2340 2341
f 2171 2341 2173
f 2173 2341 2342
f 2173 2342 2175
f 2175 2342 2343
f 2175 2343 2177
f 2177 2343 2344
f 2177 2344 2179
f 2179 2344 2345
f 2179 2345 2181
f 2181 2345 2346
f 2181 2346 2183
f 2183 2346 2347
f 2183 2347 2185
f 2066 2185 2067
f 2067 2185 2347
f 2067 2347 2159
f 2132 2159 2348
f 2063 2132 2349
f 2063 2349 2294
f 2294 2349 2350
f 2294 2350 2295
f 2295 2350 2351
f 2295 2351 2296
f 2296 2351 2352
f 2296 2352 2297
f 2297 2352 2353
f 2297 2353 2298
f 2298 2353 2354
f 2298 2354 2299
f 2299 2354 2355
f 2299 2355 2300
f 2300 2355 2356
f 2300 2356 2301
f 2301 2356 2357
f 2301 2357 2302
f 2302 2357 2358
f 2302 2358 2303
f 2303 2358 2359
f 2303 2359 2304
f 2304 2359 2360
f 2304 2360 2305
f 2305 2360 2361
f 2305 2361 2306
f 2306 2361 2362
f 2306 2362 2307
f 2307 2362 2363
f 2307 2363 2308
f 2308 2363 2364
f 2308 2364 2309
f 2309 2364 2365
f 2309 2365 2310
f 2310 2365 2366
f 2310 2366 2311
f 2311 2366 2367
f 2311 2367 2312
f 2312 2367 2368
f 2312 2368 2313
f 2313 2368 2369
f 2313 2369 2314
f 2314 2369 2370
f 2314 2370 2315
f 2315 2370 2371
f 2315 2371 2316
f 2316 2371 2372
f 2316 2372 2317
f 2317 2372 2373
f 2317 2373 2318
f 2318 2373 2374
f 2318 2374 2319
f 2319 2374 2375
f 2319 2375 2320
f 2320 2375 2019
f 2320 2019 2021
f 2132 2348 2349
f 2349 2348 2376
f 2349 2376 2350
f 2350 2376 2377
f 2350 2377 2351
f 2351 2377 2378
f 2351 2378 2352
f 2352 2378 2379
f 2352 2379 2353
f 2353 2379 2380
f 2353 2380 2354
f 2354 2380 2381
f 2354 2381 2355
f 2355 2381 2382
f 2355 2382 2356
f 2356 2382 2383
f 2356 2383 2357
f 2357 2383 2384
f 2357 2384 2358
f 2358 2384 2385
f 2358 2385 2359
f 2359 2385 2386
f 2359 2386 2360
f 2360 2386 2387
f 2360 2387 2361
f 2361 2387 2388
f 2361 2388 2362
f 2362 2388 2389
f 2362 2389 2363
f 2363 2389 2390
f 2363 2390 2364
f 2364 2390 2391
f 2364 2391 2365
f 2365 2391 2392
f 2365 2392 2366
f 2366 2392 2393
f 2366 2393 2367
f 2367 2393 2394
f 2367 2394 2368
f 2368 2394 2395
f 2368 2395 2369
f 2369 2395 2396
f 2369 2396 2370
f 2370 2396 2397
f 2370 2397 2371
f 2371 2397 2398
f 2371 2398 2372
f 2372 2398 2399
f 2372 2399 2373
f 2373 2399 2400
f 2373 2400 2374
f 2374 2400 2401
f 2374 2401 2375
f 2375 2401 2016
f 2375 2016 2019
f 2159 2347 2348
f 2348 2347 2346
f 2348 2346 2376
f 2376 2346 2345
f 2376 2345 2377
f 2377 2345 2344
f 2377 2344 2378
f 2378 2344 2343
f 2378 2343 2379
f 2379 2343 2342
f 2379 2342 2380
f 2380 2342 2341
f 2380 2341 2381
f 2381 2341 2340
f 2381 2340 2382
f 2382 2340 2339
f 2382 2339 2383
f 2383 2339 2338
f 2383 2338 2384
f 2384 2338 2337
f 2384 2337 2385
f 2385 2337 2336
f 2385 2336 2386
f 2386 2336 2335
f 2386 2335 2387
f 2387 2335 2334
f 2387 2334 2388
f 2388 2334 2333
f 2388 2333 2389
f 2389 2333 2332
f 2389 2332 2390
f 2390 2332 2331
f 2390 2331 2391
f 2391 2331 2330
f 2391 2330 2392
f 2392 2330 2329
f 2392 2329 2393
f 2393 2329 2328
f 2393 2328 2394
f 2394 2328 2327
f 2394 2327 2395
f 2395 2327 2326
f 2395 2326 2396
f 2396 2326 2325
f 2396 2325 2397
f 2397 2325 2324
f 2397 2324 2398
f 2398 2324 2323
f 2398 2323 2399
f 2399 2323 2322
f 2399 2322 2400
f 2400 2322 2321
f 2400 2321 2401
f 2401 2321 2017
f 2401 2017 2016
f 2402 2403 2404
f 2404 2403 2405
f 2404 2405 2406
f 2406 2405 2407
f 2406 2407 2408
f 2408 2407 2409
f 2408 2409 2410
f 2410 2409 2411
f 2410 2411 2412
f 2412 2411 2413
f 2412 2413 2414
f 2414 2413 2415
f 2414 2415 2416
f 2416 2415 2417
f 2416 2417 2418
f 2418 2417 2419
f 2418 2419 2420
f 2420 2419 2421
f 2420 2421 2422
f 2422 2421 2423
f 2422 2423 2424
f 2424 2423 2425
f 2424 2425 2426
f 2426 2425 2427
f 2426 2427 2428
f 2428 2427 2429
f 2428 2429 2430
f 2430 2429 2431
f 2430 2431 2432
f 2432 2431 2433
f 2432 2433 2434
f 2434 2433 2435
f 2434 2435 2436
f 2436 2435 2437
f 2436 2437 2438
f 2438 2437 2439
f 2438 2439 2440
f 2440 2439 2441
f 2440 2441 2442
f 2442 2441 2443
f 2442 2443 2444
f 2444 2443 2445
f 2444 2445 2446
f 2446 2445 2447
f 2446 2447 2448
f 2448 2447 2449
f 2448 2449 2450
f 2450 2449 2451
f 2450 2451 2452
f 2452 2451 2453
f 2452 2453 2454
f 2454 2453 2455
f 2454 2455 2456
f 2456 2455 2457
f 2456 2457 2458
f 2458 2457 2459
f 2460 2461 2462
f 2462 2461 2463
f 2462 2463 2464
f 2464 2463 2465
f 2464 2465 2466
f 2466 2465 2467
f 2466 2467 2468
f 2468 2467 2469
f 2468 2469 2470
f 2470 2469 2471
f 2470 2471 2472
f 2472 2471 2473
f 2472 2473 2474
f 2474 2473 2475
f 2474 2475 2476
f 2476 2475 2477
f 2476 2477 2478
f 2478 2477 2479
f 2478 2479 2480
f 2480 2479 2481
f 2480 2481 2482
f 2482 2481 2483
f 2482 2483 2484
f 2484 2483 2485
f 2484 2485 2486
f 2486 2485 2487
f 2486 2487 2488
f 2488 2487 2489
f 2488 2489 2490
f 2490 2489 2491
f 2490 2491 2492
f 2492 2491 2493
f 2492 2493 2494
f 2494 2493 2495
f 2494 2495 2496
f 2496 2495 2497
f 2496 2497 2498
f 2498 2497 2499
f 2498 2499 2500
f 2500 2499 2501
f 2500 2501 2502
f 2502 2501 2503
f 2502 2503 2504
f 2504 2503 2505
f 2504 2505 2506
f 2506 2505 2507
f 2506 2507 2508
f 2508 2507 2509
f 2508 2509 2510
f 2510 2509 2511
f 2510 2511 2512
f 2512 2511 2513
f 2512 2513 2514
f 2514 2513 2515
f 2514 2515 2516
f 2516 2515 2517
f 2461 2518 2463
f 2463 2518 2519
f 2463 2519 2465
f 2465 2519 2520
f 2465 2520 2467
f 2467 2520 2521
f 2467 2521 2469
f 2469 2521 2522
f 2469 2522 2471
f 2471 2522 2523
f 2471 2523 2473
f 2473 2523 2524
f 2473 2524 2475
f 2475 2524 2525
f 2475 2525 2477
f 2477 2525 2526
f 2477 2526 2479
f 2479 2526 2527
f 2479 2527 2481
f 2481 2527 2528
f 2481 2528 2483
f 2483 2528 2529
f 2483 2529 2485
f 2485 2529 2530
f 2485 2530 2487
f 2487 2530 2531
f 2487 2531 2489
f 2489 2531 2532
f 2489 2532 2491
f 2491 2532 2533
f 2491 2533 2493
f 2493 2533 2534
f 2493 2534 2495
f 2495 2534 2535
f 2495 2535 2497
f 2497 2535 2536
f 2497 2536 2499
f 2499 2536 2537
f 2499 2537 2501
f 2501 2537 2538
f 2501 2538 2503
f 2503 2538 2539
f 2503 2539 2505
f 2505 2539 2540
f 2505 2540 2507
f 2507 2540 2541
f 2507 2541 2509
f 2509 2541 2542
f 2509 2542 2511
f 2511 2542 2543
f 2511 2543 2513
f 2513 2543 2544
f 2513 2544 2515
f 2515 2544 2545
f 2515 2545 2517
f 2517 2545 2546
f 2518 2547 2519
f 2519 2547 2548
f 2519 2548 2520
f 2520 2548 2549
f 2520 2549 2521
f 2521 2549 2550
f 2521 2550 2522
f 2522 2550 2551
f 2522 2551 2523
f 2523 2551 2552
f 2523 2552 2524
f 2524 2552 2553
f 2524 2553 2525
f 2525 2553 2554
f 2525 2554 2526
f 2526 2554 2555
f 2526 2555 2527
f 2527 2555 2556
f 2527 2556 2528
f 2528 2556 2557
f 2528 2557 2529
f 2529 2557 2558
f 2529 2558 2530
f 2530 2558 2559
f 2530 2559 2531
f 2531 2559 2560
f 2531 2560 2532
f 2532 2560 2561
f 2532 2561 2533
f 2533 2561 2562
f 2533 2562 2534
f 2534 2562 2563
f 2534 2563 2535
f 2535 2563 2564
f 2535 2564 2536
f 2536 2564 2565
f 2536 2565 2537
f 2537 2565 2566
f 2537 2566 2538
f 2538 2566 2567
f 2538 2567 2539
f 2539 2567 2568
f 2539 2568 2540
f 2540 2568 2569
f 2540 2569 2541
f 2541 2569 2570
f 2541 2570 2542
f 2542 2570 2571
f 2542 2571 2543
f 2543 2571 2572
f 2543 2572 2544
f 2544 2572 2573
f 2544 2573 2545
f 2545 2573 2574
f 2545 2574 2546
f 2546 2574 2575
f 2547 2402 2548
f 2548 2402 2404
f 2548 2404 2549
f 2549 2404 2406
f 2549 2406 2550
f 2550 2406 2408
f 2550 2408 2551
f 2551 2408 2410
f 2551 2410 2552
f 2552 2410 2412
f 2552 2412 2553
f 2553 2412 2414
f 2553 2414 2554
f 2554 2414 2416
f 2554 2416 2555
f 2555 2416 2418
f 2555 2418 2556
f 2556 2418 2420
f 2556 2420 2557
f 2557 2420 2422
f 2557 2422 2558
f 2558 2422 2424
f 2558 2424 2559
f 2559 2424 2426
f 2559 2426 2560
f 2560 2426 2428
f 2560 2428 2561
f 2561 2428 2430
f 2561 2430 2562
f 2562 2430 2432
f 2562 2432 2563
f 2563 2432 2434
f 2563 2434 2564
f 2564 2434 2436
f 2564 2436 2565
f 2565 2436 2438
f 2565 2438 2566
f 2566 2438 2440
f 2566 2440 2567
f 2567 2440 2442
f 2567 2442 2568
f 2568 2442 2444
f 2568 2444 2569
f 2569 2444 2446
f 2569 2446 2570
f 2570 2446 2448
f 2570 2448 2571
f 2571 2448 2450
f 2571 2450 2572
f 2572 2450 2452
f 2572 2452 2573
f 2573 2452 2454
f 2573 2454 2574
f 2574 2454 2456
f 2574 2456 2575
f 2575 2456 2458
f 2576 2577 2578
f 2579 2576 2580
f 2581 2579 2582
f 2433 2431 2581
f 2581 2583 2433
f 2433 2583 2584
f 2433 2584 2435
f 2435 2584 2585
f 2435 2585 2437
f 2437 2585 2586
f 2437 2586 2439
f 2439 2586 2587
f 2439 2587 2441
f 2441 2587 2588
f 2441 2588 2443
f 2443 2588 2589
f 2443 2589 2445
f 2445 2589 2590
f 2445 2590 2447
f 2447 2590 2591
f 2447 2591 2449
f 2449 2591 2592
f 2449 2592 2451
f 2451 2592 2593
f 2451 2593 2453
f 2453 2593 2594
f 2453 2594 2455
f 2455 2594 2595
f 2455 2595 2457
f 2457 2595 2596
f 2457 2596 2459
f 2459 2596 2597
f 2459 2597 2598
f 2598 2597 2599
f 2598 2599 2600
f 2600 2599 2601
f 2600 2601 2602
f 2602 2601 2603
f 2602 2603 2604
f 2604 2603 2605
f 2604 2605 2606
f 2606 2605 2607
f 2606 2607 2608
f 2608 2607 2609
f 2608 2609 2610
f 2610 2609 2611
f 2610 2611 2612
f 2612 2611 2613
f 2612 2613 2614
f 2614 2613 2615
f 2614 2615 2616
f 2616 2615 2617
f 2616 2617 2618
f 2618 2617 2619
f 2618 2619 2620
f 2620 2619 2621
f 2620 2621 2622
f 2622 2621 2623
f 2622 2623 2624
f 2625 2626 2627
f 2627 2628 2625
f 2625 2628 2629
f 2625 2629 2630
f 2630 2629 2631
f 2630 2631 2632
f 2632 2631 2633
f 2632 2633 2634
f 2634 2633 2635
f 2634 2635 2636
f 2636 2635 2637
f 2636 2637 2638
f 2638 2637 2639
f 2638 2639 2640
f 2640 2639 2641
f 2640 2641 2642
f 2642 2641 2643
f 2642 2643 2644
f 2644 2643 2645
f 2644 2645 2646
f 2646 2645 2647
f 2646 2647 2648
f 2648 2647 2649
f 2648 2649 2650
f 2650 2649 2651
f 2650 2651 2652
f 2652 2651 2653
f 2652 2653 2516
f 2516 2653 2654
f 2516 2654 2514
f 2514 2654 2655
f 2514 2655 2512
f 2512 2655 2656
f 2512 2656 2510
f 2510 2656 2657
f 2510 2657 2508
f 2508 2657 2658
f 2508 2658 2506
f 2506 2658 2659
f 2506 2659 2504
f 2504 2659 2660
f 2504 2660 2502
f 2502 2660 2661
f 2502 2661 2500
f 2500 2661 2662
f 2500 2662 2498
f 2498 2662 2663
f 2498 2663 2496
f 2496 2663 2664
f 2496 2664 2494
f 2494 2664 2665
f 2494 2665 2492
f 2492 2665 2578
f 2492 2578 2490
f 2490 2578 2577
f 2490 2577 2488
f 2581 2582 2583
f 2583 2582 2666
f 2583 2666 2584
f 2584 2666 2667
f 2584 2667 2585
f 2585 2667 2668
f 2585 2668 2586
f 2586 2668 2669
f 2586 2669 2587
f 2587 2669 2670
f 2587 2670 2588
f 2588 2670 2671
f 2588 2671 2589
f 2589 2671 2672
f 2589 2672 2590
f 2590 2672 2673
f 2590 2673 2591
f 2591 2673 2674
f 2591 2674 2592
f 2592 2674 2675
f 2592 2675 2593
f 2593 2675 2676
f 2593 2676 2594
f 2594 2676 2677
f 2594 2677 2595
f 2595 2677 2678
f 2595 2678 2596
f 2596 2678 2679
f 2596 2679 2597
f 2597 2679 2680
f 2597 2680 2599
f 2599 2680 2681
f 2599 2681 2601
f 2601 2681 2682
f 2601 2682 2603
f 2603 2682 2683
f 2603 2683 2605
f 2605 2683 2684
f 2605 2684 2607
f 2607 2684 2685
f 2607 2685 2609
f 2609 2685 2686
f 2609 2686 2611
f 2611 2686 2687
f 2611 2687 2613
f 2613 2687 2688
f 2613 2688 2615
f 2615 2688 2689
f 2615 2689 2617
f 2617 2689 2690
f 2617 2690 2619
f 2619 2690 2691
f 2619 2691 2621
f 2621 2691 2692
f 2621 2692 2623
f 2579 2580 2582
f 2582 2580 2693
f 2582 2693 2666
f 2666 2693 2694
f 2666 2694 2667
f 2667 2694 2695
f 2667 2695 2668
f 2668 2695 2696
f 2668 2696 2669
f 2669 2696 2697
f 2669 2697 2670
f 2670 2697 2698
f 2670 2698 2671
f 2671 2698 2699
f 2671 2699 2672
f 2672 2699 2700
f 2672 2700 2673
f 2673 2700 2701
f 2673 2701 2674
f 2674 2701 2702
f 2674 2702 2675
f 2675 2702 2703
f 2675 2703 2676
f 2676 2703 2704
f 2676 2704 2677
f 2677 2704 2705
f 2677 2705 2678
f 2678 2705 2706
f 2678 2706 2679
f 2679 2706 2707
f 2679 2707 2680
f 2680 2707 2708
f 2680 2708 2681
f 2681 2708 2709
f 2681 2709 2682
f 2682 2709 2710
f 2682 2710 2683
f 2683 2710 2711
f 2683 2711 2684
f 2684 2711 2712
f 2684 2712 2685
f 2685 2712 2713
f 2685 2713 2686
f 2686 2713 2714
f 2686 2714 2687
f 2687 2714 2715
f 2687 2715 2688
f 2688 2715 2716
f 2688 2716 2689
f 2689 2716 2717
f 2689 2717 2690
f 2690 2717 2718
f 2690 2718 2691
f 2691 2718 2719
f 2691 2719 2692
f 2576 2578 2580
f 2580 2578 2665
f 2580 2665 2693
f 2693 2665 2664
f 2693 2664 2694
f 2694 2664 2663
f 2694 2663 2695
f 2695 2663 2662
f 2695 2662 2696
f 2696 2662 2661
f 2696 2661 2697
f 2697 2661 2660
f 2697 2660 2698
f 2698 2660 2659
f 2698 2659 2699
f 2699 2659 2658
f 2699 2658 2700
f 2700 2658 2657
f 2700 2657 2701
f 2701 2657 2656
f 2701 2656 2702
f 2702 2656 2655
f 2702 2655 2703
f 2703 2655 2654
f 2703 2654 2704
f 2704 2654 2653
f 2704 2653 2705
f 2705 2653 2651
f 2705 2651 2706
f 2706 2651 2649
f 2706 2649 2707
f 2707 2649 2647
f 2707 2647 2708
f 2708 2647 2645
f 2708 2645 2709
f 2709 2645 2643
f 2709 2643 2710
f 2710 2643 2641
f 2710 2641 2711
f 2711 2641 2639
f 2711 2639 2712
f 2712 2639 2637
f 2712 2637 2713
f 2713 2637 2635
f 2713 2635 2714
f 2714 2635 2633
f 2714 2633 2715
f 2715 2633 2631
f 2715 2631 2716
f 2716 2631 2629
f 2716 2629 2717
f 2717 2629 2628
f 2717 2628 2718
f 2718 2628 2627
f 2718 2627 2719
f 2624 2623 2720
f 2624 2720 2721
f 2721 2720 2722
f 2721 2722 2723
f 2723 2722 2724
f 2723 2724 2725
f 2725 2724 2726
f 2725 2726 2727
f 2727 2726 2728
f 2727 2728 2729
f 2729 2728 2730
f 2729 2730 2731
f 2731 2730 2732
f 2731 2732 2733
f 2733 2732 2734
f 2733 2734 2735
f 2735 2734 2736
f 2735 2736 2737
f 2737 2736 2738
f 2737 2738 2739
f 2739 2738 2740
f 2739 2740 2741
f 2741 2740 2742
f 2741 2742 2743
f 2743 2742 2744
f 2743 2744 2745
f 2745 2744 2746
f 2745 2746 2403
f 2403 2746 2747
f 2403 2747 2405
f 2405 2747 2748
f 2405 2748 2407
f 2407 2748 2749
f 2407 2749 2409
f 2409 2749 2750
f 2409 2750 2411
f 2411 2750 2751
f 2411 2751 2413
f 2413 2751 2752
f 2413 2752 2415
f 2415 2752 2753
f 2415 2753 2417
f 2417 2753 2754
f 2417 2754 2419
f 2419 2754 2755
f 2419 2755 2421
f 2421 2755 2756
f 2421 2756 2423
f 2423 2756 2757
f 2423 2757 2425
f 2425 2757 2758
f 2425 2758 2427
f 2427 2758 2759
f 2427 2759 2429
f 2429 2759 2581
f 2429 2581 2431
f 2486 2488 2577
f 2577 2760 2486
f 2486 2760 2761
f 2486 2761 2484
f 2484 2761 2762
f 2484 2762 2482
f 2482 2762 2763
f 2482 2763 2480
f 2480 2763 2764
f 2480 2764 2478
f 2478 2764 2765
f 2478 2765 2476
f 2476 2765 2766
f 2476 2766 2474
f 2474 2766 2767
f 2474 2767 2472
f 2472 2767 2768
f 2472 2768 2470
f 2470 2768 2769
f 2470 2769 2468
f 2468 2769 2770
f 2468 2770 2466
f 2466 2770 2771
f 2466 2771 2464
f 2464 2771 2772
f 2464 2772 2462
f 2462 2772 2773
f 2462 2773 2460
f 2460 2773 2774
f 2460 2774 2775
f 2775 2774 2776
f 2775 2776 2777
f 2777 2776 2778
f 2777 2778 2779
f 2779 2778 2780
f 2779 2780 2781
f 2781 2780 2782
f 2781 2782 2783
f 2783 2782 2784
f 2783 2784 2785
f 2785 2784 2786
f 2785 2786 2787
f 2787 2786 2788
f 2787 2788 2789
f 2789 2788 2790
f 2789 2790 2791
f 2791 2790 2792
f 2791 2792 2793
f 2793 2792 2794
f 2793 2794 2795
f 2795 2794 2796
f 2795 2796 2797
f 2797 2796 2798
f 2797 2798 2799
f 2626 2799 2627
f 2627 2799 2798
f 2627 2798 2719
f 2692 2719 2800
f 2623 2692 2801
f 2623 2801 2720
f 2720 2801 2802
f 2720 2802 2722
f 2722 2802 2803
f 2722 2803 2724
f 2724 2803 2804
f 2724 2804 2726
f 2726 2804 2805
f 2726 2805 2728
f 2728 2805 2806
f 2728 2806 2730
f 2730 2806 2807
f 2730 2807 2732
f 2732 2807 2808
f 2732 2808 2734
f 2734 2808 2809
f 2734 2809 2736
f 2736 2809 2810
f 2736 2810 2738
f 2738 2810 2811
f 2738 2811 2740
f 2740 2811 2812
f 2740 2812 2742
f 2742 2812 2813
f 2742 2813 2744
f 2744 2813 2814
f 2744 2814 2746
f 2746 2814 2815
f 2746 2815 2747
f 2747 2815 2816
f 2747 2816 2748
f 2748 2816 2817
f 2748 2817 2749
f 2749 2817 2818
f 2749 2818 2750
f 2750 2818 2819
f 2750 2819 2751
f 2751 2819 2820
f 2751 2820 2752
f 2752 2820 2821
f 2752 2821 2753
f 2753 2821 2822
f 2753 2822 2754
f 2754 2822 2823
f 2754 2823 2755
f 2755 2823 2824
f 2755 2824 2756
f 2756 2824 2825
f 2756 2825 2757
f 2757 2825 2826
f 2757 2826 2758
f 2758 2826 2827
f 2758 2827 2759
f 2759 2827 2579
f 2759 2579 2581
f 2692 2800 2801
f 2801 2800 2828
f 2801 2828 2802
f 2802 2828 2829
f 2802 2829 2803
f 2803 2829 2830
f 2803 2830 2804
f 2804 2830 2831
f 2804 2831 2805
f 2805 2831 2832
f 2805 2832 2806
f 2806 2832 2833
f 2806 2833 2807
f 2807 2833 2834
f 2807 2834 2808
f 2808 2834 2835
f 2808 2835 2809
f 2809 2835 2836
f 2809 2836 2810
f 2810 2836 2837
f 2810 2837 2811
f 2811 2837 2838
f 2811 2838 2812
f 2812 2838 2839
f 2812 2839 2813
f 2813 2839 2840
f 2813 2840 2814
f 2814 2840 2841
f 2814 2841 2815
f 2815 2841 2842
f 2815 2842 2816
f 2816 2842 2843
f 2816 2843 2817
f 2817 2843 2844
f 2817 2844 2818
f 2818 2844 2845
f 2818 2845 2819
f 2819 2845 2846
f 2819 2846 2820
f 2820 2846 2847
f 2820 2847 2821
f 2821 2847 2848
f 2821 2848 2822
f 2822 2848 2849
f 2822 2849 2823
f 2823 2849 2850
f 2823 2850 2824
f 2824 2850 2851
f 2824 2851 2825
f 2825 2851 2852
f 2825 2852 2826
f 2826 2852 2853
f 2826 2853 2827
f 2827 2853 2576
f 2827 2576 2579
f 2719 2798 2800
f 2800 2798 2796
f 2800 2796 2828
f 2828 2796 2794
f 2828 2794 2829
f 2829 2794 2792
f 2829 2792 2830
f 2830 2792 2790
f 2830 2790 2831
f 2831 2790 2788
f 2831 2788 2832
f 2832 2788 2786
f 2832 2786 2833
f 2833 2786 2784
f 2833 2784 2834
f 2834 2784 2782
f 2834 2782 2835
f 2835 2782 2780
f 2835 2780 2836
f 2836 2780 2778
f 2836 2778 2837
f 2837 2778 2776
f 2837 2776 2838
f 2838 2776 2774
f 2838 2774 2839
f 2839 2774 2773
f 2839 2773 2840
f 2840 2773 2772
f 2840 2772 2841
f 2841 2772 2771
f 2841 2771 2842
f 2842 2771 2770
f 2842 2770 2843
f 2843 2770 2769
f 2843 2769 2844
f 2844 2769 2768
f 2844 2768 2845
f 2845 2768 2767
f 2845 2767 2846
f 2846 2767 2766
f 2846 2766 2847
f 2847 2766 2765
f 2847 2765 2848
f 2848 2765 2764
f 2848 2764 2849
f 2849 2764 2763
f 2849 2763 2850
f 2850 2763 2762
f 2850 2762 2851
f 2851 2762 2761
f 2851 2761 2852
f 2852 2761 2760
f 2852 2760 2853
f 2853 2760 2577
f 2853 2577 2576
f 2458 2459 2854
f 2854 2459 2598
f 2854 2598 2855
f 2855 2598 2600
f 2855 2600 2856
f 2856 2600 2602
f 2856 2602 2857
f 2857 2602 2604
f 2857 2604 2858
f 2858 2604 2606
f 2858 2606 2859
f 2859 2606 2608
f 2859 2608 2860
f 2860 2608 2610
f 2860 2610 2861
f 2861 2610 2612
f 2861 2612 2862
f 2862 2612 2614
f 2862 2614 2863
f 2863 2614 2616
f 2863 2616 2864
f 2864 2616 2618
f 2864 2618 2865
f 2865 2618 2620
f 2865 2620 2866
f 2866 2620 2622
f 2866 2622 2867
f 2867 2622 2624
f 2867 2624 2868
f 2868 2624 2721
f 2868 2721 2869
f 2869 2721 2723
f 2869 2723 2870
f 2870 2723 2725
f 2870 2725 2871
f 2871 2725 2727
f 2871 2727 2872
f 2872 2727 2729
f 2872 2729 2873
f 2873 2729 2731
f 2873 2731 2874
f 2874 2731 2733
f 2874 2733 2875
f 2875 2733 2735
f 2875 2735 2876
f 2876 2735 2737
f 2876 2737 2877
f 2877 2737 2739
f 2877 2739 2878
f 2878 2739 2741
f 2878 2741 2879
f 2879 2741 2743
f 2879 2743 2880
f 2880 2743 2745
f 2880 2745 2402
f 2402 2745 2403
f 2516 2517 2652
f 2652 2517 2881
f 2652 2881 2650
f 2650 2881 2882
f 2650 2882 2648
f 2648 2882 2883
f 2648 2883 2646
f 2646 2883 2884
f 2646 2884 2644
f 2644 2884 2885
f 2644 2885 2642
f 2642 2885 2886
f 2642 2886 2640
f 2640 2886 2887
f 2640 2887 2638
f 2638 2887 2888
f 2638 2888 2636
f 2636 2888 2889
f 2636 2889 2634
f 2634 2889 2890
f 2634 2890 2632
f 2632 2890 2891
f 2632 2891 2630
f 2630 2891 2892
f 2630 2892 2625
f 2625 2892 2893
f 2625 2893 2626
f 2626 2893 2894
f 2626 2894 2799
f 2799 2894 2895
f 2799 2895 2797
f 2797 2895 2896
f 2797 2896 2795
f 2795 2896 2897
f 2795 2897 2793
f 2793 2897 2898
f 2793 2898 2791
f 2791 2898 2899
f 2791 2899 2789
f 2789 2899 2900
f 2789 2900 2787
f 2787 2900 2901
f 2787 2901 2785
f 2785 2901 2902
f 2785 2902 2783
f 2783 2902 2903
f 2783 2903 2781
f 2781 2903 2904
f 2781 2904 2779
f 2779 2904 2905
f 2779 2905 2777
f 2777 2905 2906
f 2777 2906 2775
f 2775 2906 2907
f 2775 2907 2460
f 2460 2907 2461
f 2517 2546 2881
f 2881 2546 2908
f 2881 2908 2882
f 2882 2908 2909
f 2882 2909 2883
f 2883 2909 2910
f 2883 2910 2884
f 2884 2910 2911
f 2884 2911 2885
f 2885 2911 2912
f 2885 2912 2886
f 2886 2912 2913
f 2886 2913 2887
f 2887 2913 2914
f 2887 2914 2888
f 2888 2914 2915
f 2888 2915 2889
f 2889 2915 2916
f 2889 2916 2890
f 2890 2916 2917
f 2890 2917 2891
f 2891 2917 2918
f 2891 2918 2892
f 2892 2918 2919
f 2892 2919 2893
f 2893 2919 2920
f 2893 2920 2894
f 2894 2920 2921
f 2894 2921 2895
f 2895 2921 2922
f 2895 2922 2896
f 2896 2922 2923
f 2896 2923 2897
f 2897 2923 2924
f 2897 2924 2898
f 2898 2924 2925
f 2898 2925 2899
f 2899 2925 2926
f 2899 2926 2900
f 2900 2926 2927
f 2900 2927 2901
f 2901 2927 2928
f 2901 2928 2902
f 2902 2928 2929
f 2902 2929 2903
f 2903 2929 2930
f 2903 2930 2904
f 2904 2930 2931
f 2904 2931 2905
f 2905 2931 2932
f 2905 2932 2906
f 2906 2932 2933
f 2906 2933 2907
f 2907 2933 2934
f 2907 2934 2461
f 2461 2934 2518
f 2546 2575 2908
f 2908 2575 2935
f 2908 2935 2909
f 2909 2935 2936
f 2909 2936 2910
f 2910 2936 2937
f 2910 2937 2911
f 2911 2937 2938
f 2911 2938 2912
f 2912 2938 2939
f 2912 2939 2913
f 2913 2939 2940
f 2913 2940 2914
f 2914 2940 2941
f 2914 2941 2915
f 2915 2941 2942
f 2915 2942 2916
f 2916 2942 2943
f 2916 2943 2917
f 2917 2943 2944
f 2917 2944 2918
f 2918 2944 2945
f 2918 2945 2919
f 2919 2945 2946
f 2919 2946 2920
f 2920 2946 2947
f 2920 2947 2921
f 2921 2947 2948
f 2921 2948 2922
f 2922 2948 2949
f 2922 2949 2923
f 2923 2949 2950
f 2923 2950 2924
f 2924 2950 2951
f 2924 2951 2925
f 2925 2951 2952
f 2925 2952 2926
f 2926 2952 2953
f 2926 2953 2927
f 2927 2953 2954
f 2927 2954 2928
f 2928 2954 2955
f 2928 2955 2929
f 2929 2955 2956
f 2929 2956 2930
f 2930 2956 2957
f 2930 2957 2931
f 2931 2957 2958
f 2931 2958 2932
f 2932 2958 2959
f 2932 2959 2933
f 2933 2959 2960
f 2933 2960 2934
f 2934 2960 2961
f 2934 2961 2518
f 2518 2961 2547
f 2575 2458 2935
f 2935 2458 2854
f 2935 2854 2936
f 2936 2854 2855
f 2936 2855 2937
f 2937 2855 2856
f 2937 2856 2938
f 2938 2856 2857
f 2938 2857 2939
f 2939 2857 2858
f 2939 2858 2940
f 2940 2858 2859
f 2940 2859 2941
f 2941 2859 2860
f 2941 2860 2942
f 2942 2860 2861
f 2942 2861 2943
f 2943 2861 2862
f 2943 2862 2944
f 2944 2862 2863
f 2944 2863 2945
f 2945 2863 2864
f 2945 2864 2946
f 2946 2864 2865
f 2946 2865 2947
f 2947 2865 2866
f 2947 2866 2948
f 2948 2866 2867
f 2948 2867 2949
f 2949 2867 2868
f 2949 2868 2950
f 2950 2868 2869
f 2950 2869 2951
f 2951 2869 2870
f 2951 2870 2952
f 2952 2870 2871
f 2952 2871 2953
f 2953 2871 2872
f 2953 2872 2954
f 2954 2872 2873
f 2954 2873 2955
f 2955 2873 2874
f 2955 2874 2956
f 2956 2874 2875
f 2956 2875 2957
f 2957 2875 2876
f 2957 2876 2958
f 2958 2876 2877
f 2958 2877 2959
f 2959 2877 2878
f 2959 2878 2960
f 2960 2878 2879
f 2960 2879 2961
f 2961 2879 2880
f 2961 2880 2547
f 2547 2880 2402
f 2516 2962 2963
f 2963 2962 2964
f 2963 2964 2965
f 2965 2964 2966
f 2965 2966 2967
f 2967 2966 2968
f 2967 2968 2969
f 2969 2968 2970
f 2969 2970 2971
f 2971 2970 2972
f 2971 2972 2973
f 2973 2972 2974
f 2973 2974 2626
f 2626 2974 2975
f 2626 2975 2976
f 2976 2975 2977
f 2976 2977 2978
f 2978 2977 2979
f 2978 2979 2980
f 2980 2979 2981
f 2980 2981 2982
f 2982 2981 2983
f 2982 2983 2984
f 2984 2983 2985
f 2984 2985 2986
f 2986 2985 2987
f 2986 2987 2460
f 2460 2987 2988
f 2460 2988 2989
f 2989 2988 2990
f 2989 2990 2991
f 2991 2990 2992
f 2991 2992 2993
f 2993 2992 2994
f 2993 2994 2995
f 2995 2994 2996
f 2995 2996 2997
f 2997 2996 2998
f 2997 2998 2999
f 2999 2998 3000
f 2999 3000 2488
f 2488 3000 3001
f 2488 3001 3002
f 3002 3001 3003
f 3002 3003 3004
f 3004 3003 3005
f 3004 3005 3006
f 3006 3005 3007
f 3006 3007 3008
f 3008 3007 3009
f 3008 3009 3010
f 3010 3009 3011
f 3010 3011 3012
f 3012 3011 3013
f 3012 3013 2516
f 2516 3013 2962
f 3014 3015 2979
f 3003 3016 3017
f 2979 3015 2981
f 3013 3018 2962
f 2962 3018 3019
f 2962 3019 2964
f 3009 3020 3021
f 3003 3017 3005
f 3009 3021 3011
f 3014 2979 3022
f 3022 2979 2977
f 3022 2977 3023
f 3023 2977 3024
f 3024 2977 2975
f 3024 2975 3025
f 2970 3026 3027
f 3021 3028 3011
f 3011 3028 3029
f 3011 3029 3013
f 3013 3029 3030
f 3013 3030 3018
f 3020 3009 3031
f 3031 3009 3007
f 3031 3007 3032
f 3017 3033 3005
f 3005 3033 3034
f 3005 3034 3007
f 3007 3034 3035
f 3007 3035 3032
f 3016 3003 3036
f 3036 3003 3001
f 3036 3001 3037
f 2994 2992 3038
f 2974 3039 2975
f 2975 3039 3040
f 2975 3040 3025
f 2970 3027 2972
f 3026 2970 3041
f 3041 2970 2968
f 3041 2968 3042
f 2966 3043 2968
f 2968 3043 3044
f 2968 3044 3042
f 3000 3045 3001
f 3001 3045 3046
f 3001 3046 3037
f 3047 2996 3048
f 3048 2996 2994
f 3048 2994 3049
f 3049 2994 3038
f 2983 3050 3051
f 3027 3052 2972
f 2972 3052 3053
f 2972 3053 2974
f 2974 3053 3054
f 2974 3054 3039
f 3047 3055 2996
f 2996 3055 3056
f 2996 3056 2998
f 2983 3051 2985
f 3015 3057 2981
f 2981 3057 3058
f 2981 3058 2983
f 2983 3058 3059
f 2983 3059 3050
f 3019 3060 2964
f 2964 3060 3061
f 2964 3061 2966
f 2966 3061 3062
f 2966 3062 3043
f 3056 3063 2998
f 2998 3063 3064
f 2998 3064 3000
f 3000 3064 3065
f 3000 3065 3045
f 2990 3066 2992
f 2992 3066 3067
f 2992 3067 3038
f 2987 3068 2988
f 2988 3068 3069
f 2988 3069 2990
f 2990 3069 3070
f 2990 3070 3066
f 3051 3071 2985
f 2985 3071 3072
f 2985 3072 2987
f 2987 3072 3073
f 2987 3073 3068
f 3074 3075 3076
f 3076 3075 3077
f 3076 3077 3078
f 3078 3077 3079
f 3078 3079 3080
f 3080 3079 3081
f 3080 3081 3082
f 3082 3081 3083
f 3082 3083 3084
f 3084 3083 3085
f 3084 3085 3086
f 3086 3085 3087
f 3086 3087 3088
f 3088 3087 3089
f 3088 3089 3090
f 3090 3089 3091
f 3090 3091 3092
f 3092 3091 3093
f 3092 3093 3094
f 3094 3093 3095
f 3094 3095 3096
f 3096 3095 3097
f 3096 3097 3098
f 3098 3097 3099
f 3098 3099 3100
f 3100 3099 3101
f 3100 3101 3102
f 3102 3101 3103
f 3102 3103 3104
f 3104 3103 3105
f 3104 3105 3106
f 3106 3105 3107
f 3106 3107 3108
f 3108 3107 3109
f 3108 3109 3110
f 3110 3109 3111
f 3110 3111 3112
f 3112 3111 3113
f 3112 3113 3114
f 3114 3113 3115
f 3114 3115 3116
f 3116 3115 3117
f 3116 3117 3118
f 3118 3117 3119
f 3118 3119 3120
f 3120 3119 3121
f 3120 3121 3122
f 3122 3121 3123
f 3122 3123 3124
f 3124 3123 3125
f 3124 3125 3126
f 3126 3125 3127
f 3126 3127 3128
f 3128 3127 3129
f 3128 3129 3130
f 3130 3129 3131
f 3130 3131 3132
f 3131 3133 3132
f 3132 3133 3134
f 3132 3134 3135
f 3136 3019 3137
f 3137 3019 3018
f 3137 3018 3138
f 3138 3018 3030
f 3138 3030 3139
f 3139 3030 3029
f 3139 3029 3140
f 3140 3029 3028
f 3140 3028 3141
f 3141 3028 3021
f 3141 3021 3142
f 3142 3021 3020
f 3142 3020 3143
f 3143 3020 3031
f 3143 3031 3144
f 3144 3031 3032
f 3144 3032 3145
f 3145 3032 3035
f 3145 3035 3146
f 3146 3035 3034
f 3146 3034 3147
f 3147 3034 3033
f 3147 3033 3148
f 3148 3033 3017
f 3148 3017 3149
f 3149 3017 3016
f 3149 3016 3150
f 3150 3016 3036
f 3150 3036 3151
f 3151 3036 3037
f 3151 3037 3152
f 3152 3037 3046
f 3152 3046 3153
f 3153 3046 3045
f 3153 3045 3154
f 3154 3045 3065
f 3154 3065 3155
f 3155 3065 3064
f 3155 3064 3156
f 3156 3064 3063
f 3156 3063 3157
f 3157 3063 3056
f 3157 3056 3158
f 3158 3056 3055
f 3158 3055 3159
f 3159 3055 3047
f 3159 3047 3160
f 3160 3047 3048
f 3160 3048 3161
f 3161 3048 3049
f 3161 3049 3162
f 3162 3049 3038
f 3162 3038 3163
f 3163 3038 3067
f 3163 3067 3164
f 3164 3067 3066
f 3164 3066 3165
f 3165 3066 3070
f 3165 3070 3166
f 3166 3070 3069
f 3075 3136 3077
f 3077 3136 3137
f 3077 3137 3079
f 3079 3137 3138
f 3079 3138 3081
f 3081 3138 3139
f 3081 3139 3083
f 3083 3139 3140
f 3083 3140 3085
f 3085 3140 3141
f 3085 3141 3087
f 3087 3141 3142
f 3087 3142 3089
f 3089 3142 3143
f 3089 3143 3091
f 3091 3143 3144
f 3091 3144 3093
f 3093 3144 3145
f 3093 3145 3095
f 3095 3145 3146
f 3095 3146 3097
f 3097 3146 3147
f 3097 3147 3099
f 3099 3147 3148
f 3099 3148 3101
f 3101 3148 3149
f 3101 3149 3103
f 3103 3149 3150
f 3103 3150 3105
f 3105 3150 3151
f 3105 3151 3107
f 3107 3151 3152
f 3107 3152 3109
f 3109 3152 3153
f 3109 3153 3111
f 3111 3153 3154
f 3111 3154 3113
f 3113 3154 3155
f 3113 3155 3115
f 3115 3155 3156
f 3115 3156 3117
f 3117 3156 3157
f 3117 3157 3119
f 3119 3157 3158
f 3119 3158 3121
f 3121 3158 3159
f 3121 3159 3123
f 3123 3159 3160
f 3123 3160 3125
f 3125 3160 3161
f 3125 3161 3127
f 3127 3161 3162
f 3127 3162 3129
f 3129 3162 3163
f 3129 3163 3131
f 3131 3163 3164
f 3131 3164 3133
f 3133 3164 3165
f 3133 3165 3134
f 3134 3165 3166
f 3135 3134 3167
f 3167 3134 3168
f 3167 3168 3169
f 3169 3168 3170
f 3169 3170 3171
f 3171 3170 3172
f 3171 3172 3173
f 3173 3172 3174
f 3173 3174 3175
f 3175 3174 3176
f 3175 3176 3177
f 3177 3176 3178
f 3177 3178 3179
f 3179 3178 3180
f 3179 3180 3181
f 3181 3180 3182
f 3181 3182 3183
f 3183 3182 3184
f 3183 3184 3185
f 3185 3184 3186
f 3185 3186 3187
f 3187 3186 3188
f 3187 3188 3189
f 3189 3188 3190
f 3189 3190 3191
f 3191 3190 3192
f 3191 3192 3193
f 3193 3192 3194
f 3193 3194 3195
f 3195 3194 3196
f 3195 3196 3197
f 3197 3196 3198
f 3197 3198 3199
f 3199 3198 3200
f 3199 3200 3201
f 3201 3200 3202
f 3201 3202 3203
f 3203 3202 3204
f 3203 3204 3205
f 3205 3204 3206
f 3205 3206 3207
f 3207 3206 3208
f 3207 3208 3209
f 3209 3208 3210
f 3209 3210 3211
f 3211 3210 3212
f 3211 3212 3213
f 3213 3212 3214
f 3213 3214 3215
f 3215 3214 3216
f 3215 3216 3217
f 3217 3216 3218
f 3217 3218 3219
f 3219 3218 3220
f 3219 3220 3221
f 3221 3220 3222
f 3221 3222 3223
f 3222 3224 3223
f 3223 3224 3075
f 3223 3075 3074
f 3166 3069 3225
f 3225 3069 3068
f 3225 3068 3226
f 3226 3068 3073
f 3226 3073 3227
f 3227 3073 3072
f 3227 3072 3228
f 3228 3072 3071
f 3228 3071 3229
f 3229 3071 3051
f 3229 3051 3230
f 3230 3051 3050
f 3230 3050 3231
f 3231 3050 3059
f 3231 3059 3232
f 3232 3059 3058
f 3232 3058 3233
f 3233 3058 3057
f 3233 3057 3234
f 3234 3057 3015
f 3234 3015 3235
f 3235 3015 3014
f 3235 3014 3236
f 3236 3014 3022
f 3236 3022 3237
f 3237 3022 3023
f 3237 3023 3238
f 3238 3023 3024
f 3238 3024 3239
f 3239 3024 3025
f 3239 3025 3240
f 3240 3025 3040
f 3240 3040 3241
f 3241 3040 3039
f 3241 3039 3242
f 3242 3039 3054
f 3242 3054 3243
f 3243 3054 3053
f 3243 3053 3244
f 3244 3053 3052
f 3244 3052 3245
f 3245 3052 3027
f 3245 3027 3246
f 3246 3027 3026
f 3246 3026 3247
f 3247 3026 3041
f 3247 3041 3248
f 3248 3041 3042
f 3248 3042 3249
f 3249 3042 3044
f 3249 3044 3250
f 3250 3044 3043
f 3250 3043 3251
f 3251 3043 3062
f 3251 3062 3252
f 3252 3062 3061
f 3252 3061 3253
f 3253 3061 3060
f 3253 3060 3136
f 3136 3060 3019
f 3134 3166 3168
f 3168 3166 3225
f 3168 3225 3170
f 3170 3225 3226
f 3170 3226 3172
f 3172 3226 3227
f 3172 3227 3174
f 3174 3227 3228
f 3174 3228 3176
f 3176 3228 3229
f 3176 3229 3178
f 3178 3229 3230
f 3178 3230 3180
f 3180 3230 3231
f 3180 3231 3182
f 3182 3231 3232
f 3182 3232 3184
f 3184 3232 3233
f 3184 3233 3186
f 3186 3233 3234
f 3186 3234 3188
f 3188 3234 3235
f 3188 3235 3190
f 3190 3235 3236
f 3190 3236 3192
f 3192 3236 3237
f 3192 3237 3194
f 3194 3237 3238
f 3194 3238 3196
f 3196 3238 3239
f 3196 3239 3198
f 3198 3239 3240
f 3198 3240 3200
f 3200 3240 3241
f 3200 3241 3202
f 3202 3241 3242
f 3202 3242 3204
f 3204 3242 3243
f 3204 3243 3206
f 3206 3243 3244
f 3206 3244 3208
f 3208 3244 3245
f 3208 3245 3210
f 3210 3245 3246
f 3210 3246 3212
f 3212 3246 3247
f 3212 3247 3214
f 3214 3247 3248
f 3214 3248 3216
f 3216 3248 3249
f 3216 3249 3218
f 3218 3249 3250
f 3218 3250 3220
f 3220 3250 3251
f 3220 3251 3222
f 3222 3251 3252
f 3222 3252 3224
f 3224 3252 3253
f 3224 3253 3075
f 3075 3253 3136
f 3254 3255 3074
f 3256 3132 3257
f 3257 3132 3135
f 3074 3076 3254
f 3254 3076 3078
f 3254 3078 3258
f 3258 3078 3080
f 3258 3080 3259
f 3259 3080 3260
f 3260 3080 3082
f 3260 3082 3261
f 3261 3082 3084
f 3261 3084 3262
f 3262 3084 3086
f 3262 3086 3263
f 3263 3086 3088
f 3263 3088 3264
f 3264 3088 3090
f 3264 3090 3265
f 3265 3090 3092
f 3265 3092 3266
f 3266 3092 3267
f 3267 3092 3094
f 3267 3094 3268
f 3268 3094 3096
f 3268 3096 3269
f 3269 3096 3098
f 3269 3098 3270
f 3270 3098 3100
f 3270 3100 3271
f 3271 3100 3102
f 3271 3102 3272
f 3272 3102 3104
f 3272 3104 3273
f 3273 3104 3106
f 3273 3106 3274
f 3274 3106 3108
f 3274 3108 3275
f 3275 3108 3110
f 3275 3110 3276
f 3276 3110 3112
f 3276 3112 3277
f 3277 3112 3114
f 3277 3114 3278
f 3278 3114 3116
f 3278 3116 3279
f 3279 3116 3280
f 3280 3116 3118
f 3280 3118 3281
f 3281 3118 3120
f 3281 3120 3282
f 3282 3120 3122
f 3282 3122 3283
f 3283 3122 3124
f 3283 3124 3284
f 3284 3124 3126
f 3284 3126 3285
f 3285 3126 3128
f 3285 3128 3286
f 3286 3128 3256
f 3256 3128 3130
f 3256 3130 3132
f 3287 3223 3255
f 3255 3223 3074
f 3288 3257 3135
f 3135 3167 3288
f 3288 3167 3169
f 3288 3169 3289
f 3289 3169 3171
f 3289 3171 3290
f 3290 3171 3291
f 3291 3171 3173
f 3291 3173 3292
f 3292 3173 3175
f 3292 3175 3293
f 3293 3175 3177
f 3293 3177 3294
f 3294 3177 3179
f 3294 3179 3295
f 3295 3179 3181
f 3295 3181 3296
f 3296 3181 3183
f 3296 3183 3297
f 3297 3183 3298
f 3298 3183 3185
f 3298 3185 3299
f 3299 3185 3187
f 3299 3187 3300
f 3300 3187 3189
f 3300 3189 3301
f 3301 3189 3191
f 3301 3191 3302
f 3302 3191 3193
f 3302 3193 3303
f 3303 3193 3195
f 3303 3195 3304
f 3304 3195 3197
f 3304 3197 3305
f 3305 3197 3199
f 3305 3199 3306
f 3306 3199 3201
f 3306 3201 3307
f 3307 3201 3203
f 3307 3203 3308
f 3308 3203 3205
f 3308 3205 3309
f 3309 3205 3207
f 3309 3207 3310
f 3310 3207 3311
f 3311 3207 3209
f 3311 3209 3312
f 3312 3209 3211
f 3312 3211 3313
f 3313 3211 3213
f 3313 3213 3314
f 3314 3213 3215
f 3314 3215 3315
f 3315 3215 3217
f 3315 3217 3316
f 3316 3217 3219
f 3316 3219 3317
f 3317 3219 3287
f 3287 3219 3221
f 3287 3221 3223
f 3257 3318 3319
f 3320 3321 3322
f 3283 3284 3323
f 3323 3284 3285
f 3323 3285 3324
f 3324 3285 3286
f 3324 3286 3319
f 3319 3286 3256
f 3319 3256 3257
f 3283 3323 3282
f 3282 3323 3325
f 3282 3325 3281
f 3281 3325 3326
f 3281 3326 3280
f 3280 3326 3327
f 3280 3327 3279
f 3328 3274 3329
f 3329 3274 3275
f 3329 3275 3330
f 3330 3275 3276
f 3330 3276 3331
f 3331 3276 3277
f 3331 3277 3327
f 3327 3277 3278
f 3327 3278 3279
f 3271 3272 3328
f 3328 3272 3273
f 3328 3273 3274
f 3328 3332 3271
f 3271 3332 3333
f 3271 3333 3270
f 3270 3333 3334
f 3270 3334 3269
f 3263 3264 3335
f 3335 3264 3265
f 3335 3265 3336
f 3336 3265 3266
f 3336 3266 3337
f 3337 3266 3267
f 3337 3267 3334
f 3334 3267 3268
f 3334 3268 3269
f 3263 3335 3262
f 3262 3335 3338
f 3262 3338 3261
f 3261 3338 3339
f 3261 3339 3260
f 3260 3339 3340
f 3260 3340 3259
f 3341 3255 3254
f 3342 3341 3343
f 3343 3341 3254
f 3343 3254 3340
f 3340 3254 3258
f 3340 3258 3259
f 3344 3345 3342
f 3346 3347 3348
f 3348 3347 3344
f 3348 3344 3349
f 3349 3344 3342
f 3350 3351 3346
f 3346 3351 3352
f 3346 3352 3347
f 3353 3354 3350
f 3350 3354 3355
f 3350 3355 3351
f 3356 3357 3353
f 3353 3357 3358
f 3353 3358 3354
f 3353 3359 3356
f 3356 3359 3360
f 3356 3360 3361
f 3361 3360 3362
f 3361 3362 3363
f 3363 3362 3364
f 3363 3364 3365
f 3365 3364 3366
f 3365 3366 3367
f 3367 3366 3368
f 3367 3368 3369
f 3369 3368 3370
f 3369 3370 3371
f 3371 3370 3372
f 3371 3372 3373
f 3373 3372 3374
f 3373 3374 3375
f 3375 3374 3376
f 3375 3376 3377
f 3377 3376 3378
f 3378 3376 3379
f 3378 3379 3380
f 3381 3382 3383
f 3383 3382 3384
f 3383 3384 3379
f 3379 3384 3385
f 3379 3385 3380
f 3322 3386 3320
f 3320 3386 3387
f 3320 3387 3388
f 3388 3387 3381
f 3388 3381 3389
f 3389 3381 3383
f 3342 3343 3349
f 3349 3343 3340
f 3349 3340 3348
f 3348 3340 3339
f 3348 3339 3346
f 3346 3339 3338
f 3346 3338 3350
f 3350 3338 3335
f 3350 3335 3353
f 3353 3335 3336
f 3353 3336 3359
f 3359 3336 3337
f 3359 3337 3360
f 3360 3337 3334
f 3360 3334 3362
f 3362 3334 3333
f 3362 3333 3364
f 3364 3333 3332
f 3364 3332 3366
f 3366 3332 3328
f 3366 3328 3368
f 3368 3328 3329
f 3368 3329 3370
f 3370 3329 3330
f 3370 3330 3372
f 3372 3330 3331
f 3372 3331 3374
f 3374 3331 3327
f 3374 3327 3376
f 3376 3327 3326
f 3376 3326 3379
f 3379 3326 3325
f 3379 3325 3383
f 3383 3325 3323
f 3383 3323 3389
f 3389 3323 3324
f 3389 3324 3388
f 3388 3324 3319
f 3388 3319 3320
f 3320 3319 3318
f 3320 3318 3321
f 3341 3390 3255
f 3255 3390 3287
f 3287 3390 3317
f 3317 3390 3391
f 3317 3391 3316
f 3316 3391 3392
f 3316 3392 3315
f 3309 3310 3393
f 3393 3310 3311
f 3393 3311 3394
f 3394 3311 3312
f 3394 3312 3395
f 3395 3312 3313
f 3395 3313 3392
f 3392 3313 3314
f 3392 3314 3315
f 3309 3393 3308
f 3308 3393 3396
f 3308 3396 3307
f 3307 3396 3397
f 3307 3397 3306
f 3306 3397 3398
f 3306 3398 3305
f 3305 3398 3399
f 3305 3399 3304
f 3304 3399 3303
f 3303 3399 3400
f 3303 3400 3302
f 3302 3400 3401
f 3302 3401 3301
f 3301 3401 3402
f 3301 3402 3300
f 3294 3295 3403
f 3403 3295 3296
f 3403 3296 3404
f 3404 3296 3297
f 3404 3297 3405
f 3405 3297 3298
f 3405 3298 3402
f 3402 3298 3299
f 3402 3299 3300
f 3294 3403 3293
f 3293 3403 3406
f 3293 3406 3292
f 3292 3406 3407
f 3292 3407 3291
f 3291 3407 3408
f 3291 3408 3290
f 3318 3257 3288
f 3321 3318 3409
f 3409 3318 3288
f 3409 3288 3408
f 3408 3288 3289
f 3408 3289 3290
f 3410 3322 3321
f 3411 3412 3413
f 3413 3412 3410
f 3413 3410 3414
f 3414 3410 3321
f 3415 3416 3411
f 3411 3416 3417
f 3411 3417 3412
f 3418 3419 3415
f 3415 3419 3420
f 3415 3420 3416
f 3421 3422 3418
f 3418 3422 3423
f 3418 3423 3419
f 3418 3424 3421
f 3421 3424 3425
f 3421 3425 3426
f 3426 3425 3427
f 3426 3427 3428
f 3428 3427 3429
f 3428 3429 3430
f 3430 3429 3431
f 3430 3431 3432
f 3432 3431 3433
f 3432 3433 3434
f 3434 3433 3435
f 3434 3435 3436
f 3436 3435 3437
f 3436 3437 3438
f 3438 3437 3439
f 3438 3439 3440
f 3440 3439 3441
f 3440 3441 3442
f 3442 3441 3443
f 3443 3441 3444
f 3443 3444 3445
f 3446 3447 3448
f 3448 3447 3449
f 3448 3449 3444
f 3444 3449 3450
f 3444 3450 3445
f 3448 3451 3446
f 3446 3451 3452
f 3446 3452 3453
f 3453 3452 3454
f 3453 3454 3455
f 3455 3454 3342
f 3455 3342 3345
f 3321 3409 3414
f 3414 3409 3408
f 3414 3408 3413
f 3413 3408 3407
f 3413 3407 3411
f 3411 3407 3406
f 3411 3406 3415
f 3415 3406 3403
f 3415 3403 3418
f 3418 3403 3404
f 3418 3404 3424
f 3424 3404 3405
f 3424 3405 3425
f 3425 3405 3402
f 3425 3402 3427
f 3427 3402 3401
f 3427 3401 3429
f 3429 3401 3400
f 3429 3400 3431
f 3431 3400 3399
f 3431 3399 3433
f 3433 3399 3398
f 3433 3398 3435
f 3435 3398 3397
f 3435 3397 3437
f 3437 3397 3396
f 3437 3396 3439
f 3439 3396 3393
f 3439 3393 3441
f 3441 3393 3394
f 3441 3394 3444
f 3444 3394 3395
f 3444 3395 3448
f 3448 3395 3392
f 3448 3392 3451
f 3451 3392 3391
f 3451 3391 3452
f 3452 3391 3390
f 3452 3390 3454
f 3454 3390 3341
f 3454 3341 3342
f 3456 3457 3458
f 3458 3459 3456
f 3456 3459 3460
f 3456 3460 3461
f 3461 3460 3462
f 3461 3462 3463
f 3463 3462 3464
f 3463 3464 3465
f 3465 3464 3466
f 3465 3466 3467
f 3467 3466 3468
f 3467 3468 3469
f 3469 3468 3470
f 3469 3470 3471
f 3471 3470 3472
f 3471 3472 3473
f 3473 3472 3474
f 3473 3474 3475
f 3475 3474 3476
f 3476 3474 3477
f 3476 3477 3478
f 3478 3477 3479
f 3479 3477 3480
f 3479 3480 3481
f 3482 3483 3480
f 3480 3483 3484
f 3480 3484 3481
f 3485 3486 3487
f 3487 3486 3488
f 3487 3488 3482
f 3482 3488 3489
f 3482 3489 3483
f 3487 3490 3485
f 3485 3490 3491
f 3485 3491 3492
f 3492 3491 3493
f 3492 3493 3494
f 3494 3493 3495
f 3494 3495 3496
f 3496 3495 3497
f 3496 3497 3498
f 3498 3497 3499
f 3498 3499 3500
f 3500 3499 3501
f 3500 3501 3502
f 3502 3501 3503
f 3502 3503 3504
f 3504 3503 3505
f 3504 3505 3506
f 3506 3505 3507
f 3506 3507 3508
f 3499 3382 3501
f 3501 3382 3381
f 3501 3381 3503
f 3503 3381 3387
f 3503 3387 3505
f 3505 3387 3386
f 3505 3386 3507
f 3507 3386 3322
f 3495 3380 3497
f 3497 3380 3385
f 3497 3385 3499
f 3499 3385 3384
f 3499 3384 3382
f 3468 3357 3470
f 3470 3357 3356
f 3470 3356 3472
f 3472 3356 3361
f 3472 3361 3474
f 3474 3361 3363
f 3474 3363 3477
f 3477 3363 3365
f 3477 3365 3480
f 3480 3365 3367
f 3480 3367 3482
f 3482 3367 3369
f 3482 3369 3487
f 3487 3369 3371
f 3487 3371 3490
f 3490 3371 3373
f 3490 3373 3491
f 3491 3373 3375
f 3491 3375 3493
f 3493 3375 3377
f 3493 3377 3495
f 3495 3377 3378
f 3495 3378 3380
f 3464 3355 3466
f 3466 3355 3354
f 3466 3354 3468
f 3468 3354 3358
f 3468 3358 3357
f 3458 3345 3459
f 3459 3345 3344
f 3459 3344 3460
f 3460 3344 3347
f 3460 3347 3462
f 3462 3347 3352
f 3462 3352 3464
f 3464 3352 3351
f 3464 3351 3355
f 3508 3507 3509
f 3508 3509 3510
f 3510 3509 3511
f 3510 3511 3512
f 3512 3511 3513
f 3512 3513 3514
f 3514 3513 3515
f 3514 3515 3516
f 3516 3515 3517
f 3516 3517 3518
f 3518 3517 3519
f 3518 3519 3520
f 3520 3519 3521
f 3520 3521 3522
f 3522 3521 3523
f 3522 3523 3524
f 3524 3523 3525
f 3524 3525 3526
f 3526 3525 3527
f 3527 3525 3528
f 3527 3528 3529
f 3529 3528 3530
f 3530 3528 3531
f 3530 3531 3532
f 3533 3534 3531
f 3531 3534 3535
f 3531 3535 3532
f 3536 3537 3538
f 3538 3537 3539
f 3538 3539 3533
f 3533 3539 3540
f 3533 3540 3534
f 3538 3541 3536
f 3536 3541 3542
f 3536 3542 3543
f 3543 3542 3544
f 3543 3544 3545
f 3545 3544 3546
f 3545 3546 3547
f 3547 3546 3548
f 3547 3548 3549
f 3549 3548 3550
f 3549 3550 3551
f 3551 3550 3552
f 3551 3552 3553
f 3553 3552 3554
f 3553 3554 3555
f 3555 3554 3556
f 3555 3556 3557
f 3557 3556 3458
f 3557 3458 3457
f 3550 3447 3552
f 3552 3447 3446
f 3552 3446 3554
f 3554 3446 3453
f 3554 3453 3556
f 3556 3453 3455
f 3556 3455 3458
f 3458 3455 3345
f 3546 3445 3548
f 3548 3445 3450
f 3548 3450 3550
f 3550 3450 3449
f 3550 3449 3447
f 3519 3422 3521
f 3521 3422 3421
f 3521 3421 3523
f 3523 3421 3426
f 3523 3426 3525
f 3525 3426 3428
f 3525 3428 3528
f 3528 3428 3430
f 3528 3430 3531
f 3531 3430 3432
f 3531 3432 3533
f 3533 3432 3434
f 3533 3434 3538
f 3538 3434 3436
f 3538 3436 3541
f 3541 3436 3438
f 3541 3438 3542
f 3542 3438 3440
f 3542 3440 3544
f 3544 3440 3442
f 3544 3442 3546
f 3546 3442 3443
f 3546 3443 3445
f 3515 3420 3517
f 3517 3420 3419
f 3517 3419 3519
f 3519 3419 3423
f 3519 3423 3422
f 3507 3322 3509
f 3509 3322 3410
f 3509 3410 3511
f 3511 3410 3412
f 3511 3412 3513
f 3513 3412 3417
f 3513 3417 3515
f 3515 3417 3416
f 3515 3416 3420
f 3558 3457 3559
f 3559 3457 3456
f 3559 3456 3560
f 3560 3456 3461
f 3560 3461 3561
f 3561 3461 3463
f 3561 3463 3562
f 3562 3463 3465
f 3562 3465 3563
f 3563 3465 3467
f 3563 3467 3564
f 3564 3467 3469
f 3564 3469 3565
f 3565 3469 3471
f 3565 3471 3566
f 3566 3471 3473
f 3566 3473 3567
f 3567 3473 3475
f 3567 3475 3568
f 3475 3476 3568
f 3568 3476 3478
f 3568 3478 3569
f 3478 3479 3569
f 3569 3479 3481
f 3569 3481 3570
f 3570 3481 3484
f 3570 3484 3571
f 3484 3483 3571
f 3571 3483 3489
f 3571 3489 3572
f 3489 3488 3572
f 3572 3488 3486
f 3572 3486 3573
f 3573 3486 3485
f 3573 3485 3574
f 3574 3485 3492
f 3574 3492 3575
f 3575 3492 3494
f 3575 3494 3576
f 3576 3494 3496
f 3576 3496 3577
f 3577 3496 3498
f 3577 3498 3578
f 3578 3498 3500
f 3578 3500 3579
f 3579 3500 3502
f 3579 3502 3580
f 3580 3502 3504
f 3580 3504 3581
f 3581 3504 3506
f 3581 3506 3582
f 3582 3506 3508
f 3582 3508 3583
f 3583 3508 3510
f 3583 3510 3584
f 3584 3510 3512
f 3584 3512 3585
f 3585 3512 3514
f 3585 3514 3586
f 3586 3514 3516
f 3586 3516 3587
f 3587 3516 3518
f 3587 3518 3588
f 3588 3518 3520
f 3588 3520 3589
f 3589 3520 3522
f 3589 3522 3590
f 3590 3522 3524
f 3590 3524 3591
f 3591 3524 3526
f 3591 3526 3592
f 3526 3527 3592
f 3592 3527 3529
f 3592 3529 3593
f 3529 3530 3593
f 3593 3530 3532
f 3593 3532 3594
f 3594 3532 3535
f 3594 3535 3595
f 3535 3534 3595
f 3595 3534 3540
f 3595 3540 3596
f 3540 3539 3596
f 3596 3539 3537
f 3596 3537 3597
f 3597 3537 3536
f 3597 3536 3598
f 3598 3536 3543
f 3598 3543 3599
f 3599 3543 3545
f 3599 3545 3600
f 3600 3545 3547
f 3600 3547 3601
f 3601 3547 3549
f 3601 3549 3602
f 3602 3549 3551
f 3602 3551 3603
f 3603 3551 3553
f 3603 3553 3604
f 3604 3553 3555
f 3604 3555 3605
f 3605 3555 3557
f 3605 3557 3558
f 3558 3557 3457
f 3581 3582 3606
f 3606 3607 3581
f 3581 3607 3608
f 3581 3608 3580
f 3580 3608 3609
f 3580 3609 3579
f 3579 3609 3610
f 3579 3610 3578
f 3578 3610 3611
f 3578 3611 3577
f 3577 3611 3612
f 3577 3612 3576
f 3576 3612 3613
f 3576 3613 3575
f 3575 3613 3614
f 3575 3614 3574
f 3574 3614 3615
f 3574 3615 3573
f 3573 3615 3616
f 3573 3616 3572
f 3572 3616 3617
f 3572 3617 3571
f 3571 3617 3618
f 3571 3618 3570
f 3618 3619 3570
f 3570 3619 3620
f 3570 3620 3569
f 3569 3620 3621
f 3569 3621 3568
f 3568 3621 3622
f 3568 3622 3567
f 3567 3622 3623
f 3567 3623 3566
f 3566 3623 3624
f 3566 3624 3565
f 3565 3624 3625
f 3565 3625 3564
f 3564 3625 3626
f 3564 3626 3563
f 3563 3626 3627
f 3563 3627 3562
f 3562 3627 3628
f 3562 3628 3561
f 3561 3628 3629
f 3561 3629 3560
f 3560 3629 3630
f 3560 3630 3559
f 3630 3631 3559
f 3559 3631 3632
f 3559 3632 3558
f 3558 3632 3633
f 3558 3633 3605
f 3605 3633 3634
f 3605 3634 3604
f 3604 3634 3635
f 3604 3635 3603
f 3603 3635 3636
f 3603 3636 3602
f 3602 3636 3637
f 3602 3637 3601
f 3601 3637 3638
f 3601 3638 3600
f 3600 3638 3639
f 3600 3639 3599
f 3599 3639 3640
f 3599 3640 3598
f 3598 3640 3641
f 3598 3641 3597
f 3597 3641 3642
f 3597 3642 3596
f 3596 3642 3643
f 3596 3643 3595
f 3595 3643 3644
f 3595 3644 3594
f 3644 3645 3594
f 3594 3645 3646
f 3594 3646 3593
f 3593 3646 3647
f 3593 3647 3592
f 3592 3647 3648
f 3592 3648 3591
f 3591 3648 3649
f 3591 3649 3590
f 3590 3649 3650
f 3590 3650 3589
f 3589 3650 3651
f 3589 3651 3588
f 3588 3651 3652
f 3588 3652 3587
f 3587 3652 3653
f 3587 3653 3586
f 3586 3653 3654
f 3586 3654 3585
f 3585 3654 3655
f 3585 3655 3584
f 3584 3655 3656
f 3584 3656 3583
f 3656 3657 3583
f 3583 3657 3606
f 3583 3606 3582
f 3658 3659 3632
f 3628 3660 3629
f 3629 3660 3661
f 3629 3661 3630
f 3630 3661 3658
f 3630 3658 3631
f 3631 3658 3632
f 3627 3662 3628
f 3628 3662 3663
f 3628 3663 3660
f 3620 3664 3621
f 3621 3664 3665
f 3621 3665 3622
f 3622 3665 3666
f 3622 3666 3623
f 3623 3666 3667
f 3623 3667 3624
f 3624 3667 3668
f 3624 3668 3625
f 3625 3668 3669
f 3625 3669 3626
f 3626 3669 3670
f 3626 3670 3627
f 3627 3670 3671
f 3627 3671 3662
f 3619 3672 3620
f 3620 3672 3673
f 3620 3673 3664
f 3613 3674 3614
f 3614 3674 3675
f 3614 3675 3615
f 3615 3675 3676
f 3615 3676 3616
f 3616 3676 3677
f 3616 3677 3617
f 3617 3677 3672
f 3617 3672 3618
f 3618 3672 3619
f 3612 3678 3613
f 3613 3678 3679
f 3613 3679 3674
f 3680 3681 3612
f 3612 3681 3682
f 3612 3682 3678
f 3612 3611 3680
f 3680 3611 3610
f 3680 3610 3683
f 3683 3610 3609
f 3683 3609 3684
f 3684 3609 3608
f 3684 3608 3685
f 3685 3608 3607
f 3685 3607 3686
f 3686 3607 3606
f 3686 3606 3687
f 3687 3606 3657
f 3687 3657 3688
f 3688 3657 3656
f 3688 3656 3689
f 3689 3656 3655
f 3689 3655 3690
f 3690 3655 3654
f 3690 3654 3691
f 3691 3654 3692
f 3692 3654 3653
f 3692 3653 3693
f 3693 3653 3694
f 3694 3653 3652
f 3694 3652 3695
f 3695 3652 3651
f 3695 3651 3696
f 3696 3651 3650
f 3696 3650 3697
f 3697 3650 3649
f 3697 3649 3698
f 3698 3649 3648
f 3698 3648 3699
f 3699 3648 3647
f 3699 3647 3700
f 3700 3647 3646
f 3700 3646 3701
f 3701 3646 3645
f 3701 3645 3702
f 3639 3703 3640
f 3640 3703 3704
f 3640 3704 3641
f 3641 3704 3705
f 3641 3705 3642
f 3642 3705 3706
f 3642 3706 3643
f 3643 3706 3702
f 3643 3702 3644
f 3644 3702 3645
f 3638 3707 3639
f 3639 3707 3708
f 3639 3708 3703
f 3709 3710 3638
f 3638 3710 3711
f 3638 3711 3707
f 3638 3637 3709
f 3709 3637 3636
f 3709 3636 3712
f 3712 3636 3635
f 3712 3635 3713
f 3713 3635 3634
f 3713 3634 3714
f 3714 3634 3633
f 3714 3633 3715
f 3715 3633 3632
f 3715 3632 3659
f 3716 3717 3718
f 3719 3720 3721
f 3721 3722 3719
f 3719 3722 3723
f 3719 3723 3724
f 3725 3726 3727
f 3727 3728 3725
f 3725 3728 3729
f 3725 3729 3723
f 3723 3729 3730
f 3723 3730 3724
f 3731 3732 3733
f 3733 3734 3731
f 3731 3734 3735
f 3731 3735 3726
f 3726 3735 3736
f 3726 3736 3727
f 3737 3738 3739
f 3739 3740 3737
f 3737 3740 3741
f 3737 3741 3732
f 3732 3741 3742
f 3732 3742 3733
f 3743 3744 3745
f 3745 3746 3743
f 3743 3746 3747
f 3743 3747 3738
f 3738 3747 3748
f 3738 3748 3739
f 3718 3717 3749
f 3717 3750 3749
f 3749 3750 3751
f 3749 3751 3744
f 3744 3751 3752
f 3744 3752 3745
f 3716 3718 3753
f 3753 3718 3754
f 3753 3754 3755
f 3755 3754 3756
f 3755 3756 3757
f 3757 3756 3758
f 3758 3756 3759
f 3758 3759 3760
f 3760 3759 3761
f 3761 3759 3762
f 3761 3762 3763
f 3763 3762 3764
f 3764 3762 3765
f 3764 3765 3766
f 3766 3765 3767
f 3767 3765 3768
f 3767 3768 3769
f 3769 3768 3770
f 3770 3768 3771
f 3770 3771 3772
f 3772 3771 3773
f 3773 3771 3774
f 3773 3774 3775
f 3775 3774 3776
f 3776 3774 3777
f 3776 3777 3778
f 3778 3777 3779
f 3779 3777 3780
f 3779 3780 3781
f 3781 3780 3782
f 3782 3780 3783
f 3782 3783 3784
f 3784 3783 3785
f 3785 3783 3786
f 3785 3786 3787
f 3787 3786 3788
f 3788 3786 3789
f 3788 3789 3790
f 3790 3789 3791
f 3790 3791 3792
f 3792 3791 3793
f 3792 3793 3794
f 3687 3795 3686
f 3686 3795 3796
f 3686 3796 3685
f 3685 3796 3797
f 3685 3797 3684
f 3684 3797 3798
f 3684 3798 3683
f 3683 3798 3799
f 3683 3799 3680
f 3680 3799 3800
f 3680 3800 3681
f 3681 3800 3801
f 3681 3801 3682
f 3682 3801 3802
f 3803 3671 3804
f 3804 3671 3670
f 3804 3670 3805
f 3805 3670 3669
f 3805 3669 3806
f 3806 3669 3668
f 3806 3668 3807
f 3807 3668 3667
f 3807 3667 3808
f 3808 3667 3666
f 3808 3666 3809
f 3809 3666 3665
f 3809 3665 3810
f 3810 3665 3664
f 3810 3664 3811
f 3811 3664 3673
f 3811 3673 3812
f 3812 3673 3672
f 3812 3672 3813
f 3813 3672 3677
f 3813 3677 3814
f 3814 3677 3676
f 3814 3676 3815
f 3815 3676 3675
f 3815 3675 3816
f 3816 3675 3674
f 3816 3674 3817
f 3817 3674 3679
f 3817 3679 3802
f 3802 3679 3678
f 3802 3678 3682
f 3818 3659 3819
f 3819 3659 3658
f 3819 3658 3820
f 3820 3658 3661
f 3820 3661 3821
f 3821 3661 3660
f 3821 3660 3822
f 3822 3660 3663
f 3822 3663 3803
f 3803 3663 3662
f 3803 3662 3671
f 3795 3823 3796
f 3796 3823 3824
f 3796 3824 3797
f 3797 3824 3825
f 3797 3825 3798
f 3798 3825 3826
f 3798 3826 3799
f 3799 3826 3827
f 3799 3827 3800
f 3800 3827 3828
f 3800 3828 3801
f 3801 3828 3829
f 3801 3829 3802
f 3802 3829 3830
f 3802 3830 3817
f 3817 3830 3831
f 3817 3831 3816
f 3816 3831 3832
f 3816 3832 3815
f 3815 3832 3833
f 3815 3833 3814
f 3814 3833 3834
f 3814 3834 3813
f 3813 3834 3835
f 3813 3835 3812
f 3812 3835 3836
f 3812 3836 3811
f 3811 3836 3837
f 3811 3837 3810
f 3810 3837 3838
f 3810 3838 3809
f 3809 3838 3839
f 3809 3839 3808
f 3808 3839 3840
f 3808 3840 3807
f 3807 3840 3841
f 3807 3841 3806
f 3806 3841 3842
f 3806 3842 3805
f 3805 3842 3843
f 3805 3843 3804
f 3804 3843 3844
f 3804 3844 3803
f 3803 3844 3845
f 3803 3845 3822
f 3822 3845 3846
f 3822 3846 3821
f 3821 3846 3847
f 3821 3847 3820
f 3820 3847 3848
f 3820 3848 3819
f 3819 3848 3849
f 3819 3849 3818
f 3818 3849 3850
f 3823 3851 3824
f 3824 3851 3852
f 3824 3852 3825
f 3825 3852 3853
f 3825 3853 3826
f 3826 3853 3854
f 3826 3854 3827
f 3827 3854 3855
f 3827 3855 3828
f 3828 3855 3856
f 3828 3856 3829
f 3829 3856 3857
f 3829 3857 3830
f 3830 3857 3858
f 3830 3858 3831
f 3831 3858 3859
f 3831 3859 3832
f 3832 3859 3860
f 3832 3860 3833
f 3833 3860 3861
f 3833 3861 3834
f 3834 3861 3862
f 3834 3862 3835
f 3835 3862 3863
f 3835 3863 3836
f 3836 3863 3864
f 3836 3864 3837
f 3837 3864 3865
f 3837 3865 3838
f 3838 3865 3866
f 3838 3866 3839
f 3839 3866 3867
f 3839 3867 3840
f 3840 3867 3868
f 3840 3868 3841
f 3841 3868 3869
f 3841 3869 3842
f 3842 3869 3870
f 3842 3870 3843
f 3843 3870 3871
f 3843 3871 3844
f 3844 3871 3872
f 3844 3872 3845
f 3845 3872 3873
f 3845 3873 3846
f 3846 3873 3874
f 3846 3874 3847
f 3847 3874 3875
f 3847 3875 3848
f 3848 3875 3876
f 3848 3876 3849
f 3849 3876 3877
f 3849 3877 3850
f 3850 3877 3878
f 3851 3879 3852
f 3852 3879 3880
f 3852 3880 3853
f 3853 3880 3881
f 3853 3881 3854
f 3854 3881 3882
f 3854 3882 3855
f 3855 3882 3883
f 3855 3883 3856
f 3856 3883 3884
f 3856 3884 3857
f 3857 3884 3885
f 3857 3885 3858
f 3858 3885 3886
f 3858 3886 3859
f 3859 3886 3887
f 3859 3887 3860
f 3860 3887 3888
f 3860 3888 3861
f 3861 3888 3889
f 3861 3889 3862
f 3862 3889 3890
f 3862 3890 3863
f 3863 3890 3891
f 3863 3891 3864
f 3864 3891 3892
f 3864 3892 3865
f 3865 3892 3893
f 3865 3893 3866
f 3866 3893 3894
f 3866 3894 3867
f 3867 3894 3895
f 3867 3895 3868
f 3868 3895 3896
f 3868 3896 3869
f 3869 3896 3897
f 3869 3897 3870
f 3870 3897 3898
f 3870 3898 3871
f 3871 3898 3899
f 3871 3899 3872
f 3872 3899 3900
f 3872 3900 3873
f 3873 3900 3901
f 3873 3901 3874
f 3874 3901 3902
f 3874 3902 3875
f 3875 3902 3903
f 3875 3903 3876
f 3876 3903 3904
f 3876 3904 3877
f 3877 3904 3905
f 3877 3905 3878
f 3878 3905 3906
f 3879 3793 3880
f 3880 3793 3791
f 3880 3791 3881
f 3881 3791 3789
f 3881 3789 3882
f 3882 3789 3786
f 3882 3786 3883
f 3883 3786 3783
f 3883 3783 3884
f 3884 3783 3780
f 3884 3780 3885
f 3885 3780 3777
f 3885 3777 3886
f 3886 3777 3774
f 3886 3774 3887
f 3887 3774 3771
f 3887 3771 3888
f 3888 3771 3768
f 3888 3768 3889
f 3889 3768 3765
f 3889 3765 3890
f 3890 3765 3762
f 3890 3762 3891
f 3891 3762 3759
f 3891 3759 3892
f 3892 3759 3756
f 3892 3756 3893
f 3893 3756 3754
f 3893 3754 3894
f 3894 3754 3718
f 3894 3718 3895
f 3895 3718 3749
f 3895 3749 3896
f 3896 3749 3744
f 3896 3744 3897
f 3897 3744 3743
f 3897 3743 3898
f 3898 3743 3738
f 3898 3738 3899
f 3899 3738 3737
f 3899 3737 3900
f 3900 3737 3732
f 3900 3732 3901
f 3901 3732 3731
f 3901 3731 3902
f 3902 3731 3726
f 3902 3726 3903
f 3903 3726 3725
f 3903 3725 3904
f 3904 3725 3723
f 3904 3723 3905
f 3905 3723 3722
f 3905 3722 3906
f 3906 3722 3721
f 3907 3908 3909
f 3794 3793 3910
f 3794 3910 3911
f 3911 3910 3912
f 3911 3912 3913
f 3914 3915 3916
f 3916 3917 3914
f 3914 3917 3918
f 3914 3918 3912
f 3912 3918 3919
f 3912 3919 3913
f 3920 3921 3922
f 3922 3923 3920
f 3920 3923 3924
f 3920 3924 3915
f 3915 3924 3925
f 3915 3925 3916
f 3926 3927 3928
f 3928 3929 3926
f 3926 3929 3930
f 3926 3930 3921
f 3921 3930 3931
f 3921 3931 3922
f 3932 3933 3934
f 3934 3935 3932
f 3932 3935 3936
f 3932 3936 3927
f 3927 3936 3937
f 3927 3937 3928
f 3909 3908 3938
f 3908 3939 3938
f 3938 3939 3940
f 3938 3940 3933
f 3933 3940 3941
f 3933 3941 3934
f 3907 3909 3942
f 3942 3909 3943
f 3942 3943 3944
f 3944 3943 3945
f 3944 3945 3946
f 3946 3945 3947
f 3947 3945 3948
f 3947 3948 3949
f 3949 3948 3950
f 3950 3948 3951
f 3950 3951 3952
f 3952 3951 3953
f 3953 3951 3954
f 3953 3954 3955
f 3955 3954 3956
f 3956 3954 3957
f 3956 3957 3958
f 3958 3957 3959
f 3959 3957 3960
f 3959 3960 3961
f 3961 3960 3962
f 3962 3960 3963
f 3962 3963 3964
f 3964 3963 3965
f 3965 3963 3966
f 3965 3966 3967
f 3967 3966 3968
f 3968 3966 3969
f 3968 3969 3970
f 3970 3969 3971
f 3971 3969 3972
f 3971 3972 3973
f 3973 3972 3974
f 3974 3972 3975
f 3974 3975 3976
f 3976 3975 3977
f 3977 3975 3978
f 3977 3978 3979
f 3979 3978 3980
f 3979 3980 3981
f 3981 3980 3721
f 3981 3721 3720
f 3659 3818 3715
f 3715 3818 3982
f 3715 3982 3714
f 3714 3982 3983
f 3714 3983 3713
f 3713 3983 3984
f 3713 3984 3712
f 3712 3984 3985
f 3712 3985 3709
f 3709 3985 3986
f 3709 3986 3710
f 3710 3986 3987
f 3710 3987 3711
f 3711 3987 3988
f 3989 3693 3990
f 3990 3693 3694
f 3990 3694 3991
f 3991 3694 3695
f 3991 3695 3992
f 3992 3695 3696
f 3992 3696 3993
f 3993 3696 3697
f 3993 3697 3994
f 3994 3697 3698
f 3994 3698 3995
f 3995 3698 3699
f 3995 3699 3996
f 3996 3699 3700
f 3996 3700 3997
f 3997 3700 3701
f 3997 3701 3998
f 3998 3701 3702
f 3998 3702 3999
f 3999 3702 3706
f 3999 3706 4000
f 4000 3706 3705
f 4000 3705 4001
f 4001 3705 3704
f 4001 3704 4002
f 4002 3704 3703
f 4002 3703 4003
f 4003 3703 3708
f 4003 3708 3988
f 3988 3708 3707
f 3988 3707 3711
f 3795 3687 4004
f 4004 3687 3688
f 4004 3688 4005
f 4005 3688 3689
f 4005 3689 4006
f 4006 3689 3690
f 4006 3690 4007
f 4007 3690 3691
f 4007 3691 3989
f 3989 3691 3692
f 3989 3692 3693
f 3818 3850 3982
f 3982 3850 4008
f 3982 4008 3983
f 3983 4008 4009
f 3983 4009 3984
f 3984 4009 4010
f 3984 4010 3985
f 3985 4010 4011
f 3985 4011 3986
f 3986 4011 4012
f 3986 4012 3987
f 3987 4012 4013
f 3987 4013 3988
f 3988 4013 4014
f 3988 4014 4003
f 4003 4014 4015
f 4003 4015 4002
f 4002 4015 4016
f 4002 4016 4001
f 4001 4016 4017
f 4001 4017 4000
f 4000 4017 4018
f 4000 4018 3999
f 3999 4018 4019
f 3999 4019 3998
f 3998 4019 4020
f 3998 4020 3997
f 3997 4020 4021
f 3997 4021 3996
f 3996 4021 4022
f 3996 4022 3995
f 3995 4022 4023
f 3995 4023 3994
f 3994 4023 4024
f 3994 4024 3993
f 3993 4024 4025
f 3993 4025 3992
f 3992 4025 4026
f 3992 4026 3991
f 3991 4026 4027
f 3991 4027 3990
f 3990 4027 4028
f 3990 4028 3989
f 3989 4028 4029
f 3989 4029 4007
f 4007 4029 4030
f 4007 4030 4006
f 4006 4030 4031
f 4006 4031 4005
f 4005 4031 4032
f 4005 4032 4004
f 4004 4032 4033
f 4004 4033 3795
f 3795 4033 3823
f 3850 3878 4008
f 4008 3878 4034
f 4008 4034 4009
f 4009 4034 4035
f 4009 4035 4010
f 4010 4035 4036
f 4010 4036 4011
f 4011 4036 4037
f 4011 4037 4012
f 4012 4037 4038
f 4012 4038 4013
f 4013 4038 4039
f 4013 4039 4014
f 4014 4039 4040
f 4014 4040 4015
f 4015 4040 4041
f 4015 4041 4016
f 4016 4041 4042
f 4016 4042 4017
f 4017 4042 4043
f 4017 4043 4018
f 4018 4043 4044
f 4018 4044 4019
f 4019 4044 4045
f 4019 4045 4020
f 4020 4045 4046
f 4020 4046 4021
f 4021 4046 4047
f 4021 4047 4022
f 4022 4047 4048
f 4022 4048 4023
f 4023 4048 4049
f 4023 4049 4024
f 4024 4049 4050
f 4024 4050 4025
f 4025 4050 4051
f 4025 4051 4026
f 4026 4051 4052
f 4026 4052 4027
f 4027 4052 4053
f 4027 4053 4028
f 4028 4053 4054
f 4028 4054 4029
f 4029 4054 4055
f 4029 4055 4030
f 4030 4055 4056
f 4030 4056 4031
f 4031 4056 4057
f 4031 4057 4032
f 4032 4057 4058
f 4032 4058 4033
f 4033 4058 4059
f 4033 4059 3823
f 3823 4059 3851
f 3878 3906 4034
f 4034 3906 4060
f 4034 4060 4035
f 4035 4060 4061
f 4035 4061 4036
f 4036 4061 4062
f 4036 4062 4037
f 4037 4062 4063
f 4037 4063 4038
f 4038 4063 4064
f 4038 4064 4039
f 4039 4064 4065
f 4039 4065 4040
f 4040 4065 4066
f 4040 4066 4041
f 4041 4066 4067
f 4041 4067 4042
f 4042 4067 4068
f 4042 4068 4043
f 4043 4068 4069
f 4043 4069 4044
f 4044 4069 4070
f 4044 4070 4045
f 4045 4070 4071
f 4045 4071 4046
f 4046 4071 4072
f 4046 4072 4047
f 4047 4072 4073
f 4047 4073 4048
f 4048 4073 4074
f 4048 4074 4049
f 4049 4074 4075
f 4049 4075 4050
f 4050 4075 4076
f 4050 4076 4051
f 4051 4076 4077
f 4051 4077 4052
f 4052 4077 4078
f 4052 4078 4053
f 4053 4078 4079
f 4053 4079 4054
f 4054 4079 4080
f 4054 4080 4055
f 4055 4080 4081
f 4055 4081 4056
f 4056 4081 4082
f 4056 4082 4057
f 4057 4082 4083
f 4057 4083 4058
f 4058 4083 4084
f 4058 4084 4059
f 4059 4084 4085
f 4059 4085 3851
f 3851 4085 3879
f 3906 3721 4060
f 4060 3721 3980
f 4060 3980 4061
f 4061 3980 3978
f 4061 3978 4062
f 4062 3978 3975
f 4062 3975 4063
f 4063 3975 3972
f 4063 3972 4064
f 4064 3972 3969
f 4064 3969 4065
f 4065 3969 3966
f 4065 3966 4066
f 4066 3966 3963
f 4066 3963 4067
f 4067 3963 3960
f 4067 3960 4068
f 4068 3960 3957
f 4068 3957 4069
f 4069 3957 3954
f 4069 3954 4070
f 4070 3954 3951
f 4070 3951 4071
f 4071 3951 3948
f 4071 3948 4072
f 4072 3948 3945
f 4072 3945 4073
f 4073 3945 3943
f 4073 3943 4074
f 4074 3943 3909
f 4074 3909 4075
f 4075 3909 3938
f 4075 3938 4076
f 4076 3938 3933
f 4076 3933 4077
f 4077 3933 3932
f 4077 3932 4078
f 4078 3932 3927
f 4078 3927 4079
f 4079 3927 3926
f 4079 3926 4080
f 4080 3926 3921
f 4080 3921 4081
f 4081 3921 3920
f 4081 3920 4082
f 4082 3920 3915
f 4082 3915 4083
f 4083 3915 3914
f 4083 3914 4084
f 4084 3914 3912
f 4084 3912 4085
f 4085 3912 3910
f 4085 3910 3879
f 3879 3910 3793
f 4086 3720 4087
f 4087 3720 3719
f 4087 3719 4088
f 3719 3724 4088
f 4088 3724 3730
f 4088 3730 4089
f 3730 3729 4089
f 4089 3729 3728
f 4089 3728 4090
f 3728 3727 4090
f 4090 3727 3736
f 4090 3736 4091
f 3736 3735 4091
f 4091 3735 3734
f 4091 3734 4092
f 3734 3733 4092
f 4092 3733 3742
f 4092 3742 4093
f 3742 3741 4093
f 4093 3741 3740
f 4093 3740 4094
f 3740 3739 4094
f 4094 3739 3748
f 4094 3748 4095
f 3748 3747 4095
f 4095 3747 3746
f 4095 3746 4096
f 3746 3745 4096
f 4096 3745 3752
f 4096 3752 4097
f 4097 3752 3751
f 4097 3751 3750
f 3750 3717 4098
f 4098 3717 3716
f 4098 3716 4099
f 3716 3753 4099
f 4099 3753 3755
f 4099 3755 3757
f 3757 3758 4100
f 4100 3758 3760
f 4100 3760 4101
f 4101 3760 3761
f 4101 3761 3763
f 4102 3764 3766
f 4102 3766 4103
f 4103 3766 3767
f 4103 3767 3769
f 4104 3770 3772
f 4104 3772 4105
f 4105 3772 3773
f 4105 3773 3775
f 4106 3776 3778
f 4106 3778 4107
f 4107 3778 3779
f 4107 3779 3781
f 4108 3782 3784
f 4108 3784 4109
f 4109 3784 3785
f 4109 3785 3787
f 3794 4110 3792
f 3792 4110 4111
f 3792 4111 3790
f 3790 4111 4112
f 3790 4112 3788
f 4113 4086 4114
f 4114 4086 4087
f 4114 4087 4115
f 4115 4087 4088
f 4115 4088 4116
f 4116 4088 4117
f 4117 4088 4089
f 4117 4089 4118
f 4118 4089 4119
f 4119 4089 4090
f 4119 4090 4120
f 4120 4090 4121
f 4121 4090 4091
f 4121 4091 4122
f 4122 4091 4123
f 4123 4091 4092
f 4123 4092 4124
f 4124 4092 4125
f 4125 4092 4093
f 4125 4093 4126
f 4126 4093 4127
f 4127 4093 4094
f 4127 4094 4128
f 4128 4094 4129
f 4129 4094 4095
f 4129 4095 4130
f 4130 4095 4131
f 4131 4095 4096
f 4131 4096 4132
f 4132 4096 4133
f 4133 4096 4097
f 4133 4097 4134
f 3750 4098 4097
f 4097 4098 4135
f 4097 4135 4134
f 4136 4137 4099
f 4099 4137 4138
f 4099 4138 4098
f 4098 4138 4139
f 4098 4139 4135
f 3757 4100 4099
f 4099 4100 4140
f 4099 4140 4136
f 4141 4101 4102
f 4102 4101 3763
f 4102 3763 3764
f 4141 4142 4101
f 4101 4142 4143
f 4101 4143 4100
f 4100 4143 4144
f 4100 4144 4140
f 4145 4103 4104
f 4104 4103 3769
f 4104 3769 3770
f 4145 4146 4103
f 4103 4146 4147
f 4103 4147 4102
f 4102 4147 4148
f 4102 4148 4141
f 4149 4105 4106
f 4106 4105 3775
f 4106 3775 3776
f 4149 4150 4105
f 4105 4150 4151
f 4105 4151 4104
f 4104 4151 4152
f 4104 4152 4145
f 4153 4107 4108
f 4108 4107 3781
f 4108 3781 3782
f 4153 4154 4107
f 4107 4154 4155
f 4107 4155 4106
f 4106 4155 4156
f 4106 4156 4149
f 4157 4109 4112
f 4112 4109 3787
f 4112 3787 3788
f 4157 4158 4109
f 4109 4158 4159
f 4109 4159 4108
f 4108 4159 4160
f 4108 4160 4153
f 4110 4161 4111
f 4111 4161 4162
f 4111 4162 4112
f 4112 4162 4163
f 4112 4163 4157
f 4110 3794 4164
f 4164 3794 3911
f 4164 3911 4165
f 3911 3913 4165
f 4165 3913 3919
f 4165 3919 4166
f 3919 3918 4166
f 4166 3918 3917
f 4166 3917 4167
f 3917 3916 4167
f 4167 3916 3925
f 4167 3925 4168
f 3925 3924 4168
f 4168 3924 3923
f 4168 3923 4169
f 3923 3922 4169
f 4169 3922 3931
f 4169 3931 4170
f 3931 3930 4170
f 4170 3930 3929
f 4170 3929 4171
f 3929 3928 4171
f 4171 3928 3937
f 4171 3937 4172
f 3937 3936 4172
f 4172 3936 3935
f 4172 3935 4173
f 3935 3934 4173
f 4173 3934 3941
f 4173 3941 4174
f 4174 3941 3940
f 4174 3940 3939
f 3939 3908 4175
f 4175 3908 3907
f 4175 3907 4176
f 3907 3942 4176
f 4176 3942 3944
f 4176 3944 3946
f 3946 3947 4177
f 4177 3947 3949
f 4177 3949 4178
f 4178 3949 3950
f 4178 3950 3952
f 4179 3953 3955
f 4179 3955 4180
f 4180 3955 3956
f 4180 3956 3958
f 4181 3959 3961
f 4181 3961 4182
f 4182 3961 3962
f 4182 3962 3964
f 4183 3965 3967
f 4183 3967 4184
f 4184 3967 3968
f 4184 3968 3970
f 4185 3971 3973
f 4185 3973 4186
f 4186 3973 3974
f 4186 3974 3976
f 3720 4086 3981
f 3981 4086 4187
f 3981 4187 3979
f 3979 4187 4188
f 3979 4188 3977
f 4161 4110 4189
f 4189 4110 4164
f 4189 4164 4190
f 4190 4164 4165
f 4190 4165 4191
f 4191 4165 4192
f 4192 4165 4166
f 4192 4166 4193
f 4193 4166 4194
f 4194 4166 4167
f 4194 4167 4195
f 4195 4167 4196
f 4196 4167 4168
f 4196 4168 4197
f 4197 4168 4198
f 4198 4168 4169
f 4198 4169 4199
f 4199 4169 4200
f 4200 4169 4170
f 4200 4170 4201
f 4201 4170 4202
f 4202 4170 4171
f 4202 4171 4203
f 4203 4171 4204
f 4204 4171 4172
f 4204 4172 4205
f 4205 4172 4206
f 4206 4172 4173
f 4206 4173 4207
f 4207 4173 4208
f 4208 4173 4174
f 4208 4174 4209
f 3939 4175 4174
f 4174 4175 4210
f 4174 4210 4209
f 4211 4212 4176
f 4176 4212 4213
f 4176 4213 4175
f 4175 4213 4214
f 4175 4214 4210
f 3946 4177 4176
f 4176 4177 4215
f 4176 4215 4211
f 4216 4178 4179
f 4179 4178 3952
f 4179 3952 3953
f 4216 4217 4178
f 4178 4217 4218
f 4178 4218 4177
f 4177 4218 4219
f 4177 4219 4215
f 4220 4180 4181
f 4181 4180 3958
f 4181 3958 3959
f 4220 4221 4180
f 4180 4221 4222
f 4180 4222 4179
f 4179 4222 4223
f 4179 4223 4216
f 4224 4182 4183
f 4183 4182 3964
f 4183 3964 3965
f 4224 4225 4182
f 4182 4225 4226
f 4182 4226 4181
f 4181 4226 4227
f 4181 4227 4220
f 4228 4184 4185
f 4185 4184 3970
f 4185 3970 3971
f 4228 4229 4184
f 4184 4229 4230
f 4184 4230 4183
f 4183 4230 4231
f 4183 4231 4224
f 4232 4186 4188
f 4188 4186 3976
f 4188 3976 3977
f 4232 4233 4186
f 4186 4233 4234
f 4186 4234 4185
f 4185 4234 4235
f 4185 4235 4228
f 4086 4113 4187
f 4187 4113 4236
f 4187 4236 4188
f 4188 4236 4237
f 4188 4237 4232
f 4238 4239 4113
f 4240 4241 4242
f 4242 4243 4240
f 4240 4243 4244
f 4240 4244 4245
f 4245 4244 4246
f 4245 4246 4247
f 4247 4246 4248
f 4247 4248 4249
f 4249 4248 4250
f 4249 4250 4251
f 4251 4250 4252
f 4251 4252 4253
f 4252 4254 4253
f 4253 4254 4255
f 4253 4255 4256
f 4256 4255 4257
f 4256 4257 4258
f 4258 4257 4259
f 4258 4259 4260
f 4260 4259 4261
f 4260 4261 4262
f 4262 4261 4263
f 4262 4263 4264
f 4264 4263 4265
f 4264 4265 4266
f 4266 4265 4267
f 4266 4267 4268
f 4268 4267 4269
f 4268 4269 4270
f 4270 4269 4271
f 4270 4271 4272
f 4272 4271 4273
f 4272 4273 4274
f 4274 4273 4275
f 4274 4275 4276
f 4276 4275 4277
f 4276 4277 4278
f 4278 4277 4279
f 4278 4279 4280
f 4279 4281 4280
f 4280 4281 4282
f 4280 4282 4283
f 4283 4282 4284
f 4283 4284 4285
f 4285 4284 4286
f 4285 4286 4287
f 4287 4286 4288
f 4287 4288 4289
f 4289 4288 4290
f 4289 4290 4291
f 4291 4290 4292
f 4291 4292 4293
f 4162 4161 4294
f 4294 4295 4162
f 4162 4295 4296
f 4162 4296 4163
f 4297 4158 4296
f 4296 4158 4157
f 4296 4157 4163
f 4298 4299 4154
f 4154 4153 4298
f 4298 4153 4160
f 4298 4160 4297
f 4297 4160 4159
f 4297 4159 4158
f 4300 4301 4150
f 4150 4149 4300
f 4300 4149 4156
f 4300 4156 4299
f 4299 4156 4155
f 4299 4155 4154
f 4302 4303 4146
f 4146 4145 4302
f 4302 4145 4152
f 4302 4152 4301
f 4301 4152 4151
f 4301 4151 4150
f 4304 4305 4142
f 4142 4141 4304
f 4304 4141 4148
f 4304 4148 4303
f 4303 4148 4147
f 4303 4147 4146
f 4306 4307 4136
f 4136 4140 4306
f 4306 4140 4144
f 4306 4144 4305
f 4305 4144 4143
f 4305 4143 4142
f 4308 4139 4309
f 4309 4139 4138
f 4309 4138 4307
f 4307 4138 4137
f 4307 4137 4136
f 4310 4134 4308
f 4308 4134 4135
f 4308 4135 4139
f 4311 4132 4310
f 4310 4132 4133
f 4310 4133 4134
f 4312 4130 4311
f 4311 4130 4131
f 4311 4131 4132
f 4313 4128 4312
f 4312 4128 4129
f 4312 4129 4130
f 4314 4126 4313
f 4313 4126 4127
f 4313 4127 4128
f 4315 4124 4314
f 4314 4124 4125
f 4314 4125 4126
f 4316 4122 4315
f 4315 4122 4123
f 4315 4123 4124
f 4317 4120 4316
f 4316 4120 4121
f 4316 4121 4122
f 4318 4118 4317
f 4317 4118 4119
f 4317 4119 4120
f 4113 4114 4238
f 4238 4114 4115
f 4238 4115 4319
f 4319 4115 4116
f 4319 4116 4318
f 4318 4116 4117
f 4318 4117 4118
f 4294 4320 4295
f 4295 4320 4321
f 4295 4321 4296
f 4296 4321 4322
f 4296 4322 4297
f 4297 4322 4323
f 4297 4323 4298
f 4298 4323 4324
f 4298 4324 4299
f 4299 4324 4325
f 4299 4325 4300
f 4300 4325 4326
f 4300 4326 4301
f 4301 4326 4327
f 4301 4327 4302
f 4302 4327 4328
f 4302 4328 4303
f 4303 4328 4329
f 4303 4329 4304
f 4304 4329 4330
f 4304 4330 4305
f 4305 4330 4331
f 4305 4331 4306
f 4306 4331 4332
f 4306 4332 4307
f 4307 4332 4333
f 4307 4333 4309
f 4309 4333 4334
f 4309 4334 4308
f 4308 4334 4335
f 4308 4335 4310
f 4310 4335 4336
f 4310 4336 4311
f 4311 4336 4337
f 4311 4337 4312
f 4312 4337 4338
f 4312 4338 4313
f 4313 4338 4339
f 4313 4339 4314
f 4314 4339 4340
f 4314 4340 4315
f 4315 4340 4341
f 4315 4341 4316
f 4316 4341 4342
f 4316 4342 4317
f 4317 4342 4343
f 4317 4343 4318
f 4318 4343 4344
f 4318 4344 4319
f 4319 4344 4345
f 4319 4345 4238
f 4238 4345 4346
f 4238 4346 4239
f 4239 4346 4347
f 4320 4348 4321
f 4321 4348 4349
f 4321 4349 4322
f 4322 4349 4350
f 4322 4350 4323
f 4323 4350 4351
f 4323 4351 4324
f 4324 4351 4352
f 4324 4352 4325
f 4325 4352 4353
f 4325 4353 4326
f 4326 4353 4354
f 4326 4354 4327
f 4327 4354 4355
f 4327 4355 4328
f 4328 4355 4356
f 4328 4356 4329
f 4329 4356 4357
f 4329 4357 4330
f 4330 4357 4358
f 4330 4358 4331
f 4331 4358 4359
f 4331 4359 4332
f 4332 4359 4360
f 4332 4360 4333
f 4333 4360 4361
f 4333 4361 4334
f 4334 4361 4362
f 4334 4362 4335
f 4335 4362 4363
f 4335 4363 4336
f 4336 4363 4364
f 4336 4364 4337
f 4337 4364 4365
f 4337 4365 4338
f 4338 4365 4366
f 4338 4366 4339
f 4339 4366 4367
f 4339 4367 4340
f 4340 4367 4368
f 4340 4368 4341
f 4341 4368 4369
f 4341 4369 4342
f 4342 4369 4370
f 4342 4370 4343
f 4343 4370 4371
f 4343 4371 4344
f 4344 4371 4372
f 4344 4372 4345
f 4345 4372 4373
f 4345 4373 4346
f 4346 4373 4374
f 4346 4374 4347
f 4347 4374 4375
f 4348 4376 4349
f 4349 4376 4377
f 4349 4377 4350
f 4350 4377 4378
f 4350 4378 4351
f 4351 4378 4379
f 4351 4379 4352
f 4352 4379 4380
f 4352 4380 4353
f 4353 4380 4381
f 4353 4381 4354
f 4354 4381 4382
f 4354 4382 4355
f 4355 4382 4383
f 4355 4383 4356
f 4356 4383 4384
f 4356 4384 4357
f 4357 4384 4385
f 4357 4385 4358
f 4358 4385 4386
f 4358 4386 4359
f 4359 4386 4387
f 4359 4387 4360
f 4360 4387 4388
f 4360 4388 4361
f 4361 4388 4389
f 4361 4389 4362
f 4362 4389 4390
f 4362 4390 4363
f 4363 4390 4391
f 4363 4391 4364
f 4364 4391 4392
f 4364 4392 4365
f 4365 4392 4393
f 4365 4393 4366
f 4366 4393 4394
f 4366 4394 4367
f 4367 4394 4395
f 4367 4395 4368
f 4368 4395 4396
f 4368 4396 4369
f 4369 4396 4397
f 4369 4397 4370
f 4370 4397 4398
f 4370 4398 4371
f 4371 4398 4399
f 4371 4399 4372
f 4372 4399 4400
f 4372 4400 4373
f 4373 4400 4401
f 4373 4401 4374
f 4374 4401 4402
f 4374 4402 4375
f 4375 4402 4403
f 4376 4292 4377
f 4377 4292 4290
f 4377 4290 4378
f 4378 4290 4288
f 4378 4288 4379
f 4379 4288 4286
f 4379 4286 4380
f 4380 4286 4284
f 4380 4284 4381
f 4381 4284 4282
f 4381 4282 4382
f 4382 4282 4281
f 4382 4281 4383
f 4383 4281 4279
f 4383 4279 4384
f 4384 4279 4277
f 4384 4277 4385
f 4385 4277 4275
f 4385 4275 4386
f 4386 4275 4273
f 4386 4273 4387
f 4387 4273 4271
f 4387 4271 4388
f 4388 4271 4269
f 4388 4269 4389
f 4389 4269 4267
f 4389 4267 4390
f 4390 4267 4265
f 4390 4265 4391
f 4391 4265 4263
f 4391 4263 4392
f 4392 4263 4261
f 4392 4261 4393
f 4393 4261 4259
f 4393 4259 4394
f 4394 4259 4257
f 4394 4257 4395
f 4395 4257 4255
f 4395 4255 4396
f 4396 4255 4254
f 4396 4254 4397
f 4397 4254 4252
f 4397 4252 4398
f 4398 4252 4250
f 4398 4250 4399
f 4399 4250 4248
f 4399 4248 4400
f 4400 4248 4246
f 4400 4246 4401
f 4401 4246 4244
f 4401 4244 4402
f 4402 4244 4243
f 4402 4243 4403
f 4403 4243 4242
f 4212 4211 4404
f 4293 4292 4405
f 4293 4405 4406
f 4406 4405 4407
f 4406 4407 4408
f 4408 4407 4409
f 4408 4409 4410
f 4410 4409 4411
f 4410 4411 4412
f 4412 4411 4413
f 4412 4413 4414
f 4414 4413 4415
f 4414 4415 4416
f 4415 4417 4416
f 4416 4417 4418
f 4416 4418 4419
f 4419 4418 4420
f 4419 4420 4421
f 4421 4420 4422
f 4421 4422 4423
f 4423 4422 4424
f 4423 4424 4425
f 4425 4424 4426
f 4425 4426 4427
f 4427 4426 4428
f 4427 4428 4429
f 4429 4428 4430
f 4429 4430 4431
f 4431 4430 4432
f 4431 4432 4433
f 4433 4432 4434
f 4433 4434 4435
f 4435 4434 4436
f 4435 4436 4437
f 4437 4436 4438
f 4437 4438 4439
f 4439 4438 4440
f 4439 4440 4441
f 4441 4440 4442
f 4441 4442 4443
f 4442 4444 4443
f 4443 4444 4445
f 4443 4445 4446
f 4446 4445 4447
f 4446 4447 4448
f 4448 4447 4449
f 4448 4449 4450
f 4450 4449 4451
f 4450 4451 4452
f 4452 4451 4453
f 4452 4453 4454
f 4454 4453 4242
f 4454 4242 4241
f 4236 4113 4239
f 4239 4455 4236
f 4236 4455 4456
f 4236 4456 4237
f 4457 4233 4456
f 4456 4233 4232
f 4456 4232 4237
f 4458 4459 4229
f 4229 4228 4458
f 4458 4228 4235
f 4458 4235 4457
f 4457 4235 4234
f 4457 4234 4233
f 4460 4461 4225
f 4225 4224 4460
f 4460 4224 4231
f 4460 4231 4459
f 4459 4231 4230
f 4459 4230 4229
f 4462 4463 4221
f 4221 4220 4462
f 4462 4220 4227
f 4462 4227 4461
f 4461 4227 4226
f 4461 4226 4225
f 4464 4465 4217
f 4217 4216 4464
f 4464 4216 4223
f 4464 4223 4463
f 4463 4223 4222
f 4463 4222 4221
f 4404 4211 4466
f 4211 4215 4466
f 4466 4215 4219
f 4466 4219 4465
f 4465 4219 4218
f 4465 4218 4217
f 4212 4404 4213
f 4213 4404 4467
f 4213 4467 4214
f 4214 4467 4468
f 4214 4468 4210
f 4210 4468 4209
f 4209 4468 4469
f 4209 4469 4208
f 4208 4469 4207
f 4207 4469 4470
f 4207 4470 4206
f 4206 4470 4205
f 4205 4470 4471
f 4205 4471 4204
f 4204 4471 4203
f 4203 4471 4472
f 4203 4472 4202
f 4202 4472 4201
f 4201 4472 4473
f 4201 4473 4200
f 4200 4473 4199
f 4199 4473 4474
f 4199 4474 4198
f 4198 4474 4197
f 4197 4474 4475
f 4197 4475 4196
f 4196 4475 4195
f 4195 4475 4476
f 4195 4476 4194
f 4194 4476 4193
f 4193 4476 4477
f 4193 4477 4192
f 4192 4477 4191
f 4191 4477 4478
f 4191 4478 4190
f 4190 4478 4479
f 4190 4479 4189
f 4189 4479 4294
f 4189 4294 4161
f 4239 4347 4455
f 4455 4347 4480
f 4455 4480 4456
f 4456 4480 4481
f 4456 4481 4457
f 4457 4481 4482
f 4457 4482 4458
f 4458 4482 4483
f 4458 4483 4459
f 4459 4483 4484
f 4459 4484 4460
f 4460 4484 4485
f 4460 4485 4461
f 4461 4485 4486
f 4461 4486 4462
f 4462 4486 4487
f 4462 4487 4463
f 4463 4487 4488
f 4463 4488 4464
f 4464 4488 4489
f 4464 4489 4465
f 4465 4489 4490
f 4465 4490 4466
f 4466 4490 4491
f 4466 4491 4404
f 4404 4491 4492
f 4404 4492 4467
f 4467 4492 4493
f 4467 4493 4468
f 4468 4493 4494
f 4468 4494 4469
f 4469 4494 4495
f 4469 4495 4470
f 4470 4495 4496
f 4470 4496 4471
f 4471 4496 4497
f 4471 4497 4472
f 4472 4497 4498
f 4472 4498 4473
f 4473 4498 4499
f 4473 4499 4474
f 4474 4499 4500
f 4474 4500 4475
f 4475 4500 4501
f 4475 4501 4476
f 4476 4501 4502
f 4476 4502 4477
f 4477 4502 4503
f 4477 4503 4478
f 4478 4503 4504
f 4478 4504 4479
f 4479 4504 4505
f 4479 4505 4294
f 4294 4505 4320
f 4347 4375 4480
f 4480 4375 4506
f 4480 4506 4481
f 4481 4506 4507
f 4481 4507 4482
f 4482 4507 4508
f 4482 4508 4483
f 4483 4508 4509
f 4483 4509 4484
f 4484 4509 4510
f 4484 4510 4485
f 4485 4510 4511
f 4485 4511 4486
f 4486 4511 4512
f 4486 4512 4487
f 4487 4512 4513
f 4487 4513 4488
f 4488 4513 4514
f 4488 4514 4489
f 4489 4514 4515
f 4489 4515 4490
f 4490 4515 4516
f 4490 4516 4491
f 4491 4516 4517
f 4491 4517 4492
f 4492 4517 4518
f 4492 4518 4493
f 4493 4518 4519
f 4493 4519 4494
f 4494 4519 4520
f 4494 4520 4495
f 4495 4520 4521
f 4495 4521 4496
f 4496 4521 4522
f 4496 4522 4497
f 4497 4522 4523
f 4497 4523 4498
f 4498 4523 4524
f 4498 4524 4499
f 4499 4524 4525
f 4499 4525 4500
f 4500 4525 4526
f 4500 4526 4501
f 4501 4526 4527
f 4501 4527 4502
f 4502 4527 4528
f 4502 4528 4503
f 4503 4528 4529
f 4503 4529 4504
f 4504 4529 4530
f 4504 4530 4505
f 4505 4530 4531
f 4505 4531 4320
f 4320 4531 4348
f 4375 4403 4506
f 4506 4403 4532
f 4506 4532 4507
f 4507 4532 4533
f 4507 4533 4508
f 4508 4533 4534
f 4508 4534 4509
f 4509 4534 4535
f 4509 4535 4510
f 4510 4535 4536
f 4510 4536 4511
f 4511 4536 4537
f 4511 4537 4512
f 4512 4537 4538
f 4512 4538 4513
f 4513 4538 4539
f 4513 4539 4514
f 4514 4539 4540
f 4514 4540 4515
f 4515 4540 4541
f 4515 4541 4516
f 4516 4541 4542
f 4516 4542 4517
f 4517 4542 4543
f 4517 4543 4518
f 4518 4543 4544
f 4518 4544 4519
f 4519 4544 4545
f 4519 4545 4520
f 4520 4545 4546
f 4520 4546 4521
f 4521 4546 4547
f 4521 4547 4522
f 4522 4547 4548
f 4522 4548 4523
f 4523 4548 4549
f 4523 4549 4524
f 4524 4549 4550
f 4524 4550 4525
f 4525 4550 4551
f 4525 4551 4526
f 4526 4551 4552
f 4526 4552 4527
f 4527 4552 4553
f 4527 4553 4528
f 4528 4553 4554
f 4528 4554 4529
f 4529 4554 4555
f 4529 4555 4530
f 4530 4555 4556
f 4530 4556 4531
f 4531 4556 4557
f 4531 4557 4348
f 4348 4557 4376
f 4403 4242 4532
f 4532 4242 4453
f 4532 4453 4533
f 4533 4453 4451
f 4533 4451 4534
f 4534 4451 4449
f 4534 4449 4535
f 4535 4449 4447
f 4535 4447 4536
f 4536 4447 4445
f 4536 4445 4537
f 4537 4445 4444
f 4537 4444 4538
f 4538 4444 4442
f 4538 4442 4539
f 4539 4442 4440
f 4539 4440 4540
f 4540 4440 4438
f 4540 4438 4541
f 4541 4438 4436
f 4541 4436 4542
f 4542 4436 4434
f 4542 4434 4543
f 4543 4434 4432
f 4543 4432 4544
f 4544 4432 4430
f 4544 4430 4545
f 4545 4430 4428
f 4545 4428 4546
f 4546 4428 4426
f 4546 4426 4547
f 4547 4426 4424
f 4547 4424 4548
f 4548 4424 4422
f 4548 4422 4549
f 4549 4422 4420
f 4549 4420 4550
f 4550 4420 4418
f 4550 4418 4551
f 4551 4418 4417
f 4551 4417 4552
f 4552 4417 4415
f 4552 4415 4553
f 4553 4415 4413
f 4553 4413 4554
f 4554 4413 4411
f 4554 4411 4555
f 4555 4411 4409
f 4555 4409 4556
f 4556 4409 4407
f 4556 4407 4557
f 4557 4407 4405
f 4557 4405 4376
f 4376 4405 4292
f 4558 4241 4559
f 4559 4241 4240
f 4559 4240 4560
f 4560 4240 4245
f 4560 4245 4561
f 4561 4245 4247
f 4561 4247 4562
f 4562 4247 4249
f 4562 4249 4563
f 4563 4249 4251
f 4563 4251 4564
f 4564 4251 4253
f 4564 4253 4565
f 4565 4253 4256
f 4565 4256 4566
f 4566 4256 4258
f 4566 4258 4567
f 4567 4258 4260
f 4567 4260 4568
f 4568 4260 4262
f 4568 4262 4569
f 4569 4262 4264
f 4569 4264 4570
f 4570 4264 4266
f 4570 4266 4571
f 4571 4266 4268
f 4293 4572 4291
f 4291 4572 4573
f 4291 4573 4289
f 4289 4573 4574
f 4289 4574 4287
f 4287 4574 4575
f 4287 4575 4285
f 4285 4575 4576
f 4285 4576 4283
f 4283 4576 4577
f 4283 4577 4280
f 4280 4577 4578
f 4280 4578 4278
f 4278 4578 4579
f 4278 4579 4276
f 4276 4579 4580
f 4276 4580 4274
f 4274 4580 4581
f 4274 4581 4272
f 4272 4581 4582
f 4272 4582 4270
f 4270 4582 4583
f 4270 4583 4268
f 4268 4583 4584
f 4268 4584 4571
f 4429 4585 4427
f 4427 4585 4586
f 4427 4586 4425
f 4425 4586 4587
f 4425 4587 4423
f 4423 4587 4588
f 4423 4588 4421
f 4421 4588 4589
f 4421 4589 4419
f 4419 4589 4590
f 4419 4590 4416
f 4416 4590 4591
f 4416 4591 4414
f 4414 4591 4592
f 4414 4592 4412
f 4412 4592 4593
f 4412 4593 4410
f 4410 4593 4594
f 4410 4594 4408
f 4408 4594 4595
f 4408 4595 4406
f 4406 4595 4596
f 4406 4596 4293
f 4293 4596 4572
f 4241 4558 4454
f 4454 4558 4597
f 4454 4597 4452
f 4452 4597 4598
f 4452 4598 4450
f 4450 4598 4599
f 4450 4599 4448
f 4448 4599 4600
f 4448 4600 4446
f 4446 4600 4601
f 4446 4601 4443
f 4443 4601 4602
f 4443 4602 4441
f 4441 4602 4603
f 4441 4603 4439
f 4439 4603 4604
f 4439 4604 4437
f 4437 4604 4605
f 4437 4605 4435
f 4435 4605 4606
f 4435 4606 4433
f 4433 4606 4607
f 4433 4607 4431
f 4431 4607 4608
f 4431 4608 4429
f 4429 4608 4609
f 4429 4609 4585
f 4572 4610 4573
f 4573 4610 4611
f 4573 4611 4574
f 4574 4611 4612
f 4574 4612 4575
f 4575 4612 4613
f 4575 4613 4576
f 4576 4613 4614
f 4576 4614 4577
f 4577 4614 4615
f 4577 4615 4578
f 4578 4615 4616
f 4578 4616 4579
f 4579 4616 4617
f 4579 4617 4580
f 4580 4617 4618
f 4580 4618 4581
f 4581 4618 4619
f 4581 4619 4582
f 4582 4619 4620
f 4582 4620 4583
f 4583 4620 4621
f 4583 4621 4584
f 4584 4621 4622
f 4584 4622 4571
f 4571 4622 4570
f 4570 4622 4623
f 4570 4623 4569
f 4569 4623 4624
f 4569 4624 4568
f 4568 4624 4625
f 4568 4625 4567
f 4567 4625 4626
f 4567 4626 4566
f 4566 4626 4627
f 4566 4627 4565
f 4565 4627 4628
f 4565 4628 4564
f 4564 4628 4629
f 4564 4629 4563
f 4563 4629 4630
f 4563 4630 4562
f 4562 4630 4631
f 4562 4631 4561
f 4561 4631 4632
f 4561 4632 4560
f 4560 4632 4633
f 4560 4633 4559
f 4559 4633 4634
f 4559 4634 4558
f 4634 4635 4558
f 4558 4635 4597
f 4597 4635 4598
f 4598 4635 4636
f 4598 4636 4599
f 4599 4636 4637
f 4599 4637 4600
f 4600 4637 4638
f 4600 4638 4601
f 4601 4638 4639
f 4601 4639 4602
f 4602 4639 4640
f 4602 4640 4603
f 4603 4640 4641
f 4603 4641 4604
f 4604 4641 4642
f 4604 4642 4605
f 4605 4642 4643
f 4605 4643 4606
f 4606 4643 4644
f 4606 4644 4607
f 4607 4644 4645
f 4607 4645 4608
f 4608 4645 4646
f 4608 4646 4609
f 4609 4646 4585
f 4585 4646 4647
f 4585 4647 4586
f 4586 4647 4648
f 4586 4648 4587
f 4587 4648 4649
f 4587 4649 4588
f 4588 4649 4650
f 4588 4650 4589
f 4589 4650 4651
f 4589 4651 4590
f 4590 4651 4652
f 4590 4652 4591
f 4591 4652 4653
f 4591 4653 4592
f 4592 4653 4654
f 4592 4654 4593
f 4593 4654 4655
f 4593 4655 4594
f 4594 4655 4656
f 4594 4656 4595
f 4595 4656 4657
f 4595 4657 4596
f 4596 4657 4610
f 4596 4610 4572
f 4658 4659 4634
f 4660 4661 4623
f 4623 4661 4662
f 4623 4662 4624
f 4624 4662 4663
f 4624 4663 4625
f 4625 4663 4664
f 4625 4664 4626
f 4626 4664 4665
f 4626 4665 4627
f 4627 4665 4666
f 4627 4666 4628
f 4628 4666 4667
f 4628 4667 4629
f 4629 4667 4668
f 4629 4668 4630
f 4630 4668 4669
f 4630 4669 4631
f 4631 4669 4670
f 4631 4670 4632
f 4632 4670 4658
f 4632 4658 4633
f 4633 4658 4634
f 4660 4623 4671
f 4671 4623 4622
f 4671 4622 4672
f 4672 4622 4621
f 4672 4621 4673
f 4673 4621 4620
f 4673 4620 4674
f 4674 4620 4619
f 4674 4619 4675
f 4675 4619 4618
f 4675 4618 4676
f 4676 4618 4617
f 4676 4617 4677
f 4677 4617 4616
f 4677 4616 4678
f 4678 4616 4615
f 4678 4615 4679
f 4679 4615 4614
f 4679 4614 4680
f 4680 4614 4613
f 4680 4613 4681
f 4681 4613 4612
f 4681 4612 4682
f 4682 4612 4611
f 4682 4611 4683
f 4683 4611 4610
f 4683 4610 4684
f 4685 4686 4647
f 4647 4686 4687
f 4647 4687 4648
f 4648 4687 4688
f 4648 4688 4649
f 4649 4688 4689
f 4649 4689 4650
f 4650 4689 4690
f 4650 4690 4651
f 4651 4690 4691
f 4651 4691 4652
f 4652 4691 4692
f 4652 4692 4653
f 4653 4692 4693
f 4653 4693 4654
f 4654 4693 4694
f 4654 4694 4655
f 4655 4694 4695
f 4655 4695 4656
f 4656 4695 4696
f 4656 4696 4657
f 4657 4696 4684
f 4657 4684 4610
f 4685 4647 4697
f 4697 4647 4646
f 4697 4646 4698
f 4698 4646 4645
f 4698 4645 4699
f 4699 4645 4644
f 4699 4644 4700
f 4700 4644 4643
f 4700 4643 4701
f 4701 4643 4642
f 4701 4642 4702
f 4702 4642 4641
f 4702 4641 4703
f 4703 4641 4640
f 4703 4640 4704
f 4704 4640 4639
f 4704 4639 4705
f 4705 4639 4638
f 4705 4638 4706
f 4706 4638 4637
f 4706 4637 4707
f 4707 4637 4636
f 4707 4636 4708
f 4708 4636 4635
f 4708 4635 4709
f 4709 4635 4634
f 4709 4634 4659
f 4710 4711 4712
f 4712 4711 4713
f 4712 4713 4714
f 4714 4713 4715
f 4714 4715 4716
f 4716 4715 4717
f 4716 4717 4718
f 4718 4717 4719
f 4720 4721 4722
f 4722 4721 4723
f 4722 4723 4719
f 4719 4723 4724
f 4719 4724 4718
f 4725 4726 4727
f 4727 4726 4728
f 4727 4728 4729
f 4729 4728 4730
f 4729 4730 4731
f 4731 4730 4732
f 4731 4732 4733
f 4733 4732 4734
f 4733 4734 4735
f 4735 4734 4736
f 4735 4736 4737
f 4737 4736 4738
f 4737 4738 4739
f 4739 4738 4740
f 4739 4740 4741
f 4741 4740 4742
f 4741 4742 4743
f 4743 4742 4744
f 4743 4744 4745
f 4745 4744 4746
f 4745 4746 4720
f 4720 4746 4747
f 4720 4747 4721
f 4748 4749 4750
f 4750 4749 4751
f 4750 4751 4725
f 4725 4751 4752
f 4725 4752 4726
f 4753 4754 4755
f 4755 4754 4756
f 4755 4756 4757
f 4757 4756 4758
f 4757 4758 4759
f 4759 4758 4760
f 4759 4760 4748
f 4748 4760 4761
f 4748 4761 4749
f 4684 4753 4683
f 4683 4753 4755
f 4683 4755 4682
f 4682 4755 4757
f 4682 4757 4681
f 4681 4757 4759
f 4681 4759 4680
f 4680 4759 4748
f 4680 4748 4679
f 4679 4748 4750
f 4679 4750 4678
f 4678 4750 4725
f 4678 4725 4677
f 4677 4725 4727
f 4677 4727 4676
f 4676 4727 4729
f 4676 4729 4675
f 4675 4729 4731
f 4675 4731 4674
f 4674 4731 4733
f 4674 4733 4673
f 4673 4733 4735
f 4673 4735 4672
f 4672 4735 4671
f 4671 4735 4737
f 4671 4737 4660
f 4711 4659 4713
f 4713 4659 4658
f 4713 4658 4715
f 4715 4658 4670
f 4715 4670 4717
f 4717 4670 4669
f 4717 4669 4719
f 4719 4669 4668
f 4719 4668 4722
f 4722 4668 4667
f 4722 4667 4720
f 4720 4667 4666
f 4720 4666 4745
f 4745 4666 4665
f 4745 4665 4743
f 4743 4665 4664
f 4743 4664 4741
f 4741 4664 4663
f 4741 4663 4739
f 4739 4663 4662
f 4739 4662 4737
f 4737 4662 4661
f 4737 4661 4660
f 4754 4753 4762
f 4762 4753 4763
f 4762 4763 4764
f 4764 4763 4765
f 4764 4765 4766
f 4766 4765 4767
f 4766 4767 4768
f 4768 4767 4769
f 4770 4771 4772
f 4772 4771 4773
f 4772 4773 4769
f 4769 4773 4774
f 4769 4774 4768
f 4775 4776 4777
f 4777 4776 4778
f 4777 4778 4779
f 4779 4778 4780
f 4779 4780 4781
f 4781 4780 4782
f 4781 4782 4783
f 4783 4782 4784
f 4783 4784 4785
f 4785 4784 4786
f 4785 4786 4787
f 4787 4786 4788
f 4787 4788 4789
f 4789 4788 4790
f 4789 4790 4791
f 4791 4790 4792
f 4791 4792 4793
f 4793 4792 4794
f 4793 4794 4795
f 4795 4794 4796
f 4795 4796 4770
f 4770 4796 4797
f 4770 4797 4771
f 4798 4799 4800
f 4800 4799 4801
f 4800 4801 4775
f 4775 4801 4802
f 4775 4802 4776
f 4711 4710 4803
f 4803 4710 4804
f 4803 4804 4805
f 4805 4804 4806
f 4805 4806 4807
f 4807 4806 4808
f 4807 4808 4798
f 4798 4808 4809
f 4798 4809 4799
f 4659 4711 4709
f 4709 4711 4803
f 4709 4803 4708
f 4708 4803 4805
f 4708 4805 4707
f 4707 4805 4807
f 4707 4807 4706
f 4706 4807 4798
f 4706 4798 4705
f 4705 4798 4800
f 4705 4800 4704
f 4704 4800 4775
f 4704 4775 4703
f 4703 4775 4777
f 4703 4777 4702
f 4702 4777 4779
f 4702 4779 4701
f 4701 4779 4781
f 4701 4781 4700
f 4700 4781 4783
f 4700 4783 4699
f 4699 4783 4785
f 4699 4785 4698
f 4698 4785 4697
f 4697 4785 4787
f 4697 4787 4685
f 4753 4684 4763
f 4763 4684 4696
f 4763 4696 4765
f 4765 4696 4695
f 4765 4695 4767
f 4767 4695 4694
f 4767 4694 4769
f 4769 4694 4693
f 4769 4693 4772
f 4772 4693 4692
f 4772 4692 4770
f 4770 4692 4691
f 4770 4691 4795
f 4795 4691 4690
f 4795 4690 4793
f 4793 4690 4689
f 4793 4689 4791
f 4791 4689 4688
f 4791 4688 4789
f 4789 4688 4687
f 4789 4687 4787
f 4787 4687 4686
f 4787 4686 4685
f 4756 4754 4810
f 4811 4758 4812
f 4812 4758 4756
f 4812 4756 4813
f 4813 4756 4810
f 4814 4761 4811
f 4811 4761 4760
f 4811 4760 4758
f 4815 4751 4814
f 4814 4751 4749
f 4814 4749 4761
f 4728 4726 4815
f 4815 4726 4752
f 4815 4752 4751
f 4815 4816 4728
f 4728 4816 4817
f 4728 4817 4730
f 4730 4817 4818
f 4730 4818 4732
f 4732 4818 4819
f 4732 4819 4734
f 4734 4819 4820
f 4734 4820 4736
f 4736 4820 4821
f 4736 4821 4738
f 4738 4821 4822
f 4738 4822 4740
f 4740 4822 4823
f 4740 4823 4742
f 4742 4823 4824
f 4742 4824 4744
f 4744 4824 4825
f 4744 4825 4746
f 4746 4825 4747
f 4747 4825 4826
f 4747 4826 4721
f 4716 4718 4827
f 4827 4718 4724
f 4827 4724 4826
f 4826 4724 4723
f 4826 4723 4721
f 4827 4828 4716
f 4716 4828 4829
f 4716 4829 4714
f 4714 4829 4830
f 4714 4830 4712
f 4710 4712 4831
f 4831 4712 4830
f 4831 4830 4832
f 4833 4832 4834
f 4833 4834 4835
f 4835 4834 4836
f 4835 4836 4837
f 4837 4836 4838
f 4837 4838 4839
f 4839 4838 4840
f 4839 4840 4841
f 4841 4840 4842
f 4841 4842 4843
f 4843 4842 4844
f 4843 4844 4845
f 4845 4844 4846
f 4845 4846 4847
f 4847 4846 4848
f 4847 4848 4849
f 4849 4848 4850
f 4849 4850 4851
f 4851 4850 4852
f 4851 4852 4853
f 4853 4852 4854
f 4853 4854 4855
f 4855 4854 4856
f 4855 4856 4857
f 4857 4856 4858
f 4857 4858 4859
f 4859 4858 4860
f 4859 4860 4861
f 4861 4860 4862
f 4861 4862 4863
f 4863 4862 4864
f 4863 4864 4865
f 4865 4864 4866
f 4865 4866 4867
f 4867 4866 4868
f 4867 4868 4869
f 4869 4868 4870
f 4869 4870 4871
f 4871 4870 4872
f 4871 4872 4873
f 4873 4872 4874
f 4873 4874 4875
f 4832 4830 4834
f 4834 4830 4829
f 4834 4829 4836
f 4836 4829 4828
f 4836 4828 4838
f 4838 4828 4827
f 4838 4827 4840
f 4840 4827 4826
f 4840 4826 4842
f 4842 4826 4825
f 4842 4825 4844
f 4844 4825 4824
f 4844 4824 4846
f 4846 4824 4823
f 4846 4823 4848
f 4848 4823 4822
f 4848 4822 4850
f 4850 4822 4821
f 4850 4821 4852
f 4852 4821 4820
f 4852 4820 4854
f 4854 4820 4819
f 4854 4819 4856
f 4856 4819 4818
f 4856 4818 4858
f 4858 4818 4817
f 4858 4817 4860
f 4860 4817 4816
f 4860 4816 4862
f 4862 4816 4815
f 4862 4815 4864
f 4864 4815 4814
f 4864 4814 4866
f 4866 4814 4811
f 4866 4811 4868
f 4868 4811 4812
f 4868 4812 4870
f 4870 4812 4813
f 4870 4813 4872
f 4872 4813 4810
f 4872 4810 4874
f 4876 4806 4877
f 4877 4806 4804
f 4877 4804 4878
f 4878 4804 4710
f 4878 4710 4831
f 4879 4809 4876
f 4876 4809 4808
f 4876 4808 4806
f 4880 4801 4879
f 4879 4801 4799
f 4879 4799 4809
f 4778 4776 4880
f 4880 4776 4802
f 4880 4802 4801
f 4880 4881 4778
f 4778 4881 4882
f 4778 4882 4780
f 4780 4882 4883
f 4780 4883 4782
f 4782 4883 4884
f 4782 4884 4784
f 4784 4884 4885
f 4784 4885 4786
f 4786 4885 4886
f 4786 4886 4788
f 4788 4886 4887
f 4788 4887 4790
f 4790 4887 4888
f 4790 4888 4792
f 4792 4888 4889
f 4792 4889 4794
f 4794 4889 4890
f 4794 4890 4796
f 4796 4890 4797
f 4797 4890 4891
f 4797 4891 4771
f 4766 4768 4892
f 4892 4768 4774
f 4892 4774 4891
f 4891 4774 4773
f 4891 4773 4771
f 4892 4893 4766
f 4766 4893 4894
f 4766 4894 4764
f 4764 4894 4895
f 4764 4895 4762
f 4754 4762 4810
f 4810 4762 4895
f 4810 4895 4874
f 4875 4874 4896
f 4875 4896 4897
f 4897 4896 4898
f 4897 4898 4899
f 4899 4898 4900
f 4899 4900 4901
f 4901 4900 4902
f 4901 4902 4903
f 4903 4902 4904
f 4903 4904 4905
f 4905 4904 4906
f 4905 4906 4907
f 4907 4906 4908
f 4907 4908 4909
f 4909 4908 4910
f 4909 4910 4911
f 4911 4910 4912
f 4911 4912 4913
f 4913 4912 4914
f 4913 4914 4915
f 4915 4914 4916
f 4915 4916 4917
f 4917 4916 4918
f 4917 4918 4919
f 4919 4918 4920
f 4919 4920 4921
f 4921 4920 4922
f 4921 4922 4923
f 4923 4922 4924
f 4923 4924 4925
f 4925 4924 4926
f 4925 4926 4927
f 4927 4926 4928
f 4927 4928 4929
f 4929 4928 4930
f 4929 4930 4931
f 4931 4930 4932
f 4931 4932 4933
f 4933 4932 4934
f 4933 4934 4935
f 4935 4934 4832
f 4935 4832 4833
f 4874 4895 4896
f 4896 4895 4894
f 4896 4894 4898
f 4898 4894 4893
f 4898 4893 4900
f 4900 4893 4892
f 4900 4892 4902
f 4902 4892 4891
f 4902 4891 4904
f 4904 4891 4890
f 4904 4890 4906
f 4906 4890 4889
f 4906 4889 4908
f 4908 4889 4888
f 4908 4888 4910
f 4910 4888 4887
f 4910 4887 4912
f 4912 4887 4886
f 4912 4886 4914
f 4914 4886 4885
f 4914 4885 4916
f 4916 4885 4884
f 4916 4884 4918
f 4918 4884 4883
f 4918 4883 4920
f 4920 4883 4882
f 4920 4882 4922
f 4922 4882 4881
f 4922 4881 4924
f 4924 4881 4880
f 4924 4880 4926
f 4926 4880 4879
f 4926 4879 4928
f 4928 4879 4876
f 4928 4876 4930
f 4930 4876 4877
f 4930 4877 4932
f 4932 4877 4878
f 4932 4878 4934
f 4934 4878 4831
f 4934 4831 4832
f 4936 4867 4937
f 4937 4867 4869
f 4937 4869 4938
f 4938 4869 4871
f 4938 4871 4939
f 4939 4871 4873
f 4939 4873 4940
f 4940 4873 4875
f 4940 4875 4941
f 4942 4843 4943
f 4943 4843 4845
f 4943 4845 4944
f 4944 4845 4847
f 4944 4847 4945
f 4945 4847 4849
f 4945 4849 4946
f 4946 4849 4851
f 4946 4851 4947
f 4947 4851 4853
f 4947 4853 4948
f 4948 4853 4855
f 4948 4855 4949
f 4949 4855 4857
f 4949 4857 4950
f 4950 4857 4859
f 4950 4859 4951
f 4951 4859 4861
f 4951 4861 4952
f 4952 4861 4863
f 4952 4863 4936
f 4936 4863 4865
f 4936 4865 4867
f 4953 4833 4954
f 4954 4833 4835
f 4954 4835 4955
f 4955 4835 4837
f 4955 4837 4956
f 4956 4837 4839
f 4956 4839 4942
f 4942 4839 4841
f 4942 4841 4843
f 4957 4929 4958
f 4958 4929 4931
f 4958 4931 4959
f 4959 4931 4933
f 4959 4933 4960
f 4960 4933 4935
f 4960 4935 4961
f 4961 4935 4833
f 4961 4833 4962
f 4962 4833 4953
f 4963 4964 4901
f 4901 4964 4899
f 4899 4964 4965
f 4899 4965 4897
f 4897 4965 4966
f 4897 4966 4875
f 4875 4966 4967
f 4875 4967 4941
f 4901 4903 4963
f 4963 4903 4905
f 4963 4905 4968
f 4968 4905 4907
f 4968 4907 4969
f 4969 4907 4909
f 4969 4909 4970
f 4970 4909 4911
f 4970 4911 4971
f 4971 4911 4913
f 4971 4913 4972
f 4972 4913 4915
f 4972 4915 4973
f 4973 4915 4917
f 4973 4917 4974
f 4974 4917 4919
f 4974 4919 4975
f 4975 4919 4921
f 4975 4921 4976
f 4976 4921 4923
f 4976 4923 4977
f 4977 4923 4925
f 4977 4925 4957
f 4957 4925 4927
f 4957 4927 4929
f 4978 1846 4979
f 4979 1846 4980
f 4979 4980 4981
f 4981 4980 4982
f 4981 4982 4983
f 4983 4982 4984
f 4983 4984 4985
f 4985 4984 4986
f 4985 4986 4987
f 4987 4986 4988
f 4987 4988 4989
f 4989 4988 4990
f 4989 4990 4991
f 4991 4990 2066
f 4991 2066 4992
f 4992 2066 4993
f 4992 4993 4994
f 4994 4993 4995
f 4994 4995 4996
f 4996 4995 4997
f 4996 4997 4998
f 4998 4997 4999
f 4998 4999 5000
f 5000 4999 5001
f 5000 5001 5002
f 5002 5001 5003
f 5002 5003 5004
f 5004 5003 1903
f 5005 5006 5007
f 5007 5006 5008
f 5007 5008 5009
f 5009 5008 5010
f 5009 5010 5011
f 5011 5010 5012
f 5011 5012 5013
f 5013 5012 5014
f 5013 5014 5015
f 5015 5014 5016
f 5015 5016 5017
f 5017 5016 5018
f 5017 5018 5019
f 5019 5018 5020
f 5019 5020 5021
f 5021 5020 5022
f 5021 5022 5023
f 5023 5022 5024
f 5023 5024 5025
f 5025 5024 5026
f 5025 5026 5027
f 5027 5026 5028
f 5027 5028 5029
f 5029 5028 5030
f 5029 5030 5031
f 5031 5030 5032
f 5031 5032 5033
f 5033 5032 5034
f 5033 5034 5035
f 5035 5034 5036
f 5035 5036 5037
f 5037 5036 5038
f 5037 5038 5039
f 5039 5038 5040
f 5039 5040 5041
f 5041 5040 5042
f 5041 5042 5043
f 5043 5042 5044
f 5043 5044 5045
f 5045 5044 5046
f 5045 5046 5047
f 5047 5046 5048
f 5049 4941 5050
f 5050 4941 4967
f 5050 4967 5051
f 5051 4967 4966
f 5051 4966 5052
f 5052 4966 4965
f 5052 4965 5053
f 5053 4965 4964
f 5053 4964 5054
f 5054 4964 4963
f 5054 4963 5055
f 5055 4963 4968
f 5055 4968 5056
f 5056 4968 4969
f 5056 4969 5057
f 5057 4969 4970
f 5057 4970 5058
f 5058 4970 4971
f 5058 4971 5059
f 5059 4971 4972
f 5059 4972 5060
f 5060 4972 4973
f 5060 4973 5061
f 5061 4973 4974
f 5061 4974 5062
f 5062 4974 4975
f 5062 4975 5063
f 5063 4975 4976
f 5063 4976 5064
f 5064 4976 4977
f 5064 4977 5065
f 5065 4977 4957
f 5065 4957 5066
f 5066 4957 4958
f 5066 4958 5067
f 5067 4958 4959
f 5067 4959 5068
f 5068 4959 4960
f 5068 4960 5069
f 5069 4960 4961
f 5069 4961 5070
f 5070 4961 4962
f 5006 5049 5008
f 5008 5049 5050
f 5008 5050 5010
f 5010 5050 5051
f 5010 5051 5012
f 5012 5051 5052
f 5012 5052 5014
f 5014 5052 5053
f 5014 5053 5016
f 5016 5053 5054
f 5016 5054 5018
f 5018 5054 5055
f 5018 5055 5020
f 5020 5055 5056
f 5020 5056 5022
f 5022 5056 5057
f 5022 5057 5024
f 5024 5057 5058
f 5024 5058 5026
f 5026 5058 5059
f 5026 5059 5028
f 5028 5059 5060
f 5028 5060 5030
f 5030 5060 5061
f 5030 5061 5032
f 5032 5061 5062
f 5032 5062 5034
f 5034 5062 5063
f 5034 5063 5036
f 5036 5063 5064
f 5036 5064 5038
f 5038 5064 5065
f 5038 5065 5040
f 5040 5065 5066
f 5040 5066 5042
f 5042 5066 5067
f 5042 5067 5044
f 5044 5067 5068
f 5044 5068 5046
f 5046 5068 5069
f 5046 5069 5048
f 5048 5069 5070
f 5047 5048 5071
f 5071 5048 5072
f 5071 5072 5073
f 5073 5072 5074
f 5073 5074 5075
f 5075 5074 5076
f 5075 5076 5077
f 5077 5076 5078
f 5077 5078 5079
f 5079 5078 5080
f 5079 5080 5081
f 5081 5080 5082
f 5081 5082 5083
f 5083 5082 5084
f 5083 5084 5085
f 5085 5084 5086
f 5085 5086 5087
f 5087 5086 5088
f 5087 5088 5089
f 5089 5088 5090
f 5089 5090 5091
f 5091 5090 5092
f 5091 5092 5093
f 5093 5092 5094
f 5093 5094 5095
f 5095 5094 5096
f 5095 5096 5097
f 5097 5096 5098
f 5097 5098 5099
f 5099 5098 5100
f 5099 5100 5101
f 5101 5100 5102
f 5101 5102 5103
f 5103 5102 5104
f 5103 5104 5105
f 5105 5104 5106
f 5105 5106 5107
f 5107 5106 5108
f 5107 5108 5109
f 5109 5108 5110
f 5109 5110 5005
f 5005 5110 5006
f 5070 4962 5111
f 5111 4962 4953
f 5111 4953 5112
f 5112 4953 4954
f 5112 4954 5113
f 5113 4954 4955
f 5113 4955 5114
f 5114 4955 4956
f 5114 4956 5115
f 5115 4956 4942
f 5115 4942 5116
f 5116 4942 4943
f 5116 4943 5117
f 5117 4943 4944
f 5117 4944 5118
f 5118 4944 4945
f 5118 4945 5119
f 5119 4945 4946
f 5119 4946 5120
f 5120 4946 4947
f 5120 4947 5121
f 5121 4947 4948
f 5121 4948 5122
f 5122 4948 4949
f 5122 4949 5123
f 5123 4949 4950
f 5123 4950 5124
f 5124 4950 4951
f 5124 4951 5125
f 5125 4951 4952
f 5125 4952 5126
f 5126 4952 4936
f 5126 4936 5127
f 5127 4936 4937
f 5127 4937 5128
f 5128 4937 4938
f 5128 4938 5129
f 5129 4938 4939
f 5129 4939 5130
f 5130 4939 4940
f 5130 4940 5049
f 5049 4940 4941
f 5048 5070 5072
f 5072 5070 5111
f 5072 5111 5074
f 5074 5111 5112
f 5074 5112 5076
f 5076 5112 5113
f 5076 5113 5078
f 5078 5113 5114
f 5078 5114 5080
f 5080 5114 5115
f 5080 5115 5082
f 5082 5115 5116
f 5082 5116 5084
f 5084 5116 5117
f 5084 5117 5086
f 5086 5117 5118
f 5086 5118 5088
f 5088 5118 5119
f 5088 5119 5090
f 5090 5119 5120
f 5090 5120 5092
f 5092 5120 5121
f 5092 5121 5094
f 5094 5121 5122
f 5094 5122 5096
f 5096 5122 5123
f 5096 5123 5098
f 5098 5123 5124
f 5098 5124 5100
f 5100 5124 5125
f 5100 5125 5102
f 5102 5125 5126
f 5102 5126 5104
f 5104 5126 5127
f 5104 5127 5106
f 5106 5127 5128
f 5106 5128 5108
f 5108 5128 5129
f 5108 5129 5110
f 5110 5129 5130
f 5110 5130 5006
f 5006 5130 5049
f 4991 4992 5087
f 5109 4978 5107
f 5107 4978 4979
f 5107 4979 5105
f 5105 4979 4981
f 5105 4981 5103
f 5103 4981 4983
f 5087 4992 5085
f 5085 4992 4994
f 5085 4994 5083
f 4987 5097 4985
f 4985 5097 5099
f 4985 5099 4983
f 4983 5099 5101
f 4983 5101 5103
f 5083 4994 5081
f 5081 4994 4996
f 5081 4996 5079
f 5079 4996 4998
f 5079 4998 5077
f 5087 5089 4991
f 4991 5089 5091
f 4991 5091 4989
f 4989 5091 5093
f 4989 5093 4987
f 4987 5093 5095
f 4987 5095 5097
f 5131 5033 5132
f 5132 5033 5035
f 5132 5035 5133
f 5134 5015 5135
f 5135 5015 5017
f 5135 5017 5136
f 5109 5005 4978
f 4978 5005 5007
f 4978 5007 5137
f 5137 5007 5009
f 5137 5009 5138
f 5138 5009 5011
f 5138 5011 5134
f 5134 5011 5013
f 5134 5013 5015
f 5017 5019 5136
f 5136 5019 5021
f 5136 5021 5139
f 5139 5021 5023
f 5139 5023 5140
f 5023 5025 5140
f 5140 5025 5027
f 5140 5027 5141
f 5141 5027 5029
f 5141 5029 5131
f 5131 5029 5031
f 5131 5031 5033
f 5077 4998 5075
f 5075 4998 5000
f 5075 5000 5073
f 5073 5000 5002
f 5073 5002 5071
f 5071 5002 5004
f 5071 5004 5047
f 5035 5037 5133
f 5133 5037 5039
f 5133 5039 5142
f 5142 5039 5041
f 5142 5041 5143
f 5143 5041 5043
f 5143 5043 5004
f 5004 5043 5045
f 5004 5045 5047
f 5004 1903 5143
f 5143 1903 5144
f 5143 5144 5142
f 5142 5144 5145
f 5142 5145 5133
f 5133 5145 5146
f 5133 5146 5132
f 5132 5146 5147
f 5132 5147 5131
f 5131 5147 5148
f 5131 5148 5141
f 5141 5148 5149
f 5141 5149 5140
f 5140 5149 1874
f 5140 1874 5139
f 5139 1874 5150
f 5139 5150 5136
f 5136 5150 5151
f 5136 5151 5135
f 5135 5151 5152
f 5135 5152 5134
f 5134 5152 5153
f 5134 5153 5138
f 5138 5153 5154
f 5138 5154 5137
f 5137 5154 5155
f 5137 5155 4978
f 4978 5155 1846
f 5156 5157 5150
f 5158 5159 5153
f 5160 1846 5161
f 5161 1846 5155
f 5161 5155 5162
f 5162 5155 5154
f 5162 5154 5163
f 5153 5159 5154
f 5154 5159 5164
f 5154 5164 5163
f 5158 5153 5165
f 5165 5153 5152
f 5165 5152 5166
f 5166 5152 5151
f 5166 5151 5167
f 5150 5157 5151
f 5151 5157 5168
f 5151 5168 5167
f 5156 5150 5169
f 5169 5150 1874
f 5169 1874 5170
f 5149 5171 1874
f 1874 5171 5172
f 1874 5172 5170
f 5173 5174 5148
f 5148 5174 5175
f 5148 5175 5149
f 5149 5175 5176
f 5149 5176 5171
f 5173 5148 5177
f 5177 5148 5147
f 5177 5147 5178
f 5178 5147 5146
f 5178 5146 5179
f 5179 5146 5180
f 5180 5146 5145
f 5180 5145 5181
f 1903 5182 5144
f 5144 5182 5183
f 5144 5183 5145
f 5145 5183 5184
f 5145 5184 5181
f 5185 5186 4993
f 5187 5188 4999
f 5182 1903 5189
f 5189 1903 5003
f 5189 5003 5190
f 5190 5003 5001
f 5190 5001 5191
f 4999 5188 5001
f 5001 5188 5192
f 5001 5192 5191
f 5187 4999 5193
f 5193 4999 4997
f 5193 4997 5194
f 5194 4997 4995
f 5194 4995 5195
f 4993 5186 4995
f 4995 5186 5196
f 4995 5196 5195
f 5185 4993 5197
f 5197 4993 2066
f 5197 2066 5198
f 4990 5199 2066
f 2066 5199 5200
f 2066 5200 5198
f 5201 5202 4988
f 4988 5202 5203
f 4988 5203 4990
f 4990 5203 5204
f 4990 5204 5199
f 5201 4988 5205
f 5205 4988 4986
f 5205 4986 5206
f 5206 4986 4984
f 5206 4984 5207
f 5207 4984 5208
f 5208 4984 4982
f 5208 4982 5209
f 1846 5160 4980
f 4980 5160 5210
f 4980 5210 4982
f 4982 5210 5211
f 4982 5211 5209
f 5170 5212 5213
f 5214 5215 5216
f 5214 5216 5217
f 5217 5216 5218
f 5217 5218 5219
f 5219 5218 5220
f 5219 5220 5221
f 5221 5220 5222
f 5221 5222 5223
f 5223 5222 5224
f 5223 5224 5225
f 5225 5224 5226
f 5225 5226 5227
f 5227 5226 5228
f 5227 5228 5229
f 5229 5228 5230
f 5229 5230 5231
f 5231 5230 5232
f 5231 5232 5233
f 5233 5232 5234
f 5233 5234 5235
f 5235 5234 5236
f 5235 5236 5237
f 5237 5236 5238
f 5237 5238 5239
f 5239 5238 5240
f 5239 5240 5241
f 5241 5240 5242
f 5241 5242 5243
f 5243 5242 5244
f 5243 5244 5245
f 5245 5244 5246
f 5245 5246 5247
f 5247 5246 5248
f 5247 5248 5249
f 5249 5248 5250
f 5249 5250 5251
f 5251 5250 5252
f 5251 5252 5253
f 5170 5213 5169
f 5169 5213 5254
f 5169 5254 5156
f 5159 5158 5255
f 5255 5158 5165
f 5255 5165 5256
f 5256 5165 5166
f 5256 5166 5257
f 5257 5166 5167
f 5257 5167 5258
f 5258 5167 5168
f 5258 5168 5254
f 5254 5168 5157
f 5254 5157 5156
f 5159 5255 5164
f 5164 5255 5259
f 5164 5259 5163
f 5163 5259 5260
f 5163 5260 5162
f 5162 5260 5261
f 5162 5261 5161
f 5161 5261 5160
f 5160 5261 5262
f 5160 5262 5210
f 5210 5262 5263
f 5210 5263 5211
f 5202 5201 5264
f 5264 5201 5205
f 5264 5205 5265
f 5265 5205 5206
f 5265 5206 5266
f 5266 5206 5207
f 5266 5207 5267
f 5267 5207 5208
f 5267 5208 5263
f 5263 5208 5209
f 5263 5209 5211
f 5202 5264 5203
f 5203 5264 5268
f 5203 5268 5204
f 5204 5268 5269
f 5204 5269 5199
f 5199 5269 5270
f 5199 5270 5200
f 5198 5200 5271
f 5271 5200 5270
f 5271 5270 5272
f 5215 5272 5273
f 5215 5273 5216
f 5216 5273 5274
f 5216 5274 5218
f 5218 5274 5275
f 5218 5275 5220
f 5220 5275 5276
f 5220 5276 5222
f 5222 5276 5277
f 5222 5277 5224
f 5224 5277 5278
f 5224 5278 5226
f 5226 5278 5279
f 5226 5279 5228
f 5228 5279 5280
f 5228 5280 5230
f 5230 5280 5281
f 5230 5281 5232
f 5232 5281 5282
f 5232 5282 5234
f 5234 5282 5283
f 5234 5283 5236
f 5236 5283 5284
f 5236 5284 5238
f 5238 5284 5285
f 5238 5285 5240
f 5240 5285 5286
f 5240 5286 5242
f 5242 5286 5287
f 5242 5287 5244
f 5244 5287 5288
f 5244 5288 5246
f 5246 5288 5289
f 5246 5289 5248
f 5248 5289 5290
f 5248 5290 5250
f 5250 5290 5291
f 5250 5291 5252
f 5272 5270 5273
f 5273 5270 5269
f 5273 5269 5274
f 5274 5269 5268
f 5274 5268 5275
f 5275 5268 5264
f 5275 5264 5276
f 5276 5264 5265
f 5276 5265 5277
f 5277 5265 5266
f 5277 5266 5278
f 5278 5266 5267
f 5278 5267 5279
f 5279 5267 5263
f 5279 5263 5280
f 5280 5263 5262
f 5280 5262 5281
f 5281 5262 5261
f 5281 5261 5282
f 5282 5261 5260
f 5282 5260 5283
f 5283 5260 5259
f 5283 5259 5284
f 5284 5259 5255
f 5284 5255 5285
f 5285 5255 5256
f 5285 5256 5286
f 5286 5256 5257
f 5286 5257 5287
f 5287 5257 5258
f 5287 5258 5288
f 5288 5258 5254
f 5288 5254 5289
f 5289 5254 5213
f 5289 5213 5290
f 5290 5213 5212
f 5290 5212 5291
f 5292 5293 2999
f 5294 5295 2993
f 5296 2460 5297
f 5297 2460 2989
f 5297 2989 5298
f 5298 2989 2991
f 5298 2991 5299
f 2993 5295 2991
f 2991 5295 5300
f 2991 5300 5299
f 5294 2993 5301
f 5301 2993 2995
f 5301 2995 5302
f 5302 2995 2997
f 5302 2997 5303
f 2999 5293 2997
f 2997 5293 5304
f 2997 5304 5303
f 5292 2999 5305
f 5305 2999 2488
f 5305 2488 5306
f 3002 5307 2488
f 2488 5307 5308
f 2488 5308 5306
f 5309 5310 3004
f 3004 5310 5311
f 3004 5311 3002
f 3002 5311 5312
f 3002 5312 5307
f 5309 3004 5313
f 5313 3004 3006
f 5313 3006 5314
f 5314 3006 3008
f 5314 3008 5315
f 5315 3008 5316
f 5316 3008 3010
f 5316 3010 5317
f 2516 5318 3012
f 3012 5318 5319
f 3012 5319 3010
f 3010 5319 5320
f 3010 5320 5317
f 5321 5322 2973
f 5323 5324 2967
f 5318 2516 5325
f 5325 2516 2963
f 5325 2963 5326
f 5326 2963 2965
f 5326 2965 5327
f 2967 5324 2965
f 2965 5324 5328
f 2965 5328 5327
f 5323 2967 5329
f 5329 2967 2969
f 5329 2969 5330
f 5330 2969 2971
f 5330 2971 5331
f 2973 5322 2971
f 2971 5322 5332
f 2971 5332 5331
f 5321 2973 5333
f 5333 2973 2626
f 5333 2626 5334
f 2976 5335 2626
f 2626 5335 5336
f 2626 5336 5334
f 5337 5338 2978
f 2978 5338 5339
f 2978 5339 2976
f 2976 5339 5340
f 2976 5340 5335
f 5337 2978 5341
f 5341 2978 2980
f 5341 2980 5342
f 5342 2980 2982
f 5342 2982 5343
f 5343 2982 5344
f 5344 2982 2984
f 5344 2984 5345
f 2460 5296 2986
f 2986 5296 5346
f 2986 5346 2984
f 2984 5346 5347
f 2984 5347 5345
f 5306 5348 5349
f 5253 5350 5351
f 5253 5351 5251
f 5251 5351 5352
f 5251 5352 5249
f 5249 5352 5353
f 5249 5353 5247
f 5247 5353 5354
f 5247 5354 5245
f 5245 5354 5355
f 5245 5355 5243
f 5243 5355 5356
f 5243 5356 5241
f 5241 5356 5357
f 5241 5357 5239
f 5239 5357 5358
f 5239 5358 5237
f 5237 5358 5359
f 5237 5359 5235
f 5235 5359 5360
f 5235 5360 5233
f 5233 5360 5361
f 5233 5361 5231
f 5231 5361 5362
f 5231 5362 5229
f 5229 5362 5363
f 5229 5363 5227
f 5227 5363 5364
f 5227 5364 5225
f 5225 5364 5365
f 5225 5365 5223
f 5223 5365 5366
f 5223 5366 5221
f 5221 5366 5367
f 5221 5367 5219
f 5219 5367 5368
f 5219 5368 5217
f 5217 5368 5369
f 5217 5369 5214
f 5306 5349 5305
f 5305 5349 5370
f 5305 5370 5292
f 5295 5294 5371
f 5371 5294 5301
f 5371 5301 5372
f 5372 5301 5302
f 5372 5302 5373
f 5373 5302 5303
f 5373 5303 5374
f 5374 5303 5304
f 5374 5304 5370
f 5370 5304 5293
f 5370 5293 5292
f 5295 5371 5300
f 5300 5371 5375
f 5300 5375 5299
f 5299 5375 5376
f 5299 5376 5298
f 5298 5376 5377
f 5298 5377 5297
f 5297 5377 5296
f 5296 5377 5378
f 5296 5378 5346
f 5346 5378 5379
f 5346 5379 5347
f 5338 5337 5380
f 5380 5337 5341
f 5380 5341 5381
f 5381 5341 5342
f 5381 5342 5382
f 5382 5342 5343
f 5382 5343 5383
f 5383 5343 5344
f 5383 5344 5379
f 5379 5344 5345
f 5379 5345 5347
f 5338 5380 5339
f 5339 5380 5384
f 5339 5384 5340
f 5340 5384 5385
f 5340 5385 5335
f 5335 5385 5386
f 5335 5386 5336
f 5334 5336 5387
f 5387 5336 5386
f 5387 5386 5388
f 5350 5388 5389
f 5350 5389 5351
f 5351 5389 5390
f 5351 5390 5352
f 5352 5390 5391
f 5352 5391 5353
f 5353 5391 5392
f 5353 5392 5354
f 5354 5392 5393
f 5354 5393 5355
f 5355 5393 5394
f 5355 5394 5356
f 5356 5394 5395
f 5356 5395 5357
f 5357 5395 5396
f 5357 5396 5358
f 5358 5396 5397
f 5358 5397 5359
f 5359 5397 5398
f 5359 5398 5360
f 5360 5398 5399
f 5360 5399 5361
f 5361 5399 5400
f 5361 5400 5362
f 5362 5400 5401
f 5362 5401 5363
f 5363 5401 5402
f 5363 5402 5364
f 5364 5402 5403
f 5364 5403 5365
f 5365 5403 5404
f 5365 5404 5366
f 5366 5404 5405
f 5366 5405 5367
f 5367 5405 5406
f 5367 5406 5368
f 5368 5406 5407
f 5368 5407 5369
f 5388 5386 5389
f 5389 5386 5385
f 5389 5385 5390
f 5390 5385 5384
f 5390 5384 5391
f 5391 5384 5380
f 5391 5380 5392
f 5392 5380 5381
f 5392 5381 5393
f 5393 5381 5382
f 5393 5382 5394
f 5394 5382 5383
f 5394 5383 5395
f 5395 5383 5379
f 5395 5379 5396
f 5396 5379 5378
f 5396 5378 5397
f 5397 5378 5377
f 5397 5377 5398
f 5398 5377 5376
f 5398 5376 5399
f 5399 5376 5375
f 5399 5375 5400
f 5400 5375 5371
f 5400 5371 5401
f 5401 5371 5372
f 5401 5372 5402
f 5402 5372 5373
f 5402 5373 5403
f 5403 5373 5374
f 5403 5374 5404
f 5404 5374 5370
f 5404 5370 5405
f 5405 5370 5349
f 5405 5349 5406
f 5406 5349 5348
f 5406 5348 5407
f 5198 5271 5408
f 5409 5410 5411
f 5411 5412 5409
f 5409 5412 5413
f 5409 5413 5414
f 5414 5413 5415
f 5414 5415 5416
f 5416 5415 5417
f 5416 5417 5418
f 5418 5417 5419
f 5418 5419 5420
f 5420 5419 5421
f 5420 5421 5422
f 5422 5421 5423
f 5422 5423 5424
f 5424 5423 5425
f 5424 5425 5426
f 5426 5425 5215
f 5426 5215 5214
f 5198 5408 5197
f 5197 5408 5427
f 5197 5427 5185
f 5188 5187 5428
f 5428 5187 5193
f 5428 5193 5429
f 5429 5193 5194
f 5429 5194 5430
f 5430 5194 5195
f 5430 5195 5431
f 5431 5195 5196
f 5431 5196 5427
f 5427 5196 5186
f 5427 5186 5185
f 5188 5428 5192
f 5192 5428 5432
f 5192 5432 5191
f 5191 5432 5433
f 5191 5433 5190
f 5190 5433 5434
f 5190 5434 5189
f 5189 5434 5182
f 5182 5434 5435
f 5182 5435 5183
f 5183 5435 5436
f 5183 5436 5184
f 5174 5173 5437
f 5437 5173 5177
f 5437 5177 5438
f 5438 5177 5178
f 5438 5178 5439
f 5439 5178 5179
f 5439 5179 5440
f 5440 5179 5180
f 5440 5180 5436
f 5436 5180 5181
f 5436 5181 5184
f 5174 5437 5175
f 5175 5437 5441
f 5175 5441 5176
f 5176 5441 5442
f 5176 5442 5171
f 5171 5442 5443
f 5171 5443 5172
f 5170 5172 5212
f 5212 5172 5443
f 5212 5443 5291
f 5252 5291 5444
f 5445 5446 5447
f 5447 5446 5448
f 5447 5448 5449
f 5449 5448 5450
f 5449 5450 5451
f 5451 5450 5452
f 5451 5452 5453
f 5453 5452 5454
f 5453 5454 5455
f 5455 5454 5456
f 5455 5456 5457
f 5457 5456 5458
f 5457 5458 5459
f 5459 5458 5253
f 5459 5253 5252
f 5410 5460 5411
f 5411 5460 5461
f 5411 5461 5462
f 5462 5461 5463
f 5462 5463 5445
f 5445 5463 5464
f 5445 5464 5446
f 5252 5444 5459
f 5459 5444 5465
f 5459 5465 5457
f 5457 5465 5466
f 5457 5466 5455
f 5455 5466 5467
f 5455 5467 5453
f 5453 5467 5468
f 5453 5468 5451
f 5451 5468 5469
f 5451 5469 5449
f 5449 5469 5470
f 5449 5470 5447
f 5447 5470 5471
f 5447 5471 5445
f 5445 5471 5472
f 5445 5472 5462
f 5462 5472 5473
f 5462 5473 5411
f 5411 5473 5474
f 5411 5474 5412
f 5412 5474 5475
f 5412 5475 5413
f 5413 5475 5476
f 5413 5476 5415
f 5415 5476 5477
f 5415 5477 5417
f 5417 5477 5478
f 5417 5478 5419
f 5419 5478 5479
f 5419 5479 5421
f 5421 5479 5480
f 5421 5480 5423
f 5423 5480 5481
f 5423 5481 5425
f 5425 5481 5272
f 5425 5272 5215
f 5291 5443 5444
f 5444 5443 5442
f 5444 5442 5465
f 5465 5442 5441
f 5465 5441 5466
f 5466 5441 5437
f 5466 5437 5467
f 5467 5437 5438
f 5467 5438 5468
f 5468 5438 5439
f 5468 5439 5469
f 5469 5439 5440
f 5469 5440 5470
f 5470 5440 5436
f 5470 5436 5471
f 5471 5436 5435
f 5471 5435 5472
f 5472 5435 5434
f 5472 5434 5473
f 5473 5434 5433
f 5473 5433 5474
f 5474 5433 5432
f 5474 5432 5475
f 5475 5432 5428
f 5475 5428 5476
f 5476 5428 5429
f 5476 5429 5477
f 5477 5429 5430
f 5477 5430 5478
f 5478 5430 5431
f 5478 5431 5479
f 5479 5431 5427
f 5479 5427 5480
f 5480 5427 5408
f 5480 5408 5481
f 5481 5408 5271
f 5481 5271 5272
f 5482 5483 5461
f 5461 5483 5484
f 5461 5484 5463
f 5460 5410 5485
f 5482 5461 5486
f 5486 5461 5460
f 5486 5460 5487
f 5487 5460 5485
f 5487 5485 5488
f 5489 5490 5491
f 5492 5493 5494
f 5495 5496 5497
f 5494 5493 5498
f 5498 5493 5499
f 5498 5499 5490
f 5489 5491 5463
f 5463 5491 5464
f 5464 5491 5500
f 5464 5500 5446
f 5446 5500 5501
f 5446 5501 5448
f 5448 5501 5502
f 5448 5502 5450
f 5450 5502 5503
f 5450 5503 5452
f 5452 5503 5504
f 5452 5504 5454
f 5454 5504 5505
f 5454 5505 5456
f 5456 5505 5506
f 5456 5506 5458
f 5458 5506 5350
f 5458 5350 5253
f 5322 5321 5507
f 5507 5321 5333
f 5507 5333 5508
f 5508 5333 5334
f 5508 5334 5387
f 5322 5507 5332
f 5332 5507 5509
f 5332 5509 5331
f 5331 5509 5510
f 5331 5510 5330
f 5330 5510 5511
f 5330 5511 5329
f 5329 5511 5512
f 5329 5512 5323
f 5513 5326 5514
f 5514 5326 5327
f 5514 5327 5515
f 5515 5327 5328
f 5515 5328 5512
f 5512 5328 5324
f 5512 5324 5323
f 5319 5318 5513
f 5513 5318 5325
f 5513 5325 5326
f 5513 5495 5319
f 5319 5495 5516
f 5319 5516 5320
f 5310 5309 5517
f 5517 5309 5313
f 5517 5313 5518
f 5518 5313 5314
f 5518 5314 5519
f 5519 5314 5315
f 5519 5315 5520
f 5520 5315 5316
f 5520 5316 5516
f 5516 5316 5317
f 5516 5317 5320
f 5310 5517 5311
f 5311 5517 5521
f 5311 5521 5312
f 5312 5521 5522
f 5312 5522 5307
f 5307 5522 5523
f 5307 5523 5308
f 5306 5308 5348
f 5348 5308 5523
f 5348 5523 5407
f 5369 5407 5524
f 5214 5369 5525
f 5526 5527 5528
f 5214 5525 5426
f 5426 5525 5529
f 5426 5529 5424
f 5424 5529 5530
f 5424 5530 5422
f 5422 5530 5531
f 5422 5531 5420
f 5420 5531 5532
f 5420 5532 5418
f 5418 5532 5533
f 5418 5533 5416
f 5416 5533 5534
f 5416 5534 5414
f 5414 5534 5526
f 5414 5526 5409
f 5409 5526 5528
f 5409 5528 5410
f 5535 5536 5537
f 5537 5536 5538
f 5490 5499 5491
f 5491 5499 5539
f 5491 5539 5500
f 5500 5539 5540
f 5500 5540 5501
f 5501 5540 5541
f 5501 5541 5502
f 5502 5541 5542
f 5502 5542 5503
f 5503 5542 5543
f 5503 5543 5504
f 5504 5543 5544
f 5504 5544 5505
f 5505 5544 5545
f 5505 5545 5506
f 5506 5545 5388
f 5506 5388 5350
f 5369 5524 5525
f 5525 5524 5546
f 5525 5546 5529
f 5529 5546 5547
f 5529 5547 5530
f 5530 5547 5548
f 5530 5548 5531
f 5531 5548 5549
f 5531 5549 5532
f 5532 5549 5550
f 5532 5550 5533
f 5533 5550 5551
f 5533 5551 5534
f 5534 5551 5537
f 5534 5537 5526
f 5526 5537 5538
f 5526 5538 5527
f 5496 5495 5492
f 5492 5495 5513
f 5492 5513 5493
f 5493 5513 5514
f 5493 5514 5499
f 5499 5514 5515
f 5499 5515 5539
f 5539 5515 5512
f 5539 5512 5540
f 5540 5512 5511
f 5540 5511 5541
f 5541 5511 5510
f 5541 5510 5542
f 5542 5510 5509
f 5542 5509 5543
f 5543 5509 5507
f 5543 5507 5544
f 5544 5507 5508
f 5544 5508 5545
f 5545 5508 5387
f 5545 5387 5388
f 5407 5523 5524
f 5524 5523 5522
f 5524 5522 5546
f 5546 5522 5521
f 5546 5521 5547
f 5547 5521 5517
f 5547 5517 5548
f 5548 5517 5518
f 5548 5518 5549
f 5549 5518 5519
f 5549 5519 5550
f 5550 5519 5520
f 5550 5520 5551
f 5551 5520 5516
f 5551 5516 5537
f 5537 5516 5495
f 5537 5495 5535
f 5535 5495 5497
f 5535 5497 5536
f 5552 5496 5553
f 5553 5496 5492
f 5554 5555 5492
f 5555 5556 5492
f 5492 5556 5557
f 5492 5557 5553
f 5492 5494 5554
f 5554 5494 5498
f 5554 5498 5558
f 5558 5498 5490
f 5558 5490 5559
f 5559 5490 5489
f 5559 5489 5560
f 5560 5489 5463
f 5560 5463 5561
f 5561 5463 5484
f 5561 5484 5562
f 5562 5484 5483
f 5562 5483 5563
f 5563 5483 5482
f 5563 5482 5564
f 5564 5482 5486
f 5496 5552 5565
f 5496 5565 5497
f 5565 5566 5497
f 5497 5566 5567
f 5497 5567 5536
f 5536 5567 5568
f 5536 5568 5538
f 5538 5568 5569
f 5538 5569 5527
f 5527 5569 5570
f 5527 5570 5528
f 5528 5570 5571
f 5528 5571 5410
f 5564 5486 5572
f 5572 5486 5487
f 5572 5487 5573
f 5573 5487 5488
f 5573 5488 5574
f 5574 5488 5485
f 5574 5485 5575
f 5575 5485 5410
f 5575 5410 5576
f 5576 5410 5571
f 5577 5578 5579
f 5579 5578 5580
f 5579 5580 5581
f 5581 5580 5582
f 5581 5582 5583
f 5583 5582 5584
f 5583 5584 5585
f 5586 5587 5588
f 5588 5587 5589
f 5588 5589 5584
f 5584 5589 5590
f 5584 5590 5585
f 5591 5592 5593
f 5593 5592 5594
f 5593 5594 5586
f 5586 5594 5595
f 5586 5595 5587
f 5596 5597 5598
f 5598 5597 5599
f 5598 5599 5600
f 5600 5599 5601
f 5600 5601 5602
f 5602 5601 5603
f 5602 5603 5591
f 5591 5603 5604
f 5591 5604 5592
f 5605 5606 5607
f 5607 5606 5608
f 5607 5608 5596
f 5596 5608 5609
f 5596 5609 5597
f 5610 5611 5612
f 5612 5611 5613
f 5612 5613 5605
f 5605 5613 5614
f 5605 5614 5606
f 5615 5616 5610
f 5610 5616 5617
f 5610 5617 5611
f 5618 5619 5620
f 5620 5619 5621
f 5620 5621 5615
f 5615 5621 5622
f 5615 5622 5616
f 5623 5624 5625
f 5625 5624 5626
f 5625 5626 5627
f 5627 5626 5628
f 5627 5628 5629
f 5629 5628 5630
f 5629 5630 5631
f 5631 5630 5632
f 5631 5632 5633
f 5633 5632 5634
f 5633 5634 5635
f 5635 5634 5636
f 5635 5636 5637
f 5637 5636 5638
f 5637 5638 5639
f 5639 5638 5640
f 5639 5640 5641
f 5641 5640 5642
f 5641 5642 5643
f 5643 5642 5644
f 5643 5644 5645
f 5645 5644 5646
f 5645 5646 5647
f 5647 5646 5648
f 5647 5648 5649
f 5649 5648 5650
f 5649 5650 5651
f 5651 5650 5652
f 5651 5652 5653
f 5653 5652 5654
f 5653 5654 5655
f 5655 5654 5656
f 5655 5656 5657
f 5657 5656 5658
f 5657 5658 5659
f 5659 5658 5660
f 5624 5618 5626
f 5626 5618 5620
f 5626 5620 5628
f 5628 5620 5615
f 5628 5615 5630
f 5630 5615 5610
f 5630 5610 5632
f 5632 5610 5612
f 5632 5612 5634
f 5634 5612 5605
f 5634 5605 5636
f 5636 5605 5607
f 5636 5607 5638
f 5638 5607 5596
f 5638 5596 5640
f 5640 5596 5598
f 5640 5598 5642
f 5642 5598 5600
f 5642 5600 5644
f 5644 5600 5602
f 5644 5602 5646
f 5646 5602 5591
f 5646 5591 5648
f 5648 5591 5593
f 5648 5593 5650
f 5650 5593 5586
f 5650 5586 5652
f 5652 5586 5588
f 5652 5588 5654
f 5654 5588 5584
f 5654 5584 5656
f 5656 5584 5582
f 5656 5582 5658
f 5658 5582 5580
f 5658 5580 5660
f 5660 5580 5578
f 5661 5662 5663
f 5567 5566 5664
f 5554 5558 5665
f 5559 5560 5666
f 5557 5556 5667
f 5667 5556 5555
f 5668 5669 5553
f 5566 5565 5669
f 5669 5565 5552
f 5669 5552 5553
f 5570 5569 5664
f 5664 5569 5568
f 5664 5568 5567
f 5576 5571 5670
f 5575 5576 5671
f 5671 5576 5670
f 5671 5670 5672
f 5672 5670 5673
f 5672 5673 5674
f 5674 5673 5675
f 5674 5675 5676
f 5676 5675 5677
f 5676 5677 5678
f 5678 5677 5679
f 5678 5679 5680
f 5680 5679 5681
f 5680 5681 5682
f 5682 5681 5683
f 5682 5683 5684
f 5684 5683 5685
f 5684 5685 5623
f 5623 5685 5624
f 5619 5618 5686
f 5686 5618 5687
f 5686 5687 5688
f 5688 5687 5689
f 5688 5689 5690
f 5690 5689 5691
f 5690 5691 5692
f 5693 5694 5695
f 5695 5694 5696
f 5695 5696 5691
f 5691 5696 5697
f 5691 5697 5692
f 5663 5698 5661
f 5661 5698 5699
f 5661 5699 5693
f 5693 5699 5700
f 5693 5700 5694
f 5566 5669 5664
f 5664 5669 5701
f 5664 5701 5662
f 5662 5701 5702
f 5662 5702 5663
f 5553 5557 5668
f 5668 5557 5667
f 5668 5667 5703
f 5703 5667 5704
f 5703 5704 5705
f 5705 5704 5706
f 5706 5704 5707
f 5706 5707 5708
f 5708 5707 5709
f 5708 5709 5710
f 5711 5712 5713
f 5713 5712 5714
f 5713 5714 5709
f 5709 5714 5715
f 5709 5715 5710
f 5716 5717 5711
f 5711 5717 5718
f 5711 5718 5712
f 5578 5577 5719
f 5719 5577 5720
f 5719 5720 5716
f 5716 5720 5721
f 5716 5721 5717
f 5659 5660 5722
f 5722 5660 5723
f 5722 5723 5724
f 5724 5723 5725
f 5724 5725 5726
f 5726 5725 5727
f 5726 5727 5728
f 5728 5727 5729
f 5728 5729 5730
f 5730 5729 5731
f 5730 5731 5732
f 5732 5731 5733
f 5732 5733 5734
f 5734 5733 5735
f 5734 5735 5666
f 5666 5735 5665
f 5666 5665 5559
f 5559 5665 5558
f 5571 5570 5670
f 5670 5570 5664
f 5670 5664 5673
f 5673 5664 5662
f 5673 5662 5675
f 5675 5662 5661
f 5675 5661 5677
f 5677 5661 5693
f 5677 5693 5679
f 5679 5693 5695
f 5679 5695 5681
f 5681 5695 5691
f 5681 5691 5683
f 5683 5691 5689
f 5683 5689 5685
f 5685 5689 5687
f 5685 5687 5624
f 5624 5687 5618
f 5660 5578 5723
f 5723 5578 5719
f 5723 5719 5725
f 5725 5719 5716
f 5725 5716 5727
f 5727 5716 5711
f 5727 5711 5729
f 5729 5711 5713
f 5729 5713 5731
f 5731 5713 5709
f 5731 5709 5733
f 5733 5709 5707
f 5733 5707 5735
f 5735 5707 5704
f 5735 5704 5665
f 5665 5704 5667
f 5665 5667 5554
f 5554 5667 5555
f 5633 5635 5736
f 5732 5737 5730
f 5738 5739 5740
f 5741 5742 5743
f 5744 5745 5562
f 5746 5747 5748
f 5749 5750 5751
f 5751 5750 5746
f 5751 5746 5752
f 5752 5746 5748
f 5753 5754 5755
f 5755 5756 5753
f 5753 5756 5757
f 5753 5757 5758
f 5758 5757 5759
f 5758 5759 5760
f 5760 5759 5761
f 5760 5761 5762
f 5762 5761 5763
f 5762 5763 5747
f 5747 5763 5764
f 5747 5764 5748
f 5765 5766 5743
f 5743 5766 5767
f 5743 5767 5754
f 5754 5767 5768
f 5754 5768 5755
f 5645 5769 5643
f 5643 5769 5770
f 5643 5770 5641
f 5641 5770 5771
f 5641 5771 5740
f 5740 5771 5772
f 5740 5772 5773
f 5773 5774 5740
f 5740 5774 5775
f 5740 5775 5776
f 5775 5777 5776
f 5776 5777 5778
f 5776 5778 5779
f 5779 5778 5780
f 5779 5780 5781
f 5781 5782 5647
f 5647 5782 5783
f 5647 5783 5645
f 5645 5783 5784
f 5645 5784 5769
f 5560 5561 5666
f 5666 5561 5734
f 5562 5745 5561
f 5765 5785 5786
f 5786 5785 5787
f 5786 5787 5788
f 5742 5789 5743
f 5743 5789 5790
f 5743 5790 5765
f 5765 5790 5791
f 5765 5791 5785
f 5792 5741 5793
f 5561 5745 5734
f 5734 5745 5794
f 5734 5794 5795
f 5792 5793 5796
f 5796 5793 5737
f 5796 5737 5795
f 5795 5737 5732
f 5795 5732 5734
f 5797 5736 5798
f 5635 5637 5799
f 5799 5800 5635
f 5635 5800 5801
f 5635 5801 5736
f 5736 5801 5802
f 5736 5802 5798
f 5739 5803 5740
f 5740 5803 5804
f 5740 5804 5641
f 5641 5804 5805
f 5641 5805 5639
f 5639 5805 5806
f 5639 5806 5637
f 5637 5806 5807
f 5637 5807 5799
f 5808 5750 5765
f 5765 5750 5749
f 5765 5749 5766
f 5786 5809 5810
f 5810 5809 5811
f 5808 5812 5750
f 5750 5812 5813
f 5750 5813 5814
f 5810 5815 5786
f 5786 5815 5816
f 5786 5816 5765
f 5765 5816 5817
f 5765 5817 5808
f 5818 5819 5820
f 5818 5820 5814
f 5819 5821 5822
f 5822 5821 5823
f 5822 5823 5809
f 5809 5823 5824
f 5809 5824 5811
f 5744 5562 5788
f 5788 5562 5563
f 5788 5563 5786
f 5786 5563 5564
f 5786 5564 5809
f 5809 5564 5572
f 5809 5572 5573
f 5575 5671 5574
f 5574 5671 5672
f 5574 5672 5573
f 5825 5826 5827
f 5827 5826 5828
f 5828 5829 5827
f 5827 5829 5830
f 5827 5830 5831
f 5831 5830 5832
f 5833 5834 5724
f 5724 5834 5722
f 5722 5834 5835
f 5722 5835 5659
f 5659 5835 5836
f 5659 5836 5657
f 5657 5836 5655
f 5655 5836 5837
f 5655 5837 5825
f 5832 5838 5831
f 5831 5838 5839
f 5831 5839 5840
f 5730 5737 5728
f 5728 5737 5793
f 5728 5793 5726
f 5726 5793 5831
f 5726 5831 5724
f 5724 5831 5840
f 5724 5840 5833
f 5825 5827 5655
f 5655 5827 5841
f 5655 5841 5653
f 5781 5647 5779
f 5779 5647 5649
f 5779 5649 5651
f 5633 5736 5631
f 5631 5736 5797
f 5631 5797 5629
f 5629 5797 5842
f 5629 5842 5627
f 5843 5844 5845
f 5627 5846 5625
f 5625 5846 5847
f 5625 5847 5623
f 5623 5847 5848
f 5623 5848 5684
f 5684 5848 5682
f 5682 5848 5849
f 5682 5849 5850
f 5845 5844 5842
f 5842 5844 5851
f 5842 5851 5852
f 5852 5853 5842
f 5842 5853 5854
f 5842 5854 5627
f 5627 5854 5855
f 5627 5855 5846
f 5850 5856 5845
f 5845 5856 5857
f 5845 5857 5843
f 5850 5845 5682
f 5682 5845 5820
f 5682 5820 5680
f 5819 5822 5820
f 5820 5822 5678
f 5820 5678 5680
f 5573 5672 5809
f 5809 5672 5674
f 5809 5674 5822
f 5822 5674 5676
f 5822 5676 5678
f 5741 5743 5793
f 5793 5743 5754
f 5793 5754 5831
f 5831 5754 5753
f 5831 5753 5827
f 5827 5753 5758
f 5827 5758 5841
f 5651 5653 5779
f 5779 5653 5841
f 5779 5841 5776
f 5776 5841 5758
f 5776 5758 5740
f 5740 5758 5760
f 5740 5760 5738
f 5738 5760 5762
f 5738 5762 5858
f 5858 5762 5859
f 5814 5820 5750
f 5750 5820 5845
f 5750 5845 5746
f 5746 5845 5842
f 5746 5842 5747
f 5747 5842 5797
f 5747 5797 5762
f 5762 5797 5798
f 5762 5798 5859
f 5701 5669 5860
f 5861 5601 5862
f 5862 5601 5599
f 5862 5599 5863
f 5863 5599 5597
f 5863 5597 5864
f 5864 5597 5865
f 5865 5597 5609
f 5865 5609 5866
f 5866 5609 5608
f 5866 5608 5867
f 5867 5608 5606
f 5867 5606 5868
f 5868 5606 5614
f 5868 5614 5869
f 5869 5614 5613
f 5869 5613 5870
f 5870 5613 5611
f 5870 5611 5871
f 5871 5611 5617
f 5871 5617 5872
f 5617 5616 5872
f 5872 5616 5622
f 5872 5622 5873
f 5873 5622 5621
f 5860 5874 5701
f 5701 5874 5875
f 5701 5875 5702
f 5702 5875 5876
f 5702 5876 5663
f 5663 5876 5877
f 5663 5877 5698
f 5698 5877 5878
f 5698 5878 5699
f 5699 5878 5879
f 5699 5879 5700
f 5700 5879 5880
f 5700 5880 5694
f 5694 5880 5881
f 5694 5881 5696
f 5696 5881 5882
f 5696 5882 5697
f 5697 5882 5883
f 5697 5883 5692
f 5692 5883 5884
f 5692 5884 5690
f 5690 5884 5885
f 5690 5885 5688
f 5688 5885 5886
f 5688 5886 5686
f 5686 5886 5887
f 5686 5887 5619
f 5619 5887 5888
f 5619 5888 5621
f 5621 5888 5889
f 5621 5889 5873
f 5603 5601 5861
f 5860 5669 5890
f 5890 5669 5668
f 5890 5668 5891
f 5891 5668 5703
f 5891 5703 5892
f 5892 5703 5893
f 5893 5703 5705
f 5893 5705 5894
f 5894 5705 5706
f 5894 5706 5895
f 5895 5706 5708
f 5895 5708 5896
f 5896 5708 5710
f 5896 5710 5897
f 5897 5710 5715
f 5897 5715 5898
f 5898 5715 5714
f 5898 5714 5899
f 5899 5714 5712
f 5899 5712 5900
f 5900 5712 5718
f 5900 5718 5901
f 5718 5717 5901
f 5901 5717 5721
f 5901 5721 5902
f 5902 5721 5720
f 5902 5720 5903
f 5903 5720 5904
f 5720 5577 5904
f 5904 5577 5579
f 5904 5579 5905
f 5905 5579 5581
f 5905 5581 5906
f 5906 5581 5583
f 5906 5583 5907
f 5907 5583 5585
f 5907 5585 5908
f 5908 5585 5590
f 5908 5590 5909
f 5909 5590 5589
f 5909 5589 5910
f 5910 5589 5587
f 5910 5587 5911
f 5911 5587 5595
f 5911 5595 5912
f 5912 5595 5594
f 5912 5594 5913
f 5913 5594 5592
f 5913 5592 5914
f 5914 5592 5604
f 5914 5604 5915
f 5915 5604 5603
f 5915 5603 5916
f 5916 5603 5861
f 5917 5858 5918
f 5918 5858 5859
f 5918 5859 5919
f 5919 5859 5798
f 5919 5798 5920
f 5920 5798 5802
f 5920 5802 5921
f 5921 5802 5801
f 5921 5801 5922
f 5922 5801 5800
f 5922 5800 5923
f 5923 5800 5799
f 5923 5799 5924
f 5924 5799 5807
f 5924 5807 5925
f 5925 5807 5806
f 5925 5806 5926
f 5926 5806 5805
f 5926 5805 5927
f 5927 5805 5804
f 5927 5804 5928
f 5928 5804 5803
f 5928 5803 5929
f 5929 5803 5739
f 5929 5739 5930
f 5930 5739 5738
f 5930 5738 5917
f 5917 5738 5858
f 5931 5856 5932
f 5932 5856 5850
f 5932 5850 5933
f 5933 5850 5849
f 5933 5849 5934
f 5934 5849 5848
f 5934 5848 5935
f 5935 5848 5847
f 5935 5847 5936
f 5936 5847 5846
f 5936 5846 5937
f 5937 5846 5855
f 5937 5855 5938
f 5938 5855 5854
f 5938 5854 5939
f 5939 5854 5853
f 5939 5853 5940
f 5940 5853 5852
f 5940 5852 5941
f 5941 5852 5851
f 5941 5851 5942
f 5942 5851 5844
f 5942 5844 5943
f 5943 5844 5843
f 5943 5843 5944
f 5944 5843 5857
f 5944 5857 5931
f 5931 5857 5856
f 5945 5745 5946
f 5946 5745 5744
f 5946 5744 5947
f 5947 5744 5788
f 5947 5788 5948
f 5948 5788 5787
f 5948 5787 5949
f 5949 5787 5785
f 5949 5785 5950
f 5950 5785 5791
f 5950 5791 5951
f 5951 5791 5790
f 5951 5790 5952
f 5952 5790 5789
f 5952 5789 5953
f 5953 5789 5742
f 5953 5742 5954
f 5954 5742 5741
f 5954 5741 5955
f 5955 5741 5792
f 5955 5792 5956
f 5956 5792 5796
f 5956 5796 5957
f 5957 5796 5795
f 5957 5795 5958
f 5958 5795 5794
f 5958 5794 5945
f 5945 5794 5745
f 5959 5811 5960
f 5960 5811 5824
f 5960 5824 5961
f 5961 5824 5823
f 5961 5823 5962
f 5962 5823 5821
f 5962 5821 5963
f 5963 5821 5819
f 5963 5819 5964
f 5964 5819 5818
f 5964 5818 5965
f 5965 5818 5814
f 5965 5814 5966
f 5966 5814 5813
f 5966 5813 5967
f 5967 5813 5812
f 5967 5812 5968
f 5968 5812 5808
f 5968 5808 5969
f 5969 5808 5817
f 5969 5817 5970
f 5970 5817 5816
f 5970 5816 5971
f 5971 5816 5815
f 5971 5815 5972
f 5972 5815 5810
f 5972 5810 5959
f 5959 5810 5811
f 5973 5766 5974
f 5974 5766 5749
f 5974 5749 5975
f 5975 5749 5751
f 5975 5751 5976
f 5976 5751 5752
f 5976 5752 5977
f 5977 5752 5748
f 5977 5748 5978
f 5978 5748 5764
f 5978 5764 5979
f 5979 5764 5763
f 5979 5763 5980
f 5980 5763 5761
f 5980 5761 5981
f 5981 5761 5759
f 5981 5759 5982
f 5982 5759 5757
f 5982 5757 5983
f 5983 5757 5756
f 5983 5756 5984
f 5984 5756 5755
f 5984 5755 5985
f 5985 5755 5768
f 5985 5768 5986
f 5986 5768 5767
f 5986 5767 5973
f 5973 5767 5766
f 5987 5777 5988
f 5988 5777 5775
f 5988 5775 5989
f 5989 5775 5774
f 5989 5774 5990
f 5990 5774 5773
f 5990 5773 5991
f 5991 5773 5772
f 5991 5772 5992
f 5992 5772 5771
f 5992 5771 5993
f 5993 5771 5770
f 5993 5770 5994
f 5994 5770 5769
f 5994 5769 5995
f 5995 5769 5784
f 5995 5784 5996
f 5996 5784 5783
f 5996 5783 5997
f 5997 5783 5782
f 5997 5782 5998
f 5998 5782 5781
f 5998 5781 5999
f 5999 5781 5780
f 5999 5780 6000
f 6000 5780 5778
f 6000 5778 5987
f 5987 5778 5777
f 6001 5840 6002
f 6002 5840 5839
f 6002 5839 6003
f 6003 5839 5838
f 6003 5838 6004
f 6004 5838 5832
f 6004 5832 6005
f 6005 5832 5830
f 6005 5830 6006
f 6006 5830 5829
f 6006 5829 6007
f 6007 5829 5828
f 6007 5828 6008
f 6008 5828 5826
f 6008 5826 6009
f 6009 5826 5825
f 6009 5825 6010
f 6010 5825 5837
f 6010 5837 6011
f 6011 5837 5836
f 6011 5836 6012
f 6012 5836 5835
f 6012 5835 6013
f 6013 5835 5834
f 6013 5834 6014
f 6014 5834 5833
f 6014 5833 6001
f 6001 5833 5840
f 6015 6016 6017
f 6018 6019 6020
f 6021 6022 6023
f 6019 6018 6024
f 6024 6018 6025
f 6024 6025 6021
f 6026 6027 6020
f 6020 6027 6028
f 6020 6028 6018
f 6020 6029 6026
f 6026 6029 6030
f 6026 6030 6031
f 6031 6030 6032
f 6032 6030 6033
f 6032 6033 6034
f 6034 6033 6035
f 6034 6035 6036
f 6036 6035 6037
f 6037 6035 6038
f 6037 6038 6039
f 6039 6038 6040
f 6039 6040 6041
f 6041 6040 6042
f 6042 6040 6043
f 6042 6043 6044
f 6044 6043 6045
f 6044 6045 6046
f 6046 6045 6047
f 6046 6047 6048
f 6016 6015 6047
f 6047 6015 6049
f 6047 6049 6048
f 6050 6051 6017
f 6017 6051 6052
f 6017 6052 6015
f 6017 6053 6050
f 6050 6053 6054
f 6050 6054 6055
f 6055 6054 6056
f 6056 6054 6057
f 6056 6057 6058
f 6058 6057 6059
f 6058 6059 6060
f 6060 6059 6061
f 6060 6061 6062
f 6063 6062 6064
f 6064 6062 6061
f 6064 6061 6065
f 6066 6065 6067
f 6068 5889 6069
f 6069 5889 5888
f 6069 5888 6066
f 5871 5872 6068
f 6068 5872 5873
f 6068 5873 5889
f 6068 6070 5871
f 5871 6070 6071
f 5871 6071 5870
f 5870 6071 6072
f 5867 5868 6072
f 6072 5868 5869
f 6072 5869 5870
f 6072 6073 5867
f 5867 6073 6074
f 5867 6074 5866
f 5866 6074 6075
f 5863 5864 6075
f 6075 5864 5865
f 6075 5865 5866
f 6075 6076 5863
f 5863 6076 6077
f 5863 6077 5862
f 5862 6077 5861
f 5861 6077 5916
f 5916 6077 6078
f 5916 6078 6079
f 5913 5914 6079
f 6079 5914 5915
f 6079 5915 5916
f 6079 6080 5913
f 5913 6080 6081
f 5913 6081 5912
f 5912 6081 6082
f 5909 5910 6082
f 6082 5910 5911
f 6082 5911 5912
f 6082 6083 5909
f 5909 6083 6084
f 5909 6084 5908
f 5908 6084 6085
f 5905 5906 6085
f 6085 5906 5907
f 6085 5907 5908
f 6085 6086 5905
f 5905 6086 6087
f 5905 6087 5904
f 6021 6023 6024
f 6024 6023 6088
f 6024 6088 6089
f 6066 6067 6069
f 6069 6067 6090
f 6069 6090 6068
f 6068 6090 6091
f 6068 6091 6070
f 6070 6091 6092
f 6070 6092 6071
f 6071 6092 6093
f 6071 6093 6072
f 6072 6093 6094
f 6072 6094 6073
f 6073 6094 6095
f 6073 6095 6074
f 6074 6095 6096
f 6074 6096 6075
f 6075 6096 6097
f 6075 6097 6076
f 6076 6097 6098
f 6076 6098 6077
f 6077 6098 6099
f 6077 6099 6078
f 6078 6099 6100
f 6078 6100 6079
f 6079 6100 6101
f 6079 6101 6080
f 6080 6101 6102
f 6080 6102 6081
f 6081 6102 6103
f 6081 6103 6082
f 6082 6103 6104
f 6082 6104 6083
f 6083 6104 6105
f 6083 6105 6084
f 6084 6105 6106
f 6084 6106 6085
f 6085 6106 6107
f 6085 6107 6086
f 6086 6107 6108
f 6086 6108 6087
f 6065 6061 6067
f 6067 6061 6059
f 6067 6059 6090
f 6090 6059 6057
f 6090 6057 6091
f 6091 6057 6054
f 6091 6054 6092
f 6092 6054 6053
f 6092 6053 6093
f 6093 6053 6017
f 6093 6017 6094
f 6094 6017 6016
f 6094 6016 6095
f 6095 6016 6047
f 6095 6047 6096
f 6096 6047 6045
f 6096 6045 6097
f 6097 6045 6043
f 6097 6043 6098
f 6098 6043 6040
f 6098 6040 6099
f 6099 6040 6038
f 6099 6038 6100
f 6100 6038 6035
f 6100 6035 6101
f 6101 6035 6033
f 6101 6033 6102
f 6102 6033 6030
f 6102 6030 6103
f 6103 6030 6029
f 6103 6029 6104
f 6104 6029 6020
f 6104 6020 6105
f 6105 6020 6019
f 6105 6019 6106
f 6106 6019 6024
f 6106 6024 6107
f 6107 6024 6089
f 6107 6089 6108
f 6109 6110 6111
f 6112 6113 6114
f 6115 6116 6117
f 5903 6118 6119
f 5900 5901 6119
f 6119 5901 5902
f 6119 5902 5903
f 6119 6120 5900
f 5900 6120 6121
f 5900 6121 5899
f 5899 6121 6122
f 5899 6122 5898
f 6123 5894 6124
f 6124 5894 5895
f 6124 5895 6125
f 6125 5895 5896
f 6125 5896 6122
f 6122 5896 5897
f 6122 5897 5898
f 5891 5892 6123
f 6123 5892 5893
f 6123 5893 5894
f 6123 6126 5891
f 5891 6126 6127
f 5891 6127 5890
f 5890 6127 5860
f 5860 6127 5874
f 5874 6127 6128
f 5874 6128 6129
f 5879 5878 6130
f 6130 5878 5877
f 6130 5877 6131
f 6131 5877 5876
f 6131 5876 6129
f 6129 5876 5875
f 6129 5875 5874
f 5879 6130 5880
f 5880 6130 6132
f 5880 6132 5881
f 5881 6132 6133
f 5881 6133 5882
f 5882 6133 6134
f 5882 6134 5883
f 5883 6134 6135
f 5883 6135 5884
f 5884 6135 5885
f 5885 6135 6136
f 5885 6136 5886
f 5886 6136 6137
f 5886 6137 5887
f 5887 6137 6066
f 5887 6066 5888
f 6138 6063 6064
f 6064 6139 6138
f 6138 6139 6140
f 6138 6140 6141
f 6141 6140 6142
f 6141 6142 6143
f 6143 6142 6144
f 6143 6144 6145
f 6116 6115 6144
f 6144 6115 6146
f 6144 6146 6145
f 6147 6148 6117
f 6117 6148 6149
f 6117 6149 6115
f 6117 6150 6147
f 6147 6150 6151
f 6147 6151 6152
f 6152 6151 6153
f 6153 6151 6154
f 6153 6154 6155
f 6155 6154 6156
f 6155 6156 6157
f 6157 6156 6158
f 6158 6156 6159
f 6158 6159 6160
f 6160 6159 6161
f 6160 6161 6162
f 6162 6161 6163
f 6162 6163 6164
f 6113 6112 6163
f 6163 6112 6165
f 6163 6165 6164
f 6166 6167 6114
f 6114 6167 6168
f 6114 6168 6112
f 6114 6169 6166
f 6166 6169 6170
f 6166 6170 6171
f 6110 6109 6170
f 6170 6109 6172
f 6170 6172 6171
f 6173 6174 6111
f 6111 6174 6175
f 6111 6175 6109
f 6088 6023 6173
f 6173 6023 6022
f 6173 6022 6174
f 6108 6089 6176
f 6176 6089 6088
f 5903 5904 6118
f 6118 5904 6087
f 6118 6087 6108
f 6108 6176 6118
f 6118 6176 6177
f 6118 6177 6119
f 6119 6177 6178
f 6119 6178 6120
f 6120 6178 6179
f 6120 6179 6121
f 6121 6179 6180
f 6121 6180 6122
f 6122 6180 6181
f 6122 6181 6125
f 6125 6181 6182
f 6125 6182 6124
f 6124 6182 6183
f 6124 6183 6123
f 6123 6183 6184
f 6123 6184 6126
f 6126 6184 6185
f 6126 6185 6127
f 6127 6185 6186
f 6127 6186 6128
f 6128 6186 6187
f 6128 6187 6129
f 6129 6187 6188
f 6129 6188 6131
f 6131 6188 6189
f 6131 6189 6130
f 6130 6189 6190
f 6130 6190 6132
f 6132 6190 6191
f 6132 6191 6133
f 6133 6191 6192
f 6133 6192 6134
f 6134 6192 6193
f 6134 6193 6135
f 6135 6193 6194
f 6135 6194 6136
f 6136 6194 6195
f 6136 6195 6137
f 6137 6195 6065
f 6137 6065 6066
f 6088 6173 6176
f 6176 6173 6111
f 6176 6111 6177
f 6177 6111 6110
f 6177 6110 6178
f 6178 6110 6170
f 6178 6170 6179
f 6179 6170 6169
f 6179 6169 6180
f 6180 6169 6114
f 6180 6114 6181
f 6181 6114 6113
f 6181 6113 6182
f 6182 6113 6163
f 6182 6163 6183
f 6183 6163 6161
f 6183 6161 6184
f 6184 6161 6159
f 6184 6159 6185
f 6185 6159 6156
f 6185 6156 6186
f 6186 6156 6154
f 6186 6154 6187
f 6187 6154 6151
f 6187 6151 6188
f 6188 6151 6150
f 6188 6150 6189
f 6189 6150 6117
f 6189 6117 6190
f 6190 6117 6116
f 6190 6116 6191
f 6191 6116 6144
f 6191 6144 6192
f 6192 6144 6142
f 6192 6142 6193
f 6193 6142 6140
f 6193 6140 6194
f 6194 6140 6139
f 6194 6139 6195
f 6195 6139 6064
f 6195 6064 6065
f 6196 6197 6198
f 6199 6200 6201
f 5964 5965 6202
f 5928 5929 6203
f 6203 5929 6204
f 5918 6205 5917
f 5917 6205 5930
f 6206 5924 6207
f 6207 5924 5925
f 6207 5925 6208
f 6208 5925 5926
f 6208 5926 6203
f 6203 5926 5927
f 6203 5927 5928
f 6209 5919 6210
f 6210 5919 5920
f 5920 5921 6211
f 6211 5921 5922
f 6211 5922 6206
f 6206 5922 5923
f 6206 5923 5924
f 6212 5958 5945
f 6212 5945 6213
f 5958 6212 5957
f 5957 6212 6214
f 5957 6214 6215
f 5953 5954 6198
f 6198 5954 5955
f 6198 5955 6215
f 6215 5955 5956
f 6215 5956 5957
f 6216 5947 5948
f 6216 5948 6217
f 5948 5949 6217
f 6217 5949 5950
f 6217 5950 6218
f 6218 5950 5951
f 6218 5951 5952
f 5965 5966 6202
f 6202 5966 5967
f 6202 5967 6217
f 5970 6216 5969
f 5969 6216 6217
f 5969 6217 5968
f 5968 6217 5967
f 5970 5971 6216
f 6216 5971 5972
f 6216 5972 6219
f 5972 5959 6219
f 6219 5959 5960
f 6219 5960 6220
f 5963 6221 5962
f 5962 6221 6220
f 5962 6220 5961
f 5961 6220 5960
f 6222 5982 5983
f 6222 5983 6223
f 5983 5984 6223
f 6223 5984 5985
f 6223 5985 6218
f 6218 5985 5986
f 6218 5986 6217
f 6217 5986 5973
f 6217 5973 6202
f 6202 5973 5974
f 6202 5974 6224
f 5982 6222 5981
f 5981 6222 6225
f 5981 6225 5980
f 6205 6226 5978
f 5978 5979 6205
f 6205 5979 6204
f 6205 6204 5930
f 5930 6204 5929
f 5974 5975 6224
f 6224 5975 5976
f 6224 5976 6226
f 6226 5976 5977
f 6226 5977 5978
f 5988 5989 6203
f 5999 6000 6227
f 6227 6000 5987
f 5989 5990 6203
f 6203 5990 5991
f 6203 5991 6208
f 6208 5991 5992
f 6208 5992 6228
f 6228 5992 5993
f 6228 5993 6229
f 5993 5994 6229
f 6229 5994 5995
f 6229 5995 6200
f 5998 6201 5997
f 5997 6201 6200
f 5997 6200 5996
f 5996 6200 5995
f 5931 5932 6230
f 6230 5932 5933
f 6230 5933 6231
f 6231 5933 5934
f 6231 5934 6232
f 6232 5934 5935
f 6232 5935 6233
f 5942 5943 6234
f 6234 5943 5944
f 6234 5944 5931
f 5942 6234 5941
f 5941 6234 6235
f 5941 6235 5940
f 6233 5935 6236
f 6236 5935 5936
f 6236 5936 5937
f 5937 5938 6235
f 6235 5938 5939
f 6235 5939 5940
f 5937 6235 6236
f 6236 6235 6209
f 6236 6209 6237
f 6237 6209 6210
f 6237 6210 6238
f 5920 6211 6210
f 6210 6211 6239
f 6210 6239 6238
f 6005 6240 6004
f 6004 6240 6197
f 6004 6197 6003
f 6003 6197 6002
f 6012 6013 6196
f 6196 6013 6014
f 6196 6014 6197
f 6197 6014 6001
f 6197 6001 6002
f 6196 6241 6012
f 6012 6241 6242
f 6012 6242 6011
f 6011 6242 6243
f 6011 6243 6010
f 6010 6243 6244
f 6010 6244 6009
f 6005 6006 6240
f 6240 6006 6007
f 6240 6007 6008
f 6199 6201 6245
f 6245 6201 6246
f 6245 6246 6247
f 6247 6246 6240
f 6247 6240 6244
f 6244 6240 6008
f 6244 6008 6009
f 6214 6248 6215
f 6215 6248 6249
f 6215 6249 6198
f 6198 6249 6250
f 6198 6250 6196
f 5945 5946 6213
f 6213 5946 5947
f 6213 5947 6251
f 6251 5947 6216
f 6251 6216 6252
f 6252 6216 6219
f 6252 6219 6253
f 6253 6219 6220
f 6253 6220 6254
f 5931 6230 6234
f 6234 6230 6255
f 6234 6255 6221
f 6221 6255 6256
f 6221 6256 6220
f 6220 6256 6257
f 6220 6257 6254
f 5987 5988 6227
f 6227 5988 6203
f 6227 6203 6225
f 6225 6203 6204
f 6225 6204 5980
f 5980 6204 5979
f 5998 5999 6201
f 6201 5999 6227
f 6201 6227 6246
f 6246 6227 6225
f 6246 6225 6240
f 6240 6225 6222
f 6240 6222 6197
f 6197 6222 6223
f 6197 6223 6198
f 6198 6223 6218
f 6198 6218 5953
f 5953 6218 5952
f 5918 5919 6205
f 6205 5919 6209
f 6205 6209 6226
f 6226 6209 6235
f 6226 6235 6224
f 6224 6235 6234
f 6224 6234 6202
f 6202 6234 6221
f 6202 6221 5964
f 5964 6221 5963
f 6258 6062 6259
f 6259 6062 6063
f 6259 6063 6260
f 6261 6048 6262
f 6262 6048 6049
f 6262 6049 6263
f 6264 6174 6265
f 6265 6174 6022
f 6265 6022 6266
f 6267 6026 6268
f 6268 6026 6031
f 6268 6031 6269
f 6270 6041 6271
f 6271 6041 6042
f 6271 6042 6272
f 6272 6042 6044
f 6272 6044 6261
f 6261 6044 6046
f 6261 6046 6048
f 6273 6056 6274
f 6274 6056 6058
f 6274 6058 6258
f 6258 6058 6060
f 6258 6060 6062
f 6022 6021 6266
f 6266 6021 6025
f 6266 6025 6275
f 6275 6025 6018
f 6275 6018 6276
f 6276 6018 6028
f 6276 6028 6267
f 6267 6028 6027
f 6267 6027 6026
f 6049 6015 6263
f 6263 6015 6052
f 6263 6052 6277
f 6277 6052 6051
f 6277 6051 6278
f 6278 6051 6050
f 6278 6050 6273
f 6273 6050 6055
f 6273 6055 6056
f 6279 6115 6280
f 6280 6115 6149
f 6280 6149 6281
f 6282 6172 6283
f 6283 6172 6109
f 6283 6109 6264
f 6264 6109 6175
f 6264 6175 6174
f 6031 6032 6269
f 6269 6032 6034
f 6269 6034 6284
f 6284 6034 6036
f 6284 6036 6285
f 6285 6036 6037
f 6285 6037 6270
f 6270 6037 6039
f 6270 6039 6041
f 6063 6138 6260
f 6260 6138 6141
f 6260 6141 6286
f 6286 6141 6143
f 6286 6143 6287
f 6287 6143 6145
f 6287 6145 6279
f 6279 6145 6146
f 6279 6146 6115
f 6288 6168 6289
f 6289 6168 6167
f 6289 6167 6290
f 6290 6167 6166
f 6290 6166 6282
f 6282 6166 6171
f 6282 6171 6172
f 6149 6148 6281
f 6281 6148 6147
f 6281 6147 6291
f 6291 6147 6152
f 6291 6152 6292
f 6292 6152 6153
f 6292 6153 6293
f 6294 6164 6295
f 6295 6164 6165
f 6295 6165 6288
f 6288 6165 6112
f 6288 6112 6168
f 6153 6155 6293
f 6293 6155 6157
f 6293 6157 6296
f 6296 6157 6158
f 6296 6158 6297
f 6297 6158 6160
f 6297 6160 6294
f 6294 6160 6162
f 6294 6162 6164
f 6298 6299 6300
f 6300 6299 6301
f 6302 6303 6304
f 6304 6303 6305
f 6304 6305 6306
f 6306 6305 6307
f 6306 6307 6308
f 6308 6307 6309
f 6308 6309 6310
f 6311 6312 6313
f 6313 6312 6314
f 6313 6314 6309
f 6309 6314 6315
f 6309 6315 6310
f 6299 6316 6301
f 6301 6316 6317
f 6301 6317 6311
f 6311 6317 6318
f 6311 6318 6312
f 6298 6300 6319
f 6319 6300 6320
f 6319 6320 6321
f 6321 6320 6322
f 6321 6322 6323
f 6323 6322 6324
f 6323 6324 6325
f 6325 6324 6326
f 6325 6326 6327
f 6327 6326 6328
f 6328 6326 6329
f 6328 6329 6330
f 6330 6329 6331
f 6330 6331 6332
f 6333 6334 6335
f 6335 6334 6336
f 6335 6336 6331
f 6331 6336 6337
f 6331 6337 6332
f 6338 6339 6333
f 6333 6339 6340
f 6333 6340 6334
f 6341 6342 6343
f 6343 6342 6344
f 6343 6344 6338
f 6338 6344 6345
f 6338 6345 6339
f 6242 6346 6243
f 6243 6346 6347
f 6243 6347 6244
f 6244 6347 6348
f 6244 6348 6247
f 6247 6348 6349
f 6247 6349 6245
f 6245 6349 6350
f 6245 6350 6199
f 6199 6350 6351
f 6199 6351 6200
f 6200 6351 6352
f 6200 6352 6229
f 6229 6352 6353
f 6229 6353 6228
f 6228 6353 6354
f 6228 6354 6208
f 6208 6354 6355
f 6208 6355 6207
f 6207 6355 6356
f 6207 6356 6206
f 6206 6356 6357
f 6206 6357 6211
f 6211 6357 6358
f 6211 6358 6239
f 6239 6358 6359
f 6239 6359 6238
f 6238 6359 6360
f 6238 6360 6237
f 6237 6360 6361
f 6237 6361 6236
f 6236 6361 6362
f 6236 6362 6233
f 6233 6362 6363
f 6233 6363 6232
f 6232 6363 6364
f 6346 6341 6347
f 6347 6341 6343
f 6347 6343 6348
f 6348 6343 6338
f 6348 6338 6349
f 6349 6338 6333
f 6349 6333 6350
f 6350 6333 6335
f 6350 6335 6351
f 6351 6335 6331
f 6351 6331 6352
f 6352 6331 6329
f 6352 6329 6353
f 6353 6329 6326
f 6353 6326 6354
f 6354 6326 6324
f 6354 6324 6355
f 6355 6324 6322
f 6355 6322 6356
f 6356 6322 6320
f 6356 6320 6357
f 6357 6320 6300
f 6357 6300 6358
f 6358 6300 6301
f 6358 6301 6359
f 6359 6301 6311
f 6359 6311 6360
f 6360 6311 6313
f 6360 6313 6361
f 6361 6313 6309
f 6361 6309 6362
f 6362 6309 6307
f 6362 6307 6363
f 6363 6307 6305
f 6363 6305 6364
f 6364 6305 6303
f 6365 6366 6367
f 6367 6366 6368
f 6367 6368 6369
f 6370 6371 6372
f 6372 6371 6373
f 6372 6373 6365
f 6365 6373 6374
f 6365 6374 6366
f 6375 6376 6370
f 6370 6376 6377
f 6370 6377 6371
f 6303 6302 6378
f 6378 6302 6379
f 6378 6379 6375
f 6375 6379 6380
f 6375 6380 6376
f 6232 6364 6231
f 6231 6364 6381
f 6231 6381 6230
f 6230 6381 6382
f 6230 6382 6255
f 6255 6382 6383
f 6255 6383 6256
f 6256 6383 6384
f 6256 6384 6257
f 6257 6384 6385
f 6257 6385 6254
f 6254 6385 6386
f 6254 6386 6253
f 6253 6386 6387
f 6253 6387 6252
f 6252 6387 6388
f 6252 6388 6251
f 6251 6388 6389
f 6251 6389 6213
f 6213 6389 6390
f 6213 6390 6212
f 6212 6390 6391
f 6212 6391 6214
f 6214 6391 6392
f 6214 6392 6248
f 6248 6392 6393
f 6248 6393 6249
f 6249 6393 6394
f 6249 6394 6250
f 6250 6394 6395
f 6250 6395 6196
f 6196 6395 6396
f 6196 6396 6241
f 6241 6396 6397
f 6241 6397 6242
f 6242 6397 6346
f 6342 6341 6398
f 6398 6341 6399
f 6398 6399 6400
f 6400 6399 6401
f 6400 6401 6402
f 6402 6401 6403
f 6402 6403 6404
f 6405 6406 6407
f 6407 6406 6408
f 6407 6408 6403
f 6403 6408 6409
f 6403 6409 6404
f 6410 6411 6412
f 6412 6411 6413
f 6412 6413 6405
f 6405 6413 6414
f 6405 6414 6406
f 6368 6415 6369
f 6369 6415 6416
f 6369 6416 6417
f 6417 6416 6418
f 6417 6418 6419
f 6419 6418 6420
f 6419 6420 6421
f 6421 6420 6422
f 6421 6422 6410
f 6410 6422 6423
f 6410 6423 6411
f 6364 6303 6381
f 6381 6303 6378
f 6381 6378 6382
f 6382 6378 6375
f 6382 6375 6383
f 6383 6375 6370
f 6383 6370 6384
f 6384 6370 6372
f 6384 6372 6385
f 6385 6372 6365
f 6385 6365 6386
f 6386 6365 6367
f 6386 6367 6387
f 6387 6367 6369
f 6387 6369 6388
f 6388 6369 6417
f 6388 6417 6389
f 6389 6417 6419
f 6389 6419 6390
f 6390 6419 6421
f 6390 6421 6391
f 6391 6421 6410
f 6391 6410 6392
f 6392 6410 6412
f 6392 6412 6393
f 6393 6412 6405
f 6393 6405 6394
f 6394 6405 6407
f 6394 6407 6395
f 6395 6407 6403
f 6395 6403 6396
f 6396 6403 6401
f 6396 6401 6397
f 6397 6401 6399
f 6397 6399 6346
f 6346 6399 6341
f 6424 6425 6426
f 6427 6428 6429
f 6430 6431 6432
f 6433 6434 6435
f 6435 6434 6436
f 6435 6436 6437
f 6437 6436 6430
f 6437 6430 6438
f 6438 6430 6432
f 6439 6440 6441
f 6441 6440 6442
f 6441 6442 6431
f 6431 6442 6443
f 6431 6443 6432
f 6444 6445 6439
f 6439 6445 6446
f 6439 6446 6440
f 6447 6448 6449
f 6449 6448 6450
f 6449 6450 6444
f 6444 6450 6451
f 6444 6451 6445
f 6452 6453 6447
f 6447 6453 6454
f 6447 6454 6448
f 6455 6456 6457
f 6457 6456 6458
f 6457 6458 6459
f 6459 6458 6460
f 6459 6460 6452
f 6452 6460 6461
f 6452 6461 6453
f 6429 6462 6427
f 6427 6462 6463
f 6427 6463 6455
f 6455 6463 6464
f 6455 6464 6456
f 6465 6466 6467
f 6467 6466 6468
f 6467 6468 6428
f 6428 6468 6469
f 6428 6469 6429
f 6470 6471 6465
f 6465 6471 6472
f 6465 6472 6466
f 6426 6473 6424
f 6424 6473 6474
f 6424 6474 6475
f 6475 6474 6476
f 6475 6476 6470
f 6470 6476 6477
f 6470 6477 6471
f 6265 6478 6264
f 6264 6478 6479
f 6264 6479 6283
f 6283 6479 6480
f 6283 6480 6282
f 6282 6480 6481
f 6282 6481 6290
f 6290 6481 6482
f 6290 6482 6289
f 6289 6482 6483
f 6289 6483 6288
f 6288 6483 6484
f 6288 6484 6295
f 6295 6484 6485
f 6295 6485 6294
f 6294 6485 6486
f 6294 6486 6297
f 6297 6486 6487
f 6297 6487 6296
f 6296 6487 6488
f 6296 6488 6293
f 6293 6488 6489
f 6293 6489 6292
f 6292 6489 6490
f 6292 6490 6291
f 6291 6490 6491
f 6291 6491 6281
f 6281 6491 6492
f 6281 6492 6280
f 6280 6492 6493
f 6280 6493 6279
f 6279 6493 6494
f 6279 6494 6287
f 6287 6494 6495
f 6287 6495 6286
f 6286 6495 6496
f 6286 6496 6260
f 6260 6496 6497
f 6260 6497 6259
f 6259 6497 6498
f 6478 6499 6479
f 6479 6499 6500
f 6479 6500 6480
f 6480 6500 6501
f 6480 6501 6481
f 6481 6501 6502
f 6481 6502 6482
f 6482 6502 6503
f 6482 6503 6483
f 6483 6503 6504
f 6483 6504 6484
f 6484 6504 6505
f 6484 6505 6485
f 6485 6505 6506
f 6485 6506 6486
f 6486 6506 6507
f 6486 6507 6487
f 6487 6507 6508
f 6487 6508 6488
f 6488 6508 6509
f 6488 6509 6489
f 6489 6509 6510
f 6489 6510 6490
f 6490 6510 6511
f 6490 6511 6491
f 6491 6511 6512
f 6491 6512 6492
f 6492 6512 6513
f 6492 6513 6493
f 6493 6513 6514
f 6493 6514 6494
f 6494 6514 6515
f 6494 6515 6495
f 6495 6515 6516
f 6495 6516 6496
f 6496 6516 6517
f 6496 6517 6497
f 6497 6517 6518
f 6497 6518 6498
f 6498 6518 6519
f 6499 6425 6500
f 6500 6425 6424
f 6500 6424 6501
f 6501 6424 6475
f 6501 6475 6502
f 6502 6475 6470
f 6502 6470 6503
f 6503 6470 6465
f 6503 6465 6504
f 6504 6465 6467
f 6504 6467 6505
f 6505 6467 6428
f 6505 6428 6506
f 6506 6428 6427
f 6506 6427 6507
f 6507 6427 6455
f 6507 6455 6508
f 6508 6455 6457
f 6508 6457 6509
f 6509 6457 6459
f 6509 6459 6510
f 6510 6459 6452
f 6510 6452 6511
f 6511 6452 6447
f 6511 6447 6512
f 6512 6447 6449
f 6512 6449 6513
f 6513 6449 6444
f 6513 6444 6514
f 6514 6444 6439
f 6514 6439 6515
f 6515 6439 6441
f 6515 6441 6516
f 6516 6441 6431
f 6516 6431 6517
f 6517 6431 6430
f 6517 6430 6518
f 6518 6430 6436
f 6518 6436 6519
f 6519 6436 6434
f 6520 6434 6433
f 6521 6522 6523
f 6524 6525 6526
f 6426 6425 6527
f 6527 6425 6528
f 6527 6528 6529
f 6529 6528 6524
f 6529 6524 6530
f 6530 6524 6526
f 6531 6532 6533
f 6533 6532 6534
f 6533 6534 6525
f 6525 6534 6535
f 6525 6535 6526
f 6536 6537 6531
f 6531 6537 6538
f 6531 6538 6532
f 6539 6540 6541
f 6541 6540 6542
f 6541 6542 6536
f 6536 6542 6543
f 6536 6543 6537
f 6544 6545 6539
f 6539 6545 6546
f 6539 6546 6540
f 6547 6548 6549
f 6549 6548 6550
f 6549 6550 6551
f 6551 6550 6552
f 6551 6552 6544
f 6544 6552 6553
f 6544 6553 6545
f 6523 6554 6521
f 6521 6554 6555
f 6521 6555 6547
f 6547 6555 6556
f 6547 6556 6548
f 6557 6558 6559
f 6559 6558 6560
f 6559 6560 6522
f 6522 6560 6561
f 6522 6561 6523
f 6562 6563 6557
f 6557 6563 6564
f 6557 6564 6558
f 6433 6565 6520
f 6520 6565 6566
f 6520 6566 6567
f 6567 6566 6568
f 6567 6568 6562
f 6562 6568 6569
f 6562 6569 6563
f 6259 6498 6258
f 6258 6498 6570
f 6258 6570 6274
f 6274 6570 6571
f 6274 6571 6273
f 6273 6571 6572
f 6273 6572 6278
f 6278 6572 6573
f 6278 6573 6277
f 6277 6573 6574
f 6277 6574 6263
f 6263 6574 6575
f 6263 6575 6262
f 6262 6575 6576
f 6262 6576 6261
f 6261 6576 6577
f 6261 6577 6272
f 6272 6577 6578
f 6272 6578 6271
f 6271 6578 6579
f 6271 6579 6270
f 6270 6579 6580
f 6270 6580 6285
f 6285 6580 6581
f 6285 6581 6284
f 6284 6581 6582
f 6284 6582 6269
f 6269 6582 6583
f 6269 6583 6268
f 6268 6583 6584
f 6268 6584 6267
f 6267 6584 6585
f 6267 6585 6276
f 6276 6585 6586
f 6276 6586 6275
f 6275 6586 6587
f 6275 6587 6266
f 6266 6587 6588
f 6266 6588 6265
f 6265 6588 6478
f 6498 6519 6570
f 6570 6519 6589
f 6570 6589 6571
f 6571 6589 6590
f 6571 6590 6572
f 6572 6590 6591
f 6572 6591 6573
f 6573 6591 6592
f 6573 6592 6574
f 6574 6592 6593
f 6574 6593 6575
f 6575 6593 6594
f 6575 6594 6576
f 6576 6594 6595
f 6576 6595 6577
f 6577 6595 6596
f 6577 6596 6578
f 6578 6596 6597
f 6578 6597 6579
f 6579 6597 6598
f 6579 6598 6580
f 6580 6598 6599
f 6580 6599 6581
f 6581 6599 6600
f 6581 6600 6582
f 6582 6600 6601
f 6582 6601 6583
f 6583 6601 6602
f 6583 6602 6584
f 6584 6602 6603
f 6584 6603 6585
f 6585 6603 6604
f 6585 6604 6586
f 6586 6604 6605
f 6586 6605 6587
f 6587 6605 6606
f 6587 6606 6588
f 6588 6606 6607
f 6588 6607 6478
f 6478 6607 6499
f 6519 6434 6589
f 6589 6434 6520
f 6589 6520 6590
f 6590 6520 6567
f 6590 6567 6591
f 6591 6567 6562
f 6591 6562 6592
f 6592 6562 6557
f 6592 6557 6593
f 6593 6557 6559
f 6593 6559 6594
f 6594 6559 6522
f 6594 6522 6595
f 6595 6522 6521
f 6595 6521 6596
f 6596 6521 6547
f 6596 6547 6597
f 6597 6547 6549
f 6597 6549 6598
f 6598 6549 6551
f 6598 6551 6599
f 6599 6551 6544
f 6599 6544 6600
f 6600 6544 6539
f 6600 6539 6601
f 6601 6539 6541
f 6601 6541 6602
f 6602 6541 6536
f 6602 6536 6603
f 6603 6536 6531
f 6603 6531 6604
f 6604 6531 6533
f 6604 6533 6605
f 6605 6533 6525
f 6605 6525 6606
f 6606 6525 6524
f 6606 6524 6607
f 6607 6524 6528
f 6607 6528 6499
f 6499 6528 6425
f 6422 6420 6608
f 6609 6321 6610
f 6610 6321 6323
f 6610 6323 6611
f 6611 6323 6325
f 6611 6325 6612
f 6612 6325 6613
f 6613 6325 6327
f 6613 6327 6614
f 6614 6327 6328
f 6614 6328 6615
f 6615 6328 6330
f 6615 6330 6616
f 6616 6330 6332
f 6616 6332 6617
f 6617 6332 6337
f 6617 6337 6618
f 6618 6337 6336
f 6618 6336 6619
f 6619 6336 6334
f 6619 6334 6620
f 6620 6334 6340
f 6620 6340 6621
f 6340 6339 6621
f 6621 6339 6345
f 6621 6345 6622
f 6622 6345 6344
f 6622 6344 6623
f 6623 6344 6624
f 6344 6342 6624
f 6624 6342 6398
f 6624 6398 6625
f 6625 6398 6400
f 6625 6400 6626
f 6626 6400 6402
f 6626 6402 6627
f 6627 6402 6404
f 6627 6404 6628
f 6628 6404 6409
f 6628 6409 6629
f 6629 6409 6408
f 6629 6408 6630
f 6630 6408 6406
f 6630 6406 6631
f 6631 6406 6414
f 6631 6414 6632
f 6632 6414 6413
f 6632 6413 6633
f 6633 6413 6411
f 6633 6411 6634
f 6634 6411 6423
f 6634 6423 6635
f 6635 6423 6422
f 6635 6422 6636
f 6636 6422 6608
f 6319 6321 6609
f 6608 6420 6637
f 6637 6420 6418
f 6637 6418 6638
f 6638 6418 6416
f 6638 6416 6639
f 6639 6416 6640
f 6640 6416 6415
f 6640 6415 6641
f 6641 6415 6368
f 6641 6368 6642
f 6642 6368 6366
f 6642 6366 6643
f 6643 6366 6374
f 6643 6374 6644
f 6644 6374 6373
f 6644 6373 6645
f 6645 6373 6371
f 6645 6371 6646
f 6646 6371 6377
f 6646 6377 6647
f 6377 6376 6647
f 6647 6376 6380
f 6647 6380 6648
f 6648 6380 6379
f 6609 6649 6319
f 6319 6649 6650
f 6319 6650 6298
f 6298 6650 6651
f 6298 6651 6299
f 6299 6651 6652
f 6299 6652 6316
f 6316 6652 6653
f 6316 6653 6317
f 6317 6653 6654
f 6317 6654 6318
f 6318 6654 6655
f 6318 6655 6312
f 6312 6655 6656
f 6312 6656 6314
f 6314 6656 6657
f 6314 6657 6315
f 6315 6657 6658
f 6315 6658 6310
f 6310 6658 6659
f 6310 6659 6308
f 6308 6659 6660
f 6308 6660 6306
f 6306 6660 6661
f 6306 6661 6304
f 6304 6661 6662
f 6304 6662 6302
f 6302 6662 6663
f 6302 6663 6379
f 6379 6663 6664
f 6379 6664 6648
f 6665 6666 6433
f 6473 6426 6667
f 6433 6435 6665
f 6665 6435 6437
f 6665 6437 6668
f 6668 6437 6669
f 6669 6437 6438
f 6669 6438 6670
f 6670 6438 6432
f 6670 6432 6671
f 6671 6432 6443
f 6671 6443 6672
f 6672 6443 6442
f 6672 6442 6673
f 6673 6442 6440
f 6673 6440 6674
f 6674 6440 6446
f 6674 6446 6675
f 6675 6446 6445
f 6675 6445 6676
f 6676 6445 6451
f 6676 6451 6677
f 6677 6451 6450
f 6677 6450 6678
f 6678 6450 6448
f 6678 6448 6679
f 6679 6448 6454
f 6679 6454 6680
f 6680 6454 6453
f 6680 6453 6681
f 6681 6453 6461
f 6681 6461 6682
f 6682 6461 6460
f 6682 6460 6683
f 6683 6460 6684
f 6684 6460 6458
f 6684 6458 6685
f 6685 6458 6456
f 6685 6456 6686
f 6686 6456 6464
f 6686 6464 6687
f 6687 6464 6463
f 6687 6463 6688
f 6688 6463 6462
f 6688 6462 6689
f 6689 6462 6429
f 6689 6429 6690
f 6690 6429 6469
f 6690 6469 6691
f 6466 6692 6693
f 6691 6469 6693
f 6693 6469 6468
f 6693 6468 6466
f 6692 6466 6694
f 6694 6466 6472
f 6694 6472 6695
f 6695 6472 6471
f 6695 6471 6696
f 6696 6471 6477
f 6696 6477 6697
f 6477 6476 6697
f 6697 6476 6474
f 6697 6474 6698
f 6698 6474 6473
f 6698 6473 6699
f 6699 6473 6667
f 6565 6433 6666
f 6700 6667 6426
f 6426 6527 6700
f 6700 6527 6529
f 6700 6529 6701
f 6701 6529 6702
f 6702 6529 6530
f 6702 6530 6703
f 6703 6530 6526
f 6703 6526 6704
f 6704 6526 6535
f 6704 6535 6705
f 6705 6535 6534
f 6705 6534 6706
f 6706 6534 6532
f 6706 6532 6707
f 6707 6532 6538
f 6707 6538 6708
f 6708 6538 6537
f 6708 6537 6709
f 6709 6537 6543
f 6709 6543 6710
f 6710 6543 6542
f 6710 6542 6711
f 6711 6542 6540
f 6711 6540 6712
f 6712 6540 6546
f 6712 6546 6713
f 6713 6546 6545
f 6713 6545 6714
f 6714 6545 6553
f 6714 6553 6715
f 6715 6553 6552
f 6715 6552 6716
f 6716 6552 6717
f 6717 6552 6550
f 6717 6550 6718
f 6718 6550 6548
f 6718 6548 6719
f 6719 6548 6556
f 6719 6556 6720
f 6720 6556 6555
f 6720 6555 6721
f 6721 6555 6554
f 6721 6554 6722
f 6722 6554 6523
f 6722 6523 6723
f 6723 6523 6561
f 6723 6561 6724
f 6558 6725 6726
f 6724 6561 6726
f 6726 6561 6560
f 6726 6560 6558
f 6725 6558 6727
f 6727 6558 6564
f 6727 6564 6728
f 6728 6564 6563
f 6728 6563 6729
f 6729 6563 6569
f 6729 6569 6730
f 6569 6568 6730
f 6730 6568 6566
f 6730 6566 6731
f 6731 6566 6565
f 6731 6565 6732
f 6732 6565 6666
f 6733 6734 6735
f 6736 6737 6738
f 6739 6740 6741
f 6742 6743 6744
f 6745 6746 6747
f 6745 6747 6748
f 6748 6747 6749
f 6748 6749 6750
f 6750 6749 6751
f 6750 6751 6752
f 6752 6751 6753
f 6752 6753 6754
f 6743 6742 6753
f 6753 6742 6755
f 6753 6755 6754
f 6756 6757 6744
f 6744 6757 6758
f 6744 6758 6742
f 6744 6759 6756
f 6756 6759 6760
f 6756 6760 6761
f 6761 6760 6762
f 6762 6760 6763
f 6762 6763 6764
f 6764 6763 6765
f 6764 6765 6766
f 6766 6765 6767
f 6767 6765 6768
f 6767 6768 6769
f 6769 6768 6770
f 6769 6770 6771
f 6771 6770 6772
f 6771 6772 6773
f 6740 6739 6772
f 6772 6739 6774
f 6772 6774 6773
f 6775 6776 6741
f 6741 6776 6777
f 6741 6777 6739
f 6741 6778 6775
f 6775 6778 6779
f 6775 6779 6780
f 6737 6736 6779
f 6779 6736 6781
f 6779 6781 6780
f 6734 6782 6735
f 6735 6782 6783
f 6735 6783 6738
f 6738 6783 6784
f 6738 6784 6736
f 6785 6786 6733
f 6787 6788 6786
f 6623 6624 6789
f 6790 6623 6787
f 6787 6623 6789
f 6787 6789 6788
f 6620 6621 6790
f 6790 6621 6622
f 6790 6622 6623
f 6790 6791 6620
f 6620 6791 6792
f 6620 6792 6619
f 6619 6792 6793
f 6619 6793 6618
f 6794 6614 6795
f 6795 6614 6615
f 6795 6615 6796
f 6796 6615 6616
f 6796 6616 6793
f 6793 6616 6617
f 6793 6617 6618
f 6611 6612 6794
f 6794 6612 6613
f 6794 6613 6614
f 6794 6797 6611
f 6611 6797 6798
f 6611 6798 6610
f 6610 6798 6609
f 6609 6798 6649
f 6649 6798 6799
f 6649 6799 6800
f 6654 6653 6801
f 6801 6653 6652
f 6801 6652 6802
f 6802 6652 6651
f 6802 6651 6800
f 6800 6651 6650
f 6800 6650 6649
f 6654 6801 6655
f 6655 6801 6803
f 6655 6803 6656
f 6656 6803 6804
f 6656 6804 6657
f 6657 6804 6805
f 6657 6805 6658
f 6658 6805 6806
f 6658 6806 6659
f 6659 6806 6660
f 6660 6806 6807
f 6660 6807 6661
f 6661 6807 6808
f 6661 6808 6662
f 6662 6808 6809
f 6662 6809 6663
f 6786 6785 6787
f 6787 6785 6810
f 6787 6810 6790
f 6790 6810 6811
f 6790 6811 6791
f 6791 6811 6812
f 6791 6812 6792
f 6792 6812 6813
f 6792 6813 6793
f 6793 6813 6814
f 6793 6814 6796
f 6796 6814 6815
f 6796 6815 6795
f 6795 6815 6816
f 6795 6816 6794
f 6794 6816 6817
f 6794 6817 6797
f 6797 6817 6818
f 6797 6818 6798
f 6798 6818 6819
f 6798 6819 6799
f 6799 6819 6820
f 6799 6820 6800
f 6800 6820 6821
f 6800 6821 6802
f 6802 6821 6822
f 6802 6822 6801
f 6801 6822 6823
f 6801 6823 6803
f 6803 6823 6824
f 6803 6824 6804
f 6804 6824 6825
f 6804 6825 6805
f 6805 6825 6826
f 6805 6826 6806
f 6806 6826 6827
f 6806 6827 6807
f 6807 6827 6828
f 6807 6828 6808
f 6808 6828 6829
f 6808 6829 6809
f 6733 6735 6785
f 6785 6735 6738
f 6785 6738 6810
f 6810 6738 6737
f 6810 6737 6811
f 6811 6737 6779
f 6811 6779 6812
f 6812 6779 6778
f 6812 6778 6813
f 6813 6778 6741
f 6813 6741 6814
f 6814 6741 6740
f 6814 6740 6815
f 6815 6740 6772
f 6815 6772 6816
f 6816 6772 6770
f 6816 6770 6817
f 6817 6770 6768
f 6817 6768 6818
f 6818 6768 6765
f 6818 6765 6819
f 6819 6765 6763
f 6819 6763 6820
f 6820 6763 6760
f 6820 6760 6821
f 6821 6760 6759
f 6821 6759 6822
f 6822 6759 6744
f 6822 6744 6823
f 6823 6744 6743
f 6823 6743 6824
f 6824 6743 6753
f 6824 6753 6825
f 6825 6753 6751
f 6825 6751 6826
f 6826 6751 6749
f 6826 6749 6827
f 6827 6749 6747
f 6827 6747 6828
f 6828 6747 6746
f 6828 6746 6829
f 6830 6831 6832
f 6833 6834 6835
f 6836 6664 6837
f 6837 6664 6663
f 6837 6663 6809
f 6646 6647 6836
f 6836 6647 6648
f 6836 6648 6664
f 6836 6838 6646
f 6646 6838 6839
f 6646 6839 6645
f 6645 6839 6840
f 6642 6643 6840
f 6840 6643 6644
f 6840 6644 6645
f 6840 6841 6642
f 6642 6841 6842
f 6642 6842 6641
f 6641 6842 6843
f 6638 6639 6843
f 6843 6639 6640
f 6843 6640 6641
f 6843 6844 6638
f 6638 6844 6845
f 6638 6845 6637
f 6637 6845 6608
f 6608 6845 6636
f 6636 6845 6846
f 6636 6846 6847
f 6633 6634 6847
f 6847 6634 6635
f 6847 6635 6636
f 6847 6848 6633
f 6633 6848 6849
f 6633 6849 6632
f 6632 6849 6850
f 6629 6630 6850
f 6850 6630 6631
f 6850 6631 6632
f 6850 6851 6629
f 6629 6851 6852
f 6629 6852 6628
f 6628 6852 6853
f 6628 6853 6627
f 6854 6625 6853
f 6853 6625 6626
f 6853 6626 6627
f 6855 6786 6788
f 6733 6856 6734
f 6734 6856 6857
f 6734 6857 6782
f 6834 6833 6856
f 6856 6833 6858
f 6856 6858 6857
f 6859 6860 6835
f 6835 6860 6861
f 6835 6861 6833
f 6835 6862 6859
f 6859 6862 6863
f 6859 6863 6864
f 6864 6863 6865
f 6865 6863 6866
f 6865 6866 6867
f 6867 6866 6868
f 6867 6868 6869
f 6869 6868 6870
f 6870 6868 6871
f 6870 6871 6872
f 6872 6871 6873
f 6872 6873 6874
f 6874 6873 6875
f 6875 6873 6876
f 6875 6876 6877
f 6877 6876 6878
f 6877 6878 6879
f 6879 6878 6880
f 6879 6880 6881
f 6831 6830 6880
f 6880 6830 6882
f 6880 6882 6881
f 6883 6884 6832
f 6832 6884 6885
f 6832 6885 6830
f 6832 6886 6883
f 6883 6886 6887
f 6883 6887 6888
f 6888 6887 6889
f 6889 6887 6890
f 6889 6890 6891
f 6891 6890 6892
f 6891 6892 6893
f 6893 6892 6894
f 6893 6894 6895
f 6745 6895 6746
f 6746 6895 6894
f 6746 6894 6829
f 6809 6829 6896
f 6809 6896 6837
f 6837 6896 6897
f 6837 6897 6836
f 6836 6897 6898
f 6836 6898 6838
f 6838 6898 6899
f 6838 6899 6839
f 6839 6899 6900
f 6839 6900 6840
f 6840 6900 6901
f 6840 6901 6841
f 6841 6901 6902
f 6841 6902 6842
f 6842 6902 6903
f 6842 6903 6843
f 6843 6903 6904
f 6843 6904 6844
f 6844 6904 6905
f 6844 6905 6845
f 6845 6905 6906
f 6845 6906 6846
f 6846 6906 6907
f 6846 6907 6847
f 6847 6907 6908
f 6847 6908 6848
f 6848 6908 6909
f 6848 6909 6849
f 6849 6909 6910
f 6849 6910 6850
f 6850 6910 6911
f 6850 6911 6851
f 6851 6911 6912
f 6851 6912 6852
f 6852 6912 6913
f 6852 6913 6853
f 6853 6913 6855
f 6853 6855 6854
f 6854 6855 6788
f 6854 6788 6625
f 6625 6788 6789
f 6625 6789 6624
f 6829 6894 6896
f 6896 6894 6892
f 6896 6892 6897
f 6897 6892 6890
f 6897 6890 6898
f 6898 6890 6887
f 6898 6887 6899
f 6899 6887 6886
f 6899 6886 6900
f 6900 6886 6832
f 6900 6832 6901
f 6901 6832 6831
f 6901 6831 6902
f 6902 6831 6880
f 6902 6880 6903
f 6903 6880 6878
f 6903 6878 6904
f 6904 6878 6876
f 6904 6876 6905
f 6905 6876 6873
f 6905 6873 6906
f 6906 6873 6871
f 6906 6871 6907
f 6907 6871 6868
f 6907 6868 6908
f 6908 6868 6866
f 6908 6866 6909
f 6909 6866 6863
f 6909 6863 6910
f 6910 6863 6862
f 6910 6862 6911
f 6911 6862 6835
f 6911 6835 6912
f 6912 6835 6834
f 6912 6834 6913
f 6913 6834 6856
f 6913 6856 6855
f 6855 6856 6733
f 6855 6733 6786
f 6667 6914 6915
f 6916 6697 6917
f 6917 6697 6698
f 6917 6698 6915
f 6915 6698 6699
f 6915 6699 6667
f 6918 6695 6916
f 6916 6695 6696
f 6916 6696 6697
f 6919 6693 6920
f 6920 6693 6692
f 6920 6692 6918
f 6918 6692 6694
f 6918 6694 6695
f 6921 6690 6919
f 6919 6690 6691
f 6919 6691 6693
f 6685 6686 6922
f 6922 6686 6687
f 6922 6687 6923
f 6923 6687 6688
f 6923 6688 6921
f 6921 6688 6689
f 6921 6689 6690
f 6685 6922 6684
f 6684 6922 6924
f 6684 6924 6683
f 6683 6924 6925
f 6683 6925 6682
f 6682 6925 6681
f 6681 6925 6926
f 6681 6926 6680
f 6680 6926 6927
f 6680 6927 6679
f 6679 6927 6678
f 6678 6927 6928
f 6678 6928 6677
f 6677 6928 6676
f 6676 6928 6929
f 6676 6929 6675
f 6675 6929 6930
f 6675 6930 6674
f 6674 6930 6673
f 6673 6930 6931
f 6673 6931 6672
f 6672 6931 6671
f 6671 6931 6932
f 6671 6932 6670
f 6670 6932 6933
f 6670 6933 6669
f 6669 6933 6668
f 6668 6933 6934
f 6668 6934 6665
f 6666 6665 6935
f 6935 6665 6934
f 6935 6934 6936
f 6937 6936 6938
f 6939 6937 6940
f 6941 6939 6942
f 6943 6941 6944
f 6945 6946 6947
f 6947 6946 6943
f 6945 6947 6948
f 6948 6947 6949
f 6948 6949 6950
f 6950 6949 6951
f 6951 6949 6952
f 6951 6952 6953
f 6953 6952 6954
f 6953 6954 6955
f 6955 6954 6956
f 6956 6954 6957
f 6956 6957 6958
f 6958 6957 6959
f 6959 6957 6960
f 6959 6960 6961
f 6961 6960 6962
f 6961 6962 6963
f 6963 6962 6964
f 6964 6962 6965
f 6964 6965 6966
f 6966 6965 6967
f 6967 6965 6968
f 6967 6968 6969
f 6969 6968 6970
f 6969 6970 6971
f 6972 6973 6970
f 6970 6973 6974
f 6970 6974 6971
f 6975 6976 6972
f 6972 6976 6977
f 6972 6977 6973
f 6978 6979 6975
f 6975 6979 6980
f 6975 6980 6976
f 6981 6982 6983
f 6983 6982 6984
f 6983 6984 6978
f 6978 6984 6985
f 6978 6985 6979
f 6986 6987 6981
f 6981 6987 6988
f 6981 6988 6982
f 6989 6990 6991
f 6991 6990 6992
f 6991 6992 6993
f 6993 6992 6994
f 6993 6994 6986
f 6986 6994 6995
f 6986 6995 6987
f 6989 6991 6996
f 6996 6991 6997
f 6996 6997 6998
f 6998 6997 6999
f 6998 6999 7000
f 7000 6999 7001
f 7000 7001 7002
f 6943 6944 6947
f 6947 6944 7003
f 6947 7003 6949
f 6949 7003 7004
f 6949 7004 6952
f 6952 7004 7005
f 6952 7005 6954
f 6954 7005 7006
f 6954 7006 6957
f 6957 7006 7007
f 6957 7007 6960
f 6960 7007 7008
f 6960 7008 6962
f 6962 7008 7009
f 6962 7009 6965
f 6965 7009 7010
f 6965 7010 6968
f 6968 7010 7011
f 6968 7011 6970
f 6970 7011 7012
f 6970 7012 6972
f 6972 7012 7013
f 6972 7013 6975
f 6975 7013 7014
f 6975 7014 6978
f 6978 7014 7015
f 6978 7015 6983
f 6983 7015 7016
f 6983 7016 6981
f 6981 7016 7017
f 6981 7017 6986
f 6986 7017 7018
f 6986 7018 6993
f 6993 7018 7019
f 6993 7019 6991
f 6991 7019 7020
f 6991 7020 6997
f 6997 7020 7021
f 6997 7021 6999
f 6999 7021 7022
f 6999 7022 7001
f 6941 6942 6944
f 6944 6942 7023
f 6944 7023 7003
f 7003 7023 7024
f 7003 7024 7004
f 7004 7024 7025
f 7004 7025 7005
f 7005 7025 7026
f 7005 7026 7006
f 7006 7026 7027
f 7006 7027 7007
f 7007 7027 7028
f 7007 7028 7008
f 7008 7028 7029
f 7008 7029 7009
f 7009 7029 7030
f 7009 7030 7010
f 7010 7030 7031
f 7010 7031 7011
f 7011 7031 7032
f 7011 7032 7012
f 7012 7032 7033
f 7012 7033 7013
f 7013 7033 7034
f 7013 7034 7014
f 7014 7034 7035
f 7014 7035 7015
f 7015 7035 7036
f 7015 7036 7016
f 7016 7036 7037
f 7016 7037 7017
f 7017 7037 7038
f 7017 7038 7018
f 7018 7038 7039
f 7018 7039 7019
f 7019 7039 7040
f 7019 7040 7020
f 7020 7040 7041
f 7020 7041 7021
f 7021 7041 7042
f 7021 7042 7022
f 6939 6940 6942
f 6942 6940 7043
f 6942 7043 7023
f 7023 7043 7044
f 7023 7044 7024
f 7024 7044 7045
f 7024 7045 7025
f 7025 7045 7046
f 7025 7046 7026
f 7026 7046 7047
f 7026 7047 7027
f 7027 7047 7048
f 7027 7048 7028
f 7028 7048 7049
f 7028 7049 7029
f 7029 7049 7050
f 7029 7050 7030
f 7030 7050 7051
f 7030 7051 7031
f 7031 7051 7052
f 7031 7052 7032
f 7032 7052 7053
f 7032 7053 7033
f 7033 7053 7054
f 7033 7054 7034
f 7034 7054 7055
f 7034 7055 7035
f 7035 7055 7056
f 7035 7056 7036
f 7036 7056 7057
f 7036 7057 7037
f 7037 7057 7058
f 7037 7058 7038
f 7038 7058 7059
f 7038 7059 7039
f 7039 7059 7060
f 7039 7060 7040
f 7040 7060 7061
f 7040 7061 7041
f 7041 7061 7062
f 7041 7062 7042
f 6937 6938 6940
f 6940 6938 7063
f 6940 7063 7043
f 7043 7063 7064
f 7043 7064 7044
f 7044 7064 7065
f 7044 7065 7045
f 7045 7065 7066
f 7045 7066 7046
f 7046 7066 7067
f 7046 7067 7047
f 7047 7067 7068
f 7047 7068 7048
f 7048 7068 7069
f 7048 7069 7049
f 7049 7069 7070
f 7049 7070 7050
f 7050 7070 7071
f 7050 7071 7051
f 7051 7071 7072
f 7051 7072 7052
f 7052 7072 7073
f 7052 7073 7053
f 7053 7073 7074
f 7053 7074 7054
f 7054 7074 7075
f 7054 7075 7055
f 7055 7075 7076
f 7055 7076 7056
f 7056 7076 7077
f 7056 7077 7057
f 7057 7077 7078
f 7057 7078 7058
f 7058 7078 7079
f 7058 7079 7059
f 7059 7079 7080
f 7059 7080 7060
f 7060 7080 7081
f 7060 7081 7061
f 7061 7081 7082
f 7061 7082 7062
f 6936 6934 6938
f 6938 6934 6933
f 6938 6933 7063
f 7063 6933 6932
f 7063 6932 7064
f 7064 6932 6931
f 7064 6931 7065
f 7065 6931 6930
f 7065 6930 7066
f 7066 6930 6929
f 7066 6929 7067
f 7067 6929 6928
f 7067 6928 7068
f 7068 6928 6927
f 7068 6927 7069
f 7069 6927 6926
f 7069 6926 7070
f 7070 6926 6925
f 7070 6925 7071
f 7071 6925 6924
f 7071 6924 7072
f 7072 6924 6922
f 7072 6922 7073
f 7073 6922 6923
f 7073 6923 7074
f 7074 6923 6921
f 7074 6921 7075
f 7075 6921 6919
f 7075 6919 7076
f 7076 6919 6920
f 7076 6920 7077
f 7077 6920 6918
f 7077 6918 7078
f 7078 6918 6916
f 7078 6916 7079
f 7079 6916 6917
f 7079 6917 7080
f 7080 6917 6915
f 7080 6915 7081
f 7081 6915 6914
f 7081 6914 7082
f 6666 6935 7083
f 7084 7085 7086
f 7086 7085 7087
f 7088 7089 7087
f 7087 7089 7090
f 7087 7090 7086
f 7091 7092 7088
f 7088 7092 7093
f 7088 7093 7089
f 7094 7095 7096
f 7096 7095 7097
f 7096 7097 7091
f 7091 7097 7098
f 7091 7098 7092
f 7099 7100 7094
f 7094 7100 7101
f 7094 7101 7095
f 7102 7103 7104
f 7104 7103 7105
f 7104 7105 7106
f 7106 7105 7107
f 7106 7107 7099
f 7099 7107 7108
f 7099 7108 7100
f 7102 7104 7109
f 7109 7104 7110
f 7109 7110 7111
f 7111 7110 7112
f 7111 7112 7113
f 7113 7112 6943
f 7113 6943 6946
f 7114 6730 7115
f 7115 6730 6731
f 7115 6731 7083
f 7083 6731 6732
f 7083 6732 6666
f 7116 6728 7114
f 7114 6728 6729
f 7114 6729 6730
f 7117 6726 7118
f 7118 6726 6725
f 7118 6725 7116
f 7116 6725 6727
f 7116 6727 6728
f 7119 6723 7117
f 7117 6723 6724
f 7117 6724 6726
f 6718 6719 7120
f 7120 6719 6720
f 7120 6720 7121
f 7121 6720 6721
f 7121 6721 7119
f 7119 6721 6722
f 7119 6722 6723
f 6718 7120 6717
f 6717 7120 7122
f 6717 7122 6716
f 6716 7122 7123
f 6716 7123 6715
f 6715 7123 6714
f 6714 7123 7124
f 6714 7124 6713
f 6713 7124 7125
f 6713 7125 6712
f 6712 7125 6711
f 6711 7125 7126
f 6711 7126 6710
f 6710 7126 6709
f 6709 7126 7127
f 6709 7127 6708
f 6708 7127 7128
f 6708 7128 6707
f 6707 7128 6706
f 6706 7128 7129
f 6706 7129 6705
f 6705 7129 6704
f 6704 7129 7130
f 6704 7130 6703
f 6703 7130 7131
f 6703 7131 6702
f 6702 7131 6701
f 6701 7131 7132
f 6701 7132 6700
f 6667 6700 6914
f 6914 6700 7132
f 6914 7132 7082
f 7062 7082 7133
f 7042 7062 7134
f 7022 7042 7135
f 7001 7022 7136
f 7002 7001 7137
f 7138 7139 7137
f 7137 7139 7140
f 7137 7140 7002
f 7141 7142 7143
f 7143 7142 7144
f 7143 7144 7138
f 7138 7144 7145
f 7138 7145 7139
f 7146 7147 7141
f 7141 7147 7148
f 7141 7148 7142
f 7149 7150 7151
f 7151 7150 7152
f 7151 7152 7146
f 7146 7152 7153
f 7146 7153 7147
f 7154 7155 7149
f 7149 7155 7156
f 7149 7156 7150
f 7084 7157 7085
f 7085 7157 7158
f 7085 7158 7159
f 7159 7158 7160
f 7159 7160 7154
f 7154 7160 7161
f 7154 7161 7155
f 7001 7136 7137
f 7137 7136 7162
f 7137 7162 7138
f 7138 7162 7163
f 7138 7163 7143
f 7143 7163 7164
f 7143 7164 7141
f 7141 7164 7165
f 7141 7165 7146
f 7146 7165 7166
f 7146 7166 7151
f 7151 7166 7167
f 7151 7167 7149
f 7149 7167 7168
f 7149 7168 7154
f 7154 7168 7169
f 7154 7169 7159
f 7159 7169 7170
f 7159 7170 7085
f 7085 7170 7171
f 7085 7171 7087
f 7087 7171 7172
f 7087 7172 7088
f 7088 7172 7173
f 7088 7173 7091
f 7091 7173 7174
f 7091 7174 7096
f 7096 7174 7175
f 7096 7175 7094
f 7094 7175 7176
f 7094 7176 7099
f 7099 7176 7177
f 7099 7177 7106
f 7106 7177 7178
f 7106 7178 7104
f 7104 7178 7179
f 7104 7179 7110
f 7110 7179 7180
f 7110 7180 7112
f 7112 7180 6941
f 7112 6941 6943
f 7022 7135 7136
f 7136 7135 7181
f 7136 7181 7162
f 7162 7181 7182
f 7162 7182 7163
f 7163 7182 7183
f 7163 7183 7164
f 7164 7183 7184
f 7164 7184 7165
f 7165 7184 7185
f 7165 7185 7166
f 7166 7185 7186
f 7166 7186 7167
f 7167 7186 7187
f 7167 7187 7168
f 7168 7187 7188
f 7168 7188 7169
f 7169 7188 7189
f 7169 7189 7170
f 7170 7189 7190
f 7170 7190 7171
f 7171 7190 7191
f 7171 7191 7172
f 7172 7191 7192
f 7172 7192 7173
f 7173 7192 7193
f 7173 7193 7174
f 7174 7193 7194
f 7174 7194 7175
f 7175 7194 7195
f 7175 7195 7176
f 7176 7195 7196
f 7176 7196 7177
f 7177 7196 7197
f 7177 7197 7178
f 7178 7197 7198
f 7178 7198 7179
f 7179 7198 7199
f 7179 7199 7180
f 7180 7199 6939
f 7180 6939 6941
f 7042 7134 7135
f 7135 7134 7200
f 7135 7200 7181
f 7181 7200 7201
f 7181 7201 7182
f 7182 7201 7202
f 7182 7202 7183
f 7183 7202 7203
f 7183 7203 7184
f 7184 7203 7204
f 7184 7204 7185
f 7185 7204 7205
f 7185 7205 7186
f 7186 7205 7206
f 7186 7206 7187
f 7187 7206 7207
f 7187 7207 7188
f 7188 7207 7208
f 7188 7208 7189
f 7189 7208 7209
f 7189 7209 7190
f 7190 7209 7210
f 7190 7210 7191
f 7191 7210 7211
f 7191 7211 7192
f 7192 7211 7212
f 7192 7212 7193
f 7193 7212 7213
f 7193 7213 7194
f 7194 7213 7214
f 7194 7214 7195
f 7195 7214 7215
f 7195 7215 7196
f 7196 7215 7216
f 7196 7216 7197
f 7197 7216 7217
f 7197 7217 7198
f 7198 7217 7218
f 7198 7218 7199
f 7199 7218 6937
f 7199 6937 6939
f 7062 7133 7134
f 7134 7133 7219
f 7134 7219 7200
f 7200 7219 7220
f 7200 7220 7201
f 7201 7220 7221
f 7201 7221 7202
f 7202 7221 7222
f 7202 7222 7203
f 7203 7222 7223
f 7203 7223 7204
f 7204 7223 7224
f 7204 7224 7205
f 7205 7224 7225
f 7205 7225 7206
f 7206 7225 7226
f 7206 7226 7207
f 7207 7226 7227
f 7207 7227 7208
f 7208 7227 7228
f 7208 7228 7209
f 7209 7228 7229
f 7209 7229 7210
f 7210 7229 7230
f 7210 7230 7211
f 7211 7230 7231
f 7211 7231 7212
f 7212 7231 7232
f 7212 7232 7213
f 7213 7232 7233
f 7213 7233 7214
f 7214 7233 7234
f 7214 7234 7215
f 7215 7234 7235
f 7215 7235 7216
f 7216 7235 7236
f 7216 7236 7217
f 7217 7236 7237
f 7217 7237 7218
f 7218 7237 6936
f 7218 6936 6937
f 7082 7132 7133
f 7133 7132 7131
f 7133 7131 7219
f 7219 7131 7130
f 7219 7130 7220
f 7220 7130 7129
f 7220 7129 7221
f 7221 7129 7128
f 7221 7128 7222
f 7222 7128 7127
f 7222 7127 7223
f 7223 7127 7126
f 7223 7126 7224
f 7224 7126 7125
f 7224 7125 7225
f 7225 7125 7124
f 7225 7124 7226
f 7226 7124 7123
f 7226 7123 7227
f 7227 7123 7122
f 7227 7122 7228
f 7228 7122 7120
f 7228 7120 7229
f 7229 7120 7121
f 7229 7121 7230
f 7230 7121 7119
f 7230 7119 7231
f 7231 7119 7117
f 7231 7117 7232
f 7232 7117 7118
f 7232 7118 7233
f 7233 7118 7116
f 7233 7116 7234
f 7234 7116 7114
f 7234 7114 7235
f 7235 7114 7115
f 7235 7115 7236
f 7236 7115 7083
f 7236 7083 7237
f 7237 7083 6935
f 7237 6935 6936
f 7238 6895 7239
f 7239 6895 6745
f 7239 6745 7240
f 7241 6881 7242
f 7242 6881 6882
f 7242 6882 7243
f 7244 6783 7245
f 7245 6783 6782
f 7245 6782 7246
f 7247 6859 7248
f 7248 6859 6864
f 7248 6864 7249
f 7250 6874 7251
f 7251 6874 6875
f 7251 6875 7252
f 7252 6875 6877
f 7252 6877 7241
f 7241 6877 6879
f 7241 6879 6881
f 7253 6889 7254
f 7254 6889 6891
f 7254 6891 7238
f 7238 6891 6893
f 7238 6893 6895
f 6782 6857 7246
f 7246 6857 6858
f 7246 6858 7255
f 7255 6858 6833
f 7255 6833 7256
f 7256 6833 6861
f 7256 6861 7247
f 7247 6861 6860
f 7247 6860 6859
f 6882 6830 7243
f 7243 6830 6885
f 7243 6885 7257
f 7257 6885 6884
f 7257 6884 7258
f 7258 6884 6883
f 7258 6883 7253
f 7253 6883 6888
f 7253 6888 6889
f 7259 6742 7260
f 7260 6742 6758
f 7260 6758 7261
f 7262 6781 7263
f 7263 6781 6736
f 7263 6736 7244
f 7244 6736 6784
f 7244 6784 6783
f 6864 6865 7249
f 7249 6865 6867
f 7249 6867 7264
f 7264 6867 6869
f 7264 6869 7265
f 7265 6869 6870
f 7265 6870 7250
f 7250 6870 6872
f 7250 6872 6874
f 6745 6748 7240
f 7240 6748 6750
f 7240 6750 7266
f 7266 6750 6752
f 7266 6752 7267
f 7267 6752 6754
f 7267 6754 7259
f 7259 6754 6755
f 7259 6755 6742
f 7268 6777 7269
f 7269 6777 6776
f 7269 6776 7270
f 7270 6776 6775
f 7270 6775 7262
f 7262 6775 6780
f 7262 6780 6781
f 6758 6757 7261
f 7261 6757 6756
f 7261 6756 7271
f 7271 6756 6761
f 7271 6761 7272
f 7272 6761 6762
f 7272 6762 7273
f 7274 6773 7275
f 7275 6773 6774
f 7275 6774 7268
f 7268 6774 6739
f 7268 6739 6777
f 6762 6764 7273
f 7273 6764 6766
f 7273 6766 7276
f 7276 6766 6767
f 7276 6767 7277
f 7277 6767 6769
f 7277 6769 7274
f 7274 6769 6771
f 7274 6771 6773
f 7086 7090 7278
f 7278 7090 7279
f 6973 7280 7281
f 7279 7090 7282
f 7282 7090 7089
f 7282 7089 7283
f 7283 7089 7093
f 7283 7093 7284
f 7284 7093 7092
f 7284 7092 7285
f 7285 7092 7098
f 7285 7098 7286
f 7286 7098 7097
f 7286 7097 7287
f 7287 7097 7095
f 7287 7095 7288
f 7288 7095 7101
f 7288 7101 7289
f 7289 7101 7100
f 7289 7100 7290
f 7290 7100 7108
f 7290 7108 7291
f 7291 7108 7107
f 7291 7107 7292
f 7292 7107 7105
f 7292 7105 7293
f 7293 7105 7103
f 7293 7103 7294
f 7294 7103 7102
f 7294 7102 7295
f 7295 7102 7109
f 7295 7109 7296
f 7296 7109 7111
f 7296 7111 7297
f 7297 7111 7113
f 7297 7113 7298
f 7298 7113 6946
f 7298 6946 7299
f 7299 6946 6945
f 7299 6945 7300
f 7300 6945 6948
f 7300 6948 7301
f 7301 6948 6950
f 7301 6950 7302
f 7302 6950 6951
f 7302 6951 7303
f 7303 6951 6953
f 7303 6953 7304
f 7304 6953 6955
f 7304 6955 7305
f 7305 6955 6956
f 7305 6956 7306
f 7306 6956 6958
f 7306 6958 7307
f 7307 6958 6959
f 7307 6959 7308
f 7308 6959 6961
f 7308 6961 7309
f 7309 6961 6963
f 7309 6963 7310
f 7310 6963 6964
f 7310 6964 7311
f 7311 6964 6966
f 7311 6966 7312
f 7312 6966 6967
f 7312 6967 7313
f 7313 6967 6969
f 7313 6969 7314
f 7314 6969 6971
f 7314 6971 7281
f 7281 6971 6974
f 7281 6974 6973
f 6973 6977 7280
f 7280 6977 7315
f 7086 7278 7316
f 7315 6977 7317
f 7317 6977 6976
f 7317 6976 7318
f 7318 6976 6980
f 7318 6980 7319
f 7319 6980 6979
f 7319 6979 7320
f 7320 6979 6985
f 7320 6985 7321
f 7321 6985 6984
f 7321 6984 7322
f 7322 6984 6982
f 7322 6982 7323
f 7323 6982 6988
f 7323 6988 7324
f 7324 6988 6987
f 7324 6987 7325
f 7325 6987 6995
f 7325 6995 7326
f 7326 6995 6994
f 7326 6994 7327
f 7327 6994 6992
f 7327 6992 7328
f 7328 6992 6990
f 7328 6990 7329
f 7329 6990 6989
f 7329 6989 7330
f 7330 6989 6996
f 7330 6996 7331
f 7331 6996 6998
f 7331 6998 7332
f 7332 6998 7000
f 7332 7000 7333
f 7333 7000 7002
f 7333 7002 7334
f 7334 7002 7140
f 7334 7140 7335
f 7335 7140 7139
f 7335 7139 7336
f 7336 7139 7145
f 7336 7145 7337
f 7337 7145 7144
f 7337 7144 7338
f 7338 7144 7142
f 7338 7142 7339
f 7339 7142 7148
f 7339 7148 7340
f 7340 7148 7147
f 7340 7147 7341
f 7341 7147 7153
f 7341 7153 7342
f 7342 7153 7152
f 7342 7152 7343
f 7343 7152 7150
f 7343 7150 7344
f 7344 7150 7156
f 7344 7156 7345
f 7345 7156 7155
f 7345 7155 7346
f 7346 7155 7161
f 7346 7161 7347
f 7347 7161 7160
f 7347 7160 7348
f 7348 7160 7158
f 7348 7158 7349
f 7349 7158 7157
f 7349 7157 7316
f 7316 7157 7084
f 7316 7084 7086
f 7350 7351 7352
f 7353 7354 7355
f 7356 7357 7358
f 7358 7359 7356
f 7356 7359 7360
f 7356 7360 7361
f 7361 7360 7362
f 7361 7362 7363
f 7364 7365 7366
f 7366 7365 7367
f 7366 7367 7357
f 7357 7367 7368
f 7357 7368 7358
f 7369 7370 7364
f 7364 7370 7371
f 7364 7371 7365
f 7372 7373 7374
f 7374 7373 7375
f 7374 7375 7369
f 7369 7375 7376
f 7369 7376 7370
f 7355 7377 7353
f 7353 7377 7378
f 7353 7378 7372
f 7372 7378 7379
f 7372 7379 7373
f 7239 7380 7238
f 7238 7380 7381
f 7238 7381 7254
f 7254 7381 7382
f 7254 7382 7253
f 7253 7382 7383
f 7253 7383 7258
f 7258 7383 7384
f 7258 7384 7257
f 7257 7384 7385
f 7257 7385 7243
f 7243 7385 7386
f 7243 7386 7242
f 7242 7386 7387
f 7242 7387 7241
f 7241 7387 7388
f 7241 7388 7252
f 7252 7388 7389
f 7252 7389 7251
f 7251 7389 7390
f 7251 7390 7250
f 7250 7390 7391
f 7250 7391 7265
f 7265 7391 7392
f 7265 7392 7264
f 7264 7392 7393
f 7264 7393 7249
f 7249 7393 7394
f 7249 7394 7248
f 7248 7394 7395
f 7248 7395 7247
f 7247 7395 7396
f 7247 7396 7256
f 7256 7396 7397
f 7256 7397 7255
f 7255 7397 7398
f 7255 7398 7246
f 7246 7398 7399
f 7246 7399 7245
f 7245 7399 7400
f 7401 7402 7403
f 7403 7402 7404
f 7403 7404 7405
f 7405 7404 7406
f 7352 7407 7350
f 7350 7407 7408
f 7350 7408 7406
f 7406 7408 7409
f 7406 7409 7405
f 7410 7411 7412
f 7412 7411 7413
f 7412 7413 7351
f 7351 7413 7414
f 7351 7414 7352
f 7415 7416 7410
f 7410 7416 7417
f 7410 7417 7411
f 7418 7419 7420
f 7420 7419 7421
f 7420 7421 7415
f 7415 7421 7422
f 7415 7422 7416
f 7362 7423 7363
f 7363 7423 7424
f 7363 7424 7418
f 7418 7424 7425
f 7418 7425 7419
f 7380 7426 7381
f 7381 7426 7427
f 7381 7427 7382
f 7382 7427 7428
f 7382 7428 7383
f 7383 7428 7429
f 7383 7429 7384
f 7384 7429 7430
f 7384 7430 7385
f 7385 7430 7431
f 7385 7431 7386
f 7386 7431 7432
f 7386 7432 7387
f 7387 7432 7433
f 7387 7433 7388
f 7388 7433 7434
f 7388 7434 7389
f 7389 7434 7435
f 7389 7435 7390
f 7390 7435 7436
f 7390 7436 7391
f 7391 7436 7437
f 7391 7437 7392
f 7392 7437 7438
f 7392 7438 7393
f 7393 7438 7439
f 7393 7439 7394
f 7394 7439 7440
f 7394 7440 7395
f 7395 7440 7441
f 7395 7441 7396
f 7396 7441 7442
f 7396 7442 7397
f 7397 7442 7443
f 7397 7443 7398
f 7398 7443 7444
f 7398 7444 7399
f 7399 7444 7445
f 7399 7445 7400
f 7400 7445 7446
f 7426 7354 7427
f 7427 7354 7353
f 7427 7353 7428
f 7428 7353 7372
f 7428 7372 7429
f 7429 7372 7374
f 7429 7374 7430
f 7430 7374 7369
f 7430 7369 7431
f 7431 7369 7364
f 7431 7364 7432
f 7432 7364 7366
f 7432 7366 7433
f 7433 7366 7357
f 7433 7357 7434
f 7434 7357 7356
f 7434 7356 7435
f 7435 7356 7361
f 7435 7361 7436
f 7436 7361 7363
f 7436 7363 7437
f 7437 7363 7418
f 7437 7418 7438
f 7438 7418 7420
f 7438 7420 7439
f 7439 7420 7415
f 7439 7415 7440
f 7440 7415 7410
f 7440 7410 7441
f 7441 7410 7412
f 7441 7412 7442
f 7442 7412 7351
f 7442 7351 7443
f 7443 7351 7350
f 7443 7350 7444
f 7444 7350 7406
f 7444 7406 7445
f 7445 7406 7404
f 7445 7404 7446
f 7446 7404 7402
f 7447 7402 7401
f 7448 7449 7450
f 7451 7452 7453
f 7355 7354 7454
f 7454 7354 7455
f 7454 7455 7456
f 7456 7455 7457
f 7453 7458 7451
f 7451 7458 7459
f 7451 7459 7457
f 7457 7459 7460
f 7457 7460 7456
f 7461 7462 7463
f 7463 7462 7464
f 7463 7464 7452
f 7452 7464 7465
f 7452 7465 7453
f 7466 7467 7461
f 7461 7467 7468
f 7461 7468 7462
f 7469 7470 7471
f 7471 7470 7472
f 7471 7472 7466
f 7466 7472 7473
f 7466 7473 7467
f 7450 7474 7448
f 7448 7474 7475
f 7448 7475 7476
f 7476 7475 7477
f 7476 7477 7478
f 7478 7477 7479
f 7478 7479 7469
f 7469 7479 7480
f 7469 7480 7470
f 7481 7482 7483
f 7483 7482 7484
f 7483 7484 7449
f 7449 7484 7485
f 7449 7485 7450
f 7486 7487 7481
f 7481 7487 7488
f 7481 7488 7482
f 7489 7490 7491
f 7491 7490 7492
f 7491 7492 7486
f 7486 7492 7493
f 7486 7493 7487
f 7401 7494 7447
f 7447 7494 7495
f 7447 7495 7489
f 7489 7495 7496
f 7489 7496 7490
f 7245 7400 7244
f 7244 7400 7497
f 7244 7497 7263
f 7263 7497 7498
f 7263 7498 7262
f 7262 7498 7499
f 7262 7499 7270
f 7270 7499 7500
f 7270 7500 7269
f 7269 7500 7501
f 7269 7501 7268
f 7268 7501 7502
f 7268 7502 7275
f 7275 7502 7503
f 7275 7503 7274
f 7274 7503 7504
f 7274 7504 7277
f 7277 7504 7505
f 7277 7505 7276
f 7276 7505 7506
f 7276 7506 7273
f 7273 7506 7507
f 7273 7507 7272
f 7272 7507 7508
f 7272 7508 7271
f 7271 7508 7509
f 7271 7509 7261
f 7261 7509 7510
f 7261 7510 7260
f 7260 7510 7511
f 7260 7511 7259
f 7259 7511 7512
f 7259 7512 7267
f 7267 7512 7513
f 7267 7513 7266
f 7266 7513 7514
f 7266 7514 7240
f 7240 7514 7515
f 7240 7515 7239
f 7239 7515 7380
f 7400 7446 7497
f 7497 7446 7516
f 7497 7516 7498
f 7498 7516 7517
f 7498 7517 7499
f 7499 7517 7518
f 7499 7518 7500
f 7500 7518 7519
f 7500 7519 7501
f 7501 7519 7520
f 7501 7520 7502
f 7502 7520 7521
f 7502 7521 7503
f 7503 7521 7522
f 7503 7522 7504
f 7504 7522 7523
f 7504 7523 7505
f 7505 7523 7524
f 7505 7524 7506
f 7506 7524 7525
f 7506 7525 7507
f 7507 7525 7526
f 7507 7526 7508
f 7508 7526 7527
f 7508 7527 7509
f 7509 7527 7528
f 7509 7528 7510
f 7510 7528 7529
f 7510 7529 7511
f 7511 7529 7530
f 7511 7530 7512
f 7512 7530 7531
f 7512 7531 7513
f 7513 7531 7532
f 7513 7532 7514
f 7514 7532 7533
f 7514 7533 7515
f 7515 7533 7534
f 7515 7534 7380
f 7380 7534 7426
f 7446 7402 7516
f 7516 7402 7447
f 7516 7447 7517
f 7517 7447 7489
f 7517 7489 7518
f 7518 7489 7491
f 7518 7491 7519
f 7519 7491 7486
f 7519 7486 7520
f 7520 7486 7481
f 7520 7481 7521
f 7521 7481 7483
f 7521 7483 7522
f 7522 7483 7449
f 7522 7449 7523
f 7523 7449 7448
f 7523 7448 7524
f 7524 7448 7476
f 7524 7476 7525
f 7525 7476 7478
f 7525 7478 7526
f 7526 7478 7469
f 7526 7469 7527
f 7527 7469 7471
f 7527 7471 7528
f 7528 7471 7466
f 7528 7466 7529
f 7529 7466 7461
f 7529 7461 7530
f 7530 7461 7463
f 7530 7463 7531
f 7531 7463 7452
f 7531 7452 7532
f 7532 7452 7451
f 7532 7451 7533
f 7533 7451 7457
f 7533 7457 7534
f 7534 7457 7455
f 7534 7455 7426
f 7426 7455 7354
f 7535 7536 7333
f 7333 7536 7332
f 7332 7536 7331
f 7331 7536 7537
f 7331 7537 7330
f 7330 7537 7329
f 7329 7537 7538
f 7329 7538 7328
f 7328 7538 7539
f 7328 7539 7327
f 7327 7539 7326
f 7326 7539 7540
f 7326 7540 7325
f 7325 7540 7324
f 7324 7540 7541
f 7324 7541 7323
f 7323 7541 7542
f 7323 7542 7322
f 7322 7542 7321
f 7321 7542 7543
f 7321 7543 7320
f 7320 7543 7319
f 7319 7543 7544
f 7319 7544 7318
f 7318 7544 7545
f 7318 7545 7317
f 7546 7314 7547
f 7547 7314 7281
f 7547 7281 7548
f 7548 7281 7280
f 7548 7280 7545
f 7545 7280 7315
f 7545 7315 7317
f 7549 7312 7546
f 7546 7312 7313
f 7546 7313 7314
f 7550 7309 7551
f 7551 7309 7310
f 7551 7310 7549
f 7549 7310 7311
f 7549 7311 7312
f 7552 7307 7550
f 7550 7307 7308
f 7550 7308 7309
f 7302 7303 7553
f 7553 7303 7304
f 7553 7304 7554
f 7554 7304 7305
f 7554 7305 7552
f 7552 7305 7306
f 7552 7306 7307
f 7302 7553 7301
f 7301 7553 7555
f 7301 7555 7300
f 7300 7555 7556
f 7300 7556 7299
f 7299 7556 7557
f 7299 7557 7298
f 7535 7333 7558
f 7558 7333 7334
f 7558 7334 7559
f 7559 7334 7335
f 7559 7335 7560
f 7560 7335 7336
f 7560 7336 7561
f 7561 7336 7337
f 7342 7562 7563
f 7337 7338 7561
f 7561 7338 7339
f 7561 7339 7564
f 7564 7339 7340
f 7564 7340 7563
f 7563 7340 7341
f 7563 7341 7342
f 7347 7565 7566
f 7342 7343 7562
f 7562 7343 7344
f 7562 7344 7567
f 7567 7344 7345
f 7567 7345 7566
f 7566 7345 7346
f 7566 7346 7347
f 7279 7568 7278
f 7278 7568 7569
f 7278 7569 7316
f 7316 7569 7570
f 7316 7570 7349
f 7349 7570 7565
f 7349 7565 7348
f 7348 7565 7347
f 7286 7571 7572
f 7279 7282 7568
f 7568 7282 7283
f 7568 7283 7573
f 7573 7283 7284
f 7573 7284 7572
f 7572 7284 7285
f 7572 7285 7286
f 7291 7574 7575
f 7286 7287 7571
f 7571 7287 7288
f 7571 7288 7576
f 7576 7288 7289
f 7576 7289 7575
f 7575 7289 7290
f 7575 7290 7291
f 7291 7292 7574
f 7574 7292 7293
f 7574 7293 7577
f 7577 7293 7294
f 7577 7294 7578
f 7294 7295 7578
f 7578 7295 7296
f 7578 7296 7579
f 7579 7296 7297
f 7579 7297 7580
f 7580 7297 7298
f 7580 7298 7557
f 7581 7479 7582
f 7582 7479 7477
f 7582 7477 7583
f 7583 7477 7475
f 7583 7475 7584
f 7584 7475 7474
f 7584 7474 7585
f 7585 7474 7450
f 7585 7450 7586
f 7586 7450 7485
f 7586 7485 7587
f 7587 7485 7588
f 7588 7485 7484
f 7588 7484 7589
f 7589 7484 7482
f 7589 7482 7590
f 7590 7482 7488
f 7590 7488 7591
f 7591 7488 7487
f 7591 7487 7493
f 7423 7592 7424
f 7424 7592 7593
f 7424 7593 7425
f 7425 7593 7594
f 7425 7594 7419
f 7419 7594 7595
f 7419 7595 7421
f 7421 7595 7596
f 7421 7596 7422
f 7422 7596 7597
f 7422 7597 7416
f 7416 7597 7598
f 7416 7598 7417
f 7417 7598 7599
f 7417 7599 7411
f 7411 7599 7600
f 7411 7600 7413
f 7413 7600 7601
f 7413 7601 7414
f 7414 7601 7602
f 7414 7602 7352
f 7352 7602 7603
f 7352 7603 7407
f 7407 7603 7604
f 7407 7604 7408
f 7408 7604 7605
f 7408 7605 7409
f 7409 7605 7606
f 7409 7606 7405
f 7405 7606 7607
f 7405 7607 7403
f 7403 7607 7608
f 7403 7608 7401
f 7401 7608 7609
f 7401 7609 7494
f 7494 7609 7610
f 7494 7610 7495
f 7495 7610 7611
f 7495 7611 7496
f 7496 7611 7612
f 7496 7612 7490
f 7490 7612 7613
f 7490 7613 7492
f 7492 7613 7614
f 7492 7614 7493
f 7493 7614 7615
f 7493 7615 7591
f 7592 7423 7616
f 7616 7423 7362
f 7616 7362 7617
f 7617 7362 7360
f 7617 7360 7618
f 7618 7360 7359
f 7618 7359 7619
f 7619 7359 7358
f 7619 7358 7620
f 7620 7358 7368
f 7620 7368 7621
f 7621 7368 7622
f 7622 7368 7367
f 7622 7367 7623
f 7623 7367 7365
f 7623 7365 7624
f 7624 7365 7371
f 7624 7371 7625
f 7371 7370 7625
f 7625 7370 7376
f 7625 7376 7626
f 7626 7376 7627
f 7627 7376 7375
f 7627 7375 7628
f 7628 7375 7373
f 7628 7373 7629
f 7629 7373 7379
f 7629 7379 7630
f 7630 7379 7378
f 7630 7378 7631
f 7631 7378 7377
f 7631 7377 7632
f 7632 7377 7355
f 7632 7355 7633
f 7633 7355 7454
f 7633 7454 7634
f 7634 7454 7456
f 7634 7456 7635
f 7635 7456 7460
f 7635 7460 7636
f 7636 7460 7459
f 7636 7459 7637
f 7637 7459 7458
f 7637 7458 7638
f 7638 7458 7453
f 7638 7453 7639
f 7639 7453 7465
f 7639 7465 7640
f 7640 7465 7464
f 7640 7464 7641
f 7641 7464 7462
f 7641 7462 7642
f 7642 7462 7468
f 7642 7468 7643
f 7643 7468 7467
f 7643 7467 7644
f 7644 7467 7473
f 7644 7473 7645
f 7645 7473 7472
f 7645 7472 7646
f 7646 7472 7470
f 7646 7470 7647
f 7647 7470 7480
f 7647 7480 7648
f 7648 7480 7479
f 7648 7479 7581
f 7579 7649 7650
f 7579 7650 7578
f 7578 7650 7651
f 7578 7651 7577
f 7577 7651 7652
f 7577 7652 7574
f 7574 7652 7653
f 7574 7653 7575
f 7575 7653 7654
f 7575 7654 7576
f 7576 7654 7655
f 7576 7655 7571
f 7571 7655 7656
f 7571 7656 7572
f 7572 7656 7657
f 7572 7657 7573
f 7573 7657 7658
f 7573 7658 7568
f 7569 7568 7659
f 7659 7568 7658
f 7659 7658 7660
f 7661 7660 7662
f 7661 7662 7663
f 7663 7662 7664
f 7663 7664 7665
f 7665 7664 7666
f 7665 7666 7667
f 7667 7666 7668
f 7667 7668 7669
f 7669 7668 7670
f 7670 7668 7671
f 7670 7671 7672
f 7672 7671 7673
f 7672 7673 7674
f 7674 7673 7675
f 7674 7675 7676
f 7676 7675 7677
f 7676 7677 7678
f 7678 7677 7679
f 7678 7679 7680
f 7680 7679 7681
f 7680 7681 7682
f 7682 7681 7683
f 7682 7683 7684
f 7684 7683 7685
f 7684 7685 7686
f 7686 7685 7687
f 7686 7687 7688
f 7688 7687 7689
f 7688 7689 7690
f 7690 7689 7691
f 7690 7691 7692
f 7692 7691 7693
f 7692 7693 7694
f 7694 7693 7695
f 7695 7693 7696
f 7695 7696 7697
f 7697 7696 7698
f 7697 7698 7699
f 7699 7698 7700
f 7699 7700 7701
f 7701 7700 7702
f 7701 7702 7703
f 7703 7702 7704
f 7703 7704 7705
f 7548 7706 7547
f 7547 7706 7707
f 7547 7707 7546
f 7546 7707 7708
f 7546 7708 7549
f 7549 7708 7709
f 7549 7709 7551
f 7551 7709 7710
f 7551 7710 7550
f 7550 7710 7711
f 7550 7711 7552
f 7552 7711 7712
f 7552 7712 7554
f 7554 7712 7713
f 7554 7713 7553
f 7553 7713 7714
f 7553 7714 7555
f 7555 7714 7715
f 7555 7715 7556
f 7556 7715 7716
f 7556 7716 7557
f 7557 7716 7649
f 7557 7649 7580
f 7580 7649 7579
f 7660 7658 7662
f 7662 7658 7657
f 7662 7657 7664
f 7664 7657 7656
f 7664 7656 7666
f 7666 7656 7655
f 7666 7655 7668
f 7668 7655 7654
f 7668 7654 7671
f 7671 7654 7653
f 7671 7653 7673
f 7673 7653 7652
f 7673 7652 7675
f 7675 7652 7651
f 7675 7651 7677
f 7677 7651 7650
f 7677 7650 7679
f 7679 7650 7649
f 7679 7649 7681
f 7681 7649 7716
f 7681 7716 7683
f 7683 7716 7715
f 7683 7715 7685
f 7685 7715 7714
f 7685 7714 7687
f 7687 7714 7713
f 7687 7713 7689
f 7689 7713 7712
f 7689 7712 7691
f 7691 7712 7711
f 7691 7711 7693
f 7693 7711 7710
f 7693 7710 7696
f 7696 7710 7709
f 7696 7709 7698
f 7698 7709 7708
f 7698 7708 7700
f 7700 7708 7707
f 7700 7707 7702
f 7702 7707 7706
f 7702 7706 7704
f 7706 7548 7545
f 7704 7706 7717
f 7705 7704 7718
f 7705 7718 7719
f 7719 7718 7720
f 7719 7720 7721
f 7721 7720 7722
f 7721 7722 7723
f 7723 7722 7724
f 7723 7724 7725
f 7725 7724 7726
f 7726 7724 7727
f 7726 7727 7728
f 7728 7727 7729
f 7728 7729 7730
f 7730 7729 7731
f 7730 7731 7732
f 7732 7731 7733
f 7732 7733 7734
f 7734 7733 7735
f 7734 7735 7736
f 7736 7735 7737
f 7736 7737 7738
f 7738 7737 7739
f 7738 7739 7740
f 7740 7739 7741
f 7740 7741 7742
f 7742 7741 7743
f 7742 7743 7744
f 7744 7743 7745
f 7744 7745 7746
f 7746 7745 7747
f 7746 7747 7748
f 7748 7747 7749
f 7748 7749 7750
f 7750 7749 7751
f 7751 7749 7752
f 7751 7752 7753
f 7753 7752 7754
f 7753 7754 7755
f 7755 7754 7756
f 7755 7756 7757
f 7757 7756 7758
f 7757 7758 7759
f 7759 7758 7660
f 7759 7660 7661
f 7569 7659 7570
f 7570 7659 7760
f 7570 7760 7565
f 7565 7760 7761
f 7565 7761 7566
f 7566 7761 7762
f 7566 7762 7567
f 7567 7762 7763
f 7567 7763 7562
f 7562 7763 7764
f 7562 7764 7563
f 7563 7764 7765
f 7563 7765 7564
f 7564 7765 7766
f 7564 7766 7561
f 7561 7766 7767
f 7561 7767 7560
f 7560 7767 7768
f 7560 7768 7559
f 7559 7768 7769
f 7706 7545 7717
f 7717 7545 7544
f 7717 7544 7770
f 7770 7544 7543
f 7770 7543 7771
f 7771 7543 7542
f 7771 7542 7772
f 7772 7542 7541
f 7772 7541 7773
f 7773 7541 7540
f 7773 7540 7774
f 7774 7540 7539
f 7774 7539 7775
f 7775 7539 7538
f 7775 7538 7776
f 7776 7538 7537
f 7776 7537 7777
f 7777 7537 7536
f 7777 7536 7778
f 7778 7536 7535
f 7778 7535 7769
f 7769 7535 7558
f 7769 7558 7559
f 7704 7717 7718
f 7718 7717 7770
f 7718 7770 7720
f 7720 7770 7771
f 7720 7771 7722
f 7722 7771 7772
f 7722 7772 7724
f 7724 7772 7773
f 7724 7773 7727
f 7727 7773 7774
f 7727 7774 7729
f 7729 7774 7775
f 7729 7775 7731
f 7731 7775 7776
f 7731 7776 7733
f 7733 7776 7777
f 7733 7777 7735
f 7735 7777 7778
f 7735 7778 7737
f 7737 7778 7769
f 7737 7769 7739
f 7739 7769 7768
f 7739 7768 7741
f 7741 7768 7767
f 7741 7767 7743
f 7743 7767 7766
f 7743 7766 7745
f 7745 7766 7765
f 7745 7765 7747
f 7747 7765 7764
f 7747 7764 7749
f 7749 7764 7763
f 7749 7763 7752
f 7752 7763 7762
f 7752 7762 7754
f 7754 7762 7761
f 7754 7761 7756
f 7756 7761 7760
f 7756 7760 7758
f 7758 7760 7659
f 7758 7659 7660
f 7779 7780 7781
f 7782 7783 7784
f 7785 7782 7786
f 7787 7785 7788
f 7789 7787 7790
f 7791 7789 7792
f 7632 7791 7793
f 7794 7630 7793
f 7793 7630 7631
f 7793 7631 7632
f 7795 7627 7796
f 7796 7627 7628
f 7796 7628 7794
f 7794 7628 7629
f 7794 7629 7630
f 7797 7625 7795
f 7795 7625 7626
f 7795 7626 7627
f 7798 7622 7799
f 7799 7622 7623
f 7799 7623 7797
f 7797 7623 7624
f 7797 7624 7625
f 7800 7620 7798
f 7798 7620 7621
f 7798 7621 7622
f 7801 7617 7802
f 7802 7617 7618
f 7802 7618 7800
f 7800 7618 7619
f 7800 7619 7620
f 7803 7593 7804
f 7804 7593 7592
f 7804 7592 7801
f 7801 7592 7616
f 7801 7616 7617
f 7805 7595 7803
f 7803 7595 7594
f 7803 7594 7593
f 7806 7598 7807
f 7807 7598 7597
f 7807 7597 7805
f 7805 7597 7596
f 7805 7596 7595
f 7808 7600 7806
f 7806 7600 7599
f 7806 7599 7598
f 7605 7604 7809
f 7809 7604 7603
f 7809 7603 7810
f 7810 7603 7602
f 7810 7602 7808
f 7808 7602 7601
f 7808 7601 7600
f 7605 7809 7606
f 7606 7809 7811
f 7606 7811 7607
f 7607 7811 7812
f 7607 7812 7608
f 7608 7812 7813
f 7608 7813 7609
f 7814 7815 7816
f 7816 7815 7817
f 7817 7815 7818
f 7818 7815 7819
f 7818 7819 7820
f 7820 7819 7821
f 7821 7819 7822
f 7821 7822 7823
f 7823 7822 7824
f 7823 7824 7825
f 7825 7824 7826
f 7826 7824 7827
f 7826 7827 7828
f 7828 7827 7829
f 7829 7827 7830
f 7829 7830 7831
f 7831 7830 7832
f 7831 7832 7833
f 7833 7832 7834
f 7834 7832 7835
f 7834 7835 7836
f 7836 7835 7837
f 7837 7835 7838
f 7837 7838 7839
f 7839 7838 7840
f 7839 7840 7841
f 7779 7842 7780
f 7780 7842 7843
f 7780 7843 7840
f 7840 7843 7844
f 7840 7844 7841
f 7845 7846 7781
f 7781 7846 7847
f 7781 7847 7779
f 7848 7849 7850
f 7850 7849 7851
f 7850 7851 7845
f 7845 7851 7852
f 7845 7852 7846
f 7853 7854 7848
f 7848 7854 7855
f 7848 7855 7849
f 7856 7857 7858
f 7858 7857 7859
f 7858 7859 7860
f 7860 7859 7861
f 7860 7861 7853
f 7853 7861 7862
f 7853 7862 7854
f 7856 7858 7863
f 7863 7858 7864
f 7863 7864 7865
f 7865 7864 7784
f 7865 7784 7866
f 7866 7784 7783
f 7866 7783 7867
f 7791 7792 7793
f 7793 7792 7868
f 7793 7868 7794
f 7794 7868 7869
f 7794 7869 7796
f 7796 7869 7870
f 7796 7870 7795
f 7795 7870 7871
f 7795 7871 7797
f 7797 7871 7872
f 7797 7872 7799
f 7799 7872 7873
f 7799 7873 7798
f 7798 7873 7874
f 7798 7874 7800
f 7800 7874 7875
f 7800 7875 7802
f 7802 7875 7876
f 7802 7876 7801
f 7801 7876 7877
f 7801 7877 7804
f 7804 7877 7878
f 7804 7878 7803
f 7803 7878 7879
f 7803 7879 7805
f 7805 7879 7880
f 7805 7880 7807
f 7807 7880 7881
f 7807 7881 7806
f 7806 7881 7882
f 7806 7882 7808
f 7808 7882 7883
f 7808 7883 7810
f 7810 7883 7884
f 7810 7884 7809
f 7809 7884 7885
f 7809 7885 7811
f 7811 7885 7886
f 7811 7886 7812
f 7812 7886 7887
f 7812 7887 7813
f 7789 7790 7792
f 7792 7790 7888
f 7792 7888 7868
f 7868 7888 7889
f 7868 7889 7869
f 7869 7889 7890
f 7869 7890 7870
f 7870 7890 7891
f 7870 7891 7871
f 7871 7891 7892
f 7871 7892 7872
f 7872 7892 7893
f 7872 7893 7873
f 7873 7893 7894
f 7873 7894 7874
f 7874 7894 7895
f 7874 7895 7875
f 7875 7895 7896
f 7875 7896 7876
f 7876 7896 7897
f 7876 7897 7877
f 7877 7897 7898
f 7877 7898 7878
f 7878 7898 7899
f 7878 7899 7879
f 7879 7899 7900
f 7879 7900 7880
f 7880 7900 7901
f 7880 7901 7881
f 7881 7901 7902
f 7881 7902 7882
f 7882 7902 7903
f 7882 7903 7883
f 7883 7903 7904
f 7883 7904 7884
f 7884 7904 7905
f 7884 7905 7885
f 7885 7905 7906
f 7885 7906 7886
f 7886 7906 7907
f 7886 7907 7887
f 7787 7788 7790
f 7790 7788 7908
f 7790 7908 7888
f 7888 7908 7909
f 7888 7909 7889
f 7889 7909 7910
f 7889 7910 7890
f 7890 7910 7911
f 7890 7911 7891
f 7891 7911 7912
f 7891 7912 7892
f 7892 7912 7913
f 7892 7913 7893
f 7893 7913 7914
f 7893 7914 7894
f 7894 7914 7915
f 7894 7915 7895
f 7895 7915 7916
f 7895 7916 7896
f 7896 7916 7917
f 7896 7917 7897
f 7897 7917 7918
f 7897 7918 7898
f 7898 7918 7919
f 7898 7919 7899
f 7899 7919 7920
f 7899 7920 7900
f 7900 7920 7921
f 7900 7921 7901
f 7901 7921 7922
f 7901 7922 7902
f 7902 7922 7923
f 7902 7923 7903
f 7903 7923 7924
f 7903 7924 7904
f 7904 7924 7925
f 7904 7925 7905
f 7905 7925 7926
f 7905 7926 7906
f 7906 7926 7927
f 7906 7927 7907
f 7785 7786 7788
f 7788 7786 7928
f 7788 7928 7908
f 7908 7928 7929
f 7908 7929 7909
f 7909 7929 7930
f 7909 7930 7910
f 7910 7930 7931
f 7910 7931 7911
f 7911 7931 7932
f 7911 7932 7912
f 7912 7932 7933
f 7912 7933 7913
f 7913 7933 7934
f 7913 7934 7914
f 7914 7934 7935
f 7914 7935 7915
f 7915 7935 7936
f 7915 7936 7916
f 7916 7936 7937
f 7916 7937 7917
f 7917 7937 7938
f 7917 7938 7918
f 7918 7938 7939
f 7918 7939 7919
f 7919 7939 7940
f 7919 7940 7920
f 7920 7940 7941
f 7920 7941 7921
f 7921 7941 7942
f 7921 7942 7922
f 7922 7942 7943
f 7922 7943 7923
f 7923 7943 7944
f 7923 7944 7924
f 7924 7944 7945
f 7924 7945 7925
f 7925 7945 7946
f 7925 7946 7926
f 7926 7946 7947
f 7926 7947 7927
f 7782 7784 7786
f 7786 7784 7864
f 7786 7864 7928
f 7928 7864 7858
f 7928 7858 7929
f 7929 7858 7860
f 7929 7860 7930
f 7930 7860 7853
f 7930 7853 7931
f 7931 7853 7848
f 7931 7848 7932
f 7932 7848 7850
f 7932 7850 7933
f 7933 7850 7845
f 7933 7845 7934
f 7934 7845 7781
f 7934 7781 7935
f 7935 7781 7780
f 7935 7780 7936
f 7936 7780 7840
f 7936 7840 7937
f 7937 7840 7838
f 7937 7838 7938
f 7938 7838 7835
f 7938 7835 7939
f 7939 7835 7832
f 7939 7832 7940
f 7940 7832 7830
f 7940 7830 7941
f 7941 7830 7827
f 7941 7827 7942
f 7942 7827 7824
f 7942 7824 7943
f 7943 7824 7822
f 7943 7822 7944
f 7944 7822 7819
f 7944 7819 7945
f 7945 7819 7815
f 7945 7815 7946
f 7946 7815 7814
f 7946 7814 7947
f 7948 7949 7950
f 7783 7951 7867
f 7867 7951 7952
f 7952 7951 7953
f 7953 7951 7954
f 7953 7954 7955
f 7955 7954 7956
f 7956 7954 7957
f 7956 7957 7958
f 7958 7957 7959
f 7958 7959 7960
f 7960 7959 7961
f 7961 7959 7962
f 7961 7962 7963
f 7963 7962 7964
f 7964 7962 7965
f 7964 7965 7966
f 7966 7965 7967
f 7966 7967 7968
f 7968 7967 7969
f 7969 7967 7970
f 7969 7970 7971
f 7971 7970 7972
f 7972 7970 7973
f 7972 7973 7974
f 7974 7973 7975
f 7974 7975 7976
f 7948 7977 7949
f 7949 7977 7978
f 7949 7978 7975
f 7975 7978 7979
f 7975 7979 7976
f 7980 7981 7950
f 7950 7981 7982
f 7950 7982 7948
f 7983 7984 7985
f 7985 7984 7986
f 7985 7986 7980
f 7980 7986 7987
f 7980 7987 7981
f 7988 7989 7983
f 7983 7989 7990
f 7983 7990 7984
f 7991 7992 7993
f 7993 7992 7994
f 7993 7994 7995
f 7995 7994 7996
f 7995 7996 7988
f 7988 7996 7997
f 7988 7997 7989
f 7991 7993 7998
f 7998 7993 7999
f 7998 7999 8000
f 8000 7999 8001
f 8000 8001 8002
f 7816 8002 7814
f 7814 8002 8001
f 7814 8001 7947
f 7927 7947 8003
f 7907 7927 8004
f 7887 7907 8005
f 7813 7887 8006
f 7609 7813 8007
f 8008 7611 8007
f 8007 7611 7610
f 8007 7610 7609
f 8009 7614 8010
f 8010 7614 7613
f 8010 7613 8008
f 8008 7613 7612
f 8008 7612 7611
f 8011 7591 8009
f 8009 7591 7615
f 8009 7615 7614
f 8012 7588 8013
f 8013 7588 7589
f 8013 7589 8011
f 8011 7589 7590
f 8011 7590 7591
f 8014 7586 8012
f 8012 7586 7587
f 8012 7587 7588
f 8015 7583 8016
f 8016 7583 7584
f 8016 7584 8014
f 8014 7584 7585
f 8014 7585 7586
f 8017 7648 8018
f 8018 7648 7581
f 8018 7581 8015
f 8015 7581 7582
f 8015 7582 7583
f 8019 7646 8017
f 8017 7646 7647
f 8017 7647 7648
f 8020 7643 8021
f 8021 7643 7644
f 8021 7644 8019
f 8019 7644 7645
f 8019 7645 7646
f 8022 7641 8020
f 8020 7641 7642
f 8020 7642 7643
f 7636 7637 8023
f 8023 7637 7638
f 8023 7638 8024
f 8024 7638 7639
f 8024 7639 8022
f 8022 7639 7640
f 8022 7640 7641
f 7636 8023 7635
f 7635 8023 8025
f 7635 8025 7634
f 7634 8025 8026
f 7634 8026 7633
f 7633 8026 7791
f 7633 7791 7632
f 7813 8006 8007
f 8007 8006 8027
f 8007 8027 8008
f 8008 8027 8028
f 8008 8028 8010
f 8010 8028 8029
f 8010 8029 8009
f 8009 8029 8030
f 8009 8030 8011
f 8011 8030 8031
f 8011 8031 8013
f 8013 8031 8032
f 8013 8032 8012
f 8012 8032 8033
f 8012 8033 8014
f 8014 8033 8034
f 8014 8034 8016
f 8016 8034 8035
f 8016 8035 8015
f 8015 8035 8036
f 8015 8036 8018
f 8018 8036 8037
f 8018 8037 8017
f 8017 8037 8038
f 8017 8038 8019
f 8019 8038 8039
f 8019 8039 8021
f 8021 8039 8040
f 8021 8040 8020
f 8020 8040 8041
f 8020 8041 8022
f 8022 8041 8042
f 8022 8042 8024
f 8024 8042 8043
f 8024 8043 8023
f 8023 8043 8044
f 8023 8044 8025
f 8025 8044 8045
f 8025 8045 8026
f 8026 8045 7789
f 8026 7789 7791
f 7887 8005 8006
f 8006 8005 8046
f 8006 8046 8027
f 8027 8046 8047
f 8027 8047 8028
f 8028 8047 8048
f 8028 8048 8029
f 8029 8048 8049
f 8029 8049 8030
f 8030 8049 8050
f 8030 8050 8031
f 8031 8050 8051
f 8031 8051 8032
f 8032 8051 8052
f 8032 8052 8033
f 8033 8052 8053
f 8033 8053 8034
f 8034 8053 8054
f 8034 8054 8035
f 8035 8054 8055
f 8035 8055 8036
f 8036 8055 8056
f 8036 8056 8037
f 8037 8056 8057
f 8037 8057 8038
f 8038 8057 8058
f 8038 8058 8039
f 8039 8058 8059
f 8039 8059 8040
f 8040 8059 8060
f 8040 8060 8041
f 8041 8060 8061
f 8041 8061 8042
f 8042 8061 8062
f 8042 8062 8043
f 8043 8062 8063
f 8043 8063 8044
f 8044 8063 8064
f 8044 8064 8045
f 8045 8064 7787
f 8045 7787 7789
f 7907 8004 8005
f 8005 8004 8065
f 8005 8065 8046
f 8046 8065 8066
f 8046 8066 8047
f 8047 8066 8067
f 8047 8067 8048
f 8048 8067 8068
f 8048 8068 8049
f 8049 8068 8069
f 8049 8069 8050
f 8050 8069 8070
f 8050 8070 8051
f 8051 8070 8071
f 8051 8071 8052
f 8052 8071 8072
f 8052 8072 8053
f 8053 8072 8073
f 8053 8073 8054
f 8054 8073 8074
f 8054 8074 8055
f 8055 8074 8075
f 8055 8075 8056
f 8056 8075 8076
f 8056 8076 8057
f 8057 8076 8077
f 8057 8077 8058
f 8058 8077 8078
f 8058 8078 8059
f 8059 8078 8079
f 8059 8079 8060
f 8060 8079 8080
f 8060 8080 8061
f 8061 8080 8081
f 8061 8081 8062
f 8062 8081 8082
f 8062 8082 8063
f 8063 8082 8083
f 8063 8083 8064
f 8064 8083 7785
f 8064 7785 7787
f 7927 8003 8004
f 8004 8003 8084
f 8004 8084 8065
f 8065 8084 8085
f 8065 8085 8066
f 8066 8085 8086
f 8066 8086 8067
f 8067 8086 8087
f 8067 8087 8068
f 8068 8087 8088
f 8068 8088 8069
f 8069 8088 8089
f 8069 8089 8070
f 8070 8089 8090
f 8070 8090 8071
f 8071 8090 8091
f 8071 8091 8072
f 8072 8091 8092
f 8072 8092 8073
f 8073 8092 8093
f 8073 8093 8074
f 8074 8093 8094
f 8074 8094 8075
f 8075 8094 8095
f 8075 8095 8076
f 8076 8095 8096
f 8076 8096 8077
f 8077 8096 8097
f 8077 8097 8078
f 8078 8097 8098
f 8078 8098 8079
f 8079 8098 8099
f 8079 8099 8080
f 8080 8099 8100
f 8080 8100 8081
f 8081 8100 8101
f 8081 8101 8082
f 8082 8101 8102
f 8082 8102 8083
f 8083 8102 7782
f 8083 7782 7785
f 7947 8001 8003
f 8003 8001 7999
f 8003 7999 8084
f 8084 7999 7993
f 8084 7993 8085
f 8085 7993 7995
f 8085 7995 8086
f 8086 7995 7988
f 8086 7988 8087
f 8087 7988 7983
f 8087 7983 8088
f 8088 7983 7985
f 8088 7985 8089
f 8089 7985 7980
f 8089 7980 8090
f 8090 7980 7950
f 8090 7950 8091
f 8091 7950 7949
f 8091 7949 8092
f 8092 7949 7975
f 8092 7975 8093
f 8093 7975 7973
f 8093 7973 8094
f 8094 7973 7970
f 8094 7970 8095
f 8095 7970 7967
f 8095 7967 8096
f 8096 7967 7965
f 8096 7965 8097
f 8097 7965 7962
f 8097 7962 8098
f 8098 7962 7959
f 8098 7959 8099
f 8099 7959 7957
f 8099 7957 8100
f 8100 7957 7954
f 8100 7954 8101
f 8101 7954 7951
f 8101 7951 8102
f 8102 7951 7783
f 8102 7783 7782
f 8103 8104 7661
f 8104 8103 8105
f 8105 8103 8106
f 8106 8103 8107
f 8106 8107 8108
f 8108 8107 8109
f 8108 8109 8110
f 8110 8109 8111
f 8110 8111 8112
f 8112 8111 8113
f 8112 8113 8114
f 8114 8113 8115
f 8114 8115 8116
f 8116 8115 8117
f 8116 8117 8118
f 8118 8117 8119
f 8118 8119 8120
f 8120 8119 8121
f 8120 8121 8122
f 8122 8121 8123
f 8122 8123 8124
f 8124 8123 8125
f 8125 8123 8126
f 8125 8126 8127
f 8127 8126 8128
f 8128 8126 8129
f 8128 8129 8130
f 8130 8129 8131
f 8131 8129 8132
f 8131 8132 8133
f 8133 8132 8134
f 8133 8134 8135
f 8135 8134 8136
f 8135 8136 8137
f 8137 8136 8138
f 8137 8138 8139
f 8139 8138 8140
f 8139 8140 8141
f 8141 8140 8142
f 8141 8142 8143
f 8143 8142 8144
f 8143 8144 8145
f 8145 8144 8146
f 8145 8146 8147
f 8147 8146 8148
f 8147 8148 8149
f 8149 8148 8150
f 8149 8150 8151
f 7703 7705 8152
f 7661 7663 8103
f 8103 7663 7665
f 8103 7665 8107
f 8107 7665 7667
f 8107 7667 8109
f 8109 7667 7669
f 8109 7669 8111
f 8111 7669 7670
f 8111 7670 8113
f 8113 7670 7672
f 8113 7672 8115
f 8115 7672 7674
f 8115 7674 8117
f 8117 7674 7676
f 8117 7676 8119
f 8119 7676 7678
f 8119 7678 8121
f 8121 7678 7680
f 8121 7680 8123
f 8123 7680 7682
f 8123 7682 8126
f 8126 7682 7684
f 8126 7684 8129
f 8129 7684 7686
f 8129 7686 8132
f 8132 7686 7688
f 8132 7688 8134
f 8134 7688 7690
f 8134 7690 8136
f 8136 7690 7692
f 8136 7692 8138
f 8138 7692 7694
f 8138 7694 8140
f 8140 7694 7695
f 8140 7695 8142
f 8142 7695 7697
f 8142 7697 8144
f 8144 7697 7699
f 8144 7699 8146
f 8146 7699 7701
f 8146 7701 8148
f 8148 7701 7703
f 8148 7703 8150
f 8150 7703 8152
f 8150 8152 8151
f 8151 8152 8153
f 8153 8152 8154
f 8153 8154 8155
f 8155 8154 8156
f 8155 8156 8157
f 8157 8156 8158
f 8157 8158 8159
f 8159 8158 8160
f 8159 8160 8161
f 8161 8160 8162
f 8161 8162 8163
f 8163 8162 8164
f 8163 8164 8165
f 8165 8164 8166
f 8165 8166 8167
f 8167 8166 8168
f 8167 8168 8169
f 8169 8168 8170
f 8169 8170 8171
f 8171 8170 8172
f 8171 8172 8173
f 8173 8172 8174
f 8174 8172 8175
f 8174 8175 8176
f 8176 8175 8177
f 8177 8175 8178
f 8177 8178 8179
f 8179 8178 8180
f 8180 8178 8181
f 8180 8181 8182
f 8182 8181 8183
f 8182 8183 8184
f 8184 8183 8185
f 8184 8185 8186
f 8186 8185 8187
f 8186 8187 8188
f 8188 8187 8189
f 8188 8189 8190
f 8190 8189 8191
f 8190 8191 8192
f 8192 8191 8193
f 8192 8193 8194
f 8194 8193 8195
f 8194 8195 8196
f 8196 8195 8197
f 8196 8197 8198
f 8198 8197 8199
f 8198 8199 8200
f 7759 7661 8104
f 8105 8200 8104
f 8104 8200 8199
f 8104 8199 7759
f 7759 8199 8197
f 7759 8197 7757
f 7757 8197 8195
f 7757 8195 7755
f 7755 8195 8193
f 7755 8193 7753
f 7753 8193 8191
f 7753 8191 7751
f 7751 8191 8189
f 7751 8189 7750
f 7750 8189 8187
f 7750 8187 7748
f 7748 8187 8185
f 7748 8185 7746
f 7746 8185 8183
f 7746 8183 7744
f 7744 8183 8181
f 7744 8181 7742
f 7742 8181 8178
f 7742 8178 7740
f 7740 8178 8175
f 7740 8175 7738
f 7738 8175 8172
f 7738 8172 7736
f 7736 8172 8170
f 7736 8170 7734
f 7734 8170 8168
f 7734 8168 7732
f 7732 8168 8166
f 7732 8166 7730
f 7730 8166 8164
f 7730 8164 7728
f 7728 8164 8162
f 7728 8162 7726
f 7726 8162 8160
f 7726 8160 7725
f 7725 8160 8158
f 7725 8158 7723
f 7723 8158 8156
f 7723 8156 7721
f 7721 8156 8154
f 7721 8154 7719
f 7719 8154 8152
f 7719 8152 7705
f 7978 7977 8201
f 8201 7977 8202
f 7843 8203 8204
f 8202 7977 8205
f 8205 7977 7948
f 8205 7948 8206
f 8206 7948 7982
f 8206 7982 8207
f 8207 7982 7981
f 8207 7981 8208
f 8208 7981 7987
f 8208 7987 8209
f 8209 7987 7986
f 8209 7986 8210
f 8210 7986 7984
f 8210 7984 8211
f 8211 7984 7990
f 8211 7990 8212
f 8212 7990 7989
f 8212 7989 8213
f 8213 7989 7997
f 8213 7997 8214
f 8214 7997 7996
f 8214 7996 8215
f 8215 7996 7994
f 8215 7994 8216
f 8216 7994 7992
f 8216 7992 8217
f 8217 7992 7991
f 8217 7991 8218
f 8218 7991 7998
f 8218 7998 8219
f 8219 7998 8000
f 8219 8000 8220
f 8220 8000 8002
f 8220 8002 8221
f 8221 8002 7816
f 8221 7816 8222
f 8222 7816 7817
f 8222 7817 8223
f 8223 7817 7818
f 8223 7818 8224
f 8224 7818 7820
f 8224 7820 8225
f 8225 7820 7821
f 8225 7821 8226
f 8226 7821 7823
f 8226 7823 8227
f 8227 7823 7825
f 8227 7825 8228
f 8228 7825 7826
f 8228 7826 8229
f 8229 7826 7828
f 8229 7828 8230
f 8230 7828 7829
f 8230 7829 8231
f 8231 7829 7831
f 8231 7831 8232
f 8232 7831 7833
f 8232 7833 8233
f 8233 7833 7834
f 8233 7834 8234
f 8234 7834 7836
f 8234 7836 8235
f 8235 7836 7837
f 8235 7837 8236
f 8236 7837 7839
f 8236 7839 8237
f 8237 7839 7841
f 8237 7841 8204
f 8204 7841 7844
f 8204 7844 7843
f 7843 7842 8203
f 8203 7842 8238
f 7978 8201 8239
f 8238 7842 8240
f 8240 7842 7779
f 8240 7779 8241
f 8241 7779 7847
f 8241 7847 8242
f 8242 7847 7846
f 8242 7846 8243
f 8243 7846 7852
f 8243 7852 8244
f 8244 7852 7851
f 8244 7851 8245
f 8245 7851 7849
f 8245 7849 8246
f 8246 7849 7855
f 8246 7855 8247
f 8247 7855 7854
f 8247 7854 8248
f 8248 7854 7862
f 8248 7862 8249
f 8249 7862 7861
f 8249 7861 8250
f 8250 7861 7859
f 8250 7859 8251
f 8251 7859 7857
f 8251 7857 8252
f 8252 7857 7856
f 8252 7856 8253
f 8253 7856 7863
f 8253 7863 8254
f 8254 7863 7865
f 8254 7865 8255
f 8255 7865 7866
f 8255 7866 8256
f 8256 7866 7867
f 8256 7867 8257
f 8257 7867 7952
f 8257 7952 8258
f 8258 7952 7953
f 8258 7953 8259
f 8259 7953 7955
f 8259 7955 8260
f 8260 7955 7956
f 8260 7956 8261
f 8261 7956 7958
f 8261 7958 8262
f 8262 7958 7960
f 8262 7960 8263
f 8263 7960 7961
f 8263 7961 8264
f 8264 7961 7963
f 8264 7963 8265
f 8265 7963 7964
f 8265 7964 8266
f 8266 7964 7966
f 8266 7966 8267
f 8267 7966 7968
f 8267 7968 8268
f 8268 7968 7969
f 8268 7969 8269
f 8269 7969 7971
f 8269 7971 8270
f 8270 7971 7972
f 8270 7972 8271
f 8271 7972 7974
f 8271 7974 8272
f 8272 7974 7976
f 8272 7976 8239
f 8239 7976 7979
f 8239 7979 7978
f 8273 8274 8105
f 8105 8106 8273
f 8273 8106 8108
f 8273 8108 8275
f 8275 8108 8110
f 8275 8110 8276
f 8276 8110 8112
f 8276 8112 8277
f 8277 8112 8114
f 8277 8114 8278
f 8278 8114 8116
f 8278 8116 8279
f 8279 8116 8118
f 8279 8118 8280
f 8280 8118 8120
f 8280 8120 8281
f 8281 8120 8122
f 8281 8122 8282
f 8282 8122 8124
f 8282 8124 8283
f 8283 8124 8125
f 8283 8125 8284
f 8284 8125 8285
f 8285 8125 8127
f 8285 8127 8286
f 8286 8127 8128
f 8286 8128 8287
f 8287 8128 8130
f 8287 8130 8288
f 8130 8131 8288
f 8288 8131 8133
f 8288 8133 8289
f 8289 8133 8135
f 8289 8135 8290
f 8290 8135 8137
f 8290 8137 8291
f 8291 8137 8139
f 8291 8139 8292
f 8292 8139 8141
f 8292 8141 8293
f 8293 8141 8143
f 8293 8143 8294
f 8294 8143 8145
f 8294 8145 8295
f 8295 8145 8147
f 8295 8147 8296
f 8296 8147 8149
f 8296 8149 8297
f 8297 8149 8151
f 8297 8151 8298
f 8298 8151 8153
f 8298 8153 8299
f 8299 8153 8155
f 8299 8155 8300
f 8300 8155 8157
f 8300 8157 8301
f 8301 8157 8159
f 8301 8159 8302
f 8302 8159 8161
f 8302 8161 8303
f 8303 8161 8163
f 8303 8163 8304
f 8304 8163 8165
f 8304 8165 8305
f 8305 8165 8167
f 8305 8167 8306
f 8306 8167 8169
f 8306 8169 8307
f 8307 8169 8171
f 8307 8171 8308
f 8308 8171 8173
f 8308 8173 8309
f 8309 8173 8174
f 8309 8174 8310
f 8310 8174 8311
f 8311 8174 8176
f 8311 8176 8312
f 8312 8176 8177
f 8312 8177 8313
f 8313 8177 8179
f 8313 8179 8314
f 8179 8180 8314
f 8314 8180 8182
f 8314 8182 8315
f 8315 8182 8184
f 8315 8184 8316
f 8316 8184 8186
f 8316 8186 8317
f 8317 8186 8188
f 8317 8188 8318
f 8318 8188 8190
f 8318 8190 8319
f 8319 8190 8192
f 8319 8192 8320
f 8320 8192 8194
f 8320 8194 8321
f 8321 8194 8196
f 8321 8196 8322
f 8322 8196 8198
f 8322 8198 8323
f 8323 8198 8200
f 8323 8200 8324
f 8324 8200 8105
f 8324 8105 8274
f 8221 8325 8326
f 8327 8256 8328
f 8328 8256 8257
f 8328 8257 8329
f 8329 8257 8258
f 8329 8258 8330
f 8330 8258 8259
f 8330 8259 8331
f 8331 8259 8260
f 8265 8332 8333
f 8260 8261 8331
f 8331 8261 8262
f 8331 8262 8334
f 8334 8262 8263
f 8334 8263 8333
f 8333 8263 8264
f 8333 8264 8265
f 8270 8335 8336
f 8265 8266 8332
f 8332 8266 8267
f 8332 8267 8337
f 8337 8267 8268
f 8337 8268 8336
f 8336 8268 8269
f 8336 8269 8270
f 8202 8338 8201
f 8201 8338 8339
f 8201 8339 8239
f 8239 8339 8340
f 8239 8340 8272
f 8272 8340 8335
f 8272 8335 8271
f 8271 8335 8270
f 8209 8341 8342
f 8202 8205 8338
f 8338 8205 8206
f 8338 8206 8343
f 8343 8206 8207
f 8343 8207 8342
f 8342 8207 8208
f 8342 8208 8209
f 8214 8344 8345
f 8209 8210 8341
f 8341 8210 8211
f 8341 8211 8346
f 8346 8211 8212
f 8346 8212 8345
f 8345 8212 8213
f 8345 8213 8214
f 8214 8215 8344
f 8344 8215 8216
f 8344 8216 8347
f 8347 8216 8217
f 8347 8217 8348
f 8217 8218 8348
f 8348 8218 8219
f 8348 8219 8326
f 8326 8219 8220
f 8326 8220 8221
f 8256 8327 8349
f 8350 8254 8349
f 8349 8254 8255
f 8349 8255 8256
f 8351 8251 8352
f 8352 8251 8252
f 8352 8252 8350
f 8350 8252 8253
f 8350 8253 8254
f 8353 8249 8351
f 8351 8249 8250
f 8351 8250 8251
f 8354 8246 8355
f 8355 8246 8247
f 8355 8247 8353
f 8353 8247 8248
f 8353 8248 8249
f 8356 8244 8354
f 8354 8244 8245
f 8354 8245 8246
f 8238 8240 8357
f 8357 8240 8241
f 8357 8241 8358
f 8358 8241 8242
f 8358 8242 8356
f 8356 8242 8243
f 8356 8243 8244
f 8238 8357 8203
f 8203 8357 8359
f 8203 8359 8204
f 8204 8359 8360
f 8204 8360 8237
f 8237 8360 8361
f 8237 8361 8236
f 8236 8361 8235
f 8235 8361 8362
f 8235 8362 8234
f 8234 8362 8233
f 8233 8362 8363
f 8233 8363 8232
f 8232 8363 8364
f 8232 8364 8231
f 8231 8364 8230
f 8230 8364 8365
f 8230 8365 8229
f 8229 8365 8228
f 8228 8365 8366
f 8228 8366 8227
f 8227 8366 8367
f 8227 8367 8226
f 8325 8221 8368
f 8368 8221 8222
f 8368 8222 8369
f 8369 8222 8223
f 8369 8223 8370
f 8370 8223 8224
f 8370 8224 8367
f 8367 8224 8225
f 8367 8225 8226
f 8371 8372 8373
f 8371 8373 8374
f 8374 8373 8375
f 8374 8375 8376
f 8376 8375 8377
f 8376 8377 8378
f 8378 8377 8379
f 8378 8379 8380
f 8380 8379 8381
f 8381 8379 8382
f 8381 8382 8383
f 8383 8382 8384
f 8383 8384 8385
f 8385 8384 8386
f 8385 8386 8387
f 8387 8386 8388
f 8387 8388 8389
f 8389 8388 8390
f 8389 8390 8391
f 8391 8390 8392
f 8391 8392 8393
f 8393 8392 8394
f 8393 8394 8395
f 8395 8394 8396
f 8395 8396 8397
f 8397 8396 8398
f 8397 8398 8399
f 8399 8398 8400
f 8399 8400 8401
f 8401 8400 8402
f 8401 8402 8403
f 8403 8402 8404
f 8403 8404 8405
f 8405 8404 8406
f 8406 8404 8407
f 8406 8407 8408
f 8408 8407 8409
f 8408 8409 8410
f 8410 8409 8411
f 8410 8411 8412
f 8412 8411 8413
f 8412 8413 8414
f 8415 8414 8416
f 8416 8414 8413
f 8416 8413 8417
f 8339 8417 8340
f 8340 8417 8418
f 8340 8418 8335
f 8335 8418 8419
f 8335 8419 8336
f 8336 8419 8420
f 8336 8420 8337
f 8337 8420 8421
f 8337 8421 8332
f 8332 8421 8422
f 8332 8422 8333
f 8333 8422 8423
f 8333 8423 8334
f 8334 8423 8424
f 8334 8424 8331
f 8331 8424 8425
f 8331 8425 8330
f 8330 8425 8426
f 8330 8426 8329
f 8329 8426 8427
f 8329 8427 8328
f 8328 8427 8327
f 8327 8427 8428
f 8327 8428 8349
f 8349 8428 8429
f 8349 8429 8350
f 8350 8429 8430
f 8350 8430 8352
f 8352 8430 8431
f 8352 8431 8351
f 8351 8431 8432
f 8351 8432 8353
f 8353 8432 8433
f 8353 8433 8355
f 8355 8433 8434
f 8355 8434 8354
f 8354 8434 8435
f 8354 8435 8356
f 8356 8435 8436
f 8356 8436 8358
f 8358 8436 8437
f 8358 8437 8357
f 8357 8437 8438
f 8357 8438 8359
f 8417 8413 8418
f 8418 8413 8411
f 8418 8411 8419
f 8419 8411 8409
f 8419 8409 8420
f 8420 8409 8407
f 8420 8407 8421
f 8421 8407 8404
f 8421 8404 8422
f 8422 8404 8402
f 8422 8402 8423
f 8423 8402 8400
f 8423 8400 8424
f 8424 8400 8398
f 8424 8398 8425
f 8425 8398 8396
f 8425 8396 8426
f 8426 8396 8394
f 8426 8394 8427
f 8427 8394 8392
f 8427 8392 8428
f 8428 8392 8390
f 8428 8390 8429
f 8429 8390 8388
f 8429 8388 8430
f 8430 8388 8386
f 8430 8386 8431
f 8431 8386 8384
f 8431 8384 8432
f 8432 8384 8382
f 8432 8382 8433
f 8433 8382 8379
f 8433 8379 8434
f 8434 8379 8377
f 8434 8377 8435
f 8435 8377 8375
f 8435 8375 8436
f 8436 8375 8373
f 8436 8373 8437
f 8437 8373 8372
f 8437 8372 8438
f 8439 8440 8274
f 8274 8273 8439
f 8439 8273 8275
f 8439 8275 8441
f 8441 8275 8276
f 8441 8276 8442
f 8442 8276 8277
f 8442 8277 8443
f 8443 8277 8278
f 8443 8278 8444
f 8444 8278 8279
f 8444 8279 8445
f 8445 8279 8280
f 8445 8280 8446
f 8446 8280 8281
f 8446 8281 8447
f 8447 8281 8282
f 8447 8282 8448
f 8448 8282 8283
f 8448 8283 8449
f 8449 8283 8284
f 8449 8284 8450
f 8450 8284 8285
f 8450 8285 8451
f 8451 8285 8452
f 8452 8285 8286
f 8452 8286 8453
f 8286 8287 8453
f 8453 8287 8288
f 8453 8288 8454
f 8454 8288 8289
f 8454 8289 8455
f 8455 8289 8290
f 8455 8290 8456
f 8456 8290 8291
f 8456 8291 8457
f 8457 8291 8292
f 8457 8292 8458
f 8458 8292 8293
f 8458 8293 8459
f 8459 8293 8294
f 8459 8294 8460
f 8460 8294 8295
f 8460 8295 8461
f 8461 8295 8296
f 8461 8296 8462
f 8462 8296 8297
f 8462 8297 8463
f 8463 8297 8298
f 8463 8298 8464
f 8464 8298 8299
f 8464 8299 8465
f 8465 8299 8300
f 8465 8300 8466
f 8466 8300 8301
f 8466 8301 8467
f 8467 8301 8302
f 8467 8302 8468
f 8468 8302 8303
f 8468 8303 8469
f 8469 8303 8304
f 8469 8304 8470
f 8470 8304 8305
f 8470 8305 8471
f 8471 8305 8306
f 8471 8306 8472
f 8472 8306 8307
f 8472 8307 8473
f 8473 8307 8308
f 8473 8308 8474
f 8474 8308 8309
f 8474 8309 8475
f 8475 8309 8310
f 8475 8310 8476
f 8476 8310 8311
f 8476 8311 8477
f 8477 8311 8478
f 8478 8311 8312
f 8478 8312 8479
f 8312 8313 8479
f 8479 8313 8314
f 8479 8314 8480
f 8480 8314 8315
f 8480 8315 8481
f 8481 8315 8316
f 8481 8316 8482
f 8482 8316 8317
f 8482 8317 8483
f 8483 8317 8318
f 8483 8318 8484
f 8484 8318 8319
f 8484 8319 8485
f 8485 8319 8320
f 8485 8320 8486
f 8486 8320 8321
f 8486 8321 8487
f 8487 8321 8322
f 8487 8322 8488
f 8488 8322 8323
f 8488 8323 8489
f 8489 8323 8324
f 8489 8324 8490
f 8490 8324 8274
f 8490 8274 8440
f 8359 8438 8360
f 8360 8438 8491
f 8360 8491 8361
f 8361 8491 8492
f 8361 8492 8362
f 8362 8492 8493
f 8362 8493 8363
f 8363 8493 8494
f 8363 8494 8364
f 8364 8494 8495
f 8364 8495 8365
f 8365 8495 8496
f 8365 8496 8366
f 8366 8496 8497
f 8366 8497 8367
f 8367 8497 8498
f 8367 8498 8370
f 8370 8498 8499
f 8370 8499 8369
f 8369 8499 8500
f 8369 8500 8368
f 8368 8500 8325
f 8325 8500 8501
f 8325 8501 8326
f 8326 8501 8502
f 8326 8502 8348
f 8348 8502 8503
f 8348 8503 8347
f 8347 8503 8504
f 8347 8504 8344
f 8344 8504 8505
f 8344 8505 8345
f 8345 8505 8506
f 8345 8506 8346
f 8346 8506 8507
f 8346 8507 8341
f 8341 8507 8508
f 8341 8508 8342
f 8342 8508 8509
f 8342 8509 8343
f 8343 8509 8510
f 8343 8510 8338
f 8338 8510 8417
f 8338 8417 8339
f 8511 8415 8416
f 8416 8512 8511
f 8511 8512 8513
f 8511 8513 8514
f 8514 8513 8515
f 8514 8515 8516
f 8516 8515 8517
f 8516 8517 8518
f 8518 8517 8519
f 8519 8517 8520
f 8519 8520 8521
f 8521 8520 8522
f 8521 8522 8523
f 8523 8522 8524
f 8523 8524 8525
f 8525 8524 8526
f 8525 8526 8527
f 8527 8526 8528
f 8527 8528 8529
f 8529 8528 8530
f 8529 8530 8531
f 8531 8530 8532
f 8531 8532 8533
f 8533 8532 8534
f 8533 8534 8535
f 8535 8534 8536
f 8535 8536 8537
f 8537 8536 8538
f 8537 8538 8539
f 8539 8538 8540
f 8539 8540 8541
f 8541 8540 8542
f 8541 8542 8543
f 8543 8542 8544
f 8544 8542 8545
f 8544 8545 8546
f 8546 8545 8547
f 8546 8547 8548
f 8548 8547 8549
f 8548 8549 8550
f 8550 8549 8551
f 8550 8551 8552
f 8371 8552 8372
f 8372 8552 8551
f 8372 8551 8438
f 8438 8551 8491
f 8491 8551 8549
f 8491 8549 8492
f 8492 8549 8547
f 8492 8547 8493
f 8493 8547 8545
f 8493 8545 8494
f 8494 8545 8542
f 8494 8542 8495
f 8495 8542 8540
f 8495 8540 8496
f 8496 8540 8538
f 8496 8538 8497
f 8497 8538 8536
f 8497 8536 8498
f 8498 8536 8534
f 8498 8534 8499
f 8499 8534 8532
f 8499 8532 8500
f 8500 8532 8530
f 8500 8530 8501
f 8501 8530 8528
f 8501 8528 8502
f 8502 8528 8526
f 8502 8526 8503
f 8503 8526 8524
f 8503 8524 8504
f 8504 8524 8522
f 8504 8522 8505
f 8505 8522 8520
f 8505 8520 8506
f 8506 8520 8517
f 8506 8517 8507
f 8507 8517 8515
f 8507 8515 8508
f 8508 8515 8513
f 8508 8513 8509
f 8509 8513 8512
f 8509 8512 8510
f 8510 8512 8416
f 8510 8416 8417
f 8553 8554 8555
f 8556 8557 8558
f 8414 8415 8556
f 8556 8559 8414
f 8414 8559 8560
f 8414 8560 8412
f 8412 8560 8561
f 8412 8561 8410
f 8410 8561 8562
f 8410 8562 8408
f 8408 8562 8563
f 8408 8563 8406
f 8406 8563 8564
f 8406 8564 8405
f 8405 8564 8565
f 8405 8565 8403
f 8403 8565 8566
f 8403 8566 8401
f 8401 8566 8567
f 8401 8567 8399
f 8399 8567 8568
f 8399 8568 8397
f 8397 8568 8569
f 8397 8569 8395
f 8395 8570 8393
f 8393 8570 8571
f 8393 8571 8391
f 8391 8571 8572
f 8391 8572 8389
f 8389 8572 8573
f 8389 8573 8387
f 8387 8573 8574
f 8387 8574 8385
f 8385 8574 8575
f 8385 8575 8383
f 8383 8575 8576
f 8383 8576 8381
f 8381 8576 8577
f 8381 8577 8380
f 8380 8577 8578
f 8380 8578 8378
f 8378 8578 8579
f 8378 8579 8376
f 8376 8579 8555
f 8376 8555 8374
f 8374 8555 8554
f 8374 8554 8371
f 8553 8555 8580
f 8580 8555 8579
f 8580 8579 8581
f 8581 8579 8578
f 8581 8578 8582
f 8582 8578 8577
f 8582 8577 8583
f 8583 8577 8576
f 8583 8576 8584
f 8584 8576 8575
f 8584 8575 8585
f 8585 8575 8574
f 8585 8574 8586
f 8586 8574 8573
f 8586 8573 8587
f 8587 8573 8572
f 8587 8572 8588
f 8588 8572 8571
f 8588 8571 8589
f 8589 8571 8590
f 8590 8571 8570
f 8590 8570 8591
f 8395 8569 8570
f 8570 8569 8592
f 8570 8592 8591
f 8556 8558 8559
f 8559 8558 8593
f 8559 8593 8560
f 8560 8593 8594
f 8560 8594 8561
f 8561 8594 8595
f 8561 8595 8562
f 8562 8595 8596
f 8562 8596 8563
f 8563 8596 8597
f 8563 8597 8564
f 8564 8597 8598
f 8564 8598 8565
f 8565 8598 8599
f 8565 8599 8566
f 8566 8599 8600
f 8566 8600 8567
f 8567 8600 8601
f 8567 8601 8568
f 8568 8601 8602
f 8568 8602 8569
f 8569 8602 8603
f 8569 8603 8592
f 8604 8605 8606
f 8607 8608 8440
f 8604 8606 8609
f 8609 8606 8610
f 8609 8610 8611
f 8611 8610 8612
f 8611 8612 8613
f 8613 8612 8614
f 8613 8614 8615
f 8615 8614 8616
f 8615 8616 8617
f 8617 8616 8618
f 8617 8618 8619
f 8619 8618 8620
f 8619 8620 8621
f 8621 8620 8622
f 8621 8622 8623
f 8623 8622 8624
f 8623 8624 8625
f 8625 8624 8626
f 8625 8626 8627
f 8627 8626 8628
f 8627 8628 8629
f 8629 8628 8630
f 8630 8628 8631
f 8630 8631 8632
f 8632 8631 8633
f 8633 8631 8634
f 8633 8634 8635
f 8636 8637 8638
f 8638 8637 8639
f 8638 8639 8634
f 8634 8639 8640
f 8634 8640 8635
f 8638 8641 8636
f 8636 8641 8642
f 8636 8642 8643
f 8643 8642 8644
f 8643 8644 8645
f 8645 8644 8646
f 8645 8646 8647
f 8647 8646 8648
f 8647 8648 8649
f 8649 8648 8650
f 8649 8650 8651
f 8651 8650 8652
f 8651 8652 8653
f 8653 8652 8654
f 8653 8654 8655
f 8655 8654 8656
f 8655 8656 8657
f 8657 8656 8658
f 8657 8658 8659
f 8659 8658 8660
f 8659 8660 8661
f 8662 8661 8663
f 8663 8661 8660
f 8663 8660 8664
f 8464 8465 8664
f 8440 8439 8607
f 8607 8439 8441
f 8607 8441 8665
f 8665 8441 8442
f 8665 8442 8666
f 8666 8442 8443
f 8666 8443 8667
f 8667 8443 8444
f 8667 8444 8668
f 8668 8444 8445
f 8668 8445 8669
f 8669 8445 8446
f 8669 8446 8670
f 8670 8446 8447
f 8670 8447 8671
f 8671 8447 8448
f 8671 8448 8672
f 8672 8448 8449
f 8672 8449 8673
f 8673 8449 8450
f 8673 8450 8674
f 8674 8450 8451
f 8674 8451 8675
f 8675 8451 8452
f 8675 8452 8676
f 8676 8452 8453
f 8676 8453 8677
f 8677 8453 8454
f 8677 8454 8678
f 8678 8454 8455
f 8678 8455 8679
f 8679 8455 8456
f 8679 8456 8680
f 8680 8456 8457
f 8680 8457 8681
f 8681 8457 8458
f 8681 8458 8682
f 8682 8458 8459
f 8682 8459 8683
f 8683 8459 8460
f 8683 8460 8684
f 8684 8460 8461
f 8684 8461 8685
f 8685 8461 8462
f 8685 8462 8686
f 8686 8462 8463
f 8686 8463 8687
f 8687 8463 8464
f 8687 8464 8688
f 8688 8464 8664
f 8664 8660 8688
f 8688 8660 8658
f 8688 8658 8687
f 8687 8658 8656
f 8687 8656 8686
f 8686 8656 8654
f 8686 8654 8685
f 8685 8654 8652
f 8685 8652 8684
f 8684 8652 8650
f 8684 8650 8683
f 8683 8650 8648
f 8683 8648 8682
f 8682 8648 8646
f 8682 8646 8681
f 8681 8646 8644
f 8681 8644 8680
f 8680 8644 8642
f 8680 8642 8679
f 8679 8642 8641
f 8679 8641 8678
f 8678 8641 8638
f 8678 8638 8677
f 8677 8638 8634
f 8677 8634 8676
f 8676 8634 8631
f 8676 8631 8675
f 8675 8631 8628
f 8675 8628 8674
f 8674 8628 8626
f 8674 8626 8673
f 8673 8626 8624
f 8673 8624 8672
f 8672 8624 8622
f 8672 8622 8671
f 8671 8622 8620
f 8671 8620 8670
f 8670 8620 8618
f 8670 8618 8669
f 8669 8618 8616
f 8669 8616 8668
f 8668 8616 8614
f 8668 8614 8667
f 8667 8614 8612
f 8667 8612 8666
f 8666 8612 8610
f 8666 8610 8665
f 8665 8610 8606
f 8665 8606 8607
f 8607 8606 8605
f 8607 8605 8608
f 8689 8690 8691
f 8692 8693 8691
f 8691 8693 8694
f 8691 8694 8689
f 8695 8696 8692
f 8692 8696 8693
f 8696 8695 8697
f 8697 8695 8698
f 8697 8698 8699
f 8699 8698 8700
f 8701 8702 8703
f 8704 8705 8703
f 8703 8705 8706
f 8703 8706 8701
f 8707 8708 8704
f 8704 8708 8705
f 8708 8707 8709
f 8709 8707 8710
f 8709 8710 8711
f 8711 8710 8712
f 8713 8714 8715
f 8716 8717 8715
f 8715 8717 8718
f 8715 8718 8713
f 8719 8720 8716
f 8716 8720 8717
f 8720 8719 8721
f 8721 8719 8722
f 8721 8722 8723
f 8723 8722 8724
f 8725 8726 8727
f 8728 8729 8727
f 8727 8729 8730
f 8727 8730 8725
f 8731 8732 8728
f 8728 8732 8729
f 8732 8731 8733
f 8733 8731 8734
f 8733 8734 8735
f 8735 8734 8736
f 8737 8738 8739
f 8740 8741 8739
f 8739 8741 8742
f 8739 8742 8737
f 8743 8744 8740
f 8740 8744 8741
f 8744 8743 8745
f 8745 8743 8746
f 8745 8746 8747
f 8747 8746 8748
f 8749 8750 8751
f 8752 8753 8751
f 8751 8753 8754
f 8751 8754 8749
f 8755 8756 8752
f 8752 8756 8753
f 8756 8755 8757
f 8757 8755 8758
f 8757 8758 8759
f 8759 8758 8760
f 8761 8762 8763
f 8764 8765 8763
f 8763 8765 8766
f 8763 8766 8761
f 8767 8768 8764
f 8764 8768 8765
f 8768 8767 8769
f 8769 8767 8770
f 8769 8770 8771
f 8771 8770 8772
f 8773 8774 8775
f 8776 8777 8775
f 8775 8777 8778
f 8775 8778 8773
f 8779 8780 8776
f 8776 8780 8777
f 8780 8779 8781
f 8781 8779 8782
f 8781 8782 8783
f 8783 8782 8784
f 8785 8786 8787
f 8788 8789 8787
f 8787 8789 8790
f 8787 8790 8785
f 8791 8792 8788
f 8788 8792 8789
f 8792 8791 8793
f 8793 8791 8794
f 8793 8794 8795
f 8795 8794 8796
f 8797 8798 8799
f 8800 8801 8799
f 8799 8801 8802
f 8799 8802 8797
f 8803 8804 8800
f 8800 8804 8801
f 8804 8803 8805
f 8805 8803 8806
f 8805 8806 8807
f 8807 8806 8808
f 8809 8810 8811
f 8812 8813 8811
f 8811 8813 8814
f 8811 8814 8809
f 8815 8816 8812
f 8812 8816 8813
f 8816 8815 8817
f 8817 8815 8818
f 8817 8818 8819
f 8819 8818 8820
f 8821 8822 8823
f 8824 8825 8823
f 8823 8825 8826
f 8823 8826 8821
f 8827 8828 8824
f 8824 8828 8825
f 8828 8827 8829
f 8829 8827 8830
f 8829 8830 8831
f 8831 8830 8832
f 8833 8834 8835
f 8836 8837 8835
f 8835 8837 8838
f 8835 8838 8833
f 8839 8840 8836
f 8836 8840 8837
f 8840 8839 8841
f 8841 8839 8842
f 8841 8842 8843
f 8843 8842 8844
f 8845 8846 8847
f 8848 8849 8847
f 8847 8849 8850
f 8847 8850 8845
f 8851 8852 8848
f 8848 8852 8849
f 8852 8851 8853
f 8853 8851 8854
f 8853 8854 8855
f 8855 8854 8856
f 8857 8858 8859
f 8860 8861 8859
f 8859 8861 8862
f 8859 8862 8857
f 8863 8864 8860
f 8860 8864 8861
f 8864 8863 8865
f 8865 8863 8866
f 8865 8866 8867
f 8867 8866 8868
f 8869 8870 8871
f 8872 8873 8871
f 8871 8873 8874
f 8871 8874 8869
f 8875 8876 8872
f 8872 8876 8873
f 8876 8875 8877
f 8877 8875 8878
f 8877 8878 8879
f 8879 8878 8880
f 8881 8882 8883
f 8884 8885 8883
f 8883 8885 8886
f 8883 8886 8881
f 8887 8888 8884
f 8884 8888 8885
f 8888 8887 8889
f 8889 8887 8890
f 8889 8890 8891
f 8891 8890 8892
f 8893 8894 8895
f 8896 8897 8895
f 8895 8897 8898
f 8895 8898 8893
f 8899 8900 8896
f 8896 8900 8897
f 8900 8899 8901
f 8901 8899 8902
f 8901 8902 8903
f 8903 8902 8904
f 8905 8906 8907
f 8908 8909 8907
f 8907 8909 8910
f 8907 8910 8905
f 8911 8912 8908
f 8908 8912 8909
f 8912 8911 8913
f 8913 8911 8914
f 8913 8914 8915
f 8915 8914 8916
f 8917 8918 8919
f 8920 8921 8919
f 8919 8921 8922
f 8919 8922 8917
f 8923 8924 8920
f 8920 8924 8921
f 8924 8923 8925
f 8925 8923 8926
f 8925 8926 8927
f 8927 8926 8928
f 8929 8930 8931
f 8932 8933 8931
f 8931 8933 8934
f 8931 8934 8929
f 8935 8936 8932
f 8932 8936 8933
f 8936 8935 8937
f 8937 8935 8938
f 8937 8938 8939
f 8939 8938 8940
f 8941 8942 8943
f 8944 8945 8943
f 8943 8945 8946
f 8943 8946 8941
f 8947 8948 8944
f 8944 8948 8945
f 8948 8947 8949
f 8949 8947 8950
f 8949 8950 8951
f 8951 8950 8952
f 8953 8954 8955
f 8956 8957 8955
f 8955 8957 8958
f 8955 8958 8953
f 8959 8960 8956
f 8956 8960 8957
f 8960 8959 8961
f 8961 8959 8962
f 8961 8962 8963
f 8963 8962 8964
f 8965 8966 8967
f 8968 8969 8967
f 8967 8969 8970
f 8967 8970 8965
f 8971 8972 8968
f 8968 8972 8969
f 8972 8971 8973
f 8973 8971 8974
f 8973 8974 8975
f 8975 8974 8976
f 8977 8978 8979
f 8980 8981 8979
f 8979 8981 8982
f 8979 8982 8977
f 8983 8984 8980
f 8980 8984 8981
f 8984 8983 8985
f 8985 8983 8986
f 8985 8986 8987
f 8987 8986 8988
f 8989 8990 8991
f 8992 8993 8991
f 8991 8993 8994
f 8991 8994 8989
f 8995 8996 8992
f 8992 8996 8993
f 8996 8995 8997
f 8997 8995 8998
f 8997 8998 8999
f 8999 8998 9000
f 9001 9002 9003
f 9004 9005 9003
f 9003 9005 9006
f 9003 9006 9001
f 9007 9008 9004
f 9004 9008 9005
f 9008 9007 9009
f 9009 9007 9010
f 9009 9010 9011
f 9011 9010 9012
f 9013 9014 9015
f 9016 9017 9015
f 9015 9017 9018
f 9015 9018 9013
f 9019 9020 9016
f 9016 9020 9017
f 9020 9019 9021
f 9021 9019 9022
f 9021 9022 9023
f 9023 9022 9024
f 9025 9026 9027
f 9028 9029 9027
f 9027 9029 9030
f 9027 9030 9025
f 9031 9032 9028
f 9028 9032 9029
f 9032 9031 9033
f 9033 9031 9034
f 9033 9034 9035
f 9035 9034 9036
f 8662 8663 9037
f 8662 9037 9038
f 9038 9037 9039
f 9038 9039 9040
f 9040 9039 9041
f 9040 9041 9042
f 9042 9041 9043
f 9042 9043 9044
f 9044 9043 9045
f 9044 9045 9046
f 9046 9045 9047
f 9046 9047 9048
f 9048 9047 9049
f 9048 9049 9050
f 9050 9049 9051
f 9050 9051 9052
f 9052 9051 9053
f 9052 9053 9054
f 9054 9053 9055
f 9054 9055 9056
f 9056 9055 9057
f 9056 9057 9058
f 9058 9057 9059
f 9059 9057 9060
f 9059 9060 9061
f 9061 9060 9062
f 9062 9060 9063
f 9062 9063 9064
f 9065 9066 9067
f 9067 9066 9068
f 9067 9068 9063
f 9063 9068 9069
f 9063 9069 9064
f 9067 9070 9065
f 9065 9070 9071
f 9065 9071 9072
f 9072 9071 9073
f 9072 9073 9074
f 9074 9073 9075
f 9074 9075 9076
f 9076 9075 9077
f 9076 9077 9078
f 9078 9077 9079
f 9078 9079 9080
f 9080 9079 9081
f 9080 9081 9082
f 9082 9081 9083
f 9082 9083 9084
f 9084 9083 9085
f 9084 9085 9086
f 9086 9085 9087
f 9086 9087 9088
f 9088 9087 9089
f 9088 9089 9090
f 8604 9090 8605
f 8605 9090 9089
f 8605 9089 8608
f 8490 8440 8608
f 8608 9091 8490
f 8490 9091 9092
f 8490 9092 8489
f 8489 9092 9093
f 8489 9093 8488
f 8488 9093 9094
f 8488 9094 8487
f 8487 9094 9095
f 8487 9095 8486
f 8486 9095 9096
f 8486 9096 8485
f 8485 9096 9097
f 8485 9097 8484
f 8484 9097 9098
f 8484 9098 8483
f 8483 9098 9099
f 8483 9099 8482
f 8482 9099 9100
f 8482 9100 8481
f 8481 9100 9101
f 8481 9101 8480
f 8480 9101 9102
f 8480 9102 8479
f 8479 9102 9103
f 8479 9103 8478
f 8478 9103 9104
f 8478 9104 8477
f 8477 9104 9105
f 8477 9105 8476
f 8476 9105 9106
f 8476 9106 8475
f 8475 9106 9107
f 8475 9107 8474
f 8474 9107 9108
f 8474 9108 8473
f 8473 9108 9109
f 8473 9109 8472
f 8472 9109 9110
f 8472 9110 8471
f 8471 9110 9111
f 8471 9111 8470
f 8470 9111 9112
f 8470 9112 8469
f 8469 9112 9113
f 8469 9113 8468
f 8468 9113 9114
f 8468 9114 8467
f 8467 9114 9115
f 8467 9115 8466
f 8466 9115 8664
f 8466 8664 8465
f 8608 9089 9091
f 9091 9089 9087
f 9091 9087 9092
f 9092 9087 9085
f 9092 9085 9093
f 9093 9085 9083
f 9093 9083 9094
f 9094 9083 9081
f 9094 9081 9095
f 9095 9081 9079
f 9095 9079 9096
f 9096 9079 9077
f 9096 9077 9097
f 9097 9077 9075
f 9097 9075 9098
f 9098 9075 9073
f 9098 9073 9099
f 9099 9073 9071
f 9099 9071 9100
f 9100 9071 9070
f 9100 9070 9101
f 9101 9070 9067
f 9101 9067 9102
f 9102 9067 9063
f 9102 9063 9103
f 9103 9063 9060
f 9103 9060 9104
f 9104 9060 9057
f 9104 9057 9105
f 9105 9057 9055
f 9105 9055 9106
f 9106 9055 9053
f 9106 9053 9107
f 9107 9053 9051
f 9107 9051 9108
f 9108 9051 9049
f 9108 9049 9109
f 9109 9049 9047
f 9109 9047 9110
f 9110 9047 9045
f 9110 9045 9111
f 9111 9045 9043
f 9111 9043 9112
f 9112 9043 9041
f 9112 9041 9113
f 9113 9041 9039
f 9113 9039 9114
f 9114 9039 9037
f 9114 9037 9115
f 9115 9037 8663
f 9115 8663 8664
f 9116 9117 9118
f 9118 9117 9119
f 9118 9119 9120
f 9120 9119 9121
f 9117 9116 9122
f 9122 9116 9123
f 9124 9125 9126
f 9122 9123 9126
f 9126 9123 9127
f 9126 9127 9124
f 8531 9128 9129
f 8371 8554 9130
f 8371 9130 8552
f 8552 9130 9131
f 8552 9131 8550
f 8550 9131 9132
f 8550 9132 8548
f 8548 9132 9133
f 8548 9133 8546
f 8546 9133 9134
f 8546 9134 8544
f 8544 9134 9135
f 8544 9135 8543
f 8543 9135 9136
f 8543 9136 8541
f 8541 9136 9137
f 8541 9137 8539
f 8539 9137 9138
f 8539 9138 8537
f 8537 9138 9139
f 8537 9139 8535
f 8535 9139 9140
f 8535 9140 8533
f 8531 9129 8529
f 8529 9129 9141
f 8529 9141 8527
f 8527 9141 9142
f 8527 9142 8525
f 8525 9142 9143
f 8525 9143 8523
f 8523 9143 9144
f 8523 9144 8521
f 8521 9144 9145
f 8521 9145 8519
f 8519 9145 9146
f 8519 9146 8518
f 8518 9146 9147
f 8518 9147 8516
f 8516 9147 9148
f 8516 9148 8514
f 8514 9148 9149
f 8514 9149 8511
f 8511 9149 8556
f 8511 8556 8415
f 9129 9150 9141
f 9141 9150 9151
f 9141 9151 9142
f 9142 9151 9152
f 9142 9152 9143
f 9143 9152 9153
f 9143 9153 9144
f 9144 9153 9154
f 9144 9154 9145
f 9145 9154 9155
f 9145 9155 9146
f 9146 9155 9156
f 9146 9156 9147
f 9147 9156 9157
f 9147 9157 9148
f 9148 9157 9158
f 9148 9158 9149
f 9149 9158 8557
f 9149 8557 8556
f 9159 9160 9128
f 9128 9160 9161
f 9128 9161 9129
f 9129 9161 9162
f 9129 9162 9150
f 9163 9159 9140
f 9140 9159 9128
f 9140 9128 8533
f 8533 9128 8531
f 9163 9140 9164
f 9164 9140 9139
f 9164 9139 9165
f 9165 9139 9138
f 9165 9138 9166
f 9166 9138 9137
f 9166 9137 9167
f 9167 9137 9136
f 9167 9136 9168
f 9168 9136 9135
f 9168 9135 9169
f 9169 9135 9134
f 9169 9134 9170
f 9170 9134 9133
f 9170 9133 9171
f 9171 9133 9132
f 9171 9132 9172
f 9172 9132 9131
f 9172 9131 9173
f 9173 9131 9130
f 9173 9130 9174
f 9174 9130 8554
f 9174 8554 8553
f 8558 8557 9175
f 9175 9176 8558
f 8558 9176 9177
f 8558 9177 8593
f 8593 9177 9178
f 8593 9178 8594
f 8594 9178 9179
f 8594 9179 8595
f 8595 9179 9180
f 8595 9180 8596
f 8596 9180 9181
f 8596 9181 8597
f 8597 9181 9182
f 8597 9182 8598
f 8598 9182 9183
f 8598 9183 8599
f 8599 9183 9184
f 8599 9184 8600
f 8600 9184 9185
f 8600 9185 8601
f 8601 9185 9186
f 8601 9186 8602
f 8602 9186 8603
f 8603 9186 9187
f 8603 9187 8592
f 8592 9187 9188
f 8592 9188 8591
f 8591 9188 9189
f 8591 9189 8590
f 9189 9190 8590
f 8590 9190 9191
f 8590 9191 8589
f 8589 9191 9192
f 8589 9192 8588
f 8588 9192 9193
f 8588 9193 8587
f 8587 9193 9194
f 8587 9194 8586
f 8586 9194 9195
f 8586 9195 8585
f 8585 9195 9196
f 8585 9196 8584
f 8584 9196 9197
f 8584 9197 8583
f 8583 9197 9198
f 8583 9198 8582
f 8582 9198 9199
f 8582 9199 8581
f 8581 9199 9200
f 8581 9200 8580
f 8580 9200 9201
f 8580 9201 8553
f 8863 8860 8866
f 8866 8860 8859
f 8866 8859 9202
f 9202 8859 9203
f 9202 9203 9204
f 9204 9203 9205
f 9204 9205 9206
f 9206 9205 9207
f 9206 9207 9208
f 9208 9207 9209
f 9208 9209 9210
f 9211 9205 9212
f 9212 9205 9203
f 9212 9203 8858
f 8858 9203 8859
f 8856 8854 9213
f 8856 9213 9214
f 9214 9213 9215
f 9214 9215 9216
f 8851 8848 8854
f 8854 8848 8847
f 8854 8847 9213
f 9213 8847 9217
f 9213 9217 9215
f 9217 9218 9215
f 9215 9218 9219
f 9215 9219 9220
f 9220 9219 9221
f 9221 9219 9222
f 9221 9222 9223
f 9224 9218 9225
f 9225 9218 9217
f 9225 9217 8846
f 8846 9217 8847
f 8844 8842 9226
f 8844 9226 9227
f 9227 9226 9228
f 9227 9228 9229
f 8839 8836 8842
f 8842 8836 8835
f 8842 8835 9226
f 9230 9231 9232
f 8835 9233 9226
f 9226 9233 9230
f 9226 9230 9228
f 9228 9230 9232
f 9232 9231 9234
f 9234 9231 9235
f 9234 9235 9236
f 9237 9230 9238
f 9238 9230 9233
f 9238 9233 8834
f 8834 9233 8835
f 8832 8830 9239
f 8832 9239 9240
f 9240 9239 9241
f 9240 9241 9242
f 8827 8824 8830
f 8830 8824 8823
f 8830 8823 9239
f 9243 9244 9245
f 8823 9246 9239
f 9239 9246 9243
f 9239 9243 9241
f 9241 9243 9245
f 9247 9245 9248
f 9248 9245 9244
f 9249 9243 9250
f 9250 9243 9246
f 9250 9246 8822
f 8822 9246 8823
f 8820 8818 9251
f 8820 9251 9252
f 9252 9251 9253
f 9252 9253 9254
f 8815 8812 8818
f 8818 8812 8811
f 8818 8811 9251
f 9251 8811 9255
f 9251 9255 9253
f 9255 9256 9253
f 9253 9256 9257
f 9253 9257 9258
f 9258 9257 9259
f 9259 9257 9260
f 9259 9260 9261
f 9262 9256 9263
f 9263 9256 9255
f 9263 9255 8810
f 8810 9255 8811
f 8808 8806 9264
f 8808 9264 9265
f 9265 9264 9266
f 9265 9266 9267
f 8803 8800 8806
f 8806 8800 8799
f 8806 8799 9264
f 9264 8799 9268
f 9264 9268 9266
f 9268 9269 9266
f 9266 9269 9270
f 9266 9270 9271
f 9272 9271 9273
f 9273 9271 9270
f 9274 9269 9275
f 9275 9269 9268
f 9275 9268 8798
f 8798 9268 8799
f 8796 8794 9276
f 8796 9276 9277
f 9277 9276 9278
f 9277 9278 9279
f 8791 8788 8794
f 8794 8788 8787
f 8794 8787 9276
f 9280 9281 9282
f 8787 9283 9276
f 9276 9283 9280
f 9276 9280 9278
f 9278 9280 9282
f 9284 9281 9285
f 9281 9284 9282
f 9286 9280 9287
f 9287 9280 9283
f 9287 9283 8786
f 8786 9283 8787
f 8784 8782 9288
f 8784 9288 9289
f 9289 9288 9290
f 9289 9290 9291
f 8779 8776 8782
f 8782 8776 8775
f 8782 8775 9288
f 9288 8775 9292
f 9288 9292 9290
f 9292 9293 9290
f 9290 9293 9294
f 9290 9294 9295
f 9294 9296 9295
f 9295 9296 9297
f 9298 9293 9299
f 9299 9293 9292
f 9299 9292 8774
f 8774 9292 8775
f 8772 8770 9300
f 8772 9300 9301
f 9301 9300 9302
f 9301 9302 9303
f 8767 8764 8770
f 8770 8764 8763
f 8770 8763 9300
f 9304 9305 9306
f 8763 9307 9300
f 9300 9307 9304
f 9300 9304 9302
f 9302 9304 9306
f 9306 9305 9308
f 9308 9305 9309
f 9308 9309 9310
f 9311 9304 9312
f 9312 9304 9307
f 9312 9307 8762
f 8762 9307 8763
f 8760 8758 9313
f 8760 9313 9314
f 9314 9313 9315
f 9314 9315 9316
f 8755 8752 8758
f 8758 8752 8751
f 8758 8751 9313
f 9313 8751 9317
f 9313 9317 9315
f 9317 9318 9315
f 9315 9318 9319
f 9315 9319 9320
f 9320 9319 9321
f 9321 9319 9322
f 9321 9322 9323
f 9324 9318 9325
f 9325 9318 9317
f 9325 9317 8750
f 8750 9317 8751
f 8748 8746 9326
f 8748 9326 9327
f 9327 9326 9328
f 9327 9328 9329
f 8743 8740 8746
f 8746 8740 8739
f 8746 8739 9326
f 9326 8739 9330
f 9326 9330 9328
f 9330 9331 9328
f 9328 9331 9332
f 9328 9332 9333
f 9334 9332 9335
f 9332 9334 9333
f 9336 9331 9337
f 9337 9331 9330
f 9337 9330 8738
f 8738 9330 8739
f 8736 8734 9338
f 8736 9338 9339
f 9339 9338 9340
f 9339 9340 9341
f 8731 8728 8734
f 8734 8728 8727
f 8734 8727 9338
f 9342 9343 9344
f 8727 9345 9338
f 9338 9345 9342
f 9338 9342 9340
f 9340 9342 9344
f 9343 9346 9344
f 9344 9346 9347
f 9348 9342 9349
f 9349 9342 9345
f 9349 9345 8726
f 8726 9345 8727
f 8724 8722 9350
f 8724 9350 9351
f 9351 9350 9352
f 9351 9352 9353
f 8719 8716 8722
f 8722 8716 8715
f 8722 8715 9350
f 9350 8715 9354
f 9350 9354 9352
f 9354 9355 9352
f 9352 9355 9356
f 9352 9356 9357
f 9358 9357 9359
f 9359 9357 9356
f 9360 9355 9361
f 9361 9355 9354
f 9361 9354 8714
f 8714 9354 8715
f 8712 8710 9362
f 8712 9362 9363
f 9363 9362 9364
f 9363 9364 9365
f 8707 8704 8710
f 8710 8704 8703
f 8710 8703 9362
f 9362 8703 9366
f 9362 9366 9364
f 9366 9367 9364
f 9364 9367 9368
f 9364 9368 9369
f 9368 9370 9369
f 9369 9370 9371
f 9372 9367 9373
f 9373 9367 9366
f 9373 9366 8702
f 8702 9366 8703
f 8700 8698 9374
f 8700 9374 9375
f 9375 9374 9376
f 9375 9376 9377
f 8695 8692 8698
f 8698 8692 8691
f 8698 8691 9374
f 9374 8691 9378
f 9374 9378 9376
f 9378 9379 9376
f 9376 9379 9380
f 9376 9380 9381
f 9381 9380 9382
f 9382 9380 9383
f 9382 9383 9384
f 9385 9386 9387
f 9385 9387 9388
f 9388 9387 9389
f 9388 9389 9390
f 9391 9392 9393
f 9391 9393 9394
f 9394 9393 9395
f 9394 9395 9396
f 9397 9398 9399
f 9397 9399 9400
f 9400 9399 9401
f 9400 9401 9402
f 9403 9404 9405
f 9403 9405 9406
f 9406 9405 9407
f 9406 9407 9408
f 9409 9410 9411
f 9409 9411 9412
f 9412 9411 9413
f 9412 9413 9414
f 9415 9416 9417
f 9415 9417 9418
f 9418 9417 9419
f 9418 9419 9420
f 9421 9422 9423
f 9424 9425 9423
f 9423 9425 9426
f 9423 9426 9421
f 9421 9426 9427
f 9427 9426 9425
f 9427 9425 9428
f 9429 9430 9431
f 9429 9431 9432
f 9432 9431 9433
f 9432 9433 9434
f 9435 9436 9437
f 9435 9437 9438
f 9438 9437 9439
f 9438 9439 9440
f 9441 9442 9443
f 9441 9443 9444
f 9444 9443 9445
f 9444 9445 9446
f 9447 9448 9449
f 9447 9449 9450
f 9450 9449 9451
f 9450 9451 9452
f 9453 9454 9455
f 9453 9455 9456
f 9456 9455 9457
f 9456 9457 9458
f 9459 9460 9461
f 9459 9461 9462
f 9462 9461 9463
f 9462 9463 9464
f 9204 9465 9202
f 9202 9465 9466
f 9202 9466 8866
f 8866 9466 8868
f 9467 9468 9469
f 9126 9125 9469
f 9469 9125 9470
f 9469 9470 9467
f 9471 9379 9472
f 9472 9379 9378
f 9472 9378 8690
f 8690 9378 8691
f 8865 8867 9473
f 8621 9474 9475
f 9476 8857 8862
f 9477 8852 8853
f 9477 9478 8852
f 8852 9478 9479
f 8852 9479 8849
f 8849 9479 9480
f 8849 9480 8850
f 9480 9481 8850
f 8850 9481 9482
f 8850 9482 8845
f 9483 8838 8837
f 9484 8833 8838
f 8838 9483 9484
f 9484 9483 9485
f 9484 9485 9486
f 9486 9485 8829
f 9486 8829 8831
f 8828 9475 8825
f 8825 9475 9474
f 8825 9474 8826
f 9474 9487 8826
f 8826 9487 9488
f 8826 9488 8821
f 8819 9489 8817
f 8817 9489 9490
f 8817 9490 8816
f 8816 9490 9491
f 8816 9491 8813
f 8813 9491 9492
f 8813 9492 8814
f 9493 8809 8814
f 8807 9493 8805
f 8805 9493 9494
f 8805 9494 8804
f 9493 8814 9494
f 9494 8814 9492
f 9494 9492 8804
f 8804 9492 9495
f 8804 9495 8801
f 8801 9495 9496
f 8801 9496 8802
f 9496 9497 8802
f 8802 9497 9498
f 8802 9498 8797
f 9499 8790 8789
f 8785 8790 9500
f 9500 8790 9499
f 9500 9499 9501
f 9501 9499 9502
f 9501 9502 9503
f 9503 9502 8781
f 9503 8781 8783
f 8777 8780 9504
f 9505 9506 8778
f 8778 9506 9507
f 8778 9507 8773
f 8771 9508 8769
f 8769 9508 9509
f 8769 9509 8768
f 8768 9509 9510
f 8768 9510 8765
f 8765 9510 9511
f 8765 9511 8766
f 9512 8761 8766
f 8759 9512 8757
f 8757 9512 9513
f 8757 9513 8756
f 9512 8766 9513
f 9513 8766 9511
f 9513 9511 8756
f 8756 9511 9514
f 8756 9514 8753
f 8753 9514 9515
f 8753 9515 8754
f 9515 9516 8754
f 8754 9516 9517
f 8754 9517 8749
f 9518 8742 8741
f 8737 8742 9519
f 9519 8742 9518
f 9519 9518 9520
f 9520 9518 9521
f 9520 9521 9522
f 9522 9521 8733
f 9522 8733 8735
f 8732 9523 8729
f 8729 9523 9524
f 8729 9524 8730
f 9524 9525 8730
f 8730 9525 9526
f 8730 9526 8725
f 8723 9527 8721
f 8721 9527 9528
f 8721 9528 8720
f 8720 9528 9529
f 8720 9529 8717
f 8717 9529 9530
f 8717 9530 8718
f 9531 8713 8718
f 8709 8711 9532
f 9531 9533 9532
f 9532 9533 8708
f 9532 8708 8709
f 9531 8718 9533
f 9533 8718 9530
f 9533 9530 8708
f 8708 9530 9534
f 8708 9534 8705
f 8705 9534 9535
f 8705 9535 8706
f 9535 9536 8706
f 8706 9536 9537
f 8706 9537 8701
f 9538 8694 8693
f 9535 9539 9540
f 8699 9537 8697
f 8697 9537 9536
f 8697 9536 8696
f 8696 9536 9535
f 8696 9535 8693
f 8693 9535 9540
f 8693 9540 9538
f 9541 9542 9543
f 8661 8662 9544
f 8689 8694 9543
f 9543 8694 9538
f 9543 9538 9541
f 9541 9538 9540
f 9541 9540 9544
f 9544 9540 9539
f 9544 9539 8661
f 8661 9539 9535
f 8661 9535 8659
f 8659 9535 9534
f 8659 9534 8657
f 8657 9534 9530
f 8657 9530 8655
f 8655 9530 9529
f 8655 9529 8653
f 9510 8636 9511
f 9511 8636 8643
f 9511 8643 9514
f 9514 8643 8645
f 9514 8645 9515
f 9515 8645 8647
f 9515 8647 9545
f 9545 8647 8649
f 9545 8649 9523
f 9523 8649 8651
f 9523 8651 9524
f 8640 8639 9510
f 9510 8639 8637
f 9510 8637 8636
f 8633 8635 9504
f 9504 8635 9505
f 9504 9505 8777
f 8777 9505 8778
f 8633 9504 8632
f 8632 9504 9546
f 8632 9546 8630
f 8630 9546 9496
f 8630 9496 8629
f 8629 9496 9495
f 8629 9495 8627
f 8627 9495 9492
f 8627 9492 8625
f 8625 9492 9491
f 8625 9491 8623
f 8621 9475 8619
f 8619 9475 9547
f 8619 9547 8617
f 8617 9547 9480
f 8617 9480 8615
f 8615 9480 9479
f 8615 9479 8613
f 8613 9479 9478
f 8613 9478 8611
f 8611 9478 9548
f 8611 9548 8609
f 8604 8609 9549
f 9549 8609 9548
f 9549 9548 9550
f 9550 9548 9551
f 9473 9550 8865
f 8865 9550 9551
f 8865 9551 8864
f 8864 9551 9548
f 8864 9548 8861
f 8861 9548 9478
f 8861 9478 8862
f 8862 9478 9477
f 8862 9477 9476
f 9476 9477 8853
f 9476 8853 8855
f 8843 9482 8841
f 8841 9482 9481
f 8841 9481 8840
f 8840 9481 9480
f 8840 9480 8837
f 8837 9480 9547
f 8837 9547 9483
f 9483 9547 9475
f 9483 9475 9485
f 9485 9475 8828
f 9485 8828 8829
f 8621 8623 9474
f 9474 8623 9491
f 9474 9491 9487
f 9487 9491 9490
f 9487 9490 9488
f 9488 9490 9489
f 8795 9498 8793
f 8793 9498 9497
f 8793 9497 8792
f 8792 9497 9496
f 8792 9496 8789
f 8789 9496 9546
f 8789 9546 9499
f 9499 9546 9504
f 9499 9504 9502
f 9502 9504 8780
f 9502 8780 8781
f 8635 8640 9505
f 9505 8640 9510
f 9505 9510 9506
f 9506 9510 9509
f 9506 9509 9507
f 9507 9509 9508
f 8747 9517 8745
f 8745 9517 9516
f 8745 9516 8744
f 8744 9516 9515
f 8744 9515 8741
f 8741 9515 9545
f 8741 9545 9518
f 9518 9545 9523
f 9518 9523 9521
f 9521 9523 8732
f 9521 8732 8733
f 8651 8653 9524
f 9524 8653 9529
f 9524 9529 9525
f 9525 9529 9528
f 9525 9528 9526
f 9526 9528 9527
f 9036 9034 9552
f 9036 9552 9553
f 9553 9552 9554
f 9553 9554 9555
f 9031 9028 9034
f 9034 9028 9027
f 9034 9027 9552
f 9552 9027 9556
f 9552 9556 9554
f 9556 9557 9554
f 9554 9557 9558
f 9554 9558 9559
f 9558 9560 9559
f 9559 9560 9561
f 9562 9557 9563
f 9563 9557 9556
f 9563 9556 9026
f 9026 9556 9027
f 9024 9022 9564
f 9024 9564 9565
f 9565 9564 9566
f 9565 9566 9567
f 9019 9016 9022
f 9022 9016 9015
f 9022 9015 9564
f 9564 9015 9568
f 9564 9568 9566
f 9568 9569 9566
f 9566 9569 9570
f 9566 9570 9571
f 9572 9570 9573
f 9570 9572 9571
f 9574 9569 9575
f 9575 9569 9568
f 9575 9568 9014
f 9014 9568 9015
f 9012 9010 9576
f 9012 9576 9577
f 9577 9576 9578
f 9577 9578 9579
f 9007 9004 9010
f 9010 9004 9003
f 9010 9003 9576
f 9580 9581 9582
f 9003 9583 9576
f 9576 9583 9580
f 9576 9580 9578
f 9578 9580 9582
f 9581 9584 9582
f 9582 9584 9585
f 9586 9580 9587
f 9587 9580 9583
f 9587 9583 9002
f 9002 9583 9003
f 9588 9589 9590
f 9590 9589 9591
f 9590 9591 9592
f 9592 9591 9000
f 9592 9000 8998
f 8995 8992 8998
f 8998 8992 8991
f 8998 8991 9592
f 9593 9594 9595
f 8991 9596 9592
f 9592 9596 9593
f 9592 9593 9590
f 9590 9593 9595
f 9594 9597 9595
f 9595 9597 9598
f 9599 9593 9600
f 9600 9593 9596
f 9600 9596 8990
f 8990 9596 8991
f 8988 8986 9601
f 8988 9601 9602
f 9602 9601 9603
f 9602 9603 9604
f 8983 8980 8986
f 8986 8980 8979
f 8986 8979 9601
f 9601 8979 9605
f 9601 9605 9603
f 9605 9606 9603
f 9603 9606 9607
f 9603 9607 9608
f 9609 9607 9610
f 9607 9609 9608
f 9611 9606 9612
f 9612 9606 9605
f 9612 9605 8978
f 8978 9605 8979
f 8976 8974 9613
f 8976 9613 9614
f 9614 9613 9615
f 9614 9615 9616
f 8971 8968 8974
f 8974 8968 8967
f 8974 8967 9613
f 9613 8967 9617
f 9613 9617 9615
f 9617 9618 9615
f 9615 9618 9619
f 9615 9619 9620
f 9619 9621 9620
f 9620 9621 9622
f 9623 9618 9624
f 9624 9618 9617
f 9624 9617 8966
f 8966 9617 8967
f 8964 8962 9625
f 8964 9625 9626
f 9626 9625 9627
f 9626 9627 9628
f 8959 8956 8962
f 8962 8956 8955
f 8962 8955 9625
f 9629 9630 9631
f 8955 9632 9625
f 9625 9632 9629
f 9625 9629 9627
f 9627 9629 9631
f 9631 9630 9633
f 9633 9630 9634
f 9633 9634 9635
f 8952 8950 9636
f 8952 9636 9637
f 9637 9636 9638
f 9637 9638 9639
f 8955 8954 9632
f 9632 8954 9640
f 9632 9640 9629
f 9629 9640 9641
f 9629 9641 9642
f 9643 9644 9645
f 9645 9644 9646
f 9646 9644 9638
f 9647 9646 9648
f 9648 9646 9638
f 9648 9638 9649
f 9649 9638 9636
f 9649 9636 8943
f 8943 9636 8950
f 8943 8950 8944
f 8944 8950 8947
f 9645 9646 9647
f 9650 9648 9651
f 9651 9648 9649
f 9651 9649 8942
f 8942 9649 8943
f 8940 8938 9652
f 8940 9652 9653
f 9653 9652 9654
f 9653 9654 9655
f 8935 8932 8938
f 8938 8932 8931
f 8938 8931 9652
f 9656 9657 9658
f 8931 9659 9652
f 9652 9659 9656
f 9652 9656 9654
f 9654 9656 9658
f 9660 9658 9661
f 9661 9658 9657
f 9662 9656 9663
f 9663 9656 9659
f 9663 9659 8930
f 8930 9659 8931
f 8928 8926 9664
f 8928 9664 9665
f 9665 9664 9666
f 9665 9666 9667
f 8923 8920 8926
f 8926 8920 8919
f 8926 8919 9664
f 9664 8919 9668
f 9664 9668 9666
f 9668 9669 9666
f 9666 9669 9670
f 9666 9670 9671
f 9672 9671 9673
f 9673 9671 9670
f 9674 9669 9675
f 9675 9669 9668
f 9675 9668 8918
f 8918 9668 8919
f 8916 8914 9676
f 8916 9676 9677
f 9677 9676 9678
f 9677 9678 9679
f 8911 8908 8914
f 8914 8908 8907
f 8914 8907 9676
f 9680 9681 9682
f 8907 9683 9676
f 9676 9683 9680
f 9676 9680 9678
f 9678 9680 9682
f 9684 9682 9685
f 9685 9682 9681
f 9686 9680 9687
f 9687 9680 9683
f 9687 9683 8906
f 8906 9683 8907
f 8904 8902 9688
f 8904 9688 9689
f 9689 9688 9690
f 9689 9690 9691
f 8899 8896 8902
f 8902 8896 8895
f 8902 8895 9688
f 9692 9693 9694
f 8895 9695 9688
f 9688 9695 9692
f 9688 9692 9690
f 9690 9692 9694
f 9694 9693 9696
f 9696 9693 9697
f 9696 9697 9698
f 9699 9692 9700
f 9700 9692 9695
f 9700 9695 8894
f 8894 9695 8895
f 8892 8890 9701
f 8892 9701 9702
f 9702 9701 9703
f 9702 9703 9704
f 8887 8884 8890
f 8890 8884 8883
f 8890 8883 9701
f 9701 8883 9705
f 9701 9705 9703
f 9705 9706 9703
f 9703 9706 9707
f 9703 9707 9708
f 9709 9707 9710
f 9707 9709 9708
f 9711 9706 9712
f 9712 9706 9705
f 9712 9705 8882
f 8882 9705 8883
f 8880 8878 9713
f 8880 9713 9714
f 9714 9713 9715
f 9714 9715 9716
f 8875 8872 8878
f 8878 8872 8871
f 8878 8871 9713
f 9713 8871 9717
f 9713 9717 9715
f 9717 9718 9715
f 9715 9718 9719
f 9715 9719 9720
f 9721 9720 9722
f 9722 9720 9719
f 9723 9718 9724
f 9724 9718 9717
f 9724 9717 8870
f 8870 9717 8871
f 9033 9725 9032
f 9032 9725 9726
f 9032 9726 9029
f 9029 9726 9727
f 9029 9727 9030
f 9728 9025 9030
f 9023 9728 9021
f 9021 9728 9729
f 9021 9729 9020
f 9728 9030 9729
f 9729 9030 9727
f 9729 9727 9020
f 9020 9727 9730
f 9020 9730 9017
f 9017 9730 9731
f 9017 9731 9018
f 9731 9732 9018
f 9018 9732 9733
f 9018 9733 9013
f 9734 9006 9005
f 9001 9006 9735
f 9735 9006 9734
f 9735 9734 9736
f 9736 9734 9737
f 9736 9737 9738
f 9738 9737 8997
f 9738 8997 8999
f 8996 9739 8993
f 8993 9739 9740
f 8993 9740 8994
f 9740 9741 8994
f 8994 9741 9742
f 8994 9742 8989
f 8987 9743 8985
f 8985 9743 9744
f 8985 9744 8984
f 8984 9744 9745
f 8984 9745 8981
f 8981 9745 9746
f 8981 9746 8982
f 9747 8977 8982
f 8975 9747 8973
f 8973 9747 9748
f 8973 9748 8972
f 9747 8982 9748
f 9748 8982 9746
f 9748 9746 8972
f 8972 9746 9749
f 8972 9749 8969
f 8969 9749 9750
f 8969 9750 8970
f 9750 9751 8970
f 8970 9751 9752
f 8970 9752 8965
f 9753 8958 8957
f 9754 8953 8958
f 8958 9753 9754
f 9754 9753 9755
f 9754 9755 9756
f 9756 9755 8949
f 9756 8949 8951
f 9757 9758 8946
f 8945 8948 9759
f 8941 8946 9760
f 9760 8946 9758
f 9760 9758 9761
f 8934 8933 9762
f 9762 8933 9763
f 9763 8933 8936
f 9763 8936 9764
f 9764 8936 8937
f 9764 8937 8939
f 9765 8929 8934
f 8927 9765 8925
f 8925 9765 9766
f 8925 9766 8924
f 9765 8934 9766
f 9766 8934 9762
f 9766 9762 8924
f 8924 9762 9767
f 8924 9767 8921
f 8921 9767 9768
f 8921 9768 8922
f 9768 9769 8922
f 8922 9769 9770
f 8922 9770 8917
f 9771 8910 8909
f 8905 8910 9772
f 9772 8910 9771
f 9772 9771 9773
f 9773 9771 9774
f 9773 9774 9775
f 9775 9774 8901
f 9775 8901 8903
f 8900 9776 8897
f 8897 9776 9777
f 8897 9777 8898
f 9777 9778 8898
f 8898 9778 9779
f 8898 9779 8893
f 8891 9780 8889
f 8889 9780 9781
f 8889 9781 8888
f 8888 9781 9782
f 8888 9782 8885
f 8885 9782 9783
f 8885 9783 8886
f 9784 8881 8886
f 8879 9784 8877
f 8877 9784 9785
f 8877 9785 8876
f 9784 8886 9785
f 9785 8886 9783
f 9785 9783 8876
f 8876 9783 9786
f 8876 9786 8873
f 8873 9786 9787
f 8873 9787 8874
f 9787 9788 8874
f 8874 9788 9789
f 8874 9789 8869
f 9790 9127 9123
f 9787 9791 9792
f 9120 9789 9118
f 9118 9789 9788
f 9118 9788 9116
f 9116 9788 9787
f 9116 9787 9123
f 9123 9787 9792
f 9123 9792 9790
f 9550 9473 9793
f 9090 8604 9549
f 9124 9127 9793
f 9793 9127 9790
f 9793 9790 9550
f 9550 9790 9792
f 9550 9792 9549
f 9549 9792 9791
f 9549 9791 9090
f 9090 9791 9787
f 9090 9787 9088
f 9088 9787 9786
f 9088 9786 9086
f 9086 9786 9783
f 9086 9783 9084
f 9084 9783 9782
f 9084 9782 9082
f 9763 9065 9762
f 9762 9065 9072
f 9762 9072 9767
f 9767 9072 9074
f 9767 9074 9768
f 9768 9074 9076
f 9768 9076 9794
f 9794 9076 9078
f 9794 9078 9776
f 9776 9078 9080
f 9776 9080 9777
f 9069 9068 9763
f 9763 9068 9066
f 9763 9066 9065
f 9062 9064 9759
f 9759 9064 9757
f 9759 9757 8945
f 8945 9757 8946
f 9062 9759 9061
f 9061 9759 9795
f 9061 9795 9059
f 9059 9795 9750
f 9059 9750 9058
f 9058 9750 9749
f 9058 9749 9056
f 9056 9749 9746
f 9056 9746 9054
f 9054 9746 9745
f 9054 9745 9052
f 9726 9040 9727
f 9727 9040 9042
f 9727 9042 9730
f 9730 9042 9044
f 9730 9044 9731
f 9731 9044 9046
f 9731 9046 9796
f 9796 9046 9048
f 9796 9048 9739
f 9739 9048 9050
f 9739 9050 9740
f 9544 8662 9038
f 9035 9542 9033
f 9033 9542 9541
f 9033 9541 9725
f 9725 9541 9544
f 9725 9544 9726
f 9726 9544 9038
f 9726 9038 9040
f 9011 9733 9009
f 9009 9733 9732
f 9009 9732 9008
f 9008 9732 9731
f 9008 9731 9005
f 9005 9731 9796
f 9005 9796 9734
f 9734 9796 9739
f 9734 9739 9737
f 9737 9739 8996
f 9737 8996 8997
f 9050 9052 9740
f 9740 9052 9745
f 9740 9745 9741
f 9741 9745 9744
f 9741 9744 9742
f 9742 9744 9743
f 8963 9752 8961
f 8961 9752 9751
f 8961 9751 8960
f 8960 9751 9750
f 8960 9750 8957
f 8957 9750 9795
f 8957 9795 9753
f 9753 9795 9759
f 9753 9759 9755
f 9755 9759 8948
f 9755 8948 8949
f 9064 9069 9757
f 9757 9069 9763
f 9757 9763 9758
f 9758 9763 9764
f 9758 9764 9761
f 9761 9764 8939
f 8915 9770 8913
f 8913 9770 9769
f 8913 9769 8912
f 8912 9769 9768
f 8912 9768 8909
f 8909 9768 9794
f 8909 9794 9771
f 9771 9794 9776
f 9771 9776 9774
f 9774 9776 8900
f 9774 8900 8901
f 9080 9082 9777
f 9777 9082 9782
f 9777 9782 9778
f 9778 9782 9781
f 9778 9781 9779
f 9779 9781 9780
f 9121 9119 9797
f 9121 9797 9798
f 9798 9797 9799
f 9798 9799 9800
f 9117 9122 9119
f 9119 9122 9126
f 9119 9126 9797
f 9797 9126 9469
f 9797 9469 9799
f 9799 9469 9468
f 9799 9468 9801
f 9801 9468 9802
f 9801 9802 9803
f 9803 9802 9804
f 9803 9804 9805
f 8553 9201 9806
f 8553 9806 9174
f 9174 9806 9807
f 9174 9807 9173
f 9173 9807 9808
f 9173 9808 9172
f 9172 9808 9809
f 9172 9809 9171
f 9171 9809 9810
f 9171 9810 9170
f 9170 9810 9811
f 9170 9811 9169
f 9169 9811 9812
f 9169 9812 9168
f 9168 9812 9813
f 9168 9813 9167
f 9167 9813 9814
f 9167 9814 9166
f 9166 9814 9815
f 9166 9815 9165
f 9165 9815 9816
f 9165 9816 9164
f 9164 9816 9163
f 9163 9816 9817
f 9163 9817 9159
f 9159 9817 9818
f 9159 9818 9160
f 9160 9818 9819
f 9160 9819 9161
f 9819 9820 9161
f 9161 9820 9821
f 9161 9821 9162
f 9162 9821 9822
f 9162 9822 9150
f 9150 9822 9823
f 9150 9823 9151
f 9151 9823 9824
f 9151 9824 9152
f 9152 9824 9825
f 9152 9825 9153
f 9153 9825 9826
f 9153 9826 9154
f 9154 9826 9827
f 9154 9827 9155
f 9155 9827 9828
f 9155 9828 9156
f 9156 9828 9829
f 9156 9829 9157
f 9157 9829 9830
f 9157 9830 9158
f 9158 9830 9175
f 9158 9175 8557
f 9176 9175 9831
f 9831 9832 9176
f 9176 9832 9833
f 9176 9833 9177
f 9177 9833 9834
f 9177 9834 9178
f 9178 9834 9835
f 9178 9835 9179
f 9179 9835 9836
f 9179 9836 9180
f 9180 9836 9837
f 9180 9837 9181
f 9181 9837 9838
f 9181 9838 9182
f 9182 9838 9839
f 9182 9839 9183
f 9183 9839 9840
f 9183 9840 9184
f 9184 9840 9841
f 9184 9841 9185
f 9185 9841 9842
f 9185 9842 9186
f 9186 9842 9843
f 9186 9843 9187
f 9187 9843 9188
f 9188 9843 9844
f 9188 9844 9189
f 9844 9845 9189
f 9189 9845 9846
f 9189 9846 9190
f 9190 9846 9847
f 9190 9847 9191
f 9191 9847 9848
f 9191 9848 9192
f 9192 9848 9849
f 9192 9849 9193
f 9193 9849 9850
f 9193 9850 9194
f 9194 9850 9851
f 9194 9851 9195
f 9195 9851 9852
f 9195 9852 9196
f 9196 9852 9853
f 9196 9853 9197
f 9197 9853 9854
f 9197 9854 9198
f 9198 9854 9855
f 9198 9855 9199
f 9199 9855 9856
f 9199 9856 9200
f 9200 9856 9857
f 9200 9857 9201
f 9858 9859 9860
f 9858 9860 9861
f 9861 9860 9862
f 9861 9862 9863
f 9864 9865 9866
f 9867 9868 9866
f 9866 9868 9869
f 9866 9869 9864
f 9870 9871 9867
f 9460 9459 9865
f 9865 9459 9872
f 9865 9872 9866
f 9866 9872 9873
f 9866 9873 9867
f 9867 9873 9874
f 9867 9874 9870
f 9872 9875 9873
f 9873 9875 9876
f 9873 9876 9874
f 9874 9876 9877
f 9878 9879 9880
f 9881 9882 9880
f 9880 9882 9883
f 9880 9883 9878
f 9884 9885 9881
f 9454 9453 9879
f 9879 9453 9886
f 9879 9886 9880
f 9880 9886 9887
f 9880 9887 9881
f 9881 9887 9888
f 9881 9888 9884
f 9886 9889 9887
f 9887 9889 9890
f 9887 9890 9888
f 9888 9890 9891
f 9892 9893 9894
f 9895 9896 9894
f 9894 9896 9897
f 9894 9897 9892
f 9898 9899 9895
f 9448 9447 9893
f 9893 9447 9900
f 9893 9900 9894
f 9894 9900 9901
f 9894 9901 9895
f 9895 9901 9902
f 9895 9902 9898
f 9900 9903 9901
f 9901 9903 9904
f 9901 9904 9902
f 9902 9904 9905
f 9906 9907 9908
f 9909 9910 9908
f 9908 9910 9911
f 9908 9911 9906
f 9912 9913 9909
f 9442 9441 9907
f 9907 9441 9914
f 9907 9914 9908
f 9908 9914 9915
f 9908 9915 9909
f 9909 9915 9916
f 9909 9916 9912
f 9914 9917 9915
f 9915 9917 9918
f 9915 9918 9916
f 9916 9918 9919
f 9920 9921 9922
f 9923 9924 9922
f 9922 9924 9925
f 9922 9925 9920
f 9926 9927 9923
f 9436 9435 9921
f 9921 9435 9928
f 9921 9928 9922
f 9922 9928 9929
f 9922 9929 9923
f 9923 9929 9930
f 9923 9930 9926
f 9928 9931 9929
f 9929 9931 9932
f 9929 9932 9930
f 9930 9932 9933
f 9934 9935 9936
f 9937 9938 9936
f 9936 9938 9939
f 9936 9939 9934
f 9940 9941 9937
f 9430 9429 9935
f 9935 9429 9942
f 9935 9942 9936
f 9936 9942 9943
f 9936 9943 9937
f 9937 9943 9944
f 9937 9944 9940
f 9942 9945 9943
f 9943 9945 9946
f 9943 9946 9944
f 9944 9946 9947
f 9948 9949 9950
f 9951 9952 9950
f 9950 9952 9953
f 9950 9953 9948
f 9954 9951 9955
f 9955 9951 9956
f 9425 9424 9957
f 9425 9957 9428
f 9956 9951 9958
f 9958 9951 9950
f 9958 9950 9957
f 9957 9950 9949
f 9957 9949 9428
f 9957 9959 9958
f 9958 9959 9960
f 9958 9960 9956
f 9956 9960 9961
f 9962 9963 9964
f 9965 9966 9964
f 9964 9966 9967
f 9964 9967 9962
f 9968 9969 9965
f 9416 9415 9963
f 9963 9415 9970
f 9963 9970 9964
f 9964 9970 9971
f 9964 9971 9965
f 9965 9971 9972
f 9965 9972 9968
f 9970 9973 9971
f 9971 9973 9974
f 9971 9974 9972
f 9972 9974 9975
f 9976 9977 9978
f 9979 9980 9978
f 9978 9980 9981
f 9978 9981 9976
f 9982 9983 9979
f 9410 9409 9977
f 9977 9409 9984
f 9977 9984 9978
f 9978 9984 9985
f 9978 9985 9979
f 9979 9985 9986
f 9979 9986 9982
f 9984 9987 9985
f 9985 9987 9988
f 9985 9988 9986
f 9986 9988 9989
f 9990 9991 9992
f 9993 9994 9992
f 9992 9994 9995
f 9992 9995 9990
f 9996 9997 9993
f 9404 9403 9991
f 9991 9403 9998
f 9991 9998 9992
f 9992 9998 9999
f 9992 9999 9993
f 9993 9999 10000
f 9993 10000 9996
f 9998 10001 9999
f 9999 10001 10002
f 9999 10002 10000
f 10000 10002 10003
f 10004 10005 10006
f 10007 10008 10006
f 10006 10008 10009
f 10006 10009 10004
f 10010 10011 10007
f 9402 9401 10005
f 10005 9401 10012
f 10005 10012 10006
f 10006 10012 10013
f 10006 10013 10007
f 10007 10013 10014
f 10007 10014 10010
f 10012 10015 10013
f 10013 10015 10016
f 10013 10016 10014
f 10014 10016 10017
f 10018 10019 10020
f 10021 10022 10020
f 10020 10022 10023
f 10020 10023 10018
f 10024 10025 10021
f 9392 9391 10019
f 10019 9391 10026
f 10019 10026 10020
f 10020 10026 10027
f 10020 10027 10021
f 10021 10027 10028
f 10021 10028 10024
f 10026 10029 10027
f 10027 10029 10030
f 10027 10030 10028
f 10028 10030 10031
f 10032 10033 10034
f 10035 10036 10034
f 10034 10036 10037
f 10034 10037 10032
f 10038 10039 10035
f 9386 9385 10033
f 10033 9385 10040
f 10033 10040 10034
f 10034 10040 10041
f 10034 10041 10035
f 10035 10041 10042
f 10035 10042 10038
f 10040 10043 10041
f 10041 10043 10044
f 10041 10044 10042
f 10042 10044 10045
f 10046 10047 10048
f 10049 10050 10048
f 10048 10050 10051
f 10048 10051 10046
f 10052 10053 10049
f 10054 10055 10047
f 10047 10055 10056
f 10047 10056 10048
f 10048 10056 10057
f 10048 10057 10049
f 10049 10057 10058
f 10049 10058 10052
f 10059 10060 10061
f 10059 10061 10062
f 10062 10061 10055
f 10062 10055 10054
f 10063 10064 10065
f 10063 10065 10066
f 10066 10065 10067
f 10066 10067 10068
f 10069 10070 10071
f 10069 10071 10072
f 10072 10071 10073
f 10072 10073 10074
f 10075 10076 10077
f 10075 10077 10078
f 10078 10077 10079
f 10078 10079 10080
f 10081 10082 10083
f 10081 10083 10084
f 10084 10083 10085
f 10084 10085 10086
f 10087 10088 10089
f 10089 10088 10090
f 10089 10090 10091
f 10092 10090 10088
f 10092 10088 10093
f 10093 10088 10087
f 10093 10087 10094
f 10095 10096 10097
f 10095 10097 10098
f 10098 10097 10099
f 10098 10099 10100
f 10101 10102 10103
f 10101 10103 10104
f 10104 10103 10105
f 10104 10105 10106
f 10107 10108 10109
f 10107 10109 10110
f 10110 10109 10111
f 10110 10111 10112
f 10113 10114 10115
f 10113 10115 10116
f 10116 10115 10117
f 10116 10117 10118
f 10119 10120 10121
f 10119 10121 10122
f 10122 10121 10123
f 10122 10123 10124
f 10125 10126 10127
f 10125 10127 10128
f 10128 10127 10129
f 10128 10129 10130
f 10131 10132 10133
f 10131 10133 10134
f 10134 10133 10135
f 10134 10135 10136
f 10137 9465 9204
f 9210 10138 9208
f 9208 10138 10137
f 9208 10137 9206
f 9206 10137 9204
f 9210 9209 10138
f 10138 9209 10139
f 10139 9209 10140
f 10140 9209 9207
f 10140 9207 10141
f 10141 9207 10142
f 10142 9207 9205
f 10142 9205 9211
f 10143 10144 10145
f 9216 10146 9214
f 9214 10146 10147
f 10147 10143 9214
f 9214 10143 10145
f 9214 10145 8856
f 8856 10145 9476
f 8856 9476 8855
f 8858 8857 9212
f 9212 8857 9476
f 9212 9476 9211
f 9211 9476 10145
f 9211 10145 10142
f 10142 10145 10144
f 10142 10144 10141
f 10146 9216 9215
f 9223 10148 9221
f 9221 10148 10146
f 9221 10146 9220
f 9220 10146 9215
f 9223 9222 10148
f 10148 9222 10149
f 10149 9222 10150
f 10150 9222 9219
f 10150 9219 10151
f 10151 9219 9218
f 10151 9218 9224
f 10152 10153 10154
f 9229 10155 9227
f 9227 10155 10156
f 10156 10152 9227
f 9227 10152 10154
f 9227 10154 8844
f 8844 10154 9482
f 8844 9482 8843
f 10157 10150 10151
f 8846 8845 9225
f 9225 8845 9482
f 9225 9482 9224
f 9224 9482 10154
f 9224 10154 10151
f 10151 10154 10153
f 10151 10153 10157
f 10155 9229 9228
f 9236 10158 9234
f 9234 10158 10155
f 9234 10155 9232
f 9232 10155 9228
f 9236 9235 10158
f 10158 9235 10159
f 10159 9235 10160
f 10160 9235 9231
f 10160 9231 10161
f 10161 9231 9230
f 10161 9230 9237
f 9242 10162 10163
f 8831 8832 9486
f 9486 8832 9484
f 9484 8832 10164
f 10164 8832 9240
f 10164 9240 9242
f 9242 10163 10164
f 10164 10163 10165
f 10164 10165 10160
f 8834 8833 9238
f 9238 8833 9484
f 9238 9484 9237
f 9237 9484 10164
f 9237 10164 10161
f 10161 10164 10160
f 9247 10166 9245
f 9245 10166 10162
f 9245 10162 9241
f 9241 10162 9242
f 10166 9247 10167
f 10167 9247 9248
f 10167 9248 10168
f 10168 9248 10169
f 10169 9248 9244
f 10169 9244 10170
f 10170 9244 9243
f 10170 9243 9249
f 10171 10172 10173
f 9252 9254 10174
f 9489 8819 8820
f 10174 10171 9252
f 9252 10171 10173
f 9252 10173 8820
f 8820 10173 9488
f 8820 9488 9489
f 10175 10169 10170
f 8822 8821 9250
f 9250 8821 9488
f 9250 9488 9249
f 9249 9488 10173
f 9249 10173 10170
f 10170 10173 10172
f 10170 10172 10175
f 10174 9254 9253
f 9261 10176 9259
f 9259 10176 10174
f 9259 10174 9258
f 9258 10174 9253
f 10176 9261 10177
f 10177 9261 9260
f 10177 9260 10178
f 10178 9260 10179
f 10179 9260 9257
f 10179 9257 10180
f 10180 9257 9256
f 10180 9256 9262
f 10181 10182 10183
f 10181 10183 10184
f 9265 9267 10185
f 10185 10184 9265
f 9265 10184 10183
f 9265 10183 8808
f 8808 10183 9493
f 8808 9493 8807
f 8810 8809 9263
f 9263 8809 9493
f 9263 9493 9262
f 9262 9493 10183
f 9262 10183 10180
f 10180 10183 10182
f 10180 10182 10179
f 9272 10186 9271
f 9271 10186 10185
f 9271 10185 9266
f 9266 10185 9267
f 9272 9273 10186
f 10186 9273 10187
f 10187 9273 10188
f 10188 9273 9270
f 10188 9270 10189
f 10189 9270 10190
f 10190 9270 9269
f 10190 9269 9274
f 10191 10192 10193
f 9279 10194 9277
f 9277 10194 10195
f 10195 10191 9277
f 9277 10191 10193
f 9277 10193 8796
f 8796 10193 9498
f 8796 9498 8795
f 8798 8797 9275
f 9275 8797 9498
f 9275 9498 9274
f 9274 9498 10193
f 9274 10193 10190
f 10190 10193 10192
f 10190 10192 10189
f 9284 10196 9282
f 9282 10196 10194
f 9282 10194 9278
f 9278 10194 9279
f 9284 9285 10196
f 10196 9285 10197
f 10197 9285 10198
f 10198 9285 9281
f 10198 9281 10199
f 10199 9281 9280
f 10199 9280 9286
f 9500 9501 10200
f 10201 10202 10200
f 9291 10203 9289
f 9289 10203 10204
f 9503 8783 8784
f 10204 10201 9289
f 9289 10201 10200
f 9289 10200 8784
f 8784 10200 9501
f 8784 9501 9503
f 10205 10198 10199
f 8786 8785 9287
f 9287 8785 9500
f 9287 9500 9286
f 9286 9500 10200
f 9286 10200 10199
f 10199 10200 10202
f 10199 10202 10205
f 9297 10206 9295
f 9295 10206 10203
f 9295 10203 9290
f 9290 10203 9291
f 9297 9296 10206
f 10206 9296 10207
f 9293 9298 9294
f 9294 9298 10208
f 9294 10208 9296
f 9296 10208 10207
f 9508 8771 8772
f 9301 10209 8772
f 8772 10209 9507
f 8772 9507 9508
f 8774 8773 9299
f 9299 8773 9507
f 9299 9507 9298
f 9298 9507 10209
f 9303 10210 9301
f 9301 10210 10211
f 9301 10211 10209
f 10209 10211 10212
f 10209 10212 9298
f 9298 10212 10213
f 9298 10213 10208
f 9310 10214 9308
f 9308 10214 10215
f 9308 10215 9306
f 9306 10215 10210
f 9306 10210 9302
f 9302 10210 9303
f 10214 9310 10216
f 10216 9310 9309
f 10216 9309 10217
f 10217 9309 10218
f 10218 9309 9305
f 10218 9305 10219
f 10219 9305 9304
f 10219 9304 9311
f 10220 10221 10222
f 9314 9316 10223
f 10223 10220 9314
f 9314 10220 10222
f 9314 10222 8760
f 8760 10222 9512
f 8760 9512 8759
f 10224 10218 10219
f 8762 8761 9312
f 9312 8761 9512
f 9312 9512 9311
f 9311 9512 10222
f 9311 10222 10219
f 10219 10222 10221
f 10219 10221 10224
f 10223 9316 9315
f 9323 10225 9321
f 9321 10225 10223
f 9321 10223 9320
f 9320 10223 9315
f 10225 9323 10226
f 10226 9323 9322
f 10226 9322 10227
f 10227 9322 10228
f 10228 9322 9319
f 10228 9319 10229
f 10229 9319 9318
f 10229 9318 9324
f 10230 10231 10232
f 10230 10232 10233
f 9327 9329 10234
f 10234 10233 9327
f 9327 10233 10232
f 9327 10232 8748
f 8748 10232 9517
f 8748 9517 8747
f 8750 8749 9325
f 9325 8749 9517
f 9325 9517 9324
f 9324 9517 10232
f 9324 10232 10229
f 10229 10232 10231
f 10229 10231 10228
f 9334 10235 9333
f 9333 10235 10234
f 9333 10234 9328
f 9328 10234 9329
f 9334 9335 10235
f 10235 9335 10236
f 10236 9335 10237
f 10237 9335 9332
f 10237 9332 10238
f 10238 9332 10239
f 10239 9332 9331
f 10239 9331 9336
f 9519 9520 10240
f 10241 10242 10240
f 9341 10243 9339
f 9339 10243 10244
f 9522 8735 8736
f 10244 10241 9339
f 9339 10241 10240
f 9339 10240 8736
f 8736 10240 9520
f 8736 9520 9522
f 8738 8737 9337
f 9337 8737 9519
f 9337 9519 9336
f 9336 9519 10240
f 9336 10240 10239
f 10239 10240 10242
f 10239 10242 10238
f 9347 10245 9344
f 9344 10245 10243
f 9344 10243 9340
f 9340 10243 9341
f 9347 9346 10245
f 10245 9346 10246
f 10246 9346 10247
f 10247 9346 9343
f 10247 9343 10248
f 10248 9343 9342
f 10248 9342 9348
f 10249 10250 10251
f 9353 10252 9351
f 9351 10252 10253
f 9527 8723 8724
f 10253 10249 9351
f 9351 10249 10251
f 9351 10251 8724
f 8724 10251 9526
f 8724 9526 9527
f 10254 10247 10248
f 8726 8725 9349
f 9349 8725 9526
f 9349 9526 9348
f 9348 9526 10251
f 9348 10251 10248
f 10248 10251 10250
f 10248 10250 10254
f 9358 10255 9357
f 9357 10255 10252
f 9357 10252 9352
f 9352 10252 9353
f 9358 9359 10255
f 10255 9359 10256
f 10256 9359 10257
f 10257 9359 9356
f 10257 9356 10258
f 10258 9356 9355
f 10258 9355 9360
f 10259 10260 10261
f 9363 9365 10262
f 9532 8711 8712
f 10262 10259 9363
f 9363 10259 10261
f 9363 10261 8712
f 8712 10261 9531
f 8712 9531 9532
f 10263 10257 10258
f 8714 8713 9361
f 9361 8713 9531
f 9361 9531 9360
f 9360 9531 10261
f 9360 10261 10258
f 10258 10261 10260
f 10258 10260 10263
f 9365 9364 10262
f 10262 9364 9369
f 10262 9369 10264
f 10264 9369 9371
f 10264 9371 10265
f 10265 9371 10266
f 10266 9371 9370
f 10266 9370 10267
f 10267 9370 10268
f 10268 9370 9368
f 10268 9368 10269
f 10269 9368 9367
f 10269 9367 9372
f 10270 10271 10272
f 9375 9377 10273
f 10273 10270 9375
f 9375 10270 10272
f 9375 10272 8700
f 8700 10272 9537
f 8700 9537 8699
f 10274 10268 10269
f 8702 8701 9373
f 9373 8701 9537
f 9373 9537 9372
f 9372 9537 10272
f 9372 10272 10269
f 10269 10272 10271
f 10269 10271 10274
f 10273 9377 9376
f 9384 10275 9382
f 9382 10275 10273
f 9382 10273 9381
f 9381 10273 9376
f 10275 9384 10276
f 10276 9384 9383
f 10276 9383 10277
f 10277 9383 10278
f 10278 9383 9380
f 10278 9380 10279
f 10279 9380 9379
f 10279 9379 9471
f 10060 10059 10280
f 10280 10059 10281
f 10047 10046 10054
f 10054 10046 10282
f 10054 10282 10062
f 10062 10282 10283
f 10062 10283 10059
f 10059 10283 10281
f 9388 9390 10284
f 10043 10040 9385
f 9388 10284 9385
f 9385 10284 10285
f 9385 10285 10043
f 9390 9389 10284
f 10284 9389 10286
f 10033 10032 9386
f 9386 10032 10287
f 9386 10287 9387
f 9387 10287 10288
f 9387 10288 9389
f 9389 10288 10286
f 9394 9396 10289
f 10029 10026 9391
f 9394 10289 9391
f 9391 10289 10290
f 9391 10290 10029
f 9396 9395 10289
f 10289 9395 10291
f 10019 10018 9392
f 9392 10018 10292
f 9392 10292 9393
f 9393 10292 10293
f 9393 10293 9395
f 9395 10293 10291
f 9399 9398 10294
f 10015 10012 9401
f 9399 10294 9401
f 9401 10294 10295
f 9401 10295 10015
f 10294 9398 10296
f 10296 9398 9397
f 10296 9397 10297
f 10005 10004 9402
f 9402 10004 10298
f 9402 10298 9400
f 9400 10298 10299
f 9400 10299 9397
f 9397 10299 10297
f 9406 9408 10300
f 10001 9998 9403
f 9406 10300 9403
f 9403 10300 10301
f 9403 10301 10001
f 10300 9408 10302
f 10302 9408 9407
f 10302 9407 10303
f 9991 9990 9404
f 9404 9990 10304
f 9404 10304 9405
f 9405 10304 10305
f 9405 10305 9407
f 9407 10305 10303
f 9412 9414 10306
f 9987 9984 9409
f 9412 10306 9409
f 9409 10306 10307
f 9409 10307 9987
f 9414 9413 10306
f 10306 9413 10308
f 9977 9976 9410
f 9410 9976 10309
f 9410 10309 9411
f 9411 10309 10310
f 9411 10310 9413
f 9413 10310 10308
f 9418 9420 10311
f 9973 9970 9415
f 9418 10311 9415
f 9415 10311 10312
f 9415 10312 9973
f 9420 9419 10311
f 10311 9419 10313
f 9963 9962 9416
f 9416 9962 10314
f 9416 10314 9417
f 9417 10314 10315
f 9417 10315 9419
f 9419 10315 10313
f 9423 9422 10316
f 9959 9957 9424
f 9423 10316 9424
f 9424 10316 10317
f 9424 10317 9959
f 9422 9421 10316
f 10316 9421 10318
f 10318 9421 10319
f 10319 9421 9427
f 10319 9427 9948
f 9948 9427 9428
f 9948 9428 9949
f 9945 9942 9429
f 9434 10320 9432
f 9432 10320 10321
f 9432 10321 9429
f 9429 10321 10322
f 9429 10322 9945
f 10320 9434 10323
f 10323 9434 9433
f 10323 9433 10324
f 9935 9934 9430
f 9430 9934 10325
f 9430 10325 9431
f 9431 10325 10326
f 9431 10326 9433
f 9433 10326 10324
f 9438 9440 10327
f 9931 9928 9435
f 9438 10327 9435
f 9435 10327 10328
f 9435 10328 9931
f 10327 9440 10329
f 10329 9440 9439
f 10329 9439 10330
f 9921 9920 9436
f 9436 9920 10331
f 9436 10331 9437
f 9437 10331 10332
f 9437 10332 9439
f 9439 10332 10330
f 9444 9446 10333
f 9917 9914 9441
f 9444 10333 9441
f 9441 10333 10334
f 9441 10334 9917
f 9446 9445 10333
f 10333 9445 10335
f 9907 9906 9442
f 9442 9906 10336
f 9442 10336 9443
f 9443 10336 10337
f 9443 10337 9445
f 9445 10337 10335
f 9450 9452 10338
f 9903 9900 9447
f 9450 10338 9447
f 9447 10338 10339
f 9447 10339 9903
f 9452 9451 10338
f 10338 9451 10340
f 9893 9892 9448
f 9448 9892 10341
f 9448 10341 9449
f 9449 10341 10342
f 9449 10342 9451
f 9451 10342 10340
f 9456 9458 10343
f 9889 9886 9453
f 9456 10343 9453
f 9453 10343 10344
f 9453 10344 9889
f 9458 9457 10343
f 10343 9457 10345
f 9879 9878 9454
f 9454 9878 10346
f 9454 10346 9455
f 9455 10346 10347
f 9455 10347 9457
f 9457 10347 10345
f 9875 9872 9459
f 9464 10348 9462
f 9462 10348 10349
f 9462 10349 9459
f 9459 10349 10350
f 9459 10350 9875
f 10348 9464 10351
f 10351 9464 9463
f 10351 9463 10352
f 9865 9864 9460
f 9460 9864 10353
f 9460 10353 9461
f 9461 10353 10354
f 9461 10354 9463
f 9463 10354 10352
f 10355 10356 10357
f 10357 10356 10358
f 10357 10358 10359
f 10359 10358 9863
f 10359 9863 9862
f 10356 10355 10360
f 10360 10355 10361
f 10360 10361 10362
f 10359 10363 10364
f 10359 10364 10357
f 10357 10364 10361
f 10357 10361 10355
f 10365 10366 9859
f 9859 10366 10367
f 9859 10367 9860
f 9860 10367 10368
f 9860 10368 9862
f 9862 10368 10369
f 9862 10369 10359
f 10359 10369 10363
f 10370 10371 10372
f 10370 10372 10373
f 10373 10372 10374
f 10373 10374 10375
f 8868 9466 10376
f 9125 9124 9470
f 9470 9124 9793
f 8867 8868 9473
f 9473 8868 10376
f 9473 10376 9793
f 9793 10376 9467
f 9793 9467 9470
f 10377 9467 10378
f 10378 9467 10376
f 10378 10376 10379
f 10379 10376 9466
f 10379 9466 10137
f 10137 9466 9465
f 10136 10135 10380
f 10380 10135 10381
f 10130 10129 10382
f 10382 10129 10383
f 10124 10123 10384
f 10384 10123 10385
f 10386 10118 10387
f 10387 10118 10117
f 10387 10117 10388
f 10389 10112 10390
f 10390 10112 10111
f 10390 10111 10391
f 10106 10105 10392
f 10392 10105 10393
f 10100 10099 10394
f 10394 10099 10395
f 10094 10087 10396
f 10396 10087 10397
f 10398 10086 10399
f 10399 10086 10085
f 10399 10085 10400
f 10401 10080 10402
f 10402 10080 10079
f 10402 10079 10403
f 10404 10405 10406
f 10406 10405 10407
f 10375 10374 10408
f 10408 10374 10409
f 10410 10074 10411
f 10411 10074 10073
f 10411 10073 10412
f 10413 10068 10414
f 10414 10068 10067
f 10414 10067 10415
f 10279 9471 10416
f 9036 9553 10416
f 8690 8689 9472
f 9472 8689 9543
f 9035 9036 9542
f 9542 9036 10416
f 9542 10416 9543
f 9543 10416 9471
f 9543 9471 9472
f 10278 10279 10417
f 10417 10279 10416
f 10417 10416 10418
f 10418 10416 9553
f 10418 9553 10419
f 10419 9553 9555
f 9561 10420 9559
f 9559 10420 10419
f 9559 10419 9554
f 9554 10419 9555
f 9561 9560 10420
f 10420 9560 10421
f 10421 9560 10422
f 10422 9560 9558
f 10422 9558 10423
f 10423 9558 10424
f 10424 9558 9557
f 10424 9557 9562
f 10425 10426 10427
f 9567 10428 9565
f 9565 10428 10429
f 10429 10425 9565
f 9565 10425 10427
f 9565 10427 9024
f 9024 10427 9728
f 9024 9728 9023
f 9026 9025 9563
f 9563 9025 9728
f 9563 9728 9562
f 9562 9728 10427
f 9562 10427 10424
f 10424 10427 10426
f 10424 10426 10423
f 9572 10430 9571
f 9571 10430 10428
f 9571 10428 9566
f 9566 10428 9567
f 9572 9573 10430
f 10430 9573 10431
f 10431 9573 10432
f 10432 9573 9570
f 10432 9570 10433
f 10433 9570 9569
f 10433 9569 9574
f 10434 10435 10436
f 9579 10437 9577
f 9577 10437 10438
f 10438 10434 9577
f 9577 10434 10436
f 9577 10436 9012
f 9012 10436 9733
f 9012 9733 9011
f 10439 10432 10433
f 9014 9013 9575
f 9575 9013 9733
f 9575 9733 9574
f 9574 9733 10436
f 9574 10436 10433
f 10433 10436 10435
f 10433 10435 10439
f 9585 10440 9582
f 9582 10440 10437
f 9582 10437 9578
f 9578 10437 9579
f 9585 9584 10440
f 10440 9584 10441
f 10441 9584 10442
f 10442 9584 9581
f 10442 9581 10443
f 10443 9581 9580
f 10443 9580 9586
f 9735 9736 10444
f 8999 9000 9738
f 9738 9000 9736
f 9736 9000 10444
f 10444 9000 9591
f 10444 9591 9589
f 9588 10445 9589
f 9589 10445 10446
f 9589 10446 10444
f 10444 10446 10447
f 10444 10447 10442
f 9002 9001 9587
f 9587 9001 9735
f 9587 9735 9586
f 9586 9735 10444
f 9586 10444 10443
f 10443 10444 10442
f 9598 10448 9595
f 9595 10448 10445
f 9595 10445 9590
f 9590 10445 9588
f 10448 9598 10449
f 10449 9598 9597
f 10449 9597 10450
f 10450 9597 10451
f 10451 9597 9594
f 10451 9594 10452
f 10452 9594 9593
f 10452 9593 9599
f 10453 10454 10455
f 9602 9604 10456
f 9743 8987 8988
f 10456 10453 9602
f 9602 10453 10455
f 9602 10455 8988
f 8988 10455 9742
f 8988 9742 9743
f 10457 10451 10452
f 8990 8989 9600
f 9600 8989 9742
f 9600 9742 9599
f 9599 9742 10455
f 9599 10455 10452
f 10452 10455 10454
f 10452 10454 10457
f 9609 10458 9608
f 9608 10458 10456
f 9608 10456 9603
f 9603 10456 9604
f 10458 9609 10459
f 10459 9609 9610
f 10459 9610 10460
f 10460 9610 10461
f 10461 9610 9607
f 10461 9607 10462
f 10462 9607 9606
f 10462 9606 9611
f 10463 10464 9616
f 9616 10464 10465
f 9616 10465 9614
f 9614 10465 8976
f 8976 10465 9747
f 8976 9747 8975
f 8978 8977 9612
f 9612 8977 9747
f 9612 9747 9611
f 9611 9747 10465
f 9611 10465 10462
f 10462 10465 10464
f 10462 10464 10461
f 9622 10466 9620
f 9620 10466 10463
f 9620 10463 9615
f 9615 10463 9616
f 9622 9621 10466
f 10466 9621 10467
f 10467 9621 10468
f 10468 9621 9619
f 10468 9619 10469
f 10469 9619 10470
f 10470 9619 9618
f 10470 9618 9623
f 10471 10472 10473
f 9628 10474 9626
f 9626 10474 10475
f 10475 10471 9626
f 9626 10471 10473
f 9626 10473 8964
f 8964 10473 9752
f 8964 9752 8963
f 8966 8965 9624
f 9624 8965 9752
f 9624 9752 9623
f 9623 9752 10473
f 9623 10473 10470
f 10470 10473 10472
f 10470 10472 10469
f 10474 9628 9627
f 9635 10476 9633
f 9633 10476 10474
f 9633 10474 9631
f 9631 10474 9627
f 9635 9634 10476
f 10476 9634 10477
f 10477 9634 10478
f 10478 9634 9630
f 10478 9630 10479
f 10479 9630 9629
f 10479 9629 9642
f 10480 10481 10482
f 9754 9756 10482
f 8954 8953 9640
f 9640 8953 9754
f 9640 9754 9641
f 9641 9754 10482
f 9641 10482 9642
f 10483 10478 10479
f 9642 10482 10479
f 10479 10482 10481
f 10479 10481 10483
f 9639 10484 9637
f 9637 10484 10485
f 10485 10480 9637
f 9637 10480 10482
f 9637 10482 8952
f 8952 10482 9756
f 8952 9756 8951
f 9643 10486 9644
f 9644 10486 10484
f 9644 10484 9638
f 9638 10484 9639
f 9643 9645 10486
f 10486 9645 10487
f 9648 9650 9647
f 9647 9650 10488
f 9647 10488 9645
f 9645 10488 10487
f 9761 8939 8940
f 9653 10489 8940
f 8940 10489 9760
f 8940 9760 9761
f 8942 8941 9651
f 9651 8941 9760
f 9651 9760 9650
f 9650 9760 10489
f 9655 10490 9653
f 9653 10490 10491
f 9653 10491 10489
f 10489 10491 10492
f 10489 10492 9650
f 9650 10492 10493
f 9650 10493 10488
f 9655 9654 10490
f 10490 9654 9658
f 10490 9658 10494
f 10494 9658 9660
f 10494 9660 10495
f 10495 9660 10496
f 10496 9660 9661
f 10496 9661 10497
f 9656 9662 9657
f 9657 9662 10498
f 9657 10498 9661
f 9661 10498 10497
f 10499 10498 9662
f 10500 10501 10502
f 9665 9667 10503
f 10503 10500 9665
f 9665 10500 10502
f 9665 10502 8928
f 8928 10502 9765
f 8928 9765 8927
f 10501 10499 10502
f 10502 10499 9662
f 10502 9662 9765
f 9765 9662 9663
f 9765 9663 8929
f 8929 9663 8930
f 9672 10504 9671
f 9671 10504 10503
f 9671 10503 9666
f 9666 10503 9667
f 10504 9672 10505
f 10505 9672 9673
f 10505 9673 10506
f 10506 9673 10507
f 10507 9673 9670
f 10507 9670 10508
f 10508 9670 9669
f 10508 9669 9674
f 10509 10510 10511
f 9677 9679 10512
f 10512 10509 9677
f 9677 10509 10511
f 9677 10511 8916
f 8916 10511 9770
f 8916 9770 8915
f 10513 10507 10508
f 8918 8917 9675
f 9675 8917 9770
f 9675 9770 9674
f 9674 9770 10511
f 9674 10511 10508
f 10508 10511 10510
f 10508 10510 10513
f 9684 10514 9682
f 9682 10514 10512
f 9682 10512 9678
f 9678 10512 9679
f 9684 9685 10514
f 10514 9685 10515
f 10515 9685 10516
f 10516 9685 9681
f 10516 9681 10517
f 10517 9681 10518
f 10518 9681 9680
f 10518 9680 9686
f 9772 9773 10519
f 10520 10521 10519
f 9691 10522 9689
f 9689 10522 10523
f 9775 8903 8904
f 10523 10520 9689
f 9689 10520 10519
f 9689 10519 8904
f 8904 10519 9773
f 8904 9773 9775
f 8906 8905 9687
f 9687 8905 9772
f 9687 9772 9686
f 9686 9772 10519
f 9686 10519 10518
f 10518 10519 10521
f 10518 10521 10517
f 10522 9691 9690
f 9698 10524 9696
f 9696 10524 10522
f 9696 10522 9694
f 9694 10522 9690
f 9698 9697 10524
f 10524 9697 10525
f 10525 9697 10526
f 10526 9697 9693
f 10526 9693 10527
f 10527 9693 9692
f 10527 9692 9699
f 10528 10529 10530
f 9704 10531 9702
f 9702 10531 10532
f 9780 8891 8892
f 10532 10528 9702
f 9702 10528 10530
f 9702 10530 8892
f 8892 10530 9779
f 8892 9779 9780
f 10533 10526 10527
f 8894 8893 9700
f 9700 8893 9779
f 9700 9779 9699
f 9699 9779 10530
f 9699 10530 10527
f 10527 10530 10529
f 10527 10529 10533
f 9709 10534 9708
f 9708 10534 10531
f 9708 10531 9703
f 9703 10531 9704
f 9709 9710 10534
f 10534 9710 10535
f 10535 9710 10536
f 10536 9710 9707
f 10536 9707 10537
f 10537 9707 9706
f 10537 9706 9711
f 10538 10539 10540
f 9714 9716 10541
f 10541 10538 9714
f 9714 10538 10540
f 9714 10540 8880
f 8880 10540 9784
f 8880 9784 8879
f 10542 10536 10537
f 8882 8881 9712
f 9712 8881 9784
f 9712 9784 9711
f 9711 9784 10540
f 9711 10540 10537
f 10537 10540 10539
f 10537 10539 10542
f 9716 9715 10541
f 10541 9715 9720
f 10541 9720 10543
f 10543 9720 9721
f 10543 9721 10544
f 10544 9721 10545
f 10545 9721 9722
f 10545 9722 10546
f 10546 9722 10547
f 10547 9722 9719
f 10547 9719 10548
f 10548 9719 9718
f 10548 9718 9723
f 10549 10550 10551
f 9798 9800 10552
f 10552 10549 9798
f 9798 10549 10551
f 9798 10551 9121
f 9121 10551 9789
f 9121 9789 9120
f 10553 10547 10548
f 8870 8869 9724
f 9724 8869 9789
f 9724 9789 9723
f 9723 9789 10551
f 9723 10551 10548
f 10548 10551 10550
f 10548 10550 10553
f 10552 9800 9799
f 9805 10554 9803
f 9803 10554 10552
f 9803 10552 9801
f 9801 10552 9799
f 10554 9805 10555
f 10555 9805 9804
f 10555 9804 10556
f 9468 9467 9802
f 9802 9467 10377
f 9802 10377 9804
f 9804 10377 10556
f 10557 10558 10559
f 10557 10559 10560
f 10560 10559 10405
f 10560 10405 10404
f 9201 9857 10561
f 9201 10561 9806
f 9806 10561 10562
f 9806 10562 9807
f 9807 10562 10563
f 9807 10563 9808
f 9808 10563 10564
f 9808 10564 9809
f 9809 10564 10565
f 9809 10565 9810
f 9810 10565 10566
f 9810 10566 9811
f 9811 10566 10567
f 9811 10567 9812
f 9812 10567 10568
f 9812 10568 9813
f 9813 10568 10569
f 9813 10569 9814
f 9814 10569 10570
f 9814 10570 9815
f 9815 10570 10571
f 9815 10571 9816
f 9816 10571 10572
f 9816 10572 9817
f 9817 10572 9818
f 9818 10572 10573
f 9818 10573 9819
f 10573 10574 9819
f 9819 10574 10575
f 9819 10575 9820
f 9820 10575 10576
f 9820 10576 9821
f 9821 10576 10577
f 9821 10577 9822
f 9822 10577 10578
f 9822 10578 9823
f 9823 10578 10579
f 9823 10579 9824
f 9824 10579 10580
f 9824 10580 9825
f 9825 10580 10581
f 9825 10581 9826
f 9826 10581 10582
f 9826 10582 9827
f 9827 10582 10583
f 9827 10583 9828
f 9828 10583 10584
f 9828 10584 9829
f 9829 10584 10585
f 9829 10585 9830
f 9830 10585 9831
f 9830 9831 9175
f 9832 9831 10586
f 10586 10587 9832
f 9832 10587 10588
f 9832 10588 9833
f 9833 10588 10589
f 9833 10589 9834
f 9834 10589 10590
f 9834 10590 9835
f 9835 10590 10591
f 9835 10591 9836
f 9836 10591 10592
f 9836 10592 9837
f 9837 10592 10593
f 9837 10593 9838
f 9838 10593 10594
f 9838 10594 9839
f 9839 10594 10595
f 9839 10595 9840
f 9840 10595 10596
f 9840 10596 9841
f 9841 10596 10597
f 9841 10597 9842
f 9842 10597 10598
f 9842 10598 9843
f 9843 10598 10599
f 9843 10599 9844
f 9844 10599 10600
f 9844 10600 9845
f 9845 10600 10601
f 9845 10601 9846
f 9846 10601 10602
f 9846 10602 9847
f 9847 10602 10603
f 9847 10603 9848
f 9848 10603 10604
f 9848 10604 9849
f 9849 10604 10605
f 9849 10605 9850
f 9850 10605 10606
f 9850 10606 9851
f 9851 10606 10607
f 9851 10607 9852
f 9852 10607 10608
f 9852 10608 9853
f 9853 10608 10609
f 9853 10609 9854
f 9854 10609 10610
f 9854 10610 9855
f 9855 10610 10611
f 9855 10611 9856
f 9857 9856 10612
f 10612 9856 10611
f 10612 10611 10613
f 10614 10613 10615
f 10614 10615 10616
f 10616 10615 10617
f 10616 10617 10618
f 10618 10617 10619
f 10618 10619 10620
f 10620 10619 10621
f 10620 10621 10622
f 10622 10621 10623
f 10622 10623 10624
f 10624 10623 10625
f 10624 10625 10626
f 10626 10625 10627
f 10626 10627 10628
f 10628 10627 10629
f 10628 10629 10630
f 10630 10629 10631
f 10630 10631 10632
f 10632 10631 10633
f 10632 10633 10634
f 10634 10633 10635
f 10634 10635 10636
f 10636 10635 10637
f 10637 10635 10638
f 10637 10638 10639
f 10639 10638 10640
f 10640 10638 10641
f 10640 10641 10642
f 10643 10644 10645
f 10645 10644 10646
f 10645 10646 10641
f 10641 10646 10647
f 10641 10647 10642
f 10645 10648 10643
f 10643 10648 10649
f 10643 10649 10650
f 10650 10649 10651
f 10650 10651 10652
f 10652 10651 10653
f 10652 10653 10654
f 10654 10653 10655
f 10654 10655 10656
f 10656 10655 10657
f 10656 10657 10658
f 10658 10657 10659
f 10658 10659 10660
f 10660 10659 10661
f 10660 10661 10662
f 10662 10661 10663
f 10662 10663 10664
f 10664 10663 10665
f 10664 10665 10666
f 10666 10665 10667
f 10666 10667 10668
f 10668 10667 10669
f 10668 10669 10670
f 10613 10611 10615
f 10615 10611 10610
f 10615 10610 10617
f 10617 10610 10609
f 10617 10609 10619
f 10619 10609 10608
f 10619 10608 10621
f 10621 10608 10607
f 10621 10607 10623
f 10623 10607 10606
f 10623 10606 10625
f 10625 10606 10605
f 10625 10605 10627
f 10627 10605 10604
f 10627 10604 10629
f 10629 10604 10603
f 10629 10603 10631
f 10631 10603 10602
f 10631 10602 10633
f 10633 10602 10601
f 10633 10601 10635
f 10635 10601 10600
f 10635 10600 10638
f 10638 10600 10599
f 10638 10599 10641
f 10641 10599 10598
f 10641 10598 10645
f 10645 10598 10597
f 10645 10597 10648
f 10648 10597 10596
f 10648 10596 10649
f 10649 10596 10595
f 10649 10595 10651
f 10651 10595 10594
f 10651 10594 10653
f 10653 10594 10593
f 10653 10593 10655
f 10655 10593 10592
f 10655 10592 10657
f 10657 10592 10591
f 10657 10591 10659
f 10659 10591 10590
f 10659 10590 10661
f 10661 10590 10589
f 10661 10589 10663
f 10663 10589 10588
f 10663 10588 10665
f 10665 10588 10587
f 10665 10587 10667
f 10667 10587 10586
f 10667 10586 10669
f 10671 10672 10367
f 10366 10673 10367
f 10367 10673 10674
f 10367 10674 10671
f 10365 10675 10366
f 10366 10675 10673
f 10675 10365 10676
f 10676 10365 9859
f 10676 9859 10677
f 10677 9859 9858
f 10678 10679 10680
f 9868 10681 9869
f 9869 10681 10682
f 9869 10682 9864
f 9864 10682 10680
f 9864 10680 10353
f 10353 10680 10679
f 10353 10679 10354
f 9861 9863 10358
f 10358 10678 9861
f 9861 10678 10680
f 9861 10680 9858
f 9858 10680 10682
f 9858 10682 10677
f 10681 9868 9867
f 9871 10683 9867
f 9867 10683 10684
f 9867 10684 10681
f 9870 10685 9871
f 9871 10685 10683
f 10685 9870 10686
f 10686 9870 9874
f 10686 9874 10687
f 10687 9874 9877
f 10688 10689 10690
f 9882 10691 9883
f 9883 10691 10692
f 9883 10692 9878
f 9878 10692 10690
f 9878 10690 10346
f 10346 10690 10689
f 10346 10689 10347
f 9876 9875 10350
f 10350 10688 9876
f 9876 10688 10690
f 9876 10690 9877
f 9877 10690 10692
f 9877 10692 10687
f 10691 9882 9881
f 9885 10693 9881
f 9881 10693 10694
f 9881 10694 10691
f 9884 10695 9885
f 9885 10695 10693
f 10695 9884 10696
f 10696 9884 9888
f 10696 9888 10697
f 10697 9888 9891
f 10698 10699 10700
f 9896 10701 9897
f 9897 10701 10702
f 9897 10702 9892
f 9892 10702 10700
f 9892 10700 10341
f 10341 10700 10699
f 10341 10699 10342
f 9890 9889 10344
f 10344 10698 9890
f 9890 10698 10700
f 9890 10700 9891
f 9891 10700 10702
f 9891 10702 10697
f 10701 9896 9895
f 9899 10703 9895
f 9895 10703 10704
f 9895 10704 10701
f 9898 10705 9899
f 9899 10705 10703
f 10705 9898 10706
f 10706 9898 9902
f 10706 9902 10707
f 10707 9902 9905
f 10708 10709 10710
f 9910 10711 9911
f 9911 10711 10712
f 9911 10712 9906
f 9906 10712 10710
f 9906 10710 10336
f 10336 10710 10709
f 10336 10709 10337
f 9904 9903 10339
f 10339 10708 9904
f 9904 10708 10710
f 9904 10710 9905
f 9905 10710 10712
f 9905 10712 10707
f 10711 9910 9909
f 9913 10713 9909
f 9909 10713 10714
f 9909 10714 10711
f 9912 10715 9913
f 9913 10715 10713
f 10715 9912 10716
f 10716 9912 9916
f 10716 9916 10717
f 10717 9916 9919
f 10718 10719 10720
f 9924 10721 9925
f 9925 10721 10722
f 9925 10722 9920
f 9920 10722 10720
f 9920 10720 10331
f 10331 10720 10719
f 10331 10719 10332
f 9918 9917 10334
f 10334 10718 9918
f 9918 10718 10720
f 9918 10720 9919
f 9919 10720 10722
f 9919 10722 10717
f 10721 9924 9923
f 9927 10723 9923
f 9923 10723 10724
f 9923 10724 10721
f 9926 10725 9927
f 9927 10725 10723
f 10725 9926 10726
f 10726 9926 9930
f 10726 9930 10727
f 10727 9930 9933
f 10728 10729 10730
f 9938 10731 9939
f 9939 10731 10732
f 9939 10732 9934
f 9934 10732 10730
f 9934 10730 10325
f 10325 10730 10729
f 10325 10729 10326
f 9932 9931 10328
f 10328 10728 9932
f 9932 10728 10730
f 9932 10730 9933
f 9933 10730 10732
f 9933 10732 10727
f 10731 9938 9937
f 9941 10733 9937
f 9937 10733 10734
f 9937 10734 10731
f 9940 10735 9941
f 9941 10735 10733
f 10735 9940 10736
f 10736 9940 9944
f 10736 9944 10737
f 10737 9944 9947
f 9952 10738 9953
f 9953 10738 10739
f 9953 10739 9948
f 9948 10739 10740
f 10319 9948 10741
f 10741 9948 10740
f 10741 10740 10742
f 9946 9945 10322
f 10322 10742 9946
f 9946 10742 10740
f 9946 10740 9947
f 9947 10740 10739
f 9947 10739 10737
f 10738 9952 9951
f 9954 10743 9951
f 9951 10743 10744
f 9951 10744 10738
f 9955 10745 9954
f 9954 10745 10743
f 10745 9955 10746
f 10746 9955 9956
f 10746 9956 10747
f 10747 9956 9961
f 10748 10749 10750
f 9966 10751 9967
f 9967 10751 10752
f 9967 10752 9962
f 9962 10752 10750
f 9962 10750 10314
f 10314 10750 10749
f 10314 10749 10315
f 9960 9959 10317
f 10317 10748 9960
f 9960 10748 10750
f 9960 10750 9961
f 9961 10750 10752
f 9961 10752 10747
f 10751 9966 9965
f 9969 10753 9965
f 9965 10753 10754
f 9965 10754 10751
f 9968 10755 9969
f 9969 10755 10753
f 10755 9968 10756
f 10756 9968 9972
f 10756 9972 10757
f 10757 9972 9975
f 10758 10759 10760
f 9980 10761 9981
f 9981 10761 10762
f 9981 10762 9976
f 9976 10762 10760
f 9976 10760 10309
f 10309 10760 10759
f 10309 10759 10310
f 9974 9973 10312
f 10312 10758 9974
f 9974 10758 10760
f 9974 10760 9975
f 9975 10760 10762
f 9975 10762 10757
f 10761 9980 9979
f 9983 10763 9979
f 9979 10763 10764
f 9979 10764 10761
f 9982 10765 9983
f 9983 10765 10763
f 10765 9982 10766
f 10766 9982 9986
f 10766 9986 10767
f 10767 9986 9989
f 10768 10769 10770
f 9994 10771 9995
f 9995 10771 10772
f 9995 10772 9990
f 9990 10772 10770
f 9990 10770 10304
f 10304 10770 10769
f 10304 10769 10305
f 9988 9987 10307
f 10307 10768 9988
f 9988 10768 10770
f 9988 10770 9989
f 9989 10770 10772
f 9989 10772 10767
f 10771 9994 9993
f 9997 10773 9993
f 9993 10773 10774
f 9993 10774 10771
f 9996 10775 9997
f 9997 10775 10773
f 10775 9996 10776
f 10776 9996 10000
f 10776 10000 10777
f 10777 10000 10003
f 10778 10779 10780
f 10008 10781 10009
f 10009 10781 10782
f 10009 10782 10004
f 10004 10782 10780
f 10004 10780 10298
f 10298 10780 10779
f 10298 10779 10299
f 10002 10001 10301
f 10301 10778 10002
f 10002 10778 10780
f 10002 10780 10003
f 10003 10780 10782
f 10003 10782 10777
f 10781 10008 10007
f 10011 10783 10007
f 10007 10783 10784
f 10007 10784 10781
f 10010 10785 10011
f 10011 10785 10783
f 10785 10010 10786
f 10786 10010 10014
f 10786 10014 10787
f 10787 10014 10017
f 10788 10789 10790
f 10022 10791 10023
f 10023 10791 10792
f 10023 10792 10018
f 10018 10792 10790
f 10018 10790 10292
f 10292 10790 10789
f 10292 10789 10293
f 10016 10015 10295
f 10295 10788 10016
f 10016 10788 10790
f 10016 10790 10017
f 10017 10790 10792
f 10017 10792 10787
f 10791 10022 10021
f 10025 10793 10021
f 10021 10793 10794
f 10021 10794 10791
f 10024 10795 10025
f 10025 10795 10793
f 10795 10024 10796
f 10796 10024 10028
f 10796 10028 10797
f 10797 10028 10031
f 10798 10799 10800
f 10036 10801 10037
f 10037 10801 10802
f 10037 10802 10032
f 10032 10802 10800
f 10032 10800 10287
f 10287 10800 10799
f 10287 10799 10288
f 10030 10029 10290
f 10290 10798 10030
f 10030 10798 10800
f 10030 10800 10031
f 10031 10800 10802
f 10031 10802 10797
f 10801 10036 10035
f 10039 10803 10035
f 10035 10803 10804
f 10035 10804 10801
f 10038 10805 10039
f 10039 10805 10803
f 10805 10038 10806
f 10806 10038 10042
f 10806 10042 10807
f 10807 10042 10045
f 10808 10809 10810
f 10050 10811 10051
f 10051 10811 10812
f 10051 10812 10046
f 10046 10812 10810
f 10046 10810 10282
f 10282 10810 10809
f 10282 10809 10283
f 10044 10043 10285
f 10285 10808 10044
f 10044 10808 10810
f 10044 10810 10045
f 10045 10810 10812
f 10045 10812 10807
f 10811 10050 10049
f 10053 10813 10049
f 10049 10813 10814
f 10049 10814 10811
f 10052 10815 10053
f 10053 10815 10813
f 10815 10052 10816
f 10816 10052 10058
f 10816 10058 10817
f 10817 10058 10818
f 10056 10819 10057
f 10057 10819 10820
f 10057 10820 10058
f 10058 10820 10818
f 10061 10060 10280
f 10819 10056 10055
f 10061 10280 10055
f 10055 10280 10821
f 10055 10821 10819
f 10822 10823 10064
f 10064 10823 10824
f 10064 10824 10065
f 10065 10824 10825
f 10065 10825 10067
f 10067 10825 10415
f 10823 10822 10826
f 10827 10828 10826
f 10826 10828 10829
f 10826 10829 10823
f 10830 10831 10827
f 10064 10063 10822
f 10822 10063 10832
f 10822 10832 10826
f 10826 10832 10833
f 10826 10833 10827
f 10827 10833 10834
f 10827 10834 10830
f 10832 10835 10833
f 10833 10835 10836
f 10833 10836 10834
f 10834 10836 10837
f 10066 10068 10413
f 10835 10832 10063
f 10066 10413 10063
f 10063 10413 10838
f 10063 10838 10835
f 10839 10840 10070
f 10070 10840 10841
f 10070 10841 10071
f 10071 10841 10842
f 10071 10842 10073
f 10073 10842 10412
f 10840 10839 10843
f 10844 10845 10843
f 10843 10845 10846
f 10843 10846 10840
f 10847 10848 10844
f 10070 10069 10839
f 10839 10069 10849
f 10839 10849 10843
f 10843 10849 10850
f 10843 10850 10844
f 10844 10850 10851
f 10844 10851 10847
f 10849 10852 10850
f 10850 10852 10853
f 10850 10853 10851
f 10851 10853 10854
f 10852 10849 10069
f 10074 10410 10072
f 10072 10410 10855
f 10072 10855 10069
f 10069 10855 10856
f 10069 10856 10852
f 10857 10858 10371
f 10371 10858 10859
f 10371 10859 10372
f 10372 10859 10860
f 10372 10860 10374
f 10374 10860 10409
f 10858 10857 10861
f 10862 10863 10861
f 10861 10863 10864
f 10861 10864 10858
f 10865 10866 10862
f 10371 10370 10857
f 10857 10370 10867
f 10857 10867 10861
f 10861 10867 10868
f 10861 10868 10862
f 10862 10868 10869
f 10862 10869 10865
f 10870 10871 10872
f 10872 10871 10873
f 10872 10873 10874
f 10874 10873 10875
f 10874 10875 10876
f 10876 10875 10877
f 10876 10877 10557
f 10557 10877 10558
f 10876 10878 10874
f 10874 10878 10879
f 10874 10879 10872
f 10872 10879 10880
f 10560 10404 10406
f 10878 10876 10557
f 10560 10406 10557
f 10557 10406 10881
f 10557 10881 10878
f 10882 10883 10076
f 10076 10883 10884
f 10076 10884 10077
f 10077 10884 10885
f 10077 10885 10079
f 10079 10885 10403
f 10883 10882 10886
f 10887 10888 10886
f 10886 10888 10889
f 10886 10889 10883
f 10890 10891 10887
f 10076 10075 10882
f 10882 10075 10892
f 10882 10892 10886
f 10886 10892 10893
f 10886 10893 10887
f 10887 10893 10894
f 10887 10894 10890
f 10892 10895 10893
f 10893 10895 10896
f 10893 10896 10894
f 10894 10896 10897
f 10078 10080 10401
f 10895 10892 10075
f 10078 10401 10075
f 10075 10401 10898
f 10075 10898 10895
f 10899 10900 10082
f 10082 10900 10901
f 10082 10901 10083
f 10083 10901 10902
f 10083 10902 10085
f 10085 10902 10400
f 10900 10899 10903
f 10904 10905 10903
f 10903 10905 10906
f 10903 10906 10900
f 10907 10908 10904
f 10082 10081 10899
f 10899 10081 10909
f 10899 10909 10903
f 10903 10909 10910
f 10903 10910 10904
f 10904 10910 10911
f 10904 10911 10907
f 10912 10913 10914
f 10915 10916 10914
f 10914 10916 10917
f 10914 10917 10912
f 10909 10918 10910
f 10910 10918 10919
f 10910 10919 10911
f 10911 10919 10920
f 10918 10909 10081
f 10086 10398 10084
f 10084 10398 10921
f 10084 10921 10081
f 10081 10921 10922
f 10081 10922 10918
f 10397 10087 10923
f 10923 10087 10089
f 10923 10089 10912
f 10912 10089 10091
f 10912 10091 10913
f 10924 10915 10925
f 10925 10915 10926
f 10090 10092 10927
f 10090 10927 10091
f 10926 10915 10928
f 10928 10915 10914
f 10928 10914 10927
f 10927 10914 10913
f 10927 10913 10091
f 10927 10929 10928
f 10928 10929 10930
f 10928 10930 10926
f 10926 10930 10931
f 10093 10094 10396
f 10929 10927 10092
f 10093 10396 10092
f 10092 10396 10932
f 10092 10932 10929
f 10933 10934 10096
f 10096 10934 10935
f 10096 10935 10097
f 10097 10935 10936
f 10097 10936 10099
f 10099 10936 10395
f 10934 10933 10937
f 10938 10939 10937
f 10937 10939 10940
f 10937 10940 10934
f 10941 10942 10938
f 10096 10095 10933
f 10933 10095 10943
f 10933 10943 10937
f 10937 10943 10944
f 10937 10944 10938
f 10938 10944 10945
f 10938 10945 10941
f 10943 10946 10944
f 10944 10946 10947
f 10944 10947 10945
f 10945 10947 10948
f 10098 10100 10394
f 10946 10943 10095
f 10098 10394 10095
f 10095 10394 10949
f 10095 10949 10946
f 10950 10951 10102
f 10102 10951 10952
f 10102 10952 10103
f 10103 10952 10953
f 10103 10953 10105
f 10105 10953 10393
f 10951 10950 10954
f 10955 10956 10954
f 10954 10956 10957
f 10954 10957 10951
f 10958 10959 10955
f 10102 10101 10950
f 10950 10101 10960
f 10950 10960 10954
f 10954 10960 10961
f 10954 10961 10955
f 10955 10961 10962
f 10955 10962 10958
f 10960 10963 10961
f 10961 10963 10964
f 10961 10964 10962
f 10962 10964 10965
f 10104 10106 10392
f 10963 10960 10101
f 10104 10392 10101
f 10101 10392 10966
f 10101 10966 10963
f 10967 10968 10108
f 10108 10968 10969
f 10108 10969 10109
f 10109 10969 10970
f 10109 10970 10111
f 10111 10970 10391
f 10968 10967 10971
f 10972 10973 10971
f 10971 10973 10974
f 10971 10974 10968
f 10975 10976 10972
f 10108 10107 10967
f 10967 10107 10977
f 10967 10977 10971
f 10971 10977 10978
f 10971 10978 10972
f 10972 10978 10979
f 10972 10979 10975
f 10977 10980 10978
f 10978 10980 10981
f 10978 10981 10979
f 10979 10981 10982
f 10110 10112 10389
f 10980 10977 10107
f 10110 10389 10107
f 10107 10389 10983
f 10107 10983 10980
f 10984 10985 10114
f 10114 10985 10986
f 10114 10986 10115
f 10115 10986 10987
f 10115 10987 10117
f 10117 10987 10388
f 10985 10984 10988
f 10989 10990 10988
f 10988 10990 10991
f 10988 10991 10985
f 10992 10993 10989
f 10114 10113 10984
f 10984 10113 10994
f 10984 10994 10988
f 10988 10994 10995
f 10988 10995 10989
f 10989 10995 10996
f 10989 10996 10992
f 10994 10997 10995
f 10995 10997 10998
f 10995 10998 10996
f 10996 10998 10999
f 10116 10118 10386
f 10997 10994 10113
f 10116 10386 10113
f 10113 10386 11000
f 10113 11000 10997
f 11001 11002 10120
f 10120 11002 11003
f 10120 11003 10121
f 10121 11003 11004
f 10121 11004 10123
f 10123 11004 10385
f 11002 11001 11005
f 11006 11007 11005
f 11005 11007 11008
f 11005 11008 11002
f 11009 11010 11006
f 10120 10119 11001
f 11001 10119 11011
f 11001 11011 11005
f 11005 11011 11012
f 11005 11012 11006
f 11006 11012 11013
f 11006 11013 11009
f 11011 11014 11012
f 11012 11014 11015
f 11012 11015 11013
f 11013 11015 11016
f 10122 10124 10384
f 11014 11011 10119
f 10122 10384 10119
f 10119 10384 11017
f 10119 11017 11014
f 11018 11019 10126
f 10126 11019 11020
f 10126 11020 10127
f 10127 11020 11021
f 10127 11021 10129
f 10129 11021 10383
f 11019 11018 11022
f 11023 11024 11022
f 11022 11024 11025
f 11022 11025 11019
f 11026 11027 11023
f 10126 10125 11018
f 11018 10125 11028
f 11018 11028 11022
f 11022 11028 11029
f 11022 11029 11023
f 11023 11029 11030
f 11023 11030 11026
f 11028 11031 11029
f 11029 11031 11032
f 11029 11032 11030
f 11030 11032 11033
f 10128 10130 10382
f 11031 11028 10125
f 10128 10382 10125
f 10125 10382 11034
f 10125 11034 11031
f 11035 11036 10132
f 10132 11036 11037
f 10132 11037 10133
f 10133 11037 11038
f 10133 11038 10135
f 10135 11038 10381
f 11036 11035 11039
f 11040 11041 11039
f 11039 11041 11042
f 11039 11042 11036
f 11043 11044 11040
f 10132 10131 11035
f 11035 10131 11045
f 11035 11045 11039
f 11039 11045 11046
f 11039 11046 11040
f 11040 11046 11047
f 11040 11047 11043
f 10134 10136 10380
f 11048 11045 10131
f 10134 10380 10131
f 10131 10380 11049
f 10131 11049 11048
f 10182 10181 11050
f 10215 10211 10210
f 10231 10230 11051
f 10264 10259 10262
f 11052 10821 10280
f 10281 11053 11054
f 11053 10281 10283
f 10789 10788 11055
f 11055 10788 10295
f 11055 10295 10294
f 10322 11056 10742
f 11056 10322 10321
f 10719 11057 10332
f 10718 10334 10333
f 10699 11058 10342
f 10350 11059 10688
f 11059 10350 10349
f 10352 10354 11060
f 11060 10354 10679
f 11060 10679 10356
f 10356 10679 10678
f 10356 10678 10358
f 10351 10352 11061
f 11061 10352 11060
f 11061 11060 11062
f 11062 11060 10356
f 11062 10356 10360
f 10351 11063 10348
f 10348 11063 11064
f 10348 11064 10349
f 10349 11064 11065
f 10349 11065 11059
f 10688 11059 10689
f 10689 11059 11065
f 10689 11065 10347
f 11066 10344 10343
f 11058 10699 11066
f 11066 10699 10698
f 11066 10698 10344
f 10340 11067 10338
f 10338 11067 11068
f 10338 11068 10339
f 10339 11068 11069
f 10339 11069 10708
f 10708 11069 10709
f 10337 11070 10335
f 10335 11070 11071
f 10335 11071 10333
f 10719 10718 11057
f 11057 10718 10333
f 11057 10333 11050
f 11050 10333 11071
f 10327 10329 11072
f 11072 10329 10330
f 11073 11074 10328
f 10326 10729 11074
f 11074 10729 10728
f 11074 10728 10328
f 10326 11074 10324
f 10324 11074 11073
f 10324 11073 10323
f 10323 11075 10320
f 10320 11075 11076
f 10320 11076 10321
f 10321 11076 11077
f 10321 11077 11056
f 10742 11056 10741
f 10741 11056 11077
f 10741 11077 10319
f 10748 10317 11078
f 11078 10317 10316
f 10748 11078 10749
f 10749 11078 11079
f 10749 11079 10315
f 10313 11080 10311
f 10311 11080 11081
f 10311 11081 10312
f 10312 11081 11082
f 10312 11082 10758
f 10758 11082 10759
f 10310 11083 10308
f 10308 11083 11084
f 10308 11084 10306
f 10306 11084 11051
f 10306 11051 11085
f 10307 10306 10768
f 10768 10306 11085
f 10768 11085 10769
f 10769 11085 10305
f 10300 10302 11086
f 11086 10302 10303
f 11087 11088 10301
f 10299 10779 11088
f 11088 10779 10778
f 11088 10778 10301
f 10299 11088 10297
f 10297 11088 11087
f 10297 11087 10296
f 10293 10789 11089
f 11089 10789 11055
f 11089 11055 11090
f 11090 11055 10294
f 11090 10294 11091
f 11091 10294 10296
f 10798 10290 11092
f 11092 10290 10289
f 10798 11092 10799
f 10799 11092 11093
f 10799 11093 10288
f 10284 10286 11094
f 10808 10285 10284
f 10809 10808 11095
f 11095 10808 10284
f 11095 10284 11096
f 11096 10284 11094
f 11097 11052 11098
f 11098 11052 10280
f 11098 10280 11099
f 11099 10280 11100
f 10275 10276 11054
f 11054 10276 10277
f 10278 10417 10277
f 10277 10417 11100
f 10277 11100 11054
f 11054 11100 10280
f 11054 10280 10281
f 10270 10273 10275
f 11096 10274 10271
f 10268 10274 10267
f 10267 10274 11096
f 10267 11096 10266
f 10266 11096 11094
f 10266 11094 10265
f 10265 11094 11101
f 10265 11101 10264
f 10253 10252 10255
f 11090 10255 11101
f 11101 10255 10256
f 10259 10264 10260
f 10260 10264 11101
f 10260 11101 10263
f 10263 11101 10256
f 10263 10256 10257
f 10244 10243 10245
f 10296 11087 11091
f 11091 11087 10245
f 11091 10245 10246
f 10253 10255 10249
f 10249 10255 11090
f 10249 11090 10250
f 10250 11090 11091
f 10250 11091 10254
f 10254 11091 10246
f 10254 10246 10247
f 10236 10237 11086
f 11086 10237 11087
f 11086 11087 10300
f 10300 11087 10301
f 10244 10245 10241
f 10241 10245 11087
f 10241 11087 10242
f 10242 11087 10237
f 10242 10237 10238
f 11051 10230 10235
f 10235 10230 10233
f 10235 10233 10234
f 10305 11085 10303
f 10303 11085 11051
f 10303 11051 11086
f 11086 11051 10235
f 11086 10235 10236
f 10225 10226 11084
f 11084 10226 10227
f 11084 10227 11051
f 11051 10227 10228
f 11051 10228 10231
f 10220 10223 10225
f 11081 10224 10221
f 10218 10224 10217
f 10217 10224 11081
f 10217 11081 10216
f 10216 11081 11080
f 10216 11080 10214
f 10214 11080 11102
f 10214 11102 10215
f 10204 10203 10206
f 11076 10206 11102
f 11102 10206 10207
f 10211 10215 10212
f 10212 10215 11102
f 10212 11102 10213
f 10213 11102 10207
f 10213 10207 10208
f 10195 10194 10196
f 10323 11073 11075
f 11075 11073 10196
f 11075 10196 10197
f 10204 10206 10201
f 10201 10206 11076
f 10201 11076 10202
f 10202 11076 11075
f 10202 11075 10205
f 10205 11075 10197
f 10205 10197 10198
f 10187 10188 11072
f 11072 10188 11073
f 11072 11073 10327
f 10327 11073 10328
f 10195 10196 10191
f 10191 10196 11073
f 10191 11073 10192
f 10192 11073 10188
f 10192 10188 10189
f 11050 10181 10186
f 10186 10181 10184
f 10186 10184 10185
f 10332 11057 10330
f 10330 11057 11050
f 10330 11050 11072
f 11072 11050 10186
f 11072 10186 10187
f 10176 10177 11071
f 11071 10177 10178
f 11071 10178 11050
f 11050 10178 10179
f 11050 10179 10182
f 10171 10174 10176
f 11068 10175 10172
f 10169 10175 10168
f 10168 10175 11068
f 10168 11068 10167
f 10167 11068 11067
f 10167 11067 10166
f 10166 11067 11103
f 10156 10155 10158
f 11064 10158 11103
f 11103 10158 10159
f 10162 10166 10163
f 10163 10166 11103
f 10163 11103 10165
f 10165 11103 10159
f 10165 10159 10160
f 11061 10143 10148
f 10148 10143 10147
f 10148 10147 10146
f 10351 11061 11063
f 11063 11061 10148
f 11063 10148 10149
f 10156 10158 10152
f 10152 10158 11064
f 10152 11064 10153
f 10153 11064 11063
f 10153 11063 10157
f 10157 11063 10149
f 10157 10149 10150
f 10140 10141 10144
f 10379 10137 10138
f 10360 10362 11062
f 11062 10362 11104
f 11062 11104 10138
f 10138 11104 10378
f 10138 10378 10379
f 10138 10139 11062
f 11062 10139 10140
f 11062 10140 11061
f 11061 10140 10144
f 11061 10144 10143
f 11105 11106 10362
f 10362 11106 11107
f 10362 11107 11104
f 10283 10809 11053
f 11053 10809 11095
f 11053 11095 11054
f 11054 11095 11096
f 11054 11096 10275
f 10275 11096 10271
f 10275 10271 10270
f 10293 11089 10291
f 10291 11089 11090
f 10291 11090 10289
f 10289 11090 11101
f 10289 11101 11092
f 11092 11101 11094
f 11092 11094 11093
f 11093 11094 10286
f 11093 10286 10288
f 10310 10759 11083
f 11083 10759 11082
f 11083 11082 11084
f 11084 11082 11081
f 11084 11081 10225
f 10225 11081 10221
f 10225 10221 10220
f 10319 11077 10318
f 10318 11077 11076
f 10318 11076 10316
f 10316 11076 11102
f 10316 11102 11078
f 11078 11102 11080
f 11078 11080 11079
f 11079 11080 10313
f 11079 10313 10315
f 10337 10709 11070
f 11070 10709 11069
f 11070 11069 11071
f 11071 11069 11068
f 11071 11068 10176
f 10176 11068 10172
f 10176 10172 10171
f 10347 11065 10345
f 10345 11065 11064
f 10345 11064 10343
f 10343 11064 11103
f 10343 11103 11066
f 11066 11103 11067
f 11066 11067 11058
f 11058 11067 10340
f 11058 10340 10342
f 10369 11108 10363
f 10363 11108 11109
f 10363 11109 10364
f 10364 11109 11105
f 10364 11105 10361
f 10361 11105 10362
f 10368 10367 10672
f 10368 10672 10369
f 10369 10672 11110
f 10369 11110 11108
f 11045 11048 11046
f 11046 11048 11111
f 11046 11111 11047
f 11047 11111 11112
f 10867 11113 10868
f 10868 11113 11114
f 10868 11114 10869
f 10869 11114 11115
f 10373 10375 10408
f 11113 10867 10370
f 10373 10408 10370
f 10370 10408 11116
f 10370 11116 11113
f 10921 11117 10922
f 10855 11118 10856
f 11119 11097 11098
f 10460 10461 10464
f 10494 10491 10490
f 10513 10510 11120
f 10543 10538 10541
f 10549 10552 10554
f 11121 10553 10550
f 10547 10553 10546
f 10546 10553 11121
f 10546 11121 10545
f 10545 11121 11122
f 10545 11122 10544
f 10544 11122 11123
f 10544 11123 10543
f 10532 10531 10534
f 11124 10534 11123
f 11123 10534 10535
f 10538 10543 10539
f 10539 10543 11123
f 10539 11123 10542
f 10542 11123 10535
f 10542 10535 10536
f 10523 10522 10524
f 10523 10524 10520
f 10525 11125 10524
f 10524 11125 11126
f 10524 11126 10520
f 10532 10534 10528
f 10528 10534 11124
f 10528 11124 10529
f 10529 11124 11125
f 10529 11125 10533
f 10533 11125 10525
f 10533 10525 10526
f 10516 10517 10521
f 10509 10512 10514
f 10514 10515 11127
f 11127 10515 10516
f 11127 10516 11126
f 11126 10516 10521
f 11126 10521 10520
f 10504 10505 11128
f 11128 10505 10506
f 11128 10506 11120
f 11120 10506 10507
f 11120 10507 10513
f 10500 10503 10504
f 11129 10499 10501
f 10498 10499 10497
f 10497 10499 11129
f 10497 11129 10496
f 10496 11129 11130
f 10496 11130 10495
f 10495 11130 11131
f 10495 11131 10494
f 10485 10484 10486
f 11132 10486 11131
f 11131 10486 10487
f 10491 10494 10492
f 10492 10494 11131
f 10492 11131 10493
f 10493 11131 10487
f 10493 10487 10488
f 10475 10474 10476
f 10475 10476 10471
f 10477 11133 10476
f 10476 11133 11134
f 10476 11134 10471
f 10485 10486 10480
f 10480 10486 11132
f 10480 11132 10481
f 10481 11132 11133
f 10481 11133 10483
f 10483 11133 10477
f 10483 10477 10478
f 10468 10469 10472
f 10466 10467 11135
f 11135 10467 10468
f 11135 10468 11134
f 11134 10468 10472
f 11134 10472 10471
f 10458 10459 11136
f 11136 10459 10460
f 11136 10460 11137
f 11137 10460 10464
f 11137 10464 10463
f 10453 10456 10458
f 11138 10457 10454
f 10451 10457 10450
f 10450 10457 11138
f 10450 11138 10449
f 10449 11138 11139
f 10449 11139 10448
f 10448 11139 11140
f 10438 10437 10440
f 11141 10440 11140
f 11140 10440 10441
f 10445 10448 10446
f 10446 10448 11140
f 10446 11140 10447
f 10447 11140 10441
f 10447 10441 10442
f 10429 10428 10430
f 10429 10430 10425
f 10426 10425 11142
f 11142 10425 10430
f 11142 10430 11143
f 11143 10430 10431
f 10438 10440 10434
f 10434 10440 11141
f 10434 11141 10435
f 10435 11141 11143
f 10435 11143 10439
f 10439 11143 10431
f 10439 10431 10432
f 11100 10417 10420
f 10420 10417 10418
f 10420 10418 10419
f 11100 10420 11144
f 11144 10420 10421
f 11144 10421 10422
f 10413 10414 11144
f 11144 10414 10415
f 10825 11119 10415
f 10415 11119 11098
f 10415 11098 11144
f 11144 11098 11099
f 11144 11099 11100
f 10423 10426 10422
f 10422 10426 11142
f 10422 11142 11144
f 11144 11142 11145
f 11144 11145 10413
f 10838 10413 11146
f 11146 10413 11145
f 11146 11145 11147
f 11147 11145 10842
f 10842 11145 10412
f 10412 11145 11142
f 10412 11142 10411
f 10411 11142 11143
f 10411 11143 10410
f 10410 11143 11141
f 10410 11141 10855
f 10855 11141 11148
f 10855 11148 11118
f 10856 11118 11149
f 11149 11118 11148
f 11149 11148 11150
f 10409 10860 11150
f 11151 11152 11153
f 11153 11152 11154
f 11153 11154 11155
f 11155 11154 11156
f 11155 11156 10408
f 10408 11156 11116
f 11157 11139 11158
f 11158 11139 11138
f 11158 11138 11159
f 11159 11138 11160
f 11159 11160 11161
f 11162 11163 11164
f 10881 10406 11165
f 11165 10406 11166
f 11165 11166 11167
f 11167 11166 10885
f 10463 10466 11137
f 11137 10466 11135
f 11137 11135 10403
f 11163 11162 10407
f 10407 11162 11136
f 10407 11136 10406
f 10406 11136 11137
f 10406 11137 11166
f 11166 11137 10403
f 11166 10403 10885
f 11168 11169 11170
f 11170 11169 10898
f 11170 10898 11134
f 11134 10898 10401
f 11134 10401 11135
f 11135 10401 10402
f 11135 10402 10403
f 10400 10902 11168
f 11168 11170 10400
f 10400 11170 11134
f 10400 11134 10399
f 10399 11134 11133
f 10399 11133 10398
f 10398 11133 11132
f 10398 11132 10921
f 10921 11132 11171
f 10921 11171 11117
f 10922 11117 11172
f 11172 11117 11171
f 11172 11171 11173
f 10397 10923 11173
f 10936 11174 11175
f 11175 11174 11176
f 11175 11176 11177
f 11177 11176 10932
f 11177 10932 10396
f 10395 11130 10394
f 10394 11130 11129
f 10394 11129 10949
f 10949 11129 11178
f 10949 11178 11179
f 11180 10953 11181
f 10966 10392 11182
f 11182 10392 11183
f 11182 11183 11184
f 11184 11183 10970
f 10390 10391 11127
f 11127 10391 11120
f 11127 11120 10514
f 10514 11120 10510
f 10514 10510 10509
f 10953 11180 10393
f 10393 11180 11128
f 10393 11128 10392
f 10392 11128 11120
f 10392 11120 11183
f 11183 11120 10391
f 11183 10391 10970
f 10390 11127 10389
f 10389 11127 11126
f 10389 11126 10983
f 10983 11126 11185
f 10983 11185 11186
f 10388 10987 11187
f 11188 11189 11124
f 11124 11189 10386
f 11124 10386 11125
f 11125 10386 10387
f 11125 10387 11126
f 11126 10387 10388
f 11126 10388 11185
f 11185 10388 11187
f 11185 11187 11186
f 11004 11190 11188
f 11188 11190 11191
f 11188 11191 11189
f 11189 11191 11000
f 11189 11000 10386
f 11021 11192 11193
f 11193 11192 11194
f 11193 11194 11195
f 11195 11194 11017
f 11195 11017 10384
f 10383 11122 10382
f 10382 11122 11121
f 10382 11121 11034
f 11034 11121 11196
f 11034 11196 11197
f 11198 10381 11199
f 11199 10381 11038
f 11199 11038 11200
f 11104 11107 10380
f 11049 10380 11201
f 11201 10380 11107
f 11201 11107 11106
f 10554 10555 11198
f 11198 10555 10556
f 10377 10378 10556
f 10556 10378 11104
f 10556 11104 11198
f 11198 11104 10380
f 11198 10380 10381
f 11200 11197 11199
f 11199 11197 11196
f 11199 11196 11198
f 11198 11196 11121
f 11198 11121 10554
f 10554 11121 10550
f 10554 10550 10549
f 11004 11188 10385
f 10385 11188 11124
f 10385 11124 10384
f 10384 11124 11123
f 10384 11123 11195
f 11195 11123 11122
f 11195 11122 11193
f 11193 11122 10383
f 11193 10383 11021
f 11181 11179 11180
f 11180 11179 11178
f 11180 11178 11128
f 11128 11178 11129
f 11128 11129 10504
f 10504 11129 10501
f 10504 10501 10500
f 11173 11171 10397
f 10397 11171 11132
f 10397 11132 10396
f 10396 11132 11131
f 10396 11131 11177
f 11177 11131 11130
f 11177 11130 11175
f 11175 11130 10395
f 11175 10395 10936
f 11164 11161 11162
f 11162 11161 11160
f 11162 11160 11136
f 11136 11160 11138
f 11136 11138 10458
f 10458 11138 10454
f 10458 10454 10453
f 11150 11148 10409
f 10409 11148 11141
f 10409 11141 10408
f 10408 11141 11140
f 10408 11140 11155
f 11155 11140 11139
f 11155 11139 11153
f 11153 11139 11157
f 11153 11157 11151
f 10877 11202 10558
f 10558 11202 11203
f 10558 11203 10559
f 10559 11203 11163
f 10559 11163 10405
f 10405 11163 10407
f 10875 10873 11204
f 10875 11204 10877
f 10877 11204 11205
f 10877 11205 11202
f 9857 10612 11206
f 9857 11206 10561
f 10561 11206 11207
f 10561 11207 10562
f 10562 11207 11208
f 10562 11208 10563
f 10563 11208 11209
f 10563 11209 10564
f 10564 11209 11210
f 10564 11210 10565
f 10565 11210 11211
f 10565 11211 10566
f 10566 11211 11212
f 10566 11212 10567
f 10567 11212 11213
f 10567 11213 10568
f 10568 11213 11214
f 10568 11214 10569
f 10569 11214 11215
f 10569 11215 10570
f 10570 11215 11216
f 10570 11216 10571
f 10571 11216 11217
f 10571 11217 10572
f 10572 11217 11218
f 10572 11218 10573
f 10573 11218 11219
f 10573 11219 10574
f 10574 11219 11220
f 10574 11220 10575
f 10575 11220 11221
f 10575 11221 10576
f 10576 11221 11222
f 10576 11222 10577
f 10577 11222 11223
f 10577 11223 10578
f 10578 11223 11224
f 10578 11224 10579
f 10579 11224 11225
f 10579 11225 10580
f 10580 11225 11226
f 10580 11226 10581
f 10581 11226 11227
f 10581 11227 10582
f 10582 11227 11228
f 10582 11228 10583
f 10583 11228 11229
f 10583 11229 10584
f 10584 11229 11230
f 10584 11230 10585
f 9831 10585 10586
f 10586 10585 11230
f 10586 11230 10669
f 10670 10669 11231
f 10670 11231 11232
f 11232 11231 11233
f 11232 11233 11234
f 11234 11233 11235
f 11234 11235 11236
f 11236 11235 11237
f 11236 11237 11238
f 11238 11237 11239
f 11238 11239 11240
f 11240 11239 11241
f 11240 11241 11242
f 11242 11241 11243
f 11242 11243 11244
f 11244 11243 11245
f 11244 11245 11246
f 11246 11245 11247
f 11246 11247 11248
f 11248 11247 11249
f 11248 11249 11250
f 11250 11249 11251
f 11250 11251 11252
f 11252 11251 11253
f 11253 11251 11254
f 11253 11254 11255
f 11255 11254 11256
f 11256 11254 11257
f 11256 11257 11258
f 11259 11260 11261
f 11261 11260 11262
f 11261 11262 11257
f 11257 11262 11263
f 11257 11263 11258
f 11261 11264 11259
f 11259 11264 11265
f 11259 11265 11266
f 11266 11265 11267
f 11266 11267 11268
f 11268 11267 11269
f 11268 11269 11270
f 11270 11269 11271
f 11270 11271 11272
f 11272 11271 11273
f 11272 11273 11274
f 11274 11273 11275
f 11274 11275 11276
f 11276 11275 11277
f 11276 11277 11278
f 11278 11277 11279
f 11278 11279 11280
f 11280 11279 11281
f 11280 11281 11282
f 11282 11281 11283
f 11282 11283 11284
f 11284 11283 10613
f 11284 10613 10614
f 10669 11230 11231
f 11231 11230 11229
f 11231 11229 11233
f 11233 11229 11228
f 11233 11228 11235
f 11235 11228 11227
f 11235 11227 11237
f 11237 11227 11226
f 11237 11226 11239
f 11239 11226 11225
f 11239 11225 11241
f 11241 11225 11224
f 11241 11224 11243
f 11243 11224 11223
f 11243 11223 11245
f 11245 11223 11222
f 11245 11222 11247
f 11247 11222 11221
f 11247 11221 11249
f 11249 11221 11220
f 11249 11220 11251
f 11251 11220 11219
f 11251 11219 11254
f 11254 11219 11218
f 11254 11218 11257
f 11257 11218 11217
f 11257 11217 11261
f 11261 11217 11216
f 11261 11216 11264
f 11264 11216 11215
f 11264 11215 11265
f 11265 11215 11214
f 11265 11214 11267
f 11267 11214 11213
f 11267 11213 11269
f 11269 11213 11212
f 11269 11212 11271
f 11271 11212 11211
f 11271 11211 11273
f 11273 11211 11210
f 11273 11210 11275
f 11275 11210 11209
f 11275 11209 11277
f 11277 11209 11208
f 11277 11208 11279
f 11279 11208 11207
f 11279 11207 11281
f 11281 11207 11206
f 11281 11206 11283
f 11283 11206 10612
f 11283 10612 10613
f 10628 11285 11286
f 11287 11288 11289
f 10817 11290 10816
f 10816 11290 11291
f 10814 10813 11292
f 11292 10813 11293
f 11293 10813 10815
f 11293 10815 11294
f 10812 10811 10814
f 10807 10812 10806
f 10806 10812 11295
f 10806 11295 10805
f 10812 10814 11295
f 11295 10814 11292
f 11295 11292 10805
f 10805 11292 11296
f 10805 11296 10803
f 10803 11296 11297
f 10803 11297 10804
f 11297 11298 10804
f 10804 11298 10802
f 10804 10802 10801
f 10792 10791 10794
f 10786 10787 11299
f 11299 10787 10792
f 11299 10792 11300
f 11300 10792 10794
f 11300 10794 10793
f 10785 11286 10783
f 10783 11286 11285
f 10783 11285 10784
f 11285 11301 10784
f 10784 11301 10782
f 10784 10782 10781
f 10774 10773 11302
f 11302 10773 11303
f 11303 10773 10775
f 11303 10775 11304
f 11304 10775 10776
f 11304 10776 10777
f 10772 10771 10774
f 10767 10772 10766
f 10766 10772 11305
f 10766 11305 10765
f 10772 10774 11305
f 11305 10774 11302
f 11305 11302 10765
f 10765 11302 11306
f 10765 11306 10763
f 10763 11306 11307
f 10763 11307 10764
f 11307 11308 10764
f 10764 11308 10762
f 10764 10762 10761
f 10752 10751 10754
f 10746 10747 11309
f 11309 10747 10752
f 11309 10752 11310
f 11310 10752 10754
f 11310 10754 10753
f 10745 11311 10743
f 10743 11311 11312
f 10743 11312 10744
f 11312 11313 10744
f 10744 11313 10739
f 10744 10739 10738
f 10734 10733 11314
f 11314 10733 11315
f 11315 10733 10735
f 11315 10735 11316
f 11316 10735 10736
f 11316 10736 10737
f 10732 10731 10734
f 10727 10732 10726
f 10726 10732 11317
f 10726 11317 10725
f 10732 10734 11317
f 11317 10734 11314
f 11317 11314 10725
f 10725 11314 11318
f 10725 11318 10723
f 10723 11318 11319
f 10723 11319 10724
f 11319 11320 10724
f 10724 11320 10722
f 10724 10722 10721
f 10712 10711 10714
f 10706 10707 11321
f 11321 10707 10712
f 11321 10712 11322
f 11322 10712 10714
f 11322 10714 10713
f 10705 11323 10703
f 10703 11323 11324
f 10703 11324 10704
f 11324 11325 10704
f 10704 11325 10702
f 10704 10702 10701
f 10694 10693 11326
f 11326 10693 11327
f 11327 10693 10695
f 11327 10695 11328
f 11328 10695 10696
f 11328 10696 10697
f 10692 10691 10694
f 10687 10692 10686
f 10686 10692 11329
f 10686 11329 10685
f 10692 10694 11329
f 11329 10694 11326
f 11329 11326 10685
f 10685 11326 11330
f 10685 11330 10683
f 10683 11330 11331
f 10683 11331 10684
f 11331 11332 10684
f 10684 11332 10682
f 10684 10682 10681
f 11333 10674 10673
f 11331 11334 11335
f 10677 10682 10676
f 10676 10682 11332
f 10676 11332 10675
f 10675 11332 11331
f 10675 11331 10673
f 10673 11331 11335
f 10673 11335 11333
f 10668 10670 11336
f 10671 10674 11289
f 11289 10674 11333
f 11289 11333 11287
f 11287 11333 11335
f 11287 11335 11336
f 11336 11335 11334
f 11336 11334 10668
f 10668 11334 11331
f 10668 11331 10666
f 10666 11331 11330
f 10666 11330 10664
f 10664 11330 11326
f 10664 11326 10662
f 10662 11326 11327
f 10662 11327 10660
f 11315 10643 11314
f 11314 10643 10650
f 11314 10650 11318
f 11318 10650 10652
f 11318 10652 11319
f 11319 10652 10654
f 11319 10654 11337
f 11337 10654 10656
f 11337 10656 11323
f 11323 10656 10658
f 11323 10658 11324
f 10647 10646 11315
f 11315 10646 10644
f 11315 10644 10643
f 10642 11312 10640
f 10640 11312 11311
f 10640 11311 10639
f 10639 11311 11338
f 10639 11338 10637
f 10637 11338 11307
f 10637 11307 10636
f 10636 11307 11306
f 10636 11306 10634
f 10634 11306 11302
f 10634 11302 10632
f 10632 11302 11303
f 10632 11303 10630
f 10628 11286 10626
f 10626 11286 11339
f 10626 11339 10624
f 10624 11339 11297
f 10624 11297 10622
f 10622 11297 11296
f 10622 11296 10620
f 10620 11296 11292
f 10620 11292 10618
f 10618 11292 11293
f 10618 11293 10616
f 10815 10816 11294
f 11294 10816 11291
f 11294 11291 11293
f 11293 11291 11340
f 11293 11340 10616
f 10616 11340 10614
f 10697 10702 11328
f 11328 10702 11325
f 11328 11325 11327
f 11327 11325 11324
f 11327 11324 10660
f 10660 11324 10658
f 10717 10722 10716
f 10716 10722 11320
f 10716 11320 10715
f 10715 11320 11319
f 10715 11319 10713
f 10713 11319 11337
f 10713 11337 11322
f 11322 11337 11323
f 11322 11323 11321
f 11321 11323 10705
f 11321 10705 10706
f 10737 10739 11316
f 11316 10739 11313
f 11316 11313 11315
f 11315 11313 11312
f 11315 11312 10647
f 10647 11312 10642
f 10757 10762 10756
f 10756 10762 11308
f 10756 11308 10755
f 10755 11308 11307
f 10755 11307 10753
f 10753 11307 11338
f 10753 11338 11310
f 11310 11338 11311
f 11310 11311 11309
f 11309 11311 10745
f 11309 10745 10746
f 10777 10782 11304
f 11304 10782 11301
f 11304 11301 11303
f 11303 11301 11285
f 11303 11285 10630
f 10630 11285 10628
f 10797 10802 10796
f 10796 10802 11298
f 10796 11298 10795
f 10795 11298 11297
f 10795 11297 10793
f 10793 11297 11339
f 10793 11339 11300
f 11300 11339 11286
f 11300 11286 11299
f 11299 11286 10785
f 11299 10785 10786
f 11052 11097 11341
f 11119 10825 10824
f 10821 11052 10819
f 10819 11052 11341
f 10819 11341 10820
f 11290 10817 10818
f 10820 11341 10818
f 10818 11341 11342
f 10818 11342 11290
f 10828 11343 10829
f 10829 11343 11342
f 10829 11342 10823
f 10823 11342 11341
f 10823 11341 10824
f 10824 11341 11097
f 10824 11097 11119
f 11343 10828 10827
f 10831 11344 10827
f 10827 11344 11345
f 10827 11345 11343
f 10830 11346 10831
f 10831 11346 11344
f 11346 10830 11347
f 11347 10830 10834
f 11347 10834 11348
f 11348 10834 10837
f 10835 10838 11146
f 10845 11349 10846
f 10846 11349 11350
f 10846 11350 10840
f 10840 11350 11351
f 10840 11351 10841
f 10836 10835 11351
f 11351 10835 11146
f 11351 11146 10841
f 10841 11146 11147
f 10841 11147 10842
f 10836 11351 10837
f 10837 11351 11350
f 10837 11350 11348
f 11349 10845 10844
f 10848 11352 10844
f 10844 11352 11353
f 10844 11353 11349
f 10847 11354 10848
f 10848 11354 11352
f 11354 10847 11355
f 11355 10847 10851
f 11355 10851 11356
f 11356 10851 10854
f 10852 10856 11149
f 10863 11357 10864
f 10864 11357 11358
f 10864 11358 10858
f 10858 11358 11359
f 10858 11359 10859
f 10853 10852 11359
f 11359 10852 11149
f 11359 11149 10859
f 10859 11149 11150
f 10859 11150 10860
f 10853 11359 10854
f 10854 11359 11358
f 10854 11358 11356
f 11357 10863 10862
f 10866 11360 10862
f 10862 11360 11361
f 10862 11361 11357
f 10865 11362 10866
f 10866 11362 11360
f 11362 10865 11363
f 11363 10865 10869
f 11363 10869 11364
f 11364 10869 11115
f 11365 11204 10873
f 10871 11366 10873
f 10873 11366 11367
f 10873 11367 11365
f 10870 11368 10871
f 10871 11368 11366
f 11368 10870 11369
f 11369 10870 10872
f 11369 10872 11370
f 11370 10872 10880
f 10878 10881 11165
f 10888 11371 10889
f 10889 11371 11372
f 10889 11372 10883
f 10883 11372 11373
f 10883 11373 10884
f 10879 10878 11373
f 11373 10878 11165
f 11373 11165 10884
f 10884 11165 11167
f 10884 11167 10885
f 10879 11373 10880
f 10880 11373 11372
f 10880 11372 11370
f 11371 10888 10887
f 10891 11374 10887
f 10887 11374 11375
f 10887 11375 11371
f 10890 11376 10891
f 10891 11376 11374
f 11376 10890 11377
f 11377 10890 10894
f 11377 10894 11378
f 11378 10894 10897
f 10895 10898 11169
f 10905 11379 10906
f 10906 11379 11380
f 10906 11380 10900
f 10900 11380 11381
f 10900 11381 10901
f 10896 10895 11381
f 11381 10895 11169
f 11381 11169 10901
f 10901 11169 11168
f 10901 11168 10902
f 10896 11381 10897
f 10897 11381 11380
f 10897 11380 11378
f 11379 10905 10904
f 10908 11382 10904
f 10904 11382 11383
f 10904 11383 11379
f 10907 11384 10908
f 10908 11384 11382
f 11384 10907 11385
f 11385 10907 10911
f 11385 10911 11386
f 11386 10911 10920
f 11173 10923 10912
f 10922 11172 10918
f 10918 11172 11387
f 10918 11387 10919
f 10919 11387 10920
f 10920 11387 11388
f 10920 11388 11386
f 11172 11173 11387
f 11387 11173 10912
f 11387 10912 11388
f 11388 10912 10917
f 11388 10917 11389
f 11389 10917 10916
f 11389 10916 10915
f 10924 11390 10915
f 10915 11390 11391
f 10915 11391 11389
f 10925 11392 10924
f 10924 11392 11390
f 11392 10925 11393
f 11393 10925 10926
f 11393 10926 11394
f 11394 10926 10931
f 10929 10932 11176
f 10939 11395 10940
f 10940 11395 11396
f 10940 11396 10934
f 10934 11396 11397
f 10934 11397 10935
f 10930 10929 11397
f 11397 10929 11176
f 11397 11176 10935
f 10935 11176 11174
f 10935 11174 10936
f 10930 11397 10931
f 10931 11397 11396
f 10931 11396 11394
f 11395 10939 10938
f 10942 11398 10938
f 10938 11398 11399
f 10938 11399 11395
f 10941 11400 10942
f 10942 11400 11398
f 11400 10941 11401
f 11401 10941 10945
f 11401 10945 11402
f 11402 10945 10948
f 10946 10949 11179
f 10956 11403 10957
f 10957 11403 11404
f 10957 11404 10951
f 10951 11404 11405
f 10951 11405 10952
f 10947 10946 11405
f 11405 10946 11179
f 11405 11179 10952
f 10952 11179 11181
f 10952 11181 10953
f 10947 11405 10948
f 10948 11405 11404
f 10948 11404 11402
f 11403 10956 10955
f 10959 11406 10955
f 10955 11406 11407
f 10955 11407 11403
f 10958 11408 10959
f 10959 11408 11406
f 11408 10958 11409
f 11409 10958 10962
f 11409 10962 11410
f 11410 10962 10965
f 10963 10966 11182
f 10973 11411 10974
f 10974 11411 11412
f 10974 11412 10968
f 10968 11412 11413
f 10968 11413 10969
f 10964 10963 11413
f 11413 10963 11182
f 11413 11182 10969
f 10969 11182 11184
f 10969 11184 10970
f 10964 11413 10965
f 10965 11413 11412
f 10965 11412 11410
f 11411 10973 10972
f 10976 11414 10972
f 10972 11414 11415
f 10972 11415 11411
f 10975 11416 10976
f 10976 11416 11414
f 11416 10975 11417
f 11417 10975 10979
f 11417 10979 11418
f 11418 10979 10982
f 10980 10983 11186
f 10990 11419 10991
f 10991 11419 11420
f 10991 11420 10985
f 10985 11420 11421
f 10985 11421 10986
f 10981 10980 11421
f 11421 10980 11186
f 11421 11186 10986
f 10986 11186 11187
f 10986 11187 10987
f 10981 11421 10982
f 10982 11421 11420
f 10982 11420 11418
f 11419 10990 10989
f 10993 11422 10989
f 10989 11422 11423
f 10989 11423 11419
f 10992 11424 10993
f 10993 11424 11422
f 11424 10992 11425
f 11425 10992 10996
f 11425 10996 11426
f 11426 10996 10999
f 10997 11000 11191
f 11007 11427 11008
f 11008 11427 11428
f 11008 11428 11002
f 11002 11428 11429
f 11002 11429 11003
f 10998 10997 11429
f 11429 10997 11191
f 11429 11191 11003
f 11003 11191 11190
f 11003 11190 11004
f 10998 11429 10999
f 10999 11429 11428
f 10999 11428 11426
f 11427 11007 11006
f 11010 11430 11006
f 11006 11430 11431
f 11006 11431 11427
f 11009 11432 11010
f 11010 11432 11430
f 11432 11009 11433
f 11433 11009 11013
f 11433 11013 11434
f 11434 11013 11016
f 11014 11017 11194
f 11024 11435 11025
f 11025 11435 11436
f 11025 11436 11019
f 11019 11436 11437
f 11019 11437 11020
f 11015 11014 11437
f 11437 11014 11194
f 11437 11194 11020
f 11020 11194 11192
f 11020 11192 11021
f 11015 11437 11016
f 11016 11437 11436
f 11016 11436 11434
f 11435 11024 11023
f 11027 11438 11023
f 11023 11438 11439
f 11023 11439 11435
f 11026 11440 11027
f 11027 11440 11438
f 11440 11026 11441
f 11441 11026 11030
f 11441 11030 11442
f 11442 11030 11033
f 11031 11034 11197
f 11041 11443 11042
f 11042 11443 11444
f 11042 11444 11036
f 11036 11444 11445
f 11036 11445 11037
f 11032 11031 11445
f 11445 11031 11197
f 11445 11197 11037
f 11037 11197 11200
f 11037 11200 11038
f 11032 11445 11033
f 11033 11445 11444
f 11033 11444 11442
f 11443 11041 11040
f 11044 11446 11040
f 11040 11446 11447
f 11040 11447 11443
f 11043 11448 11044
f 11044 11448 11446
f 11448 11043 11449
f 11449 11043 11047
f 11449 11047 11450
f 11450 11047 11112
f 11289 11288 11451
f 11288 11450 11112
f 10672 10671 11110
f 11110 10671 11289
f 11110 11289 11108
f 11108 11289 11451
f 11108 11451 11109
f 11288 11112 11451
f 11451 11112 11111
f 11451 11111 11048
f 11105 11109 11106
f 11106 11109 11451
f 11106 11451 11201
f 11201 11451 11048
f 11201 11048 11049
f 11452 11453 11454
f 11454 11453 11455
f 11454 11455 11456
f 11456 11455 11457
f 11151 11457 11152
f 11152 11457 11455
f 11152 11455 11154
f 11154 11455 11156
f 11114 11113 11116
f 11116 11156 11114
f 11114 11156 11455
f 11114 11455 11115
f 11115 11455 11453
f 11115 11453 11364
f 11458 11459 11158
f 11158 11459 11157
f 11458 11158 11460
f 11460 11158 11159
f 11460 11159 11461
f 11461 11159 11462
f 11461 11462 11463
f 11464 11457 11465
f 11465 11457 11151
f 11465 11151 11466
f 11466 11151 11157
f 11466 11157 11459
f 11204 11365 11205
f 11205 11365 11467
f 11205 11467 11202
f 11202 11467 11468
f 11202 11468 11203
f 11163 11203 11164
f 11164 11203 11161
f 11203 11468 11161
f 11161 11468 11462
f 11161 11462 11159
f 11467 11469 11470
f 11467 11470 11468
f 11468 11470 11471
f 11468 11471 11462
f 11449 11450 11288
f 11244 11472 11473
f 11444 11443 11447
f 11474 11440 11441
f 11474 11475 11440
f 11440 11475 11476
f 11440 11476 11438
f 11438 11476 11477
f 11438 11477 11439
f 11477 11478 11439
f 11439 11478 11436
f 11439 11436 11435
f 11428 11427 11431
f 11425 11426 11479
f 11479 11426 11428
f 11479 11428 11480
f 11480 11428 11431
f 11480 11431 11430
f 11424 11473 11422
f 11422 11473 11472
f 11422 11472 11423
f 11472 11481 11423
f 11423 11481 11420
f 11423 11420 11419
f 11415 11414 11482
f 11482 11414 11483
f 11483 11414 11416
f 11483 11416 11484
f 11484 11416 11417
f 11484 11417 11418
f 11412 11411 11415
f 11410 11412 11409
f 11409 11412 11485
f 11409 11485 11408
f 11412 11415 11485
f 11485 11415 11482
f 11485 11482 11408
f 11408 11482 11486
f 11408 11486 11406
f 11406 11486 11487
f 11406 11487 11407
f 11487 11488 11407
f 11407 11488 11404
f 11407 11404 11403
f 11396 11395 11399
f 11393 11394 11489
f 11489 11394 11396
f 11489 11396 11490
f 11490 11396 11399
f 11490 11399 11398
f 11392 11491 11390
f 11390 11491 11492
f 11390 11492 11391
f 11492 11493 11391
f 11391 11493 11388
f 11391 11388 11389
f 11383 11382 11494
f 11494 11382 11495
f 11495 11382 11384
f 11495 11384 11496
f 11496 11384 11385
f 11496 11385 11386
f 11380 11379 11383
f 11378 11380 11377
f 11377 11380 11497
f 11377 11497 11376
f 11380 11383 11497
f 11497 11383 11494
f 11497 11494 11376
f 11376 11494 11498
f 11376 11498 11374
f 11374 11498 11499
f 11374 11499 11375
f 11499 11500 11375
f 11375 11500 11372
f 11375 11372 11371
f 11467 11365 11367
f 11501 11469 11502
f 11502 11469 11467
f 11502 11467 11503
f 11503 11467 11367
f 11503 11367 11366
f 11453 11452 11504
f 11363 11364 11505
f 11505 11364 11453
f 11505 11453 11506
f 11506 11453 11504
f 11506 11504 11507
f 11362 11508 11360
f 11360 11508 11509
f 11360 11509 11361
f 11358 11357 11361
f 11356 11358 11355
f 11355 11358 11510
f 11355 11510 11354
f 11358 11361 11510
f 11510 11361 11509
f 11510 11509 11354
f 11354 11509 11511
f 11354 11511 11352
f 11352 11511 11512
f 11352 11512 11353
f 11512 11513 11353
f 11353 11513 11350
f 11353 11350 11349
f 11514 11345 11344
f 11512 11515 11516
f 11348 11350 11347
f 11347 11350 11513
f 11347 11513 11346
f 11346 11513 11512
f 11346 11512 11344
f 11344 11512 11516
f 11344 11516 11514
f 11291 11290 11342
f 11284 10614 11340
f 11495 11259 11494
f 11494 11259 11266
f 11494 11266 11498
f 11498 11266 11268
f 11498 11268 11499
f 11499 11268 11270
f 11499 11270 11517
f 11517 11270 11272
f 11517 11272 11518
f 11518 11272 11274
f 11518 11274 11519
f 11519 11274 11276
f 11519 11276 11508
f 11508 11276 11278
f 11508 11278 11509
f 11509 11278 11280
f 11509 11280 11511
f 11511 11280 11282
f 11511 11282 11512
f 11512 11282 11284
f 11512 11284 11515
f 11515 11284 11340
f 11515 11340 11516
f 11516 11340 11291
f 11516 11291 11514
f 11514 11291 11342
f 11514 11342 11345
f 11345 11342 11343
f 11263 11262 11495
f 11495 11262 11260
f 11495 11260 11259
f 11258 11492 11256
f 11256 11492 11491
f 11256 11491 11255
f 11255 11491 11520
f 11255 11520 11253
f 11253 11520 11487
f 11253 11487 11252
f 11252 11487 11486
f 11252 11486 11250
f 11250 11486 11482
f 11250 11482 11248
f 11248 11482 11483
f 11248 11483 11246
f 11244 11473 11242
f 11242 11473 11521
f 11242 11521 11240
f 11240 11521 11477
f 11240 11477 11238
f 11238 11477 11476
f 11238 11476 11236
f 11236 11476 11475
f 11236 11475 11234
f 11234 11475 11522
f 11234 11522 11232
f 11523 11287 11522
f 11522 11287 11336
f 11522 11336 11232
f 11232 11336 10670
f 11288 11287 11449
f 11449 11287 11523
f 11449 11523 11448
f 11448 11523 11522
f 11448 11522 11446
f 11446 11522 11475
f 11446 11475 11447
f 11447 11475 11474
f 11447 11474 11444
f 11444 11474 11441
f 11444 11441 11442
f 11524 11518 11507
f 11507 11518 11519
f 11507 11519 11506
f 11506 11519 11508
f 11506 11508 11505
f 11505 11508 11362
f 11505 11362 11363
f 11370 11372 11369
f 11369 11372 11500
f 11369 11500 11368
f 11368 11500 11499
f 11368 11499 11366
f 11366 11499 11517
f 11366 11517 11503
f 11503 11517 11518
f 11503 11518 11502
f 11502 11518 11524
f 11502 11524 11501
f 11386 11388 11496
f 11496 11388 11493
f 11496 11493 11495
f 11495 11493 11492
f 11495 11492 11263
f 11263 11492 11258
f 11402 11404 11401
f 11401 11404 11488
f 11401 11488 11400
f 11400 11488 11487
f 11400 11487 11398
f 11398 11487 11520
f 11398 11520 11490
f 11490 11520 11491
f 11490 11491 11489
f 11489 11491 11392
f 11489 11392 11393
f 11418 11420 11484
f 11484 11420 11481
f 11484 11481 11483
f 11483 11481 11472
f 11483 11472 11246
f 11246 11472 11244
f 11434 11436 11433
f 11433 11436 11478
f 11433 11478 11432
f 11432 11478 11477
f 11432 11477 11430
f 11430 11477 11521
f 11430 11521 11480
f 11480 11521 11473
f 11480 11473 11479
f 11479 11473 11424
f 11479 11424 11425
f 11525 11454 11526
f 11526 11454 11456
f 11526 11456 11464
f 11464 11456 11457
f 11461 11465 11466
f 11461 11466 11460
f 11460 11466 11459
f 11460 11459 11458
f 11470 11527 11528
f 11463 11462 11528
f 11528 11462 11471
f 11528 11471 11470
f 11524 11529 11501
f 11501 11529 11527
f 11501 11527 11469
f 11469 11527 11470
f 11529 11524 11530
f 11530 11524 11507
f 11452 11454 11525
f 11530 11507 11525
f 11525 11507 11504
f 11525 11504 11452
f 11529 11530 11527
f 11527 11530 11525
f 11527 11525 11528
f 11465 11461 11464
f 11464 11461 11463
f 11528 11525 11463
f 11463 11525 11526
f 11463 11526 11464
