# Optimized RR_calf.obj
v -0.24428 0.01425 0.00975
v -0.24421 0.01228 0.00778
v -0.23755 0.01425 0.01062
v -0.23712 0.01228 0.00870
v -0.23110 0.01425 0.01272
v -0.23032 0.01228 0.01091
v -0.22514 0.01425 0.01597
v -0.22404 0.01228 0.01433
v -0.21988 0.01425 0.02025
v -0.21850 0.01228 0.01884
v -0.21549 0.01425 0.02543
v -0.21388 0.01228 0.02430
v -0.21214 0.01425 0.03133
v -0.21034 0.01228 0.03052
v -0.20992 0.01425 0.03774
v -0.20800 0.01228 0.03727
v -0.20892 0.01425 0.04446
v -0.20695 0.01228 0.04435
v -0.20917 0.01425 0.05124
v -0.20721 0.01228 0.05149
v -0.21066 0.01425 0.05786
v -0.20878 0.01228 0.05847
v -0.21334 0.01425 0.06409
v -0.21161 0.01228 0.06504
v -0.21713 0.01425 0.06973
v -0.21559 0.01228 0.07097
v -0.22188 0.01425 0.07457
v -0.22060 0.01228 0.07608
v -0.22744 0.01425 0.07846
v -0.22646 0.01228 0.08017
v -0.23362 0.01425 0.08126
v -0.23298 0.01228 0.08312
v -0.24021 0.01425 0.08287
v -0.23992 0.01228 0.08483
v -0.24699 0.01425 0.08325
v -0.24706 0.01228 0.08522
v -0.25106 0.01425 0.01013
v -0.28236 0.01425 0.04854
v -0.26940 0.01425 0.01843
v -0.26383 0.01425 0.01454
v -0.25372 0.01425 0.08238
v -0.26017 0.01425 0.08028
v -0.26613 0.01425 0.07703
v -0.27140 0.01425 0.07275
v -0.27578 0.01425 0.06757
v -0.27914 0.01425 0.06167
v -0.28211 0.01425 0.04176
v -0.28061 0.01425 0.03514
v -0.27415 0.01425 0.02327
v -0.27793 0.01425 0.02891
v -0.28136 0.01425 0.05526
v -0.25765 0.01425 0.01174
v -0.25415 0.01228 0.08430
v -0.26096 0.01228 0.08209
v -0.26723 0.01228 0.07867
v -0.27278 0.01228 0.07416
v -0.27740 0.01228 0.06870
v -0.28094 0.01228 0.06248
v -0.28327 0.01228 0.05573
v -0.28433 0.01228 0.04865
v -0.28406 0.01228 0.04151
v -0.28249 0.01228 0.03453
v -0.27967 0.01228 0.02796
v -0.27568 0.01228 0.02203
v -0.27067 0.01228 0.01692
v -0.26481 0.01228 0.01283
v -0.25830 0.01228 0.00988
v -0.25135 0.01228 0.00817
v -0.24706 -0.02800 0.08522
v -0.25415 -0.02800 0.08430
v -0.26096 -0.02800 0.08209
v -0.26723 -0.02800 0.07867
v -0.27278 -0.02800 0.07416
v -0.27740 -0.02800 0.06870
v -0.28094 -0.02800 0.06248
v -0.28327 -0.02800 0.05573
v -0.28433 -0.02800 0.04865
v -0.28406 -0.02800 0.04151
v -0.28249 -0.02800 0.03453
v -0.27967 -0.02800 0.02796
v -0.27568 -0.02800 0.02203
v -0.27067 -0.02800 0.01692
v -0.26481 -0.02800 0.01283
v -0.25830 -0.02800 0.00988
v -0.25135 -0.02800 0.00817
v -0.24421 -0.02800 0.00778
v -0.23712 -0.02800 0.00870
v -0.23032 -0.02800 0.01091
v -0.22404 -0.02800 0.01433
v -0.21850 -0.02800 0.01884
v -0.21388 -0.02800 0.02430
v -0.21034 -0.02800 0.03052
v -0.20800 -0.02800 0.03727
v -0.20695 -0.02800 0.04435
v -0.20721 -0.02800 0.05149
v -0.20878 -0.02800 0.05847
v -0.21161 -0.02800 0.06504
v -0.21559 -0.02800 0.07097
v -0.22060 -0.02800 0.07608
v -0.22646 -0.02800 0.08017
v -0.23298 -0.02800 0.08312
v -0.23992 -0.02800 0.08483
v -0.24314 -0.02800 0.00608
v -0.23587 -0.02800 0.00720
v -0.22892 -0.02800 0.00961
v -0.22253 -0.02800 0.01324
v -0.21689 -0.02800 0.01797
v -0.21221 -0.02800 0.02364
v -0.20862 -0.02800 0.03006
v -0.20626 -0.02800 0.03703
v -0.20520 -0.02800 0.04431
v -0.20547 -0.02800 0.05166
v -0.20706 -0.02800 0.05884
v -0.20993 -0.02800 0.06561
v -0.21398 -0.02800 0.07176
v -0.21907 -0.02800 0.07707
v -0.22504 -0.02800 0.08137
v -0.23168 -0.02800 0.08452
v -0.23879 -0.02800 0.08642
v -0.24612 -0.02800 0.08700
v -0.24713 -0.02800 0.08697
v -0.25454 -0.02800 0.08601
v -0.26165 -0.02800 0.08370
v -0.26821 -0.02800 0.08013
v -0.27400 -0.02800 0.07541
v -0.27883 -0.02800 0.06970
v -0.28253 -0.02800 0.06321
v -0.28497 -0.02800 0.05614
v -0.28608 -0.02800 0.04875
v -0.28580 -0.02800 0.04128
v -0.28416 -0.02800 0.03399
v -0.28120 -0.02800 0.02713
v -0.27704 -0.02800 0.02092
v -0.27180 -0.02800 0.01559
v -0.26568 -0.02800 0.01131
v -0.25887 -0.02800 0.00822
v -0.25161 -0.02800 0.00644
v -0.24415 -0.02800 0.00603
v -0.24415 0.01300 0.00603
v -0.25161 0.01300 0.00644
v -0.25887 0.01300 0.00822
v -0.26568 0.01300 0.01131
v -0.27180 0.01300 0.01559
v -0.27704 0.01300 0.02092
v -0.28120 0.01300 0.02713
v -0.28416 0.01300 0.03399
v -0.28580 0.01300 0.04128
v -0.28608 0.01300 0.04875
v -0.28497 0.01300 0.05614
v -0.28253 0.01300 0.06321
v -0.27883 0.01300 0.06970
v -0.27400 0.01300 0.07541
v -0.26821 0.01300 0.08013
v -0.26165 0.01300 0.08370
v -0.25454 0.01300 0.08601
v -0.24713 0.01300 0.08697
v -0.24426 0.01600 0.00903
v -0.25117 0.01600 0.00941
v -0.25789 0.01600 0.01106
v -0.26419 0.01600 0.01391
v -0.26986 0.01600 0.01788
v -0.27471 0.01600 0.02282
v -0.27857 0.01600 0.02856
v -0.28130 0.01600 0.03492
v -0.28282 0.01600 0.04167
v -0.28308 0.01600 0.04858
v -0.28206 0.01600 0.05543
v -0.27980 0.01600 0.06197
v -0.27637 0.01600 0.06798
v -0.27190 0.01600 0.07326
v -0.26654 0.01600 0.07764
v -0.26046 0.01600 0.08095
v -0.25388 0.01600 0.08308
v -0.24702 0.01600 0.08398
v -0.21468 0.01600 0.02533
v -0.24609 0.01600 0.08400
v -0.21136 0.01600 0.03128
v -0.20918 0.01600 0.03773
v -0.21902 0.01600 0.02008
v -0.22424 0.01600 0.01570
v -0.23016 0.01600 0.01234
v -0.23660 0.01600 0.01011
v -0.24333 0.01600 0.00907
v -0.23930 0.01600 0.08346
v -0.23272 0.01600 0.08170
v -0.22656 0.01600 0.07879
v -0.20992 0.01600 0.05793
v -0.20844 0.01600 0.05128
v -0.21258 0.01600 0.06420
v -0.21632 0.01600 0.06989
v -0.22104 0.01600 0.07480
v -0.20819 0.01600 0.04447
v -0.24612 0.01300 0.08700
v -0.23879 0.01300 0.08642
v -0.23168 0.01300 0.08452
v -0.22504 0.01300 0.08137
v -0.21907 0.01300 0.07707
v -0.21398 0.01300 0.07176
v -0.20993 0.01300 0.06561
v -0.20706 0.01300 0.05884
v -0.20547 0.01300 0.05166
v -0.20520 0.01300 0.04431
v -0.20626 0.01300 0.03703
v -0.20862 0.01300 0.03006
v -0.21221 0.01300 0.02364
v -0.21689 0.01300 0.01797
v -0.22253 0.01300 0.01324
v -0.22892 0.01300 0.00961
v -0.23587 0.01300 0.00720
v -0.24314 0.01300 0.00608
v -0.20517 0.00287 0.04475
v -0.20516 0.00189 0.04511
v -0.20515 0.00127 0.04555
v -0.20515 0.00117 0.04565
v -0.20514 0.00056 0.04649
v -0.20515 0.00026 0.04735
v -0.20516 0.00020 0.04799
v -0.20521 0.00036 0.04901
v -0.20527 0.00076 0.04982
v -0.20533 0.00127 0.05042
v -0.20534 0.00146 0.05058
v -0.20539 0.00223 0.05103
v -0.20541 0.00269 0.05118
v -0.20542 0.00324 0.05127
v -0.20541 0.00413 0.05122
v -0.20537 0.00511 0.05087
v -0.20533 0.00573 0.05042
v -0.20532 0.00583 0.05033
v -0.20525 0.00644 0.04949
v -0.20519 0.00674 0.04863
v -0.20516 0.00680 0.04799
v -0.20514 0.00664 0.04697
v -0.20514 0.00624 0.04615
v -0.20515 0.00573 0.04555
v -0.20515 0.00554 0.04539
v -0.20517 0.00477 0.04494
v -0.20517 0.00431 0.04479
v -0.20518 0.00376 0.04470
v -0.16553 0.00680 0.04945
v -0.16549 0.00662 0.04836
v -0.16544 0.00573 0.04702
v -0.16541 0.00431 0.04625
v -0.16541 0.00269 0.04625
v -0.16544 0.00127 0.04702
v -0.16549 0.00039 0.04836
v -0.16553 0.00020 0.04945
v -0.16557 0.00039 0.05054
v -0.16562 0.00127 0.05188
v -0.16565 0.00269 0.05265
v -0.16565 0.00431 0.05265
v -0.16562 0.00573 0.05188
v -0.16557 0.00662 0.05054
v 0.04147 0.01300 -0.03619
v 0.04147 -0.00400 -0.03619
v 0.04011 -0.00400 -0.03519
v 0.04011 0.01300 -0.03519
v 0.03928 -0.00400 -0.03372
v 0.03928 0.01300 -0.03372
v 0.03913 -0.00400 -0.03205
v 0.03913 0.01300 -0.03205
v 0.03968 -0.00400 -0.03045
v 0.03968 0.01300 -0.03045
v 0.04085 -0.00400 -0.02923
v 0.04085 0.01300 -0.02923
v 0.04267 -0.00400 -0.02856
v 0.04267 0.01300 -0.02856
v 0.04459 -0.00400 -0.02883
v 0.04459 0.01300 -0.02883
v 0.04617 -0.00400 -0.02997
v 0.04617 0.01300 -0.02997
v 0.05208 0.01300 0.01782
v 0.05198 0.01300 0.01775
v 0.05677 0.01300 0.00515
v 0.05657 0.01300 -0.00700
v 0.05002 0.01300 0.01707
v 0.05380 0.01300 -0.01882
v -0.03221 0.01300 0.05313
v -0.03298 0.01300 0.05321
v -0.01830 0.01300 0.02685
v -0.02419 0.01300 0.02170
v 0.00504 0.01300 0.04992
v -0.02053 0.01300 0.05411
v 0.04612 0.01300 0.02279
v 0.05343 0.01300 0.01803
v 0.05273 0.01300 0.01809
v 0.05403 0.01300 0.01766
v 0.05439 0.01300 0.01706
v 0.04743 0.01300 -0.03050
v 0.04810 0.01300 -0.03029
v 0.04673 0.01300 -0.03039
v 0.04860 0.01300 -0.02979
v 0.04799 0.01300 0.01745
v -0.01434 0.01300 0.05531
v -0.01545 0.01300 0.05509
v 0.00266 0.01300 0.05311
v 0.00343 0.01300 0.05120
v 0.00286 0.01300 0.05648
v 0.00244 0.01300 0.05695
v 0.00306 0.01300 0.05575
v -0.00929 0.01300 0.05624
v -0.00911 0.01300 0.03120
v 0.00098 0.01300 0.03249
v 0.01097 0.01300 0.03059
v 0.01988 0.01300 0.02571
v 0.04574 0.01300 0.02076
v 0.02685 0.01300 0.01830
v 0.04642 0.01300 0.01880
v 0.03120 0.01300 0.00911
v 0.04747 0.01300 0.02436
v 0.04320 0.01300 0.03719
v 0.04904 0.01300 0.02500
v 0.05010 0.01300 0.02719
v 0.00294 0.01300 0.05515
v 0.00941 0.01300 -0.05622
v 0.02223 0.01300 -0.05249
v 0.03383 0.01300 -0.04588
v -0.01874 0.01300 -0.02655
v -0.00888 0.01300 -0.05029
v -0.00995 0.01300 -0.03094
v -0.00700 0.01300 -0.04961
v -0.00026 0.01300 -0.03250
v -0.00504 0.01300 -0.04992
v 0.00945 0.01300 -0.03109
v -0.00346 0.01300 -0.05115
v 0.01830 0.01300 -0.02685
v 0.02571 0.01300 -0.01988
v 0.03059 0.01300 -0.01097
v 0.03249 0.01300 -0.00097
v -0.00287 0.01300 -0.05497
v -0.00295 0.01300 -0.05566
v -0.00270 0.01300 -0.05632
v -0.02682 0.01300 0.02073
v -0.02539 0.01300 0.02089
v -0.02817 0.01300 0.02126
v -0.08154 0.01300 0.05921
v -0.02189 0.01300 0.05387
v -0.02563 0.01300 0.05333
v -0.02771 0.01300 0.05313
v 0.02393 0.01300 0.05174
v 0.01061 0.01300 0.05401
v 0.03434 0.01300 0.04549
v 0.01029 0.01300 0.05197
v 0.00900 0.01300 0.05037
v 0.00708 0.01300 0.04962
v -0.01172 0.01300 -0.05562
v -0.01110 0.01300 -0.05528
v -0.01242 0.01300 -0.05563
v -0.01070 0.01300 -0.05471
v -0.01061 0.01300 -0.05401
v -0.00990 0.01300 -0.05129
v -0.04356 0.01300 -0.03677
v -0.01050 0.01300 -0.05258
v -0.03463 0.01300 -0.04527
v -0.02409 0.01300 -0.05166
v -0.02581 0.01300 -0.01975
v -0.05487 0.01300 -0.01543
v -0.05044 0.01300 -0.02654
v -0.00267 0.01300 -0.05298
v -0.00150 0.01300 -0.05698
v -0.00218 0.01300 -0.05680
v 0.01110 0.01300 0.05529
v 0.01070 0.01300 0.05471
v 0.01172 0.01300 0.05562
v 0.01243 0.01300 0.05563
v 0.04233 0.01300 -0.03726
v 0.04203 0.01300 -0.03662
v 0.04231 0.01300 -0.03796
v 0.04196 0.01300 -0.03857
v -0.03526 0.01300 0.00134
v -0.07572 0.01300 0.00402
v -0.06041 0.01300 -0.00622
v -0.03053 0.01300 -0.01114
v -0.03246 0.01300 -0.00152
v -0.05634 0.01300 -0.01145
v 0.04968 0.01300 0.02528
v 0.05013 0.01300 0.02582
v 0.05028 0.01300 0.02651
v -0.06013 0.01300 -0.00642
v -0.05828 0.01300 -0.00825
v -0.03389 0.01300 0.00090
v -0.03288 0.01300 -0.00013
v -0.02114 0.01300 0.05400
v -0.03246 0.00800 -0.00152
v -0.03053 0.00800 -0.01114
v -0.02581 0.00800 -0.01975
v -0.01874 0.00800 -0.02655
v -0.00995 0.00800 -0.03094
v -0.00026 0.00800 -0.03250
v 0.00945 0.00800 -0.03109
v 0.01830 0.00800 -0.02685
v 0.02571 0.00800 -0.01988
v 0.03059 0.00800 -0.01097
v 0.03249 0.00800 -0.00097
v 0.03120 0.00800 0.00911
v 0.02685 0.00800 0.01830
v 0.01988 0.00800 0.02571
v 0.01097 0.00800 0.03059
v 0.00098 0.00800 0.03249
v -0.00911 0.00800 0.03120
v -0.01830 0.00800 0.02685
v -0.02817 0.00800 0.02126
v -0.08888 0.00800 0.06444
v -0.08950 0.00800 0.06336
v -0.03513 0.00800 0.00333
v -0.08392 0.00800 0.00657
v -0.08385 0.00800 0.00557
v -0.01969 0.00800 -0.01920
v -0.03288 0.00800 -0.00013
v -0.02507 0.00800 -0.01131
v -0.01193 0.00800 -0.02478
v -0.00274 0.00800 -0.02736
v 0.00678 0.00800 -0.02665
v 0.01549 0.00800 -0.02272
v 0.02233 0.00800 -0.01605
v 0.02647 0.00800 -0.00745
v 0.02742 0.00800 0.00205
v 0.02507 0.00800 0.01131
v -0.09004 0.00800 0.06281
v -0.02933 0.00800 0.01963
v -0.02682 0.00800 0.02073
v -0.02838 0.00800 0.01853
v -0.02806 0.00800 0.01713
v -0.03389 0.00800 0.00090
v -0.03371 0.00800 0.00359
v -0.03526 0.00800 0.00134
v -0.08405 0.00800 0.00457
v 0.01969 0.00800 0.01920
v 0.01193 0.00800 0.02478
v 0.00274 0.00800 0.02736
v -0.00678 0.00800 0.02665
v -0.01549 0.00800 0.02272
v -0.02233 0.00800 0.01606
v -0.02419 0.00800 0.02170
v -0.02539 0.00800 0.02089
v -0.02647 0.00800 0.00745
v -0.02742 0.00800 -0.00205
v -0.02844 0.00800 0.01573
v -0.03257 0.00800 0.00447
v -0.03198 0.00800 0.00579
v -0.08962 0.00975 0.00941
v -0.09010 0.00925 0.00913
v -0.09010 -0.00400 0.00913
v -0.08915 0.01018 0.00961
v -0.08915 0.00800 0.00961
v -0.08893 0.00800 0.00968
v -0.08893 -0.00400 0.00968
v -0.08716 0.00800 0.00977
v -0.08704 -0.00400 0.00974
v -0.08716 0.01142 0.00977
v -0.08704 0.01146 0.00974
v -0.08650 0.01164 0.00959
v -0.08533 -0.00400 0.00894
v -0.08544 0.01176 0.00902
v -0.08452 0.01145 0.00805
v -0.08418 -0.00400 0.00743
v -0.08417 0.01111 0.00741
v -0.08419 0.00843 0.00420
v -0.08405 0.00883 0.00457
v -0.08392 0.01056 0.00657
v -0.08385 -0.00400 0.00557
v -0.08442 -0.00400 0.00377
v -0.08525 -0.00400 0.00278
v -0.08525 0.00667 0.00278
v -0.09165 0.00667 0.00706
v -0.09124 0.00762 0.00794
v -0.11554 0.00476 0.02074
v -0.11095 0.01300 0.02759
v -0.09258 0.00536 0.00611
v -0.09220 0.00574 0.00631
v -0.09391 0.00476 0.00627
v -0.09196 0.00605 0.00652
v -0.08943 0.01300 0.01320
v -0.09348 0.00483 0.00607
v -0.09333 0.00488 0.00604
v -0.09288 0.00513 0.00604
v -0.09011 0.00800 0.02172
v -0.09011 0.01300 0.02172
v -0.13530 0.00800 0.05163
v -0.13891 0.00800 0.04914
v -0.13837 0.00800 0.04793
v -0.09625 0.00800 0.06419
v -0.09655 0.00800 0.06512
v -0.12761 0.00800 0.05049
v -0.13723 0.00800 0.04375
v -0.13900 0.00800 0.04544
v -0.14004 0.00800 0.04464
v -0.12856 0.00800 0.05022
v -0.12622 0.00800 0.04822
v -0.12982 0.00800 0.05035
v -0.13458 0.00800 0.05232
v -0.13188 0.00800 0.05297
v -0.13329 0.00800 0.07065
v -0.13531 0.00800 0.07090
v -0.13152 0.00800 0.02948
v -0.13001 0.00800 0.02935
v -0.13085 0.00800 0.03990
v -0.09095 0.00800 0.03021
v -0.09145 0.00800 0.02918
v -0.13841 0.00800 0.04662
v -0.13091 0.00800 0.05099
v -0.13165 0.00800 0.05202
v -0.13409 0.00800 0.05335
v -0.13400 0.00800 0.05434
v -0.13296 0.00800 0.04127
v -0.13073 0.00800 0.04098
v -0.13004 0.00800 0.04219
v -0.13629 0.00800 0.04402
v -0.12652 0.00800 0.04673
v -0.13503 0.00800 0.04389
v -0.13393 0.00800 0.04325
v -0.12606 0.00800 0.04528
v -0.19121 0.00800 0.02054
v -0.19047 0.00800 0.01918
v -0.18931 0.00800 0.01922
v -0.19042 0.00800 0.01900
v -0.13629 0.00800 0.05119
v -0.13738 0.00800 0.05113
v -0.13990 0.00800 0.05000
v -0.13841 0.00800 0.05147
v -0.18845 0.00800 0.07604
v -0.18642 0.00800 0.07722
v -0.18793 0.00800 0.07741
v -0.13203 0.00800 0.02951
v -0.09131 0.00800 0.06208
v -0.09311 0.00800 0.06190
v -0.09217 0.00800 0.02849
v -0.09316 0.00800 0.02805
v -0.09168 0.00800 0.02413
v -0.09569 0.00800 0.06331
v -0.12481 0.00800 0.04960
v -0.12522 0.00800 0.04937
v -0.12954 0.00800 0.04261
v -0.13320 0.00800 0.04222
v -0.12886 0.00800 0.04296
v -0.12747 0.00800 0.04311
v -0.12495 0.00800 0.04424
v -0.12644 0.00800 0.04277
v -0.09527 0.00800 0.02833
v -0.09424 0.00800 0.02799
v -0.09087 0.00800 0.03120
v -0.09331 0.00800 0.06193
v -0.09093 0.00800 0.02356
v -0.09033 0.00800 0.02264
v -0.13041 0.01300 0.03441
v -0.13085 0.01300 0.03990
v -0.13020 0.01042 0.03179
v -0.12062 0.01300 0.03236
v -0.12644 0.01300 0.04277
v -0.12747 0.01300 0.04311
v -0.12886 0.01300 0.04296
v -0.09033 0.01300 0.02264
v -0.13073 0.01300 0.04098
v -0.13004 0.01300 0.04219
v -0.12954 0.01300 0.04261
v -0.09168 0.01300 0.02413
v -0.09093 0.01300 0.02356
v -0.13223 0.01050 0.03202
v -0.13243 0.01300 0.03453
v -0.14194 0.01300 0.03376
v -0.14033 0.00476 0.02567
v -0.13173 0.00476 0.02624
v -0.12327 0.00476 0.02456
v -0.14033 -0.00400 0.02567
v -0.13173 -0.00400 0.02624
v -0.12327 -0.00400 0.02456
v -0.11554 -0.00400 0.02074
v -0.09391 -0.00400 0.00627
v -0.09334 -0.00400 0.00604
v -0.09259 -0.00400 0.00610
v -0.09196 -0.00400 0.00652
v -0.09165 -0.00400 0.00706
v 0.02223 -0.00400 -0.05249
v 0.02418 -0.00400 -0.05178
v 0.03383 -0.00400 -0.04588
v -0.13192 -0.00400 0.02325
v -0.12423 -0.00400 0.02172
v 0.05343 -0.00400 0.01803
v 0.05403 -0.00400 0.01766
v 0.05121 -0.00400 0.02034
v -0.24004 -0.00400 0.09014
v -0.24041 -0.00400 0.08717
v -0.23459 -0.00400 0.08598
v -0.22461 -0.00400 0.08170
v -0.21610 -0.00400 0.07494
v -0.21524 -0.00400 0.07832
v -0.21036 -0.00400 0.07279
v -0.22120 -0.00400 0.08402
v -0.22093 -0.00400 0.08442
v -0.22008 -0.00400 0.08767
v -0.22050 -0.00400 0.08464
v -0.22015 -0.00400 0.08466
v -0.22083 -0.00400 0.08284
v -0.22108 -0.00400 0.08309
v -0.22126 -0.00400 0.08354
v -0.21339 -0.00400 0.07183
v -0.21312 -0.00400 0.07158
v -0.21278 -0.00400 0.07146
v -0.21031 -0.00400 0.07167
v -0.21016 -0.00400 0.07208
v -0.21061 -0.00400 0.07136
v -0.21021 -0.00400 0.07251
v -0.21101 -0.00400 0.07121
v -0.21133 -0.00400 0.07121
v -0.18686 -0.00400 0.08041
v -0.18624 -0.00400 0.08047
v -0.16648 -0.00400 0.08105
v -0.19674 -0.00400 0.08177
v -0.18750 -0.00400 0.08002
v -0.18787 -0.00400 0.07937
v -0.19031 -0.00400 0.07871
v -0.19616 -0.00400 0.08157
v -0.19563 -0.00400 0.08103
v -0.19543 -0.00400 0.08030
v -0.19279 -0.00400 0.07950
v -0.19319 -0.00400 0.07912
v -0.19555 -0.00400 0.07969
v -0.19349 -0.00400 0.07837
v -0.19585 -0.00400 0.07844
v -0.19341 -0.00400 0.07757
v -0.19549 -0.00400 0.07646
v -0.19295 -0.00400 0.07691
v -0.19422 -0.00400 0.07491
v -0.19224 -0.00400 0.07653
v -0.19235 -0.00400 0.07417
v -0.19143 -0.00400 0.07655
v -0.19036 -0.00400 0.07443
v -0.19093 -0.00400 0.07678
v -0.19229 -0.00400 0.07973
v -0.19148 -0.00400 0.07975
v -0.19076 -0.00400 0.07937
v -0.19053 -0.00400 0.07716
v -0.18874 -0.00400 0.07563
v -0.19023 -0.00400 0.07791
v -0.18792 -0.00400 0.07746
v -0.18791 -0.00400 0.07875
v -0.16423 -0.00400 0.07774
v -0.15179 -0.00400 0.07621
v -0.14803 -0.00400 0.07876
v -0.11461 -0.00400 0.07161
v -0.11686 -0.00400 0.07491
v -0.10216 -0.00400 0.07007
v -0.09841 -0.00400 0.07263
v -0.09750 -0.00400 0.06949
v -0.09463 -0.00400 0.07216
v -0.09691 -0.00400 0.06929
v -0.09638 -0.00400 0.06875
v -0.09304 -0.00400 0.06746
v -0.09224 -0.00400 0.06747
v -0.09618 -0.00400 0.06803
v -0.09152 -0.00400 0.06710
v -0.09107 -0.00400 0.06643
v -0.08867 -0.00400 0.06519
v -0.09098 -0.00400 0.06563
v -0.08950 -0.00400 0.06336
v -0.09129 -0.00400 0.06489
v -0.09111 -0.00400 0.06216
v -0.09169 -0.00400 0.06450
v -0.09219 -0.00400 0.06427
v -0.09311 -0.00400 0.06190
v -0.09300 -0.00400 0.06426
v -0.09498 -0.00400 0.06264
v -0.09371 -0.00400 0.06463
v -0.09625 -0.00400 0.06419
v -0.09416 -0.00400 0.06530
v -0.09660 -0.00400 0.06617
v -0.09425 -0.00400 0.06610
v -0.09630 -0.00400 0.06742
v -0.09394 -0.00400 0.06685
v -0.09355 -0.00400 0.06723
v -0.08863 -0.00400 0.06709
v -0.08826 -0.00400 0.06775
v -0.08866 -0.00400 0.06648
v -0.08761 -0.00400 0.06814
v -0.08700 -0.00400 0.06819
v -0.05715 -0.00400 0.06753
v 0.00736 -0.00400 0.05955
v 0.00381 -0.00400 0.05999
v 0.00570 -0.00400 0.05496
v 0.00651 -0.00400 0.05524
v 0.00734 -0.00400 0.05508
v 0.01220 -0.00400 0.05875
v 0.00799 -0.00400 0.05452
v 0.01110 -0.00400 0.05529
v -0.05490 -0.00400 0.06422
v -0.04957 -0.00400 0.06356
v -0.04581 -0.00400 0.06612
v -0.00777 -0.00400 0.05840
v -0.01002 -0.00400 0.06170
v 0.00005 -0.00400 0.05743
v 0.00174 -0.00400 0.05722
v 0.00233 -0.00400 0.05702
v 0.00286 -0.00400 0.05648
v 0.00306 -0.00400 0.05575
v 0.00514 -0.00400 0.05431
v 0.00294 -0.00400 0.05515
v 0.00498 -0.00400 0.05347
v 0.00266 -0.00400 0.05311
v 0.00526 -0.00400 0.05266
v 0.00343 -0.00400 0.05120
v 0.00591 -0.00400 0.05211
v 0.00504 -0.00400 0.04992
v 0.00675 -0.00400 0.05195
v 0.00708 -0.00400 0.04962
v 0.00756 -0.00400 0.05223
v 0.00900 -0.00400 0.05037
v 0.00811 -0.00400 0.05288
v 0.01029 -0.00400 0.05197
v 0.00827 -0.00400 0.05372
v 0.01061 -0.00400 0.05401
v 0.01070 -0.00400 0.05471
v 0.01172 -0.00400 0.05562
v 0.01243 -0.00400 0.05563
v 0.02547 -0.00400 0.05432
v 0.02393 -0.00400 0.05174
v 0.03737 -0.00400 0.04695
v 0.04960 -0.00400 0.02270
v 0.05028 -0.00400 0.02651
v 0.05013 -0.00400 0.02582
v 0.04968 -0.00400 0.02528
v 0.04904 -0.00400 0.02500
v 0.04880 -0.00400 0.02242
v 0.04747 -0.00400 0.02436
v 0.04824 -0.00400 0.02177
v 0.04612 -0.00400 0.02279
v 0.04808 -0.00400 0.02093
v 0.04574 -0.00400 0.02076
v 0.04836 -0.00400 0.02013
v 0.04642 -0.00400 0.01880
v 0.04901 -0.00400 0.01957
v 0.04799 -0.00400 0.01745
v 0.04985 -0.00400 0.01941
v 0.05002 -0.00400 0.01707
v 0.05066 -0.00400 0.01969
v 0.03434 -0.00400 0.04549
v 0.03697 -0.00400 0.04339
v 0.04722 -0.00400 0.03701
v 0.04320 -0.00400 0.03719
v 0.05451 -0.00400 0.02507
v 0.05010 -0.00400 0.02719
v 0.05044 -0.00400 0.02254
v 0.05109 -0.00400 0.02199
v 0.05137 -0.00400 0.02118
v 0.05439 -0.00400 0.01706
v 0.05884 -0.00400 0.01175
v 0.05677 -0.00400 0.00515
v 0.05996 -0.00400 -0.00220
v 0.05198 -0.00400 0.01775
v 0.05208 -0.00400 0.01782
v 0.05273 -0.00400 0.01809
v 0.04231 -0.00400 -0.03796
v 0.04439 -0.00400 -0.04037
v 0.04233 -0.00400 -0.03726
v 0.04322 -0.00400 -0.03418
v 0.05657 -0.00400 -0.00700
v 0.05380 -0.00400 -0.01882
v 0.05782 -0.00400 -0.01603
v 0.05038 -0.00400 -0.02666
v 0.05253 -0.00400 -0.02899
v 0.04860 -0.00400 -0.02979
v 0.04810 -0.00400 -0.03029
v 0.04743 -0.00400 -0.03050
v 0.04446 -0.00400 -0.03161
v 0.04474 -0.00400 -0.03241
v 0.04458 -0.00400 -0.03325
v 0.04403 -0.00400 -0.03390
v 0.04145 -0.00400 -0.03266
v 0.04174 -0.00400 -0.03346
v 0.04238 -0.00400 -0.03402
v 0.04203 -0.00400 -0.03662
v 0.04673 -0.00400 -0.03039
v 0.04381 -0.00400 -0.03105
v 0.04298 -0.00400 -0.03089
v 0.04217 -0.00400 -0.03117
v 0.04161 -0.00400 -0.03182
v 0.04196 -0.00400 -0.03857
v 0.03383 -0.00400 -0.04955
v 0.02143 -0.00400 -0.05604
v 0.00787 -0.00400 -0.05948
v -0.01070 -0.00400 -0.05471
v -0.00520 -0.00400 -0.05904
v -0.01061 -0.00400 -0.05401
v -0.01050 -0.00400 -0.05258
v 0.00941 -0.00400 -0.05622
v -0.00150 -0.00400 -0.05698
v -0.00476 -0.00400 -0.05981
v -0.00613 -0.00400 -0.05969
v -0.01110 -0.00400 -0.05528
v -0.01172 -0.00400 -0.05562
v -0.01242 -0.00400 -0.05563
v -0.01979 -0.00400 -0.05664
v -0.02409 -0.00400 -0.05166
v -0.03237 -0.00400 -0.05052
v -0.03463 -0.00400 -0.04527
v -0.04320 -0.00400 -0.04164
v -0.04356 -0.00400 -0.03677
v -0.05167 -0.00400 -0.03050
v -0.04987 -0.00400 -0.02759
v -0.05250 -0.00400 -0.02905
v -0.05666 -0.00400 -0.02327
v -0.05445 -0.00400 -0.02124
v -0.06040 -0.00400 -0.01614
v -0.06207 -0.00400 -0.01863
v -0.08512 -0.00400 0.00039
v -0.08555 -0.00400 0.00083
v -0.08578 -0.00400 0.00155
v -0.08692 -0.00400 0.00446
v -0.08742 -0.00400 0.00423
v -0.08948 -0.00400 0.00606
v -0.08940 -0.00400 0.00526
v -0.08894 -0.00400 0.00459
v -0.08823 -0.00400 0.00422
v -0.08563 -0.00400 0.00229
v -0.08652 -0.00400 0.00485
v -0.08621 -0.00400 0.00559
v -0.08630 -0.00400 0.00639
v -0.08675 -0.00400 0.00706
v -0.08747 -0.00400 0.00743
v -0.08827 -0.00400 0.00742
v -0.08878 -0.00400 0.00719
v -0.08917 -0.00400 0.00681
v -0.09105 -0.00400 0.00822
v -0.11720 -0.00400 0.01825
v -0.13975 -0.00400 0.02273
v -0.17150 -0.00400 0.01641
v -0.17843 -0.00400 0.01808
v -0.18477 -0.00400 0.01376
v -0.19030 -0.00400 0.01767
v -0.19047 -0.00400 0.01918
v -0.19150 -0.00400 0.02085
v -0.19266 -0.00400 0.01775
v -0.18914 -0.00400 0.01608
v -0.18981 -0.00400 0.01642
v -0.19296 -0.00400 0.01700
v -0.18852 -0.00400 0.01607
v -0.19336 -0.00400 0.01662
v -0.19387 -0.00400 0.01639
v -0.19784 -0.00400 0.01482
v -0.19467 -0.00400 0.01638
v -0.19539 -0.00400 0.01675
v -0.19023 -0.00400 0.01705
v -0.19320 -0.00400 0.01922
v -0.19274 -0.00400 0.01855
v -0.19593 -0.00400 0.01822
v -0.19825 -0.00400 0.01739
v -0.19584 -0.00400 0.01741
v -0.19785 -0.00400 0.01616
v -0.19769 -0.00400 0.01556
v -0.19391 -0.00400 0.01959
v -0.19319 -0.00400 0.02183
v -0.19472 -0.00400 0.01958
v -0.19515 -0.00400 0.02189
v -0.19522 -0.00400 0.01935
v -0.19655 -0.00400 0.02129
v -0.19562 -0.00400 0.01896
v -0.19748 -0.00400 0.02040
v -0.19817 -0.00400 0.01897
v -0.22967 -0.00400 0.00874
v -0.23743 -0.00400 0.00633
v -0.23684 -0.00400 0.00339
v -0.19833 -0.00400 0.01425
v -0.19890 -0.00400 0.01401
v -0.21461 -0.00400 0.00782
v -0.21741 -0.00400 0.01032
v -0.21776 -0.00400 0.01031
v -0.21821 -0.00400 0.01050
v -0.21851 -0.00400 0.01088
v -0.22254 -0.00400 0.01262
v -0.21052 -0.00400 0.01999
v -0.21036 -0.00400 0.02031
v -0.21033 -0.00400 0.02074
v -0.21860 -0.00400 0.01135
v -0.21846 -0.00400 0.01182
v -0.21789 -0.00400 0.01631
v -0.21823 -0.00400 0.01208
v -0.21293 -0.00400 0.02178
v -0.21299 -0.00400 0.01701
v -0.21155 -0.00400 0.02199
v -0.21190 -0.00400 0.02215
v -0.21235 -0.00400 0.02215
v -0.21049 -0.00400 0.02115
v -0.21074 -0.00400 0.02140
v -0.21269 -0.00400 0.02200
v -0.00218 -0.00400 -0.05680
v -0.00270 -0.00400 -0.05632
v -0.00295 -0.00400 -0.05566
v -0.00650 -0.00400 -0.05524
v -0.00734 -0.00400 -0.05508
v -0.00799 -0.00400 -0.05452
v -0.00827 -0.00400 -0.05371
v -0.00990 -0.00400 -0.05129
v -0.00811 -0.00400 -0.05288
v -0.00888 -0.00400 -0.05029
v -0.00756 -0.00400 -0.05223
v -0.00700 -0.00400 -0.04961
v -0.00675 -0.00400 -0.05195
v -0.00504 -0.00400 -0.04992
v -0.00591 -0.00400 -0.05210
v -0.00346 -0.00400 -0.05115
v -0.00526 -0.00400 -0.05266
v -0.00267 -0.00400 -0.05298
v -0.00498 -0.00400 -0.05347
v -0.00287 -0.00400 -0.05497
v -0.00514 -0.00400 -0.05431
v -0.00570 -0.00400 -0.05495
v -0.21278 0.00300 0.07146
v -0.21133 0.00300 0.07121
v -0.20833 0.00767 0.06743
v -0.20957 0.00769 0.06759
v -0.20939 0.00777 0.06734
v -0.20766 0.00792 0.06643
v -0.20823 0.00800 0.06561
v -0.20701 0.00800 0.06540
v -0.21121 0.00405 0.07108
v -0.21254 0.00443 0.07121
v -0.21099 0.00476 0.07083
v -0.21223 0.00517 0.07086
v -0.21049 0.00573 0.07025
v -0.21155 0.00618 0.07009
v -0.20984 0.00655 0.06945
v -0.21101 0.00674 0.06946
v -0.20937 0.00699 0.06885
v -0.20901 0.00727 0.06837
v -0.20886 0.00800 0.02621
v -0.20804 0.00800 0.02563
v -0.20653 0.00800 0.03119
v -0.20560 0.00800 0.03082
v -0.20486 0.00800 0.03642
v -0.20387 0.00800 0.03630
v -0.20396 0.00800 0.04132
v -0.20296 0.00800 0.04125
v -0.20364 0.00800 0.04634
v -0.20264 0.00800 0.04622
v -0.20409 0.00800 0.05265
v -0.20306 0.00800 0.05249
v -0.20579 0.00800 0.05977
v -0.20467 0.00800 0.05957
v -0.20258 0.00808 0.04121
v -0.20204 0.00862 0.04114
v -0.20171 0.00862 0.04621
v -0.20226 0.00829 0.04117
v -0.20193 0.00829 0.04622
v -0.20226 0.00808 0.04622
v -0.20164 0.00900 0.04621
v -0.20197 0.00900 0.04113
v -0.20270 0.00900 0.03688
v -0.20295 0.00865 0.03607
v -0.20289 0.00900 0.03606
v -0.20318 0.00829 0.03613
v -0.20353 0.00806 0.03621
v -0.20167 0.00900 0.04812
v -0.20207 0.00900 0.05262
v -0.20213 0.00865 0.05262
v -0.20236 0.00829 0.05258
v -0.20271 0.00806 0.05253
v -0.20670 0.00806 0.06555
v -0.20434 0.00806 0.05968
v -0.20638 0.00829 0.06571
v -0.20400 0.00829 0.05979
v -0.20617 0.00865 0.06581
v -0.20378 0.00865 0.05986
v -0.20611 0.00900 0.06584
v -0.20372 0.00900 0.05988
v -0.20819 0.00802 0.06961
v -0.20912 0.00694 0.07105
v -0.20867 0.00709 0.07017
v -0.20985 0.00558 0.07210
v -0.20731 0.00795 0.06662
v -0.20699 0.00816 0.06683
v -0.20762 0.00786 0.06790
v -0.20882 0.00723 0.06846
v -0.20815 0.00765 0.06752
v -0.20862 0.00722 0.06858
v -0.20796 0.00767 0.06764
v -0.20842 0.00728 0.06873
v -0.20947 0.00666 0.06931
v -0.20925 0.00664 0.06943
v -0.20904 0.00667 0.06959
v -0.20886 0.00676 0.06978
v -0.21067 0.00405 0.07113
v -0.21009 0.00503 0.07092
v -0.21041 0.00404 0.07129
v -0.20988 0.00507 0.07115
v -0.21019 0.00406 0.07154
v -0.21007 0.00594 0.07006
v -0.21059 0.00508 0.07066
v -0.20984 0.00590 0.07017
v -0.21033 0.00503 0.07075
v -0.20961 0.00591 0.07034
v -0.21095 0.00408 0.07105
v -0.21036 0.00300 0.07279
v -0.21021 0.00300 0.07251
v -0.21012 0.00478 0.07247
v -0.21016 0.00300 0.07230
v -0.20972 0.00531 0.07169
v -0.20743 0.00859 0.06832
v -0.20742 0.00821 0.06813
v -0.20750 0.00802 0.06802
v -0.21101 0.00300 0.07121
v -0.21080 0.00300 0.07126
v -0.21061 0.00300 0.07136
v -0.21059 0.00300 0.07137
v -0.21031 0.00300 0.07167
v -0.21016 0.00300 0.07208
v -0.21007 0.00412 0.07184
v -0.20976 0.00517 0.07142
v -0.20778 0.00774 0.06776
v -0.20826 0.00738 0.06889
v -0.20874 0.00691 0.06998
v -0.21052 0.00300 0.01999
v -0.20815 0.01300 0.06954
v -0.21246 0.01300 0.07540
v -0.21303 0.01244 0.07604
v -0.22083 0.00665 0.08284
v -0.21667 0.00933 0.07963
v -0.20656 0.01300 0.02628
v -0.20656 0.00900 0.02628
v -0.20717 0.00900 0.02514
v -0.21043 0.01300 0.02011
v -0.20964 0.00693 0.02120
v -0.21093 0.01245 0.01945
v -0.20889 0.00805 0.02230
v -0.20780 0.00887 0.02404
v -0.21030 0.00503 0.02028
v -0.21823 0.00665 0.01208
v -0.21430 0.00934 0.01562
v -0.20270 0.01300 0.03688
v -0.20467 0.00900 0.03046
v -0.20167 0.01300 0.04812
v -0.20352 0.01300 0.05925
v -0.22015 0.00476 0.08466
v -0.22051 0.00482 0.08464
v -0.22087 0.00504 0.08447
v -0.22093 0.00510 0.08441
v -0.22120 0.00550 0.08404
v -0.22126 0.00600 0.08354
v -0.22124 0.00611 0.08343
v -0.22109 0.00643 0.08310
v -0.22099 0.00653 0.08298
v -0.19674 0.00476 0.08177
v -0.19424 0.01123 0.07492
v -0.19462 0.01096 0.07524
v -0.19547 0.00991 0.07641
v -0.19586 0.00842 0.07797
v -0.19329 0.01164 0.07441
v -0.19307 0.01300 0.07301
v -0.19302 0.01170 0.07431
v -0.19555 0.00667 0.07969
v -0.19543 0.00605 0.08030
v -0.19584 0.00510 0.08131
v -0.19615 0.00488 0.08156
v -0.19562 0.00537 0.08101
v -0.19545 0.00580 0.08056
v -0.19629 0.00482 0.08163
v -0.19508 0.01300 0.02317
v -0.19513 0.01176 0.02189
v -0.19513 0.00800 0.02189
v -0.19302 0.00800 0.07431
v -0.18873 0.00985 0.07565
v -0.18845 0.00942 0.07604
v -0.19033 0.01124 0.07444
v -0.18961 0.01076 0.07483
v -0.19102 0.01154 0.07423
v -0.19102 0.00800 0.07423
v -0.19235 0.00800 0.07417
v -0.18791 0.00667 0.07875
v -0.13990 0.01300 0.05000
v -0.17972 0.01300 0.07135
v -0.19108 0.01300 0.07276
v -0.19307 0.01300 0.02357
v -0.17869 0.01300 0.02644
v -0.13900 0.01300 0.04544
v -0.13841 0.01300 0.04662
v -0.14004 0.01300 0.04464
v -0.13837 0.01300 0.04793
v -0.13891 0.01300 0.04914
v -0.19121 0.00966 0.02054
v -0.19655 0.01144 0.02129
v -0.19641 0.01150 0.02137
v -0.19515 0.01176 0.02189
v -0.19250 0.01091 0.02156
v -0.19314 0.01129 0.02181
v -0.19314 0.00800 0.02181
v -0.19148 0.01000 0.02083
v -0.19319 0.00800 0.02183
v -0.19030 0.00667 0.01767
v -0.19767 0.01050 0.02012
v -0.19824 0.00915 0.01862
v -0.19816 0.00750 0.01695
v -0.21860 0.00600 0.01135
v -0.21860 0.00585 0.01119
v -0.19785 0.00667 0.01616
v -0.21851 0.00553 0.01088
v -0.19769 0.00605 0.01557
v -0.19771 0.00574 0.01524
v -0.21792 0.00488 0.01035
v -0.21757 0.00477 0.01030
v -0.21821 0.00510 0.01051
v -0.21741 0.00476 0.01032
v -0.21834 0.00524 0.01062
v -0.19890 0.00476 0.01401
v -0.19783 0.00536 0.01484
v -0.21849 0.00639 0.01177
v -0.19844 0.00483 0.01417
v -0.19831 0.00488 0.01425
v -0.19800 0.00513 0.01457
v -0.17055 0.01300 0.02806
v -0.18852 0.00476 0.01607
v -0.18952 0.00510 0.01623
v -0.18914 0.00488 0.01608
v -0.18982 0.00537 0.01644
v -0.19012 0.00580 0.01681
v -0.19023 0.00605 0.01705
v -0.18899 0.00482 0.01606
v -0.13723 0.01300 0.04375
v -0.13629 0.01300 0.04402
v -0.13296 0.01300 0.04127
v -0.13503 0.01300 0.04389
v -0.13393 0.01300 0.04325
v -0.13320 0.01300 0.04222
v -0.18624 0.00476 0.08047
v -0.18672 0.00483 0.08046
v -0.18687 0.00488 0.08042
v -0.18727 0.00513 0.08021
v -0.18751 0.00536 0.08001
v -0.18776 0.00574 0.07967
v -0.18787 0.00605 0.07937
v -0.09750 0.00476 0.06949
v -0.09704 0.00482 0.06936
v -0.09661 0.00843 0.06567
v -0.09630 0.00667 0.06742
v -0.09655 0.00898 0.06512
v -0.10336 0.01300 0.06191
v -0.13288 0.01300 0.06556
v -0.09618 0.00605 0.06803
v -0.09621 0.00580 0.06829
v -0.09638 0.00537 0.06874
v -0.13491 0.01300 0.06581
v -0.17422 0.01300 0.07067
v -0.09659 0.00510 0.06903
v -0.09691 0.00488 0.06929
v -0.08888 0.00872 0.06444
v -0.08867 0.00795 0.06519
v -0.09111 0.01125 0.06216
v -0.09036 0.01076 0.06256
v -0.09020 0.01062 0.06268
v -0.09004 0.01048 0.06281
v -0.09331 0.01175 0.06193
v -0.09445 0.01152 0.06231
v -0.09500 0.01125 0.06265
v -0.09131 0.01135 0.06208
v -0.09569 0.01067 0.06331
v -0.08866 0.00667 0.06648
v -0.08863 0.00695 0.06619
v -0.02933 0.01300 0.01963
v -0.08571 0.01300 0.05973
v -0.09118 0.01300 0.06041
v -0.03371 0.01300 0.00359
v -0.03257 0.01300 0.00447
v -0.03513 0.01300 0.00333
v -0.03198 0.01300 0.00579
v -0.07904 0.01300 0.00624
v -0.02844 0.01300 0.01573
v -0.02806 0.01300 0.01713
v -0.02838 0.01300 0.01853
v -0.08732 0.01300 0.01178
v -0.09087 0.01300 0.03120
v -0.09321 0.01300 0.06066
v -0.09964 0.01300 0.06145
v -0.12522 0.01300 0.04937
v -0.12622 0.01300 0.04822
v -0.12652 0.01300 0.04673
v -0.09424 0.01300 0.02799
v -0.09316 0.01300 0.02805
v -0.09527 0.01300 0.02833
v -0.09217 0.01300 0.02849
v -0.09145 0.01300 0.02918
v -0.12481 0.01300 0.04960
v -0.12495 0.01300 0.04424
v -0.12606 0.01300 0.04528
v -0.09095 0.01300 0.03021
v -0.12761 0.01300 0.05049
v -0.13165 0.01300 0.05202
v -0.13091 0.01300 0.05099
v -0.12982 0.01300 0.05035
v -0.12856 0.01300 0.05022
v -0.13188 0.01300 0.05297
v -0.08700 0.00476 0.06819
v -0.08748 0.00483 0.06819
v -0.08762 0.00488 0.06815
v -0.08802 0.00513 0.06794
v -0.08826 0.00536 0.06774
v -0.08851 0.00574 0.06739
v -0.08863 0.00605 0.06709
v 0.00174 0.00792 0.05722
v -0.00311 0.00639 0.05782
v -0.00941 0.00516 0.05860
v -0.01560 0.00476 0.05936
v -0.00868 0.00526 0.05851
v -0.00760 0.00543 0.05838
v -0.00358 0.00627 0.05788
v 0.00244 0.01037 0.05695
v 0.00192 0.00804 0.05719
v 0.00220 0.00855 0.05709
v -0.00858 0.01276 0.05635
v 0.00121 0.01051 0.05699
v -0.00002 0.01068 0.05700
v -0.00542 0.01180 0.05674
v -0.00589 0.01193 0.05670
v -0.00688 0.01222 0.05658
v -0.00787 0.01252 0.05645
v -0.01545 0.01005 0.05591
v -0.01452 0.01224 0.05541
v -0.01060 0.01066 0.05629
v -0.01137 0.00843 0.05688
v -0.01216 0.00635 0.05790
v -0.01643 0.00801 0.05685
v -0.00713 0.00710 0.05756
v 0.00090 0.00789 0.05726
v -0.00654 0.00937 0.05690
v -0.02066 0.01265 0.05422
v -0.02861 0.01043 0.05526
v -0.02427 0.00822 0.05694
v -0.02185 0.01066 0.05502
v -0.13400 0.01300 0.05434
v -0.13738 0.01300 0.05113
v -0.13629 0.01300 0.05119
v -0.13841 0.01300 0.05147
v -0.13530 0.01300 0.05163
v -0.13458 0.01300 0.05232
v -0.13409 0.01300 0.05335
v -0.21074 0.00300 0.02140
v -0.21049 0.00300 0.02115
v -0.21033 0.00300 0.02074
v -0.21036 0.00300 0.02031
v -0.21155 0.00300 0.02199
v -0.21269 0.00300 0.02200
v -0.21235 0.00300 0.02215
v -0.21190 0.00300 0.02215
v -0.22844 0.00858 0.08372
v -0.22527 0.00985 0.08208
v -0.21838 0.01236 0.01587
v -0.22254 0.00993 0.01262
v -0.21293 0.00300 0.02178
v -0.21272 0.00505 0.02206
v -0.21207 0.00696 0.02296
v -0.21509 0.01500 0.01916
v -0.21718 0.01500 0.07602
v -0.21610 0.01500 0.07494
v -0.21924 0.01338 0.07787
v -0.22214 0.01147 0.08010
v -0.23347 0.00725 0.08565
v -0.24029 0.00659 0.08715
v -0.24041 0.00659 0.08717
v -0.20912 0.00900 0.06515
v -0.20970 0.00892 0.06623
v -0.20967 0.01500 0.06619
v -0.21041 0.00861 0.06748
v -0.21126 0.00798 0.06884
v -0.21173 0.00748 0.06955
v -0.21277 0.00585 0.07101
v -0.21287 0.00560 0.07115
v -0.21335 0.00380 0.07176
v -0.21339 0.00300 0.07183
v -0.20674 0.00900 0.05946
v -0.20577 0.01500 0.05605
v -0.20577 0.00900 0.05605
v -0.20466 0.01500 0.04525
v -0.20466 0.00900 0.04525
v -0.20464 0.00900 0.04635
v -0.20508 0.00900 0.05251
v -0.20642 0.01500 0.03453
v -0.20584 0.00900 0.03666
v -0.20495 0.00900 0.04144
v -0.21094 0.01500 0.02466
v -0.21143 0.00798 0.02390
v -0.21039 0.00885 0.02556
v -0.20974 0.00900 0.02670
v -0.20746 0.00900 0.03155
v -0.20642 0.00900 0.03453
v -0.23743 0.00659 0.00633
v -0.23407 0.00675 0.00717
v -0.22416 0.00920 0.01158
v -0.22738 0.00805 0.00979
v -0.23066 0.00724 0.00833
v -0.23684 0.00600 0.00339
v -0.23710 0.00729 0.00466
v -0.13975 0.00600 0.02273
v -0.21474 0.01524 0.01721
v -0.14155 0.01524 0.03179
v -0.21758 0.01306 0.01443
v -0.22184 0.01064 0.01110
v -0.22349 0.00991 0.01003
v -0.23365 0.00746 0.00551
v -0.23016 0.00795 0.00671
v -0.22680 0.00876 0.00820
v -0.11207 0.01524 0.02592
v -0.11720 0.00600 0.01825
v -0.11652 0.01524 0.02849
v -0.12423 0.00600 0.02172
v -0.12126 0.01524 0.03046
v -0.12623 0.01524 0.03179
v -0.13192 0.00600 0.02325
v -0.13132 0.01524 0.03246
v -0.13646 0.01524 0.03246
v -0.06179 0.00650 -0.01822
v -0.06207 0.00600 -0.01863
v -0.06373 0.01055 -0.01205
v -0.06514 0.01524 -0.00547
v -0.05658 0.01408 -0.01997
v -0.05633 0.01357 -0.02065
v -0.05757 0.01050 -0.01918
v -0.05682 0.01459 -0.01929
v -0.05847 0.01263 -0.01627
v -0.05763 0.01467 -0.01702
v -0.06239 0.01507 -0.00818
v -0.06134 0.01499 -0.00962
v -0.06124 0.01241 -0.01231
v -0.06119 0.01498 -0.00985
v -0.06012 0.01490 -0.01162
v -0.05923 0.01482 -0.01334
v -0.05911 0.01481 -0.01358
v -0.06373 0.01516 -0.00668
v -0.06055 0.01019 -0.01531
v -0.05829 0.01473 -0.01541
v -0.05968 0.00801 -0.01839
v -0.05821 0.00959 -0.01884
v 0.00736 0.01014 0.05955
v -0.00485 0.01459 0.05980
v -0.00350 0.01129 0.05990
v -0.00175 0.01459 0.05998
v -0.00176 0.01095 0.05997
v 0.00507 0.01459 0.05979
v 0.00352 0.01029 0.05990
v 0.01220 0.01459 0.05875
v -0.01398 0.01459 0.05835
v -0.01157 0.01363 0.05887
v -0.00414 0.01143 0.05986
v -0.05167 0.01459 -0.03050
v -0.05509 0.01459 -0.02377
v -0.05550 0.01214 -0.02281
v -0.05602 0.01299 -0.02148
v -0.05250 0.01014 -0.02905
v -0.05287 0.01017 -0.02837
v -0.05462 0.01110 -0.02483
v 0.01485 0.01459 0.05813
v 0.02423 0.01459 0.05489
v 0.02547 0.01459 0.05432
v 0.03294 0.01459 0.05015
v 0.03737 0.01459 0.04695
v 0.04076 0.01459 0.04403
v 0.04746 0.01459 0.03671
v 0.05286 0.01459 0.02839
v 0.05451 0.01459 0.02507
v 0.05681 0.01459 0.01929
v 0.05884 0.01459 0.01175
v 0.05922 0.01459 0.00967
v 0.06000 0.01459 -0.00022
v 0.05914 0.01459 -0.01011
v 0.05996 0.01459 -0.00220
v 0.05667 0.01459 -0.01971
v 0.05782 0.01459 -0.01603
v 0.04718 0.01459 -0.03707
v 0.05265 0.01459 -0.02878
v 0.04043 0.01459 -0.04433
v 0.04439 0.01459 -0.04037
v 0.02143 0.01459 -0.05604
v 0.02382 0.01459 -0.05507
v 0.03257 0.01459 -0.05039
v 0.03383 0.01459 -0.04955
v 0.01038 0.00624 -0.05909
v 0.00942 0.00490 -0.05925
v 0.00787 0.01459 -0.05948
v 0.01781 0.00300 -0.05729
v 0.01758 0.00446 -0.05737
v 0.01680 0.00589 -0.05760
v 0.01633 0.00638 -0.05774
v 0.01494 0.00722 -0.05811
v 0.01442 0.01459 -0.05824
v 0.01345 0.00748 -0.05847
v 0.01398 0.01459 -0.05835
v 0.00872 0.01459 -0.05936
v 0.01186 0.00719 -0.05882
v 0.01048 0.00633 -0.05908
v 0.00902 0.00334 -0.05932
v 0.00900 0.00289 -0.05932
v 0.00935 0.00127 -0.05927
v 0.01023 -0.00009 -0.05912
v 0.01047 -0.00032 -0.05908
v 0.01563 -0.00089 -0.05793
v 0.01669 -0.00001 -0.05763
v 0.01752 0.00139 -0.05738
v 0.01187 -0.00119 -0.05881
v 0.01345 -0.00148 -0.05847
v 0.01411 -0.00143 -0.05832
v -0.00107 0.01459 -0.05999
v -0.00613 0.01459 -0.05969
v -0.01083 0.01459 -0.05901
v -0.02923 0.01459 -0.05240
v -0.02030 0.01459 -0.05646
v -0.03737 0.01459 -0.04694
v -0.03237 0.01459 -0.05052
v -0.05048 0.01459 -0.03243
v -0.04452 0.01459 -0.04022
v -0.04320 0.01459 -0.04164
v -0.00004 0.00765 0.06046
v -0.24004 0.00600 0.09014
v 0.00591 0.00957 0.05973
v 0.00442 0.00902 0.05991
v 0.00248 0.00837 0.06015
v 0.00014 0.00770 0.06044
v -0.01252 0.00600 0.06201
v -0.00630 0.00641 0.06124
v -0.24020 0.00729 0.08886
v -0.08888 0.01300 0.06441
v -0.01917 0.00826 0.06055
v -0.22468 0.01056 0.08365
v -0.22794 0.00929 0.08533
v -0.23308 0.00796 0.08731
v -0.24007 0.00729 0.08884
v -0.02267 0.00973 0.05950
v -0.02378 0.01024 0.05913
v -0.02858 0.01268 0.05726
v -0.08889 0.01300 0.06440
v -0.21851 0.01408 0.07934
v -0.22148 0.01218 0.08162
v -0.21698 0.01524 0.07799
v -0.21693 0.01524 0.07798
v -0.03290 0.01524 0.05522
v -0.08881 0.01300 0.06439
v -0.08886 0.01300 0.06440
v -0.21635 0.01574 0.07719
v -0.21606 0.01598 0.07630
v -0.21662 0.01549 0.07616
v -0.21452 0.01549 0.01906
v -0.21378 0.01600 0.01913
v -0.21395 0.01598 0.01896
v -0.21588 0.01600 0.07613
v -0.21571 0.01600 0.07597
v -0.21538 0.01600 0.07563
v -0.20880 0.01600 0.06667
v -0.20479 0.01600 0.05629
v -0.20366 0.01600 0.04522
v -0.20547 0.01600 0.03424
v -0.21009 0.01600 0.02412
v -0.21362 0.01600 0.01931
v -0.21409 0.01583 0.01827
v -0.14191 0.01600 0.03360
v -0.14172 0.01580 0.03262
v -0.02195 0.01600 0.01657
v 0.03492 0.01600 -0.01432
v 0.05782 0.01600 0.00944
v 0.05859 0.01600 -0.00022
v -0.01499 0.01600 0.02306
v -0.03313 0.01600 0.05339
v -0.03069 0.01600 0.05337
v -0.02628 0.01600 0.00810
v -0.03649 0.01600 -0.04583
v -0.02023 0.01600 -0.01862
v -0.01268 0.01600 -0.02440
v -0.05379 0.01600 -0.02321
v -0.02537 0.01600 -0.01062
v -0.04929 0.01600 -0.03166
v -0.04347 0.01600 -0.03927
v -0.00360 0.01600 -0.02726
v -0.01982 0.01600 -0.05513
v -0.02854 0.01600 -0.05116
v 0.03980 0.01600 0.04300
v 0.02000 0.01600 0.01888
v 0.03217 0.01600 0.04897
v 0.01237 0.01600 0.02456
v 0.00326 0.01600 0.02731
v 0.01450 0.01600 0.05676
v 0.02366 0.01600 0.05360
v -0.01834 0.01600 0.05571
v -0.01365 0.01600 0.05697
v -0.00624 0.01600 0.02678
v -0.00474 0.01600 0.05839
v 0.00495 0.01600 0.05838
v 0.02449 0.01600 -0.02989
v 0.01408 0.01600 -0.05687
v 0.02351 0.01600 -0.02974
v 0.01365 0.01600 -0.05697
v 0.02272 0.01600 -0.02913
v 0.01867 0.01600 -0.02393
v 0.00590 0.01600 -0.02686
v -0.00104 0.01600 -0.05858
v -0.01057 0.01600 -0.05762
v 0.01470 0.01600 -0.02324
v 0.00852 0.01600 -0.05796
v 0.03535 0.01600 -0.01499
v 0.05775 0.01600 -0.00987
v 0.03549 0.01600 -0.01579
v 0.05533 0.01600 -0.01925
v 0.03530 0.01600 -0.01657
v 0.05140 0.01600 -0.02811
v 0.03113 0.01600 -0.02350
v 0.04607 0.01600 -0.03619
v 0.02561 0.01600 -0.02941
v 0.03948 0.01600 -0.04329
v 0.02542 0.01600 -0.02956
v 0.03180 0.01600 -0.04920
v 0.02326 0.01600 -0.05377
v 0.03424 0.01600 -0.01387
v 0.02813 0.01600 -0.01139
v 0.02696 0.01600 -0.01054
v -0.02816 0.01600 0.05359
v -0.02567 0.01600 0.05399
v -0.02499 0.01600 0.05412
v -0.13120 0.01600 0.03431
v -0.13658 0.01600 0.03430
v -0.05687 0.01600 -0.01479
v -0.05846 0.01600 -0.01120
v -0.02747 0.01600 -0.00134
v -0.05868 0.01600 -0.01079
v -0.05989 0.01600 -0.00869
v 0.04634 0.01600 0.03585
v 0.05161 0.01600 0.02772
v 0.02523 0.01600 0.01094
v 0.05547 0.01600 0.01884
v 0.02745 0.01600 0.00169
v 0.02638 0.01600 -0.00777
v 0.02632 0.01600 -0.00922
v -0.02335 0.01600 0.05446
v -0.02320 0.01600 0.05450
v -0.01836 0.01600 0.05571
v -0.12587 0.01600 0.03360
v -0.12067 0.01600 0.03221
v -0.11570 0.01600 0.03015
v -0.06104 0.01600 -0.00704
v -0.06412 0.01600 -0.00393
v -0.11104 0.01600 0.02746
v 0.01608 0.01600 -0.02279
v 0.01752 0.01600 -0.02304
v -0.05548 0.01600 -0.01883
v -0.05621 0.01600 -0.01658
v -0.05673 0.01600 -0.01514
v -0.11160 0.01580 0.02663
v -0.11614 0.01580 0.02925
v -0.12099 0.01580 0.03126
v -0.12606 0.01580 0.03262
v -0.13126 0.01580 0.03331
v -0.13651 0.01580 0.03331
v -0.06467 0.01580 -0.00476
v -0.05822 0.01500 -0.01537
v -0.05680 0.01483 -0.01927
v -0.05809 0.01527 -0.01530
v -0.05667 0.01525 -0.01922
v -0.05791 0.01552 -0.01522
v -0.05768 0.01573 -0.01512
v -0.05643 0.01559 -0.01914
v -0.05741 0.01589 -0.01501
v -0.05624 0.01575 -0.01907
v -0.05712 0.01598 -0.01489
v -0.05597 0.01590 -0.01898
v -0.05594 0.01591 -0.01898
v -0.05571 0.01598 -0.01890
v -0.05896 0.01597 -0.01094
v -0.06218 0.01598 -0.00610
v -0.06222 0.01598 -0.00605
v -0.06214 0.01598 -0.00616
v -0.06214 0.01598 -0.00615
v -0.06198 0.01563 -0.00780
v -0.06083 0.01554 -0.00957
v -0.06000 0.01518 -0.01154
v -0.06024 0.01592 -0.00917
v -0.05928 0.01587 -0.01111
v -0.05981 0.01545 -0.01142
v -0.05957 0.01569 -0.01128
v -0.06135 0.01596 -0.00729
v -0.06216 0.01598 -0.00613
v -0.06215 0.01598 -0.00614
v -0.06329 0.01571 -0.00617
v -0.06265 0.01599 -0.00550
v -0.06231 0.01599 -0.00594
v -0.06197 0.01598 -0.00638
v 0.01377 0.01591 -0.05745
v 0.00859 0.01591 -0.05845
v -0.05424 0.01591 -0.02340
v -0.00105 0.01591 -0.05907
v -0.01066 0.01591 -0.05811
v -0.01998 0.01591 -0.05559
v -0.02878 0.01591 -0.05159
v -0.03680 0.01591 -0.04621
v -0.04384 0.01591 -0.03960
v -0.04970 0.01591 -0.03193
v -0.05471 0.01559 -0.02361
v -0.05501 0.01508 -0.02373
v -0.05041 0.01508 -0.03238
v -0.04446 0.01508 -0.04016
v -0.03732 0.01508 -0.04687
v -0.02918 0.01508 -0.05232
v -0.02027 0.01508 -0.05638
v -0.01081 0.01508 -0.05893
v -0.00106 0.01508 -0.05990
v 0.00871 0.01508 -0.05928
v 0.01396 0.01508 -0.05826
v -0.05013 0.01559 -0.03220
v -0.04421 0.01559 -0.03994
v -0.03712 0.01559 -0.04661
v -0.02902 0.01559 -0.05204
v -0.02016 0.01559 -0.05607
v -0.01075 0.01559 -0.05861
v -0.00106 0.01559 -0.05958
v 0.00866 0.01559 -0.05895
v 0.01389 0.01559 -0.05794
v 0.01420 0.01591 -0.05734
v 0.01432 0.01559 -0.05784
v 0.01440 0.01508 -0.05816
v 0.03252 0.01508 -0.05032
v 0.02379 0.01508 -0.05499
v 0.04037 0.01508 -0.04427
v 0.04711 0.01508 -0.03701
v 0.05257 0.01508 -0.02874
v 0.05659 0.01508 -0.01969
v 0.05906 0.01508 -0.01009
v 0.05991 0.01508 -0.00022
v 0.05913 0.01508 0.00965
v 0.05673 0.01508 0.01927
v 0.05278 0.01508 0.02835
v 0.04739 0.01508 0.03666
v 0.04070 0.01508 0.04397
v 0.03290 0.01508 0.05007
v 0.02419 0.01508 0.05481
v 0.01483 0.01508 0.05805
v 0.00506 0.01508 0.05970
v -0.00485 0.01508 0.05972
v -0.01396 0.01510 0.05825
v -0.00482 0.01559 0.05939
v -0.01388 0.01559 0.05795
v -0.01395 0.01515 0.05823
v -0.00478 0.01591 0.05888
v -0.01377 0.01590 0.05747
v -0.01386 0.01569 0.05783
v -0.01372 0.01597 0.05726
v 0.02345 0.01591 -0.05422
v 0.03207 0.01591 -0.04961
v 0.03981 0.01591 -0.04365
v 0.04645 0.01591 -0.03649
v 0.05183 0.01591 -0.02834
v 0.05580 0.01591 -0.01941
v 0.05823 0.01591 -0.00995
v 0.05908 0.01591 -0.00022
v 0.05830 0.01591 0.00952
v 0.05594 0.01591 0.01900
v 0.05204 0.01591 0.02796
v 0.04672 0.01591 0.03615
v 0.04013 0.01591 0.04335
v 0.03244 0.01591 0.04937
v 0.02386 0.01591 0.05405
v 0.01462 0.01591 0.05724
v 0.00499 0.01591 0.05886
v 0.02366 0.01559 -0.05469
v 0.03235 0.01559 -0.05004
v 0.04015 0.01559 -0.04403
v 0.04686 0.01559 -0.03681
v 0.05228 0.01559 -0.02858
v 0.05628 0.01559 -0.01958
v 0.05873 0.01559 -0.01004
v 0.05959 0.01559 -0.00022
v 0.05881 0.01559 0.00960
v 0.05642 0.01559 0.01916
v 0.05249 0.01559 0.02820
v 0.04713 0.01559 0.03646
v 0.04047 0.01559 0.04373
v 0.03272 0.01559 0.04980
v 0.02406 0.01559 0.05451
v 0.01475 0.01559 0.05773
v 0.00503 0.01559 0.05937
v -0.02577 0.01590 0.05457
v -0.02821 0.01595 0.05403
v -0.02825 0.01582 0.05444
v -0.03298 0.01570 0.05460
v -0.03152 0.01518 0.05516
v -0.03300 0.01578 0.05444
v -0.02828 0.01560 0.05481
v -0.02830 0.01533 0.05512
v -0.03070 0.01599 0.05362
v -0.03306 0.01594 0.05394
v -0.03313 0.01600 0.05341
v -0.01842 0.01597 0.05601
v -0.01868 0.01498 0.05713
v -0.01866 0.01525 0.05700
v -0.01862 0.01550 0.05682
v -0.01856 0.01572 0.05658
v -0.01419 0.01459 0.05830
v -0.01401 0.01459 0.05834
v -0.01454 0.01460 0.05821
v -0.01400 0.01459 0.05835
v -0.02378 0.01488 0.05606
v -0.01891 0.01472 0.05715
v -0.01708 0.01467 0.05759
v -0.02328 0.01596 0.05486
v -0.01849 0.01588 0.05630
v -0.02335 0.01585 0.05520
v -0.02341 0.01566 0.05551
v -0.02346 0.01542 0.05578
v -0.02349 0.01515 0.05598
v -0.02659 0.01498 0.05556
v -0.00386 0.00931 0.06008
v -0.02227 0.01228 0.05753
v -0.01799 0.01019 0.05899
v -0.01643 0.01345 0.05792
v -0.01220 0.01171 0.05896
v 0.00025 0.00861 0.06020
v -0.00809 0.01036 0.05966
v -0.01349 0.00839 0.06017
v -0.00910 0.00698 0.06099
v 0.03424 0.02150 -0.01387
v 0.02813 0.02150 -0.01139
v -0.01482 0.02150 -0.02078
v -0.00993 0.02150 -0.01745
v -0.00928 0.02150 -0.01841
v 0.00832 0.02150 -0.01220
v 0.00989 0.02150 -0.01113
v 0.01178 0.02150 -0.01391
v 0.00158 0.02150 0.01334
v 0.00267 0.02150 0.01408
v 0.00340 0.02150 0.01300
v -0.00412 0.02150 -0.00856
v -0.00229 0.02150 -0.01224
v -0.00340 0.02150 -0.01300
v 0.00079 0.02150 -0.01757
v 0.00106 0.02150 -0.01715
v 0.00295 0.02150 -0.01993
v -0.01678 0.02150 -0.00428
v -0.01812 0.02150 -0.00475
v -0.01987 0.02150 -0.00287
v 0.01209 0.02150 -0.01239
v 0.01317 0.02150 -0.01332
v 0.03530 0.02150 -0.01657
v 0.03113 0.02150 -0.02350
v 0.02701 0.02150 -0.01737
v 0.01752 0.02150 -0.02304
v 0.01608 0.02150 -0.02279
v 0.01021 0.02150 -0.01498
v -0.01228 0.02150 -0.02460
v -0.01268 0.02150 -0.02440
v -0.01417 0.02150 -0.02174
v -0.02023 0.02150 -0.01862
v 0.01632 0.02150 0.00006
v 0.01539 0.02150 -0.00102
v 0.01533 0.02150 -0.00023
v 0.01941 0.02150 -0.00448
v 0.02749 0.02150 0.00075
v 0.01868 0.02150 -0.00514
v 0.02638 0.02150 -0.00777
v 0.02057 0.02150 -0.00792
v 0.02632 0.02150 -0.00922
v 0.02696 0.02150 -0.01054
v 0.02034 0.02150 -0.00340
v 0.02061 0.02150 -0.00200
v 0.02745 0.02150 0.00169
v 0.02014 0.02150 -0.00066
v 0.02683 0.02150 0.00603
v 0.01906 0.02150 0.00027
v 0.01766 0.02150 0.00053
v 0.02653 0.02150 0.00723
v 0.01028 0.02150 0.00717
v 0.01482 0.02150 0.00947
v 0.01381 0.02150 0.00829
v 0.01352 0.02150 0.00677
v 0.01403 0.02150 0.00530
v 0.01521 0.02150 0.00429
v 0.01674 0.02150 0.00400
v 0.01820 0.02150 0.00451
v 0.02265 0.02150 0.01559
v 0.01629 0.02150 0.00998
v 0.01921 0.02150 0.00569
v 0.01950 0.02150 0.00722
v 0.02523 0.02150 0.01094
v 0.01899 0.02150 0.00868
v 0.01781 0.02150 0.00969
v 0.00539 0.02150 0.01435
v 0.00930 0.02150 0.01664
v 0.00837 0.02150 0.01556
v 0.01204 0.02150 0.01684
v 0.01064 0.02150 0.01711
v 0.01644 0.02150 0.02205
v 0.00929 0.02150 0.00863
v 0.01105 0.02150 0.01162
v 0.01239 0.02150 0.01209
v 0.01312 0.02150 0.01591
v 0.02000 0.02150 0.01888
v 0.01359 0.02150 0.01457
v 0.02160 0.02150 0.01702
v 0.01332 0.02150 0.01317
v 0.00810 0.02150 0.01416
v 0.00857 0.02150 0.01282
v 0.00965 0.02150 0.01189
v 0.00465 0.02150 0.01543
v 0.01531 0.02150 0.02285
v -0.00624 0.02150 0.02678
v 0.00326 0.02150 0.02731
v 0.00200 0.02150 0.02061
v -0.00006 0.02150 0.01632
v 0.00032 0.02150 0.01520
v -0.00734 0.02150 0.02650
v 0.00066 0.02150 0.02014
v -0.00027 0.02150 0.01906
v -0.00053 0.02150 0.01766
v -0.00582 0.02150 0.01905
v -0.00722 0.02150 0.01932
v -0.01499 0.02150 0.02306
v -0.00857 0.02150 0.01885
v -0.00950 0.02150 0.01777
v -0.00475 0.02150 0.01812
v -0.00428 0.02150 0.01678
v -0.00540 0.02150 0.01130
v -0.00547 0.02150 0.01430
v -0.00454 0.02150 0.01538
v -0.00976 0.02150 0.01637
v -0.00929 0.02150 0.01503
v -0.00697 0.02150 0.01023
v -0.00821 0.02150 0.01410
v -0.00681 0.02150 0.01383
v -0.02195 0.02150 0.01657
v -0.01701 0.02150 0.01211
v -0.01730 0.02150 0.01058
v -0.01453 0.02150 0.01380
v -0.01600 0.02150 0.01328
v -0.01423 0.02150 0.00528
v -0.01679 0.02150 0.00911
v -0.01561 0.02150 0.00810
v -0.01431 0.02150 0.00780
v -0.01301 0.02150 0.00810
v -0.01196 0.02150 0.00893
v -0.01138 0.02150 0.01014
v -0.01138 0.02150 0.01147
v -0.01196 0.02150 0.01267
v -0.01301 0.02150 0.01351
v -0.01667 0.02150 0.00469
v -0.01559 0.02150 0.00376
v -0.01534 0.02150 0.00452
v -0.01408 0.02150 0.00267
v -0.01807 0.02150 0.00495
v -0.01941 0.02150 0.00448
v -0.02628 0.02150 0.00810
v -0.02034 0.02150 0.00340
v -0.02061 0.02150 0.00200
v -0.02187 0.02150 0.00007
v 0.00737 0.02150 -0.02649
v 0.00590 0.02150 -0.02686
v 0.00722 0.02150 -0.01932
v 0.01470 0.02150 -0.02324
v 0.00857 0.02150 -0.01885
v 0.00929 0.02150 -0.01503
v 0.00976 0.02150 -0.01637
v 0.00950 0.02150 -0.01777
v 0.02542 0.02150 -0.02956
v 0.02449 0.02150 -0.02989
v 0.02395 0.02150 -0.01946
v 0.02351 0.02150 -0.02974
v 0.02503 0.02150 -0.01873
v 0.02561 0.02150 -0.02941
v 0.03549 0.02150 -0.01579
v 0.03492 0.02150 -0.01432
v 0.03535 0.02150 -0.01499
v 0.00102 0.02150 0.01539
v 0.00242 0.02150 0.01512
v 0.00376 0.02150 0.01559
v 0.01291 0.02150 -0.00328
v 0.01561 0.02150 -0.00723
v 0.01416 0.02150 -0.00810
v 0.01751 0.02150 -0.01001
v 0.01664 0.02150 -0.00930
v 0.01556 0.02150 -0.00837
v 0.01823 0.02150 -0.02336
v 0.01457 0.02150 -0.01359
v 0.01591 0.02150 -0.01312
v 0.01684 0.02150 -0.01204
v 0.01711 0.02150 -0.01064
v 0.01162 0.02150 -0.01105
v 0.01189 0.02150 -0.00965
v -0.02476 0.02150 -0.00620
v -0.01905 0.02150 -0.00582
v -0.01932 0.02150 -0.00702
v -0.02086 0.02150 -0.01192
v -0.01905 0.02150 -0.00821
v -0.01829 0.02150 -0.00917
v -0.01719 0.02150 -0.00970
v -0.01986 0.02150 -0.01338
v -0.01596 0.02150 -0.00970
v -0.01498 0.02150 -0.01005
v -0.01486 0.02150 -0.00917
v -0.01236 0.02150 -0.00827
v -0.01410 0.02150 -0.00821
v -0.01336 0.02150 -0.00681
v -0.01538 0.02150 -0.00454
v -0.01726 0.02150 -0.00108
v -0.01430 0.02150 -0.00547
v -0.01383 0.02150 -0.00681
v -0.00175 0.02150 -0.01483
v -0.00308 0.02150 -0.01493
v -0.00275 0.02150 -0.01395
v -0.00424 0.02150 -0.01559
v -0.00666 0.02150 -0.01662
v -0.00499 0.02150 -0.01670
v -0.00051 0.02150 -0.01532
v -0.00164 0.02150 -0.01320
v 0.00040 0.02150 -0.01629
v -0.00360 0.02150 -0.02726
v -0.00207 0.02150 -0.02336
v 0.00184 0.02150 -0.02069
v 0.00050 0.02150 -0.01910
v -0.00519 0.02150 -0.01802
v -0.00468 0.02150 -0.01948
v -0.00397 0.02150 -0.02058
v -0.00350 0.02150 -0.02050
v -0.00198 0.02150 -0.02079
v -0.00051 0.02150 -0.02027
v -0.01766 0.02150 -0.00053
v -0.01631 0.02150 -0.00006
v -0.01334 0.02150 0.00158
v -0.01539 0.02150 0.00102
v -0.01512 0.02150 0.00242
v -0.01906 0.02150 -0.00027
v -0.01312 0.02150 -0.01591
v -0.01359 0.02150 -0.01457
v -0.01340 0.02150 -0.01336
v -0.00930 0.02150 -0.01209
v -0.01043 0.02150 -0.01165
v -0.01166 0.02150 -0.01174
v -0.01272 0.02150 -0.01235
v -0.00845 0.02150 -0.00560
v -0.00846 0.02150 -0.01299
v -0.00810 0.02150 -0.01416
v -0.00732 0.02150 -0.01567
v -0.00837 0.02150 -0.01556
v -0.01204 0.02150 -0.01684
v -0.01064 0.02150 -0.01711
v -0.00930 0.02150 -0.01664
v 0.01512 0.02150 -0.00241
v 0.01559 0.02150 -0.00376
v 0.01400 0.02150 -0.00254
v 0.01669 0.02150 -0.00649
v 0.01667 0.02150 -0.00469
v 0.01807 0.02150 -0.00495
v 0.00562 0.02150 -0.00825
v 0.00071 0.02150 -0.00947
v -0.00785 0.02150 -0.00535
v -0.00793 0.02150 -0.00523
v -0.00944 0.02150 -0.00414
v -0.00879 0.02150 -0.00360
v -0.00906 0.02150 -0.00287
v -0.01223 0.02150 0.00234
v -0.00947 0.02150 -0.00071
v -0.00856 0.02150 0.00412
v -0.01297 0.02150 0.00342
v -0.00535 0.02150 0.00785
v -0.00071 0.02150 0.00947
v 0.00232 0.02150 0.01226
v 0.00412 0.02150 0.00856
v 0.00608 0.02150 0.00730
v 0.00947 0.02150 0.00071
v 0.01226 0.02150 -0.00232
v 0.00856 0.02150 -0.00412
v 0.00687 0.02150 -0.00656
v 0.00535 0.02150 -0.00785
v 0.00719 0.02150 -0.00718
v 0.01282 0.02150 -0.00857
v 0.00821 0.02150 -0.01410
v 0.00681 0.02150 -0.01383
v 0.00547 0.02150 -0.01430
v 0.00454 0.02150 -0.01538
v 0.00428 0.02150 -0.01678
v 0.00475 0.02150 -0.01812
v 0.00583 0.02150 -0.01905
v 0.01334 0.02150 -0.00158
v 0.00830 0.02150 0.00582
v 0.00730 0.02150 0.00728
v 0.00469 0.02150 0.01667
v 0.01327 0.02150 0.02409
v 0.00495 0.02150 0.01807
v 0.01237 0.02150 0.02456
v 0.00448 0.02150 0.01941
v 0.00340 0.02150 0.02034
v 0.01859 0.02150 -0.00928
v 0.00785 0.02150 0.00535
v -0.00414 0.02150 0.00944
v -0.00571 0.02150 0.00837
v 0.02272 0.02150 -0.02913
v 0.01867 0.02150 -0.02393
v 0.00777 0.02150 0.00547
v 0.00656 0.02150 0.00687
v -0.00469 0.02150 -0.02514
v -0.00658 0.02150 -0.02236
v -0.02061 0.02150 -0.00178
v -0.02676 0.02150 -0.00326
v -0.02550 0.02150 -0.00512
v -0.02014 0.02150 0.00066
v -0.00658 0.02150 -0.02670
v -0.01065 0.02150 -0.02535
v -0.02537 0.02150 -0.01062
v -0.02653 0.02150 -0.00723
v -0.02687 0.02150 -0.00587
v -0.02728 0.02150 -0.00349
v -0.02737 0.02150 -0.00271
v -0.02747 0.02150 -0.00134
v 0.00583 0.01700 -0.01905
v 0.00722 0.01700 -0.01932
v 0.00857 0.01700 -0.01885
v 0.00950 0.01700 -0.01777
v 0.00976 0.01700 -0.01637
v 0.00929 0.01700 -0.01503
v 0.00821 0.01700 -0.01410
v 0.00681 0.01700 -0.01383
v 0.00547 0.01700 -0.01430
v 0.00454 0.01700 -0.01538
v 0.00428 0.01700 -0.01678
v 0.00475 0.01700 -0.01812
v 0.01151 0.01700 -0.01624
v 0.01074 0.01700 -0.01404
v 0.00897 0.01700 -0.01252
v 0.00668 0.01700 -0.01209
v 0.00448 0.01700 -0.01286
v 0.00297 0.01700 -0.01462
v 0.00253 0.01700 -0.01691
v 0.00330 0.01700 -0.01911
v 0.00507 0.01700 -0.02063
v 0.00736 0.01700 -0.02106
v 0.00955 0.01700 -0.02029
v 0.01107 0.01700 -0.01853
v 0.00448 0.01300 -0.01286
v 0.00668 0.01300 -0.01209
v 0.00897 0.01300 -0.01252
v 0.01074 0.01300 -0.01404
v 0.01151 0.01300 -0.01624
v 0.01107 0.01300 -0.01853
v 0.00955 0.01300 -0.02029
v 0.00736 0.01300 -0.02106
v 0.00507 0.01300 -0.02063
v 0.00330 0.01300 -0.01911
v 0.00253 0.01300 -0.01691
v 0.00297 0.01300 -0.01462
v -0.01338 0.01300 0.00255
v -0.01381 0.01300 0.00026
v -0.01296 0.01300 -0.00056
v -0.01533 0.01300 -0.00151
v -0.01753 0.01300 -0.00228
v -0.01614 0.01300 -0.00273
v -0.00051 0.01300 -0.02027
v 0.00014 0.01300 -0.01978
v 0.00050 0.01300 -0.01910
v -0.01431 0.01300 0.00780
v -0.01561 0.01300 0.00810
v -0.01367 0.01300 0.00516
v -0.00779 0.01300 -0.02637
v -0.00808 0.01300 -0.02539
v -0.00868 0.01300 -0.02609
v 0.00494 0.01300 -0.02705
v 0.00487 0.01300 -0.02672
v 0.00478 0.01300 -0.02708
v 0.01713 0.01300 -0.02151
v 0.01563 0.01300 -0.01939
v 0.01245 0.01300 -0.02155
v 0.00889 0.01300 0.01031
v 0.00713 0.01300 0.01183
v 0.00526 0.01300 0.01186
v -0.00711 0.01300 0.02657
v -0.00274 0.01300 0.02014
v -0.00113 0.01300 0.02124
v -0.01151 0.01300 0.01624
v -0.01107 0.01300 0.01853
v -0.01376 0.01300 0.02381
v -0.00955 0.01300 0.02029
v -0.00742 0.01300 0.02648
v 0.00066 0.01300 0.02014
v 0.00274 0.01300 0.02736
v -0.00678 0.01300 0.02665
v 0.00200 0.01300 0.02061
v 0.00340 0.01300 0.02034
v 0.01193 0.01300 0.02478
v 0.00448 0.01300 0.01941
v 0.01364 0.01300 0.02388
v 0.00495 0.01300 0.01807
v 0.01496 0.01300 0.02308
v 0.00469 0.01300 0.01667
v 0.00319 0.01300 0.01490
v 0.00636 0.01300 0.01403
v 0.00679 0.01300 0.01632
v 0.00376 0.01300 0.01559
v 0.00831 0.01300 0.01808
v 0.01118 0.01300 0.00988
v 0.00853 0.01300 0.00706
v 0.01051 0.01300 0.01885
v 0.01280 0.01300 0.01842
v 0.01808 0.01300 0.02072
v 0.01456 0.01300 0.01690
v 0.01969 0.01300 0.01920
v 0.01533 0.01300 0.01470
v 0.02213 0.01300 0.01633
v 0.01490 0.01300 0.01241
v 0.01338 0.01300 0.01065
v 0.00904 0.01300 0.00632
v 0.01381 0.01300 0.00829
v 0.01482 0.01300 0.00947
v 0.01674 0.01300 0.00400
v 0.01521 0.01300 0.00429
v 0.01303 0.01300 0.00046
v 0.01403 0.01300 0.00530
v 0.01352 0.01300 0.00677
v 0.02265 0.01300 0.01560
v 0.01820 0.01300 0.00451
v 0.02594 0.01300 0.00914
v 0.01921 0.01300 0.00569
v 0.01629 0.01300 0.00998
v 0.01781 0.01300 0.00969
v 0.02507 0.01300 0.01131
v 0.01899 0.01300 0.00868
v 0.01950 0.01300 0.00722
v 0.01381 0.01300 -0.00026
v 0.01533 0.01300 0.00151
v 0.01753 0.01300 0.00228
v 0.02681 0.01300 0.00614
v 0.01982 0.01300 0.00185
v 0.02692 0.01300 0.00564
v 0.02158 0.01300 0.00033
v 0.02742 0.01300 0.00205
v 0.02235 0.01300 -0.00187
v 0.02746 0.01300 -0.00146
v 0.02192 0.01300 -0.00416
v 0.02040 0.01300 -0.00593
v 0.01836 0.01300 -0.00736
v 0.01932 0.01300 -0.00877
v 0.02647 0.01300 -0.00745
v 0.02309 0.01300 -0.01430
v 0.02233 0.01300 -0.01605
v 0.01549 0.01300 -0.02272
v 0.00705 0.01300 -0.02524
v 0.00678 0.01300 -0.02665
v 0.00052 0.01300 -0.02749
v -0.00207 0.01300 -0.02336
v -0.00274 0.01300 -0.02736
v -0.00653 0.01300 -0.02671
v -0.01193 0.01300 -0.02478
v -0.01149 0.01300 -0.02038
v -0.01509 0.01300 -0.02299
v -0.01177 0.01300 -0.01998
v -0.01552 0.01300 -0.02270
v -0.01798 0.01300 -0.02080
v -0.01280 0.01300 -0.01842
v -0.01051 0.01300 -0.01885
v -0.01969 0.01300 -0.01920
v -0.01456 0.01300 -0.01690
v -0.01533 0.01300 -0.01470
v -0.01741 0.01300 -0.01171
v -0.01791 0.01300 -0.01097
v -0.02507 0.01300 -0.01131
v -0.02407 0.01300 -0.00193
v -0.02695 0.01300 -0.00548
v -0.02325 0.01300 -0.00313
v -0.02590 0.01300 -0.00925
v -0.02118 0.01300 -0.00616
v -0.02724 0.01300 0.00375
v -0.02742 0.01300 -0.00205
v -0.02721 0.01300 -0.00397
v -0.01679 0.01300 0.00911
v -0.01730 0.01300 0.01058
v -0.02233 0.01300 0.01606
v -0.01701 0.01300 0.01211
v -0.01702 0.01300 0.02160
v -0.01600 0.01300 0.01328
v -0.01453 0.01300 0.01380
v -0.01177 0.01300 0.01399
v -0.00535 0.01300 0.00785
v -0.00745 0.01300 0.00765
v -0.00856 0.01300 0.00412
v -0.01285 0.01300 0.00396
v -0.01078 0.01300 0.00093
v -0.00785 0.01300 -0.00535
v -0.00793 0.01300 -0.00523
v -0.00918 0.01300 -0.00610
v -0.00841 0.01300 -0.00442
v -0.00412 0.01300 -0.00856
v -0.00519 0.01300 -0.01196
v -0.00301 0.01300 -0.01047
v 0.00071 0.01300 -0.00947
v -0.00136 0.01300 -0.01289
v 0.00404 0.01300 -0.00921
v 0.00856 0.01300 -0.00412
v 0.01116 0.01300 -0.00081
v 0.00947 0.01300 0.00071
v 0.01142 0.01300 -0.00063
v 0.00785 0.01300 0.00535
v 0.00777 0.01300 0.00547
v 0.00719 0.01300 0.00621
v 0.00680 0.01300 0.00664
v 0.00412 0.01300 0.00856
v 0.00339 0.01300 0.01059
v -0.00071 0.01300 0.00947
v 0.00132 0.01300 0.01362
v -0.00428 0.01300 0.00981
v -0.01138 0.01300 0.01147
v -0.00826 0.01300 0.00884
v -0.01196 0.01300 0.01267
v -0.01301 0.01300 0.01351
v -0.01138 0.01300 0.01014
v -0.01196 0.01300 0.00893
v -0.01301 0.01300 0.00810
v -0.01820 0.01300 0.00670
v -0.01591 0.01300 0.00626
v -0.00303 0.01300 -0.02195
v -0.00198 0.01300 -0.02079
v -0.00519 0.01300 -0.01802
v -0.00645 0.01300 -0.01694
v -0.00468 0.01300 -0.01948
v -0.00350 0.01300 -0.02050
v 0.00110 0.01300 -0.02119
v 0.00040 0.01300 -0.01629
v 0.00079 0.01300 -0.01757
v 0.00232 0.01300 -0.01830
v -0.00499 0.01300 -0.01670
v -0.00424 0.01300 -0.01559
v -0.00327 0.01300 -0.01477
v -0.00308 0.01300 -0.01493
v -0.00109 0.01300 -0.01329
v -0.00175 0.01300 -0.01483
v -0.00051 0.01300 -0.01532
v 0.01649 0.01300 -0.00864
v 0.01415 0.01300 -0.00474
v 0.01308 0.01300 -0.00363
v 0.01402 0.01300 -0.00454
v 0.01334 0.01300 -0.00345
v 0.01350 0.01300 -0.00330
v 0.01340 0.01300 -0.00280
v 0.01820 0.01300 -0.00670
v 0.01591 0.01300 -0.00626
v 0.01675 0.01300 -0.00846
v -0.00735 0.01300 0.02106
v -0.00507 0.01300 0.02063
v -0.00300 0.01300 0.01996
v -0.00330 0.01300 0.01911
v 0.00051 0.01300 0.01482
v -0.00253 0.01300 0.01691
v -0.00296 0.01300 0.01462
v -0.00509 0.01300 0.01100
v -0.01549 0.01300 0.02272
v -0.01074 0.01300 0.01404
v -0.00897 0.01300 0.01252
v -0.00668 0.01300 0.01209
v -0.00448 0.01300 0.01286
v -0.01415 0.01300 0.00474
v -0.01935 0.01300 0.00882
v -0.02040 0.01300 0.00593
v -0.02253 0.01300 0.00665
v -0.02192 0.01300 0.00416
v -0.02235 0.01300 0.00187
v -0.02647 0.01300 0.00745
v -0.02158 0.01300 -0.00032
v -0.01982 0.01300 -0.00184
v -0.00831 0.01300 -0.01808
v -0.00672 0.01300 -0.01654
v -0.00355 0.01300 -0.01437
v -0.00636 0.01300 -0.01403
v -0.01490 0.01300 -0.01241
v -0.01338 0.01300 -0.01065
v -0.01236 0.01300 -0.00827
v -0.01118 0.01300 -0.00988
v -0.00889 0.01300 -0.01031
v -0.00713 0.01300 -0.01183
v 0.00328 0.01300 -0.01971
v 0.00431 0.01300 -0.00961
v -0.01905 0.01300 -0.00821
v -0.01932 0.01300 -0.00702
v -0.01905 0.01300 -0.00582
v -0.01812 0.01300 -0.00475
v -0.01678 0.01300 -0.00428
v -0.01538 0.01300 -0.00454
v -0.01430 0.01300 -0.00547
v -0.01286 0.01300 -0.00753
v -0.01383 0.01300 -0.00681
v -0.01410 0.01300 -0.00821
v -0.01829 0.01300 -0.00917
v -0.01486 0.01300 -0.00917
v -0.01596 0.01300 -0.00970
v -0.01719 0.01300 -0.00970
v 0.01282 0.01300 -0.00857
v 0.01189 0.01300 -0.00965
v 0.00748 0.01300 -0.00744
v 0.01162 0.01300 -0.01105
v 0.01209 0.01300 -0.01239
v 0.01457 0.01300 -0.01359
v 0.01317 0.01300 -0.01332
v 0.01186 0.01300 -0.01386
v 0.01089 0.01300 -0.01245
v 0.02194 0.01300 -0.01659
v 0.02122 0.01300 -0.01558
v 0.01591 0.01300 -0.01312
v 0.01416 0.01300 -0.00810
v 0.01556 0.01300 -0.00837
v 0.01664 0.01300 -0.00930
v 0.01745 0.01300 -0.01005
v 0.01711 0.01300 -0.01064
v 0.01684 0.01300 -0.01204
v 0.00077 0.01300 0.01499
v -0.00006 0.01300 0.01632
v -0.00053 0.01300 0.01766
v -0.00027 0.01300 0.01906
v 0.00158 0.01300 0.01380
v 0.00242 0.01300 0.01512
v 0.00102 0.01300 0.01539
v 0.00365 0.01300 0.01076
v 0.00590 0.01300 0.00745
v -0.00969 0.01300 -0.00536
v -0.00940 0.01300 -0.00134
v -0.00947 0.01300 -0.00071
v 0.00535 0.01300 -0.00785
v 0.00721 0.01300 -0.00704
v 0.01281 0.01300 -0.00323
v 0.01307 0.01300 -0.00305
v 0.01338 0.01300 -0.00254
v -0.00679 0.01300 -0.01632
v 0.01771 0.01300 -0.00987
v 0.02148 0.01300 -0.01540
v 0.02213 0.01300 -0.01633
v 0.00831 0.01700 0.01808
v 0.01051 0.01700 0.01885
v 0.01280 0.01700 0.01842
v 0.01456 0.01700 0.01690
v 0.01533 0.01700 0.01470
v 0.01490 0.01700 0.01241
v 0.01338 0.01700 0.01065
v 0.01118 0.01700 0.00988
v 0.00889 0.01700 0.01031
v 0.00713 0.01700 0.01183
v 0.00636 0.01700 0.01403
v 0.00679 0.01700 0.01632
v 0.01312 0.01700 0.01591
v 0.01204 0.01700 0.01684
v 0.01064 0.01700 0.01711
v 0.00930 0.01700 0.01664
v 0.00837 0.01700 0.01556
v 0.00810 0.01700 0.01416
v 0.00857 0.01700 0.01282
v 0.00965 0.01700 0.01189
v 0.01105 0.01700 0.01162
v 0.01239 0.01700 0.01209
v 0.01332 0.01700 0.01317
v 0.01359 0.01700 0.01457
v -0.01338 0.01700 -0.01065
v -0.01118 0.01700 -0.00988
v -0.00889 0.01700 -0.01031
v -0.00713 0.01700 -0.01183
v -0.00636 0.01700 -0.01403
v -0.00679 0.01700 -0.01632
v -0.00831 0.01700 -0.01808
v -0.01051 0.01700 -0.01885
v -0.01280 0.01700 -0.01842
v -0.01456 0.01700 -0.01690
v -0.01533 0.01700 -0.01470
v -0.01490 0.01700 -0.01241
v -0.01043 0.01700 -0.01165
v -0.00930 0.01700 -0.01209
v -0.00846 0.01700 -0.01299
v -0.00810 0.01700 -0.01416
v -0.00837 0.01700 -0.01556
v -0.00930 0.01700 -0.01664
v -0.01064 0.01700 -0.01711
v -0.01204 0.01700 -0.01684
v -0.01312 0.01700 -0.01591
v -0.01359 0.01700 -0.01457
v -0.01340 0.01700 -0.01336
v -0.01272 0.01700 -0.01235
v -0.01166 0.01700 -0.01174
v -0.02040 0.01700 0.00593
v -0.01820 0.01700 0.00670
v -0.01591 0.01700 0.00626
v -0.01415 0.01700 0.00474
v -0.01338 0.01700 0.00255
v -0.01381 0.01700 0.00026
v -0.01533 0.01700 -0.00151
v -0.01753 0.01700 -0.00228
v -0.01982 0.01700 -0.00184
v -0.02158 0.01700 -0.00032
v -0.02235 0.01700 0.00187
v -0.02192 0.01700 0.00416
v -0.01559 0.01700 0.00376
v -0.01667 0.01700 0.00469
v -0.01807 0.01700 0.00495
v -0.01941 0.01700 0.00448
v -0.02034 0.01700 0.00340
v -0.02061 0.01700 0.00200
v -0.02014 0.01700 0.00066
v -0.01906 0.01700 -0.00027
v -0.01766 0.01700 -0.00053
v -0.01631 0.01700 -0.00006
v -0.01539 0.01700 0.00102
v -0.01512 0.01700 0.00242
v -0.00955 0.01700 0.02029
v -0.00735 0.01700 0.02106
v -0.00507 0.01700 0.02063
v -0.00330 0.01700 0.01911
v -0.00253 0.01700 0.01691
v -0.00296 0.01700 0.01462
v -0.00448 0.01700 0.01286
v -0.00668 0.01700 0.01209
v -0.00897 0.01700 0.01252
v -0.01074 0.01700 0.01404
v -0.01151 0.01700 0.01624
v -0.01107 0.01700 0.01853
v -0.00428 0.01700 0.01678
v -0.00475 0.01700 0.01812
v -0.00582 0.01700 0.01905
v -0.00722 0.01700 0.01932
v -0.00857 0.01700 0.01885
v -0.00950 0.01700 0.01777
v -0.00976 0.01700 0.01637
v -0.00929 0.01700 0.01503
v -0.00821 0.01700 0.01410
v -0.00681 0.01700 0.01383
v -0.00547 0.01700 0.01430
v -0.00454 0.01700 0.01538
v 0.01533 0.01700 0.00151
v 0.01753 0.01700 0.00228
v 0.01982 0.01700 0.00185
v 0.02158 0.01700 0.00033
v 0.02235 0.01700 -0.00187
v 0.02192 0.01700 -0.00416
v 0.02040 0.01700 -0.00593
v 0.01820 0.01700 -0.00670
v 0.01591 0.01700 -0.00626
v 0.01415 0.01700 -0.00474
v 0.01338 0.01700 -0.00254
v 0.01381 0.01700 -0.00026
v 0.02061 0.01700 -0.00200
v 0.02014 0.01700 -0.00066
v 0.01906 0.01700 0.00027
v 0.01766 0.01700 0.00053
v 0.01632 0.01700 0.00006
v 0.01539 0.01700 -0.00102
v 0.01512 0.01700 -0.00241
v 0.01559 0.01700 -0.00376
v 0.01667 0.01700 -0.00469
v 0.01807 0.01700 -0.00495
v 0.01941 0.01700 -0.00448
v 0.02034 0.01700 -0.00340
v -0.05660 0.00685 -0.02334
v -0.05569 0.00772 -0.02406
v -0.05437 0.00813 -0.02609
v -0.06155 0.00625 -0.01869
v -0.06130 0.00600 -0.01917
v -0.05917 0.00616 -0.02084
v -0.05291 0.00958 -0.02833
v 0.01334 0.00700 -0.05800
v 0.01466 0.00676 -0.05768
v 0.01707 0.00402 -0.05698
v 0.01699 0.00431 -0.05701
v 0.01630 0.00558 -0.05722
v 0.01616 0.00574 -0.05726
v 0.01588 0.00602 -0.05734
v 0.01720 0.00300 -0.05694
v 0.01709 0.00205 -0.05698
v 0.01694 0.00156 -0.05702
v 0.01620 0.00031 -0.05725
v 0.01527 -0.00047 -0.05751
v 0.01392 -0.00095 -0.05786
v 0.01334 -0.00100 -0.05800
v 0.00940 0.00290 -0.05873
v 0.01194 -0.00074 -0.05830
v 0.01070 0.00004 -0.05853
v 0.01049 0.00025 -0.05857
v 0.00951 0.00205 -0.05872
v 0.00971 0.00146 -0.05869
v 0.01043 0.00032 -0.05858
v 0.00978 0.00470 -0.05868
v 0.00953 0.00402 -0.05871
v 0.00941 0.00331 -0.05873
v 0.01194 0.00674 -0.05830
v 0.01071 0.00597 -0.05853
v 0.01062 0.00589 -0.05854
v 0.01277 0.00700 -0.05555
v 0.01155 0.00680 -0.05582
v 0.01111 0.00662 -0.05591
v 0.00992 0.00574 -0.05613
v 0.00969 0.00547 -0.05617
v 0.00898 0.00402 -0.05629
v 0.00892 0.00379 -0.05630
v 0.00893 0.00220 -0.05630
v 0.00969 0.00053 -0.05617
v 0.00987 0.00032 -0.05614
v 0.01097 -0.00055 -0.05593
v 0.01148 -0.00077 -0.05583
v 0.01268 -0.00100 -0.05557
v 0.01277 -0.00100 -0.05555
v 0.01288 0.00700 -0.05553
v 0.01457 0.00654 -0.05510
v 0.01560 0.00574 -0.05482
v 0.01583 0.00545 -0.05476
v 0.01651 0.00402 -0.05456
v 0.01657 0.00379 -0.05454
v 0.01657 0.00222 -0.05454
v 0.01582 0.00053 -0.05476
v 0.01443 -0.00062 -0.05514
v -0.04987 0.00766 -0.02759
v -0.05476 0.01271 -0.01582
v -0.05306 0.00950 -0.02083
v -0.05274 0.00912 -0.02161
v -0.05147 0.00807 -0.02448
v -0.05051 0.00772 -0.02640
v -0.06040 0.00476 -0.01614
v -0.05640 0.00476 -0.01930
v -0.05382 0.00510 -0.02194
v -0.05163 0.00609 -0.02477
v -0.08512 0.00476 0.00039
v -0.08578 0.00537 0.00157
v -0.08563 0.00605 0.00229
v -0.08573 0.00580 0.00204
v -0.08546 0.00482 0.00071
v -0.08555 0.00488 0.00084
v -0.08572 0.00510 0.00121
v -0.05967 0.01026 -0.01001
v -0.05873 0.00776 -0.01365
v -0.05583 0.01211 -0.01316
v -0.05769 0.01166 -0.01038
v -0.05732 0.01024 -0.01226
v -0.05540 0.01092 -0.01481
v -0.05689 0.00904 -0.01397
v -0.05761 0.00609 -0.01652
v -0.05510 0.00547 -0.01981
v -0.05366 0.00754 -0.02019
v -0.05264 0.00645 -0.02272
v -0.21295 0.00300 0.07150
v -0.21312 0.00300 0.07158
v -0.21260 0.00536 0.07093
v -0.20975 0.00772 0.06758
v -0.20907 0.00865 0.06518
v -0.20886 0.00829 0.06529
v -0.21014 0.00801 0.06744
v -0.21113 0.00679 0.06942
v -0.21242 0.00526 0.07088
v -0.21124 0.00686 0.06940
v -0.21145 0.00705 0.06940
v -0.21002 0.00789 0.06747
v -0.20872 0.00816 0.06536
v -0.20989 0.00779 0.06752
v -0.20854 0.00806 0.06545
v -0.20840 0.00802 0.06552
v -0.21162 0.00726 0.06945
v -0.21032 0.00830 0.06743
v -0.20502 0.00865 0.05252
v -0.20668 0.00865 0.05948
v -0.20646 0.00829 0.05955
v -0.20612 0.00806 0.05966
v -0.20458 0.00865 0.04635
v -0.20479 0.00829 0.05255
v -0.20434 0.00829 0.04635
v -0.20443 0.00806 0.05260
v -0.20398 0.00806 0.04635
v -0.20434 0.00808 0.04136
v -0.20487 0.00862 0.04143
v -0.20576 0.00862 0.03664
v -0.20466 0.00829 0.04140
v -0.20555 0.00829 0.03659
v -0.20524 0.00808 0.03651
v -0.20740 0.00865 0.03153
v -0.20719 0.00829 0.03144
v -0.20685 0.00806 0.03131
v -0.20968 0.00865 0.02667
v -0.20948 0.00829 0.02656
v -0.20916 0.00806 0.02638
v -0.21060 0.00721 0.02397
v -0.21091 0.00736 0.02406
v -0.21147 0.00647 0.02323
v -0.21012 0.00823 0.02557
v -0.21030 0.00853 0.02560
v -0.21128 0.00771 0.02402
v -0.21000 0.00811 0.02553
v -0.20972 0.00794 0.02541
v -0.21027 0.00715 0.02380
v -0.20971 0.00769 0.02469
v -0.20940 0.00788 0.02523
v -0.21114 0.00635 0.02316
v -0.21204 0.00479 0.02242
v -0.21170 0.00473 0.02239
v -0.21081 0.00630 0.02299
v -0.21137 0.00470 0.02223
v -0.21188 0.00675 0.02313
v -0.21249 0.00493 0.02227
v -0.21104 0.00746 0.02407
v -0.21161 0.00655 0.02322
v -0.21219 0.00483 0.02240
v -0.21056 0.00469 0.02164
v -0.21002 0.00627 0.02239
v -0.20988 0.00654 0.02259
v -0.20941 0.00721 0.02328
v -0.20890 0.00769 0.02411
v -0.20854 0.00789 0.02472
v -0.20743 0.00829 0.02528
v -0.20774 0.00806 0.02546
v -0.20820 0.00799 0.02450
v -0.20722 0.00865 0.02517
v -0.20796 0.00820 0.02430
v -0.20782 0.00851 0.02414
v -0.20848 0.00790 0.02468
v -0.20996 0.00628 0.02234
v -0.20935 0.00721 0.02324
v -0.20910 0.00729 0.02302
v -0.20892 0.00747 0.02275
v -0.20972 0.00633 0.02210
v -0.20956 0.00648 0.02179
v -0.21027 0.00472 0.02133
v -0.21014 0.00480 0.02098
v -0.20884 0.00774 0.02250
v -0.20954 0.00669 0.02147
v -0.21015 0.00491 0.02060
v -0.21050 0.00470 0.02159
v -0.20472 0.00865 0.03048
v -0.20528 0.00806 0.03070
v -0.20494 0.00829 0.03056
v -0.00570 0.01300 -0.05495
v -0.00514 0.01300 -0.05431
v -0.00498 0.01300 -0.05347
v -0.00526 0.01300 -0.05266
v -0.00591 0.01300 -0.05210
v -0.00675 0.01300 -0.05195
v -0.00756 0.01300 -0.05223
v -0.00811 0.01300 -0.05288
v -0.00827 0.01300 -0.05371
v -0.00799 0.01300 -0.05452
v -0.00734 0.01300 -0.05508
v -0.00650 0.01300 -0.05524
v -0.19297 0.00653 0.01700
v -0.19336 0.00624 0.01662
v -0.19296 0.00654 0.01700
v -0.19265 0.00730 0.01784
v -0.19274 0.00801 0.01855
v -0.19284 0.00824 0.01877
v -0.19319 0.00874 0.01921
v -0.19345 0.00899 0.01940
v -0.19390 0.00925 0.01959
v -0.19410 0.00933 0.01962
v -0.19467 0.00940 0.01959
v -0.19522 0.00928 0.01935
v -0.19561 0.00898 0.01897
v -0.19562 0.00897 0.01896
v -0.19594 0.00822 0.01812
v -0.19584 0.00751 0.01742
v -0.19540 0.00678 0.01676
v -0.19574 0.00727 0.01720
v -0.19391 0.00611 0.01638
v -0.19449 0.00619 0.01634
v -0.19468 0.00626 0.01638
v -0.19513 0.00653 0.01656
v -0.08692 0.00714 0.00446
v -0.08659 0.00756 0.00475
v -0.08652 0.00768 0.00484
v -0.08620 0.00866 0.00581
v -0.08621 0.00846 0.00558
v -0.08638 0.00920 0.00659
v -0.08629 0.00908 0.00638
v -0.08723 0.00937 0.00736
v -0.08675 0.00939 0.00706
v -0.08829 0.00883 0.00742
v -0.08791 0.00909 0.00748
v -0.08748 0.00930 0.00743
v -0.08878 0.00837 0.00719
v -0.08931 0.00631 0.00507
v -0.08940 0.00643 0.00527
v -0.08910 0.00795 0.00690
v -0.08917 0.00784 0.00681
v -0.08948 0.00705 0.00607
v -0.08950 0.00685 0.00584
v -0.08895 0.00613 0.00460
v -0.08846 0.00614 0.00430
v -0.08821 0.00622 0.00422
v -0.08779 0.00642 0.00418
v -0.08740 0.00669 0.00424
v 0.05066 0.01300 0.01969
v 0.05121 0.01300 0.02034
v 0.05137 0.01300 0.02118
v 0.05109 0.01300 0.02199
v 0.05044 0.01300 0.02254
v 0.04960 0.01300 0.02270
v 0.04880 0.01300 0.02242
v 0.04824 0.01300 0.02177
v 0.04808 0.01300 0.02093
v 0.04836 0.01300 0.02013
v 0.04901 0.01300 0.01957
v 0.04985 0.01300 0.01941
v 0.00756 0.01300 0.05223
v 0.00811 0.01300 0.05288
v 0.00827 0.01300 0.05372
v 0.00799 0.01300 0.05452
v 0.00734 0.01300 0.05508
v 0.00651 0.01300 0.05524
v 0.00570 0.01300 0.05496
v 0.00514 0.01300 0.05431
v 0.00498 0.01300 0.05347
v 0.00526 0.01300 0.05266
v 0.00591 0.01300 0.05211
v 0.00675 0.01300 0.05195
v -0.09181 0.00623 0.06731
v -0.09151 0.00641 0.06709
v -0.09133 0.00861 0.06484
v -0.09169 0.00900 0.06450
v -0.09098 0.00779 0.06563
v -0.09127 0.00664 0.06682
v -0.09106 0.00702 0.06642
v -0.09097 0.00764 0.06578
v -0.09223 0.00612 0.06747
v -0.09235 0.00611 0.06749
v -0.09294 0.00619 0.06748
v -0.09355 0.00652 0.06723
v -0.09391 0.00690 0.06689
v -0.09425 0.00773 0.06610
v -0.09426 0.00787 0.06595
v -0.09417 0.00849 0.06531
v -0.09396 0.00887 0.06491
v -0.09372 0.00911 0.06464
v -0.09342 0.00928 0.06443
v -0.09300 0.00940 0.06426
v -0.09288 0.00941 0.06424
v -0.09229 0.00932 0.06425
v -0.19107 0.00622 0.07959
v -0.19076 0.00641 0.07937
v -0.19023 0.00779 0.07790
v -0.19027 0.00800 0.07770
v -0.19053 0.00800 0.07716
v -0.19031 0.00702 0.07869
v -0.19054 0.00661 0.07914
v -0.19148 0.00612 0.07974
v -0.19162 0.00611 0.07977
v -0.19221 0.00620 0.07975
v -0.19279 0.00652 0.07950
v -0.19053 0.00857 0.07716
v -0.19093 0.00900 0.07678
v -0.19021 0.00749 0.07821
v -0.19192 0.00800 0.07790
v -0.19349 0.00773 0.07837
v -0.19351 0.00787 0.07822
v -0.19341 0.00849 0.07759
v -0.19321 0.00887 0.07718
v -0.19297 0.00911 0.07691
v -0.19267 0.00928 0.07670
v -0.19224 0.00940 0.07653
v -0.19212 0.00941 0.07651
v -0.19154 0.00932 0.07652
v -0.19315 0.00690 0.07917
v 0.04403 0.01300 -0.03390
v 0.04458 0.01300 -0.03325
v 0.04474 0.01300 -0.03241
v 0.04446 0.01300 -0.03161
v 0.04381 0.01300 -0.03105
v 0.04298 0.01300 -0.03089
v 0.04217 0.01300 -0.03117
v 0.04161 0.01300 -0.03182
v 0.04145 0.01300 -0.03266
v 0.04174 0.01300 -0.03346
v 0.04238 0.01300 -0.03402
v 0.04322 0.01300 -0.03418
v -0.27846 -0.03400 0.03009
v -0.27846 -0.03100 0.03009
v -0.27760 -0.03400 0.03039
v -0.27760 -0.03100 0.03039
v -0.27671 -0.03400 0.03023
v -0.27671 -0.03100 0.03023
v -0.27603 -0.03400 0.02963
v -0.27603 -0.03100 0.02963
v -0.27573 -0.03400 0.02878
v -0.27573 -0.03100 0.02878
v -0.27590 -0.03400 0.02789
v -0.27590 -0.03100 0.02789
v -0.27649 -0.03400 0.02720
v -0.27649 -0.03100 0.02720
v -0.24027 -0.03400 0.01633
v -0.24188 -0.03400 0.01869
v -0.25071 -0.03400 0.01267
v -0.22241 -0.03400 0.06998
v -0.22878 -0.03400 0.07933
v -0.23126 -0.03400 0.07763
v -0.24041 -0.03400 0.08338
v -0.24059 -0.03400 0.08365
v -0.24630 -0.03400 0.07976
v -0.25242 -0.03400 0.07315
v -0.24290 -0.03400 0.07386
v -0.24612 -0.03400 0.07949
v -0.20677 -0.03400 0.03343
v -0.20659 -0.03400 0.03398
v -0.20916 -0.03400 0.03754
v -0.20607 -0.03400 0.03574
v -0.20517 -0.03400 0.03989
v -0.20559 -0.03400 0.03997
v -0.21245 -0.03400 0.06370
v -0.21296 -0.03400 0.06311
v -0.20660 -0.03400 0.05902
v -0.28328 -0.03400 0.06275
v -0.27550 -0.03400 0.06801
v -0.27734 -0.03400 0.07250
v -0.27588 -0.03400 0.01882
v -0.26686 -0.03400 0.01142
v -0.27315 -0.03400 0.01664
v -0.26784 -0.03400 0.02026
v -0.25162 -0.03400 0.00594
v -0.25264 -0.03400 0.00790
v -0.25447 -0.03400 0.00646
v -0.23302 -0.03400 0.00749
v -0.23579 -0.03400 0.00975
v -0.24453 -0.03400 0.00552
v -0.22254 -0.03400 0.01262
v -0.23201 -0.03400 0.01129
v -0.23434 -0.03400 0.01047
v -0.23345 -0.03400 0.01030
v -0.23260 -0.03400 0.01060
v -0.25868 -0.03400 0.01411
v -0.25779 -0.03400 0.01394
v -0.26321 -0.03400 0.02341
v -0.26030 -0.03400 0.01223
v -0.26013 -0.03400 0.01312
v -0.25954 -0.03400 0.01381
v -0.25756 -0.03400 0.01092
v -0.25612 -0.03400 0.00686
v -0.25697 -0.03400 0.01160
v -0.25425 -0.03400 0.01026
v -0.25681 -0.03400 0.01249
v -0.25710 -0.03400 0.01335
v -0.25842 -0.03400 0.01062
v -0.25931 -0.03400 0.01078
v -0.26000 -0.03400 0.01138
v -0.28246 -0.03400 0.02846
v -0.27825 -0.03400 0.02412
v -0.28188 -0.03400 0.02944
v -0.27657 -0.03400 0.03306
v -0.28605 -0.03400 0.03957
v -0.28294 -0.03400 0.04241
v -0.28636 -0.03400 0.05123
v -0.28407 -0.03400 0.05401
v -0.28616 -0.03400 0.05277
v -0.28623 -0.03400 0.05227
v -0.28558 -0.03400 0.05576
v -0.28053 -0.03400 0.05642
v -0.28392 -0.03400 0.06118
v -0.27637 -0.03400 0.06650
v -0.27578 -0.03400 0.06599
v -0.27566 -0.03400 0.06450
v -0.27617 -0.03400 0.06391
v -0.27170 -0.03400 0.06244
v -0.27152 -0.03400 0.06217
v -0.27825 -0.03400 0.06430
v -0.27851 -0.03400 0.06503
v -0.27552 -0.03400 0.06526
v -0.27690 -0.03400 0.06365
v -0.27767 -0.03400 0.06379
v -0.28338 -0.03400 0.06252
v -0.27837 -0.03400 0.06580
v -0.27786 -0.03400 0.06639
v -0.27713 -0.03400 0.06664
v -0.26951 -0.03400 0.07318
v -0.27019 -0.03400 0.07377
v -0.27049 -0.03400 0.07462
v -0.27032 -0.03400 0.07551
v -0.26873 -0.03400 0.08038
v -0.26730 -0.03400 0.07574
v -0.26700 -0.03400 0.07488
v -0.26006 -0.03400 0.07853
v -0.26717 -0.03400 0.07399
v -0.26776 -0.03400 0.07331
v -0.26862 -0.03400 0.07301
v -0.27034 -0.03400 0.07153
v -0.26973 -0.03400 0.07620
v -0.26888 -0.03400 0.07650
v -0.26411 -0.03400 0.08310
v -0.26799 -0.03400 0.07633
v -0.25295 -0.03400 0.08684
v -0.24761 -0.03400 0.08745
v -0.25118 -0.03400 0.08712
v -0.25010 -0.03400 0.08533
v -0.24442 -0.03400 0.08457
v -0.24373 -0.03400 0.08398
v -0.24343 -0.03400 0.08313
v -0.24594 -0.03400 0.08142
v -0.24662 -0.03400 0.08201
v -0.24692 -0.03400 0.08287
v -0.24676 -0.03400 0.08376
v -0.24616 -0.03400 0.08444
v -0.24531 -0.03400 0.08474
v -0.24302 -0.03400 0.08742
v -0.24360 -0.03400 0.08224
v -0.24419 -0.03400 0.08155
v -0.24505 -0.03400 0.08125
v -0.24120 -0.03400 0.08726
v -0.23700 -0.03400 0.08658
v -0.23261 -0.03400 0.08538
v -0.23640 -0.03400 0.08645
v -0.23684 -0.03400 0.08582
v -0.23682 -0.03400 0.08654
v -0.23702 -0.03400 0.08608
v -0.22980 -0.03400 0.08432
v -0.22340 -0.03400 0.07492
v -0.21971 -0.03400 0.07826
v -0.22038 -0.03400 0.07515
v -0.21176 -0.03400 0.06959
v -0.22008 -0.03400 0.07429
v -0.22025 -0.03400 0.07340
v -0.22084 -0.03400 0.07272
v -0.22170 -0.03400 0.07242
v -0.22259 -0.03400 0.07259
v -0.22327 -0.03400 0.07318
v -0.22357 -0.03400 0.07403
v -0.22281 -0.03400 0.07561
v -0.22196 -0.03400 0.07591
v -0.22107 -0.03400 0.07574
v -0.21315 -0.03400 0.06570
v -0.21256 -0.03400 0.06520
v -0.21368 -0.03400 0.05718
v -0.21230 -0.03400 0.06446
v -0.21369 -0.03400 0.06286
v -0.21445 -0.03400 0.06300
v -0.21878 -0.03400 0.06466
v -0.21504 -0.03400 0.06351
v -0.21530 -0.03400 0.06424
v -0.21515 -0.03400 0.06500
v -0.21465 -0.03400 0.06559
v -0.21391 -0.03400 0.06585
v -0.21136 -0.03400 0.05226
v -0.21119 -0.03400 0.05315
v -0.21060 -0.03400 0.05383
v -0.20975 -0.03400 0.05413
v -0.20886 -0.03400 0.05396
v -0.20817 -0.03400 0.05337
v -0.20787 -0.03400 0.05252
v -0.20465 -0.03400 0.04742
v -0.20804 -0.03400 0.05163
v -0.20469 -0.03400 0.04442
v -0.20863 -0.03400 0.05094
v -0.20948 -0.03400 0.05064
v -0.21616 -0.03400 0.05548
v -0.20720 -0.03400 0.04233
v -0.21106 -0.03400 0.05140
v -0.21037 -0.03400 0.05081
v -0.20516 -0.03400 0.03995
v -0.20473 -0.03400 0.04373
v -0.21038 -0.03400 0.02706
v -0.20933 -0.03400 0.02746
v -0.21832 -0.03400 0.01593
v -0.22035 -0.03400 0.02027
v -0.21076 -0.03400 0.02494
v -0.20985 -0.03400 0.02649
v -0.23370 -0.03400 0.07128
v -0.22595 -0.03400 0.06570
v -0.22489 -0.03400 0.06829
v -0.22057 -0.03400 0.05781
v -0.27478 -0.03400 0.04797
v -0.27831 -0.03400 0.04556
v -0.27306 -0.03400 0.04445
v -0.27194 -0.03400 0.03621
v -0.27070 -0.03400 0.03519
v -0.26532 -0.03400 0.02730
v -0.25757 -0.03400 0.02172
v -0.24838 -0.03400 0.01914
v -0.23885 -0.03400 0.01985
v -0.28295 -0.03400 0.05230
v -0.28325 -0.03400 0.05316
v -0.28389 -0.03400 0.05374
v -0.28308 -0.03400 0.05405
v -0.28249 -0.03400 0.05474
v -0.28074 -0.03400 0.05487
v -0.28035 -0.03400 0.05615
v -0.28163 -0.03400 0.05503
v -0.28005 -0.03400 0.05428
v -0.27211 -0.03400 0.05395
v -0.28226 -0.03400 0.05171
v -0.28137 -0.03400 0.05154
v -0.27975 -0.03400 0.05342
v -0.27992 -0.03400 0.05253
v -0.28051 -0.03400 0.05184
v -0.23503 -0.03400 0.01106
v -0.23533 -0.03400 0.01192
v -0.23774 -0.03400 0.01261
v -0.23516 -0.03400 0.01281
v -0.24657 -0.03400 0.00659
v -0.24597 -0.03400 0.00550
v -0.24766 -0.03400 0.00555
v -0.23457 -0.03400 0.01349
v -0.23372 -0.03400 0.01379
v -0.23258 -0.03400 0.01613
v -0.23283 -0.03400 0.01362
v -0.23062 -0.03400 0.01327
v -0.23214 -0.03400 0.01303
v -0.23184 -0.03400 0.01218
v -0.22484 -0.03400 0.02685
v -0.22230 -0.03400 0.02313
v -0.21600 -0.03400 0.02772
v -0.21584 -0.03400 0.02861
v -0.21487 -0.03400 0.03365
v -0.22331 -0.03400 0.03045
v -0.21648 -0.03400 0.03601
v -0.21917 -0.03400 0.03905
v -0.21524 -0.03400 0.02930
v -0.21439 -0.03400 0.02960
v -0.21234 -0.03400 0.02993
v -0.21350 -0.03400 0.02943
v -0.21281 -0.03400 0.02884
v -0.21502 -0.03400 0.02628
v -0.21570 -0.03400 0.02687
v -0.21251 -0.03400 0.02799
v -0.21268 -0.03400 0.02710
v -0.21327 -0.03400 0.02641
v -0.21413 -0.03400 0.02611
v -0.26113 -0.03400 0.06922
v -0.25608 -0.03400 0.07270
v -0.25627 -0.03400 0.07296
v -0.26796 -0.03400 0.06256
v -0.26636 -0.03400 0.06569
v -0.26654 -0.03400 0.06596
v -0.23483 -0.03400 0.07520
v -0.27892 -0.03400 0.02766
v -0.27922 -0.03400 0.02852
v -0.27905 -0.03400 0.02941
v -0.26832 -0.03400 0.03089
v -0.27294 -0.03400 0.02774
v -0.27823 -0.03400 0.02707
v -0.27734 -0.03400 0.02690
v -0.22126 -0.03400 0.06296
v -0.21821 -0.03400 0.04855
v -0.21077 -0.03400 0.03990
v -0.24910 -0.03400 0.01031
v -0.23015 -0.03400 0.02378
v -0.23511 -0.03400 0.01985
v -0.24733 -0.03400 0.00916
v -0.24759 -0.03400 0.00989
v -0.24745 -0.03400 0.01065
v -0.24694 -0.03400 0.01124
v -0.24621 -0.03400 0.01150
v -0.24544 -0.03400 0.01135
v -0.24486 -0.03400 0.01085
v -0.24460 -0.03400 0.01012
v -0.24675 -0.03400 0.00865
v -0.24474 -0.03400 0.00935
v -0.24525 -0.03400 0.00876
v -0.24598 -0.03400 0.00851
v -0.27042 -0.03100 0.08286
v -0.27966 -0.03100 0.07440
v -0.28614 -0.03100 0.06369
v -0.28934 -0.03100 0.05158
v -0.25688 -0.03100 0.00396
v -0.26841 -0.03100 0.00885
v -0.27810 -0.03100 0.01680
v -0.28515 -0.03100 0.02714
v -0.28900 -0.03100 0.03906
v -0.24444 -0.03100 0.00252
v -0.23210 -0.03100 0.00463
v -0.22085 -0.03100 0.01014
v -0.20318 -0.03100 0.03495
v -0.20821 -0.03100 0.02337
v -0.21632 -0.03100 0.01369
v -0.20165 -0.03100 0.04748
v -0.20374 -0.03100 0.05994
v -0.20928 -0.03100 0.07128
v -0.21782 -0.03100 0.08059
v -0.22864 -0.03100 0.08709
v -0.24087 -0.03100 0.09024
v -0.25349 -0.03100 0.08979
v -0.26546 -0.03100 0.08578
v -0.24024 -0.00400 0.09017
v -0.24024 0.00600 0.09017
v -0.24087 0.00600 0.09024
v -0.22085 -0.01744 0.01014
v -0.21843 -0.01900 0.01192
v -0.23714 -0.01328 0.08967
v -0.24024 -0.01314 0.09017
v -0.23394 -0.01372 0.08892
v -0.22890 -0.01506 0.08719
v -0.21782 -0.01900 0.08059
v -0.22104 -0.01900 0.08298
v -0.22732 -0.01566 0.08651
v -0.22863 -0.01515 0.08708
v -0.21632 -0.01900 0.01369
v -0.20821 -0.01900 0.02337
v -0.20318 -0.01900 0.03495
v -0.20165 -0.01900 0.04748
v -0.20374 -0.01900 0.05994
v -0.20928 -0.01900 0.07128
v -0.25349 0.00600 0.08979
v -0.26546 0.00600 0.08578
v -0.27042 0.00600 0.08286
v -0.21234 -0.01900 0.01643
v -0.21446 -0.01900 0.01496
v -0.21335 -0.01730 0.01501
v -0.21510 -0.01900 0.01449
v -0.21179 -0.01555 0.01469
v -0.21018 -0.01415 0.01395
v -0.20807 -0.01900 0.01885
v -0.20461 -0.01900 0.02001
v -0.21660 -0.01037 0.00882
v -0.21787 -0.01179 0.00969
v -0.21908 -0.01355 0.01024
v -0.22010 -0.01549 0.01039
v 0.00505 -0.01900 0.04976
v -0.09202 -0.01900 0.06176
v -0.09311 -0.01900 0.06188
v -0.09420 -0.01900 0.06203
v -0.19126 -0.01900 0.07403
v -0.19235 -0.01900 0.07415
v -0.19344 -0.01900 0.07430
v -0.20667 -0.01900 0.07594
v -0.21032 -0.01900 0.07688
v -0.21419 -0.01900 0.07869
v -0.21688 -0.01900 0.08026
v -0.19615 -0.01900 0.02169
v -0.19508 -0.01900 0.02192
v -0.12102 -0.01900 0.03118
v -0.13127 -0.01900 0.03322
v -0.14170 -0.01900 0.03254
v -0.19400 -0.01900 0.02212
v 0.03926 -0.01900 -0.03097
v 0.03989 -0.01900 -0.03011
v -0.04930 -0.01900 -0.01650
v 0.04645 -0.01900 0.01851
v 0.04603 -0.01900 0.01949
v 0.04562 -0.01900 0.02047
v 0.04419 -0.01900 0.02339
v -0.11164 -0.01900 0.02656
v -0.08654 -0.01900 0.00976
v -0.08561 -0.01900 0.00917
v -0.08471 -0.01900 0.00854
v -0.05651 -0.01900 -0.01032
v 0.00614 -0.01900 0.04961
v 0.00719 -0.01900 0.04948
v 0.01777 -0.01900 0.04674
v 0.03778 -0.01900 -0.03276
v 0.03736 -0.01900 0.03323
v 0.02838 -0.01900 0.04117
v -0.01690 -0.01900 -0.04706
v -0.04375 -0.01900 -0.02421
v -0.02761 -0.01900 -0.04169
v -0.03673 -0.01900 -0.03392
v -0.00719 -0.01900 -0.04948
v -0.00613 -0.01900 -0.04960
v -0.00508 -0.01900 -0.04974
v 0.00677 -0.01900 -0.04954
v 0.04054 -0.01900 -0.02927
v 0.04449 -0.01900 -0.02283
v 0.04864 -0.01900 -0.01159
v 0.05000 -0.01900 0.00032
v 0.04849 -0.01900 0.01220
v 0.01836 -0.01900 -0.04651
v 0.02890 -0.01900 -0.04080
v -0.19292 -0.01752 0.02147
v -0.19237 -0.01710 0.02121
v -0.19225 -0.01731 0.02117
v -0.19172 -0.01640 0.02071
v -0.19140 -0.01596 0.02037
v -0.19132 -0.01616 0.02031
v -0.19221 -0.01039 0.01484
v -0.19168 -0.01073 0.01526
v -0.19218 -0.01026 0.01488
v -0.19205 -0.01078 0.01434
v -0.19197 -0.01077 0.01423
v -0.19081 -0.01156 0.01521
v -0.19064 -0.01150 0.01514
v -0.19191 -0.01074 0.01416
v -0.19179 -0.01065 0.01405
v -0.19100 -0.01711 0.02079
v -0.19171 -0.01782 0.02138
v -0.19185 -0.01773 0.02128
v -0.19424 -0.01811 0.02173
v -0.19364 -0.01791 0.02168
v -0.19355 -0.01819 0.02170
v -0.19504 -0.01862 0.02173
v -0.19502 -0.01821 0.02166
v -0.19485 -0.01820 0.02169
v -0.19505 -0.01876 0.02178
v -0.19342 -0.01848 0.02180
v -0.19000 -0.01530 0.01914
v -0.19012 -0.01393 0.01785
v -0.18997 -0.01518 0.01903
v -0.18991 -0.01396 0.01782
v -0.18978 -0.01397 0.01783
v -0.19022 -0.01269 0.01652
v -0.18982 -0.01335 0.01719
v -0.18978 -0.01396 0.01782
v -0.18998 -0.01267 0.01647
v -0.19042 -0.01178 0.01548
v -0.19049 -0.01168 0.01536
v -0.19194 -0.01076 0.01420
v -0.19206 -0.01078 0.01437
v -0.19102 -0.01155 0.01537
v -0.19210 -0.01076 0.01444
v -0.19159 -0.01106 0.01492
v -0.19214 -0.01073 0.01452
v -0.19217 -0.01070 0.01459
v -0.19166 -0.01098 0.01506
v -0.19219 -0.01065 0.01465
v -0.19220 -0.01064 0.01466
v -0.19169 -0.01086 0.01518
v -0.19222 -0.01052 0.01477
v -0.19095 -0.01157 0.01531
v -0.19031 -0.01268 0.01655
v -0.19021 -0.01328 0.01722
v -0.19031 -0.01385 0.01792
v -0.19044 -0.01517 0.01912
v -0.19038 -0.01320 0.01731
v -0.19044 -0.01373 0.01802
v -0.19049 -0.01309 0.01743
v -0.19052 -0.01360 0.01814
v -0.19067 -0.01235 0.01695
v -0.19081 -0.01476 0.01938
v -0.19055 -0.01348 0.01825
v -0.19075 -0.01490 0.01928
v -0.19062 -0.01504 0.01918
v -0.19117 -0.01145 0.01557
v -0.19108 -0.01153 0.01543
v -0.19080 -0.01199 0.01613
v -0.19069 -0.01207 0.01600
v -0.19054 -0.01258 0.01671
v -0.19040 -0.01266 0.01660
v -0.19122 -0.01133 0.01569
v -0.19087 -0.01188 0.01625
v -0.19063 -0.01247 0.01683
v -0.19123 -0.01121 0.01579
v -0.19089 -0.01175 0.01636
v -0.19120 -0.01109 0.01587
v -0.19116 -0.01114 0.01592
v -0.19066 -0.01223 0.01705
v -0.19055 -0.01291 0.01771
v -0.19054 -0.01312 0.01791
v -0.19375 -0.01893 0.02210
v -0.19327 -0.01877 0.02203
v -0.19264 -0.01847 0.02185
v -0.19207 -0.01753 0.02118
v -0.19094 -0.01648 0.02026
v -0.19064 -0.01661 0.02035
v -0.19077 -0.01681 0.02053
v -0.19116 -0.01633 0.02026
v -0.19589 -0.01864 0.02151
v -0.19667 -0.01843 0.02110
v -0.19662 -0.01835 0.02108
v -0.19691 -0.01871 0.02124
v -0.19654 -0.01887 0.02149
v -0.19575 -0.01812 0.02144
v -0.19608 -0.01801 0.02128
v -0.19628 -0.01792 0.02116
v -0.19651 -0.01814 0.02106
v -0.19640 -0.01786 0.02108
v -0.19247 -0.01043 0.01368
v -0.13975 -0.00900 0.02273
v -0.19408 -0.01038 0.01332
v -0.21984 -0.00900 0.00678
v -0.19817 -0.01755 0.01981
v -0.19643 -0.01139 0.01388
v -0.19579 -0.01098 0.01358
v -0.21820 -0.00965 0.00777
v -0.19712 -0.01199 0.01435
v -0.19748 -0.01239 0.01468
v -0.19790 -0.01296 0.01519
v -0.19865 -0.01626 0.01840
v -0.19870 -0.01584 0.01796
v -0.19850 -0.01686 0.01905
v -0.19847 -0.01696 0.01915
v -0.19812 -0.01335 0.01554
v -0.19837 -0.01388 0.01603
v -0.19863 -0.01480 0.01692
v -0.19864 -0.01483 0.01694
v -0.19868 -0.01516 0.01727
v -0.19290 -0.01015 0.01448
v -0.19255 -0.01011 0.01466
v -0.19384 -0.00995 0.01426
v -0.19798 -0.01668 0.01921
v -0.19813 -0.01599 0.01855
v -0.19801 -0.01583 0.01867
v -0.19855 -0.01551 0.01768
v -0.19852 -0.01480 0.01695
v -0.19271 -0.01053 0.01384
v -0.19284 -0.01051 0.01416
v -0.19290 -0.01029 0.01442
v -0.19288 -0.01042 0.01431
v -0.19278 -0.01055 0.01399
v -0.19265 -0.01047 0.01371
v -0.19362 -0.01041 0.01346
v -0.19462 -0.01056 0.01341
v -0.19557 -0.01091 0.01356
v -0.19789 -0.01336 0.01567
v -0.19750 -0.01268 0.01504
v -0.19705 -0.01202 0.01441
v -0.19840 -0.01477 0.01699
v -0.19816 -0.01405 0.01634
v -0.19808 -0.01456 0.01725
v -0.19802 -0.01442 0.01739
v -0.19816 -0.01528 0.01789
v -0.19807 -0.01513 0.01803
v -0.19760 -0.01301 0.01618
v -0.19763 -0.01289 0.01628
v -0.19774 -0.01316 0.01651
v -0.19821 -0.01469 0.01711
v -0.19832 -0.01542 0.01777
v -0.19832 -0.01614 0.01845
v -0.19820 -0.01685 0.01915
v -0.19795 -0.01753 0.01986
v -0.19795 -0.01567 0.01880
v -0.19743 -0.01691 0.02003
v -0.19753 -0.01712 0.01994
v -0.19770 -0.01734 0.01987
v -0.19790 -0.01385 0.01663
v -0.19786 -0.01371 0.01677
v -0.19801 -0.01429 0.01751
v -0.19804 -0.01470 0.01789
v -0.19803 -0.01509 0.01825
v -0.19369 -0.01045 0.01394
v -0.19677 -0.01197 0.01479
v -0.19615 -0.01143 0.01431
v -0.19539 -0.01091 0.01411
v -0.19540 -0.01095 0.01403
v -0.19456 -0.01061 0.01390
v -0.19800 -0.01396 0.01648
v -0.19781 -0.01333 0.01573
v -0.19774 -0.01330 0.01581
v -0.19736 -0.01265 0.01518
v -0.19681 -0.01201 0.01470
v -0.19673 -0.01187 0.01495
v -0.19539 -0.01080 0.01426
v -0.19612 -0.01123 0.01461
v -0.19541 -0.01074 0.01432
v -0.19545 -0.01061 0.01440
v -0.19768 -0.01325 0.01589
v -0.19674 -0.01193 0.01487
v -0.19539 -0.01086 0.01419
v -0.19457 -0.01051 0.01405
v -0.19764 -0.01320 0.01597
v -0.19460 -0.01039 0.01417
v -0.19371 -0.01036 0.01409
v -0.19374 -0.01023 0.01420
v -0.19375 -0.01008 0.01425
v -0.19463 -0.01025 0.01423
v -0.19501 -0.01024 0.01430
v -0.19550 -0.01048 0.01443
v -0.19762 -0.01314 0.01604
v -0.19724 -0.01233 0.01563
v -0.19723 -0.01246 0.01550
v -0.19676 -0.01169 0.01513
v -0.19673 -0.01181 0.01502
v -0.19616 -0.01110 0.01471
v -0.19632 -0.01144 0.01399
v -0.19550 -0.01096 0.01369
v -0.19459 -0.01062 0.01355
v -0.19364 -0.01047 0.01360
v -0.19366 -0.01049 0.01376
v -0.19457 -0.01064 0.01372
v -0.19544 -0.01098 0.01385
v -0.19623 -0.01146 0.01414
v -0.19692 -0.01204 0.01454
v -0.19728 -0.01222 0.01572
v -0.19681 -0.01157 0.01520
v -0.19645 -0.01119 0.01492
v -0.19218 -0.00700 0.01488
v -0.19373 -0.00700 0.01427
v -0.19540 -0.00700 0.01440
v -0.19684 -0.00700 0.01523
v -0.19778 -0.00700 0.01661
v -0.19803 -0.00700 0.01826
v -0.19754 -0.00700 0.01986
v -0.19640 -0.00700 0.02108
v -0.19080 -0.00700 0.01935
v -0.19485 -0.00700 0.02169
v -0.19319 -0.00700 0.02157
v -0.19174 -0.00700 0.02073
v -0.19055 -0.00700 0.01770
v -0.19104 -0.00700 0.01611
v -0.19603 -0.00700 0.01680
v -0.19520 -0.00700 0.01609
v -0.19414 -0.00700 0.01589
v -0.19311 -0.00700 0.01625
v -0.19240 -0.00700 0.01707
v -0.19220 -0.00700 0.01814
v -0.19256 -0.00700 0.01917
v -0.19338 -0.00700 0.01987
v -0.19445 -0.00700 0.02008
v -0.19547 -0.00700 0.01972
v -0.19618 -0.00700 0.01889
v -0.19639 -0.00700 0.01783
v -0.19311 -0.00400 0.01625
v -0.19240 -0.00400 0.01707
v -0.19220 -0.00400 0.01814
v -0.19256 -0.00400 0.01917
v -0.19338 -0.00400 0.01987
v -0.19445 -0.00400 0.02008
v -0.19547 -0.00400 0.01972
v -0.19618 -0.00400 0.01889
v -0.19639 -0.00400 0.01783
v -0.19603 -0.00400 0.01680
v -0.19520 -0.00400 0.01609
v -0.19414 -0.00400 0.01589
v -0.01183 -0.00400 -0.05484
v -0.01126 -0.00400 -0.05418
v -0.00753 -0.00400 -0.05953
v -0.04970 -0.00400 -0.02750
v -0.04693 -0.00400 -0.03199
v -0.04408 -0.00400 -0.04070
v -0.03780 -0.00400 -0.04239
v -0.03313 -0.00400 -0.05002
v -0.02643 -0.00400 -0.05027
v -0.02028 -0.00400 -0.05647
v -0.01349 -0.00400 -0.05517
v -0.01262 -0.00400 -0.05519
v -0.00647 -0.00400 -0.05569
v -0.00626 -0.00400 -0.05967
v -0.00544 -0.00400 -0.05533
v -0.00120 -0.00400 -0.05660
v -0.00189 -0.00400 -0.05607
v -0.00474 -0.00400 -0.05450
v -0.00228 -0.00400 -0.05529
v -0.00754 -0.00400 -0.05548
v -0.00836 -0.00400 -0.05477
v -0.00872 -0.00400 -0.05375
v -0.01102 -0.00400 -0.05334
v -0.00852 -0.00400 -0.05268
v -0.01044 -0.00400 -0.05139
v -0.00781 -0.00400 -0.05186
v -0.00903 -0.00400 -0.04991
v -0.00678 -0.00400 -0.05150
v -0.00711 -0.00400 -0.04922
v -0.00572 -0.00400 -0.05170
v -0.00509 -0.00400 -0.04947
v -0.00489 -0.00400 -0.05241
v -0.00340 -0.00400 -0.05061
v -0.00453 -0.00400 -0.05343
v -0.00240 -0.00400 -0.05238
v -0.00231 -0.00400 -0.05442
v -0.00035 -0.00400 -0.05680
v 0.00812 -0.00400 -0.05945
v 0.01113 -0.00400 -0.05570
v 0.02215 -0.00400 -0.05230
v 0.04104 -0.00400 -0.03927
v 0.04533 -0.00400 -0.03931
v 0.03226 -0.00400 -0.04675
v 0.03468 -0.00400 -0.04896
v 0.02203 -0.00400 -0.05581
v 0.04149 -0.00400 -0.03853
v 0.04158 -0.00400 -0.03766
v 0.04129 -0.00400 -0.03684
v 0.04428 -0.00400 -0.03427
v 0.04499 -0.00400 -0.03345
v 0.05338 -0.00400 -0.02739
v 0.04519 -0.00400 -0.03238
v 0.04483 -0.00400 -0.03135
v 0.04674 -0.00400 -0.02962
v 0.04761 -0.00400 -0.02967
v 0.04842 -0.00400 -0.02934
v 0.04901 -0.00400 -0.02871
v 0.04326 -0.00400 -0.03463
v 0.04219 -0.00400 -0.03443
v 0.04069 -0.00400 -0.03622
v 0.04136 -0.00400 -0.03372
v 0.03946 -0.00400 -0.03501
v 0.04100 -0.00400 -0.03269
v 0.03873 -0.00400 -0.03305
v 0.04121 -0.00400 -0.03162
v 0.03898 -0.00400 -0.03097
v 0.04192 -0.00400 -0.03080
v 0.04017 -0.00400 -0.02925
v 0.04294 -0.00400 -0.03044
v 0.04202 -0.00400 -0.02827
v 0.04401 -0.00400 -0.03064
v 0.04411 -0.00400 -0.02825
v 0.04598 -0.00400 -0.02921
v 0.05303 -0.00400 0.02807
v 0.05146 -0.00400 0.02224
v 0.05064 -0.00400 0.02295
v 0.05091 -0.00400 0.01932
v 0.05162 -0.00400 0.02015
v 0.05341 -0.00400 0.01718
v 0.05182 -0.00400 0.02121
v 0.05819 -0.00400 0.01465
v 0.05411 -0.00400 0.01666
v 0.05255 -0.00400 0.01734
v 0.05171 -0.00400 0.01713
v 0.04988 -0.00400 0.01896
v 0.04967 -0.00400 0.01666
v 0.04881 -0.00400 0.01916
v 0.04765 -0.00400 0.01718
v 0.04799 -0.00400 0.01987
v 0.04609 -0.00400 0.01858
v 0.04763 -0.00400 0.02090
v 0.04537 -0.00400 0.02044
v 0.04783 -0.00400 0.02197
v 0.05024 -0.00400 -0.02651
v 0.05380 -0.00400 -0.01821
v 0.05837 -0.00400 -0.01391
v 0.05637 -0.00400 -0.00697
v 0.06000 -0.00400 0.00038
v 0.05662 -0.00400 0.00456
v 0.05453 -0.00400 0.01590
v 0.04555 -0.00400 0.02244
v 0.04659 -0.00400 0.02415
v 0.04854 -0.00400 0.02279
v 0.04828 -0.00400 0.02521
v 0.04957 -0.00400 0.02315
v 0.04902 -0.00400 0.02567
v 0.04950 -0.00400 0.02640
v 0.04962 -0.00400 0.02726
v 0.04937 -0.00400 0.02809
v 0.04483 -0.00400 0.03988
v 0.04267 -0.00400 0.03748
v 0.03405 -0.00400 0.04940
v 0.03422 -0.00400 0.04533
v 0.02436 -0.00400 0.05131
v 0.02132 -0.00400 0.05608
v 0.00239 -0.00400 0.05552
v 0.00208 -0.00400 0.05629
v 0.00146 -0.00400 0.05687
v 0.00067 -0.00400 0.05715
v 0.00836 -0.00400 0.05478
v 0.00474 -0.00400 0.05450
v 0.00545 -0.00400 0.05533
v 0.00647 -0.00400 0.05569
v 0.00754 -0.00400 0.05548
v 0.00872 -0.00400 0.05375
v 0.01102 -0.00400 0.05334
v 0.00852 -0.00400 0.05268
v 0.01037 -0.00400 0.05128
v 0.00781 -0.00400 0.05186
v 0.00881 -0.00400 0.04977
v 0.00678 -0.00400 0.05150
v 0.00673 -0.00400 0.04919
v 0.00572 -0.00400 0.05170
v 0.00462 -0.00400 0.04968
v 0.00489 -0.00400 0.05241
v 0.00299 -0.00400 0.05111
v 0.00453 -0.00400 0.05344
v 0.00230 -0.00400 0.05283
v 0.00236 -0.00400 0.05467
v 0.01349 -0.00400 0.05517
v 0.01262 -0.00400 0.05519
v 0.01183 -0.00400 0.05484
v 0.01126 -0.00400 0.05418
v -0.09088 -0.00400 0.06705
v -0.09170 -0.00400 0.06776
v -0.08681 -0.00400 0.06779
v -0.08597 -0.00400 0.06786
v -0.00020 -0.00400 0.05726
v -0.00762 -0.00400 0.05818
v -0.04982 -0.00400 0.06339
v -0.05475 -0.00400 0.06400
v -0.09740 -0.00400 0.07250
v -0.09380 -0.00400 0.06760
v -0.09451 -0.00400 0.06678
v -0.09685 -0.00400 0.06779
v -0.09717 -0.00400 0.06857
v -0.09277 -0.00400 0.06796
v -0.09778 -0.00400 0.06915
v -0.09857 -0.00400 0.06942
v -0.08754 -0.00400 0.06738
v -0.08804 -0.00400 0.06670
v -0.09052 -0.00400 0.06602
v -0.08822 -0.00400 0.06588
v -0.09072 -0.00400 0.06495
v -0.08877 -0.00400 0.06373
v -0.09143 -0.00400 0.06413
v -0.09030 -0.00400 0.06213
v -0.09246 -0.00400 0.06377
v -0.09241 -0.00400 0.06147
v -0.09353 -0.00400 0.06397
v -0.09458 -0.00400 0.06193
v -0.09435 -0.00400 0.06468
v -0.09625 -0.00400 0.06339
v -0.09471 -0.00400 0.06571
v -0.09695 -0.00400 0.06510
v -0.09688 -0.00400 0.06695
v -0.19304 -0.00400 0.07987
v -0.19375 -0.00400 0.07905
v -0.19609 -0.00400 0.08006
v -0.19782 -0.00400 0.08170
v -0.21982 -0.00400 0.08442
v -0.19202 -0.00400 0.08023
v -0.19702 -0.00400 0.08142
v -0.19641 -0.00400 0.08084
v -0.19095 -0.00400 0.08003
v -0.19012 -0.00400 0.07932
v -0.18728 -0.00400 0.07897
v -0.18977 -0.00400 0.07830
v -0.18746 -0.00400 0.07815
v -0.18997 -0.00400 0.07723
v -0.18801 -0.00400 0.07600
v -0.19068 -0.00400 0.07640
v -0.18954 -0.00400 0.07440
v -0.19170 -0.00400 0.07605
v -0.19166 -0.00400 0.07374
v -0.19277 -0.00400 0.07625
v -0.19383 -0.00400 0.07420
v -0.19359 -0.00400 0.07696
v -0.19550 -0.00400 0.07566
v -0.19395 -0.00400 0.07798
v -0.19619 -0.00400 0.07737
v -0.19612 -0.00400 0.07922
v -0.10241 -0.00400 0.06990
v -0.11446 -0.00400 0.07139
v -0.15204 -0.00400 0.07604
v -0.16408 -0.00400 0.07753
v -0.18521 -0.00400 0.08014
v -0.18605 -0.00400 0.08006
v -0.18679 -0.00400 0.07965
v -0.23516 -0.00400 0.08614
v -0.24060 -0.00400 0.08719
v -0.21918 -0.00400 0.08258
v -0.21925 -0.00400 0.08211
v -0.22441 -0.00400 0.08158
v -0.21890 -0.00400 0.08297
v -0.21994 -0.00400 0.08343
v -0.21848 -0.00400 0.08318
v -0.21813 -0.00400 0.08320
v -0.21670 -0.00400 0.01293
v -0.21660 -0.00400 0.01246
v -0.21730 -0.00400 0.01156
v -0.21629 -0.00400 0.01210
v -0.21585 -0.00400 0.01191
v -0.21551 -0.00400 0.01192
v -0.21657 -0.00400 0.01339
v -0.23302 -0.00400 0.00749
v -0.21710 -0.00400 0.01058
v -0.21909 -0.00400 0.08166
v -0.21886 -0.00400 0.08142
v -0.21539 -0.00400 0.07418
v -0.21279 -0.00400 0.07578
v -0.20882 -0.00400 0.06454
v -0.20605 -0.00400 0.06570
v -0.20523 -0.00400 0.05343
v -0.20231 -0.00400 0.05416
v -0.20491 -0.00400 0.04177
v -0.20186 -0.00400 0.04204
v -0.20789 -0.00400 0.03049
v -0.20474 -0.00400 0.03026
v -0.21393 -0.00400 0.02050
v -0.21073 -0.00400 0.01972
v -0.21637 -0.00400 0.01365
v -0.19863 -0.00400 0.01495
v -0.19837 -0.00400 0.01575
v -0.19920 -0.00400 0.01433
v -0.23763 -0.00400 0.00629
v -0.23704 -0.00400 0.00335
v -0.20400 -0.00400 0.00993
v -0.19997 -0.00400 0.01400
v -0.19847 -0.00400 0.01659
v -0.19863 -0.00400 0.01870
v -0.19780 -0.00400 0.02064
v -0.19616 -0.00400 0.02197
v -0.19409 -0.00400 0.02238
v -0.19207 -0.00400 0.02178
v -0.19055 -0.00400 0.02031
v -0.18990 -0.00400 0.01830
v -0.18967 -0.00400 0.01749
v -0.18912 -0.00400 0.01685
v -0.18836 -0.00400 0.01649
v -0.13171 -0.00400 0.02644
v -0.14037 -0.00400 0.02587
v -0.18752 -0.00400 0.01648
v -0.17800 -0.00400 0.01837
v -0.08994 -0.00400 0.00567
v -0.08958 -0.00400 0.00464
v -0.09390 -0.00400 0.00672
v -0.09468 -0.00400 0.00703
v -0.09306 -0.00400 0.00676
v -0.09231 -0.00400 0.00714
v -0.08974 -0.00400 0.00674
v -0.09178 -0.00400 0.00780
v -0.08903 -0.00400 0.00756
v -0.09041 -0.00400 0.00940
v -0.08800 -0.00400 0.00792
v -0.08845 -0.00400 0.01019
v -0.08693 -0.00400 0.00772
v -0.08635 -0.00400 0.00996
v -0.08611 -0.00400 0.00701
v -0.08459 -0.00400 0.00879
v -0.08575 -0.00400 0.00598
v -0.08359 -0.00400 0.00693
v -0.12320 -0.00400 0.02475
v -0.11543 -0.00400 0.02091
v -0.08413 -0.00400 -0.00003
v -0.08876 -0.00400 0.00393
v -0.08471 -0.00400 0.00057
v -0.08769 -0.00400 0.00373
v -0.06029 -0.00400 -0.01597
v -0.05431 -0.00400 -0.02110
v -0.08356 -0.00400 0.00482
v -0.08666 -0.00400 0.00409
v -0.08595 -0.00400 0.00492
v -0.08452 -0.00400 0.00294
v -0.08493 -0.00400 0.00220
v -0.08500 -0.00400 0.00137
v -0.05250 -0.00900 -0.02905
v -0.05666 -0.00900 -0.02327
v -0.06207 -0.00900 -0.01863
v 0.00736 -0.00900 0.05955
v 0.02132 -0.00900 0.05608
v 0.03405 -0.00900 0.04940
v 0.04483 -0.00900 0.03988
v 0.05303 -0.00900 0.02807
v 0.05819 -0.00900 0.01465
v 0.06000 -0.00900 0.00038
v 0.05837 -0.00900 -0.01391
v 0.05338 -0.00900 -0.02739
v 0.04533 -0.00900 -0.03931
v 0.03468 -0.00900 -0.04896
v 0.02203 -0.00900 -0.05581
v 0.00812 -0.00900 -0.05945
v -0.00626 -0.00900 -0.05967
v -0.02028 -0.00900 -0.05647
v -0.03313 -0.00900 -0.05002
v -0.04408 -0.00900 -0.04070
v -0.23950 -0.01279 0.09008
v -0.23410 -0.01073 0.08941
v -0.23334 -0.01050 0.08932
v -0.22936 -0.00958 0.08882
v -0.22283 -0.00900 0.08801
v -0.22900 -0.00952 0.08878
v -0.22846 -0.00943 0.08871
v -0.19352 -0.01089 0.08248
v -0.19246 -0.01048 0.08277
v -0.19091 -0.01034 0.08271
v -0.09019 -0.01076 0.06984
v 0.00424 -0.01135 0.05756
v -0.09167 -0.01034 0.07044
v 0.00570 -0.01058 0.05816
v -0.19395 -0.01883 0.07453
v -0.19493 -0.01826 0.07523
v -0.08900 -0.01692 0.06348
v -0.08983 -0.01786 0.06264
v -0.09088 -0.01858 0.06205
v -0.09500 -0.01135 0.06984
v -0.09428 -0.01089 0.07021
v -0.18943 -0.01076 0.08211
v -0.09321 -0.01048 0.07050
v 0.00720 -0.01033 0.05823
v -0.18824 -0.01692 0.07575
v -0.18908 -0.01786 0.07491
v -0.19012 -0.01858 0.07432
v -0.21632 -0.01193 0.08426
v -0.21136 -0.01507 0.08048
v -0.19590 -0.01345 0.08020
v -0.19523 -0.01231 0.08126
v -0.19514 -0.01221 0.08135
v -0.19424 -0.01135 0.08211
v -0.19517 -0.01804 0.07549
v -0.19557 -0.01758 0.07600
v -0.19570 -0.01740 0.07620
v -0.21956 -0.01032 0.08628
v -0.08963 -0.01110 0.06942
v 0.00454 -0.01883 0.04999
v 0.00356 -0.01826 0.05069
v 0.00331 -0.01804 0.05094
v 0.00292 -0.01758 0.05145
v 0.00279 -0.01740 0.05165
v 0.00257 -0.01699 0.05209
v -0.19541 -0.01256 0.08104
v -0.08929 -0.01139 0.06909
v -0.08878 -0.01200 0.06841
v -0.08860 -0.01229 0.06810
v 0.00259 -0.01345 0.05566
v 0.00308 -0.01256 0.05649
v -0.18888 -0.01110 0.08170
v -0.18853 -0.01139 0.08136
v -0.09470 -0.01883 0.06226
v -0.18802 -0.01200 0.08068
v -0.18785 -0.01229 0.08038
v -0.09568 -0.01826 0.06296
v -0.09593 -0.01804 0.06321
v -0.09633 -0.01758 0.06373
v -0.09645 -0.01740 0.06392
v -0.09668 -0.01699 0.06436
v 0.00326 -0.01231 0.05672
v 0.00334 -0.01221 0.05681
v -0.19628 -0.01490 0.07879
v -0.19624 -0.01464 0.07905
v -0.19613 -0.01411 0.07957
v -0.09666 -0.01345 0.06793
v -0.09616 -0.01256 0.06876
v -0.08835 -0.01562 0.06471
v -0.08844 -0.01588 0.06446
v -0.08876 -0.01655 0.06383
v 0.00223 -0.01583 0.05329
v 0.00223 -0.01582 0.05331
v 0.00221 -0.01490 0.05424
v 0.00224 -0.01464 0.05450
v 0.00236 -0.01411 0.05502
v -0.19592 -0.01699 0.07663
v -0.19626 -0.01583 0.07784
v -0.19626 -0.01582 0.07785
v -0.18759 -0.01562 0.07698
v -0.18768 -0.01588 0.07674
v -0.18800 -0.01655 0.07610
v -0.09598 -0.01231 0.06899
v -0.09590 -0.01221 0.06908
v -0.08830 -0.01300 0.06735
v -0.08816 -0.01367 0.06666
v -0.08813 -0.01391 0.06641
v -0.08814 -0.01461 0.06570
v -0.18755 -0.01300 0.07962
v -0.18740 -0.01367 0.07893
v -0.18738 -0.01391 0.07869
v -0.18738 -0.01461 0.07798
v -0.09701 -0.01583 0.06557
v -0.09702 -0.01582 0.06558
v -0.09703 -0.01490 0.06651
v -0.09700 -0.01464 0.06677
v -0.09689 -0.01411 0.06729
v -0.08817 -0.01485 0.06546
v -0.08821 -0.01511 0.06521
v -0.18741 -0.01485 0.07774
v -0.18746 -0.01511 0.07748
v -0.18914 -0.01782 0.07495
v -0.19057 -0.01870 0.07425
v -0.19071 -0.01846 0.07441
v -0.19150 -0.01875 0.07424
v -0.18991 -0.01727 0.07493
v -0.19114 -0.01799 0.07446
v -0.19083 -0.01819 0.07449
v -0.19232 -0.01821 0.07442
v -0.19157 -0.01844 0.07436
v -0.19233 -0.01862 0.07435
v -0.18963 -0.01734 0.07509
v -0.18975 -0.01713 0.07504
v -0.18927 -0.01773 0.07502
v -0.18949 -0.01752 0.07509
v -0.18962 -0.01735 0.07509
v -0.19477 -0.01221 0.08078
v -0.19484 -0.01229 0.08092
v -0.19552 -0.01340 0.07999
v -0.19499 -0.01792 0.07555
v -0.19373 -0.01851 0.07472
v -0.19560 -0.01684 0.07664
v -0.19592 -0.01458 0.07895
v -0.19604 -0.01578 0.07782
v -0.19611 -0.01463 0.07902
v -0.19567 -0.01345 0.08010
v -0.19413 -0.01141 0.08200
v -0.19507 -0.01235 0.08117
v -0.19398 -0.01142 0.08178
v -0.19402 -0.01143 0.08186
v -0.19406 -0.01143 0.08192
v -0.19389 -0.01125 0.08145
v -0.19389 -0.01128 0.08149
v -0.19389 -0.01131 0.08152
v -0.19390 -0.01134 0.08158
v -0.19392 -0.01137 0.08163
v -0.19397 -0.01095 0.08124
v -0.19392 -0.01105 0.08129
v -0.19480 -0.01189 0.08046
v -0.19476 -0.01199 0.08054
v -0.19512 -0.01244 0.07999
v -0.19533 -0.01309 0.07960
v -0.19529 -0.01283 0.07964
v -0.19560 -0.01425 0.07859
v -0.19559 -0.01413 0.07848
v -0.19558 -0.01540 0.07754
v -0.19554 -0.01527 0.07743
v -0.19544 -0.01569 0.07703
v -0.19526 -0.01651 0.07651
v -0.19519 -0.01635 0.07641
v -0.19440 -0.01740 0.07538
v -0.19461 -0.01749 0.07555
v -0.19423 -0.01754 0.07523
v -0.19360 -0.01823 0.07478
v -0.19305 -0.01812 0.07458
v -0.19495 -0.01234 0.08106
v -0.19389 -0.01118 0.08137
v -0.19475 -0.01211 0.08064
v -0.19541 -0.01332 0.07986
v -0.19576 -0.01449 0.07884
v -0.19583 -0.01568 0.07776
v -0.19478 -0.01772 0.07558
v -0.19540 -0.01668 0.07660
v -0.19568 -0.01555 0.07766
v -0.19566 -0.01437 0.07871
v -0.19535 -0.01321 0.07973
v -0.18995 -0.01075 0.08176
v -0.18926 -0.01116 0.08132
v -0.18915 -0.01119 0.08147
v -0.18856 -0.01172 0.08091
v -0.19163 -0.01022 0.08196
v -0.19078 -0.01027 0.08181
v -0.19077 -0.01040 0.08192
v -0.18853 -0.01627 0.07615
v -0.19164 -0.01008 0.08190
v -0.19251 -0.01026 0.08185
v -0.19247 -0.01011 0.08184
v -0.18969 -0.01071 0.08218
v -0.19333 -0.01100 0.08216
v -0.19386 -0.01085 0.08131
v -0.19335 -0.01050 0.08158
v -0.19330 -0.01062 0.08162
v -0.19326 -0.01081 0.08175
v -0.19326 -0.01087 0.08182
v -0.19326 -0.01092 0.08190
v -0.19256 -0.01058 0.08267
v -0.19158 -0.01041 0.08270
v -0.19059 -0.01046 0.08254
v -0.18902 -0.01118 0.08159
v -0.18840 -0.01170 0.08101
v -0.18800 -0.01232 0.08033
v -0.18764 -0.01367 0.07890
v -0.18755 -0.01511 0.07749
v -0.18831 -0.01643 0.07617
v -0.18869 -0.01609 0.07608
v -0.18878 -0.01594 0.07599
v -0.18839 -0.01509 0.07671
v -0.18839 -0.01541 0.07666
v -0.18824 -0.01459 0.07715
v -0.18819 -0.01472 0.07726
v -0.18813 -0.01387 0.07780
v -0.18810 -0.01401 0.07789
v -0.18812 -0.01320 0.07842
v -0.18811 -0.01331 0.07852
v -0.18823 -0.01263 0.07916
v -0.18845 -0.01186 0.07970
v -0.18831 -0.01223 0.07934
v -0.18822 -0.01252 0.07906
v -0.18847 -0.01197 0.07979
v -0.18884 -0.01136 0.08039
v -0.18881 -0.01125 0.08032
v -0.18934 -0.01082 0.08094
v -0.18931 -0.01070 0.08089
v -0.18934 -0.01068 0.08091
v -0.18999 -0.01039 0.08141
v -0.19053 -0.01006 0.08165
v -0.19078 -0.01013 0.08175
v -0.19122 -0.00995 0.08183
v -0.18794 -0.01295 0.07953
v -0.18818 -0.01232 0.08024
v -0.18774 -0.01364 0.07887
v -0.18765 -0.01436 0.07818
v -0.18767 -0.01508 0.07749
v -0.18780 -0.01581 0.07680
v -0.18826 -0.01229 0.08018
v -0.18833 -0.01226 0.08011
v -0.18810 -0.01287 0.07942
v -0.18884 -0.01149 0.08050
v -0.18845 -0.01210 0.07991
v -0.18843 -0.01216 0.07997
v -0.18819 -0.01276 0.07928
v -0.18838 -0.01221 0.08004
v -0.18805 -0.01571 0.07681
v -0.18790 -0.01499 0.07746
v -0.18786 -0.01427 0.07811
v -0.18792 -0.01356 0.07877
v -0.18825 -0.01557 0.07675
v -0.18808 -0.01486 0.07737
v -0.18801 -0.01415 0.07801
v -0.18805 -0.01344 0.07865
v -0.19328 -0.01096 0.08199
v -0.19247 -0.01062 0.08218
v -0.19162 -0.01036 0.08206
v -0.19247 -0.01052 0.08203
v -0.19247 -0.01046 0.08196
v -0.19327 -0.01075 0.08170
v -0.18987 -0.01079 0.08192
v -0.19070 -0.01054 0.08224
v -0.19074 -0.01050 0.08207
v -0.19160 -0.01045 0.08222
v -0.19246 -0.01058 0.08210
v -0.18999 -0.01066 0.08161
v -0.19001 -0.01053 0.08149
v -0.18936 -0.01095 0.08104
v -0.19341 -0.01098 0.08232
v -0.19252 -0.01064 0.08253
v -0.19249 -0.01065 0.08236
v -0.19158 -0.01047 0.08256
v -0.19159 -0.01049 0.08239
v -0.19065 -0.01052 0.08240
v -0.18935 -0.01102 0.08110
v -0.18933 -0.01107 0.08117
v -0.18930 -0.01112 0.08124
v -0.18869 -0.01169 0.08078
v -0.19248 -0.01039 0.08191
v -0.18809 -0.01232 0.08029
v -0.19397 -0.00700 0.08124
v -0.19241 -0.00700 0.08185
v -0.19073 -0.00700 0.08172
v -0.18929 -0.00700 0.08087
v -0.18835 -0.00700 0.07947
v -0.18812 -0.00700 0.07781
v -0.18864 -0.00700 0.07621
v -0.18975 -0.00700 0.07504
v -0.19124 -0.00700 0.07444
v -0.19292 -0.00700 0.07454
v -0.19438 -0.00700 0.07536
v -0.19534 -0.00700 0.07674
v -0.19560 -0.00700 0.07840
v -0.19511 -0.00700 0.08001
v -0.19012 -0.00700 0.07932
v -0.19095 -0.00700 0.08003
v -0.19202 -0.00700 0.08023
v -0.19304 -0.00700 0.07987
v -0.19375 -0.00700 0.07905
v -0.19395 -0.00700 0.07798
v -0.19359 -0.00700 0.07696
v -0.19277 -0.00700 0.07625
v -0.19170 -0.00700 0.07605
v -0.19068 -0.00700 0.07640
v -0.18997 -0.00700 0.07723
v -0.18977 -0.00700 0.07830
v -0.22048 -0.01767 0.08274
v -0.21992 -0.01657 0.08267
v -0.21903 -0.01508 0.08280
v -0.21334 -0.01710 0.07934
v -0.21858 -0.01444 0.08294
v -0.23371 -0.01227 0.08896
v -0.23021 -0.01310 0.08782
v -0.22906 -0.00965 0.08872
v -0.22545 -0.01087 0.08712
v -0.22180 -0.01254 0.08511
v -0.22351 -0.01585 0.08466
v -0.22689 -0.01426 0.08643
v 0.00836 -0.01854 0.04976
v -0.00836 -0.01854 -0.04976
v -0.00943 -0.01776 -0.05036
v -0.00753 -0.01034 -0.05818
v -0.00910 -0.01075 -0.05754
v -0.00936 -0.01088 -0.05736
v -0.00963 -0.01106 -0.05714
v -0.01012 -0.01146 -0.05664
v -0.01065 -0.01217 -0.05582
v -0.01109 -0.01344 -0.05444
v -0.01104 -0.01498 -0.05288
v -0.01102 -0.01505 -0.05282
v -0.01111 -0.01355 -0.05433
v -0.01114 -0.01405 -0.05380
v -0.01069 -0.01604 -0.05187
v -0.01066 -0.01610 -0.05182
v -0.01049 -0.01642 -0.05152
v -0.01008 -0.01704 -0.05097
v -0.01003 -0.01711 -0.05091
v -0.00453 -0.01881 -0.04999
v -0.00362 -0.01825 -0.05062
v -0.00331 -0.01797 -0.05092
v -0.00302 -0.01764 -0.05128
v -0.00256 -0.01689 -0.05204
v -0.00244 -0.01660 -0.05234
v -0.00224 -0.01587 -0.05308
v -0.00222 -0.01572 -0.05323
v -0.00221 -0.01452 -0.05444
v -0.00229 -0.01411 -0.05484
v -0.00231 -0.01402 -0.05493
v -0.00255 -0.01333 -0.05561
v -0.00298 -0.01255 -0.05637
v -0.00323 -0.01222 -0.05669
v -0.00364 -0.01177 -0.05712
v -0.00422 -0.01129 -0.05756
v -0.00496 -0.01085 -0.05794
v -0.00590 -0.01050 -0.05820
v 0.03892 -0.01765 -0.03349
v 0.03887 -0.01826 -0.03262
v 0.03904 -0.01720 -0.03404
v 0.03897 -0.01869 -0.03182
v 0.03918 -0.01895 -0.03114
v 0.04024 -0.01503 -0.03596
v 0.04008 -0.01525 -0.03581
v 0.03940 -0.01637 -0.03490
v 0.03940 -0.01638 -0.03488
v 0.04100 -0.01882 -0.02893
v 0.04076 -0.01892 -0.02909
v 0.04702 -0.01311 -0.03021
v 0.04750 -0.01217 -0.03120
v 0.04131 -0.01867 -0.02875
v 0.04273 -0.01776 -0.02827
v 0.04324 -0.01737 -0.02823
v 0.04367 -0.01700 -0.02823
v 0.04432 -0.01640 -0.02833
v 0.04504 -0.01568 -0.02855
v 0.04602 -0.01454 -0.02912
v 0.04627 -0.01421 -0.02933
v 0.04678 -0.01349 -0.02988
v 0.04564 -0.01500 -0.02886
v 0.04569 -0.01494 -0.02889
v 0.04571 -0.01492 -0.02891
v 0.04763 -0.01182 -0.03164
v 0.04771 -0.01146 -0.03216
v 0.04773 -0.01099 -0.03297
v 0.04764 -0.01071 -0.03358
v 0.04699 -0.01033 -0.03513
v 0.04582 -0.01053 -0.03633
v 0.04429 -0.01127 -0.03702
v 0.04407 -0.01142 -0.03707
v 0.04361 -0.01173 -0.03713
v 0.04274 -0.01240 -0.03711
v 0.04169 -0.01335 -0.03686
v 0.04154 -0.01350 -0.03681
v 0.04137 -0.01368 -0.03673
v 0.04564 -0.01826 0.02216
v 0.04590 -0.01767 0.02299
v 0.04610 -0.01731 0.02339
v 0.04662 -0.01650 0.02414
v 0.04681 -0.01624 0.02434
v 0.04766 -0.01518 0.02501
v 0.05196 -0.01129 0.02512
v 0.05271 -0.01082 0.02463
v 0.04896 -0.01379 0.02552
v 0.04965 -0.01314 0.02562
v 0.04965 -0.01313 0.02562
v 0.05040 -0.01247 0.02560
v 0.05136 -0.01171 0.02538
v 0.05141 -0.01168 0.02536
v 0.05169 -0.01147 0.02525
v 0.05302 -0.01065 0.02436
v 0.05394 -0.01033 0.02307
v 0.05437 -0.01052 0.02154
v 0.05430 -0.01106 0.02022
v 0.05413 -0.01142 0.01962
v 0.05410 -0.01149 0.01953
v 0.05366 -0.01218 0.01867
v 0.05295 -0.01313 0.01783
v 0.05264 -0.01351 0.01757
v 0.05191 -0.01434 0.01712
v 0.05154 -0.01474 0.01696
v 0.05109 -0.01522 0.01681
v 0.05027 -0.01604 0.01668
v 0.05021 -0.01610 0.01668
v 0.04992 -0.01637 0.01668
v 0.04929 -0.01695 0.01673
v 0.04876 -0.01741 0.01686
v 0.04769 -0.01825 0.01734
v 0.04741 -0.01845 0.01753
v 0.04700 -0.01871 0.01788
v 0.04655 -0.01895 0.01837
v 0.00943 -0.01776 0.05036
v 0.00877 -0.01060 0.05773
v 0.00989 -0.01126 0.05689
v 0.01014 -0.01149 0.05661
v 0.01023 -0.01159 0.05649
v 0.01067 -0.01220 0.05579
v 0.01104 -0.01314 0.05476
v 0.01106 -0.01327 0.05462
v 0.01112 -0.01362 0.05426
v 0.01113 -0.01440 0.05345
v 0.01102 -0.01507 0.05280
v 0.01088 -0.01556 0.05232
v 0.01055 -0.01631 0.05163
v 0.01032 -0.01670 0.05127
v 0.01007 -0.01705 0.05096
v -0.00874 -0.01705 -0.05049
v -0.00756 -0.01788 -0.04996
v -0.00767 -0.01817 -0.04995
v -0.00928 -0.01767 -0.05045
v -0.00924 -0.01764 -0.05047
v -0.00795 -0.01867 -0.04969
v -0.00935 -0.01772 -0.05041
v -0.00700 -0.01876 -0.04968
v -0.00693 -0.01845 -0.04981
v -0.00616 -0.01862 -0.04980
v -0.00687 -0.01813 -0.04985
v -0.00617 -0.01821 -0.04987
v -0.00887 -0.01727 -0.05054
v -0.00780 -0.01844 -0.04985
v -0.00901 -0.01744 -0.05054
v -0.00904 -0.01747 -0.05054
v -0.00457 -0.01129 -0.05703
v -0.00456 -0.01131 -0.05708
v -0.00408 -0.01172 -0.05676
v -0.00449 -0.01136 -0.05724
v -0.00236 -0.01451 -0.05441
v -0.00267 -0.01686 -0.05206
v -0.00476 -0.01849 -0.05017
v -0.00350 -0.01785 -0.05099
v -0.00246 -0.01567 -0.05322
v -0.00279 -0.01334 -0.05551
v -0.00339 -0.01226 -0.05660
v -0.00441 -0.01137 -0.05737
v -0.00434 -0.01135 -0.05745
v -0.00435 -0.01135 -0.05744
v -0.00362 -0.01221 -0.05635
v -0.00352 -0.01225 -0.05648
v -0.00445 -0.01137 -0.05730
v -0.00459 -0.01119 -0.05690
v -0.00459 -0.01123 -0.05694
v -0.00413 -0.01163 -0.05662
v -0.00459 -0.01125 -0.05697
v -0.00302 -0.01547 -0.05257
v -0.00295 -0.01517 -0.05284
v -0.00291 -0.01530 -0.05295
v -0.00289 -0.01402 -0.05389
v -0.00288 -0.01414 -0.05400
v -0.00312 -0.01288 -0.05493
v -0.00314 -0.01299 -0.05502
v -0.00321 -0.01265 -0.05514
v -0.00371 -0.01190 -0.05597
v -0.00367 -0.01180 -0.05590
v -0.00456 -0.01099 -0.05674
v -0.00452 -0.01088 -0.05669
v -0.00331 -0.01627 -0.05183
v -0.00324 -0.01642 -0.05193
v -0.00407 -0.01732 -0.05085
v -0.00389 -0.01744 -0.05099
v -0.00425 -0.01749 -0.05069
v -0.00489 -0.01821 -0.05023
v -0.00540 -0.01810 -0.05005
v -0.00294 -0.01330 -0.05540
v -0.00256 -0.01447 -0.05434
v -0.00370 -0.01213 -0.05621
v -0.00459 -0.01112 -0.05682
v -0.00414 -0.01152 -0.05649
v -0.00372 -0.01202 -0.05608
v -0.00306 -0.01322 -0.05527
v -0.00272 -0.01438 -0.05424
v -0.00266 -0.01557 -0.05316
v -0.00291 -0.01674 -0.05206
v -0.00372 -0.01765 -0.05102
v -0.00310 -0.01659 -0.05202
v -0.00281 -0.01544 -0.05306
v -0.00282 -0.01426 -0.05412
v -0.00312 -0.01311 -0.05514
v -0.01050 -0.01224 -0.05574
v -0.01058 -0.01222 -0.05577
v -0.01010 -0.01164 -0.05643
v -0.00948 -0.01114 -0.05703
v -0.00935 -0.01115 -0.05690
v -0.00686 -0.01022 -0.05741
v -0.00771 -0.01027 -0.05726
v -0.00772 -0.01040 -0.05737
v -0.00981 -0.01162 -0.05621
v -0.00924 -0.01112 -0.05675
v -0.00920 -0.01108 -0.05668
v -0.00994 -0.01615 -0.05158
v -0.01041 -0.01640 -0.05155
v -0.00881 -0.01069 -0.05763
v -0.00593 -0.01056 -0.05812
v -0.00597 -0.01062 -0.05798
v -0.00515 -0.01096 -0.05761
v -0.00600 -0.01064 -0.05781
v -0.00522 -0.01071 -0.05715
v -0.00523 -0.01078 -0.05721
v -0.00523 -0.01084 -0.05727
v -0.00522 -0.01089 -0.05735
v -0.00520 -0.01093 -0.05744
v -0.01106 -0.01355 -0.05433
v -0.01066 -0.01568 -0.05222
v -0.00978 -0.01700 -0.05101
v -0.00978 -0.01598 -0.05152
v -0.00969 -0.01583 -0.05143
v -0.01012 -0.01487 -0.05222
v -0.01009 -0.01529 -0.05208
v -0.01024 -0.01447 -0.05257
v -0.01029 -0.01460 -0.05268
v -0.01036 -0.01371 -0.05326
v -0.01039 -0.01390 -0.05330
v -0.01037 -0.01309 -0.05383
v -0.01038 -0.01320 -0.05394
v -0.01026 -0.01253 -0.05458
v -0.01027 -0.01242 -0.05449
v -0.01016 -0.01204 -0.05487
v -0.01003 -0.01189 -0.05522
v -0.01005 -0.01177 -0.05513
v -0.00966 -0.01129 -0.05583
v -0.00969 -0.01118 -0.05576
v -0.00915 -0.01078 -0.05639
v -0.00918 -0.01066 -0.05634
v -0.00900 -0.01052 -0.05650
v -0.00850 -0.01037 -0.05686
v -0.00779 -0.01001 -0.05716
v -0.00771 -0.01013 -0.05720
v -0.00685 -0.01008 -0.05735
v -0.00652 -0.00999 -0.05734
v -0.00598 -0.01024 -0.05730
v -0.00600 -0.01010 -0.05729
v -0.00519 -0.01043 -0.05706
v -0.01083 -0.01355 -0.05430
v -0.01032 -0.01223 -0.05565
v -0.01055 -0.01285 -0.05494
v -0.01074 -0.01353 -0.05427
v -0.01082 -0.01423 -0.05359
v -0.01063 -0.01501 -0.05278
v -0.01024 -0.01221 -0.05560
v -0.01017 -0.01217 -0.05553
v -0.01040 -0.01277 -0.05483
v -0.00966 -0.01142 -0.05593
v -0.01004 -0.01201 -0.05533
v -0.01007 -0.01207 -0.05540
v -0.01030 -0.01265 -0.05470
v -0.01012 -0.01213 -0.05546
v -0.01057 -0.01345 -0.05418
v -0.01062 -0.01415 -0.05352
v -0.01057 -0.01486 -0.05287
v -0.01042 -0.01558 -0.05222
v -0.01016 -0.01630 -0.05160
v -0.01044 -0.01333 -0.05406
v -0.01047 -0.01403 -0.05342
v -0.01040 -0.01474 -0.05279
v -0.01022 -0.01544 -0.05217
v -0.00602 -0.01051 -0.05748
v -0.00602 -0.01056 -0.05755
v -0.00602 -0.01060 -0.05764
v -0.00602 -0.01045 -0.05742
v -0.00687 -0.01036 -0.05752
v -0.00689 -0.01045 -0.05767
v -0.00855 -0.01073 -0.05721
v -0.00852 -0.01069 -0.05713
v -0.00850 -0.01064 -0.05705
v -0.00917 -0.01103 -0.05661
v -0.00773 -0.01045 -0.05744
v -0.00848 -0.01051 -0.05694
v -0.00914 -0.01091 -0.05648
v -0.00915 -0.01097 -0.05654
v -0.00775 -0.01050 -0.05752
v -0.00601 -0.01038 -0.05737
v -0.00519 -0.01058 -0.05707
v -0.00690 -0.01049 -0.05784
v -0.00780 -0.01054 -0.05769
v -0.00785 -0.01052 -0.05785
v -0.00863 -0.01077 -0.05737
v -0.00790 -0.01046 -0.05799
v -0.00995 -0.01166 -0.05634
v -0.01041 -0.01224 -0.05570
v -0.01095 -0.01356 -0.05432
v -0.00602 -0.00700 -0.05729
v -0.00452 -0.00700 -0.05669
v -0.00770 -0.00700 -0.05718
v -0.00917 -0.00700 -0.05635
v -0.01012 -0.00700 -0.05495
v -0.01036 -0.00700 -0.05328
v -0.00985 -0.00700 -0.05167
v -0.00874 -0.00700 -0.05049
v -0.00724 -0.00700 -0.04989
v -0.00555 -0.00700 -0.05000
v -0.00408 -0.00700 -0.05084
v -0.00313 -0.00700 -0.05223
v -0.00289 -0.00700 -0.05390
v -0.00341 -0.00700 -0.05551
v -0.00836 -0.00700 -0.05477
v -0.00754 -0.00700 -0.05548
v -0.00647 -0.00700 -0.05569
v -0.00544 -0.00700 -0.05533
v -0.00474 -0.00700 -0.05450
v -0.00453 -0.00700 -0.05343
v -0.00489 -0.00700 -0.05241
v -0.00572 -0.00700 -0.05170
v -0.00678 -0.00700 -0.05150
v -0.00781 -0.00700 -0.05186
v -0.00852 -0.00700 -0.05268
v -0.00872 -0.00700 -0.05375
v 0.04490 -0.01090 -0.03620
v 0.04420 -0.01132 -0.03648
v 0.04426 -0.01136 -0.03665
v 0.04352 -0.01186 -0.03681
v 0.04048 -0.01485 -0.03545
v 0.04048 -0.01478 -0.03536
v 0.03972 -0.01611 -0.03443
v 0.04322 -0.01136 -0.03628
v 0.04317 -0.01139 -0.03628
v 0.04325 -0.01151 -0.03630
v 0.04429 -0.01135 -0.03682
v 0.03948 -0.01636 -0.03481
v 0.04039 -0.01499 -0.03575
v 0.04008 -0.01851 -0.03025
v 0.04001 -0.01876 -0.03020
v 0.03927 -0.01839 -0.03176
v 0.03936 -0.01715 -0.03306
v 0.03947 -0.01785 -0.03159
v 0.03941 -0.01811 -0.03167
v 0.03957 -0.01799 -0.03127
v 0.03972 -0.01811 -0.03092
v 0.03974 -0.01594 -0.03426
v 0.03946 -0.01650 -0.03345
v 0.03935 -0.01712 -0.03274
v 0.04081 -0.01388 -0.03551
v 0.04038 -0.01452 -0.03512
v 0.04045 -0.01464 -0.03522
v 0.04001 -0.01515 -0.03467
v 0.03971 -0.01579 -0.03414
v 0.04394 -0.01099 -0.03621
v 0.04458 -0.01044 -0.03598
v 0.04337 -0.01124 -0.03628
v 0.04480 -0.01081 -0.03608
v 0.04535 -0.01047 -0.03568
v 0.04476 -0.01075 -0.03603
v 0.04531 -0.01040 -0.03565
v 0.04471 -0.01069 -0.03600
v 0.04525 -0.01026 -0.03563
v 0.04464 -0.01055 -0.03597
v 0.04521 -0.01014 -0.03563
v 0.04479 -0.01033 -0.03588
v 0.04545 -0.01058 -0.03577
v 0.04541 -0.01054 -0.03573
v 0.04540 -0.01053 -0.03572
v 0.04575 -0.01063 -0.03617
v 0.04572 -0.01065 -0.03612
v 0.04571 -0.01065 -0.03610
v 0.04499 -0.01094 -0.03635
v 0.04561 -0.01066 -0.03596
v 0.04551 -0.01062 -0.03583
v 0.04043 -0.01496 -0.03565
v 0.03964 -0.01625 -0.03462
v 0.03910 -0.01755 -0.03338
v 0.04047 -0.01491 -0.03555
v 0.03927 -0.01736 -0.03322
v 0.04011 -0.01821 -0.03028
v 0.04416 -0.01128 -0.03641
v 0.04411 -0.01123 -0.03634
v 0.04407 -0.01118 -0.03629
v 0.04402 -0.01112 -0.03625
v 0.04334 -0.01163 -0.03636
v 0.04268 -0.01220 -0.03635
v 0.04272 -0.01226 -0.03640
v 0.04206 -0.01282 -0.03623
v 0.04259 -0.01208 -0.03627
v 0.04198 -0.01269 -0.03613
v 0.04251 -0.01197 -0.03624
v 0.04144 -0.01309 -0.03590
v 0.04151 -0.01352 -0.03610
v 0.04148 -0.01346 -0.03602
v 0.04141 -0.01333 -0.03591
v 0.04133 -0.01322 -0.03584
v 0.04349 -0.01183 -0.03663
v 0.04280 -0.01243 -0.03684
v 0.04145 -0.01369 -0.03658
v 0.04275 -0.01232 -0.03648
v 0.04152 -0.01357 -0.03618
v 0.04278 -0.01236 -0.03656
v 0.04152 -0.01362 -0.03628
v 0.04280 -0.01240 -0.03665
v 0.04151 -0.01366 -0.03638
v 0.04280 -0.01242 -0.03674
v 0.04148 -0.01368 -0.03648
v 0.04031 -0.01819 -0.03003
v 0.04052 -0.01814 -0.02982
v 0.04050 -0.01867 -0.02968
v 0.04018 -0.01821 -0.03018
v 0.04105 -0.01843 -0.02926
v 0.04105 -0.01855 -0.02919
v 0.04099 -0.01796 -0.02944
v 0.04104 -0.01825 -0.02935
v 0.04716 -0.01072 -0.03385
v 0.04736 -0.01109 -0.03300
v 0.04727 -0.01108 -0.03299
v 0.04495 -0.01565 -0.02870
v 0.04415 -0.01628 -0.02862
v 0.04269 -0.01767 -0.02844
v 0.04422 -0.01634 -0.02852
v 0.04622 -0.01421 -0.02940
v 0.04757 -0.01157 -0.03212
v 0.04744 -0.01215 -0.03130
v 0.04736 -0.01217 -0.03134
v 0.04636 -0.01049 -0.03554
v 0.04611 -0.01047 -0.03531
v 0.04585 -0.01010 -0.03511
v 0.04727 -0.01217 -0.03137
v 0.04748 -0.01159 -0.03215
v 0.04754 -0.01108 -0.03300
v 0.04747 -0.01064 -0.03392
v 0.04658 -0.01349 -0.03005
v 0.04717 -0.01216 -0.03140
v 0.04708 -0.01214 -0.03141
v 0.04683 -0.01279 -0.03072
v 0.04649 -0.01347 -0.03010
v 0.04739 -0.01159 -0.03216
v 0.04745 -0.01109 -0.03300
v 0.04733 -0.01070 -0.03389
v 0.04706 -0.01044 -0.03482
v 0.04624 -0.01050 -0.03542
v 0.04671 -0.01050 -0.03463
v 0.04664 -0.01048 -0.03459
v 0.04700 -0.01068 -0.03379
v 0.04720 -0.01156 -0.03217
v 0.04718 -0.01106 -0.03297
v 0.04708 -0.01071 -0.03382
v 0.04679 -0.01051 -0.03468
v 0.04693 -0.01050 -0.03476
v 0.04646 -0.01042 -0.03564
v 0.04600 -0.01315 -0.03012
v 0.04638 -0.01247 -0.03067
v 0.04649 -0.01259 -0.03073
v 0.04676 -0.01195 -0.03137
v 0.04666 -0.01182 -0.03130
v 0.04691 -0.01136 -0.03208
v 0.04683 -0.01123 -0.03201
v 0.04692 -0.01085 -0.03285
v 0.04565 -0.01344 -0.02978
v 0.04591 -0.01303 -0.03006
v 0.04597 -0.01294 -0.03013
v 0.04631 -0.01235 -0.03060
v 0.04661 -0.01171 -0.03122
v 0.04590 -0.01024 -0.03514
v 0.04599 -0.01037 -0.03521
v 0.04642 -0.01025 -0.03444
v 0.04651 -0.01038 -0.03450
v 0.04676 -0.01047 -0.03365
v 0.04686 -0.01059 -0.03372
v 0.04703 -0.01097 -0.03292
v 0.04703 -0.01147 -0.03214
v 0.04690 -0.01206 -0.03141
v 0.04665 -0.01271 -0.03075
v 0.04681 -0.01105 -0.03202
v 0.04684 -0.01060 -0.03272
v 0.04686 -0.01072 -0.03278
v 0.04684 -0.01056 -0.03279
v 0.04671 -0.01033 -0.03359
v 0.04672 -0.01021 -0.03352
v 0.04638 -0.01011 -0.03439
v 0.04617 -0.00995 -0.03469
v 0.04554 -0.01491 -0.02908
v 0.04545 -0.01487 -0.02916
v 0.04536 -0.01483 -0.02922
v 0.04630 -0.01339 -0.03016
v 0.04621 -0.01334 -0.03017
v 0.04265 -0.01758 -0.02857
v 0.04407 -0.01621 -0.02870
v 0.04527 -0.01477 -0.02926
v 0.04259 -0.01748 -0.02867
v 0.04247 -0.01726 -0.02880
v 0.04383 -0.01597 -0.02883
v 0.04192 -0.01738 -0.02897
v 0.04503 -0.01456 -0.02929
v 0.04518 -0.01470 -0.02928
v 0.04445 -0.01527 -0.02901
v 0.04461 -0.01542 -0.02897
v 0.04399 -0.01613 -0.02876
v 0.04491 -0.01443 -0.02925
v 0.04421 -0.01525 -0.02895
v 0.04375 -0.01575 -0.02884
v 0.04369 -0.01581 -0.02883
v 0.04234 -0.01705 -0.02886
v 0.04569 -0.01398 -0.02968
v 0.04613 -0.01328 -0.03016
v 0.04555 -0.01385 -0.02966
v 0.04639 -0.01344 -0.03013
v 0.04605 -0.01418 -0.02955
v 0.04659 -0.00700 -0.03117
v 0.04420 -0.00700 -0.02895
v 0.04254 -0.00700 -0.02883
v 0.04099 -0.00700 -0.02944
v 0.04565 -0.00700 -0.02979
v 0.04684 -0.00700 -0.03282
v 0.04635 -0.00700 -0.03441
v 0.04521 -0.00700 -0.03563
v 0.04338 -0.00700 -0.03627
v 0.04147 -0.00700 -0.03591
v 0.04000 -0.00700 -0.03465
v 0.03936 -0.00700 -0.03282
v 0.03972 -0.00700 -0.03091
v 0.04483 -0.00700 -0.03135
v 0.04401 -0.00700 -0.03064
v 0.04294 -0.00700 -0.03044
v 0.04192 -0.00700 -0.03080
v 0.04121 -0.00700 -0.03162
v 0.04100 -0.00700 -0.03269
v 0.04136 -0.00700 -0.03372
v 0.04219 -0.00700 -0.03443
v 0.04326 -0.00700 -0.03463
v 0.04428 -0.00700 -0.03427
v 0.04499 -0.00700 -0.03345
v 0.04519 -0.00700 -0.03238
v 0.05193 -0.01316 0.01800
v 0.05191 -0.01314 0.01799
v 0.05127 -0.01395 0.01762
v 0.04986 -0.01534 0.01731
v 0.04968 -0.01552 0.01731
v 0.04978 -0.01564 0.01729
v 0.04719 -0.01778 0.01829
v 0.04686 -0.01799 0.01863
v 0.04743 -0.01785 0.01806
v 0.04620 -0.01866 0.01956
v 0.04617 -0.01874 0.01955
v 0.04672 -0.01855 0.01864
v 0.05016 -0.01606 0.01685
v 0.05173 -0.01430 0.01741
v 0.04924 -0.01685 0.01699
v 0.04835 -0.01768 0.01716
v 0.04746 -0.01826 0.01778
v 0.04664 -0.01879 0.01850
v 0.04794 -0.01720 0.01776
v 0.04820 -0.01721 0.01761
v 0.04811 -0.01704 0.01767
v 0.04899 -0.01645 0.01736
v 0.04889 -0.01632 0.01740
v 0.05118 -0.01385 0.01760
v 0.05029 -0.01487 0.01735
v 0.05054 -0.01480 0.01738
v 0.05204 -0.01327 0.01801
v 0.05229 -0.01344 0.01793
v 0.05162 -0.01423 0.01751
v 0.05213 -0.01334 0.01800
v 0.05254 -0.01352 0.01772
v 0.05248 -0.01351 0.01778
v 0.05240 -0.01349 0.01786
v 0.04909 -0.01660 0.01728
v 0.04827 -0.01738 0.01750
v 0.04746 -0.01806 0.01794
v 0.04627 -0.01821 0.01959
v 0.04989 -0.01577 0.01724
v 0.04918 -0.01674 0.01715
v 0.04833 -0.01754 0.01735
v 0.05000 -0.01589 0.01714
v 0.05066 -0.01491 0.01735
v 0.05184 -0.01305 0.01796
v 0.05138 -0.01405 0.01762
v 0.05150 -0.01415 0.01758
v 0.05077 -0.01502 0.01729
v 0.05089 -0.01511 0.01719
v 0.05009 -0.01599 0.01701
v 0.05098 -0.01517 0.01706
v 0.04778 -0.01510 0.02467
v 0.04776 -0.01514 0.02477
v 0.04770 -0.01478 0.02424
v 0.04773 -0.01484 0.02429
v 0.04726 -0.01549 0.02395
v 0.04598 -0.01793 0.02084
v 0.04596 -0.01807 0.02103
v 0.04590 -0.01827 0.02110
v 0.04580 -0.01846 0.02117
v 0.04676 -0.01641 0.02392
v 0.04594 -0.01768 0.02284
v 0.04771 -0.01517 0.02490
v 0.04614 -0.01745 0.02259
v 0.04618 -0.01731 0.02247
v 0.04647 -0.01674 0.02304
v 0.04620 -0.01716 0.02236
v 0.04716 -0.01529 0.02379
v 0.04684 -0.01612 0.02353
v 0.04676 -0.01590 0.02335
v 0.04643 -0.01648 0.02285
v 0.04618 -0.01701 0.02229
v 0.04599 -0.01767 0.02137
v 0.04681 -0.01633 0.02379
v 0.04640 -0.01697 0.02330
v 0.04605 -0.01758 0.02272
v 0.04776 -0.01492 0.02437
v 0.04777 -0.01492 0.02438
v 0.04728 -0.01568 0.02419
v 0.04778 -0.01499 0.02447
v 0.04779 -0.01502 0.02451
v 0.04566 -0.01863 0.02124
v 0.04761 -0.01466 0.02416
v 0.04779 -0.01505 0.02457
v 0.04951 -0.01292 0.02489
v 0.05017 -0.01228 0.02486
v 0.05023 -0.01234 0.02491
v 0.05085 -0.01167 0.02472
v 0.05151 -0.01113 0.02444
v 0.05157 -0.01119 0.02447
v 0.05239 -0.01089 0.02417
v 0.05175 -0.01133 0.02463
v 0.05169 -0.01130 0.02457
v 0.05106 -0.01187 0.02496
v 0.05036 -0.01247 0.02515
v 0.05032 -0.01244 0.02506
v 0.05242 -0.01250 0.01842
v 0.05270 -0.01274 0.01843
v 0.05325 -0.00995 0.02235
v 0.05339 -0.01001 0.02183
v 0.05340 -0.01013 0.02189
v 0.04832 -0.01450 0.02502
v 0.04828 -0.01429 0.02462
v 0.04888 -0.01360 0.02481
v 0.04892 -0.01366 0.02488
v 0.04819 -0.01416 0.02450
v 0.04895 -0.01372 0.02496
v 0.04897 -0.01377 0.02506
v 0.04966 -0.01312 0.02521
v 0.04898 -0.01380 0.02517
v 0.04826 -0.01453 0.02524
v 0.04896 -0.01383 0.02539
v 0.04968 -0.01315 0.02542
v 0.05041 -0.01251 0.02534
v 0.05117 -0.01189 0.02531
v 0.05192 -0.01135 0.02495
v 0.05334 -0.01055 0.02388
v 0.05323 -0.01061 0.02378
v 0.05404 -0.01052 0.02210
v 0.05418 -0.01046 0.02212
v 0.05235 -0.01240 0.01837
v 0.04869 -0.01336 0.02466
v 0.04878 -0.01347 0.02471
v 0.04896 -0.01306 0.02473
v 0.04941 -0.01280 0.02481
v 0.04998 -0.01204 0.02480
v 0.05007 -0.01215 0.02481
v 0.05068 -0.01142 0.02468
v 0.05074 -0.01154 0.02468
v 0.05135 -0.01089 0.02444
v 0.05142 -0.01100 0.02442
v 0.05213 -0.01035 0.02394
v 0.05207 -0.01054 0.02400
v 0.05431 -0.01070 0.02117
v 0.05412 -0.01114 0.02030
v 0.05378 -0.01053 0.02204
v 0.05387 -0.01054 0.02206
v 0.05348 -0.01048 0.02287
v 0.05356 -0.01049 0.02290
v 0.05303 -0.01061 0.02361
v 0.05310 -0.01063 0.02366
v 0.05400 -0.01077 0.02119
v 0.05395 -0.01116 0.02035
v 0.05353 -0.01222 0.01880
v 0.05345 -0.01222 0.01886
v 0.05337 -0.01221 0.01891
v 0.05340 -0.01045 0.02283
v 0.05296 -0.01059 0.02356
v 0.05289 -0.01054 0.02352
v 0.05326 -0.01035 0.02277
v 0.05316 -0.01022 0.02272
v 0.05355 -0.01040 0.02197
v 0.05370 -0.01050 0.02202
v 0.05282 -0.01049 0.02348
v 0.05277 -0.01043 0.02345
v 0.05272 -0.01036 0.02344
v 0.05311 -0.01007 0.02270
v 0.05265 -0.01022 0.02343
v 0.05290 -0.00999 0.02305
v 0.05345 -0.01027 0.02192
v 0.05349 -0.01038 0.02106
v 0.05348 -0.01091 0.02032
v 0.05355 -0.01051 0.02110
v 0.05360 -0.01103 0.02036
v 0.05366 -0.01064 0.02115
v 0.05377 -0.01112 0.02037
v 0.05382 -0.01073 0.02118
v 0.05341 -0.01153 0.01963
v 0.05358 -0.01162 0.01962
v 0.05386 -0.01114 0.02036
v 0.05390 -0.01076 0.02119
v 0.05328 -0.01219 0.01895
v 0.05338 -0.01067 0.02022
v 0.05288 -0.01161 0.01903
v 0.05318 -0.01129 0.01956
v 0.05284 -0.01187 0.01894
v 0.05295 -0.01199 0.01898
v 0.05254 -0.01262 0.01845
v 0.05342 -0.01055 0.02041
v 0.05341 -0.01078 0.02027
v 0.05327 -0.01141 0.01961
v 0.05310 -0.01211 0.01899
v 0.05288 -0.01282 0.01836
v 0.05233 -0.01085 0.02411
v 0.05163 -0.01125 0.02451
v 0.05226 -0.01080 0.02407
v 0.05220 -0.01074 0.02404
v 0.05215 -0.01068 0.02401
v 0.05028 -0.01239 0.02498
v 0.05252 -0.01093 0.02430
v 0.05114 -0.01190 0.02513
v 0.05185 -0.01137 0.02479
v 0.05221 -0.00700 0.02386
v 0.04876 -0.00700 0.02468
v 0.04761 -0.00700 0.02416
v 0.05059 -0.00700 0.02471
v 0.05325 -0.00700 0.02235
v 0.05344 -0.00700 0.02053
v 0.05274 -0.00700 0.01883
v 0.05184 -0.00700 0.01796
v 0.05028 -0.00700 0.01735
v 0.04862 -0.00700 0.01747
v 0.04718 -0.00700 0.01831
v 0.04624 -0.00700 0.01969
v 0.04599 -0.00700 0.02134
v 0.04648 -0.00700 0.02293
v 0.04799 -0.00700 0.01987
v 0.04881 -0.00700 0.01916
v 0.04988 -0.00700 0.01896
v 0.05091 -0.00700 0.01932
v 0.05162 -0.00700 0.02015
v 0.05182 -0.00700 0.02121
v 0.05146 -0.00700 0.02224
v 0.05064 -0.00700 0.02295
v 0.04957 -0.00700 0.02315
v 0.04854 -0.00700 0.02279
v 0.04783 -0.00700 0.02197
v 0.04763 -0.00700 0.02090
v 0.00853 -0.01724 0.05036
v 0.00729 -0.01799 0.04990
v 0.00767 -0.01816 0.04995
v 0.00795 -0.01867 0.04969
v 0.00924 -0.01764 0.05047
v 0.00936 -0.01772 0.05041
v 0.00693 -0.01844 0.04981
v 0.00616 -0.01862 0.04980
v 0.00617 -0.01821 0.04987
v 0.00780 -0.01844 0.04986
v 0.00901 -0.01744 0.05054
v 0.00887 -0.01727 0.05054
v 0.00700 -0.01875 0.04969
v 0.00874 -0.01705 0.05049
v 0.00372 -0.01221 0.05623
v 0.00365 -0.01229 0.05637
v 0.00297 -0.01340 0.05544
v 0.00458 -0.01134 0.05704
v 0.00457 -0.01137 0.05708
v 0.00350 -0.01792 0.05100
v 0.00476 -0.01851 0.05017
v 0.00289 -0.01684 0.05210
v 0.00257 -0.01458 0.05440
v 0.00245 -0.01578 0.05327
v 0.00237 -0.01463 0.05447
v 0.00282 -0.01345 0.05556
v 0.00436 -0.01141 0.05745
v 0.00342 -0.01235 0.05662
v 0.00451 -0.01142 0.05724
v 0.00447 -0.01143 0.05731
v 0.00442 -0.01143 0.05737
v 0.00459 -0.01131 0.05698
v 0.00460 -0.01128 0.05694
v 0.00452 -0.01095 0.05669
v 0.00456 -0.01105 0.05674
v 0.00368 -0.01189 0.05592
v 0.00373 -0.01199 0.05599
v 0.00336 -0.01244 0.05544
v 0.00316 -0.01309 0.05506
v 0.00319 -0.01283 0.05510
v 0.00289 -0.01425 0.05404
v 0.00289 -0.01413 0.05393
v 0.00290 -0.01540 0.05300
v 0.00295 -0.01527 0.05288
v 0.00304 -0.01569 0.05249
v 0.00322 -0.01651 0.05196
v 0.00330 -0.01635 0.05187
v 0.00409 -0.01740 0.05083
v 0.00387 -0.01749 0.05101
v 0.00426 -0.01754 0.05068
v 0.00489 -0.01823 0.05023
v 0.00543 -0.01812 0.05004
v 0.00354 -0.01234 0.05651
v 0.00460 -0.01118 0.05683
v 0.00374 -0.01211 0.05610
v 0.00308 -0.01332 0.05531
v 0.00272 -0.01449 0.05429
v 0.00265 -0.01568 0.05321
v 0.00371 -0.01772 0.05103
v 0.00309 -0.01668 0.05205
v 0.00281 -0.01555 0.05311
v 0.00283 -0.01437 0.05417
v 0.00314 -0.01321 0.05518
v 0.00719 -0.01040 0.05814
v 0.00512 -0.01101 0.05741
v 0.00506 -0.01105 0.05758
v 0.00465 -0.01083 0.05678
v 0.00513 -0.01081 0.05712
v 0.00514 -0.01093 0.05725
v 0.00719 -0.01040 0.05813
v 0.00563 -0.01067 0.05807
v 0.00568 -0.01073 0.05794
v 0.00716 -0.01048 0.05790
v 0.00712 -0.01040 0.05757
v 0.00713 -0.01044 0.05765
v 0.00644 -0.01051 0.05768
v 0.00644 -0.01055 0.05785
v 0.00711 -0.01031 0.05746
v 0.00644 -0.01042 0.05752
v 0.00710 -0.01028 0.05743
v 0.00642 -0.01029 0.05741
v 0.00710 -0.01019 0.05737
v 0.00607 -0.01009 0.05730
v 0.00709 -0.00994 0.05731
v 0.00640 -0.01015 0.05735
v 0.00709 -0.01008 0.05733
v 0.00575 -0.01049 0.05732
v 0.00577 -0.01062 0.05744
v 0.00576 -0.01071 0.05760
v 0.00573 -0.01074 0.05777
v 0.00510 -0.01068 0.05704
v 0.00572 -0.01036 0.05725
v 0.00586 -0.01016 0.05726
v 0.00863 -0.01063 0.05771
v 0.00855 -0.01069 0.05759
v 0.00974 -0.01133 0.05680
v 0.01083 -0.01437 0.05345
v 0.01068 -0.01325 0.05454
v 0.01051 -0.01317 0.05444
v 0.00963 -0.01625 0.05130
v 0.00775 -0.01049 0.05752
v 0.00771 -0.01013 0.05720
v 0.00889 -0.01073 0.05668
v 0.00834 -0.01045 0.05701
v 0.00835 -0.01031 0.05694
v 0.00791 -0.01004 0.05711
v 0.00840 -0.01067 0.05728
v 0.00837 -0.01063 0.05720
v 0.00780 -0.01053 0.05769
v 0.01088 -0.01328 0.05461
v 0.01069 -0.01553 0.05236
v 0.01002 -0.01658 0.05136
v 0.01035 -0.01293 0.05420
v 0.01034 -0.01391 0.05307
v 0.01038 -0.01403 0.05318
v 0.01012 -0.01487 0.05223
v 0.01014 -0.01515 0.05220
v 0.00986 -0.01551 0.05169
v 0.00953 -0.01609 0.05122
v 0.00913 -0.01062 0.05639
v 0.00940 -0.01086 0.05611
v 0.00937 -0.01097 0.05617
v 0.01005 -0.01177 0.05513
v 0.01003 -0.01189 0.05522
v 0.01016 -0.01205 0.05486
v 0.01034 -0.01282 0.05410
v 0.01046 -0.01544 0.05235
v 0.01062 -0.01429 0.05339
v 0.00980 -0.01642 0.05136
v 0.01026 -0.01530 0.05229
v 0.01047 -0.01417 0.05329
v 0.01040 -0.01306 0.05432
v 0.00898 -0.01095 0.05695
v 0.00944 -0.01127 0.05647
v 0.00948 -0.01131 0.05655
v 0.01017 -0.01217 0.05553
v 0.01024 -0.01221 0.05560
v 0.01012 -0.01213 0.05547
v 0.00940 -0.01122 0.05640
v 0.00835 -0.01058 0.05713
v 0.00771 -0.01027 0.05726
v 0.00834 -0.01051 0.05707
v 0.00938 -0.01116 0.05633
v 0.00837 -0.01019 0.05691
v 0.00890 -0.01060 0.05659
v 0.00936 -0.01110 0.05627
v 0.01004 -0.01201 0.05533
v 0.01007 -0.01207 0.05540
v 0.00847 -0.01071 0.05744
v 0.00908 -0.01098 0.05710
v 0.00960 -0.01134 0.05669
v 0.01041 -0.01224 0.05570
v 0.00452 -0.00700 0.05669
v 0.00775 -0.00700 0.05717
v 0.00608 -0.00700 0.05730
v 0.00920 -0.00700 0.05632
v 0.01013 -0.00700 0.05492
v 0.01036 -0.00700 0.05326
v 0.00984 -0.00700 0.05166
v 0.00874 -0.00700 0.05049
v 0.00725 -0.00700 0.04989
v 0.00557 -0.00700 0.04999
v 0.00411 -0.00700 0.05082
v 0.00315 -0.00700 0.05219
v 0.00289 -0.00700 0.05385
v 0.00338 -0.00700 0.05546
v 0.00836 -0.00700 0.05478
v 0.00754 -0.00700 0.05548
v 0.00647 -0.00700 0.05569
v 0.00545 -0.00700 0.05533
v 0.00474 -0.00700 0.05450
v 0.00453 -0.00700 0.05344
v 0.00489 -0.00700 0.05241
v 0.00572 -0.00700 0.05170
v 0.00678 -0.00700 0.05150
v 0.00781 -0.00700 0.05186
v 0.00852 -0.00700 0.05268
v 0.00872 -0.00700 0.05375
v -0.09115 -0.01042 0.00252
v -0.11720 -0.00900 0.01825
v -0.08990 -0.01037 0.00163
v -0.08878 -0.01068 0.00126
v -0.08829 -0.01091 0.00120
v -0.08974 -0.01717 0.00971
v -0.08864 -0.01803 0.01000
v -0.08847 -0.01813 0.01002
v -0.08827 -0.01826 0.01003
v -0.08394 -0.01846 0.00738
v -0.08447 -0.01890 0.00825
v -0.09190 -0.01085 0.00355
v -0.09209 -0.01108 0.00395
v -0.09228 -0.01142 0.00449
v -0.08463 -0.01417 0.00268
v -0.08563 -0.01292 0.00184
v -0.08629 -0.01227 0.00151
v -0.08388 -0.01838 0.00724
v -0.08366 -0.01796 0.00659
v -0.08357 -0.01761 0.00611
v -0.08701 -0.01169 0.00128
v -0.08740 -0.01142 0.00122
v -0.09241 -0.01194 0.00519
v -0.09238 -0.01290 0.00634
v -0.09231 -0.01324 0.00670
v -0.09159 -0.01494 0.00825
v -0.09090 -0.01593 0.00899
v -0.09075 -0.01613 0.00912
v -0.09047 -0.01645 0.00932
v -0.08354 -0.01701 0.00536
v -0.08357 -0.01673 0.00505
v -0.08380 -0.01578 0.00406
v -0.09230 -0.01327 0.00672
v -0.09208 -0.01394 0.00739
v -0.09173 -0.01469 0.00805
v -0.08391 -0.01551 0.00381
v -0.08423 -0.01482 0.00320
v -0.08694 -0.01835 0.00953
v -0.08700 -0.01870 0.00974
v -0.08834 -0.01794 0.00978
v -0.09066 -0.01610 0.00905
v -0.08945 -0.01696 0.00944
v -0.08573 -0.01861 0.00900
v -0.08570 -0.01875 0.00904
v -0.08817 -0.01766 0.00962
v -0.08801 -0.01737 0.00957
v -0.08683 -0.01799 0.00944
v -0.08924 -0.01674 0.00936
v -0.08907 -0.01651 0.00937
v -0.08834 -0.01713 0.00954
v -0.09012 -0.01574 0.00886
v -0.09007 -0.01568 0.00887
v -0.08996 -0.01554 0.00893
v -0.09055 -0.01605 0.00897
v -0.09043 -0.01599 0.00891
v -0.09024 -0.01585 0.00886
v -0.08576 -0.01821 0.00894
v -0.08513 -0.01377 0.00285
v -0.08587 -0.01285 0.00234
v -0.08584 -0.01291 0.00219
v -0.08458 -0.01431 0.00398
v -0.08462 -0.01442 0.00389
v -0.08426 -0.01534 0.00466
v -0.08369 -0.01756 0.00614
v -0.08495 -0.01829 0.00825
v -0.08532 -0.01816 0.00860
v -0.08467 -0.01880 0.00830
v -0.08393 -0.01576 0.00415
v -0.08443 -0.01479 0.00336
v -0.08513 -0.01348 0.00322
v -0.08508 -0.01338 0.00330
v -0.08573 -0.01247 0.00273
v -0.08424 -0.01527 0.00480
v -0.08409 -0.01624 0.00550
v -0.08410 -0.01611 0.00561
v -0.08507 -0.01383 0.00271
v -0.08578 -0.01293 0.00206
v -0.08571 -0.01294 0.00193
v -0.08378 -0.01664 0.00515
v -0.08407 -0.01569 0.00426
v -0.08453 -0.01473 0.00349
v -0.08425 -0.01720 0.00688
v -0.08412 -0.01707 0.00641
v -0.08404 -0.01639 0.00538
v -0.08424 -0.01547 0.00453
v -0.08463 -0.01453 0.00377
v -0.08587 -0.01282 0.00238
v -0.08516 -0.01369 0.00299
v -0.08587 -0.01277 0.00247
v -0.08579 -0.01257 0.00267
v -0.08580 -0.01258 0.00266
v -0.08516 -0.01359 0.00312
v -0.08585 -0.01269 0.00257
v -0.08586 -0.01271 0.00255
v -0.08410 -0.01821 0.00724
v -0.08389 -0.01742 0.00621
v -0.08428 -0.01800 0.00728
v -0.08484 -0.01855 0.00825
v -0.08493 -0.01801 0.00819
v -0.08439 -0.01779 0.00735
v -0.08403 -0.01725 0.00631
v -0.08393 -0.01653 0.00526
v -0.08418 -0.01559 0.00439
v -0.08460 -0.01464 0.00364
v -0.09103 -0.01063 0.00299
v -0.09036 -0.01049 0.00239
v -0.09026 -0.01045 0.00254
v -0.09070 -0.01515 0.00842
v -0.09129 -0.01471 0.00799
v -0.09127 -0.01457 0.00789
v -0.09090 -0.01528 0.00843
v -0.08852 -0.01041 0.00212
v -0.08790 -0.01060 0.00208
v -0.08871 -0.01020 0.00218
v -0.08624 -0.01192 0.00244
v -0.08640 -0.01212 0.00228
v -0.08633 -0.01199 0.00238
v -0.08637 -0.01235 0.00175
v -0.08643 -0.01232 0.00194
v -0.08714 -0.01167 0.00186
v -0.08712 -0.01163 0.00195
v -0.08710 -0.01157 0.00202
v -0.08629 -0.01233 0.00158
v -0.08707 -0.01173 0.00140
v -0.09224 -0.01328 0.00670
v -0.09202 -0.01327 0.00665
v -0.09113 -0.01538 0.00852
v -0.09036 -0.01499 0.00861
v -0.09055 -0.01500 0.00846
v -0.09086 -0.01418 0.00805
v -0.09095 -0.01430 0.00797
v -0.09126 -0.01361 0.00743
v -0.09133 -0.01314 0.00721
v -0.09148 -0.01292 0.00683
v -0.09144 -0.01281 0.00691
v -0.09160 -0.01225 0.00618
v -0.09139 -0.01077 0.00460
v -0.09147 -0.01095 0.00486
v -0.09147 -0.01105 0.00479
v -0.09158 -0.01146 0.00552
v -0.08933 -0.01014 0.00237
v -0.08627 -0.01189 0.00243
v -0.08694 -0.01129 0.00219
v -0.09171 -0.01094 0.00361
v -0.09163 -0.01096 0.00364
v -0.09208 -0.01141 0.00438
v -0.09200 -0.01142 0.00440
v -0.09202 -0.01197 0.00520
v -0.09191 -0.01142 0.00442
v -0.09147 -0.01095 0.00373
v -0.09155 -0.01096 0.00368
v -0.09221 -0.01198 0.00518
v -0.09214 -0.01328 0.00667
v -0.09199 -0.01258 0.00595
v -0.09212 -0.01198 0.00518
v -0.09159 -0.01130 0.00459
v -0.09120 -0.01071 0.00399
v -0.09150 -0.01118 0.00470
v -0.09118 -0.01057 0.00407
v -0.09111 -0.01037 0.00398
v -0.09193 -0.01195 0.00523
v -0.09176 -0.01187 0.00530
v -0.09165 -0.01175 0.00540
v -0.09160 -0.01162 0.00550
v -0.09157 -0.01215 0.00627
v -0.09155 -0.01386 0.00730
v -0.09176 -0.01394 0.00731
v -0.09173 -0.01316 0.00667
v -0.09193 -0.01325 0.00664
v -0.09180 -0.01249 0.00600
v -0.09108 -0.01444 0.00791
v -0.09138 -0.01374 0.00735
v -0.09158 -0.01305 0.00674
v -0.09167 -0.01238 0.00609
v -0.08700 -0.01138 0.00216
v -0.08780 -0.01097 0.00200
v -0.08707 -0.01151 0.00208
v -0.08784 -0.01104 0.00195
v -0.08787 -0.01110 0.00189
v -0.08789 -0.01115 0.00181
v -0.08944 -0.01041 0.00223
v -0.08865 -0.01067 0.00198
v -0.08862 -0.01061 0.00203
v -0.08937 -0.01028 0.00232
v -0.09011 -0.01021 0.00275
v -0.09017 -0.01035 0.00266
v -0.09080 -0.01050 0.00323
v -0.09090 -0.01059 0.00311
v -0.09139 -0.01092 0.00378
v -0.08768 -0.01074 0.00208
v -0.08773 -0.01084 0.00206
v -0.08858 -0.01055 0.00208
v -0.09009 -0.01007 0.00280
v -0.09173 -0.01139 0.00450
v -0.09127 -0.01083 0.00389
v -0.09074 -0.01037 0.00333
v -0.09072 -0.01023 0.00339
v -0.09026 -0.00996 0.00296
v -0.08919 -0.01004 0.00232
v -0.08791 -0.01120 0.00136
v -0.08712 -0.01175 0.00158
v -0.08792 -0.01122 0.00154
v -0.08714 -0.01171 0.00177
v -0.08791 -0.01118 0.00172
v -0.08868 -0.01073 0.00191
v -0.08951 -0.01051 0.00210
v -0.08871 -0.01077 0.00183
v -0.08959 -0.01055 0.00194
v -0.08876 -0.01081 0.00165
v -0.08966 -0.01053 0.00178
v -0.08878 -0.01079 0.00148
v -0.08970 -0.01047 0.00164
v -0.09047 -0.01047 0.00226
v -0.09055 -0.01041 0.00214
v -0.09128 -0.01056 0.00280
v -0.08573 -0.00700 0.00273
v -0.08688 -0.00700 0.00220
v -0.08873 -0.00700 0.00218
v -0.09036 -0.00700 0.00304
v -0.09138 -0.00700 0.00457
v -0.09155 -0.00700 0.00641
v -0.09083 -0.00700 0.00810
v -0.08996 -0.00700 0.00893
v -0.08846 -0.00700 0.00953
v -0.08679 -0.00700 0.00942
v -0.08533 -0.00700 0.00860
v -0.08437 -0.00700 0.00722
v -0.08411 -0.00700 0.00557
v -0.08459 -0.00700 0.00396
v -0.08611 -0.00700 0.00701
v -0.08693 -0.00700 0.00772
v -0.08800 -0.00700 0.00792
v -0.08903 -0.00700 0.00756
v -0.08974 -0.00700 0.00674
v -0.08994 -0.00700 0.00567
v -0.08958 -0.00700 0.00464
v -0.08876 -0.00700 0.00393
v -0.08769 -0.00700 0.00373
v -0.08666 -0.00700 0.00409
v -0.08595 -0.00700 0.00492
v -0.08575 -0.00700 0.00598
v -0.12423 -0.00900 0.02172
v -0.13192 -0.00900 0.02325
v -0.22045 -0.00901 0.00665
v -0.22186 -0.00906 0.00637
v -0.22533 -0.00942 0.00568
v -0.22547 -0.00944 0.00566
v -0.22954 -0.01031 0.00484
v -0.22958 -0.01032 0.00483
v -0.23130 -0.01083 0.00449
v -0.23704 -0.01314 0.00335
v -0.22314 -0.01624 0.00869
v -0.22899 -0.01413 0.00577
v -0.24444 0.00600 0.00252
v -0.23704 0.00600 0.00335
v -0.23362 -0.01331 0.00417
v -0.23208 -0.01351 0.00464
v -0.25688 0.00600 0.00396
v -0.26841 0.00600 0.00885
v -0.27810 0.00600 0.01680
v -0.28515 0.00600 0.02714
v -0.28900 0.00600 0.03906
v -0.28934 0.00600 0.05158
v -0.28614 0.00600 0.06369
v -0.27966 0.00600 0.07440
v -0.22261 -0.01249 0.00822
v -0.22081 -0.00945 0.00698
v -0.22609 -0.01119 0.00634
v -0.23729 0.00729 0.00462
v -0.23763 0.00659 0.00629
v -0.24448 0.00729 0.00381
v -0.24894 0.00729 0.00392
v -0.25655 0.00729 0.00521
v -0.27714 0.00729 0.01767
v -0.27064 0.00729 0.01187
v -0.26774 0.00729 0.00996
v -0.26033 0.00729 0.00640
v -0.28773 0.00729 0.03928
v -0.28502 0.00729 0.02997
v -0.28399 0.00729 0.02771
v -0.27907 0.00729 0.01993
v -0.28495 0.00729 0.06318
v -0.28786 0.00729 0.05290
v -0.28806 0.00729 0.05143
v -0.28802 0.00729 0.04124
v -0.27866 0.00729 0.07358
v -0.26969 0.00729 0.08179
v -0.26873 0.00659 0.08038
v -0.27704 0.00659 0.07287
v -0.24453 0.00659 0.00552
v -0.24880 0.00659 0.00562
v -0.25612 0.00659 0.00686
v -0.25975 0.00659 0.00801
v -0.26686 0.00659 0.01142
v -0.26964 0.00659 0.01326
v -0.27588 0.00659 0.01882
v -0.27774 0.00659 0.02099
v -0.28246 0.00659 0.02846
v -0.28344 0.00659 0.03063
v -0.28605 0.00659 0.03957
v -0.28632 0.00659 0.04145
v -0.28636 0.00659 0.05123
v -0.28617 0.00659 0.05265
v -0.28338 0.00659 0.06252
v -0.28300 0.00659 0.06339
v -0.26873 -0.03100 0.08038
v -0.27734 -0.03100 0.07250
v -0.22254 -0.03100 0.01262
v -0.23302 -0.03100 0.00749
v -0.24453 -0.03100 0.00552
v -0.24597 -0.03100 0.00550
v -0.24766 -0.03100 0.00555
v -0.25162 -0.03100 0.00594
v -0.25447 -0.03100 0.00646
v -0.25612 -0.03100 0.00686
v -0.26686 -0.03100 0.01142
v -0.27588 -0.03100 0.01882
v -0.28246 -0.03100 0.02846
v -0.28605 -0.03100 0.03957
v -0.28636 -0.03100 0.05123
v -0.28623 -0.03100 0.05227
v -0.28338 -0.03100 0.06252
v -0.28392 -0.03100 0.06118
v -0.28558 -0.03100 0.05576
v -0.28616 -0.03100 0.05277
v -0.28328 -0.03100 0.06275
v -0.20789 -0.03100 0.03049
v -0.21393 -0.03100 0.02050
v -0.20678 -0.03100 0.03341
v -0.20655 -0.03100 0.03413
v -0.20521 -0.03100 0.03970
v -0.20514 -0.03100 0.04009
v -0.20491 -0.03100 0.04177
v -0.20469 -0.03100 0.04442
v -0.20523 -0.03100 0.05343
v -0.20741 -0.03100 0.06133
v -0.20882 -0.03100 0.06454
v -0.21539 -0.03100 0.07418
v -0.22441 -0.03100 0.08158
v -0.22503 -0.03100 0.08194
v -0.23516 -0.03100 0.08614
v -0.23617 -0.03100 0.08639
v -0.23666 -0.03100 0.08651
v -0.24675 -0.03100 0.08749
v -0.24286 -0.03100 0.08741
v -0.23719 -0.03100 0.08662
v -0.25825 -0.03100 0.08551
v -0.24060 0.00659 0.08719
v -0.24675 0.00659 0.08749
v -0.25044 0.00659 0.08722
v -0.24700 -0.03100 0.08748
v -0.25825 0.00659 0.08551
v -0.26000 0.00659 0.08490
v -0.24040 0.00729 0.08888
v -0.26060 0.00729 0.08650
v -0.26488 0.00729 0.08463
v -0.24101 0.00729 0.08896
v -0.25064 0.00729 0.08891
v -0.25326 0.00729 0.08852
v -0.28053 -0.03100 0.05642
v -0.27170 -0.03100 0.06244
v -0.27152 -0.03100 0.06217
v -0.21584 -0.03100 0.02861
v -0.21600 -0.03100 0.02772
v -0.22230 -0.03100 0.02313
v -0.28163 -0.03100 0.05503
v -0.28249 -0.03100 0.05474
v -0.28035 -0.03100 0.05615
v -0.23846 -0.03100 0.07305
v -0.23483 -0.03100 0.07520
v -0.23370 -0.03100 0.07128
v -0.26321 -0.03100 0.02341
v -0.26532 -0.03100 0.02730
v -0.25757 -0.03100 0.02172
v -0.21878 -0.03100 0.06466
v -0.22241 -0.03100 0.06998
v -0.21060 -0.03100 0.05383
v -0.21119 -0.03100 0.05315
v -0.21368 -0.03100 0.05718
v -0.24657 -0.03100 0.00659
v -0.25264 -0.03100 0.00790
v -0.27315 -0.03100 0.01664
v -0.26784 -0.03100 0.02026
v -0.27825 -0.03100 0.02412
v -0.27550 -0.03100 0.06801
v -0.26973 -0.03100 0.07620
v -0.27032 -0.03100 0.07551
v -0.27049 -0.03100 0.07462
v -0.27019 -0.03100 0.07377
v -0.26951 -0.03100 0.07318
v -0.27034 -0.03100 0.07153
v -0.26717 -0.03100 0.07399
v -0.26006 -0.03100 0.07853
v -0.26776 -0.03100 0.07331
v -0.26862 -0.03100 0.07301
v -0.26700 -0.03100 0.07488
v -0.25010 -0.03100 0.08533
v -0.26730 -0.03100 0.07574
v -0.26799 -0.03100 0.07633
v -0.26888 -0.03100 0.07650
v -0.27578 -0.03100 0.06599
v -0.27637 -0.03100 0.06650
v -0.27767 -0.03100 0.06379
v -0.27690 -0.03100 0.06365
v -0.27552 -0.03100 0.06526
v -0.27566 -0.03100 0.06450
v -0.27713 -0.03100 0.06664
v -0.27786 -0.03100 0.06639
v -0.27837 -0.03100 0.06580
v -0.27851 -0.03100 0.06503
v -0.27825 -0.03100 0.06430
v -0.27617 -0.03100 0.06391
v -0.28407 -0.03100 0.05401
v -0.28389 -0.03100 0.05374
v -0.28295 -0.03100 0.05230
v -0.25681 -0.03100 0.01249
v -0.25710 -0.03100 0.01335
v -0.25425 -0.03100 0.01026
v -0.25779 -0.03100 0.01394
v -0.26030 -0.03100 0.01223
v -0.26013 -0.03100 0.01312
v -0.25954 -0.03100 0.01381
v -0.25868 -0.03100 0.01411
v -0.26000 -0.03100 0.01138
v -0.25931 -0.03100 0.01078
v -0.25842 -0.03100 0.01062
v -0.25756 -0.03100 0.01092
v -0.25697 -0.03100 0.01160
v -0.24910 -0.03100 0.01031
v -0.23260 -0.03100 0.01060
v -0.23201 -0.03100 0.01129
v -0.20559 -0.03100 0.03997
v -0.21136 -0.03100 0.05226
v -0.21616 -0.03100 0.05548
v -0.21106 -0.03100 0.05140
v -0.21037 -0.03100 0.05081
v -0.20720 -0.03100 0.04233
v -0.20948 -0.03100 0.05064
v -0.20975 -0.03100 0.05413
v -0.20817 -0.03100 0.05337
v -0.20886 -0.03100 0.05396
v -0.20863 -0.03100 0.05094
v -0.20804 -0.03100 0.05163
v -0.20787 -0.03100 0.05252
v -0.21445 -0.03100 0.06300
v -0.21504 -0.03100 0.06351
v -0.21530 -0.03100 0.06424
v -0.21369 -0.03100 0.06286
v -0.21256 -0.03100 0.06520
v -0.21315 -0.03100 0.06570
v -0.21391 -0.03100 0.06585
v -0.21465 -0.03100 0.06559
v -0.21515 -0.03100 0.06500
v -0.21296 -0.03100 0.06311
v -0.21245 -0.03100 0.06370
v -0.21230 -0.03100 0.06446
v -0.22340 -0.03100 0.07492
v -0.22357 -0.03100 0.07403
v -0.22878 -0.03100 0.07933
v -0.22008 -0.03100 0.07429
v -0.22038 -0.03100 0.07515
v -0.22281 -0.03100 0.07561
v -0.22327 -0.03100 0.07318
v -0.22259 -0.03100 0.07259
v -0.22170 -0.03100 0.07242
v -0.22084 -0.03100 0.07272
v -0.22025 -0.03100 0.07340
v -0.22107 -0.03100 0.07574
v -0.22196 -0.03100 0.07591
v -0.23684 -0.03100 0.08582
v -0.24041 -0.03100 0.08338
v -0.23126 -0.03100 0.07763
v -0.23702 -0.03100 0.08608
v -0.24059 -0.03100 0.08365
v -0.24630 -0.03100 0.07976
v -0.24662 -0.03100 0.08201
v -0.24594 -0.03100 0.08142
v -0.24360 -0.03100 0.08224
v -0.24419 -0.03100 0.08155
v -0.24505 -0.03100 0.08125
v -0.24343 -0.03100 0.08313
v -0.24373 -0.03100 0.08398
v -0.24442 -0.03100 0.08457
v -0.24531 -0.03100 0.08474
v -0.24616 -0.03100 0.08444
v -0.24676 -0.03100 0.08376
v -0.24692 -0.03100 0.08287
v -0.24027 -0.03100 0.01633
v -0.23885 -0.03100 0.01985
v -0.23511 -0.03100 0.01985
v -0.23015 -0.03100 0.02378
v -0.22484 -0.03100 0.02685
v -0.22331 -0.03100 0.03045
v -0.25071 -0.03100 0.01267
v -0.24838 -0.03100 0.01914
v -0.24188 -0.03100 0.01869
v -0.26796 -0.03100 0.06256
v -0.26636 -0.03100 0.06569
v -0.26113 -0.03100 0.06922
v -0.25608 -0.03100 0.07270
v -0.25242 -0.03100 0.07315
v -0.24612 -0.03100 0.07949
v -0.28294 -0.03100 0.04241
v -0.27831 -0.03100 0.04556
v -0.28226 -0.03100 0.05171
v -0.28137 -0.03100 0.05154
v -0.28051 -0.03100 0.05184
v -0.27478 -0.03100 0.04797
v -0.27992 -0.03100 0.05253
v -0.27975 -0.03100 0.05342
v -0.28005 -0.03100 0.05428
v -0.28074 -0.03100 0.05487
v -0.28308 -0.03100 0.05405
v -0.28325 -0.03100 0.05316
v -0.23579 -0.03100 0.00975
v -0.23774 -0.03100 0.01261
v -0.23533 -0.03100 0.01192
v -0.23214 -0.03100 0.01303
v -0.23283 -0.03100 0.01362
v -0.23258 -0.03100 0.01613
v -0.23503 -0.03100 0.01106
v -0.23434 -0.03100 0.01047
v -0.23345 -0.03100 0.01030
v -0.23372 -0.03100 0.01379
v -0.23457 -0.03100 0.01349
v -0.23516 -0.03100 0.01281
v -0.21524 -0.03100 0.02930
v -0.21487 -0.03100 0.03365
v -0.21648 -0.03100 0.03601
v -0.21917 -0.03100 0.03905
v -0.21821 -0.03100 0.04855
v -0.21234 -0.03100 0.02993
v -0.21350 -0.03100 0.02943
v -0.21439 -0.03100 0.02960
v -0.21570 -0.03100 0.02687
v -0.21502 -0.03100 0.02628
v -0.22035 -0.03100 0.02027
v -0.21038 -0.03100 0.02706
v -0.21251 -0.03100 0.02799
v -0.21281 -0.03100 0.02884
v -0.21413 -0.03100 0.02611
v -0.21327 -0.03100 0.02641
v -0.21268 -0.03100 0.02710
v -0.22126 -0.03100 0.06296
v -0.22489 -0.03100 0.06829
v -0.22595 -0.03100 0.06570
v -0.24290 -0.03100 0.07386
v -0.21077 -0.03100 0.03990
v -0.20916 -0.03100 0.03754
v -0.22057 -0.03100 0.05781
v -0.23062 -0.03100 0.01327
v -0.23184 -0.03100 0.01218
v -0.25627 -0.03100 0.07296
v -0.26654 -0.03100 0.06596
v -0.24598 -0.03100 0.00851
v -0.24525 -0.03100 0.00876
v -0.24759 -0.03100 0.00989
v -0.24733 -0.03100 0.00916
v -0.24675 -0.03100 0.00865
v -0.24460 -0.03100 0.01012
v -0.24486 -0.03100 0.01085
v -0.24544 -0.03100 0.01135
v -0.24474 -0.03100 0.00935
v -0.24621 -0.03100 0.01150
v -0.24694 -0.03100 0.01124
v -0.24745 -0.03100 0.01065
v -0.27211 -0.03100 0.05395
v -0.27306 -0.03100 0.04445
v -0.27194 -0.03100 0.03621
v -0.27657 -0.03100 0.03306
v -0.28188 -0.03100 0.02944
v -0.27922 -0.03100 0.02852
v -0.27892 -0.03100 0.02766
v -0.27070 -0.03100 0.03519
v -0.26832 -0.03100 0.03089
v -0.27294 -0.03100 0.02774
v -0.27823 -0.03100 0.02707
v -0.27734 -0.03100 0.02690
v -0.27905 -0.03100 0.02941
v -0.08990 -0.01782 0.06268
v -0.09133 -0.01870 0.06198
v -0.09147 -0.01846 0.06213
v -0.09226 -0.01875 0.06197
v -0.09067 -0.01727 0.06266
v -0.09190 -0.01799 0.06219
v -0.09159 -0.01819 0.06222
v -0.09308 -0.01821 0.06214
v -0.09232 -0.01844 0.06209
v -0.09308 -0.01862 0.06208
v -0.09038 -0.01734 0.06281
v -0.09050 -0.01713 0.06277
v -0.09002 -0.01773 0.06275
v -0.09024 -0.01752 0.06281
v -0.09038 -0.01735 0.06281
v -0.09553 -0.01221 0.06850
v -0.09560 -0.01229 0.06865
v -0.09628 -0.01340 0.06772
v -0.09575 -0.01792 0.06328
v -0.09448 -0.01851 0.06245
v -0.09635 -0.01684 0.06437
v -0.09668 -0.01458 0.06667
v -0.09679 -0.01578 0.06555
v -0.09687 -0.01463 0.06675
v -0.09643 -0.01345 0.06783
v -0.09488 -0.01141 0.06973
v -0.09583 -0.01235 0.06890
v -0.09474 -0.01142 0.06951
v -0.09478 -0.01143 0.06958
v -0.09482 -0.01143 0.06965
v -0.09464 -0.01125 0.06918
v -0.09464 -0.01128 0.06922
v -0.09465 -0.01131 0.06925
v -0.09466 -0.01134 0.06931
v -0.09467 -0.01137 0.06936
v -0.09473 -0.01095 0.06896
v -0.09468 -0.01105 0.06901
v -0.09556 -0.01189 0.06819
v -0.09552 -0.01199 0.06826
v -0.09588 -0.01244 0.06771
v -0.09609 -0.01309 0.06733
v -0.09605 -0.01283 0.06737
v -0.09636 -0.01425 0.06632
v -0.09635 -0.01413 0.06621
v -0.09634 -0.01540 0.06527
v -0.09630 -0.01527 0.06516
v -0.09620 -0.01569 0.06476
v -0.09602 -0.01651 0.06424
v -0.09594 -0.01635 0.06414
v -0.09515 -0.01740 0.06310
v -0.09537 -0.01749 0.06328
v -0.09498 -0.01754 0.06296
v -0.09435 -0.01823 0.06251
v -0.09381 -0.01812 0.06231
v -0.09570 -0.01234 0.06878
v -0.09465 -0.01118 0.06910
v -0.09550 -0.01211 0.06837
v -0.09617 -0.01332 0.06759
v -0.09652 -0.01449 0.06657
v -0.09659 -0.01568 0.06548
v -0.09553 -0.01772 0.06331
v -0.09616 -0.01668 0.06432
v -0.09644 -0.01555 0.06538
v -0.09641 -0.01437 0.06644
v -0.09610 -0.01321 0.06745
v -0.09070 -0.01075 0.06949
v -0.09001 -0.01116 0.06904
v -0.08990 -0.01119 0.06919
v -0.08931 -0.01172 0.06864
v -0.09239 -0.01022 0.06968
v -0.09154 -0.01027 0.06953
v -0.09153 -0.01040 0.06965
v -0.08929 -0.01627 0.06388
v -0.09240 -0.01008 0.06963
v -0.09327 -0.01026 0.06957
v -0.09323 -0.01011 0.06957
v -0.09044 -0.01071 0.06991
v -0.09409 -0.01100 0.06989
v -0.09461 -0.01085 0.06904
v -0.09410 -0.01050 0.06931
v -0.09406 -0.01062 0.06934
v -0.09401 -0.01081 0.06948
v -0.09401 -0.01087 0.06955
v -0.09402 -0.01092 0.06963
v -0.09332 -0.01058 0.07039
v -0.09233 -0.01041 0.07043
v -0.09135 -0.01046 0.07026
v -0.08978 -0.01118 0.06932
v -0.08916 -0.01170 0.06874
v -0.08876 -0.01232 0.06806
v -0.08839 -0.01367 0.06663
v -0.08830 -0.01511 0.06522
v -0.08906 -0.01643 0.06390
v -0.08945 -0.01609 0.06381
v -0.08954 -0.01594 0.06372
v -0.08915 -0.01509 0.06444
v -0.08914 -0.01541 0.06438
v -0.08900 -0.01459 0.06488
v -0.08895 -0.01472 0.06499
v -0.08888 -0.01387 0.06552
v -0.08885 -0.01401 0.06561
v -0.08888 -0.01320 0.06614
v -0.08886 -0.01331 0.06625
v -0.08899 -0.01263 0.06689
v -0.08921 -0.01186 0.06743
v -0.08906 -0.01223 0.06707
v -0.08898 -0.01252 0.06679
v -0.08923 -0.01197 0.06752
v -0.08959 -0.01136 0.06812
v -0.08956 -0.01125 0.06804
v -0.09010 -0.01082 0.06867
v -0.09006 -0.01070 0.06861
v -0.09009 -0.01068 0.06864
v -0.09075 -0.01039 0.06914
v -0.09129 -0.01006 0.06937
v -0.09153 -0.01013 0.06947
v -0.09198 -0.00995 0.06956
v -0.08870 -0.01295 0.06726
v -0.08893 -0.01232 0.06796
v -0.08850 -0.01364 0.06659
v -0.08841 -0.01436 0.06591
v -0.08843 -0.01508 0.06522
v -0.08856 -0.01581 0.06453
v -0.08901 -0.01229 0.06790
v -0.08908 -0.01226 0.06784
v -0.08885 -0.01287 0.06714
v -0.08960 -0.01149 0.06822
v -0.08921 -0.01210 0.06763
v -0.08918 -0.01216 0.06770
v -0.08895 -0.01276 0.06701
v -0.08914 -0.01221 0.06777
v -0.08880 -0.01571 0.06453
v -0.08866 -0.01499 0.06518
v -0.08861 -0.01427 0.06584
v -0.08868 -0.01356 0.06650
v -0.08901 -0.01557 0.06448
v -0.08883 -0.01486 0.06510
v -0.08877 -0.01415 0.06573
v -0.08880 -0.01344 0.06637
v -0.09404 -0.01096 0.06971
v -0.09322 -0.01062 0.06991
v -0.09237 -0.01036 0.06979
v -0.09322 -0.01052 0.06975
v -0.09323 -0.01046 0.06969
v -0.09402 -0.01075 0.06942
v -0.09062 -0.01079 0.06965
v -0.09145 -0.01054 0.06997
v -0.09150 -0.01050 0.06980
v -0.09236 -0.01045 0.06994
v -0.09322 -0.01058 0.06983
v -0.09075 -0.01066 0.06933
v -0.09076 -0.01053 0.06921
v -0.09011 -0.01095 0.06876
v -0.09416 -0.01098 0.07005
v -0.09328 -0.01064 0.07026
v -0.09324 -0.01065 0.07009
v -0.09234 -0.01047 0.07029
v -0.09235 -0.01049 0.07012
v -0.09140 -0.01052 0.07013
v -0.09010 -0.01102 0.06882
v -0.09009 -0.01107 0.06889
v -0.09005 -0.01112 0.06897
v -0.08945 -0.01169 0.06851
v -0.09324 -0.01039 0.06964
v -0.08885 -0.01232 0.06801
v -0.09473 -0.00700 0.06896
v -0.09316 -0.00700 0.06958
v -0.09149 -0.00700 0.06944
v -0.09004 -0.00700 0.06859
v -0.08911 -0.00700 0.06720
v -0.08888 -0.00700 0.06553
v -0.08940 -0.00700 0.06394
v -0.09050 -0.00700 0.06277
v -0.09200 -0.00700 0.06217
v -0.09367 -0.00700 0.06227
v -0.09514 -0.00700 0.06309
v -0.09610 -0.00700 0.06447
v -0.09636 -0.00700 0.06613
v -0.09587 -0.00700 0.06773
v -0.09088 -0.00700 0.06705
v -0.09170 -0.00700 0.06776
v -0.09277 -0.00700 0.06796
v -0.09380 -0.00700 0.06760
v -0.09451 -0.00700 0.06678
v -0.09471 -0.00700 0.06571
v -0.09435 -0.00700 0.06468
v -0.09353 -0.00700 0.06397
v -0.09246 -0.00700 0.06377
v -0.09143 -0.00700 0.06413
v -0.09072 -0.00700 0.06495
v -0.09052 -0.00700 0.06602
v -0.19782 -0.00200 0.08170
v -0.19702 -0.00200 0.08142
v -0.19641 -0.00200 0.08084
v -0.19609 -0.00200 0.08006
v -0.19612 -0.00200 0.07922
v -0.21982 -0.00200 0.08442
v -0.09458 -0.00200 0.06193
v -0.09241 -0.00200 0.06147
v -0.09102 -0.00200 0.06071
v -0.09030 -0.00200 0.06213
v -0.18639 -0.00200 0.07852
v -0.18646 -0.00200 0.07815
v -0.18801 -0.00200 0.07600
v -0.18676 -0.00200 0.07635
v -0.18954 -0.00200 0.07440
v 0.01212 -0.00200 0.05367
v 0.01202 -0.00200 0.05329
v 0.01037 -0.00200 0.05128
v 0.01163 -0.00200 0.05155
v 0.00881 -0.00200 0.04977
v 0.01022 -0.00200 0.04956
v 0.00673 -0.00200 0.04919
v -0.19409 -0.00200 0.02238
v -0.19616 -0.00200 0.02197
v -0.19762 -0.00200 0.02224
v -0.18746 -0.00200 0.07815
v -0.18728 -0.00200 0.07897
v -0.18612 -0.00200 0.07890
v -0.18679 -0.00200 0.07965
v -0.18572 -0.00200 0.07912
v -0.18605 -0.00200 0.08006
v -0.18534 -0.00200 0.07915
v -0.18521 -0.00200 0.08014
v -0.09870 -0.00200 0.06843
v -0.09857 -0.00200 0.06942
v -0.09834 -0.00200 0.06831
v -0.09778 -0.00200 0.06915
v -0.09799 -0.00200 0.06800
v -0.09717 -0.00200 0.06857
v -0.09783 -0.00200 0.06757
v -0.09685 -0.00200 0.06779
v -0.09785 -0.00200 0.06719
v -0.09688 -0.00200 0.06695
v -0.09793 -0.00200 0.06493
v -0.09695 -0.00200 0.06510
v -0.09708 -0.00200 0.06282
v -0.09625 -0.00200 0.06339
v -0.09581 -0.00200 0.06151
v -0.09351 -0.00200 0.06054
v -0.19917 -0.00200 0.02029
v -0.08714 -0.00200 0.06625
v -0.08877 -0.00200 0.06373
v -0.08754 -0.00200 0.06738
v -0.08822 -0.00200 0.06588
v -0.08804 -0.00200 0.06670
v -0.09267 -0.00200 0.00824
v -0.09176 -0.00200 0.00955
v -0.08966 -0.00200 0.01091
v -0.19941 -0.00200 0.01627
v -0.19969 -0.00200 0.01785
v -0.18811 -0.00200 0.07425
v -0.19026 -0.00200 0.07298
v -0.19166 -0.00200 0.07374
v -0.19275 -0.00200 0.07281
v -0.19383 -0.00200 0.07420
v -0.19505 -0.00200 0.07379
v -0.19550 -0.00200 0.07566
v -0.19632 -0.00200 0.07510
v -0.19619 -0.00200 0.07737
v -0.19718 -0.00200 0.07720
v -0.19709 -0.00200 0.07947
v -0.19707 -0.00200 0.07985
v -0.19724 -0.00200 0.08028
v -0.19758 -0.00200 0.08059
v -0.19794 -0.00200 0.08071
v -0.21994 -0.00200 0.08343
v -0.08722 -0.00200 0.06588
v -0.08752 -0.00200 0.06408
v -0.08887 -0.00200 0.06198
v 0.00807 -0.00200 0.04839
v 0.00564 -0.00200 0.04828
v 0.00462 -0.00200 0.04968
v 0.00340 -0.00200 0.04926
v 0.00299 -0.00200 0.05111
v 0.00217 -0.00200 0.05055
v 0.00230 -0.00200 0.05283
v 0.00131 -0.00200 0.05265
v 0.00236 -0.00200 0.05467
v 0.00139 -0.00200 0.05492
v 0.00239 -0.00200 0.05552
v 0.00142 -0.00200 0.05530
v 0.00208 -0.00200 0.05629
v 0.00125 -0.00200 0.05573
v 0.00146 -0.00200 0.05687
v 0.00091 -0.00200 0.05604
v 0.00067 -0.00200 0.05715
v 0.00055 -0.00200 0.05616
v -0.08597 -0.00200 0.06786
v -0.08609 -0.00200 0.06687
v -0.08681 -0.00200 0.06779
v -0.08647 -0.00200 0.06685
v -0.08688 -0.00200 0.06663
v -0.09291 -0.00200 0.00794
v -0.09041 -0.00200 0.00940
v -0.08845 -0.00200 0.01019
v -0.08635 -0.00200 0.00996
v -0.19936 -0.00200 0.01590
v -0.19863 -0.00200 0.01870
v -0.19780 -0.00200 0.02064
v -0.19847 -0.00200 0.01659
v -0.19837 -0.00200 0.01575
v -0.19950 -0.00200 0.01546
v -0.19863 -0.00200 0.01495
v -0.19982 -0.00200 0.01512
v -0.19920 -0.00200 0.01433
v -0.20017 -0.00200 0.01498
v -0.19997 -0.00200 0.01400
v -0.21730 -0.00200 0.01156
v -0.21710 -0.00200 0.01058
v 0.04017 -0.00200 -0.02925
v 0.04047 -0.00200 -0.02782
v 0.04202 -0.00200 -0.02827
v 0.04281 -0.00200 -0.02714
v 0.04411 -0.00200 -0.02825
v 0.04521 -0.00200 -0.02757
v 0.04598 -0.00200 -0.02921
v 0.04663 -0.00200 -0.02845
v 0.04674 -0.00200 -0.02962
v 0.04697 -0.00200 -0.02865
v 0.04761 -0.00200 -0.02967
v 0.04745 -0.00200 -0.02868
v 0.04842 -0.00200 -0.02934
v 0.04789 -0.00200 -0.02849
v 0.04901 -0.00200 -0.02871
v 0.04815 -0.00200 -0.02820
v 0.05380 -0.00200 -0.01821
v 0.05285 -0.00200 -0.01789
v 0.05637 -0.00200 -0.00697
v 0.05538 -0.00200 -0.00685
v 0.05662 -0.00200 0.00456
v 0.05562 -0.00200 0.00448
v 0.05453 -0.00200 0.01590
v 0.05357 -0.00200 0.01562
v 0.05411 -0.00200 0.01666
v 0.05339 -0.00200 0.01597
v 0.05341 -0.00200 0.01718
v 0.05301 -0.00200 0.01626
v 0.05255 -0.00200 0.01734
v 0.05254 -0.00200 0.01634
v 0.05171 -0.00200 0.01713
v 0.05216 -0.00200 0.01624
v 0.04967 -0.00200 0.01666
v 0.05050 -0.00200 0.01571
v 0.04838 -0.00200 0.01583
v 0.04765 -0.00200 0.01718
v 0.04646 -0.00200 0.01675
v 0.04609 -0.00200 0.01858
v 0.04526 -0.00200 0.01802
v 0.04537 -0.00200 0.02044
v 0.04442 -0.00200 0.02006
v 0.04555 -0.00200 0.02244
v 0.04460 -0.00200 0.02275
v 0.04659 -0.00200 0.02415
v 0.04606 -0.00200 0.02502
v 0.04828 -0.00200 0.02521
v 0.04796 -0.00200 0.02616
v 0.04902 -0.00200 0.02567
v 0.04829 -0.00200 0.02636
v 0.04950 -0.00200 0.02640
v 0.04857 -0.00200 0.02675
v 0.04962 -0.00200 0.02726
v 0.04862 -0.00200 0.02723
v 0.04937 -0.00200 0.02809
v 0.04850 -0.00200 0.02760
v 0.04267 -0.00200 0.03748
v 0.04192 -0.00200 0.03682
v 0.03422 -0.00200 0.04533
v 0.03362 -0.00200 0.04454
v 0.02436 -0.00200 0.05131
v 0.02393 -0.00200 0.05041
v 0.01349 -0.00200 0.05517
v 0.01326 -0.00200 0.05420
v 0.01262 -0.00200 0.05519
v 0.01286 -0.00200 0.05422
v 0.01183 -0.00200 0.05484
v 0.01242 -0.00200 0.05404
v 0.01126 -0.00200 0.05418
v 0.01102 -0.00200 0.05334
v -0.08718 -0.00200 0.01119
v -0.08484 -0.00200 0.01031
v -0.08459 -0.00200 0.00879
v -0.08315 -0.00200 0.00849
v -0.08359 -0.00200 0.00693
v -0.08245 -0.00200 0.00609
v -0.08356 -0.00200 0.00482
v -0.08291 -0.00200 0.00363
v -0.08452 -0.00200 0.00294
v -0.08377 -0.00200 0.00229
v -0.08493 -0.00200 0.00220
v -0.08396 -0.00200 0.00196
v -0.08500 -0.00200 0.00137
v -0.08400 -0.00200 0.00150
v -0.08471 -0.00200 0.00057
v -0.08384 -0.00200 0.00107
v -0.08413 -0.00200 -0.00003
v -0.08357 -0.00200 0.00080
v -0.06029 -0.00200 -0.01597
v -0.05973 -0.00200 -0.01514
v -0.05431 -0.00200 -0.02110
v -0.05357 -0.00200 -0.02043
v -0.04970 -0.00200 -0.02750
v -0.04882 -0.00200 -0.02701
v -0.04693 -0.00200 -0.03199
v -0.04611 -0.00200 -0.03143
v -0.03780 -0.00200 -0.04239
v -0.03714 -0.00200 -0.04164
v -0.02643 -0.00200 -0.05027
v -0.02597 -0.00200 -0.04939
v -0.01349 -0.00200 -0.05517
v -0.01325 -0.00200 -0.05420
v -0.01262 -0.00200 -0.05519
v -0.01286 -0.00200 -0.05422
v -0.01183 -0.00200 -0.05484
v -0.01242 -0.00200 -0.05403
v -0.01126 -0.00200 -0.05418
v -0.01212 -0.00200 -0.05367
v -0.01102 -0.00200 -0.05334
v -0.01202 -0.00200 -0.05329
v -0.01044 -0.00200 -0.05139
v -0.01159 -0.00200 -0.05145
v -0.00903 -0.00200 -0.04991
v -0.00989 -0.00200 -0.04929
v -0.00711 -0.00200 -0.04922
v -0.00735 -0.00200 -0.04824
v -0.00509 -0.00200 -0.04947
v -0.00462 -0.00200 -0.04858
v -0.00340 -0.00200 -0.05061
v -0.00241 -0.00200 -0.05021
v -0.00240 -0.00200 -0.05238
v -0.00130 -0.00200 -0.05272
v -0.00231 -0.00200 -0.05442
v -0.00132 -0.00200 -0.05461
v -0.00228 -0.00200 -0.05529
v -0.00132 -0.00200 -0.05500
v -0.00189 -0.00200 -0.05607
v -0.00112 -0.00200 -0.05543
v -0.00120 -0.00200 -0.05660
v -0.00073 -0.00200 -0.05572
v -0.00035 -0.00200 -0.05680
v -0.00035 -0.00200 -0.05580
v 0.01113 -0.00200 -0.05570
v 0.01093 -0.00200 -0.05472
v 0.02215 -0.00200 -0.05230
v 0.02176 -0.00200 -0.05138
v 0.03226 -0.00200 -0.04675
v 0.03169 -0.00200 -0.04593
v 0.04104 -0.00200 -0.03927
v 0.04031 -0.00200 -0.03858
v 0.04149 -0.00200 -0.03853
v 0.04053 -0.00200 -0.03825
v 0.04158 -0.00200 -0.03766
v 0.04058 -0.00200 -0.03777
v 0.04129 -0.00200 -0.03684
v 0.04041 -0.00200 -0.03732
v 0.04069 -0.00200 -0.03622
v 0.04014 -0.00200 -0.03705
v 0.03946 -0.00200 -0.03501
v 0.03864 -0.00200 -0.03558
v 0.03873 -0.00200 -0.03305
v 0.03795 -0.00200 -0.03416
v 0.03898 -0.00200 -0.03097
v 0.03776 -0.00200 -0.03173
v 0.03866 -0.00200 -0.02946
v -0.19535 -0.00200 0.02328
v -0.19285 -0.00200 0.02319
v -0.19207 -0.00200 0.02178
v -0.19067 -0.00200 0.02198
v -0.19055 -0.00200 0.02031
v -0.18925 -0.00200 0.01993
v -0.18990 -0.00200 0.01830
v -0.18891 -0.00200 0.01837
v -0.18967 -0.00200 0.01749
v -0.18881 -0.00200 0.01800
v -0.18912 -0.00200 0.01685
v -0.18851 -0.00200 0.01764
v -0.18836 -0.00200 0.01649
v -0.18809 -0.00200 0.01746
v -0.18752 -0.00200 0.01648
v -0.18771 -0.00200 0.01746
v -0.14037 -0.00200 0.02587
v -0.14057 -0.00200 0.02685
v -0.13171 -0.00200 0.02644
v -0.13165 -0.00200 0.02744
v -0.12320 -0.00200 0.02475
v -0.12288 -0.00200 0.02569
v -0.11543 -0.00200 0.02091
v -0.11487 -0.00200 0.02174
v -0.09468 -0.00200 0.00703
v -0.09412 -0.00200 0.00786
v -0.09390 -0.00200 0.00672
v -0.09378 -0.00200 0.00771
v -0.09306 -0.00200 0.00676
v -0.09331 -0.00200 0.00773
v -0.09231 -0.00200 0.00714
v -0.09178 -0.00200 0.00780
v -0.21551 -0.00896 0.01192
v -0.20017 -0.00896 0.01498
v -0.19941 -0.01008 0.01627
v -0.19938 -0.00959 0.01578
v -0.19985 -0.00902 0.01510
v -0.19955 -0.00923 0.01537
v -0.19950 -0.00930 0.01546
v -0.19064 -0.01395 0.02197
v -0.18992 -0.01301 0.02115
v -0.18992 -0.00800 0.02115
v -0.19284 -0.01557 0.02319
v -0.19143 -0.01470 0.02258
v -0.19308 -0.01568 0.02324
v -0.19308 -0.00800 0.02324
v -0.19508 -0.00800 0.02333
v -0.19508 -0.01600 0.02333
v -0.19535 -0.01600 0.02328
v -0.19659 -0.01600 0.02287
v -0.19922 -0.01387 0.02018
v -0.19813 -0.01525 0.02180
v -0.19764 -0.01558 0.02223
v -0.19970 -0.01200 0.01817
v -0.18907 -0.01107 0.01934
v -0.18891 -0.01008 0.01837
v -0.18907 -0.00800 0.01934
v -0.18925 -0.00800 0.01993
v -0.17869 -0.01600 0.02644
v -0.19307 -0.01600 0.02357
v -0.14004 -0.01600 0.04464
v -0.14004 -0.00800 0.04464
v -0.17972 -0.01600 0.07135
v -0.13990 -0.01600 0.05000
v -0.19108 -0.01600 0.07276
v -0.13900 -0.01600 0.04544
v -0.13841 -0.01600 0.04662
v -0.13837 -0.01600 0.04793
v -0.13891 -0.01600 0.04914
v -0.13990 -0.00800 0.05000
v -0.18722 -0.00800 0.07538
v -0.18722 -0.01293 0.07538
v -0.13723 -0.00800 0.04375
v -0.13891 -0.00800 0.04914
v -0.13841 -0.00800 0.05147
v -0.09708 -0.00800 0.06282
v -0.09699 -0.00800 0.06270
v -0.12949 -0.00800 0.04739
v -0.18676 -0.00800 0.07635
v -0.18653 -0.00800 0.07728
v -0.13121 -0.00800 0.04445
v -0.13841 -0.00800 0.04662
v -0.13108 -0.00800 0.04557
v -0.13837 -0.00800 0.04793
v -0.13042 -0.00800 0.04671
v -0.13091 -0.00800 0.05099
v -0.13165 -0.00800 0.05202
v -0.13548 -0.00800 0.07298
v -0.13345 -0.00800 0.07273
v -0.13400 -0.00800 0.05434
v -0.13188 -0.00800 0.05297
v -0.12984 -0.00800 0.02727
v -0.13165 -0.00800 0.02744
v -0.13320 -0.00800 0.04222
v -0.13393 -0.00800 0.04325
v -0.13503 -0.00800 0.04389
v -0.13629 -0.00800 0.04402
v -0.13900 -0.00800 0.04544
v -0.13479 -0.00800 0.05207
v -0.13410 -0.00800 0.05329
v -0.13296 -0.00800 0.04127
v -0.13186 -0.00800 0.02745
v -0.09784 -0.00800 0.06451
v -0.12761 -0.00800 0.05049
v -0.12856 -0.00800 0.05022
v -0.12982 -0.00800 0.05035
v -0.13737 -0.00800 0.05113
v -0.13597 -0.00800 0.05129
v -0.13530 -0.00800 0.05163
v -0.17055 -0.01600 0.02806
v -0.13723 -0.01600 0.04375
v -0.18771 -0.00896 0.01746
v -0.18869 -0.00950 0.01781
v -0.14057 -0.00896 0.02685
v -0.18881 -0.00971 0.01800
v -0.14194 -0.01600 0.03376
v -0.18797 -0.00899 0.01744
v -0.18810 -0.00903 0.01746
v -0.18852 -0.00931 0.01765
v -0.18831 -0.00914 0.01752
v -0.12984 -0.00896 0.02727
v -0.12263 -0.00896 0.02560
v -0.13186 -0.00896 0.02745
v -0.11487 -0.00896 0.02174
v -0.13012 -0.01242 0.03079
v -0.13041 -0.01600 0.03441
v -0.13121 -0.01600 0.04445
v -0.12031 -0.01600 0.03225
v -0.11095 -0.01600 0.02759
v -0.08943 -0.01600 0.01320
v -0.08926 -0.01430 0.01104
v -0.08968 -0.01396 0.01091
v -0.09110 -0.01253 0.01014
v -0.09251 -0.01043 0.00855
v -0.09267 -0.01008 0.00824
v -0.09300 -0.00959 0.00787
v -0.09331 -0.00930 0.00773
v -0.09412 -0.00896 0.00786
v -0.09341 -0.00923 0.00771
v -0.09381 -0.00902 0.00772
v -0.09319 -0.01600 0.06050
v -0.09319 -0.00800 0.06050
v -0.08926 -0.00800 0.01104
v -0.08727 -0.00800 0.01120
v -0.08270 -0.01222 0.00415
v -0.08377 -0.01008 0.00229
v -0.08246 -0.01409 0.00624
v -0.08291 -0.01533 0.00803
v -0.08338 -0.01577 0.00887
v -0.08386 -0.01600 0.00946
v -0.08484 -0.01600 0.01031
v -0.08601 -0.01600 0.01090
v -0.08719 -0.01558 0.01119
v -0.08727 -0.01554 0.01120
v -0.08357 -0.00896 0.00080
v -0.08376 -0.00899 0.00097
v -0.08384 -0.00903 0.00107
v -0.08394 -0.00914 0.00127
v -0.08401 -0.00931 0.00151
v -0.08401 -0.00950 0.00174
v -0.08396 -0.00971 0.00196
v -0.05973 -0.00896 -0.01514
v -0.05582 -0.01600 -0.00929
v -0.04839 -0.01600 -0.01566
v -0.05357 -0.00896 -0.02043
v -0.04266 -0.01600 -0.02360
v -0.04882 -0.00896 -0.02701
v -0.04611 -0.00896 -0.03143
v -0.03170 -0.00896 -0.04592
v -0.02597 -0.00896 -0.04939
v -0.01915 -0.00896 -0.05241
v -0.01325 -0.00896 -0.05420
v -0.03714 -0.00896 -0.04164
v -0.04221 -0.00896 -0.03650
v -0.01674 -0.01600 -0.04579
v -0.00720 -0.01600 -0.04822
v -0.00897 -0.01521 -0.04873
v -0.00991 -0.01446 -0.04931
v -0.01055 -0.01377 -0.04988
v -0.01157 -0.01204 -0.05143
v -0.01202 -0.01013 -0.05329
v -0.01202 -0.01006 -0.05336
v -0.01216 -0.00965 -0.05375
v -0.01241 -0.00932 -0.05403
v -0.01255 -0.00920 -0.05412
v -0.01291 -0.00902 -0.05422
v -0.03688 -0.01600 -0.03189
v -0.02769 -0.01600 -0.04013
v -0.00132 -0.01013 -0.05461
v -0.00134 -0.01225 -0.05249
v -0.00217 -0.01416 -0.05055
v -0.00240 -0.01447 -0.05023
v -0.00354 -0.01547 -0.04916
v -0.00476 -0.01600 -0.04852
v -0.00035 -0.00896 -0.05580
v -0.00053 -0.00897 -0.05578
v -0.00074 -0.00903 -0.05572
v -0.00089 -0.00911 -0.05564
v -0.00112 -0.00932 -0.05543
v -0.00123 -0.00948 -0.05526
v -0.00132 -0.00974 -0.05500
v 0.04031 -0.00896 -0.03858
v 0.03169 -0.00896 -0.04593
v 0.02176 -0.00896 -0.05138
v 0.01093 -0.00896 -0.05472
v 0.04047 -0.00965 -0.03741
v 0.04020 -0.01006 -0.03709
v 0.04014 -0.01013 -0.03705
v 0.04051 -0.00902 -0.03829
v 0.04059 -0.00920 -0.03793
v 0.04058 -0.00932 -0.03776
v 0.03864 -0.01224 -0.03558
v 0.03816 -0.01600 -0.03035
v 0.03771 -0.01522 -0.03212
v 0.03793 -0.01376 -0.03410
v 0.04480 -0.01223 -0.02741
v 0.04663 -0.01013 -0.02845
v 0.04268 -0.01417 -0.02715
v 0.03866 -0.01600 -0.02946
v 0.03964 -0.01600 -0.02839
v 0.04075 -0.01550 -0.02767
v -0.00030 -0.01600 -0.04876
v 0.03523 -0.01600 -0.03371
v 0.04023 -0.00954 -0.03781
v -0.00084 -0.00954 -0.05521
v 0.02769 -0.01600 -0.04013
v 0.01901 -0.01600 -0.04490
v 0.00955 -0.01600 -0.04781
v 0.04440 -0.01600 0.02014
v 0.04442 -0.01600 0.02006
v 0.04618 -0.01600 -0.01564
v 0.04207 -0.01600 -0.02464
v 0.00470 -0.01600 0.04855
v -0.09118 -0.01600 0.06041
v -0.08732 -0.01600 0.01178
v 0.00564 -0.01600 0.04828
v 0.00720 -0.01600 0.04822
v 0.01158 -0.01600 0.04736
v 0.02091 -0.01600 0.04405
v 0.02938 -0.01600 0.03891
v 0.04526 -0.01600 0.01802
v 0.04536 -0.01600 0.01787
v 0.04681 -0.01600 0.01365
v 0.03663 -0.01600 0.03218
v 0.04238 -0.01600 0.02411
v 0.04860 -0.01600 0.00391
v 0.04839 -0.01600 -0.00598
v -0.09120 -0.00800 0.06066
v -0.09120 -0.01576 0.06066
v 0.00356 -0.01555 0.04914
v -0.09101 -0.01568 0.06071
v -0.08885 -0.01413 0.06200
v -0.08815 -0.01322 0.06283
v 0.00129 -0.01222 0.05278
v 0.00200 -0.01408 0.05081
v 0.00217 -0.01432 0.05055
v -0.08948 -0.01474 0.06147
v -0.08609 -0.00896 0.06687
v 0.00055 -0.00896 0.05616
v 0.00136 -0.00950 0.05551
v -0.08751 -0.01189 0.06409
v -0.08733 -0.01122 0.06474
v 0.00139 -0.01008 0.05492
v -0.08722 -0.01008 0.06588
v 0.00142 -0.00971 0.05530
v 0.00079 -0.00899 0.05610
v 0.00091 -0.00903 0.05604
v 0.00126 -0.00931 0.05572
v 0.00109 -0.00914 0.05591
v -0.08710 -0.00959 0.06636
v -0.08688 -0.00930 0.06663
v -0.08680 -0.00923 0.06669
v -0.08643 -0.00902 0.06686
v 0.01055 -0.01377 0.04989
v 0.00897 -0.01521 0.04873
v 0.00810 -0.01569 0.04840
v 0.01158 -0.01204 0.05143
v 0.01202 -0.01013 0.05329
v -0.09699 -0.01444 0.06270
v -0.09556 -0.01561 0.06134
v -0.09454 -0.01600 0.06082
v -0.09351 -0.01600 0.06054
v -0.09784 -0.01274 0.06451
v -0.09796 -0.01221 0.06506
v -0.09785 -0.01008 0.06719
v -0.09870 -0.00896 0.06843
v -0.09845 -0.00899 0.06837
v -0.09833 -0.00903 0.06831
v -0.09815 -0.00914 0.06818
v -0.09799 -0.00931 0.06799
v -0.09788 -0.00950 0.06779
v -0.09783 -0.00971 0.06757
v -0.13548 -0.00896 0.07298
v -0.18534 -0.00896 0.07915
v -0.13345 -0.00896 0.07273
v -0.13288 -0.01600 0.06556
v -0.13188 -0.01600 0.05297
v -0.12982 -0.01600 0.05035
v -0.13091 -0.01600 0.05099
v -0.12856 -0.01600 0.05022
v -0.13165 -0.01600 0.05202
v -0.12761 -0.01600 0.05049
v -0.10336 -0.01600 0.06191
v -0.18646 -0.01008 0.07815
v -0.18634 -0.00959 0.07863
v -0.18568 -0.00902 0.07913
v -0.18605 -0.00923 0.07896
v -0.18613 -0.00930 0.07890
v -0.18779 -0.01378 0.07459
v -0.18810 -0.01414 0.07427
v -0.19632 -0.01432 0.07510
v -0.19493 -0.01555 0.07369
v -0.19379 -0.01600 0.07309
v -0.19024 -0.01567 0.07299
v -0.19107 -0.01596 0.07280
v -0.19107 -0.00800 0.07280
v -0.19307 -0.01600 0.07288
v -0.19307 -0.00800 0.07288
v -0.19275 -0.00800 0.07281
v -0.18931 -0.01517 0.07338
v -0.18653 -0.01096 0.07728
v -0.19709 -0.01008 0.07947
v -0.19720 -0.01222 0.07733
v -0.19649 -0.01408 0.07536
v -0.20787 -0.01600 0.07484
v -0.19707 -0.00971 0.07984
v -0.21658 -0.00981 0.08215
v -0.21208 -0.01262 0.07877
v -0.19794 -0.00896 0.08071
v -0.19769 -0.00899 0.08064
v -0.19758 -0.00903 0.08059
v -0.21739 -0.00938 0.08269
v -0.21821 -0.00896 0.08321
v -0.21817 -0.00896 0.08321
v -0.19740 -0.00914 0.08046
v -0.19723 -0.00931 0.08027
v -0.19713 -0.00950 0.08006
v -0.21813 -0.00896 0.08320
v -0.21901 -0.01106 0.08156
v -0.21886 -0.01120 0.08142
v -0.21891 -0.00933 0.08296
v -0.21906 -0.00953 0.08281
v -0.21855 -0.00905 0.08317
v -0.21910 -0.01094 0.08167
v -0.21919 -0.00983 0.08257
v -0.21925 -0.01034 0.08217
v -0.21782 -0.00965 0.08249
v -0.20864 -0.01600 0.07495
v -0.21321 -0.01600 0.07624
v -0.21507 -0.01419 0.07815
v -0.21683 -0.01270 0.07976
v -0.21279 -0.01600 0.07578
v -0.21637 -0.01120 0.01365
v -0.21282 -0.01419 0.01719
v -0.20605 -0.01600 0.06570
v -0.20231 -0.01600 0.05416
v -0.20186 -0.01600 0.04204
v -0.20474 -0.01600 0.03026
v -0.21073 -0.01600 0.01972
v -0.21111 -0.01600 0.01923
v -0.21554 -0.00896 0.01191
v -0.21558 -0.00896 0.01191
v -0.21594 -0.00905 0.01193
v -0.21632 -0.00934 0.01211
v -0.21660 -0.00983 0.01247
v -0.21666 -0.01000 0.01261
v -0.21670 -0.01040 0.01292
v -0.21662 -0.01086 0.01330
v -0.21054 -0.01207 0.01608
v -0.20982 -0.01600 0.01979
v -0.20589 -0.01600 0.02102
v -0.17422 -0.01600 0.07067
v -0.13841 -0.01600 0.05147
v -0.13410 -0.01600 0.05329
v -0.13479 -0.01600 0.05207
v -0.13597 -0.01600 0.05129
v -0.13737 -0.01600 0.05113
v -0.13400 -0.01600 0.05434
v -0.13491 -0.01600 0.06581
v -0.12949 -0.01600 0.04739
v -0.09964 -0.01600 0.06145
v -0.12991 -0.01600 0.04716
v -0.13108 -0.01600 0.04557
v -0.13042 -0.01600 0.04671
v 0.04434 -0.01550 0.02146
v 0.01291 -0.00902 0.05423
v 0.01326 -0.00896 0.05420
v 0.01255 -0.00920 0.05412
v 0.01263 -0.00954 0.05375
v 0.01203 -0.01006 0.05336
v 0.01216 -0.00965 0.05375
v 0.01242 -0.00932 0.05403
v 0.04461 -0.01467 0.02278
v 0.04823 -0.00954 0.02687
v 0.04847 -0.00948 0.02656
v 0.04829 -0.00974 0.02635
v 0.04862 -0.00903 0.02722
v 0.04863 -0.00911 0.02705
v 0.04856 -0.00932 0.02674
v 0.04796 -0.01013 0.02616
v 0.04614 -0.01223 0.02509
v 0.04486 -0.01417 0.02339
v 0.02393 -0.00896 0.05041
v 0.03362 -0.00896 0.04454
v 0.04192 -0.00896 0.03682
v 0.04850 -0.00896 0.02760
v 0.04857 -0.00897 0.02743
v 0.04668 -0.01521 0.01660
v 0.04848 -0.01377 0.01580
v 0.05033 -0.01204 0.01569
v 0.05216 -0.01013 0.01624
v 0.05341 -0.00902 0.01593
v 0.05357 -0.00896 0.01562
v 0.05314 -0.00920 0.01619
v 0.05286 -0.00954 0.01593
v 0.05222 -0.01006 0.01626
v 0.05263 -0.00965 0.01634
v 0.05300 -0.00932 0.01626
v 0.04739 -0.00954 -0.02833
v 0.04724 -0.00948 -0.02869
v 0.04697 -0.00974 -0.02864
v 0.04788 -0.00903 -0.02850
v 0.04774 -0.00911 -0.02859
v 0.04744 -0.00932 -0.02868
v 0.05562 -0.00896 0.00448
v 0.05538 -0.00896 -0.00685
v 0.05285 -0.00896 -0.01789
v 0.04815 -0.00896 -0.02820
v 0.04804 -0.00897 -0.02835
v -0.13243 -0.01600 0.03453
v -0.13296 -0.01600 0.04127
v -0.13213 -0.01231 0.03082
v -0.13320 -0.01600 0.04222
v -0.13393 -0.01600 0.04325
v -0.13503 -0.01600 0.04389
v -0.13629 -0.01600 0.04402
v -0.24416 -0.02950 0.02881
v -0.24422 -0.02950 0.02955
v -0.24226 -0.02950 0.02874
v -0.24138 -0.02950 0.03003
v -0.22982 -0.02950 0.05277
v -0.22749 -0.02950 0.05213
v -0.22899 -0.02950 0.05001
v -0.22683 -0.02950 0.04918
v -0.22864 -0.02950 0.04715
v -0.22664 -0.02950 0.04616
v -0.22877 -0.02950 0.04428
v -0.22694 -0.02950 0.04315
v -0.22939 -0.02950 0.04146
v -0.22770 -0.02950 0.04022
v -0.23047 -0.02950 0.03879
v -0.22893 -0.02950 0.03745
v -0.23199 -0.02950 0.03635
v -0.23058 -0.02950 0.03492
v -0.23390 -0.02950 0.03419
v -0.23261 -0.02950 0.03267
v -0.23615 -0.02950 0.03238
v -0.23497 -0.02950 0.03078
v -0.23866 -0.02950 0.03099
v -0.23760 -0.02950 0.02928
v -0.24044 -0.02950 0.02823
v -0.25011 -0.02950 0.03009
v -0.25063 -0.02950 0.02817
v -0.25281 -0.02950 0.03108
v -0.25347 -0.02950 0.02919
v -0.25531 -0.02950 0.03251
v -0.25612 -0.02950 0.03066
v -0.25753 -0.02950 0.03434
v -0.25851 -0.02950 0.03252
v -0.25941 -0.02950 0.03652
v -0.26056 -0.02950 0.03474
v -0.26090 -0.02950 0.03899
v -0.26224 -0.02950 0.03726
v -0.26195 -0.02950 0.04167
v -0.26350 -0.02950 0.04002
v -0.26253 -0.02950 0.04449
v -0.26430 -0.02950 0.04293
v -0.26262 -0.02950 0.04737
v -0.26463 -0.02950 0.04594
v -0.26448 -0.02950 0.04896
v -0.26223 -0.02950 0.05023
v -0.26385 -0.02950 0.05192
v -0.26137 -0.02950 0.05297
v -0.26275 -0.02950 0.05475
v -0.26005 -0.02950 0.05554
v -0.26123 -0.02950 0.05736
v -0.25832 -0.02950 0.05784
v -0.25931 -0.02950 0.05970
v -0.25622 -0.02950 0.05982
v -0.25704 -0.02950 0.06170
v -0.25383 -0.02950 0.06141
v -0.25448 -0.02950 0.06332
v -0.25119 -0.02950 0.06258
v -0.25170 -0.02950 0.06451
v -0.24840 -0.02950 0.06328
v -0.24876 -0.02950 0.06524
v -0.24553 -0.02950 0.06351
v -0.24575 -0.02950 0.06550
v -0.24266 -0.02950 0.06325
v -0.24273 -0.02950 0.06528
v -0.23988 -0.02950 0.06250
v -0.23978 -0.02950 0.06458
v -0.23726 -0.02950 0.06130
v -0.23699 -0.02950 0.06342
v -0.23488 -0.02950 0.05968
v -0.23441 -0.02950 0.06183
v -0.23281 -0.02950 0.05767
v -0.23212 -0.02950 0.05985
v -0.23111 -0.02950 0.05535
v -0.23017 -0.02950 0.05754
v -0.22862 -0.02950 0.05494
v -0.24422 -0.03014 0.02955
v -0.24416 -0.03014 0.02881
v -0.24138 -0.03014 0.03003
v -0.24226 -0.03014 0.02874
v -0.24044 -0.03014 0.02823
v -0.23615 -0.03014 0.03238
v -0.23866 -0.03014 0.03099
v -0.23760 -0.03014 0.02928
v -0.23497 -0.03014 0.03078
v -0.23390 -0.03014 0.03419
v -0.23261 -0.03014 0.03267
v -0.23199 -0.03014 0.03635
v -0.23058 -0.03014 0.03492
v -0.23047 -0.03014 0.03879
v -0.22893 -0.03014 0.03745
v -0.22939 -0.03014 0.04146
v -0.22770 -0.03014 0.04022
v -0.22877 -0.03014 0.04428
v -0.22694 -0.03014 0.04315
v -0.22864 -0.03014 0.04715
v -0.22664 -0.03014 0.04616
v -0.22899 -0.03014 0.05001
v -0.22683 -0.03014 0.04918
v -0.22982 -0.03014 0.05277
v -0.25063 -0.03014 0.02817
v -0.25011 -0.03014 0.03009
v -0.25347 -0.03014 0.02919
v -0.25281 -0.03014 0.03108
v -0.25612 -0.03014 0.03066
v -0.25531 -0.03014 0.03251
v -0.25851 -0.03014 0.03252
v -0.25753 -0.03014 0.03434
v -0.26056 -0.03014 0.03474
v -0.25941 -0.03014 0.03652
v -0.26224 -0.03014 0.03726
v -0.26090 -0.03014 0.03899
v -0.26350 -0.03014 0.04002
v -0.26195 -0.03014 0.04167
v -0.26430 -0.03014 0.04293
v -0.26253 -0.03014 0.04449
v -0.26463 -0.03014 0.04594
v -0.26262 -0.03014 0.04737
v -0.22749 -0.03014 0.05213
v -0.22862 -0.03014 0.05494
v -0.23111 -0.03014 0.05535
v -0.23017 -0.03014 0.05754
v -0.23281 -0.03014 0.05767
v -0.23212 -0.03014 0.05985
v -0.23488 -0.03014 0.05968
v -0.23441 -0.03014 0.06183
v -0.23726 -0.03014 0.06130
v -0.23699 -0.03014 0.06342
v -0.23988 -0.03014 0.06250
v -0.23978 -0.03014 0.06458
v -0.24266 -0.03014 0.06325
v -0.24273 -0.03014 0.06528
v -0.24553 -0.03014 0.06351
v -0.24575 -0.03014 0.06550
v -0.24840 -0.03014 0.06328
v -0.24876 -0.03014 0.06524
v -0.25119 -0.03014 0.06258
v -0.25170 -0.03014 0.06451
v -0.25383 -0.03014 0.06141
v -0.25448 -0.03014 0.06332
v -0.25622 -0.03014 0.05982
v -0.25704 -0.03014 0.06170
v -0.25832 -0.03014 0.05784
v -0.25931 -0.03014 0.05970
v -0.26005 -0.03014 0.05554
v -0.26123 -0.03014 0.05736
v -0.26137 -0.03014 0.05297
v -0.26275 -0.03014 0.05475
v -0.26223 -0.03014 0.05023
v -0.26385 -0.03014 0.05192
v -0.26448 -0.03014 0.04896
v -0.22666 -0.03600 0.06353
v -0.22517 -0.03400 0.06487
v -0.22914 -0.03400 0.06851
v -0.23034 -0.03600 0.06691
v -0.23375 -0.03400 0.07130
v -0.23462 -0.03600 0.06950
v -0.23882 -0.03400 0.07314
v -0.23932 -0.03600 0.07120
v -0.24415 -0.03400 0.07396
v -0.24426 -0.03600 0.07196
v -0.24954 -0.03400 0.07372
v -0.24925 -0.03600 0.07174
v -0.25477 -0.03400 0.07244
v -0.25411 -0.03600 0.07055
v -0.25966 -0.03400 0.07016
v -0.25864 -0.03600 0.06844
v -0.26400 -0.03400 0.06697
v -0.26267 -0.03600 0.06548
v -0.26764 -0.03400 0.06299
v -0.26604 -0.03600 0.06179
v -0.27044 -0.03400 0.05838
v -0.26863 -0.03600 0.05752
v -0.27228 -0.03400 0.05332
v -0.27034 -0.03600 0.05282
v -0.27310 -0.03400 0.04799
v -0.27110 -0.03600 0.04788
v -0.27286 -0.03400 0.04260
v -0.27088 -0.03600 0.04289
v -0.27158 -0.03400 0.03737
v -0.26969 -0.03600 0.03803
v -0.26930 -0.03400 0.03248
v -0.26757 -0.03600 0.03350
v -0.26611 -0.03400 0.02814
v -0.26462 -0.03600 0.02947
v -0.26462 -0.04310 0.02947
v -0.26757 -0.04310 0.03350
v -0.26969 -0.04310 0.03803
v -0.27088 -0.04310 0.04289
v -0.27110 -0.04310 0.04788
v -0.27034 -0.04310 0.05282
v -0.26863 -0.04310 0.05752
v -0.26604 -0.04310 0.06179
v -0.26267 -0.04310 0.06548
v -0.25864 -0.04310 0.06844
v -0.25411 -0.04310 0.07055
v -0.24925 -0.04310 0.07174
v -0.24426 -0.04310 0.07196
v -0.23932 -0.04310 0.07120
v -0.23462 -0.04310 0.06950
v -0.23034 -0.04310 0.06691
v -0.22666 -0.04310 0.06353
v -0.22370 -0.04310 0.05950
v -0.22370 -0.03600 0.05950
v -0.22158 -0.04310 0.05497
v -0.22158 -0.03600 0.05497
v -0.22039 -0.04310 0.05012
v -0.22039 -0.03600 0.05012
v -0.22017 -0.04310 0.04512
v -0.22017 -0.03600 0.04512
v -0.22093 -0.04310 0.04018
v -0.22093 -0.03600 0.04018
v -0.22264 -0.04310 0.03548
v -0.22264 -0.03600 0.03548
v -0.22523 -0.04310 0.03121
v -0.22523 -0.03600 0.03121
v -0.22861 -0.04310 0.02752
v -0.22861 -0.03600 0.02752
v -0.23264 -0.04310 0.02456
v -0.23264 -0.03600 0.02456
v -0.23717 -0.04310 0.02245
v -0.23717 -0.03600 0.02245
v -0.24202 -0.04310 0.02126
v -0.24202 -0.03600 0.02126
v -0.24702 -0.04310 0.02104
v -0.24702 -0.03600 0.02104
v -0.25196 -0.04310 0.02180
v -0.25196 -0.03600 0.02180
v -0.25666 -0.04310 0.02350
v -0.25666 -0.03600 0.02350
v -0.26093 -0.04310 0.02610
v -0.26093 -0.03600 0.02610
v -0.26424 -0.04360 0.02980
v -0.26063 -0.04360 0.02650
v -0.25644 -0.04360 0.02395
v -0.25183 -0.04360 0.02228
v -0.24699 -0.04360 0.02154
v -0.24209 -0.04360 0.02175
v -0.23733 -0.04360 0.02292
v -0.23289 -0.04360 0.02499
v -0.22894 -0.04360 0.02789
v -0.22563 -0.04360 0.03151
v -0.22309 -0.04360 0.03570
v -0.22142 -0.04360 0.04030
v -0.22067 -0.04360 0.04515
v -0.22089 -0.04360 0.05004
v -0.22206 -0.04360 0.05480
v -0.22413 -0.04360 0.05925
v -0.22703 -0.04360 0.06320
v -0.23064 -0.04360 0.06650
v -0.23483 -0.04360 0.06905
v -0.23944 -0.04360 0.07072
v -0.24428 -0.04360 0.07146
v -0.24918 -0.04360 0.07125
v -0.25394 -0.04360 0.07008
v -0.25838 -0.04360 0.06801
v -0.26233 -0.04360 0.06511
v -0.26564 -0.04360 0.06149
v -0.26818 -0.04360 0.05730
v -0.26986 -0.04360 0.05270
v -0.27060 -0.04360 0.04785
v -0.27038 -0.04360 0.04296
v -0.26922 -0.04360 0.03820
v -0.26715 -0.04360 0.03376
v -0.23256 -0.04360 0.02844
v -0.22909 -0.04360 0.03155
v -0.22634 -0.04360 0.03532
v -0.22444 -0.04360 0.03957
v -0.22346 -0.04360 0.04413
v -0.22346 -0.04360 0.04879
v -0.22442 -0.04360 0.05335
v -0.22631 -0.04360 0.05762
v -0.22904 -0.04360 0.06139
v -0.23250 -0.04360 0.06452
v -0.23653 -0.04360 0.06686
v -0.24096 -0.04360 0.06831
v -0.24560 -0.04360 0.06880
v -0.25024 -0.04360 0.06832
v -0.25467 -0.04360 0.06689
v -0.25871 -0.04360 0.06456
v -0.26218 -0.04360 0.06145
v -0.26493 -0.04360 0.05768
v -0.26683 -0.04360 0.05343
v -0.26781 -0.04360 0.04887
v -0.26782 -0.04360 0.04421
v -0.26686 -0.04360 0.03965
v -0.26497 -0.04360 0.03538
v -0.26224 -0.04360 0.03161
v -0.25878 -0.04360 0.02848
v -0.25474 -0.04360 0.02614
v -0.25031 -0.04360 0.02470
v -0.24568 -0.04360 0.02420
v -0.24104 -0.04360 0.02468
v -0.23660 -0.04360 0.02611
v -0.26201 -0.04330 0.03181
v -0.25860 -0.04330 0.02872
v -0.25462 -0.04330 0.02642
v -0.25025 -0.04330 0.02499
v -0.24568 -0.04330 0.02450
v -0.24110 -0.04330 0.02497
v -0.23672 -0.04330 0.02639
v -0.23274 -0.04330 0.02868
v -0.22931 -0.04330 0.03175
v -0.22660 -0.04330 0.03547
v -0.22473 -0.04330 0.03967
v -0.22376 -0.04330 0.04416
v -0.22375 -0.04330 0.04876
v -0.22470 -0.04330 0.05326
v -0.22657 -0.04330 0.05747
v -0.22926 -0.04330 0.06119
v -0.22926 -0.04190 0.06119
v -0.22657 -0.04190 0.05747
v -0.22470 -0.04190 0.05326
v -0.22375 -0.04190 0.04876
v -0.22376 -0.04190 0.04416
v -0.22473 -0.04190 0.03967
v -0.22660 -0.04190 0.03547
v -0.22931 -0.04190 0.03175
v -0.23274 -0.04190 0.02868
v -0.23672 -0.04190 0.02639
v -0.24110 -0.04190 0.02497
v -0.24568 -0.04190 0.02450
v -0.25025 -0.04190 0.02499
v -0.25462 -0.04190 0.02642
v -0.25860 -0.04190 0.02872
v -0.26201 -0.04190 0.03181
v -0.26471 -0.04330 0.03553
v -0.26471 -0.04190 0.03553
v -0.26657 -0.04330 0.03974
v -0.26657 -0.04190 0.03974
v -0.26752 -0.04330 0.04424
v -0.26752 -0.04190 0.04424
v -0.26751 -0.04330 0.04884
v -0.26751 -0.04190 0.04884
v -0.26655 -0.04330 0.05334
v -0.26655 -0.04190 0.05334
v -0.26467 -0.04330 0.05753
v -0.26467 -0.04190 0.05753
v -0.26196 -0.04330 0.06125
v -0.26196 -0.04190 0.06125
v -0.25854 -0.04330 0.06432
v -0.25854 -0.04190 0.06432
v -0.25455 -0.04330 0.06661
v -0.25455 -0.04190 0.06661
v -0.25017 -0.04330 0.06803
v -0.25017 -0.04190 0.06803
v -0.24560 -0.04330 0.06850
v -0.24560 -0.04190 0.06850
v -0.24103 -0.04330 0.06801
v -0.24103 -0.04190 0.06801
v -0.23665 -0.04330 0.06658
v -0.23665 -0.04190 0.06658
v -0.23267 -0.04330 0.06428
v -0.23267 -0.04190 0.06428
v -0.26224 -0.04160 0.03161
v -0.26497 -0.04160 0.03538
v -0.26686 -0.04160 0.03965
v -0.26782 -0.04160 0.04421
v -0.26781 -0.04160 0.04887
v -0.26683 -0.04160 0.05343
v -0.26493 -0.04160 0.05768
v -0.26218 -0.04160 0.06145
v -0.25871 -0.04160 0.06456
v -0.25467 -0.04160 0.06689
v -0.25024 -0.04160 0.06832
v -0.24560 -0.04160 0.06880
v -0.24096 -0.04160 0.06831
v -0.23653 -0.04160 0.06686
v -0.23250 -0.04160 0.06452
v -0.22904 -0.04160 0.06139
v -0.22631 -0.04160 0.05762
v -0.22442 -0.04160 0.05335
v -0.22346 -0.04160 0.04879
v -0.22346 -0.04160 0.04413
v -0.22444 -0.04160 0.03957
v -0.22634 -0.04160 0.03532
v -0.22909 -0.04160 0.03155
v -0.23256 -0.04160 0.02844
v -0.23660 -0.04160 0.02611
v -0.24104 -0.04160 0.02468
v -0.24568 -0.04160 0.02420
v -0.25031 -0.04160 0.02470
v -0.25474 -0.04160 0.02614
v -0.25878 -0.04160 0.02848
v -0.24071 -0.04160 0.06948
v -0.23604 -0.04160 0.06795
v -0.23179 -0.04160 0.06549
v -0.22815 -0.04160 0.06219
v -0.22526 -0.04160 0.05821
v -0.22327 -0.04160 0.05372
v -0.22226 -0.04160 0.04892
v -0.22227 -0.04160 0.04400
v -0.22330 -0.04160 0.03920
v -0.22531 -0.04160 0.03471
v -0.22820 -0.04160 0.03075
v -0.23186 -0.04160 0.02746
v -0.23612 -0.04160 0.02502
v -0.24079 -0.04160 0.02351
v -0.24568 -0.04160 0.02300
v -0.25056 -0.04160 0.02352
v -0.25523 -0.04160 0.02505
v -0.25948 -0.04160 0.02751
v -0.26313 -0.04160 0.03081
v -0.26601 -0.04160 0.03479
v -0.26800 -0.04160 0.03928
v -0.26901 -0.04160 0.04408
v -0.26900 -0.04160 0.04900
v -0.26798 -0.04160 0.05380
v -0.26597 -0.04160 0.05829
v -0.26307 -0.04160 0.06226
v -0.25942 -0.04160 0.06554
v -0.25516 -0.04160 0.06799
v -0.25048 -0.04160 0.06950
v -0.24560 -0.04160 0.07000
v -0.26313 -0.02850 0.03081
v -0.26601 -0.02850 0.03479
v -0.26800 -0.02850 0.03928
v -0.26901 -0.02850 0.04408
v -0.26900 -0.02850 0.04900
v -0.26798 -0.02850 0.05380
v -0.26597 -0.02850 0.05829
v -0.26307 -0.02850 0.06226
v -0.25942 -0.02850 0.06554
v -0.25516 -0.02850 0.06799
v -0.25048 -0.02850 0.06950
v -0.24560 -0.02850 0.07000
v -0.24071 -0.02850 0.06948
v -0.23604 -0.02850 0.06795
v -0.23179 -0.02850 0.06549
v -0.22815 -0.02850 0.06219
v -0.22526 -0.02850 0.05821
v -0.22327 -0.02850 0.05372
v -0.22226 -0.02850 0.04892
v -0.22227 -0.02850 0.04400
v -0.22330 -0.02850 0.03920
v -0.22531 -0.02850 0.03471
v -0.22820 -0.02850 0.03075
v -0.23186 -0.02850 0.02746
v -0.23612 -0.02850 0.02502
v -0.24079 -0.02850 0.02351
v -0.24568 -0.02850 0.02300
v -0.25056 -0.02850 0.02352
v -0.25523 -0.02850 0.02505
v -0.25948 -0.02850 0.02751
v -0.22777 -0.02800 0.06253
v -0.22483 -0.02800 0.05846
v -0.22280 -0.02800 0.05388
v -0.22176 -0.02800 0.04897
v -0.22177 -0.02800 0.04395
v -0.22282 -0.02800 0.03904
v -0.22487 -0.02800 0.03446
v -0.22783 -0.02800 0.03041
v -0.23156 -0.02800 0.02706
v -0.23591 -0.02800 0.02456
v -0.24069 -0.02800 0.02302
v -0.24568 -0.02800 0.02250
v -0.25067 -0.02800 0.02303
v -0.25544 -0.02800 0.02459
v -0.25978 -0.02800 0.02711
v -0.26350 -0.02800 0.03047
v -0.26644 -0.02800 0.03454
v -0.26848 -0.02800 0.03912
v -0.26951 -0.02800 0.04403
v -0.26950 -0.02800 0.04905
v -0.26845 -0.02800 0.05396
v -0.26640 -0.02800 0.05854
v -0.26344 -0.02800 0.06259
v -0.25971 -0.02800 0.06594
v -0.25536 -0.02800 0.06844
v -0.25059 -0.02800 0.06998
v -0.24559 -0.02800 0.07050
v -0.24061 -0.02800 0.06997
v -0.23584 -0.02800 0.06841
v -0.23150 -0.02800 0.06589
v -0.24909 -0.02800 0.07761
v -0.25811 -0.02800 0.06952
v -0.25967 -0.02800 0.07126
v -0.24035 -0.02800 0.07504
v -0.24391 -0.02800 0.07184
v -0.26062 -0.02800 0.02143
v -0.26439 -0.02800 0.01804
v -0.27017 -0.02800 0.02449
v -0.22840 -0.02800 0.01782
v -0.23294 -0.02800 0.01376
v -0.23729 -0.02800 0.01860
v -0.21337 -0.02800 0.03247
v -0.21300 -0.02800 0.03174
v -0.21916 -0.02800 0.02612
v -0.26796 -0.02800 0.03494
v -0.25697 -0.02800 0.02470
v -0.23915 -0.02800 0.02069
v -0.23462 -0.02800 0.02475
v -0.28221 -0.02800 0.03030
v -0.28429 -0.02800 0.03621
v -0.28200 -0.02800 0.03767
v -0.28543 -0.02800 0.04239
v -0.28024 -0.02800 0.06656
v -0.27795 -0.02800 0.06392
v -0.28295 -0.02800 0.06090
v -0.22943 -0.02800 0.00993
v -0.23535 -0.02800 0.00785
v -0.23103 -0.02800 0.01163
v -0.24215 -0.02800 0.01002
v -0.24177 -0.02800 0.00928
v -0.24153 -0.02800 0.00671
v -0.27467 -0.02800 0.02045
v -0.27087 -0.02800 0.01546
v -0.26570 -0.02800 0.01189
v -0.26004 -0.02800 0.00918
v -0.25292 -0.02800 0.00924
v -0.25398 -0.02800 0.00738
v -0.25375 -0.02800 0.00928
v -0.25402 -0.02800 0.00739
v -0.25444 -0.02800 0.00973
v -0.25218 -0.02800 0.00961
v -0.25173 -0.02800 0.01031
v -0.25068 -0.02800 0.01035
v -0.25169 -0.02800 0.01113
v -0.25206 -0.02800 0.01187
v -0.25275 -0.02800 0.01232
v -0.25358 -0.02800 0.01237
v -0.25432 -0.02800 0.01199
v -0.25477 -0.02800 0.01130
v -0.25482 -0.02800 0.01047
v -0.24780 -0.02800 0.00656
v -0.25035 -0.02800 0.00678
v -0.24881 -0.02800 0.00827
v -0.24616 -0.02800 0.01064
v -0.24108 -0.02800 0.00883
v -0.24025 -0.02800 0.00879
v -0.23951 -0.02800 0.00916
v -0.23906 -0.02800 0.00985
v -0.23902 -0.02800 0.01068
v -0.23939 -0.02800 0.01142
v -0.24009 -0.02800 0.01187
v -0.24091 -0.02800 0.01192
v -0.24165 -0.02800 0.01154
v -0.24516 -0.02800 0.01154
v -0.24210 -0.02800 0.01085
v -0.22746 -0.02800 0.01307
v -0.22391 -0.02800 0.01292
v -0.22819 -0.02800 0.01270
v -0.21726 -0.02800 0.02399
v -0.22650 -0.02800 0.01570
v -0.21892 -0.02800 0.01673
v -0.20832 -0.02800 0.03210
v -0.21103 -0.02800 0.02644
v -0.21460 -0.02800 0.02127
v -0.21230 -0.02800 0.03128
v -0.21147 -0.02800 0.03124
v -0.21074 -0.02800 0.03161
v -0.21028 -0.02800 0.03231
v -0.20830 -0.02800 0.03215
v -0.20729 -0.02800 0.04551
v -0.20653 -0.02800 0.03812
v -0.20666 -0.02800 0.03752
v -0.20916 -0.02800 0.04760
v -0.20585 -0.02800 0.05061
v -0.20570 -0.02800 0.04434
v -0.21198 -0.02800 0.05895
v -0.21244 -0.02800 0.05825
v -0.21558 -0.02800 0.06184
v -0.21910 -0.02800 0.05867
v -0.22489 -0.02800 0.06512
v -0.21248 -0.02800 0.05743
v -0.21211 -0.02800 0.05669
v -0.21141 -0.02800 0.05623
v -0.21059 -0.02800 0.05619
v -0.20985 -0.02800 0.05656
v -0.20698 -0.02800 0.05679
v -0.21125 -0.02800 0.05932
v -0.20907 -0.02800 0.06271
v -0.21042 -0.02800 0.05928
v -0.20939 -0.02800 0.05726
v -0.20935 -0.02800 0.05809
v -0.20972 -0.02800 0.05882
v -0.21736 -0.02800 0.06743
v -0.21653 -0.02800 0.06739
v -0.21636 -0.02800 0.07047
v -0.21719 -0.02800 0.07052
v -0.21586 -0.02800 0.07321
v -0.21579 -0.02800 0.06776
v -0.21205 -0.02800 0.06823
v -0.21793 -0.02800 0.07014
v -0.21838 -0.02800 0.06945
v -0.22136 -0.02800 0.06828
v -0.21842 -0.02800 0.06862
v -0.21805 -0.02800 0.06788
v -0.21534 -0.02800 0.06845
v -0.21529 -0.02800 0.06928
v -0.21567 -0.02800 0.07002
v -0.22557 -0.02800 0.07297
v -0.22041 -0.02800 0.07754
v -0.22746 -0.02800 0.07637
v -0.22677 -0.02800 0.07592
v -0.22594 -0.02800 0.07588
v -0.22520 -0.02800 0.07625
v -0.22475 -0.02800 0.07694
v -0.22734 -0.02800 0.07863
v -0.22779 -0.02800 0.07794
v -0.23319 -0.02800 0.08147
v -0.22784 -0.02800 0.07711
v -0.22660 -0.02800 0.07901
v -0.23124 -0.02800 0.08382
v -0.22578 -0.02800 0.07896
v -0.22558 -0.02800 0.08111
v -0.22508 -0.02800 0.07851
v -0.22471 -0.02800 0.07777
v -0.24975 -0.02800 0.08629
v -0.24347 -0.02800 0.08644
v -0.24345 -0.02800 0.08581
v -0.24284 -0.02800 0.08640
v -0.23725 -0.02800 0.08561
v -0.25119 -0.02800 0.08113
v -0.25036 -0.02800 0.08108
v -0.25065 -0.02800 0.07935
v -0.24962 -0.02800 0.08146
v -0.24917 -0.02800 0.08215
v -0.24709 -0.02800 0.08255
v -0.24913 -0.02800 0.08298
v -0.24950 -0.02800 0.08372
v -0.25036 -0.02800 0.08622
v -0.25515 -0.02800 0.08437
v -0.25226 -0.02800 0.08232
v -0.25188 -0.02800 0.08158
v -0.25019 -0.02800 0.08417
v -0.25102 -0.02800 0.08421
v -0.25388 -0.02800 0.08564
v -0.25176 -0.02800 0.08384
v -0.25221 -0.02800 0.08315
v -0.26184 -0.02800 0.08307
v -0.25592 -0.02800 0.08516
v -0.25587 -0.02800 0.08517
v -0.27394 -0.02800 0.06987
v -0.27324 -0.02800 0.06942
v -0.27341 -0.02800 0.06799
v -0.27242 -0.02800 0.06938
v -0.27168 -0.02800 0.06975
v -0.27122 -0.02800 0.07044
v -0.26417 -0.02800 0.07628
v -0.27118 -0.02800 0.07127
v -0.27155 -0.02800 0.07201
v -0.26736 -0.02800 0.08009
v -0.27225 -0.02800 0.07246
v -0.27235 -0.02800 0.07627
v -0.27307 -0.02800 0.07251
v -0.27668 -0.02800 0.07173
v -0.27431 -0.02800 0.07061
v -0.27427 -0.02800 0.07144
v -0.27381 -0.02800 0.07213
v -0.28475 -0.02800 0.05489
v -0.28104 -0.02800 0.05987
v -0.27914 -0.02800 0.05863
v -0.27840 -0.02800 0.05901
v -0.27345 -0.02800 0.05891
v -0.28066 -0.02800 0.05913
v -0.27997 -0.02800 0.05868
v -0.28132 -0.02800 0.05184
v -0.27795 -0.02800 0.05970
v -0.27790 -0.02800 0.06053
v -0.27828 -0.02800 0.06127
v -0.27897 -0.02800 0.06172
v -0.27980 -0.02800 0.06176
v -0.28054 -0.02800 0.06139
v -0.28099 -0.02800 0.06069
v -0.28555 -0.02800 0.04918
v -0.28497 -0.02800 0.04857
v -0.28558 -0.02800 0.04866
v -0.28340 -0.02800 0.04682
v -0.27823 -0.02800 0.04106
v -0.22274 -0.02800 0.05541
v -0.21280 -0.02800 0.04433
v -0.21636 -0.02800 0.04114
v -0.24703 -0.02800 0.01362
v -0.27458 -0.02800 0.04433
v -0.26735 -0.02800 0.06123
v -0.23009 -0.02800 0.01393
v -0.22971 -0.02800 0.01319
v -0.22902 -0.02800 0.01274
v -0.22700 -0.02800 0.01376
v -0.22696 -0.02800 0.01459
v -0.22733 -0.02800 0.01533
v -0.22803 -0.02800 0.01578
v -0.22885 -0.02800 0.01583
v -0.22959 -0.02800 0.01545
v -0.23004 -0.02800 0.01476
v -0.28178 -0.02800 0.04623
v -0.28105 -0.02800 0.04661
v -0.27558 -0.02800 0.04343
v -0.28059 -0.02800 0.04730
v -0.28055 -0.02800 0.04813
v -0.28076 -0.02800 0.04920
v -0.28092 -0.02800 0.04887
v -0.28232 -0.02800 0.05094
v -0.28162 -0.02800 0.04932
v -0.28244 -0.02800 0.04937
v -0.28318 -0.02800 0.04899
v -0.28364 -0.02800 0.04830
v -0.28368 -0.02800 0.04747
v -0.28330 -0.02800 0.04673
v -0.28261 -0.02800 0.04628
v -0.21131 -0.02800 0.03432
v -0.21449 -0.02800 0.03905
v -0.21061 -0.02800 0.03387
v -0.21015 -0.02800 0.03421
v -0.21024 -0.02800 0.03313
v -0.21333 -0.02800 0.03330
v -0.22351 -0.02800 0.03096
v -0.21287 -0.02800 0.03399
v -0.21213 -0.02800 0.03437
v -0.23275 -0.02800 0.02267
v -0.22538 -0.02800 0.03305
v -0.21093 -0.02800 0.04225
v -0.24803 -0.02800 0.01272
v -0.20673 -0.02800 0.03719
v -0.25797 -0.02800 0.02380
v -0.26640 -0.02800 0.02787
v -0.26375 -0.02800 0.03024
v -0.22909 -0.02800 0.06981
v -0.27061 -0.02800 0.03256
v -0.27438 -0.02800 0.02918
v -0.27392 -0.02800 0.02557
v -0.27475 -0.02800 0.02561
v -0.27409 -0.02800 0.02248
v -0.27335 -0.02800 0.02286
v -0.27285 -0.02800 0.02438
v -0.27322 -0.02800 0.02512
v -0.27888 -0.02800 0.02514
v -0.27548 -0.02800 0.02524
v -0.27594 -0.02800 0.02455
v -0.27289 -0.02800 0.02355
v -0.27598 -0.02800 0.02372
v -0.27561 -0.02800 0.02298
v -0.27491 -0.02800 0.02253
v -0.23671 -0.02800 0.07830
v -0.24189 -0.02800 0.08407
v -0.24553 -0.02800 0.08081
v -0.26891 -0.02800 0.06297
v -0.27188 -0.02800 0.05716
v -0.27975 -0.02800 0.05010
v -0.27922 -0.02800 0.02477
v -0.27541 -0.02800 0.01979
v -0.20604 -0.02850 0.03801
v -0.20520 -0.02850 0.04431
v -0.20535 -0.02850 0.05066
v -0.20650 -0.02850 0.05691
v -0.20861 -0.02850 0.06291
v -0.21163 -0.02850 0.06850
v -0.21549 -0.02850 0.07355
v -0.20785 -0.02850 0.03192
v -0.21060 -0.02850 0.02619
v -0.21421 -0.02850 0.02096
v -0.21859 -0.02850 0.01636
v -0.22364 -0.02850 0.01250
v -0.22923 -0.02850 0.00947
v -0.23522 -0.02850 0.00736
v -0.24147 -0.02850 0.00622
v -0.24783 -0.02850 0.00606
v -0.25413 -0.02850 0.00690
v -0.26022 -0.02850 0.00872
v -0.26595 -0.02850 0.01146
v -0.27118 -0.02850 0.01507
v -0.27578 -0.02850 0.01945
v -0.24980 -0.02850 0.08679
v -0.24345 -0.02850 0.08694
v -0.28608 -0.02850 0.04869
v -0.28592 -0.02850 0.04234
v -0.28478 -0.02850 0.03609
v -0.28266 -0.02850 0.03009
v -0.27964 -0.02850 0.02450
v -0.28524 -0.02850 0.05499
v -0.28342 -0.02850 0.06108
v -0.28068 -0.02850 0.06681
v -0.27707 -0.02850 0.07204
v -0.27268 -0.02850 0.07665
v -0.26764 -0.02850 0.08050
v -0.26204 -0.02850 0.08353
v -0.25605 -0.02850 0.08564
v -0.23715 -0.02850 0.08610
v -0.23106 -0.02850 0.08429
v -0.22533 -0.02850 0.08154
v -0.22009 -0.02850 0.07793
v -0.21549 -0.03050 0.07355
v -0.22009 -0.03050 0.07793
v -0.22533 -0.03050 0.08154
v -0.23106 -0.03050 0.08429
v -0.23715 -0.03050 0.08610
v -0.24345 -0.03050 0.08694
v -0.24980 -0.03050 0.08679
v -0.25605 -0.03050 0.08564
v -0.26204 -0.03050 0.08353
v -0.26764 -0.03050 0.08050
v -0.27268 -0.03050 0.07665
v -0.27707 -0.03050 0.07204
v -0.28068 -0.03050 0.06681
v -0.28342 -0.03050 0.06108
v -0.28524 -0.03050 0.05499
v -0.28608 -0.03050 0.04869
v -0.28592 -0.03050 0.04234
v -0.28478 -0.03050 0.03609
v -0.28266 -0.03050 0.03009
v -0.27964 -0.03050 0.02450
v -0.27578 -0.03050 0.01945
v -0.23124 -0.03100 0.08382
v -0.22558 -0.03100 0.08111
v -0.22041 -0.03100 0.07754
v -0.21586 -0.03100 0.07321
v -0.24347 -0.03100 0.08644
v -0.24322 -0.03100 0.08643
v -0.24207 -0.03100 0.08634
v -0.24141 -0.03100 0.08628
v -0.23725 -0.03100 0.08561
v -0.28475 -0.03100 0.05489
v -0.28295 -0.03100 0.06090
v -0.28024 -0.03100 0.06656
v -0.27668 -0.03100 0.07173
v -0.27235 -0.03100 0.07627
v -0.26736 -0.03100 0.08009
v -0.26184 -0.03100 0.08307
v -0.25592 -0.03100 0.08516
v -0.25388 -0.03100 0.08564
v -0.24975 -0.03100 0.08629
v -0.28543 -0.03100 0.04239
v -0.28563 -0.03100 0.04725
v -0.28559 -0.03100 0.04841
v -0.28558 -0.03100 0.04866
v -0.28429 -0.03100 0.03621
v -0.28221 -0.03100 0.03030
v -0.27922 -0.03100 0.02477
v -0.27541 -0.03100 0.01979
v -0.26400 -0.03100 0.06697
v -0.26852 -0.03100 0.06253
v -0.26764 -0.03100 0.06299
v -0.25966 -0.03100 0.07016
v -0.25928 -0.03100 0.07082
v -0.25477 -0.03100 0.07244
v -0.24954 -0.03100 0.07372
v -0.24415 -0.03100 0.07396
v -0.25026 -0.03100 0.07892
v -0.23882 -0.03100 0.07314
v -0.23375 -0.03100 0.07130
v -0.23905 -0.03100 0.07620
v -0.21841 -0.03100 0.05040
v -0.21818 -0.03100 0.04501
v -0.21519 -0.03100 0.03983
v -0.22084 -0.03100 0.03462
v -0.22363 -0.03100 0.03001
v -0.22234 -0.03100 0.02966
v -0.25085 -0.03100 0.07957
v -0.24540 -0.03100 0.08328
v -0.24598 -0.03100 0.08393
v -0.25515 -0.03100 0.08437
v -0.26417 -0.03100 0.07628
v -0.27795 -0.03100 0.06392
v -0.27087 -0.03100 0.01546
v -0.26439 -0.03100 0.01804
v -0.27017 -0.03100 0.02449
v -0.24780 -0.03100 0.00656
v -0.24153 -0.03100 0.00671
v -0.24749 -0.03100 0.00710
v -0.24424 -0.03100 0.01001
v -0.24009 -0.03100 0.01187
v -0.23939 -0.03100 0.01142
v -0.23612 -0.03100 0.01730
v -0.23535 -0.03100 0.00785
v -0.23103 -0.03100 0.01163
v -0.23294 -0.03100 0.01376
v -0.22943 -0.03100 0.00993
v -0.21103 -0.03100 0.02644
v -0.20832 -0.03100 0.03210
v -0.21726 -0.03100 0.02399
v -0.21793 -0.03100 0.07014
v -0.21719 -0.03100 0.07052
v -0.21636 -0.03100 0.07047
v -0.21567 -0.03100 0.07002
v -0.21205 -0.03100 0.06823
v -0.21529 -0.03100 0.06928
v -0.21534 -0.03100 0.06845
v -0.20907 -0.03100 0.06271
v -0.21579 -0.03100 0.06776
v -0.21558 -0.03100 0.06184
v -0.21842 -0.03100 0.06862
v -0.21838 -0.03100 0.06945
v -0.22136 -0.03100 0.06828
v -0.21653 -0.03100 0.06739
v -0.21736 -0.03100 0.06743
v -0.21805 -0.03100 0.06788
v -0.21248 -0.03100 0.05743
v -0.21244 -0.03100 0.05825
v -0.21198 -0.03100 0.05895
v -0.21125 -0.03100 0.05932
v -0.20698 -0.03100 0.05679
v -0.20939 -0.03100 0.05726
v -0.20585 -0.03100 0.05061
v -0.20985 -0.03100 0.05656
v -0.21042 -0.03100 0.05928
v -0.20972 -0.03100 0.05882
v -0.20935 -0.03100 0.05809
v -0.20564 -0.03100 0.04641
v -0.20568 -0.03100 0.04827
v -0.20669 -0.03100 0.04746
v -0.21059 -0.03100 0.05619
v -0.21141 -0.03100 0.05623
v -0.21211 -0.03100 0.05669
v -0.21780 -0.03100 0.05984
v -0.20653 -0.03100 0.03812
v -0.20570 -0.03100 0.04434
v -0.20846 -0.03100 0.04211
v -0.20568 -0.03100 0.04459
v -0.21033 -0.03100 0.04420
v -0.21024 -0.03100 0.03313
v -0.21028 -0.03100 0.03231
v -0.21074 -0.03100 0.03161
v -0.22391 -0.03100 0.01292
v -0.21892 -0.03100 0.01673
v -0.21460 -0.03100 0.02127
v -0.22696 -0.03100 0.01459
v -0.22700 -0.03100 0.01376
v -0.22746 -0.03100 0.01307
v -0.24025 -0.03100 0.00879
v -0.23951 -0.03100 0.00916
v -0.23902 -0.03100 0.01068
v -0.23906 -0.03100 0.00985
v -0.24215 -0.03100 0.01002
v -0.24177 -0.03100 0.00928
v -0.24108 -0.03100 0.00883
v -0.24210 -0.03100 0.01085
v -0.24165 -0.03100 0.01154
v -0.24091 -0.03100 0.01192
v -0.25432 -0.03100 0.01199
v -0.25358 -0.03100 0.01237
v -0.26046 -0.03100 0.02156
v -0.24936 -0.03100 0.00918
v -0.25172 -0.03100 0.00697
v -0.25173 -0.03100 0.01031
v -0.25477 -0.03100 0.01130
v -0.25444 -0.03100 0.00973
v -0.26004 -0.03100 0.00918
v -0.25375 -0.03100 0.00928
v -0.25402 -0.03100 0.00739
v -0.25292 -0.03100 0.00924
v -0.25218 -0.03100 0.00961
v -0.25275 -0.03100 0.01232
v -0.25206 -0.03100 0.01187
v -0.25169 -0.03100 0.01113
v -0.25482 -0.03100 0.01047
v -0.26570 -0.03100 0.01189
v -0.27888 -0.03100 0.02514
v -0.27467 -0.03100 0.02045
v -0.28200 -0.03100 0.03767
v -0.28261 -0.03100 0.04628
v -0.28330 -0.03100 0.04673
v -0.28501 -0.03100 0.04892
v -0.28176 -0.03100 0.05183
v -0.27980 -0.03100 0.06176
v -0.27897 -0.03100 0.06172
v -0.27828 -0.03100 0.06127
v -0.27364 -0.03100 0.05912
v -0.27790 -0.03100 0.06053
v -0.27795 -0.03100 0.05970
v -0.27840 -0.03100 0.05901
v -0.28054 -0.03100 0.06139
v -0.28099 -0.03100 0.06069
v -0.27914 -0.03100 0.05863
v -0.27997 -0.03100 0.05868
v -0.28066 -0.03100 0.05913
v -0.28104 -0.03100 0.05987
v -0.27242 -0.03100 0.06938
v -0.27324 -0.03100 0.06942
v -0.27341 -0.03100 0.06799
v -0.27394 -0.03100 0.06987
v -0.27431 -0.03100 0.07061
v -0.27118 -0.03100 0.07127
v -0.27122 -0.03100 0.07044
v -0.27168 -0.03100 0.06975
v -0.27427 -0.03100 0.07144
v -0.27381 -0.03100 0.07213
v -0.27307 -0.03100 0.07251
v -0.27225 -0.03100 0.07246
v -0.27155 -0.03100 0.07201
v -0.24917 -0.03100 0.08215
v -0.24962 -0.03100 0.08146
v -0.25036 -0.03100 0.08108
v -0.25119 -0.03100 0.08113
v -0.25188 -0.03100 0.08158
v -0.25019 -0.03100 0.08417
v -0.24950 -0.03100 0.08372
v -0.24913 -0.03100 0.08298
v -0.25226 -0.03100 0.08232
v -0.25221 -0.03100 0.08315
v -0.25176 -0.03100 0.08384
v -0.25102 -0.03100 0.08421
v -0.22471 -0.03100 0.07777
v -0.22475 -0.03100 0.07694
v -0.22557 -0.03100 0.07297
v -0.22520 -0.03100 0.07625
v -0.22594 -0.03100 0.07588
v -0.23319 -0.03100 0.08147
v -0.22779 -0.03100 0.07794
v -0.22734 -0.03100 0.07863
v -0.22660 -0.03100 0.07901
v -0.22578 -0.03100 0.07896
v -0.22508 -0.03100 0.07851
v -0.22677 -0.03100 0.07592
v -0.22746 -0.03100 0.07637
v -0.22784 -0.03100 0.07711
v -0.24611 -0.03100 0.01209
v -0.23799 -0.03100 0.01938
v -0.24174 -0.03100 0.01928
v -0.23162 -0.03100 0.02284
v -0.23650 -0.03100 0.02056
v -0.21333 -0.03100 0.03775
v -0.21899 -0.03100 0.03968
v -0.21970 -0.03100 0.05563
v -0.22198 -0.03100 0.06052
v -0.22517 -0.03100 0.06487
v -0.22358 -0.03100 0.06629
v -0.22779 -0.03100 0.07098
v -0.22914 -0.03100 0.06851
v -0.23541 -0.03100 0.07947
v -0.27044 -0.03100 0.05838
v -0.27305 -0.03100 0.05847
v -0.27228 -0.03100 0.05332
v -0.28118 -0.03100 0.05118
v -0.27310 -0.03100 0.04799
v -0.27286 -0.03100 0.04260
v -0.27483 -0.03100 0.04410
v -0.27158 -0.03100 0.03737
v -0.27808 -0.03100 0.04119
v -0.26930 -0.03100 0.03248
v -0.27046 -0.03100 0.03270
v -0.26625 -0.03100 0.02801
v -0.24712 -0.03100 0.01904
v -0.25245 -0.03100 0.01986
v -0.25752 -0.03100 0.02170
v -0.26213 -0.03100 0.02449
v -0.26611 -0.03100 0.02814
v -0.22819 -0.03100 0.01270
v -0.22902 -0.03100 0.01274
v -0.22971 -0.03100 0.01319
v -0.23009 -0.03100 0.01393
v -0.23004 -0.03100 0.01476
v -0.22733 -0.03100 0.01533
v -0.22650 -0.03100 0.01570
v -0.22803 -0.03100 0.01578
v -0.22840 -0.03100 0.01782
v -0.22885 -0.03100 0.01583
v -0.22959 -0.03100 0.01545
v -0.28368 -0.03100 0.04747
v -0.28364 -0.03100 0.04830
v -0.28442 -0.03100 0.04826
v -0.28318 -0.03100 0.04899
v -0.28244 -0.03100 0.04937
v -0.28162 -0.03100 0.04932
v -0.28092 -0.03100 0.04887
v -0.28055 -0.03100 0.04813
v -0.28059 -0.03100 0.04730
v -0.28105 -0.03100 0.04661
v -0.28178 -0.03100 0.04623
v -0.21061 -0.03100 0.03387
v -0.21015 -0.03100 0.03421
v -0.21131 -0.03100 0.03432
v -0.21213 -0.03100 0.03437
v -0.21147 -0.03100 0.03124
v -0.21230 -0.03100 0.03128
v -0.21916 -0.03100 0.02612
v -0.21300 -0.03100 0.03174
v -0.21337 -0.03100 0.03247
v -0.21333 -0.03100 0.03330
v -0.21287 -0.03100 0.03399
v -0.26910 -0.03100 0.06319
v -0.25986 -0.03100 0.07148
v -0.27335 -0.03100 0.02286
v -0.27409 -0.03100 0.02248
v -0.27285 -0.03100 0.02438
v -0.27289 -0.03100 0.02355
v -0.27548 -0.03100 0.02524
v -0.27475 -0.03100 0.02561
v -0.27438 -0.03100 0.02918
v -0.27392 -0.03100 0.02557
v -0.27322 -0.03100 0.02512
v -0.27594 -0.03100 0.02455
v -0.27491 -0.03100 0.02253
v -0.27561 -0.03100 0.02298
v -0.27598 -0.03100 0.02372
v -0.22727 -0.03100 0.02603
v -0.23158 -0.03100 0.02137
v -0.25413 -0.03050 0.00690
v -0.26022 -0.03050 0.00872
v -0.26595 -0.03050 0.01146
v -0.27118 -0.03050 0.01507
v -0.20520 -0.03050 0.04431
v -0.20604 -0.03050 0.03801
v -0.20785 -0.03050 0.03192
v -0.21060 -0.03050 0.02619
v -0.21421 -0.03050 0.02096
v -0.21859 -0.03050 0.01636
v -0.22364 -0.03050 0.01250
v -0.22923 -0.03050 0.00947
v -0.23522 -0.03050 0.00736
v -0.24147 -0.03050 0.00622
v -0.24783 -0.03050 0.00606
v -0.20535 -0.03050 0.05066
v -0.20650 -0.03050 0.05691
v -0.20861 -0.03050 0.06291
v -0.21163 -0.03050 0.06850
v -0.26213 -0.03400 0.02449
v -0.25752 -0.03400 0.02170
v -0.25245 -0.03400 0.01986
v -0.24712 -0.03400 0.01904
v -0.24174 -0.03400 0.01928
v -0.23650 -0.03400 0.02056
v -0.23162 -0.03400 0.02284
v -0.22727 -0.03400 0.02603
v -0.22363 -0.03400 0.03001
v -0.22084 -0.03400 0.03462
v -0.21899 -0.03400 0.03968
v -0.21818 -0.03400 0.04501
v -0.21841 -0.03400 0.05040
v -0.21970 -0.03400 0.05563
v -0.22198 -0.03400 0.06052
v -0.26714 -0.03400 0.04677
v -0.26764 -0.03450 0.04678
v -0.26689 -0.03400 0.04323
v -0.26738 -0.03450 0.04315
v -0.26606 -0.03400 0.03977
v -0.26653 -0.03450 0.03962
v -0.26467 -0.03400 0.03651
v -0.26512 -0.03450 0.03627
v -0.26277 -0.03400 0.03351
v -0.26317 -0.03450 0.03321
v -0.26040 -0.03400 0.03087
v -0.26074 -0.03450 0.03050
v -0.25762 -0.03400 0.02865
v -0.25790 -0.03450 0.02824
v -0.25452 -0.03400 0.02692
v -0.25473 -0.03450 0.02647
v -0.25118 -0.03400 0.02573
v -0.25130 -0.03450 0.02524
v -0.24768 -0.03400 0.02510
v -0.24773 -0.03450 0.02460
v -0.24413 -0.03400 0.02505
v -0.24410 -0.03450 0.02455
v -0.24062 -0.03400 0.02559
v -0.24050 -0.03450 0.02511
v -0.23725 -0.03400 0.02670
v -0.23705 -0.03450 0.02624
v -0.23410 -0.03400 0.02836
v -0.23384 -0.03450 0.02793
v -0.23127 -0.03400 0.03050
v -0.23094 -0.03450 0.03013
v -0.22884 -0.03400 0.03308
v -0.22845 -0.03450 0.03277
v -0.22686 -0.03400 0.03603
v -0.22642 -0.03450 0.03579
v -0.22539 -0.03400 0.03927
v -0.22492 -0.03450 0.03910
v -0.22448 -0.03400 0.04270
v -0.22398 -0.03450 0.04261
v -0.22414 -0.03400 0.04623
v -0.22364 -0.03450 0.04622
v -0.22414 -0.02850 0.04623
v -0.22448 -0.02850 0.04270
v -0.22539 -0.02850 0.03927
v -0.22686 -0.02850 0.03603
v -0.22884 -0.02850 0.03308
v -0.23127 -0.02850 0.03050
v -0.23410 -0.02850 0.02836
v -0.23725 -0.02850 0.02670
v -0.24062 -0.02850 0.02559
v -0.24413 -0.02850 0.02505
v -0.24768 -0.02850 0.02510
v -0.25118 -0.02850 0.02573
v -0.25452 -0.02850 0.02692
v -0.25762 -0.02850 0.02865
v -0.26040 -0.02850 0.03087
v -0.26277 -0.02850 0.03351
v -0.26467 -0.02850 0.03651
v -0.26606 -0.02850 0.03977
v -0.26689 -0.02850 0.04323
v -0.26714 -0.02850 0.04677
v -0.26680 -0.03400 0.05030
v -0.26680 -0.02850 0.05030
v -0.26588 -0.03400 0.05374
v -0.26588 -0.02850 0.05374
v -0.26442 -0.03400 0.05697
v -0.26442 -0.02850 0.05697
v -0.26244 -0.03400 0.05992
v -0.26244 -0.02850 0.05992
v -0.26000 -0.03400 0.06250
v -0.26000 -0.02850 0.06250
v -0.25717 -0.03400 0.06464
v -0.25717 -0.02850 0.06464
v -0.25403 -0.03400 0.06630
v -0.25403 -0.02850 0.06630
v -0.25065 -0.03400 0.06741
v -0.25065 -0.02850 0.06741
v -0.24714 -0.03400 0.06795
v -0.24714 -0.02850 0.06795
v -0.24359 -0.03400 0.06790
v -0.24359 -0.02850 0.06790
v -0.24010 -0.03400 0.06727
v -0.24010 -0.02850 0.06727
v -0.23675 -0.03400 0.06608
v -0.23675 -0.02850 0.06608
v -0.23365 -0.03400 0.06435
v -0.23365 -0.02850 0.06435
v -0.23088 -0.03400 0.06213
v -0.23088 -0.02850 0.06213
v -0.22851 -0.03400 0.05949
v -0.22851 -0.02850 0.05949
v -0.22660 -0.03400 0.05650
v -0.22660 -0.02850 0.05650
v -0.22522 -0.03400 0.05323
v -0.22522 -0.02850 0.05323
v -0.22439 -0.03400 0.04977
v -0.22439 -0.02850 0.04977
v -0.26764 -0.02800 0.04678
v -0.26729 -0.02800 0.05039
v -0.26635 -0.02800 0.05390
v -0.26485 -0.02800 0.05721
v -0.26283 -0.02800 0.06023
v -0.26033 -0.02800 0.06287
v -0.25744 -0.02800 0.06507
v -0.25422 -0.02800 0.06676
v -0.25077 -0.02800 0.06789
v -0.24718 -0.02800 0.06845
v -0.24355 -0.02800 0.06840
v -0.23997 -0.02800 0.06776
v -0.23655 -0.02800 0.06654
v -0.23337 -0.02800 0.06477
v -0.23054 -0.02800 0.06250
v -0.22811 -0.02800 0.05979
v -0.22616 -0.02800 0.05673
v -0.22474 -0.02800 0.05338
v -0.22389 -0.02800 0.04985
v -0.22364 -0.02800 0.04622
v -0.22398 -0.02800 0.04261
v -0.22492 -0.02800 0.03910
v -0.22642 -0.02800 0.03579
v -0.22845 -0.02800 0.03277
v -0.23094 -0.02800 0.03013
v -0.23384 -0.02800 0.02793
v -0.23705 -0.02800 0.02624
v -0.24050 -0.02800 0.02511
v -0.24410 -0.02800 0.02455
v -0.24773 -0.02800 0.02460
v -0.25130 -0.02800 0.02524
v -0.25473 -0.02800 0.02647
v -0.25790 -0.02800 0.02824
v -0.26074 -0.02800 0.03050
v -0.26317 -0.02800 0.03321
v -0.26512 -0.02800 0.03627
v -0.26653 -0.02800 0.03962
v -0.26738 -0.02800 0.04315
v -0.24175 -0.02800 0.06917
v -0.23826 -0.02800 0.06828
v -0.23494 -0.02800 0.06686
v -0.23189 -0.02800 0.06494
v -0.22917 -0.02800 0.06256
v -0.22686 -0.02800 0.05979
v -0.22501 -0.02800 0.05668
v -0.22368 -0.02800 0.05333
v -0.22288 -0.02800 0.04981
v -0.22264 -0.02800 0.04621
v -0.22297 -0.02800 0.04262
v -0.22385 -0.02800 0.03912
v -0.22528 -0.02800 0.03580
v -0.22720 -0.02800 0.03275
v -0.22958 -0.02800 0.03003
v -0.23235 -0.02800 0.02773
v -0.23545 -0.02800 0.02588
v -0.23880 -0.02800 0.02454
v -0.24232 -0.02800 0.02374
v -0.24593 -0.02800 0.02350
v -0.24952 -0.02800 0.02383
v -0.25302 -0.02800 0.02472
v -0.25633 -0.02800 0.02614
v -0.25939 -0.02800 0.02806
v -0.26210 -0.02800 0.03044
v -0.26441 -0.02800 0.03322
v -0.26626 -0.02800 0.03632
v -0.26760 -0.02800 0.03967
v -0.26840 -0.02800 0.04319
v -0.26864 -0.02800 0.04679
v -0.26831 -0.02800 0.05038
v -0.26742 -0.02800 0.05388
v -0.26600 -0.02800 0.05720
v -0.26407 -0.02800 0.06025
v -0.26170 -0.02800 0.06297
v -0.25892 -0.02800 0.06528
v -0.25582 -0.02800 0.06712
v -0.25247 -0.02800 0.06846
v -0.24895 -0.02800 0.06926
v -0.24535 -0.02800 0.06950
v -0.22214 -0.02850 0.04621
v -0.22247 -0.02850 0.04253
v -0.22338 -0.02850 0.03896
v -0.22483 -0.02850 0.03557
v -0.22680 -0.02850 0.03245
v -0.22923 -0.02850 0.02968
v -0.23206 -0.02850 0.02732
v -0.23523 -0.02850 0.02543
v -0.23866 -0.02850 0.02406
v -0.24225 -0.02850 0.02325
v -0.24593 -0.02850 0.02300
v -0.24960 -0.02850 0.02334
v -0.25318 -0.02850 0.02424
v -0.25657 -0.02850 0.02570
v -0.25969 -0.02850 0.02766
v -0.26246 -0.02850 0.03009
v -0.26482 -0.02850 0.03293
v -0.26671 -0.02850 0.03609
v -0.26808 -0.02850 0.03952
v -0.26889 -0.02850 0.04312
v -0.26914 -0.02850 0.04680
v -0.26880 -0.02850 0.05047
v -0.26789 -0.02850 0.05404
v -0.26644 -0.02850 0.05743
v -0.26447 -0.02850 0.06055
v -0.26204 -0.02850 0.06332
v -0.25921 -0.02850 0.06568
v -0.25604 -0.02850 0.06757
v -0.25262 -0.02850 0.06894
v -0.24902 -0.02850 0.06976
v -0.24534 -0.02850 0.07000
v -0.24167 -0.02850 0.06966
v -0.23810 -0.02850 0.06876
v -0.23471 -0.02850 0.06730
v -0.23159 -0.02850 0.06534
v -0.22881 -0.02850 0.06291
v -0.22645 -0.02850 0.06007
v -0.22457 -0.02850 0.05691
v -0.22320 -0.02850 0.05348
v -0.22238 -0.02850 0.04989
v -0.22214 -0.03400 0.04621
v -0.22238 -0.03400 0.04989
v -0.22320 -0.03400 0.05348
v -0.22457 -0.03400 0.05691
v -0.22645 -0.03400 0.06007
v -0.22881 -0.03400 0.06291
v -0.23159 -0.03400 0.06534
v -0.23471 -0.03400 0.06730
v -0.23810 -0.03400 0.06876
v -0.24167 -0.03400 0.06966
v -0.24534 -0.03400 0.07000
v -0.24902 -0.03400 0.06976
v -0.25262 -0.03400 0.06894
v -0.25604 -0.03400 0.06757
v -0.25921 -0.03400 0.06568
v -0.26204 -0.03400 0.06332
v -0.26447 -0.03400 0.06055
v -0.26644 -0.03400 0.05743
v -0.26789 -0.03400 0.05404
v -0.26880 -0.03400 0.05047
v -0.26914 -0.03400 0.04680
v -0.22264 -0.03450 0.04621
v -0.22288 -0.03450 0.04981
v -0.22368 -0.03450 0.05333
v -0.22501 -0.03450 0.05668
v -0.22686 -0.03450 0.05979
v -0.22917 -0.03450 0.06256
v -0.23189 -0.03450 0.06494
v -0.23494 -0.03450 0.06686
v -0.23826 -0.03450 0.06828
v -0.24175 -0.03450 0.06917
v -0.24535 -0.03450 0.06950
v -0.24895 -0.03450 0.06926
v -0.25247 -0.03450 0.06846
v -0.25582 -0.03450 0.06712
v -0.25892 -0.03450 0.06528
v -0.26170 -0.03450 0.06297
v -0.26407 -0.03450 0.06025
v -0.26600 -0.03450 0.05720
v -0.26742 -0.03450 0.05388
v -0.26831 -0.03450 0.05038
v -0.26864 -0.03450 0.04679
v -0.24718 -0.03450 0.06845
v -0.25077 -0.03450 0.06789
v -0.25422 -0.03450 0.06676
v -0.25744 -0.03450 0.06507
v -0.26033 -0.03450 0.06287
v -0.26283 -0.03450 0.06023
v -0.26485 -0.03450 0.05721
v -0.26635 -0.03450 0.05390
v -0.26729 -0.03450 0.05039
v -0.26840 -0.03450 0.04319
v -0.26760 -0.03450 0.03967
v -0.26626 -0.03450 0.03632
v -0.26441 -0.03450 0.03322
v -0.26210 -0.03450 0.03044
v -0.25939 -0.03450 0.02806
v -0.25633 -0.03450 0.02614
v -0.25302 -0.03450 0.02472
v -0.24952 -0.03450 0.02383
v -0.24593 -0.03450 0.02350
v -0.24232 -0.03450 0.02374
v -0.23880 -0.03450 0.02454
v -0.23545 -0.03450 0.02588
v -0.23235 -0.03450 0.02773
v -0.22958 -0.03450 0.03003
v -0.22720 -0.03450 0.03275
v -0.22528 -0.03450 0.03580
v -0.22385 -0.03450 0.03912
v -0.22297 -0.03450 0.04262
v -0.22389 -0.03450 0.04985
v -0.22474 -0.03450 0.05338
v -0.22616 -0.03450 0.05673
v -0.22811 -0.03450 0.05979
v -0.23054 -0.03450 0.06250
v -0.23337 -0.03450 0.06477
v -0.23655 -0.03450 0.06654
v -0.23997 -0.03450 0.06776
v -0.24355 -0.03450 0.06840
v -0.26889 -0.03400 0.04312
v -0.26808 -0.03400 0.03952
v -0.26671 -0.03400 0.03609
v -0.26482 -0.03400 0.03293
v -0.26246 -0.03400 0.03009
v -0.25969 -0.03400 0.02766
v -0.25657 -0.03400 0.02570
v -0.25318 -0.03400 0.02424
v -0.24960 -0.03400 0.02334
v -0.24593 -0.03400 0.02300
v -0.24225 -0.03400 0.02325
v -0.23866 -0.03400 0.02406
v -0.23523 -0.03400 0.02543
v -0.23206 -0.03400 0.02732
v -0.22923 -0.03400 0.02968
v -0.22680 -0.03400 0.03245
v -0.22483 -0.03400 0.03557
v -0.22338 -0.03400 0.03896
v -0.22247 -0.03400 0.04253
v -0.22295 -0.04150 0.05026
v -0.22245 -0.04100 0.05034
v -0.22334 -0.04100 0.05392
v -0.22381 -0.04150 0.05376
v -0.22477 -0.04100 0.05731
v -0.22522 -0.04150 0.05708
v -0.22672 -0.04100 0.06044
v -0.22712 -0.04150 0.06015
v -0.22914 -0.04100 0.06323
v -0.22949 -0.04150 0.06288
v -0.23196 -0.04100 0.06561
v -0.23225 -0.04150 0.06520
v -0.23511 -0.04100 0.06751
v -0.23534 -0.04150 0.06707
v -0.23853 -0.04100 0.06890
v -0.23868 -0.04150 0.06842
v -0.24212 -0.04100 0.06974
v -0.24220 -0.04150 0.06924
v -0.24580 -0.04100 0.07000
v -0.24580 -0.04150 0.06950
v -0.24947 -0.04100 0.06969
v -0.24939 -0.04150 0.06919
v -0.25305 -0.04100 0.06880
v -0.25290 -0.04150 0.06833
v -0.25645 -0.04100 0.06736
v -0.25622 -0.04150 0.06692
v -0.25958 -0.04100 0.06542
v -0.25928 -0.04150 0.06501
v -0.26237 -0.04100 0.06300
v -0.26201 -0.04150 0.06265
v -0.26474 -0.04100 0.06018
v -0.26434 -0.04150 0.05989
v -0.26665 -0.04100 0.05702
v -0.26620 -0.04150 0.05680
v -0.26804 -0.04100 0.05361
v -0.26756 -0.04150 0.05346
v -0.26887 -0.04100 0.05002
v -0.26838 -0.04150 0.04994
v -0.26914 -0.04100 0.04634
v -0.26864 -0.04150 0.04634
v -0.26882 -0.04100 0.04266
v -0.26833 -0.04150 0.04275
v -0.22899 -0.04150 0.03965
v -0.22371 -0.04150 0.03954
v -0.22802 -0.04150 0.04283
v -0.22290 -0.04150 0.04306
v -0.22764 -0.04150 0.04613
v -0.22264 -0.04150 0.04666
v -0.22788 -0.04150 0.04944
v -0.22872 -0.04150 0.05265
v -0.23014 -0.04150 0.05566
v -0.24435 -0.04150 0.02855
v -0.24188 -0.04150 0.02381
v -0.24107 -0.04150 0.02909
v -0.23838 -0.04150 0.02468
v -0.23795 -0.04150 0.03022
v -0.23505 -0.04150 0.02608
v -0.23509 -0.04150 0.03191
v -0.23199 -0.04150 0.02799
v -0.23259 -0.04150 0.03410
v -0.22926 -0.04150 0.03035
v -0.23053 -0.04150 0.03671
v -0.22694 -0.04150 0.03311
v -0.22507 -0.04150 0.03620
v -0.26113 -0.04150 0.03734
v -0.26415 -0.04150 0.03285
v -0.25919 -0.04150 0.03465
v -0.26179 -0.04150 0.03012
v -0.25678 -0.04150 0.03236
v -0.25903 -0.04150 0.02780
v -0.25399 -0.04150 0.03056
v -0.25594 -0.04150 0.02594
v -0.25092 -0.04150 0.02929
v -0.25259 -0.04150 0.02458
v -0.24767 -0.04150 0.02862
v -0.24908 -0.04150 0.02376
v -0.24548 -0.04150 0.02350
v -0.24692 -0.04150 0.06445
v -0.25020 -0.04150 0.06391
v -0.25332 -0.04150 0.06278
v -0.25618 -0.04150 0.06109
v -0.25868 -0.04150 0.05890
v -0.26074 -0.04150 0.05629
v -0.26228 -0.04150 0.05335
v -0.26326 -0.04150 0.05018
v -0.26363 -0.04150 0.04687
v -0.26340 -0.04150 0.04356
v -0.26255 -0.04150 0.04035
v -0.26746 -0.04150 0.03924
v -0.26606 -0.04150 0.03592
v -0.23209 -0.04150 0.05835
v -0.23449 -0.04150 0.06064
v -0.23728 -0.04150 0.06244
v -0.24035 -0.04150 0.06371
v -0.24360 -0.04150 0.06439
v -0.26794 -0.04100 0.03908
v -0.26650 -0.04100 0.03569
v -0.26455 -0.04100 0.03256
v -0.26214 -0.04100 0.02977
v -0.25932 -0.04100 0.02739
v -0.25616 -0.04100 0.02549
v -0.25274 -0.04100 0.02410
v -0.24915 -0.04100 0.02326
v -0.24547 -0.04100 0.02300
v -0.24180 -0.04100 0.02332
v -0.23822 -0.04100 0.02420
v -0.23482 -0.04100 0.02564
v -0.23169 -0.04100 0.02758
v -0.22891 -0.04100 0.03000
v -0.22653 -0.04100 0.03282
v -0.22462 -0.04100 0.03598
v -0.22324 -0.04100 0.03939
v -0.22240 -0.04100 0.04299
v -0.22214 -0.04100 0.04666
v -0.22245 -0.03500 0.05034
v -0.22214 -0.03500 0.04666
v -0.22240 -0.03500 0.04299
v -0.22324 -0.03500 0.03939
v -0.22462 -0.03500 0.03598
v -0.22653 -0.03500 0.03282
v -0.22891 -0.03500 0.03000
v -0.23169 -0.03500 0.02758
v -0.23482 -0.03500 0.02564
v -0.23822 -0.03500 0.02420
v -0.24180 -0.03500 0.02332
v -0.24547 -0.03500 0.02300
v -0.24915 -0.03500 0.02326
v -0.25274 -0.03500 0.02410
v -0.25616 -0.03500 0.02549
v -0.25932 -0.03500 0.02739
v -0.26214 -0.03500 0.02977
v -0.26455 -0.03500 0.03256
v -0.26650 -0.03500 0.03569
v -0.26794 -0.03500 0.03908
v -0.26882 -0.03500 0.04266
v -0.26914 -0.03500 0.04634
v -0.26887 -0.03500 0.05002
v -0.26804 -0.03500 0.05361
v -0.26665 -0.03500 0.05702
v -0.26474 -0.03500 0.06018
v -0.26237 -0.03500 0.06300
v -0.25958 -0.03500 0.06542
v -0.25645 -0.03500 0.06736
v -0.25305 -0.03500 0.06880
v -0.24947 -0.03500 0.06969
v -0.24580 -0.03500 0.07000
v -0.24212 -0.03500 0.06974
v -0.23853 -0.03500 0.06890
v -0.23511 -0.03500 0.06751
v -0.23196 -0.03500 0.06561
v -0.22914 -0.03500 0.06323
v -0.22672 -0.03500 0.06044
v -0.22477 -0.03500 0.05731
v -0.22334 -0.03500 0.05392
v -0.26833 -0.03450 0.04275
v -0.26864 -0.03450 0.04634
v -0.26838 -0.03450 0.04994
v -0.26756 -0.03450 0.05346
v -0.26620 -0.03450 0.05680
v -0.26434 -0.03450 0.05989
v -0.26201 -0.03450 0.06265
v -0.25928 -0.03450 0.06501
v -0.25622 -0.03450 0.06692
v -0.25290 -0.03450 0.06833
v -0.24939 -0.03450 0.06919
v -0.24580 -0.03450 0.06950
v -0.24220 -0.03450 0.06924
v -0.23868 -0.03450 0.06842
v -0.23534 -0.03450 0.06707
v -0.23225 -0.03450 0.06520
v -0.22949 -0.03450 0.06288
v -0.22712 -0.03450 0.06015
v -0.22522 -0.03450 0.05708
v -0.22381 -0.03450 0.05376
v -0.22295 -0.03450 0.05026
v -0.25919 -0.03450 0.03465
v -0.26415 -0.03450 0.03285
v -0.26113 -0.03450 0.03734
v -0.26606 -0.03450 0.03592
v -0.26255 -0.03450 0.04035
v -0.26746 -0.03450 0.03924
v -0.26340 -0.03450 0.04356
v -0.26363 -0.03450 0.04687
v -0.26326 -0.03450 0.05018
v -0.24107 -0.03450 0.02909
v -0.24188 -0.03450 0.02381
v -0.24435 -0.03450 0.02855
v -0.24548 -0.03450 0.02350
v -0.24767 -0.03450 0.02862
v -0.24908 -0.03450 0.02376
v -0.25092 -0.03450 0.02929
v -0.25259 -0.03450 0.02458
v -0.25399 -0.03450 0.03056
v -0.25594 -0.03450 0.02594
v -0.25678 -0.03450 0.03236
v -0.25903 -0.03450 0.02780
v -0.26179 -0.03450 0.03012
v -0.22802 -0.03450 0.04283
v -0.22371 -0.03450 0.03954
v -0.22899 -0.03450 0.03965
v -0.22507 -0.03450 0.03620
v -0.23053 -0.03450 0.03671
v -0.22694 -0.03450 0.03311
v -0.23259 -0.03450 0.03410
v -0.22926 -0.03450 0.03035
v -0.23509 -0.03450 0.03191
v -0.23199 -0.03450 0.02799
v -0.23795 -0.03450 0.03022
v -0.23505 -0.03450 0.02608
v -0.23838 -0.03450 0.02468
v -0.23209 -0.03450 0.05835
v -0.23014 -0.03450 0.05566
v -0.22872 -0.03450 0.05265
v -0.22788 -0.03450 0.04944
v -0.22764 -0.03450 0.04613
v -0.22264 -0.03450 0.04666
v -0.22290 -0.03450 0.04306
v -0.26228 -0.03450 0.05335
v -0.26074 -0.03450 0.05629
v -0.25868 -0.03450 0.05890
v -0.25618 -0.03450 0.06109
v -0.25332 -0.03450 0.06278
v -0.25020 -0.03450 0.06391
v -0.24692 -0.03450 0.06445
v -0.24360 -0.03450 0.06439
v -0.24035 -0.03450 0.06371
v -0.23728 -0.03450 0.06244
v -0.23449 -0.03450 0.06064
v -0.22837 -0.03500 0.04936
v -0.22814 -0.03500 0.04614
v -0.22851 -0.03500 0.04293
v -0.22945 -0.03500 0.03984
v -0.23095 -0.03500 0.03698
v -0.23295 -0.03500 0.03444
v -0.23538 -0.03500 0.03232
v -0.23816 -0.03500 0.03068
v -0.24120 -0.03500 0.02957
v -0.24438 -0.03500 0.02905
v -0.24761 -0.03500 0.02911
v -0.25078 -0.03500 0.02977
v -0.25376 -0.03500 0.03100
v -0.25647 -0.03500 0.03276
v -0.25881 -0.03500 0.03498
v -0.26071 -0.03500 0.03760
v -0.26208 -0.03500 0.04052
v -0.26290 -0.03500 0.04364
v -0.26290 -0.04100 0.04364
v -0.26208 -0.04100 0.04052
v -0.26071 -0.04100 0.03760
v -0.25881 -0.04100 0.03498
v -0.25647 -0.04100 0.03276
v -0.25376 -0.04100 0.03100
v -0.25078 -0.04100 0.02977
v -0.24761 -0.04100 0.02911
v -0.24438 -0.04100 0.02905
v -0.24120 -0.04100 0.02957
v -0.23816 -0.04100 0.03068
v -0.23538 -0.04100 0.03232
v -0.23295 -0.04100 0.03444
v -0.23095 -0.04100 0.03698
v -0.22945 -0.04100 0.03984
v -0.22851 -0.04100 0.04293
v -0.22814 -0.04100 0.04614
v -0.22837 -0.04100 0.04936
v -0.22919 -0.03500 0.05248
v -0.22919 -0.04100 0.05248
v -0.23057 -0.03500 0.05540
v -0.23057 -0.04100 0.05540
v -0.23246 -0.03500 0.05802
v -0.23246 -0.04100 0.05802
v -0.23480 -0.03500 0.06024
v -0.23480 -0.04100 0.06024
v -0.23751 -0.03500 0.06200
v -0.23751 -0.04100 0.06200
v -0.24050 -0.03500 0.06323
v -0.24050 -0.04100 0.06323
v -0.24366 -0.03500 0.06389
v -0.24366 -0.04100 0.06389
v -0.24689 -0.03500 0.06396
v -0.24689 -0.04100 0.06396
v -0.25008 -0.03500 0.06343
v -0.25008 -0.04100 0.06343
v -0.25311 -0.03500 0.06232
v -0.25311 -0.04100 0.06232
v -0.25589 -0.03500 0.06068
v -0.25589 -0.04100 0.06068
v -0.25832 -0.03500 0.05856
v -0.25832 -0.04100 0.05856
v -0.26032 -0.03500 0.05602
v -0.26032 -0.04100 0.05602
v -0.26182 -0.03500 0.05316
v -0.26182 -0.04100 0.05316
v -0.26277 -0.03500 0.05007
v -0.26277 -0.04100 0.05007
v -0.26313 -0.03500 0.04686
v -0.26313 -0.04100 0.04686
v -0.22479 -0.02800 0.02599
v -0.21280 -0.02800 0.03236
v -0.21485 -0.02800 0.03622
v -0.23029 -0.02800 0.01733
v -0.22242 -0.02800 0.02151
v -0.22121 -0.02800 0.01688
v -0.22791 -0.02800 0.01285
v -0.22627 -0.02800 0.01334
v -0.21677 -0.02800 0.02118
v -0.21308 -0.02800 0.02614
v -0.22575 -0.02800 0.07935
v -0.22511 -0.02800 0.07802
v -0.22437 -0.02800 0.07847
v -0.26761 -0.02800 0.07799
v -0.26667 -0.02800 0.07266
v -0.26121 -0.02800 0.07556
v -0.25738 -0.02800 0.06510
v -0.26144 -0.02800 0.06281
v -0.26002 -0.02800 0.06315
v -0.22489 -0.02800 0.05381
v -0.22403 -0.02800 0.05063
v -0.22292 -0.02800 0.05141
v -0.23680 -0.02800 0.02635
v -0.23990 -0.02800 0.02526
v -0.24091 -0.02800 0.02417
v -0.21837 -0.02800 0.06788
v -0.22360 -0.02800 0.07795
v -0.22310 -0.02800 0.07663
v -0.22479 -0.02800 0.07715
v -0.22416 -0.02800 0.07729
v -0.22354 -0.02800 0.07710
v -0.23143 -0.02800 0.07466
v -0.22575 -0.02800 0.06396
v -0.22486 -0.02800 0.07498
v -0.22295 -0.02800 0.07600
v -0.22314 -0.02800 0.07538
v -0.21943 -0.02800 0.06732
v -0.22361 -0.02800 0.07494
v -0.22424 -0.02800 0.07479
v -0.22530 -0.02800 0.07545
v -0.22545 -0.02800 0.07609
v -0.22526 -0.02800 0.07670
v -0.21121 -0.02800 0.02950
v -0.21166 -0.02800 0.03005
v -0.21205 -0.02800 0.02953
v -0.21407 -0.02800 0.03053
v -0.21394 -0.02800 0.03107
v -0.21359 -0.02800 0.03150
v -0.21300 -0.02800 0.03176
v -0.21235 -0.02800 0.03168
v -0.21256 -0.02800 0.02930
v -0.21311 -0.02800 0.02930
v -0.21361 -0.02800 0.02955
v -0.21395 -0.02800 0.02999
v -0.21158 -0.02800 0.03069
v -0.21024 -0.02800 0.03162
v -0.21184 -0.02800 0.03129
v -0.28070 -0.02800 0.05016
v -0.28088 -0.02800 0.04963
v -0.27873 -0.02800 0.04954
v -0.28300 -0.02800 0.05096
v -0.28261 -0.02800 0.05135
v -0.28251 -0.02800 0.05162
v -0.28208 -0.02800 0.05154
v -0.28043 -0.02800 0.05272
v -0.28153 -0.02800 0.05148
v -0.28106 -0.02800 0.05118
v -0.28076 -0.02800 0.05071
v -0.28198 -0.02800 0.04905
v -0.28260 -0.02800 0.04924
v -0.28404 -0.02800 0.04631
v -0.28304 -0.02800 0.04971
v -0.28319 -0.02800 0.05034
v -0.28357 -0.02800 0.05247
v -0.23857 -0.02800 0.08089
v -0.23814 -0.02800 0.08416
v -0.24428 -0.02800 0.08488
v -0.24705 -0.02800 0.08244
v -0.24743 -0.02800 0.08192
v -0.25057 -0.02800 0.07451
v -0.24803 -0.02800 0.08167
v -0.24774 -0.02800 0.08407
v -0.24722 -0.02800 0.08368
v -0.24697 -0.02800 0.08308
v -0.24828 -0.02800 0.08416
v -0.25045 -0.02800 0.08460
v -0.24882 -0.02800 0.08400
v -0.24867 -0.02800 0.08175
v -0.24913 -0.02800 0.08207
v -0.25334 -0.02800 0.07974
v -0.24940 -0.02800 0.08255
v -0.25539 -0.02800 0.08364
v -0.24944 -0.02800 0.08311
v -0.24923 -0.02800 0.08363
v -0.26884 -0.02800 0.04107
v -0.26302 -0.02800 0.03011
v -0.26507 -0.02800 0.03618
v -0.26331 -0.02800 0.03340
v -0.26022 -0.02800 0.02484
v -0.25867 -0.02800 0.02877
v -0.26116 -0.02800 0.03091
v -0.24313 -0.02800 0.02464
v -0.24642 -0.02800 0.02451
v -0.25569 -0.02800 0.01632
v -0.24968 -0.02800 0.02488
v -0.25286 -0.02800 0.02572
v -0.25588 -0.02800 0.02703
v -0.22699 -0.02800 0.03483
v -0.22893 -0.02800 0.03218
v -0.22759 -0.02800 0.03124
v -0.23125 -0.02800 0.02985
v -0.22012 -0.02800 0.04614
v -0.22365 -0.02800 0.04737
v -0.22377 -0.02800 0.04408
v -0.21559 -0.02800 0.03762
v -0.22438 -0.02800 0.04085
v -0.22545 -0.02800 0.03774
v -0.22621 -0.02800 0.05682
v -0.22874 -0.02800 0.06237
v -0.22796 -0.02800 0.05960
v -0.24159 -0.02800 0.06813
v -0.23841 -0.02800 0.06728
v -0.23442 -0.02800 0.07307
v -0.23540 -0.02800 0.06597
v -0.23261 -0.02800 0.06423
v -0.23011 -0.02800 0.06209
v -0.24486 -0.02800 0.06849
v -0.23611 -0.02800 0.07626
v -0.24811 -0.02800 0.06989
v -0.25448 -0.02800 0.06665
v -0.25137 -0.02800 0.06774
v -0.24814 -0.02800 0.06836
v -0.26234 -0.02800 0.06082
v -0.26750 -0.02800 0.04892
v -0.26690 -0.02800 0.05215
v -0.27453 -0.02800 0.05177
v -0.26582 -0.02800 0.05526
v -0.26429 -0.02800 0.05817
v -0.27622 -0.02800 0.05496
v -0.26639 -0.02800 0.03919
v -0.26725 -0.02800 0.04237
v -0.26762 -0.02800 0.04563
v -0.27465 -0.02800 0.02625
v -0.27329 -0.02800 0.02465
v -0.27484 -0.02800 0.02677
v -0.27911 -0.02800 0.03562
v -0.27525 -0.02800 0.02715
v -0.27473 -0.02800 0.02560
v -0.27210 -0.02800 0.01868
v -0.27049 -0.02800 0.01939
v -0.26868 -0.02800 0.01578
v -0.27955 -0.02800 0.02849
v -0.27622 -0.02800 0.02328
v -0.27687 -0.02800 0.02530
v -0.27512 -0.02800 0.02509
v -0.27571 -0.02800 0.02483
v -0.27635 -0.02800 0.02491
v -0.27712 -0.02800 0.02590
v -0.27708 -0.02800 0.02645
v -0.28200 -0.02800 0.03416
v -0.27679 -0.02800 0.02693
v -0.27633 -0.02800 0.02724
v -0.27578 -0.02800 0.02732
v -0.28351 -0.02800 0.04016
v -0.27513 -0.02800 0.03773
v -0.28081 -0.02800 0.04843
v -0.28135 -0.02800 0.04919
v -0.28343 -0.02800 0.05328
v -0.28265 -0.02800 0.05674
v -0.28238 -0.02800 0.05767
v -0.27867 -0.02800 0.05959
v -0.28212 -0.02800 0.05848
v -0.27973 -0.02800 0.06418
v -0.27127 -0.02800 0.07152
v -0.27184 -0.02800 0.07181
v -0.27237 -0.02800 0.07406
v -0.27645 -0.02800 0.06942
v -0.27223 -0.02800 0.07300
v -0.27220 -0.02800 0.07236
v -0.26976 -0.02800 0.07285
v -0.26993 -0.02800 0.07338
v -0.27032 -0.02800 0.07378
v -0.26984 -0.02800 0.07230
v -0.27014 -0.02800 0.07184
v -0.27062 -0.02800 0.07155
v -0.27194 -0.02800 0.07358
v -0.27139 -0.02800 0.07393
v -0.27084 -0.02800 0.07398
v -0.25900 -0.02800 0.07990
v -0.25922 -0.02800 0.08061
v -0.25974 -0.02800 0.08113
v -0.25650 -0.02800 0.08333
v -0.26198 -0.02800 0.07955
v -0.26195 -0.02800 0.08022
v -0.26227 -0.02800 0.08111
v -0.26164 -0.02800 0.08081
v -0.26110 -0.02800 0.08121
v -0.26045 -0.02800 0.08134
v -0.25915 -0.02800 0.07918
v -0.25963 -0.02800 0.07862
v -0.26032 -0.02800 0.07835
v -0.26056 -0.02800 0.07834
v -0.26120 -0.02800 0.07851
v -0.26171 -0.02800 0.07894
v -0.23558 -0.02800 0.08248
v -0.23220 -0.02800 0.08247
v -0.23312 -0.02800 0.07785
v -0.22660 -0.02800 0.07985
v -0.21038 -0.02800 0.06172
v -0.21328 -0.02800 0.06718
v -0.21534 -0.02800 0.06949
v -0.21702 -0.02800 0.07210
v -0.22150 -0.02800 0.07636
v -0.20952 -0.02800 0.05852
v -0.21255 -0.02800 0.05691
v -0.21115 -0.02800 0.05619
v -0.21021 -0.02800 0.05410
v -0.21075 -0.02800 0.05422
v -0.20975 -0.02800 0.05165
v -0.20967 -0.02800 0.05423
v -0.21119 -0.02800 0.05456
v -0.21144 -0.02800 0.05506
v -0.21145 -0.02800 0.05561
v -0.21061 -0.02800 0.05654
v -0.20997 -0.02800 0.05657
v -0.20882 -0.02800 0.05740
v -0.20939 -0.02800 0.05628
v -0.20840 -0.02800 0.05587
v -0.20904 -0.02800 0.05574
v -0.20774 -0.02800 0.05267
v -0.20900 -0.02800 0.05509
v -0.20924 -0.02800 0.05459
v -0.20735 -0.02800 0.04360
v -0.20729 -0.02800 0.04458
v -0.20854 -0.02800 0.04398
v -0.20738 -0.02800 0.04978
v -0.21081 -0.02800 0.05108
v -0.20928 -0.02800 0.04421
v -0.20931 -0.02800 0.04121
v -0.21003 -0.02800 0.04138
v -0.21260 -0.02800 0.03921
v -0.21058 -0.02800 0.04187
v -0.21712 -0.02800 0.04773
v -0.21083 -0.02800 0.04256
v -0.20801 -0.02800 0.04341
v -0.20784 -0.02800 0.04265
v -0.20752 -0.02800 0.04183
v -0.20806 -0.02800 0.04191
v -0.20860 -0.02800 0.04140
v -0.21072 -0.02800 0.04329
v -0.21061 -0.02800 0.04350
v -0.21004 -0.02800 0.04403
v -0.20980 -0.02800 0.03395
v -0.20831 -0.02800 0.03749
v -0.21186 -0.02800 0.03781
v -0.22967 -0.02800 0.01375
v -0.22952 -0.02800 0.01312
v -0.22971 -0.02800 0.01250
v -0.23011 -0.02800 0.01422
v -0.23019 -0.02800 0.01206
v -0.23184 -0.02800 0.01066
v -0.23172 -0.02800 0.01398
v -0.23127 -0.02800 0.01431
v -0.23073 -0.02800 0.01441
v -0.24390 -0.02800 0.00814
v -0.23777 -0.02800 0.00891
v -0.23574 -0.02800 0.01443
v -0.23200 -0.02800 0.01293
v -0.23198 -0.02800 0.01349
v -0.23082 -0.02800 0.01192
v -0.23135 -0.02800 0.01206
v -0.23178 -0.02800 0.01242
v -0.25606 -0.02800 0.01260
v -0.25542 -0.02800 0.01263
v -0.25495 -0.02800 0.01493
v -0.25484 -0.02800 0.01234
v -0.25690 -0.02800 0.01167
v -0.25661 -0.02800 0.01225
v -0.25916 -0.02800 0.01269
v -0.25687 -0.02800 0.01102
v -0.25651 -0.02800 0.01048
v -0.25788 -0.02800 0.01010
v -0.25603 -0.02800 0.01021
v -0.25614 -0.02800 0.00956
v -0.25547 -0.02800 0.01018
v -0.25583 -0.02800 0.00948
v -0.25496 -0.02800 0.01039
v -0.25290 -0.02800 0.01106
v -0.25452 -0.02800 0.01188
v -0.25443 -0.02800 0.01133
v -0.25459 -0.02800 0.01080
v -0.26124 -0.02800 0.01158
v -0.26119 -0.02800 0.01139
v -0.26730 -0.02800 0.01479
v -0.26193 -0.02800 0.01173
v -0.26637 -0.02800 0.01563
v -0.26718 -0.02800 0.01846
v -0.26645 -0.02800 0.01832
v -0.26651 -0.02800 0.02150
v -0.26138 -0.02800 0.01148
v -0.26198 -0.02800 0.01298
v -0.26580 -0.02800 0.01616
v -0.26839 -0.02800 0.01769
v -0.26788 -0.02800 0.01822
v -0.26588 -0.02800 0.01786
v -0.26575 -0.02800 0.01766
v -0.26557 -0.02800 0.01691
v -0.26713 -0.02800 0.01546
v -0.26787 -0.02800 0.01569
v -0.26840 -0.02800 0.01625
v -0.26857 -0.02800 0.01697
v -0.23266 -0.02800 0.02181
v -0.22685 -0.02800 0.02985
v -0.23389 -0.02800 0.02790
v -0.23546 -0.02800 0.02707
v -0.24017 -0.02800 0.02278
v -0.25008 -0.02800 0.00836
v -0.23812 -0.02800 0.01891
v -0.23472 -0.02800 0.02567
v -0.21361 -0.02800 0.05635
v -0.21992 -0.02800 0.05300
v -0.26931 -0.02800 0.02677
v -0.25990 -0.02800 0.01408
v -0.26443 -0.02800 0.02261
v -0.26723 -0.02800 0.02787
v -0.27305 -0.02800 0.03884
v -0.26389 -0.02800 0.06744
v -0.25844 -0.02800 0.07033
v -0.20949 -0.02600 0.03353
v -0.20980 -0.02600 0.03395
v -0.20929 -0.02600 0.03412
v -0.26730 -0.02600 0.01479
v -0.26616 -0.02600 0.01498
v -0.26558 -0.02600 0.01368
v -0.28399 -0.02600 0.04836
v -0.28324 -0.02600 0.04714
v -0.28404 -0.02600 0.04631
v -0.26227 -0.02600 0.08111
v -0.26365 -0.02600 0.08014
v -0.26761 -0.02600 0.07799
v -0.26066 -0.02600 0.08184
v -0.21060 -0.02600 0.04535
v -0.20925 -0.02600 0.04521
v -0.21170 -0.02600 0.04442
v -0.21232 -0.02600 0.05741
v -0.21255 -0.02600 0.05691
v -0.21264 -0.02600 0.05726
v -0.22730 -0.02600 0.07550
v -0.22729 -0.02600 0.07591
v -0.22712 -0.02600 0.07627
v -0.27799 -0.02600 0.03603
v -0.27868 -0.02600 0.03496
v -0.27894 -0.02600 0.03572
v -0.26332 -0.02600 0.07921
v -0.26194 -0.02600 0.08027
v -0.26790 -0.02600 0.01994
v -0.26752 -0.02600 0.02007
v -0.26712 -0.02600 0.02004
v -0.26868 -0.02600 0.01578
v -0.26787 -0.02600 0.01569
v -0.26713 -0.02600 0.01546
v -0.26673 -0.02600 0.01550
v -0.26495 -0.02600 0.01563
v -0.26608 -0.02600 0.01584
v -0.26566 -0.02600 0.01645
v -0.26415 -0.02600 0.01673
v -0.26559 -0.02600 0.01718
v -0.26399 -0.02600 0.01710
v -0.26398 -0.02600 0.01750
v -0.26820 -0.02600 0.01967
v -0.26718 -0.02600 0.01846
v -0.26900 -0.02600 0.01856
v -0.26788 -0.02600 0.01822
v -0.26931 -0.02600 0.01829
v -0.26839 -0.02600 0.01769
v -0.26970 -0.02600 0.01816
v -0.26857 -0.02600 0.01697
v -0.26840 -0.02600 0.01625
v -0.26645 -0.02600 0.01832
v -0.26677 -0.02600 0.01986
v -0.26588 -0.02600 0.01786
v -0.26441 -0.02600 0.01815
v -0.26413 -0.02600 0.01787
v -0.26045 -0.02600 0.08134
v -0.26110 -0.02600 0.08121
v -0.26164 -0.02600 0.08081
v -0.25963 -0.02600 0.07862
v -0.25760 -0.02600 0.07946
v -0.26193 -0.02600 0.07709
v -0.26303 -0.02600 0.07906
v -0.26197 -0.02600 0.07953
v -0.26296 -0.02600 0.07900
v -0.26272 -0.02600 0.07866
v -0.26165 -0.02600 0.07887
v -0.26216 -0.02600 0.07742
v -0.26105 -0.02600 0.07844
v -0.26032 -0.02600 0.07835
v -0.25915 -0.02600 0.07918
v -0.25900 -0.02600 0.07990
v -0.25815 -0.02600 0.08070
v -0.25922 -0.02600 0.08061
v -0.25824 -0.02600 0.08111
v -0.25815 -0.02600 0.08151
v -0.25974 -0.02600 0.08113
v -0.25791 -0.02600 0.08185
v -0.20831 -0.02600 0.03749
v -0.21184 -0.02600 0.03129
v -0.21158 -0.02600 0.03069
v -0.21024 -0.02600 0.03162
v -0.21166 -0.02600 0.03005
v -0.21308 -0.02600 0.02614
v -0.21205 -0.02600 0.02953
v -0.21638 -0.02600 0.02304
v -0.21365 -0.02600 0.02692
v -0.21351 -0.02600 0.02731
v -0.21148 -0.02600 0.03274
v -0.21188 -0.02600 0.03284
v -0.21235 -0.02600 0.03168
v -0.21310 -0.02600 0.03344
v -0.21300 -0.02600 0.03176
v -0.21359 -0.02600 0.03150
v -0.21311 -0.02600 0.02930
v -0.21374 -0.02600 0.02809
v -0.21361 -0.02600 0.02955
v -0.21407 -0.02600 0.02834
v -0.21395 -0.02600 0.02999
v -0.21529 -0.02600 0.02894
v -0.21561 -0.02600 0.02919
v -0.21256 -0.02600 0.02930
v -0.21355 -0.02600 0.02773
v -0.21540 -0.02600 0.03095
v -0.21394 -0.02600 0.03107
v -0.21574 -0.02600 0.03032
v -0.21407 -0.02600 0.03053
v -0.21585 -0.02600 0.02993
v -0.21581 -0.02600 0.02954
v -0.21107 -0.02600 0.03281
v -0.21073 -0.02600 0.03304
v -0.21050 -0.02600 0.03339
v -0.21446 -0.02600 0.03294
v -0.21423 -0.02600 0.03327
v -0.21389 -0.02600 0.03348
v -0.21349 -0.02600 0.03354
v -0.21372 -0.02600 0.02516
v -0.21677 -0.02600 0.02118
v -0.21957 -0.02600 0.01954
v -0.22121 -0.02600 0.01688
v -0.22831 -0.02600 0.01400
v -0.22774 -0.02600 0.01253
v -0.22856 -0.02600 0.01434
v -0.22961 -0.02600 0.01608
v -0.22911 -0.02600 0.01558
v -0.22935 -0.02600 0.01591
v -0.22796 -0.02600 0.01379
v -0.22755 -0.02600 0.01375
v -0.22627 -0.02600 0.01334
v -0.22715 -0.02600 0.01387
v -0.22318 -0.02600 0.01647
v -0.23011 -0.02600 0.01422
v -0.22967 -0.02600 0.01375
v -0.22952 -0.02600 0.01312
v -0.22971 -0.02600 0.01250
v -0.23019 -0.02600 0.01206
v -0.23184 -0.02600 0.01066
v -0.23082 -0.02600 0.01192
v -0.23377 -0.02600 0.01394
v -0.23369 -0.02600 0.01433
v -0.23198 -0.02600 0.01349
v -0.23347 -0.02600 0.01466
v -0.23172 -0.02600 0.01398
v -0.23313 -0.02600 0.01488
v -0.23127 -0.02600 0.01431
v -0.23047 -0.02600 0.01607
v -0.23073 -0.02600 0.01441
v -0.23008 -0.02600 0.01617
v -0.22969 -0.02600 0.01612
v -0.23135 -0.02600 0.01206
v -0.23336 -0.02600 0.01115
v -0.23178 -0.02600 0.01242
v -0.23312 -0.02600 0.01149
v -0.23304 -0.02600 0.01190
v -0.23200 -0.02600 0.01293
v -0.23312 -0.02600 0.01230
v -0.23368 -0.02600 0.01355
v -0.25312 -0.02600 0.01008
v -0.25283 -0.02600 0.00978
v -0.25583 -0.02600 0.00948
v -0.25245 -0.02600 0.00962
v -0.25008 -0.02600 0.00836
v -0.24774 -0.02600 0.00906
v -0.24390 -0.02600 0.00814
v -0.24300 -0.02600 0.00909
v -0.23777 -0.02600 0.00891
v -0.23830 -0.02600 0.00972
v -0.23372 -0.02600 0.01094
v -0.25788 -0.02600 0.01010
v -0.25855 -0.02600 0.01164
v -0.25823 -0.02600 0.01189
v -0.25496 -0.02600 0.01039
v -0.25323 -0.02600 0.01088
v -0.25326 -0.02600 0.01047
v -0.25322 -0.02600 0.01327
v -0.25452 -0.02600 0.01188
v -0.25358 -0.02600 0.01344
v -0.25484 -0.02600 0.01234
v -0.25638 -0.02600 0.01424
v -0.25542 -0.02600 0.01263
v -0.25606 -0.02600 0.01260
v -0.25766 -0.02600 0.01355
v -0.25661 -0.02600 0.01225
v -0.25803 -0.02600 0.01226
v -0.25690 -0.02600 0.01167
v -0.25687 -0.02600 0.01102
v -0.25651 -0.02600 0.01048
v -0.25614 -0.02600 0.00956
v -0.25603 -0.02600 0.01021
v -0.25547 -0.02600 0.01018
v -0.25459 -0.02600 0.01080
v -0.25443 -0.02600 0.01133
v -0.25285 -0.02600 0.01219
v -0.25282 -0.02600 0.01259
v -0.25295 -0.02600 0.01297
v -0.25766 -0.02600 0.01357
v -0.25747 -0.02600 0.01392
v -0.25716 -0.02600 0.01418
v -0.25678 -0.02600 0.01429
v -0.26465 -0.02600 0.01418
v -0.26193 -0.02600 0.01173
v -0.25936 -0.02600 0.01160
v -0.25895 -0.02600 0.01153
v -0.26512 -0.02600 0.01525
v -0.26512 -0.02600 0.01484
v -0.26495 -0.02600 0.01446
v -0.27435 -0.02600 0.02409
v -0.27463 -0.02600 0.02380
v -0.27570 -0.02600 0.02338
v -0.27478 -0.02600 0.02341
v -0.27475 -0.02600 0.02300
v -0.27489 -0.02600 0.02162
v -0.27456 -0.02600 0.02263
v -0.27210 -0.02600 0.01868
v -0.27047 -0.02600 0.01840
v -0.27011 -0.02600 0.01820
v -0.27687 -0.02600 0.02530
v -0.27635 -0.02600 0.02491
v -0.27571 -0.02600 0.02483
v -0.27512 -0.02600 0.02509
v -0.27322 -0.02600 0.02486
v -0.27473 -0.02600 0.02560
v -0.27465 -0.02600 0.02625
v -0.27484 -0.02600 0.02677
v -0.27525 -0.02600 0.02715
v -0.27578 -0.02600 0.02732
v -0.27633 -0.02600 0.02724
v -0.28080 -0.02600 0.03422
v -0.27679 -0.02600 0.02693
v -0.28099 -0.02600 0.03419
v -0.27587 -0.02600 0.03095
v -0.27279 -0.02600 0.02552
v -0.27294 -0.02600 0.02514
v -0.27280 -0.02600 0.02592
v -0.27297 -0.02600 0.02628
v -0.28263 -0.02600 0.04073
v -0.28277 -0.02600 0.04059
v -0.28351 -0.02600 0.04016
v -0.28286 -0.02600 0.04022
v -0.28144 -0.02600 0.03453
v -0.28152 -0.02600 0.03434
v -0.28134 -0.02600 0.03436
v -0.28119 -0.02600 0.03424
v -0.28022 -0.02600 0.04114
v -0.28244 -0.02600 0.04079
v -0.28260 -0.02600 0.04924
v -0.28198 -0.02600 0.04905
v -0.28009 -0.02600 0.04034
v -0.27911 -0.02600 0.04052
v -0.27963 -0.02600 0.04599
v -0.28304 -0.02600 0.04971
v -0.28319 -0.02600 0.05034
v -0.28357 -0.02600 0.05247
v -0.28300 -0.02600 0.05096
v -0.28135 -0.02600 0.04919
v -0.28088 -0.02600 0.04963
v -0.27927 -0.02600 0.05148
v -0.28070 -0.02600 0.05016
v -0.28076 -0.02600 0.05071
v -0.28115 -0.02600 0.05853
v -0.28239 -0.02600 0.05396
v -0.28238 -0.02600 0.05354
v -0.28016 -0.02600 0.05262
v -0.28106 -0.02600 0.05118
v -0.28151 -0.02600 0.05276
v -0.28153 -0.02600 0.05148
v -0.28191 -0.02600 0.05289
v -0.28208 -0.02600 0.05154
v -0.28261 -0.02600 0.05135
v -0.28221 -0.02600 0.05317
v -0.27947 -0.02600 0.05224
v -0.27929 -0.02600 0.05188
v -0.27977 -0.02600 0.05250
v -0.28265 -0.02600 0.05674
v -0.28212 -0.02600 0.05848
v -0.27935 -0.02600 0.06292
v -0.27973 -0.02600 0.06418
v -0.27701 -0.02600 0.06704
v -0.27645 -0.02600 0.06942
v -0.27237 -0.02600 0.07406
v -0.27194 -0.02600 0.07358
v -0.27223 -0.02600 0.07300
v -0.27220 -0.02600 0.07236
v -0.27139 -0.02600 0.07393
v -0.26900 -0.02600 0.07584
v -0.27084 -0.02600 0.07398
v -0.26926 -0.02600 0.07552
v -0.27032 -0.02600 0.07378
v -0.27269 -0.02600 0.07088
v -0.27303 -0.02600 0.07111
v -0.27184 -0.02600 0.07181
v -0.27344 -0.02600 0.07119
v -0.27384 -0.02600 0.07109
v -0.27417 -0.02600 0.07084
v -0.27174 -0.02600 0.06990
v -0.27127 -0.02600 0.07152
v -0.27141 -0.02600 0.06968
v -0.27062 -0.02600 0.07155
v -0.27102 -0.02600 0.06960
v -0.26937 -0.02600 0.07512
v -0.26931 -0.02600 0.07471
v -0.26993 -0.02600 0.07338
v -0.26909 -0.02600 0.07436
v -0.26976 -0.02600 0.07285
v -0.26815 -0.02600 0.07338
v -0.26793 -0.02600 0.07304
v -0.26787 -0.02600 0.07264
v -0.26796 -0.02600 0.07226
v -0.26984 -0.02600 0.07230
v -0.26820 -0.02600 0.07193
v -0.27014 -0.02600 0.07184
v -0.27030 -0.02600 0.06991
v -0.27062 -0.02600 0.06968
v -0.26373 -0.02600 0.07925
v -0.26412 -0.02600 0.07913
v -0.25751 -0.02600 0.07906
v -0.25758 -0.02600 0.07867
v -0.26119 -0.02600 0.07683
v -0.26159 -0.02600 0.07688
v -0.26080 -0.02600 0.07693
v -0.25814 -0.02600 0.07812
v -0.25780 -0.02600 0.07834
v -0.25755 -0.02600 0.08206
v -0.25519 -0.02600 0.08322
v -0.25495 -0.02600 0.08283
v -0.25185 -0.02600 0.08348
v -0.25106 -0.02600 0.08328
v -0.25144 -0.02600 0.08347
v -0.25045 -0.02600 0.08460
v -0.25400 -0.02600 0.08398
v -0.25650 -0.02600 0.08333
v -0.24743 -0.02600 0.08192
v -0.24618 -0.02600 0.08058
v -0.24803 -0.02600 0.08167
v -0.24657 -0.02600 0.08049
v -0.24867 -0.02600 0.08175
v -0.24586 -0.02600 0.08082
v -0.24565 -0.02600 0.08116
v -0.24560 -0.02600 0.08156
v -0.24705 -0.02600 0.08244
v -0.24570 -0.02600 0.08292
v -0.24697 -0.02600 0.08308
v -0.24564 -0.02600 0.08333
v -0.24542 -0.02600 0.08368
v -0.24722 -0.02600 0.08368
v -0.24508 -0.02600 0.08391
v -0.24828 -0.02600 0.08416
v -0.24428 -0.02600 0.08488
v -0.24774 -0.02600 0.08407
v -0.24882 -0.02600 0.08400
v -0.24923 -0.02600 0.08363
v -0.24944 -0.02600 0.08311
v -0.25023 -0.02600 0.08051
v -0.24913 -0.02600 0.08207
v -0.24988 -0.02600 0.08032
v -0.24948 -0.02600 0.08028
v -0.25048 -0.02600 0.08082
v -0.25059 -0.02600 0.08121
v -0.24940 -0.02600 0.08255
v -0.25069 -0.02600 0.08257
v -0.25080 -0.02600 0.08296
v -0.23220 -0.02600 0.08247
v -0.23532 -0.02600 0.08255
v -0.23814 -0.02600 0.08416
v -0.23995 -0.02600 0.08357
v -0.24468 -0.02600 0.08399
v -0.22615 -0.02600 0.07775
v -0.22615 -0.02600 0.07817
v -0.22437 -0.02600 0.07847
v -0.22632 -0.02600 0.07854
v -0.22660 -0.02600 0.07985
v -0.22662 -0.02600 0.07882
v -0.23085 -0.02600 0.08096
v -0.22337 -0.02600 0.07306
v -0.22375 -0.02600 0.07293
v -0.22415 -0.02600 0.07296
v -0.22295 -0.02600 0.07600
v -0.22197 -0.02600 0.07471
v -0.22314 -0.02600 0.07538
v -0.22228 -0.02600 0.07444
v -0.22361 -0.02600 0.07494
v -0.22308 -0.02600 0.07333
v -0.22424 -0.02600 0.07479
v -0.22486 -0.02600 0.07498
v -0.22451 -0.02600 0.07314
v -0.22530 -0.02600 0.07545
v -0.22687 -0.02600 0.07485
v -0.22545 -0.02600 0.07609
v -0.22715 -0.02600 0.07513
v -0.22526 -0.02600 0.07670
v -0.22632 -0.02600 0.07737
v -0.22479 -0.02600 0.07715
v -0.22416 -0.02600 0.07729
v -0.22354 -0.02600 0.07710
v -0.22360 -0.02600 0.07795
v -0.22310 -0.02600 0.07663
v -0.22158 -0.02600 0.07484
v -0.22150 -0.02600 0.07636
v -0.22116 -0.02600 0.07480
v -0.21036 -0.02600 0.05823
v -0.21024 -0.02600 0.05863
v -0.20921 -0.02600 0.05866
v -0.21030 -0.02600 0.05904
v -0.21038 -0.02600 0.06172
v -0.21216 -0.02600 0.06340
v -0.21172 -0.02600 0.06451
v -0.21328 -0.02600 0.06718
v -0.21456 -0.02600 0.06749
v -0.21702 -0.02600 0.07210
v -0.21746 -0.02600 0.07124
v -0.22080 -0.02600 0.07460
v -0.20774 -0.02600 0.05267
v -0.20900 -0.02600 0.05509
v -0.20840 -0.02600 0.05587
v -0.20904 -0.02600 0.05574
v -0.20939 -0.02600 0.05628
v -0.20997 -0.02600 0.05657
v -0.21062 -0.02600 0.05792
v -0.21100 -0.02600 0.05774
v -0.21061 -0.02600 0.05654
v -0.21115 -0.02600 0.05619
v -0.21145 -0.02600 0.05561
v -0.21144 -0.02600 0.05506
v -0.21119 -0.02600 0.05456
v -0.21075 -0.02600 0.05422
v -0.21034 -0.02600 0.05275
v -0.21021 -0.02600 0.05410
v -0.20967 -0.02600 0.05423
v -0.20898 -0.02600 0.05275
v -0.20941 -0.02600 0.05291
v -0.20978 -0.02600 0.05289
v -0.21294 -0.02600 0.05694
v -0.21307 -0.02600 0.05651
v -0.21304 -0.02600 0.05615
v -0.21233 -0.02600 0.05332
v -0.21111 -0.02600 0.05255
v -0.21151 -0.02600 0.05254
v -0.21188 -0.02600 0.05268
v -0.21217 -0.02600 0.05296
v -0.20924 -0.02600 0.05459
v -0.20867 -0.02600 0.05241
v -0.20855 -0.02600 0.05206
v -0.20738 -0.02600 0.04978
v -0.20814 -0.02600 0.04620
v -0.20724 -0.02600 0.04622
v -0.20823 -0.02600 0.04579
v -0.20847 -0.02600 0.04546
v -0.21058 -0.02600 0.04187
v -0.21198 -0.02600 0.04112
v -0.21083 -0.02600 0.04256
v -0.21200 -0.02600 0.04152
v -0.21072 -0.02600 0.04329
v -0.21027 -0.02600 0.04388
v -0.20960 -0.02600 0.04418
v -0.21180 -0.02600 0.04076
v -0.21150 -0.02600 0.04050
v -0.21112 -0.02600 0.04038
v -0.21003 -0.02600 0.04138
v -0.20976 -0.02600 0.04024
v -0.20931 -0.02600 0.04121
v -0.20937 -0.02600 0.04011
v -0.21042 -0.02600 0.03360
v -0.21008 -0.02600 0.03459
v -0.20889 -0.02600 0.03904
v -0.20780 -0.02600 0.03996
v -0.20889 -0.02600 0.03946
v -0.20906 -0.02600 0.03983
v -0.20924 -0.02600 0.04521
v -0.20886 -0.02600 0.04413
v -0.20860 -0.02600 0.04140
v -0.20883 -0.02600 0.04525
v -0.20824 -0.02600 0.04373
v -0.20801 -0.02600 0.04341
v -0.20735 -0.02600 0.04360
v -0.20784 -0.02600 0.04265
v -0.20806 -0.02600 0.04191
v -0.21160 -0.02600 0.04481
v -0.21135 -0.02600 0.04512
v -0.21100 -0.02600 0.04531
v -0.28286 -0.02600 0.04041
v -0.28263 -0.02600 0.03620
v -0.28200 -0.02600 0.03416
v -0.27955 -0.02600 0.02849
v -0.27708 -0.02600 0.02645
v -0.27712 -0.02600 0.02590
v -0.27622 -0.02600 0.02328
v -0.22665 -0.02850 0.05659
v -0.22836 -0.02850 0.05930
v -0.22665 -0.03150 0.05659
v -0.22916 -0.03150 0.06031
v -0.23239 -0.02850 0.06344
v -0.23239 -0.03150 0.06344
v -0.23046 -0.02850 0.06173
v -0.22916 -0.02850 0.06031
v -0.23290 -0.02850 0.06383
v -0.23563 -0.02850 0.06553
v -0.23620 -0.03150 0.06582
v -0.23620 -0.02850 0.06582
v -0.24043 -0.03150 0.06736
v -0.23858 -0.02850 0.06681
v -0.24043 -0.02850 0.06736
v -0.24168 -0.02850 0.06763
v -0.24488 -0.03150 0.06799
v -0.24488 -0.02850 0.06799
v -0.24809 -0.02850 0.06786
v -0.24936 -0.03150 0.06768
v -0.25368 -0.02850 0.06644
v -0.25368 -0.03150 0.06644
v -0.25124 -0.02850 0.06726
v -0.24936 -0.02850 0.06768
v -0.25427 -0.02850 0.06619
v -0.25711 -0.02850 0.06468
v -0.25765 -0.03150 0.06433
v -0.25765 -0.02850 0.06433
v -0.26110 -0.03150 0.06144
v -0.25969 -0.02850 0.06277
v -0.26110 -0.02850 0.06144
v -0.26196 -0.02850 0.06049
v -0.26386 -0.03150 0.05790
v -0.26386 -0.02850 0.05790
v -0.26536 -0.02850 0.05506
v -0.26584 -0.03150 0.05386
v -0.26693 -0.02850 0.04950
v -0.26693 -0.03150 0.04950
v -0.26642 -0.02850 0.05202
v -0.26584 -0.02850 0.05386
v -0.26701 -0.02850 0.04886
v -0.26712 -0.02850 0.04565
v -0.26709 -0.03150 0.04501
v -0.26709 -0.02850 0.04501
v -0.26631 -0.03150 0.04058
v -0.26675 -0.02850 0.04246
v -0.26463 -0.02850 0.03642
v -0.26463 -0.03150 0.03642
v -0.26592 -0.02850 0.03936
v -0.26631 -0.02850 0.04058
v -0.26291 -0.02850 0.03370
v -0.26211 -0.03150 0.03269
v -0.25888 -0.02850 0.02956
v -0.25888 -0.03150 0.02956
v -0.26081 -0.02850 0.03127
v -0.26211 -0.02850 0.03269
v -0.25837 -0.02850 0.02918
v -0.25564 -0.02850 0.02747
v -0.25507 -0.03150 0.02718
v -0.25507 -0.02850 0.02718
v -0.25085 -0.03150 0.02564
v -0.25270 -0.02850 0.02619
v -0.25085 -0.02850 0.02564
v -0.24959 -0.02850 0.02537
v -0.24640 -0.03150 0.02501
v -0.24640 -0.02850 0.02501
v -0.24319 -0.02850 0.02514
v -0.24191 -0.03150 0.02533
v -0.23759 -0.02850 0.02656
v -0.23759 -0.03150 0.02656
v -0.24003 -0.02850 0.02574
v -0.24191 -0.02850 0.02533
v -0.23700 -0.02850 0.02681
v -0.23416 -0.02850 0.02832
v -0.23362 -0.03150 0.02867
v -0.23362 -0.02850 0.02867
v -0.23018 -0.03150 0.03156
v -0.23158 -0.02850 0.03023
v -0.23018 -0.02850 0.03156
v -0.22931 -0.02850 0.03251
v -0.22741 -0.03150 0.03510
v -0.22741 -0.02850 0.03510
v -0.22591 -0.02850 0.03794
v -0.22544 -0.03150 0.03914
v -0.22435 -0.02850 0.04350
v -0.22435 -0.03150 0.04350
v -0.22486 -0.02850 0.04098
v -0.22544 -0.02850 0.03914
v -0.22427 -0.02850 0.04414
v -0.22415 -0.02850 0.04735
v -0.22419 -0.03150 0.04799
v -0.22419 -0.02850 0.04799
v -0.22497 -0.03150 0.05242
v -0.22452 -0.02850 0.05054
v -0.22536 -0.02850 0.05364
v -0.22497 -0.02850 0.05242
v -0.22396 -0.02804 0.04410
v -0.22385 -0.02804 0.04736
v -0.22401 -0.02815 0.04735
v -0.22638 -0.02804 0.05673
v -0.22507 -0.02804 0.05375
v -0.26316 -0.02804 0.03351
v -0.22448 -0.02831 0.05055
v -0.22438 -0.02815 0.05057
v -0.22422 -0.02804 0.05060
v -0.25839 -0.02831 0.02915
v -0.26084 -0.02831 0.03124
v -0.26091 -0.02815 0.03116
v -0.25566 -0.02831 0.02744
v -0.25846 -0.02815 0.02906
v -0.26103 -0.02804 0.03105
v -0.25855 -0.02804 0.02893
v -0.25579 -0.02804 0.02720
v -0.25571 -0.02815 0.02734
v -0.25274 -0.02815 0.02605
v -0.25271 -0.02831 0.02616
v -0.24960 -0.02831 0.02533
v -0.25280 -0.02804 0.02590
v -0.24965 -0.02804 0.02506
v -0.24962 -0.02815 0.02522
v -0.24640 -0.02815 0.02487
v -0.24640 -0.02831 0.02498
v -0.24318 -0.02831 0.02510
v -0.24641 -0.02804 0.02471
v -0.24315 -0.02804 0.02483
v -0.24317 -0.02815 0.02500
v -0.23999 -0.02815 0.02560
v -0.24002 -0.02831 0.02571
v -0.23698 -0.02831 0.02678
v -0.23995 -0.02804 0.02545
v -0.23694 -0.02815 0.02668
v -0.23414 -0.02831 0.02829
v -0.23688 -0.02804 0.02653
v -0.23400 -0.02804 0.02806
v -0.23408 -0.02815 0.02820
v -0.23148 -0.02815 0.03012
v -0.23155 -0.02831 0.03020
v -0.22928 -0.02831 0.03248
v -0.23138 -0.02804 0.03000
v -0.22908 -0.02804 0.03231
v -0.22920 -0.02815 0.03241
v -0.22729 -0.02815 0.03502
v -0.22738 -0.02831 0.03508
v -0.22588 -0.02831 0.03793
v -0.22715 -0.02804 0.03493
v -0.22563 -0.02804 0.03782
v -0.22578 -0.02815 0.03788
v -0.22472 -0.02815 0.04094
v -0.22482 -0.02831 0.04097
v -0.22423 -0.02831 0.04413
v -0.22456 -0.02804 0.04090
v -0.22412 -0.02815 0.04412
v -0.22412 -0.02831 0.04735
v -0.26490 -0.02804 0.03627
v -0.26303 -0.02815 0.03361
v -0.26475 -0.02815 0.03635
v -0.26294 -0.02831 0.03367
v -0.26466 -0.02831 0.03640
v -0.22532 -0.02831 0.05366
v -0.22522 -0.02815 0.05369
v -0.22652 -0.02815 0.05665
v -0.22662 -0.02831 0.05660
v -0.26731 -0.02804 0.04890
v -0.26743 -0.02804 0.04564
v -0.26727 -0.02815 0.04565
v -0.26621 -0.02804 0.03926
v -0.22812 -0.02804 0.05949
v -0.26679 -0.02831 0.04245
v -0.26690 -0.02815 0.04243
v -0.26706 -0.02804 0.04240
v -0.23288 -0.02831 0.06385
v -0.23044 -0.02831 0.06176
v -0.23036 -0.02815 0.06184
v -0.23561 -0.02831 0.06556
v -0.23282 -0.02815 0.06394
v -0.23025 -0.02804 0.06195
v -0.23272 -0.02804 0.06407
v -0.23549 -0.02804 0.06580
v -0.23556 -0.02815 0.06566
v -0.23853 -0.02815 0.06695
v -0.23856 -0.02831 0.06684
v -0.24168 -0.02831 0.06767
v -0.23848 -0.02804 0.06710
v -0.24163 -0.02804 0.06794
v -0.24166 -0.02815 0.06778
v -0.24487 -0.02815 0.06813
v -0.24488 -0.02831 0.06803
v -0.24809 -0.02831 0.06790
v -0.24487 -0.02804 0.06829
v -0.24812 -0.02804 0.06817
v -0.24810 -0.02815 0.06801
v -0.25128 -0.02815 0.06740
v -0.25125 -0.02831 0.06729
v -0.25429 -0.02831 0.06622
v -0.25133 -0.02804 0.06755
v -0.25433 -0.02815 0.06632
v -0.25713 -0.02831 0.06471
v -0.25440 -0.02804 0.06647
v -0.25728 -0.02804 0.06494
v -0.25719 -0.02815 0.06481
v -0.25979 -0.02815 0.06288
v -0.25972 -0.02831 0.06280
v -0.26199 -0.02831 0.06052
v -0.25990 -0.02804 0.06300
v -0.26220 -0.02804 0.06069
v -0.26207 -0.02815 0.06059
v -0.26399 -0.02815 0.05798
v -0.26390 -0.02831 0.05792
v -0.26540 -0.02831 0.05507
v -0.26413 -0.02804 0.05807
v -0.26564 -0.02804 0.05518
v -0.26549 -0.02815 0.05512
v -0.26656 -0.02815 0.05206
v -0.26645 -0.02831 0.05203
v -0.26704 -0.02831 0.04887
v -0.26671 -0.02804 0.05210
v -0.26715 -0.02815 0.04888
v -0.26716 -0.02831 0.04565
v -0.22825 -0.02815 0.05939
v -0.22833 -0.02831 0.05933
v -0.26595 -0.02831 0.03935
v -0.26605 -0.02815 0.03931
v -0.26673 -0.02650 0.01550
v -0.26637 -0.02650 0.01563
v -0.26608 -0.02650 0.01584
v -0.26580 -0.02650 0.01616
v -0.26566 -0.02650 0.01645
v -0.26557 -0.02650 0.01691
v -0.26559 -0.02650 0.01718
v -0.26575 -0.02650 0.01766
v -0.26194 -0.02650 0.08027
v -0.26197 -0.02650 0.07953
v -0.26165 -0.02650 0.07887
v -0.26120 -0.02650 0.07851
v -0.26105 -0.02650 0.07844
v -0.26056 -0.02650 0.07834
v -0.20824 -0.02650 0.04373
v -0.20854 -0.02650 0.04398
v -0.20886 -0.02650 0.04413
v -0.20928 -0.02650 0.04421
v -0.20960 -0.02650 0.04418
v -0.21004 -0.02650 0.04403
v -0.21027 -0.02650 0.04388
v -0.21061 -0.02650 0.04350
v -0.21050 -0.02650 0.03339
v -0.20889 -0.02650 0.03904
v -0.20889 -0.02650 0.03946
v -0.20906 -0.02650 0.03983
v -0.20937 -0.02650 0.04011
v -0.20976 -0.02650 0.04024
v -0.21112 -0.02650 0.04038
v -0.21150 -0.02650 0.04050
v -0.21180 -0.02650 0.04076
v -0.21198 -0.02650 0.04112
v -0.21200 -0.02650 0.04152
v -0.21170 -0.02650 0.04442
v -0.21160 -0.02650 0.04481
v -0.21135 -0.02650 0.04512
v -0.21100 -0.02650 0.04531
v -0.21060 -0.02650 0.04535
v -0.20924 -0.02650 0.04521
v -0.20814 -0.02650 0.04620
v -0.20823 -0.02650 0.04579
v -0.20847 -0.02650 0.04546
v -0.20883 -0.02650 0.04525
v -0.20855 -0.02650 0.05206
v -0.20867 -0.02650 0.05241
v -0.20898 -0.02650 0.05275
v -0.20941 -0.02650 0.05291
v -0.20978 -0.02650 0.05289
v -0.21111 -0.02650 0.05255
v -0.21151 -0.02650 0.05254
v -0.21188 -0.02650 0.05268
v -0.21217 -0.02650 0.05296
v -0.21233 -0.02650 0.05332
v -0.21304 -0.02650 0.05615
v -0.21264 -0.02650 0.05726
v -0.21232 -0.02650 0.05740
v -0.21294 -0.02650 0.05694
v -0.21307 -0.02650 0.05651
v -0.21100 -0.02650 0.05774
v -0.21062 -0.02650 0.05792
v -0.21036 -0.02650 0.05823
v -0.21024 -0.02650 0.05863
v -0.21030 -0.02650 0.05904
v -0.22080 -0.02650 0.07460
v -0.21746 -0.02650 0.07124
v -0.21456 -0.02650 0.06749
v -0.21216 -0.02650 0.06340
v -0.22116 -0.02650 0.07480
v -0.22158 -0.02650 0.07484
v -0.22197 -0.02650 0.07471
v -0.22228 -0.02650 0.07444
v -0.22308 -0.02650 0.07333
v -0.22337 -0.02650 0.07306
v -0.22375 -0.02650 0.07293
v -0.22415 -0.02650 0.07296
v -0.22451 -0.02650 0.07314
v -0.22687 -0.02650 0.07485
v -0.22715 -0.02650 0.07513
v -0.22730 -0.02650 0.07550
v -0.22729 -0.02650 0.07591
v -0.22712 -0.02650 0.07627
v -0.22632 -0.02650 0.07737
v -0.22615 -0.02650 0.07775
v -0.22615 -0.02650 0.07817
v -0.22632 -0.02650 0.07854
v -0.22662 -0.02650 0.07882
v -0.24468 -0.02650 0.08399
v -0.23995 -0.02650 0.08357
v -0.23532 -0.02650 0.08255
v -0.23085 -0.02650 0.08096
v -0.24508 -0.02650 0.08391
v -0.24542 -0.02650 0.08368
v -0.24564 -0.02650 0.08333
v -0.24570 -0.02650 0.08292
v -0.24560 -0.02650 0.08156
v -0.24565 -0.02650 0.08116
v -0.24586 -0.02650 0.08082
v -0.24618 -0.02650 0.08058
v -0.24657 -0.02650 0.08049
v -0.24948 -0.02650 0.08028
v -0.25059 -0.02650 0.08121
v -0.25048 -0.02650 0.08082
v -0.25023 -0.02650 0.08051
v -0.24988 -0.02650 0.08032
v -0.25069 -0.02650 0.08257
v -0.25080 -0.02650 0.08296
v -0.25106 -0.02650 0.08328
v -0.25144 -0.02650 0.08347
v -0.25185 -0.02650 0.08348
v -0.25755 -0.02650 0.08206
v -0.25791 -0.02650 0.08185
v -0.25815 -0.02650 0.08151
v -0.25824 -0.02650 0.08111
v -0.25815 -0.02650 0.08070
v -0.25760 -0.02650 0.07946
v -0.25751 -0.02650 0.07906
v -0.25758 -0.02650 0.07867
v -0.25780 -0.02650 0.07834
v -0.25814 -0.02650 0.07812
v -0.26080 -0.02650 0.07693
v -0.26119 -0.02650 0.07683
v -0.26159 -0.02650 0.07688
v -0.26193 -0.02650 0.07709
v -0.26216 -0.02650 0.07742
v -0.26272 -0.02650 0.07866
v -0.26412 -0.02650 0.07913
v -0.26373 -0.02650 0.07925
v -0.26332 -0.02650 0.07921
v -0.26296 -0.02650 0.07900
v -0.26900 -0.02650 0.07584
v -0.26926 -0.02650 0.07552
v -0.26937 -0.02650 0.07512
v -0.26931 -0.02650 0.07471
v -0.26909 -0.02650 0.07436
v -0.26815 -0.02650 0.07338
v -0.26793 -0.02650 0.07304
v -0.26787 -0.02650 0.07264
v -0.26796 -0.02650 0.07226
v -0.26820 -0.02650 0.07193
v -0.27030 -0.02650 0.06991
v -0.27174 -0.02650 0.06990
v -0.27141 -0.02650 0.06968
v -0.27102 -0.02650 0.06960
v -0.27062 -0.02650 0.06968
v -0.27269 -0.02650 0.07088
v -0.27303 -0.02650 0.07111
v -0.27344 -0.02650 0.07119
v -0.27384 -0.02650 0.07109
v -0.27417 -0.02650 0.07084
v -0.28239 -0.02650 0.05396
v -0.28115 -0.02650 0.05853
v -0.27935 -0.02650 0.06292
v -0.27701 -0.02650 0.06704
v -0.28238 -0.02650 0.05354
v -0.28221 -0.02650 0.05317
v -0.28191 -0.02650 0.05289
v -0.28151 -0.02650 0.05276
v -0.28016 -0.02650 0.05262
v -0.27977 -0.02650 0.05250
v -0.27947 -0.02650 0.05224
v -0.27929 -0.02650 0.05188
v -0.27927 -0.02650 0.05148
v -0.27963 -0.02650 0.04599
v -0.27911 -0.02650 0.04052
v -0.28009 -0.02650 0.04034
v -0.28022 -0.02650 0.04114
v -0.28244 -0.02650 0.04079
v -0.28263 -0.02650 0.04073
v -0.28277 -0.02650 0.04059
v -0.28286 -0.02650 0.04041
v -0.28286 -0.02650 0.04022
v -0.28144 -0.02650 0.03453
v -0.28134 -0.02650 0.03436
v -0.28119 -0.02650 0.03424
v -0.28099 -0.02650 0.03419
v -0.28080 -0.02650 0.03422
v -0.27868 -0.02650 0.03496
v -0.27894 -0.02650 0.03572
v -0.27799 -0.02650 0.03603
v -0.27587 -0.02650 0.03095
v -0.27297 -0.02650 0.02628
v -0.27322 -0.02650 0.02486
v -0.27294 -0.02650 0.02514
v -0.27279 -0.02650 0.02552
v -0.27280 -0.02650 0.02592
v -0.27435 -0.02650 0.02409
v -0.27463 -0.02650 0.02380
v -0.27478 -0.02650 0.02341
v -0.27475 -0.02650 0.02300
v -0.27456 -0.02650 0.02263
v -0.27047 -0.02650 0.01840
v -0.27011 -0.02650 0.01820
v -0.26970 -0.02650 0.01816
v -0.26931 -0.02650 0.01829
v -0.26900 -0.02650 0.01856
v -0.26820 -0.02650 0.01967
v -0.26790 -0.02650 0.01994
v -0.26752 -0.02650 0.02007
v -0.26712 -0.02650 0.02004
v -0.26677 -0.02650 0.01986
v -0.26441 -0.02650 0.01815
v -0.26413 -0.02650 0.01787
v -0.26398 -0.02650 0.01750
v -0.26399 -0.02650 0.01710
v -0.26415 -0.02650 0.01673
v -0.26495 -0.02650 0.01563
v -0.26465 -0.02650 0.01418
v -0.26495 -0.02650 0.01446
v -0.26512 -0.02650 0.01484
v -0.26512 -0.02650 0.01525
v -0.25936 -0.02650 0.01160
v -0.25895 -0.02650 0.01153
v -0.25855 -0.02650 0.01164
v -0.25823 -0.02650 0.01189
v -0.25803 -0.02650 0.01226
v -0.25766 -0.02650 0.01357
v -0.25747 -0.02650 0.01392
v -0.25716 -0.02650 0.01418
v -0.25678 -0.02650 0.01429
v -0.25638 -0.02650 0.01424
v -0.25358 -0.02650 0.01344
v -0.25285 -0.02650 0.01219
v -0.25282 -0.02650 0.01259
v -0.25295 -0.02650 0.01297
v -0.25322 -0.02650 0.01327
v -0.25323 -0.02650 0.01088
v -0.25326 -0.02650 0.01047
v -0.25312 -0.02650 0.01008
v -0.25283 -0.02650 0.00978
v -0.25245 -0.02650 0.00962
v -0.23372 -0.02650 0.01094
v -0.23830 -0.02650 0.00972
v -0.24300 -0.02650 0.00909
v -0.24774 -0.02650 0.00906
v -0.23336 -0.02650 0.01115
v -0.23312 -0.02650 0.01149
v -0.23304 -0.02650 0.01190
v -0.23312 -0.02650 0.01230
v -0.23368 -0.02650 0.01355
v -0.23377 -0.02650 0.01394
v -0.23369 -0.02650 0.01433
v -0.23347 -0.02650 0.01466
v -0.23313 -0.02650 0.01488
v -0.23047 -0.02650 0.01607
v -0.22911 -0.02650 0.01558
v -0.22935 -0.02650 0.01591
v -0.22969 -0.02650 0.01612
v -0.23008 -0.02650 0.01617
v -0.22856 -0.02650 0.01434
v -0.22831 -0.02650 0.01400
v -0.22796 -0.02650 0.01379
v -0.22755 -0.02650 0.01375
v -0.22715 -0.02650 0.01387
v -0.21365 -0.02650 0.02692
v -0.21638 -0.02650 0.02304
v -0.21957 -0.02650 0.01954
v -0.22318 -0.02650 0.01647
v -0.21351 -0.02650 0.02731
v -0.21355 -0.02650 0.02773
v -0.21374 -0.02650 0.02809
v -0.21407 -0.02650 0.02834
v -0.21529 -0.02650 0.02894
v -0.21561 -0.02650 0.02919
v -0.21581 -0.02650 0.02954
v -0.21585 -0.02650 0.02993
v -0.21574 -0.02650 0.03032
v -0.21446 -0.02650 0.03294
v -0.21310 -0.02650 0.03344
v -0.21349 -0.02650 0.03354
v -0.21389 -0.02650 0.03348
v -0.21423 -0.02650 0.03327
v -0.21188 -0.02650 0.03284
v -0.21148 -0.02650 0.03274
v -0.21107 -0.02650 0.03281
v -0.21073 -0.02650 0.03304
v -0.25773 -0.02650 0.06050
v -0.26055 -0.02650 0.05746
v -0.26261 -0.02650 0.05386
v -0.26382 -0.02650 0.04990
v -0.22778 -0.02650 0.05132
v -0.22930 -0.02650 0.05518
v -0.25300 -0.02650 0.02953
v -0.26412 -0.02650 0.04577
v -0.26350 -0.02650 0.04168
v -0.26198 -0.02650 0.03782
v -0.25963 -0.02650 0.03440
v -0.25659 -0.02650 0.03159
v -0.23164 -0.02650 0.05860
v -0.23827 -0.02650 0.06347
v -0.24223 -0.02650 0.06468
v -0.24637 -0.02650 0.06499
v -0.25046 -0.02650 0.06436
v -0.23468 -0.02650 0.06141
v -0.22715 -0.02650 0.04723
v -0.22745 -0.02650 0.04310
v -0.25431 -0.02650 0.06284
v -0.24904 -0.02650 0.02832
v -0.24491 -0.02650 0.02801
v -0.24081 -0.02650 0.02864
v -0.23696 -0.02650 0.03016
v -0.23354 -0.02650 0.03250
v -0.23073 -0.02650 0.03554
v -0.22867 -0.02650 0.03914
v -0.22930 -0.02950 0.05518
v -0.23164 -0.02950 0.05860
v -0.23468 -0.02950 0.06141
v -0.23827 -0.02950 0.06347
v -0.24223 -0.02950 0.06468
v -0.24637 -0.02950 0.06499
v -0.25046 -0.02950 0.06436
v -0.25431 -0.02950 0.06284
v -0.25773 -0.02950 0.06050
v -0.26055 -0.02950 0.05746
v -0.26261 -0.02950 0.05386
v -0.26382 -0.02950 0.04990
v -0.26412 -0.02950 0.04577
v -0.26350 -0.02950 0.04168
v -0.26198 -0.02950 0.03782
v -0.25963 -0.02950 0.03440
v -0.25659 -0.02950 0.03159
v -0.25300 -0.02950 0.02953
v -0.24904 -0.02950 0.02832
v -0.24491 -0.02950 0.02801
v -0.24081 -0.02950 0.02864
v -0.23696 -0.02950 0.03016
v -0.23354 -0.02950 0.03250
v -0.23073 -0.02950 0.03554
v -0.22867 -0.02950 0.03914
v -0.22745 -0.02950 0.04310
v -0.22715 -0.02950 0.04723
v -0.22778 -0.02950 0.05132
v -0.24067 -0.02950 0.02810
v -0.23670 -0.02950 0.02967
v -0.23318 -0.02950 0.03208
v -0.23028 -0.02950 0.03521
v -0.22815 -0.02950 0.03891
v -0.22690 -0.02950 0.04299
v -0.22659 -0.02950 0.04725
v -0.22724 -0.02950 0.05147
v -0.22880 -0.02950 0.05544
v -0.23122 -0.02950 0.05896
v -0.23435 -0.02950 0.06186
v -0.23805 -0.02950 0.06399
v -0.24213 -0.02950 0.06524
v -0.24639 -0.02950 0.06555
v -0.25061 -0.02950 0.06490
v -0.25458 -0.02950 0.06333
v -0.25810 -0.02950 0.06092
v -0.26100 -0.02950 0.05779
v -0.26312 -0.02950 0.05409
v -0.26437 -0.02950 0.05001
v -0.26468 -0.02950 0.04575
v -0.26404 -0.02950 0.04153
v -0.26247 -0.02950 0.03756
v -0.26006 -0.02950 0.03404
v -0.25692 -0.02950 0.03114
v -0.25322 -0.02950 0.02902
v -0.24914 -0.02950 0.02777
v -0.24489 -0.02950 0.02746
v -0.22880 -0.03029 0.05544
v -0.23122 -0.03029 0.05896
v -0.23435 -0.03029 0.06186
v -0.23805 -0.03029 0.06399
v -0.24213 -0.03029 0.06524
v -0.24639 -0.03029 0.06555
v -0.25061 -0.03029 0.06490
v -0.25458 -0.03029 0.06333
v -0.25810 -0.03029 0.06092
v -0.26100 -0.03029 0.05779
v -0.26312 -0.03029 0.05409
v -0.26437 -0.03029 0.05001
v -0.26468 -0.03029 0.04575
v -0.26404 -0.03029 0.04153
v -0.26247 -0.03029 0.03756
v -0.26006 -0.03029 0.03404
v -0.25692 -0.03029 0.03114
v -0.25322 -0.03029 0.02902
v -0.24914 -0.03029 0.02777
v -0.24489 -0.03029 0.02746
v -0.24067 -0.03029 0.02810
v -0.23670 -0.03029 0.02967
v -0.23318 -0.03029 0.03208
v -0.23028 -0.03029 0.03521
v -0.22815 -0.03029 0.03891
v -0.22690 -0.03029 0.04299
v -0.22659 -0.03029 0.04725
v -0.22724 -0.03029 0.05147
v -0.26350 -0.03029 0.04168
v -0.26412 -0.03029 0.04577
v -0.26382 -0.03029 0.04990
v -0.26261 -0.03029 0.05386
v -0.26055 -0.03029 0.05746
v -0.25773 -0.03029 0.06050
v -0.25431 -0.03029 0.06284
v -0.25046 -0.03029 0.06436
v -0.24637 -0.03029 0.06499
v -0.24223 -0.03029 0.06468
v -0.23827 -0.03029 0.06347
v -0.23468 -0.03029 0.06141
v -0.23164 -0.03029 0.05860
v -0.22930 -0.03029 0.05518
v -0.22778 -0.03029 0.05132
v -0.22715 -0.03029 0.04723
v -0.22745 -0.03029 0.04310
v -0.22867 -0.03029 0.03914
v -0.23073 -0.03029 0.03554
v -0.23354 -0.03029 0.03250
v -0.23696 -0.03029 0.03016
v -0.24081 -0.03029 0.02864
v -0.24491 -0.03029 0.02801
v -0.24904 -0.03029 0.02832
v -0.25300 -0.03029 0.02953
v -0.25659 -0.03029 0.03159
v -0.25963 -0.03029 0.03440
v -0.26198 -0.03029 0.03782
v -0.26198 -0.03100 0.03782
v -0.25963 -0.03100 0.03440
v -0.25659 -0.03100 0.03159
v -0.25300 -0.03100 0.02953
v -0.24904 -0.03100 0.02832
v -0.24491 -0.03100 0.02801
v -0.24081 -0.03100 0.02864
v -0.23696 -0.03100 0.03016
v -0.23354 -0.03100 0.03250
v -0.23073 -0.03100 0.03554
v -0.22867 -0.03100 0.03914
v -0.22745 -0.03100 0.04310
v -0.22715 -0.03100 0.04723
v -0.22778 -0.03100 0.05132
v -0.22930 -0.03100 0.05518
v -0.23164 -0.03100 0.05860
v -0.23468 -0.03100 0.06141
v -0.23827 -0.03100 0.06347
v -0.24223 -0.03100 0.06468
v -0.24637 -0.03100 0.06499
v -0.25046 -0.03100 0.06436
v -0.25431 -0.03100 0.06284
v -0.25773 -0.03100 0.06050
v -0.26055 -0.03100 0.05746
v -0.26261 -0.03100 0.05386
v -0.26382 -0.03100 0.04990
v -0.26412 -0.03100 0.04577
v -0.26350 -0.03100 0.04168
v -0.22904 -0.03150 0.05531
v -0.23142 -0.03150 0.05878
v -0.23451 -0.03150 0.06164
v -0.23816 -0.03150 0.06374
v -0.24218 -0.03150 0.06497
v -0.24638 -0.03150 0.06527
v -0.25054 -0.03150 0.06464
v -0.25445 -0.03150 0.06309
v -0.25792 -0.03150 0.06072
v -0.26078 -0.03150 0.05763
v -0.26287 -0.03150 0.05398
v -0.26411 -0.03150 0.04996
v -0.26441 -0.03150 0.04576
v -0.26378 -0.03150 0.04160
v -0.26223 -0.03150 0.03769
v -0.25985 -0.03150 0.03422
v -0.25676 -0.03150 0.03136
v -0.25312 -0.03150 0.02926
v -0.24909 -0.03150 0.02803
v -0.24490 -0.03150 0.02773
v -0.24074 -0.03150 0.02836
v -0.23682 -0.03150 0.02991
v -0.23335 -0.03150 0.03228
v -0.23050 -0.03150 0.03537
v -0.22840 -0.03150 0.03902
v -0.22717 -0.03150 0.04304
v -0.22686 -0.03150 0.04724
v -0.22750 -0.03150 0.05140
v -0.21146 -0.02630 0.06465
v -0.21303 -0.02630 0.06734
v -0.21303 -0.02770 0.06734
v -0.21680 -0.02630 0.07230
v -0.21680 -0.02770 0.07230
v -0.22131 -0.02630 0.07660
v -0.22131 -0.02770 0.07660
v -0.22645 -0.02630 0.08011
v -0.22645 -0.02770 0.08011
v -0.23209 -0.02630 0.08275
v -0.23209 -0.02770 0.08275
v -0.23808 -0.02630 0.08446
v -0.23808 -0.02770 0.08446
v -0.24427 -0.02630 0.08518
v -0.24427 -0.02770 0.08518
v -0.25049 -0.02630 0.08490
v -0.25049 -0.02770 0.08490
v -0.25659 -0.02630 0.08362
v -0.25659 -0.02770 0.08362
v -0.26240 -0.02630 0.08138
v -0.26240 -0.02770 0.08138
v -0.26778 -0.02630 0.07824
v -0.26778 -0.02770 0.07824
v -0.27258 -0.02630 0.07428
v -0.27258 -0.02770 0.07428
v -0.27669 -0.02630 0.06960
v -0.27669 -0.02770 0.06960
v -0.27999 -0.02630 0.06432
v -0.27999 -0.02770 0.06432
v -0.28240 -0.02630 0.05858
v -0.28240 -0.02770 0.05858
v -0.28387 -0.02630 0.05252
v -0.28387 -0.02770 0.05252
v -0.28434 -0.02630 0.04631
v -0.28434 -0.02770 0.04631
v -0.28380 -0.02630 0.04011
v -0.28380 -0.02770 0.04011
v -0.28228 -0.02630 0.03407
v -0.28228 -0.02770 0.03407
v -0.27982 -0.02630 0.02835
v -0.27982 -0.02770 0.02835
v -0.27646 -0.02630 0.02310
v -0.27646 -0.02770 0.02310
v -0.27231 -0.02630 0.01846
v -0.27231 -0.02770 0.01846
v -0.26746 -0.02630 0.01454
v -0.26746 -0.02770 0.01454
v -0.26206 -0.02630 0.01146
v -0.26206 -0.02770 0.01146
v -0.25622 -0.02630 0.00928
v -0.25622 -0.02770 0.00928
v -0.25011 -0.02630 0.00806
v -0.25011 -0.02770 0.00806
v -0.24389 -0.02630 0.00784
v -0.24389 -0.02770 0.00784
v -0.23771 -0.02630 0.00862
v -0.23771 -0.02770 0.00862
v -0.23174 -0.02630 0.01038
v -0.23174 -0.02770 0.01038
v -0.22612 -0.02630 0.01308
v -0.22612 -0.02770 0.01308
v -0.22101 -0.02630 0.01664
v -0.22101 -0.02770 0.01664
v -0.21654 -0.02630 0.02098
v -0.21654 -0.02770 0.02098
v -0.21283 -0.02630 0.02598
v -0.21283 -0.02770 0.02598
v -0.20996 -0.02630 0.03151
v -0.20996 -0.02770 0.03151
v -0.20802 -0.02630 0.03742
v -0.20802 -0.02770 0.03742
v -0.20705 -0.02630 0.04358
v -0.20705 -0.02770 0.04358
v -0.20708 -0.02630 0.04980
v -0.20708 -0.02770 0.04980
v -0.20811 -0.02630 0.05595
v -0.20811 -0.02770 0.05595
v -0.21011 -0.02630 0.06184
v -0.21011 -0.02770 0.06184
v -0.25509 -0.02650 0.05263
v -0.25509 -0.03200 0.05263
v -0.25436 -0.02650 0.05266
v -0.25436 -0.03200 0.05266
v -0.25371 -0.02650 0.05301
v -0.25371 -0.03200 0.05301
v -0.25328 -0.02650 0.05361
v -0.25328 -0.03200 0.05361
v -0.25315 -0.02650 0.05433
v -0.25315 -0.03200 0.05433
v -0.25334 -0.02650 0.05504
v -0.25334 -0.03200 0.05504
v -0.25383 -0.02650 0.05559
v -0.25383 -0.03200 0.05559
v -0.25450 -0.02650 0.05588
v -0.25450 -0.03200 0.05588
v -0.25524 -0.02650 0.05584
v -0.25524 -0.03200 0.05584
v -0.25588 -0.02650 0.05550
v -0.25588 -0.03200 0.05550
v -0.25631 -0.02650 0.05490
v -0.25631 -0.03200 0.05490
v -0.25644 -0.02650 0.05418
v -0.25644 -0.03200 0.05418
v -0.25625 -0.02650 0.05347
v -0.25625 -0.03200 0.05347
v -0.25577 -0.02650 0.05292
v -0.25577 -0.03200 0.05292
v -0.25772 -0.02650 0.05154
v -0.25767 -0.02650 0.05067
v -0.25934 -0.02650 0.05056
v -0.25680 -0.02650 0.05053
v -0.25769 -0.02650 0.05062
v -0.24665 -0.02650 0.04212
v -0.24537 -0.02650 0.04201
v -0.24533 -0.02650 0.04178
v -0.24343 -0.02650 0.05042
v -0.24463 -0.02650 0.05089
v -0.24468 -0.02650 0.05150
v -0.24514 -0.02650 0.05848
v -0.24513 -0.02650 0.05853
v -0.24491 -0.02650 0.05918
v -0.23853 -0.02650 0.05377
v -0.23764 -0.02650 0.05367
v -0.23759 -0.02650 0.05284
v -0.23977 -0.02650 0.05498
v -0.23929 -0.02650 0.05423
v -0.23937 -0.02650 0.05272
v -0.23924 -0.02650 0.06007
v -0.23799 -0.02650 0.05899
v -0.23976 -0.02650 0.05887
v -0.23720 -0.02650 0.05890
v -0.25102 -0.02650 0.04032
v -0.25087 -0.02650 0.03804
v -0.25683 -0.02650 0.03766
v -0.25075 -0.02650 0.03616
v -0.25697 -0.02650 0.03993
v -0.25879 -0.02650 0.03929
v -0.25865 -0.02650 0.03983
v -0.25905 -0.02650 0.03979
v -0.25975 -0.02650 0.04143
v -0.25204 -0.02650 0.03293
v -0.25408 -0.02650 0.03410
v -0.25591 -0.02650 0.03557
v -0.25750 -0.02650 0.03732
v -0.25770 -0.02650 0.03759
v -0.24661 -0.02650 0.03587
v -0.24724 -0.02650 0.03625
v -0.24499 -0.02650 0.03653
v -0.24797 -0.02650 0.03633
v -0.24866 -0.02650 0.03608
v -0.24467 -0.02650 0.03153
v -0.24613 -0.02650 0.03452
v -0.24622 -0.02650 0.03525
v -0.24918 -0.02650 0.03556
v -0.24941 -0.02650 0.03486
v -0.24932 -0.02650 0.03413
v -0.24983 -0.02650 0.03210
v -0.24893 -0.02650 0.03352
v -0.24830 -0.02650 0.03313
v -0.24753 -0.02650 0.03162
v -0.24757 -0.02650 0.03305
v -0.24518 -0.02650 0.03151
v -0.24688 -0.02650 0.03330
v -0.24637 -0.02650 0.03383
v -0.23842 -0.02650 0.03335
v -0.24057 -0.02650 0.03238
v -0.24050 -0.02650 0.03352
v -0.24340 -0.02650 0.03167
v -0.24298 -0.02650 0.03378
v -0.24284 -0.02650 0.03176
v -0.24223 -0.02650 0.03331
v -0.24134 -0.02650 0.03322
v -0.24372 -0.02650 0.03662
v -0.24357 -0.02650 0.03541
v -0.24346 -0.02650 0.03453
v -0.23988 -0.02650 0.03416
v -0.23959 -0.02650 0.03500
v -0.23918 -0.02650 0.03691
v -0.23503 -0.02650 0.03953
v -0.23551 -0.02650 0.04008
v -0.23124 -0.02650 0.04230
v -0.23719 -0.02650 0.04665
v -0.23510 -0.02650 0.04909
v -0.23439 -0.02650 0.04891
v -0.23754 -0.02650 0.05196
v -0.23501 -0.02650 0.05206
v -0.23560 -0.02650 0.05162
v -0.23594 -0.02650 0.05097
v -0.23596 -0.02650 0.05024
v -0.23566 -0.02650 0.04957
v -0.23064 -0.02650 0.04696
v -0.23076 -0.02650 0.04461
v -0.23691 -0.02650 0.04232
v -0.23684 -0.02650 0.04123
v -0.23618 -0.02650 0.04037
v -0.23152 -0.02650 0.05157
v -0.23302 -0.02650 0.05155
v -0.23249 -0.02650 0.05372
v -0.23358 -0.02650 0.05202
v -0.23429 -0.02650 0.05221
v -0.23367 -0.02650 0.04905
v -0.23308 -0.02650 0.04949
v -0.23090 -0.02650 0.04930
v -0.23275 -0.02650 0.05014
v -0.23272 -0.02650 0.05088
v -0.23378 -0.02650 0.05568
v -0.23618 -0.02650 0.05461
v -0.23681 -0.02650 0.05397
v -0.24439 -0.02650 0.05970
v -0.24610 -0.02650 0.06149
v -0.24370 -0.02650 0.05995
v -0.24374 -0.02650 0.06138
v -0.24297 -0.02650 0.05987
v -0.24144 -0.02650 0.06090
v -0.24234 -0.02650 0.05949
v -0.25285 -0.02650 0.05965
v -0.25071 -0.02650 0.06062
v -0.24641 -0.02650 0.05844
v -0.24844 -0.02650 0.06124
v -0.25216 -0.02650 0.05807
v -0.25203 -0.02650 0.05610
v -0.25482 -0.02650 0.05836
v -0.25656 -0.02650 0.05678
v -0.25176 -0.02650 0.05192
v -0.25804 -0.02650 0.05494
v -0.26004 -0.02650 0.05070
v -0.25920 -0.02650 0.05290
v -0.25940 -0.02650 0.05143
v -0.25900 -0.02650 0.04525
v -0.26063 -0.02650 0.04604
v -0.25933 -0.02650 0.04796
v -0.26052 -0.02650 0.04839
v -0.23589 -0.02650 0.05545
v -0.23600 -0.02650 0.05634
v -0.23536 -0.02650 0.05743
v -0.23648 -0.02650 0.05709
v -0.23724 -0.02650 0.05755
v -0.23812 -0.02650 0.05764
v -0.23896 -0.02650 0.05734
v -0.23963 -0.02650 0.05690
v -0.23959 -0.02650 0.05671
v -0.24195 -0.02650 0.05887
v -0.24149 -0.02650 0.05876
v -0.24186 -0.02650 0.05814
v -0.24136 -0.02650 0.05678
v -0.24505 -0.02650 0.05775
v -0.24500 -0.02650 0.05655
v -0.24466 -0.02650 0.05713
v -0.24403 -0.02650 0.05675
v -0.24330 -0.02650 0.05667
v -0.24261 -0.02650 0.05692
v -0.24210 -0.02650 0.05744
v -0.25819 -0.02650 0.04351
v -0.25853 -0.02650 0.04286
v -0.25855 -0.02650 0.04213
v -0.25872 -0.02650 0.04091
v -0.25825 -0.02650 0.04145
v -0.25769 -0.02650 0.04098
v -0.25531 -0.02650 0.04277
v -0.25137 -0.02650 0.04574
v -0.25533 -0.02650 0.04203
v -0.25109 -0.02650 0.04140
v -0.25561 -0.02650 0.04344
v -0.25617 -0.02650 0.04391
v -0.25732 -0.02650 0.04536
v -0.25688 -0.02650 0.04409
v -0.25760 -0.02650 0.04395
v -0.25698 -0.02650 0.04080
v -0.25626 -0.02650 0.04094
v -0.26037 -0.02650 0.04370
v -0.23483 -0.02650 0.03882
v -0.23207 -0.02650 0.04010
v -0.23496 -0.02650 0.03810
v -0.23324 -0.02650 0.03806
v -0.23539 -0.02650 0.03750
v -0.23471 -0.02650 0.03622
v -0.23604 -0.02650 0.03716
v -0.23658 -0.02650 0.03708
v -0.23677 -0.02650 0.03712
v -0.23835 -0.02650 0.03696
v -0.23745 -0.02650 0.03741
v -0.23692 -0.02650 0.04034
v -0.23756 -0.02650 0.03999
v -0.23862 -0.02650 0.04112
v -0.23800 -0.02650 0.03939
v -0.23847 -0.02650 0.03884
v -0.23813 -0.02650 0.03867
v -0.23793 -0.02650 0.03796
v -0.25171 -0.02650 0.05105
v -0.24983 -0.02650 0.04812
v -0.24716 -0.02650 0.05074
v -0.24829 -0.02650 0.05014
v -0.24921 -0.02650 0.04924
v -0.24069 -0.02650 0.04643
v -0.24123 -0.02650 0.04740
v -0.24103 -0.02650 0.05174
v -0.24166 -0.02650 0.04861
v -0.24242 -0.02650 0.04964
v -0.24412 -0.02650 0.04227
v -0.24298 -0.02650 0.04287
v -0.24041 -0.02650 0.04209
v -0.24207 -0.02650 0.04376
v -0.24144 -0.02650 0.04488
v -0.24115 -0.02650 0.04612
v -0.24886 -0.02650 0.04336
v -0.24784 -0.02650 0.04258
v -0.25012 -0.02650 0.04688
v -0.25005 -0.02650 0.04560
v -0.24961 -0.02650 0.04439
v -0.24094 -0.02650 0.03710
v -0.24182 -0.02650 0.03719
v -0.24384 -0.02650 0.03850
v -0.24266 -0.02650 0.03689
v -0.24328 -0.02650 0.03626
v -0.25852 -0.02650 0.05032
v -0.25915 -0.02650 0.04969
v -0.25574 -0.02650 0.04759
v -0.25546 -0.02650 0.04843
v -0.25556 -0.02650 0.04931
v -0.25604 -0.02650 0.05006
v -0.25885 -0.02650 0.04721
v -0.25809 -0.02650 0.04674
v -0.25721 -0.02650 0.04665
v -0.25637 -0.02650 0.04695
v -0.25567 -0.02650 0.04138
v -0.23970 -0.02650 0.03588
v -0.24018 -0.02650 0.03663
v -0.24007 -0.02650 0.03685
v -0.24020 -0.02650 0.03873
v -0.24034 -0.02650 0.04101
v -0.24398 -0.02650 0.04077
v -0.24405 -0.02650 0.04186
v -0.24512 -0.02650 0.03841
v -0.24526 -0.02650 0.04069
v -0.23869 -0.02650 0.04220
v -0.23897 -0.02650 0.04654
v -0.23931 -0.02650 0.05185
v -0.23645 -0.02650 0.03464
v -0.23930 -0.02650 0.03879
v -0.23945 -0.02650 0.04106
v -0.23952 -0.02650 0.04215
v -0.23980 -0.02650 0.04649
v -0.24014 -0.02650 0.05180
v -0.24020 -0.02650 0.05267
v -0.24047 -0.02650 0.05684
v -0.23987 -0.02650 0.05587
v -0.25944 -0.02650 0.04884
v -0.24109 -0.02650 0.05261
v -0.24473 -0.02650 0.05238
v -0.24590 -0.02650 0.05099
v -0.24595 -0.02650 0.05142
v -0.24601 -0.02650 0.05229
v -0.24628 -0.02650 0.05647
v -0.24060 -0.02650 0.05882
v -0.23152 -0.03150 0.05157
v -0.23090 -0.03150 0.04930
v -0.23064 -0.03150 0.04696
v -0.23076 -0.03150 0.04461
v -0.23124 -0.03150 0.04230
v -0.23207 -0.03150 0.04010
v -0.23324 -0.03150 0.03806
v -0.23471 -0.03150 0.03622
v -0.23645 -0.03150 0.03464
v -0.23842 -0.03150 0.03335
v -0.24057 -0.03150 0.03238
v -0.24284 -0.03150 0.03176
v -0.24518 -0.03150 0.03151
v -0.24753 -0.03150 0.03162
v -0.24983 -0.03150 0.03210
v -0.25204 -0.03150 0.03293
v -0.25408 -0.03150 0.03410
v -0.25591 -0.03150 0.03557
v -0.25750 -0.03150 0.03732
v -0.25879 -0.03150 0.03929
v -0.25975 -0.03150 0.04143
v -0.24061 -0.03200 0.03251
v -0.23849 -0.03200 0.03347
v -0.23654 -0.03200 0.03475
v -0.23481 -0.03200 0.03631
v -0.23335 -0.03200 0.03813
v -0.23219 -0.03200 0.04016
v -0.23136 -0.03200 0.04234
v -0.23089 -0.03200 0.04462
v -0.23078 -0.03200 0.04695
v -0.23103 -0.03200 0.04927
v -0.23165 -0.03200 0.05152
v -0.25165 -0.03200 0.03291
v -0.25198 -0.03200 0.03305
v -0.25400 -0.03200 0.03421
v -0.25582 -0.03200 0.03567
v -0.25739 -0.03200 0.03740
v -0.25867 -0.03200 0.03935
v -0.25963 -0.03200 0.04148
v -0.25051 -0.03200 0.03246
v -0.25040 -0.03200 0.03242
v -0.24980 -0.03200 0.03223
v -0.24751 -0.03200 0.03175
v -0.24518 -0.03200 0.03164
v -0.24286 -0.03200 0.03190
v -0.23536 -0.03150 0.05743
v -0.23388 -0.03200 0.05560
v -0.23378 -0.03150 0.05568
v -0.23260 -0.03200 0.05365
v -0.23249 -0.03150 0.05372
v -0.23727 -0.03200 0.05879
v -0.23575 -0.03200 0.05761
v -0.23545 -0.03200 0.05733
v -0.23962 -0.03200 0.06009
v -0.23930 -0.03200 0.05995
v -0.23924 -0.03150 0.06007
v -0.23720 -0.03150 0.05890
v -0.24069 -0.03200 0.06052
v -0.24144 -0.03150 0.06090
v -0.24148 -0.03200 0.06077
v -0.24374 -0.03150 0.06138
v -0.24376 -0.03200 0.06125
v -0.24610 -0.03150 0.06149
v -0.24609 -0.03200 0.06136
v -0.24844 -0.03150 0.06124
v -0.24841 -0.03200 0.06111
v -0.25071 -0.03150 0.06062
v -0.25066 -0.03200 0.06049
v -0.25285 -0.03150 0.05965
v -0.25279 -0.03200 0.05953
v -0.25482 -0.03150 0.05836
v -0.25474 -0.03200 0.05825
v -0.25656 -0.03150 0.05678
v -0.25647 -0.03200 0.05669
v -0.25724 -0.03200 0.05579
v -0.25804 -0.03150 0.05494
v -0.25793 -0.03200 0.05487
v -0.25920 -0.03150 0.05290
v -0.25908 -0.03200 0.05284
v -0.26063 -0.03150 0.04604
v -0.26038 -0.03200 0.04838
v -0.26052 -0.03150 0.04839
v -0.25991 -0.03200 0.05066
v -0.26004 -0.03150 0.05070
v -0.25968 -0.03200 0.05139
v -0.25943 -0.03200 0.05205
v -0.26024 -0.03200 0.04373
v -0.26042 -0.03200 0.04490
v -0.26050 -0.03200 0.04605
v -0.26037 -0.03150 0.04370
v -0.24932 -0.03200 0.03413
v -0.24941 -0.03200 0.03486
v -0.25063 -0.03200 0.03617
v -0.23439 -0.03200 0.04891
v -0.23510 -0.03200 0.04909
v -0.23517 -0.03200 0.04821
v -0.24051 -0.03200 0.05089
v -0.23961 -0.03200 0.04953
v -0.24020 -0.03200 0.05263
v -0.24025 -0.03200 0.05647
v -0.24001 -0.03200 0.05697
v -0.24047 -0.03200 0.05684
v -0.23574 -0.03200 0.05715
v -0.25039 -0.03200 0.03250
v -0.24497 -0.03200 0.03285
v -0.23814 -0.03200 0.03698
v -0.23918 -0.03200 0.03691
v -0.23358 -0.03200 0.05202
v -0.23308 -0.03200 0.04949
v -0.23275 -0.03200 0.05014
v -0.23272 -0.03200 0.05088
v -0.23302 -0.03200 0.05155
v -0.23362 -0.03200 0.04664
v -0.23315 -0.03200 0.03940
v -0.23372 -0.03200 0.04830
v -0.23367 -0.03200 0.04905
v -0.23446 -0.03200 0.03721
v -0.23459 -0.03200 0.03931
v -0.24023 -0.03200 0.03310
v -0.23980 -0.03200 0.03345
v -0.23945 -0.03200 0.03389
v -0.23922 -0.03200 0.03440
v -0.24027 -0.03200 0.03733
v -0.23983 -0.03200 0.03699
v -0.23948 -0.03200 0.03655
v -0.23923 -0.03200 0.03605
v -0.23910 -0.03200 0.03551
v -0.23910 -0.03200 0.03495
v -0.24074 -0.03200 0.03285
v -0.24128 -0.03200 0.03272
v -0.24184 -0.03200 0.03272
v -0.24239 -0.03200 0.03284
v -0.24289 -0.03200 0.03308
v -0.25509 -0.03200 0.04525
v -0.25617 -0.03200 0.04391
v -0.25561 -0.03200 0.04344
v -0.25531 -0.03200 0.04277
v -0.25533 -0.03200 0.04203
v -0.25462 -0.03200 0.03801
v -0.25760 -0.03200 0.04395
v -0.25688 -0.03200 0.04409
v -0.25567 -0.03200 0.04138
v -0.25626 -0.03200 0.04094
v -0.25698 -0.03200 0.04080
v -0.25769 -0.03200 0.04098
v -0.25825 -0.03200 0.04145
v -0.25855 -0.03200 0.04213
v -0.25853 -0.03200 0.04286
v -0.25819 -0.03200 0.04351
v -0.25757 -0.03200 0.04614
v -0.25851 -0.03200 0.04637
v -0.25566 -0.03200 0.04688
v -0.25610 -0.03200 0.04653
v -0.25660 -0.03200 0.04628
v -0.25913 -0.03200 0.05049
v -0.25971 -0.03200 0.04970
v -0.25994 -0.03200 0.04876
v -0.25980 -0.03200 0.04779
v -0.25930 -0.03200 0.04695
v -0.25829 -0.03200 0.05099
v -0.25733 -0.03200 0.05113
v -0.25550 -0.03200 0.05164
v -0.25554 -0.03200 0.05228
v -0.25577 -0.03200 0.05585
v -0.25433 -0.03200 0.05595
v -0.25314 -0.03200 0.05602
v -0.25191 -0.03200 0.05610
v -0.24649 -0.03200 0.05645
v -0.24195 -0.03200 0.05887
v -0.24186 -0.03200 0.05814
v -0.24330 -0.03200 0.05667
v -0.24403 -0.03200 0.05675
v -0.24210 -0.03200 0.05744
v -0.24261 -0.03200 0.05692
v -0.24466 -0.03200 0.05713
v -0.24505 -0.03200 0.05775
v -0.24234 -0.03200 0.05949
v -0.24514 -0.03200 0.05848
v -0.24491 -0.03200 0.05918
v -0.24439 -0.03200 0.05970
v -0.24370 -0.03200 0.05995
v -0.24297 -0.03200 0.05987
v -0.23967 -0.03200 0.05741
v -0.23923 -0.03200 0.05777
v -0.23873 -0.03200 0.05801
v -0.23776 -0.03200 0.05816
v -0.23682 -0.03200 0.05792
v -0.23603 -0.03200 0.05734
v -0.23553 -0.03200 0.05650
v -0.23539 -0.03200 0.05554
v -0.23562 -0.03200 0.05459
v -0.23483 -0.03200 0.03882
v -0.23496 -0.03200 0.03810
v -0.23539 -0.03200 0.03750
v -0.23604 -0.03200 0.03716
v -0.23677 -0.03200 0.03712
v -0.23745 -0.03200 0.03741
v -0.23793 -0.03200 0.03796
v -0.23756 -0.03200 0.03999
v -0.23692 -0.03200 0.04034
v -0.23874 -0.03200 0.04630
v -0.23800 -0.03200 0.03939
v -0.23827 -0.03200 0.03907
v -0.23813 -0.03200 0.03867
v -0.23618 -0.03200 0.04037
v -0.23506 -0.03200 0.04654
v -0.23551 -0.03200 0.04008
v -0.23503 -0.03200 0.03953
v -0.25291 -0.03200 0.05245
v -0.25410 -0.03200 0.05238
v -0.24334 -0.03200 0.03342
v -0.24369 -0.03200 0.03386
v -0.24393 -0.03200 0.03436
v -0.24406 -0.03200 0.03491
v -0.24520 -0.03200 0.03652
v -0.24407 -0.03200 0.03547
v -0.24395 -0.03200 0.03601
v -0.24371 -0.03200 0.03652
v -0.24534 -0.03200 0.03861
v -0.24336 -0.03200 0.03696
v -0.24293 -0.03200 0.03731
v -0.24243 -0.03200 0.03756
v -0.24188 -0.03200 0.03769
v -0.23932 -0.03200 0.03900
v -0.24132 -0.03200 0.03769
v -0.24078 -0.03200 0.03757
v -0.24024 -0.03200 0.05327
v -0.23964 -0.03200 0.05388
v -0.23999 -0.03200 0.05431
v -0.24024 -0.03200 0.05481
v -0.24037 -0.03200 0.05536
v -0.24037 -0.03200 0.05592
v -0.23704 -0.03200 0.05331
v -0.23758 -0.03200 0.05318
v -0.23547 -0.03200 0.05293
v -0.23915 -0.03200 0.05270
v -0.23814 -0.03200 0.05317
v -0.23869 -0.03200 0.05329
v -0.23919 -0.03200 0.05334
v -0.23920 -0.03200 0.05353
v -0.23407 -0.03200 0.05367
v -0.23551 -0.03200 0.05358
v -0.23620 -0.03200 0.05381
v -0.23911 -0.03200 0.04477
v -0.23972 -0.03200 0.04326
v -0.24066 -0.03200 0.04194
v -0.24190 -0.03200 0.04088
v -0.24336 -0.03200 0.04015
v -0.24414 -0.03200 0.03992
v -0.24576 -0.03200 0.03975
v -0.23889 -0.03200 0.04638
v -0.23885 -0.03200 0.04797
v -0.23906 -0.03200 0.04800
v -0.24633 -0.03200 0.05321
v -0.24470 -0.03200 0.05319
v -0.24313 -0.03200 0.05277
v -0.24170 -0.03200 0.05199
v -0.24792 -0.03200 0.05285
v -0.25002 -0.03200 0.05163
v -0.24867 -0.03200 0.05253
v -0.25168 -0.03200 0.05253
v -0.25112 -0.03200 0.05043
v -0.25164 -0.03200 0.05189
v -0.25190 -0.03200 0.04901
v -0.25286 -0.03200 0.05181
v -0.25232 -0.03200 0.04743
v -0.25199 -0.03200 0.03818
v -0.25076 -0.03200 0.03826
v -0.25126 -0.03200 0.04277
v -0.24737 -0.03200 0.03998
v -0.24888 -0.03200 0.04058
v -0.25020 -0.03200 0.04153
v -0.25638 -0.03200 0.05090
v -0.25559 -0.03200 0.05032
v -0.25406 -0.03200 0.05173
v -0.25532 -0.03200 0.04732
v -0.25520 -0.03200 0.04692
v -0.25508 -0.03200 0.04783
v -0.25376 -0.03200 0.04701
v -0.25509 -0.03200 0.04948
v -0.25496 -0.03200 0.04894
v -0.25496 -0.03200 0.04838
v -0.23429 -0.03200 0.05221
v -0.23403 -0.03200 0.05303
v -0.23501 -0.03200 0.05206
v -0.23560 -0.03200 0.05162
v -0.23594 -0.03200 0.05097
v -0.23596 -0.03200 0.05024
v -0.23566 -0.03200 0.04957
v -0.25256 -0.03200 0.04709
v -0.25235 -0.03200 0.04581
v -0.25365 -0.03200 0.04534
v -0.25245 -0.03200 0.04542
v -0.25199 -0.03200 0.04422
v -0.25318 -0.03200 0.03811
v -0.25449 -0.03200 0.03592
v -0.25305 -0.03200 0.03602
v -0.25185 -0.03200 0.03609
v -0.24918 -0.03200 0.03556
v -0.24866 -0.03200 0.03608
v -0.24797 -0.03200 0.03633
v -0.24724 -0.03200 0.03625
v -0.24893 -0.03200 0.03352
v -0.24661 -0.03200 0.03587
v -0.24622 -0.03200 0.03525
v -0.24613 -0.03200 0.03452
v -0.24637 -0.03200 0.03383
v -0.24688 -0.03200 0.03330
v -0.24757 -0.03200 0.03305
v -0.24830 -0.03200 0.03313
v -0.25677 -0.03150 0.04675
v -0.25637 -0.03150 0.04695
v -0.25602 -0.03150 0.04723
v -0.25574 -0.03150 0.04759
v -0.25555 -0.03150 0.04799
v -0.25546 -0.03150 0.04843
v -0.25546 -0.03150 0.04888
v -0.25556 -0.03150 0.04931
v -0.25933 -0.02880 0.04796
v -0.25677 -0.02880 0.04675
v -0.25721 -0.02880 0.04665
v -0.25754 -0.02880 0.04664
v -0.25885 -0.02880 0.04721
v -0.25830 -0.02880 0.04683
v -0.25809 -0.02880 0.04674
v -0.25597 -0.03150 0.04998
v -0.25604 -0.03150 0.05006
v -0.25659 -0.03150 0.05044
v -0.25680 -0.03150 0.05053
v -0.25735 -0.03150 0.05063
v -0.25769 -0.03150 0.05062
v -0.25812 -0.03150 0.05052
v -0.25852 -0.03150 0.05032
v -0.25879 -0.03150 0.05012
v -0.25915 -0.03150 0.04969
v -0.25925 -0.03150 0.04949
v -0.25933 -0.03150 0.04796
v -0.25944 -0.03150 0.04873
v -0.25944 -0.03150 0.04884
v -0.25893 -0.03150 0.04729
v -0.25830 -0.03150 0.04683
v -0.25754 -0.03150 0.04664
v -0.24775 -0.03150 0.05238
v -0.24628 -0.03150 0.05272
v -0.24499 -0.03150 0.05272
v -0.24477 -0.03150 0.05269
v -0.24362 -0.03150 0.05242
v -0.24332 -0.03150 0.05230
v -0.24235 -0.03150 0.05182
v -0.24200 -0.03150 0.05158
v -0.24125 -0.03150 0.05096
v -0.24089 -0.03150 0.05056
v -0.24037 -0.03150 0.04987
v -0.24005 -0.03150 0.04931
v -0.23975 -0.03150 0.04861
v -0.23954 -0.03150 0.04789
v -0.23942 -0.03150 0.04714
v -0.23939 -0.03150 0.04639
v -0.23945 -0.03150 0.04564
v -0.23960 -0.03150 0.04490
v -0.23983 -0.03150 0.04418
v -0.24016 -0.03150 0.04350
v -0.24056 -0.03150 0.04286
v -0.24103 -0.03150 0.04227
v -0.24158 -0.03150 0.04175
v -0.24218 -0.03150 0.04129
v -0.24283 -0.03150 0.04092
v -0.24352 -0.03150 0.04062
v -0.25152 -0.03150 0.04439
v -0.25084 -0.03150 0.04304
v -0.24986 -0.03150 0.04190
v -0.24864 -0.03150 0.04102
v -0.24724 -0.03150 0.04046
v -0.24575 -0.03150 0.04025
v -0.24425 -0.03150 0.04041
v -0.23975 -0.02880 0.04861
v -0.23975 -0.02690 0.04861
v -0.23942 -0.02690 0.04714
v -0.25152 -0.02690 0.04439
v -0.25084 -0.02690 0.04304
v -0.24986 -0.02690 0.04190
v -0.24864 -0.02690 0.04102
v -0.24724 -0.02690 0.04046
v -0.24575 -0.02690 0.04025
v -0.24425 -0.02690 0.04041
v -0.24283 -0.02690 0.04092
v -0.24158 -0.02690 0.04175
v -0.24056 -0.02690 0.04286
v -0.23983 -0.02690 0.04418
v -0.23945 -0.02690 0.04564
v -0.24043 -0.02880 0.04996
v -0.24125 -0.02880 0.05096
v -0.24141 -0.02880 0.05110
v -0.24235 -0.02880 0.05182
v -0.24263 -0.02880 0.05198
v -0.24362 -0.02880 0.05242
v -0.24403 -0.02880 0.05254
v -0.24499 -0.02880 0.05272
v -0.24553 -0.02880 0.05275
v -0.24639 -0.02880 0.05271
v -0.24702 -0.02880 0.05259
v -0.24775 -0.02880 0.05238
v -0.24844 -0.03150 0.05209
v -0.24844 -0.02690 0.05209
v -0.24702 -0.02690 0.05259
v -0.24553 -0.02690 0.05275
v -0.24403 -0.02690 0.05254
v -0.24263 -0.02690 0.05198
v -0.24141 -0.02690 0.05110
v -0.24043 -0.02690 0.04996
v -0.24970 -0.02690 0.05125
v -0.24970 -0.03150 0.05125
v -0.25072 -0.02690 0.05014
v -0.25072 -0.03150 0.05014
v -0.25144 -0.02690 0.04882
v -0.25144 -0.03150 0.04882
v -0.25183 -0.02690 0.04736
v -0.25183 -0.03150 0.04736
v -0.25185 -0.02690 0.04586
v -0.25185 -0.03150 0.04586
v -0.24103 -0.02690 0.04744
v -0.24148 -0.02690 0.04870
v -0.24227 -0.02690 0.04978
v -0.24333 -0.02690 0.05060
v -0.24458 -0.02690 0.05108
v -0.24591 -0.02690 0.05119
v -0.24723 -0.02690 0.05092
v -0.24841 -0.02690 0.05030
v -0.24936 -0.02690 0.04936
v -0.25002 -0.02690 0.04820
v -0.25032 -0.02690 0.04689
v -0.25024 -0.02690 0.04556
v -0.24405 -0.02690 0.04208
v -0.24287 -0.02690 0.04270
v -0.24191 -0.02690 0.04364
v -0.24125 -0.02690 0.04480
v -0.24095 -0.02690 0.04611
v -0.24979 -0.02690 0.04430
v -0.24900 -0.02690 0.04322
v -0.24794 -0.02690 0.04240
v -0.24669 -0.02690 0.04192
v -0.24536 -0.02690 0.04181
v -0.24412 -0.02670 0.04227
v -0.24298 -0.02670 0.04287
v -0.24207 -0.02670 0.04376
v -0.24144 -0.02670 0.04488
v -0.24115 -0.02670 0.04612
v -0.24123 -0.02670 0.04740
v -0.24166 -0.02670 0.04861
v -0.24242 -0.02670 0.04964
v -0.24343 -0.02670 0.05042
v -0.24463 -0.02670 0.05089
v -0.24590 -0.02670 0.05099
v -0.24716 -0.02670 0.05074
v -0.24829 -0.02670 0.05014
v -0.24921 -0.02670 0.04924
v -0.24983 -0.02670 0.04812
v -0.25012 -0.02670 0.04688
v -0.25005 -0.02670 0.04560
v -0.24961 -0.02670 0.04439
v -0.24886 -0.02670 0.04336
v -0.24784 -0.02670 0.04258
v -0.24665 -0.02670 0.04212
v -0.24537 -0.02670 0.04201
v -0.23856 -0.03150 0.05754
v -0.23896 -0.03150 0.05734
v -0.23931 -0.03150 0.05706
v -0.23959 -0.03150 0.05671
v -0.23978 -0.03150 0.05630
v -0.23987 -0.03150 0.05587
v -0.23987 -0.03150 0.05542
v -0.23977 -0.03150 0.05498
v -0.23812 -0.03150 0.05764
v -0.23779 -0.03150 0.05766
v -0.23724 -0.03150 0.05755
v -0.23703 -0.03150 0.05747
v -0.23721 -0.03150 0.05378
v -0.23654 -0.03150 0.05418
v -0.23607 -0.03150 0.05481
v -0.23589 -0.03150 0.05556
v -0.23600 -0.03150 0.05634
v -0.23640 -0.03150 0.05700
v -0.23648 -0.03150 0.05709
v -0.23600 -0.02880 0.05634
v -0.23721 -0.02880 0.05378
v -0.23681 -0.02880 0.05397
v -0.23618 -0.02880 0.05461
v -0.23654 -0.02880 0.05418
v -0.23589 -0.02880 0.05545
v -0.23607 -0.02880 0.05481
v -0.23589 -0.02880 0.05556
v -0.23957 -0.03150 0.05458
v -0.23929 -0.03150 0.05423
v -0.23893 -0.03150 0.05396
v -0.23764 -0.03150 0.05367
v -0.23809 -0.03150 0.05367
v -0.23853 -0.03150 0.05377
v -0.23970 -0.03150 0.03588
v -0.23990 -0.03150 0.03628
v -0.24018 -0.03150 0.03663
v -0.24053 -0.03150 0.03691
v -0.24094 -0.03150 0.03710
v -0.24137 -0.03150 0.03720
v -0.24182 -0.03150 0.03719
v -0.24226 -0.03150 0.03709
v -0.24266 -0.03150 0.03689
v -0.24301 -0.03150 0.03661
v -0.24328 -0.03150 0.03626
v -0.24347 -0.03150 0.03585
v -0.24357 -0.03150 0.03541
v -0.24357 -0.03150 0.03497
v -0.24346 -0.03150 0.03453
v -0.24327 -0.03150 0.03413
v -0.24298 -0.03150 0.03378
v -0.24263 -0.03150 0.03350
v -0.24223 -0.03150 0.03331
v -0.24179 -0.03150 0.03322
v -0.24134 -0.03150 0.03322
v -0.24091 -0.03150 0.03332
v -0.24050 -0.03150 0.03352
v -0.24016 -0.03150 0.03380
v -0.23988 -0.03150 0.03416
v -0.23969 -0.03150 0.03456
v -0.23960 -0.03150 0.03545
v -0.23959 -0.03150 0.03500
v -0.26290 -0.02950 0.05226
v -0.26304 -0.02946 0.05230
v -0.26345 -0.02946 0.05092
v -0.26315 -0.02935 0.05234
v -0.26355 -0.02935 0.05095
v -0.26319 -0.02920 0.05235
v -0.26359 -0.02920 0.05096
v -0.26389 -0.02920 0.04953
v -0.26385 -0.02935 0.04953
v -0.26407 -0.02920 0.04809
v -0.26403 -0.02935 0.04809
v -0.26414 -0.02920 0.04664
v -0.26410 -0.02935 0.04664
v -0.26409 -0.02920 0.04519
v -0.26405 -0.02935 0.04519
v -0.26393 -0.02920 0.04375
v -0.26389 -0.02935 0.04375
v -0.26366 -0.02920 0.04232
v -0.26362 -0.02935 0.04233
v -0.26327 -0.02920 0.04092
v -0.26324 -0.02935 0.04093
v -0.26278 -0.02920 0.03955
v -0.26275 -0.02935 0.03957
v -0.26218 -0.02920 0.03823
v -0.26215 -0.02935 0.03825
v -0.26149 -0.02920 0.03696
v -0.26145 -0.02935 0.03698
v -0.26069 -0.02920 0.03574
v -0.26065 -0.02935 0.03576
v -0.25980 -0.02920 0.03459
v -0.25977 -0.02935 0.03462
v -0.25882 -0.02920 0.03352
v -0.25879 -0.02935 0.03355
v -0.25776 -0.02920 0.03253
v -0.25773 -0.02935 0.03256
v -0.25663 -0.02920 0.03162
v -0.25660 -0.02935 0.03165
v -0.25542 -0.02920 0.03080
v -0.25540 -0.02935 0.03084
v -0.25416 -0.02920 0.03008
v -0.25414 -0.02935 0.03012
v -0.25285 -0.02920 0.02946
v -0.25283 -0.02935 0.02950
v -0.25149 -0.02920 0.02895
v -0.25148 -0.02935 0.02899
v -0.25009 -0.02920 0.02855
v -0.25008 -0.02935 0.02858
v -0.24867 -0.02920 0.02825
v -0.24866 -0.02935 0.02829
v -0.24723 -0.02920 0.02807
v -0.24723 -0.02935 0.02811
v -0.24578 -0.02920 0.02800
v -0.24578 -0.02935 0.02804
v -0.24433 -0.02920 0.02805
v -0.24433 -0.02935 0.02809
v -0.24288 -0.02920 0.02821
v -0.24289 -0.02935 0.02825
v -0.24146 -0.02920 0.02848
v -0.24147 -0.02935 0.02852
v -0.24005 -0.02920 0.02886
v -0.24007 -0.02935 0.02890
v -0.23869 -0.02920 0.02936
v -0.23870 -0.02935 0.02939
v -0.23736 -0.02920 0.02995
v -0.23738 -0.02935 0.02999
v -0.23609 -0.02920 0.03065
v -0.23611 -0.02935 0.03069
v -0.23488 -0.02920 0.03145
v -0.23490 -0.02935 0.03148
v -0.23373 -0.02920 0.03234
v -0.23376 -0.02935 0.03237
v -0.23266 -0.02920 0.03332
v -0.23268 -0.02935 0.03335
v -0.23166 -0.02920 0.03438
v -0.23169 -0.02935 0.03440
v -0.23075 -0.02920 0.03551
v -0.23079 -0.02935 0.03554
v -0.22994 -0.02920 0.03671
v -0.22997 -0.02935 0.03673
v -0.22922 -0.02920 0.03798
v -0.22925 -0.02935 0.03799
v -0.22860 -0.02920 0.03929
v -0.22864 -0.02935 0.03931
v -0.22809 -0.02920 0.04065
v -0.22812 -0.02935 0.04066
v -0.26374 -0.02946 0.04951
v -0.26392 -0.02946 0.04808
v -0.26399 -0.02946 0.04664
v -0.26394 -0.02946 0.04520
v -0.26378 -0.02946 0.04377
v -0.26351 -0.02946 0.04235
v -0.26313 -0.02946 0.04096
v -0.26264 -0.02946 0.03961
v -0.26205 -0.02946 0.03830
v -0.26136 -0.02946 0.03703
v -0.26056 -0.02946 0.03583
v -0.25968 -0.02946 0.03469
v -0.25871 -0.02946 0.03362
v -0.25766 -0.02946 0.03264
v -0.25654 -0.02946 0.03174
v -0.25534 -0.02946 0.03093
v -0.25409 -0.02946 0.03021
v -0.25279 -0.02946 0.02960
v -0.25144 -0.02946 0.02909
v -0.25006 -0.02946 0.02869
v -0.24865 -0.02946 0.02840
v -0.24722 -0.02946 0.02822
v -0.24578 -0.02946 0.02815
v -0.24434 -0.02946 0.02820
v -0.24291 -0.02946 0.02835
v -0.24149 -0.02946 0.02863
v -0.24010 -0.02946 0.02901
v -0.23874 -0.02946 0.02949
v -0.23743 -0.02946 0.03009
v -0.23617 -0.02946 0.03078
v -0.23496 -0.02946 0.03157
v -0.23383 -0.02946 0.03246
v -0.23276 -0.02946 0.03343
v -0.23178 -0.02946 0.03448
v -0.23087 -0.02946 0.03560
v -0.23006 -0.02946 0.03679
v -0.22935 -0.02946 0.03804
v -0.22874 -0.02946 0.03935
v -0.22823 -0.02946 0.04070
v -0.26330 -0.02950 0.05088
v -0.26359 -0.02950 0.04949
v -0.26377 -0.02950 0.04807
v -0.26384 -0.02950 0.04664
v -0.26379 -0.02950 0.04521
v -0.26363 -0.02950 0.04379
v -0.26337 -0.02950 0.04239
v -0.26299 -0.02950 0.04101
v -0.26250 -0.02950 0.03966
v -0.26192 -0.02950 0.03836
v -0.26123 -0.02950 0.03711
v -0.26044 -0.02950 0.03592
v -0.25957 -0.02950 0.03479
v -0.25860 -0.02950 0.03373
v -0.25756 -0.02950 0.03275
v -0.25645 -0.02950 0.03186
v -0.25527 -0.02950 0.03106
v -0.25402 -0.02950 0.03035
v -0.25273 -0.02950 0.02974
v -0.25139 -0.02950 0.02923
v -0.25002 -0.02950 0.02884
v -0.24862 -0.02950 0.02855
v -0.24720 -0.02950 0.02837
v -0.24578 -0.02950 0.02830
v -0.24435 -0.02950 0.02835
v -0.24293 -0.02950 0.02850
v -0.24152 -0.02950 0.02877
v -0.24015 -0.02950 0.02915
v -0.23880 -0.02950 0.02963
v -0.23750 -0.02950 0.03022
v -0.23625 -0.02950 0.03091
v -0.23505 -0.02950 0.03169
v -0.23392 -0.02950 0.03257
v -0.23287 -0.02950 0.03353
v -0.23189 -0.02950 0.03458
v -0.23100 -0.02950 0.03569
v -0.23019 -0.02950 0.03687
v -0.22948 -0.02950 0.03811
v -0.22888 -0.02950 0.03941
v -0.22837 -0.02950 0.04074
v -0.26317 -0.02950 0.04927
v -0.25955 -0.02950 0.03547
v -0.26117 -0.02950 0.03791
v -0.26339 -0.02950 0.04634
v -0.26248 -0.02950 0.05211
v -0.23153 -0.02950 0.03572
v -0.23350 -0.02950 0.03355
v -0.24113 -0.02950 0.02933
v -0.26237 -0.02950 0.04059
v -0.26312 -0.02950 0.04342
v -0.22810 -0.02950 0.04373
v -0.22768 -0.02950 0.04352
v -0.22750 -0.02950 0.04493
v -0.23580 -0.02950 0.03173
v -0.23836 -0.02950 0.03031
v -0.25754 -0.02950 0.03333
v -0.25974 -0.02950 0.05728
v -0.25777 -0.02950 0.05945
v -0.25841 -0.02950 0.05947
v -0.25548 -0.02950 0.06127
v -0.25622 -0.02950 0.06131
v -0.25735 -0.02950 0.06043
v -0.23606 -0.02950 0.06145
v -0.23373 -0.02950 0.05967
v -0.23371 -0.02950 0.06025
v -0.22789 -0.02950 0.04666
v -0.22797 -0.02950 0.04212
v -0.22880 -0.02950 0.04089
v -0.22995 -0.02950 0.03819
v -0.24401 -0.02950 0.02882
v -0.25262 -0.02950 0.03018
v -0.25521 -0.02950 0.03156
v -0.24726 -0.02950 0.06418
v -0.24693 -0.02950 0.06465
v -0.24835 -0.02950 0.06450
v -0.23010 -0.02950 0.05509
v -0.22890 -0.02950 0.05241
v -0.22877 -0.02950 0.05334
v -0.22816 -0.02950 0.04958
v -0.22791 -0.02950 0.05061
v -0.22829 -0.02950 0.05199
v -0.22744 -0.02950 0.04636
v -0.22748 -0.02950 0.04779
v -0.22764 -0.02950 0.04921
v -0.24695 -0.02950 0.02880
v -0.24984 -0.02950 0.02926
v -0.26132 -0.02950 0.05481
v -0.26179 -0.02950 0.05489
v -0.26240 -0.02950 0.05359
v -0.25939 -0.02950 0.05843
v -0.26028 -0.02950 0.05731
v -0.26108 -0.02950 0.05613
v -0.25015 -0.02950 0.06367
v -0.24550 -0.02950 0.06470
v -0.24433 -0.02950 0.06420
v -0.24407 -0.02950 0.06463
v -0.23173 -0.02950 0.05753
v -0.23171 -0.02950 0.05821
v -0.23267 -0.02950 0.05927
v -0.22936 -0.02950 0.05464
v -0.23005 -0.02950 0.05589
v -0.23083 -0.02950 0.05709
v -0.24975 -0.02950 0.06423
v -0.25113 -0.02950 0.06385
v -0.25291 -0.02950 0.06269
v -0.24265 -0.02950 0.06445
v -0.24143 -0.02950 0.06375
v -0.24125 -0.02950 0.06416
v -0.25247 -0.02950 0.06337
v -0.25378 -0.02950 0.06278
v -0.25503 -0.02950 0.06209
v -0.23988 -0.02950 0.06377
v -0.23865 -0.02950 0.06282
v -0.23854 -0.02950 0.06326
v -0.23483 -0.02950 0.06114
v -0.23601 -0.02950 0.06195
v -0.23725 -0.02950 0.06265
v -0.22783 -0.02946 0.04208
v -0.22772 -0.02935 0.04205
v -0.22768 -0.02920 0.04204
v -0.22739 -0.02920 0.04347
v -0.22743 -0.02935 0.04347
v -0.22721 -0.02920 0.04491
v -0.22725 -0.02935 0.04491
v -0.22714 -0.02920 0.04636
v -0.22718 -0.02935 0.04636
v -0.22718 -0.02920 0.04781
v -0.22722 -0.02935 0.04781
v -0.22734 -0.02920 0.04925
v -0.22738 -0.02935 0.04925
v -0.22762 -0.02920 0.05068
v -0.22765 -0.02935 0.05067
v -0.22800 -0.02920 0.05208
v -0.22804 -0.02935 0.05207
v -0.22849 -0.02920 0.05345
v -0.22853 -0.02935 0.05343
v -0.22909 -0.02920 0.05477
v -0.22913 -0.02935 0.05475
v -0.22979 -0.02920 0.05605
v -0.22982 -0.02935 0.05603
v -0.23059 -0.02920 0.05726
v -0.23062 -0.02935 0.05724
v -0.23148 -0.02920 0.05841
v -0.23151 -0.02935 0.05838
v -0.23246 -0.02920 0.05948
v -0.23248 -0.02935 0.05945
v -0.23351 -0.02920 0.06048
v -0.23354 -0.02935 0.06045
v -0.23465 -0.02920 0.06138
v -0.23467 -0.02935 0.06135
v -0.23585 -0.02920 0.06220
v -0.23587 -0.02935 0.06217
v -0.23711 -0.02920 0.06292
v -0.23713 -0.02935 0.06288
v -0.23843 -0.02920 0.06354
v -0.23844 -0.02935 0.06350
v -0.23979 -0.02920 0.06405
v -0.23980 -0.02935 0.06401
v -0.24118 -0.02920 0.06446
v -0.24119 -0.02935 0.06442
v -0.24260 -0.02920 0.06475
v -0.24261 -0.02935 0.06471
v -0.24404 -0.02920 0.06493
v -0.24405 -0.02935 0.06489
v -0.24550 -0.02920 0.06500
v -0.24550 -0.02935 0.06496
v -0.24695 -0.02920 0.06495
v -0.24694 -0.02935 0.06491
v -0.24839 -0.02920 0.06479
v -0.24839 -0.02935 0.06475
v -0.24982 -0.02920 0.06452
v -0.24981 -0.02935 0.06448
v -0.25122 -0.02920 0.06414
v -0.25121 -0.02935 0.06410
v -0.25259 -0.02920 0.06364
v -0.25257 -0.02935 0.06361
v -0.25391 -0.02920 0.06305
v -0.25389 -0.02935 0.06301
v -0.25518 -0.02920 0.06235
v -0.25516 -0.02935 0.06231
v -0.25640 -0.02920 0.06155
v -0.25637 -0.02935 0.06152
v -0.25754 -0.02920 0.06066
v -0.25752 -0.02935 0.06063
v -0.25862 -0.02920 0.05968
v -0.25859 -0.02935 0.05965
v -0.25961 -0.02920 0.05862
v -0.25958 -0.02935 0.05860
v -0.26052 -0.02920 0.05749
v -0.26049 -0.02935 0.05746
v -0.26134 -0.02920 0.05629
v -0.26130 -0.02935 0.05627
v -0.26206 -0.02920 0.05503
v -0.26202 -0.02935 0.05501
v -0.26267 -0.02920 0.05371
v -0.26264 -0.02935 0.05370
v -0.22754 -0.02946 0.04349
v -0.22736 -0.02946 0.04492
v -0.22729 -0.02946 0.04636
v -0.22733 -0.02946 0.04780
v -0.22749 -0.02946 0.04923
v -0.22776 -0.02946 0.05065
v -0.22814 -0.02946 0.05204
v -0.22863 -0.02946 0.05339
v -0.22922 -0.02946 0.05471
v -0.22992 -0.02946 0.05597
v -0.23071 -0.02946 0.05717
v -0.23159 -0.02946 0.05831
v -0.23256 -0.02946 0.05938
v -0.23361 -0.02946 0.06036
v -0.23474 -0.02946 0.06126
v -0.23593 -0.02946 0.06207
v -0.23718 -0.02946 0.06279
v -0.23849 -0.02946 0.06340
v -0.23983 -0.02946 0.06391
v -0.24122 -0.02946 0.06431
v -0.24263 -0.02946 0.06460
v -0.24406 -0.02946 0.06478
v -0.24550 -0.02946 0.06485
v -0.24694 -0.02946 0.06480
v -0.24837 -0.02946 0.06465
v -0.24978 -0.02946 0.06438
v -0.25117 -0.02946 0.06400
v -0.25253 -0.02946 0.06351
v -0.25384 -0.02946 0.06291
v -0.25511 -0.02946 0.06222
v -0.25631 -0.02946 0.06143
v -0.25745 -0.02946 0.06054
v -0.25851 -0.02946 0.05957
v -0.25950 -0.02946 0.05852
v -0.26040 -0.02946 0.05740
v -0.26121 -0.02946 0.05621
v -0.26192 -0.02946 0.05496
v -0.26254 -0.02946 0.05365
v -0.26319 -0.02650 0.05235
v -0.26206 -0.02650 0.05503
v -0.26052 -0.02650 0.05749
v -0.25862 -0.02650 0.05968
v -0.25640 -0.02650 0.06155
v -0.25391 -0.02650 0.06305
v -0.25122 -0.02650 0.06414
v -0.24839 -0.02650 0.06479
v -0.24550 -0.02650 0.06500
v -0.24260 -0.02650 0.06475
v -0.23979 -0.02650 0.06405
v -0.23711 -0.02650 0.06292
v -0.23465 -0.02650 0.06138
v -0.23246 -0.02650 0.05948
v -0.23059 -0.02650 0.05726
v -0.22909 -0.02650 0.05477
v -0.22800 -0.02650 0.05208
v -0.22734 -0.02650 0.04925
v -0.22714 -0.02650 0.04636
v -0.22739 -0.02650 0.04347
v -0.22809 -0.02650 0.04065
v -0.22922 -0.02650 0.03798
v -0.23075 -0.02650 0.03551
v -0.23266 -0.02650 0.03332
v -0.23488 -0.02650 0.03145
v -0.23736 -0.02650 0.02995
v -0.24005 -0.02650 0.02886
v -0.24288 -0.02650 0.02821
v -0.24578 -0.02650 0.02800
v -0.24867 -0.02650 0.02825
v -0.25149 -0.02650 0.02895
v -0.25416 -0.02650 0.03008
v -0.25663 -0.02650 0.03162
v -0.25882 -0.02650 0.03352
v -0.26069 -0.02650 0.03574
v -0.26218 -0.02650 0.03823
v -0.26327 -0.02650 0.04092
v -0.26393 -0.02650 0.04375
v -0.26414 -0.02650 0.04664
v -0.26389 -0.02650 0.04953
v -0.25842 -0.02650 0.03865
v -0.25959 -0.02650 0.04099
v -0.26033 -0.02650 0.04349
v -0.26063 -0.02650 0.04609
v -0.26047 -0.02650 0.04870
v -0.25987 -0.02650 0.05124
v -0.25883 -0.02650 0.05364
v -0.25739 -0.02650 0.05583
v -0.25559 -0.02650 0.05772
v -0.25349 -0.02650 0.05928
v -0.25115 -0.02650 0.06045
v -0.24864 -0.02650 0.06120
v -0.24605 -0.02650 0.06149
v -0.24344 -0.02650 0.06134
v -0.24089 -0.02650 0.06073
v -0.23849 -0.02650 0.05969
v -0.23631 -0.02650 0.05825
v -0.23441 -0.02650 0.05645
v -0.23286 -0.02650 0.05435
v -0.23779 -0.02650 0.03372
v -0.24012 -0.02650 0.03255
v -0.24263 -0.02650 0.03180
v -0.24523 -0.02650 0.03151
v -0.24784 -0.02650 0.03166
v -0.25038 -0.02650 0.03227
v -0.25278 -0.02650 0.03331
v -0.25496 -0.02650 0.03475
v -0.25686 -0.02650 0.03655
v -0.23169 -0.02650 0.05201
v -0.23094 -0.02650 0.04951
v -0.23064 -0.02650 0.04691
v -0.23080 -0.02650 0.04430
v -0.23141 -0.02650 0.04176
v -0.23245 -0.02650 0.03936
v -0.23389 -0.02650 0.03718
v -0.23569 -0.02650 0.03528
v -0.25987 -0.02920 0.05124
v -0.26023 -0.02920 0.04999
v -0.26047 -0.02920 0.04870
v -0.26061 -0.02920 0.04740
v -0.26063 -0.02920 0.04609
v -0.26054 -0.02920 0.04479
v -0.26033 -0.02920 0.04349
v -0.26001 -0.02920 0.04222
v -0.25959 -0.02920 0.04099
v -0.25905 -0.02920 0.03979
v -0.25842 -0.02920 0.03865
v -0.25769 -0.02920 0.03757
v -0.25686 -0.02920 0.03655
v -0.25595 -0.02920 0.03561
v -0.25496 -0.02920 0.03475
v -0.25390 -0.02920 0.03398
v -0.25278 -0.02920 0.03331
v -0.25160 -0.02920 0.03274
v -0.25038 -0.02920 0.03227
v -0.24912 -0.02920 0.03191
v -0.24784 -0.02920 0.03166
v -0.24654 -0.02920 0.03153
v -0.24523 -0.02920 0.03151
v -0.24392 -0.02920 0.03160
v -0.24263 -0.02920 0.03180
v -0.24136 -0.02920 0.03212
v -0.24012 -0.02920 0.03255
v -0.23893 -0.02920 0.03308
v -0.23779 -0.02920 0.03372
v -0.23670 -0.02920 0.03445
v -0.23569 -0.02920 0.03528
v -0.23475 -0.02920 0.03619
v -0.23389 -0.02920 0.03718
v -0.23312 -0.02920 0.03823
v -0.23141 -0.02920 0.04176
v -0.23187 -0.02920 0.04053
v -0.23245 -0.02920 0.03936
v -0.23105 -0.02920 0.04301
v -0.23080 -0.02920 0.04430
v -0.23066 -0.02920 0.04560
v -0.23064 -0.02920 0.04691
v -0.23074 -0.02920 0.04821
v -0.23094 -0.02920 0.04951
v -0.23126 -0.02920 0.05078
v -0.23169 -0.02920 0.05201
v -0.23222 -0.02920 0.05321
v -0.23286 -0.02920 0.05435
v -0.23359 -0.02920 0.05544
v -0.23441 -0.02920 0.05645
v -0.23532 -0.02920 0.05739
v -0.23631 -0.02920 0.05825
v -0.23737 -0.02920 0.05902
v -0.23849 -0.02920 0.05969
v -0.23967 -0.02920 0.06026
v -0.24089 -0.02920 0.06073
v -0.24215 -0.02920 0.06109
v -0.24344 -0.02920 0.06134
v -0.24474 -0.02920 0.06147
v -0.24605 -0.02920 0.06149
v -0.24735 -0.02920 0.06140
v -0.24864 -0.02920 0.06120
v -0.24991 -0.02920 0.06088
v -0.25115 -0.02920 0.06045
v -0.25234 -0.02920 0.05992
v -0.25349 -0.02920 0.05928
v -0.25457 -0.02920 0.05855
v -0.25559 -0.02920 0.05772
v -0.25653 -0.02920 0.05681
v -0.25739 -0.02920 0.05583
v -0.25816 -0.02920 0.05477
v -0.25940 -0.02920 0.05247
v -0.25883 -0.02920 0.05364
v -0.23137 -0.02935 0.04174
v -0.23101 -0.02935 0.04301
v -0.23126 -0.02946 0.04171
v -0.23090 -0.02946 0.04298
v -0.23112 -0.02950 0.04166
v -0.23076 -0.02950 0.04294
v -0.23050 -0.02950 0.04426
v -0.23065 -0.02946 0.04428
v -0.23036 -0.02950 0.04558
v -0.23051 -0.02946 0.04559
v -0.23034 -0.02950 0.04692
v -0.23049 -0.02946 0.04691
v -0.23044 -0.02950 0.04825
v -0.23059 -0.02946 0.04823
v -0.23065 -0.02950 0.04957
v -0.23079 -0.02946 0.04954
v -0.23097 -0.02950 0.05086
v -0.23112 -0.02946 0.05082
v -0.23141 -0.02950 0.05212
v -0.23155 -0.02946 0.05207
v -0.23195 -0.02950 0.05334
v -0.23209 -0.02946 0.05327
v -0.23260 -0.02950 0.05451
v -0.23273 -0.02946 0.05443
v -0.23335 -0.02950 0.05561
v -0.23347 -0.02946 0.05553
v -0.23419 -0.02950 0.05665
v -0.23430 -0.02946 0.05655
v -0.23512 -0.02950 0.05761
v -0.23522 -0.02946 0.05750
v -0.23613 -0.02950 0.05848
v -0.23622 -0.02946 0.05837
v -0.23721 -0.02950 0.05927
v -0.23729 -0.02946 0.05914
v -0.23835 -0.02950 0.05995
v -0.23842 -0.02946 0.05982
v -0.23955 -0.02950 0.06054
v -0.23961 -0.02946 0.06040
v -0.24080 -0.02950 0.06102
v -0.24085 -0.02946 0.06087
v -0.24208 -0.02950 0.06138
v -0.24212 -0.02946 0.06124
v -0.24339 -0.02950 0.06163
v -0.24341 -0.02946 0.06149
v -0.24472 -0.02950 0.06177
v -0.24473 -0.02946 0.06162
v -0.24605 -0.02950 0.06179
v -0.24605 -0.02946 0.06164
v -0.24739 -0.02950 0.06170
v -0.24737 -0.02946 0.06155
v -0.24870 -0.02950 0.06149
v -0.24867 -0.02946 0.06134
v -0.25000 -0.02950 0.06117
v -0.24996 -0.02946 0.06102
v -0.25126 -0.02950 0.06073
v -0.25120 -0.02946 0.06059
v -0.25248 -0.02950 0.06019
v -0.25241 -0.02946 0.06005
v -0.25365 -0.02950 0.05954
v -0.25357 -0.02946 0.05941
v -0.25475 -0.02950 0.05879
v -0.25466 -0.02946 0.05867
v -0.25579 -0.02950 0.05795
v -0.25569 -0.02946 0.05784
v -0.25675 -0.02950 0.05702
v -0.25664 -0.02946 0.05692
v -0.25762 -0.02950 0.05601
v -0.25750 -0.02946 0.05592
v -0.25840 -0.02950 0.05493
v -0.25828 -0.02946 0.05485
v -0.25909 -0.02950 0.05379
v -0.25896 -0.02946 0.05372
v -0.25967 -0.02950 0.05259
v -0.25954 -0.02946 0.05253
v -0.26015 -0.02950 0.05134
v -0.26001 -0.02946 0.05129
v -0.23076 -0.02935 0.04429
v -0.23062 -0.02935 0.04560
v -0.23060 -0.02935 0.04691
v -0.23070 -0.02935 0.04822
v -0.23090 -0.02935 0.04951
v -0.23122 -0.02935 0.05079
v -0.23165 -0.02935 0.05203
v -0.23218 -0.02935 0.05323
v -0.23282 -0.02935 0.05437
v -0.23356 -0.02935 0.05546
v -0.23438 -0.02935 0.05648
v -0.23530 -0.02935 0.05742
v -0.23629 -0.02935 0.05828
v -0.23735 -0.02935 0.05905
v -0.23847 -0.02935 0.05973
v -0.23965 -0.02935 0.06030
v -0.24088 -0.02935 0.06077
v -0.24214 -0.02935 0.06113
v -0.24343 -0.02935 0.06138
v -0.24473 -0.02935 0.06151
v -0.24605 -0.02935 0.06154
v -0.24736 -0.02935 0.06144
v -0.24865 -0.02935 0.06124
v -0.24992 -0.02935 0.06092
v -0.25117 -0.02935 0.06049
v -0.25236 -0.02935 0.05995
v -0.25351 -0.02935 0.05932
v -0.25460 -0.02935 0.05858
v -0.25561 -0.02935 0.05775
v -0.25656 -0.02935 0.05684
v -0.25742 -0.02935 0.05585
v -0.25819 -0.02935 0.05479
v -0.25886 -0.02935 0.05366
v -0.25944 -0.02935 0.05248
v -0.25991 -0.02935 0.05126
v -0.26027 -0.02935 0.05000
v -0.26037 -0.02946 0.05002
v -0.26052 -0.02950 0.05006
v -0.26077 -0.02950 0.04875
v -0.26062 -0.02946 0.04872
v -0.26091 -0.02950 0.04742
v -0.26076 -0.02946 0.04741
v -0.26093 -0.02950 0.04608
v -0.26078 -0.02946 0.04609
v -0.26084 -0.02950 0.04475
v -0.26069 -0.02946 0.04477
v -0.26063 -0.02950 0.04343
v -0.26048 -0.02946 0.04346
v -0.26030 -0.02950 0.04214
v -0.26016 -0.02946 0.04218
v -0.25987 -0.02950 0.04088
v -0.25973 -0.02946 0.04093
v -0.25932 -0.02950 0.03966
v -0.25919 -0.02946 0.03973
v -0.25867 -0.02950 0.03849
v -0.25855 -0.02946 0.03857
v -0.25793 -0.02950 0.03739
v -0.25781 -0.02946 0.03748
v -0.25709 -0.02950 0.03635
v -0.25697 -0.02946 0.03645
v -0.25616 -0.02950 0.03539
v -0.25605 -0.02946 0.03550
v -0.25515 -0.02950 0.03452
v -0.25506 -0.02946 0.03463
v -0.25407 -0.02950 0.03373
v -0.25399 -0.02946 0.03386
v -0.25292 -0.02950 0.03305
v -0.25285 -0.02946 0.03318
v -0.25172 -0.02950 0.03246
v -0.25166 -0.02946 0.03260
v -0.25048 -0.02950 0.03199
v -0.25043 -0.02946 0.03213
v -0.24919 -0.02950 0.03162
v -0.24916 -0.02946 0.03177
v -0.24788 -0.02950 0.03137
v -0.24786 -0.02946 0.03151
v -0.24655 -0.02950 0.03123
v -0.24655 -0.02946 0.03138
v -0.24522 -0.02950 0.03121
v -0.24522 -0.02946 0.03136
v -0.24389 -0.02950 0.03130
v -0.24391 -0.02946 0.03145
v -0.24257 -0.02950 0.03151
v -0.24260 -0.02946 0.03166
v -0.24128 -0.02950 0.03184
v -0.24132 -0.02946 0.03198
v -0.24001 -0.02950 0.03227
v -0.24007 -0.02946 0.03241
v -0.23880 -0.02950 0.03281
v -0.23886 -0.02946 0.03295
v -0.23763 -0.02950 0.03346
v -0.23771 -0.02946 0.03359
v -0.23652 -0.02950 0.03421
v -0.23661 -0.02946 0.03433
v -0.23549 -0.02950 0.03505
v -0.23559 -0.02946 0.03516
v -0.23453 -0.02950 0.03598
v -0.23464 -0.02946 0.03608
v -0.23365 -0.02950 0.03699
v -0.23377 -0.02946 0.03708
v -0.23287 -0.02950 0.03807
v -0.23299 -0.02946 0.03815
v -0.23218 -0.02950 0.03921
v -0.23232 -0.02946 0.03929
v -0.23160 -0.02950 0.04041
v -0.23174 -0.02946 0.04047
v -0.26051 -0.02935 0.04871
v -0.26065 -0.02935 0.04740
v -0.26067 -0.02935 0.04609
v -0.26058 -0.02935 0.04478
v -0.26037 -0.02935 0.04349
v -0.26005 -0.02935 0.04221
v -0.25962 -0.02935 0.04097
v -0.25909 -0.02935 0.03978
v -0.25845 -0.02935 0.03863
v -0.25772 -0.02935 0.03754
v -0.25689 -0.02935 0.03652
v -0.25598 -0.02935 0.03558
v -0.25499 -0.02935 0.03472
v -0.25392 -0.02935 0.03395
v -0.25280 -0.02935 0.03328
v -0.25162 -0.02935 0.03270
v -0.25039 -0.02935 0.03223
v -0.24913 -0.02935 0.03187
v -0.24784 -0.02935 0.03162
v -0.24654 -0.02935 0.03149
v -0.24523 -0.02935 0.03147
v -0.24392 -0.02935 0.03156
v -0.24262 -0.02935 0.03177
v -0.24135 -0.02935 0.03208
v -0.24011 -0.02935 0.03251
v -0.23891 -0.02935 0.03305
v -0.23776 -0.02935 0.03369
v -0.23668 -0.02935 0.03442
v -0.23566 -0.02935 0.03525
v -0.23472 -0.02935 0.03616
v -0.23386 -0.02935 0.03715
v -0.23309 -0.02935 0.03821
v -0.23241 -0.02935 0.03934
v -0.23184 -0.02935 0.04052
v -0.25797 -0.02950 0.05629
v -0.25949 -0.02950 0.05400
v -0.23070 -0.02950 0.04152
v -0.23006 -0.02950 0.04419
v -0.26122 -0.02950 0.04881
v -0.26138 -0.02950 0.04607
v -0.26058 -0.02950 0.05148
v -0.25143 -0.02950 0.06115
v -0.25388 -0.02950 0.05992
v -0.24333 -0.02950 0.06208
v -0.24607 -0.02950 0.06224
v -0.25609 -0.02950 0.05829
v -0.23330 -0.02950 0.03671
v -0.23179 -0.02950 0.03900
v -0.26028 -0.02950 0.04071
v -0.25906 -0.02950 0.03826
v -0.26107 -0.02950 0.04334
v -0.24066 -0.02950 0.06144
v -0.23021 -0.02950 0.04966
v -0.23099 -0.02950 0.05229
v -0.23739 -0.02950 0.03308
v -0.23519 -0.02950 0.03472
v -0.24879 -0.02950 0.06193
v -0.23585 -0.02950 0.05884
v -0.23814 -0.02950 0.06035
v -0.23222 -0.02950 0.05474
v -0.23385 -0.02950 0.05695
v -0.22989 -0.02950 0.04693
v -0.25543 -0.02950 0.03416
v -0.25314 -0.02950 0.03265
v -0.24248 -0.02950 0.03107
v -0.23985 -0.02950 0.03185
v -0.25062 -0.02950 0.03156
v -0.24795 -0.02950 0.03092
v -0.25742 -0.02950 0.03605
v -0.24521 -0.02950 0.03076
v -0.23070 -0.02900 0.04152
v -0.23179 -0.02900 0.03900
v -0.23330 -0.02900 0.03671
v -0.23519 -0.02900 0.03472
v -0.23739 -0.02900 0.03308
v -0.23985 -0.02900 0.03185
v -0.24248 -0.02900 0.03107
v -0.24521 -0.02900 0.03076
v -0.24795 -0.02900 0.03092
v -0.25062 -0.02900 0.03156
v -0.25314 -0.02900 0.03265
v -0.25543 -0.02900 0.03416
v -0.25742 -0.02900 0.03605
v -0.25906 -0.02900 0.03826
v -0.26028 -0.02900 0.04071
v -0.26107 -0.02900 0.04334
v -0.26138 -0.02900 0.04607
v -0.26122 -0.02900 0.04881
v -0.26058 -0.02900 0.05148
v -0.24066 -0.02900 0.06144
v -0.24143 -0.02900 0.06375
v -0.24333 -0.02900 0.06208
v -0.24433 -0.02900 0.06420
v -0.24607 -0.02900 0.06224
v -0.24726 -0.02900 0.06418
v -0.24879 -0.02900 0.06193
v -0.25015 -0.02900 0.06367
v -0.25143 -0.02900 0.06115
v -0.25291 -0.02900 0.06269
v -0.25388 -0.02900 0.05992
v -0.25548 -0.02900 0.06127
v -0.25609 -0.02900 0.05829
v -0.25777 -0.02900 0.05945
v -0.25797 -0.02900 0.05629
v -0.25974 -0.02900 0.05728
v -0.25949 -0.02900 0.05400
v -0.26132 -0.02900 0.05481
v -0.26248 -0.02900 0.05211
v -0.26317 -0.02900 0.04927
v -0.26339 -0.02900 0.04634
v -0.26312 -0.02900 0.04342
v -0.26237 -0.02900 0.04059
v -0.26117 -0.02900 0.03791
v -0.25955 -0.02900 0.03547
v -0.25754 -0.02900 0.03333
v -0.25521 -0.02900 0.03156
v -0.25262 -0.02900 0.03018
v -0.24984 -0.02900 0.02926
v -0.24695 -0.02900 0.02880
v -0.24401 -0.02900 0.02882
v -0.24113 -0.02900 0.02933
v -0.23836 -0.02900 0.03031
v -0.23580 -0.02900 0.03173
v -0.23350 -0.02900 0.03355
v -0.23153 -0.02900 0.03572
v -0.22995 -0.02900 0.03819
v -0.22880 -0.02900 0.04089
v -0.23006 -0.02900 0.04419
v -0.22810 -0.02900 0.04373
v -0.22989 -0.02900 0.04693
v -0.22789 -0.02900 0.04666
v -0.23021 -0.02900 0.04966
v -0.22816 -0.02900 0.04958
v -0.23099 -0.02900 0.05229
v -0.22890 -0.02900 0.05241
v -0.23222 -0.02900 0.05474
v -0.23010 -0.02900 0.05509
v -0.23385 -0.02900 0.05695
v -0.23173 -0.02900 0.05753
v -0.23585 -0.02900 0.05884
v -0.23373 -0.02900 0.05967
v -0.23814 -0.02900 0.06035
v -0.23606 -0.02900 0.06145
v -0.23865 -0.02900 0.06282
f 1 2 3
f 3 2 4
f 3 4 5
f 5 4 6
f 5 6 7
f 7 6 8
f 7 8 9
f 9 8 10
f 9 10 11
f 11 10 12
f 11 12 13
f 13 12 14
f 13 14 15
f 15 14 16
f 15 16 17
f 17 16 18
f 17 18 19
f 19 18 20
f 19 20 21
f 21 20 22
f 21 22 23
f 23 22 24
f 23 24 25
f 25 24 26
f 25 26 27
f 27 26 28
f 27 28 29
f 29 28 30
f 29 30 31
f 31 30 32
f 31 32 33
f 33 32 34
f 33 34 35
f 35 34 36
f 33 3 5
f 35 37 33
f 33 37 1
f 33 1 3
f 38 39 40
f 35 41 37
f 37 41 42
f 37 42 43
f 43 44 37
f 37 44 45
f 37 45 46
f 38 47 39
f 39 47 48
f 39 48 49
f 49 48 50
f 46 51 37
f 37 51 38
f 37 38 52
f 52 38 40
f 5 7 33
f 33 7 9
f 33 9 31
f 31 9 11
f 31 11 13
f 27 17 19
f 13 15 31
f 31 15 17
f 31 17 29
f 29 17 27
f 19 21 27
f 27 21 23
f 27 23 25
f 35 36 41
f 41 36 53
f 41 53 42
f 42 53 54
f 42 54 43
f 43 54 55
f 43 55 44
f 44 55 56
f 44 56 45
f 45 56 57
f 45 57 46
f 46 57 58
f 46 58 51
f 51 58 59
f 51 59 38
f 38 59 60
f 38 60 47
f 47 60 61
f 47 61 48
f 48 61 62
f 48 62 50
f 50 62 63
f 50 63 49
f 49 63 64
f 49 64 39
f 39 64 65
f 39 65 40
f 40 65 66
f 40 66 52
f 52 66 67
f 52 67 37
f 37 67 68
f 37 68 1
f 1 68 2
f 36 69 53
f 53 69 70
f 53 70 54
f 54 70 71
f 54 71 55
f 55 71 72
f 55 72 56
f 56 72 73
f 56 73 57
f 57 73 74
f 57 74 58
f 58 74 75
f 58 75 59
f 59 75 76
f 59 76 60
f 60 76 77
f 60 77 61
f 61 77 78
f 61 78 62
f 62 78 79
f 62 79 63
f 63 79 80
f 63 80 64
f 64 80 81
f 64 81 65
f 65 81 82
f 65 82 66
f 66 82 83
f 66 83 67
f 67 83 84
f 67 84 68
f 68 84 85
f 68 85 2
f 2 85 86
f 2 86 4
f 4 86 87
f 4 87 6
f 6 87 88
f 6 88 8
f 8 88 89
f 8 89 10
f 10 89 90
f 10 90 12
f 12 90 91
f 12 91 14
f 14 91 92
f 14 92 16
f 16 92 93
f 16 93 18
f 18 93 94
f 18 94 20
f 20 94 95
f 20 95 22
f 22 95 96
f 22 96 24
f 24 96 97
f 24 97 26
f 26 97 98
f 26 98 28
f 28 98 99
f 28 99 30
f 30 99 100
f 30 100 32
f 32 100 101
f 32 101 34
f 34 101 102
f 34 102 36
f 36 102 69
f 86 103 87
f 87 103 104
f 87 104 88
f 88 104 105
f 88 105 89
f 89 105 106
f 89 106 90
f 90 106 107
f 90 107 91
f 91 107 108
f 91 108 92
f 92 108 109
f 92 109 93
f 93 109 110
f 93 110 94
f 94 110 111
f 94 111 95
f 95 111 112
f 95 112 96
f 96 112 113
f 96 113 97
f 97 113 114
f 97 114 98
f 98 114 115
f 98 115 99
f 99 115 116
f 99 116 100
f 100 116 117
f 100 117 101
f 101 117 118
f 101 118 102
f 102 118 119
f 102 119 69
f 119 120 69
f 69 120 121
f 69 121 70
f 70 121 122
f 70 122 71
f 71 122 123
f 71 123 72
f 72 123 124
f 72 124 73
f 73 124 125
f 73 125 74
f 74 125 126
f 74 126 75
f 75 126 127
f 75 127 76
f 76 127 128
f 76 128 77
f 77 128 129
f 77 129 78
f 78 129 130
f 78 130 79
f 79 130 131
f 79 131 80
f 80 131 132
f 80 132 81
f 81 132 133
f 81 133 82
f 82 133 134
f 82 134 83
f 83 134 135
f 83 135 84
f 84 135 136
f 84 136 85
f 85 136 137
f 85 137 86
f 86 137 138
f 86 138 103
f 139 138 137
f 139 137 140
f 140 137 136
f 140 136 141
f 141 136 135
f 141 135 142
f 142 135 134
f 142 134 143
f 143 134 133
f 143 133 144
f 144 133 132
f 144 132 145
f 145 132 131
f 145 131 146
f 146 131 130
f 146 130 147
f 147 130 129
f 147 129 148
f 148 129 128
f 148 128 149
f 149 128 127
f 149 127 150
f 150 127 126
f 150 126 151
f 151 126 125
f 151 125 152
f 152 125 124
f 152 124 153
f 153 124 123
f 153 123 154
f 154 123 122
f 154 122 155
f 155 122 121
f 155 121 156
f 157 139 140
f 157 140 158
f 158 140 141
f 158 141 159
f 159 141 142
f 159 142 160
f 160 142 143
f 160 143 161
f 161 143 144
f 161 144 162
f 162 144 145
f 162 145 163
f 163 145 146
f 163 146 164
f 164 146 147
f 164 147 165
f 165 147 148
f 165 148 166
f 166 148 149
f 166 149 167
f 167 149 150
f 167 150 168
f 168 150 151
f 168 151 169
f 169 151 152
f 169 152 170
f 170 152 153
f 170 153 171
f 171 153 154
f 171 154 172
f 172 154 155
f 172 155 173
f 173 155 156
f 173 156 174
f 158 159 173
f 173 159 160
f 173 160 161
f 175 176 177
f 177 176 178
f 175 179 176
f 176 179 180
f 176 180 181
f 181 182 176
f 176 182 183
f 176 183 174
f 174 183 173
f 173 183 157
f 173 157 158
f 161 162 173
f 173 162 163
f 173 163 164
f 176 184 178
f 178 184 185
f 178 185 186
f 166 170 171
f 170 166 169
f 169 166 167
f 169 167 168
f 164 165 173
f 173 165 166
f 173 166 172
f 172 166 171
f 187 188 189
f 189 188 190
f 186 191 178
f 178 191 190
f 178 190 192
f 192 190 188
f 174 156 193
f 174 193 176
f 176 193 194
f 176 194 184
f 184 194 195
f 184 195 185
f 185 195 196
f 185 196 186
f 186 196 197
f 186 197 191
f 191 197 198
f 191 198 190
f 190 198 199
f 190 199 189
f 189 199 200
f 189 200 187
f 187 200 201
f 187 201 188
f 188 201 202
f 188 202 192
f 192 202 203
f 192 203 178
f 178 203 204
f 178 204 177
f 177 204 205
f 177 205 175
f 175 205 206
f 175 206 179
f 179 206 207
f 179 207 180
f 180 207 208
f 180 208 181
f 181 208 209
f 181 209 182
f 182 209 210
f 182 210 183
f 183 210 139
f 183 139 157
f 156 121 120
f 138 139 210
f 211 212 111
f 111 212 213
f 111 213 214
f 214 215 111
f 111 215 216
f 111 216 112
f 112 216 217
f 112 217 218
f 218 219 112
f 112 219 220
f 112 220 221
f 221 222 112
f 112 222 223
f 112 223 224
f 156 120 193
f 193 120 119
f 193 119 194
f 194 119 118
f 194 118 195
f 195 118 117
f 195 117 196
f 196 117 116
f 196 116 197
f 197 116 115
f 197 115 198
f 198 115 114
f 198 114 199
f 199 114 113
f 199 113 200
f 200 113 112
f 200 112 201
f 201 112 224
f 201 224 225
f 225 226 201
f 201 226 227
f 201 227 228
f 228 229 201
f 201 229 230
f 201 230 202
f 202 230 231
f 202 231 232
f 232 233 202
f 202 233 234
f 202 234 235
f 235 236 202
f 202 236 237
f 202 237 238
f 138 210 103
f 103 210 209
f 103 209 104
f 104 209 208
f 104 208 105
f 105 208 207
f 105 207 106
f 106 207 206
f 106 206 107
f 107 206 205
f 107 205 108
f 108 205 204
f 108 204 109
f 109 204 203
f 109 203 110
f 110 203 202
f 110 202 111
f 111 202 238
f 111 238 211
f 231 239 232
f 232 239 240
f 232 240 233
f 233 240 241
f 237 236 242
f 242 236 235
f 242 235 241
f 241 235 234
f 241 234 233
f 237 242 238
f 238 242 243
f 238 243 211
f 211 243 212
f 212 243 244
f 212 244 213
f 245 246 217
f 217 216 245
f 245 216 215
f 245 215 244
f 244 215 214
f 244 214 213
f 217 246 218
f 218 246 247
f 218 247 219
f 219 247 248
f 223 222 249
f 249 222 221
f 249 221 248
f 248 221 220
f 248 220 219
f 223 249 224
f 224 249 250
f 224 250 225
f 225 250 226
f 226 250 251
f 226 251 227
f 252 239 231
f 231 230 252
f 252 230 229
f 252 229 251
f 251 229 228
f 251 228 227
f 242 241 240
f 251 250 252
f 252 250 249
f 243 242 244
f 244 242 240
f 244 240 245
f 245 240 239
f 245 239 246
f 246 239 252
f 246 252 247
f 247 252 249
f 247 249 248
f 253 254 255
f 253 255 256
f 256 255 257
f 256 257 258
f 258 257 259
f 258 259 260
f 260 259 261
f 260 261 262
f 262 261 263
f 262 263 264
f 264 263 265
f 264 265 266
f 266 265 267
f 266 267 268
f 268 267 269
f 268 269 270
f 271 272 273
f 273 272 274
f 274 272 275
f 274 275 276
f 277 278 279
f 279 278 280
f 281 282 283
f 284 285 286
f 286 285 271
f 286 271 287
f 287 271 273
f 288 289 290
f 290 289 291
f 290 291 270
f 270 291 276
f 270 276 268
f 268 276 275
f 268 275 266
f 266 275 292
f 293 294 295
f 295 294 282
f 295 282 296
f 296 282 281
f 297 298 299
f 299 298 300
f 301 302 282
f 282 302 303
f 282 303 283
f 283 303 304
f 283 304 305
f 305 304 306
f 305 306 307
f 307 306 308
f 307 308 292
f 283 309 310
f 310 309 311
f 310 311 312
f 293 295 300
f 300 295 313
f 300 313 299
f 258 314 256
f 256 314 315
f 256 315 253
f 253 315 316
f 258 260 314
f 314 260 262
f 314 262 292
f 292 262 264
f 292 264 266
f 317 318 319
f 319 318 320
f 319 320 321
f 321 320 322
f 321 322 323
f 323 322 324
f 323 324 325
f 326 314 327
f 327 314 292
f 327 292 328
f 328 292 308
f 329 330 331
f 332 333 334
f 334 333 280
f 334 280 335
f 335 280 278
f 336 337 279
f 279 337 338
f 279 338 277
f 339 340 341
f 341 340 342
f 341 342 310
f 310 342 343
f 310 343 283
f 283 343 344
f 283 344 281
f 345 346 347
f 347 346 348
f 347 348 349
f 350 351 352
f 352 351 353
f 352 353 349
f 349 353 354
f 349 354 347
f 317 355 318
f 318 355 356
f 318 356 350
f 350 356 357
f 350 357 351
f 325 324 326
f 326 324 358
f 326 358 314
f 314 358 329
f 314 329 359
f 359 329 331
f 359 331 360
f 361 362 363
f 363 362 340
f 363 340 364
f 364 340 339
f 365 366 367
f 367 366 253
f 367 253 368
f 368 253 316
f 369 370 371
f 355 372 356
f 356 372 373
f 356 373 374
f 375 376 311
f 311 376 377
f 311 377 312
f 371 378 369
f 369 378 379
f 369 379 380
f 380 379 374
f 380 374 381
f 381 374 373
f 301 282 279
f 279 282 382
f 279 382 336
f 383 373 372
f 383 372 384
f 384 372 355
f 384 355 385
f 385 355 317
f 385 317 386
f 386 317 319
f 386 319 387
f 387 319 321
f 387 321 388
f 388 321 323
f 388 323 389
f 389 323 325
f 389 325 390
f 390 325 326
f 390 326 391
f 391 326 327
f 391 327 392
f 392 327 328
f 392 328 393
f 393 328 308
f 393 308 394
f 394 308 306
f 394 306 395
f 395 306 304
f 395 304 396
f 396 304 303
f 396 303 397
f 397 303 302
f 397 302 398
f 398 302 301
f 398 301 399
f 399 301 279
f 399 279 400
f 401 402 403
f 404 405 406
f 383 407 408
f 408 407 409
f 383 384 407
f 407 384 385
f 407 385 410
f 385 386 410
f 410 386 387
f 410 387 411
f 411 387 388
f 411 388 412
f 412 388 389
f 412 389 413
f 413 389 390
f 413 390 414
f 414 390 391
f 414 391 415
f 415 391 392
f 415 392 416
f 416 392 393
f 416 393 417
f 403 418 401
f 401 418 419
f 401 419 420
f 420 419 421
f 420 421 422
f 423 424 425
f 425 424 404
f 425 404 426
f 426 404 406
f 393 394 417
f 417 394 395
f 417 395 427
f 427 395 396
f 427 396 428
f 428 396 397
f 428 397 429
f 429 397 398
f 429 398 430
f 430 398 399
f 430 399 431
f 431 399 400
f 431 400 432
f 400 433 432
f 432 433 434
f 432 434 435
f 435 434 420
f 435 420 436
f 436 420 422
f 436 422 437
f 423 408 424
f 424 408 409
f 424 409 438
f 438 409 436
f 438 436 439
f 439 436 437
f 440 441 442
f 443 440 444
f 444 440 442
f 444 442 445
f 445 442 446
f 445 446 447
f 447 446 448
f 449 447 450
f 450 447 448
f 450 448 451
f 451 448 452
f 451 452 453
f 453 452 454
f 454 452 455
f 454 455 456
f 457 458 426
f 459 456 405
f 405 456 455
f 405 455 406
f 406 455 460
f 406 460 426
f 426 460 461
f 426 461 457
f 457 461 462
f 457 462 463
f 464 465 466
f 466 465 467
f 468 469 470
f 470 469 466
f 466 469 471
f 466 471 464
f 443 472 440
f 440 472 467
f 440 467 441
f 441 467 465
f 473 474 470
f 470 474 475
f 470 475 468
f 443 444 472
f 472 444 476
f 472 476 477
f 478 479 480
f 481 482 483
f 484 485 486
f 483 487 488
f 488 487 489
f 488 489 490
f 491 492 493
f 494 495 496
f 497 498 447
f 485 484 499
f 489 500 490
f 490 500 501
f 490 501 502
f 502 501 491
f 502 491 503
f 503 491 493
f 504 505 506
f 484 507 499
f 499 507 508
f 499 508 480
f 480 508 488
f 480 488 478
f 478 488 490
f 507 509 508
f 508 509 510
f 508 510 511
f 486 512 484
f 484 512 513
f 484 513 514
f 514 513 515
f 478 516 479
f 479 516 517
f 479 517 518
f 518 517 519
f 518 519 520
f 520 519 521
f 520 521 522
f 505 504 496
f 496 504 523
f 496 523 494
f 447 524 525
f 476 444 445
f 526 527 528
f 529 481 530
f 530 481 483
f 530 483 531
f 531 483 488
f 506 532 504
f 504 532 511
f 504 511 533
f 533 511 510
f 532 534 511
f 511 534 535
f 511 535 536
f 536 535 537
f 536 537 538
f 538 537 528
f 538 528 539
f 539 528 527
f 497 447 540
f 540 447 525
f 540 525 541
f 528 542 526
f 526 542 543
f 526 543 498
f 498 543 476
f 498 476 447
f 447 476 445
f 544 545 546
f 546 545 496
f 546 496 495
f 545 544 547
f 548 549 550
f 472 477 467
f 467 477 551
f 552 545 553
f 553 545 548
f 553 548 554
f 554 548 550
f 545 547 548
f 548 547 467
f 548 467 555
f 555 467 551
f 555 551 556
f 557 558 559
f 547 544 546
f 557 559 523
f 523 559 560
f 523 560 494
f 494 560 561
f 494 561 495
f 495 561 562
f 495 562 546
f 546 562 547
f 547 562 466
f 547 466 467
f 560 563 564
f 560 564 561
f 561 564 565
f 561 565 562
f 562 565 566
f 562 566 466
f 567 470 566
f 566 470 466
f 470 567 473
f 473 567 568
f 473 568 474
f 474 568 475
f 475 568 569
f 475 569 468
f 468 569 469
f 469 569 570
f 469 570 471
f 471 570 571
f 471 571 464
f 572 573 574
f 575 576 564
f 577 578 579
f 580 581 582
f 583 584 585
f 585 584 586
f 582 587 580
f 580 587 588
f 580 588 589
f 589 588 590
f 589 590 591
f 585 592 583
f 583 592 593
f 583 593 582
f 582 593 594
f 582 594 587
f 584 595 586
f 586 595 596
f 586 596 597
f 598 599 600
f 600 599 601
f 600 601 602
f 602 601 586
f 602 586 603
f 603 586 597
f 589 604 605
f 589 605 606
f 591 607 589
f 589 607 608
f 589 608 604
f 609 608 610
f 607 611 608
f 608 611 612
f 608 612 613
f 614 613 615
f 615 613 616
f 615 616 617
f 617 616 618
f 617 618 619
f 619 618 620
f 619 620 621
f 621 620 622
f 621 622 623
f 623 622 624
f 623 624 625
f 625 624 626
f 625 626 627
f 614 628 613
f 613 628 629
f 613 629 608
f 608 629 630
f 608 630 610
f 627 626 631
f 631 626 632
f 631 632 633
f 633 632 634
f 633 634 610
f 610 634 635
f 610 635 609
f 605 636 606
f 606 636 637
f 606 637 638
f 638 637 639
f 638 639 640
f 640 639 641
f 640 641 642
f 642 641 643
f 642 643 644
f 644 643 645
f 644 645 646
f 647 648 649
f 650 644 648
f 648 644 646
f 648 646 649
f 650 651 652
f 652 651 653
f 652 653 654
f 654 653 655
f 654 655 656
f 655 657 656
f 656 657 658
f 656 658 659
f 659 658 660
f 659 660 661
f 661 660 662
f 661 662 663
f 663 662 664
f 663 664 665
f 665 664 666
f 665 666 667
f 667 666 668
f 667 668 649
f 649 668 669
f 649 669 647
f 670 671 644
f 650 652 644
f 644 652 672
f 644 672 670
f 671 673 644
f 644 673 674
f 644 674 675
f 676 677 678
f 678 679 676
f 676 679 680
f 676 680 681
f 681 680 682
f 681 682 683
f 674 684 675
f 675 684 685
f 675 685 686
f 686 685 687
f 686 687 688
f 688 687 689
f 688 689 677
f 677 689 690
f 690 691 677
f 677 691 692
f 677 692 678
f 678 692 693
f 678 693 694
f 694 693 695
f 694 695 696
f 696 695 697
f 696 697 698
f 698 697 699
f 698 699 700
f 700 699 701
f 700 701 702
f 702 701 703
f 702 703 704
f 704 703 705
f 704 705 706
f 706 705 707
f 706 707 708
f 708 707 709
f 708 709 682
f 682 709 710
f 682 710 683
f 683 711 681
f 681 711 712
f 681 712 713
f 713 712 714
f 713 714 715
f 716 717 718
f 718 719 716
f 716 719 720
f 716 720 721
f 721 720 722
f 721 722 723
f 723 722 724
f 723 724 725
f 725 724 726
f 725 726 727
f 727 726 728
f 727 728 729
f 729 728 730
f 729 730 731
f 731 730 732
f 731 732 733
f 714 734 715
f 715 734 735
f 715 735 736
f 736 735 737
f 736 737 738
f 738 737 739
f 738 739 717
f 716 740 717
f 717 740 741
f 717 741 738
f 738 741 742
f 738 742 579
f 579 578 738
f 738 578 743
f 738 743 744
f 744 743 745
f 744 745 746
f 732 747 733
f 733 747 748
f 733 748 579
f 579 748 749
f 579 749 577
f 750 751 752
f 752 751 753
f 745 754 746
f 746 754 755
f 746 755 756
f 756 755 757
f 756 757 758
f 758 757 759
f 758 759 760
f 761 762 760
f 760 762 763
f 760 763 758
f 758 763 764
f 758 764 751
f 751 764 765
f 751 765 753
f 766 257 767
f 767 257 255
f 767 255 768
f 768 255 254
f 768 254 753
f 753 254 769
f 753 769 752
f 761 770 762
f 762 770 269
f 762 269 771
f 771 269 267
f 771 267 772
f 772 267 265
f 772 265 773
f 773 265 263
f 773 263 774
f 774 263 261
f 774 261 766
f 766 261 259
f 766 259 257
f 750 775 751
f 751 775 574
f 751 574 776
f 776 574 573
f 776 573 777
f 777 573 572
f 777 572 778
f 779 780 781
f 781 780 782
f 572 783 778
f 778 783 784
f 778 784 785
f 785 784 780
f 785 780 786
f 786 780 779
f 786 779 787
f 787 788 786
f 786 788 789
f 786 789 790
f 790 789 791
f 790 791 792
f 792 791 793
f 792 793 794
f 794 793 795
f 794 795 796
f 796 795 797
f 796 797 798
f 798 797 799
f 797 800 799
f 799 800 801
f 799 801 802
f 802 801 803
f 802 803 569
f 569 803 804
f 569 804 805
f 806 807 805
f 808 570 809
f 809 570 569
f 809 569 810
f 810 569 805
f 810 805 811
f 811 805 807
f 805 812 806
f 806 812 462
f 806 462 813
f 813 462 461
f 813 461 814
f 814 461 460
f 814 460 815
f 815 460 455
f 815 455 816
f 816 455 452
f 816 452 817
f 817 452 448
f 817 448 818
f 818 448 446
f 818 446 819
f 819 446 442
f 819 442 820
f 820 442 821
f 820 821 808
f 808 821 571
f 808 571 570
f 569 568 802
f 802 568 567
f 802 567 822
f 822 567 566
f 822 566 576
f 576 566 565
f 576 565 564
f 575 564 823
f 823 564 563
f 823 563 824
f 824 563 825
f 824 825 826
f 827 828 829
f 830 831 832
f 830 833 831
f 831 833 826
f 831 826 834
f 834 826 825
f 833 835 826
f 826 835 836
f 826 836 837
f 837 836 838
f 837 838 839
f 840 841 832
f 832 841 842
f 832 842 830
f 843 844 845
f 845 844 846
f 845 846 839
f 839 846 847
f 839 847 837
f 840 827 841
f 841 827 829
f 841 829 848
f 848 829 849
f 848 849 850
f 850 849 851
f 850 851 852
f 852 851 853
f 852 853 854
f 854 853 855
f 854 855 843
f 843 855 856
f 843 856 844
f 857 858 859
f 837 860 826
f 826 860 861
f 826 861 862
f 862 861 863
f 862 863 859
f 859 863 864
f 864 865 859
f 859 865 866
f 859 866 857
f 857 866 867
f 868 869 870
f 866 871 867
f 867 871 872
f 867 872 873
f 873 872 874
f 873 874 875
f 875 874 876
f 875 876 868
f 877 878 879
f 870 880 868
f 868 880 881
f 868 881 875
f 875 881 877
f 875 877 882
f 882 877 879
f 784 883 780
f 780 883 884
f 780 884 885
f 886 887 780
f 780 887 888
f 780 888 782
f 782 888 889
f 782 889 890
f 890 889 891
f 890 891 892
f 892 891 893
f 892 893 894
f 894 893 895
f 894 895 896
f 896 895 897
f 896 897 898
f 898 897 899
f 898 899 900
f 900 899 901
f 900 901 902
f 902 901 903
f 902 903 885
f 885 903 904
f 885 904 780
f 780 904 886
f 597 905 603
f 603 905 906
f 907 908 909
f 907 909 910
f 910 909 911
f 910 911 912
f 906 905 913
f 913 905 914
f 913 914 915
f 915 914 916
f 915 916 917
f 917 916 918
f 917 918 919
f 919 918 920
f 919 920 921
f 921 920 908
f 921 908 922
f 922 908 907
f 923 924 925
f 925 924 926
f 925 926 927
f 927 926 928
f 927 928 929
f 929 928 930
f 929 930 931
f 931 930 932
f 931 932 933
f 933 932 934
f 933 934 935
f 935 934 936
f 935 936 911
f 911 936 912
f 932 930 937
f 938 939 940
f 940 939 941
f 940 941 937
f 937 941 942
f 937 942 932
f 943 939 944
f 944 939 938
f 944 938 945
f 946 947 945
f 945 938 946
f 946 938 940
f 946 940 948
f 948 940 937
f 948 937 949
f 949 937 930
f 949 930 928
f 950 951 952
f 939 943 950
f 950 952 939
f 939 952 953
f 939 953 941
f 941 953 954
f 941 954 942
f 942 954 934
f 942 934 932
f 912 936 955
f 955 936 956
f 955 956 957
f 957 956 958
f 957 958 959
f 959 958 960
f 959 960 961
f 961 960 962
f 936 934 956
f 956 934 954
f 956 954 958
f 958 954 953
f 958 953 960
f 960 953 952
f 960 952 962
f 962 952 951
f 963 964 965
f 965 964 966
f 967 968 969
f 970 971 972
f 972 971 973
f 972 973 974
f 975 970 976
f 976 970 972
f 976 972 977
f 977 972 974
f 977 974 978
f 979 980 981
f 981 980 982
f 981 982 983
f 917 984 985
f 985 984 986
f 985 986 987
f 987 986 988
f 989 985 979
f 979 985 987
f 979 987 980
f 980 987 988
f 980 988 982
f 989 913 985
f 985 913 915
f 985 915 917
f 990 991 992
f 992 991 993
f 992 993 994
f 961 995 996
f 961 996 959
f 959 996 968
f 959 968 957
f 957 968 967
f 957 967 955
f 955 967 910
f 955 910 912
f 969 968 997
f 997 968 996
f 997 996 965
f 965 996 995
f 965 995 963
f 906 913 998
f 998 913 989
f 998 989 999
f 999 989 979
f 999 979 1000
f 1000 979 981
f 1000 981 1001
f 1001 981 983
f 1001 983 1002
f 1003 1002 1004
f 1004 1002 983
f 1004 983 1005
f 1005 983 982
f 1005 982 978
f 978 982 988
f 978 988 977
f 977 988 986
f 977 986 976
f 976 986 984
f 976 984 975
f 975 984 917
f 975 917 919
f 973 1006 974
f 974 1006 1007
f 974 1007 978
f 978 1007 1008
f 978 1008 1005
f 1005 1008 994
f 1005 994 1004
f 1004 994 993
f 1004 993 1003
f 919 921 975
f 975 921 922
f 975 922 970
f 970 922 907
f 970 907 971
f 971 907 910
f 971 910 973
f 973 910 967
f 973 967 1006
f 1006 967 969
f 1006 969 1007
f 1007 969 997
f 1007 997 1008
f 1008 997 965
f 1008 965 994
f 994 965 966
f 994 966 992
f 990 586 601
f 1001 598 1000
f 1000 598 600
f 1000 600 999
f 999 600 602
f 999 602 998
f 998 602 603
f 998 603 906
f 1001 1002 598
f 598 1002 1003
f 598 1003 599
f 599 1003 993
f 599 993 601
f 601 993 991
f 601 991 990
f 1009 868 876
f 585 586 990
f 963 1010 964
f 964 1010 1011
f 964 1011 966
f 966 1011 1012
f 966 1012 992
f 1013 592 1014
f 1014 592 585
f 1014 585 1012
f 1012 585 990
f 1012 990 992
f 1015 1016 1017
f 1015 1017 1018
f 1019 1020 1021
f 1021 1020 1018
f 1021 1018 1022
f 1022 1018 1017
f 1009 876 1023
f 876 874 1024
f 1019 1023 1020
f 1020 1023 876
f 1020 876 1025
f 1025 876 1024
f 1026 945 947
f 1026 947 1015
f 1015 947 1027
f 1015 1027 1016
f 1028 950 943
f 1028 943 1026
f 1026 943 944
f 1026 944 945
f 963 995 1010
f 1010 995 961
f 1010 961 1029
f 1029 961 962
f 1029 962 1028
f 1028 962 951
f 1028 951 950
f 1030 591 1031
f 1031 591 590
f 1031 590 1032
f 1032 590 588
f 1032 588 1033
f 1033 588 587
f 1033 587 1034
f 1034 587 594
f 1034 594 1035
f 1035 594 1036
f 1036 594 593
f 1036 593 1037
f 1037 593 1038
f 1038 593 592
f 1038 592 1013
f 591 1030 607
f 607 1030 1039
f 1040 1041 1011
f 1011 1041 1042
f 1011 1042 1012
f 1012 1042 1043
f 1040 1011 1044
f 1044 1011 1045
f 1044 1045 1046
f 1047 1013 1043
f 1043 1013 1014
f 1043 1014 1012
f 1048 1035 1047
f 1047 1035 1036
f 1036 1037 1047
f 1047 1037 1038
f 1047 1038 1013
f 1049 1050 1051
f 1051 1050 1052
f 1048 1052 1035
f 1035 1052 1033
f 1035 1033 1034
f 1050 1053 1052
f 1052 1053 1039
f 1052 1039 1033
f 1033 1039 1030
f 1033 1030 1032
f 1032 1030 1031
f 1015 1018 1054
f 1045 1011 1010
f 1010 1029 1045
f 1045 1029 1028
f 1045 1028 1054
f 1054 1028 1026
f 1054 1026 1015
f 1054 1055 1056
f 1054 1056 1045
f 1045 1056 1057
f 1045 1057 1046
f 1058 1059 520
f 626 1060 1061
f 626 1061 632
f 1062 1060 1063
f 1063 1060 626
f 1063 626 1064
f 1064 626 624
f 1064 624 1057
f 1057 624 622
f 1042 1041 622
f 622 1041 1040
f 622 1040 1057
f 1057 1040 1044
f 1057 1044 1046
f 622 620 1042
f 1042 620 618
f 1042 618 1043
f 1043 618 616
f 1043 616 1047
f 1061 1058 632
f 632 1058 520
f 632 520 634
f 634 520 522
f 634 522 635
f 635 522 1065
f 1066 518 1067
f 1067 518 520
f 1067 520 1059
f 1068 1069 1070
f 1071 1072 1073
f 1073 1072 1074
f 1068 1070 1067
f 1067 1070 1073
f 1067 1073 1066
f 1066 1073 1074
f 1066 1074 1075
f 1076 512 1070
f 1070 512 486
f 1070 486 1073
f 1077 853 1078
f 1078 853 851
f 1078 851 1079
f 1080 1081 1082
f 1080 1082 1083
f 1055 1079 1056
f 1056 1079 851
f 1056 851 1084
f 1084 851 849
f 1084 849 1082
f 1082 849 829
f 1082 829 1083
f 828 827 1085
f 1076 1083 512
f 512 1083 829
f 512 829 513
f 513 829 828
f 513 828 515
f 515 828 1085
f 1086 1018 1087
f 1087 1018 1020
f 1087 1020 1088
f 1086 1077 1018
f 1018 1077 1078
f 1018 1078 1054
f 1054 1078 1079
f 1054 1079 1055
f 1089 1090 1091
f 1091 1090 1092
f 1091 1092 1093
f 1093 1092 1094
f 1095 1096 1097
f 1097 1096 1098
f 1097 1098 1099
f 1099 1098 1092
f 1092 1098 1094
f 1094 1098 1100
f 1094 1100 1101
f 1020 1025 1088
f 1088 1025 1024
f 1088 1024 1091
f 1091 1024 1102
f 1091 1102 1089
f 1103 1104 1100
f 1100 1104 1105
f 1100 1105 1101
f 855 853 1077
f 1088 1091 846
f 1077 1086 855
f 855 1086 1087
f 855 1087 856
f 856 1087 1088
f 856 1088 844
f 844 1088 846
f 1100 861 1103
f 1103 861 860
f 1103 860 1104
f 1104 860 1105
f 1105 860 837
f 1105 837 1101
f 1101 837 1094
f 1094 837 847
f 1094 847 1093
f 1093 847 846
f 1093 846 1091
f 1098 863 1100
f 1100 863 861
f 1102 1024 874
f 874 872 1102
f 1102 872 871
f 1102 871 1089
f 1097 1099 866
f 866 1099 1092
f 866 1092 871
f 871 1092 1090
f 871 1090 1089
f 866 865 1097
f 1097 865 864
f 1097 864 1095
f 863 1098 864
f 864 1098 1096
f 864 1096 1095
f 1084 1082 1063
f 1084 1063 1056
f 1056 1063 1064
f 1056 1064 1057
f 1062 1063 1068
f 1068 1063 1082
f 1068 1082 1069
f 1069 1082 1081
f 1067 1059 1058
f 1062 1068 1060
f 1060 1068 1067
f 1060 1067 1061
f 1061 1067 1058
f 1070 1069 1081
f 1081 1080 1070
f 1070 1080 1083
f 1070 1083 1076
f 560 559 1106
f 560 1106 1107
f 1106 514 1107
f 1107 514 515
f 1107 515 1085
f 1108 1109 1110
f 1110 1109 1111
f 1085 1112 1107
f 1107 1112 1111
f 1107 1111 1113
f 1113 1111 1109
f 1114 484 1106
f 1106 484 514
f 1115 1114 559
f 559 1114 1106
f 559 558 1116
f 1117 1115 1118
f 1118 1115 559
f 1118 559 1119
f 1119 559 1116
f 1116 558 504
f 504 558 557
f 504 557 523
f 1116 504 1119
f 1119 504 533
f 1119 533 1118
f 1118 533 510
f 1118 510 1117
f 1117 510 509
f 1117 509 1115
f 1115 509 507
f 1115 507 1114
f 1114 507 484
f 563 560 825
f 825 560 1107
f 825 1107 834
f 840 832 1110
f 1085 827 1112
f 1112 827 840
f 1112 840 1111
f 1111 840 1110
f 831 834 1107
f 1107 1113 831
f 831 1113 1109
f 831 1109 832
f 832 1109 1108
f 832 1108 1110
f 518 1066 479
f 479 1066 1075
f 479 1075 480
f 480 1075 1074
f 480 1074 499
f 499 1074 1072
f 499 1072 485
f 485 1072 1071
f 485 1071 486
f 486 1071 1073
f 613 612 1051
f 1047 616 1048
f 1048 616 613
f 1048 613 1052
f 1052 613 1051
f 611 607 1039
f 1039 1053 611
f 611 1053 1050
f 611 1050 612
f 612 1050 1049
f 612 1049 1051
f 1120 605 1121
f 1121 605 604
f 1121 604 1122
f 1122 604 1123
f 1123 604 608
f 1123 608 1124
f 1124 608 1125
f 1125 608 609
f 1125 609 1126
f 1126 609 635
f 1126 635 1065
f 1127 643 641
f 641 639 1127
f 1127 639 637
f 1127 637 1120
f 1120 637 636
f 1120 636 605
f 1120 493 1127
f 1127 493 492
f 1127 492 1128
f 492 1129 1130
f 1125 1126 521
f 521 1126 1065
f 521 1065 522
f 1131 1129 1132
f 1132 1129 492
f 1132 492 1133
f 1122 1123 521
f 521 1123 1124
f 521 1124 1125
f 1130 1134 492
f 492 1134 1135
f 492 1135 1136
f 1137 493 1138
f 1138 493 1120
f 1138 1120 521
f 521 1120 1121
f 521 1121 1122
f 1136 1139 492
f 492 1139 1140
f 492 1140 1128
f 649 646 1136
f 1130 667 1134
f 1134 667 649
f 1134 649 1135
f 1135 649 1136
f 645 643 1127
f 1127 1128 645
f 645 1128 1140
f 645 1140 646
f 646 1140 1139
f 646 1139 1136
f 402 1141 1142
f 656 1143 1144
f 1145 1146 418
f 1144 1145 656
f 656 1145 418
f 656 418 654
f 1147 541 1148
f 1148 541 1149
f 1150 1143 524
f 524 1143 656
f 524 656 525
f 525 656 659
f 525 659 541
f 541 659 661
f 541 661 1149
f 1129 1131 482
f 1151 1149 529
f 529 1149 661
f 529 661 481
f 481 661 663
f 481 663 482
f 482 663 665
f 482 665 1129
f 1129 665 667
f 1129 667 1130
f 1152 672 1153
f 1153 672 652
f 418 403 654
f 654 403 402
f 654 402 652
f 652 402 1142
f 652 1142 1153
f 1154 419 1155
f 1155 419 418
f 1155 418 1146
f 1154 1155 1156
f 1157 1158 1159
f 1159 1158 1160
f 1159 1160 1161
f 1162 1163 1164
f 1164 1154 1162
f 1162 1154 1156
f 1162 1156 1160
f 1160 1156 1165
f 1160 1165 1161
f 1162 1160 437
f 437 1160 439
f 439 1160 438
f 438 1160 1158
f 438 1158 424
f 424 1158 1157
f 424 1157 404
f 404 1157 1159
f 404 1159 405
f 405 1159 1161
f 405 1161 459
f 456 459 1161
f 1165 449 450
f 450 451 1165
f 1165 451 453
f 1165 453 1161
f 1161 453 454
f 1161 454 456
f 1150 524 1156
f 1156 524 447
f 1156 447 1165
f 1165 447 449
f 1150 1156 1143
f 1143 1156 1155
f 1146 1145 1155
f 1155 1145 1144
f 1155 1144 1143
f 419 1154 421
f 421 1154 1164
f 421 1164 422
f 422 1164 1163
f 422 1163 437
f 437 1163 1162
f 1166 540 1167
f 1167 540 541
f 1167 541 1147
f 1166 1167 1168
f 1169 1170 1171
f 1172 1173 1174
f 1174 1173 1175
f 1174 1175 1176
f 1174 1177 1178
f 1178 1177 1169
f 1178 1169 1179
f 1179 1169 1171
f 1168 1177 1166
f 1166 1177 1174
f 1166 1174 1180
f 1180 1174 1176
f 1178 536 1174
f 1174 536 538
f 536 1178 511
f 511 1178 1179
f 511 1179 508
f 508 1179 1171
f 508 1171 488
f 488 1171 1170
f 488 1170 531
f 531 1170 1169
f 531 1169 530
f 530 1169 1177
f 530 1177 529
f 529 1177 1168
f 529 1168 1151
f 1168 1167 1147
f 1147 1148 1168
f 1168 1148 1149
f 1168 1149 1151
f 1174 538 1172
f 1172 538 539
f 1172 539 1173
f 1173 539 527
f 1173 527 1175
f 1175 527 526
f 1175 526 1176
f 1176 526 498
f 1176 498 1180
f 1180 498 497
f 1180 497 1166
f 1166 497 540
f 482 1131 483
f 483 1131 1132
f 483 1132 1181
f 1182 1183 1184
f 1184 1185 1182
f 1182 1185 1181
f 1182 1181 1186
f 1186 1181 1132
f 1186 1132 1133
f 1133 492 1186
f 1186 492 491
f 1186 491 1182
f 1182 491 501
f 1182 501 1183
f 1183 501 500
f 1183 500 1184
f 1184 500 489
f 1184 489 1185
f 1185 489 487
f 1185 487 1181
f 1181 487 483
f 1187 674 1188
f 1188 674 673
f 1188 673 1189
f 1189 673 1190
f 1190 673 671
f 1190 671 1191
f 1191 671 1192
f 1192 671 670
f 1192 670 1193
f 1193 670 672
f 1193 672 1152
f 1194 690 1195
f 1195 690 689
f 1196 687 1197
f 1197 687 685
f 1197 685 1187
f 1187 685 684
f 1187 684 674
f 1196 1198 687
f 687 1198 1199
f 687 1199 689
f 689 1199 1200
f 689 1200 1195
f 1201 298 297
f 690 1194 691
f 691 1194 1202
f 1202 1203 691
f 691 1203 1201
f 691 1201 692
f 692 1201 297
f 692 297 693
f 693 297 299
f 693 299 695
f 695 299 313
f 340 709 707
f 340 707 342
f 342 707 705
f 342 705 343
f 343 705 703
f 343 703 344
f 344 703 701
f 344 701 281
f 281 701 699
f 281 699 296
f 296 699 697
f 296 697 295
f 295 697 695
f 295 695 313
f 364 712 363
f 363 712 711
f 363 711 361
f 361 711 683
f 361 683 362
f 362 683 710
f 362 710 340
f 340 710 709
f 310 312 739
f 739 737 310
f 310 737 735
f 310 735 341
f 341 735 734
f 341 734 339
f 339 734 714
f 339 714 364
f 364 714 712
f 739 312 717
f 717 312 377
f 717 377 718
f 718 377 376
f 718 376 719
f 719 376 375
f 719 375 720
f 720 375 311
f 722 720 309
f 309 720 311
f 272 747 732
f 272 732 275
f 275 732 730
f 275 730 292
f 292 730 728
f 292 728 307
f 307 728 726
f 307 726 305
f 305 726 724
f 305 724 283
f 283 724 722
f 283 722 309
f 748 747 271
f 271 747 272
f 287 743 286
f 286 743 578
f 286 578 284
f 284 578 577
f 284 577 285
f 285 577 749
f 285 749 271
f 271 749 748
f 743 287 745
f 745 287 273
f 745 273 754
f 754 273 274
f 754 274 755
f 755 274 276
f 755 276 757
f 757 276 291
f 757 291 759
f 759 291 760
f 760 291 289
f 760 289 761
f 761 289 288
f 761 288 770
f 770 288 290
f 770 290 269
f 269 290 270
f 1204 300 298
f 298 1201 1205
f 1205 1206 298
f 298 1206 1207
f 298 1207 1208
f 1208 1209 298
f 298 1209 1210
f 298 1210 1204
f 1211 1212 1213
f 1214 1215 1216
f 1195 1200 1217
f 1217 1200 1199
f 1217 1199 1198
f 1205 1201 1218
f 1218 1201 1203
f 1209 1208 1219
f 1219 1208 1207
f 1219 1207 1218
f 1218 1207 1206
f 1218 1206 1205
f 1212 300 1213
f 1213 300 1204
f 1213 1204 1210
f 336 382 1220
f 1220 382 282
f 1220 282 294
f 1221 278 277
f 1222 1216 1197
f 1197 1216 1215
f 1197 1215 1196
f 277 338 1221
f 1221 338 337
f 1221 337 1222
f 1222 337 1223
f 1222 1223 1216
f 1216 1223 1211
f 1216 1211 1214
f 1214 1211 1213
f 1214 1213 1219
f 1219 1213 1210
f 1219 1210 1209
f 337 336 1223
f 1223 336 1220
f 1223 1220 1211
f 1211 1220 294
f 1211 294 1212
f 1212 294 293
f 1212 293 300
f 1196 1215 1198
f 1198 1215 1214
f 1198 1214 1217
f 1217 1214 1219
f 1217 1219 1195
f 1195 1219 1218
f 1195 1218 1194
f 1194 1218 1203
f 1194 1203 1202
f 1152 1153 1197
f 1142 1141 335
f 1191 1192 1187
f 1197 1153 1222
f 1222 1153 1142
f 1222 1142 1221
f 1221 1142 335
f 1221 335 278
f 1187 1192 1197
f 1197 1192 1193
f 1197 1193 1152
f 1188 1189 1187
f 1187 1189 1190
f 1187 1190 1191
f 1141 402 335
f 335 402 401
f 335 401 334
f 433 280 434
f 434 280 333
f 434 333 420
f 420 333 332
f 420 332 401
f 401 332 334
f 279 280 400
f 400 280 433
f 493 1137 503
f 503 1137 1224
f 1225 1226 1227
f 1227 1226 1228
f 1227 1228 1229
f 1137 1138 1224
f 1224 1138 1227
f 1224 1227 1230
f 1230 1227 1229
f 1227 1138 519
f 519 1138 521
f 1227 519 1225
f 1225 519 517
f 1225 517 1226
f 1226 517 516
f 1226 516 1228
f 1228 516 478
f 1228 478 1229
f 1229 478 490
f 1229 490 1230
f 1230 490 502
f 1230 502 1224
f 1224 502 503
f 1231 881 880
f 1231 880 1232
f 1232 880 870
f 1232 870 1233
f 1233 870 869
f 1233 869 1234
f 1234 869 868
f 1234 868 1009
f 1235 877 1231
f 1231 877 881
f 1236 882 879
f 1236 879 1237
f 1237 879 878
f 1237 878 1238
f 1238 878 877
f 1238 877 1235
f 1239 1240 583
f 1241 1242 867
f 867 873 1241
f 1241 873 875
f 1241 875 1243
f 1243 1244 1241
f 1241 1244 1245
f 1241 1245 1246
f 583 1240 584
f 1247 1248 1249
f 1249 1248 584
f 1249 584 1250
f 1250 584 1240
f 1239 583 1251
f 1251 583 582
f 1251 582 1252
f 1252 582 581
f 1252 581 1253
f 1254 1255 1256
f 1256 1255 1257
f 1256 1257 1248
f 1257 1258 1248
f 1248 1258 1259
f 1248 1259 1260
f 1260 1261 1248
f 1248 1261 1262
f 1248 1262 584
f 584 1262 1263
f 584 1263 595
f 1254 1256 1264
f 1264 1256 1265
f 1264 1265 1266
f 1267 1268 1269
f 1267 1269 1265
f 1265 1269 1270
f 1265 1270 1266
f 1271 1272 1267
f 1267 1272 1273
f 1267 1273 1268
f 1246 1245 1274
f 1274 1245 1275
f 1274 1275 1276
f 1276 1277 1274
f 1274 1277 1278
f 1274 1278 1271
f 1271 1278 1279
f 1271 1279 1272
f 1280 858 1281
f 1281 858 857
f 1242 1282 867
f 867 1282 1283
f 867 1283 857
f 857 1283 1284
f 857 1284 1281
f 859 858 1285
f 1285 858 1280
f 1285 1280 1286
f 823 824 1287
f 1287 824 826
f 1287 826 1285
f 1285 826 862
f 1285 862 859
f 1288 1289 1290
f 1290 1289 1287
f 1290 1287 1291
f 1291 1287 1292
f 1286 1293 1285
f 1285 1293 1294
f 1285 1294 1287
f 1287 1294 1295
f 1287 1295 1292
f 1296 1297 1298
f 1298 1297 1299
f 1298 1299 1300
f 1300 1299 1301
f 1301 1299 1302
f 1301 1302 1303
f 1303 1302 1304
f 1304 1302 1287
f 1304 1287 1289
f 1305 1306 1307
f 1307 1306 1297
f 1307 1297 1308
f 1308 1297 1296
f 1309 1310 1311
f 1309 1311 1312
f 1312 1311 1313
f 1312 1313 1314
f 1315 1316 1317
f 1317 1316 1318
f 1318 1319 1317
f 1317 1319 1320
f 1317 1320 1321
f 1307 1308 1322
f 1322 1315 1307
f 1307 1315 1317
f 1307 1317 1323
f 1323 1317 1321
f 1323 1321 1313
f 1313 1321 1324
f 1313 1324 1314
f 1305 1307 1325
f 1325 1307 1323
f 1325 1323 1326
f 1326 1323 1313
f 1326 1313 1311
f 1327 676 681
f 1328 1329 1330
f 1330 1329 1331
f 1330 1331 1332
f 1332 1331 1333
f 1332 1333 1334
f 1335 1336 1328
f 1328 1336 1337
f 1328 1337 1329
f 1338 796 798
f 1309 1312 1339
f 1340 1341 1339
f 1339 1341 1310
f 1339 1310 1309
f 798 1342 1338
f 1338 1342 1343
f 1338 1343 1339
f 1339 1343 1344
f 1339 1344 1340
f 1333 1327 1334
f 1334 1327 681
f 1334 681 1345
f 1345 681 713
f 1345 713 1346
f 1346 713 1347
f 1347 713 1348
f 1348 713 715
f 1348 715 1349
f 1349 715 1350
f 1350 715 736
f 1350 736 1351
f 1351 736 1352
f 1352 736 738
f 1352 738 1353
f 1353 738 1354
f 1354 738 744
f 1354 744 1355
f 1355 744 1356
f 1356 744 746
f 1356 746 1357
f 756 1358 746
f 746 1358 1359
f 746 1359 1357
f 758 1360 756
f 756 1360 1361
f 756 1361 1358
f 751 1362 758
f 758 1362 1363
f 758 1363 1360
f 776 1364 751
f 751 1364 1365
f 751 1365 1362
f 1366 1367 777
f 777 1367 1368
f 777 1368 776
f 776 1368 1369
f 776 1369 1364
f 1370 1371 1372
f 777 1373 1366
f 1366 1373 1374
f 1366 1374 1375
f 1375 1376 1366
f 1366 1376 1377
f 1366 1377 1378
f 1378 1377 1379
f 1378 1379 1380
f 1380 1379 1381
f 1381 1379 1382
f 1381 1382 1372
f 1372 1382 1383
f 1372 1383 1370
f 1384 1385 778
f 1385 1386 778
f 778 1386 1387
f 778 1387 1388
f 1389 1390 777
f 777 1390 1391
f 777 1391 1373
f 1388 1392 778
f 778 1392 1393
f 778 1393 777
f 777 1393 1394
f 777 1394 1389
f 1371 1384 1372
f 1372 1384 778
f 1372 778 1395
f 1395 778 785
f 1395 785 1396
f 1396 785 786
f 1396 786 1397
f 1397 786 790
f 792 1398 790
f 790 1398 1399
f 790 1399 1397
f 794 1400 792
f 792 1400 1401
f 792 1401 1398
f 1338 1402 796
f 796 1402 1403
f 796 1403 794
f 794 1403 1404
f 794 1404 1400
f 688 677 1405
f 580 589 1406
f 1406 589 606
f 676 1327 1407
f 1407 1408 676
f 676 1408 1409
f 676 1409 677
f 677 1409 1410
f 677 1410 1405
f 606 638 1406
f 1406 638 640
f 1406 640 1411
f 640 642 1411
f 1411 642 644
f 1411 644 675
f 1405 1412 688
f 688 1412 1411
f 688 1411 686
f 686 1411 675
f 1413 1253 1406
f 1406 1253 581
f 1406 581 580
f 1406 1411 1414
f 1414 1411 1415
f 1416 1417 1414
f 1414 1417 1418
f 1414 1418 1406
f 1406 1418 1419
f 1406 1419 1413
f 1415 1420 1414
f 1414 1420 1421
f 1414 1421 1422
f 1423 1424 1414
f 1414 1424 1425
f 1414 1425 1416
f 1426 1424 1427
f 1427 1424 1423
f 1427 1423 1428
f 1428 1423 1429
f 1428 1429 1422
f 1422 1429 1430
f 1422 1430 1414
f 1431 1432 1426
f 1426 1432 1433
f 1252 1253 1413
f 1433 1247 1426
f 1426 1247 1249
f 1426 1249 1424
f 1424 1249 1250
f 1424 1250 1425
f 1425 1250 1240
f 1425 1240 1416
f 1416 1240 1239
f 1416 1239 1417
f 1417 1239 1251
f 1417 1251 1418
f 1418 1251 1252
f 1418 1252 1419
f 1419 1252 1413
f 1434 1246 1274
f 1435 1436 1434
f 1432 1437 1433
f 1433 1437 1248
f 1433 1248 1247
f 1437 1438 1248
f 1248 1438 1439
f 1248 1439 1256
f 1256 1439 1440
f 1256 1440 1265
f 1265 1440 1441
f 1265 1441 1267
f 1267 1441 1442
f 1267 1442 1271
f 1271 1442 1443
f 1271 1443 1274
f 1274 1443 1444
f 1274 1444 1434
f 1434 1444 1445
f 1434 1445 1435
f 1436 1446 1434
f 1434 1446 1288
f 1434 1288 1246
f 1246 1288 1241
f 1288 1290 1241
f 1241 1290 1291
f 1241 1291 1242
f 1445 1447 1435
f 1435 1447 1448
f 1435 1448 1436
f 1436 1448 1446
f 1446 1448 1289
f 1446 1289 1288
f 1439 1438 1449
f 1450 1451 1452
f 1449 1438 1453
f 1453 1438 1454
f 1453 1454 1455
f 1439 1449 1440
f 1440 1449 1456
f 1440 1456 1441
f 1457 1458 1459
f 1460 1461 1462
f 1462 1461 1458
f 1462 1458 1463
f 1463 1458 1457
f 1464 1465 1459
f 1459 1465 1466
f 1459 1466 1457
f 1467 1468 1469
f 1469 1468 1470
f 1471 1472 1470
f 1470 1472 1473
f 1470 1473 1469
f 1474 1475 1476
f 1476 1475 1477
f 1476 1477 1471
f 1471 1477 1478
f 1471 1478 1472
f 1479 1480 1481
f 1481 1480 1482
f 1481 1482 1483
f 1483 1482 1484
f 1447 1445 1444
f 1485 1486 1464
f 1464 1486 1487
f 1464 1487 1465
f 1488 1482 1485
f 1485 1482 1489
f 1485 1489 1486
f 1450 1452 1490
f 1490 1452 1491
f 1490 1491 1492
f 1492 1491 1493
f 1492 1493 1494
f 1494 1493 1495
f 1494 1495 1496
f 1496 1495 1497
f 1496 1497 1498
f 1498 1497 1499
f 1498 1499 1500
f 1500 1499 1501
f 1500 1501 1479
f 1479 1501 1502
f 1479 1502 1480
f 1450 1503 1451
f 1451 1503 1504
f 1451 1504 1505
f 1455 1506 1453
f 1453 1506 1507
f 1453 1507 1508
f 1509 1510 1442
f 1442 1510 1447
f 1442 1447 1443
f 1443 1447 1444
f 1511 1512 1513
f 1513 1512 1514
f 1513 1514 1515
f 1467 1516 1468
f 1468 1516 1517
f 1468 1517 1518
f 1518 1517 1519
f 1518 1519 1520
f 1520 1519 1451
f 1520 1451 1521
f 1521 1451 1505
f 1521 1505 1522
f 1508 1523 1453
f 1453 1523 1524
f 1453 1524 1476
f 1476 1524 1525
f 1476 1525 1474
f 1509 1442 1526
f 1526 1442 1441
f 1526 1441 1527
f 1527 1441 1456
f 1527 1456 1528
f 1515 1529 1513
f 1513 1529 1530
f 1513 1530 1456
f 1456 1530 1531
f 1456 1531 1528
f 1488 1532 1482
f 1482 1532 1533
f 1482 1533 1484
f 1460 1534 1461
f 1461 1534 1535
f 1461 1535 1513
f 1513 1535 1536
f 1513 1536 1511
f 1531 1537 1538
f 1537 1296 1298
f 1537 1298 1538
f 1538 1298 1300
f 1538 1300 1539
f 1539 1300 1301
f 1539 1301 1540
f 1540 1301 1303
f 1540 1303 1541
f 1541 1303 1304
f 1541 1304 1542
f 1542 1304 1289
f 1542 1289 1448
f 1531 1538 1528
f 1528 1538 1539
f 1528 1539 1527
f 1527 1539 1540
f 1527 1540 1526
f 1526 1540 1541
f 1526 1541 1509
f 1509 1541 1542
f 1509 1542 1510
f 1510 1542 1448
f 1510 1448 1447
f 1531 1530 1537
f 1537 1530 1543
f 1537 1543 1296
f 1296 1543 1308
f 1314 1324 1544
f 1545 1312 1314
f 1314 1544 1545
f 1545 1544 1546
f 1545 1546 1547
f 1546 1548 1547
f 1547 1548 1549
f 1547 1549 1550
f 1550 1549 1551
f 1550 1551 1552
f 1552 1551 1553
f 1552 1553 1554
f 1554 1553 1555
f 1555 1553 1536
f 1555 1536 1556
f 1556 1536 1556
f 1556 1536 1535
f 1556 1535 1534
f 1515 1514 1557
f 1557 1514 1512
f 1558 1559 1529
f 1529 1560 1561
f 1316 1315 1562
f 1562 1315 1322
f 1563 1318 1316
f 1321 1320 1564
f 1563 1565 1566
f 1320 1319 1564
f 1564 1319 1318
f 1564 1318 1567
f 1567 1318 1563
f 1567 1563 1568
f 1568 1563 1566
f 1316 1562 1563
f 1563 1562 1569
f 1563 1569 1565
f 1570 1571 1572
f 1572 1573 1574
f 1529 1575 1560
f 1560 1575 1572
f 1560 1572 1561
f 1561 1572 1571
f 1561 1571 1529
f 1529 1571 1570
f 1529 1570 1558
f 1558 1570 1572
f 1558 1572 1559
f 1559 1572 1574
f 1559 1574 1529
f 1529 1574 1573
f 1529 1573 1530
f 1530 1573 1572
f 1530 1572 1543
f 1324 1321 1544
f 1544 1321 1564
f 1544 1564 1546
f 1546 1564 1567
f 1546 1567 1548
f 1548 1567 1568
f 1548 1568 1549
f 1549 1568 1566
f 1549 1566 1551
f 1308 1543 1322
f 1322 1543 1572
f 1322 1572 1562
f 1562 1572 1575
f 1562 1575 1569
f 1569 1575 1529
f 1569 1529 1565
f 1565 1529 1515
f 1565 1515 1566
f 1566 1515 1557
f 1566 1557 1551
f 1551 1557 1512
f 1551 1512 1553
f 1553 1512 1511
f 1553 1511 1536
f 1482 1576 1577
f 1578 1556 1556
f 1482 1577 1489
f 1489 1577 1579
f 1489 1579 1486
f 1486 1579 1580
f 1486 1580 1487
f 1487 1580 1581
f 1487 1581 1465
f 1465 1581 1582
f 1465 1582 1466
f 1466 1582 1583
f 1466 1583 1457
f 1457 1583 1584
f 1457 1584 1463
f 1463 1584 1585
f 1463 1585 1462
f 1462 1585 1578
f 1462 1578 1460
f 1460 1578 1556
f 1460 1556 1534
f 1552 1554 1578
f 1578 1554 1555
f 1578 1555 1556
f 1586 1550 1552
f 1545 1547 1587
f 1587 1547 1550
f 1312 1545 1339
f 1339 1545 1587
f 1339 1587 1338
f 1338 1587 1588
f 1338 1588 1402
f 1402 1588 1589
f 1402 1589 1403
f 1403 1589 1404
f 1404 1589 1590
f 1404 1590 1400
f 1400 1590 1401
f 1401 1590 1591
f 1401 1591 1398
f 1398 1591 1592
f 1398 1592 1399
f 1399 1592 1593
f 1399 1593 1397
f 1397 1593 1396
f 1396 1593 1594
f 1396 1594 1395
f 1395 1594 1372
f 1372 1594 1595
f 1372 1595 1381
f 1381 1595 1596
f 1381 1596 1380
f 1550 1586 1587
f 1587 1586 1597
f 1587 1597 1588
f 1588 1597 1598
f 1588 1598 1589
f 1589 1598 1599
f 1589 1599 1590
f 1590 1599 1600
f 1590 1600 1591
f 1591 1600 1601
f 1591 1601 1592
f 1592 1601 1602
f 1592 1602 1593
f 1593 1602 1603
f 1593 1603 1594
f 1594 1603 1604
f 1594 1604 1595
f 1595 1604 1605
f 1595 1605 1596
f 1552 1578 1586
f 1586 1578 1585
f 1586 1585 1597
f 1597 1585 1584
f 1597 1584 1598
f 1598 1584 1583
f 1598 1583 1599
f 1599 1583 1582
f 1599 1582 1600
f 1600 1582 1581
f 1600 1581 1601
f 1601 1581 1580
f 1601 1580 1602
f 1602 1580 1579
f 1602 1579 1603
f 1603 1579 1577
f 1603 1577 1604
f 1604 1577 1576
f 1604 1576 1605
f 1606 1576 1482
f 1576 1606 1605
f 1596 1605 1607
f 1380 1596 1608
f 1369 1368 1609
f 1609 1368 1367
f 1609 1367 1610
f 1610 1367 1366
f 1610 1366 1608
f 1608 1366 1378
f 1608 1378 1380
f 1369 1609 1364
f 1364 1609 1611
f 1364 1611 1365
f 1365 1611 1612
f 1365 1612 1362
f 1362 1612 1613
f 1362 1613 1363
f 1363 1613 1614
f 1363 1614 1360
f 1360 1614 1361
f 1361 1614 1615
f 1361 1615 1358
f 1358 1615 1359
f 1359 1615 1616
f 1359 1616 1357
f 1357 1616 1617
f 1357 1617 1356
f 1356 1617 1355
f 1355 1617 1618
f 1355 1618 1354
f 1354 1618 1353
f 1353 1618 1619
f 1353 1619 1352
f 1352 1619 1620
f 1352 1620 1351
f 1351 1620 1621
f 1351 1621 1350
f 1350 1621 1349
f 1349 1621 1622
f 1349 1622 1348
f 1348 1622 1347
f 1347 1622 1623
f 1347 1623 1346
f 1346 1623 1624
f 1346 1624 1345
f 1345 1624 1334
f 1334 1624 1625
f 1334 1625 1332
f 1332 1625 1330
f 1330 1625 1626
f 1330 1626 1328
f 1328 1626 1627
f 1328 1627 1335
f 1628 1629 1630
f 1631 1632 1633
f 1477 1475 1634
f 1482 1480 1606
f 1606 1480 1502
f 1606 1502 1635
f 1635 1502 1501
f 1635 1501 1636
f 1636 1501 1499
f 1636 1499 1637
f 1637 1499 1497
f 1637 1497 1638
f 1638 1497 1495
f 1638 1495 1639
f 1639 1495 1493
f 1639 1493 1640
f 1640 1493 1491
f 1640 1491 1641
f 1641 1491 1452
f 1641 1452 1642
f 1642 1452 1451
f 1642 1451 1643
f 1643 1451 1519
f 1643 1519 1644
f 1644 1519 1517
f 1644 1517 1645
f 1645 1517 1516
f 1645 1516 1646
f 1646 1516 1467
f 1646 1467 1647
f 1647 1467 1469
f 1647 1469 1648
f 1648 1469 1473
f 1648 1473 1649
f 1649 1473 1472
f 1649 1472 1650
f 1650 1472 1478
f 1650 1478 1651
f 1651 1478 1477
f 1651 1477 1631
f 1631 1477 1634
f 1631 1634 1632
f 1596 1607 1608
f 1608 1607 1652
f 1608 1652 1610
f 1610 1652 1653
f 1610 1653 1609
f 1609 1653 1654
f 1609 1654 1611
f 1611 1654 1655
f 1611 1655 1612
f 1612 1655 1656
f 1612 1656 1613
f 1613 1656 1657
f 1613 1657 1614
f 1614 1657 1658
f 1614 1658 1615
f 1615 1658 1659
f 1615 1659 1616
f 1616 1659 1660
f 1616 1660 1617
f 1617 1660 1661
f 1617 1661 1618
f 1618 1661 1662
f 1618 1662 1619
f 1619 1662 1663
f 1619 1663 1620
f 1620 1663 1664
f 1620 1664 1621
f 1621 1664 1665
f 1621 1665 1622
f 1622 1665 1666
f 1622 1666 1623
f 1623 1666 1667
f 1623 1667 1624
f 1624 1667 1668
f 1624 1668 1625
f 1625 1668 1628
f 1625 1628 1626
f 1626 1628 1630
f 1626 1630 1627
f 1605 1606 1607
f 1607 1606 1635
f 1607 1635 1652
f 1652 1635 1636
f 1652 1636 1653
f 1653 1636 1637
f 1653 1637 1654
f 1654 1637 1638
f 1654 1638 1655
f 1655 1638 1639
f 1655 1639 1656
f 1656 1639 1640
f 1656 1640 1657
f 1657 1640 1641
f 1657 1641 1658
f 1658 1641 1642
f 1658 1642 1659
f 1659 1642 1643
f 1659 1643 1660
f 1660 1643 1644
f 1660 1644 1661
f 1661 1644 1645
f 1661 1645 1662
f 1662 1645 1646
f 1662 1646 1663
f 1663 1646 1647
f 1663 1647 1664
f 1664 1647 1648
f 1664 1648 1665
f 1665 1648 1649
f 1665 1649 1666
f 1666 1649 1650
f 1666 1650 1667
f 1667 1650 1651
f 1667 1651 1668
f 1668 1651 1631
f 1668 1631 1628
f 1628 1631 1633
f 1628 1633 1629
f 1669 1670 1671
f 1474 1634 1475
f 1672 1428 1673
f 1671 1674 1675
f 1675 1674 1672
f 1675 1672 1676
f 1676 1672 1673
f 1670 1677 1671
f 1671 1677 1678
f 1671 1678 1674
f 1455 1454 1679
f 1508 1507 1669
f 1669 1507 1506
f 1669 1506 1670
f 1670 1506 1455
f 1670 1455 1677
f 1677 1455 1679
f 1677 1679 1678
f 1634 1474 1680
f 1680 1474 1525
f 1680 1525 1524
f 1681 1627 1682
f 1682 1627 1630
f 1682 1630 1683
f 1683 1630 1629
f 1683 1629 1684
f 1684 1629 1633
f 1685 1686 1681
f 1685 1681 1687
f 1686 1688 1681
f 1681 1688 1335
f 1681 1335 1627
f 1689 1690 1681
f 1681 1690 1691
f 1681 1691 1687
f 1508 1669 1523
f 1523 1669 1692
f 1523 1692 1524
f 1524 1692 1693
f 1524 1693 1680
f 1680 1693 1632
f 1680 1632 1634
f 1684 1694 1683
f 1683 1694 1695
f 1683 1695 1682
f 1682 1695 1696
f 1682 1696 1681
f 1681 1696 1697
f 1681 1697 1689
f 1689 1697 1698
f 1673 1698 1676
f 1676 1698 1697
f 1676 1697 1675
f 1675 1697 1696
f 1675 1696 1671
f 1671 1696 1695
f 1671 1695 1669
f 1669 1695 1694
f 1669 1694 1692
f 1692 1694 1684
f 1692 1684 1693
f 1693 1684 1633
f 1693 1633 1632
f 1428 1672 1427
f 1427 1672 1431
f 1427 1431 1426
f 1679 1454 1438
f 1679 1438 1678
f 1432 1431 1437
f 1437 1431 1672
f 1437 1672 1438
f 1438 1672 1674
f 1438 1674 1678
f 1407 1327 1333
f 1331 1329 1699
f 1422 1421 1700
f 1420 1415 1701
f 1701 1415 1411
f 1690 1689 1700
f 1700 1689 1698
f 1700 1698 1422
f 1422 1698 1673
f 1422 1673 1428
f 1421 1420 1700
f 1700 1420 1701
f 1700 1701 1690
f 1690 1701 1702
f 1690 1702 1691
f 1688 1686 1703
f 1703 1686 1685
f 1703 1685 1687
f 1337 1336 1703
f 1703 1336 1335
f 1703 1335 1688
f 1405 1410 1704
f 1704 1410 1409
f 1704 1409 1333
f 1333 1409 1408
f 1333 1408 1407
f 1412 1405 1699
f 1699 1405 1704
f 1699 1704 1331
f 1331 1704 1333
f 1337 1703 1705
f 1705 1703 1706
f 1705 1706 1707
f 1329 1337 1699
f 1699 1337 1705
f 1699 1705 1412
f 1412 1705 1707
f 1412 1707 1411
f 1411 1707 1706
f 1411 1706 1701
f 1701 1706 1703
f 1701 1703 1702
f 1702 1703 1687
f 1702 1687 1691
f 1503 1708 1504
f 1504 1708 1709
f 1710 1711 1712
f 1713 1714 1715
f 1716 1717 1718
f 1719 1720 1721
f 1722 1723 1724
f 1725 1726 1727
f 1728 1729 1715
f 1730 1731 1732
f 1733 1734 1735
f 1736 1737 1738
f 1738 1737 1739
f 1740 1741 1742
f 1709 1708 1732
f 1743 1744 1745
f 1745 1744 1746
f 1745 1746 1747
f 1747 1746 1748
f 1747 1748 1732
f 1732 1748 1749
f 1732 1749 1709
f 1743 1750 1744
f 1744 1750 1751
f 1744 1751 1752
f 1752 1751 1753
f 1752 1753 1754
f 1753 1755 1754
f 1754 1755 1756
f 1754 1756 1757
f 1758 1759 1760
f 1760 1761 1758
f 1758 1761 1762
f 1758 1762 1742
f 1742 1762 1763
f 1742 1763 1764
f 1764 1765 1742
f 1742 1765 1757
f 1742 1757 1740
f 1740 1757 1756
f 1766 1767 1759
f 1765 1768 1757
f 1757 1768 1769
f 1757 1769 1770
f 1770 1769 1771
f 1770 1771 1766
f 1766 1771 1772
f 1766 1772 1767
f 1773 1774 1775
f 1776 1777 1778
f 1778 1777 1774
f 1779 1780 1781
f 1776 1778 1782
f 1782 1778 1783
f 1782 1783 1784
f 1784 1783 1785
f 1784 1785 1786
f 1775 1787 1773
f 1773 1787 1788
f 1773 1788 1779
f 1779 1788 1789
f 1779 1789 1780
f 1759 1758 1766
f 1766 1758 1779
f 1766 1779 1785
f 1785 1779 1781
f 1785 1781 1786
f 1774 1773 1778
f 1778 1773 1790
f 1778 1790 1791
f 1792 1793 1794
f 1795 1796 1797
f 1794 1798 1792
f 1792 1798 1799
f 1792 1799 1797
f 1797 1799 1800
f 1797 1800 1795
f 1801 1802 1797
f 1797 1802 1803
f 1803 1802 1804
f 1803 1804 1805
f 1801 1797 1806
f 1806 1797 1796
f 1806 1796 1807
f 1808 1809 1796
f 1796 1809 1810
f 1796 1810 1807
f 1805 1811 1803
f 1803 1811 1812
f 1803 1812 1813
f 1813 1812 1814
f 1813 1814 1808
f 1808 1814 1815
f 1808 1815 1809
f 1816 1817 1818
f 1803 1819 1816
f 1816 1819 1820
f 1816 1820 1817
f 1821 1822 1823
f 1823 1824 1821
f 1821 1824 1825
f 1821 1825 1813
f 1813 1825 1826
f 1813 1826 1827
f 1827 1828 1813
f 1813 1828 1829
f 1813 1829 1803
f 1803 1829 1830
f 1803 1830 1819
f 1831 1816 1832
f 1832 1816 1833
f 1832 1833 1834
f 1831 1835 1816
f 1816 1835 1836
f 1816 1836 1837
f 1836 1838 1837
f 1837 1838 1839
f 1837 1839 1840
f 1724 1841 1842
f 1841 1843 1844
f 1844 1843 1845
f 1844 1845 1734
f 1846 1735 1847
f 1847 1735 1734
f 1847 1734 1848
f 1848 1734 1845
f 1849 1850 1851
f 1851 1850 1852
f 1853 1731 1854
f 1730 1732 1855
f 1708 1856 1732
f 1732 1856 1857
f 1732 1857 1855
f 1716 1858 1717
f 1717 1858 1859
f 1717 1859 1860
f 1861 1862 1863
f 1864 1865 1862
f 1862 1865 1866
f 1862 1866 1863
f 1715 1729 1867
f 1867 1729 1868
f 1867 1868 1851
f 1868 1869 1851
f 1851 1869 1870
f 1851 1870 1864
f 1864 1870 1871
f 1864 1871 1865
f 1728 1715 1872
f 1872 1715 1714
f 1872 1714 1873
f 1727 1726 1874
f 1726 1875 1874
f 1874 1875 1876
f 1874 1876 1877
f 1877 1876 1878
f 1878 1879 1877
f 1877 1879 1880
f 1877 1880 1881
f 1881 1880 1882
f 1881 1882 1883
f 1883 1882 1884
f 1883 1884 1885
f 1885 1884 1886
f 1885 1886 1887
f 1888 1889 1890
f 1890 1889 1887
f 1890 1887 1891
f 1891 1887 1886
f 1892 1893 1894
f 1894 1893 1895
f 1894 1895 1896
f 1896 1895 1897
f 1892 1894 1898
f 1898 1894 1899
f 1898 1899 1900
f 1901 1902 1842
f 1842 1902 1903
f 1842 1903 1724
f 1724 1903 1904
f 1724 1904 1722
f 1897 1905 1896
f 1896 1905 1906
f 1896 1906 1907
f 1907 1906 1908
f 1907 1908 1902
f 1902 1908 1909
f 1902 1909 1903
f 1903 1909 1910
f 1903 1910 1904
f 1889 1911 1912
f 1913 1914 1834
f 1834 1914 1915
f 1834 1915 1832
f 1888 1725 1889
f 1889 1725 1727
f 1889 1727 1911
f 1911 1727 1916
f 1917 1710 1918
f 1918 1710 1881
f 1918 1881 1919
f 1919 1881 1883
f 1920 1921 1885
f 1885 1921 1922
f 1885 1922 1883
f 1883 1922 1923
f 1883 1923 1919
f 1920 1924 1925
f 1925 1924 1721
f 1925 1721 1926
f 1926 1721 1927
f 1926 1927 1928
f 1917 1929 1710
f 1710 1929 1930
f 1710 1930 1711
f 1711 1930 1931
f 1932 1933 1934
f 1934 1933 1935
f 1935 1933 1936
f 1935 1936 1937
f 1938 1899 1939
f 1719 1721 1940
f 1940 1721 1924
f 1940 1924 1941
f 1941 1924 1942
f 1941 1942 1943
f 1943 1942 1944
f 1944 1942 1945
f 1944 1945 1946
f 1946 1945 1947
f 1947 1945 1948
f 1947 1948 1949
f 1950 1951 1952
f 1952 1951 1953
f 1954 1955 1956
f 1956 1955 1861
f 1956 1861 1957
f 1939 1958 1938
f 1938 1958 1957
f 1938 1957 1959
f 1959 1957 1861
f 1959 1861 1960
f 1960 1861 1863
f 1961 1962 1713
f 1713 1962 1963
f 1713 1963 1723
f 1963 1964 1723
f 1723 1964 1965
f 1723 1965 1724
f 1724 1965 1966
f 1724 1966 1841
f 1841 1966 1967
f 1841 1967 1843
f 1932 1934 1741
f 1741 1934 1968
f 1741 1968 1742
f 1742 1968 1969
f 1742 1969 1758
f 1758 1969 1970
f 1758 1970 1779
f 1779 1970 1718
f 1779 1718 1773
f 1773 1718 1717
f 1773 1717 1790
f 1790 1717 1860
f 1790 1860 1791
f 1791 1860 1971
f 1791 1971 1972
f 1972 1971 1973
f 1972 1973 1974
f 1974 1973 1975
f 1974 1975 1793
f 1793 1975 1976
f 1793 1976 1794
f 1731 1853 1732
f 1732 1853 1977
f 1732 1977 1747
f 1747 1977 1935
f 1747 1935 1745
f 1745 1935 1937
f 1745 1937 1743
f 1978 1969 1954
f 1954 1969 1968
f 1954 1968 1955
f 1955 1968 1934
f 1955 1934 1861
f 1861 1934 1935
f 1861 1935 1862
f 1862 1935 1977
f 1862 1977 1864
f 1864 1977 1853
f 1864 1853 1851
f 1851 1853 1854
f 1851 1854 1849
f 1795 1858 1796
f 1796 1858 1716
f 1796 1716 1808
f 1808 1716 1979
f 1808 1979 1813
f 1813 1979 1980
f 1813 1980 1821
f 1852 1981 1851
f 1851 1981 1982
f 1851 1982 1867
f 1867 1982 1733
f 1867 1733 1715
f 1715 1733 1735
f 1715 1735 1713
f 1713 1735 1846
f 1713 1846 1961
f 1978 1983 1969
f 1969 1983 1984
f 1969 1984 1970
f 1970 1984 1953
f 1970 1953 1718
f 1718 1953 1951
f 1718 1951 1716
f 1716 1951 1950
f 1716 1950 1979
f 1979 1950 1949
f 1979 1949 1980
f 1980 1949 1948
f 1980 1948 1821
f 1960 1873 1959
f 1959 1873 1714
f 1959 1714 1938
f 1938 1714 1713
f 1938 1713 1899
f 1899 1713 1723
f 1899 1723 1900
f 1900 1723 1722
f 1942 1913 1945
f 1945 1913 1834
f 1945 1834 1948
f 1948 1834 1833
f 1948 1833 1821
f 1821 1833 1816
f 1821 1816 1822
f 1822 1816 1818
f 1920 1885 1924
f 1924 1885 1887
f 1924 1887 1942
f 1942 1887 1889
f 1942 1889 1913
f 1913 1889 1912
f 1913 1912 1914
f 1719 1939 1720
f 1720 1939 1899
f 1720 1899 1721
f 1721 1899 1894
f 1721 1894 1927
f 1927 1894 1896
f 1901 1985 1902
f 1902 1985 1986
f 1902 1986 1907
f 1907 1986 1712
f 1907 1712 1896
f 1896 1712 1711
f 1896 1711 1927
f 1927 1711 1931
f 1927 1931 1928
f 1840 1987 1988
f 1988 1987 1989
f 1839 1990 1840
f 1840 1990 1916
f 1840 1916 1987
f 1987 1916 1727
f 1987 1727 1989
f 1989 1727 1874
f 1901 1991 1985
f 1985 1991 1992
f 1985 1992 1986
f 1986 1992 1736
f 1986 1736 1712
f 1712 1736 1738
f 1712 1738 1710
f 1710 1738 1739
f 1710 1739 1881
f 1881 1739 1993
f 1881 1993 1877
f 1877 1993 1994
f 1877 1994 1874
f 1874 1994 1995
f 1874 1995 1989
f 1989 1995 1996
f 1989 1996 1988
f 1988 1996 1997
f 1988 1997 1840
f 1840 1997 1998
f 1840 1998 1837
f 1844 1488 1841
f 1841 1488 1485
f 1841 1485 1842
f 1842 1485 1464
f 1736 1992 1459
f 1459 1992 1991
f 1459 1991 1464
f 1464 1991 1901
f 1464 1901 1842
f 1736 1459 1737
f 1737 1459 1458
f 1737 1458 1739
f 1739 1458 1461
f 1739 1461 1993
f 1513 1996 1995
f 1513 1995 1461
f 1461 1995 1994
f 1461 1994 1993
f 1453 1816 1449
f 1449 1816 1837
f 1449 1837 1456
f 1456 1837 1998
f 1456 1998 1513
f 1513 1998 1997
f 1513 1997 1996
f 1972 1974 1470
f 1470 1974 1793
f 1470 1793 1471
f 1471 1793 1792
f 1471 1792 1476
f 1476 1792 1797
f 1476 1797 1453
f 1453 1797 1803
f 1453 1803 1816
f 1785 1783 1468
f 1468 1783 1778
f 1468 1778 1470
f 1470 1778 1791
f 1470 1791 1972
f 1520 1752 1754
f 1520 1754 1518
f 1754 1757 1518
f 1518 1757 1770
f 1518 1770 1468
f 1468 1770 1766
f 1468 1766 1785
f 1752 1520 1744
f 1744 1520 1521
f 1744 1521 1746
f 1746 1521 1748
f 1748 1521 1522
f 1748 1522 1749
f 1749 1522 1505
f 1749 1505 1709
f 1709 1505 1504
f 1982 1484 1733
f 1733 1484 1533
f 1733 1533 1734
f 1734 1533 1532
f 1734 1532 1844
f 1844 1532 1488
f 1981 1483 1982
f 1982 1483 1484
f 1849 1500 1479
f 1849 1479 1850
f 1850 1479 1481
f 1850 1481 1852
f 1852 1481 1483
f 1852 1483 1981
f 1498 1500 1854
f 1854 1500 1849
f 1730 1494 1496
f 1730 1496 1731
f 1731 1496 1498
f 1731 1498 1854
f 1708 1503 1450
f 1708 1450 1856
f 1856 1450 1490
f 1856 1490 1857
f 1857 1490 1492
f 1857 1492 1855
f 1855 1492 1494
f 1855 1494 1730
f 1967 1999 1843
f 1843 1999 2000
f 1843 2000 1845
f 1845 2000 2001
f 1845 2001 1848
f 1848 2001 2002
f 1848 2002 1847
f 1847 2002 2003
f 1847 2003 1846
f 1846 2003 2004
f 1846 2004 1961
f 1961 2004 2005
f 1961 2005 1962
f 1962 2005 2006
f 1962 2006 1963
f 1963 2006 2007
f 1963 2007 1964
f 1964 2007 2008
f 1964 2008 1965
f 1965 2008 2009
f 1965 2009 1966
f 1966 2009 2010
f 1966 2010 1967
f 1967 2010 1999
f 2003 2011 2004
f 2004 2011 2012
f 2004 2012 2005
f 2005 2012 2013
f 2005 2013 2006
f 2006 2013 2014
f 2006 2014 2007
f 2007 2014 2015
f 2007 2015 2008
f 2008 2015 2016
f 2008 2016 2009
f 2009 2016 2017
f 2009 2017 2010
f 2010 2017 2018
f 2010 2018 1999
f 1999 2018 2019
f 1999 2019 2000
f 2000 2019 2020
f 2000 2020 2001
f 2001 2020 2021
f 2001 2021 2002
f 2002 2021 2022
f 2002 2022 2003
f 2003 2022 2011
f 2023 2015 2024
f 2024 2015 2014
f 2024 2014 2025
f 2025 2014 2013
f 2025 2013 2026
f 2026 2013 2012
f 2026 2012 2027
f 2027 2012 2011
f 2027 2011 2028
f 2028 2011 2022
f 2028 2022 2029
f 2029 2022 2021
f 2029 2021 2030
f 2030 2021 2020
f 2030 2020 2031
f 2031 2020 2019
f 2031 2019 2032
f 2032 2019 2018
f 2032 2018 2033
f 2033 2018 2017
f 2033 2017 2034
f 2034 2017 2016
f 2034 2016 2023
f 2023 2016 2015
f 2035 2036 2037
f 2038 2039 2040
f 2041 2042 2043
f 2044 2045 2046
f 2047 2048 2049
f 2050 2051 2052
f 2053 2054 2055
f 2056 2057 2058
f 2059 2060 2061
f 2062 2063 2064
f 2064 2063 2065
f 2064 2065 2066
f 2067 2068 2061
f 2061 2068 2069
f 2061 2069 2059
f 2067 2070 2068
f 2068 2070 2071
f 2068 2071 2072
f 2072 2071 2073
f 2072 2073 2074
f 2074 2073 2075
f 2074 2075 2076
f 2076 2075 2077
f 2058 2057 2078
f 2078 2057 2079
f 2078 2079 2080
f 2077 2081 2076
f 2076 2081 2078
f 2076 2078 2082
f 2082 2078 2080
f 2083 2056 2084
f 2082 2085 2076
f 2076 2085 2086
f 2076 2086 2087
f 2087 2086 2088
f 2087 2088 2089
f 2089 2088 2090
f 2089 2090 2091
f 2091 2090 2092
f 2091 2092 2093
f 2094 2095 2096
f 2097 2098 2099
f 2099 2098 2100
f 2099 2100 2094
f 2094 2100 2101
f 2094 2101 2095
f 2096 2102 2094
f 2094 2102 2091
f 2094 2091 2084
f 2084 2091 2093
f 2084 2093 2083
f 2097 2099 2103
f 2103 2099 2104
f 2103 2104 2105
f 2096 2106 2102
f 2102 2106 2107
f 2102 2107 2108
f 2108 2107 2109
f 2108 2109 2104
f 2104 2109 2110
f 2104 2110 2105
f 2099 2111 2112
f 2099 2112 2104
f 2104 2112 2113
f 2104 2113 2114
f 2114 2113 2115
f 2114 2115 2116
f 2116 2115 2117
f 2116 2117 2118
f 2118 2117 2119
f 2118 2119 2120
f 2120 2119 2121
f 2120 2121 2122
f 2122 2123 2120
f 2120 2123 2124
f 2120 2124 2125
f 2125 2124 2126
f 2125 2126 2127
f 2053 2055 2128
f 2128 2055 2129
f 2128 2129 2130
f 2131 2132 2133
f 2133 2132 2134
f 2049 2048 2135
f 2135 2048 2136
f 2135 2136 2137
f 2138 2139 2137
f 2140 2139 2141
f 2141 2139 2138
f 2141 2138 2142
f 2140 2141 2143
f 2143 2141 2144
f 2143 2144 2145
f 2145 2146 2143
f 2143 2146 2147
f 2143 2147 2148
f 2149 2150 2151
f 2151 2150 2152
f 2151 2152 2153
f 2154 2155 2149
f 2149 2155 2156
f 2149 2156 2150
f 2157 2158 2159
f 2159 2158 2160
f 2159 2160 2161
f 2160 2162 2161
f 2161 2162 2163
f 2161 2163 2164
f 2165 2166 2167
f 2167 2166 2168
f 2167 2168 2169
f 2170 2171 2172
f 2172 2171 2173
f 2170 2172 2174
f 2174 2172 2175
f 2174 2175 2176
f 2177 2178 2179
f 2180 2181 2182
f 2182 2181 2183
f 2182 2183 2184
f 2183 2099 2184
f 2184 2099 2094
f 2184 2094 2185
f 2185 2094 2084
f 2185 2084 2186
f 2056 2058 2084
f 2084 2058 2187
f 2084 2187 2186
f 2188 2189 2190
f 2190 2189 2191
f 2190 2191 2165
f 2165 2191 2192
f 2165 2192 2166
f 2193 2194 2195
f 2195 2194 2164
f 2195 2164 2196
f 2196 2164 2163
f 2193 2197 2194
f 2194 2197 2198
f 2194 2198 2046
f 2046 2198 2199
f 2046 2199 2044
f 2200 2201 2045
f 2134 2132 2202
f 2202 2132 2041
f 2202 2041 2203
f 2204 2205 2206
f 2206 2205 2202
f 2206 2202 2207
f 2207 2202 2203
f 2042 2041 2208
f 2208 2041 2132
f 2208 2132 2051
f 2051 2132 2131
f 2051 2131 2052
f 2209 2210 2211
f 2204 2212 2205
f 2205 2212 2213
f 2205 2213 2214
f 2214 2213 2215
f 2214 2215 2216
f 2216 2215 2217
f 2216 2217 2218
f 2219 2220 2221
f 2221 2220 2222
f 2221 2222 2223
f 2223 2222 2224
f 2223 2224 2225
f 2226 2227 2228
f 2065 2229 2066
f 2066 2229 2230
f 2066 2230 2231
f 2231 2230 2232
f 2231 2232 2233
f 2232 2234 2233
f 2233 2234 2235
f 2233 2235 2236
f 2064 2237 2062
f 2062 2237 2161
f 2062 2161 2238
f 2238 2161 2164
f 2238 2164 2239
f 2239 2164 2194
f 2239 2194 2240
f 2240 2194 2236
f 2240 2236 2241
f 2241 2236 2235
f 2045 2201 2046
f 2046 2201 2242
f 2046 2242 2035
f 2045 2157 2200
f 2200 2157 2243
f 2200 2243 2244
f 2244 2243 2245
f 2244 2245 2246
f 2246 2245 2247
f 2157 2159 2243
f 2243 2159 2248
f 2243 2248 2245
f 2245 2248 2154
f 2245 2154 2247
f 2247 2154 2149
f 2247 2149 2249
f 2249 2149 2151
f 2249 2151 2250
f 2137 2136 2138
f 2138 2136 2251
f 2138 2251 2142
f 2252 2253 2254
f 2145 2255 2146
f 2146 2255 2256
f 2146 2256 2257
f 2257 2256 2258
f 2257 2258 2172
f 2172 2258 2259
f 2172 2259 2175
f 2175 2259 2260
f 2175 2260 2254
f 2055 2028 2029
f 2261 2129 2031
f 2055 2029 2129
f 2129 2029 2030
f 2129 2030 2031
f 2028 2055 2027
f 2027 2055 2054
f 2027 2054 2026
f 2033 2034 2216
f 2216 2034 2262
f 2031 2032 2261
f 2261 2032 2033
f 2261 2033 2211
f 2211 2033 2216
f 2211 2216 2209
f 2209 2216 2218
f 2263 2264 2153
f 2153 2264 2265
f 2153 2265 2266
f 2250 2151 2039
f 2039 2151 2153
f 2039 2153 2040
f 2040 2153 2266
f 2040 2266 2267
f 2267 2268 2040
f 2040 2268 2269
f 2040 2269 2270
f 2270 2269 2271
f 2270 2271 2272
f 2152 2148 2153
f 2153 2148 2147
f 2153 2147 2263
f 2263 2147 2273
f 2272 2274 2257
f 2257 2274 2146
f 2146 2274 2275
f 2146 2275 2147
f 2147 2275 2276
f 2147 2276 2273
f 2277 2221 2278
f 2278 2221 2279
f 2278 2279 2280
f 2280 2279 2281
f 2282 2283 2284
f 2284 2283 2281
f 2284 2281 2285
f 2285 2281 2279
f 2053 2286 2054
f 2054 2286 2287
f 2054 2287 2288
f 2288 2282 2054
f 2054 2282 2284
f 2054 2284 2026
f 2026 2284 2285
f 2026 2285 2025
f 2025 2285 2279
f 2025 2279 2024
f 2024 2279 2262
f 2024 2262 2023
f 2023 2262 2034
f 2277 2289 2221
f 2221 2289 2290
f 2221 2290 2219
f 2219 2290 2291
f 2219 2291 2292
f 2292 2291 2293
f 2292 2293 2287
f 2287 2293 2294
f 2287 2294 2288
f 2295 2296 2060
f 2060 2296 2297
f 2060 2297 2061
f 2061 2297 2298
f 2061 2298 2067
f 2299 2300 2295
f 2295 2300 2301
f 2295 2301 2296
f 2037 2169 2035
f 2035 2169 2168
f 2035 2168 2046
f 2046 2168 2166
f 2046 2166 2194
f 2194 2166 2192
f 2194 2192 2236
f 2236 2192 2191
f 2236 2191 2233
f 2081 2300 2078
f 2078 2300 2299
f 2078 2299 2058
f 2058 2299 2302
f 2058 2302 2187
f 2187 2302 2303
f 2059 2066 2060
f 2060 2066 2231
f 2060 2231 2295
f 2295 2231 2233
f 2295 2233 2299
f 2299 2233 2191
f 2299 2191 2302
f 2302 2191 2189
f 2302 2189 2303
f 2303 2189 2188
f 2036 2038 2037
f 2037 2038 2040
f 2037 2040 2304
f 2304 2040 2270
f 2272 2257 2270
f 2270 2257 2172
f 2270 2172 2304
f 2304 2172 2173
f 2304 2173 2037
f 2037 2173 2305
f 2037 2305 2169
f 2169 2305 2306
f 2169 2306 2167
f 2177 2179 2307
f 2307 2179 2308
f 2307 2308 2180
f 2180 2308 2309
f 2180 2309 2181
f 2181 2309 2310
f 2181 2310 2183
f 2254 2253 2175
f 2175 2253 2178
f 2175 2178 2176
f 2176 2178 2177
f 2176 2177 2174
f 2111 2099 2311
f 2311 2099 2183
f 2311 2183 2225
f 2225 2183 2310
f 2225 2310 2223
f 2223 2310 2309
f 2223 2309 2221
f 2221 2309 2308
f 2221 2308 2279
f 2279 2308 2179
f 2279 2179 2262
f 2262 2179 2178
f 2262 2178 2216
f 2216 2178 2253
f 2216 2253 2214
f 2214 2253 2252
f 2214 2252 2205
f 2254 2312 2252
f 2252 2312 2251
f 2252 2251 2205
f 2205 2251 2136
f 2205 2136 2202
f 2202 2136 2048
f 2202 2048 2134
f 2134 2048 2047
f 2122 2226 2123
f 2123 2226 2228
f 2123 2228 2124
f 2124 2228 2313
f 2124 2313 2126
f 2126 2313 2314
f 2126 2314 2127
f 2127 2314 2315
f 2227 2220 2228
f 2228 2220 2219
f 2228 2219 2313
f 2313 2219 2292
f 2313 2292 2314
f 2314 2292 2287
f 2314 2287 2315
f 2315 2287 2286
f 2210 2043 2211
f 2211 2043 2042
f 2211 2042 2261
f 2261 2042 2208
f 2261 2208 2129
f 2129 2208 2051
f 2129 2051 2130
f 2130 2051 2050
f 2066 430 2064
f 2064 430 431
f 2064 431 2237
f 2066 2059 430
f 430 2059 2069
f 430 2069 429
f 429 2069 2068
f 429 2068 428
f 428 2068 2072
f 2072 2074 428
f 428 2074 2076
f 428 2076 427
f 427 2076 2087
f 427 2087 2089
f 2089 2091 427
f 427 2091 2102
f 427 2102 417
f 2102 2108 417
f 417 2108 2104
f 417 2104 416
f 416 2104 2114
f 416 2114 2116
f 2116 2118 416
f 416 2118 2120
f 416 2120 415
f 415 2120 2125
f 415 2125 414
f 414 2125 2127
f 414 2127 2315
f 2128 413 2053
f 2053 413 414
f 2053 414 2286
f 2286 414 2315
f 432 435 2248
f 409 407 2143
f 2049 2135 410
f 413 2128 412
f 412 2128 2130
f 2130 2050 412
f 412 2050 2052
f 412 2052 411
f 411 2052 2131
f 2131 2133 411
f 411 2133 2134
f 411 2134 410
f 410 2134 2047
f 410 2047 2049
f 2135 2137 410
f 410 2137 2139
f 410 2139 407
f 407 2139 2140
f 407 2140 2143
f 2143 2148 409
f 409 2148 2152
f 409 2152 436
f 436 2152 2150
f 2150 2156 436
f 436 2156 2155
f 436 2155 435
f 435 2155 2154
f 435 2154 2248
f 2237 431 2161
f 2161 431 432
f 2161 432 2159
f 2159 432 2248
f 2073 1975 2075
f 2075 1975 1973
f 2075 1973 2077
f 2077 1973 1971
f 2077 1971 2081
f 2081 1971 1860
f 2081 1860 2300
f 2300 1860 1859
f 2300 1859 2301
f 2301 1859 1858
f 2301 1858 2296
f 2296 1858 1795
f 2296 1795 2297
f 2297 1795 1800
f 2297 1800 2298
f 2298 1800 1799
f 2298 1799 2067
f 2067 1799 1798
f 2067 1798 2070
f 2070 1798 1794
f 2070 1794 2071
f 2071 1794 1976
f 2071 1976 2073
f 2073 1976 1975
f 2282 1868 2283
f 2283 1868 1729
f 2283 1729 2281
f 2281 1729 1728
f 2281 1728 2280
f 2280 1728 1872
f 2280 1872 2278
f 2278 1872 1873
f 2278 1873 2277
f 2277 1873 1960
f 2277 1960 2289
f 2289 1960 1863
f 2289 1863 2290
f 2290 1863 1866
f 2290 1866 2291
f 2291 1866 1865
f 2291 1865 2293
f 2293 1865 1871
f 2293 1871 2294
f 2294 1871 1870
f 2294 1870 2288
f 2288 1870 1869
f 2288 1869 2282
f 2282 1869 1868
f 2265 1875 2266
f 2266 1875 1726
f 2266 1726 2267
f 2267 1726 1725
f 2267 1725 2268
f 2268 1725 1888
f 2268 1888 2269
f 2269 1888 1890
f 2269 1890 2271
f 2271 1890 1891
f 2271 1891 2272
f 2272 1891 1886
f 2272 1886 2274
f 2274 1886 1884
f 2274 1884 2275
f 2275 1884 1882
f 2275 1882 2276
f 2276 1882 1880
f 2276 1880 2273
f 2273 1880 1879
f 2273 1879 2263
f 2263 1879 1878
f 2263 1878 2264
f 2264 1878 1876
f 2264 1876 2265
f 2265 1876 1875
f 2082 2316 2085
f 2085 2316 2317
f 2085 2317 2086
f 2086 2317 2318
f 2086 2318 2088
f 2088 2318 2319
f 2088 2319 2090
f 2090 2319 2320
f 2090 2320 2092
f 2092 2320 2321
f 2092 2321 2093
f 2093 2321 2322
f 2093 2322 2083
f 2083 2322 2323
f 2083 2323 2056
f 2056 2323 2324
f 2056 2324 2057
f 2057 2324 2325
f 2057 2325 2079
f 2079 2325 2326
f 2079 2326 2080
f 2080 2326 2327
f 2080 2327 2082
f 2082 2327 2316
f 2328 2319 2329
f 2329 2319 2318
f 2329 2318 2330
f 2330 2318 2317
f 2330 2317 2331
f 2331 2317 2316
f 2331 2316 2332
f 2332 2316 2327
f 2332 2327 2333
f 2333 2327 2326
f 2333 2326 2334
f 2334 2326 2325
f 2334 2325 2335
f 2335 2325 2324
f 2335 2324 2336
f 2336 2324 2323
f 2336 2323 2337
f 2337 2323 2322
f 2337 2322 2338
f 2338 2322 2321
f 2338 2321 2339
f 2339 2321 2320
f 2339 2320 2328
f 2328 2320 2319
f 1787 2333 1788
f 1788 2333 2334
f 1788 2334 1789
f 1789 2334 2335
f 1789 2335 1780
f 1780 2335 2336
f 1780 2336 1781
f 1781 2336 2337
f 1781 2337 1786
f 1786 2337 2338
f 1786 2338 1784
f 1784 2338 2339
f 1784 2339 1782
f 1782 2339 2328
f 1782 2328 1776
f 1776 2328 2329
f 1776 2329 1777
f 1777 2329 2330
f 1777 2330 1774
f 1774 2330 2331
f 1774 2331 1775
f 1775 2331 2332
f 1775 2332 1787
f 1787 2332 2333
f 2256 2340 2258
f 2258 2340 2341
f 2258 2341 2259
f 2259 2341 2342
f 2259 2342 2260
f 2260 2342 2343
f 2260 2343 2254
f 2254 2343 2344
f 2254 2344 2312
f 2312 2344 2345
f 2312 2345 2251
f 2251 2345 2346
f 2251 2346 2142
f 2142 2346 2347
f 2142 2347 2141
f 2141 2347 2348
f 2141 2348 2144
f 2144 2348 2349
f 2144 2349 2145
f 2145 2349 2350
f 2145 2350 2255
f 2255 2350 2351
f 2255 2351 2256
f 2256 2351 2340
f 2341 2352 2342
f 2342 2352 2353
f 2342 2353 2343
f 2343 2353 2354
f 2343 2354 2344
f 2344 2354 2355
f 2344 2355 2345
f 2345 2355 2356
f 2345 2356 2346
f 2346 2356 2357
f 2346 2357 2347
f 2347 2357 2358
f 2347 2358 2348
f 2348 2358 2359
f 2348 2359 2349
f 2349 2359 2360
f 2349 2360 2350
f 2350 2360 2361
f 2350 2361 2351
f 2351 2361 2362
f 2351 2362 2340
f 2340 2362 2363
f 2340 2363 2341
f 2341 2363 2364
f 2341 2364 2352
f 1918 2361 1917
f 1917 2361 2360
f 1917 2360 1929
f 1929 2360 2359
f 1929 2359 1930
f 1930 2359 2358
f 1930 2358 1931
f 1931 2358 2357
f 1931 2357 1928
f 1928 2357 2356
f 1928 2356 1926
f 1926 2356 2355
f 1926 2355 1925
f 1925 2355 2354
f 1925 2354 1920
f 1920 2354 2353
f 1920 2353 1921
f 1921 2353 2352
f 1921 2352 1922
f 1922 2352 2364
f 1922 2364 1923
f 1923 2364 2363
f 1923 2363 1919
f 1919 2363 2362
f 1919 2362 1918
f 1918 2362 2361
f 2244 2365 2200
f 2200 2365 2366
f 2200 2366 2201
f 2201 2366 2367
f 2201 2367 2242
f 2242 2367 2368
f 2242 2368 2035
f 2035 2368 2369
f 2035 2369 2036
f 2036 2369 2370
f 2036 2370 2038
f 2038 2370 2371
f 2038 2371 2039
f 2039 2371 2372
f 2039 2372 2250
f 2250 2372 2373
f 2250 2373 2249
f 2249 2373 2374
f 2249 2374 2247
f 2247 2374 2375
f 2247 2375 2246
f 2246 2375 2376
f 2246 2376 2244
f 2244 2376 2365
f 2377 2368 2378
f 2378 2368 2367
f 2378 2367 2379
f 2379 2367 2366
f 2379 2366 2380
f 2380 2366 2365
f 2380 2365 2381
f 2381 2365 2376
f 2381 2376 2382
f 2382 2376 2375
f 2382 2375 2383
f 2383 2375 2374
f 2383 2374 2384
f 2384 2374 2373
f 2384 2373 2385
f 2385 2373 2372
f 2385 2372 2386
f 2386 2372 2371
f 2386 2371 2387
f 2387 2371 2370
f 2387 2370 2388
f 2388 2370 2369
f 2388 2369 2377
f 2377 2369 2368
f 1912 2386 1914
f 1914 2386 2387
f 1914 2387 1915
f 1915 2387 2388
f 1915 2388 1832
f 1832 2388 2377
f 1832 2377 1831
f 1831 2377 2378
f 1831 2378 1835
f 1835 2378 2379
f 1835 2379 1836
f 1836 2379 2380
f 1836 2380 1838
f 1838 2380 2381
f 1838 2381 1839
f 1839 2381 2382
f 1839 2382 1990
f 1990 2382 2383
f 1990 2383 1916
f 1916 2383 2384
f 1916 2384 1911
f 1911 2384 2385
f 1911 2385 1912
f 1912 2385 2386
f 2065 2389 2229
f 2229 2389 2390
f 2229 2390 2230
f 2230 2390 2391
f 2230 2391 2232
f 2232 2391 2392
f 2232 2392 2234
f 2234 2392 2393
f 2234 2393 2235
f 2235 2393 2394
f 2235 2394 2241
f 2241 2394 2395
f 2241 2395 2240
f 2240 2395 2396
f 2240 2396 2239
f 2239 2396 2397
f 2239 2397 2238
f 2238 2397 2398
f 2238 2398 2062
f 2062 2398 2399
f 2062 2399 2063
f 2063 2399 2400
f 2063 2400 2065
f 2065 2400 2389
f 2401 2393 2402
f 2402 2393 2392
f 2402 2392 2403
f 2403 2392 2391
f 2403 2391 2404
f 2404 2391 2390
f 2404 2390 2405
f 2405 2390 2389
f 2405 2389 2406
f 2406 2389 2400
f 2406 2400 2407
f 2407 2400 2399
f 2407 2399 2408
f 2408 2399 2398
f 2408 2398 2409
f 2409 2398 2397
f 2409 2397 2410
f 2410 2397 2396
f 2410 2396 2411
f 2411 2396 2395
f 2411 2395 2412
f 2412 2395 2394
f 2412 2394 2401
f 2401 2394 2393
f 1814 2409 1815
f 1815 2409 2410
f 1815 2410 1809
f 1809 2410 2411
f 1809 2411 1810
f 1810 2411 2412
f 1810 2412 1807
f 1807 2412 2401
f 1807 2401 1806
f 1806 2401 2402
f 1806 2402 1801
f 1801 2402 2403
f 1801 2403 1802
f 1802 2403 2404
f 1802 2404 1804
f 1804 2404 2405
f 1804 2405 1805
f 1805 2405 2406
f 1805 2406 1811
f 1811 2406 2407
f 1811 2407 1812
f 1812 2407 2408
f 1812 2408 1814
f 1814 2408 2409
f 2112 2413 2113
f 2113 2413 2414
f 2113 2414 2115
f 2115 2414 2415
f 2115 2415 2117
f 2117 2415 2416
f 2117 2416 2119
f 2119 2416 2417
f 2119 2417 2121
f 2121 2417 2418
f 2121 2418 2122
f 2122 2418 2419
f 2122 2419 2226
f 2226 2419 2420
f 2226 2420 2227
f 2227 2420 2421
f 2227 2421 2220
f 2220 2421 2422
f 2220 2422 2222
f 2222 2422 2423
f 2222 2423 2224
f 2224 2423 2225
f 2413 2112 2424
f 2424 2112 2111
f 2424 2111 2423
f 2423 2111 2311
f 2423 2311 2225
f 2425 2417 2426
f 2426 2417 2416
f 2426 2416 2427
f 2427 2416 2415
f 2427 2415 2428
f 2428 2415 2414
f 2428 2414 2429
f 2429 2414 2413
f 2429 2413 2430
f 2430 2413 2424
f 2430 2424 2431
f 2431 2424 2423
f 2431 2423 2432
f 2432 2423 2422
f 2432 2422 2433
f 2433 2422 2421
f 2433 2421 2434
f 2434 2421 2420
f 2434 2420 2435
f 2435 2420 2419
f 2435 2419 2436
f 2436 2419 2418
f 2436 2418 2425
f 2425 2418 2417
f 1743 2435 1750
f 1750 2435 2436
f 1750 2436 1751
f 1751 2436 2425
f 1751 2425 1753
f 1753 2425 2426
f 1753 2426 1755
f 1755 2426 2427
f 1755 2427 1756
f 1756 2427 2428
f 1756 2428 1740
f 1740 2428 2429
f 1740 2429 1741
f 1741 2429 2430
f 1741 2430 1932
f 1932 2430 2431
f 1932 2431 1933
f 1933 2431 2432
f 1933 2432 1936
f 1936 2432 2433
f 1936 2433 1937
f 1937 2433 2434
f 1937 2434 1743
f 1743 2434 2435
f 1905 2204 1906
f 1906 2204 2206
f 1906 2206 1908
f 1908 2206 2207
f 1908 2207 1909
f 1909 2207 2203
f 1909 2203 1910
f 1910 2203 2041
f 1910 2041 1904
f 1904 2041 2043
f 1904 2043 1722
f 1722 2043 2210
f 1722 2210 1900
f 1900 2210 2209
f 1900 2209 1898
f 1898 2209 2218
f 1898 2218 1892
f 1892 2218 2217
f 1892 2217 1893
f 1893 2217 2215
f 1893 2215 1895
f 1895 2215 2213
f 1895 2213 1897
f 1897 2213 2212
f 1897 2212 1905
f 1905 2212 2204
f 1823 2045 1824
f 1824 2045 2044
f 1824 2044 1825
f 1825 2044 2199
f 1825 2199 1826
f 1826 2199 2198
f 1826 2198 1827
f 1827 2198 2197
f 1827 2197 1828
f 1828 2197 2193
f 1828 2193 1829
f 1829 2193 2195
f 1829 2195 1830
f 1830 2195 2196
f 1830 2196 1819
f 1819 2196 2163
f 1819 2163 1820
f 1820 2163 2162
f 1820 2162 1817
f 1817 2162 2160
f 1817 2160 1818
f 1818 2160 2158
f 1818 2158 1822
f 1822 2158 2157
f 1822 2157 1823
f 1823 2157 2045
f 1765 2103 1768
f 1768 2103 2105
f 1768 2105 1769
f 1769 2105 2110
f 1769 2110 1771
f 1771 2110 2109
f 1771 2109 1772
f 1772 2109 2107
f 1772 2107 1767
f 1767 2107 2106
f 1767 2106 1759
f 1759 2106 2096
f 1759 2096 1760
f 1760 2096 2095
f 1760 2095 1761
f 1761 2095 2101
f 1761 2101 1762
f 1762 2101 2100
f 1762 2100 1763
f 1763 2100 2098
f 1763 2098 1764
f 1764 2098 2097
f 1764 2097 1765
f 1765 2097 2103
f 1949 2165 1947
f 1947 2165 2167
f 1947 2167 1946
f 1946 2167 2306
f 1946 2306 1944
f 1944 2306 2305
f 1944 2305 1943
f 1943 2305 2173
f 1943 2173 1941
f 1941 2173 2171
f 1941 2171 1940
f 1940 2171 2170
f 1940 2170 1719
f 1719 2170 2174
f 1719 2174 1939
f 1939 2174 2177
f 1939 2177 1958
f 1958 2177 2307
f 1958 2307 1957
f 1957 2307 2180
f 1957 2180 1956
f 1956 2180 1954
f 1954 2180 2182
f 1954 2182 1978
f 1978 2182 2184
f 1978 2184 1983
f 2184 2185 1983
f 1983 2185 2186
f 1983 2186 1984
f 1984 2186 2187
f 1984 2187 1953
f 1953 2187 2303
f 1953 2303 1952
f 1952 2303 2188
f 1952 2188 1950
f 1950 2188 2190
f 1950 2190 1949
f 1949 2190 2165
f 1242 1291 1292
f 1242 1292 1282
f 1282 1292 1295
f 1282 1295 1283
f 1283 1295 1294
f 1283 1294 1284
f 1284 1294 1293
f 1284 1293 1281
f 1281 1293 1286
f 1281 1286 1280
f 1429 1423 1430
f 1430 1423 1414
f 2437 2438 2439
f 2440 1305 1325
f 2440 1325 2441
f 1311 2438 1326
f 1326 2438 2437
f 1326 2437 1325
f 1325 2437 2442
f 1325 2442 2441
f 1342 2443 1343
f 1343 2443 2439
f 1343 2439 1344
f 1344 2439 2438
f 1344 2438 1340
f 1340 2438 1311
f 1340 1311 1341
f 1341 1311 1310
f 2442 2437 799
f 2443 1342 798
f 799 2437 798
f 798 2437 2439
f 798 2439 2443
f 2442 799 2441
f 2441 799 802
f 2441 802 1306
f 2441 1306 2440
f 2440 1306 1305
f 802 822 1306
f 1306 822 1297
f 1297 822 1299
f 1299 822 576
f 1299 576 1302
f 1302 576 575
f 1302 575 1287
f 1287 575 823
f 2444 1379 2445
f 2445 1379 1377
f 2445 1377 1376
f 2446 2447 1374
f 1374 2447 2448
f 1374 2448 1375
f 1375 2448 2449
f 1375 2449 1376
f 1376 2449 2450
f 1376 2450 2445
f 2446 1374 2451
f 2451 1374 1373
f 2451 1373 2452
f 2452 1373 1391
f 2452 1391 2453
f 2453 1391 1390
f 2453 1390 2454
f 2454 1390 1389
f 2454 1389 2455
f 2455 1389 1394
f 2455 1394 2456
f 2456 1394 1393
f 2456 1393 2457
f 2458 1385 1384
f 2457 1393 1392
f 1382 1379 2444
f 2457 1392 2459
f 2459 1392 1388
f 2459 1388 2460
f 2460 1388 1387
f 2460 1387 2461
f 1385 2458 1386
f 2458 2462 1386
f 1386 2462 2463
f 1386 2463 1387
f 1387 2463 2464
f 1387 2464 2461
f 2465 2466 1384
f 1384 2466 2467
f 1384 2467 2458
f 2444 2468 1382
f 1382 2468 2469
f 1382 2469 1383
f 1383 2469 2470
f 1383 2470 1370
f 1370 2470 2465
f 1370 2465 1371
f 1371 2465 1384
f 2468 2444 2471
f 2471 2472 2468
f 2468 2472 2473
f 2468 2473 2469
f 2469 2473 2474
f 2469 2474 2470
f 2470 2474 2475
f 2470 2475 2465
f 2465 2475 2476
f 2465 2476 2466
f 2466 2476 2467
f 2467 2476 2477
f 2467 2477 2458
f 2458 2477 2478
f 2458 2478 2462
f 2462 2478 2463
f 2463 2478 2479
f 2463 2479 2464
f 2464 2479 2480
f 2464 2480 2461
f 2461 2480 2460
f 2460 2480 2481
f 2460 2481 2459
f 2459 2481 2482
f 2459 2482 2457
f 2457 2482 2483
f 2457 2483 2484
f 2485 2471 2444
f 2485 2444 2486
f 2444 2445 2486
f 2486 2445 2450
f 2486 2450 2487
f 2450 2449 2487
f 2487 2449 2448
f 2487 2448 2488
f 2488 2448 2447
f 2488 2447 2489
f 2489 2447 2446
f 2489 2446 2490
f 2490 2446 2451
f 2490 2451 2491
f 2451 2452 2491
f 2491 2452 2453
f 2491 2453 2492
f 2457 2484 2456
f 2456 2484 2493
f 2456 2493 2455
f 2455 2493 2492
f 2455 2492 2454
f 2454 2492 2453
f 2475 314 2476
f 2476 314 359
f 2490 2491 572
f 2475 2474 314
f 314 2474 2473
f 314 2473 2472
f 2486 315 2485
f 2485 315 314
f 2485 314 2471
f 2471 314 2472
f 2486 2487 315
f 315 2487 2488
f 315 2488 2489
f 2482 2481 783
f 2482 783 2483
f 2491 2492 572
f 572 2492 2493
f 572 2493 783
f 783 2493 2484
f 783 2484 2483
f 2481 2480 783
f 783 2480 2479
f 783 2479 784
f 784 2479 2478
f 784 2478 359
f 359 2478 2477
f 359 2477 2476
f 2489 2490 315
f 315 2490 572
f 315 572 316
f 316 572 574
f 316 574 368
f 368 574 775
f 784 359 883
f 883 359 360
f 883 360 884
f 884 360 331
f 884 331 885
f 885 331 330
f 885 330 902
f 902 330 329
f 318 892 894
f 318 894 320
f 320 894 896
f 320 896 322
f 322 896 898
f 322 898 324
f 324 898 900
f 324 900 358
f 358 900 902
f 358 902 329
f 349 781 782
f 349 782 352
f 352 782 890
f 352 890 350
f 350 890 892
f 350 892 318
f 347 789 345
f 345 789 788
f 345 788 346
f 346 788 787
f 346 787 348
f 348 787 779
f 348 779 349
f 349 779 781
f 2494 797 795
f 356 2495 357
f 357 2495 2496
f 357 2496 2497
f 2497 2498 357
f 357 2498 2499
f 357 2499 351
f 2499 2494 351
f 351 2494 795
f 351 795 353
f 353 795 793
f 353 793 354
f 354 793 791
f 354 791 347
f 347 791 789
f 2500 801 2501
f 2501 801 800
f 2501 800 2502
f 2502 800 2503
f 2503 800 797
f 2503 797 2494
f 2504 803 2500
f 2500 803 801
f 812 805 2505
f 463 462 2506
f 2506 462 812
f 2506 812 2507
f 2507 812 2505
f 804 803 2504
f 2504 2508 804
f 804 2508 2509
f 804 2509 805
f 805 2509 2510
f 805 2510 2505
f 2504 2500 2507
f 370 458 457
f 371 370 2511
f 2511 370 457
f 2511 457 2512
f 2512 457 463
f 2512 463 2500
f 2500 463 2506
f 2500 2506 2507
f 2505 2510 2509
f 2505 2509 2507
f 2507 2509 2508
f 2507 2508 2504
f 426 458 425
f 425 458 370
f 425 370 369
f 425 369 423
f 423 369 380
f 423 380 408
f 408 380 381
f 408 381 383
f 383 381 373
f 374 2513 356
f 378 371 2511
f 378 2511 379
f 379 2514 374
f 374 2514 2515
f 374 2515 2513
f 2513 2515 2516
f 2513 2516 356
f 356 2516 2495
f 379 2511 2514
f 2514 2511 2512
f 2514 2512 2515
f 2515 2512 2517
f 2515 2517 2516
f 2518 2501 2519
f 2519 2501 2502
f 2494 2499 2503
f 2496 2495 2520
f 2520 2495 2516
f 2520 2516 2517
f 2521 2498 2520
f 2520 2498 2497
f 2520 2497 2496
f 2499 2498 2503
f 2503 2498 2521
f 2503 2521 2502
f 2502 2521 2520
f 2502 2520 2519
f 2519 2520 2517
f 2519 2517 2518
f 2518 2517 2512
f 2512 2500 2518
f 2518 2500 2501
f 368 775 367
f 367 775 750
f 367 750 365
f 365 750 752
f 365 752 366
f 366 752 769
f 366 769 253
f 253 769 254
f 905 597 2522
f 2522 597 596
f 2522 596 2523
f 2523 596 595
f 2523 595 1263
f 2522 2523 2524
f 909 908 2525
f 1255 1254 2526
f 2526 2527 2528
f 2524 1261 1260
f 2529 920 918
f 918 916 2530
f 2530 916 914
f 914 905 2522
f 2529 918 2531
f 2531 918 2530
f 2531 2530 2532
f 909 2525 911
f 2528 2527 2533
f 2533 2527 2534
f 2533 2534 2535
f 2535 2534 2536
f 2535 2536 2525
f 2525 2536 2537
f 2525 2537 911
f 1261 2524 1262
f 1262 2524 2523
f 1262 2523 1263
f 2532 2538 2539
f 2539 2538 1258
f 2539 1258 1257
f 914 2522 2530
f 2530 2522 2524
f 2530 2524 2532
f 2532 2524 1260
f 2532 1260 2538
f 2538 1260 1259
f 2538 1259 1258
f 908 920 2525
f 2525 920 2529
f 2525 2529 2535
f 2535 2529 2531
f 2535 2531 2533
f 2533 2531 2532
f 2533 2532 2528
f 2528 2532 2539
f 2528 2539 2526
f 2526 2539 1257
f 2526 1257 1255
f 1266 1270 2540
f 1254 1264 2526
f 2526 1264 2541
f 2526 2541 2527
f 2527 2541 2542
f 2527 2542 2534
f 2534 2542 2543
f 2534 2543 2536
f 2536 2543 2537
f 2537 2543 935
f 2537 935 911
f 1270 1269 2540
f 2540 1269 2544
f 2540 2544 2545
f 2545 2544 2546
f 2545 2546 2547
f 2547 2546 2548
f 2547 2548 933
f 933 2548 931
f 1264 1266 2541
f 2541 1266 2540
f 2541 2540 2542
f 2542 2540 2545
f 2542 2545 2543
f 2543 2545 2547
f 2543 2547 935
f 935 2547 933
f 929 931 2548
f 927 929 2549
f 1273 1272 2550
f 2550 1272 2551
f 2550 2551 2552
f 2552 2551 2553
f 2552 2553 2549
f 2549 2553 2554
f 2549 2554 927
f 2544 1269 1268
f 929 2548 2549
f 2549 2548 2546
f 2549 2546 2552
f 2552 2546 2544
f 2552 2544 2550
f 2550 2544 1268
f 2550 1268 1273
f 1279 1278 2555
f 2551 1272 1279
f 1279 2555 2551
f 2551 2555 2556
f 2551 2556 2553
f 2553 2556 2557
f 2553 2557 2554
f 2554 2557 925
f 2554 925 927
f 1278 1277 2555
f 2555 1277 2558
f 2555 2558 2556
f 2556 2558 2559
f 2556 2559 2557
f 2557 2559 2560
f 2557 2560 925
f 925 2560 923
f 2561 2562 2563
f 2564 2565 2566
f 2559 2567 2560
f 2560 2567 2568
f 2560 2568 923
f 2565 1276 1275
f 2569 2570 2568
f 2568 2570 2571
f 2568 2571 923
f 2561 2563 2572
f 2572 2563 2573
f 2572 2573 2574
f 2567 2562 2568
f 2568 2562 2561
f 2568 2561 2569
f 2569 2561 2572
f 2569 2572 2575
f 2575 2572 2574
f 2575 2574 2576
f 2565 1275 2566
f 2566 1275 1245
f 2566 1245 2577
f 2577 1245 1244
f 2577 1244 2578
f 2578 1244 1243
f 2578 1243 1236
f 2564 2566 2579
f 2579 2566 2577
f 2579 2577 2580
f 2580 2577 2578
f 2580 2578 2581
f 2581 2578 1236
f 2581 1236 1237
f 1235 2576 1238
f 1238 2576 2574
f 1238 2574 1237
f 1237 2574 2573
f 1237 2573 2581
f 2581 2573 2563
f 2581 2563 2580
f 2580 2563 2562
f 2580 2562 2579
f 2579 2562 2567
f 2579 2567 2564
f 2564 2567 2559
f 2564 2559 2565
f 2565 2559 2558
f 2565 2558 1276
f 1276 2558 1277
f 2576 1235 1231
f 1231 2582 2576
f 2576 2582 2583
f 2576 2583 2575
f 2575 2583 2584
f 2575 2584 2569
f 2569 2584 2585
f 2569 2585 2570
f 2570 2585 2586
f 2570 2586 2571
f 2571 2586 2587
f 2571 2587 923
f 923 2587 924
f 2588 2589 2590
f 2591 2588 2592
f 1017 2591 2593
f 2594 2587 2586
f 2584 2595 2596
f 2594 2586 2596
f 2596 2586 2585
f 2596 2585 2584
f 2588 2590 2592
f 2592 2590 2597
f 2592 2597 2598
f 2598 2597 2599
f 2598 2599 2600
f 2600 2599 2601
f 2600 2601 2602
f 2591 2592 2593
f 2593 2592 2598
f 2593 2598 2603
f 2603 2598 2600
f 2603 2600 2604
f 2604 2600 2602
f 2604 2602 2605
f 1017 2593 1022
f 1022 2593 2603
f 1022 2603 1021
f 1021 2603 2604
f 1021 2604 1019
f 1019 2604 2605
f 1019 2605 1023
f 2584 2583 2595
f 2595 2583 2582
f 2595 2582 2606
f 2606 2582 1231
f 2606 1231 1232
f 1009 1023 1234
f 1234 1023 2605
f 1234 2605 1233
f 1233 2605 2602
f 1233 2602 1232
f 1232 2602 2601
f 1232 2601 2606
f 2606 2601 2599
f 2606 2599 2595
f 2595 2599 2597
f 2595 2597 2596
f 2596 2597 2590
f 2596 2590 2594
f 2594 2590 2589
f 2594 2589 2587
f 2587 2589 924
f 1016 1027 2607
f 926 924 2608
f 2608 924 2589
f 2608 2589 2609
f 2609 2589 2588
f 2609 2588 2607
f 2607 2588 2591
f 2607 2591 1016
f 1016 2591 1017
f 928 926 949
f 949 926 2608
f 949 2608 948
f 948 2608 2609
f 948 2609 946
f 946 2609 2607
f 946 2607 947
f 947 2607 1027
f 442 441 821
f 821 441 465
f 821 465 571
f 571 465 464
f 2610 904 2611
f 2611 904 903
f 2611 903 2612
f 2612 903 901
f 2612 901 2613
f 2613 901 899
f 2613 899 2614
f 2614 899 897
f 2614 897 2615
f 2615 897 895
f 2615 895 2616
f 2616 895 893
f 2616 893 2617
f 2617 893 891
f 2617 891 2618
f 2618 891 889
f 2618 889 2619
f 2619 889 888
f 2619 888 2620
f 2620 888 887
f 2620 887 2621
f 2621 887 886
f 2621 886 2610
f 2610 886 904
f 2612 2613 2611
f 2611 2613 2614
f 2618 2619 2617
f 2617 2619 2620
f 2617 2620 2616
f 2610 2611 2621
f 2621 2611 2614
f 2621 2614 2620
f 2620 2614 2615
f 2620 2615 2616
f 2622 2623 835
f 2622 835 2624
f 835 833 2624
f 2624 833 830
f 2624 830 2625
f 2625 830 842
f 2625 842 2626
f 2626 842 2627
f 2627 842 841
f 2627 841 2628
f 2628 841 2629
f 2629 841 848
f 2629 848 2630
f 2630 848 2631
f 2631 848 850
f 2631 850 2632
f 2632 850 852
f 2632 852 2633
f 2634 2633 852
f 2634 852 2635
f 852 854 2635
f 2635 854 843
f 2635 843 2636
f 2636 843 845
f 2636 845 2637
f 839 2638 845
f 845 2638 2639
f 845 2639 2637
f 2640 2641 838
f 838 2641 2642
f 838 2642 839
f 839 2642 2643
f 839 2643 2638
f 838 836 2640
f 2640 836 835
f 2640 835 2623
f 2637 2639 2622
f 2622 2639 2638
f 2622 2638 2643
f 2627 2628 2634
f 2634 2628 2629
f 2637 2622 2636
f 2636 2622 2624
f 2636 2624 2635
f 2635 2624 2625
f 2635 2625 2634
f 2634 2625 2626
f 2634 2626 2627
f 2640 2623 2641
f 2641 2623 2622
f 2641 2622 2642
f 2642 2622 2643
f 2632 2633 2631
f 2631 2633 2634
f 2631 2634 2630
f 2630 2634 2629
f 2644 806 2645
f 2645 806 813
f 2645 813 2646
f 2646 813 814
f 815 2647 814
f 814 2647 2648
f 814 2648 2646
f 816 2649 815
f 815 2649 2650
f 815 2650 2647
f 817 2651 816
f 816 2651 2652
f 816 2652 2649
f 2653 2654 817
f 817 2654 2655
f 817 2655 2651
f 817 818 2653
f 2653 818 819
f 2653 819 2656
f 2657 2658 809
f 2659 2656 819
f 2659 819 2660
f 819 820 2660
f 2660 820 808
f 2660 808 2661
f 809 2658 808
f 808 2658 2662
f 808 2662 2661
f 2657 809 2663
f 2663 809 810
f 2663 810 2664
f 2664 810 811
f 2664 811 2665
f 2665 811 2666
f 2666 811 807
f 2666 807 2667
f 2667 807 806
f 2667 806 2644
f 2660 2645 2659
f 2659 2645 2646
f 2660 2661 2645
f 2645 2661 2662
f 2645 2662 2644
f 2644 2662 2658
f 2644 2658 2667
f 2646 2648 2659
f 2659 2648 2647
f 2659 2647 2656
f 2656 2647 2650
f 2656 2650 2653
f 2663 2664 2657
f 2657 2664 2665
f 2657 2665 2658
f 2658 2665 2666
f 2658 2666 2667
f 2652 2651 2649
f 2649 2651 2655
f 2649 2655 2650
f 2650 2655 2654
f 2650 2654 2653
f 2668 733 2669
f 2669 733 579
f 2669 579 2670
f 2670 579 742
f 2670 742 2671
f 2671 742 741
f 2671 741 2672
f 2672 741 740
f 2672 740 2673
f 2673 740 716
f 2673 716 2674
f 2674 716 721
f 2674 721 2675
f 2675 721 723
f 2675 723 2676
f 2676 723 725
f 2676 725 2677
f 2677 725 727
f 2677 727 2678
f 2678 727 729
f 2678 729 2679
f 2679 729 731
f 2679 731 2668
f 2668 731 733
f 2679 2668 2674
f 2674 2668 2669
f 2672 2673 2671
f 2671 2673 2674
f 2671 2674 2670
f 2670 2674 2669
f 2678 2679 2677
f 2677 2679 2674
f 2677 2674 2676
f 2676 2674 2675
f 2680 704 2681
f 2681 704 706
f 2681 706 2682
f 2682 706 708
f 2682 708 2683
f 2683 708 682
f 2683 682 2684
f 2684 682 680
f 2684 680 2685
f 2685 680 679
f 2685 679 2686
f 2686 679 678
f 2686 678 2687
f 2687 678 694
f 2687 694 2688
f 2688 694 696
f 2688 696 2689
f 2689 696 698
f 2689 698 2690
f 2690 698 700
f 2690 700 2691
f 2691 700 702
f 2691 702 2680
f 2680 702 704
f 2684 2685 2686
f 2686 2687 2680
f 2680 2687 2688
f 2688 2689 2680
f 2680 2689 2690
f 2680 2690 2691
f 2683 2684 2682
f 2682 2684 2686
f 2682 2686 2681
f 2681 2686 2680
f 2692 2693 650
f 2694 2695 657
f 657 655 2694
f 2694 655 653
f 2694 653 2696
f 650 2693 651
f 2693 2697 651
f 651 2697 2698
f 651 2698 653
f 653 2698 2699
f 653 2699 2696
f 2692 650 2700
f 2700 650 648
f 2700 648 2701
f 2701 648 647
f 2701 647 2702
f 2702 647 669
f 2702 669 2703
f 2704 2703 669
f 669 668 2704
f 2704 668 666
f 2704 666 2705
f 2705 666 2706
f 2706 666 664
f 2706 664 2707
f 2707 664 2708
f 2708 664 662
f 2708 662 2709
f 2709 662 2710
f 2710 662 660
f 2710 660 2711
f 2711 660 2712
f 2712 660 658
f 2712 658 2713
f 2713 658 657
f 2713 657 2695
f 2707 2696 2706
f 2706 2696 2699
f 2706 2699 2705
f 2705 2699 2698
f 2707 2708 2696
f 2696 2708 2709
f 2696 2709 2710
f 2698 2697 2705
f 2705 2697 2693
f 2705 2693 2692
f 2712 2713 2695
f 2701 2702 2703
f 2710 2711 2696
f 2696 2711 2712
f 2696 2712 2694
f 2694 2712 2695
f 2692 2700 2705
f 2705 2700 2701
f 2705 2701 2704
f 2704 2701 2703
f 2714 2715 630
f 2716 2717 2718
f 633 610 2719
f 630 2715 610
f 610 2715 2720
f 610 2720 2719
f 2714 630 2721
f 2721 630 629
f 2721 629 2722
f 2722 629 628
f 2722 628 2723
f 2723 628 614
f 2723 614 2724
f 2725 2726 2718
f 2718 2726 627
f 2718 627 631
f 2718 631 2716
f 2716 631 633
f 2716 633 2727
f 2727 633 2719
f 2728 2729 2730
f 2728 2717 2716
f 2730 2731 2728
f 2728 2731 2732
f 2728 2732 2733
f 2733 2734 2728
f 2728 2734 2735
f 2728 2735 2736
f 2728 2716 2729
f 2729 2716 2727
f 2729 2727 2719
f 2719 2720 2729
f 2729 2720 2715
f 2729 2715 2714
f 2722 2723 2724
f 2736 2737 2728
f 2728 2737 2726
f 2728 2726 2725
f 2714 2721 2729
f 2729 2721 2722
f 2729 2722 2738
f 2738 2722 2724
f 2717 2728 2718
f 2728 2725 2718
f 2738 2724 614
f 614 615 2738
f 2738 615 617
f 2738 617 2729
f 2729 617 2730
f 2730 617 619
f 2730 619 2731
f 2731 619 2732
f 2732 619 621
f 2732 621 2733
f 2733 621 2734
f 2734 621 623
f 2734 623 2735
f 2735 623 2736
f 2736 623 625
f 2736 625 2737
f 2737 625 627
f 2737 627 2726
f 2739 765 2740
f 2740 765 764
f 2740 764 2741
f 2741 764 763
f 2741 763 2742
f 2742 763 762
f 2742 762 2743
f 2743 762 771
f 2743 771 2744
f 2744 771 772
f 2744 772 2745
f 2745 772 773
f 2745 773 2746
f 2746 773 774
f 2746 774 2747
f 2747 774 766
f 2747 766 2748
f 2748 766 767
f 2748 767 2749
f 2749 767 768
f 2749 768 2750
f 2750 768 753
f 2750 753 2739
f 2739 753 765
f 2745 2750 2744
f 2744 2750 2739
f 2748 2749 2747
f 2747 2749 2750
f 2747 2750 2746
f 2746 2750 2745
f 2742 2743 2741
f 2741 2743 2744
f 2741 2744 2740
f 2740 2744 2739
f 548 537 549
f 549 537 535
f 549 535 550
f 550 535 534
f 550 534 554
f 554 534 532
f 554 532 553
f 553 532 506
f 553 506 552
f 552 506 505
f 552 505 545
f 545 505 496
f 537 548 528
f 528 548 555
f 528 555 542
f 542 555 556
f 542 556 543
f 543 556 551
f 543 551 476
f 476 551 477
f 882 1236 875
f 875 1236 1243
f 2751 2752 2753
f 2753 2752 2754
f 2753 2754 2755
f 2755 2754 2756
f 2755 2756 2757
f 2757 2756 2758
f 2757 2758 2759
f 2759 2758 2760
f 2759 2760 2761
f 2761 2760 2762
f 2761 2762 2763
f 2763 2762 2764
f 2765 2766 2767
f 2768 2769 2770
f 2771 2772 2773
f 2774 2775 2776
f 2777 2778 2779
f 2780 2781 2782
f 2783 2784 2785
f 2786 2787 2788
f 2789 2790 2791
f 2791 2790 2792
f 2793 2794 2795
f 2796 2797 2798
f 2796 2799 2800
f 2801 2797 2802
f 2802 2797 2796
f 2802 2796 2803
f 2803 2796 2800
f 2804 2805 2806
f 2790 2807 2792
f 2792 2807 2808
f 2792 2808 2806
f 2806 2808 2809
f 2806 2809 2804
f 2810 2811 2812
f 2812 2811 2813
f 2812 2813 2814
f 2814 2813 2815
f 2810 2816 2811
f 2811 2816 2817
f 2811 2817 2790
f 2790 2817 2818
f 2790 2818 2807
f 2819 2789 2820
f 2821 2822 2823
f 2823 2822 2824
f 2823 2824 2825
f 2826 2827 2828
f 2827 2826 2829
f 2829 2826 2830
f 2829 2830 2831
f 2832 2833 2787
f 2834 2835 2836
f 2836 2835 2830
f 2836 2830 2837
f 2838 2839 2786
f 2787 2833 2836
f 2836 2833 2840
f 2836 2840 2834
f 2835 2841 2830
f 2830 2841 2842
f 2830 2842 2831
f 2831 2842 2838
f 2831 2838 2843
f 2843 2838 2786
f 2839 2844 2786
f 2786 2844 2845
f 2786 2845 2787
f 2787 2845 2846
f 2787 2846 2832
f 2847 2848 2788
f 2848 2849 2788
f 2788 2849 2850
f 2788 2850 2851
f 2852 2853 2854
f 2854 2853 2855
f 2854 2855 2856
f 2856 2857 2858
f 2858 2857 2847
f 2850 2859 2851
f 2851 2859 2860
f 2851 2860 2861
f 2861 2860 2862
f 2861 2862 2863
f 2864 2865 2866
f 2866 2865 2863
f 2867 2868 2772
f 2772 2868 2869
f 2870 2871 2773
f 2773 2871 2866
f 2773 2866 2854
f 2854 2866 2863
f 2854 2863 2852
f 2852 2863 2862
f 2871 2872 2866
f 2866 2872 2873
f 2866 2873 2864
f 2873 2874 2864
f 2864 2874 2875
f 2864 2875 2876
f 2869 2877 2772
f 2772 2877 2878
f 2772 2878 2773
f 2773 2878 2879
f 2773 2879 2870
f 2875 2867 2876
f 2876 2867 2772
f 2876 2772 2880
f 2880 2772 2881
f 2882 2883 2884
f 2884 2883 2885
f 2884 2885 2886
f 2884 2770 2882
f 2882 2770 2769
f 2882 2769 2887
f 2887 2769 2888
f 2889 2890 2891
f 2891 2890 2892
f 2891 2892 2893
f 2894 2895 2768
f 2895 2896 2768
f 2768 2896 2897
f 2768 2897 2769
f 2769 2897 2898
f 2769 2898 2888
f 2888 2899 2887
f 2887 2899 2900
f 2887 2900 2889
f 2889 2900 2901
f 2889 2901 2890
f 2902 2903 2891
f 2785 2784 2904
f 2891 2903 2785
f 2785 2903 2905
f 2785 2905 2783
f 2784 2906 2904
f 2904 2906 2907
f 2904 2907 2908
f 2908 2907 2909
f 2908 2909 2910
f 2910 2911 2908
f 2908 2911 2912
f 2908 2912 2891
f 2891 2912 2913
f 2891 2913 2902
f 2914 2915 2904
f 2904 2915 2916
f 2904 2916 2785
f 2785 2916 2917
f 2785 2917 2918
f 2918 2919 2785
f 2785 2919 2920
f 2785 2920 2921
f 2921 2920 2922
f 2921 2922 2923
f 2923 2922 2924
f 2923 2924 2925
f 2926 2927 2928
f 2928 2927 2929
f 2781 2930 2782
f 2782 2930 2931
f 2782 2931 2927
f 2927 2931 2923
f 2927 2923 2929
f 2929 2923 2925
f 2932 2933 2777
f 2799 2934 2935
f 2935 2934 2936
f 2935 2936 2932
f 2932 2936 2937
f 2932 2937 2933
f 2938 2939 2940
f 2940 2939 2941
f 2942 2943 2944
f 2944 2943 2945
f 2944 2945 2946
f 2947 2806 2948
f 2948 2806 2767
f 2948 2767 2949
f 2949 2767 2766
f 2949 2766 2950
f 2950 2766 2765
f 2951 2952 2953
f 2953 2952 2954
f 2953 2954 2955
f 2956 2957 2958
f 2958 2957 2955
f 2956 2959 2957
f 2957 2959 2942
f 2957 2942 2960
f 2960 2942 2944
f 2951 2943 2961
f 2961 2943 2962
f 2959 2963 2942
f 2942 2963 2964
f 2942 2964 2943
f 2943 2964 2965
f 2943 2965 2962
f 2966 2967 2968
f 2968 2967 2969
f 2801 2966 2797
f 2797 2966 2968
f 2797 2968 2798
f 2798 2968 2970
f 2798 2970 2971
f 2971 2970 2972
f 2973 2974 2975
f 2975 2974 2976
f 2975 2976 2977
f 2977 2976 2978
f 2977 2978 2979
f 2980 2981 2982
f 2982 2983 2980
f 2980 2983 2984
f 2980 2984 2985
f 2985 2984 2986
f 2985 2986 2987
f 2983 2988 2984
f 2984 2988 2989
f 2984 2989 2990
f 2990 2989 2991
f 2990 2991 2992
f 2935 2993 2981
f 2981 2993 2994
f 2981 2994 2982
f 2995 2996 2932
f 2932 2996 2997
f 2932 2997 2935
f 2935 2997 2998
f 2935 2998 2993
f 2999 2774 3000
f 3000 2774 2776
f 3000 2776 3001
f 3002 2999 3003
f 3003 2999 3000
f 3003 3000 3004
f 3004 3000 3001
f 3004 3001 2858
f 2847 2788 2858
f 2858 2788 2787
f 2858 2787 3004
f 3004 2787 2836
f 3004 2836 3003
f 3003 2836 2837
f 3003 2837 3002
f 2885 2881 2886
f 2886 2881 2772
f 2886 2772 2884
f 2884 2772 2771
f 2884 2771 2770
f 2770 2771 3005
f 2856 2858 2854
f 2854 2858 3001
f 2854 3001 2773
f 2773 3001 2776
f 2773 2776 2771
f 2771 2776 2775
f 2771 2775 3005
f 3005 2775 2938
f 3005 2938 2770
f 2770 2938 2940
f 2770 2940 2768
f 2822 2945 2824
f 2824 2945 2943
f 2824 2943 2825
f 2825 2943 2951
f 2825 2951 2828
f 2828 2951 2953
f 2828 2953 2826
f 2826 2953 2955
f 2826 2955 2830
f 2830 2955 2957
f 2830 2957 2837
f 2837 2957 2960
f 2837 2960 3002
f 3006 3007 2821
f 2755 2757 2822
f 3007 3008 2821
f 2821 3008 2751
f 2821 2751 2822
f 2822 2751 2753
f 2822 2753 2755
f 2946 2945 3009
f 3009 2945 2822
f 3009 2822 3010
f 3010 2822 2757
f 3010 2757 2759
f 2823 2819 2821
f 2821 2819 2820
f 2821 2820 3006
f 3006 2820 3011
f 2759 2761 3010
f 3010 2761 2763
f 3010 2763 2820
f 2820 2763 3012
f 2820 3012 3011
f 2908 3013 2904
f 2904 3013 2926
f 2904 2926 2914
f 2914 2926 2928
f 2789 2791 2820
f 2820 2791 2792
f 2820 2792 3010
f 3010 2792 2806
f 3010 2806 3009
f 3009 2806 2947
f 3009 2947 2946
f 2893 2894 2891
f 2891 2894 2768
f 2891 2768 2908
f 2908 2768 2940
f 2908 2940 3013
f 3013 2940 2941
f 3013 2941 2926
f 2926 2941 3014
f 2926 3014 2927
f 2927 3014 3015
f 2927 3015 2782
f 2782 3015 2779
f 2782 2779 2780
f 2780 2779 2778
f 3014 2987 3015
f 3015 2987 2986
f 3015 2986 2779
f 2779 2986 2984
f 2779 2984 2777
f 2777 2984 2990
f 2777 2990 2932
f 2932 2990 2992
f 2932 2992 2995
f 2793 3016 2794
f 2794 3016 2813
f 2794 2813 2795
f 2795 2813 2811
f 3017 2950 3018
f 3018 2950 2765
f 3018 2765 2975
f 2975 2765 2968
f 2975 2968 2973
f 2973 2968 2969
f 3019 3020 3016
f 3016 3020 3021
f 3016 3021 3022
f 3023 3024 2765
f 2765 3024 3025
f 2765 3025 2968
f 2968 3025 3026
f 2793 2972 3016
f 3016 2972 2970
f 3016 2970 3019
f 3019 2970 3027
f 2805 2815 2806
f 2806 2815 2813
f 2806 2813 2767
f 2767 2813 3016
f 2767 3016 2765
f 2765 3016 3022
f 2765 3022 3023
f 3026 3028 2968
f 2968 3028 3029
f 2968 3029 2970
f 2970 3029 3030
f 2970 3030 3027
f 2985 3017 2980
f 2980 3017 3018
f 2980 3018 2981
f 2981 3018 2975
f 2981 2975 2935
f 2935 2975 2977
f 2935 2977 2799
f 2799 2977 2979
f 2799 2979 2800
f 3031 3032 2851
f 2851 3032 2788
f 2788 3032 2786
f 2786 3032 3033
f 2786 3033 2843
f 2827 2829 3034
f 3034 2829 3033
f 3033 2829 2831
f 3033 2831 2843
f 2795 2811 3035
f 3035 2811 2790
f 3035 2790 3036
f 3036 2790 2789
f 3036 2789 3037
f 3037 2789 2819
f 3037 2819 3038
f 3038 2819 2823
f 3038 2823 3039
f 3039 2823 2825
f 3039 2825 3034
f 3034 2825 2828
f 3034 2828 2827
f 2971 2972 3040
f 3040 2972 3035
f 3035 2972 2793
f 3035 2793 2795
f 2971 3040 2798
f 2798 3040 3041
f 2798 3041 2796
f 2796 3041 3042
f 2796 3042 2799
f 2781 2780 3043
f 2937 2936 3044
f 3044 2936 2934
f 3044 2934 3045
f 3045 2934 2799
f 3045 2799 3042
f 2780 2778 3043
f 3043 2778 2777
f 3043 2777 3044
f 3044 2777 2933
f 3044 2933 2937
f 2923 2931 3046
f 3046 2931 3043
f 3043 2931 2930
f 3043 2930 2781
f 2923 3046 2921
f 2921 3046 3047
f 2921 3047 2785
f 2785 3047 3048
f 2785 3048 2891
f 2891 3048 3049
f 2891 3049 2889
f 2889 3049 3050
f 2889 3050 2887
f 3051 2880 2881
f 2881 2885 3051
f 3051 2885 2883
f 3051 2883 3050
f 3050 2883 2882
f 3050 2882 2887
f 2865 2864 3052
f 3052 2864 3051
f 3051 2864 2876
f 3051 2876 2880
f 2865 3052 2863
f 2863 3052 3053
f 2863 3053 2861
f 2861 3053 3031
f 2861 3031 2851
f 3054 3055 3056
f 3042 3057 3058
f 3042 3058 3045
f 3059 3060 3051
f 3059 3051 3061
f 3061 3051 3050
f 3061 3050 3062
f 3054 3056 3060
f 3063 3064 3050
f 3064 3065 3050
f 3050 3065 3066
f 3050 3066 3062
f 3058 3067 3045
f 3045 3067 3068
f 3045 3068 3044
f 3044 3068 3069
f 3044 3069 3043
f 3043 3069 3070
f 3043 3070 3046
f 3046 3070 3071
f 3046 3071 3047
f 3047 3071 3072
f 3047 3072 3048
f 3048 3072 3063
f 3048 3063 3049
f 3049 3063 3050
f 3060 3056 3051
f 3051 3056 3073
f 3051 3073 3052
f 3052 3073 3074
f 3052 3074 3053
f 3053 3074 3075
f 3053 3075 3031
f 3076 3077 3078
f 3078 3077 3079
f 3080 3081 3082
f 3082 3081 3083
f 3084 3081 3085
f 3085 3081 3080
f 3085 3080 3086
f 3082 3076 3080
f 3080 3076 3078
f 3080 3078 3086
f 3086 3078 3079
f 3086 3079 3087
f 3087 3079 3058
f 3087 3058 3057
f 3070 3088 3089
f 3089 3090 3070
f 3070 3090 3091
f 3070 3091 3071
f 3077 3076 3068
f 3091 3092 3071
f 3071 3092 3093
f 3071 3093 3072
f 3072 3093 3094
f 3072 3094 3095
f 3095 3096 3072
f 3072 3096 3097
f 3072 3097 3063
f 3063 3097 3098
f 3063 3098 3064
f 3076 3082 3068
f 3068 3082 3083
f 3068 3083 3069
f 3069 3083 3099
f 3069 3099 3100
f 3101 3088 3102
f 3102 3088 3070
f 3102 3070 3103
f 3103 3070 3069
f 3103 3069 3104
f 3104 3069 3100
f 3105 3106 3107
f 3077 3068 3079
f 3079 3068 3067
f 3079 3067 3058
f 3108 3109 3107
f 3107 3109 3110
f 3107 3110 3111
f 3101 3112 3088
f 3088 3112 3113
f 3088 3113 3114
f 3114 3115 3088
f 3088 3115 3116
f 3088 3116 3117
f 3117 3116 3107
f 3117 3107 3118
f 3118 3107 3119
f 3105 3107 3120
f 3111 3121 3107
f 3107 3121 3122
f 3107 3122 3119
f 3123 3124 3125
f 3125 3124 3126
f 3123 3127 3124
f 3124 3127 3128
f 3124 3128 3107
f 3107 3128 3129
f 3107 3129 3130
f 3106 3131 3107
f 3107 3131 3132
f 3107 3132 3133
f 3133 3134 3107
f 3107 3134 3135
f 3107 3135 3108
f 3130 3136 3107
f 3107 3136 3137
f 3107 3137 3120
f 3138 3139 3140
f 3141 3142 3143
f 3144 3145 3146
f 3147 3148 3149
f 3150 3151 3152
f 3153 3154 3155
f 3156 3157 3158
f 3159 3160 3161
f 3161 3156 3159
f 3159 3156 3158
f 3159 3158 3162
f 3162 3158 3163
f 3162 3163 3100
f 3164 3165 3166
f 3166 3165 3167
f 3166 3167 3168
f 3169 3170 3167
f 3167 3170 3171
f 3167 3171 3168
f 3172 3149 3173
f 3173 3149 3150
f 3173 3150 3174
f 3149 3148 3150
f 3150 3148 3175
f 3150 3175 3151
f 3176 3177 3178
f 3178 3177 3179
f 3178 3179 3180
f 3180 3179 3181
f 3181 3179 3182
f 3181 3182 3183
f 3183 3182 3184
f 3184 3182 3185
f 3184 3185 3186
f 3145 3144 3185
f 3185 3144 3144
f 3185 3144 3186
f 3187 3149 3169
f 3169 3149 3172
f 3169 3172 3170
f 3147 3149 3176
f 3176 3149 3187
f 3176 3187 3177
f 3177 3187 3169
f 3177 3169 3188
f 3188 3169 3167
f 3188 3167 3189
f 3189 3167 3165
f 3189 3165 3190
f 3190 3165 3164
f 3190 3164 3191
f 3192 3193 3194
f 3194 3193 3195
f 3194 3195 3196
f 3197 3198 3199
f 3199 3198 3195
f 3199 3195 3200
f 3200 3195 3193
f 3201 3202 3203
f 3203 3202 3204
f 3203 3204 3205
f 3205 3204 3206
f 3207 3201 3208
f 3208 3201 3203
f 3208 3203 3209
f 3209 3203 3205
f 3210 3207 3211
f 3211 3207 3208
f 3211 3208 3196
f 3196 3208 3209
f 3196 3209 3194
f 3194 3209 3205
f 3194 3205 3192
f 3192 3205 3206
f 3212 3210 3213
f 3213 3210 3211
f 3213 3211 3214
f 3214 3211 3196
f 3214 3196 3215
f 3215 3196 3195
f 3215 3195 3216
f 3216 3195 3198
f 3104 3100 3217
f 3217 3100 3163
f 3217 3163 3218
f 3218 3163 3155
f 3218 3155 3219
f 3219 3155 3154
f 3157 3138 3158
f 3158 3138 3140
f 3158 3140 3163
f 3163 3140 3220
f 3163 3220 3155
f 3155 3220 3221
f 3155 3221 3153
f 3153 3221 3222
f 3153 3222 3223
f 3139 3141 3140
f 3140 3141 3143
f 3140 3143 3220
f 3220 3143 3224
f 3220 3224 3221
f 3221 3224 3191
f 3221 3191 3222
f 3222 3191 3164
f 3142 3197 3143
f 3143 3197 3199
f 3143 3199 3224
f 3224 3199 3200
f 3224 3200 3191
f 3191 3200 3193
f 3191 3193 3190
f 3190 3193 3192
f 3190 3192 3189
f 3189 3192 3206
f 3189 3206 3188
f 3188 3206 3204
f 3188 3204 3177
f 3177 3204 3202
f 3177 3202 3179
f 3179 3202 3201
f 3179 3201 3182
f 3182 3201 3207
f 3182 3207 3185
f 3185 3207 3210
f 3185 3210 3145
f 3145 3210 3212
f 3145 3212 3146
f 3225 3162 3100
f 3226 3227 3225
f 3228 3226 3229
f 3229 3226 3225
f 3229 3225 3099
f 3099 3225 3100
f 3230 3160 3225
f 3225 3160 3159
f 3225 3159 3162
f 3230 3225 3231
f 3231 3225 3227
f 3231 3227 3232
f 3232 3227 3233
f 3232 3233 3234
f 3152 3235 3236
f 3236 3235 3237
f 3236 3237 3238
f 3239 3228 3083
f 3083 3228 3229
f 3083 3229 3099
f 3104 3217 3103
f 3103 3217 3218
f 3103 3218 3219
f 3236 3172 3173
f 3240 3081 3084
f 3173 3174 3236
f 3236 3174 3150
f 3236 3150 3152
f 3237 3241 3238
f 3238 3241 3240
f 3238 3240 3242
f 3242 3240 3084
f 3219 3154 3103
f 3103 3154 3153
f 3103 3153 3223
f 3240 3243 3081
f 3081 3243 3244
f 3081 3244 3245
f 3223 3222 3103
f 3103 3222 3164
f 3103 3164 3236
f 3236 3164 3166
f 3236 3166 3168
f 3246 3083 3247
f 3247 3083 3081
f 3246 3248 3083
f 3083 3248 3249
f 3083 3249 3239
f 3168 3171 3236
f 3236 3171 3170
f 3236 3170 3172
f 3245 3250 3081
f 3081 3250 3251
f 3081 3251 3252
f 3252 3253 3081
f 3081 3253 3254
f 3081 3254 3247
f 3255 3256 3257
f 3258 3259 3260
f 3261 3246 3247
f 3253 3252 3262
f 3151 3175 3263
f 3178 3180 3264
f 3255 3144 3256
f 3256 3144 3144
f 3256 3144 3146
f 3186 3265 3184
f 3184 3265 3266
f 3184 3266 3183
f 3183 3266 3181
f 3267 3147 3176
f 3147 3267 3148
f 3152 3268 3235
f 3235 3268 3269
f 3235 3269 3237
f 3237 3269 3270
f 3237 3270 3241
f 3241 3270 3271
f 3241 3271 3240
f 3252 3251 3272
f 3272 3251 3250
f 3272 3250 3273
f 3273 3250 3245
f 3273 3245 3274
f 3253 3262 3254
f 3275 3261 3262
f 3262 3261 3247
f 3262 3247 3254
f 3252 3272 3262
f 3262 3272 3276
f 3262 3276 3275
f 3277 3278 3279
f 3279 3278 3280
f 3281 3282 3283
f 3284 3277 3285
f 3285 3277 3279
f 3285 3279 3286
f 3286 3259 3287
f 3287 3259 3258
f 3287 3258 3288
f 3289 3290 3260
f 3260 3290 3291
f 3260 3291 3258
f 3258 3291 3292
f 3258 3292 3288
f 3288 3292 3226
f 3288 3226 3228
f 3284 3293 3277
f 3277 3293 3294
f 3277 3294 3278
f 3278 3294 3295
f 3278 3295 3280
f 3280 3295 3296
f 3280 3296 3297
f 3286 3279 3259
f 3259 3279 3280
f 3259 3280 3260
f 3260 3280 3297
f 3260 3297 3289
f 3180 3181 3264
f 3264 3181 3266
f 3264 3266 3298
f 3299 3300 3301
f 3301 3300 3302
f 3301 3302 3303
f 3304 3305 3306
f 3306 3305 3307
f 3306 3307 3299
f 3299 3307 3308
f 3299 3308 3300
f 3309 3310 3311
f 3311 3310 3312
f 3311 3312 3313
f 3304 3306 3314
f 3314 3306 3299
f 3314 3299 3315
f 3315 3299 3301
f 3315 3301 3316
f 3316 3301 3303
f 3316 3303 3317
f 3284 3304 3293
f 3293 3304 3314
f 3293 3314 3318
f 3318 3314 3315
f 3318 3315 3309
f 3309 3315 3316
f 3309 3316 3310
f 3310 3316 3317
f 3310 3317 3312
f 3312 3317 3319
f 3312 3319 3313
f 3298 3266 3320
f 3320 3266 3265
f 3320 3265 3321
f 3321 3265 3322
f 3321 3322 3323
f 3186 3144 3265
f 3265 3144 3255
f 3265 3255 3322
f 3322 3255 3257
f 3322 3257 3323
f 3323 3257 3324
f 3323 3324 3325
f 3281 3326 3327
f 3327 3326 3328
f 3327 3328 3329
f 3329 3328 3330
f 3329 3330 3331
f 3313 3331 3311
f 3311 3331 3330
f 3311 3330 3309
f 3309 3330 3328
f 3309 3328 3318
f 3318 3328 3326
f 3318 3326 3293
f 3293 3326 3281
f 3293 3281 3294
f 3294 3281 3283
f 3294 3283 3295
f 3245 3244 3274
f 3274 3244 3243
f 3274 3243 3332
f 3332 3243 3240
f 3332 3240 3333
f 3333 3240 3271
f 3333 3271 3334
f 3334 3271 3270
f 3334 3270 3335
f 3335 3270 3269
f 3335 3269 3263
f 3263 3269 3268
f 3263 3268 3151
f 3151 3268 3152
f 3175 3148 3263
f 3263 3148 3267
f 3263 3267 3335
f 3335 3267 3336
f 3335 3336 3334
f 3334 3336 3337
f 3334 3337 3333
f 3333 3337 3338
f 3333 3338 3332
f 3332 3338 3339
f 3332 3339 3274
f 3274 3339 3340
f 3274 3340 3273
f 3290 3234 3291
f 3291 3234 3233
f 3291 3233 3292
f 3292 3233 3227
f 3292 3227 3226
f 3282 3281 3341
f 3341 3281 3327
f 3341 3327 3342
f 3342 3327 3329
f 3342 3329 3343
f 3343 3329 3331
f 3343 3331 3325
f 3325 3331 3313
f 3325 3313 3323
f 3323 3313 3319
f 3323 3319 3321
f 3321 3319 3317
f 3321 3317 3320
f 3320 3317 3303
f 3320 3303 3298
f 3228 3239 3288
f 3288 3239 3249
f 3288 3249 3287
f 3287 3249 3248
f 3287 3248 3286
f 3286 3248 3246
f 3286 3246 3285
f 3285 3246 3261
f 3285 3261 3284
f 3284 3261 3275
f 3284 3275 3304
f 3304 3275 3276
f 3304 3276 3305
f 3305 3276 3272
f 3305 3272 3307
f 3307 3272 3273
f 3307 3273 3308
f 3308 3273 3340
f 3308 3340 3300
f 3300 3340 3339
f 3300 3339 3302
f 3302 3339 3338
f 3302 3338 3303
f 3303 3338 3337
f 3303 3337 3298
f 3298 3337 3336
f 3298 3336 3264
f 3264 3336 3267
f 3264 3267 3178
f 3178 3267 3176
f 3256 3146 3344
f 3256 3344 3257
f 3257 3344 3345
f 3257 3345 3324
f 3324 3345 3346
f 3324 3346 3325
f 3325 3346 3343
f 3343 3346 3347
f 3343 3347 3342
f 3342 3347 3341
f 3341 3347 3348
f 3341 3348 3282
f 3297 3296 3349
f 3349 3296 3295
f 3349 3295 3348
f 3348 3295 3283
f 3348 3283 3282
f 3297 3349 3289
f 3289 3349 3350
f 3289 3350 3290
f 3290 3350 3351
f 3290 3351 3234
f 3198 3197 3352
f 3353 3160 3230
f 3234 3351 3232
f 3232 3351 3353
f 3232 3353 3231
f 3231 3353 3230
f 3354 3138 3353
f 3353 3138 3157
f 3157 3156 3353
f 3353 3156 3161
f 3353 3161 3160
f 3352 3197 3355
f 3197 3142 3355
f 3355 3142 3141
f 3355 3141 3354
f 3354 3141 3139
f 3354 3139 3138
f 3356 3215 3352
f 3352 3215 3216
f 3352 3216 3198
f 3357 3344 3146
f 3146 3212 3357
f 3357 3212 3213
f 3357 3213 3356
f 3356 3213 3214
f 3356 3214 3215
f 3358 3347 3359
f 3359 3347 3346
f 3359 3346 3360
f 3360 3346 3345
f 3360 3345 3361
f 3361 3345 3344
f 3361 3344 3362
f 3362 3344 3357
f 3362 3357 3363
f 3363 3357 3356
f 3363 3356 3364
f 3356 3352 3364
f 3364 3352 3355
f 3364 3355 3365
f 3365 3355 3354
f 3365 3354 3366
f 3366 3354 3353
f 3366 3353 3367
f 3367 3353 3351
f 3367 3351 3368
f 3368 3351 3350
f 3368 3350 3369
f 3369 3350 3349
f 3369 3349 3358
f 3358 3349 3348
f 3358 3348 3347
f 3370 3361 3371
f 3371 3361 3362
f 3371 3362 3372
f 3372 3362 3363
f 3372 3363 3373
f 3373 3363 3364
f 3373 3364 3374
f 3374 3364 3365
f 3374 3365 3375
f 3375 3365 3366
f 3375 3366 3376
f 3376 3366 3367
f 3376 3367 3377
f 3377 3367 3368
f 3377 3368 3378
f 3378 3368 3369
f 3378 3369 3379
f 3379 3369 3358
f 3379 3358 3380
f 3380 3358 3359
f 3380 3359 3381
f 3381 3359 3360
f 3381 3360 3370
f 3370 3360 3361
f 3382 3383 3384
f 799 3385 798
f 798 3385 3386
f 798 3386 3387
f 3387 3386 3388
f 3387 3388 3389
f 3389 3388 3390
f 3389 3390 3391
f 3391 3390 3392
f 3391 3392 3384
f 3384 3392 3393
f 3384 3393 3382
f 3394 786 3395
f 3394 3396 3397
f 3397 3396 3398
f 3398 3396 3399
f 3398 3399 3400
f 3394 3395 3401
f 3401 3395 3384
f 3401 3384 3402
f 3402 3384 3383
f 3402 3383 3403
f 3403 3383 3404
f 3403 3404 3405
f 3405 3404 3406
f 3405 3406 3407
f 3407 3406 3408
f 3407 3408 3409
f 3409 3408 3410
f 3409 3410 3411
f 3411 3410 3412
f 3411 3412 3413
f 3413 3412 3414
f 3413 3414 3415
f 3415 3414 3416
f 3415 3416 3399
f 3399 3416 3417
f 3399 3417 3400
f 3394 3397 786
f 786 3397 3418
f 786 3418 3419
f 3419 3418 3420
f 3419 3420 3421
f 3422 3423 3424
f 3424 3423 3425
f 3424 3425 3421
f 3421 3425 3426
f 3421 3426 3419
f 3422 3427 3423
f 3423 3427 3428
f 3423 3428 3429
f 3423 3430 3431
f 3423 3431 3432
f 3432 3431 3433
f 3432 3433 3434
f 3435 3436 3434
f 3434 3436 3437
f 3434 3437 3432
f 3432 3437 3438
f 3430 3423 3439
f 3439 3423 3429
f 3439 3429 3440
f 3440 3429 3441
f 3440 3441 3442
f 3442 3441 3443
f 3442 3443 3444
f 3444 3443 3445
f 3444 3445 3446
f 3446 3445 3447
f 3446 3447 3448
f 3448 3447 3449
f 3448 3449 3450
f 3450 3449 3451
f 3450 3451 3452
f 3452 3451 3453
f 3452 3453 3434
f 3434 3453 3454
f 3434 3454 3435
f 3455 3456 3457
f 3458 3459 3460
f 3456 3455 3461
f 3461 3455 3462
f 3461 3462 3459
f 3459 3462 3463
f 3459 3463 3460
f 3460 3464 3458
f 3458 3464 3465
f 3458 3465 3466
f 3466 3465 3467
f 3466 3467 3468
f 3468 3467 3469
f 3468 3469 3470
f 3470 3469 3471
f 3470 3471 3472
f 3472 3471 3473
f 3472 3473 3474
f 3438 3475 3432
f 3432 3475 3476
f 3432 3476 3477
f 3477 3476 3478
f 3477 3478 3479
f 3479 3478 3480
f 3479 3480 3462
f 3462 3480 3481
f 3462 3481 3463
f 3473 3482 3474
f 3474 3482 3483
f 3474 3483 3484
f 3484 3483 3485
f 3484 3485 3486
f 3486 3485 3487
f 3486 3487 3457
f 3457 3487 3488
f 3457 3488 3455
f 3488 3489 3455
f 3455 3489 3490
f 3455 3490 3491
f 3491 3490 3492
f 3491 3492 3493
f 3492 3494 3493
f 3493 3494 3495
f 3493 3495 3496
f 3497 3498 677
f 677 3498 3499
f 677 3499 3500
f 676 3496 3501
f 3502 3497 3503
f 3503 3497 677
f 3503 677 3504
f 3504 677 676
f 3504 676 3505
f 3505 676 3501
f 3506 3507 3508
f 3508 3507 3509
f 3508 3509 3510
f 3510 3509 3511
f 3510 3511 3512
f 3512 3511 3513
f 3512 3513 3514
f 3514 3513 3515
f 3514 3515 3516
f 3516 3515 3517
f 3516 3517 3518
f 3518 3517 3519
f 3518 3519 3502
f 3502 3519 3520
f 3502 3520 3497
f 3495 3521 3496
f 3496 3521 3522
f 3496 3522 3501
f 3501 3522 3523
f 3501 3523 3506
f 3506 3523 3524
f 3506 3524 3507
f 3525 3526 3527
f 3527 3526 3528
f 3500 3529 677
f 677 3529 3530
f 677 3530 688
f 688 3530 3531
f 688 3531 686
f 686 3531 3532
f 686 3532 675
f 675 3532 3528
f 675 3528 3533
f 3533 3528 3526
f 3534 3535 3536
f 3536 3537 3534
f 3534 3537 3533
f 3534 3533 3538
f 3538 3533 3526
f 3537 3539 3533
f 3533 3539 3540
f 3533 3540 642
f 3527 3541 3525
f 3525 3541 3542
f 3525 3542 3543
f 3543 3542 3544
f 3543 3544 3545
f 3545 3544 3546
f 3545 3546 3547
f 3547 3546 3548
f 3547 3548 3549
f 3549 3548 3550
f 3549 3550 3551
f 3551 3550 3552
f 3551 3552 3553
f 3553 3552 3554
f 3553 3554 3555
f 3555 3554 3556
f 3555 3556 3535
f 3535 3556 3557
f 3535 3557 3536
f 3558 3559 3560
f 3561 3562 589
f 3561 3563 3564
f 3564 3563 3558
f 3564 3558 3565
f 3565 3558 3560
f 3561 589 3563
f 3563 589 606
f 3563 606 3566
f 3567 3568 3569
f 3569 3568 3570
f 3569 3570 3571
f 3571 3570 3572
f 3571 3572 3573
f 3573 3572 3574
f 3573 3574 3575
f 3575 3574 3576
f 3575 3576 3577
f 3577 3576 3578
f 3577 3578 3579
f 3579 3578 3580
f 3579 3580 3581
f 3581 3580 3582
f 3581 3582 3559
f 3559 3582 3583
f 3559 3583 3560
f 3540 3584 642
f 642 3584 3585
f 642 3585 640
f 640 3585 3586
f 640 3586 638
f 638 3586 3587
f 638 3587 606
f 606 3587 3588
f 606 3588 3566
f 3566 3588 3589
f 3566 3589 3567
f 3567 3589 3590
f 3567 3590 3568
f 3591 3592 3054
f 3593 3594 3595
f 3596 3597 3598
f 3598 3597 3599
f 3596 3593 3597
f 3597 3593 3595
f 3597 3595 3562
f 3562 3595 3591
f 3562 3591 589
f 589 3591 3054
f 3600 3601 3602
f 3601 3603 3602
f 3602 3603 3604
f 3602 3604 3605
f 3606 3600 867
f 867 3600 3602
f 867 3602 3607
f 3607 3602 3608
f 3594 3609 3595
f 3595 3609 3610
f 3595 3610 3611
f 3611 3610 3612
f 3611 3612 3613
f 3613 3612 3614
f 3613 3614 3615
f 3615 3614 3616
f 3615 3616 3617
f 3617 3616 3618
f 3617 3618 3619
f 3619 3618 3620
f 3619 3620 3621
f 3621 3620 3622
f 3621 3622 867
f 867 3622 3623
f 867 3623 3606
f 3378 3624 3625
f 3378 3379 3624
f 3624 3379 3380
f 3624 3380 3626
f 3627 3607 3628
f 3628 3607 3608
f 3628 3608 3629
f 3629 3608 3630
f 3629 3630 3626
f 3626 3380 3629
f 3629 3380 3381
f 3629 3381 826
f 3625 3631 3378
f 3378 3631 3632
f 3378 3632 3377
f 3377 3632 3633
f 3377 3633 3376
f 3376 3633 3634
f 3376 3634 3375
f 3375 3634 3635
f 3375 3635 3374
f 3374 3635 3636
f 3374 3636 3373
f 3373 3636 3637
f 3373 3637 3372
f 3372 3637 3638
f 3372 3638 3371
f 3371 3638 3639
f 3371 3639 3640
f 3381 3370 826
f 826 3370 3371
f 826 3371 3641
f 3641 3371 3640
f 3642 576 575
f 3642 575 3643
f 3641 3644 826
f 826 3644 3645
f 826 3645 824
f 824 3645 3643
f 824 3643 823
f 823 3643 575
f 3646 3647 3648
f 3648 3647 3649
f 3648 3650 3646
f 3646 3650 3651
f 3646 3651 3652
f 3652 3651 3653
f 3652 3653 3654
f 3654 3653 3655
f 3654 3655 3656
f 3656 3655 3657
f 3656 3657 3658
f 3658 3657 3659
f 3658 3659 3660
f 3660 3659 3661
f 3660 3661 3662
f 3662 3661 3663
f 3642 3664 576
f 576 3664 3665
f 576 3665 822
f 822 3665 3649
f 822 3649 802
f 3666 3667 3668
f 3668 3667 3669
f 3647 3667 3649
f 3649 3667 3666
f 3649 3666 802
f 802 3666 3670
f 802 3670 799
f 799 3670 3671
f 799 3671 3385
f 3672 3673 3663
f 3663 3673 3674
f 3663 3674 3662
f 3672 3675 3673
f 3673 3675 3676
f 3673 3676 3669
f 3669 3676 3677
f 3669 3677 3668
f 798 3678 799
f 799 3678 3679
f 799 3679 802
f 802 3679 3680
f 676 3681 3682
f 676 3682 3496
f 3496 3682 3683
f 3496 3683 3493
f 3493 3683 3684
f 3493 3684 3491
f 3491 3684 3685
f 3491 3685 3455
f 3455 3685 3686
f 3455 3686 3462
f 3462 3686 3687
f 3462 3687 3479
f 3479 3687 3688
f 3479 3688 3477
f 3477 3688 3689
f 3477 3689 3432
f 3432 3689 3690
f 3432 3690 3423
f 3423 3690 3691
f 3423 3691 3425
f 3425 3691 3692
f 3425 3692 3426
f 3426 3692 3693
f 3426 3693 3419
f 3419 3693 786
f 786 3693 3694
f 786 3694 3395
f 3395 3694 3384
f 3384 3694 3695
f 3384 3695 3391
f 3391 3695 3696
f 3391 3696 3389
f 3389 3696 3697
f 3389 3697 3387
f 3387 3697 3678
f 3387 3678 798
f 3054 3060 3698
f 3681 676 677
f 3698 3699 3054
f 3054 3699 3700
f 3054 3700 3701
f 677 688 3681
f 3681 688 686
f 3681 686 675
f 675 3533 3681
f 3681 3533 642
f 3681 642 3702
f 3702 642 640
f 3702 640 638
f 3701 3703 3054
f 3054 3703 3704
f 3054 3704 589
f 589 3704 3702
f 589 3702 606
f 606 3702 638
f 3705 3706 3702
f 3702 3706 3707
f 3702 3707 3681
f 3708 3709 3710
f 3710 3709 3711
f 3094 3712 3095
f 3095 3712 3713
f 3714 3715 3088
f 3088 3715 3716
f 3088 3716 3089
f 3717 3718 3719
f 3719 3718 3720
f 3719 3720 3707
f 3707 3720 3710
f 3707 3710 3681
f 3681 3710 3711
f 3681 3711 3721
f 3722 3723 3091
f 3091 3723 3724
f 3091 3724 3092
f 3725 3726 3727
f 3728 3729 3702
f 3702 3729 3730
f 3702 3730 3705
f 3713 3731 3095
f 3095 3731 3732
f 3095 3732 3733
f 3725 3727 3734
f 3735 3736 3708
f 3708 3736 3737
f 3708 3737 3738
f 3738 3739 3708
f 3708 3739 3740
f 3708 3740 3741
f 3734 3727 3702
f 3702 3727 3742
f 3702 3742 3728
f 3735 3743 3736
f 3736 3743 3744
f 3736 3744 3745
f 3708 3746 3747
f 3748 3749 3750
f 3750 3749 3751
f 3750 3751 3752
f 3748 3750 3719
f 3719 3750 3753
f 3719 3753 3754
f 3754 3755 3719
f 3719 3755 3756
f 3719 3756 3757
f 3747 3758 3708
f 3708 3758 3759
f 3708 3759 3709
f 3760 3761 3726
f 3726 3761 3762
f 3726 3762 3727
f 3719 3763 3764
f 3765 3766 3088
f 3088 3766 3767
f 3088 3767 3714
f 3741 3768 3708
f 3708 3768 3769
f 3708 3769 3770
f 3770 3771 3708
f 3708 3771 3772
f 3708 3772 3746
f 3733 3773 3095
f 3095 3773 3774
f 3095 3774 3726
f 3726 3774 3775
f 3726 3775 3760
f 3776 3777 3091
f 3091 3777 3778
f 3091 3778 3722
f 3764 3779 3719
f 3719 3779 3780
f 3719 3780 3717
f 3745 3781 3736
f 3736 3781 3782
f 3736 3782 3088
f 3088 3782 3783
f 3088 3783 3784
f 3752 3785 3750
f 3750 3785 3786
f 3750 3786 3091
f 3091 3786 3787
f 3091 3787 3788
f 3757 3789 3719
f 3719 3789 3790
f 3719 3790 3791
f 3791 3792 3719
f 3719 3792 3793
f 3719 3793 3763
f 3784 3794 3088
f 3088 3794 3795
f 3088 3795 3765
f 3788 3796 3091
f 3091 3796 3797
f 3091 3797 3776
f 3723 3798 3724
f 3724 3798 3799
f 3724 3799 3092
f 3800 3801 3799
f 3799 3801 3093
f 3799 3093 3092
f 3802 3803 3804
f 3804 3803 3805
f 3804 3805 3806
f 3806 3805 3807
f 3808 3809 3802
f 3798 3810 3799
f 3799 3810 3811
f 3799 3811 3800
f 3800 3811 3812
f 3808 3802 3812
f 3812 3802 3804
f 3812 3804 3800
f 3800 3804 3806
f 3800 3806 3801
f 3801 3806 3807
f 3801 3807 3093
f 3813 3814 3815
f 3713 3712 3816
f 3817 3093 3807
f 3818 3732 3816
f 3816 3732 3731
f 3816 3731 3713
f 3819 3775 3820
f 3820 3775 3774
f 3820 3774 3773
f 3821 3761 3760
f 3761 3821 3762
f 3762 3821 3822
f 3762 3822 3727
f 3730 3729 3823
f 3823 3729 3728
f 3823 3728 3824
f 3824 3728 3742
f 3824 3742 3727
f 3825 3826 3824
f 3824 3826 3827
f 3824 3827 3823
f 3828 3829 3813
f 3813 3829 3830
f 3813 3830 3814
f 3814 3830 3831
f 3814 3831 3832
f 3833 3834 3835
f 3835 3834 3836
f 3835 3836 3837
f 3837 3836 3838
f 3837 3838 3839
f 3839 3838 3840
f 3839 3840 3841
f 3841 3840 3842
f 3841 3842 3843
f 3843 3842 3844
f 3844 3842 3845
f 3844 3845 3846
f 3846 3845 3847
f 3847 3845 3848
f 3847 3848 3849
f 3849 3848 3850
f 3849 3850 3851
f 3727 3822 3824
f 3824 3822 3852
f 3824 3852 3825
f 3832 3825 3814
f 3814 3825 3852
f 3814 3852 3815
f 3815 3852 3822
f 3815 3822 3819
f 3819 3822 3821
f 3819 3821 3775
f 3775 3821 3760
f 3853 3828 3854
f 3854 3828 3813
f 3854 3813 3855
f 3855 3813 3815
f 3855 3815 3856
f 3856 3815 3819
f 3856 3819 3857
f 3857 3819 3820
f 3857 3820 3818
f 3818 3820 3773
f 3818 3773 3732
f 3732 3773 3733
f 3805 3851 3807
f 3807 3851 3850
f 3807 3850 3817
f 3817 3850 3848
f 3817 3848 3858
f 3858 3848 3845
f 3858 3845 3859
f 3859 3845 3842
f 3859 3842 3860
f 3860 3842 3840
f 3860 3840 3861
f 3861 3840 3838
f 3861 3838 3862
f 3862 3838 3836
f 3834 3853 3836
f 3836 3853 3854
f 3836 3854 3862
f 3862 3854 3855
f 3862 3855 3861
f 3861 3855 3856
f 3861 3856 3860
f 3860 3856 3857
f 3860 3857 3859
f 3859 3857 3818
f 3859 3818 3858
f 3858 3818 3816
f 3858 3816 3817
f 3817 3816 3712
f 3817 3712 3093
f 3093 3712 3094
f 3863 3864 3865
f 3865 3864 3866
f 3867 3868 3869
f 3812 3811 3870
f 3871 3872 3873
f 3788 3787 3786
f 3748 3719 3874
f 3874 3719 3707
f 3827 3826 3875
f 3876 3877 3878
f 3879 3828 3853
f 3880 3830 3829
f 3832 3831 3881
f 3881 3831 3830
f 3705 3882 3706
f 3706 3882 3883
f 3706 3883 3707
f 3707 3883 3884
f 3707 3884 3874
f 3885 3886 3749
f 3786 3785 3887
f 3887 3785 3752
f 3887 3752 3886
f 3886 3752 3751
f 3886 3751 3749
f 3888 3889 3796
f 3777 3776 3889
f 3889 3776 3797
f 3889 3797 3796
f 3810 3798 3890
f 3890 3798 3723
f 3891 3892 3809
f 3892 3891 3893
f 3893 3891 3894
f 3893 3894 3895
f 3895 3894 3896
f 3895 3896 3897
f 3897 3896 3898
f 3897 3898 3899
f 3899 3898 3900
f 3899 3900 3901
f 3902 3903 3901
f 3901 3903 3904
f 3901 3904 3899
f 3901 3905 3902
f 3902 3905 3906
f 3902 3906 3907
f 3907 3906 3908
f 3907 3908 3909
f 3909 3908 3910
f 3910 3908 3911
f 3910 3911 3912
f 3911 3913 3912
f 3912 3913 3871
f 3912 3871 3914
f 3914 3871 3873
f 3915 3888 3916
f 3915 3917 3888
f 3888 3917 3918
f 3888 3918 3889
f 3889 3918 3919
f 3889 3919 3777
f 3777 3919 3920
f 3777 3920 3778
f 3921 3922 3923
f 3924 3925 3926
f 3926 3925 3927
f 3926 3927 3928
f 3723 3722 3890
f 3890 3722 3778
f 3890 3778 3929
f 3929 3778 3920
f 3929 3920 3930
f 3930 3920 3919
f 3930 3919 3931
f 3931 3919 3918
f 3931 3918 3932
f 3932 3918 3917
f 3932 3917 3923
f 3923 3917 3915
f 3923 3915 3921
f 3921 3915 3916
f 3812 3870 3808
f 3811 3810 3870
f 3870 3810 3890
f 3870 3890 3933
f 3933 3890 3929
f 3933 3929 3934
f 3934 3929 3930
f 3934 3930 3935
f 3935 3930 3931
f 3935 3931 3936
f 3936 3931 3932
f 3936 3932 3927
f 3927 3932 3923
f 3927 3923 3928
f 3928 3923 3922
f 3825 3832 3937
f 3937 3832 3881
f 3937 3881 3938
f 3939 3940 3941
f 3941 3940 3879
f 3941 3879 3942
f 3942 3879 3853
f 3942 3853 3834
f 3943 3944 3945
f 3945 3944 3946
f 3945 3946 3939
f 3939 3946 3947
f 3939 3947 3940
f 3940 3947 3880
f 3940 3880 3879
f 3879 3880 3829
f 3879 3829 3828
f 3869 3948 3863
f 3869 3868 3948
f 3948 3868 3949
f 3948 3949 3950
f 3809 3808 3891
f 3891 3808 3870
f 3891 3870 3894
f 3894 3870 3933
f 3894 3933 3896
f 3896 3933 3934
f 3896 3934 3898
f 3898 3934 3935
f 3898 3935 3900
f 3900 3935 3936
f 3900 3936 3901
f 3901 3936 3927
f 3901 3927 3905
f 3905 3927 3925
f 3905 3925 3906
f 3906 3925 3924
f 3906 3924 3908
f 3823 3827 3951
f 3951 3827 3875
f 3951 3875 3952
f 3952 3875 3953
f 3952 3953 3954
f 3954 3953 3955
f 3954 3955 3956
f 3826 3825 3875
f 3875 3825 3937
f 3875 3937 3953
f 3953 3937 3938
f 3953 3938 3955
f 3730 3823 3705
f 3705 3823 3951
f 3705 3951 3882
f 3882 3951 3952
f 3882 3952 3883
f 3883 3952 3954
f 3883 3954 3884
f 3884 3954 3956
f 3884 3956 3874
f 3874 3956 3885
f 3874 3885 3748
f 3748 3885 3749
f 3950 3957 3948
f 3948 3957 3958
f 3948 3958 3863
f 3863 3958 3959
f 3863 3959 3864
f 3864 3959 3960
f 3864 3960 3866
f 3833 3876 3834
f 3834 3876 3878
f 3834 3878 3942
f 3942 3878 3961
f 3942 3961 3941
f 3941 3961 3867
f 3941 3867 3939
f 3939 3867 3869
f 3939 3869 3945
f 3945 3869 3863
f 3945 3863 3943
f 3943 3863 3865
f 3830 3880 3881
f 3881 3880 3947
f 3881 3947 3938
f 3938 3947 3946
f 3938 3946 3955
f 3955 3946 3944
f 3955 3944 3956
f 3956 3944 3943
f 3956 3943 3885
f 3885 3943 3865
f 3885 3865 3886
f 3886 3865 3866
f 3886 3866 3887
f 3887 3866 3962
f 3887 3962 3786
f 3877 3873 3878
f 3878 3873 3872
f 3878 3872 3961
f 3961 3872 3871
f 3961 3871 3867
f 3867 3871 3913
f 3867 3913 3868
f 3868 3913 3911
f 3868 3911 3949
f 3949 3911 3908
f 3949 3908 3950
f 3950 3908 3924
f 3950 3924 3957
f 3957 3924 3926
f 3957 3926 3958
f 3958 3926 3928
f 3958 3928 3959
f 3959 3928 3922
f 3959 3922 3960
f 3960 3922 3921
f 3960 3921 3866
f 3866 3921 3916
f 3866 3916 3962
f 3962 3916 3888
f 3962 3888 3786
f 3786 3888 3796
f 3786 3796 3788
f 3833 3963 3876
f 3876 3963 3877
f 3877 3963 3873
f 3873 3963 3964
f 3873 3964 3914
f 3914 3964 3965
f 3914 3965 3912
f 3912 3965 3910
f 3910 3965 3966
f 3910 3966 3909
f 3909 3966 3907
f 3907 3966 3967
f 3907 3967 3902
f 3897 3899 3968
f 3968 3899 3904
f 3968 3904 3967
f 3967 3904 3903
f 3967 3903 3902
f 3897 3968 3895
f 3895 3968 3969
f 3895 3969 3893
f 3893 3969 3892
f 3892 3969 3970
f 3892 3970 3809
f 3809 3970 3802
f 3802 3970 3971
f 3802 3971 3803
f 3803 3971 3805
f 3805 3971 3972
f 3805 3972 3851
f 3973 3847 3972
f 3972 3847 3849
f 3972 3849 3851
f 3974 3975 3841
f 3841 3843 3974
f 3974 3843 3844
f 3974 3844 3973
f 3973 3844 3846
f 3973 3846 3847
f 3976 3963 3833
f 3833 3835 3976
f 3976 3835 3837
f 3976 3837 3975
f 3975 3837 3839
f 3975 3839 3841
f 3977 3966 3978
f 3978 3966 3965
f 3978 3965 3979
f 3979 3965 3964
f 3979 3964 3980
f 3980 3964 3963
f 3980 3963 3981
f 3981 3963 3976
f 3981 3976 3982
f 3982 3976 3975
f 3982 3975 3983
f 3975 3974 3983
f 3983 3974 3973
f 3983 3973 3984
f 3984 3973 3972
f 3984 3972 3985
f 3985 3972 3971
f 3985 3971 3986
f 3986 3971 3970
f 3986 3970 3987
f 3987 3970 3969
f 3987 3969 3988
f 3988 3969 3968
f 3988 3968 3977
f 3977 3968 3967
f 3977 3967 3966
f 3573 3986 3571
f 3571 3986 3987
f 3571 3987 3569
f 3569 3987 3988
f 3569 3988 3567
f 3567 3988 3977
f 3567 3977 3566
f 3566 3977 3978
f 3566 3978 3563
f 3563 3978 3979
f 3563 3979 3558
f 3558 3979 3980
f 3558 3980 3559
f 3559 3980 3981
f 3559 3981 3581
f 3581 3981 3982
f 3581 3982 3579
f 3579 3982 3983
f 3579 3983 3577
f 3577 3983 3984
f 3577 3984 3575
f 3575 3984 3985
f 3575 3985 3573
f 3573 3985 3986
f 3064 3098 3989
f 3989 3098 3990
f 3990 3098 3991
f 3991 3098 3992
f 3991 3992 3993
f 3993 3992 3726
f 3993 3726 3725
f 3098 3097 3992
f 3992 3097 3096
f 3992 3096 3726
f 3726 3096 3095
f 3699 3698 3994
f 3994 3698 3060
f 3995 3701 3994
f 3994 3701 3700
f 3994 3700 3699
f 3703 3996 3704
f 3704 3996 3997
f 3704 3997 3702
f 3702 3997 3998
f 3702 3998 3734
f 3725 3734 3993
f 3993 3734 3998
f 3993 3998 3991
f 3991 3998 3990
f 3064 3989 3065
f 3065 3989 3999
f 3065 3999 4000
f 3060 3059 3994
f 3994 3059 3061
f 3994 3061 3995
f 3995 3061 3062
f 3995 3062 4000
f 4000 3062 3066
f 4000 3066 3065
f 3703 3701 3996
f 3996 3701 3995
f 3996 3995 3997
f 3997 3995 4000
f 3997 4000 3998
f 3998 4000 3999
f 3998 3999 3990
f 3990 3999 3989
f 4001 3118 3119
f 4002 3127 3123
f 4002 3123 4003
f 3695 3694 4004
f 4004 4005 3695
f 3695 4005 4006
f 3695 4006 4007
f 4007 4008 3695
f 3695 4008 4009
f 3695 4009 4010
f 4011 4012 3123
f 4010 4013 3695
f 3695 4013 4014
f 3695 4014 4011
f 4012 4015 3123
f 3123 4015 4016
f 3123 4016 4017
f 4017 4018 3123
f 3123 4018 4019
f 3123 4019 4003
f 3129 4020 3130
f 3130 4020 4021
f 4021 4022 3130
f 3130 4022 4023
f 3130 4023 4024
f 4024 4025 3130
f 3130 4025 4026
f 3130 4026 4027
f 4028 4029 3693
f 3693 4029 4030
f 3693 4030 4031
f 4031 4032 3693
f 3693 4032 4033
f 3693 4033 4034
f 4034 4035 3693
f 3693 4035 4036
f 3693 4036 3694
f 3694 4036 4037
f 3694 4037 4004
f 4038 4039 3120
f 4038 3120 4040
f 4039 4041 3120
f 3120 4041 4042
f 3120 4042 3105
f 4043 4044 3137
f 3137 4044 4045
f 3137 4045 3120
f 3120 4045 4046
f 3120 4046 4040
f 4047 3132 4048
f 4048 3132 3131
f 4049 4050 3689
f 4047 4051 3132
f 3132 4051 4052
f 3132 4052 4053
f 4053 4054 3132
f 3132 4054 4055
f 3132 4055 4056
f 4057 4058 3689
f 3689 4058 4059
f 3689 4059 4049
f 4056 4060 3132
f 3132 4060 4061
f 3132 4061 4062
f 4050 4063 3689
f 3689 4063 4064
f 3689 4064 4065
f 4065 4066 3689
f 3689 4066 4067
f 3689 4067 3690
f 3690 4067 4068
f 3690 4068 4069
f 4069 4070 3690
f 3690 4070 4071
f 3690 4071 4072
f 4072 4073 3690
f 3690 4073 4074
f 3690 4074 3691
f 3691 4074 4075
f 3691 4075 4043
f 3110 4076 3111
f 3111 4076 4077
f 3111 4077 4078
f 4078 4079 3111
f 3111 4079 4080
f 3111 4080 4081
f 4082 4083 3685
f 3685 4084 4085
f 4085 4086 3685
f 3685 4086 4087
f 3685 4087 4088
f 4088 4089 3685
f 3685 4089 4090
f 3685 4090 4082
f 4083 4091 3685
f 3685 4091 4092
f 3685 4092 3686
f 4092 4093 3686
f 3686 4093 4094
f 3686 4094 4095
f 4095 4096 3686
f 3686 4096 4097
f 3686 4097 4098
f 4098 4099 3686
f 3686 4099 4100
f 3686 4100 4101
f 4101 4102 3135
f 3135 4102 4103
f 4103 4104 3135
f 3135 4104 4105
f 3135 4105 4106
f 4106 4107 3135
f 3135 4107 4108
f 3135 4108 4109
f 4109 4110 3135
f 3135 4110 4111
f 3135 4111 3108
f 3682 3681 3721
f 4001 3119 4112
f 3721 4113 3682
f 3682 4113 4114
f 3682 4114 4115
f 4115 4116 3682
f 3682 4116 4117
f 3682 4117 4118
f 4118 4119 3682
f 3682 4119 4120
f 3682 4120 4121
f 4121 4122 3119
f 3119 4122 4123
f 3119 4123 4124
f 4124 4125 3119
f 3119 4125 4126
f 3119 4126 4112
f 4011 3123 3695
f 3695 3123 3125
f 3695 3125 3696
f 3696 3125 3126
f 3696 3126 3697
f 3697 3126 3124
f 3697 3124 3678
f 4043 3137 3691
f 3691 3137 3136
f 3691 3136 3692
f 3692 3136 3130
f 3692 3130 3693
f 3693 3130 4027
f 3693 4027 4028
f 4101 3135 3686
f 3686 3135 3134
f 3686 3134 3687
f 3687 3134 3133
f 3687 3133 3688
f 3688 3133 3132
f 3688 3132 3689
f 3689 3132 4062
f 3689 4062 4057
f 4121 3119 3682
f 3682 3119 3122
f 3682 3122 3683
f 3683 3122 3121
f 3683 3121 3684
f 3684 3121 3111
f 3684 3111 3685
f 3685 3111 4081
f 3685 4081 4084
f 4127 4128 4129
f 4130 4131 4132
f 4002 4003 4133
f 3127 4134 3128
f 3128 4134 4135
f 3128 4135 4136
f 4136 4135 4137
f 4136 4137 4138
f 4127 4129 4139
f 4139 4129 4140
f 4139 4140 4141
f 4132 4131 4140
f 4140 4131 4142
f 4140 4142 4141
f 4133 4130 4002
f 4002 4130 4132
f 4002 4132 3127
f 3127 4132 4140
f 3127 4140 4134
f 4134 4140 4129
f 4134 4129 4135
f 4135 4129 4128
f 4135 4128 4137
f 4143 4144 4145
f 4145 4144 4146
f 4027 4147 4028
f 4023 4148 4024
f 4149 3128 4136
f 4020 4150 4021
f 4021 4150 4022
f 4151 4026 4148
f 4148 4026 4025
f 4148 4025 4024
f 4147 4152 4031
f 4028 4147 4029
f 4029 4147 4031
f 4029 4031 4030
f 4032 4153 4033
f 4033 4153 4154
f 4035 4034 4155
f 4155 4034 4033
f 4155 4033 4156
f 4156 4033 4154
f 4157 4145 4158
f 4158 4145 4146
f 4158 4146 4153
f 4153 4146 4159
f 4153 4159 4154
f 4160 4161 4162
f 4162 4161 4163
f 4164 4165 4166
f 4166 4165 4167
f 4166 4167 4168
f 4168 4167 4169
f 4168 4169 4170
f 4170 4169 4171
f 4170 4171 4172
f 4172 4171 4173
f 4172 4173 4174
f 4174 4173 4175
f 4164 4166 4176
f 4176 4166 4177
f 4176 4177 4178
f 4178 4177 4179
f 4178 4179 4180
f 4180 4179 4181
f 4180 4181 4182
f 4183 4152 4184
f 4184 4152 4147
f 4184 4147 4151
f 4151 4147 4027
f 4151 4027 4026
f 4032 4031 4153
f 4153 4031 4152
f 4153 4152 4158
f 4158 4152 4183
f 4158 4183 4157
f 4157 4183 4185
f 4157 4185 4145
f 4145 4185 4162
f 4145 4162 4143
f 4143 4162 4163
f 4186 4160 4187
f 4187 4160 4162
f 4187 4162 4188
f 4188 4162 4185
f 4188 4185 4189
f 4189 4185 4183
f 4189 4183 4190
f 4190 4183 4184
f 4190 4184 4191
f 4191 4184 4151
f 4191 4151 4192
f 4192 4151 4148
f 4192 4148 4150
f 4150 4148 4023
f 4150 4023 4022
f 4138 4182 4136
f 4136 4182 4181
f 4136 4181 4149
f 4149 4181 4179
f 4149 4179 4193
f 4193 4179 4177
f 4193 4177 4194
f 4194 4177 4166
f 4194 4166 4195
f 4195 4166 4168
f 4195 4168 4196
f 4196 4168 4170
f 4196 4170 4197
f 4197 4170 4172
f 3129 3128 4020
f 4020 3128 4149
f 4020 4149 4150
f 4150 4149 4193
f 4150 4193 4192
f 4192 4193 4194
f 4192 4194 4191
f 4191 4194 4195
f 4191 4195 4190
f 4190 4195 4196
f 4190 4196 4189
f 4189 4196 4197
f 4189 4197 4188
f 4188 4197 4172
f 4188 4172 4187
f 4187 4172 4174
f 4187 4174 4186
f 4198 4199 4200
f 4200 4201 4202
f 4203 4204 4205
f 4206 4207 4208
f 4141 4142 4209
f 4017 4210 4018
f 4006 4005 4211
f 4211 4005 4004
f 4004 4212 4213
f 4035 4155 4036
f 4036 4155 4156
f 4214 4215 4213
f 4216 4186 4174
f 4217 4160 4186
f 4160 4217 4161
f 4161 4217 4218
f 4161 4218 4163
f 4163 4218 4219
f 4163 4219 4143
f 4143 4219 4144
f 4144 4219 4220
f 4144 4220 4146
f 4004 4037 4212
f 4212 4037 4036
f 4212 4036 4213
f 4213 4036 4156
f 4213 4156 4214
f 4214 4156 4154
f 4214 4154 4159
f 4221 4013 4010
f 4210 4017 4222
f 4222 4017 4016
f 4222 4016 4015
f 4131 4130 4223
f 4223 4130 4133
f 4139 4224 4127
f 4127 4224 4225
f 4225 4224 4226
f 4226 4224 4227
f 4226 4227 4228
f 4228 4227 4229
f 4228 4229 4230
f 4230 4229 4231
f 4230 4231 4232
f 4231 4233 4232
f 4232 4233 4234
f 4232 4234 4235
f 4235 4234 4236
f 4236 4234 4237
f 4236 4237 4238
f 4238 4237 4239
f 4238 4239 4240
f 4240 4239 4241
f 4240 4241 4242
f 4242 4241 4243
f 4243 4241 4244
f 4243 4244 4245
f 4244 4246 4245
f 4245 4246 4247
f 4245 4247 4248
f 4248 4247 4249
f 4248 4249 4250
f 4250 4249 4251
f 4015 4012 4252
f 4252 4012 4011
f 4252 4253 4254
f 4254 4255 4252
f 4252 4255 4256
f 4252 4256 4015
f 4015 4256 4257
f 4015 4257 4222
f 4258 4259 4260
f 4261 4262 4263
f 4263 4262 4264
f 4263 4264 4265
f 4253 4258 4254
f 4254 4258 4260
f 4254 4260 4255
f 4255 4260 4266
f 4255 4266 4256
f 4256 4266 4267
f 4256 4267 4257
f 4257 4267 4268
f 4257 4268 4222
f 4222 4268 4269
f 4222 4269 4210
f 4210 4269 4270
f 4210 4270 4018
f 4018 4270 4223
f 4018 4223 4019
f 4019 4223 4133
f 4019 4133 4003
f 4259 4265 4260
f 4260 4265 4264
f 4260 4264 4266
f 4266 4264 4271
f 4266 4271 4267
f 4267 4271 4272
f 4267 4272 4268
f 4268 4272 4273
f 4268 4273 4269
f 4269 4273 4274
f 4269 4274 4270
f 4270 4274 4209
f 4270 4209 4223
f 4223 4209 4142
f 4223 4142 4131
f 4217 4275 4218
f 4218 4275 4276
f 4218 4276 4219
f 4219 4276 4277
f 4219 4277 4220
f 4186 4216 4217
f 4217 4216 4278
f 4217 4278 4275
f 4275 4278 4279
f 4275 4279 4276
f 4276 4279 4280
f 4276 4280 4277
f 4207 4281 4282
f 4207 4282 4208
f 4208 4282 4283
f 4208 4283 4284
f 4281 4285 4282
f 4282 4285 4205
f 4282 4205 4283
f 4283 4205 4204
f 4283 4204 4286
f 4286 4287 4283
f 4283 4287 4288
f 4283 4288 4284
f 4281 4289 4285
f 4285 4289 4280
f 4285 4280 4205
f 4205 4280 4279
f 4205 4279 4203
f 4203 4279 4278
f 4203 4278 4290
f 4290 4278 4216
f 4290 4216 4291
f 4291 4216 4174
f 4291 4174 4175
f 4139 4141 4224
f 4224 4141 4209
f 4224 4209 4227
f 4227 4209 4274
f 4227 4274 4229
f 4229 4274 4273
f 4229 4273 4231
f 4231 4273 4272
f 4231 4272 4233
f 4233 4272 4271
f 4233 4271 4234
f 4234 4271 4264
f 4234 4264 4237
f 4237 4264 4262
f 4237 4262 4239
f 4239 4262 4261
f 4239 4261 4241
f 4006 4211 4007
f 4007 4211 4201
f 4007 4201 4008
f 4008 4201 4200
f 4008 4200 4009
f 4009 4200 4199
f 4009 4199 4010
f 4010 4199 4198
f 4010 4198 4221
f 4292 4293 4294
f 4294 4293 4295
f 4215 4292 4213
f 4213 4292 4294
f 4213 4294 4004
f 4004 4294 4296
f 4004 4296 4211
f 4211 4296 4294
f 4211 4294 4201
f 4201 4294 4295
f 4201 4295 4202
f 4202 4297 4200
f 4200 4297 4298
f 4200 4298 4198
f 4198 4298 4299
f 4198 4299 4221
f 4221 4299 4014
f 4221 4014 4013
f 4206 4297 4207
f 4207 4297 4202
f 4207 4202 4281
f 4281 4202 4295
f 4281 4295 4289
f 4289 4295 4293
f 4289 4293 4280
f 4280 4293 4292
f 4280 4292 4277
f 4277 4292 4215
f 4277 4215 4220
f 4220 4215 4214
f 4220 4214 4146
f 4146 4214 4159
f 4175 4251 4291
f 4291 4251 4249
f 4291 4249 4290
f 4290 4249 4247
f 4290 4247 4203
f 4203 4247 4246
f 4203 4246 4204
f 4204 4246 4244
f 4204 4244 4286
f 4286 4244 4241
f 4286 4241 4287
f 4287 4241 4261
f 4287 4261 4288
f 4288 4261 4263
f 4288 4263 4284
f 4284 4263 4265
f 4284 4265 4208
f 4208 4265 4259
f 4208 4259 4206
f 4206 4259 4258
f 4206 4258 4297
f 4297 4258 4253
f 4297 4253 4298
f 4298 4253 4252
f 4298 4252 4299
f 4299 4252 4011
f 4299 4011 4014
f 4248 4250 4300
f 4300 4250 4301
f 4301 4250 4251
f 4301 4251 4175
f 4248 4300 4245
f 4245 4300 4302
f 4245 4302 4243
f 4243 4302 4303
f 4243 4303 4242
f 4242 4303 4240
f 4240 4303 4304
f 4240 4304 4238
f 4230 4232 4305
f 4305 4232 4235
f 4305 4235 4304
f 4304 4235 4236
f 4304 4236 4238
f 4230 4305 4228
f 4228 4305 4306
f 4228 4306 4226
f 4226 4306 4225
f 4225 4306 4307
f 4225 4307 4127
f 4127 4307 4128
f 4128 4307 4308
f 4128 4308 4137
f 4137 4308 4138
f 4138 4308 4309
f 4138 4309 4182
f 4310 4178 4309
f 4309 4178 4180
f 4309 4180 4182
f 4311 4312 4167
f 4167 4165 4311
f 4311 4165 4164
f 4311 4164 4310
f 4310 4164 4176
f 4310 4176 4178
f 4313 4301 4175
f 4175 4173 4313
f 4313 4173 4171
f 4313 4171 4312
f 4312 4171 4169
f 4312 4169 4167
f 4314 4303 4315
f 4315 4303 4302
f 4315 4302 4316
f 4316 4302 4300
f 4316 4300 4317
f 4317 4300 4301
f 4317 4301 4318
f 4318 4301 4313
f 4318 4313 4319
f 4319 4313 4312
f 4319 4312 4320
f 4312 4311 4320
f 4320 4311 4310
f 4320 4310 4321
f 4321 4310 4309
f 4321 4309 4322
f 4322 4309 4308
f 4322 4308 4323
f 4323 4308 4307
f 4323 4307 4324
f 4324 4307 4306
f 4324 4306 4325
f 4325 4306 4305
f 4325 4305 4314
f 4314 4305 4304
f 4314 4304 4303
f 3396 4317 3399
f 3399 4317 4318
f 3399 4318 3415
f 3415 4318 4319
f 3415 4319 3413
f 3413 4319 4320
f 3413 4320 3411
f 3411 4320 4321
f 3411 4321 3409
f 3409 4321 4322
f 3409 4322 3407
f 3407 4322 4323
f 3407 4323 3405
f 3405 4323 4324
f 3405 4324 3403
f 3403 4324 4325
f 3403 4325 3402
f 3402 4325 4314
f 3402 4314 3401
f 3401 4314 4315
f 3401 4315 3394
f 3394 4315 4316
f 3394 4316 3396
f 3396 4316 4317
f 4326 4327 4328
f 4328 4327 4329
f 4330 4331 4332
f 4333 4334 4335
f 4070 4069 4071
f 4071 4069 4336
f 4071 4336 4072
f 4040 4046 4337
f 4337 4046 4045
f 4337 4045 4338
f 4338 4045 4044
f 4338 4044 4043
f 4339 4340 4341
f 4341 4340 3106
f 4341 3106 3105
f 4342 4343 4344
f 4344 4343 4345
f 4344 4345 4346
f 4347 4348 4342
f 4342 4348 4349
f 4342 4349 4343
f 4350 4351 4352
f 4352 4351 4353
f 4352 4353 4347
f 4347 4353 4354
f 4347 4354 4348
f 4355 4356 4357
f 4358 4359 4360
f 4360 4359 4361
f 4360 4361 4362
f 4362 4361 4363
f 4362 4363 4364
f 4364 4363 4365
f 4364 4365 4366
f 4367 4368 4358
f 4358 4368 4369
f 4358 4369 4359
f 4068 4370 4069
f 4069 4370 4371
f 4069 4371 4336
f 4336 4371 4372
f 4336 4372 4373
f 4373 4372 4374
f 4373 4374 4375
f 4338 4376 4337
f 4337 4376 4377
f 4337 4377 4040
f 4040 4377 4378
f 4040 4378 4038
f 4330 4332 4379
f 3105 4042 4341
f 4341 4042 4041
f 4341 4041 4378
f 4378 4041 4039
f 4378 4039 4038
f 4344 4380 4342
f 4342 4380 4332
f 4342 4332 4347
f 4347 4332 4331
f 4347 4331 4352
f 4376 4379 4377
f 4377 4379 4332
f 4377 4332 4378
f 4378 4332 4380
f 4378 4380 4341
f 4341 4380 4344
f 4341 4344 4339
f 4339 4344 4346
f 4339 4346 4381
f 4382 4367 4358
f 4382 4358 4383
f 4383 4358 4360
f 4383 4360 4384
f 4384 4360 4362
f 4384 4362 4385
f 4385 4362 4364
f 4357 4333 4355
f 4355 4333 4335
f 4355 4335 4386
f 4386 4335 4387
f 4386 4387 4388
f 4389 4390 4391
f 4391 4390 4392
f 4391 4392 4393
f 4394 4389 4395
f 4395 4389 4391
f 4395 4391 4396
f 4396 4391 4393
f 4396 4393 4397
f 4375 4367 4326
f 4326 4367 4382
f 4326 4382 4327
f 4327 4382 4398
f 4327 4398 4329
f 4375 4326 4373
f 4373 4326 4328
f 4373 4328 4336
f 4336 4328 4329
f 4336 4329 4072
f 4072 4329 4399
f 4072 4399 4073
f 4073 4399 4400
f 4073 4400 4074
f 4334 4392 4335
f 4335 4392 4390
f 4335 4390 4387
f 4387 4390 4389
f 4387 4389 4388
f 4388 4389 4394
f 4388 4394 4401
f 4401 4394 4402
f 4401 4402 4403
f 4403 4402 4404
f 4403 4404 4405
f 4405 4404 4406
f 4405 4406 4407
f 4407 4406 4408
f 4366 4356 4364
f 4364 4356 4355
f 4364 4355 4385
f 4385 4355 4386
f 4385 4386 4384
f 4384 4386 4388
f 4384 4388 4383
f 4383 4388 4401
f 4383 4401 4382
f 4382 4401 4403
f 4382 4403 4398
f 4398 4403 4405
f 4398 4405 4329
f 4329 4405 4407
f 4329 4407 4399
f 4399 4407 4408
f 4399 4408 4400
f 4397 4350 4396
f 4396 4350 4352
f 4396 4352 4395
f 4395 4352 4331
f 4395 4331 4394
f 4394 4331 4330
f 4394 4330 4402
f 4402 4330 4379
f 4402 4379 4404
f 4404 4379 4376
f 4404 4376 4406
f 4406 4376 4338
f 4406 4338 4408
f 4408 4338 4043
f 4408 4043 4400
f 4400 4043 4075
f 4400 4075 4074
f 4409 4410 4411
f 4339 4381 4412
f 4409 4411 4412
f 4412 4411 4340
f 4412 4340 4339
f 4411 4413 4414
f 3106 4340 3131
f 3131 4340 4411
f 3131 4411 4048
f 4048 4411 4414
f 4048 4414 4047
f 4410 4415 4411
f 4411 4415 4416
f 4411 4416 4413
f 4417 4418 4419
f 4060 4056 4420
f 4421 4052 4422
f 4422 4052 4051
f 4422 4051 4047
f 4053 4423 4054
f 4054 4423 4055
f 4062 4424 4057
f 4057 4424 4058
f 4425 4426 4427
f 4427 4426 4049
f 4427 4049 4059
f 4065 4064 4425
f 4425 4064 4063
f 4425 4063 4426
f 4426 4063 4050
f 4426 4050 4049
f 4372 4371 4428
f 4428 4371 4370
f 4429 4375 4374
f 4368 4367 4429
f 4429 4367 4375
f 4430 4363 4361
f 4059 4431 4427
f 4427 4431 4432
f 4427 4432 4425
f 4425 4432 4433
f 4425 4433 4065
f 4065 4433 4434
f 4065 4434 4066
f 4066 4434 4067
f 4059 4435 4436
f 4437 4436 4438
f 4438 4436 4435
f 4438 4435 4439
f 4059 4436 4431
f 4431 4436 4440
f 4431 4440 4432
f 4432 4440 4441
f 4432 4441 4433
f 4433 4441 4442
f 4433 4442 4434
f 4434 4442 4443
f 4434 4443 4067
f 4374 4444 4429
f 4429 4444 4445
f 4429 4445 4446
f 4446 4445 4447
f 4448 4449 4419
f 4419 4449 4450
f 4419 4450 4417
f 4417 4450 4451
f 4417 4451 4452
f 4452 4451 4428
f 4452 4428 4453
f 4453 4428 4370
f 4453 4370 4068
f 4449 4447 4450
f 4450 4447 4445
f 4450 4445 4451
f 4451 4445 4444
f 4451 4444 4428
f 4428 4444 4374
f 4428 4374 4372
f 4437 4448 4436
f 4436 4448 4419
f 4436 4419 4440
f 4440 4419 4418
f 4440 4418 4441
f 4441 4418 4417
f 4441 4417 4442
f 4442 4417 4452
f 4442 4452 4443
f 4443 4452 4453
f 4443 4453 4067
f 4067 4453 4068
f 4454 4455 4456
f 4456 4455 4457
f 4457 4455 4458
f 4457 4458 4459
f 4459 4458 4460
f 4459 4460 4461
f 4462 4463 4454
f 4454 4463 4464
f 4454 4464 4455
f 4455 4464 4465
f 4455 4465 4458
f 4458 4465 4466
f 4458 4466 4460
f 4467 4468 4469
f 4469 4468 4470
f 4469 4470 4471
f 4471 4470 4472
f 4471 4472 4461
f 4461 4472 4473
f 4461 4473 4459
f 4459 4473 4474
f 4459 4474 4457
f 4457 4474 4475
f 4457 4475 4456
f 4456 4475 4476
f 4477 4478 4479
f 4479 4478 4480
f 4479 4480 4481
f 4481 4480 4482
f 4481 4482 4483
f 4483 4482 4484
f 4483 4484 4430
f 4430 4484 4365
f 4430 4365 4363
f 4466 4477 4460
f 4460 4477 4479
f 4460 4479 4461
f 4461 4479 4481
f 4461 4481 4471
f 4471 4481 4483
f 4471 4483 4469
f 4469 4483 4430
f 4469 4430 4467
f 4467 4430 4361
f 4467 4361 4468
f 4468 4361 4359
f 4468 4359 4369
f 4061 4060 4485
f 4485 4060 4420
f 4485 4420 4486
f 4056 4055 4420
f 4420 4055 4423
f 4420 4423 4486
f 4486 4423 4487
f 4486 4487 4488
f 4488 4487 4489
f 4047 4490 4422
f 4422 4490 4491
f 4422 4491 4421
f 4421 4491 4492
f 4493 4494 4495
f 4415 4496 4416
f 4416 4496 4494
f 4416 4494 4413
f 4413 4494 4493
f 4413 4493 4414
f 4497 4498 4499
f 4499 4498 4500
f 4499 4500 4495
f 4495 4500 4501
f 4495 4501 4493
f 4502 4497 4503
f 4503 4497 4499
f 4503 4499 4504
f 4504 4499 4495
f 4504 4495 4505
f 4505 4495 4494
f 4505 4494 4506
f 4506 4494 4496
f 4053 4052 4423
f 4423 4052 4421
f 4423 4421 4487
f 4487 4421 4492
f 4487 4492 4489
f 4489 4492 4507
f 4489 4507 4508
f 4508 4507 4509
f 4502 4509 4497
f 4497 4509 4507
f 4497 4507 4498
f 4498 4507 4492
f 4498 4492 4500
f 4500 4492 4491
f 4500 4491 4501
f 4501 4491 4490
f 4501 4490 4493
f 4493 4490 4047
f 4493 4047 4414
f 4502 4462 4509
f 4509 4462 4454
f 4509 4454 4508
f 4508 4454 4456
f 4508 4456 4489
f 4489 4456 4476
f 4489 4476 4488
f 4488 4476 4510
f 4488 4510 4486
f 4486 4510 4511
f 4486 4511 4485
f 4485 4511 4424
f 4485 4424 4061
f 4061 4424 4062
f 4369 4368 4468
f 4468 4368 4429
f 4468 4429 4470
f 4470 4429 4446
f 4470 4446 4472
f 4472 4446 4447
f 4472 4447 4473
f 4473 4447 4449
f 4473 4449 4474
f 4474 4449 4448
f 4474 4448 4475
f 4475 4448 4437
f 4475 4437 4476
f 4476 4437 4438
f 4476 4438 4510
f 4510 4438 4439
f 4510 4439 4511
f 4511 4439 4435
f 4511 4435 4424
f 4424 4435 4059
f 4424 4059 4058
f 4477 4466 4512
f 4513 4503 4514
f 4514 4503 4504
f 4504 4505 4514
f 4514 4505 4506
f 4514 4506 4515
f 4515 4506 4496
f 4515 4496 4415
f 4512 4466 4516
f 4516 4466 4465
f 4516 4465 4464
f 4464 4463 4516
f 4516 4463 4462
f 4516 4462 4513
f 4513 4462 4502
f 4513 4502 4503
f 4484 4482 4517
f 4517 4482 4480
f 4517 4480 4512
f 4512 4480 4478
f 4512 4478 4477
f 4517 4518 4484
f 4484 4518 4519
f 4484 4519 4365
f 4365 4519 4366
f 4366 4519 4520
f 4366 4520 4356
f 4392 4334 4521
f 4521 4334 4333
f 4521 4333 4520
f 4520 4333 4357
f 4520 4357 4356
f 4351 4350 4522
f 4522 4350 4397
f 4522 4397 4521
f 4521 4397 4393
f 4521 4393 4392
f 4349 4348 4523
f 4523 4348 4354
f 4523 4354 4522
f 4522 4354 4353
f 4522 4353 4351
f 4349 4523 4343
f 4343 4523 4524
f 4343 4524 4345
f 4409 4412 4524
f 4409 4524 4410
f 4410 4524 4515
f 4410 4515 4415
f 4412 4381 4524
f 4524 4381 4346
f 4524 4346 4345
f 4517 4512 4525
f 4525 4512 4516
f 4525 4516 4526
f 4526 4516 4513
f 4526 4513 4527
f 4527 4513 4514
f 4527 4514 4528
f 4528 4514 4515
f 4528 4515 4529
f 4529 4515 4524
f 4529 4524 4530
f 4530 4524 4523
f 4530 4523 4531
f 4531 4523 4522
f 4531 4522 4532
f 4532 4522 4521
f 4532 4521 4533
f 4533 4521 4520
f 4533 4520 4534
f 4534 4520 4519
f 4534 4519 4535
f 4535 4519 4518
f 4535 4518 4536
f 4536 4518 4517
f 4536 4517 4525
f 3430 4534 3431
f 3431 4534 4535
f 3431 4535 3433
f 3433 4535 4536
f 3433 4536 3434
f 3434 4536 4525
f 3434 4525 3452
f 3452 4525 4526
f 3452 4526 3450
f 3450 4526 4527
f 3450 4527 3448
f 3448 4527 4528
f 3448 4528 3446
f 3446 4528 4529
f 3446 4529 3444
f 3444 4529 4530
f 3444 4530 3442
f 3442 4530 4531
f 3442 4531 3440
f 3440 4531 4532
f 3440 4532 3439
f 3439 4532 4533
f 3439 4533 3430
f 3430 4533 4534
f 4537 4538 4539
f 4540 4541 4542
f 4543 4544 4545
f 4546 4547 4548
f 4105 4104 4549
f 4101 4100 4550
f 4101 4550 4102
f 4106 4551 4107
f 4107 4551 4552
f 4107 4552 4108
f 4108 4552 4109
f 4111 4110 4553
f 4553 4554 4111
f 4111 4554 3109
f 4111 3109 3108
f 4543 4545 4555
f 4555 4545 4556
f 4555 4556 4557
f 4557 4556 4558
f 4557 4558 4559
f 4560 4561 4562
f 4537 4539 4563
f 4550 4564 4565
f 4565 4564 4566
f 4099 4567 4100
f 4100 4567 4568
f 4100 4568 4550
f 4550 4568 4569
f 4550 4569 4564
f 4541 4559 4542
f 4542 4559 4558
f 4542 4558 4570
f 4570 4558 4556
f 4570 4556 4571
f 4571 4556 4545
f 4571 4545 4572
f 4572 4545 4544
f 4572 4544 4548
f 4548 4544 4573
f 4548 4573 4546
f 4561 4540 4562
f 4562 4540 4542
f 4562 4542 4574
f 4574 4542 4570
f 4574 4570 4575
f 4575 4570 4571
f 4575 4571 4576
f 4576 4571 4572
f 4576 4572 4553
f 4553 4572 4548
f 4553 4548 4554
f 4554 4548 4547
f 4554 4547 3109
f 4110 4109 4553
f 4553 4109 4552
f 4553 4552 4576
f 4576 4552 4551
f 4576 4551 4575
f 4575 4551 4577
f 4575 4577 4574
f 4574 4577 4578
f 4574 4578 4562
f 4562 4578 4539
f 4562 4539 4560
f 4560 4539 4538
f 4560 4538 4579
f 4563 4580 4581
f 4581 4580 4582
f 4581 4582 4583
f 4583 4582 4584
f 4583 4584 4585
f 4585 4584 4549
f 4585 4549 4103
f 4103 4549 4104
f 4103 4102 4585
f 4585 4102 4550
f 4585 4550 4583
f 4583 4550 4565
f 4583 4565 4581
f 4581 4565 4566
f 4581 4566 4563
f 4563 4539 4580
f 4580 4539 4578
f 4580 4578 4582
f 4582 4578 4577
f 4582 4577 4584
f 4584 4577 4551
f 4584 4551 4549
f 4549 4551 4106
f 4549 4106 4105
f 4586 4587 4079
f 4588 4589 4590
f 4546 4573 4591
f 4591 4592 4546
f 4546 4592 4593
f 4546 4593 4547
f 4547 4593 4594
f 4595 4078 4596
f 4596 4078 4077
f 4596 4077 4076
f 4079 4587 4080
f 4080 4587 4597
f 4080 4597 4081
f 4598 4599 4600
f 4600 4599 4601
f 4602 4603 4604
f 4604 4603 4600
f 4604 4600 4605
f 4605 4600 4601
f 4605 4601 4606
f 4606 4601 4607
f 4603 4608 4600
f 4600 4608 4609
f 4600 4609 4598
f 4598 4609 4610
f 4589 4611 4590
f 4590 4611 4612
f 4590 4612 4613
f 4613 4612 4614
f 4613 4614 4615
f 4591 4607 4592
f 4592 4607 4601
f 4592 4601 4593
f 4593 4601 4599
f 4593 4599 4594
f 4594 4599 4598
f 4594 4598 4616
f 4616 4598 4610
f 4617 4588 4602
f 4602 4588 4590
f 4602 4590 4603
f 4603 4590 4613
f 4603 4613 4608
f 4608 4613 4595
f 4608 4595 4609
f 4609 4595 4596
f 4609 4596 4610
f 4610 4596 4076
f 4610 4076 4616
f 4616 4076 3110
f 4616 3110 4594
f 4594 3110 3109
f 4594 3109 4547
f 4615 4618 4613
f 4613 4618 4586
f 4613 4586 4595
f 4595 4586 4079
f 4595 4079 4078
f 4619 4620 4621
f 4622 4623 4624
f 4625 4626 4627
f 4628 4629 4630
f 4631 4537 4563
f 4632 4564 4569
f 4633 4634 4635
f 4094 4096 4095
f 4597 4587 4636
f 4637 4638 4639
f 4589 4588 4640
f 4637 4612 4611
f 4612 4637 4614
f 4614 4637 4639
f 4614 4639 4615
f 4615 4639 4641
f 4615 4641 4618
f 4618 4641 4642
f 4618 4642 4586
f 4643 4644 4642
f 4642 4644 4636
f 4642 4636 4586
f 4586 4636 4587
f 4084 4081 4645
f 4645 4646 4084
f 4084 4646 4647
f 4084 4647 4085
f 4085 4647 4086
f 4086 4647 4648
f 4086 4648 4087
f 4088 4087 4649
f 4650 4090 4649
f 4649 4090 4089
f 4649 4089 4088
f 4092 4091 4651
f 4651 4091 4083
f 4651 4083 4650
f 4650 4083 4082
f 4650 4082 4090
f 4652 4653 4092
f 4092 4653 4654
f 4092 4654 4093
f 4655 4579 4631
f 4631 4579 4538
f 4631 4538 4537
f 4588 4617 4640
f 4640 4617 4656
f 4640 4656 4657
f 4657 4656 4658
f 4657 4658 4659
f 4659 4658 4660
f 4659 4660 4661
f 4661 4660 4662
f 4661 4662 4663
f 4663 4662 4664
f 4663 4664 4665
f 4665 4664 4666
f 4665 4666 4667
f 4093 4668 4094
f 4094 4668 4669
f 4094 4669 4096
f 4096 4669 4097
f 4670 4671 4672
f 4672 4671 4673
f 4672 4673 4674
f 4674 4673 4675
f 4093 4654 4668
f 4668 4654 4653
f 4668 4653 4669
f 4669 4653 4676
f 4669 4676 4677
f 4098 4097 4678
f 4678 4097 4669
f 4678 4669 4679
f 4679 4669 4677
f 4679 4677 4680
f 4681 4682 4683
f 4681 4683 4684
f 4685 4686 4684
f 4684 4686 4687
f 4684 4687 4681
f 4683 4688 4684
f 4684 4688 4689
f 4684 4689 4685
f 4685 4689 4690
f 4685 4690 4691
f 4691 4690 4692
f 4691 4692 4693
f 4693 4633 4691
f 4691 4633 4635
f 4691 4635 4685
f 4685 4635 4694
f 4685 4694 4686
f 4695 4696 4697
f 4697 4696 4698
f 4697 4698 4699
f 4699 4698 4700
f 4699 4700 4701
f 4696 4702 4698
f 4698 4702 4703
f 4698 4703 4700
f 4700 4703 4704
f 4700 4704 4701
f 4701 4704 4705
f 4676 4705 4677
f 4677 4705 4704
f 4677 4704 4680
f 4680 4704 4703
f 4680 4703 4706
f 4706 4703 4702
f 4707 4708 4709
f 4709 4708 4710
f 4709 4710 4711
f 4711 4710 4712
f 4711 4712 4632
f 4713 4707 4714
f 4714 4707 4709
f 4714 4709 4715
f 4715 4709 4711
f 4715 4711 4716
f 4716 4711 4632
f 4716 4632 4717
f 4717 4632 4569
f 4717 4569 4568
f 4708 4655 4710
f 4710 4655 4631
f 4710 4631 4712
f 4712 4631 4563
f 4712 4563 4632
f 4632 4563 4566
f 4632 4566 4564
f 4625 4627 4718
f 4718 4627 4719
f 4718 4719 4720
f 4720 4719 4624
f 4720 4624 4721
f 4721 4624 4623
f 4721 4623 4722
f 4620 4622 4621
f 4621 4622 4624
f 4621 4624 4723
f 4723 4624 4719
f 4723 4719 4630
f 4630 4719 4627
f 4630 4627 4628
f 4628 4627 4626
f 4638 4619 4639
f 4639 4619 4621
f 4639 4621 4641
f 4641 4621 4723
f 4641 4723 4642
f 4642 4723 4630
f 4642 4630 4643
f 4643 4630 4629
f 4611 4589 4637
f 4637 4589 4640
f 4637 4640 4638
f 4638 4640 4657
f 4638 4657 4619
f 4619 4657 4659
f 4619 4659 4620
f 4620 4659 4661
f 4620 4661 4622
f 4622 4661 4663
f 4622 4663 4623
f 4623 4663 4665
f 4623 4665 4722
f 4722 4665 4667
f 4092 4651 4652
f 4652 4651 4650
f 4652 4650 4724
f 4087 4648 4649
f 4649 4648 4725
f 4649 4725 4650
f 4650 4725 4726
f 4650 4726 4724
f 4634 4713 4695
f 4695 4713 4714
f 4695 4714 4696
f 4696 4714 4715
f 4696 4715 4702
f 4702 4715 4716
f 4702 4716 4706
f 4706 4716 4717
f 4706 4717 4680
f 4680 4717 4568
f 4680 4568 4679
f 4679 4568 4567
f 4679 4567 4678
f 4678 4567 4099
f 4678 4099 4098
f 4081 4597 4645
f 4645 4597 4636
f 4645 4636 4646
f 4646 4636 4644
f 4646 4644 4647
f 4647 4644 4643
f 4647 4643 4648
f 4648 4643 4629
f 4648 4629 4725
f 4725 4629 4628
f 4725 4628 4726
f 4726 4628 4626
f 4726 4626 4724
f 4724 4626 4625
f 4724 4625 4682
f 4682 4625 4718
f 4682 4718 4683
f 4683 4718 4720
f 4683 4720 4688
f 4688 4720 4721
f 4688 4721 4689
f 4689 4721 4722
f 4689 4722 4690
f 4690 4722 4667
f 4690 4667 4692
f 4692 4667 4666
f 4692 4666 4693
f 4634 4695 4635
f 4635 4695 4697
f 4635 4697 4694
f 4694 4697 4699
f 4694 4699 4686
f 4686 4699 4701
f 4686 4701 4687
f 4687 4701 4705
f 4687 4705 4670
f 4670 4705 4676
f 4670 4676 4671
f 4671 4676 4653
f 4671 4653 4673
f 4673 4653 4652
f 4673 4652 4675
f 4675 4652 4724
f 4675 4724 4674
f 4674 4724 4682
f 4674 4682 4672
f 4672 4682 4681
f 4672 4681 4670
f 4670 4681 4687
f 4693 4666 4727
f 4728 4658 4729
f 4729 4658 4656
f 4729 4656 4617
f 4727 4666 4730
f 4666 4664 4730
f 4730 4664 4662
f 4730 4662 4728
f 4728 4662 4660
f 4728 4660 4658
f 4693 4727 4633
f 4633 4727 4731
f 4633 4731 4634
f 4634 4731 4732
f 4634 4732 4713
f 4713 4732 4707
f 4707 4732 4733
f 4707 4733 4708
f 4708 4733 4655
f 4655 4733 4734
f 4655 4734 4579
f 4579 4734 4560
f 4560 4734 4735
f 4560 4735 4561
f 4561 4735 4540
f 4540 4735 4736
f 4540 4736 4541
f 4543 4555 4737
f 4737 4555 4557
f 4737 4557 4736
f 4736 4557 4559
f 4736 4559 4541
f 4543 4737 4544
f 4544 4737 4738
f 4544 4738 4573
f 4573 4738 4591
f 4591 4738 4739
f 4591 4739 4607
f 4729 4617 4740
f 4740 4617 4602
f 4602 4604 4740
f 4740 4604 4605
f 4740 4605 4739
f 4739 4605 4606
f 4739 4606 4607
f 4741 4737 4742
f 4742 4737 4736
f 4742 4736 4743
f 4743 4736 4735
f 4743 4735 4744
f 4744 4735 4734
f 4744 4734 4745
f 4745 4734 4733
f 4745 4733 4746
f 4746 4733 4732
f 4746 4732 4747
f 4732 4731 4747
f 4747 4731 4727
f 4747 4727 4748
f 4748 4727 4730
f 4748 4730 4749
f 4749 4730 4728
f 4749 4728 4750
f 4750 4728 4729
f 4750 4729 4751
f 4751 4729 4740
f 4751 4740 4752
f 4752 4740 4739
f 4752 4739 4741
f 4741 4739 4738
f 4741 4738 4737
f 3458 4744 3459
f 3459 4744 4745
f 3459 4745 3461
f 3461 4745 4746
f 3461 4746 3456
f 3456 4746 4747
f 3456 4747 3457
f 3457 4747 4748
f 3457 4748 3486
f 3486 4748 4749
f 3486 4749 3484
f 3484 4749 4750
f 3484 4750 3474
f 3474 4750 4751
f 3474 4751 3472
f 3472 4751 4752
f 3472 4752 3470
f 3470 4752 4741
f 3470 4741 3468
f 3468 4741 4742
f 3468 4742 3466
f 3466 4742 4743
f 3466 4743 3458
f 3458 4743 4744
f 4753 4754 4755
f 4001 4756 3118
f 4757 4756 4758
f 4758 4756 4001
f 4758 4001 4112
f 4759 4760 3117
f 4761 4760 4754
f 4754 4760 4759
f 4754 4759 4755
f 4762 4763 4764
f 4765 3118 4762
f 4762 3118 4756
f 4762 4756 4763
f 4763 4756 4757
f 4766 4753 4764
f 4764 4753 4755
f 4764 4755 4762
f 4762 4755 4759
f 4762 4759 4765
f 4765 4759 3117
f 4765 3117 3118
f 4767 4768 4769
f 4770 4771 4768
f 3737 3736 4772
f 4773 3117 4760
f 4774 3739 4772
f 4772 3739 3738
f 4772 3738 3737
f 4775 3769 4776
f 4776 3769 3768
f 4776 3768 3741
f 4777 3771 3770
f 3771 4777 3772
f 3772 4777 4778
f 3772 4778 3746
f 3709 3759 4779
f 4779 3759 3758
f 4779 3758 4780
f 4780 3758 3747
f 4780 3747 3746
f 4781 4782 4780
f 4780 4782 4783
f 4780 4783 4779
f 4770 4768 4784
f 4784 4768 4767
f 4784 4767 4785
f 4786 4787 4788
f 4788 4787 4789
f 4788 4789 4790
f 4790 4789 4791
f 4790 4791 4792
f 4792 4791 4793
f 4792 4793 4794
f 4794 4793 4795
f 4794 4795 4796
f 4796 4795 4797
f 4797 4795 4798
f 4797 4798 4799
f 4799 4798 4800
f 4800 4798 4801
f 4800 4801 4802
f 4802 4801 4803
f 4802 4803 4804
f 3746 4778 4780
f 4780 4778 4805
f 4780 4805 4781
f 4771 4781 4768
f 4768 4781 4805
f 4768 4805 4769
f 4769 4805 4778
f 4769 4778 4775
f 4775 4778 4777
f 4775 4777 3769
f 3769 4777 3770
f 4806 4785 4807
f 4807 4785 4767
f 4807 4767 4808
f 4808 4767 4769
f 4808 4769 4809
f 4809 4769 4775
f 4809 4775 4810
f 4810 4775 4776
f 4810 4776 4774
f 4774 4776 3741
f 4774 3741 3739
f 3739 3741 3740
f 4761 4804 4760
f 4760 4804 4803
f 4760 4803 4773
f 4773 4803 4801
f 4773 4801 4811
f 4811 4801 4798
f 4811 4798 4812
f 4812 4798 4795
f 4812 4795 4813
f 4813 4795 4793
f 4813 4793 4814
f 4814 4793 4791
f 4814 4791 4815
f 4815 4791 4789
f 4787 4806 4789
f 4789 4806 4807
f 4789 4807 4815
f 4815 4807 4808
f 4815 4808 4814
f 4814 4808 4809
f 4814 4809 4813
f 4813 4809 4810
f 4813 4810 4812
f 4812 4810 4774
f 4812 4774 4811
f 4811 4774 4772
f 4811 4772 4773
f 4773 4772 3736
f 4773 3736 3117
f 3117 3736 3088
f 4816 3721 3711
f 4781 4817 4818
f 4787 4786 4819
f 4806 4820 4785
f 4785 4820 4821
f 4781 4771 4817
f 4817 4771 4770
f 4817 4770 4821
f 4821 4770 4784
f 4821 4784 4785
f 4779 4783 4818
f 4818 4783 4782
f 4818 4782 4781
f 4816 3711 4822
f 3711 4823 4822
f 4822 4823 4824
f 4822 4824 4825
f 4826 4827 4828
f 4828 4827 4825
f 4828 4825 4829
f 4829 4825 4824
f 4826 4828 4830
f 4830 4828 4831
f 4830 4831 4832
f 4832 4831 4833
f 4832 4833 4834
f 4835 4836 4837
f 4837 4836 4838
f 4838 4834 4837
f 4837 4834 4833
f 4837 4833 4839
f 4839 4833 4831
f 4839 4831 4840
f 4840 4831 4828
f 4840 4828 4841
f 4841 4828 4829
f 4841 4829 4842
f 4842 4829 4824
f 4806 4787 4820
f 4820 4787 4843
f 4820 4843 4844
f 4787 4819 4843
f 4843 4819 4845
f 4843 4845 4844
f 3711 3709 4823
f 4823 3709 4779
f 4823 4779 4824
f 4824 4779 4818
f 4824 4818 4842
f 4842 4818 4817
f 4842 4817 4841
f 4841 4817 4821
f 4841 4821 4840
f 4840 4821 4820
f 4840 4820 4839
f 4839 4820 4844
f 4839 4844 4837
f 4837 4844 4845
f 4837 4845 4835
f 4846 4847 4848
f 4849 4850 4851
f 4766 4764 4852
f 4853 4827 4826
f 4854 4838 4836
f 4855 4856 4857
f 4857 4856 4854
f 4857 4854 4858
f 4858 4854 4836
f 4859 4853 4860
f 4860 4853 4826
f 4860 4826 4830
f 4816 4822 4846
f 4846 4822 4825
f 4846 4825 4847
f 4847 4825 4861
f 4848 4117 4116
f 4862 4121 4120
f 4863 4125 4124
f 4757 4758 4864
f 4864 4758 4112
f 4865 4866 4867
f 4867 4866 4868
f 4867 4868 4869
f 4869 4868 4870
f 4869 4870 4852
f 4852 4870 4871
f 4852 4871 4766
f 4872 4873 4874
f 4874 4873 4875
f 4874 4875 4876
f 4876 4875 4877
f 4876 4877 4865
f 4865 4877 4878
f 4865 4878 4866
f 4112 4126 4864
f 4864 4126 4125
f 4864 4125 4879
f 4879 4125 4863
f 4879 4863 4880
f 4763 4757 4881
f 4881 4757 4864
f 4881 4864 4882
f 4882 4864 4879
f 4882 4879 4883
f 4883 4879 4880
f 4883 4880 4884
f 4859 4860 4885
f 4885 4860 4886
f 4885 4886 4887
f 4887 4886 4888
f 4887 4888 4889
f 4850 4889 4851
f 4851 4889 4888
f 4851 4888 4890
f 4890 4888 4886
f 4890 4886 4891
f 4891 4886 4860
f 4891 4860 4892
f 4892 4860 4830
f 4892 4830 4832
f 4838 4854 4893
f 4893 4854 4856
f 4893 4856 4894
f 4894 4856 4855
f 4894 4855 4895
f 4858 4896 4857
f 4857 4896 4897
f 4857 4897 4855
f 4855 4897 4898
f 4855 4898 4895
f 4895 4898 4899
f 4895 4899 4900
f 4900 4899 4884
f 4896 4872 4897
f 4897 4872 4874
f 4897 4874 4898
f 4898 4874 4876
f 4898 4876 4899
f 4899 4876 4865
f 4899 4865 4884
f 4884 4865 4867
f 4884 4867 4883
f 4883 4867 4869
f 4883 4869 4882
f 4882 4869 4852
f 4882 4852 4881
f 4881 4852 4764
f 4881 4764 4763
f 4124 4123 4863
f 4863 4123 4849
f 4863 4849 4880
f 4880 4849 4851
f 4880 4851 4884
f 4884 4851 4890
f 4884 4890 4900
f 4900 4890 4891
f 4900 4891 4895
f 4895 4891 4892
f 4895 4892 4894
f 4894 4892 4832
f 4894 4832 4893
f 4893 4832 4834
f 4893 4834 4838
f 3721 4816 4113
f 4113 4816 4846
f 4113 4846 4114
f 4114 4846 4848
f 4114 4848 4115
f 4115 4848 4116
f 4861 4901 4847
f 4847 4901 4902
f 4847 4902 4848
f 4848 4902 4903
f 4848 4903 4117
f 4117 4903 4904
f 4117 4904 4118
f 4118 4904 4862
f 4118 4862 4119
f 4119 4862 4120
f 4123 4122 4849
f 4849 4122 4121
f 4849 4121 4850
f 4850 4121 4862
f 4850 4862 4889
f 4889 4862 4904
f 4889 4904 4887
f 4887 4904 4903
f 4887 4903 4885
f 4885 4903 4902
f 4885 4902 4859
f 4859 4902 4901
f 4859 4901 4853
f 4853 4901 4861
f 4853 4861 4827
f 4827 4861 4825
f 4819 4786 4905
f 4906 4836 4907
f 4907 4836 4835
f 4907 4835 4905
f 4905 4835 4845
f 4905 4845 4819
f 4908 4896 4906
f 4906 4896 4858
f 4906 4858 4836
f 4877 4875 4909
f 4909 4875 4873
f 4909 4873 4908
f 4908 4873 4872
f 4908 4872 4896
f 4877 4909 4878
f 4878 4909 4910
f 4878 4910 4866
f 4866 4910 4868
f 4868 4910 4911
f 4868 4911 4870
f 4870 4911 4871
f 4871 4911 4912
f 4871 4912 4766
f 4766 4912 4753
f 4753 4912 4913
f 4753 4913 4754
f 4754 4913 4761
f 4761 4913 4914
f 4761 4914 4804
f 4915 4800 4914
f 4914 4800 4802
f 4914 4802 4804
f 4916 4917 4794
f 4794 4796 4916
f 4916 4796 4797
f 4916 4797 4915
f 4915 4797 4799
f 4915 4799 4800
f 4918 4905 4786
f 4786 4788 4918
f 4918 4788 4790
f 4918 4790 4917
f 4917 4790 4792
f 4917 4792 4794
f 4919 4908 4920
f 4920 4908 4906
f 4920 4906 4921
f 4921 4906 4907
f 4921 4907 4922
f 4922 4907 4905
f 4922 4905 4923
f 4923 4905 4918
f 4923 4918 4924
f 4924 4918 4917
f 4924 4917 4925
f 4917 4916 4925
f 4925 4916 4915
f 4925 4915 4926
f 4926 4915 4914
f 4926 4914 4927
f 4927 4914 4913
f 4927 4913 4928
f 4928 4913 4912
f 4928 4912 4929
f 4929 4912 4911
f 4929 4911 4930
f 4930 4911 4910
f 4930 4910 4919
f 4919 4910 4909
f 4919 4909 4908
f 3510 4928 3508
f 3508 4928 4929
f 3508 4929 3506
f 3506 4929 4930
f 3506 4930 3501
f 3501 4930 4919
f 3501 4919 3505
f 3505 4919 4920
f 3505 4920 3504
f 3504 4920 4921
f 3504 4921 3503
f 3503 4921 4922
f 3503 4922 3502
f 3502 4922 4923
f 3502 4923 3518
f 3518 4923 4924
f 3518 4924 3516
f 3516 4924 4925
f 3516 4925 3514
f 3514 4925 4926
f 3514 4926 3512
f 3512 4926 4927
f 3512 4927 3510
f 3510 4927 4928
f 3678 3124 3679
f 3679 3124 3107
f 3679 3107 3680
f 3680 3107 3116
f 4931 4932 4933
f 4933 4932 3680
f 4933 3680 4934
f 4934 3680 4935
f 3112 4936 4937
f 4937 4938 3112
f 3112 4938 4939
f 3112 4939 3113
f 4940 3680 4941
f 4941 3680 3116
f 4941 3116 3115
f 4931 4942 4932
f 4932 4942 4943
f 4932 4943 4944
f 4945 4946 3680
f 3680 4946 4947
f 4940 4948 3680
f 3680 4948 4949
f 3680 4949 4950
f 4947 4951 3680
f 3680 4951 4952
f 3680 4952 4935
f 4944 4953 4932
f 4932 4953 4954
f 4932 4954 4955
f 4956 4957 3112
f 4957 4958 3112
f 3112 4958 4959
f 3112 4959 4936
f 4950 4960 3680
f 3680 4960 4961
f 3680 4961 4962
f 4955 4963 4932
f 4932 4963 4964
f 4932 4964 3112
f 3112 4964 4965
f 3112 4965 4956
f 4962 4966 3680
f 3680 4966 4967
f 3680 4967 4945
f 4968 4969 4970
f 4959 4958 4971
f 4936 4972 4937
f 4937 4972 4970
f 3114 3113 4969
f 4969 3113 4939
f 4969 4939 4970
f 4970 4939 4938
f 4970 4938 4937
f 4968 4973 4969
f 4969 4973 4974
f 4969 4974 3114
f 4975 4976 4977
f 4978 4979 4975
f 4975 4979 4980
f 4975 4980 4976
f 4978 4981 4979
f 4979 4981 4982
f 4979 4982 4983
f 4959 4971 4936
f 4936 4971 4984
f 4936 4984 4972
f 4972 4984 4985
f 4972 4985 4986
f 4987 4973 4977
f 4977 4973 4968
f 4977 4968 4975
f 4975 4968 4970
f 4975 4970 4978
f 4978 4970 4972
f 4978 4972 4981
f 4981 4972 4986
f 4988 4989 4990
f 4991 4992 4993
f 4960 4950 4994
f 4973 4987 4995
f 4995 4987 4996
f 3115 3114 4997
f 4997 3114 4974
f 4962 4961 4998
f 4999 4967 4998
f 4998 4967 4966
f 4998 4966 4962
f 5000 5001 5002
f 4991 4993 5003
f 5003 4993 5004
f 5003 5004 5005
f 4999 5006 4967
f 4967 5006 5007
f 4967 5007 4945
f 4945 5007 5008
f 4945 5008 4946
f 4961 5009 4998
f 4998 5009 5010
f 4998 5010 4999
f 4999 5010 5011
f 4999 5011 5006
f 5012 5005 5013
f 5013 5005 5004
f 5013 5004 5014
f 5014 5004 4993
f 5014 4993 5015
f 5015 4993 4992
f 5015 4992 5016
f 4989 4988 5017
f 5017 4988 5018
f 5017 5018 5019
f 5002 5020 5000
f 5000 5020 5021
f 5000 5021 5022
f 5021 5023 5022
f 5022 5023 5024
f 5022 5024 5018
f 5018 5024 5019
f 4950 4949 4994
f 4994 4949 4948
f 4994 4948 5025
f 5025 4948 4940
f 5025 4940 4997
f 4997 4940 4941
f 4997 4941 3115
f 4961 4960 5009
f 5009 4960 4994
f 5009 4994 5026
f 5026 4994 5025
f 5026 5025 5027
f 5027 5025 4997
f 5027 4997 5028
f 5028 4997 4974
f 5028 4974 4973
f 4996 5029 4995
f 4995 5029 5012
f 4995 5012 5030
f 5030 5012 5013
f 5030 5013 5031
f 5031 5013 5014
f 5031 5014 5032
f 5032 5014 5015
f 5032 5015 5033
f 5033 5015 5016
f 5033 5016 5034
f 4973 4995 5028
f 5028 4995 5030
f 5028 5030 5027
f 5027 5030 5031
f 5027 5031 5026
f 5026 5031 5032
f 5026 5032 5009
f 5009 5032 5033
f 5009 5033 5010
f 5010 5033 5034
f 5010 5034 5011
f 4991 5001 4992
f 4992 5001 5000
f 4992 5000 5016
f 5016 5000 5022
f 5016 5022 5034
f 5034 5022 5018
f 5034 5018 5011
f 5011 5018 4988
f 5011 4988 5006
f 5006 4988 4990
f 5006 4990 5007
f 5035 5036 5037
f 4981 4986 5038
f 5039 5040 5041
f 5042 5043 5044
f 4942 4944 4943
f 5020 5002 5045
f 5019 5024 5046
f 5046 5024 5023
f 5046 5023 5047
f 5047 5023 5021
f 5047 5021 5020
f 5048 4990 5049
f 5049 4990 4989
f 5049 4989 5050
f 5050 4989 5017
f 5050 5017 5051
f 5051 5017 5019
f 5051 5019 5052
f 4947 4946 5053
f 5053 4946 5008
f 5053 5008 5048
f 5048 5008 5007
f 5048 5007 4990
f 4952 4951 5054
f 4964 4963 5055
f 5055 4963 4955
f 5056 4957 4956
f 4958 4957 4971
f 4971 4957 5057
f 4971 5057 4984
f 4983 4982 5058
f 5058 4982 5059
f 5058 5059 5060
f 5059 5061 5060
f 5060 5061 5062
f 5060 5062 5063
f 5063 5062 5064
f 5063 5064 5065
f 5065 5064 5066
f 5067 5068 5069
f 5069 5068 5070
f 5042 5044 5071
f 5020 5045 5047
f 5047 5045 5072
f 5047 5072 5073
f 5074 5075 5076
f 5076 5075 5077
f 5078 5079 5080
f 5080 5079 5081
f 5080 5081 5035
f 4954 4953 4955
f 4955 4953 5082
f 4955 5082 5055
f 5055 5082 5083
f 5055 5083 4964
f 4964 5083 4965
f 5084 5056 5078
f 5078 5056 5085
f 5078 5085 5079
f 5086 5087 5088
f 5088 5087 5089
f 5088 5089 5069
f 5069 5089 5090
f 5069 5090 5067
f 5091 5086 5092
f 5092 5086 5088
f 5092 5088 5093
f 5093 5088 5069
f 5093 5069 5094
f 5094 5069 5070
f 5094 5070 5095
f 5040 5039 5096
f 5096 5039 5097
f 5096 5097 5098
f 5098 5097 5099
f 5098 5099 5100
f 4985 4984 5041
f 5041 4984 5057
f 5041 5057 5039
f 5039 5057 4957
f 5039 4957 5097
f 5097 4957 5056
f 5097 5056 5099
f 5099 5056 5084
f 5099 5084 5100
f 4982 4981 5059
f 5059 4981 5038
f 5059 5038 5061
f 5061 5038 5101
f 5061 5101 5062
f 5062 5101 5102
f 5062 5102 5064
f 5064 5102 5103
f 5064 5103 5066
f 5066 5103 5104
f 4986 4985 5038
f 5038 4985 5041
f 5038 5041 5101
f 5101 5041 5040
f 5101 5040 5102
f 5102 5040 5096
f 5102 5096 5103
f 5103 5096 5098
f 5103 5098 5104
f 5104 5098 5100
f 5105 5106 5107
f 5107 5106 5108
f 5107 5108 5052
f 5052 5108 5109
f 5052 5109 5051
f 5051 5109 5110
f 5051 5110 5050
f 5111 5112 5113
f 5114 5115 5116
f 5116 5115 5117
f 5116 5117 5118
f 5118 5117 5119
f 5052 5019 5046
f 5052 5046 5107
f 5107 5046 5047
f 5107 5047 5105
f 5105 5047 5073
f 5120 5043 5121
f 5121 5043 5042
f 5121 5042 5122
f 5122 5042 5071
f 5122 5071 5114
f 5114 5071 5123
f 5114 5123 5115
f 5091 5124 5086
f 5086 5124 5125
f 5086 5125 5087
f 5087 5125 5126
f 5087 5126 5089
f 5089 5126 5127
f 5089 5127 5090
f 5090 5127 5128
f 5044 5129 5071
f 5071 5129 5128
f 5071 5128 5123
f 5123 5128 5127
f 5123 5127 5115
f 5115 5127 5126
f 5115 5126 5117
f 5117 5126 5125
f 5117 5125 5119
f 5119 5125 5124
f 4952 5054 5130
f 5130 5054 5131
f 5130 5131 5132
f 5132 5131 5133
f 5132 5133 5134
f 5110 5134 5050
f 5050 5134 5133
f 5050 5133 5049
f 5049 5133 5131
f 5049 5131 5048
f 5048 5131 5054
f 5048 5054 5053
f 5053 5054 4951
f 5053 4951 4947
f 5112 5111 5135
f 5135 5111 5136
f 5135 5136 5137
f 5137 5136 5138
f 5137 5138 5139
f 5139 5138 5140
f 5139 5140 5141
f 5141 5140 5142
f 5141 5142 4934
f 5036 5035 5143
f 5111 5037 5136
f 5136 5037 5036
f 5136 5036 5138
f 5138 5036 5143
f 5138 5143 5140
f 5140 5143 5144
f 5140 5144 5142
f 5142 5144 4933
f 5142 4933 4934
f 4931 5145 4942
f 4942 5145 5074
f 4942 5074 4944
f 4944 5074 5076
f 4944 5076 4953
f 4953 5076 5077
f 4953 5077 5082
f 4956 4965 5056
f 5056 4965 5083
f 5056 5083 5085
f 5085 5083 5082
f 5085 5082 5079
f 5079 5082 5077
f 5079 5077 5081
f 5081 5077 5075
f 5081 5075 5035
f 5035 5075 5074
f 5035 5074 5143
f 5143 5074 5145
f 5143 5145 5144
f 5144 5145 4931
f 5144 4931 4933
f 4935 4952 4934
f 4934 4952 5130
f 4934 5130 5141
f 5141 5130 5132
f 5141 5132 5139
f 5139 5132 5134
f 5139 5134 5137
f 5137 5134 5110
f 5137 5110 5135
f 5135 5110 5109
f 5135 5109 5112
f 5112 5109 5108
f 5112 5108 5113
f 5113 5108 5106
f 5073 5120 5105
f 5105 5120 5121
f 5105 5121 5106
f 5106 5121 5122
f 5106 5122 5113
f 5113 5122 5114
f 5113 5114 5111
f 5111 5114 5116
f 5111 5116 5037
f 5037 5116 5118
f 5037 5118 5035
f 5035 5118 5119
f 5035 5119 5080
f 5080 5119 5124
f 5080 5124 5078
f 5078 5124 5091
f 5078 5091 5084
f 5084 5091 5092
f 5084 5092 5100
f 5100 5092 5093
f 5100 5093 5104
f 5104 5093 5094
f 5104 5094 5066
f 5066 5094 5095
f 5066 5095 5065
f 5045 5002 5146
f 5043 5147 5044
f 5044 5147 5148
f 5044 5148 5129
f 5043 5120 5147
f 5147 5120 5073
f 5147 5073 5146
f 5146 5073 5072
f 5146 5072 5045
f 5129 5148 5128
f 5128 5148 5149
f 5128 5149 5090
f 5090 5149 5150
f 5090 5150 5067
f 5067 5150 5068
f 5068 5150 5151
f 5068 5151 5070
f 5060 5063 5152
f 5152 5063 5065
f 5152 5065 5151
f 5151 5065 5095
f 5151 5095 5070
f 5060 5152 5058
f 5058 5152 5153
f 5058 5153 4983
f 4983 5153 4979
f 4979 5153 5154
f 4979 5154 4980
f 4980 5154 4976
f 4976 5154 5155
f 4976 5155 4977
f 4977 5155 4987
f 4987 5155 5156
f 4987 5156 4996
f 4996 5156 5029
f 5029 5156 5157
f 5029 5157 5012
f 5012 5157 5158
f 5012 5158 5005
f 5159 5146 5002
f 5002 5001 5159
f 5159 5001 4991
f 5159 4991 5158
f 5158 4991 5003
f 5158 5003 5005
f 5160 5156 5161
f 5161 5156 5155
f 5161 5155 5162
f 5162 5155 5154
f 5162 5154 5163
f 5163 5154 5153
f 5163 5153 5164
f 5164 5153 5152
f 5164 5152 5165
f 5165 5152 5151
f 5165 5151 5166
f 5151 5150 5166
f 5166 5150 5149
f 5166 5149 5167
f 5167 5149 5148
f 5167 5148 5168
f 5168 5148 5147
f 5168 5147 5169
f 5169 5147 5146
f 5169 5146 5170
f 5170 5146 5159
f 5170 5159 5171
f 5171 5159 5158
f 5171 5158 5160
f 5160 5158 5157
f 5160 5157 5156
f 3673 5169 3674
f 3674 5169 5170
f 3674 5170 3662
f 3662 5170 5171
f 3662 5171 3660
f 3660 5171 5160
f 3660 5160 3658
f 3658 5160 5161
f 3658 5161 3656
f 3656 5161 5162
f 3656 5162 3654
f 3654 5162 5163
f 3654 5163 3652
f 3652 5163 5164
f 3652 5164 3646
f 3646 5164 5165
f 3646 5165 3647
f 3647 5165 5166
f 3647 5166 3667
f 3667 5166 5167
f 3667 5167 3669
f 3669 5167 5168
f 3669 5168 3673
f 3673 5168 5169
f 822 802 4932
f 4932 802 3680
f 822 4932 576
f 576 4932 5172
f 576 5172 575
f 575 5172 5173
f 575 5173 823
f 823 5173 3236
f 5174 5175 3628
f 5174 3628 3238
f 5175 5176 3628
f 3628 5176 5177
f 3628 5177 5178
f 5178 5179 3628
f 3628 5179 5180
f 3628 5180 5181
f 3628 3629 3238
f 3238 3629 826
f 3238 826 3236
f 3236 826 824
f 3236 824 823
f 3057 3042 5182
f 5182 3042 3041
f 5182 3041 5183
f 5184 5185 3628
f 3628 5181 3040
f 3040 5181 5186
f 3040 5186 3041
f 3041 5186 5187
f 3041 5187 5183
f 3628 3040 5184
f 5184 3040 3035
f 5184 3035 5188
f 5188 3035 3036
f 5188 3036 5189
f 5189 3036 3037
f 5189 3037 5190
f 5190 3037 3038
f 5190 3038 5191
f 5191 3038 3039
f 5191 3039 5192
f 5192 3039 3034
f 5192 3034 5193
f 5193 3034 3033
f 5193 3033 5194
f 5194 3033 3032
f 5194 3032 5195
f 5195 3032 3031
f 5195 3031 3075
f 3242 3084 3085
f 5196 5175 5197
f 5197 5175 5174
f 5197 5174 3238
f 5183 5187 5180
f 5180 5187 5186
f 5180 5186 5181
f 5180 5179 5183
f 5183 5179 5178
f 5183 5178 5198
f 5198 5178 5177
f 5198 5177 5176
f 5176 5175 5198
f 5198 5175 5196
f 5198 5196 5183
f 5183 5196 5182
f 3057 5182 3087
f 3087 5182 5196
f 3087 5196 3086
f 3086 5196 5197
f 3086 5197 3085
f 3085 5197 3238
f 3085 3238 3242
f 5199 5200 5185
f 5185 5200 3627
f 5185 3627 3628
f 5185 5184 5199
f 5199 5184 5201
f 5201 5184 5202
f 5202 5184 5188
f 5202 5188 5203
f 5189 5190 5204
f 5204 5205 5189
f 5189 5205 5206
f 5189 5206 5188
f 5188 5206 5207
f 5188 5207 5203
f 5191 5192 5208
f 5208 5209 5191
f 5191 5209 5210
f 5191 5210 5190
f 5190 5210 5211
f 5190 5211 5204
f 5212 5213 5193
f 5193 5213 5214
f 5193 5214 5192
f 5192 5214 5215
f 5192 5215 5208
f 5193 5194 5212
f 5212 5194 5195
f 5212 5195 5216
f 5216 5195 3075
f 5216 3075 5217
f 5217 5218 5216
f 5216 5218 5219
f 5216 5219 5212
f 5200 5199 5220
f 5220 5199 5201
f 5220 5201 5221
f 5221 5201 5202
f 5221 5202 5222
f 5222 5202 5203
f 5222 5203 5223
f 5223 5203 5207
f 5223 5207 5224
f 5224 5207 5206
f 5224 5206 5225
f 5225 5206 5205
f 5225 5205 5226
f 5226 5205 5204
f 5226 5204 5227
f 5227 5204 5211
f 5227 5211 5228
f 5228 5211 5210
f 5228 5210 5229
f 5229 5210 5209
f 5229 5209 5230
f 5230 5209 5208
f 5230 5208 5231
f 5231 5208 5215
f 5231 5215 5232
f 5232 5215 5214
f 5232 5214 5233
f 5233 5214 5213
f 5233 5213 5234
f 5234 5213 5212
f 5234 5212 5235
f 5235 5212 5219
f 5218 5236 5237
f 3627 5200 5220
f 5238 867 5239
f 5239 867 3607
f 5239 3607 5240
f 3607 3627 5240
f 5240 3627 5220
f 5240 5220 5241
f 5241 5220 5221
f 5241 5221 5242
f 5242 5221 5243
f 5243 5221 5222
f 5243 5222 5244
f 5244 5222 5245
f 5245 5222 5223
f 5245 5223 5246
f 5223 5224 5246
f 5246 5224 5225
f 5246 5225 5247
f 5225 5226 5247
f 5247 5226 5227
f 5247 5227 5248
f 5227 5228 5248
f 5248 5228 5229
f 5248 5229 5249
f 5229 5230 5249
f 5249 5230 5231
f 5249 5231 5250
f 5250 5231 5232
f 5250 5232 5251
f 5251 5232 5233
f 5252 5253 5234
f 5234 5253 5254
f 5234 5254 5233
f 5233 5254 5255
f 5233 5255 5251
f 5252 5234 5256
f 5256 5234 5235
f 5256 5235 5237
f 5237 5235 5219
f 5237 5219 5218
f 5257 3619 5258
f 5258 3619 3621
f 5258 3621 5238
f 5238 3621 867
f 5257 5259 3619
f 3619 5259 5260
f 3619 5260 3617
f 3617 5260 5261
f 3617 5261 5262
f 5262 5263 3617
f 3617 5263 5264
f 3617 5264 3615
f 5264 5265 3615
f 3615 5265 5266
f 3615 5266 3613
f 3613 5266 5267
f 3613 5267 3611
f 3611 5267 5268
f 3611 5268 3595
f 5268 5269 3595
f 3595 5269 5270
f 3595 5270 3591
f 5270 5271 3591
f 3591 5271 5272
f 3591 5272 5273
f 5274 3592 5275
f 5275 3592 3591
f 5275 3591 5276
f 5276 3591 5273
f 5277 5236 5218
f 5278 3592 5279
f 5279 3592 5274
f 5279 5274 5280
f 5280 5274 5281
f 5280 5281 5282
f 5282 5281 5277
f 5282 5277 5283
f 5283 5277 5218
f 3054 3592 3055
f 3055 3592 5278
f 3055 5278 5284
f 5217 3075 3074
f 3073 5285 3074
f 3074 5285 5286
f 3074 5286 5217
f 5287 5288 3073
f 3073 5288 5289
f 3073 5289 5285
f 3073 3056 5287
f 5287 3056 3055
f 5287 3055 5284
f 5287 5284 5278
f 5287 5278 5288
f 5278 5279 5288
f 5288 5279 5280
f 5288 5280 5289
f 5289 5280 5285
f 5283 5218 5217
f 5280 5282 5285
f 5285 5282 5283
f 5285 5283 5286
f 5286 5283 5217
f 5290 5291 5292
f 5293 5294 5295
f 5296 5297 5298
f 5299 5300 5301
f 5302 5303 5304
f 5268 5305 5306
f 5307 5308 5309
f 5240 5241 5310
f 5310 5241 5242
f 5244 5311 5243
f 5246 5312 5313
f 5314 5247 5248
f 5237 5315 5256
f 5236 5316 5237
f 5237 5316 5317
f 5237 5317 5318
f 5319 5320 5321
f 5322 5323 5324
f 5324 5323 5321
f 5324 5321 5325
f 5325 5321 5320
f 5322 5326 5323
f 5323 5326 5277
f 5323 5277 5327
f 5327 5277 5281
f 5326 5328 5277
f 5277 5328 5329
f 5277 5329 5236
f 5236 5329 5330
f 5236 5330 5316
f 5315 5331 5332
f 5290 5333 5334
f 5331 5315 5335
f 5335 5315 5291
f 5335 5291 5336
f 5332 5337 5315
f 5315 5337 5338
f 5315 5338 5256
f 5338 5339 5256
f 5256 5339 5340
f 5256 5340 5252
f 5252 5340 5341
f 5252 5341 5253
f 5290 5334 5291
f 5291 5334 5342
f 5291 5342 5336
f 5255 5254 5343
f 5343 5254 5253
f 5343 5253 5290
f 5290 5253 5341
f 5290 5341 5333
f 5251 5344 5250
f 5250 5344 5345
f 5346 5347 5348
f 5347 5349 5302
f 5350 5246 5351
f 5351 5246 5313
f 5351 5313 5352
f 5352 5313 5302
f 5352 5302 5353
f 5353 5302 5349
f 5350 5354 5246
f 5246 5354 5355
f 5246 5355 5245
f 5355 5356 5245
f 5245 5356 5357
f 5245 5357 5348
f 5348 5357 5358
f 5348 5358 5346
f 5243 5311 5242
f 5242 5311 5359
f 5242 5359 5310
f 5239 5360 5238
f 5238 5360 5361
f 5362 5261 5260
f 5308 5363 5364
f 5365 5366 5367
f 5367 5366 5368
f 5261 5362 5262
f 5262 5362 5367
f 5262 5367 5263
f 5263 5367 5368
f 5263 5368 5264
f 5307 5309 5369
f 5265 5370 5266
f 5266 5370 5371
f 5368 5372 5264
f 5264 5372 5373
f 5264 5373 5265
f 5265 5373 5374
f 5265 5374 5370
f 5375 5309 5376
f 5376 5309 5305
f 5376 5305 5377
f 5375 5378 5309
f 5309 5378 5266
f 5309 5266 5369
f 5369 5266 5371
f 5267 5379 5268
f 5268 5379 5380
f 5380 5381 5268
f 5268 5381 5382
f 5268 5382 5305
f 5305 5382 5383
f 5305 5383 5377
f 5378 5384 5266
f 5266 5384 5385
f 5266 5385 5267
f 5267 5385 5386
f 5267 5386 5379
f 5387 5388 5389
f 5390 5391 5268
f 5268 5391 5269
f 5387 5389 5392
f 5306 5393 5394
f 5394 5395 5306
f 5306 5395 5396
f 5306 5396 5268
f 5268 5396 5397
f 5268 5397 5390
f 5391 5398 5269
f 5269 5398 5399
f 5269 5399 5270
f 5400 5272 5271
f 5401 5400 5402
f 5402 5400 5271
f 5402 5271 5389
f 5389 5271 5270
f 5389 5270 5392
f 5392 5270 5399
f 5273 5403 5276
f 5276 5403 5404
f 5276 5404 5275
f 5405 5406 5407
f 5408 5404 5409
f 5409 5404 5405
f 5409 5405 5410
f 5410 5405 5407
f 5408 5411 5404
f 5404 5411 5412
f 5404 5412 5275
f 5275 5412 5413
f 5275 5413 5274
f 5274 5413 5414
f 5274 5414 5281
f 5281 5414 5415
f 5281 5415 5327
f 5327 5415 5416
f 5327 5416 5417
f 5418 5419 5420
f 5420 5419 5421
f 5420 5421 5422
f 5422 5421 5423
f 5347 5302 5348
f 5348 5302 5304
f 5348 5304 5424
f 5424 5304 5425
f 5424 5425 5426
f 5427 5428 5429
f 5429 5428 5430
f 5429 5430 5431
f 5431 5430 5432
f 5249 5250 5433
f 5433 5250 5345
f 5433 5345 5434
f 5434 5345 5435
f 5435 5436 5434
f 5434 5436 5437
f 5434 5437 5438
f 5438 5437 5439
f 5439 5440 5438
f 5438 5440 5441
f 5438 5441 5298
f 5298 5441 5442
f 5298 5442 5296
f 5297 5443 5344
f 5344 5443 5444
f 5344 5444 5345
f 5445 5446 5447
f 5448 5449 5450
f 5447 5451 5445
f 5445 5451 5452
f 5445 5452 5239
f 5239 5452 5453
f 5239 5453 5360
f 5449 5454 5450
f 5450 5454 5455
f 5450 5455 5446
f 5446 5455 5456
f 5446 5456 5447
f 5457 5422 5458
f 5458 5422 5423
f 5458 5423 5459
f 5459 5423 5460
f 5459 5460 5461
f 5462 5463 5458
f 5458 5463 5464
f 5458 5464 5457
f 5465 5466 5467
f 5468 5469 5462
f 5462 5469 5470
f 5462 5470 5463
f 5466 5471 5467
f 5467 5471 5472
f 5467 5472 5468
f 5468 5472 5473
f 5468 5473 5469
f 5308 5364 5309
f 5309 5364 5474
f 5309 5474 5305
f 5305 5474 5475
f 5305 5475 5306
f 5476 5301 5402
f 5402 5301 5300
f 5402 5300 5401
f 5401 5300 5299
f 5401 5299 5432
f 5432 5299 5477
f 5432 5477 5431
f 5363 5365 5364
f 5364 5365 5367
f 5364 5367 5478
f 5478 5367 5362
f 5478 5362 5479
f 5479 5362 5260
f 5479 5260 5259
f 5388 5393 5389
f 5389 5393 5306
f 5389 5306 5402
f 5402 5306 5475
f 5402 5475 5476
f 5476 5475 5474
f 5476 5474 5480
f 5480 5474 5364
f 5480 5364 5461
f 5461 5364 5478
f 5461 5478 5459
f 5459 5478 5479
f 5459 5479 5458
f 5458 5479 5259
f 5458 5259 5462
f 5462 5259 5257
f 5462 5257 5468
f 5468 5257 5258
f 5468 5258 5467
f 5467 5258 5238
f 5467 5238 5481
f 5481 5238 5361
f 5481 5361 5482
f 5417 5406 5327
f 5327 5406 5405
f 5327 5405 5323
f 5323 5405 5483
f 5323 5483 5321
f 5321 5483 5484
f 5273 5272 5403
f 5403 5272 5400
f 5403 5400 5404
f 5404 5400 5401
f 5404 5401 5405
f 5405 5401 5432
f 5405 5432 5483
f 5483 5432 5430
f 5483 5430 5484
f 5484 5430 5428
f 5294 5465 5295
f 5295 5465 5467
f 5295 5467 5450
f 5450 5467 5481
f 5450 5481 5448
f 5448 5481 5482
f 5251 5255 5344
f 5344 5255 5343
f 5344 5343 5297
f 5297 5343 5290
f 5297 5290 5298
f 5298 5290 5292
f 5485 5486 5310
f 5359 5487 5488
f 5359 5488 5310
f 5310 5488 5489
f 5310 5489 5485
f 5490 5491 5418
f 5418 5491 5492
f 5239 5240 5445
f 5445 5240 5310
f 5445 5310 5446
f 5446 5310 5486
f 5446 5486 5493
f 5493 5490 5446
f 5446 5490 5418
f 5446 5418 5450
f 5450 5418 5420
f 5450 5420 5295
f 5295 5420 5422
f 5295 5422 5293
f 5293 5422 5457
f 5492 5494 5418
f 5418 5494 5495
f 5418 5495 5359
f 5359 5495 5496
f 5359 5496 5487
f 5425 5419 5426
f 5426 5419 5418
f 5426 5418 5424
f 5424 5418 5359
f 5424 5359 5348
f 5348 5359 5311
f 5348 5311 5245
f 5245 5311 5244
f 5318 5319 5237
f 5237 5319 5321
f 5237 5321 5315
f 5315 5321 5484
f 5315 5484 5291
f 5291 5484 5428
f 5291 5428 5292
f 5292 5428 5427
f 5292 5427 5298
f 5298 5427 5497
f 5298 5497 5438
f 5438 5497 5498
f 5438 5498 5434
f 5434 5498 5499
f 5434 5499 5433
f 5433 5499 5500
f 5433 5500 5249
f 5249 5500 5501
f 5249 5501 5248
f 5501 5502 5503
f 5500 2758 2756
f 5498 5504 5499
f 5499 5504 5505
f 5499 5505 5500
f 5500 5505 5506
f 5500 5506 2758
f 2758 5506 2760
f 5248 5501 5314
f 5314 5501 5503
f 5314 5503 5507
f 5507 5508 5314
f 5314 5508 2764
f 5314 2764 5506
f 5506 2764 2762
f 5506 2762 2760
f 2756 2754 5500
f 5500 2754 2752
f 5500 2752 5501
f 5501 2752 5509
f 5501 5509 5502
f 5504 5303 5505
f 5505 5303 5302
f 5505 5302 5506
f 5506 5302 5313
f 5506 5313 5314
f 5314 5313 5312
f 5314 5312 5247
f 5247 5312 5246
f 2874 5415 2875
f 2875 5415 5414
f 2875 5414 2867
f 2867 5414 5413
f 2867 5413 2868
f 2868 5413 5412
f 2868 5412 2869
f 2869 5412 5411
f 2869 5411 2877
f 2877 5411 5408
f 2877 5408 2878
f 2878 5408 5409
f 2878 5409 2879
f 2879 5409 5410
f 2879 5410 2870
f 2870 5410 5407
f 2870 5407 2871
f 2871 5407 5406
f 2871 5406 2872
f 2872 5406 5417
f 2872 5417 2873
f 2873 5417 5416
f 2873 5416 2874
f 2874 5416 5415
f 2763 2764 3012
f 3012 2764 5508
f 3012 5508 3011
f 3011 5508 5507
f 3011 5507 3006
f 3006 5507 5503
f 3006 5503 3007
f 3007 5503 5502
f 3007 5502 3008
f 3008 5502 5509
f 3008 5509 2751
f 2751 5509 2752
f 2988 5457 2989
f 2989 5457 5464
f 2989 5464 2991
f 2991 5464 5463
f 2991 5463 2992
f 2992 5463 5470
f 2992 5470 2995
f 2995 5470 5469
f 2995 5469 2996
f 2996 5469 5473
f 2996 5473 2997
f 2997 5473 5472
f 2997 5472 2998
f 2998 5472 5471
f 2998 5471 2993
f 2993 5471 5466
f 2993 5466 2994
f 2994 5466 5465
f 2994 5465 2982
f 2982 5465 5294
f 2982 5294 2983
f 2983 5294 5293
f 2983 5293 2988
f 2988 5293 5457
f 2810 5357 2816
f 2816 5357 5356
f 2816 5356 2817
f 2817 5356 5355
f 2817 5355 2818
f 2818 5355 5354
f 2818 5354 2807
f 2807 5354 5350
f 2807 5350 2808
f 2808 5350 5351
f 2808 5351 2809
f 2809 5351 5352
f 2809 5352 2804
f 2804 5352 5353
f 2804 5353 2805
f 2805 5353 5349
f 2805 5349 2815
f 2815 5349 5347
f 2815 5347 2814
f 2814 5347 5346
f 2814 5346 2812
f 2812 5346 5358
f 2812 5358 2810
f 2810 5358 5357
f 3022 5495 3023
f 3023 5495 5494
f 3023 5494 3024
f 3024 5494 5492
f 3024 5492 3025
f 3025 5492 5491
f 3025 5491 3026
f 3026 5491 5490
f 3026 5490 3028
f 3028 5490 5493
f 3028 5493 3029
f 3029 5493 5486
f 3029 5486 3030
f 3030 5486 5485
f 3030 5485 3027
f 3027 5485 5489
f 3027 5489 3019
f 3019 5489 5488
f 3019 5488 3020
f 3020 5488 5487
f 3020 5487 3021
f 3021 5487 5496
f 3021 5496 3022
f 3022 5496 5495
f 2845 5338 2846
f 2846 5338 5337
f 2846 5337 2832
f 2832 5337 5332
f 2832 5332 2833
f 2833 5332 5331
f 2833 5331 2840
f 2840 5331 5335
f 2840 5335 2834
f 2834 5335 5336
f 2834 5336 2835
f 2835 5336 5342
f 2835 5342 2841
f 2841 5342 5334
f 2841 5334 2842
f 2842 5334 5333
f 2842 5333 2838
f 2838 5333 5341
f 2838 5341 2839
f 2839 5341 5340
f 2839 5340 2844
f 2844 5340 5339
f 2844 5339 2845
f 2845 5339 5338
f 2973 5455 2974
f 2974 5455 5454
f 2974 5454 2976
f 2976 5454 5449
f 2976 5449 2978
f 2978 5449 5448
f 2978 5448 2979
f 2979 5448 5482
f 2979 5482 2800
f 2800 5482 5361
f 2800 5361 2803
f 2803 5361 5360
f 2803 5360 2802
f 2802 5360 5453
f 2802 5453 2801
f 2801 5453 5452
f 2801 5452 2966
f 2966 5452 5451
f 2966 5451 2967
f 2967 5451 5447
f 2967 5447 2969
f 2969 5447 5456
f 2969 5456 2973
f 2973 5456 5455
f 2784 5384 2906
f 2906 5384 5378
f 2906 5378 2907
f 2907 5378 5375
f 2907 5375 2909
f 2909 5375 5376
f 2909 5376 2910
f 2910 5376 5377
f 2910 5377 2911
f 2911 5377 5383
f 2911 5383 2912
f 2912 5383 5382
f 2912 5382 2913
f 2913 5382 5381
f 2913 5381 2902
f 2902 5381 5380
f 2902 5380 2903
f 2903 5380 5379
f 2903 5379 2905
f 2905 5379 5386
f 2905 5386 2783
f 2783 5386 5385
f 2783 5385 2784
f 2784 5385 5384
f 2899 5392 2900
f 2900 5392 5399
f 2900 5399 2901
f 2901 5399 5398
f 2901 5398 2890
f 2890 5398 5391
f 2890 5391 2892
f 2892 5391 5390
f 2892 5390 2893
f 2893 5390 5397
f 2893 5397 2894
f 2894 5397 5396
f 2894 5396 2895
f 2895 5396 5395
f 2895 5395 2896
f 2896 5395 5394
f 2896 5394 2897
f 2897 5394 5393
f 2897 5393 2898
f 2898 5393 5388
f 2898 5388 2888
f 2888 5388 5387
f 2888 5387 2899
f 2899 5387 5392
f 2924 5372 2925
f 2925 5372 5368
f 2925 5368 2929
f 2929 5368 5366
f 2929 5366 2928
f 2928 5366 5365
f 2928 5365 2914
f 2914 5365 5363
f 2914 5363 2915
f 2915 5363 5308
f 2915 5308 2916
f 2916 5308 5307
f 2916 5307 2917
f 2917 5307 5369
f 2917 5369 2918
f 2918 5369 5371
f 2918 5371 2919
f 2919 5371 5370
f 2919 5370 2920
f 2920 5370 5374
f 2920 5374 2922
f 2922 5374 5373
f 2922 5373 2924
f 2924 5373 5372
f 2955 5297 2958
f 2958 5297 5296
f 2958 5296 2956
f 2956 5296 5442
f 2956 5442 2959
f 2959 5442 5441
f 2959 5441 2963
f 2963 5441 5440
f 2963 5440 2964
f 2964 5440 5439
f 2964 5439 2965
f 2965 5439 5437
f 2965 5437 2962
f 2962 5437 5436
f 2962 5436 2961
f 2961 5436 5435
f 2961 5435 2951
f 2951 5435 5345
f 2951 5345 2952
f 2952 5345 5444
f 2952 5444 2954
f 2954 5444 5443
f 2954 5443 2955
f 2955 5443 5297
f 2856 5324 2857
f 2857 5324 5325
f 2857 5325 2847
f 2847 5325 5320
f 2847 5320 2848
f 2848 5320 5319
f 2848 5319 2849
f 2849 5319 5318
f 2849 5318 2850
f 2850 5318 5317
f 2850 5317 2859
f 2859 5317 5316
f 2859 5316 2860
f 2860 5316 5330
f 2860 5330 2862
f 2862 5330 5329
f 2862 5329 2852
f 2852 5329 5328
f 2852 5328 2853
f 2853 5328 5326
f 2853 5326 2855
f 2855 5326 5322
f 2855 5322 2856
f 2856 5322 5324
f 5429 2999 5427
f 5427 2999 3002
f 5427 3002 5497
f 5497 3002 2960
f 5497 2960 5498
f 5498 2960 2944
f 5498 2944 5504
f 5504 2944 2946
f 5504 2946 5303
f 5303 2946 2947
f 5303 2947 5304
f 5304 2947 2948
f 5304 2948 5425
f 5425 2948 2949
f 5425 2949 5419
f 5419 2949 2950
f 5419 2950 5421
f 5421 2950 3017
f 5421 3017 5423
f 5423 3017 2985
f 5423 2985 5460
f 5460 2985 2987
f 5460 2987 5461
f 5461 2987 3014
f 5461 3014 5480
f 5480 3014 2941
f 5480 2941 5476
f 5476 2941 2939
f 5476 2939 5301
f 5301 2939 2938
f 5301 2938 5299
f 5299 2938 2775
f 2999 5429 2774
f 2774 5429 5431
f 2774 5431 2775
f 2775 5431 5477
f 2775 5477 5299
f 4932 3112 5172
f 5172 3112 3101
f 5172 3101 5173
f 5173 3101 3102
f 5173 3102 3236
f 3236 3102 3103
f 3715 5510 3716
f 3716 5510 5511
f 3716 5511 3089
f 5512 5513 5511
f 5511 5513 3090
f 5511 3090 3089
f 5514 5515 5516
f 5516 5515 5517
f 5516 5517 5518
f 5518 5517 5519
f 5520 5521 5514
f 5510 5522 5511
f 5511 5522 5523
f 5511 5523 5512
f 5512 5523 5524
f 5520 5514 5524
f 5524 5514 5516
f 5524 5516 5512
f 5512 5516 5518
f 5512 5518 5513
f 5513 5518 5519
f 5513 5519 3090
f 5525 5526 5527
f 3753 3750 5528
f 5529 3090 5519
f 5530 3755 5528
f 5528 3755 3754
f 5528 3754 3753
f 5531 3790 5532
f 5532 3790 3789
f 5532 3789 3757
f 5533 3792 3791
f 3792 5533 3793
f 3793 5533 5534
f 3793 5534 3763
f 3717 3780 5535
f 5535 3780 3779
f 5535 3779 5536
f 5536 3779 3764
f 5536 3764 3763
f 5537 5538 5536
f 5536 5538 5539
f 5536 5539 5535
f 5540 5541 5525
f 5525 5541 5542
f 5525 5542 5526
f 5526 5542 5543
f 5526 5543 5544
f 5545 5546 5547
f 5547 5546 5548
f 5547 5548 5549
f 5549 5548 5550
f 5549 5550 5551
f 5551 5550 5552
f 5551 5552 5553
f 5553 5552 5554
f 5553 5554 5555
f 5555 5554 5556
f 5556 5554 5557
f 5556 5557 5558
f 5558 5557 5559
f 5559 5557 5560
f 5559 5560 5561
f 5561 5560 5562
f 5561 5562 5563
f 3763 5534 5536
f 5536 5534 5564
f 5536 5564 5537
f 5544 5537 5526
f 5526 5537 5564
f 5526 5564 5527
f 5527 5564 5534
f 5527 5534 5531
f 5531 5534 5533
f 5531 5533 3790
f 3790 5533 3791
f 5565 5540 5566
f 5566 5540 5525
f 5566 5525 5567
f 5567 5525 5527
f 5567 5527 5568
f 5568 5527 5531
f 5568 5531 5569
f 5569 5531 5532
f 5569 5532 5530
f 5530 5532 3757
f 5530 3757 3755
f 3755 3757 3756
f 5517 5563 5519
f 5519 5563 5562
f 5519 5562 5529
f 5529 5562 5560
f 5529 5560 5570
f 5570 5560 5557
f 5570 5557 5571
f 5571 5557 5554
f 5571 5554 5572
f 5572 5554 5552
f 5572 5552 5573
f 5573 5552 5550
f 5573 5550 5574
f 5574 5550 5548
f 5546 5565 5548
f 5548 5565 5566
f 5548 5566 5574
f 5574 5566 5567
f 5574 5567 5573
f 5573 5567 5568
f 5573 5568 5572
f 5572 5568 5569
f 5572 5569 5571
f 5571 5569 5530
f 5571 5530 5570
f 5570 5530 5528
f 5570 5528 5529
f 5529 5528 3750
f 5529 3750 3090
f 3090 3750 3091
f 5575 5576 5577
f 5577 5576 5578
f 5579 5580 5581
f 5524 5523 5582
f 5583 5584 5585
f 3784 3783 3782
f 3735 3708 5586
f 5586 3708 3710
f 5539 5538 5587
f 5588 5589 5590
f 5591 5540 5565
f 5592 5542 5541
f 5544 5543 5593
f 5593 5543 5542
f 3718 5594 3720
f 3720 5594 5595
f 3720 5595 3710
f 3710 5595 5596
f 3710 5596 5586
f 5597 5598 3743
f 3782 3781 5599
f 5599 3781 3745
f 5599 3745 5598
f 5598 3745 3744
f 5598 3744 3743
f 5600 5601 3794
f 3766 3765 5601
f 5601 3765 3795
f 5601 3795 3794
f 5522 5510 5602
f 5602 5510 3715
f 5603 5604 5521
f 5604 5603 5605
f 5605 5603 5606
f 5605 5606 5607
f 5607 5606 5608
f 5607 5608 5609
f 5609 5608 5610
f 5609 5610 5611
f 5611 5610 5612
f 5611 5612 5613
f 5614 5615 5613
f 5613 5615 5616
f 5613 5616 5611
f 5613 5617 5614
f 5614 5617 5618
f 5614 5618 5619
f 5619 5618 5620
f 5619 5620 5621
f 5621 5620 5622
f 5622 5620 5623
f 5622 5623 5624
f 5623 5625 5624
f 5624 5625 5583
f 5624 5583 5626
f 5626 5583 5585
f 5627 5600 5628
f 5627 5629 5600
f 5600 5629 5630
f 5600 5630 5601
f 5601 5630 5631
f 5601 5631 3766
f 3766 5631 5632
f 3766 5632 3767
f 5633 5634 5635
f 5636 5637 5638
f 5638 5637 5639
f 5638 5639 5640
f 3715 3714 5602
f 5602 3714 3767
f 5602 3767 5641
f 5641 3767 5632
f 5641 5632 5642
f 5642 5632 5631
f 5642 5631 5643
f 5643 5631 5630
f 5643 5630 5644
f 5644 5630 5629
f 5644 5629 5635
f 5635 5629 5627
f 5635 5627 5633
f 5633 5627 5628
f 5524 5582 5520
f 5523 5522 5582
f 5582 5522 5602
f 5582 5602 5645
f 5645 5602 5641
f 5645 5641 5646
f 5646 5641 5642
f 5646 5642 5647
f 5647 5642 5643
f 5647 5643 5648
f 5648 5643 5644
f 5648 5644 5639
f 5639 5644 5635
f 5639 5635 5640
f 5640 5635 5634
f 5537 5544 5649
f 5649 5544 5593
f 5649 5593 5650
f 5651 5652 5653
f 5653 5652 5591
f 5653 5591 5654
f 5654 5591 5565
f 5654 5565 5546
f 5655 5656 5657
f 5657 5656 5658
f 5657 5658 5651
f 5651 5658 5659
f 5651 5659 5652
f 5652 5659 5592
f 5652 5592 5591
f 5591 5592 5541
f 5591 5541 5540
f 5581 5660 5575
f 5581 5580 5660
f 5660 5580 5661
f 5660 5661 5662
f 5521 5520 5603
f 5603 5520 5582
f 5603 5582 5606
f 5606 5582 5645
f 5606 5645 5608
f 5608 5645 5646
f 5608 5646 5610
f 5610 5646 5647
f 5610 5647 5612
f 5612 5647 5648
f 5612 5648 5613
f 5613 5648 5639
f 5613 5639 5617
f 5617 5639 5637
f 5617 5637 5618
f 5618 5637 5636
f 5618 5636 5620
f 5535 5539 5663
f 5663 5539 5587
f 5663 5587 5664
f 5664 5587 5665
f 5664 5665 5666
f 5666 5665 5667
f 5666 5667 5668
f 5538 5537 5587
f 5587 5537 5649
f 5587 5649 5665
f 5665 5649 5650
f 5665 5650 5667
f 3717 5535 3718
f 3718 5535 5663
f 3718 5663 5594
f 5594 5663 5664
f 5594 5664 5595
f 5595 5664 5666
f 5595 5666 5596
f 5596 5666 5668
f 5596 5668 5586
f 5586 5668 5597
f 5586 5597 3735
f 3735 5597 3743
f 5662 5669 5660
f 5660 5669 5670
f 5660 5670 5575
f 5575 5670 5671
f 5575 5671 5576
f 5576 5671 5672
f 5576 5672 5578
f 5545 5588 5546
f 5546 5588 5590
f 5546 5590 5654
f 5654 5590 5673
f 5654 5673 5653
f 5653 5673 5579
f 5653 5579 5651
f 5651 5579 5581
f 5651 5581 5657
f 5657 5581 5575
f 5657 5575 5655
f 5655 5575 5577
f 5542 5592 5593
f 5593 5592 5659
f 5593 5659 5650
f 5650 5659 5658
f 5650 5658 5667
f 5667 5658 5656
f 5667 5656 5668
f 5668 5656 5655
f 5668 5655 5597
f 5597 5655 5577
f 5597 5577 5598
f 5598 5577 5578
f 5598 5578 5599
f 5599 5578 5674
f 5599 5674 3782
f 5589 5585 5590
f 5590 5585 5584
f 5590 5584 5673
f 5673 5584 5583
f 5673 5583 5579
f 5579 5583 5625
f 5579 5625 5580
f 5580 5625 5623
f 5580 5623 5661
f 5661 5623 5620
f 5661 5620 5662
f 5662 5620 5636
f 5662 5636 5669
f 5669 5636 5638
f 5669 5638 5670
f 5670 5638 5640
f 5670 5640 5671
f 5671 5640 5634
f 5671 5634 5672
f 5672 5634 5633
f 5672 5633 5578
f 5578 5633 5628
f 5578 5628 5674
f 5674 5628 5600
f 5674 5600 3782
f 3782 5600 3794
f 3782 3794 3784
f 5545 5675 5588
f 5588 5675 5589
f 5589 5675 5585
f 5585 5675 5676
f 5585 5676 5626
f 5626 5676 5677
f 5626 5677 5624
f 5624 5677 5622
f 5622 5677 5678
f 5622 5678 5621
f 5621 5678 5619
f 5619 5678 5679
f 5619 5679 5614
f 5609 5611 5680
f 5680 5611 5616
f 5680 5616 5679
f 5679 5616 5615
f 5679 5615 5614
f 5609 5680 5607
f 5607 5680 5681
f 5607 5681 5605
f 5605 5681 5604
f 5604 5681 5682
f 5604 5682 5521
f 5521 5682 5514
f 5514 5682 5683
f 5514 5683 5515
f 5515 5683 5517
f 5517 5683 5684
f 5517 5684 5563
f 5685 5559 5684
f 5684 5559 5561
f 5684 5561 5563
f 5686 5687 5553
f 5553 5555 5686
f 5686 5555 5556
f 5686 5556 5685
f 5685 5556 5558
f 5685 5558 5559
f 5688 5675 5545
f 5545 5547 5688
f 5688 5547 5549
f 5688 5549 5687
f 5687 5549 5551
f 5687 5551 5553
f 5689 5678 5690
f 5690 5678 5677
f 5690 5677 5691
f 5691 5677 5676
f 5691 5676 5692
f 5692 5676 5675
f 5692 5675 5693
f 5693 5675 5688
f 5693 5688 5694
f 5694 5688 5687
f 5694 5687 5695
f 5687 5686 5695
f 5695 5686 5685
f 5695 5685 5696
f 5696 5685 5684
f 5696 5684 5697
f 5697 5684 5683
f 5697 5683 5698
f 5698 5683 5682
f 5698 5682 5699
f 5699 5682 5681
f 5699 5681 5700
f 5700 5681 5680
f 5700 5680 5689
f 5689 5680 5679
f 5689 5679 5678
f 3547 5698 3545
f 3545 5698 5699
f 3545 5699 3543
f 3543 5699 5700
f 3543 5700 3525
f 3525 5700 5689
f 3525 5689 3526
f 3526 5689 5690
f 3526 5690 3538
f 3538 5690 5691
f 3538 5691 3534
f 3534 5691 5692
f 3534 5692 3535
f 3535 5692 5693
f 3535 5693 3555
f 3555 5693 5694
f 3555 5694 3553
f 3553 5694 5695
f 3553 5695 3551
f 3551 5695 5696
f 3551 5696 3549
f 3549 5696 5697
f 3549 5697 3547
f 3547 5697 5698
f 5701 3561 3564
f 5701 3564 5702
f 5702 3564 3565
f 5702 3565 5703
f 5703 3565 3560
f 5703 3560 5704
f 5704 3560 3583
f 5704 3583 5705
f 3561 5701 3562
f 3562 5701 5706
f 5707 5708 5709
f 5709 5708 5710
f 5711 5712 5713
f 5713 5712 5714
f 5713 5714 5715
f 5716 5717 5718
f 5718 5717 5719
f 5718 5719 5720
f 5720 5719 5721
f 5720 5721 5722
f 5723 5724 5725
f 5713 5726 5711
f 5711 5726 5727
f 5711 5727 5728
f 5728 5727 5729
f 5728 5729 5730
f 5730 5729 5731
f 5730 5731 5732
f 5732 5731 5733
f 5732 5733 5734
f 5734 5733 5735
f 5734 5735 5736
f 5736 5735 5737
f 5736 5737 5738
f 5738 5737 5739
f 5738 5739 5740
f 5740 5739 5741
f 5740 5741 5742
f 5742 5741 5743
f 5742 5743 5744
f 5744 5743 5745
f 5744 5745 5746
f 5746 5745 5747
f 5746 5747 5748
f 5748 5747 5707
f 5748 5707 5749
f 5749 5707 5709
f 5725 5724 5750
f 5751 5752 5753
f 5753 5752 5754
f 5753 5754 5755
f 5756 5757 5758
f 5759 5760 5750
f 5714 5761 5715
f 5715 5761 5762
f 5715 5762 5763
f 5763 5762 5764
f 5763 5764 5765
f 5765 5764 5766
f 5765 5766 5767
f 5767 5766 5768
f 5767 5768 5769
f 5769 5768 5770
f 5769 5770 5705
f 5705 5770 5771
f 5705 5771 5704
f 5704 5771 5772
f 5704 5772 5703
f 5703 5772 5773
f 5703 5773 5702
f 5702 5773 5774
f 5702 5774 5701
f 5701 5774 5775
f 5701 5775 5706
f 5706 5775 5776
f 5751 5777 5752
f 5752 5777 5778
f 5752 5778 5710
f 5710 5778 5779
f 5710 5779 5709
f 5721 5780 5722
f 5722 5780 5781
f 5722 5781 5782
f 5782 5781 5783
f 5782 5783 5784
f 5784 5783 5785
f 5784 5785 5786
f 5786 5785 5787
f 5786 5787 5788
f 5788 5787 5789
f 5788 5789 5790
f 5790 5789 5791
f 5790 5791 5792
f 5792 5791 5793
f 5792 5793 5794
f 5794 5793 5795
f 5794 5795 5796
f 5796 5795 5797
f 5796 5797 5798
f 5798 5797 5799
f 5798 5799 5800
f 5800 5799 5801
f 5800 5801 5753
f 5753 5801 5802
f 5753 5802 5751
f 5803 5756 5804
f 5804 5756 5758
f 5804 5758 5805
f 5805 5758 5806
f 5807 5759 5808
f 5808 5759 5750
f 5808 5750 5809
f 5809 5750 5724
f 5808 5810 5807
f 5807 5810 5811
f 5807 5811 5812
f 5812 5811 5813
f 5812 5813 5814
f 5814 5813 5815
f 5814 5815 5816
f 5816 5815 5817
f 5816 5817 5818
f 5818 5817 5819
f 5820 5821 5822
f 5822 5821 5823
f 5822 5823 5824
f 5824 5823 5825
f 5824 5825 5826
f 5826 5825 5827
f 5826 5827 5828
f 5828 5827 5829
f 5828 5829 5830
f 5830 5829 5831
f 5830 5831 5832
f 5832 5831 5833
f 5832 5833 5834
f 5834 5833 5835
f 5834 5835 5836
f 5836 5835 5837
f 5836 5837 5838
f 5838 5837 5839
f 5838 5839 5840
f 5840 5839 5841
f 5840 5841 5842
f 5842 5841 5843
f 5842 5843 5844
f 5844 5843 5845
f 5844 5845 5846
f 5846 5845 5847
f 5846 5847 5848
f 5848 5847 5849
f 5848 5849 5850
f 5850 5849 5851
f 5850 5851 5852
f 5851 5853 5852
f 5852 5853 5854
f 5852 5854 5855
f 5855 5854 5856
f 5855 5856 5857
f 5857 5856 5858
f 5857 5858 5859
f 5859 5858 5860
f 5859 5860 5861
f 5861 5860 5862
f 5861 5862 5863
f 5863 5862 5864
f 5863 5864 5865
f 5865 5864 5866
f 5865 5866 5867
f 5867 5866 5868
f 5867 5868 5869
f 5869 5868 5870
f 5869 5870 5871
f 5871 5870 5872
f 5871 5872 5873
f 5873 5872 5874
f 5873 5874 5875
f 5875 5874 5876
f 5875 5876 5877
f 5877 5876 5878
f 5877 5878 5879
f 5879 5878 5880
f 5879 5880 5881
f 5881 5880 5882
f 5881 5882 5883
f 5883 5882 5884
f 5883 5884 5885
f 5885 5884 5886
f 5885 5886 5887
f 5887 5886 5716
f 5887 5716 5888
f 5888 5716 5718
f 5758 5889 5806
f 5806 5889 5890
f 5806 5890 5891
f 5891 5890 5892
f 5891 5892 5893
f 5893 5892 5894
f 5893 5894 5895
f 5895 5894 5896
f 5895 5896 5897
f 5897 5896 5898
f 5897 5898 5899
f 5899 5898 5900
f 5899 5900 5901
f 5901 5900 5902
f 5901 5902 5903
f 5903 5902 5904
f 5903 5904 5905
f 5905 5904 5906
f 5905 5906 5907
f 5907 5906 5908
f 5907 5908 5909
f 5909 5908 5910
f 5909 5910 5911
f 5911 5910 5912
f 5911 5912 5913
f 5913 5912 5914
f 5913 5914 5915
f 5915 5914 5916
f 5915 5916 5917
f 5917 5916 5918
f 5917 5918 5919
f 5919 5918 5920
f 5919 5920 5921
f 5921 5920 5922
f 5921 5922 5923
f 5923 5922 5924
f 5923 5924 5925
f 5925 5924 5926
f 5925 5926 5927
f 5927 5926 5928
f 5927 5928 5929
f 5929 5928 5930
f 5929 5930 5931
f 5931 5930 5932
f 5931 5932 5933
f 5933 5932 5934
f 5933 5934 5935
f 5935 5934 5936
f 5935 5936 5937
f 5937 5936 5938
f 5937 5938 5939
f 5939 5938 5940
f 5939 5940 5941
f 5941 5940 5942
f 5941 5942 5943
f 5943 5942 5944
f 5943 5944 5945
f 5945 5944 5946
f 5945 5946 5947
f 5947 5946 5948
f 5947 5948 5949
f 5949 5948 5950
f 5949 5950 5951
f 5951 5950 5952
f 5951 5952 5953
f 5953 5952 5954
f 5953 5954 5955
f 5955 5954 5956
f 5955 5956 5957
f 5957 5956 5958
f 5957 5958 5959
f 5959 5958 5960
f 5959 5960 5961
f 5961 5960 5962
f 5961 5962 5963
f 5963 5962 5964
f 5963 5964 5965
f 5965 5964 5966
f 5965 5966 5967
f 5967 5966 5968
f 5967 5968 5969
f 5969 5968 5970
f 5969 5970 5971
f 5971 5970 5972
f 5971 5972 5820
f 5820 5972 5973
f 5820 5973 5821
f 5725 5974 5723
f 5723 5974 5975
f 5723 5975 5976
f 5976 5975 5977
f 5976 5977 5978
f 5978 5977 5979
f 5978 5979 5980
f 5980 5979 5981
f 5980 5981 5982
f 5982 5981 5983
f 5982 5983 5984
f 5984 5983 5985
f 5984 5985 5986
f 5986 5985 5987
f 5986 5987 5988
f 5988 5987 5989
f 5988 5989 5990
f 5990 5989 5991
f 5990 5991 5992
f 5992 5991 5993
f 5992 5993 5994
f 5994 5993 5995
f 5994 5995 5996
f 5996 5995 5997
f 5996 5997 5998
f 5998 5997 5999
f 5998 5999 6000
f 6000 5999 6001
f 6000 6001 6002
f 6002 6001 6003
f 6002 6003 6004
f 6004 6003 5803
f 6004 5803 6005
f 6005 5803 5804
f 3580 5767 3582
f 3582 5767 5769
f 3582 5769 3583
f 3583 5769 5705
f 3570 5726 3572
f 3572 5726 5713
f 3572 5713 3574
f 3574 5713 5715
f 3574 5715 3576
f 3576 5715 5763
f 3576 5763 3578
f 3578 5763 5765
f 3578 5765 3580
f 3580 5765 5767
f 5726 3570 3568
f 5726 3568 5727
f 5727 3568 3590
f 5727 3590 5729
f 5729 3590 3589
f 5729 3589 5731
f 5731 3589 3588
f 5731 3588 5733
f 3584 3540 5735
f 3588 3587 5733
f 5733 3587 3586
f 5733 3586 5735
f 5735 3586 3585
f 5735 3585 3584
f 5735 3540 3539
f 5735 3539 5737
f 5737 3539 3537
f 5737 3537 5739
f 5739 3537 3536
f 5739 3536 5741
f 5741 3536 3557
f 5741 3557 5743
f 3554 5747 3556
f 3556 5747 5745
f 3556 5745 3557
f 3557 5745 5743
f 3544 5754 3546
f 3546 5754 5752
f 3546 5752 3548
f 3548 5752 5710
f 3548 5710 3550
f 3550 5710 5708
f 3550 5708 3552
f 3552 5708 5707
f 3552 5707 3554
f 3554 5707 5747
f 5754 3544 3542
f 5754 3542 5755
f 5755 3542 3541
f 5755 3541 5753
f 5753 3541 3527
f 5753 3527 5800
f 5800 3527 3528
f 5800 3528 5798
f 3529 3500 5796
f 3528 3532 5798
f 5798 3532 3531
f 5798 3531 5796
f 5796 3531 3530
f 5796 3530 3529
f 5796 3500 3499
f 5796 3499 5794
f 5794 3499 3498
f 5794 3498 5792
f 5792 3498 3497
f 5792 3497 5790
f 5790 3497 3520
f 5790 3520 5788
f 3517 5784 3519
f 3519 5784 5786
f 3519 5786 3520
f 3520 5786 5788
f 3507 5888 3509
f 3509 5888 5718
f 3509 5718 3511
f 3511 5718 5720
f 3511 5720 3513
f 3513 5720 5722
f 3513 5722 3515
f 3515 5722 5782
f 3515 5782 3517
f 3517 5782 5784
f 5888 3507 3524
f 5888 3524 5887
f 5887 3524 3523
f 5887 3523 5885
f 5885 3523 3522
f 5885 3522 5883
f 5883 3522 3521
f 5883 3521 5881
f 3490 5873 5875
f 3490 5875 3492
f 3492 5875 5877
f 3492 5877 3494
f 3494 5877 5879
f 3494 5879 3495
f 3495 5879 5881
f 3495 5881 3521
f 5873 3490 3489
f 5873 3489 5871
f 5871 3489 3488
f 5871 3488 5869
f 5869 3488 3487
f 5869 3487 5867
f 5867 3487 3485
f 5867 3485 5865
f 3471 5857 3473
f 3473 5857 5859
f 3473 5859 3482
f 3482 5859 5861
f 3482 5861 3483
f 3483 5861 5863
f 3483 5863 3485
f 3485 5863 5865
f 3465 5850 3467
f 3467 5850 5852
f 3467 5852 3469
f 3469 5852 5855
f 3469 5855 3471
f 3471 5855 5857
f 5850 3465 3464
f 5850 3464 5848
f 5848 3464 3460
f 5848 3460 5846
f 5846 3460 3463
f 5846 3463 5844
f 5844 3463 3481
f 5844 3481 5842
f 3475 3438 5834
f 3475 5834 3476
f 5834 5836 3476
f 3476 5836 5838
f 3476 5838 3478
f 3478 5838 5840
f 3478 5840 3480
f 3480 5840 5842
f 3480 5842 3481
f 5834 3438 3437
f 5834 3437 5832
f 5832 3437 3436
f 5832 3436 5830
f 5830 3436 3435
f 5830 3435 5828
f 5828 3435 3454
f 5828 3454 5826
f 3443 5967 3445
f 3445 5967 5969
f 3445 5969 3447
f 3447 5969 5971
f 3447 5971 3449
f 3449 5971 5820
f 3449 5820 3451
f 3451 5820 5822
f 3451 5822 3453
f 3453 5822 5824
f 3453 5824 3454
f 3454 5824 5826
f 3441 5965 3443
f 3443 5965 5967
f 5965 3441 3429
f 5965 3429 5963
f 5963 3429 3428
f 5963 3428 5961
f 5961 3428 3427
f 5961 3427 5959
f 5959 3427 3422
f 5959 3422 5957
f 3418 5949 5951
f 3418 5951 3420
f 3420 5951 5953
f 3420 5953 3421
f 3421 5953 5955
f 3421 5955 3424
f 3424 5955 5957
f 3424 5957 3422
f 5949 3418 3397
f 5949 3397 5947
f 5947 3397 3398
f 5947 3398 5945
f 5945 3398 3400
f 5945 3400 5943
f 5943 3400 3417
f 5943 3417 5941
f 3404 5927 3406
f 3406 5927 5929
f 3406 5929 3408
f 3408 5929 5931
f 3408 5931 3410
f 3410 5931 5933
f 3410 5933 3412
f 3412 5933 5935
f 3412 5935 3414
f 3414 5935 5937
f 3414 5937 3416
f 3416 5937 5939
f 3416 5939 3417
f 3417 5939 5941
f 5927 3404 3383
f 5927 3383 5925
f 5925 3383 3382
f 5925 3382 5923
f 5923 3382 3393
f 5923 3393 5921
f 5921 3393 3392
f 5921 3392 5919
f 3386 5913 5915
f 3386 5915 3388
f 3388 5915 5917
f 3388 5917 3390
f 3390 5917 5919
f 3390 5919 3392
f 5911 5913 3385
f 3385 5913 3386
f 3670 5907 3671
f 3671 5907 5909
f 3671 5909 3385
f 3385 5909 5911
f 3666 5905 3670
f 3670 5905 5907
f 5905 3666 3668
f 5905 3668 5903
f 5903 3668 3677
f 5903 3677 5901
f 5901 3677 3676
f 5901 3676 5899
f 5899 3676 3675
f 5899 3675 5897
f 3653 6005 3655
f 3655 6005 5804
f 3655 5804 3657
f 3657 5804 5805
f 3657 5805 3659
f 3659 5805 5806
f 3659 5806 3661
f 3661 5806 5891
f 3661 5891 3663
f 3663 5891 5893
f 3663 5893 3672
f 3672 5893 5895
f 3672 5895 3675
f 3675 5895 5897
f 6005 3653 3651
f 6005 3651 6004
f 6004 3651 3650
f 6004 3650 6002
f 6002 3650 3648
f 6002 3648 6000
f 6000 3648 3649
f 6000 3649 5998
f 5998 3649 5996
f 5996 3649 3665
f 3643 5990 3642
f 3642 5990 5992
f 3642 5992 3664
f 3664 5992 5994
f 3664 5994 3665
f 3665 5994 5996
f 3644 5988 3645
f 3645 5988 5990
f 3645 5990 3643
f 5988 3644 3641
f 5988 3641 5986
f 5986 3641 3640
f 5986 3640 5984
f 5984 3640 3639
f 5984 3639 5982
f 5982 3639 3638
f 5982 3638 5980
f 3631 5810 3632
f 3632 5810 5808
f 3632 5808 3633
f 3633 5808 5809
f 3633 5809 3634
f 3634 5809 5724
f 3634 5724 3635
f 3635 5724 5723
f 3635 5723 3636
f 3636 5723 5976
f 3636 5976 3637
f 3637 5976 5978
f 3637 5978 3638
f 3638 5978 5980
f 5810 3631 3625
f 5810 3625 5811
f 5811 3625 3624
f 5811 3624 5813
f 5813 3624 3626
f 5813 3626 5815
f 5815 3626 3630
f 5815 3630 5817
f 5817 3630 5819
f 5819 3630 3608
f 3608 3602 5819
f 5819 3602 5818
f 5818 3602 3605
f 6006 6007 3605
f 3605 6007 5816
f 3605 5816 5818
f 6008 5759 6009
f 6009 5759 5807
f 6009 5807 5812
f 6010 6011 5812
f 5812 6011 6012
f 5812 6012 6009
f 5812 5814 6010
f 6010 5814 5816
f 6010 5816 6007
f 6013 6014 6015
f 5975 6016 6017
f 5975 6017 5977
f 6018 6016 6019
f 6019 6016 5975
f 6019 5975 6020
f 6020 5975 5974
f 6021 6020 6022
f 6022 6020 5974
f 6022 5974 6023
f 6023 5974 5725
f 6024 6025 5725
f 5725 6025 6026
f 5725 6026 6023
f 5725 5750 6024
f 6024 5750 5760
f 6024 5760 6027
f 6027 5760 5759
f 6027 5759 6008
f 6028 6029 6030
f 6030 6029 5981
f 6030 5981 6031
f 6031 5981 5979
f 6031 5979 6015
f 6015 5979 5977
f 6015 5977 6013
f 6013 5977 6017
f 6032 6014 6013
f 6018 6033 6016
f 6016 6033 6032
f 6016 6032 6017
f 6017 6032 6013
f 6034 6035 6032
f 6032 6035 6015
f 6032 6015 6014
f 6034 6036 6037
f 6036 6034 6038
f 6038 6034 6032
f 6038 6032 6033
f 6039 6034 6040
f 6040 6034 6037
f 6040 6037 6041
f 6041 6037 6042
f 6043 6037 6044
f 6044 6037 6036
f 6044 6036 6045
f 6046 6030 6031
f 6047 6043 6048
f 6049 6050 6051
f 6043 6044 6048
f 6048 6044 6052
f 6048 6052 6053
f 6054 6055 6056
f 6056 6055 6057
f 6056 6057 6058
f 6058 6057 6051
f 6059 6057 6060
f 6060 6057 6047
f 6061 6062 6063
f 6063 6062 6064
f 6054 6065 6066
f 6067 6068 6054
f 6054 6068 6069
f 6054 6069 6055
f 6055 6069 6070
f 6055 6070 6071
f 6071 6070 6046
f 6071 6046 6035
f 6035 6046 6031
f 6035 6031 6015
f 6060 6072 6064
f 6064 6072 6073
f 6064 6073 6063
f 6067 6054 6074
f 6074 6054 6066
f 6074 6066 6075
f 6076 6049 6077
f 6077 6049 6051
f 6077 6051 6078
f 6078 6051 6057
f 6078 6057 6079
f 6079 6057 6059
f 6048 6080 6047
f 6047 6080 6081
f 6047 6081 6060
f 6060 6081 6082
f 6060 6082 6072
f 6028 6030 6083
f 6083 6030 6046
f 6083 6046 6084
f 6085 6086 6087
f 6087 6086 6088
f 6087 6088 6029
f 6029 6028 6087
f 6087 6028 6083
f 6087 6083 6089
f 6085 6090 6086
f 6086 6090 6091
f 6086 6091 6092
f 6092 6091 6093
f 6085 5989 6090
f 6090 5989 5987
f 6090 5987 6091
f 6091 5987 6093
f 6093 5987 5985
f 6093 5985 6092
f 6092 5985 6086
f 6086 5985 5983
f 6086 5983 6088
f 6088 5983 5981
f 6088 5981 6029
f 5989 6085 5991
f 5991 6085 6087
f 6065 6094 6095
f 6065 5995 6066
f 6066 5995 5993
f 6066 5993 6075
f 6075 5993 5991
f 6075 5991 6096
f 6096 5991 6087
f 6065 6095 5995
f 5995 6095 6097
f 5995 6097 5997
f 6094 6065 6098
f 6098 6065 6054
f 6098 6054 6099
f 6099 6054 6100
f 6098 6099 6101
f 6095 6094 6098
f 6098 6101 6095
f 6095 6101 6102
f 6095 6102 6097
f 6102 6103 6104
f 6104 6105 6102
f 6102 6105 6106
f 6102 6106 6097
f 6097 6106 6107
f 6097 6107 6108
f 6108 6109 6097
f 6097 6109 6110
f 6097 6110 6111
f 6111 6110 6112
f 6111 6112 6113
f 6114 6115 6103
f 6103 6115 6116
f 6103 6116 6104
f 6105 6104 6116
f 6117 5889 6116
f 6116 5889 5758
f 6116 5758 6105
f 6105 5758 5757
f 6105 5757 6106
f 5756 6108 5757
f 5757 6108 6107
f 5757 6107 6106
f 6118 6119 5898
f 5898 5896 6118
f 6118 5896 5894
f 6118 5894 6120
f 6120 5894 6121
f 6121 5894 5892
f 6121 5892 6122
f 6122 5892 6123
f 6123 5892 5890
f 6123 5890 6124
f 6124 5890 6125
f 6125 5890 5889
f 6125 5889 6126
f 6126 5889 6117
f 6126 6117 6127
f 6108 5756 6109
f 6109 5756 5803
f 6109 5803 6003
f 6113 6112 6003
f 6003 6112 6110
f 6003 6110 6109
f 6003 6001 6113
f 6113 6001 5999
f 6113 5999 6111
f 6111 5999 6097
f 6097 5999 5997
f 6128 5906 6129
f 6129 5906 5904
f 6129 5904 6130
f 6130 5904 6131
f 6131 5904 5902
f 6131 5902 6132
f 6132 5902 6133
f 6133 5902 5900
f 6133 5900 6134
f 6134 5900 5898
f 6134 5898 6119
f 5906 6128 5908
f 5908 6128 6135
f 6120 6121 6136
f 6136 6121 6122
f 6136 6122 6123
f 6133 6135 6128
f 6133 6134 6135
f 6135 6134 6119
f 6135 6119 6136
f 6136 6119 6118
f 6136 6118 6120
f 6128 6129 6133
f 6133 6129 6130
f 6133 6130 6132
f 6132 6130 6131
f 6135 6136 6137
f 6135 6137 6138
f 6138 6137 6139
f 6138 6139 6140
f 6140 5912 5910
f 6140 5910 6138
f 6138 5910 5908
f 6138 5908 6135
f 6141 5914 6140
f 6140 5914 5912
f 6142 6143 5918
f 5918 6143 5920
f 5920 6143 6144
f 5920 6144 6145
f 6142 5918 6146
f 6146 5918 5916
f 6146 5916 6147
f 6147 5916 5914
f 6147 5914 6141
f 6148 6149 6150
f 6150 6151 6148
f 6148 6151 6152
f 6148 6152 6153
f 6154 6155 6144
f 6144 6155 6156
f 6156 6157 6144
f 6144 6157 6158
f 6144 6158 6145
f 6145 6158 6159
f 6140 6139 6141
f 6141 6139 6160
f 6141 6160 6147
f 6147 6160 6146
f 6146 6160 6161
f 6146 6161 6142
f 6142 6161 6143
f 6143 6161 6148
f 6143 6148 6144
f 6144 6148 6153
f 6144 6153 6154
f 6156 5926 5924
f 5926 6156 5928
f 5928 6156 6155
f 5928 6155 6154
f 6159 6158 5924
f 5924 6158 6157
f 5924 6157 6156
f 5924 5922 6159
f 6159 5922 5920
f 6159 5920 6145
f 5942 5940 6162
f 6162 5940 6163
f 6163 5940 6164
f 6164 5940 5938
f 6164 5938 6165
f 6165 5938 6166
f 6166 5938 5936
f 6166 5936 6167
f 6167 5936 5934
f 6167 5934 6149
f 6153 6152 5932
f 5932 6152 6151
f 5932 6151 5934
f 5934 6151 6150
f 5934 6150 6149
f 5932 5930 6153
f 6153 5930 5928
f 6153 5928 6154
f 6168 5950 6169
f 6169 5950 5948
f 6169 5948 6170
f 6170 5948 6171
f 6171 5948 5946
f 6171 5946 6172
f 6172 5946 6173
f 6173 5946 5944
f 6173 5944 6174
f 6174 5944 5942
f 6174 5942 6162
f 6175 5958 6176
f 6176 5958 5956
f 6176 5956 6177
f 6177 5956 5954
f 6177 5954 6178
f 6178 5954 5952
f 6178 5952 6168
f 6168 5952 5950
f 6179 5964 5962
f 5964 6179 5966
f 5966 6179 6180
f 5966 6180 6181
f 6182 6183 5962
f 5962 6183 6184
f 5962 6184 6179
f 5962 5960 6182
f 6182 5960 5958
f 6182 5958 6175
f 5966 6181 5968
f 5968 6181 6185
f 6186 5973 5972
f 6186 5972 6187
f 6187 5972 5970
f 6187 5970 6188
f 6188 5970 5968
f 6188 5968 6185
f 6189 6190 5827
f 5821 6191 5823
f 5823 6191 6189
f 5823 6189 5825
f 5825 6189 5827
f 6186 6192 5973
f 5973 6192 6193
f 5973 6193 5821
f 5821 6193 6194
f 5821 6194 6191
f 6166 6167 6195
f 6186 6187 6196
f 6196 6187 6188
f 6196 6188 6185
f 6182 6175 6183
f 6183 6175 6197
f 6185 6181 6197
f 6197 6181 6180
f 6180 6179 6197
f 6197 6179 6184
f 6197 6184 6183
f 6166 6195 6165
f 6198 6173 6174
f 6170 6171 6198
f 6198 6171 6172
f 6198 6172 6173
f 6174 6162 6198
f 6198 6162 6163
f 6198 6163 6195
f 6195 6163 6164
f 6195 6164 6165
f 6185 6197 6196
f 6196 6197 6175
f 6196 6175 6199
f 6199 6175 6176
f 6199 6176 6200
f 6200 6176 6177
f 6200 6177 6201
f 6201 6177 6178
f 6201 6178 6195
f 6195 6178 6168
f 6195 6168 6198
f 6198 6168 6169
f 6198 6169 6170
f 6202 6203 6137
f 6204 6205 6137
f 6195 6167 6196
f 6136 6123 6206
f 6206 6123 6124
f 6206 6124 6207
f 6207 6124 6125
f 6207 6125 6208
f 6136 6206 6137
f 6137 6206 6209
f 6137 6209 6210
f 6205 6193 6137
f 6137 6193 6192
f 6137 6192 6139
f 6196 6167 6186
f 6210 6211 6137
f 6137 6211 6212
f 6137 6212 6213
f 6203 6214 6137
f 6137 6214 6215
f 6137 6215 6216
f 6186 6167 6192
f 6192 6167 6149
f 6192 6149 6148
f 6213 6217 6137
f 6137 6217 6218
f 6137 6218 6202
f 6216 6219 6137
f 6137 6219 6220
f 6137 6220 6204
f 6195 6196 6201
f 6201 6196 6199
f 6201 6199 6200
f 6148 6161 6192
f 6192 6161 6160
f 6192 6160 6139
f 6208 6127 6117
f 6208 6117 6207
f 6207 6117 6221
f 6207 6221 6222
f 6223 6206 6207
f 6207 6222 6224
f 6225 6226 6227
f 6227 6228 6207
f 6207 6228 6229
f 6207 6229 6223
f 6207 6224 6227
f 6227 6224 6230
f 6227 6230 6225
f 6231 6232 6233
f 6226 6234 6227
f 6227 6234 6235
f 6227 6235 6236
f 6236 6235 6237
f 6236 6237 6238
f 6238 6237 6233
f 6232 6239 6233
f 6233 6239 6240
f 6233 6240 6241
f 6241 6240 6242
f 6237 6243 6233
f 6233 6243 6244
f 6233 6244 6231
f 6231 6244 6245
f 6231 6245 6246
f 6229 5785 6223
f 6223 5785 5783
f 6223 5783 6206
f 6206 5783 5781
f 5780 6210 5781
f 5781 6210 6209
f 5781 6209 6206
f 6247 6248 5780
f 5780 6248 6249
f 5780 6249 6210
f 5780 5721 6247
f 6247 5721 5719
f 6247 5719 6250
f 6250 5719 5717
f 6250 5717 6251
f 5789 5787 6236
f 6236 5787 6227
f 6227 5787 6228
f 6228 5787 5785
f 6228 5785 6229
f 6232 5797 6239
f 6239 5797 5795
f 6239 5795 6240
f 6240 5795 6242
f 6242 5795 5793
f 6242 5793 6241
f 6241 5793 6233
f 6233 5793 5791
f 6233 5791 6238
f 6238 5791 5789
f 6238 5789 6236
f 5797 6232 5799
f 5799 6232 6231
f 6237 5777 6243
f 6243 5777 5751
f 6243 5751 5802
f 6246 6245 5802
f 5802 6245 6244
f 5802 6244 6243
f 5802 5801 6246
f 6246 5801 5799
f 6246 5799 6231
f 6049 5746 6050
f 6050 5746 5748
f 5709 6221 5749
f 5749 6221 6115
f 6252 6050 6253
f 6253 6050 5748
f 6253 5748 6254
f 6254 5748 5749
f 6254 5749 6255
f 6255 5749 6115
f 6255 6115 6114
f 5709 5779 6225
f 6222 6221 6224
f 6224 6221 5709
f 6224 5709 6230
f 6230 5709 6225
f 5778 5777 6237
f 6237 6235 5778
f 5778 6235 6234
f 5778 6234 5779
f 5779 6234 6226
f 5779 6226 6225
f 6076 6256 6257
f 5744 5746 6049
f 6049 6076 5744
f 5744 6076 6257
f 5744 6257 5742
f 5742 6257 6258
f 6259 5734 6260
f 6260 5734 5736
f 6260 5736 6261
f 6261 5736 6262
f 6262 5736 5738
f 6262 5738 6263
f 6263 5738 6264
f 6264 5738 5740
f 6264 5740 6265
f 6265 5740 5742
f 6265 5742 6258
f 6061 6266 6267
f 5734 6259 6268
f 6268 6062 5734
f 5734 6062 6061
f 5734 6061 5732
f 5732 6061 6267
f 6062 6268 6064
f 6064 6268 6269
f 6064 6269 6270
f 6271 6272 6273
f 6273 6272 6274
f 6273 6274 6275
f 6275 6274 6270
f 6275 6270 6276
f 6276 6270 6269
f 6077 6275 6076
f 6076 6275 6276
f 6076 6276 6256
f 6264 6268 6259
f 6256 6276 6257
f 6257 6276 6269
f 6257 6269 6258
f 6258 6269 6268
f 6258 6268 6265
f 6265 6268 6264
f 6259 6260 6264
f 6264 6260 6261
f 6264 6261 6263
f 6263 6261 6262
f 6275 6077 6273
f 6273 6077 6078
f 6273 6078 6271
f 6271 6078 6079
f 6271 6079 6272
f 6272 6079 6059
f 6272 6059 6274
f 6274 6059 6060
f 6274 6060 6270
f 6270 6060 6064
f 6277 5712 6278
f 6278 5712 5711
f 6278 5711 5728
f 6279 6280 5728
f 5728 6280 6281
f 5728 6281 6278
f 5728 5730 6279
f 6279 5730 5732
f 6279 5732 6267
f 6282 6283 5761
f 6284 5768 6285
f 6285 5768 5766
f 6285 5766 6286
f 6287 6288 6289
f 6290 6286 6291
f 6291 6286 5766
f 6291 5766 6292
f 6292 5766 5764
f 6292 5764 6289
f 6289 5764 5762
f 6289 5762 6287
f 5761 6283 5762
f 5762 6283 6293
f 5762 6293 6287
f 6277 6294 6053
f 6045 6282 6044
f 6044 6282 5761
f 6044 5761 6052
f 6052 5761 5714
f 6052 5714 6053
f 6053 5714 5712
f 6053 5712 6277
f 5771 5770 6295
f 6295 5770 6296
f 6296 5770 6297
f 6297 5770 5768
f 6297 5768 6284
f 6285 6286 6298
f 6285 6298 6284
f 6299 6295 6300
f 6300 6295 6301
f 6301 6295 6296
f 6301 6296 6298
f 6298 6296 6297
f 6298 6297 6284
f 6302 6303 6304
f 6305 6306 6307
f 6308 6309 6300
f 6300 6309 6310
f 6300 6310 6299
f 6307 6311 6305
f 6305 6311 6302
f 6305 6302 6300
f 6300 6302 6304
f 6300 6304 6308
f 6302 5775 6303
f 6303 5775 5774
f 6303 5774 6304
f 6304 5774 6308
f 6308 5774 5773
f 6308 5773 6309
f 6309 5773 6310
f 6310 5773 5772
f 6310 5772 6299
f 6299 5772 5771
f 6299 5771 6295
f 3597 5776 3599
f 3599 5776 5775
f 3599 5775 6311
f 6311 5775 6302
f 3597 3562 5776
f 5776 3562 5706
f 6312 6313 3610
f 6314 6315 3593
f 6306 6316 3598
f 3598 6316 6314
f 3598 6314 3596
f 3596 6314 3593
f 3599 6311 3598
f 3598 6311 6307
f 3598 6307 6306
f 6312 3610 6317
f 6315 6318 3593
f 3593 6318 6319
f 3593 6319 3594
f 3594 6319 6317
f 3594 6317 3609
f 3609 6317 3610
f 6305 6300 6320
f 6320 6315 6314
f 6305 6320 6306
f 6306 6320 6314
f 6306 6314 6316
f 6321 6322 6323
f 6320 6312 6317
f 6317 6319 6320
f 6320 6319 6318
f 6320 6318 6315
f 6298 6321 6301
f 6301 6321 6323
f 6301 6323 6300
f 6300 6323 6324
f 6300 6324 6320
f 6320 6324 6313
f 6320 6313 6312
f 6323 6322 6325
f 6326 3623 6327
f 6327 3623 3622
f 3610 6313 3612
f 3612 6313 6324
f 3612 6324 6323
f 6323 6325 3612
f 3612 6325 6328
f 3612 6328 3614
f 3614 6328 6329
f 3614 6329 3616
f 3616 6329 6330
f 3616 6330 3618
f 3618 6330 6331
f 3618 6331 3620
f 3620 6331 6332
f 3620 6332 3622
f 3622 6332 6333
f 3622 6333 6327
f 6006 3605 6334
f 6334 3605 3604
f 6334 3604 6335
f 6335 3604 6336
f 6336 3604 3603
f 6336 3603 6337
f 6337 3603 3601
f 6337 3601 6338
f 6338 3601 6339
f 6339 3601 3600
f 6339 3600 6340
f 6340 3600 3606
f 6340 3606 6341
f 6341 3606 3623
f 6341 3623 6326
f 6326 6327 6342
f 6327 6333 6342
f 6342 6333 6343
f 6342 6343 6344
f 6335 6336 6342
f 6342 6336 6337
f 6342 6337 6338
f 6341 6326 6340
f 6340 6326 6342
f 6340 6342 6339
f 6339 6342 6338
f 6344 6023 6026
f 6335 6342 6334
f 6334 6342 6006
f 6026 6025 6344
f 6344 6025 6024
f 6344 6024 6342
f 6342 6024 6027
f 6342 6027 6006
f 6006 6027 6008
f 6008 6009 6006
f 6006 6009 6012
f 6006 6012 6007
f 6007 6012 6011
f 6007 6011 6010
f 6290 6021 6330
f 6298 6328 6321
f 6321 6328 6325
f 6321 6325 6322
f 6330 6021 6331
f 6331 6021 6022
f 6331 6022 6023
f 6023 6344 6331
f 6331 6344 6343
f 6331 6343 6332
f 6332 6343 6333
f 6330 6329 6290
f 6290 6329 6328
f 6290 6328 6286
f 6286 6328 6298
f 6290 6291 6021
f 6021 6291 6020
f 6289 6019 6292
f 6292 6019 6020
f 6292 6020 6291
f 6033 6018 6019
f 6033 6019 6038
f 6038 6019 6289
f 6038 6289 6288
f 6038 6288 6036
f 6036 6288 6287
f 6036 6287 6293
f 6293 6283 6036
f 6036 6283 6282
f 6036 6282 6045
f 6053 6294 6048
f 6048 6294 6345
f 6048 6345 6346
f 6347 6348 6349
f 6349 6350 6347
f 6347 6350 6346
f 6347 6346 6351
f 6351 6346 6345
f 6351 6345 6352
f 6266 6061 6352
f 6352 6061 6063
f 6352 6063 6351
f 6294 6277 6345
f 6345 6277 6266
f 6345 6266 6352
f 6277 6278 6266
f 6266 6278 6281
f 6266 6281 6267
f 6267 6281 6280
f 6267 6280 6279
f 6351 6063 6347
f 6347 6063 6073
f 6347 6073 6348
f 6073 6072 6348
f 6348 6072 6082
f 6348 6082 6349
f 6349 6082 6081
f 6349 6081 6350
f 6350 6081 6080
f 6350 6080 6346
f 6346 6080 6048
f 6353 6051 6354
f 6354 6051 6050
f 6354 6050 6252
f 6355 6353 6101
f 6114 6103 6255
f 6255 6103 6102
f 6255 6102 6254
f 6254 6102 6101
f 6254 6101 6354
f 6354 6101 6353
f 6101 6099 6100
f 6100 6356 6101
f 6101 6356 6357
f 6101 6357 6355
f 6254 6354 6253
f 6253 6354 6252
f 6100 6054 6356
f 6356 6054 6056
f 6356 6056 6357
f 6357 6056 6058
f 6357 6058 6355
f 6355 6058 6051
f 6355 6051 6353
f 6221 6117 6115
f 6115 6117 6116
f 6358 6202 6218
f 6211 6210 6249
f 6249 6248 6211
f 6211 6248 6247
f 6211 6247 6250
f 6359 6360 6361
f 6361 6360 6362
f 6250 6251 6362
f 6362 6251 6363
f 6363 6364 6362
f 6362 6364 6365
f 6362 6365 6361
f 6358 6218 6366
f 6367 6368 6369
f 6370 6371 6367
f 6367 6371 6372
f 6367 6372 6368
f 6369 6373 6367
f 6367 6373 6374
f 6367 6374 6218
f 6218 6374 6375
f 6218 6375 6366
f 6250 6362 6211
f 6211 6362 6360
f 6211 6360 6212
f 6212 6360 6376
f 6212 6376 6213
f 6213 6376 6377
f 6213 6377 6217
f 6217 6377 6378
f 6217 6378 6218
f 6218 6378 6379
f 6218 6379 6367
f 6367 6379 6380
f 6367 6380 6370
f 6360 5882 6376
f 6376 5882 5880
f 6376 5880 6377
f 6377 5880 5878
f 6377 5878 6378
f 6378 5878 5876
f 6378 5876 6379
f 6379 5876 5874
f 6364 5716 5886
f 5716 6364 5717
f 5717 6364 6363
f 5717 6363 6251
f 6359 6361 5886
f 5886 6361 6365
f 5886 6365 6364
f 5886 5884 6359
f 6359 5884 5882
f 6359 5882 6360
f 6379 5874 6380
f 6380 5874 5872
f 6380 5872 6370
f 6370 5872 6371
f 6371 5872 5870
f 6371 5870 6372
f 6372 5870 6368
f 6368 5870 5868
f 6368 5868 6369
f 6369 5868 5866
f 6369 5866 6373
f 5860 5858 6203
f 6203 5858 6214
f 6373 5866 6374
f 6374 5866 5864
f 6374 5864 6375
f 6375 5864 5862
f 6203 6202 5860
f 5860 6202 6358
f 5860 6358 5862
f 5862 6358 6366
f 5862 6366 6375
f 6214 5858 6215
f 6215 5858 5856
f 6215 5856 6381
f 6381 5856 5854
f 6381 5854 6382
f 6382 5854 5853
f 6382 5853 6383
f 6383 5853 5851
f 6383 5851 6384
f 6194 6193 6205
f 6215 6381 6216
f 6216 6381 6382
f 6216 6382 6383
f 6385 6386 6387
f 6387 6386 6388
f 6383 6384 6388
f 6388 6384 6389
f 6389 6390 6388
f 6388 6390 6391
f 6388 6391 6387
f 6392 6393 6394
f 6395 6396 6392
f 6392 6396 6397
f 6392 6397 6393
f 6394 6190 6392
f 6392 6190 6189
f 6392 6189 6205
f 6205 6189 6191
f 6205 6191 6194
f 6383 6388 6216
f 6216 6388 6386
f 6216 6386 6219
f 6219 6386 6398
f 6219 6398 6220
f 6220 6398 6399
f 6220 6399 6204
f 6204 6399 6400
f 6204 6400 6205
f 6205 6400 6401
f 6205 6401 6392
f 6392 6401 6402
f 6392 6402 6395
f 6386 5843 6398
f 6398 5843 5841
f 6398 5841 6399
f 6399 5841 5839
f 6399 5839 6400
f 6400 5839 5837
f 6400 5837 6401
f 6401 5837 5835
f 6390 5849 5847
f 5849 6390 5851
f 5851 6390 6389
f 5851 6389 6384
f 6385 6387 5847
f 5847 6387 6391
f 5847 6391 6390
f 5847 5845 6385
f 6385 5845 5843
f 6385 5843 6386
f 6401 5835 6402
f 6402 5835 5833
f 6402 5833 6395
f 6395 5833 6396
f 6396 5833 5831
f 6396 5831 6397
f 6397 5831 6393
f 6393 5831 5829
f 6393 5829 6394
f 6394 5829 5827
f 6394 5827 6190
f 6127 6208 6126
f 6126 6208 6125
f 6403 6404 6405
f 6405 6404 6074
f 6405 6074 6096
f 6096 6074 6075
f 6089 6083 6084
f 6404 6403 6089
f 6404 6089 6406
f 6407 6406 6408
f 6408 6406 6089
f 6408 6089 6409
f 6409 6089 6084
f 6089 6403 6087
f 6087 6403 6405
f 6087 6405 6096
f 6084 6046 6409
f 6409 6046 6070
f 6409 6070 6408
f 6408 6070 6069
f 6408 6069 6407
f 6407 6069 6068
f 6407 6068 6406
f 6406 6068 6067
f 6406 6067 6404
f 6404 6067 6074
f 6037 6043 6042
f 6042 6043 6047
f 6042 6047 6041
f 6041 6047 6057
f 6041 6057 6040
f 6040 6057 6055
f 6040 6055 6039
f 6039 6055 6071
f 6039 6071 6034
f 6034 6071 6035
f 6410 6411 6412
f 6412 6411 6413
f 6414 6415 6416
f 6416 6415 6417
f 6416 6417 6418
f 6418 6417 6419
f 6418 6419 6420
f 6420 6419 6421
f 6420 6421 6422
f 6422 6421 6423
f 6422 6423 6424
f 6424 6423 6425
f 6424 6425 6426
f 6426 6425 6427
f 6426 6427 6428
f 6428 6427 6429
f 6428 6429 6430
f 6430 6429 6431
f 6430 6431 6432
f 6432 6431 6433
f 6432 6433 6413
f 6413 6433 6434
f 6413 6434 6412
f 6435 6436 6437
f 6437 6436 6438
f 6437 6438 6439
f 6439 6438 6440
f 6439 6440 6441
f 6441 6440 6442
f 6441 6442 6443
f 6443 6442 6444
f 6443 6444 6445
f 6445 6444 6446
f 6445 6446 6447
f 6447 6446 6448
f 6447 6448 6449
f 6449 6448 6450
f 6449 6450 6451
f 6450 6452 6451
f 6451 6452 6453
f 6451 6453 6454
f 6454 6453 6455
f 6454 6455 6456
f 6456 6455 6457
f 6456 6457 6458
f 6458 6457 6459
f 6458 6459 6460
f 6460 6459 6461
f 6460 6461 6462
f 6462 6461 6463
f 6462 6463 6464
f 6464 6463 6465
f 6464 6465 6466
f 6466 6465 6467
f 6466 6467 6468
f 6468 6467 6469
f 6468 6469 6470
f 6470 6469 6471
f 6470 6471 6472
f 6472 6471 6473
f 6472 6473 6474
f 6474 6473 6475
f 6474 6475 6476
f 6476 6475 6477
f 6476 6477 6478
f 6478 6477 6479
f 6478 6479 6480
f 6480 6479 6481
f 6480 6481 6482
f 6482 6481 6483
f 6482 6483 6414
f 6414 6483 6484
f 6414 6484 6415
f 6485 6486 6487
f 6487 6486 6488
f 6489 6490 6488
f 6488 6490 6491
f 6488 6491 6487
f 6489 6492 6490
f 6490 6492 6493
f 6490 6493 6494
f 6494 6493 6495
f 6494 6495 6496
f 6496 6495 6497
f 6496 6497 6498
f 6498 6497 6499
f 6498 6499 6500
f 6500 6499 6501
f 6500 6501 6502
f 6502 6501 6503
f 6502 6503 6504
f 6504 6503 6505
f 6504 6505 6506
f 6506 6505 6507
f 6506 6507 6508
f 6509 6510 6511
f 6511 6510 6512
f 6511 6512 6513
f 6513 6512 6514
f 6513 6514 6515
f 6515 6514 6516
f 6515 6516 6517
f 6517 6516 6518
f 6517 6518 6519
f 6519 6518 6520
f 6519 6520 6521
f 6521 6520 6522
f 6521 6522 6523
f 6523 6522 6524
f 6523 6524 6525
f 6525 6524 6526
f 6507 6527 6508
f 6508 6527 6528
f 6508 6528 6529
f 6529 6528 6530
f 6529 6530 6531
f 6531 6530 6532
f 6531 6532 6533
f 6533 6532 6534
f 6533 6534 6535
f 6535 6534 6536
f 6535 6536 6537
f 6537 6536 6538
f 6537 6538 6539
f 6539 6538 6540
f 6539 6540 6541
f 6541 6540 6542
f 6541 6542 6543
f 6543 6542 6544
f 6543 6544 6545
f 6545 6544 6546
f 6545 6546 6547
f 6547 6546 6548
f 6547 6548 6549
f 6549 6548 6550
f 6549 6550 6551
f 6551 6550 6552
f 6551 6552 6553
f 6553 6552 6554
f 6553 6554 6555
f 6555 6554 6556
f 6555 6556 6557
f 6557 6556 6558
f 6557 6558 6526
f 6526 6558 6559
f 6526 6559 6525
f 6486 6410 6488
f 6488 6410 6412
f 6488 6412 6489
f 6489 6412 6434
f 6436 6435 6509
f 6509 6435 6510
f 6410 6486 6411
f 6411 6486 6485
f 6510 6435 6512
f 6512 6435 6437
f 6512 6437 6514
f 6514 6437 6439
f 6514 6439 6516
f 6516 6439 6441
f 6516 6441 6518
f 6518 6441 6443
f 6518 6443 6520
f 6520 6443 6445
f 6520 6445 6522
f 6522 6445 6447
f 6522 6447 6524
f 6524 6447 6449
f 6524 6449 6526
f 6526 6449 6451
f 6526 6451 6557
f 6557 6451 6454
f 6557 6454 6555
f 6555 6454 6456
f 6555 6456 6553
f 6553 6456 6458
f 6553 6458 6551
f 6551 6458 6460
f 6551 6460 6549
f 6549 6460 6462
f 6549 6462 6547
f 6547 6462 6464
f 6547 6464 6545
f 6545 6464 6466
f 6545 6466 6543
f 6543 6466 6468
f 6543 6468 6541
f 6541 6468 6470
f 6541 6470 6539
f 6539 6470 6472
f 6539 6472 6537
f 6537 6472 6474
f 6537 6474 6535
f 6535 6474 6476
f 6535 6476 6533
f 6533 6476 6478
f 6533 6478 6531
f 6531 6478 6480
f 6531 6480 6529
f 6529 6480 6482
f 6529 6482 6508
f 6508 6482 6414
f 6508 6414 6506
f 6506 6414 6416
f 6506 6416 6504
f 6504 6416 6418
f 6504 6418 6502
f 6502 6418 6420
f 6502 6420 6500
f 6500 6420 6422
f 6500 6422 6498
f 6498 6422 6424
f 6498 6424 6496
f 6496 6424 6426
f 6496 6426 6494
f 6494 6426 6428
f 6494 6428 6490
f 6490 6428 6430
f 6490 6430 6491
f 6491 6430 6432
f 6491 6432 6487
f 6487 6432 6413
f 6487 6413 6485
f 6485 6413 6411
f 6489 6434 6433
f 6489 6433 6492
f 6492 6433 6431
f 6492 6431 6493
f 6493 6431 6429
f 6493 6429 6495
f 6495 6429 6427
f 6495 6427 6497
f 6497 6427 6425
f 6497 6425 6499
f 6499 6425 6423
f 6499 6423 6501
f 6501 6423 6421
f 6501 6421 6503
f 6503 6421 6419
f 6503 6419 6505
f 6505 6419 6417
f 6505 6417 6507
f 6507 6417 6415
f 6507 6415 6527
f 6527 6415 6484
f 6527 6484 6528
f 6528 6484 6483
f 6528 6483 6530
f 6530 6483 6481
f 6530 6481 6532
f 6532 6481 6479
f 6532 6479 6534
f 6534 6479 6477
f 6534 6477 6536
f 6536 6477 6475
f 6536 6475 6538
f 6538 6475 6473
f 6538 6473 6540
f 6540 6473 6471
f 6540 6471 6542
f 6542 6471 6469
f 6542 6469 6544
f 6544 6469 6467
f 6544 6467 6546
f 6546 6467 6465
f 6546 6465 6548
f 6548 6465 6463
f 6548 6463 6550
f 6550 6463 6461
f 6550 6461 6552
f 6552 6461 6459
f 6552 6459 6554
f 6554 6459 6457
f 6554 6457 6556
f 6556 6457 6455
f 6556 6455 6558
f 6558 6455 6453
f 6558 6453 6559
f 6559 6453 6452
f 6559 6452 6525
f 6525 6452 6450
f 6525 6450 6523
f 6523 6450 6448
f 6523 6448 6521
f 6521 6448 6446
f 6521 6446 6519
f 6519 6446 6444
f 6519 6444 6517
f 6517 6444 6442
f 6517 6442 6515
f 6515 6442 6440
f 6515 6440 6513
f 6513 6440 6438
f 6513 6438 6511
f 6511 6438 6436
f 6511 6436 6509
f 6560 6561 6562
f 6560 6562 6563
f 6563 6562 6564
f 6563 6564 6565
f 6565 6564 6566
f 6565 6566 6567
f 6567 6566 6568
f 6567 6568 6569
f 6569 6568 6570
f 6569 6570 6571
f 6571 6570 6572
f 6571 6572 6573
f 6573 6572 6574
f 6573 6574 6575
f 6575 6574 6576
f 6575 6576 6577
f 6577 6576 6578
f 6577 6578 6579
f 6579 6578 6580
f 6579 6580 6581
f 6581 6580 6582
f 6581 6582 6583
f 6583 6582 6584
f 6583 6584 6585
f 6585 6584 6586
f 6585 6586 6587
f 6587 6586 6588
f 6587 6588 6589
f 6589 6588 6590
f 6589 6590 6591
f 6591 6590 6592
f 6591 6592 6593
f 6593 6594 6595
f 6593 6595 6591
f 6591 6595 6596
f 6591 6596 6589
f 6589 6596 6597
f 6589 6597 6587
f 6587 6597 6598
f 6587 6598 6585
f 6585 6598 6599
f 6585 6599 6583
f 6583 6599 6600
f 6583 6600 6581
f 6581 6600 6601
f 6581 6601 6579
f 6579 6601 6602
f 6579 6602 6577
f 6577 6602 6603
f 6577 6603 6575
f 6575 6603 6604
f 6575 6604 6573
f 6573 6604 6605
f 6573 6605 6571
f 6571 6605 6606
f 6571 6606 6569
f 6569 6606 6607
f 6569 6607 6567
f 6567 6607 6608
f 6567 6608 6565
f 6565 6608 6609
f 6565 6609 6563
f 6563 6609 6610
f 6563 6610 6560
f 6560 6610 6611
f 6560 6611 6612
f 6612 6611 6613
f 6612 6613 6614
f 6614 6613 6615
f 6614 6615 6616
f 6616 6615 6617
f 6616 6617 6618
f 6618 6617 6619
f 6618 6619 6620
f 6620 6619 6621
f 6620 6621 6622
f 6622 6621 6623
f 6622 6623 6624
f 6624 6623 6625
f 6624 6625 6626
f 6626 6625 6627
f 6626 6627 6628
f 6628 6627 6629
f 6628 6629 6630
f 6630 6629 6631
f 6630 6631 6632
f 6632 6631 6633
f 6632 6633 6634
f 6634 6633 6635
f 6634 6635 6636
f 6636 6635 6637
f 6636 6637 6638
f 6638 6637 6639
f 6638 6639 6640
f 6640 6639 6594
f 6640 6594 6593
f 6641 6594 6639
f 6641 6639 6642
f 6642 6639 6637
f 6642 6637 6643
f 6643 6637 6635
f 6643 6635 6644
f 6644 6635 6633
f 6644 6633 6645
f 6645 6633 6631
f 6645 6631 6646
f 6646 6631 6629
f 6646 6629 6647
f 6647 6629 6627
f 6647 6627 6648
f 6648 6627 6625
f 6648 6625 6649
f 6649 6625 6623
f 6649 6623 6650
f 6650 6623 6621
f 6650 6621 6651
f 6651 6621 6619
f 6651 6619 6652
f 6652 6619 6617
f 6652 6617 6653
f 6653 6617 6615
f 6653 6615 6654
f 6654 6615 6613
f 6654 6613 6655
f 6655 6613 6611
f 6655 6611 6656
f 6656 6611 6610
f 6656 6610 6657
f 6657 6610 6609
f 6657 6609 6658
f 6658 6609 6608
f 6658 6608 6659
f 6659 6608 6607
f 6659 6607 6660
f 6660 6607 6606
f 6660 6606 6661
f 6661 6606 6605
f 6661 6605 6662
f 6662 6605 6604
f 6662 6604 6663
f 6663 6604 6603
f 6663 6603 6664
f 6664 6603 6602
f 6664 6602 6665
f 6665 6602 6601
f 6665 6601 6666
f 6666 6601 6600
f 6666 6600 6667
f 6667 6600 6599
f 6667 6599 6668
f 6668 6599 6598
f 6668 6598 6669
f 6669 6598 6597
f 6669 6597 6670
f 6670 6597 6596
f 6670 6596 6671
f 6671 6596 6595
f 6671 6595 6672
f 6672 6595 6594
f 6672 6594 6641
f 6673 6649 6674
f 6674 6649 6650
f 6674 6650 6675
f 6675 6650 6651
f 6675 6651 6676
f 6676 6651 6652
f 6676 6652 6677
f 6677 6652 6653
f 6677 6653 6678
f 6678 6653 6654
f 6678 6654 6679
f 6679 6654 6655
f 6679 6655 6680
f 6680 6655 6656
f 6680 6656 6681
f 6681 6656 6657
f 6681 6657 6682
f 6682 6657 6658
f 6682 6658 6683
f 6683 6658 6659
f 6683 6659 6684
f 6684 6659 6660
f 6684 6660 6685
f 6685 6660 6661
f 6685 6661 6686
f 6686 6661 6662
f 6686 6662 6687
f 6687 6662 6663
f 6687 6663 6688
f 6688 6663 6664
f 6688 6664 6689
f 6664 6665 6689
f 6689 6665 6666
f 6689 6666 6690
f 6690 6666 6667
f 6690 6667 6691
f 6691 6667 6668
f 6691 6668 6692
f 6692 6668 6669
f 6692 6669 6693
f 6693 6669 6670
f 6693 6670 6694
f 6694 6670 6671
f 6694 6671 6695
f 6695 6671 6672
f 6695 6672 6696
f 6696 6672 6641
f 6696 6641 6697
f 6697 6641 6642
f 6697 6642 6698
f 6698 6642 6643
f 6698 6643 6699
f 6699 6643 6644
f 6699 6644 6700
f 6700 6644 6645
f 6700 6645 6701
f 6701 6645 6646
f 6701 6646 6702
f 6702 6646 6647
f 6702 6647 6673
f 6673 6647 6648
f 6673 6648 6649
f 6703 6696 6704
f 6704 6696 6697
f 6704 6697 6705
f 6705 6697 6698
f 6705 6698 6706
f 6706 6698 6699
f 6706 6699 6707
f 6707 6699 6700
f 6707 6700 6708
f 6708 6700 6701
f 6708 6701 6709
f 6709 6701 6702
f 6709 6702 6710
f 6710 6702 6673
f 6710 6673 6711
f 6711 6673 6674
f 6711 6674 6712
f 6712 6674 6675
f 6712 6675 6713
f 6713 6675 6676
f 6713 6676 6714
f 6714 6676 6677
f 6714 6677 6715
f 6715 6677 6678
f 6715 6678 6716
f 6716 6678 6679
f 6716 6679 6717
f 6717 6679 6680
f 6717 6680 6718
f 6718 6680 6681
f 6718 6719 6717
f 6717 6719 6720
f 6717 6720 6716
f 6716 6720 6721
f 6716 6721 6715
f 6715 6721 6722
f 6715 6722 6714
f 6714 6722 6723
f 6714 6723 6713
f 6713 6723 6724
f 6713 6724 6712
f 6712 6724 6725
f 6712 6725 6711
f 6711 6725 6726
f 6711 6726 6710
f 6710 6726 6727
f 6710 6727 6709
f 6709 6727 6728
f 6709 6728 6708
f 6708 6728 6729
f 6708 6729 6707
f 6707 6729 6730
f 6707 6730 6706
f 6706 6730 6731
f 6706 6731 6705
f 6705 6731 6732
f 6705 6732 6704
f 6704 6732 6733
f 6704 6733 6703
f 6703 6733 6734
f 6703 6734 6735
f 6735 6734 6736
f 6735 6736 6737
f 6737 6736 6738
f 6737 6738 6739
f 6739 6738 6740
f 6739 6740 6741
f 6741 6740 6742
f 6741 6742 6743
f 6743 6742 6744
f 6743 6744 6745
f 6745 6744 6746
f 6745 6746 6747
f 6747 6746 6748
f 6747 6748 6749
f 6749 6748 6750
f 6749 6750 6751
f 6751 6750 6752
f 6751 6752 6753
f 6753 6752 6754
f 6753 6754 6755
f 6755 6754 6756
f 6755 6756 6757
f 6757 6756 6758
f 6757 6758 6759
f 6759 6758 6760
f 6759 6760 6761
f 6761 6760 6762
f 6761 6762 6718
f 6718 6762 6719
f 6734 6763 6736
f 6736 6763 6764
f 6736 6764 6738
f 6738 6764 6765
f 6738 6765 6740
f 6740 6765 6766
f 6740 6766 6742
f 6742 6766 6767
f 6742 6767 6744
f 6744 6767 6768
f 6744 6768 6746
f 6746 6768 6769
f 6746 6769 6748
f 6748 6769 6770
f 6748 6770 6750
f 6750 6770 6771
f 6750 6771 6752
f 6752 6771 6772
f 6752 6772 6754
f 6754 6772 6773
f 6754 6773 6756
f 6756 6773 6774
f 6756 6774 6758
f 6758 6774 6775
f 6758 6775 6760
f 6760 6775 6776
f 6760 6776 6762
f 6762 6776 6777
f 6762 6777 6719
f 6719 6777 6778
f 6719 6778 6720
f 6720 6778 6779
f 6720 6779 6721
f 6721 6779 6780
f 6721 6780 6722
f 6722 6780 6781
f 6722 6781 6723
f 6723 6781 6782
f 6723 6782 6724
f 6724 6782 6783
f 6724 6783 6725
f 6725 6783 6784
f 6725 6784 6726
f 6726 6784 6785
f 6726 6785 6727
f 6727 6785 6786
f 6727 6786 6728
f 6728 6786 6787
f 6728 6787 6729
f 6729 6787 6788
f 6729 6788 6730
f 6730 6788 6789
f 6730 6789 6731
f 6731 6789 6790
f 6731 6790 6732
f 6732 6790 6791
f 6732 6791 6733
f 6733 6791 6792
f 6733 6792 6734
f 6734 6792 6763
f 6775 6793 6776
f 6776 6793 6794
f 6776 6794 6777
f 6777 6794 6795
f 6777 6795 6778
f 6778 6795 6796
f 6778 6796 6779
f 6779 6796 6797
f 6779 6797 6780
f 6780 6797 6798
f 6780 6798 6781
f 6781 6798 6799
f 6781 6799 6782
f 6782 6799 6800
f 6782 6800 6783
f 6783 6800 6801
f 6783 6801 6784
f 6784 6801 6802
f 6784 6802 6785
f 6785 6802 6803
f 6785 6803 6786
f 6786 6803 6804
f 6786 6804 6787
f 6787 6804 6805
f 6787 6805 6788
f 6788 6805 6806
f 6788 6806 6789
f 6789 6806 6807
f 6789 6807 6790
f 6790 6807 6808
f 6790 6808 6791
f 6791 6808 6809
f 6791 6809 6792
f 6792 6809 6810
f 6792 6810 6763
f 6763 6810 6811
f 6763 6811 6764
f 6764 6811 6812
f 6764 6812 6765
f 6765 6812 6813
f 6765 6813 6766
f 6766 6813 6814
f 6766 6814 6767
f 6767 6814 6815
f 6767 6815 6768
f 6768 6815 6816
f 6768 6816 6769
f 6769 6816 6817
f 6769 6817 6770
f 6770 6817 6818
f 6770 6818 6771
f 6771 6818 6819
f 6771 6819 6772
f 6772 6819 6820
f 6772 6820 6773
f 6773 6820 6821
f 6773 6821 6774
f 6774 6821 6822
f 6774 6822 6775
f 6775 6822 6793
f 6811 6823 6812
f 6812 6823 6824
f 6812 6824 6813
f 6813 6824 6825
f 6813 6825 6814
f 6814 6825 6826
f 6814 6826 6815
f 6815 6826 6827
f 6815 6827 6816
f 6816 6827 6828
f 6816 6828 6817
f 6817 6828 6829
f 6817 6829 6818
f 6818 6829 6830
f 6818 6830 6819
f 6819 6830 6831
f 6819 6831 6820
f 6820 6831 6832
f 6820 6832 6821
f 6821 6832 6833
f 6821 6833 6822
f 6822 6833 6834
f 6822 6834 6793
f 6793 6834 6835
f 6793 6835 6794
f 6794 6835 6836
f 6794 6836 6795
f 6795 6836 6837
f 6795 6837 6796
f 6796 6837 6838
f 6796 6838 6797
f 6797 6838 6839
f 6797 6839 6798
f 6798 6839 6840
f 6798 6840 6799
f 6799 6840 6841
f 6799 6841 6800
f 6800 6841 6842
f 6800 6842 6801
f 6801 6842 6843
f 6801 6843 6802
f 6802 6843 6844
f 6802 6844 6803
f 6803 6844 6845
f 6803 6845 6804
f 6804 6845 6846
f 6804 6846 6805
f 6805 6846 6847
f 6805 6847 6806
f 6806 6847 6848
f 6806 6848 6807
f 6807 6848 6849
f 6807 6849 6808
f 6808 6849 6850
f 6808 6850 6809
f 6809 6850 6851
f 6809 6851 6810
f 6810 6851 6852
f 6810 6852 6811
f 6811 6852 6823
f 6838 6853 6839
f 6839 6853 6854
f 6839 6854 6840
f 6840 6854 6855
f 6840 6855 6841
f 6841 6855 6856
f 6841 6856 6842
f 6842 6856 6857
f 6842 6857 6843
f 6843 6857 6858
f 6843 6858 6844
f 6844 6858 6859
f 6844 6859 6845
f 6845 6859 6860
f 6845 6860 6846
f 6846 6860 6861
f 6846 6861 6847
f 6847 6861 6862
f 6847 6862 6848
f 6848 6862 6863
f 6848 6863 6849
f 6849 6863 6864
f 6849 6864 6850
f 6850 6864 6865
f 6850 6865 6851
f 6851 6865 6866
f 6851 6866 6852
f 6852 6866 6867
f 6852 6867 6823
f 6823 6867 6868
f 6823 6868 6824
f 6824 6868 6869
f 6824 6869 6825
f 6825 6869 6870
f 6825 6870 6826
f 6826 6870 6871
f 6826 6871 6827
f 6827 6871 6872
f 6827 6872 6828
f 6828 6872 6873
f 6828 6873 6829
f 6829 6873 6874
f 6829 6874 6830
f 6830 6874 6875
f 6830 6875 6831
f 6831 6875 6876
f 6831 6876 6832
f 6832 6876 6877
f 6832 6877 6833
f 6833 6877 6878
f 6833 6878 6834
f 6834 6878 6879
f 6834 6879 6835
f 6835 6879 6880
f 6835 6880 6836
f 6836 6880 6881
f 6836 6881 6837
f 6837 6881 6882
f 6837 6882 6838
f 6838 6882 6853
f 6883 6884 6885
f 6886 6887 6883
f 6888 6889 6890
f 6891 6892 6893
f 6894 6895 6896
f 6870 6869 6897
f 6866 6898 6867
f 6864 6863 6899
f 6861 6900 6862
f 6901 6902 6903
f 6903 6902 6904
f 6905 6906 6907
f 6908 6909 6910
f 6910 6909 6892
f 6911 6912 6913
f 6914 6890 6915
f 6915 6890 6889
f 6915 6889 6916
f 6916 6889 6917
f 6918 6919 6920
f 6920 6919 6921
f 6920 6921 6922
f 6922 6921 6917
f 6923 6924 6925
f 6925 6924 6926
f 6925 6926 6927
f 6928 6929 6888
f 6888 6929 6930
f 6888 6930 6889
f 6889 6930 6931
f 6889 6931 6917
f 6917 6931 6932
f 6917 6932 6922
f 6933 6934 6935
f 6935 6934 6919
f 6918 6923 6919
f 6919 6923 6925
f 6919 6925 6935
f 6935 6925 6936
f 6935 6936 6933
f 6933 6936 6913
f 6912 6937 6913
f 6913 6937 6938
f 6913 6938 6909
f 6938 6939 6909
f 6909 6939 6940
f 6909 6940 6892
f 6940 6941 6892
f 6892 6941 6942
f 6892 6942 6893
f 6893 6942 6943
f 6944 6945 6946
f 6946 6945 6947
f 6946 6947 6911
f 6948 6949 6950
f 6950 6949 6908
f 6891 6951 6952
f 6952 6951 6953
f 6952 6953 6949
f 6954 6955 6951
f 6951 6955 6956
f 6951 6956 6953
f 6957 6958 6951
f 6951 6958 6959
f 6951 6959 6954
f 6954 6959 6960
f 6954 6960 6961
f 6962 6963 6964
f 6965 6966 6962
f 6962 6966 6967
f 6962 6967 6963
f 6968 6969 6970
f 6970 6969 6971
f 6970 6971 6972
f 6969 6973 6971
f 6971 6973 6974
f 6971 6974 6965
f 6965 6974 6975
f 6965 6975 6966
f 6975 6976 6966
f 6966 6976 6977
f 6966 6977 6978
f 6968 6970 6979
f 6979 6970 6980
f 6979 6980 6981
f 6977 6982 6978
f 6978 6982 6983
f 6978 6983 6980
f 6980 6983 6984
f 6980 6984 6981
f 6985 6986 6970
f 6987 6988 6989
f 6970 6986 6980
f 6980 6986 6990
f 6980 6990 6991
f 6992 6993 6994
f 6994 6993 6995
f 6994 6995 6996
f 6990 6997 6991
f 6991 6997 6998
f 6991 6998 6989
f 6989 6998 6999
f 6989 6999 6987
f 7000 7001 6989
f 7000 7002 7003
f 7003 7004 7000
f 7000 7004 7005
f 7000 7005 7001
f 7001 7005 7006
f 7007 7008 7009
f 7009 7008 7010
f 7011 7012 7013
f 7013 7012 7014
f 7013 7014 7015
f 7015 7014 7001
f 7015 7001 7016
f 7016 7001 7006
f 7017 7018 7019
f 7019 7018 7020
f 7019 7020 7021
f 7022 7023 7024
f 7025 7026 7027
f 7026 7028 7027
f 7027 7028 7029
f 7027 7029 7030
f 7031 7032 7033
f 7029 7034 7030
f 7030 7034 7035
f 7030 7035 7036
f 7036 7035 7037
f 7036 7037 7031
f 7031 7037 7038
f 7031 7038 7032
f 7039 7040 7031
f 7031 7040 7041
f 7031 7041 7036
f 7042 7043 7044
f 7044 7043 7045
f 7046 7047 7048
f 7047 7049 7048
f 7048 7049 7050
f 7048 7050 7051
f 7051 7050 7052
f 7051 7052 7053
f 7053 7052 7054
f 7053 7054 7055
f 7056 6905 7057
f 7057 6905 7055
f 7057 7055 7058
f 7058 7055 7054
f 7059 6907 7060
f 7061 7062 7063
f 7064 7065 7066
f 7066 7065 7061
f 7062 7067 7063
f 7063 7067 7068
f 7063 7068 6906
f 6906 7068 7069
f 6906 7069 7070
f 7070 7071 6906
f 6906 7071 7072
f 6906 7072 6907
f 6907 7072 7073
f 6907 7073 7060
f 7074 7075 7076
f 7076 7075 7077
f 7076 7077 6904
f 6904 7077 7078
f 6904 7078 6903
f 6854 7079 6855
f 6855 7079 7080
f 6855 7080 6856
f 6856 7080 7081
f 6856 7081 6857
f 6866 6865 7082
f 6870 6897 7083
f 6875 6874 7084
f 7084 6874 6873
f 6882 6881 6886
f 6886 6881 6880
f 6886 6880 6887
f 6887 6880 6879
f 6887 6879 6883
f 6883 6879 6878
f 6883 6878 6884
f 6884 6878 6877
f 6884 6877 6876
f 6892 7085 6910
f 6910 7085 7086
f 6910 7086 6908
f 6908 7086 7087
f 6908 7087 6950
f 6948 7088 6949
f 6949 7088 7089
f 6949 7089 6952
f 6952 7089 7090
f 6952 7090 6891
f 6891 7090 7091
f 7091 7092 6891
f 6891 7092 7093
f 6891 7093 6892
f 6892 7093 7094
f 6892 7094 7085
f 7078 7095 7096
f 7078 7096 7097
f 7096 7098 7097
f 7097 7098 7099
f 7097 7099 7100
f 7100 7099 7101
f 7100 7101 7102
f 7102 7101 7103
f 7102 7103 7104
f 7074 7059 7075
f 7075 7059 7102
f 7075 7102 7105
f 7105 7102 7104
f 7105 7106 7075
f 7075 7106 7107
f 7075 7107 7077
f 7077 7107 7108
f 7077 7108 7078
f 7078 7108 7109
f 7078 7109 7095
f 7110 7111 7112
f 7112 7111 7113
f 7112 7113 7114
f 7115 7116 7117
f 7117 7116 7111
f 7117 7111 7118
f 7118 7111 7110
f 7115 6894 7116
f 7116 6894 6896
f 7116 6896 7119
f 7116 7120 7111
f 7111 7120 7081
f 7111 7081 7121
f 7121 7081 7080
f 6863 6862 6899
f 6899 6862 6900
f 6899 6900 7119
f 7119 6900 6861
f 7119 6861 7116
f 7116 6861 6860
f 7116 6860 7120
f 7120 6860 6859
f 7120 6859 7081
f 7081 6859 6858
f 7081 6858 6857
f 6865 6864 7082
f 7082 6864 6899
f 7082 6899 6893
f 6893 6899 7119
f 6893 7119 6891
f 6891 7119 6896
f 6891 6896 6951
f 6951 6896 6895
f 6951 6895 6957
f 6911 6913 6946
f 6946 6913 6936
f 6946 6936 7122
f 7122 6936 6925
f 7122 6925 6888
f 6888 6925 6927
f 6888 6927 6928
f 6960 7114 6961
f 6961 7114 7113
f 6961 7113 7123
f 7123 7113 7111
f 7123 7111 6964
f 6964 7111 7121
f 6964 7121 6962
f 6962 7121 7080
f 6962 7080 6965
f 6965 7080 7079
f 6965 7079 6971
f 6971 7079 6854
f 6971 6854 6972
f 6972 6854 6853
f 6972 6853 6882
f 6866 7082 6898
f 6898 7082 7124
f 6898 7124 6867
f 7125 7126 7124
f 7124 7126 6868
f 7124 6868 6867
f 6988 6992 6989
f 6989 6992 6994
f 6989 6994 7000
f 7000 6994 7127
f 6869 6868 6897
f 6897 6868 7126
f 6897 7126 7128
f 7128 7126 7125
f 7128 7125 7129
f 7130 7131 7129
f 6914 7132 7133
f 7134 7135 6890
f 7129 7131 7136
f 7136 7131 7137
f 7136 7137 7138
f 6914 7133 6890
f 6890 7133 7139
f 6890 7139 7134
f 6943 6944 6893
f 6893 6944 6946
f 6893 6946 7082
f 7082 6946 7122
f 7082 7122 7124
f 7124 7122 6888
f 7124 6888 7125
f 7125 6888 6890
f 7125 6890 7129
f 7129 6890 7135
f 7129 7135 7130
f 7138 7140 7136
f 7136 7140 7141
f 7136 7141 6914
f 6914 7141 7142
f 6914 7142 7132
f 7127 7143 7000
f 7000 7143 7009
f 7000 7009 7002
f 7002 7009 7010
f 7021 7144 7019
f 7019 7144 7027
f 7019 7027 7017
f 7017 7027 7030
f 7011 7007 7012
f 7012 7007 7009
f 7012 7009 7021
f 7021 7009 7143
f 7021 7143 7144
f 7144 7143 7145
f 7144 7145 7027
f 7027 7145 7024
f 7027 7024 7025
f 7025 7024 7023
f 7044 6885 7146
f 7146 6885 6884
f 7146 6884 7084
f 7084 6884 6876
f 7084 6876 6875
f 7061 7063 7066
f 7066 7063 7147
f 7066 7147 7148
f 7060 7064 7059
f 7059 7064 7066
f 7059 7066 7102
f 7102 7066 7148
f 7102 7148 7100
f 7100 7148 7083
f 7100 7083 7097
f 7097 7083 6897
f 7097 6897 7078
f 7078 6897 7128
f 7078 7128 6903
f 6903 7128 7129
f 6903 7129 6901
f 6901 7129 7136
f 6901 7136 7149
f 7149 7136 6914
f 7149 6914 7150
f 7150 6914 6915
f 7051 7039 7048
f 7048 7039 7031
f 7048 7031 7024
f 7024 7031 7033
f 7024 7033 7022
f 7045 7046 7044
f 7044 7046 7048
f 7044 7048 6885
f 6885 7048 7024
f 6885 7024 6883
f 6883 7024 7145
f 6883 7145 6886
f 6886 7145 7143
f 6886 7143 6882
f 6882 7143 7127
f 6882 7127 6972
f 6972 7127 6994
f 6972 6994 6970
f 6970 6994 6996
f 6970 6996 6985
f 7056 7042 6905
f 6905 7042 7044
f 6905 7044 6906
f 6906 7044 7146
f 6906 7146 7063
f 7063 7146 7084
f 7063 7084 7147
f 7147 7084 6873
f 7147 6873 7148
f 7148 6873 6872
f 7148 6872 7083
f 7083 6872 6871
f 7083 6871 6870
f 7151 6967 7152
f 7152 6967 6966
f 7152 6966 7153
f 7153 6966 6978
f 7153 6978 7154
f 7154 6978 6980
f 7154 6980 7155
f 7155 6980 6991
f 7155 6991 7156
f 7156 6991 6989
f 7156 6989 7157
f 7123 6964 7151
f 7151 6964 6963
f 7151 6963 6967
f 7123 7151 6961
f 6961 7151 7158
f 6961 7158 6954
f 6954 7158 7159
f 6954 7159 6955
f 6955 7159 7160
f 6955 7160 6956
f 6956 7160 7161
f 6956 7161 6953
f 6953 7161 7162
f 6953 7162 6949
f 6949 7162 7163
f 6949 7163 6908
f 6908 7163 7164
f 6908 7164 6909
f 6909 7164 7165
f 6909 7165 6913
f 6913 7165 7166
f 6913 7166 6933
f 6933 7166 6934
f 6934 7166 7167
f 6934 7167 6919
f 6919 7167 6921
f 6921 7167 7168
f 6921 7168 6917
f 6917 7168 7169
f 6917 7169 6916
f 6916 7169 7170
f 6916 7170 6915
f 6915 7170 7171
f 6915 7171 7150
f 7017 7172 7173
f 7174 6904 7175
f 7175 6904 6902
f 7175 6902 7176
f 7176 6902 6901
f 7176 6901 7177
f 7177 6901 7149
f 7177 7149 7178
f 7178 7149 7150
f 7178 7150 7171
f 7059 7074 7174
f 7174 7074 7076
f 7174 7076 6904
f 7174 7179 7059
f 7059 7179 7180
f 7059 7180 6907
f 6907 7180 7181
f 6907 7181 6905
f 6905 7181 7182
f 6905 7182 7055
f 7055 7182 7183
f 7055 7183 7053
f 7053 7183 7184
f 7053 7184 7051
f 7051 7184 7185
f 7051 7185 7039
f 7039 7185 7186
f 7039 7186 7040
f 7017 7030 7172
f 7172 7030 7036
f 7172 7036 7186
f 7186 7036 7041
f 7186 7041 7040
f 7021 7020 7173
f 7173 7020 7018
f 7173 7018 7017
f 7173 7187 7021
f 7021 7187 7188
f 7021 7188 7012
f 7012 7188 7189
f 7012 7189 7014
f 7014 7189 7190
f 7014 7190 7001
f 7001 7190 7157
f 7001 7157 6989
f 7191 7157 7190
f 7191 7190 7192
f 7192 7190 7189
f 7192 7189 7193
f 7193 7189 7188
f 7193 7188 7194
f 7194 7188 7187
f 7194 7187 7195
f 7195 7187 7173
f 7195 7173 7196
f 7196 7173 7172
f 7196 7172 7197
f 7197 7172 7186
f 7197 7186 7198
f 7198 7186 7185
f 7198 7185 7199
f 7199 7185 7184
f 7199 7184 7200
f 7200 7184 7183
f 7200 7183 7201
f 7201 7183 7182
f 7201 7182 7202
f 7202 7182 7181
f 7202 7181 7203
f 7203 7181 7180
f 7203 7180 7204
f 7204 7180 7179
f 7204 7179 7205
f 7205 7179 7174
f 7205 7174 7206
f 7206 7174 7175
f 7206 7175 7207
f 7207 7175 7176
f 7207 7176 7208
f 7208 7176 7177
f 7208 7177 7209
f 7209 7177 7178
f 7209 7178 7210
f 7210 7178 7171
f 7210 7171 7211
f 7195 7212 7194
f 7194 7212 7213
f 7194 7213 7193
f 7193 7213 7214
f 7193 7214 7192
f 7192 7214 7215
f 7192 7215 7191
f 7197 7216 7196
f 7196 7216 7217
f 7217 7218 7196
f 7196 7218 7219
f 7196 7219 7195
f 7195 7219 7220
f 7195 7220 7212
f 7206 7221 7205
f 7205 7221 7222
f 7205 7222 7204
f 7204 7222 7223
f 7204 7223 7203
f 7203 7223 7224
f 7203 7224 7202
f 7202 7224 7225
f 7202 7225 7201
f 7201 7225 7226
f 7201 7226 7200
f 7200 7226 7227
f 7200 7227 7199
f 7199 7227 7228
f 7199 7228 7198
f 7198 7228 7229
f 7198 7229 7197
f 7197 7229 7230
f 7197 7230 7216
f 7231 7232 7206
f 7232 7233 7206
f 7206 7233 7234
f 7206 7234 7221
f 7206 7207 7231
f 7231 7207 7208
f 7231 7208 7235
f 7235 7208 7209
f 7235 7209 7236
f 7236 7209 7210
f 7236 7210 7237
f 7237 7210 7211
f 7237 7211 7238
f 7239 7240 7241
f 7239 7242 7243
f 7243 7242 7244
f 7245 7246 7247
f 7248 7249 7250
f 7251 7252 7253
f 7254 7255 7256
f 7257 7258 7259
f 7259 7258 7217
f 7259 7217 7216
f 7228 7260 7229
f 7227 7226 7261
f 7222 7262 7223
f 7263 7264 7265
f 7266 7267 7268
f 7268 7267 7269
f 7270 7271 7272
f 7273 7274 7275
f 7274 7273 7276
f 7277 7278 7279
f 7280 7281 7215
f 7281 7282 7215
f 7215 7282 7283
f 7215 7283 7284
f 7283 7285 7284
f 7284 7285 7286
f 7284 7286 7287
f 7287 7286 7288
f 7287 7288 7289
f 7290 7291 7292
f 7292 7291 7280
f 7288 7293 7289
f 7289 7293 7294
f 7289 7294 7292
f 7292 7294 7295
f 7292 7295 7290
f 7296 7297 7289
f 7289 7297 7298
f 7289 7298 7287
f 7287 7298 7299
f 7300 7301 7302
f 7302 7301 7303
f 7299 7304 7287
f 7287 7304 7305
f 7287 7305 7300
f 7300 7305 7306
f 7300 7306 7301
f 7307 7308 7309
f 7309 7308 7302
f 7303 7310 7302
f 7302 7310 7311
f 7302 7311 7309
f 7309 7311 7312
f 7309 7312 7313
f 7314 7315 7316
f 7316 7315 7317
f 7316 7317 7318
f 7319 7320 7278
f 7278 7320 7321
f 7278 7321 7279
f 7322 7323 7279
f 7279 7323 7324
f 7279 7324 7277
f 7325 7326 7322
f 7322 7326 7327
f 7322 7327 7276
f 7328 7267 7329
f 7329 7267 7273
f 7272 7271 7275
f 7275 7271 7330
f 7275 7330 7273
f 7273 7330 7331
f 7273 7331 7329
f 7332 7269 7333
f 7333 7269 7267
f 7333 7267 7334
f 7334 7267 7328
f 7332 7335 7269
f 7269 7335 7336
f 7269 7336 7272
f 7272 7336 7337
f 7272 7337 7270
f 7338 7339 7340
f 7266 7341 7342
f 7342 7341 7343
f 7338 7340 7344
f 7345 7346 7347
f 7347 7346 7348
f 7347 7348 7349
f 7349 7348 7342
f 7349 7342 7350
f 7350 7342 7343
f 7339 7351 7340
f 7340 7351 7352
f 7340 7352 7341
f 7341 7352 7353
f 7341 7353 7343
f 7345 7354 7346
f 7346 7354 7264
f 7346 7264 7355
f 7355 7264 7263
f 7236 7237 7356
f 7356 7237 7238
f 7356 7238 7357
f 7358 7359 7231
f 7231 7359 7360
f 7231 7360 7232
f 7361 7233 7232
f 7233 7361 7234
f 7234 7361 7362
f 7234 7362 7221
f 7363 7364 7262
f 7262 7364 7365
f 7262 7365 7366
f 7366 7365 7367
f 7367 7368 7366
f 7366 7368 7369
f 7366 7369 7362
f 7363 7262 7370
f 7370 7262 7222
f 7370 7222 7371
f 7369 7372 7362
f 7362 7372 7373
f 7362 7373 7221
f 7221 7373 7374
f 7221 7374 7222
f 7222 7374 7375
f 7222 7375 7371
f 7376 7377 7378
f 7379 7380 7223
f 7223 7380 7224
f 7381 7382 7261
f 7261 7382 7383
f 7380 7384 7224
f 7224 7384 7385
f 7224 7385 7225
f 7225 7385 7386
f 7225 7386 7226
f 7226 7386 7387
f 7226 7387 7261
f 7261 7387 7388
f 7261 7388 7381
f 7259 7389 7390
f 7259 7390 7257
f 7257 7390 7391
f 7257 7391 7392
f 7392 7393 7257
f 7257 7393 7260
f 7257 7260 7261
f 7261 7260 7228
f 7261 7228 7227
f 7230 7394 7216
f 7216 7394 7395
f 7216 7395 7259
f 7259 7395 7396
f 7259 7396 7389
f 7393 7397 7260
f 7260 7397 7398
f 7260 7398 7229
f 7229 7398 7399
f 7229 7399 7230
f 7230 7399 7400
f 7230 7400 7394
f 7401 7402 7214
f 7403 7404 7405
f 7220 7406 7212
f 7212 7406 7407
f 7407 7408 7212
f 7212 7408 7409
f 7212 7409 7213
f 7213 7409 7410
f 7213 7410 7214
f 7214 7410 7411
f 7214 7411 7401
f 7405 7412 7403
f 7403 7412 7413
f 7403 7413 7406
f 7406 7413 7414
f 7406 7414 7407
f 7280 7215 7292
f 7292 7215 7214
f 7292 7214 7403
f 7403 7214 7402
f 7403 7402 7404
f 7415 7416 7417
f 7418 7419 7272
f 7256 7420 7254
f 7254 7420 7253
f 7254 7253 7421
f 7421 7253 7252
f 7317 7307 7318
f 7318 7307 7309
f 7318 7309 7422
f 7422 7309 7313
f 7422 7313 7423
f 7423 7313 7424
f 7313 7425 7424
f 7424 7425 7426
f 7424 7426 7427
f 7427 7426 7249
f 7249 7426 7428
f 7249 7428 7250
f 7250 7428 7219
f 7250 7219 7258
f 7258 7219 7218
f 7258 7218 7217
f 7241 7240 7429
f 7429 7240 7430
f 7429 7430 7431
f 7431 7430 7432
f 7431 7432 7433
f 7434 7435 7436
f 7436 7435 7437
f 7436 7437 7438
f 7438 7437 7439
f 7438 7439 7440
f 7417 7441 7415
f 7415 7441 7442
f 7415 7442 7341
f 7341 7442 7443
f 7341 7443 7340
f 7340 7443 7444
f 7340 7444 7440
f 7440 7444 7445
f 7440 7445 7438
f 7327 7446 7276
f 7276 7446 7447
f 7276 7447 7274
f 7274 7447 7448
f 7274 7448 7275
f 7275 7448 7449
f 7275 7449 7450
f 7451 7452 7453
f 7453 7452 7454
f 7453 7454 7455
f 7455 7454 7456
f 7457 7458 7459
f 7459 7458 7460
f 7459 7460 7432
f 7432 7460 7461
f 7432 7461 7462
f 7462 7463 7432
f 7432 7463 7435
f 7432 7435 7433
f 7433 7435 7434
f 7463 7464 7435
f 7435 7464 7465
f 7435 7465 7437
f 7437 7465 7466
f 7437 7466 7467
f 7468 7469 7470
f 7470 7469 7420
f 7470 7420 7471
f 7321 7472 7279
f 7279 7472 7473
f 7279 7473 7474
f 7474 7473 7475
f 7474 7475 7256
f 7475 7476 7256
f 7256 7476 7477
f 7256 7477 7420
f 7420 7477 7478
f 7420 7478 7471
f 7378 7479 7480
f 7366 7479 7262
f 7262 7479 7378
f 7262 7378 7223
f 7223 7378 7377
f 7223 7377 7379
f 7248 7250 7246
f 7246 7250 7258
f 7246 7258 7247
f 7247 7258 7257
f 7247 7257 7480
f 7480 7257 7261
f 7480 7261 7378
f 7378 7261 7383
f 7378 7383 7376
f 7360 7457 7232
f 7232 7457 7459
f 7232 7459 7361
f 7361 7459 7432
f 7361 7432 7362
f 7362 7432 7430
f 7362 7430 7366
f 7366 7430 7240
f 7366 7240 7479
f 7479 7240 7239
f 7479 7239 7480
f 7480 7239 7243
f 7480 7243 7247
f 7247 7243 7244
f 7247 7244 7245
f 7481 7482 7357
f 7483 7484 7265
f 7238 7263 7357
f 7357 7263 7265
f 7357 7265 7481
f 7481 7265 7484
f 7485 7486 7487
f 7487 7486 7488
f 7487 7488 7265
f 7265 7488 7489
f 7265 7489 7483
f 7490 7485 7356
f 7356 7485 7487
f 7356 7487 7236
f 7236 7487 7358
f 7236 7358 7235
f 7235 7358 7231
f 7482 7491 7357
f 7357 7491 7492
f 7357 7492 7356
f 7356 7492 7493
f 7356 7493 7490
f 7220 7219 7406
f 7406 7219 7428
f 7406 7428 7403
f 7403 7428 7426
f 7403 7426 7292
f 7292 7426 7425
f 7292 7425 7289
f 7289 7425 7313
f 7289 7313 7296
f 7296 7313 7312
f 7467 7359 7437
f 7437 7359 7358
f 7437 7358 7439
f 7439 7358 7487
f 7439 7487 7440
f 7440 7487 7265
f 7440 7265 7340
f 7340 7265 7264
f 7340 7264 7344
f 7344 7264 7354
f 7422 7251 7318
f 7318 7251 7253
f 7318 7253 7316
f 7316 7253 7420
f 7316 7420 7314
f 7314 7420 7469
f 7314 7469 7278
f 7278 7469 7468
f 7278 7468 7319
f 7266 7268 7341
f 7341 7268 7269
f 7341 7269 7415
f 7415 7269 7272
f 7415 7272 7416
f 7416 7272 7419
f 7416 7419 7417
f 7494 7418 7495
f 7495 7418 7272
f 7495 7272 7454
f 7454 7272 7275
f 7454 7275 7456
f 7456 7275 7450
f 7255 7494 7256
f 7256 7494 7495
f 7256 7495 7474
f 7474 7495 7454
f 7474 7454 7279
f 7279 7454 7452
f 7279 7452 7322
f 7322 7452 7451
f 7322 7451 7325
f 7496 7346 7497
f 7497 7346 7355
f 7497 7355 7498
f 7498 7355 7263
f 7498 7263 7499
f 7499 7263 7238
f 7499 7238 7211
f 7500 7314 7501
f 7501 7314 7278
f 7501 7278 7502
f 7502 7278 7277
f 7502 7277 7503
f 7503 7277 7324
f 7503 7324 7504
f 7504 7324 7323
f 7504 7323 7505
f 7505 7323 7322
f 7505 7322 7506
f 7506 7322 7276
f 7506 7276 7507
f 7507 7276 7273
f 7507 7273 7508
f 7508 7273 7267
f 7508 7267 7509
f 7509 7267 7266
f 7509 7266 7510
f 7510 7266 7342
f 7510 7342 7496
f 7496 7342 7348
f 7496 7348 7346
f 7307 7317 7500
f 7500 7317 7315
f 7500 7315 7314
f 7307 7500 7308
f 7308 7500 7511
f 7308 7511 7302
f 7302 7511 7512
f 7302 7512 7300
f 7300 7512 7513
f 7300 7513 7287
f 7287 7513 7514
f 7287 7514 7284
f 7284 7514 7191
f 7284 7191 7215
f 7211 7171 7170
f 7211 7170 7499
f 7499 7170 7169
f 7499 7169 7498
f 7498 7169 7168
f 7498 7168 7497
f 7497 7168 7167
f 7497 7167 7496
f 7496 7167 7166
f 7496 7166 7510
f 7510 7166 7165
f 7510 7165 7509
f 7509 7165 7164
f 7509 7164 7508
f 7508 7164 7163
f 7508 7163 7507
f 7507 7163 7162
f 7507 7162 7506
f 7506 7162 7161
f 7506 7161 7505
f 7505 7161 7160
f 7505 7160 7504
f 7504 7160 7159
f 7504 7159 7503
f 7503 7159 7158
f 7503 7158 7502
f 7502 7158 7151
f 7502 7151 7501
f 7501 7151 7152
f 7501 7152 7500
f 7500 7152 7153
f 7500 7153 7511
f 7511 7153 7154
f 7511 7154 7512
f 7512 7154 7155
f 7512 7155 7513
f 7513 7155 7156
f 7513 7156 7514
f 7514 7156 7157
f 7514 7157 7191
f 7050 7388 7052
f 7052 7388 7387
f 7052 7387 7054
f 7054 7387 7386
f 7054 7386 7058
f 7058 7386 7385
f 7058 7385 7057
f 7057 7385 7384
f 7057 7384 7056
f 7056 7384 7380
f 7056 7380 7042
f 7042 7380 7379
f 7042 7379 7043
f 7043 7379 7377
f 7043 7377 7045
f 7045 7377 7376
f 7045 7376 7046
f 7046 7376 7383
f 7046 7383 7047
f 7047 7383 7382
f 7047 7382 7049
f 7049 7382 7381
f 7049 7381 7050
f 7050 7381 7388
f 6942 7271 6943
f 6943 7271 7270
f 6943 7270 6944
f 6944 7270 7337
f 6944 7337 6945
f 6945 7337 7336
f 6945 7336 6947
f 6947 7336 7335
f 6947 7335 6911
f 6911 7335 7332
f 6911 7332 6912
f 6912 7332 7333
f 6912 7333 6937
f 6937 7333 7334
f 6937 7334 6938
f 6938 7334 7328
f 6938 7328 6939
f 6939 7328 7329
f 6939 7329 6940
f 6940 7329 7331
f 6940 7331 6941
f 6941 7331 7330
f 6941 7330 6942
f 6942 7330 7271
f 7112 7468 7110
f 7110 7468 7470
f 7110 7470 7118
f 7118 7470 7471
f 7118 7471 7117
f 7117 7471 7478
f 7117 7478 7115
f 7115 7478 7477
f 7115 7477 6894
f 6894 7477 7476
f 6894 7476 6895
f 6895 7476 7475
f 6895 7475 6957
f 6957 7475 7473
f 6957 7473 6958
f 6958 7473 7472
f 6958 7472 6959
f 6959 7472 7321
f 6959 7321 6960
f 6960 7321 7320
f 6960 7320 7114
f 7114 7320 7319
f 7114 7319 7112
f 7112 7319 7468
f 6999 7283 6987
f 6987 7283 7282
f 6987 7282 6988
f 6988 7282 7281
f 6988 7281 6992
f 6992 7281 7280
f 6992 7280 6993
f 6993 7280 7291
f 6993 7291 6995
f 6995 7291 7290
f 6995 7290 6996
f 6996 7290 7295
f 6996 7295 6985
f 6985 7295 7294
f 6985 7294 6986
f 6986 7294 7293
f 6986 7293 6990
f 6990 7293 7288
f 6990 7288 6997
f 6997 7288 7286
f 6997 7286 6998
f 6998 7286 7285
f 6998 7285 6999
f 6999 7285 7283
f 7101 7463 7103
f 7103 7463 7462
f 7103 7462 7104
f 7104 7462 7461
f 7104 7461 7105
f 7105 7461 7460
f 7105 7460 7106
f 7106 7460 7458
f 7106 7458 7107
f 7107 7458 7457
f 7107 7457 7108
f 7108 7457 7360
f 7108 7360 7109
f 7109 7360 7359
f 7109 7359 7095
f 7095 7359 7467
f 7095 7467 7096
f 7096 7467 7466
f 7096 7466 7098
f 7098 7466 7465
f 7098 7465 7099
f 7099 7465 7464
f 7099 7464 7101
f 7101 7464 7463
f 7029 7395 7034
f 7034 7395 7394
f 7034 7394 7035
f 7035 7394 7400
f 7035 7400 7037
f 7037 7400 7399
f 7037 7399 7038
f 7038 7399 7398
f 7038 7398 7032
f 7032 7398 7397
f 7032 7397 7033
f 7033 7397 7393
f 7033 7393 7022
f 7022 7393 7392
f 7022 7392 7023
f 7023 7392 7391
f 7023 7391 7025
f 7025 7391 7390
f 7025 7390 7026
f 7026 7390 7389
f 7026 7389 7028
f 7028 7389 7396
f 7028 7396 7029
f 7029 7396 7395
f 7015 7411 7013
f 7013 7411 7410
f 7013 7410 7011
f 7011 7410 7409
f 7011 7409 7007
f 7007 7409 7408
f 7007 7408 7008
f 7008 7408 7407
f 7008 7407 7010
f 7010 7407 7414
f 7010 7414 7002
f 7002 7414 7413
f 7002 7413 7003
f 7003 7413 7412
f 7003 7412 7004
f 7004 7412 7405
f 7004 7405 7005
f 7005 7405 7404
f 7005 7404 7006
f 7006 7404 7402
f 7006 7402 7016
f 7016 7402 7401
f 7016 7401 7015
f 7015 7401 7411
f 6984 7305 6981
f 6981 7305 7304
f 6981 7304 6979
f 6979 7304 7299
f 6979 7299 6968
f 6968 7299 7298
f 6968 7298 6969
f 6969 7298 7297
f 6969 7297 6973
f 6973 7297 7296
f 6973 7296 6974
f 6974 7296 7312
f 6974 7312 6975
f 6975 7312 7311
f 6975 7311 6976
f 6976 7311 7310
f 6976 7310 6977
f 6977 7310 7303
f 6977 7303 6982
f 6982 7303 7301
f 6982 7301 6983
f 6983 7301 7306
f 6983 7306 6984
f 6984 7306 7305
f 7090 7451 7091
f 7091 7451 7453
f 7091 7453 7092
f 7092 7453 7455
f 7092 7455 7093
f 7093 7455 7456
f 7093 7456 7094
f 7094 7456 7450
f 7094 7450 7085
f 7085 7450 7449
f 7085 7449 7086
f 7086 7449 7448
f 7086 7448 7087
f 7087 7448 7447
f 7087 7447 6950
f 6950 7447 7446
f 6950 7446 6948
f 6948 7446 7327
f 6948 7327 7088
f 7088 7327 7326
f 7088 7326 7089
f 7089 7326 7325
f 7089 7325 7090
f 7090 7325 7451
f 6927 7352 6928
f 6928 7352 7351
f 6928 7351 6929
f 6929 7351 7339
f 6929 7339 6930
f 6930 7339 7338
f 6930 7338 6931
f 6931 7338 7344
f 6931 7344 6932
f 6932 7344 7354
f 6932 7354 6922
f 6922 7354 7345
f 6922 7345 6920
f 6920 7345 7347
f 6920 7347 6918
f 6918 7347 7349
f 6918 7349 6923
f 6923 7349 7350
f 6923 7350 6924
f 6924 7350 7343
f 6924 7343 6926
f 6926 7343 7353
f 6926 7353 6927
f 6927 7353 7352
f 7135 7489 7130
f 7130 7489 7488
f 7130 7488 7131
f 7131 7488 7486
f 7131 7486 7137
f 7137 7486 7485
f 7137 7485 7138
f 7138 7485 7490
f 7138 7490 7140
f 7140 7490 7493
f 7140 7493 7141
f 7141 7493 7492
f 7141 7492 7142
f 7142 7492 7491
f 7142 7491 7132
f 7132 7491 7482
f 7132 7482 7133
f 7133 7482 7481
f 7133 7481 7139
f 7139 7481 7484
f 7139 7484 7134
f 7134 7484 7483
f 7134 7483 7135
f 7135 7483 7489
f 7069 7365 7070
f 7070 7365 7364
f 7070 7364 7071
f 7071 7364 7363
f 7071 7363 7072
f 7072 7363 7370
f 7072 7370 7073
f 7073 7370 7371
f 7073 7371 7060
f 7060 7371 7375
f 7060 7375 7064
f 7064 7375 7374
f 7064 7374 7065
f 7065 7374 7373
f 7065 7373 7061
f 7061 7373 7372
f 7061 7372 7062
f 7062 7372 7369
f 7062 7369 7067
f 7067 7369 7368
f 7067 7368 7068
f 7068 7368 7367
f 7068 7367 7069
f 7069 7367 7365
f 6592 7445 7444
f 6592 7444 7515
f 7515 7444 7443
f 7515 7443 7516
f 7516 7443 7442
f 7516 7442 7517
f 7517 7442 7441
f 7517 7441 7518
f 7518 7441 7417
f 7518 7417 7519
f 7519 7417 7419
f 7519 7419 7520
f 7520 7419 7418
f 7520 7418 7521
f 7521 7418 7494
f 7521 7494 7522
f 7522 7494 7255
f 7522 7255 7523
f 7523 7255 7254
f 7523 7254 7524
f 7524 7254 7421
f 7524 7421 7525
f 7525 7421 7252
f 7525 7252 7526
f 7526 7252 7251
f 7526 7251 7527
f 7527 7251 7422
f 7527 7422 7528
f 7528 7422 7423
f 7528 7423 7529
f 7529 7423 7424
f 7529 7424 6561
f 6561 7424 7427
f 6561 7427 6562
f 6562 7427 7249
f 6562 7249 6564
f 6564 7249 7248
f 6564 7248 6566
f 6566 7248 7246
f 6566 7246 6568
f 6568 7246 7245
f 6568 7245 6570
f 6570 7245 7244
f 6570 7244 6572
f 6572 7244 7242
f 6572 7242 6574
f 6574 7242 7239
f 6574 7239 6576
f 6576 7239 7241
f 6576 7241 6578
f 6578 7241 7429
f 6578 7429 6580
f 6580 7429 7431
f 6580 7431 6582
f 6582 7431 7433
f 6582 7433 6584
f 6584 7433 7434
f 6584 7434 6586
f 6586 7434 7436
f 6586 7436 6588
f 6588 7436 7438
f 6588 7438 6590
f 6590 7438 7445
f 6590 7445 6592
f 6593 6592 7515
f 6593 7515 6640
f 6640 7515 7516
f 6640 7516 6638
f 6638 7516 7517
f 6638 7517 6636
f 6636 7517 7518
f 6636 7518 6634
f 6634 7518 7519
f 6634 7519 6632
f 6632 7519 7520
f 6632 7520 6630
f 6630 7520 7521
f 6630 7521 6628
f 6628 7521 7522
f 6628 7522 6626
f 6626 7522 7523
f 6626 7523 6624
f 6624 7523 7524
f 6624 7524 6622
f 6622 7524 7525
f 6622 7525 6620
f 6620 7525 7526
f 6620 7526 6618
f 6618 7526 7527
f 6618 7527 6616
f 6616 7527 7528
f 6616 7528 6614
f 6614 7528 7529
f 6614 7529 6612
f 6612 7529 6561
f 6612 6561 6560
f 6718 6681 6761
f 6761 6681 6682
f 6761 6682 6759
f 6759 6682 6683
f 6759 6683 6757
f 6757 6683 6684
f 6757 6684 6755
f 6755 6684 6685
f 6755 6685 6753
f 6753 6685 6686
f 6753 6686 6751
f 6751 6686 6687
f 6751 6687 6749
f 6749 6687 6688
f 6749 6688 6747
f 6747 6688 6689
f 6747 6689 6745
f 6745 6689 6690
f 6745 6690 6743
f 6743 6690 6691
f 6743 6691 6741
f 6741 6691 6692
f 6741 6692 6739
f 6739 6692 6693
f 6739 6693 6737
f 6737 6693 6694
f 6737 6694 6735
f 6735 6694 6695
f 6735 6695 6703
f 6703 6695 6696
f 7530 7531 7532
f 7532 7531 7533
f 7532 7533 7534
f 7534 7533 7535
f 7534 7535 7536
f 7536 7535 7537
f 7536 7537 7538
f 7538 7537 7539
f 7538 7539 7540
f 7540 7539 7541
f 7540 7541 7542
f 7542 7541 7543
f 7542 7543 7544
f 7544 7543 7545
f 7544 7545 7546
f 7546 7545 7547
f 7546 7547 7548
f 7548 7547 7549
f 7548 7549 7550
f 7550 7549 7551
f 7550 7551 7552
f 7552 7551 7553
f 7552 7553 7554
f 7554 7553 7555
f 7554 7555 7556
f 7556 7555 7557
f 7556 7557 7558
f 7558 7557 7559
f 7558 7559 7560
f 7560 7559 7561
f 7560 7561 7562
f 7562 7561 7563
f 7562 7563 7564
f 7564 7563 7565
f 7564 7565 7566
f 7566 7565 7567
f 7566 7567 7568
f 7568 7567 7569
f 7568 7570 7566
f 7566 7570 7571
f 7566 7571 7564
f 7564 7571 7572
f 7564 7572 7562
f 7562 7572 7573
f 7562 7573 7560
f 7560 7573 7574
f 7560 7574 7558
f 7558 7574 7575
f 7558 7575 7556
f 7556 7575 7576
f 7556 7576 7554
f 7554 7576 7577
f 7554 7577 7552
f 7552 7577 7578
f 7552 7578 7550
f 7550 7578 7579
f 7550 7579 7548
f 7548 7579 7580
f 7548 7580 7546
f 7546 7580 7581
f 7546 7581 7544
f 7544 7581 7582
f 7544 7582 7542
f 7542 7582 7583
f 7542 7583 7540
f 7540 7583 7584
f 7540 7584 7538
f 7538 7584 7585
f 7538 7585 7536
f 7536 7585 7586
f 7536 7586 7534
f 7534 7586 7587
f 7534 7587 7532
f 7532 7587 7588
f 7532 7588 7530
f 7530 7588 7589
f 7530 7589 7590
f 7590 7589 7591
f 7590 7591 7592
f 7592 7591 7593
f 7592 7593 7594
f 7594 7593 7595
f 7594 7595 7596
f 7596 7595 7597
f 7596 7597 7598
f 7598 7597 7599
f 7598 7599 7600
f 7600 7599 7601
f 7600 7601 7602
f 7602 7601 7603
f 7602 7603 7604
f 7604 7603 7605
f 7604 7605 7606
f 7606 7605 7607
f 7606 7607 7608
f 7608 7607 7609
f 7608 7609 7610
f 7610 7609 7611
f 7610 7611 7612
f 7612 7611 7613
f 7612 7613 7614
f 7614 7613 7615
f 7614 7615 7616
f 7616 7615 7617
f 7616 7617 7618
f 7618 7617 7619
f 7618 7619 7620
f 7620 7619 7621
f 7620 7621 7622
f 7622 7621 7623
f 7622 7623 7624
f 7624 7623 7625
f 7624 7625 7568
f 7568 7625 7570
f 7589 7626 7591
f 7591 7626 7627
f 7591 7627 7593
f 7593 7627 7628
f 7593 7628 7595
f 7595 7628 7629
f 7595 7629 7597
f 7597 7629 7630
f 7597 7630 7599
f 7599 7630 7631
f 7599 7631 7601
f 7601 7631 7632
f 7601 7632 7603
f 7603 7632 7633
f 7603 7633 7605
f 7605 7633 7634
f 7605 7634 7607
f 7607 7634 7635
f 7607 7635 7609
f 7609 7635 7636
f 7609 7636 7611
f 7611 7636 7637
f 7611 7637 7613
f 7613 7637 7638
f 7613 7638 7615
f 7615 7638 7639
f 7615 7639 7617
f 7617 7639 7640
f 7617 7640 7619
f 7619 7640 7641
f 7619 7641 7621
f 7621 7641 7642
f 7621 7642 7623
f 7623 7642 7643
f 7623 7643 7625
f 7625 7643 7644
f 7625 7644 7570
f 7570 7644 7645
f 7570 7645 7571
f 7571 7645 7646
f 7571 7646 7572
f 7572 7646 7647
f 7572 7647 7573
f 7573 7647 7648
f 7573 7648 7574
f 7574 7648 7649
f 7574 7649 7575
f 7575 7649 7650
f 7575 7650 7576
f 7576 7650 7651
f 7576 7651 7577
f 7577 7651 7652
f 7577 7652 7578
f 7578 7652 7653
f 7578 7653 7579
f 7579 7653 7654
f 7579 7654 7580
f 7580 7654 7655
f 7580 7655 7581
f 7581 7655 7656
f 7581 7656 7582
f 7582 7656 7657
f 7582 7657 7583
f 7583 7657 7658
f 7583 7658 7584
f 7584 7658 7659
f 7584 7659 7585
f 7585 7659 7660
f 7585 7660 7586
f 7586 7660 7661
f 7586 7661 7587
f 7587 7661 7662
f 7587 7662 7588
f 7588 7662 7663
f 7588 7663 7589
f 7589 7663 7626
f 7636 7664 7637
f 7637 7664 7665
f 7637 7665 7638
f 7638 7665 7666
f 7638 7666 7639
f 7639 7666 7667
f 7639 7667 7640
f 7640 7667 7668
f 7640 7668 7641
f 7641 7668 7669
f 7641 7669 7642
f 7642 7669 7670
f 7642 7670 7643
f 7643 7670 7671
f 7643 7671 7644
f 7644 7671 7672
f 7644 7672 7645
f 7645 7672 7673
f 7645 7673 7646
f 7646 7673 7674
f 7646 7674 7647
f 7647 7674 7675
f 7647 7675 7648
f 7648 7675 7676
f 7648 7676 7649
f 7649 7676 7677
f 7649 7677 7650
f 7650 7677 7678
f 7650 7678 7651
f 7651 7678 7679
f 7651 7679 7652
f 7652 7679 7680
f 7652 7680 7653
f 7653 7680 7681
f 7653 7681 7654
f 7654 7681 7682
f 7654 7682 7655
f 7682 7683 7655
f 7655 7683 7684
f 7655 7684 7656
f 7656 7684 7685
f 7656 7685 7657
f 7657 7685 7686
f 7657 7686 7658
f 7658 7686 7687
f 7658 7687 7659
f 7659 7687 7688
f 7659 7688 7660
f 7660 7688 7689
f 7660 7689 7661
f 7661 7689 7690
f 7661 7690 7662
f 7662 7690 7691
f 7662 7691 7663
f 7663 7691 7692
f 7663 7692 7626
f 7626 7692 7693
f 7626 7693 7627
f 7627 7693 7694
f 7627 7694 7628
f 7628 7694 7695
f 7628 7695 7629
f 7629 7695 7696
f 7629 7696 7630
f 7630 7696 7697
f 7630 7697 7631
f 7631 7697 7698
f 7631 7698 7632
f 7632 7698 7699
f 7632 7699 7633
f 7633 7699 7700
f 7633 7700 7634
f 7634 7700 7701
f 7634 7701 7635
f 7635 7701 7702
f 7635 7702 7636
f 7636 7702 7703
f 7636 7703 7664
f 7673 7704 7705
f 7673 7705 7674
f 7674 7705 7706
f 7674 7706 7675
f 7675 7706 7707
f 7675 7707 7676
f 7676 7707 7708
f 7676 7708 7677
f 7677 7708 7709
f 7677 7709 7678
f 7678 7709 7710
f 7678 7710 7679
f 7679 7710 7711
f 7679 7711 7680
f 7680 7711 7712
f 7680 7712 7681
f 7681 7712 7713
f 7681 7713 7682
f 7682 7713 7714
f 7682 7714 7683
f 7683 7714 7715
f 7683 7715 7684
f 7684 7715 7716
f 7684 7716 7685
f 7685 7716 7717
f 7685 7717 7686
f 7686 7717 7718
f 7686 7718 7687
f 7687 7718 7719
f 7687 7719 7688
f 7688 7719 7720
f 7688 7720 7689
f 7689 7720 7721
f 7689 7721 7690
f 7690 7721 7722
f 7690 7722 7691
f 7691 7722 7723
f 7691 7723 7692
f 7692 7723 7724
f 7692 7724 7693
f 7693 7724 7725
f 7693 7725 7694
f 7694 7725 7726
f 7694 7726 7695
f 7695 7726 7727
f 7695 7727 7696
f 7696 7727 7728
f 7696 7728 7697
f 7697 7728 7729
f 7697 7729 7698
f 7698 7729 7730
f 7698 7730 7699
f 7699 7730 7731
f 7699 7731 7700
f 7700 7731 7732
f 7700 7732 7701
f 7701 7732 7733
f 7701 7733 7702
f 7702 7733 7734
f 7702 7734 7703
f 7703 7734 7735
f 7703 7735 7664
f 7664 7735 7736
f 7664 7736 7665
f 7665 7736 7737
f 7665 7737 7666
f 7666 7737 7738
f 7666 7738 7667
f 7667 7738 7739
f 7667 7739 7668
f 7668 7739 7740
f 7668 7740 7669
f 7669 7740 7741
f 7669 7741 7670
f 7670 7741 7742
f 7670 7742 7671
f 7671 7742 7743
f 7671 7743 7672
f 7672 7743 7704
f 7672 7704 7673
f 7744 7704 7743
f 7744 7743 7745
f 7745 7743 7742
f 7745 7742 7746
f 7746 7742 7741
f 7746 7741 7747
f 7747 7741 7740
f 7747 7740 7748
f 7748 7740 7739
f 7748 7739 7749
f 7749 7739 7738
f 7749 7738 7750
f 7750 7738 7737
f 7750 7737 7751
f 7751 7737 7736
f 7751 7736 7752
f 7752 7736 7735
f 7752 7735 7753
f 7753 7735 7734
f 7753 7734 7754
f 7754 7734 7733
f 7754 7733 7755
f 7755 7733 7732
f 7755 7732 7756
f 7756 7732 7731
f 7756 7731 7757
f 7757 7731 7730
f 7757 7730 7758
f 7758 7730 7729
f 7758 7729 7759
f 7759 7729 7728
f 7759 7728 7760
f 7760 7728 7727
f 7760 7727 7761
f 7761 7727 7726
f 7761 7726 7762
f 7762 7726 7725
f 7762 7725 7763
f 7763 7725 7724
f 7763 7724 7764
f 7765 7744 7745
f 7765 7745 7766
f 7766 7745 7746
f 7766 7746 7767
f 7767 7746 7747
f 7767 7747 7768
f 7768 7747 7748
f 7768 7748 7769
f 7769 7748 7749
f 7769 7749 7770
f 7770 7749 7750
f 7770 7750 7771
f 7771 7750 7751
f 7771 7751 7772
f 7772 7751 7752
f 7772 7752 7773
f 7773 7752 7753
f 7773 7753 7774
f 7774 7753 7754
f 7774 7754 7775
f 7775 7754 7755
f 7775 7755 7776
f 7776 7755 7756
f 7776 7756 7777
f 7777 7756 7757
f 7777 7757 7778
f 7778 7757 7758
f 7778 7758 7779
f 7779 7758 7759
f 7779 7759 7780
f 7780 7759 7760
f 7780 7760 7781
f 7781 7760 7761
f 7781 7761 7782
f 7782 7761 7762
f 7782 7762 7783
f 7783 7762 7763
f 7783 7763 7784
f 7784 7763 7764
f 7784 7764 7785
f 7786 7776 7787
f 7787 7776 7777
f 7787 7777 7788
f 7788 7777 7778
f 7788 7778 7789
f 7789 7778 7779
f 7789 7779 7790
f 7790 7779 7780
f 7790 7780 7791
f 7791 7780 7781
f 7791 7781 7792
f 7792 7781 7782
f 7792 7782 7793
f 7793 7782 7783
f 7793 7783 7794
f 7794 7783 7784
f 7794 7784 7531
f 7531 7784 7785
f 7531 7785 7533
f 7533 7785 7795
f 7533 7795 7535
f 7535 7795 7796
f 7535 7796 7537
f 7537 7796 7797
f 7537 7797 7539
f 7539 7797 7798
f 7539 7798 7541
f 7541 7798 7799
f 7541 7799 7543
f 7543 7799 7800
f 7543 7800 7545
f 7545 7800 7801
f 7545 7801 7547
f 7547 7801 7802
f 7547 7802 7549
f 7549 7802 7803
f 7549 7803 7551
f 7803 7804 7551
f 7551 7804 7805
f 7551 7805 7553
f 7553 7805 7806
f 7553 7806 7555
f 7555 7806 7807
f 7555 7807 7557
f 7557 7807 7808
f 7557 7808 7559
f 7559 7808 7809
f 7559 7809 7561
f 7561 7809 7810
f 7561 7810 7563
f 7563 7810 7811
f 7563 7811 7565
f 7565 7811 7812
f 7565 7812 7567
f 7567 7812 7813
f 7567 7813 7569
f 7569 7813 7765
f 7569 7765 7814
f 7814 7765 7766
f 7814 7766 7815
f 7815 7766 7767
f 7815 7767 7816
f 7816 7767 7768
f 7816 7768 7817
f 7817 7768 7769
f 7817 7769 7818
f 7818 7769 7770
f 7818 7770 7819
f 7819 7770 7771
f 7819 7771 7820
f 7820 7771 7772
f 7820 7772 7821
f 7821 7772 7773
f 7821 7773 7822
f 7822 7773 7774
f 7822 7774 7786
f 7786 7774 7775
f 7786 7775 7776
f 7785 7764 7823
f 7785 7823 7795
f 7795 7823 7824
f 7795 7824 7796
f 7796 7824 7825
f 7796 7825 7797
f 7797 7825 7826
f 7797 7826 7798
f 7798 7826 7827
f 7798 7827 7799
f 7799 7827 7828
f 7799 7828 7800
f 7800 7828 7829
f 7800 7829 7801
f 7801 7829 7830
f 7801 7830 7802
f 7802 7830 7831
f 7802 7831 7803
f 7803 7831 7832
f 7803 7832 7804
f 7804 7832 7833
f 7804 7833 7805
f 7805 7833 7834
f 7805 7834 7806
f 7806 7834 7835
f 7806 7835 7807
f 7807 7835 7836
f 7807 7836 7808
f 7808 7836 7837
f 7808 7837 7809
f 7809 7837 7838
f 7809 7838 7810
f 7810 7838 7839
f 7810 7839 7811
f 7811 7839 7840
f 7811 7840 7812
f 7812 7840 7841
f 7812 7841 7813
f 7813 7841 7744
f 7813 7744 7765
f 7764 7724 7723
f 7764 7723 7823
f 7823 7723 7722
f 7823 7722 7824
f 7824 7722 7721
f 7824 7721 7825
f 7825 7721 7720
f 7825 7720 7826
f 7826 7720 7719
f 7826 7719 7827
f 7827 7719 7718
f 7827 7718 7828
f 7828 7718 7717
f 7828 7717 7829
f 7829 7717 7716
f 7829 7716 7830
f 7830 7716 7715
f 7830 7715 7831
f 7831 7715 7714
f 7831 7714 7832
f 7832 7714 7713
f 7832 7713 7833
f 7833 7713 7712
f 7833 7712 7834
f 7834 7712 7711
f 7834 7711 7835
f 7835 7711 7710
f 7835 7710 7836
f 7836 7710 7709
f 7836 7709 7837
f 7837 7709 7708
f 7837 7708 7838
f 7838 7708 7707
f 7838 7707 7839
f 7839 7707 7706
f 7839 7706 7840
f 7840 7706 7705
f 7840 7705 7841
f 7841 7705 7704
f 7841 7704 7744
f 7568 7569 7624
f 7624 7569 7814
f 7624 7814 7622
f 7622 7814 7815
f 7622 7815 7620
f 7620 7815 7816
f 7620 7816 7618
f 7618 7816 7817
f 7618 7817 7616
f 7616 7817 7818
f 7616 7818 7614
f 7614 7818 7819
f 7614 7819 7612
f 7612 7819 7820
f 7612 7820 7610
f 7610 7820 7821
f 7610 7821 7608
f 7608 7821 7822
f 7608 7822 7606
f 7606 7822 7786
f 7606 7786 7604
f 7604 7786 7787
f 7604 7787 7602
f 7602 7787 7788
f 7602 7788 7600
f 7600 7788 7789
f 7600 7789 7598
f 7598 7789 7790
f 7598 7790 7596
f 7596 7790 7791
f 7596 7791 7594
f 7594 7791 7792
f 7594 7792 7592
f 7592 7792 7793
f 7592 7793 7590
f 7590 7793 7794
f 7590 7794 7530
f 7530 7794 7531
f 7842 7843 7844
f 7842 7844 7845
f 7845 7844 7846
f 7845 7846 7847
f 7847 7846 7848
f 7847 7848 7849
f 7849 7848 7850
f 7849 7850 7851
f 7851 7850 7852
f 7851 7852 7853
f 7853 7852 7854
f 7853 7854 7855
f 7855 7854 7856
f 7855 7856 7857
f 7857 7856 7858
f 7857 7858 7859
f 7859 7858 7860
f 7859 7860 7861
f 7861 7860 7862
f 7861 7862 7863
f 7863 7862 7864
f 7863 7864 7865
f 7865 7864 7866
f 7865 7866 7867
f 7867 7866 7868
f 7867 7868 7869
f 7869 7868 7870
f 7869 7870 7871
f 7871 7870 7872
f 7871 7872 7873
f 7873 7872 7874
f 7873 7874 7875
f 7875 7874 7876
f 7875 7876 7877
f 7877 7876 7878
f 7877 7878 7879
f 7879 7878 7880
f 7879 7880 7881
f 7881 7880 7882
f 7881 7882 7883
f 7884 7885 7886
f 7886 7885 7887
f 7886 7887 7888
f 7888 7887 7889
f 7888 7889 7890
f 7890 7889 7842
f 7890 7842 7891
f 7891 7842 7845
f 7891 7845 7892
f 7893 7894 7895
f 7895 7894 7896
f 7895 7896 7897
f 7897 7896 7898
f 7897 7898 7899
f 7899 7898 7900
f 7899 7900 7901
f 7901 7900 7902
f 7901 7902 7903
f 7903 7902 7904
f 7903 7904 7884
f 7884 7904 7905
f 7884 7905 7885
f 7906 7907 7908
f 7908 7907 7909
f 7908 7909 7910
f 7910 7909 7911
f 7910 7911 7912
f 7912 7911 7913
f 7912 7913 7914
f 7914 7913 7915
f 7914 7915 7916
f 7916 7915 7917
f 7916 7917 7893
f 7893 7917 7918
f 7893 7918 7894
f 7919 7863 7920
f 7920 7863 7865
f 7920 7865 7921
f 7921 7865 7867
f 7921 7867 7922
f 7922 7867 7869
f 7922 7869 7923
f 7923 7869 7871
f 7923 7871 7924
f 7924 7871 7873
f 7924 7873 7925
f 7873 7875 7925
f 7925 7875 7877
f 7925 7877 7926
f 7926 7877 7879
f 7926 7879 7927
f 7927 7879 7881
f 7927 7881 7928
f 7928 7881 7883
f 7928 7883 7929
f 7929 7883 7930
f 7929 7930 7906
f 7906 7930 7931
f 7906 7931 7907
f 7845 7847 7892
f 7892 7847 7849
f 7892 7849 7932
f 7932 7849 7851
f 7932 7851 7933
f 7933 7851 7853
f 7933 7853 7934
f 7934 7853 7855
f 7934 7855 7935
f 7935 7855 7857
f 7935 7857 7936
f 7936 7857 7859
f 7936 7859 7919
f 7919 7859 7861
f 7919 7861 7863
f 7883 7882 7937
f 7883 7937 7930
f 7930 7937 7938
f 7930 7938 7931
f 7931 7938 7939
f 7931 7939 7907
f 7907 7939 7940
f 7907 7940 7909
f 7909 7940 7941
f 7909 7941 7911
f 7911 7941 7942
f 7911 7942 7913
f 7913 7942 7943
f 7913 7943 7915
f 7915 7943 7944
f 7915 7944 7917
f 7917 7944 7945
f 7917 7945 7918
f 7918 7945 7946
f 7918 7946 7894
f 7894 7946 7947
f 7894 7947 7896
f 7896 7947 7948
f 7896 7948 7898
f 7898 7948 7949
f 7898 7949 7900
f 7900 7949 7950
f 7900 7950 7902
f 7902 7950 7951
f 7902 7951 7904
f 7904 7951 7952
f 7904 7952 7905
f 7905 7952 7953
f 7905 7953 7885
f 7885 7953 7954
f 7885 7954 7887
f 7887 7954 7955
f 7887 7955 7889
f 7889 7955 7843
f 7889 7843 7842
f 7956 7843 7955
f 7956 7955 7957
f 7957 7955 7954
f 7957 7954 7958
f 7958 7954 7953
f 7958 7953 7959
f 7959 7953 7952
f 7959 7952 7960
f 7960 7952 7951
f 7960 7951 7961
f 7961 7951 7950
f 7961 7950 7962
f 7962 7950 7949
f 7962 7949 7963
f 7963 7949 7948
f 7963 7948 7964
f 7964 7948 7947
f 7964 7947 7965
f 7965 7947 7946
f 7965 7946 7966
f 7966 7946 7945
f 7966 7945 7967
f 7967 7945 7944
f 7967 7944 7968
f 7968 7944 7943
f 7968 7943 7969
f 7969 7943 7942
f 7969 7942 7970
f 7970 7942 7941
f 7970 7941 7971
f 7971 7941 7940
f 7971 7940 7972
f 7972 7940 7939
f 7972 7939 7973
f 7973 7939 7938
f 7973 7938 7974
f 7974 7938 7937
f 7974 7937 7975
f 7975 7937 7882
f 7975 7882 7976
f 7976 7882 7880
f 7976 7880 7977
f 7977 7880 7878
f 7977 7878 7978
f 7978 7878 7876
f 7978 7876 7979
f 7979 7876 7874
f 7979 7874 7980
f 7980 7874 7872
f 7980 7872 7981
f 7981 7872 7870
f 7981 7870 7982
f 7982 7870 7868
f 7982 7868 7983
f 7983 7868 7866
f 7983 7866 7984
f 7984 7866 7864
f 7984 7864 7985
f 7985 7864 7862
f 7985 7862 7986
f 7986 7862 7860
f 7986 7860 7987
f 7987 7860 7858
f 7987 7858 7988
f 7988 7858 7856
f 7988 7856 7989
f 7989 7856 7854
f 7989 7854 7990
f 7990 7854 7852
f 7990 7852 7991
f 7991 7852 7850
f 7991 7850 7992
f 7992 7850 7848
f 7992 7848 7993
f 7993 7848 7846
f 7993 7846 7994
f 7994 7846 7844
f 7994 7844 7995
f 7995 7844 7843
f 7995 7843 7956
f 7996 7976 7977
f 7996 7977 7997
f 7997 7977 7978
f 7997 7978 7998
f 7998 7978 7979
f 7998 7979 7999
f 7999 7979 7980
f 7999 7980 8000
f 8000 7980 7981
f 8000 7981 8001
f 8001 7981 7982
f 8001 7982 8002
f 8002 7982 7983
f 8002 7983 8003
f 8003 7983 7984
f 8003 7984 8004
f 8004 7984 7985
f 8004 7985 8005
f 8005 7985 7986
f 8005 7986 8006
f 8006 7986 7987
f 8006 7987 8007
f 8007 7987 7988
f 8007 7988 8008
f 8008 7988 7989
f 8008 7989 8009
f 8009 7989 7990
f 8009 7990 8010
f 8010 7990 7991
f 8010 7991 8011
f 8011 7991 7992
f 8011 7992 8012
f 8012 7992 7993
f 8012 7993 8013
f 8013 7993 7994
f 8013 7994 8014
f 8014 7994 7995
f 8014 7995 8015
f 8015 7995 7956
f 8015 7956 8016
f 8017 8018 8019
f 8019 8018 8020
f 8019 8020 8021
f 8021 8020 8022
f 8021 8022 8023
f 8023 8022 7996
f 8023 7996 8024
f 8024 7996 7997
f 8024 7997 8025
f 8026 8027 8028
f 8028 8027 8029
f 8028 8029 8030
f 8030 8029 8031
f 8030 8031 8032
f 8032 8031 8033
f 8032 8033 8034
f 8034 8033 8035
f 8034 8035 8036
f 8036 8035 8037
f 8036 8037 8017
f 8017 8037 8038
f 8017 8038 8018
f 8039 8040 8041
f 8041 8040 8042
f 8041 8042 8043
f 8043 8042 8044
f 8043 8044 8045
f 8045 8044 8046
f 8045 8046 8047
f 8047 8046 8048
f 8047 8048 8049
f 8049 8048 8050
f 8049 8050 8026
f 8026 8050 8051
f 8026 8051 8027
f 8052 8013 8053
f 8053 8013 8014
f 8053 8014 8054
f 8054 8014 8015
f 8054 8015 8055
f 8055 8015 8016
f 8055 8016 8056
f 8056 8016 8057
f 8056 8057 8039
f 8039 8057 8058
f 8039 8058 8040
f 7997 7998 8025
f 8025 7998 7999
f 8025 7999 8059
f 8059 7999 8000
f 8059 8000 8060
f 8060 8000 8001
f 8060 8001 8061
f 8061 8001 8002
f 8061 8002 8062
f 8062 8002 8003
f 8062 8003 8063
f 8063 8003 8004
f 8063 8004 8064
f 8004 8005 8064
f 8064 8005 8006
f 8064 8006 8065
f 8065 8006 8007
f 8065 8007 8066
f 8066 8007 8008
f 8066 8008 8067
f 8067 8008 8009
f 8067 8009 8068
f 8068 8009 8010
f 8068 8010 8069
f 8069 8010 8011
f 8069 8011 8052
f 8052 8011 8012
f 8052 8012 8013
f 8016 7956 7957
f 8016 7957 8057
f 8057 7957 7958
f 8057 7958 8058
f 8058 7958 7959
f 8058 7959 8040
f 8040 7959 7960
f 8040 7960 8042
f 8042 7960 7961
f 8042 7961 8044
f 8044 7961 7962
f 8044 7962 8046
f 8046 7962 7963
f 8046 7963 8048
f 8048 7963 7964
f 8048 7964 8050
f 8050 7964 7965
f 8050 7965 8051
f 8051 7965 7966
f 8051 7966 8027
f 8027 7966 7967
f 8027 7967 8029
f 8029 7967 7968
f 8029 7968 8031
f 8031 7968 7969
f 8031 7969 8033
f 8033 7969 7970
f 8033 7970 8035
f 8035 7970 7971
f 8035 7971 8037
f 8037 7971 7972
f 8037 7972 8038
f 8038 7972 7973
f 8038 7973 8018
f 8018 7973 7974
f 8018 7974 8020
f 8020 7974 7975
f 8020 7975 8022
f 8022 7975 7976
f 8022 7976 7996
f 8070 8055 8071
f 8071 8055 8056
f 8071 8056 8072
f 8072 8056 8039
f 8072 8039 8073
f 8073 8039 8041
f 8073 8041 8074
f 8074 8041 8043
f 8074 8043 8075
f 8075 8043 8045
f 8075 8045 8076
f 8076 8045 8047
f 8076 8047 8077
f 8077 8047 8049
f 8077 8049 8078
f 8078 8049 8026
f 8078 8026 8079
f 8079 8026 8028
f 8079 8028 8080
f 8080 8028 8030
f 8080 8030 8081
f 8081 8030 8032
f 8081 8032 8082
f 8082 8032 8034
f 8082 8034 8083
f 8083 8034 8036
f 8083 8036 8084
f 8084 8036 8017
f 8084 8017 8085
f 8085 8017 8019
f 8085 8019 8086
f 8086 8019 8021
f 8086 8021 8087
f 8087 8021 8023
f 8087 8088 8086
f 8086 8088 8089
f 8086 8089 8085
f 8085 8089 8090
f 8085 8090 8084
f 8084 8090 8091
f 8084 8091 8083
f 8083 8091 8092
f 8083 8092 8082
f 8082 8092 8093
f 8082 8093 8081
f 8081 8093 8094
f 8081 8094 8080
f 8080 8094 8095
f 8080 8095 8079
f 8079 8095 8096
f 8079 8096 8078
f 8078 8096 8097
f 8078 8097 8077
f 8077 8097 8098
f 8077 8098 8076
f 8076 8098 8099
f 8076 8099 8075
f 8075 8099 8100
f 8075 8100 8074
f 8074 8100 8101
f 8074 8101 8073
f 8073 8101 8102
f 8073 8102 8072
f 8072 8102 8103
f 8072 8103 8071
f 8071 8103 8104
f 8071 8104 8070
f 8070 8104 8105
f 8070 8105 8106
f 8106 8105 8107
f 8106 8107 8108
f 8108 8107 8109
f 8108 8109 8110
f 8110 8109 8111
f 8110 8111 8112
f 8112 8111 8113
f 8112 8113 8114
f 8114 8113 8115
f 8114 8115 8116
f 8116 8115 8117
f 8116 8117 8118
f 8118 8117 8119
f 8118 8119 8120
f 8120 8119 8121
f 8120 8121 8122
f 8122 8121 8123
f 8122 8123 8124
f 8124 8123 8125
f 8124 8125 8126
f 8126 8125 8127
f 8126 8127 8128
f 8128 8127 8129
f 8128 8129 8130
f 8130 8129 8131
f 8130 8131 8132
f 8132 8131 8133
f 8132 8133 8134
f 8134 8133 8135
f 8134 8135 8136
f 8136 8135 8137
f 8136 8137 8087
f 8087 8137 8088
f 8105 7890 8107
f 8107 7890 7891
f 8107 7891 8109
f 8109 7891 7892
f 8109 7892 8111
f 8111 7892 7932
f 8111 7932 8113
f 8113 7932 7933
f 8113 7933 8115
f 8115 7933 7934
f 8115 7934 8117
f 8117 7934 7935
f 8117 7935 8119
f 8119 7935 7936
f 8119 7936 8121
f 8121 7936 7919
f 8121 7919 8123
f 8123 7919 7920
f 8123 7920 8125
f 8125 7920 7921
f 8125 7921 8127
f 8127 7921 7922
f 8127 7922 8129
f 8129 7922 7923
f 8129 7923 8131
f 8131 7923 7924
f 8131 7924 8133
f 8133 7924 7925
f 8133 7925 8135
f 8135 7925 7926
f 8135 7926 8137
f 8137 7926 7927
f 8137 7927 8088
f 8088 7927 7928
f 8088 7928 8089
f 8089 7928 7929
f 8089 7929 8090
f 8090 7929 7906
f 8090 7906 8091
f 8091 7906 7908
f 8091 7908 8092
f 8092 7908 7910
f 8092 7910 8093
f 8093 7910 7912
f 8093 7912 8094
f 8094 7912 7914
f 8094 7914 8095
f 8095 7914 7916
f 8095 7916 8096
f 8096 7916 7893
f 8096 7893 8097
f 8097 7893 7895
f 8097 7895 8098
f 8098 7895 7897
f 8098 7897 8099
f 8099 7897 7899
f 8099 7899 8100
f 8100 7899 7901
f 8100 7901 8101
f 8101 7901 7903
f 8101 7903 8102
f 8102 7903 7884
f 8102 7884 8103
f 8103 7884 7886
f 8103 7886 8104
f 8104 7886 7888
f 8104 7888 8105
f 8105 7888 7890
f 8087 8023 8136
f 8136 8023 8024
f 8136 8024 8134
f 8134 8024 8025
f 8134 8025 8132
f 8132 8025 8059
f 8132 8059 8130
f 8130 8059 8060
f 8130 8060 8128
f 8128 8060 8061
f 8128 8061 8126
f 8126 8061 8062
f 8126 8062 8124
f 8124 8062 8063
f 8124 8063 8122
f 8122 8063 8064
f 8122 8064 8120
f 8120 8064 8065
f 8120 8065 8118
f 8118 8065 8066
f 8118 8066 8116
f 8116 8066 8067
f 8116 8067 8114
f 8114 8067 8068
f 8114 8068 8112
f 8112 8068 8069
f 8112 8069 8110
f 8110 8069 8052
f 8110 8052 8108
f 8108 8052 8053
f 8108 8053 8106
f 8106 8053 8054
f 8106 8054 8070
f 8070 8054 8055
f 8138 8139 8140
f 8141 8142 8138
f 8143 8144 8145
f 8146 8147 8142
f 8148 8149 8150
f 8151 8152 8153
f 8154 8155 8156
f 8157 8158 8159
f 8160 8161 8162
f 8163 8164 8165
f 8149 8166 8150
f 8150 8166 8167
f 8150 8167 8164
f 8164 8167 8168
f 8164 8168 8165
f 8169 8170 8171
f 8165 8172 8163
f 8163 8172 8173
f 8163 8173 8174
f 8174 8173 8175
f 8174 8175 8170
f 8170 8175 8176
f 8170 8176 8171
f 8171 8177 8169
f 8169 8177 8178
f 8169 8178 8179
f 8180 8181 8182
f 8180 8182 8147
f 8183 8184 8138
f 8138 8184 8185
f 8138 8185 8139
f 8139 8185 8186
f 8139 8186 8187
f 8182 8188 8147
f 8147 8188 8189
f 8147 8189 8142
f 8142 8189 8190
f 8142 8190 8138
f 8138 8190 8191
f 8138 8191 8183
f 8181 8180 8192
f 8192 8180 8193
f 8192 8193 8194
f 8195 8196 8197
f 8198 8199 8200
f 8200 8199 8201
f 8200 8201 8202
f 8201 8203 8202
f 8202 8203 8204
f 8202 8204 8197
f 8197 8204 8205
f 8197 8205 8195
f 8206 8207 8208
f 8207 8209 8208
f 8208 8209 8210
f 8208 8210 8211
f 8212 8213 8214
f 8214 8215 8212
f 8212 8215 8216
f 8212 8216 8217
f 8217 8216 8218
f 8219 8220 8214
f 8214 8220 8221
f 8214 8221 8215
f 8219 8214 8222
f 8222 8214 8223
f 8222 8223 8224
f 8225 8226 8227
f 8227 8226 8228
f 8227 8228 8229
f 8229 8228 8230
f 8229 8230 8223
f 8223 8230 8231
f 8223 8231 8224
f 8232 8233 8234
f 8234 8233 8235
f 8236 8237 8233
f 8233 8237 8238
f 8233 8238 8235
f 8239 8240 8241
f 8240 8242 8241
f 8241 8242 8243
f 8241 8243 8236
f 8236 8243 8244
f 8236 8244 8237
f 8245 8246 8247
f 8247 8246 8248
f 8159 8158 8249
f 8158 8250 8249
f 8249 8250 8251
f 8249 8251 8252
f 8252 8251 8253
f 8252 8253 8254
f 8157 8159 8255
f 8255 8159 8256
f 8255 8256 8257
f 8258 8259 8260
f 8259 8261 8260
f 8260 8261 8262
f 8260 8262 8256
f 8256 8262 8263
f 8256 8263 8257
f 8258 8260 8264
f 8264 8260 8265
f 8264 8265 8266
f 8267 8268 8266
f 8266 8268 8269
f 8266 8269 8264
f 8156 8155 8270
f 8271 8272 8273
f 8272 8274 8273
f 8273 8274 8275
f 8273 8275 8276
f 8234 8277 8232
f 8232 8277 8278
f 8232 8278 8273
f 8273 8278 8279
f 8273 8279 8271
f 8280 8281 8282
f 8282 8281 8283
f 8282 8283 8284
f 8280 8285 8281
f 8281 8285 8286
f 8281 8286 8287
f 8287 8286 8288
f 8289 8290 8291
f 8285 8292 8286
f 8286 8292 8293
f 8286 8293 8290
f 8290 8293 8294
f 8290 8294 8291
f 8291 8295 8289
f 8289 8295 8296
f 8289 8296 8297
f 8298 8299 8283
f 8283 8299 8300
f 8283 8300 8284
f 8296 8298 8297
f 8297 8298 8283
f 8297 8283 8301
f 8301 8283 8208
f 8302 8303 8208
f 8208 8303 8304
f 8208 8304 8206
f 8210 8198 8211
f 8211 8198 8200
f 8211 8200 8305
f 8305 8200 8202
f 8305 8202 8306
f 8307 8306 8276
f 8307 8308 8309
f 8309 8308 8310
f 8311 8312 8310
f 8313 8314 8315
f 8310 8312 8314
f 8314 8312 8316
f 8314 8316 8315
f 8317 8152 8318
f 8318 8152 8151
f 8318 8151 8319
f 8317 8320 8152
f 8152 8320 8321
f 8152 8321 8322
f 8315 8323 8313
f 8313 8323 8324
f 8313 8324 8151
f 8151 8324 8325
f 8151 8325 8319
f 8326 8227 8327
f 8327 8227 8229
f 8327 8229 8328
f 8328 8229 8329
f 8330 8331 8151
f 8151 8331 8332
f 8331 8333 8332
f 8332 8333 8334
f 8332 8334 8329
f 8329 8334 8335
f 8329 8335 8328
f 8326 8336 8227
f 8227 8336 8337
f 8227 8337 8153
f 8153 8337 8338
f 8338 8339 8153
f 8153 8339 8340
f 8153 8340 8151
f 8151 8340 8341
f 8151 8341 8330
f 8213 8342 8343
f 8343 8342 8344
f 8343 8344 8345
f 8345 8344 8148
f 8148 8344 8169
f 8148 8169 8149
f 8149 8169 8179
f 8149 8179 8166
f 8346 8347 8348
f 8348 8347 8349
f 8348 8349 8163
f 8163 8349 8350
f 8163 8350 8164
f 8351 8352 8353
f 8354 8355 8356
f 8354 8356 8357
f 8358 8359 8352
f 8352 8359 8360
f 8352 8360 8353
f 8353 8361 8351
f 8351 8361 8362
f 8351 8362 8363
f 8363 8362 8364
f 8363 8364 8365
f 8365 8364 8366
f 8365 8366 8367
f 8367 8366 8368
f 8367 8368 8369
f 8370 8371 8372
f 8369 8357 8367
f 8367 8357 8356
f 8367 8356 8373
f 8373 8356 8374
f 8373 8374 8371
f 8371 8374 8375
f 8371 8375 8372
f 8376 8377 8378
f 8378 8377 8379
f 8378 8379 8380
f 8380 8379 8381
f 8372 8382 8370
f 8370 8382 8383
f 8370 8383 8384
f 8384 8383 8385
f 8384 8385 8386
f 8381 8387 8380
f 8380 8387 8388
f 8380 8388 8374
f 8374 8388 8389
f 8374 8389 8375
f 8194 8193 8390
f 8390 8193 8391
f 8390 8391 8392
f 8392 8391 8384
f 8392 8384 8378
f 8378 8384 8386
f 8378 8386 8376
f 8393 8394 8144
f 8144 8394 8395
f 8146 8142 8143
f 8143 8142 8141
f 8143 8141 8144
f 8144 8141 8396
f 8144 8396 8393
f 8395 8397 8144
f 8144 8397 8398
f 8144 8398 8145
f 8399 8400 8141
f 8141 8400 8401
f 8141 8401 8396
f 8402 8403 8404
f 8404 8403 8405
f 8404 8405 8406
f 8397 8407 8398
f 8398 8407 8408
f 8398 8408 8403
f 8403 8408 8409
f 8403 8409 8405
f 8410 8411 8412
f 8412 8411 8413
f 8414 8415 8416
f 8414 8416 8417
f 8418 8419 8420
f 8420 8419 8421
f 8420 8421 8422
f 8422 8421 8423
f 8422 8423 8424
f 8424 8423 8425
f 8426 8427 8425
f 8425 8427 8428
f 8425 8428 8424
f 8429 8430 8419
f 8431 8432 8433
f 8434 8435 8436
f 8430 8429 8437
f 8437 8429 8438
f 8437 8438 8432
f 8432 8438 8439
f 8432 8439 8433
f 8440 8441 8287
f 8435 8442 8436
f 8436 8442 8443
f 8436 8443 8438
f 8438 8443 8444
f 8438 8444 8439
f 8433 8445 8431
f 8431 8445 8446
f 8431 8446 8288
f 8288 8446 8447
f 8288 8447 8287
f 8287 8447 8448
f 8287 8448 8440
f 8406 8399 8404
f 8404 8399 8141
f 8404 8141 8449
f 8449 8141 8138
f 8449 8138 8450
f 8450 8138 8140
f 8450 8140 8252
f 8412 8162 8241
f 8241 8162 8161
f 8241 8161 8239
f 8451 8160 8452
f 8452 8160 8162
f 8452 8162 8453
f 8453 8162 8412
f 8453 8412 8425
f 8425 8412 8413
f 8425 8413 8426
f 8423 8454 8425
f 8425 8454 8455
f 8425 8455 8453
f 8453 8455 8456
f 8453 8456 8452
f 8452 8456 8247
f 8452 8247 8451
f 8451 8247 8248
f 8254 8245 8252
f 8252 8245 8247
f 8252 8247 8450
f 8450 8247 8456
f 8450 8456 8449
f 8449 8456 8455
f 8449 8455 8404
f 8404 8455 8454
f 8404 8454 8402
f 8355 8358 8356
f 8356 8358 8352
f 8356 8352 8374
f 8374 8352 8457
f 8374 8457 8380
f 8380 8457 8458
f 8208 8283 8302
f 8302 8283 8281
f 8302 8281 8459
f 8459 8281 8287
f 8459 8287 8436
f 8436 8287 8441
f 8436 8441 8434
f 8363 8346 8351
f 8351 8346 8348
f 8351 8348 8352
f 8352 8348 8163
f 8352 8163 8457
f 8457 8163 8174
f 8457 8174 8458
f 8458 8174 8170
f 8418 8417 8419
f 8419 8417 8416
f 8419 8416 8429
f 8429 8416 8460
f 8429 8460 8438
f 8438 8460 8461
f 8438 8461 8436
f 8436 8461 8462
f 8436 8462 8459
f 8459 8462 8463
f 8459 8463 8302
f 8302 8463 8197
f 8302 8197 8303
f 8303 8197 8196
f 8303 8196 8304
f 8306 8202 8276
f 8276 8202 8197
f 8276 8197 8273
f 8273 8197 8463
f 8273 8463 8232
f 8232 8463 8462
f 8232 8462 8233
f 8233 8462 8461
f 8233 8461 8236
f 8236 8461 8460
f 8236 8460 8241
f 8241 8460 8416
f 8241 8416 8412
f 8412 8416 8415
f 8412 8415 8410
f 8307 8276 8308
f 8308 8276 8464
f 8308 8464 8310
f 8265 8212 8266
f 8266 8212 8217
f 8266 8217 8267
f 8267 8217 8465
f 8267 8465 8154
f 8154 8465 8464
f 8154 8464 8155
f 8155 8464 8276
f 8155 8276 8270
f 8270 8276 8275
f 8213 8212 8342
f 8342 8212 8265
f 8342 8265 8344
f 8344 8265 8260
f 8344 8260 8169
f 8169 8260 8256
f 8169 8256 8170
f 8170 8256 8159
f 8170 8159 8458
f 8458 8159 8249
f 8458 8249 8380
f 8380 8249 8252
f 8380 8252 8378
f 8378 8252 8140
f 8378 8140 8392
f 8392 8140 8139
f 8392 8139 8390
f 8390 8139 8187
f 8390 8187 8194
f 8218 8225 8217
f 8217 8225 8227
f 8217 8227 8465
f 8465 8227 8153
f 8465 8153 8464
f 8464 8153 8152
f 8464 8152 8310
f 8310 8152 8322
f 8310 8322 8311
f 8466 8467 8468
f 8469 8470 8471
f 8472 8473 8474
f 8475 8476 8477
f 8476 8475 8478
f 8479 8480 8481
f 8482 8483 8484
f 8485 8486 8487
f 8488 8489 8490
f 8491 8476 8492
f 8493 8494 8495
f 8496 8497 8469
f 8469 8497 8498
f 8469 8498 8470
f 8470 8498 8499
f 8470 8499 8500
f 8499 8501 8500
f 8500 8501 8502
f 8500 8502 8503
f 8503 8502 8504
f 8503 8504 8505
f 8505 8504 8506
f 8507 8508 8509
f 8509 8508 8510
f 8509 8510 8511
f 8511 8510 8512
f 8511 8512 8513
f 8513 8512 8514
f 8513 8514 8496
f 8496 8514 8515
f 8496 8515 8497
f 8507 8493 8508
f 8508 8493 8495
f 8508 8495 8516
f 8516 8495 8517
f 8516 8517 8518
f 8518 8517 8519
f 8518 8519 8504
f 8504 8519 8520
f 8504 8520 8506
f 8478 8521 8522
f 8478 8522 8476
f 8476 8522 8523
f 8476 8523 8492
f 8524 8525 8526
f 8491 8492 8527
f 8527 8492 8528
f 8527 8528 8529
f 8529 8528 8530
f 8530 8528 8531
f 8530 8531 8532
f 8532 8531 8533
f 8532 8533 8526
f 8526 8533 8534
f 8526 8534 8524
f 8524 8535 8525
f 8525 8535 8536
f 8525 8536 8537
f 8537 8536 8538
f 8537 8538 8539
f 8539 8538 8540
f 8540 8538 8541
f 8540 8541 8542
f 8468 8467 8543
f 8544 8466 8545
f 8545 8466 8546
f 8545 8546 8547
f 8547 8546 8548
f 8547 8548 8549
f 8550 8551 8548
f 8548 8551 8552
f 8553 8544 8554
f 8554 8544 8555
f 8554 8555 8556
f 8556 8555 8557
f 8556 8557 8558
f 8559 8560 8561
f 8561 8560 8562
f 8561 8562 8563
f 8563 8562 8564
f 8563 8564 8565
f 8549 8548 8566
f 8566 8548 8552
f 8566 8552 8559
f 8559 8552 8567
f 8559 8567 8560
f 8568 8569 8570
f 8570 8569 8571
f 8570 8571 8572
f 8572 8571 8563
f 8572 8563 8573
f 8573 8563 8565
f 8553 8574 8544
f 8544 8574 8575
f 8544 8575 8466
f 8466 8575 8576
f 8466 8576 8467
f 8577 8578 8579
f 8579 8580 8577
f 8577 8580 8556
f 8577 8556 8568
f 8568 8556 8558
f 8568 8558 8569
f 8548 8581 8550
f 8550 8581 8582
f 8550 8582 8583
f 8583 8582 8584
f 8585 8586 8587
f 8587 8586 8588
f 8587 8588 8589
f 8589 8588 8590
f 8585 8591 8586
f 8586 8591 8592
f 8586 8592 8593
f 8593 8592 8594
f 8593 8594 8584
f 8584 8594 8595
f 8584 8595 8583
f 8596 8588 8597
f 8597 8588 8586
f 8597 8586 8598
f 8598 8586 8599
f 8599 8586 8600
f 8600 8586 8601
f 8600 8601 8602
f 8603 8604 8605
f 8605 8604 8606
f 8605 8606 8607
f 8607 8606 8608
f 8607 8608 8609
f 8609 8608 8610
f 8609 8610 8611
f 8611 8610 8612
f 8611 8612 8596
f 8596 8612 8613
f 8596 8613 8588
f 8602 8601 8614
f 8614 8601 8615
f 8614 8615 8616
f 8615 8617 8616
f 8616 8617 8618
f 8616 8618 8619
f 8619 8618 8620
f 8619 8620 8605
f 8605 8620 8621
f 8605 8621 8603
f 8622 8623 8624
f 8624 8623 8625
f 8624 8625 8626
f 8626 8625 8627
f 8626 8627 8628
f 8628 8627 8629
f 8628 8629 8630
f 8630 8629 8631
f 8630 8631 8601
f 8601 8631 8632
f 8601 8632 8615
f 8633 8634 8635
f 8636 8637 8624
f 8624 8637 8638
f 8624 8638 8622
f 8639 8640 8641
f 8641 8640 8642
f 8641 8642 8643
f 8643 8642 8644
f 8643 8644 8645
f 8646 8647 8648
f 8648 8647 8649
f 8648 8649 8635
f 8635 8649 8650
f 8635 8650 8633
f 8633 8650 8651
f 8633 8651 8652
f 8652 8651 8653
f 8652 8653 8624
f 8624 8653 8654
f 8624 8654 8636
f 8636 8655 8637
f 8637 8655 8656
f 8637 8656 8657
f 8657 8656 8640
f 8657 8640 8658
f 8658 8640 8639
f 8658 8639 8659
f 8660 8661 8662
f 8662 8663 8660
f 8660 8663 8643
f 8660 8643 8646
f 8646 8643 8645
f 8646 8645 8647
f 8471 8664 8665
f 8665 8664 8666
f 8665 8666 8633
f 8633 8666 8667
f 8633 8667 8634
f 8500 8668 8470
f 8470 8668 8669
f 8470 8669 8471
f 8471 8669 8670
f 8471 8670 8664
f 8671 8672 8673
f 8673 8672 8674
f 8673 8674 8675
f 8676 8677 8678
f 8678 8677 8679
f 8678 8679 8496
f 8496 8679 8680
f 8496 8680 8513
f 8681 8682 8673
f 8673 8682 8683
f 8673 8683 8671
f 8671 8683 8684
f 8671 8684 8685
f 8685 8684 8686
f 8685 8686 8687
f 8489 8688 8689
f 8689 8690 8489
f 8489 8690 8691
f 8489 8691 8692
f 8692 8691 8693
f 8692 8693 8694
f 8488 8695 8489
f 8489 8695 8685
f 8489 8685 8688
f 8688 8685 8687
f 8696 8697 8698
f 8698 8697 8685
f 8698 8685 8699
f 8699 8685 8695
f 8700 8701 8474
f 8474 8701 8702
f 8703 8704 8705
f 8705 8704 8706
f 8705 8706 8693
f 8693 8706 8707
f 8693 8707 8694
f 8473 8708 8474
f 8474 8708 8709
f 8474 8709 8700
f 8473 8710 8711
f 8712 8708 8713
f 8713 8708 8473
f 8713 8473 8714
f 8714 8473 8711
f 8710 8473 8715
f 8715 8473 8472
f 8715 8472 8716
f 8716 8472 8717
f 8716 8717 8718
f 8711 8719 8714
f 8714 8719 8720
f 8714 8720 8721
f 8721 8720 8722
f 8721 8722 8723
f 8724 8725 8717
f 8717 8725 8726
f 8727 8728 8729
f 8729 8728 8730
f 8729 8730 8731
f 8731 8730 8732
f 8718 8717 8733
f 8733 8717 8726
f 8733 8726 8732
f 8732 8726 8734
f 8732 8734 8731
f 8735 8736 8737
f 8737 8736 8721
f 8737 8721 8727
f 8727 8721 8723
f 8727 8723 8728
f 8717 8738 8724
f 8724 8738 8739
f 8724 8739 8740
f 8740 8739 8741
f 8740 8741 8742
f 8742 8741 8743
f 8744 8745 8743
f 8743 8745 8746
f 8743 8746 8747
f 8748 8749 8750
f 8750 8749 8751
f 8750 8751 8752
f 8753 8754 8755
f 8755 8754 8756
f 8755 8756 8747
f 8747 8756 8757
f 8747 8757 8743
f 8743 8757 8758
f 8743 8758 8742
f 8753 8755 8759
f 8759 8755 8760
f 8759 8760 8761
f 8761 8760 8762
f 8761 8762 8763
f 8751 8764 8752
f 8752 8764 8765
f 8752 8765 8766
f 8766 8765 8767
f 8766 8767 8768
f 8768 8767 8769
f 8768 8769 8770
f 8770 8771 8768
f 8768 8771 8772
f 8768 8772 8773
f 8773 8772 8774
f 8773 8774 8775
f 8775 8774 8776
f 8775 8776 8762
f 8762 8776 8777
f 8762 8777 8763
f 8491 8778 8476
f 8476 8778 8779
f 8476 8779 8477
f 8477 8779 8749
f 8477 8749 8744
f 8744 8749 8748
f 8744 8748 8745
f 8525 8780 8781
f 8782 8783 8784
f 8784 8783 8526
f 8784 8526 8785
f 8785 8526 8525
f 8785 8525 8786
f 8786 8525 8781
f 8541 8521 8542
f 8542 8521 8478
f 8542 8478 8787
f 8787 8478 8788
f 8787 8788 8789
f 8789 8788 8790
f 8791 8792 8793
f 8793 8792 8790
f 8793 8790 8794
f 8794 8790 8788
f 8794 8788 8795
f 8795 8788 8478
f 8796 8797 8798
f 8798 8797 8799
f 8798 8799 8800
f 8801 8797 8802
f 8802 8797 8796
f 8802 8796 8803
f 8803 8796 8804
f 8803 8804 8805
f 8805 8804 8806
f 8805 8806 8807
f 8807 8806 8808
f 8808 8806 8809
f 8808 8809 8810
f 8811 8793 8812
f 8810 8809 8812
f 8812 8809 8813
f 8812 8813 8811
f 8811 8814 8793
f 8793 8814 8815
f 8793 8815 8791
f 8791 8815 8816
f 8817 8818 8819
f 8819 8818 8800
f 8819 8800 8820
f 8820 8800 8799
f 8817 8821 8818
f 8818 8821 8822
f 8818 8822 8823
f 8823 8822 8824
f 8823 8824 8816
f 8816 8824 8825
f 8816 8825 8791
f 8826 8827 8828
f 8828 8827 8829
f 8828 8829 8812
f 8812 8829 8830
f 8812 8830 8810
f 8831 8832 8833
f 8833 8832 8834
f 8833 8834 8835
f 8835 8834 8836
f 8835 8836 8826
f 8826 8836 8837
f 8826 8837 8827
f 8838 8839 8840
f 8841 8842 8843
f 8843 8842 8844
f 8843 8844 8845
f 8845 8844 8846
f 8845 8846 8847
f 8846 8838 8847
f 8847 8838 8840
f 8847 8840 8848
f 8848 8840 8849
f 8848 8849 8850
f 8850 8849 8851
f 8850 8851 8852
f 8852 8851 8853
f 8853 8485 8852
f 8852 8485 8487
f 8852 8487 8854
f 8854 8487 8855
f 8854 8855 8856
f 8856 8855 8831
f 8856 8831 8857
f 8857 8831 8833
f 8857 8833 8858
f 8858 8833 8859
f 8858 8859 8860
f 8841 8860 8842
f 8842 8860 8859
f 8842 8859 8861
f 8861 8859 8862
f 8861 8862 8863
f 8864 8865 8866
f 8866 8865 8867
f 8866 8867 8868
f 8868 8867 8869
f 8868 8869 8870
f 8870 8869 8871
f 8871 8869 8872
f 8871 8872 8873
f 8873 8872 8874
f 8873 8874 8862
f 8862 8874 8875
f 8862 8875 8863
f 8876 8877 8878
f 8878 8877 8879
f 8878 8879 8866
f 8866 8879 8880
f 8866 8880 8881
f 8864 8866 8882
f 8882 8866 8881
f 8882 8881 8883
f 8883 8881 8884
f 8883 8884 8482
f 8482 8884 8885
f 8482 8885 8483
f 8483 8885 8886
f 8483 8886 8887
f 8888 8889 8890
f 8890 8889 8891
f 8892 8893 8894
f 8892 8894 8891
f 8891 8894 8895
f 8891 8895 8890
f 8896 8484 8897
f 8897 8484 8483
f 8897 8483 8898
f 8898 8483 8899
f 8900 8901 8902
f 8887 8888 8483
f 8483 8888 8890
f 8483 8890 8899
f 8899 8890 8900
f 8899 8900 8903
f 8903 8900 8902
f 8892 8904 8893
f 8893 8904 8877
f 8893 8877 8905
f 8905 8877 8876
f 8905 8876 8906
f 8906 8876 8907
f 8906 8907 8908
f 8908 8907 8909
f 8908 8909 8910
f 8910 8909 8911
f 8912 8913 8914
f 8914 8913 8915
f 8914 8915 8916
f 8916 8915 8481
f 8916 8481 8917
f 8917 8481 8918
f 8919 8913 8920
f 8920 8913 8912
f 8920 8912 8921
f 8921 8912 8922
f 8921 8922 8923
f 8923 8922 8924
f 8923 8924 8925
f 8576 8926 8467
f 8467 8926 8927
f 8467 8927 8543
f 8543 8927 8928
f 8543 8928 8929
f 8929 8928 8930
f 8929 8930 8931
f 8481 8480 8918
f 8918 8480 8932
f 8918 8932 8933
f 8925 8924 8931
f 8931 8924 8934
f 8931 8934 8929
f 8932 8935 8933
f 8933 8935 8911
f 8933 8911 8936
f 8936 8911 8909
f 8936 8909 8937
f 8937 8909 8938
f 8937 8938 8939
f 8939 8938 8929
f 8939 8929 8940
f 8940 8929 8934
f 8941 8942 8481
f 8481 8942 8943
f 8481 8943 8479
f 8701 8944 8702
f 8702 8944 8703
f 8702 8703 8945
f 8945 8703 8705
f 8945 8705 8946
f 8946 8705 8947
f 8693 8948 8705
f 8705 8948 8949
f 8705 8949 8947
f 8947 8949 8681
f 8947 8681 8950
f 8950 8681 8673
f 8950 8673 8676
f 8676 8673 8675
f 8676 8675 8677
f 8951 8952 8953
f 8953 8952 8954
f 8955 8956 8957
f 8957 8956 8954
f 8957 8954 8958
f 8958 8954 8952
f 8955 8959 8956
f 8956 8959 8960
f 8956 8960 8961
f 8961 8960 8962
f 8961 8962 8963
f 8963 8962 8964
f 8964 8965 8963
f 8963 8965 8966
f 8963 8966 8967
f 8966 8968 8967
f 8967 8968 8969
f 8967 8969 8970
f 8971 8972 8973
f 8973 8972 8970
f 8973 8970 8974
f 8974 8970 8969
f 8971 8975 8972
f 8972 8975 8976
f 8972 8976 8977
f 8977 8976 8978
f 8977 8978 8979
f 8979 8978 8980
f 8980 8981 8979
f 8979 8981 8982
f 8979 8982 8983
f 8982 8984 8983
f 8983 8984 8985
f 8983 8985 8986
f 8987 8988 8989
f 8989 8988 8986
f 8989 8986 8990
f 8990 8986 8985
f 8987 8991 8988
f 8988 8991 8992
f 8988 8992 8993
f 8993 8992 8994
f 8993 8994 8995
f 8995 8994 8996
f 8997 8998 8999
f 8999 8998 8995
f 8999 8995 9000
f 9000 8995 8996
f 8997 9001 8998
f 8998 9001 9002
f 9003 9004 9005
f 9005 9004 9002
f 9005 9002 9006
f 9006 9002 9001
f 9003 9007 9004
f 9004 9007 9008
f 9004 9008 9009
f 9009 9008 9010
f 9009 9010 9011
f 9011 9010 9012
f 9012 9013 9011
f 9011 9013 9014
f 9011 9014 9015
f 9014 9016 9015
f 9015 9016 9017
f 9015 9017 9018
f 9019 9020 9021
f 9021 9020 9018
f 9021 9018 9022
f 9022 9018 9017
f 9019 9023 9020
f 9020 9023 9024
f 9020 9024 9025
f 9025 9024 9026
f 9025 9026 9027
f 9027 9026 9028
f 9028 9029 9027
f 9027 9029 9030
f 9027 9030 9031
f 9030 9032 9031
f 9031 9032 9033
f 9031 9033 9034
f 9035 9036 9037
f 9037 9036 9034
f 9037 9034 9038
f 9038 9034 9033
f 9035 9039 9036
f 9036 9039 9040
f 9036 9040 9041
f 9041 9040 9042
f 9041 9042 9043
f 9043 9042 9044
f 8951 8953 9045
f 9045 8953 9043
f 9045 9043 9046
f 9046 9043 9044
f 9047 9048 9049
f 8157 8255 9050
f 8158 8157 9051
f 8234 8235 9052
f 8250 9048 8251
f 8251 9048 9047
f 8251 9047 8253
f 9053 9049 9054
f 9054 9049 9048
f 9054 9048 9055
f 9055 9048 8250
f 9055 8250 8158
f 9056 9057 9058
f 9010 9008 9059
f 9059 9008 9056
f 9059 9056 9060
f 9060 9056 9058
f 9060 9058 9061
f 8238 8237 9062
f 9062 8237 9063
f 9062 9063 9064
f 9064 9063 9065
f 9064 9065 9066
f 9066 9065 9067
f 8244 8243 9068
f 9068 8243 9069
f 9068 9069 9070
f 9070 9069 9071
f 9070 9071 9072
f 9072 9071 9073
f 9072 9073 9017
f 9017 9073 9022
f 8242 8240 9074
f 9074 8240 9075
f 9074 9075 9076
f 9076 9075 9077
f 9076 9077 9078
f 9078 9077 9079
f 8240 8239 9075
f 9075 8239 9080
f 9075 9080 9077
f 9077 9080 9081
f 9077 9081 9079
f 9079 9081 9082
f 9079 9082 9024
f 9024 9082 9026
f 8161 8160 9083
f 9083 8160 9084
f 9083 9084 9085
f 9085 9084 9086
f 9085 9086 9087
f 9087 9086 9088
f 8451 8248 9089
f 9089 8248 9090
f 9089 9090 9091
f 9091 9090 9092
f 9091 9092 9093
f 9093 9092 9094
f 9093 9094 9033
f 9033 9094 9038
f 8246 8245 9095
f 9095 8245 9096
f 9095 9096 9097
f 9097 9096 9098
f 9097 9098 9099
f 9099 9098 9100
f 8245 8254 9096
f 9096 8254 9101
f 9096 9101 9098
f 9098 9101 9102
f 9098 9102 9100
f 9100 9102 9103
f 9100 9103 9040
f 9040 9103 9042
f 8234 9052 9104
f 9104 9052 9105
f 9104 9105 9106
f 9106 9105 9107
f 9106 9107 9108
f 9108 9107 9001
f 9108 9001 8997
f 8235 9061 9052
f 9052 9061 9058
f 9052 9058 9105
f 9105 9058 9057
f 9105 9057 9107
f 9107 9057 9006
f 9107 9006 9001
f 9008 9007 9056
f 9056 9007 9003
f 9056 9003 9057
f 9057 9003 9005
f 9057 9005 9006
f 8235 8238 9061
f 9061 8238 9062
f 9061 9062 9060
f 9060 9062 9064
f 9060 9064 9059
f 9059 9064 9066
f 9059 9066 9010
f 9016 9014 9067
f 9067 9014 9013
f 9067 9013 9066
f 9066 9013 9012
f 9066 9012 9010
f 8237 8244 9063
f 9063 8244 9068
f 9063 9068 9065
f 9065 9068 9070
f 9065 9070 9067
f 9067 9070 9072
f 9067 9072 9016
f 9016 9072 9017
f 8243 8242 9069
f 9069 8242 9074
f 9069 9074 9071
f 9071 9074 9076
f 9071 9076 9073
f 9073 9076 9078
f 9073 9078 9022
f 9024 9023 9079
f 9079 9023 9019
f 9079 9019 9078
f 9078 9019 9021
f 9078 9021 9022
f 8239 8161 9080
f 9080 8161 9083
f 9080 9083 9081
f 9081 9083 9085
f 9081 9085 9082
f 9082 9085 9087
f 9082 9087 9026
f 9032 9030 9088
f 9088 9030 9029
f 9088 9029 9087
f 9087 9029 9028
f 9087 9028 9026
f 8160 8451 9084
f 9084 8451 9089
f 9084 9089 9086
f 9086 9089 9091
f 9086 9091 9088
f 9088 9091 9093
f 9088 9093 9032
f 9032 9093 9033
f 8248 8246 9090
f 9090 8246 9095
f 9090 9095 9092
f 9092 9095 9097
f 9092 9097 9094
f 9094 9097 9099
f 9094 9099 9038
f 9040 9039 9100
f 9100 9039 9035
f 9100 9035 9099
f 9099 9035 9037
f 9099 9037 9038
f 8254 8253 9101
f 9101 8253 9047
f 9101 9047 9102
f 9102 9047 9049
f 9102 9049 9103
f 9103 9049 9053
f 9103 9053 9042
f 9042 9053 9044
f 9109 9045 9046
f 8158 9051 9055
f 9055 9051 9110
f 9055 9110 9054
f 9054 9110 9109
f 9054 9109 9053
f 9053 9109 9046
f 9053 9046 9044
f 8157 9050 9051
f 9051 9050 9111
f 9051 9111 9110
f 9110 9111 9112
f 9110 9112 9109
f 9109 9112 8951
f 9109 8951 9045
f 9113 9114 9115
f 8277 8234 9104
f 8278 8277 9116
f 8255 8257 9117
f 8279 9114 8271
f 8271 9114 9113
f 8271 9113 8272
f 9118 9115 9119
f 9119 9115 9114
f 9119 9114 9120
f 9120 9114 8279
f 9120 8279 8278
f 9121 9122 9123
f 8962 8960 9124
f 9124 8960 9121
f 9124 9121 9125
f 9125 9121 9123
f 9125 9123 9126
f 8263 8262 9127
f 9127 8262 9128
f 9127 9128 9129
f 9129 9128 9130
f 9129 9130 9131
f 9131 9130 9132
f 8261 8259 9133
f 9133 8259 9134
f 9133 9134 9135
f 9135 9134 9136
f 9135 9136 9137
f 9137 9136 9138
f 9137 9138 8969
f 8969 9138 8974
f 8258 8264 9139
f 9139 8264 9140
f 9139 9140 9141
f 9141 9140 9142
f 9141 9142 9143
f 9143 9142 9144
f 8264 8269 9140
f 9140 8269 9145
f 9140 9145 9142
f 9142 9145 9146
f 9142 9146 9144
f 9144 9146 9147
f 9144 9147 8976
f 8976 9147 8978
f 8268 8267 9148
f 9148 8267 9149
f 9148 9149 9150
f 9150 9149 9151
f 9150 9151 9152
f 9152 9151 9153
f 8154 8156 9154
f 9154 8156 9155
f 9154 9155 9156
f 9156 9155 9157
f 9156 9157 9158
f 9158 9157 9159
f 9158 9159 8985
f 8985 9159 8990
f 8270 8275 9160
f 9160 8275 9161
f 9160 9161 9162
f 9162 9161 9163
f 9162 9163 9164
f 9164 9163 9165
f 8275 8274 9161
f 9161 8274 9166
f 9161 9166 9163
f 9163 9166 9167
f 9163 9167 9165
f 9165 9167 9168
f 9165 9168 8992
f 8992 9168 8994
f 8255 9117 9050
f 9050 9117 9169
f 9050 9169 9111
f 9111 9169 9170
f 9111 9170 9112
f 9112 9170 8952
f 9112 8952 8951
f 8257 9126 9117
f 9117 9126 9123
f 9117 9123 9169
f 9169 9123 9122
f 9169 9122 9170
f 9170 9122 8958
f 9170 8958 8952
f 8960 8959 9121
f 9121 8959 8955
f 9121 8955 9122
f 9122 8955 8957
f 9122 8957 8958
f 8257 8263 9126
f 9126 8263 9127
f 9126 9127 9125
f 9125 9127 9129
f 9125 9129 9124
f 9124 9129 9131
f 9124 9131 8962
f 8968 8966 9132
f 9132 8966 8965
f 9132 8965 9131
f 9131 8965 8964
f 9131 8964 8962
f 8262 8261 9128
f 9128 8261 9133
f 9128 9133 9130
f 9130 9133 9135
f 9130 9135 9132
f 9132 9135 9137
f 9132 9137 8968
f 8968 9137 8969
f 8259 8258 9134
f 9134 8258 9139
f 9134 9139 9136
f 9136 9139 9141
f 9136 9141 9138
f 9138 9141 9143
f 9138 9143 8974
f 8976 8975 9144
f 9144 8975 8971
f 9144 8971 9143
f 9143 8971 8973
f 9143 8973 8974
f 8269 8268 9145
f 9145 8268 9148
f 9145 9148 9146
f 9146 9148 9150
f 9146 9150 9147
f 9147 9150 9152
f 9147 9152 8978
f 8984 8982 9153
f 9153 8982 8981
f 9153 8981 9152
f 9152 8981 8980
f 9152 8980 8978
f 8267 8154 9149
f 9149 8154 9154
f 9149 9154 9151
f 9151 9154 9156
f 9151 9156 9153
f 9153 9156 9158
f 9153 9158 8984
f 8984 9158 8985
f 8156 8270 9155
f 9155 8270 9160
f 9155 9160 9157
f 9157 9160 9162
f 9157 9162 9159
f 9159 9162 9164
f 9159 9164 8990
f 8992 8991 9165
f 9165 8991 8987
f 9165 8987 9164
f 9164 8987 8989
f 9164 8989 8990
f 8274 8272 9166
f 9166 8272 9113
f 9166 9113 9167
f 9167 9113 9115
f 9167 9115 9168
f 9168 9115 9118
f 9168 9118 8994
f 8994 9118 8996
f 9171 8999 9000
f 8278 9116 9120
f 9120 9116 9172
f 9120 9172 9119
f 9119 9172 9171
f 9119 9171 9118
f 9118 9171 9000
f 9118 9000 8996
f 8277 9104 9116
f 9116 9104 9106
f 9116 9106 9172
f 9172 9106 9108
f 9172 9108 9171
f 9171 9108 8997
f 9171 8997 8999
f 9173 8499 8498
f 8445 8433 9174
f 9174 8433 9175
f 9175 8433 8439
f 9175 8439 9176
f 9176 8439 9177
f 9177 8439 8444
f 9177 8444 9178
f 9178 8444 9179
f 9179 8444 8443
f 9179 8443 9180
f 9174 9173 8445
f 8445 9173 8498
f 8445 8498 8446
f 8446 8498 8497
f 8446 8497 8447
f 8447 8497 8515
f 9180 8443 8442
f 8518 8504 9179
f 9179 8504 9178
f 9178 8504 8502
f 9178 8502 9177
f 8501 8499 9173
f 9173 9174 8501
f 8501 9174 9175
f 8501 9175 8502
f 8502 9175 9176
f 8502 9176 9177
f 8447 8515 8448
f 8448 8515 8514
f 8448 8514 8440
f 8440 8514 8512
f 8440 8512 8441
f 8441 8512 8510
f 8441 8510 8434
f 8434 8510 8508
f 8434 8508 8435
f 8435 8508 8516
f 8435 8516 8442
f 8442 8516 8518
f 8442 8518 9180
f 9180 8518 9179
f 9181 8492 8523
f 8523 8331 9181
f 9181 8331 8330
f 9181 8330 9182
f 9182 8330 8341
f 9182 8341 9183
f 9183 8341 8340
f 9183 8340 9184
f 9184 8340 9185
f 9185 8340 8339
f 9185 8339 9186
f 8521 8335 8522
f 8522 8335 8334
f 8522 8334 8523
f 8523 8334 8333
f 8523 8333 8331
f 9186 8339 8338
f 8531 9184 8533
f 8533 9184 9185
f 8533 9185 8534
f 8492 9181 8528
f 8528 9181 9182
f 8528 9182 8531
f 8531 9182 9183
f 8531 9183 9184
f 8335 8521 8328
f 8328 8521 8541
f 8328 8541 8327
f 8327 8541 8538
f 8327 8538 8326
f 8326 8538 8536
f 8326 8536 8336
f 8336 8536 8535
f 8336 8535 8337
f 8337 8535 8524
f 8337 8524 8338
f 8338 8524 8534
f 8338 8534 9186
f 9186 8534 9185
f 9187 8936 8937
f 8382 8372 9188
f 9188 8372 9189
f 9189 8372 8375
f 9189 8375 9190
f 9190 8375 9191
f 9191 8375 8389
f 9191 8389 9192
f 9192 8389 9193
f 9193 8389 8388
f 9193 8388 9194
f 9188 9187 8382
f 8382 9187 8937
f 8382 8937 8383
f 8383 8937 8939
f 8383 8939 8385
f 8385 8939 8940
f 9194 8388 8387
f 8916 8917 9193
f 9193 8917 9192
f 9192 8917 8918
f 9192 8918 9191
f 8933 8936 9187
f 9187 9188 8933
f 8933 9188 9189
f 8933 9189 8918
f 8918 9189 9190
f 8918 9190 9191
f 8385 8940 8386
f 8386 8940 8934
f 8386 8934 8376
f 8376 8934 8924
f 8376 8924 8377
f 8377 8924 8922
f 8377 8922 8379
f 8379 8922 8912
f 8379 8912 8381
f 8381 8912 8914
f 8381 8914 8387
f 8387 8914 8916
f 8387 8916 9194
f 9194 8916 9193
f 9195 9196 8928
f 8928 8927 9195
f 9195 8927 8926
f 9195 8926 8576
f 8928 9196 8930
f 8930 9196 9197
f 8930 9197 8931
f 8931 9197 9198
f 8931 9198 8925
f 8925 9198 9199
f 8925 9199 8923
f 8923 9199 9200
f 9201 8921 9200
f 9200 8921 8923
f 8921 9201 9202
f 8921 9202 8920
f 8920 9202 9203
f 8920 9203 8919
f 8919 9203 9204
f 8919 9204 8913
f 8913 9204 9205
f 8913 9205 8915
f 9206 8481 9205
f 9205 8481 8915
f 8481 9206 9207
f 8481 9207 8941
f 8941 9207 9208
f 8941 9208 8942
f 8942 9208 9209
f 8942 9209 8943
f 8943 9209 9210
f 8943 9210 8479
f 8479 9210 8480
f 8480 9210 9211
f 8480 9211 8932
f 9212 8908 9213
f 9213 8908 8910
f 9213 8910 9214
f 9214 8910 8911
f 9214 8911 9215
f 9215 8911 8935
f 9215 8935 9211
f 9211 8935 8932
f 9216 8906 9212
f 9212 8906 8908
f 8906 9216 8905
f 8905 9216 9217
f 8905 9217 8893
f 8893 9217 9218
f 8893 9218 8894
f 8894 9218 9219
f 8894 9219 8895
f 8895 9219 9220
f 9221 8900 9220
f 9220 8900 8890
f 9220 8890 8895
f 8900 9221 9222
f 8900 9222 8901
f 8901 9222 9223
f 8901 9223 8902
f 8902 9223 9224
f 8902 9224 8903
f 8903 9224 9225
f 8903 9225 8899
f 8899 9225 8898
f 8898 9225 9226
f 9227 9228 8482
f 8482 8484 9227
f 9227 8484 8896
f 9227 8896 9229
f 9229 8896 8897
f 9229 8897 9230
f 9230 8897 8898
f 9230 8898 9226
f 9228 9231 8482
f 8482 9231 8883
f 8883 9231 8882
f 8882 9231 9232
f 8882 9232 8864
f 8864 9232 9233
f 8864 9233 8865
f 8865 9233 9234
f 8865 9234 8867
f 8867 9234 9235
f 9236 8875 9237
f 9237 8875 8874
f 9237 8874 9238
f 9238 8874 8872
f 9238 8872 9239
f 9239 8872 8869
f 9239 8869 9235
f 9235 8869 8867
f 8875 9236 8863
f 8863 9236 9240
f 8863 9240 8861
f 8861 9240 9241
f 8861 9241 8842
f 8842 9241 9242
f 8842 9242 8844
f 8844 9242 9243
f 9243 9244 8844
f 8844 9244 8846
f 8846 9244 9245
f 8846 9245 8838
f 8838 9245 9246
f 8838 9246 8839
f 8839 9246 9247
f 8839 9247 8840
f 8840 9247 9248
f 8840 9248 8849
f 8849 9248 8851
f 8851 9248 9249
f 8853 8851 9249
f 9249 9250 8853
f 8853 9250 9251
f 8853 9251 8485
f 8485 9251 9252
f 8485 9252 8486
f 8486 9252 9253
f 8486 9253 8487
f 9253 9254 8487
f 8487 9254 8855
f 8855 9254 8831
f 8831 9254 9255
f 8831 9255 8832
f 8832 9255 9256
f 8832 9256 8834
f 8834 9256 9257
f 8834 9257 8836
f 8836 9257 9258
f 9259 8830 9260
f 9260 8830 8829
f 9260 8829 9261
f 9261 8829 8827
f 9261 8827 9262
f 9262 8827 8837
f 9262 8837 9258
f 9258 8837 8836
f 8830 9259 8810
f 8810 9259 9263
f 8810 9263 8808
f 8808 9263 9264
f 8808 9264 8807
f 8807 9264 9265
f 8807 9265 8805
f 8805 9265 9266
f 9266 9267 8805
f 8805 9267 8803
f 8803 9267 9268
f 8803 9268 8802
f 8802 9268 9269
f 8802 9269 8801
f 8801 9269 9270
f 8801 9270 8797
f 8797 9270 9271
f 8797 9271 8799
f 8799 9271 8820
f 8820 9271 9272
f 9273 8822 8821
f 9273 8821 9274
f 9274 8821 8817
f 9274 8817 9275
f 9275 8817 8819
f 9275 8819 9276
f 9276 8819 8820
f 9276 8820 9272
f 9273 9277 8822
f 8822 9277 8824
f 8824 9277 8825
f 8825 9277 9278
f 8825 9278 8791
f 8791 9278 9279
f 8791 9279 8792
f 8792 9279 9280
f 8792 9280 8790
f 8790 9280 9281
f 8790 9281 8789
f 8789 9281 9282
f 8789 9282 8787
f 8787 9282 8542
f 8542 9282 9283
f 8542 9283 8540
f 8540 9283 9284
f 8540 9284 8539
f 8539 9284 9285
f 8539 9285 8537
f 8537 9285 9286
f 9287 8525 9286
f 9286 8525 8537
f 8525 9287 9288
f 8525 9288 8780
f 8780 9288 9289
f 8780 9289 8781
f 8781 9289 9290
f 8781 9290 8786
f 8786 9290 9291
f 8786 9291 8785
f 9292 8784 9291
f 9291 8784 8785
f 8784 9292 9293
f 8784 9293 8782
f 8782 9293 9294
f 8782 9294 8783
f 8783 9294 9295
f 8783 9295 8526
f 8526 9295 9296
f 8526 9296 8532
f 9297 8530 9296
f 9296 8530 8532
f 9298 8779 9299
f 9299 8779 8778
f 9299 8778 9300
f 8778 8491 9300
f 9300 8491 8527
f 9300 8527 9301
f 9301 8527 8529
f 9301 8529 9297
f 9297 8529 8530
f 9302 8749 9298
f 9298 8749 8779
f 8749 9302 8751
f 8751 9302 9303
f 8751 9303 8764
f 8764 9303 9304
f 8764 9304 8765
f 8765 9304 9305
f 8765 9305 8767
f 8767 9305 9306
f 9306 9307 8767
f 8767 9307 8769
f 8769 9307 9308
f 8769 9308 8770
f 8770 9308 9309
f 8770 9309 8771
f 8771 9309 9310
f 8771 9310 8772
f 8772 9310 9311
f 8772 9311 8774
f 8774 9311 8776
f 8776 9311 9312
f 9313 8759 8761
f 9313 8761 9314
f 9314 8761 8763
f 9314 8763 9315
f 9315 8763 8777
f 9315 8777 9316
f 9316 8777 8776
f 9316 8776 9312
f 9313 9317 8759
f 8759 9317 8753
f 8753 9317 8754
f 8754 9317 9318
f 8754 9318 8756
f 8756 9318 9319
f 8756 9319 8757
f 8757 9319 9320
f 8757 9320 8758
f 8758 9320 9321
f 9322 8725 9323
f 9323 8725 8724
f 9323 8724 9324
f 9324 8724 8740
f 9324 8740 9325
f 9325 8740 8742
f 9325 8742 9321
f 9321 8742 8758
f 8725 9322 8726
f 8726 9322 9326
f 8726 9326 8734
f 8734 9326 9327
f 8734 9327 8731
f 8731 9327 9328
f 8731 9328 8729
f 8729 9328 9329
f 9329 9330 8729
f 8729 9330 8727
f 8727 9330 9331
f 8727 9331 8737
f 8737 9331 9332
f 8737 9332 8735
f 8735 9332 9333
f 8735 9333 8736
f 8736 9333 9334
f 8736 9334 8721
f 8721 9334 8714
f 8714 9334 9335
f 8714 9335 8713
f 8713 9335 9336
f 9336 9337 8713
f 8713 9337 8712
f 8708 8712 9338
f 9338 8712 9337
f 9338 9339 8708
f 8708 9339 8709
f 8709 9339 8700
f 8700 9339 9340
f 8700 9340 8701
f 8701 9340 9341
f 8701 9341 8944
f 8944 9341 9342
f 8944 9342 8703
f 8703 9342 9343
f 9344 8704 9343
f 9343 8704 8703
f 8704 9344 8706
f 8706 9344 9345
f 8706 9345 8707
f 8707 9345 9346
f 8707 9346 8694
f 8694 9346 9347
f 8694 9347 8692
f 8692 9347 9348
f 9349 8489 9348
f 9348 8489 8692
f 8490 8489 9350
f 9350 8489 9349
f 9350 9351 8490
f 8490 9351 8488
f 8488 9351 8695
f 8695 9351 9352
f 8695 9352 8699
f 8699 9352 9353
f 9354 8685 8697
f 9354 8697 9355
f 9355 8697 8696
f 9355 8696 9356
f 9356 8696 8698
f 9356 8698 9357
f 9357 8698 8699
f 9357 8699 9353
f 9354 9358 8685
f 8685 9358 8671
f 8671 9358 8672
f 8672 9358 9359
f 8672 9359 8674
f 8674 9359 9360
f 8674 9360 8675
f 8675 9360 9361
f 8675 9361 8677
f 8677 9361 9362
f 9363 8679 9362
f 9362 8679 8677
f 8679 9363 8680
f 8680 9363 9364
f 8680 9364 8513
f 8513 9364 9365
f 8513 9365 8511
f 8511 9365 9366
f 8511 9366 8509
f 8509 9366 9367
f 9368 8507 9367
f 9367 8507 8509
f 8507 9368 9369
f 8507 9369 8493
f 8493 9369 9370
f 8493 9370 8494
f 8494 9370 9371
f 8494 9371 8495
f 8495 9371 9372
f 8495 9372 8517
f 9373 8519 9372
f 9372 8519 8517
f 8519 9373 9374
f 8519 9374 8520
f 8520 9374 9375
f 8520 9375 8506
f 8506 9375 9376
f 8506 9376 8505
f 8505 9376 9377
f 8505 9377 8503
f 9378 8500 9377
f 9377 8500 8503
f 9379 8664 9380
f 9380 8664 8670
f 9380 8670 9381
f 9381 8670 8669
f 9381 8669 9382
f 9382 8669 8668
f 9382 8668 9378
f 9378 8668 8500
f 9383 8666 9379
f 9379 8666 8664
f 8666 9383 8667
f 8667 9383 9384
f 8667 9384 8634
f 8634 9384 9385
f 8634 9385 8635
f 8635 9385 9386
f 8635 9386 8648
f 8648 9386 9387
f 8648 9387 8646
f 8646 9387 9388
f 8646 9388 8660
f 8660 9388 9389
f 8660 9389 8661
f 8661 9389 9390
f 8661 9390 8662
f 8662 9390 9391
f 8662 9391 8663
f 8663 9391 9392
f 8663 9392 8643
f 8643 9392 8641
f 8641 9392 9393
f 9394 8657 8658
f 9394 8658 9395
f 9395 8658 8659
f 9395 8659 9396
f 9396 8659 8639
f 9396 8639 9397
f 9397 8639 8641
f 9397 8641 9393
f 9394 9398 8657
f 8657 9398 8637
f 8637 9398 8638
f 8638 9398 9399
f 8638 9399 8622
f 8622 9399 9400
f 8622 9400 8623
f 8623 9400 9401
f 8623 9401 8625
f 8625 9401 9402
f 9403 8632 9404
f 9404 8632 8631
f 9404 8631 9405
f 9405 8631 8629
f 9405 8629 9406
f 9406 8629 8627
f 9406 8627 9402
f 9402 8627 8625
f 8632 9403 8615
f 8615 9403 9407
f 8615 9407 8617
f 8617 9407 9408
f 8617 9408 8618
f 8618 9408 9409
f 8618 9409 8620
f 8620 9409 9410
f 9410 9411 8620
f 8620 9411 8621
f 8621 9411 9412
f 8621 9412 8603
f 8603 9412 9413
f 8603 9413 8604
f 8604 9413 9414
f 8604 9414 8606
f 8606 9414 9415
f 8606 9415 8608
f 8608 9415 8610
f 8610 9415 9416
f 9417 8589 8590
f 9417 8590 9418
f 9418 8590 8588
f 9418 8588 9419
f 8588 8613 9419
f 9419 8613 8612
f 9419 8612 9420
f 9420 8612 8610
f 9420 8610 9416
f 9417 9421 8589
f 8589 9421 8587
f 8587 9421 8585
f 8585 9421 9422
f 8585 9422 8591
f 8591 9422 9423
f 8591 9423 8592
f 8592 9423 9424
f 8592 9424 8594
f 8594 9424 9425
f 9426 8551 9427
f 9427 8551 8550
f 9427 8550 9428
f 9428 8550 8583
f 9428 8583 9429
f 9429 8583 8595
f 9429 8595 9425
f 9425 8595 8594
f 8551 9426 8552
f 8552 9426 9430
f 8552 9430 8567
f 8567 9430 9431
f 8567 9431 8560
f 8560 9431 9432
f 8560 9432 8562
f 8562 9432 9433
f 9433 9434 8562
f 8562 9434 8564
f 8564 9434 9435
f 8564 9435 8565
f 8565 9435 9436
f 8565 9436 8573
f 8573 9436 9437
f 8573 9437 8572
f 8572 9437 9438
f 8572 9438 8570
f 9439 8577 9438
f 9438 8577 8568
f 9438 8568 8570
f 9440 8556 8580
f 9440 8580 9441
f 9441 8580 8579
f 9441 8579 9442
f 9442 8579 8578
f 9442 8578 9443
f 9443 8578 8577
f 9443 8577 9439
f 9440 9444 8556
f 8556 9444 8554
f 8554 9444 8553
f 8553 9444 9445
f 8553 9445 8574
f 8574 9445 9446
f 8574 9446 8575
f 8575 9446 9447
f 8575 9447 8576
f 8576 9447 9195
f 9338 9337 9339
f 9339 9337 9343
f 9346 9345 9347
f 9347 9345 9344
f 9347 9344 9348
f 9348 9344 9343
f 9343 9342 9339
f 9339 9342 9341
f 9339 9341 9340
f 9336 9351 9337
f 9337 9351 9350
f 9337 9350 9343
f 9343 9350 9349
f 9343 9349 9348
f 9336 9448 9449
f 9336 9449 9351
f 9351 9449 9450
f 9351 9450 9451
f 9282 9274 9275
f 9289 9288 9229
f 9270 9269 9229
f 9247 9246 9229
f 9229 9246 9245
f 9281 9280 9279
f 9375 9374 9390
f 9279 9278 9281
f 9281 9278 9277
f 9281 9277 9282
f 9282 9277 9273
f 9282 9273 9274
f 9314 9315 9331
f 9331 9315 9332
f 9310 9309 9294
f 9294 9309 9308
f 9294 9308 9295
f 9452 9453 9442
f 9357 9454 9371
f 9354 9355 9369
f 9451 9455 9351
f 9351 9455 9456
f 9351 9456 9352
f 9352 9456 9457
f 9352 9457 9353
f 9353 9457 9458
f 9353 9458 9357
f 9357 9458 9459
f 9357 9459 9454
f 9276 9272 9229
f 9229 9272 9271
f 9229 9271 9270
f 9236 9237 9243
f 9335 9334 9315
f 9315 9334 9333
f 9315 9333 9332
f 9288 9287 9229
f 9229 9287 9286
f 9229 9286 9285
f 9229 9230 9460
f 9460 9230 9226
f 9460 9226 9225
f 9355 9356 9369
f 9369 9356 9357
f 9369 9357 9370
f 9370 9357 9371
f 9243 9237 9244
f 9244 9237 9238
f 9244 9238 9239
f 9461 9462 9290
f 9290 9462 9463
f 9290 9463 9464
f 9460 9465 9229
f 9229 9465 9461
f 9229 9461 9289
f 9289 9461 9290
f 9275 9276 9282
f 9282 9276 9229
f 9282 9229 9283
f 9283 9229 9285
f 9283 9285 9284
f 9205 9204 9441
f 9452 9442 9466
f 9466 9442 9443
f 9466 9443 9467
f 9239 9231 9244
f 9244 9231 9228
f 9244 9228 9245
f 9245 9228 9227
f 9245 9227 9229
f 9312 9311 9336
f 9209 9208 9224
f 9224 9208 9207
f 9224 9207 9206
f 9391 9390 9436
f 9419 9436 9418
f 9418 9436 9435
f 9418 9435 9417
f 9417 9435 9434
f 9417 9434 9427
f 9427 9434 9433
f 9427 9433 9426
f 9374 9373 9454
f 9454 9373 9372
f 9454 9372 9371
f 9251 9250 9269
f 9269 9250 9249
f 9269 9249 9229
f 9229 9249 9248
f 9229 9248 9247
f 9323 9324 9313
f 9313 9324 9325
f 9313 9325 9317
f 9335 9315 9336
f 9336 9315 9316
f 9336 9316 9312
f 9295 9308 9296
f 9296 9308 9307
f 9296 9307 9297
f 9297 9307 9306
f 9297 9306 9301
f 9204 9203 9441
f 9441 9203 9202
f 9441 9202 9440
f 9440 9202 9201
f 9440 9201 9444
f 9444 9201 9200
f 9444 9200 9445
f 9391 9414 9413
f 9425 9424 9423
f 9366 9365 9364
f 9256 9255 9254
f 9264 9263 9259
f 9233 9232 9234
f 9234 9232 9231
f 9234 9231 9235
f 9235 9231 9239
f 9242 9241 9243
f 9243 9241 9240
f 9243 9240 9236
f 9314 9331 9313
f 9313 9331 9330
f 9313 9330 9323
f 9323 9330 9329
f 9323 9329 9322
f 9304 9303 9305
f 9305 9303 9302
f 9299 9300 9298
f 9298 9300 9301
f 9298 9301 9302
f 9302 9301 9306
f 9302 9306 9305
f 9311 9310 9336
f 9336 9310 9294
f 9336 9294 9448
f 9448 9294 9293
f 9448 9293 9468
f 9468 9293 9292
f 9468 9292 9464
f 9464 9292 9291
f 9464 9291 9290
f 9453 9460 9442
f 9442 9460 9225
f 9442 9225 9441
f 9441 9225 9224
f 9441 9224 9205
f 9205 9224 9206
f 9200 9199 9198
f 9454 9469 9374
f 9374 9469 9470
f 9374 9470 9390
f 9390 9470 9471
f 9390 9471 9436
f 9436 9471 9472
f 9436 9472 9437
f 9437 9472 9473
f 9437 9473 9474
f 9427 9428 9417
f 9417 9428 9429
f 9417 9429 9421
f 9421 9429 9425
f 9421 9425 9422
f 9422 9425 9423
f 9432 9431 9433
f 9433 9431 9430
f 9433 9430 9426
f 9364 9363 9366
f 9366 9363 9358
f 9366 9358 9367
f 9367 9358 9354
f 9367 9354 9368
f 9368 9354 9369
f 9360 9359 9361
f 9361 9359 9358
f 9361 9358 9362
f 9362 9358 9363
f 9447 9446 9195
f 9195 9446 9445
f 9195 9445 9196
f 9196 9445 9200
f 9196 9200 9197
f 9197 9200 9198
f 9375 9390 9376
f 9376 9390 9389
f 9376 9389 9377
f 9377 9389 9388
f 9377 9388 9378
f 9378 9388 9387
f 9378 9387 9382
f 9387 9386 9385
f 9251 9269 9252
f 9252 9269 9268
f 9252 9268 9253
f 9253 9268 9267
f 9253 9267 9260
f 9260 9267 9266
f 9260 9266 9259
f 9259 9266 9265
f 9259 9265 9264
f 9319 9318 9320
f 9320 9318 9317
f 9320 9317 9321
f 9321 9317 9325
f 9328 9327 9329
f 9329 9327 9326
f 9329 9326 9322
f 9224 9223 9209
f 9209 9223 9222
f 9209 9222 9210
f 9210 9222 9221
f 9210 9221 9211
f 9211 9221 9220
f 9211 9220 9215
f 9215 9220 9214
f 9467 9443 9475
f 9475 9443 9439
f 9475 9439 9474
f 9474 9439 9438
f 9474 9438 9437
f 9396 9397 9412
f 9412 9397 9393
f 9412 9393 9413
f 9413 9393 9392
f 9413 9392 9391
f 9380 9381 9379
f 9379 9381 9382
f 9379 9382 9383
f 9383 9382 9387
f 9383 9387 9384
f 9384 9387 9385
f 9257 9256 9258
f 9258 9256 9254
f 9258 9254 9262
f 9262 9254 9253
f 9262 9253 9261
f 9261 9253 9260
f 9218 9217 9219
f 9219 9217 9216
f 9219 9216 9220
f 9220 9216 9214
f 9214 9216 9212
f 9214 9212 9213
f 9419 9420 9436
f 9436 9420 9416
f 9436 9416 9391
f 9391 9416 9415
f 9391 9415 9414
f 9404 9405 9394
f 9394 9405 9406
f 9394 9406 9398
f 9400 9399 9401
f 9401 9399 9398
f 9401 9398 9402
f 9402 9398 9406
f 9408 9407 9409
f 9409 9407 9403
f 9409 9403 9410
f 9410 9403 9404
f 9410 9404 9411
f 9411 9404 9394
f 9411 9394 9412
f 9412 9394 9395
f 9412 9395 9396
f 9453 9476 9460
f 9460 9476 9477
f 9460 9477 9465
f 9465 9477 9478
f 9465 9478 9461
f 9461 9478 9479
f 9461 9479 9462
f 9462 9479 9480
f 9462 9480 9463
f 9463 9480 9481
f 9463 9481 9464
f 9464 9481 9482
f 9464 9482 9468
f 9468 9482 9483
f 9468 9483 9448
f 9448 9483 9484
f 9448 9484 9449
f 9449 9484 9485
f 9449 9485 9450
f 9450 9485 9486
f 9450 9486 9451
f 9451 9486 9487
f 9451 9487 9455
f 9455 9487 9488
f 9455 9488 9456
f 9456 9488 9489
f 9456 9489 9457
f 9457 9489 9490
f 9457 9490 9458
f 9458 9490 9491
f 9458 9491 9459
f 9459 9491 9492
f 9459 9492 9454
f 9454 9492 9493
f 9454 9493 9469
f 9469 9493 9494
f 9469 9494 9470
f 9470 9494 9495
f 9470 9495 9471
f 9471 9495 9496
f 9471 9496 9472
f 9472 9496 9497
f 9472 9497 9473
f 9473 9497 9498
f 9473 9498 9474
f 9474 9498 9499
f 9474 9499 9475
f 9475 9499 9500
f 9475 9500 9467
f 9467 9500 9501
f 9467 9501 9466
f 9466 9501 9502
f 9466 9502 9452
f 9452 9502 9503
f 9452 9503 9453
f 9453 9503 9476
f 9496 9504 9497
f 9497 9504 9505
f 9497 9505 9498
f 9498 9505 9506
f 9498 9506 9499
f 9499 9506 9507
f 9499 9507 9500
f 9500 9507 9508
f 9500 9508 9501
f 9501 9508 9509
f 9501 9509 9502
f 9502 9509 9510
f 9502 9510 9503
f 9503 9510 9511
f 9503 9511 9476
f 9476 9511 9512
f 9476 9512 9477
f 9477 9512 9513
f 9477 9513 9478
f 9478 9513 9514
f 9478 9514 9479
f 9479 9514 9515
f 9479 9515 9480
f 9480 9515 9516
f 9480 9516 9481
f 9481 9516 9517
f 9481 9517 9482
f 9482 9517 9518
f 9482 9518 9483
f 9483 9518 9519
f 9483 9519 9484
f 9484 9519 9520
f 9484 9520 9485
f 9485 9520 9521
f 9485 9521 9486
f 9486 9521 9522
f 9486 9522 9487
f 9487 9522 9523
f 9487 9523 9488
f 9488 9523 9524
f 9488 9524 9489
f 9489 9524 9525
f 9489 9525 9490
f 9490 9525 9526
f 9490 9526 9491
f 9491 9526 9527
f 9491 9527 9492
f 9492 9527 9528
f 9492 9528 9493
f 9493 9528 9529
f 9493 9529 9494
f 9494 9529 9530
f 9494 9530 9495
f 9495 9530 9531
f 9495 9531 9496
f 9496 9531 9504
f 9512 9532 9513
f 9513 9532 9533
f 9513 9533 9514
f 9514 9533 9534
f 9514 9534 9515
f 9515 9534 9535
f 9515 9535 9516
f 9516 9535 9536
f 9516 9536 9517
f 9517 9536 9537
f 9517 9537 9518
f 9518 9537 9538
f 9518 9538 9519
f 9519 9538 9539
f 9519 9539 9520
f 9520 9539 9540
f 9520 9540 9521
f 9521 9540 9541
f 9521 9541 9522
f 9522 9541 9542
f 9522 9542 9523
f 9523 9542 9543
f 9523 9543 9524
f 9524 9543 9544
f 9524 9544 9525
f 9525 9544 9545
f 9525 9545 9526
f 9526 9545 9546
f 9526 9546 9527
f 9527 9546 9547
f 9527 9547 9528
f 9528 9547 9548
f 9528 9548 9529
f 9529 9548 9549
f 9529 9549 9530
f 9530 9549 9550
f 9530 9550 9531
f 9531 9550 9551
f 9531 9551 9504
f 9504 9551 9552
f 9504 9552 9505
f 9505 9552 9553
f 9505 9553 9506
f 9506 9553 9554
f 9506 9554 9507
f 9507 9554 9555
f 9507 9555 9508
f 9508 9555 9556
f 9508 9556 9509
f 9509 9556 9557
f 9509 9557 9510
f 9510 9557 9558
f 9510 9558 9511
f 9511 9558 9559
f 9511 9559 9512
f 9512 9559 9532
f 9560 9545 9561
f 9561 9545 9544
f 9561 9544 9562
f 9562 9544 9543
f 9562 9543 9563
f 9563 9543 9542
f 9563 9542 9564
f 9564 9542 9541
f 9564 9541 9565
f 9565 9541 9540
f 9565 9540 9566
f 9566 9540 9539
f 9566 9539 9567
f 9567 9539 9538
f 9567 9538 9568
f 9568 9538 9537
f 9568 9537 9569
f 9569 9537 9536
f 9569 9536 9570
f 9570 9536 9535
f 9570 9535 9571
f 9571 9535 9534
f 9571 9534 9572
f 9572 9534 9533
f 9572 9533 9573
f 9573 9533 9532
f 9573 9532 9574
f 9574 9532 9559
f 9574 9559 9575
f 9575 9559 9558
f 9575 9558 9576
f 9576 9558 9557
f 9576 9557 9577
f 9577 9557 9556
f 9577 9556 9578
f 9578 9556 9555
f 9578 9555 9579
f 9579 9555 9554
f 9579 9554 9580
f 9580 9554 9553
f 9580 9553 9581
f 9581 9553 9552
f 9581 9552 9582
f 9582 9552 9551
f 9582 9551 9583
f 9583 9551 9550
f 9583 9550 9584
f 9584 9550 9549
f 9584 9549 9585
f 9585 9549 9548
f 9585 9548 9586
f 9586 9548 9547
f 9586 9547 9587
f 9587 9547 9546
f 9587 9546 9560
f 9560 9546 9545
f 9587 9588 9586
f 9586 9588 9589
f 9586 9589 9585
f 9585 9589 9590
f 9585 9590 9584
f 9584 9590 9591
f 9584 9591 9583
f 9583 9591 9592
f 9583 9592 9582
f 9582 9592 9593
f 9582 9593 9581
f 9581 9593 9594
f 9581 9594 9580
f 9580 9594 9595
f 9580 9595 9579
f 9579 9595 9596
f 9579 9596 9578
f 9578 9596 9597
f 9578 9597 9577
f 9577 9597 9598
f 9577 9598 9576
f 9576 9598 9599
f 9576 9599 9575
f 9575 9599 9600
f 9575 9600 9574
f 9574 9600 9601
f 9574 9601 9573
f 9573 9601 9602
f 9573 9602 9572
f 9572 9602 9603
f 9572 9603 9571
f 9571 9603 9604
f 9571 9604 9570
f 9570 9604 9605
f 9570 9605 9569
f 9569 9605 9606
f 9569 9606 9568
f 9568 9606 9607
f 9568 9607 9567
f 9567 9607 9608
f 9567 9608 9566
f 9566 9608 9609
f 9566 9609 9565
f 9565 9609 9610
f 9565 9610 9564
f 9564 9610 9611
f 9564 9611 9563
f 9563 9611 9612
f 9563 9612 9562
f 9562 9612 9613
f 9562 9613 9561
f 9561 9613 9614
f 9561 9614 9560
f 9560 9614 9615
f 9560 9615 9587
f 9587 9615 9588
f 9602 9616 9603
f 9603 9616 9617
f 9603 9617 9604
f 9604 9617 9618
f 9604 9618 9605
f 9605 9618 9619
f 9605 9619 9606
f 9606 9619 9620
f 9606 9620 9607
f 9607 9620 9621
f 9607 9621 9608
f 9608 9621 9622
f 9608 9622 9609
f 9609 9622 9623
f 9609 9623 9610
f 9610 9623 9624
f 9610 9624 9611
f 9611 9624 9625
f 9611 9625 9612
f 9612 9625 9626
f 9612 9626 9613
f 9613 9626 9627
f 9613 9627 9614
f 9614 9627 9628
f 9614 9628 9615
f 9615 9628 9629
f 9615 9629 9588
f 9588 9629 9630
f 9588 9630 9589
f 9589 9630 9631
f 9589 9631 9590
f 9590 9631 9632
f 9590 9632 9591
f 9591 9632 9633
f 9591 9633 9592
f 9592 9633 9634
f 9592 9634 9593
f 9593 9634 9635
f 9593 9635 9594
f 9594 9635 9636
f 9594 9636 9595
f 9595 9636 9637
f 9595 9637 9596
f 9596 9637 9638
f 9596 9638 9597
f 9597 9638 9639
f 9597 9639 9598
f 9598 9639 9640
f 9598 9640 9599
f 9599 9640 9641
f 9599 9641 9600
f 9600 9641 9642
f 9600 9642 9601
f 9601 9642 9643
f 9601 9643 9602
f 9602 9643 9616
f 9623 8977 9624
f 9624 8977 8979
f 9624 8979 9625
f 9625 8979 8983
f 9625 8983 9626
f 9626 8983 8986
f 9626 8986 9627
f 9627 8986 8988
f 9627 8988 9628
f 9628 8988 8993
f 9628 8993 9629
f 9629 8993 8995
f 9629 8995 9630
f 9630 8995 8998
f 9630 8998 9631
f 9631 8998 9002
f 9631 9002 9632
f 9632 9002 9004
f 9632 9004 9633
f 9633 9004 9009
f 9633 9009 9634
f 9634 9009 9011
f 9634 9011 9635
f 9635 9011 9015
f 9635 9015 9636
f 9636 9015 9018
f 9636 9018 9637
f 9018 9020 9637
f 9637 9020 9025
f 9637 9025 9638
f 9638 9025 9027
f 9638 9027 9639
f 9639 9027 9031
f 9639 9031 9640
f 9640 9031 9034
f 9640 9034 9641
f 9641 9034 9036
f 9641 9036 9642
f 9642 9036 9041
f 9642 9041 9643
f 9643 9041 9043
f 9643 9043 9616
f 9616 9043 8953
f 9616 8953 9617
f 9617 8953 8954
f 9617 8954 9618
f 9618 8954 8956
f 9618 8956 9619
f 9619 8956 8961
f 9619 8961 9620
f 9620 8961 8963
f 9620 8963 9621
f 9621 8963 8967
f 9621 8967 9622
f 9622 8967 8970
f 9622 8970 9623
f 9623 8970 8972
f 9623 8972 8977
f 8813 8219 8811
f 8811 8219 8222
f 8811 8222 8814
f 8814 8222 8224
f 8814 8224 8815
f 8815 8224 8231
f 8815 8231 8816
f 8816 8231 8230
f 8816 8230 8823
f 8823 8230 8228
f 8823 8228 8818
f 8818 8228 8226
f 8818 8226 8800
f 8800 8226 8225
f 8800 8225 8798
f 8798 8225 8218
f 8798 8218 8796
f 8796 8218 8216
f 8796 8216 8804
f 8804 8216 8215
f 8804 8215 8806
f 8806 8215 8221
f 8806 8221 8809
f 8809 8221 8220
f 8809 8220 8813
f 8813 8220 8219
f 8748 8324 8745
f 8745 8324 8323
f 8745 8323 8746
f 8746 8323 8315
f 8746 8315 8747
f 8747 8315 8316
f 8747 8316 8755
f 8755 8316 8312
f 8755 8312 8760
f 8760 8312 8311
f 8760 8311 8762
f 8762 8311 8322
f 8762 8322 8775
f 8775 8322 8321
f 8775 8321 8773
f 8773 8321 8320
f 8773 8320 8768
f 8768 8320 8317
f 8768 8317 8766
f 8766 8317 8318
f 8766 8318 8752
f 8752 8318 8319
f 8752 8319 8750
f 8750 8319 8325
f 8750 8325 8748
f 8748 8325 8324
f 8718 8198 8716
f 8716 8198 8210
f 8716 8210 8715
f 8715 8210 8209
f 8715 8209 8710
f 8710 8209 8207
f 8710 8207 8711
f 8711 8207 8206
f 8711 8206 8719
f 8719 8206 8304
f 8719 8304 8720
f 8720 8304 8196
f 8720 8196 8722
f 8722 8196 8195
f 8722 8195 8723
f 8723 8195 8205
f 8723 8205 8728
f 8728 8205 8204
f 8728 8204 8730
f 8730 8204 8203
f 8730 8203 8732
f 8732 8203 8201
f 8732 8201 8733
f 8733 8201 8199
f 8733 8199 8718
f 8718 8199 8198
f 8949 8295 8681
f 8681 8295 8291
f 8681 8291 8682
f 8682 8291 8294
f 8682 8294 8683
f 8683 8294 8293
f 8683 8293 8684
f 8684 8293 8292
f 8684 8292 8686
f 8686 8292 8285
f 8686 8285 8687
f 8687 8285 8280
f 8687 8280 8688
f 8688 8280 8282
f 8688 8282 8689
f 8689 8282 8284
f 8689 8284 8690
f 8690 8284 8300
f 8690 8300 8691
f 8691 8300 8299
f 8691 8299 8693
f 8693 8299 8298
f 8693 8298 8948
f 8948 8298 8296
f 8948 8296 8949
f 8949 8296 8295
f 8651 8418 8653
f 8653 8418 8420
f 8653 8420 8654
f 8654 8420 8422
f 8654 8422 8636
f 8636 8422 8424
f 8636 8424 8655
f 8655 8424 8428
f 8655 8428 8656
f 8656 8428 8427
f 8656 8427 8640
f 8640 8427 8426
f 8640 8426 8642
f 8642 8426 8413
f 8642 8413 8644
f 8644 8413 8411
f 8644 8411 8645
f 8645 8411 8410
f 8645 8410 8647
f 8647 8410 8415
f 8647 8415 8649
f 8649 8415 8414
f 8649 8414 8650
f 8650 8414 8417
f 8650 8417 8651
f 8651 8417 8418
f 8602 8407 8600
f 8600 8407 8397
f 8600 8397 8599
f 8599 8397 8395
f 8599 8395 8598
f 8598 8395 8394
f 8598 8394 8597
f 8597 8394 8393
f 8597 8393 8596
f 8596 8393 8396
f 8596 8396 8611
f 8611 8396 8401
f 8611 8401 8609
f 8609 8401 8400
f 8609 8400 8607
f 8607 8400 8399
f 8607 8399 8605
f 8605 8399 8406
f 8605 8406 8619
f 8619 8406 8405
f 8619 8405 8616
f 8616 8405 8409
f 8616 8409 8614
f 8614 8409 8408
f 8614 8408 8602
f 8602 8408 8407
f 8549 8182 8547
f 8547 8182 8181
f 8547 8181 8545
f 8545 8181 8192
f 8545 8192 8544
f 8544 8192 8194
f 8544 8194 8555
f 8555 8194 8187
f 8555 8187 8557
f 8557 8187 8186
f 8557 8186 8558
f 8558 8186 8185
f 8558 8185 8569
f 8569 8185 8184
f 8569 8184 8571
f 8571 8184 8183
f 8571 8183 8563
f 8563 8183 8191
f 8563 8191 8561
f 8561 8191 8190
f 8561 8190 8559
f 8559 8190 8189
f 8559 8189 8566
f 8566 8189 8188
f 8566 8188 8549
f 8549 8188 8182
f 8877 8368 8879
f 8879 8368 8366
f 8879 8366 8880
f 8880 8366 8364
f 8880 8364 8881
f 8881 8364 8362
f 8881 8362 8884
f 8884 8362 8361
f 8884 8361 8885
f 8885 8361 8353
f 8885 8353 8886
f 8886 8353 8360
f 8886 8360 8887
f 8887 8360 8359
f 8887 8359 8888
f 8888 8359 8358
f 8888 8358 8889
f 8889 8358 8355
f 8889 8355 8891
f 8891 8355 8354
f 8891 8354 8892
f 8892 8354 8357
f 8892 8357 8904
f 8904 8357 8369
f 8904 8369 8877
f 8877 8369 8368
f 8860 8165 8858
f 8858 8165 8168
f 8858 8168 8857
f 8857 8168 8167
f 8857 8167 8856
f 8856 8167 8166
f 8856 8166 8854
f 8854 8166 8179
f 8854 8179 8852
f 8852 8179 8178
f 8852 8178 8850
f 8850 8178 8177
f 8850 8177 8848
f 8848 8177 8171
f 8848 8171 8847
f 8847 8171 8176
f 8847 8176 8845
f 8845 8176 8175
f 8845 8175 8843
f 8843 8175 8173
f 8843 8173 8841
f 8841 8173 8172
f 8841 8172 8860
f 8860 8172 8165
f 9644 9645 9646
f 9646 9645 9647
f 9646 9647 9648
f 9648 9647 9649
f 9648 9649 9650
f 9650 9649 9651
f 9650 9651 9652
f 9652 9651 9653
f 9652 9653 9654
f 9654 9653 9655
f 9654 9655 9656
f 9656 9655 9657
f 9656 9657 9658
f 9658 9657 9659
f 9658 9659 9660
f 9660 9659 9661
f 9660 9661 9662
f 9662 9661 9663
f 9662 9663 9664
f 9664 9663 9665
f 9664 9665 9666
f 9666 9665 9667
f 9666 9667 9668
f 9668 9667 9669
f 9668 9669 9670
f 9670 9669 9671
f 9670 9671 9672
f 9672 9671 9673
f 9672 9673 9674
f 9674 9673 9675
f 9674 9675 9676
f 9676 9675 9677
f 9676 9677 9678
f 9678 9677 9679
f 9678 9679 9680
f 9680 9679 9681
f 9680 9681 9682
f 9682 9681 9683
f 9682 9683 9684
f 9684 9683 9685
f 9684 9685 9686
f 9686 9685 9687
f 9686 9687 9688
f 9688 9687 9689
f 9688 9689 9690
f 9690 9689 9691
f 9690 9691 9692
f 9692 9691 9693
f 9692 9693 9694
f 9694 9693 9695
f 9694 9695 9696
f 9696 9695 9697
f 9696 9697 9698
f 9698 9697 9699
f 9698 9699 9700
f 9700 9699 9701
f 9700 9701 9702
f 9702 9701 9703
f 9702 9703 9704
f 9704 9703 9705
f 9704 9705 9706
f 9706 9705 9707
f 9706 9707 9708
f 9708 9707 9709
f 9708 9709 9710
f 9710 9709 9711
f 9710 9711 9712
f 9712 9711 9713
f 9712 9713 9714
f 9714 9713 9715
f 9714 9715 9716
f 9716 9715 9717
f 9716 9717 9718
f 9718 9717 9719
f 9718 9719 9720
f 9720 9719 9721
f 9720 9721 9722
f 9722 9721 9644
f 9722 9644 9646
f 9692 8431 9690
f 9690 8431 8288
f 9690 8288 9688
f 8430 9692 8419
f 8419 9692 9694
f 8430 8437 9692
f 9692 8437 8432
f 9692 8432 8431
f 8454 8423 9694
f 9694 8423 8421
f 9694 8421 8419
f 9710 8146 9708
f 9708 8146 8143
f 9708 8143 9706
f 9706 8143 8145
f 9706 8145 9704
f 9704 8145 8398
f 9704 8398 9702
f 9702 8398 8403
f 9702 8403 9700
f 9700 8403 8402
f 9700 8402 9698
f 9698 8402 8454
f 9698 8454 9696
f 9696 8454 9694
f 9714 8193 9712
f 9712 8193 8180
f 9712 8180 9710
f 9710 8180 8147
f 9710 8147 8146
f 8371 8370 9716
f 9716 8370 8384
f 9716 8384 9714
f 9714 8384 8391
f 9714 8391 8193
f 8371 9716 8373
f 8373 9716 9718
f 8373 9718 8367
f 8367 9718 9720
f 8367 9720 8365
f 8365 9720 8363
f 8363 9720 9722
f 8363 9722 8346
f 8346 9722 9646
f 8346 9646 8347
f 8347 9646 9648
f 8347 9648 8349
f 8349 9648 9650
f 8349 9650 8350
f 8350 9650 8164
f 8164 9650 9652
f 8164 9652 8150
f 9660 8214 9658
f 9658 8214 8213
f 9658 8213 9656
f 9656 8213 8343
f 9656 8343 9654
f 9654 8343 8345
f 9654 8345 9652
f 9652 8345 8148
f 9652 8148 8150
f 9674 8310 9672
f 9672 8310 8314
f 9672 8314 9670
f 9670 8314 8313
f 9670 8313 9668
f 9668 8313 8151
f 9668 8151 9666
f 9666 8151 8332
f 9666 8332 9664
f 9664 8332 8329
f 9664 8329 9662
f 9662 8329 8229
f 9662 8229 9660
f 9660 8229 8223
f 9660 8223 8214
f 8306 9674 9676
f 8306 8307 9674
f 9674 8307 8309
f 9674 8309 8310
f 8288 8286 9688
f 9688 8286 8290
f 9688 8290 9686
f 9686 8290 8289
f 9686 8289 9684
f 9684 8289 8297
f 9684 8297 9682
f 9682 8297 8301
f 9682 8301 9680
f 9680 8301 8208
f 9680 8208 9678
f 9678 8208 8211
f 9678 8211 9676
f 9676 8211 8305
f 9676 8305 8306
f 9719 8878 8866
f 9719 8866 9721
f 8878 9719 8876
f 8876 9719 9717
f 8876 9717 8907
f 8907 9717 8909
f 8909 9717 9715
f 8909 9715 8938
f 8938 9715 8929
f 8929 9715 9713
f 8929 9713 8543
f 8543 9713 8468
f 8468 9713 9711
f 8468 9711 8466
f 8466 9711 8546
f 8546 9711 9709
f 8546 9709 8548
f 8548 9709 8581
f 8581 9709 9707
f 8581 9707 8582
f 8582 9707 9705
f 8582 9705 8584
f 8584 9705 9703
f 8584 9703 8593
f 8593 9703 8586
f 8586 9703 9701
f 8586 9701 8601
f 8601 9701 9699
f 8601 9699 8630
f 8630 9699 9697
f 8630 9697 8628
f 8628 9697 9695
f 8628 9695 8626
f 8626 9695 8624
f 8624 9695 9693
f 8624 9693 8652
f 8652 9693 8633
f 8633 9693 9691
f 8633 9691 8665
f 8665 9691 8471
f 8471 9691 9689
f 8471 9689 8469
f 8469 9689 8496
f 8496 9689 9687
f 8496 9687 8678
f 8678 9687 8676
f 8676 9687 9685
f 8676 9685 8950
f 8950 9685 9683
f 8950 9683 8947
f 8947 9683 9681
f 8947 9681 8946
f 8946 9681 8945
f 8945 9681 9679
f 8945 9679 8702
f 8702 9679 9677
f 8702 9677 8474
f 8474 9677 8472
f 8472 9677 9675
f 8472 9675 8717
f 8717 9675 8738
f 8738 9675 9673
f 8738 9673 8739
f 8739 9673 9671
f 8739 9671 8741
f 8741 9671 9669
f 8741 9669 8743
f 8743 9669 9667
f 8743 9667 8744
f 8744 9667 9665
f 8744 9665 8477
f 8477 9665 9663
f 8477 9663 8475
f 8475 9663 8478
f 8478 9663 9661
f 8478 9661 8795
f 8795 9661 8794
f 8794 9661 9659
f 8794 9659 8793
f 8793 9659 9657
f 8793 9657 8812
f 8812 9657 9655
f 8812 9655 8828
f 8828 9655 9653
f 8828 9653 8826
f 8826 9653 9651
f 8826 9651 8835
f 8866 8868 9721
f 9721 8868 8870
f 9721 8870 9644
f 9644 8870 8871
f 9644 8871 9645
f 9645 8871 8873
f 9645 8873 9647
f 9647 8873 8862
f 9647 8862 9649
f 9649 8862 8859
f 9649 8859 9651
f 9651 8859 8833
f 9651 8833 8835
f 9723 9724 9725
f 9725 9724 9726
f 9725 9726 9727
f 9727 9726 9728
f 9727 9728 9729
f 9729 9728 9730
f 9729 9730 9731
f 9731 9730 9732
f 9731 9732 9733
f 9733 9732 9734
f 9733 9734 9735
f 9735 9734 9736
f 9735 9736 9737
f 9737 9736 9738
f 9737 9738 9739
f 9739 9738 9740
f 9739 9740 9741
f 9741 9740 9742
f 9741 9742 9743
f 9743 9742 9744
f 9743 9744 9745
f 9745 9744 9746
f 9745 9746 9747
f 9747 9746 9748
f 9747 9748 9749
f 9749 9748 9750
f 9749 9750 9723
f 9723 9750 9724
f 9751 9752 9753
f 9754 9755 9752
f 9756 9757 9758
f 9759 9760 9761
f 9762 9763 9764
f 9765 9766 9767
f 9768 9769 9770
f 9771 9772 9773
f 9772 9771 9774
f 9775 9776 9777
f 9777 9776 9778
f 9779 9780 9781
f 9781 9780 9782
f 9781 9782 9783
f 9784 9785 9778
f 9778 9785 9786
f 9778 9786 9777
f 9777 9786 9787
f 9777 9787 9788
f 9789 9790 9791
f 9792 9793 9778
f 9794 9795 9791
f 9791 9795 9796
f 9791 9796 9789
f 9793 9797 9778
f 9778 9797 9798
f 9778 9798 9784
f 9784 9798 9799
f 9784 9799 9800
f 9799 9801 9800
f 9800 9801 9802
f 9800 9802 9803
f 9803 9802 9804
f 9803 9804 9805
f 9805 9804 9806
f 9805 9806 9794
f 9794 9806 9807
f 9794 9807 9795
f 9808 9809 9810
f 9811 9812 9813
f 9813 9812 9814
f 9813 9814 9809
f 9809 9814 9815
f 9809 9815 9810
f 9816 9817 9811
f 9811 9817 9818
f 9811 9818 9812
f 9810 9819 9808
f 9808 9819 9820
f 9808 9820 9821
f 9822 9823 9824
f 9825 9826 9827
f 9828 9829 9830
f 9830 9831 9828
f 9828 9831 9832
f 9828 9832 9825
f 9825 9832 9833
f 9825 9833 9826
f 9827 9834 9825
f 9825 9834 9835
f 9825 9835 9836
f 9836 9835 9824
f 9836 9824 9837
f 9837 9824 9823
f 9837 9823 9838
f 9839 9840 9841
f 9841 9840 9842
f 9841 9842 9843
f 9827 9844 9834
f 9834 9844 9845
f 9834 9845 9846
f 9846 9845 9847
f 9846 9847 9839
f 9839 9847 9848
f 9839 9848 9840
f 9767 9841 9828
f 9828 9841 9843
f 9828 9843 9829
f 9849 9841 9850
f 9767 9766 9841
f 9841 9766 9851
f 9841 9851 9850
f 9852 9853 9854
f 9854 9853 9855
f 9854 9855 9856
f 9856 9855 9857
f 9856 9857 9858
f 9859 9860 9861
f 9861 9860 9862
f 9861 9862 9853
f 9863 9864 9865
f 9865 9864 9866
f 9723 9725 9867
f 9866 9741 9868
f 9868 9741 9743
f 9745 9747 9751
f 9751 9747 9749
f 9733 9735 9864
f 9864 9735 9737
f 9864 9737 9866
f 9866 9737 9739
f 9866 9739 9741
f 9725 9727 9867
f 9867 9727 9729
f 9867 9729 9864
f 9864 9729 9731
f 9864 9731 9733
f 9869 9870 9871
f 9871 9870 9868
f 9872 9873 9874
f 9874 9873 9875
f 9850 9876 9849
f 9849 9876 9877
f 9849 9877 9878
f 9878 9877 9879
f 9878 9879 9774
f 9774 9879 9880
f 9774 9880 9772
f 9772 9880 9881
f 9772 9881 9773
f 9773 9881 9882
f 9773 9882 9883
f 9883 9882 9884
f 9885 9886 9887
f 9887 9886 9888
f 9762 9889 9890
f 9890 9889 9891
f 9890 9891 9892
f 9893 9894 9888
f 9888 9894 9895
f 9888 9895 9887
f 9896 9897 9872
f 9872 9897 9898
f 9872 9898 9899
f 9899 9898 9900
f 9899 9900 9901
f 9902 9903 9904
f 9904 9903 9905
f 9902 9906 9903
f 9903 9906 9907
f 9903 9907 9908
f 9908 9907 9909
f 9908 9909 9872
f 9872 9909 9910
f 9872 9910 9896
f 9779 9911 9912
f 9911 9779 9901
f 9901 9779 9781
f 9901 9781 9899
f 9899 9781 9783
f 9899 9783 9872
f 9872 9783 9913
f 9872 9913 9873
f 9822 9824 9914
f 9914 9824 9915
f 9914 9915 9916
f 9916 9915 9917
f 9916 9917 9918
f 9918 9917 9919
f 9918 9919 9920
f 9920 9919 9921
f 9920 9921 9922
f 9922 9921 9923
f 9922 9923 9924
f 9925 9926 9927
f 9927 9926 9928
f 9927 9928 9929
f 9929 9928 9930
f 9929 9930 9923
f 9923 9930 9931
f 9923 9931 9924
f 9903 9932 9933
f 9934 9935 9932
f 9932 9935 9936
f 9932 9936 9933
f 9937 9938 9939
f 9939 9938 9940
f 9939 9940 9941
f 9942 9943 9944
f 9943 9945 9944
f 9944 9945 9946
f 9944 9946 9937
f 9937 9946 9947
f 9937 9947 9938
f 9948 9949 9905
f 9933 9950 9903
f 9903 9950 9951
f 9903 9951 9905
f 9905 9951 9952
f 9905 9952 9948
f 9953 9954 9955
f 9955 9954 9956
f 9955 9956 9816
f 9816 9956 9957
f 9816 9957 9817
f 9752 9755 9753
f 9753 9755 9958
f 9753 9958 9959
f 9960 9961 9903
f 9903 9961 9932
f 9932 9961 9962
f 9932 9962 9963
f 9874 9964 9872
f 9872 9964 9965
f 9872 9965 9908
f 9908 9965 9966
f 9908 9966 9903
f 9903 9966 9967
f 9903 9967 9960
f 9788 9780 9777
f 9777 9780 9779
f 9777 9779 9775
f 9775 9779 9912
f 9775 9912 9905
f 9905 9912 9968
f 9905 9968 9904
f 9969 9970 9971
f 9971 9970 9953
f 9971 9953 9972
f 9972 9953 9955
f 9972 9955 9973
f 9973 9955 9974
f 9973 9974 9944
f 9944 9974 9975
f 9944 9975 9942
f 9811 9794 9816
f 9816 9794 9791
f 9816 9791 9955
f 9955 9791 9976
f 9955 9976 9974
f 9974 9976 9977
f 9974 9977 9975
f 9975 9977 9758
f 9975 9758 9942
f 9942 9758 9757
f 9790 9792 9791
f 9791 9792 9778
f 9791 9778 9976
f 9976 9778 9776
f 9976 9776 9977
f 9977 9776 9775
f 9977 9775 9758
f 9758 9775 9905
f 9758 9905 9756
f 9756 9905 9949
f 9838 9925 9837
f 9837 9925 9927
f 9837 9927 9836
f 9836 9927 9978
f 9836 9978 9825
f 9825 9978 9979
f 9825 9979 9828
f 9828 9979 9980
f 9828 9980 9767
f 9767 9980 9770
f 9767 9770 9765
f 9765 9770 9769
f 9919 9981 9921
f 9921 9981 9808
f 9921 9808 9923
f 9923 9808 9821
f 9923 9821 9929
f 9929 9821 9982
f 9929 9982 9927
f 9927 9982 9983
f 9927 9983 9978
f 9978 9983 9984
f 9978 9984 9979
f 9979 9984 9985
f 9979 9985 9980
f 9980 9985 9986
f 9980 9986 9770
f 9770 9986 9987
f 9770 9987 9768
f 9768 9987 9988
f 9768 9988 9989
f 9963 9754 9932
f 9932 9754 9752
f 9932 9752 9867
f 9867 9752 9751
f 9867 9751 9723
f 9723 9751 9749
f 9743 9745 9868
f 9868 9745 9751
f 9868 9751 9871
f 9871 9751 9753
f 9871 9753 9869
f 9869 9753 9959
f 9869 9959 9875
f 9875 9959 9990
f 9875 9990 9874
f 9941 9759 9939
f 9939 9759 9761
f 9939 9761 9991
f 9991 9761 9992
f 9991 9992 9888
f 9888 9992 9890
f 9888 9890 9893
f 9893 9890 9892
f 9760 9993 9761
f 9761 9993 9994
f 9761 9994 9992
f 9992 9994 9995
f 9992 9995 9890
f 9890 9995 9996
f 9890 9996 9762
f 9762 9996 9861
f 9762 9861 9763
f 9763 9861 9853
f 9763 9853 9764
f 9764 9853 9852
f 9884 9989 9883
f 9883 9989 9988
f 9883 9988 9773
f 9773 9988 9997
f 9773 9997 9771
f 9771 9997 9857
f 9820 9969 9821
f 9821 9969 9971
f 9821 9971 9982
f 9982 9971 9972
f 9982 9972 9983
f 9983 9972 9973
f 9983 9973 9984
f 9984 9973 9944
f 9984 9944 9985
f 9985 9944 9937
f 9985 9937 9986
f 9986 9937 9939
f 9986 9939 9987
f 9987 9939 9991
f 9987 9991 9988
f 9988 9991 9888
f 9988 9888 9997
f 9997 9888 9886
f 9997 9886 9857
f 9857 9886 9885
f 9857 9885 9858
f 9993 9934 9994
f 9994 9934 9932
f 9994 9932 9995
f 9995 9932 9867
f 9995 9867 9996
f 9996 9867 9864
f 9996 9864 9861
f 9861 9864 9863
f 9861 9863 9859
f 9859 9863 9865
f 9839 9998 9999
f 9839 9999 9846
f 9846 9999 10000
f 9846 10000 9834
f 9834 10000 10001
f 9834 10001 9835
f 9835 10001 10002
f 9835 10002 9824
f 9824 10002 10003
f 9824 10003 9915
f 9915 10003 10004
f 9915 10004 9917
f 9917 10004 10005
f 9917 10005 9919
f 9919 10005 10006
f 9919 10006 9981
f 9981 10006 10007
f 9981 10007 9808
f 9808 10007 10008
f 9808 10008 9809
f 9809 10008 10009
f 9809 10009 9813
f 9813 10009 9811
f 9811 10009 10010
f 9811 10010 9794
f 9794 10010 9805
f 9805 10010 10011
f 9805 10011 9803
f 9803 10011 10012
f 9803 10012 9800
f 9800 10012 10013
f 9800 10013 9784
f 9784 10013 10014
f 9784 10014 9785
f 9785 10014 10015
f 9785 10015 9786
f 9786 10015 10016
f 9786 10016 9787
f 9787 10016 9788
f 9788 10016 10017
f 9788 10017 9780
f 9780 10017 9782
f 9782 10017 10018
f 9782 10018 9783
f 10019 10008 10007
f 10019 10007 10020
f 10020 10007 10006
f 10020 10006 10021
f 10021 10006 10005
f 10021 10005 10022
f 10022 10005 10004
f 10022 10004 10023
f 10023 10004 10003
f 10023 10003 10024
f 10024 10003 10002
f 10024 10002 10025
f 10025 10002 10001
f 10025 10001 10026
f 10026 10001 10000
f 10026 10000 10027
f 10027 10000 9999
f 10027 9999 10028
f 10028 9999 9998
f 10028 9998 10029
f 10030 10031 10013
f 10013 10031 10032
f 10013 10032 10014
f 10014 10032 10033
f 10014 10033 10015
f 10015 10033 10034
f 10015 10034 10016
f 10016 10034 10035
f 10016 10035 10017
f 10017 10035 10036
f 10017 10036 10018
f 10030 10013 10037
f 10037 10013 10012
f 10037 10012 10038
f 10038 10012 10039
f 10039 10012 10011
f 10039 10011 10040
f 10040 10011 10010
f 10040 10010 10041
f 10041 10010 10009
f 10041 10009 10042
f 10042 10009 10008
f 10042 10008 10019
f 10043 10044 10045
f 10045 10044 10046
f 10045 10046 10047
f 10047 10046 10029
f 10047 10029 9998
f 10048 10049 10043
f 10043 10049 10050
f 10043 10050 10044
f 10051 10052 10053
f 10053 10052 10048
f 10053 10048 10054
f 10054 10048 10043
f 10051 10053 10055
f 10055 10053 10056
f 10055 10056 10057
f 10057 10056 10058
f 10057 10058 10059
f 10059 10058 10060
f 10059 10060 10061
f 10061 10060 10062
f 10061 10062 10063
f 10063 10062 10064
f 10063 10064 10065
f 10065 10064 10066
f 10065 10066 10067
f 10067 10066 10068
f 10067 10068 10069
f 10069 10068 10070
f 10069 10070 10071
f 10071 10070 10072
f 10072 10070 10073
f 10072 10073 10074
f 10074 10073 10075
f 10074 10075 10076
f 10077 10078 10079
f 10079 10078 10080
f 10079 10080 10081
f 10081 10080 10082
f 10081 10082 10075
f 10075 10082 10083
f 10075 10083 10076
f 10084 10085 10077
f 10077 10085 10086
f 10077 10086 10078
f 10077 10087 10084
f 10084 10087 10018
f 10084 10018 10036
f 9783 10018 10087
f 9783 10087 9913
f 9913 10087 10077
f 9913 10077 9873
f 9873 10077 10079
f 9873 10079 9875
f 9875 10079 10081
f 9875 10081 9869
f 9869 10081 10075
f 9869 10075 9870
f 9870 10075 10073
f 9870 10073 9868
f 9868 10073 10070
f 9868 10070 9866
f 9866 10070 10068
f 9866 10068 9865
f 9865 10068 10066
f 9865 10066 9859
f 9859 10066 10064
f 9859 10064 9860
f 9860 10064 10062
f 9860 10062 9862
f 9862 10062 10060
f 9862 10060 9853
f 9853 10060 10058
f 9853 10058 9855
f 9855 10058 10056
f 9855 10056 9857
f 9857 10056 10053
f 9857 10053 9771
f 9771 10053 10054
f 9771 10054 9774
f 9774 10054 10043
f 9774 10043 9878
f 9878 10043 10045
f 9878 10045 9849
f 9849 10045 10047
f 9849 10047 9841
f 9841 10047 9998
f 9841 9998 9839
f 10088 10089 10090
f 10091 10092 10093
f 10094 10095 10096
f 10097 10098 10099
f 10049 10100 10050
f 10038 10101 10037
f 10040 10041 10102
f 10020 10103 10104
f 10029 10046 10105
f 10106 10027 10107
f 10107 10027 10028
f 10107 10028 10108
f 10108 10028 10029
f 10108 10029 10109
f 10109 10029 10105
f 10025 10110 10024
f 10024 10110 10111
f 10024 10111 10023
f 10025 10026 10110
f 10110 10026 10027
f 10110 10027 10112
f 10112 10027 10106
f 10112 10106 10113
f 10021 10022 10114
f 10114 10022 10023
f 10114 10023 10115
f 10116 10019 10117
f 10117 10019 10020
f 10117 10020 10118
f 10118 10020 10119
f 10120 10121 10104
f 10104 10121 10122
f 10122 10123 10104
f 10104 10123 10124
f 10104 10124 10020
f 10020 10124 10125
f 10020 10125 10119
f 10116 10126 10019
f 10019 10126 10127
f 10019 10127 10042
f 10042 10127 10128
f 10128 10129 10042
f 10042 10129 10130
f 10042 10130 10041
f 10101 10038 10102
f 10102 10038 10039
f 10102 10039 10040
f 10131 10132 10133
f 10134 10135 10136
f 10085 10137 10131
f 10131 10137 10138
f 10131 10138 10132
f 10135 10139 10136
f 10136 10139 10140
f 10136 10140 10034
f 10034 10140 10141
f 10034 10141 10035
f 10035 10141 10142
f 10035 10142 10036
f 10142 10143 10036
f 10036 10143 10144
f 10036 10144 10084
f 10084 10144 10145
f 10084 10145 10085
f 10085 10145 10146
f 10085 10146 10137
f 10131 10147 10085
f 10085 10147 10148
f 10085 10148 10086
f 10149 10150 10131
f 10131 10150 10151
f 10131 10151 10147
f 10152 10082 10153
f 10153 10082 10080
f 10153 10080 10154
f 10154 10080 10078
f 10154 10078 10155
f 10155 10078 10086
f 10155 10086 10156
f 10156 10086 10148
f 10152 10157 10082
f 10082 10157 10158
f 10082 10158 10159
f 10160 9750 10083
f 10083 9750 9748
f 10083 9748 10076
f 10076 9748 9746
f 10076 9746 10074
f 10074 9746 10072
f 9746 9744 10072
f 10072 9744 10161
f 10072 10161 10071
f 10071 10161 10162
f 10071 10162 10069
f 10069 10162 10163
f 10069 10163 10067
f 10067 10163 10164
f 10067 10164 10065
f 10165 10063 10065
f 10166 10167 10099
f 10168 10169 10165
f 10167 10170 10099
f 10099 10170 10171
f 10099 10171 10168
f 10169 10172 10165
f 10165 10172 10173
f 10165 10173 10063
f 10166 10055 10174
f 10174 10055 10057
f 10173 10175 10063
f 10063 10175 10176
f 10063 10176 10061
f 10061 10176 10177
f 10061 10177 10059
f 10059 10177 10178
f 10059 10178 10057
f 10057 10178 10179
f 10057 10179 10174
f 10166 10099 10055
f 10055 10099 10098
f 10055 10098 10051
f 10098 10180 10051
f 10051 10180 10181
f 10051 10181 10052
f 10052 10181 10182
f 10052 10182 10048
f 10050 10100 10044
f 10182 10183 10048
f 10048 10183 10184
f 10048 10184 10049
f 10049 10184 10185
f 10049 10185 10100
f 10100 10185 10186
f 10100 10186 10044
f 10044 10186 10187
f 10044 10187 10188
f 10115 10189 10114
f 10114 10189 10190
f 10114 10190 10191
f 10191 10192 10114
f 10114 10192 10103
f 10114 10103 10021
f 10021 10103 10020
f 10192 10193 10103
f 10103 10193 10194
f 10103 10194 10195
f 10196 10197 10198
f 10196 10198 10199
f 10199 10198 10200
f 10199 10200 10201
f 10197 10202 10203
f 10203 10202 10204
f 10203 10204 10115
f 10115 10204 10205
f 10115 10205 10189
f 9744 9742 10161
f 10161 9742 9740
f 10161 9740 10162
f 10162 9740 9738
f 10162 9738 10163
f 10163 9738 9736
f 10163 9736 9734
f 9732 9730 10206
f 10206 9730 9728
f 10206 9728 10207
f 10207 9728 9726
f 10207 9726 10160
f 10160 9726 9724
f 10160 9724 9750
f 10041 10130 10102
f 10102 10130 10208
f 10102 10208 10209
f 10209 10210 10102
f 10102 10210 10211
f 10102 10211 10212
f 10212 10211 10213
f 10213 10214 10212
f 10212 10214 10215
f 10212 10215 10216
f 10216 10215 10217
f 10216 10217 10218
f 10218 10219 10216
f 10216 10219 10220
f 10216 10220 10221
f 10221 10220 10222
f 10221 10222 10223
f 10224 10225 10226
f 10226 10227 10224
f 10224 10227 10228
f 10224 10228 10099
f 10099 10228 10229
f 10099 10229 10097
f 10230 10231 10232
f 10232 10231 10233
f 10231 10234 10233
f 10233 10234 10235
f 10233 10235 10236
f 10236 10235 10237
f 10046 10044 10238
f 10238 10044 10188
f 10238 10188 10239
f 10239 10188 10240
f 10241 10242 10221
f 10221 10242 10243
f 10243 10244 10221
f 10221 10244 10245
f 10221 10245 10216
f 10216 10245 10246
f 10216 10246 10247
f 10221 10200 10241
f 10241 10200 10198
f 10241 10198 10248
f 10248 10198 10249
f 10248 10249 10250
f 10165 10251 10252
f 10168 10165 10099
f 10099 10165 10252
f 10099 10252 10224
f 10224 10252 10253
f 10224 10253 10096
f 10096 10253 10254
f 10096 10254 10094
f 10065 10164 10165
f 10165 10164 10255
f 10165 10255 10251
f 10256 10257 10258
f 10259 10260 10261
f 10261 10260 10262
f 10261 10262 10263
f 10264 10265 10266
f 10247 10267 10265
f 10267 10268 10265
f 10265 10268 10269
f 10265 10269 10266
f 10158 10270 10159
f 10159 10270 10271
f 10159 10271 10272
f 10273 10274 10275
f 10275 10274 10276
f 10277 10278 10276
f 10276 10278 10279
f 10276 10279 10275
f 10280 10281 10282
f 10282 10281 10232
f 10282 10232 10283
f 10283 10232 10284
f 10284 10232 10233
f 10284 10233 10285
f 10285 10233 10249
f 10285 10249 10286
f 10271 10277 10272
f 10272 10277 10276
f 10272 10276 10262
f 10262 10276 10287
f 10262 10287 10263
f 10263 10287 10288
f 10273 10149 10274
f 10274 10149 10131
f 10274 10131 10276
f 10276 10131 10289
f 10276 10289 10287
f 10287 10289 10290
f 10287 10290 10288
f 10288 10290 10291
f 10133 10134 10131
f 10131 10134 10136
f 10131 10136 10289
f 10289 10136 10292
f 10289 10292 10290
f 10290 10292 10264
f 10290 10264 10291
f 10291 10264 10266
f 9734 9732 10163
f 10163 9732 10206
f 10163 10206 10164
f 10164 10206 10258
f 10164 10258 10255
f 10255 10258 10257
f 10083 10082 10160
f 10160 10082 10159
f 10160 10159 10207
f 10207 10159 10272
f 10207 10272 10206
f 10206 10272 10262
f 10206 10262 10258
f 10258 10262 10260
f 10258 10260 10256
f 10256 10260 10259
f 10034 10033 10136
f 10136 10033 10293
f 10136 10293 10292
f 10292 10293 10294
f 10292 10294 10264
f 10264 10294 10295
f 10264 10295 10265
f 10265 10295 10090
f 10089 10296 10090
f 10090 10296 10297
f 10090 10297 10298
f 10247 10265 10216
f 10216 10265 10090
f 10216 10090 10212
f 10212 10090 10298
f 10212 10298 10299
f 10300 10088 10101
f 10101 10088 10090
f 10101 10090 10037
f 10037 10090 10295
f 10037 10295 10030
f 10030 10295 10294
f 10030 10294 10031
f 10031 10294 10293
f 10031 10293 10032
f 10032 10293 10033
f 10299 10301 10212
f 10212 10301 10302
f 10212 10302 10102
f 10102 10302 10303
f 10102 10303 10304
f 10304 10305 10102
f 10102 10305 10306
f 10102 10306 10101
f 10101 10306 10307
f 10101 10307 10300
f 10250 10249 10095
f 10095 10249 10233
f 10095 10233 10096
f 10096 10233 10236
f 10096 10236 10224
f 10224 10236 10237
f 10224 10237 10225
f 10223 10120 10221
f 10221 10120 10104
f 10221 10104 10200
f 10200 10104 10103
f 10200 10103 10201
f 10201 10103 10195
f 10197 10203 10198
f 10198 10203 10093
f 10198 10093 10249
f 10249 10093 10092
f 10249 10092 10286
f 10240 10230 10239
f 10239 10230 10232
f 10239 10232 10238
f 10238 10232 10281
f 10238 10281 10046
f 10046 10281 10280
f 10046 10280 10105
f 10023 10111 10115
f 10115 10111 10110
f 10115 10110 10203
f 10203 10110 10112
f 10203 10112 10093
f 10093 10112 10113
f 10093 10113 10091
f 9845 10106 9847
f 9847 10106 10107
f 9847 10107 9848
f 9848 10107 10108
f 9848 10108 9840
f 9840 10108 10109
f 9840 10109 9842
f 9842 10109 10105
f 9842 10105 9843
f 9843 10105 10280
f 9843 10280 9829
f 9829 10280 10282
f 9829 10282 9830
f 9830 10282 10283
f 9830 10283 9831
f 9831 10283 10284
f 9831 10284 9832
f 9832 10284 10285
f 9832 10285 9833
f 9833 10285 10286
f 9833 10286 9826
f 9826 10286 10092
f 9826 10092 9827
f 9827 10092 10091
f 9827 10091 9844
f 9844 10091 10113
f 9844 10113 9845
f 9845 10113 10106
f 10308 10151 10309
f 10309 10151 10150
f 10309 10150 10310
f 10310 10150 10149
f 10310 10149 10311
f 10311 10149 10273
f 10311 10273 10312
f 10312 10273 10275
f 10312 10275 10313
f 10313 10275 10279
f 10313 10279 10314
f 10314 10279 10278
f 10314 10278 10315
f 10315 10278 10277
f 9964 9874 10316
f 10317 10308 10309
f 10317 9967 10318
f 10318 9967 9966
f 10318 9966 10319
f 10319 9966 9965
f 10316 10320 9964
f 9964 10320 10321
f 9964 10321 9965
f 9965 10321 10322
f 9965 10322 10319
f 10317 10309 9967
f 9967 10309 10310
f 9967 10310 9960
f 10310 10311 9960
f 9960 10311 10312
f 9960 10312 9961
f 10315 9962 10314
f 10314 9962 9961
f 10314 9961 10313
f 10313 9961 10312
f 10316 9874 9990
f 10315 10323 9962
f 9962 10323 9963
f 10323 10324 9963
f 9963 10324 10325
f 9963 10325 9754
f 10325 10326 9754
f 9754 10326 10327
f 9754 10327 9755
f 10327 10328 9755
f 9755 10328 10329
f 9755 10329 9958
f 10329 10330 9958
f 9958 10330 10331
f 9958 10331 9959
f 10331 10332 9959
f 9959 10332 10333
f 9959 10333 9990
f 10334 10316 10335
f 10335 10316 9990
f 10335 9990 10336
f 10336 9990 10333
f 10316 10334 10337
f 10316 10337 10320
f 10320 10337 10338
f 10320 10338 10321
f 10321 10338 10322
f 10322 10338 10339
f 10322 10339 10319
f 10319 10339 10318
f 10318 10339 10308
f 10318 10308 10317
f 10151 10308 10147
f 10147 10308 10339
f 10147 10339 10148
f 10148 10339 10338
f 10148 10338 10156
f 10156 10338 10337
f 10156 10337 10155
f 10155 10337 10334
f 10155 10334 10154
f 10334 10335 10154
f 10154 10335 10336
f 10154 10336 10153
f 10336 10333 10153
f 10153 10333 10332
f 10153 10332 10152
f 10332 10331 10152
f 10152 10331 10330
f 10152 10330 10157
f 10157 10330 10329
f 10157 10329 10158
f 10329 10328 10158
f 10158 10328 10327
f 10158 10327 10270
f 10327 10326 10270
f 10270 10326 10325
f 10270 10325 10271
f 10315 10277 10323
f 10323 10277 10271
f 10323 10271 10324
f 10324 10271 10325
f 10255 10340 10251
f 10251 10340 10341
f 10251 10341 10252
f 10341 10342 10252
f 10252 10342 10343
f 10252 10343 10253
f 10343 10344 10253
f 10253 10344 10345
f 10253 10345 10254
f 10345 10346 10254
f 10254 10346 10347
f 10254 10347 10094
f 10347 10348 10094
f 10094 10348 10349
f 10094 10349 10095
f 10349 10350 10095
f 10095 10350 10351
f 10095 10351 10250
f 10351 10352 10250
f 10250 10352 10353
f 10250 10353 10248
f 10353 10354 10248
f 10248 10354 10355
f 10248 10355 10241
f 10355 10356 10241
f 10241 10356 10357
f 10241 10357 10242
f 10357 10358 10242
f 10242 10358 10359
f 10242 10359 10243
f 10359 10360 10243
f 10243 10360 10361
f 10243 10361 10244
f 10361 10362 10244
f 10244 10362 10363
f 10244 10363 10245
f 10245 10363 10364
f 10245 10364 10365
f 10366 10291 10367
f 10367 10291 10266
f 10367 10266 10368
f 10368 10266 10269
f 10368 10269 10369
f 10369 10269 10268
f 10369 10268 10370
f 10370 10268 10267
f 10370 10267 10371
f 10371 10267 10247
f 10371 10247 10372
f 10372 10247 10246
f 10372 10246 10365
f 10365 10246 10245
f 10373 10374 10375
f 10376 10366 10377
f 10377 10366 10367
f 10377 10367 10378
f 10378 10367 10368
f 10378 10368 10379
f 10379 10368 10369
f 10379 10369 10380
f 10380 10369 10370
f 10380 10370 10381
f 10381 10370 10371
f 10381 10371 10382
f 10371 10372 10382
f 10382 10372 10365
f 10382 10365 10383
f 10365 10364 10383
f 10383 10364 10363
f 10383 10363 10384
f 10363 10362 10384
f 10384 10362 10361
f 10384 10361 10385
f 10361 10360 10385
f 10385 10360 10359
f 10385 10359 10386
f 10359 10358 10386
f 10386 10358 10357
f 10386 10357 10387
f 10357 10356 10387
f 10387 10356 10355
f 10387 10355 10375
f 10352 10373 10353
f 10353 10373 10375
f 10353 10375 10354
f 10354 10375 10355
f 10352 10351 10373
f 10373 10351 10388
f 10351 10350 10388
f 10388 10350 10349
f 10388 10349 10389
f 10389 10349 10348
f 10389 10348 10390
f 10390 10348 10347
f 10390 10347 10391
f 10391 10347 10346
f 10391 10346 10392
f 10392 10346 10345
f 10392 10345 10393
f 10393 10345 10344
f 10393 10344 10394
f 10394 10344 10343
f 10394 10343 10395
f 10395 10343 10342
f 10395 10342 10396
f 10396 10342 10341
f 10396 10341 10397
f 10397 10341 10398
f 10398 10341 10340
f 10398 10340 10399
f 10399 10340 10400
f 10401 10402 10398
f 10398 10402 10397
f 10397 10402 10403
f 10397 10403 10396
f 10396 10403 10395
f 10395 10403 10404
f 10395 10404 10394
f 10394 10404 10393
f 10393 10404 10405
f 10393 10405 10392
f 10392 10405 10391
f 10391 10405 10406
f 10391 10406 10390
f 10390 10406 10389
f 10389 10406 10407
f 10389 10407 10388
f 10388 10407 10374
f 10388 10374 10373
f 10398 10399 10401
f 10401 10399 10400
f 10401 10400 10408
f 10408 10400 10409
f 10408 10409 10410
f 10410 10409 10411
f 10410 10411 10412
f 10412 10411 10413
f 10412 10413 10414
f 10414 10413 10415
f 10414 10415 10416
f 10416 10415 10417
f 10416 10417 10376
f 10376 10417 10366
f 10418 10374 10419
f 10419 10374 10407
f 10419 10407 10420
f 10420 10407 10406
f 10420 10406 10421
f 10421 10406 10405
f 10421 10405 10422
f 10422 10405 10404
f 10422 10404 10423
f 10423 10404 10403
f 10423 10403 10424
f 10403 10402 10424
f 10424 10402 10401
f 10424 10401 10425
f 10425 10401 10408
f 10425 10408 10426
f 10426 10408 10410
f 10426 10410 10427
f 10427 10410 10412
f 10427 10412 10428
f 10428 10412 10414
f 10428 10414 10429
f 10430 10383 10431
f 10431 10383 10384
f 10431 10384 10432
f 10432 10384 10385
f 10432 10385 10433
f 10433 10385 10386
f 10433 10386 10434
f 10434 10386 10387
f 10434 10387 10418
f 10418 10387 10375
f 10418 10375 10374
f 10414 10416 10429
f 10429 10416 10376
f 10429 10376 10435
f 10435 10376 10377
f 10435 10377 10436
f 10436 10377 10378
f 10436 10378 10437
f 10437 10378 10379
f 10437 10379 10438
f 10438 10379 10380
f 10438 10380 10439
f 10439 10380 10381
f 10439 10381 10430
f 10430 10381 10382
f 10430 10382 10383
f 10440 10430 10441
f 10441 10430 10431
f 10441 10431 10442
f 10442 10431 10432
f 10442 10432 10443
f 10443 10432 10433
f 10443 10433 10444
f 10444 10433 10434
f 10444 10434 10445
f 10445 10434 10418
f 10445 10418 10446
f 10446 10418 10419
f 10446 10419 10447
f 10447 10419 10420
f 10447 10420 10448
f 10448 10420 10421
f 10448 10421 10449
f 10449 10421 10422
f 10449 10422 10450
f 10450 10422 10423
f 10450 10423 10451
f 10451 10423 10424
f 10451 10424 10452
f 10452 10424 10425
f 10452 10425 10453
f 10453 10425 10426
f 10453 10426 10454
f 10454 10426 10427
f 10454 10427 10455
f 10455 10427 10428
f 10455 10428 10456
f 10456 10428 10429
f 10456 10429 10457
f 10457 10429 10435
f 10457 10435 10458
f 10458 10435 10436
f 10458 10436 10459
f 10459 10436 10437
f 10459 10437 10460
f 10460 10437 10438
f 10460 10438 10461
f 10461 10438 10439
f 10461 10439 10440
f 10440 10439 10430
f 9934 10451 9935
f 9935 10451 10452
f 9935 10452 9936
f 9936 10452 10453
f 9936 10453 9933
f 9933 10453 10454
f 9933 10454 9950
f 9950 10454 10455
f 9950 10455 9951
f 9951 10455 10456
f 9951 10456 9952
f 9952 10456 10457
f 9952 10457 9948
f 9948 10457 10458
f 9948 10458 9949
f 9949 10458 10459
f 9949 10459 9756
f 9756 10459 10460
f 9756 10460 9757
f 9757 10460 10461
f 9757 10461 9942
f 9942 10461 10440
f 9942 10440 9943
f 9943 10440 10441
f 9943 10441 9945
f 9945 10441 10442
f 9945 10442 9946
f 9946 10442 10443
f 9946 10443 9947
f 9947 10443 10444
f 9947 10444 9938
f 9938 10444 10445
f 9938 10445 9940
f 9940 10445 10446
f 9940 10446 9941
f 9941 10446 10447
f 9941 10447 9759
f 9759 10447 10448
f 9759 10448 9760
f 9760 10448 10449
f 9760 10449 9993
f 9993 10449 10450
f 9993 10450 9934
f 9934 10450 10451
f 10340 10255 10400
f 10400 10255 10257
f 10400 10257 10409
f 10409 10257 10256
f 10409 10256 10411
f 10411 10256 10259
f 10411 10259 10413
f 10413 10259 10261
f 10413 10261 10415
f 10415 10261 10263
f 10415 10263 10417
f 10417 10263 10288
f 10417 10288 10366
f 10366 10288 10291
f 10462 10182 10463
f 10463 10182 10181
f 10463 10181 10464
f 10464 10181 10180
f 10464 10180 10465
f 10465 10180 10098
f 10465 10098 10466
f 10466 10098 10097
f 10466 10097 10467
f 10467 10097 10229
f 10467 10229 10468
f 10468 10229 10228
f 10468 10228 10469
f 10469 10228 10227
f 10183 10182 10462
f 10462 10470 10183
f 10183 10470 10471
f 10183 10471 10184
f 10471 10472 10184
f 10184 10472 10473
f 10184 10473 10185
f 10474 10230 10475
f 10475 10230 10240
f 10475 10240 10476
f 10476 10240 10188
f 10476 10188 10477
f 10477 10188 10187
f 10477 10187 10478
f 10478 10187 10186
f 10478 10186 10479
f 10479 10186 10185
f 10479 10185 10480
f 10480 10185 10473
f 9877 10481 9879
f 9879 10481 10478
f 9879 10478 10479
f 10479 10480 9879
f 9879 10480 10473
f 9879 10473 9880
f 10473 10472 9880
f 9880 10472 10471
f 9880 10471 9881
f 10471 10470 9881
f 9881 10470 10462
f 9881 10462 9882
f 10462 10463 9882
f 9882 10463 10464
f 9882 10464 9884
f 10464 10465 9884
f 9884 10465 10466
f 9884 10466 9989
f 10469 9768 10468
f 10468 9768 9989
f 10468 9989 10467
f 10467 9989 10466
f 10482 10474 10483
f 10483 10474 10475
f 10476 10484 10475
f 10475 10484 10485
f 10475 10485 10483
f 10477 10486 10476
f 10476 10486 10487
f 10476 10487 10484
f 10478 10481 10477
f 10477 10481 10488
f 10477 10488 10486
f 10481 9877 10488
f 10488 9877 9876
f 9850 10487 9876
f 9876 10487 10486
f 9876 10486 10488
f 9851 10485 9850
f 9850 10485 10484
f 9850 10484 10487
f 9766 10482 9851
f 9851 10482 10483
f 9851 10483 10485
f 9768 10469 10489
f 9768 10489 9769
f 10489 10490 9769
f 9769 10490 10491
f 9769 10491 9765
f 10474 10482 10492
f 10492 10482 9766
f 10492 9766 10493
f 10493 9766 9765
f 10493 9765 10494
f 10494 9765 10491
f 10469 10227 10489
f 10489 10227 10226
f 10489 10226 10490
f 10490 10226 10225
f 10490 10225 10491
f 10491 10225 10237
f 10491 10237 10494
f 10494 10237 10235
f 10494 10235 10493
f 10493 10235 10234
f 10493 10234 10492
f 10492 10234 10231
f 10492 10231 10474
f 10474 10231 10230
f 10495 10123 10496
f 10496 10123 10122
f 10496 10122 10497
f 10497 10122 10121
f 10497 10121 10498
f 10498 10121 10120
f 10498 10120 10499
f 10499 10120 10223
f 10499 10223 10500
f 10500 10223 10222
f 10500 10222 10501
f 10501 10222 10220
f 10501 10220 10502
f 10502 10220 10219
f 10502 10219 10503
f 10503 10219 10218
f 10503 10218 10504
f 10504 10218 10217
f 10504 10217 10505
f 10505 10217 10215
f 10505 10215 10506
f 10506 10215 10214
f 10506 10214 10507
f 10507 10214 10213
f 10507 10213 10508
f 10508 10213 10211
f 10508 10211 10509
f 10509 10211 10210
f 9969 10495 10496
f 9969 10496 9970
f 10496 10497 9970
f 9970 10497 10498
f 9970 10498 9953
f 10498 10499 9953
f 9953 10499 10500
f 9953 10500 9954
f 10500 10501 9954
f 9954 10501 10502
f 9954 10502 9956
f 10502 10503 9956
f 9956 10503 10504
f 9956 10504 9957
f 10504 10505 9957
f 9957 10505 10506
f 9957 10506 9817
f 10509 9818 10508
f 10508 9818 9817
f 10508 9817 10507
f 10507 9817 10506
f 10509 10510 9818
f 9818 10510 9812
f 10510 10511 9812
f 9812 10511 10512
f 9812 10512 9814
f 10512 10513 9814
f 9814 10513 10514
f 9814 10514 9815
f 10514 10515 9815
f 9815 10515 10516
f 9815 10516 9810
f 10516 10517 9810
f 9810 10517 10518
f 9810 10518 9819
f 10518 10519 9819
f 9819 10519 10520
f 9819 10520 9820
f 10495 9969 10521
f 10521 9969 9820
f 10521 9820 10522
f 10522 9820 10520
f 10516 10126 10517
f 10517 10126 10116
f 10517 10116 10518
f 10518 10116 10117
f 10518 10117 10519
f 10519 10117 10118
f 10519 10118 10520
f 10520 10118 10119
f 10520 10119 10522
f 10522 10119 10125
f 10522 10125 10521
f 10521 10125 10124
f 10521 10124 10495
f 10495 10124 10123
f 10509 10210 10510
f 10510 10210 10209
f 10510 10209 10511
f 10511 10209 10208
f 10511 10208 10512
f 10512 10208 10130
f 10512 10130 10513
f 10513 10130 10129
f 10513 10129 10514
f 10514 10129 10128
f 10514 10128 10515
f 10515 10128 10127
f 10515 10127 10516
f 10516 10127 10126
f 9885 10166 9858
f 9858 10166 10174
f 9858 10174 9856
f 9856 10174 10179
f 9856 10179 9854
f 9854 10179 10178
f 9854 10178 9852
f 9852 10178 10177
f 9852 10177 9764
f 9764 10177 10176
f 9764 10176 9762
f 9762 10176 10175
f 9762 10175 9889
f 9889 10175 10173
f 9889 10173 9891
f 9891 10173 10172
f 9891 10172 9892
f 9892 10172 10169
f 9892 10169 9893
f 9893 10169 10168
f 9893 10168 9894
f 9894 10168 10171
f 9894 10171 9895
f 9895 10171 10170
f 9895 10170 9887
f 9887 10170 10167
f 9887 10167 9885
f 9885 10167 10166
f 9968 10139 9904
f 9904 10139 10135
f 9904 10135 9902
f 9902 10135 10134
f 9902 10134 9906
f 9906 10134 10133
f 9906 10133 9907
f 9907 10133 10132
f 9907 10132 9909
f 9909 10132 10138
f 9909 10138 9910
f 9910 10138 10137
f 9910 10137 9896
f 9896 10137 10146
f 9896 10146 9897
f 9897 10146 10145
f 9897 10145 9898
f 9898 10145 10144
f 9898 10144 9900
f 9900 10144 10143
f 9900 10143 9901
f 9901 10143 10142
f 9901 10142 9911
f 9911 10142 10141
f 9911 10141 9912
f 9912 10141 10140
f 9912 10140 9968
f 9968 10140 10139
f 9796 10302 9789
f 9789 10302 10301
f 9789 10301 9790
f 9790 10301 10299
f 9790 10299 9792
f 9792 10299 10298
f 9792 10298 9793
f 9793 10298 10297
f 9793 10297 9797
f 9797 10297 10296
f 9797 10296 9798
f 9798 10296 10089
f 9798 10089 9799
f 9799 10089 10088
f 9799 10088 9801
f 9801 10088 10300
f 9801 10300 9802
f 9802 10300 10307
f 9802 10307 9804
f 9804 10307 10306
f 9804 10306 9806
f 9806 10306 10305
f 9806 10305 9807
f 9807 10305 10304
f 9807 10304 9795
f 9795 10304 10303
f 9795 10303 9796
f 9796 10303 10302
f 9838 10202 9925
f 9925 10202 10197
f 9925 10197 9926
f 9926 10197 10196
f 9926 10196 9928
f 9928 10196 10199
f 9928 10199 9930
f 9930 10199 10201
f 9930 10201 9931
f 9931 10201 10195
f 9931 10195 9924
f 9924 10195 10194
f 9924 10194 9922
f 9922 10194 10193
f 9922 10193 9920
f 9920 10193 10192
f 9920 10192 9918
f 9918 10192 10191
f 9918 10191 9916
f 9916 10191 10190
f 9916 10190 9914
f 9914 10190 10189
f 9914 10189 9822
f 9822 10189 10205
f 9822 10205 9823
f 9823 10205 10204
f 9823 10204 9838
f 9838 10204 10202
f 10523 10524 10525
f 10524 10526 10527
f 10526 10528 10529
f 10526 10529 10527
f 10527 10529 10530
f 10527 10530 10531
f 10531 10530 10532
f 10531 10532 10533
f 10533 10532 10534
f 10533 10534 10535
f 10535 10534 10536
f 10535 10536 10537
f 10537 10536 10538
f 10537 10538 10539
f 10539 10538 10540
f 10539 10540 10541
f 10541 10540 10542
f 10541 10542 10543
f 10543 10542 10544
f 10543 10544 10545
f 10545 10544 10546
f 10545 10546 10547
f 10547 10546 10548
f 10547 10548 10549
f 10549 10548 10550
f 10549 10550 10551
f 10551 10550 10552
f 10551 10552 10553
f 10553 10552 10554
f 10553 10554 10555
f 10555 10554 10556
f 10555 10556 10557
f 10557 10556 10558
f 10557 10558 10559
f 10559 10558 10560
f 10559 10560 10561
f 10561 10560 10562
f 10561 10562 10563
f 10563 10562 10564
f 10563 10564 10565
f 10565 10564 10566
f 10565 10566 10567
f 10567 10566 10568
f 10567 10568 10569
f 10569 10568 10570
f 10569 10570 10571
f 10571 10570 10572
f 10571 10572 10573
f 10573 10572 10574
f 10573 10574 10575
f 10575 10574 10576
f 10575 10576 10577
f 10577 10576 10578
f 10577 10578 10579
f 10579 10578 10580
f 10579 10580 10581
f 10581 10580 10582
f 10581 10582 10583
f 10583 10582 10584
f 10583 10584 10585
f 10585 10584 10586
f 10585 10586 10587
f 10587 10586 10588
f 10587 10588 10589
f 10589 10588 10590
f 10589 10590 10591
f 10591 10590 10592
f 10591 10592 10593
f 10593 10592 10594
f 10593 10594 10595
f 10595 10594 10596
f 10595 10596 10597
f 10597 10596 10598
f 10597 10598 10599
f 10599 10598 10600
f 10599 10600 10601
f 10601 10600 10602
f 10601 10602 10603
f 10603 10602 10604
f 10603 10604 10605
f 10605 10604 10606
f 10605 10606 10607
f 10524 10527 10525
f 10525 10527 10531
f 10525 10531 10608
f 10608 10531 10533
f 10608 10533 10609
f 10609 10533 10535
f 10609 10535 10610
f 10610 10535 10537
f 10610 10537 10611
f 10611 10537 10539
f 10611 10539 10612
f 10612 10539 10541
f 10612 10541 10613
f 10613 10541 10543
f 10613 10543 10614
f 10614 10543 10545
f 10614 10545 10615
f 10615 10545 10547
f 10615 10547 10616
f 10616 10547 10549
f 10616 10549 10617
f 10617 10549 10551
f 10617 10551 10618
f 10618 10551 10553
f 10618 10553 10619
f 10619 10553 10555
f 10619 10555 10620
f 10620 10555 10557
f 10620 10557 10621
f 10621 10557 10559
f 10621 10559 10622
f 10622 10559 10561
f 10622 10561 10623
f 10623 10561 10563
f 10623 10563 10624
f 10624 10563 10565
f 10624 10565 10625
f 10625 10565 10567
f 10625 10567 10626
f 10626 10567 10569
f 10626 10569 10627
f 10627 10569 10571
f 10627 10571 10628
f 10628 10571 10573
f 10628 10573 10629
f 10629 10573 10575
f 10629 10575 10630
f 10630 10575 10577
f 10630 10577 10631
f 10631 10577 10579
f 10631 10579 10632
f 10632 10579 10581
f 10632 10581 10633
f 10633 10581 10583
f 10633 10583 10634
f 10634 10583 10585
f 10634 10585 10635
f 10635 10585 10587
f 10635 10587 10636
f 10636 10587 10589
f 10636 10589 10637
f 10637 10589 10591
f 10637 10591 10638
f 10638 10591 10593
f 10638 10593 10639
f 10639 10593 10595
f 10639 10595 10640
f 10640 10595 10597
f 10640 10597 10641
f 10641 10597 10599
f 10641 10599 10642
f 10642 10599 10601
f 10642 10601 10643
f 10643 10601 10603
f 10643 10603 10644
f 10644 10603 10605
f 10644 10605 10645
f 10645 10605 10607
f 10645 10607 10646
f 10523 10525 10647
f 10647 10525 10608
f 10647 10608 10648
f 10648 10608 10609
f 10648 10609 10649
f 10649 10609 10610
f 10649 10610 10650
f 10650 10610 10611
f 10650 10611 10651
f 10651 10611 10612
f 10651 10612 10652
f 10652 10612 10613
f 10652 10613 10653
f 10653 10613 10614
f 10653 10614 10654
f 10654 10614 10615
f 10654 10615 10655
f 10655 10615 10616
f 10655 10616 10656
f 10656 10616 10617
f 10656 10617 10657
f 10657 10617 10618
f 10657 10618 10658
f 10658 10618 10619
f 10658 10619 10659
f 10659 10619 10620
f 10659 10620 10660
f 10660 10620 10621
f 10660 10621 10661
f 10661 10621 10622
f 10661 10622 10662
f 10662 10622 10623
f 10662 10623 10663
f 10663 10623 10624
f 10663 10624 10664
f 10664 10624 10625
f 10664 10625 10665
f 10665 10625 10626
f 10665 10626 10666
f 10666 10626 10627
f 10666 10627 10667
f 10667 10627 10628
f 10667 10628 10668
f 10668 10628 10629
f 10668 10629 10669
f 10669 10629 10630
f 10669 10630 10670
f 10670 10630 10631
f 10670 10631 10671
f 10671 10631 10632
f 10671 10632 10672
f 10672 10632 10633
f 10672 10633 10673
f 10673 10633 10634
f 10673 10634 10674
f 10674 10634 10635
f 10674 10635 10675
f 10675 10635 10636
f 10675 10636 10676
f 10676 10636 10637
f 10676 10637 10677
f 10677 10637 10638
f 10677 10638 10678
f 10678 10638 10639
f 10678 10639 10679
f 10679 10639 10640
f 10679 10640 10680
f 10680 10640 10641
f 10680 10641 10681
f 10681 10641 10642
f 10681 10642 10682
f 10682 10642 10643
f 10682 10643 10683
f 10683 10643 10644
f 10683 10644 10684
f 10684 10644 10645
f 10684 10645 10685
f 10685 10645 10646
f 10685 10646 10686
f 10687 10648 10649
f 10688 10689 10657
f 10687 10649 10690
f 10648 10687 10647
f 10647 10687 10691
f 10647 10691 10523
f 10692 10693 10680
f 10694 10673 10674
f 10695 10696 10653
f 10649 10650 10690
f 10690 10650 10651
f 10690 10651 10696
f 10696 10651 10652
f 10696 10652 10653
f 10697 10698 10699
f 10700 10678 10693
f 10693 10678 10679
f 10693 10679 10680
f 10694 10674 10701
f 10657 10658 10688
f 10688 10658 10659
f 10688 10659 10702
f 10653 10654 10695
f 10695 10654 10655
f 10695 10655 10689
f 10689 10655 10656
f 10689 10656 10657
f 10703 10704 10705
f 10706 10707 10704
f 10704 10707 10708
f 10704 10708 10705
f 10709 10710 10711
f 10697 10699 10712
f 10698 10697 10713
f 10713 10697 10714
f 10713 10714 10686
f 10715 10684 10714
f 10714 10684 10685
f 10714 10685 10686
f 10680 10681 10692
f 10692 10681 10682
f 10692 10682 10715
f 10715 10682 10683
f 10715 10683 10684
f 10674 10675 10701
f 10701 10675 10676
f 10701 10676 10700
f 10700 10676 10677
f 10700 10677 10678
f 10673 10694 10672
f 10672 10694 10716
f 10672 10716 10671
f 10717 10718 10663
f 10719 10720 10721
f 10722 10723 10724
f 10725 10726 10723
f 10723 10726 10727
f 10723 10727 10724
f 10699 10728 10712
f 10712 10728 10729
f 10712 10729 10725
f 10725 10729 10730
f 10725 10730 10726
f 10671 10716 10670
f 10670 10716 10731
f 10670 10731 10669
f 10669 10731 10668
f 10668 10731 10732
f 10668 10732 10667
f 10663 10664 10717
f 10717 10664 10665
f 10717 10665 10732
f 10732 10665 10666
f 10732 10666 10667
f 10659 10660 10702
f 10702 10660 10661
f 10702 10661 10718
f 10718 10661 10662
f 10718 10662 10663
f 10733 10734 10691
f 10691 10734 10735
f 10691 10735 10523
f 10705 10736 10703
f 10703 10736 10737
f 10703 10737 10733
f 10733 10737 10738
f 10733 10738 10734
f 10719 10721 10739
f 10720 10719 10740
f 10740 10719 10741
f 10740 10741 10742
f 10743 10744 10710
f 10710 10744 10745
f 10710 10745 10711
f 10724 10746 10722
f 10722 10746 10747
f 10722 10747 10743
f 10743 10747 10748
f 10743 10748 10744
f 10721 10749 10739
f 10739 10749 10750
f 10739 10750 10751
f 10742 10741 10752
f 10752 10741 10753
f 10752 10753 10754
f 10750 10755 10751
f 10751 10755 10756
f 10751 10756 10706
f 10706 10756 10757
f 10706 10757 10707
f 10754 10753 10758
f 10758 10753 10759
f 10758 10759 10760
f 10711 10761 10709
f 10709 10761 10762
f 10709 10762 10759
f 10759 10762 10763
f 10759 10763 10760
f 10686 10646 10764
f 10646 10607 10765
f 10607 10606 10766
f 10607 10766 10765
f 10765 10766 10767
f 10765 10767 10768
f 10768 10767 10769
f 10768 10769 10770
f 10770 10769 10771
f 10770 10771 10772
f 10772 10771 10773
f 10772 10773 10774
f 10774 10773 10775
f 10774 10775 10776
f 10776 10775 10777
f 10776 10777 10778
f 10778 10777 10779
f 10778 10779 10780
f 10780 10779 10781
f 10780 10781 10782
f 10782 10781 10783
f 10782 10783 10784
f 10784 10783 10785
f 10784 10785 10786
f 10786 10785 10787
f 10786 10787 10788
f 10788 10787 10789
f 10788 10789 10790
f 10790 10789 10791
f 10790 10791 10792
f 10792 10791 10793
f 10792 10793 10794
f 10794 10793 10795
f 10794 10795 10796
f 10796 10795 10797
f 10796 10797 10798
f 10798 10797 10799
f 10798 10799 10800
f 10800 10799 10801
f 10800 10801 10802
f 10802 10801 10803
f 10802 10803 10804
f 10804 10803 10805
f 10804 10805 10806
f 10806 10805 10807
f 10806 10807 10808
f 10808 10807 10809
f 10808 10809 10810
f 10810 10809 10811
f 10810 10811 10812
f 10812 10811 10813
f 10812 10813 10814
f 10814 10813 10815
f 10814 10815 10816
f 10816 10815 10817
f 10816 10817 10818
f 10818 10817 10819
f 10818 10819 10820
f 10820 10819 10821
f 10820 10821 10822
f 10822 10821 10823
f 10822 10823 10824
f 10824 10823 10825
f 10824 10825 10826
f 10826 10825 10827
f 10826 10827 10828
f 10828 10827 10829
f 10828 10829 10830
f 10830 10829 10831
f 10830 10831 10832
f 10832 10831 10833
f 10832 10833 10834
f 10834 10833 10835
f 10834 10835 10836
f 10836 10835 10837
f 10836 10837 10838
f 10838 10837 10839
f 10838 10839 10840
f 10840 10839 10841
f 10840 10841 10842
f 10842 10841 10528
f 10842 10528 10526
f 10646 10765 10764
f 10764 10765 10768
f 10764 10768 10843
f 10843 10768 10770
f 10843 10770 10844
f 10844 10770 10772
f 10844 10772 10845
f 10845 10772 10774
f 10845 10774 10846
f 10846 10774 10776
f 10846 10776 10847
f 10847 10776 10778
f 10847 10778 10848
f 10848 10778 10780
f 10848 10780 10849
f 10849 10780 10782
f 10849 10782 10850
f 10850 10782 10784
f 10850 10784 10851
f 10851 10784 10786
f 10851 10786 10852
f 10852 10786 10788
f 10852 10788 10853
f 10853 10788 10790
f 10853 10790 10854
f 10854 10790 10792
f 10854 10792 10855
f 10855 10792 10794
f 10855 10794 10856
f 10856 10794 10796
f 10856 10796 10857
f 10857 10796 10798
f 10857 10798 10858
f 10858 10798 10800
f 10858 10800 10859
f 10859 10800 10802
f 10859 10802 10860
f 10860 10802 10804
f 10860 10804 10861
f 10861 10804 10806
f 10861 10806 10862
f 10862 10806 10808
f 10862 10808 10863
f 10863 10808 10810
f 10863 10810 10864
f 10864 10810 10812
f 10864 10812 10865
f 10865 10812 10814
f 10865 10814 10866
f 10866 10814 10816
f 10866 10816 10867
f 10867 10816 10818
f 10867 10818 10868
f 10868 10818 10820
f 10868 10820 10869
f 10869 10820 10822
f 10869 10822 10870
f 10870 10822 10824
f 10870 10824 10871
f 10871 10824 10826
f 10871 10826 10872
f 10872 10826 10828
f 10872 10828 10873
f 10873 10828 10830
f 10873 10830 10874
f 10874 10830 10832
f 10874 10832 10875
f 10875 10832 10834
f 10875 10834 10876
f 10876 10834 10836
f 10876 10836 10877
f 10877 10836 10838
f 10877 10838 10878
f 10878 10838 10840
f 10878 10840 10879
f 10879 10840 10842
f 10879 10842 10880
f 10880 10842 10526
f 10880 10526 10524
f 10686 10764 10713
f 10713 10764 10843
f 10713 10843 10698
f 10698 10843 10844
f 10698 10844 10699
f 10699 10844 10845
f 10699 10845 10728
f 10728 10845 10846
f 10728 10846 10729
f 10729 10846 10847
f 10729 10847 10730
f 10730 10847 10848
f 10730 10848 10726
f 10726 10848 10849
f 10726 10849 10727
f 10727 10849 10850
f 10727 10850 10724
f 10724 10850 10851
f 10724 10851 10746
f 10746 10851 10852
f 10746 10852 10747
f 10747 10852 10853
f 10747 10853 10748
f 10748 10853 10854
f 10748 10854 10744
f 10744 10854 10855
f 10744 10855 10745
f 10745 10855 10856
f 10745 10856 10711
f 10711 10856 10857
f 10711 10857 10761
f 10761 10857 10858
f 10761 10858 10762
f 10762 10858 10859
f 10762 10859 10763
f 10763 10859 10860
f 10763 10860 10760
f 10760 10860 10861
f 10760 10861 10758
f 10758 10861 10862
f 10758 10862 10754
f 10754 10862 10863
f 10754 10863 10752
f 10752 10863 10864
f 10752 10864 10742
f 10742 10864 10865
f 10742 10865 10740
f 10740 10865 10866
f 10740 10866 10720
f 10720 10866 10867
f 10720 10867 10721
f 10721 10867 10868
f 10721 10868 10749
f 10749 10868 10869
f 10749 10869 10750
f 10750 10869 10870
f 10750 10870 10755
f 10755 10870 10871
f 10755 10871 10756
f 10756 10871 10872
f 10756 10872 10757
f 10757 10872 10873
f 10757 10873 10707
f 10707 10873 10874
f 10707 10874 10708
f 10708 10874 10875
f 10708 10875 10705
f 10705 10875 10876
f 10705 10876 10736
f 10736 10876 10877
f 10736 10877 10737
f 10737 10877 10878
f 10737 10878 10738
f 10738 10878 10879
f 10738 10879 10734
f 10734 10879 10880
f 10734 10880 10735
f 10735 10880 10524
f 10735 10524 10523
f 10881 10528 10841
f 10881 10841 10882
f 10841 10839 10882
f 10882 10839 10837
f 10882 10837 10883
f 10837 10835 10883
f 10883 10835 10833
f 10883 10833 10884
f 10833 10831 10884
f 10884 10831 10829
f 10884 10829 10885
f 10829 10827 10885
f 10885 10827 10825
f 10885 10825 10886
f 10825 10823 10886
f 10886 10823 10821
f 10886 10821 10887
f 10821 10819 10887
f 10887 10819 10817
f 10887 10817 10888
f 10817 10815 10888
f 10888 10815 10813
f 10888 10813 10889
f 10813 10811 10889
f 10889 10811 10809
f 10889 10809 10890
f 10809 10807 10890
f 10890 10807 10805
f 10890 10805 10891
f 10805 10803 10891
f 10891 10803 10801
f 10891 10801 10892
f 10801 10799 10892
f 10892 10799 10797
f 10892 10797 10893
f 10797 10795 10893
f 10893 10795 10793
f 10893 10793 10894
f 10793 10791 10894
f 10894 10791 10789
f 10894 10789 10895
f 10789 10787 10895
f 10895 10787 10785
f 10895 10785 10896
f 10785 10783 10896
f 10896 10783 10781
f 10896 10781 10897
f 10781 10779 10897
f 10897 10779 10777
f 10897 10777 10898
f 10777 10775 10898
f 10898 10775 10773
f 10898 10773 10899
f 10773 10771 10899
f 10899 10771 10769
f 10899 10769 10900
f 10606 10901 10766
f 10766 10901 10900
f 10766 10900 10767
f 10767 10900 10769
f 10901 10606 10604
f 10901 10604 10902
f 10604 10602 10902
f 10902 10602 10600
f 10902 10600 10903
f 10600 10598 10903
f 10903 10598 10596
f 10903 10596 10904
f 10596 10594 10904
f 10904 10594 10592
f 10904 10592 10905
f 10592 10590 10905
f 10905 10590 10588
f 10905 10588 10906
f 10588 10586 10906
f 10906 10586 10584
f 10906 10584 10907
f 10584 10582 10907
f 10907 10582 10580
f 10907 10580 10908
f 10580 10578 10908
f 10908 10578 10576
f 10908 10576 10909
f 10576 10574 10909
f 10909 10574 10572
f 10909 10572 10910
f 10572 10570 10910
f 10910 10570 10568
f 10910 10568 10911
f 10568 10566 10911
f 10911 10566 10564
f 10911 10564 10912
f 10564 10562 10912
f 10912 10562 10560
f 10912 10560 10913
f 10560 10558 10913
f 10913 10558 10556
f 10913 10556 10914
f 10556 10554 10914
f 10914 10554 10552
f 10914 10552 10915
f 10552 10550 10915
f 10915 10550 10548
f 10915 10548 10916
f 10548 10546 10916
f 10916 10546 10544
f 10916 10544 10917
f 10544 10542 10917
f 10917 10542 10540
f 10917 10540 10918
f 10540 10538 10918
f 10918 10538 10536
f 10918 10536 10919
f 10536 10534 10919
f 10919 10534 10532
f 10919 10532 10920
f 10528 10881 10529
f 10529 10881 10920
f 10529 10920 10530
f 10530 10920 10532
f 10921 10916 10922
f 10922 10916 10917
f 10922 10917 10923
f 10923 10917 10918
f 10923 10918 10924
f 10924 10918 10919
f 10924 10919 10925
f 10925 10919 10920
f 10925 10920 10926
f 10926 10920 10881
f 10926 10881 10927
f 10927 10881 10882
f 10927 10882 10928
f 10928 10882 10883
f 10928 10883 10929
f 10929 10883 10884
f 10929 10884 10930
f 10884 10885 10930
f 10930 10885 10886
f 10930 10886 10931
f 10931 10886 10887
f 10931 10887 10932
f 10932 10887 10888
f 10932 10888 10933
f 10933 10888 10889
f 10933 10889 10934
f 10934 10889 10890
f 10934 10890 10935
f 10935 10890 10891
f 10935 10891 10936
f 10936 10891 10892
f 10936 10892 10937
f 10937 10892 10893
f 10937 10893 10938
f 10938 10893 10894
f 10938 10894 10939
f 10940 10906 10941
f 10941 10906 10907
f 10941 10907 10942
f 10942 10907 10908
f 10942 10908 10943
f 10943 10908 10909
f 10943 10909 10944
f 10944 10909 10910
f 10944 10910 10945
f 10945 10910 10911
f 10945 10911 10946
f 10946 10911 10912
f 10946 10912 10947
f 10947 10912 10913
f 10947 10913 10948
f 10948 10913 10914
f 10948 10914 10921
f 10921 10914 10915
f 10921 10915 10916
f 10894 10895 10939
f 10939 10895 10896
f 10939 10896 10949
f 10949 10896 10897
f 10949 10897 10950
f 10950 10897 10898
f 10950 10898 10951
f 10951 10898 10899
f 10951 10899 10952
f 10952 10899 10900
f 10952 10900 10953
f 10953 10900 10901
f 10953 10901 10954
f 10954 10901 10902
f 10954 10902 10955
f 10955 10902 10903
f 10955 10903 10956
f 10956 10903 10904
f 10956 10904 10940
f 10940 10904 10905
f 10940 10905 10906
f 10957 10958 10926
f 10926 10958 10925
f 10958 10959 10925
f 10925 10959 10960
f 10925 10960 10924
f 10960 10961 10924
f 10924 10961 10962
f 10924 10962 10923
f 10962 10963 10923
f 10923 10963 10964
f 10923 10964 10922
f 10964 10965 10922
f 10922 10965 10966
f 10922 10966 10921
f 10966 10967 10921
f 10921 10967 10968
f 10921 10968 10948
f 10968 10969 10948
f 10948 10969 10970
f 10948 10970 10947
f 10970 10971 10947
f 10947 10971 10972
f 10947 10972 10946
f 10972 10973 10946
f 10946 10973 10974
f 10946 10974 10945
f 10974 10975 10945
f 10945 10975 10976
f 10945 10976 10944
f 10976 10977 10944
f 10944 10977 10978
f 10944 10978 10943
f 10978 10979 10943
f 10943 10979 10980
f 10943 10980 10942
f 10980 10981 10942
f 10942 10981 10982
f 10942 10982 10941
f 10982 10983 10941
f 10941 10983 10984
f 10941 10984 10940
f 10984 10985 10940
f 10940 10985 10986
f 10940 10986 10956
f 10986 10987 10956
f 10956 10987 10988
f 10956 10988 10955
f 10988 10989 10955
f 10955 10989 10990
f 10955 10990 10954
f 10991 10953 10992
f 10992 10953 10954
f 10992 10954 10993
f 10993 10954 10990
f 10953 10991 10994
f 10953 10994 10952
f 10994 10995 10952
f 10952 10995 10996
f 10952 10996 10951
f 10996 10997 10951
f 10951 10997 10998
f 10951 10998 10950
f 10998 10999 10950
f 10950 10999 11000
f 10950 11000 10949
f 11000 11001 10949
f 10949 11001 11002
f 10949 11002 10939
f 11002 11003 10939
f 10939 11003 11004
f 10939 11004 10938
f 11004 11005 10938
f 10938 11005 11006
f 10938 11006 10937
f 11006 11007 10937
f 10937 11007 11008
f 10937 11008 10936
f 11008 11009 10936
f 10936 11009 11010
f 10936 11010 10935
f 11010 11011 10935
f 10935 11011 11012
f 10935 11012 10934
f 11012 11013 10934
f 10934 11013 11014
f 10934 11014 10933
f 11014 11015 10933
f 10933 11015 11016
f 10933 11016 10932
f 11016 11017 10932
f 10932 11017 11018
f 10932 11018 10931
f 11018 11019 10931
f 10931 11019 11020
f 10931 11020 10930
f 11020 11021 10930
f 10930 11021 11022
f 10930 11022 10929
f 11022 11023 10929
f 10929 11023 11024
f 10929 11024 10928
f 11024 11025 10928
f 10928 11025 11026
f 10928 11026 10927
f 10957 10926 11027
f 11027 10926 10927
f 11027 10927 11028
f 11028 10927 11026
f 10991 11029 11030
f 11029 11031 11032
f 11031 11033 11034
f 11031 11034 11032
f 11032 11034 11035
f 11032 11035 11036
f 11036 11035 11037
f 11036 11037 11038
f 11038 11037 11039
f 11038 11039 11040
f 11040 11039 11041
f 11040 11041 11042
f 11042 11041 11043
f 11042 11043 11044
f 11044 11043 11045
f 11044 11045 11046
f 11046 11045 11047
f 11046 11047 11048
f 11048 11047 11049
f 11048 11049 11050
f 11050 11049 11051
f 11050 11051 11052
f 11052 11051 11053
f 11052 11053 11054
f 11054 11053 11055
f 11054 11055 11056
f 11056 11055 11057
f 11056 11057 11058
f 11058 11057 11059
f 11058 11059 11060
f 11060 11059 11061
f 11060 11061 11062
f 11062 11061 11063
f 11062 11063 11064
f 11064 11063 11065
f 11064 11065 11066
f 11066 11065 11067
f 11066 11067 11068
f 11068 11067 11069
f 11068 11069 11070
f 11070 11069 11071
f 11070 11071 11072
f 11072 11071 11073
f 11072 11073 11074
f 11074 11073 11075
f 11074 11075 11076
f 11076 11075 11077
f 11076 11077 11078
f 11078 11077 11079
f 11078 11079 11080
f 11080 11079 11081
f 11080 11081 11082
f 11082 11081 11083
f 11082 11083 11084
f 11084 11083 11085
f 11084 11085 11086
f 11086 11085 11087
f 11086 11087 11088
f 11088 11087 11089
f 11088 11089 11090
f 11090 11089 11091
f 11090 11091 11092
f 11092 11091 11093
f 11092 11093 11094
f 11094 11093 11095
f 11094 11095 11096
f 11096 11095 11097
f 11096 11097 11098
f 11098 11097 11099
f 11098 11099 11100
f 11100 11099 11101
f 11100 11101 11102
f 11102 11101 11103
f 11102 11103 11104
f 11029 11032 11030
f 11030 11032 11036
f 11030 11036 11105
f 11105 11036 11038
f 11105 11038 11106
f 11106 11038 11040
f 11106 11040 11107
f 11107 11040 11042
f 11107 11042 11108
f 11108 11042 11044
f 11108 11044 11109
f 11109 11044 11046
f 11109 11046 11110
f 11110 11046 11048
f 11110 11048 11111
f 11111 11048 11050
f 11111 11050 11112
f 11112 11050 11052
f 11112 11052 11113
f 11113 11052 11054
f 11113 11054 11114
f 11114 11054 11056
f 11114 11056 11115
f 11115 11056 11058
f 11115 11058 11116
f 11116 11058 11060
f 11116 11060 11117
f 11117 11060 11062
f 11117 11062 11118
f 11118 11062 11064
f 11118 11064 11119
f 11119 11064 11066
f 11119 11066 11120
f 11120 11066 11068
f 11120 11068 11121
f 11121 11068 11070
f 11121 11070 11122
f 11122 11070 11072
f 11122 11072 11123
f 11123 11072 11074
f 11123 11074 11124
f 11124 11074 11076
f 11124 11076 11125
f 11125 11076 11078
f 11125 11078 11126
f 11126 11078 11080
f 11126 11080 11127
f 11127 11080 11082
f 11127 11082 11128
f 11128 11082 11084
f 11128 11084 11129
f 11129 11084 11086
f 11129 11086 11130
f 11130 11086 11088
f 11130 11088 11131
f 11131 11088 11090
f 11131 11090 11132
f 11132 11090 11092
f 11132 11092 11133
f 11133 11092 11094
f 11133 11094 11134
f 11134 11094 11096
f 11134 11096 11135
f 11135 11096 11098
f 11135 11098 11136
f 11136 11098 11100
f 11136 11100 11137
f 11137 11100 11102
f 11137 11102 11138
f 11138 11102 11104
f 11138 11104 11139
f 10991 11030 10994
f 10994 11030 11105
f 10994 11105 10995
f 10995 11105 11106
f 10995 11106 10996
f 10996 11106 11107
f 10996 11107 10997
f 10997 11107 11108
f 10997 11108 10998
f 10998 11108 11109
f 10998 11109 10999
f 10999 11109 11110
f 10999 11110 11000
f 11000 11110 11111
f 11000 11111 11001
f 11001 11111 11112
f 11001 11112 11002
f 11002 11112 11113
f 11002 11113 11003
f 11003 11113 11114
f 11003 11114 11004
f 11004 11114 11115
f 11004 11115 11005
f 11005 11115 11116
f 11005 11116 11006
f 11006 11116 11117
f 11006 11117 11007
f 11007 11117 11118
f 11007 11118 11008
f 11008 11118 11119
f 11008 11119 11009
f 11009 11119 11120
f 11009 11120 11010
f 11010 11120 11121
f 11010 11121 11011
f 11011 11121 11122
f 11011 11122 11012
f 11012 11122 11123
f 11012 11123 11013
f 11013 11123 11124
f 11013 11124 11014
f 11014 11124 11125
f 11014 11125 11015
f 11015 11125 11126
f 11015 11126 11016
f 11016 11126 11127
f 11016 11127 11017
f 11017 11127 11128
f 11017 11128 11018
f 11018 11128 11129
f 11018 11129 11019
f 11019 11129 11130
f 11019 11130 11020
f 11020 11130 11131
f 11020 11131 11021
f 11021 11131 11132
f 11021 11132 11022
f 11022 11132 11133
f 11022 11133 11023
f 11023 11133 11134
f 11023 11134 11024
f 11024 11134 11135
f 11024 11135 11025
f 11025 11135 11136
f 11025 11136 11026
f 11026 11136 11137
f 11026 11137 11028
f 11028 11137 11138
f 11028 11138 11027
f 11027 11138 11139
f 11027 11139 10957
f 10957 11139 11140
f 11139 11104 11141
f 11104 11103 11142
f 11104 11142 11141
f 11141 11142 11143
f 11141 11143 11144
f 11144 11143 11145
f 11144 11145 11146
f 11146 11145 11147
f 11146 11147 11148
f 11148 11147 11149
f 11148 11149 11150
f 11150 11149 11151
f 11150 11151 11152
f 11152 11151 11153
f 11152 11153 11154
f 11154 11153 11155
f 11154 11155 11156
f 11156 11155 11157
f 11156 11157 11158
f 11158 11157 11159
f 11158 11159 11160
f 11160 11159 11161
f 11160 11161 11162
f 11162 11161 11163
f 11162 11163 11164
f 11164 11163 11165
f 11164 11165 11166
f 11166 11165 11167
f 11166 11167 11168
f 11168 11167 11169
f 11168 11169 11170
f 11170 11169 11171
f 11170 11171 11172
f 11172 11171 11173
f 11172 11173 11174
f 11174 11173 11175
f 11174 11175 11176
f 11176 11175 11177
f 11176 11177 11178
f 11178 11177 11179
f 11178 11179 11180
f 11180 11179 11181
f 11180 11181 11182
f 11182 11181 11183
f 11182 11183 11184
f 11184 11183 11185
f 11184 11185 11186
f 11186 11185 11187
f 11186 11187 11188
f 11188 11187 11189
f 11188 11189 11190
f 11190 11189 11191
f 11190 11191 11192
f 11192 11191 11193
f 11192 11193 11194
f 11194 11193 11195
f 11194 11195 11196
f 11196 11195 11197
f 11196 11197 11198
f 11198 11197 11199
f 11198 11199 11200
f 11200 11199 11201
f 11200 11201 11202
f 11202 11201 11203
f 11202 11203 11204
f 11204 11203 11205
f 11204 11205 11206
f 11206 11205 11207
f 11206 11207 11208
f 11208 11207 11209
f 11208 11209 11210
f 11210 11209 11033
f 11210 11033 11031
f 11139 11141 11140
f 11140 11141 11144
f 11140 11144 11211
f 11211 11144 11146
f 11211 11146 11212
f 11212 11146 11148
f 11212 11148 11213
f 11213 11148 11150
f 11213 11150 11214
f 11214 11150 11152
f 11214 11152 11215
f 11215 11152 11154
f 11215 11154 11216
f 11216 11154 11156
f 11216 11156 11217
f 11217 11156 11158
f 11217 11158 11218
f 11218 11158 11160
f 11218 11160 11219
f 11219 11160 11162
f 11219 11162 11220
f 11220 11162 11164
f 11220 11164 11221
f 11221 11164 11166
f 11221 11166 11222
f 11222 11166 11168
f 11222 11168 11223
f 11223 11168 11170
f 11223 11170 11224
f 11224 11170 11172
f 11224 11172 11225
f 11225 11172 11174
f 11225 11174 11226
f 11226 11174 11176
f 11226 11176 11227
f 11227 11176 11178
f 11227 11178 11228
f 11228 11178 11180
f 11228 11180 11229
f 11229 11180 11182
f 11229 11182 11230
f 11230 11182 11184
f 11230 11184 11231
f 11231 11184 11186
f 11231 11186 11232
f 11232 11186 11188
f 11232 11188 11233
f 11233 11188 11190
f 11233 11190 11234
f 11234 11190 11192
f 11234 11192 11235
f 11235 11192 11194
f 11235 11194 11236
f 11236 11194 11196
f 11236 11196 11237
f 11237 11196 11198
f 11237 11198 11238
f 11238 11198 11200
f 11238 11200 11239
f 11239 11200 11202
f 11239 11202 11240
f 11240 11202 11204
f 11240 11204 11241
f 11241 11204 11206
f 11241 11206 11242
f 11242 11206 11208
f 11242 11208 11243
f 11243 11208 11210
f 11243 11210 11244
f 11244 11210 11031
f 11244 11031 11029
f 10957 11140 10958
f 10958 11140 11211
f 10958 11211 10959
f 10959 11211 11212
f 10959 11212 10960
f 10960 11212 11213
f 10960 11213 10961
f 10961 11213 11214
f 10961 11214 10962
f 10962 11214 11215
f 10962 11215 10963
f 10963 11215 11216
f 10963 11216 10964
f 10964 11216 11217
f 10964 11217 10965
f 10965 11217 11218
f 10965 11218 10966
f 10966 11218 11219
f 10966 11219 10967
f 10967 11219 11220
f 10967 11220 10968
f 10968 11220 11221
f 10968 11221 10969
f 10969 11221 11222
f 10969 11222 10970
f 10970 11222 11223
f 10970 11223 10971
f 10971 11223 11224
f 10971 11224 10972
f 10972 11224 11225
f 10972 11225 10973
f 10973 11225 11226
f 10973 11226 10974
f 10974 11226 11227
f 10974 11227 10975
f 10975 11227 11228
f 10975 11228 10976
f 10976 11228 11229
f 10976 11229 10977
f 10977 11229 11230
f 10977 11230 10978
f 10978 11230 11231
f 10978 11231 10979
f 10979 11231 11232
f 10979 11232 10980
f 10980 11232 11233
f 10980 11233 10981
f 10981 11233 11234
f 10981 11234 10982
f 10982 11234 11235
f 10982 11235 10983
f 10983 11235 11236
f 10983 11236 10984
f 10984 11236 11237
f 10984 11237 10985
f 10985 11237 11238
f 10985 11238 10986
f 10986 11238 11239
f 10986 11239 10987
f 10987 11239 11240
f 10987 11240 10988
f 10988 11240 11241
f 10988 11241 10989
f 10989 11241 11242
f 10989 11242 10990
f 10990 11242 11243
f 10990 11243 10993
f 10993 11243 11244
f 10993 11244 10992
f 10992 11244 11029
f 10992 11029 10991
f 11097 11245 11246
f 11034 11247 11248
f 11145 11249 11250
f 11145 11143 11249
f 11249 11143 11142
f 11249 11142 11251
f 11085 11252 11253
f 11073 11254 11255
f 11142 11103 11251
f 11251 11103 11101
f 11251 11101 11246
f 11246 11101 11099
f 11246 11099 11097
f 11097 11095 11245
f 11245 11095 11093
f 11245 11093 11256
f 11205 11257 11258
f 11157 11259 11260
f 11261 11149 11250
f 11250 11149 11147
f 11250 11147 11145
f 11073 11071 11254
f 11254 11071 11069
f 11254 11069 11262
f 11045 11263 11264
f 11197 11265 11266
f 11157 11155 11259
f 11259 11155 11153
f 11259 11153 11261
f 11261 11153 11151
f 11261 11151 11149
f 11093 11091 11256
f 11256 11091 11089
f 11256 11089 11253
f 11253 11089 11087
f 11253 11087 11085
f 11085 11083 11252
f 11252 11083 11081
f 11252 11081 11267
f 11081 11079 11267
f 11267 11079 11077
f 11267 11077 11255
f 11255 11077 11075
f 11255 11075 11073
f 11061 11268 11269
f 11053 11270 11271
f 11045 11043 11263
f 11263 11043 11041
f 11263 11041 11272
f 11041 11039 11272
f 11272 11039 11037
f 11272 11037 11248
f 11248 11037 11035
f 11248 11035 11034
f 11069 11067 11262
f 11262 11067 11065
f 11262 11065 11269
f 11269 11065 11063
f 11269 11063 11061
f 11034 11033 11247
f 11247 11033 11209
f 11247 11209 11258
f 11258 11209 11207
f 11258 11207 11205
f 11061 11059 11268
f 11268 11059 11057
f 11268 11057 11271
f 11271 11057 11055
f 11271 11055 11053
f 11205 11203 11257
f 11257 11203 11201
f 11257 11201 11266
f 11266 11201 11199
f 11266 11199 11197
f 11273 11274 11169
f 11053 11051 11270
f 11270 11051 11049
f 11270 11049 11264
f 11264 11049 11047
f 11264 11047 11045
f 11189 11275 11276
f 11277 11278 11177
f 11169 11167 11273
f 11273 11167 11165
f 11273 11165 11279
f 11165 11163 11279
f 11279 11163 11161
f 11279 11161 11260
f 11260 11161 11159
f 11260 11159 11157
f 11177 11175 11277
f 11277 11175 11173
f 11277 11173 11274
f 11274 11173 11171
f 11274 11171 11169
f 11197 11195 11265
f 11265 11195 11193
f 11265 11193 11276
f 11276 11193 11191
f 11276 11191 11189
f 11189 11187 11275
f 11275 11187 11185
f 11275 11185 11280
f 11185 11183 11280
f 11280 11183 11181
f 11280 11181 11278
f 11278 11181 11179
f 11278 11179 11177
f 11281 11247 11258
f 11281 11258 11282
f 11282 11258 11257
f 11282 11257 11283
f 11283 11257 11266
f 11283 11266 11284
f 11284 11266 11265
f 11284 11265 11285
f 11285 11265 11276
f 11285 11276 11286
f 11286 11276 11275
f 11286 11275 11287
f 11287 11275 11280
f 11287 11280 11288
f 11288 11280 11278
f 11288 11278 11289
f 11289 11278 11277
f 11289 11277 11290
f 11290 11277 11274
f 11290 11274 11291
f 11291 11274 11273
f 11291 11273 11292
f 11292 11273 11279
f 11292 11279 11293
f 11293 11279 11260
f 11293 11260 11294
f 11294 11260 11259
f 11294 11259 11295
f 11295 11259 11261
f 11295 11261 11296
f 11296 11261 11250
f 11296 11250 11297
f 11297 11250 11249
f 11297 11249 11298
f 11298 11249 11251
f 11298 11251 11299
f 11300 11301 11302
f 11302 11301 11303
f 11302 11303 11304
f 11304 11303 11305
f 11304 11305 11306
f 11306 11305 11307
f 11306 11307 11308
f 11308 11307 11309
f 11308 11309 11310
f 11310 11309 11311
f 11310 11311 11312
f 11312 11311 11313
f 11312 11313 11314
f 11314 11313 11315
f 11314 11315 11316
f 11316 11315 11317
f 11316 11317 11299
f 11299 11317 11318
f 11299 11318 11298
f 11298 11318 11319
f 11298 11319 11297
f 11297 11319 11320
f 11297 11320 11296
f 11296 11320 11321
f 11296 11321 11295
f 11295 11321 11322
f 11295 11322 11294
f 11294 11322 11323
f 11294 11323 11293
f 11293 11323 11324
f 11293 11324 11292
f 11292 11324 11325
f 11292 11325 11291
f 11291 11325 11326
f 11291 11326 11290
f 11326 11327 11290
f 11290 11327 11328
f 11290 11328 11289
f 11289 11328 11329
f 11289 11329 11288
f 11288 11329 11330
f 11288 11330 11287
f 11287 11330 11331
f 11287 11331 11286
f 11286 11331 11332
f 11286 11332 11285
f 11285 11332 11333
f 11285 11333 11284
f 11284 11333 11334
f 11284 11334 11283
f 11283 11334 11335
f 11283 11335 11282
f 11282 11335 11336
f 11282 11336 11281
f 11281 11336 11337
f 11281 11337 11338
f 11338 11337 11339
f 11338 11339 11340
f 11340 11339 11341
f 11340 11341 11342
f 11342 11341 11343
f 11342 11343 11344
f 11344 11343 11345
f 11344 11345 11346
f 11346 11345 11347
f 11346 11347 11348
f 11348 11347 11349
f 11348 11349 11350
f 11350 11349 11351
f 11350 11351 11352
f 11352 11351 11353
f 11352 11353 11300
f 11300 11353 11354
f 11300 11354 11301
f 11318 10691 11319
f 11319 10691 10687
f 11319 10687 11320
f 11320 10687 10690
f 11320 10690 11321
f 11321 10690 10696
f 11321 10696 11322
f 11322 10696 10695
f 11322 10695 11323
f 11323 10695 10689
f 11323 10689 11324
f 11324 10689 10688
f 11324 10688 11325
f 11325 10688 10702
f 11325 10702 11326
f 11326 10702 10718
f 11326 10718 11327
f 11327 10718 10717
f 11327 10717 11328
f 11328 10717 10732
f 11328 10732 11329
f 11329 10732 10731
f 11329 10731 11330
f 11330 10731 10716
f 11330 10716 11331
f 11331 10716 10694
f 11331 10694 11332
f 11332 10694 10701
f 11332 10701 11333
f 11333 10701 10700
f 11333 10700 11334
f 11334 10700 10693
f 11334 10693 11335
f 11335 10693 10692
f 11335 10692 11336
f 11336 10692 10715
f 11336 10715 11337
f 11337 10715 10714
f 11337 10714 11339
f 11339 10714 10697
f 11339 10697 11341
f 11341 10697 10712
f 11341 10712 11343
f 11343 10712 10725
f 11343 10725 11345
f 11345 10725 10723
f 11345 10723 11347
f 11347 10723 10722
f 11347 10722 11349
f 11349 10722 10743
f 11349 10743 11351
f 11351 10743 10710
f 11351 10710 11353
f 11353 10710 10709
f 11353 10709 11354
f 11354 10709 10759
f 11354 10759 11301
f 11301 10759 10753
f 11301 10753 11303
f 11303 10753 10741
f 11303 10741 11305
f 11305 10741 10719
f 11305 10719 11307
f 11307 10719 10739
f 11307 10739 11309
f 11309 10739 10751
f 11309 10751 11311
f 11311 10751 10706
f 11311 10706 11313
f 11313 10706 10704
f 11313 10704 11315
f 11315 10704 10703
f 11315 10703 11317
f 11317 10703 10733
f 11317 10733 11318
f 11318 10733 10691
f 11299 11251 11246
f 11299 11246 11316
f 11316 11246 11245
f 11316 11245 11314
f 11314 11245 11256
f 11314 11256 11312
f 11312 11256 11253
f 11312 11253 11310
f 11310 11253 11252
f 11310 11252 11308
f 11308 11252 11267
f 11308 11267 11306
f 11306 11267 11255
f 11306 11255 11304
f 11304 11255 11254
f 11304 11254 11302
f 11302 11254 11262
f 11302 11262 11300
f 11300 11262 11269
f 11300 11269 11352
f 11352 11269 11268
f 11352 11268 11350
f 11350 11268 11271
f 11350 11271 11348
f 11348 11271 11270
f 11348 11270 11346
f 11346 11270 11264
f 11346 11264 11344
f 11344 11264 11263
f 11344 11263 11342
f 11342 11263 11272
f 11342 11272 11340
f 11340 11272 11248
f 11340 11248 11338
f 11338 11248 11247
f 11338 11247 11281
